# https://github.com/mikedh/trimesh
v 0.05967744 0.27652222 -0.00925986
v 0.06376307 0.27554286 -0.00816431
v 0.06441788 0.27704459 -0.00808083
v 0.06013482 0.27786765 -0.00902383
v 0.07220002 0.27758515 -0.01860194
v 0.07216873 0.28114021 -0.01491920
v 0.07171560 0.28394809 -0.01481619
v 0.07152483 0.28371191 -0.01769037
v 0.02645249 0.23807262 -0.07061726
v 0.01217509 0.23746116 -0.07536712
v 0.01208571 0.22803766 -0.07241719
v 0.02537029 0.22595596 -0.06742993
v 0.04252017 0.20324670 -0.04771809
v 0.03809072 0.21071149 -0.05284303
v 0.03625476 0.20001864 -0.05716426
v 0.04508973 0.19566943 -0.04683311
v 0.03832810 0.33844152 0.07680827
v 0.04564312 0.33681765 0.07139686
v 0.04434945 0.33068469 0.07504099
v -0.05954745 0.27622557 -0.00933727
v -0.06364363 0.27525404 -0.00838187
v -0.06424595 0.27670014 -0.00817436
v -0.05998934 0.27760279 -0.00903907
v -0.07206262 0.27723864 -0.01890743
v -0.07221156 0.28078020 -0.01526424
v -0.07180342 0.28354472 -0.01507980
v -0.07170625 0.28337309 -0.01795465
v 0.03738887 0.33157554 0.07940092
v 0.09131978 0.29947296 -0.03023959
v 0.09126671 0.29672787 -0.03138970
v 0.09155038 0.29521909 -0.02948747
v 0.09136428 0.29765263 -0.02852991
v 0.08735248 0.28072163 -0.02820864
v 0.08730372 0.28824675 -0.02995458
v 0.08859327 0.29089400 -0.03079274
v 0.08873301 0.28871319 -0.02988304
v 0.08725754 0.27026346 -0.02466601
v 0.08623735 0.27092069 -0.02424255
v 0.08779318 0.27546552 -0.02628804
v 0.08884542 0.27513391 -0.02698796
v 0.07247239 0.25161493 -0.00124674
v 0.07523058 0.25372639 -0.00323047
v 0.07569483 0.25131035 -0.00438071
v 0.07111321 0.24996001 -0.00277920
v 0.06810799 0.25124091 -0.00373808
v 0.07260225 0.25034672 -0.00792746
v 0.07207968 0.25336093 -0.00886479
v 0.06855568 0.25366169 -0.00546970
v 0.08630487 0.30974853 -0.01584352
v 0.08664909 0.30642137 -0.01527968
v 0.08494968 0.30558860 -0.01290041
v 0.08450724 0.30902809 -0.01308481
v 0.07219525 0.27640963 -0.02394867
v 0.07067788 0.27001789 -0.02169236
v 0.07705368 0.27446061 -0.02514303
v 0.07736699 0.27724442 -0.02559766
v 0.08450923 0.29906514 -0.02307472
v 0.08546619 0.29981160 -0.02655604
v 0.08591826 0.29760361 -0.02764025
v 0.08481694 0.29615572 -0.02495167
v 0.08776460 0.30120102 -0.03133931
v 0.08787198 0.29812521 -0.03262313
v 0.07067530 0.26050460 0.00025297
v 0.06977113 0.26413947 0.00100608
v 0.07026125 0.26566842 -0.00034343
v 0.07063669 0.26456943 -0.00170720
v 0.07102879 0.27742282 -0.01517527
v 0.07256293 0.28175136 -0.01348092
v 0.08332799 0.26000771 -0.01914394
v 0.08323845 0.26194119 -0.01831266
v 0.08536004 0.26586053 -0.02181314
v 0.08551033 0.26447695 -0.02293760
v 0.08016465 0.26455551 -0.01661140
v 0.08242548 0.26700547 -0.02017027
v 0.08352765 0.26755193 -0.02190234
v 0.08247132 0.26548877 -0.01978968
v 0.08741280 0.30221868 -0.02266777
v 0.08544581 0.30458230 -0.01803843
v 0.08645106 0.30410674 -0.01776038
v 0.08837982 0.30163831 -0.02247623
v 0.07939757 0.28934708 -0.02552891
v 0.07808195 0.29440752 -0.02381580
v 0.07705553 0.29377875 -0.02366462
v 0.07829873 0.28935972 -0.02526119
v 0.08777558 0.29868802 -0.02940491
v 0.08808938 0.29599354 -0.03037041
v 0.08638103 0.29490420 -0.02885474
v 0.07420615 0.29689217 -0.01168216
v 0.07495742 0.29780227 -0.01288132
v 0.07536948 0.29615933 -0.01335431
v 0.07492630 0.29491514 -0.01230825
v 0.07531913 0.25002268 -0.00773627
v 0.06893325 0.26109314 -0.01557734
v 0.07080366 0.26150516 -0.01727027
v 0.07359727 0.26552552 -0.02032043
v 0.07220346 0.26676115 -0.02055138
v 0.06821639 0.25316131 0.00067035
v 0.07119074 0.25343883 0.00079371
v 0.07195193 0.25223297 -0.00031579
v 0.06894098 0.25152561 -0.00070276
v 0.07738470 0.30132145 -0.01316881
v 0.07977567 0.30065545 -0.01538640
v 0.07782722 0.29968190 -0.01465845
v 0.07625379 0.30005395 -0.01289020
v 0.08611739 0.28639054 -0.02822258
v 0.08512594 0.29324526 -0.02652725
v 0.08550911 0.27723956 -0.02250915
v 0.08555935 0.27727914 -0.02546588
v 0.08485817 0.27326265 -0.02391632
v -0.02698775 0.23828825 -0.07002529
v -0.01298888 0.23747389 -0.07508478
v -0.01270330 0.22837162 -0.07188226
v -0.02605437 0.22659670 -0.06670214
v 0.08489189 0.27328235 -0.02109328
v 0.08525914 0.28546169 -0.02271485
v 0.08561377 0.28534719 -0.02609561
v 0.08908059 0.29444140 -0.02819045
v 0.08916438 0.28823820 -0.02847661
v 0.08868246 0.29496861 -0.02908066
v 0.07589328 0.29780528 -0.02166124
v 0.07604534 0.30084285 -0.02574814
v 0.07535052 0.29404745 -0.02706291
v 0.07610870 0.29523909 -0.02286882
v 0.07090542 0.26961225 -0.00084474
v 0.07226433 0.27164420 -0.00219351
v 0.07111754 0.26933104 -0.00361098
v 0.07029340 0.26715684 -0.00308642
v 0.07428084 0.26354906 -0.01898130
v 0.07158499 0.26042667 -0.01645495
v 0.07211351 0.25995135 -0.01570895
v 0.07485892 0.26185170 -0.01743753
v 0.08230137 0.30179989 -0.01751409
v 0.08245657 0.29662579 -0.01818563
v 0.08065633 0.29663971 -0.01679374
v 0.07627814 0.26626936 -0.00851270
v 0.07695781 0.26754159 -0.01041980
v 0.07820534 0.26438749 -0.01208676
v 0.07754522 0.26241976 -0.01041299
v 0.07947893 0.25366592 -0.01313727
v 0.07713543 0.25331759 -0.01382901
v 0.07489303 0.25146192 -0.01054680
v 0.07741798 0.25131348 -0.01026887
v 0.07047529 0.26613489 -0.00230676
v 0.07047822 0.26705480 -0.00064352
v 0.08127038 0.28960568 -0.02759934
v 0.08030451 0.29570267 -0.02559365
v 0.08414378 0.29460073 -0.02265305
v 0.08450998 0.29207766 -0.02397351
v 0.07338272 0.28216669 -0.00677552
v 0.07088357 0.28269553 -0.00801776
v 0.07084045 0.28184167 -0.00799996
v 0.07398192 0.28050661 -0.00661885
v 0.07389455 0.28210554 -0.00536599
v 0.07439842 0.28045192 -0.00522775
v 0.07403211 0.28028509 -0.00402042
v 0.07369374 0.28121188 -0.00388677
v 0.06999168 0.28294575 -0.00852394
v 0.07030656 0.28264943 -0.00822666
v 0.07061138 0.28322557 -0.00853593
v 0.07451928 0.28581131 -0.02072288
v 0.07577258 0.27773178 -0.02213209
v 0.07381506 0.27750912 -0.02103109
v 0.07248156 0.28458500 -0.01947027
v 0.08630548 0.27831244 -0.02713732
v 0.08128867 0.30535632 -0.00878404
v 0.07967882 0.30754769 -0.00883248
v 0.08241115 0.31089187 -0.01325300
v 0.07126619 0.26856315 -0.01276966
v 0.07408781 0.26965898 -0.00991592
v 0.07267468 0.26943454 -0.00831984
v 0.07092843 0.26831529 -0.01098231
v 0.07052528 0.27342457 -0.00643375
v 0.06854870 0.27015117 -0.00556068
v 0.07271105 0.27188820 -0.00492219
v 0.07362882 0.28820810 -0.00535064
v 0.07213885 0.28435242 -0.00790672
v 0.07308032 0.28319260 -0.00650569
v 0.07352401 0.28359655 -0.00518160
v 0.08723745 0.26949078 -0.02597425
v 0.08870675 0.27465573 -0.02850801
v 0.08701955 0.27444088 -0.02999323
v 0.08568137 0.26893464 -0.02742562
v 0.06887005 0.25685966 0.00210092
v 0.06595746 0.25421253 -0.00088764
v 0.06825437 0.26010421 0.00264090
v 0.09049795 0.30633324 -0.02493900
v 0.08711901 0.30851582 -0.02540120
v 0.08749378 0.30637422 -0.02780546
v 0.09098706 0.30427733 -0.02716594
v 0.07070182 0.28940672 -0.01404965
v 0.07080469 0.28732389 -0.01353522
v 0.07110124 0.28879815 -0.01219902
v 0.07088449 0.29075500 -0.01247160
v 0.05092051 0.25208992 -0.05429947
v 0.05991950 0.25310025 -0.03558243
v 0.06415878 0.26584250 -0.04434382
v 0.05684913 0.26447180 -0.06022611
v 0.08044456 0.25653315 -0.01257419
v 0.07947239 0.25447515 -0.00995700
v 0.07494749 0.29591721 -0.00439932
v 0.07445828 0.29781273 -0.00308381
v 0.07552473 0.30323008 -0.00474782
v 0.07615393 0.29995731 -0.00473832
v 0.08839267 0.28994530 -0.03362584
v 0.09124681 0.28925255 -0.03204292
v 0.07683200 0.30182308 -0.01157769
v 0.08035935 0.30515146 -0.01480156
v 0.07826984 0.30273005 -0.01370260
v 0.07649512 0.30130348 -0.01186078
v 0.07622524 0.29335564 -0.00944727
v 0.07690111 0.29465967 -0.00910414
v 0.07509893 0.29555628 -0.00933523
v 0.07408129 0.29418385 -0.00948824
v 0.07419141 0.30257007 -0.00204001
v 0.07576986 0.30744746 -0.00554804
v 0.06696858 0.26090798 -0.01471967
v 0.07645225 0.29480341 -0.00679791
v 0.07737865 0.29735431 -0.00650793
v 0.07784470 0.29626828 -0.00886070
v -0.04482304 0.20400785 -0.04766109
v -0.03976993 0.21149611 -0.05291317
v -0.03887357 0.20072915 -0.05714544
v -0.04704119 0.19667429 -0.04659594
v 0.06910771 0.26513803 0.00303945
v 0.06991208 0.26674560 0.00093104
v 0.07578894 0.30038288 -0.01168454
v 0.07506965 0.29917619 -0.01161800
v 0.07356385 0.29536691 -0.01079638
v 0.07412593 0.29336613 -0.01220859
v 0.08065965 0.28670248 -0.01941112
v 0.08269183 0.27802137 -0.02061342
v 0.06709468 0.26744547 -0.03022092
v 0.06285122 0.25411096 -0.01527464
v 0.07392327 0.29591170 -0.00954912
v 0.07385703 0.29629031 -0.00978976
v 0.07306376 0.29536352 -0.01013987
v 0.07303207 0.29481080 -0.00979449
v 0.07827539 0.25283015 -0.00753997
v 0.07927938 0.29316217 -0.01694479
v 0.07621280 0.29131654 -0.01496458
v 0.07695492 0.29348344 -0.01419781
v 0.08894650 0.28004828 -0.02731607
v 0.09008259 0.28815320 -0.02833830
v 0.09154958 0.28853032 -0.02985228
v 0.09016699 0.27988923 -0.02859363
v 0.06661545 0.25263953 -0.00208480
v 0.07082309 0.28656113 -0.01442744
v 0.07209281 0.28488514 -0.01361343
v 0.07169722 0.29204577 -0.01273793
v 0.07196964 0.29369518 -0.01084491
v 0.07018176 0.26980454 0.00127784
v 0.08681196 0.30281144 -0.02666219
v 0.08736204 0.30089286 -0.02809699
v 0.08528443 0.30150324 -0.02523120
v 0.08494609 0.30275151 -0.02364257
v 0.08411711 0.30453950 -0.02058352
v 0.08419806 0.30601996 -0.02016832
v 0.08601651 0.30453143 -0.02466545
v 0.07504176 0.29224977 -0.01346051
v 0.07597436 0.29393965 -0.01304961
v 0.07571654 0.26506668 -0.00713842
v 0.07656191 0.25907186 -0.00776822
v 0.08372574 0.26989508 -0.02154339
v 0.08339654 0.27065024 -0.01875949
v 0.08424146 0.28027153 -0.03094566
v 0.08408196 0.28961039 -0.03180297
v 0.08263512 0.28945181 -0.02950865
v 0.08311384 0.28061622 -0.02944032
v 0.07729249 0.28313839 -0.02590171
v 0.07386454 0.28403842 -0.02554772
v 0.07327926 0.28228378 -0.00340163
v 0.07259826 0.28623354 -0.00157317
v 0.07123999 0.29139665 -0.01271694
v 0.07157332 0.29305911 -0.01093451
v 0.07844540 0.26611042 -0.02157250
v 0.07435270 0.25907776 -0.01398092
v 0.07849199 0.26404148 -0.01968657
v 0.07020750 0.25847542 -0.01185543
v 0.06985797 0.25757316 -0.00954258
v 0.07243590 0.25744510 -0.01120195
v 0.08022916 0.26657087 -0.01581641
v 0.08210211 0.26766720 -0.01852951
v 0.06955354 0.28270808 -0.00908866
v 0.06804732 0.28111523 -0.01028817
v 0.06858014 0.28246582 -0.00858337
v 0.08383486 0.28587827 -0.02067722
v 0.08479314 0.27769843 -0.02086129
v 0.07665414 0.29686543 -0.00948318
v 0.07470238 0.28689778 -0.00978697
v 0.07563827 0.29044548 -0.00794528
v 0.08018379 0.30017811 -0.00902064
v 0.07839479 0.29857460 -0.00968555
v 0.07769889 0.29769915 -0.00953997
v 0.07883416 0.29815510 -0.00872420
v 0.06261470 0.27295390 -0.00873959
v 0.06590331 0.27132675 -0.00715359
v 0.06753656 0.27448121 -0.00710495
v 0.08319634 0.30570120 -0.01849922
v 0.08359072 0.30366510 -0.01962337
v 0.08164600 0.29634297 -0.02745520
v 0.07581738 0.29805827 -0.01391571
v 0.07629938 0.29650259 -0.01480869
v 0.07794926 0.30936748 -0.02065081
v 0.07730596 0.30755726 -0.01714450
v 0.07735685 0.30785629 -0.01589419
v 0.07809496 0.31189480 -0.01624680
v 0.06905168 0.25502822 -0.00645954
v 0.07177415 0.25524837 -0.00912329
v 0.07155859 0.25640404 -0.00958964
v 0.06949918 0.25635949 -0.00768523
v 0.07201308 0.26908252 -0.00762305
v 0.07072825 0.26814935 -0.00995944
v 0.08497639 0.27099666 -0.02429885
v 0.08421972 0.27023098 -0.02324544
v 0.08543075 0.27413392 -0.02551977
v 0.08638086 0.27533343 -0.02643570
v 0.07167298 0.29019171 -0.01657137
v 0.07099394 0.28904092 -0.01614876
v 0.07752823 0.30172756 -0.01817868
v 0.07975480 0.30398130 -0.01967507
v 0.07872985 0.30689159 -0.01624793
v 0.07712147 0.30483088 -0.01594535
v 0.08310416 0.29707140 -0.02978251
v 0.07635033 0.29510748 -0.01438593
v 0.07701770 0.29528043 -0.01548916
v 0.07589554 0.29552302 -0.01387699
v 0.07338581 0.29327211 -0.00973686
v 0.07552370 0.29213482 -0.00999506
v 0.07951287 0.30031204 -0.01056439
v 0.08329474 0.30370572 -0.01373609
v 0.08225662 0.30383286 -0.01397849
v 0.07888386 0.30109438 -0.01085846
v 0.07430218 0.29785052 -0.01061701
v 0.01389532 0.24723701 -0.08234835
v 0.01612805 0.25576210 -0.08989401
v -0.03840055 0.33807305 0.07651267
v -0.04562687 0.33634356 0.07102354
v -0.04438330 0.33022586 0.07480450
v -0.03744700 0.33127752 0.07913242
v 0.07767915 0.30755797 -0.00876541
v 0.07851193 0.30913508 -0.01273724
v 0.07951714 0.31004557 -0.01313168
v 0.07821551 0.30835325 -0.00971397
v 0.08471780 0.30155298 -0.02306360
v 0.08848757 0.29756501 -0.02821992
v 0.07330352 0.28339326 -0.01192436
v 0.07006992 0.28044409 -0.01176840
v 0.05993262 0.27915868 -0.01053676
v 0.06030107 0.28038990 -0.01054587
v 0.06081211 0.27994913 -0.01178585
v 0.06043578 0.27862400 -0.01201465
v 0.06327958 0.27386710 -0.01228510
v 0.06607685 0.27288675 -0.01089680
v 0.06532761 0.27098674 -0.00944179
v 0.06260072 0.27173367 -0.01157687
v 0.05932577 0.27599713 -0.01092311
v 0.05963255 0.27762800 -0.01063078
v 0.06025280 0.27690631 -0.01221564
v 0.06004104 0.27503723 -0.01274419
v 0.08255430 0.30571005 -0.01634673
v 0.08442951 0.30556229 -0.01806511
v 0.08989275 0.29665849 -0.02706400
v 0.09001317 0.29439986 -0.02801564
v 0.08788461 0.30162299 -0.02539658
v 0.08824000 0.29975709 -0.02685414
v 0.07268691 0.27428612 -0.00216821
v 0.07370444 0.27441221 -0.00397778
v 0.07326603 0.27279353 -0.00387531
v 0.09103685 0.29982534 -0.02715129
v 0.09120946 0.30189171 -0.02879504
v 0.07137861 0.25709608 0.00076921
v 0.07034644 0.25562641 0.00162568
v 0.04278667 0.18459460 0.01590387
v 0.05206209 0.19024864 0.00415357
v 0.05111216 0.18000275 0.00381918
v 0.04200082 0.17458421 0.01498686
v 0.07983784 0.30284628 -0.00752326
v 0.07850537 0.30542979 -0.00734199
v 0.05943542 0.27435681 -0.00990881
v 0.05926004 0.27346867 -0.01141063
v 0.06208261 0.27192754 -0.01019510
v 0.06483041 0.27856803 -0.00823491
v 0.06059252 0.27924484 -0.00904215
v 0.06353679 0.27568251 -0.01224432
v 0.06445520 0.28082219 -0.01118407
v 0.06482800 0.28199267 -0.00971847
v 0.06768370 0.26775205 -0.00667732
v 0.06925163 0.26723436 -0.00874406
v 0.07080249 0.26728916 -0.00549940
v 0.05999585 0.27303165 -0.01261936
v 0.07169037 0.29122269 -0.01439693
v 0.06670113 0.27656287 -0.01170546
v 0.06951457 0.27401674 -0.01340218
v 0.06917129 0.27183247 -0.01247053
v 0.06642159 0.27457473 -0.01156233
v 0.07872237 0.26379281 -0.01379257
v 0.07889899 0.26565453 -0.01376070
v 0.07182273 0.26922464 -0.01487476
v 0.07530993 0.26957136 -0.01279324
v 0.07282221 0.28638250 -0.01260026
v 0.07430136 0.28958306 -0.01101439
v 0.07008526 0.28286433 -0.00923290
v 0.06725808 0.27875096 -0.01122618
v 0.06969890 0.27652851 -0.01314320
v 0.06506251 0.27992621 -0.00849552
v 0.06886129 0.27995062 -0.00772379
v 0.06861848 0.28107205 -0.00799181
v 0.06503380 0.28093889 -0.00880403
v 0.07887937 0.29658452 -0.01605510
v 0.07728274 0.30320016 -0.00589934
v 0.07864266 0.30016556 -0.00674736
v 0.07872473 0.31306335 -0.03312172
v 0.07675268 0.30488858 -0.03759546
v 0.07739390 0.30618802 -0.02442962
v 0.06373362 0.27754766 -0.01201805
v 0.06091500 0.28135020 -0.01036157
v 0.06144752 0.28089681 -0.00937625
v 0.08449308 0.26703870 -0.02166145
v 0.07160474 0.26691720 -0.00519194
v 0.07209796 0.29137424 -0.01045749
v 0.08375780 0.27499744 -0.02918008
v 0.08266950 0.26986387 -0.02686335
v 0.07144877 0.29258987 -0.01086527
v 0.07217557 0.29372549 -0.01029256
v 0.07011686 0.26755583 -0.00950820
v 0.07157892 0.26820865 -0.00664360
v 0.07243393 0.29412419 -0.01008365
v 0.07338618 0.27381441 -0.00532444
v 0.08404675 0.29622349 -0.02134337
v 0.07558514 0.25582787 -0.01425292
v 0.07370250 0.25444049 -0.01126216
v 0.06107759 0.28025591 -0.00909626
v 0.06463384 0.27120784 -0.00876592
v 0.06415231 0.27929193 -0.01172850
v 0.07159925 0.27765685 -0.00700079
v 0.07117517 0.27547568 -0.00655454
v 0.07372929 0.27609903 -0.00547883
v 0.07667720 0.27002582 -0.01460593
v 0.07253318 0.27092308 -0.01721840
v 0.07384570 0.27177227 -0.01942437
v 0.07849852 0.27075294 -0.01633933
v 0.08130177 0.26509944 -0.02416810
v 0.07961874 0.26085761 -0.02057031
v 0.08184549 0.25917184 -0.02042556
v 0.08405096 0.26362342 -0.02432336
v 0.07876816 0.32793844 -0.04223110
v 0.07986249 0.31905773 -0.02647561
v 0.08017348 0.33500013 -0.03101918
v 0.08240739 0.30535465 -0.02503847
v 0.08258098 0.30289599 -0.02671327
v 0.08764340 0.30383214 -0.02978428
v 0.07710650 0.31028676 -0.01066822
v 0.07736633 0.30778724 -0.01424164
v 0.07774368 0.30864289 -0.01235911
v 0.08774732 0.27995887 -0.03203458
v 0.07413631 0.29214528 -0.00460474
v 0.07591317 0.29259452 -0.00716846
v 0.07744579 0.26722088 -0.02253034
v 0.07903182 0.26898035 -0.01415114
v 0.08128718 0.26945379 -0.01624030
v 0.08809177 0.30627581 -0.01805715
v 0.08496705 0.30445445 -0.01559063
v 0.00918339 0.17394255 0.04296985
v 0.00863637 0.16659208 0.03859808
v 0.00807273 0.28208855 0.09746642
v 0.00953015 0.28190324 0.09599563
v 0.00828025 0.28378379 0.09488948
v 0.00762798 0.28380385 0.09562378
v 0.00856789 0.27294105 0.09632237
v 0.00791856 0.27448469 0.09515756
v 0.00889680 0.27418157 0.09419544
v 0.00977319 0.27289206 0.09540246
v 0.00521500 0.28344378 0.09480273
v 0.00374616 0.28087950 0.09749290
v 0.00531398 0.28182054 0.09890772
v 0.00631923 0.28398892 0.09553133
v 0.08804891 0.30951309 -0.01899434
v 0.01188321 0.27267879 0.09602635
v 0.01087351 0.27447537 0.09479369
v 0.01151094 0.27497774 0.09667487
v 0.01313830 0.27354279 0.09776473
v 0.00477513 0.27374139 0.10431308
v 0.00576885 0.27585766 0.10439786
v 0.00469844 0.27501673 0.10205653
v 0.00476948 0.27303419 0.10176329
v 0.00743385 0.27630296 0.10374308
v 0.00928494 0.27593055 0.10555181
v 0.01095595 0.27584195 0.10386456
v 0.00883590 0.27610359 0.10223187
v 0.00429433 0.27721164 0.09701494
v 0.00570905 0.27532035 0.09849022
v 0.00352792 0.27744848 0.10060697
v 0.01178389 0.27728957 0.09472707
v 0.01047832 0.27621719 0.09330480
v 0.00935321 0.27999085 0.09263050
v 0.01059478 0.28080606 0.09350949
v 0.04654675 0.20139925 0.01764944
v 0.05401831 0.20399688 0.00352205
v 0.03431868 0.29464415 0.07585787
v 0.03362320 0.29190105 0.07711702
v 0.02946971 0.29308522 0.07778525
v 0.03035807 0.29550034 0.07671070
v 0.07446957 0.27840322 -0.00472199
v 0.07395355 0.27929023 -0.00356296
v 0.08256886 0.30010810 -0.02834442
v 0.08711194 0.30324543 -0.02329473
v 0.08232983 0.30719432 -0.02286869
v 0.08118306 0.30936679 -0.01811378
v 0.07971606 0.30805784 -0.01715915
v 0.08076725 0.30550492 -0.02112142
v 0.09018634 0.30339134 -0.02358720
v 0.07280777 0.26560426 -0.00487979
v 0.08163137 0.29234833 -0.01866029
v 0.08038252 0.30995435 -0.01558287
v 0.08380012 0.31148955 -0.01626031
v 0.08796542 0.28014237 -0.02731662
v 0.09065825 0.30182824 -0.02554767
v 0.08893146 0.30038247 -0.02432630
v 0.08167829 0.30229077 -0.00968644
v 0.07537702 0.27436113 -0.02163234
v 0.08198488 0.27442360 -0.01948890
v 0.08042987 0.27189529 -0.01795011
v -0.09082463 0.29894298 -0.03103224
v -0.09076054 0.29618418 -0.03213894
v -0.09094723 0.29471308 -0.03020873
v -0.09087422 0.29716021 -0.02928038
v -0.08663734 0.28036064 -0.02859141
v -0.08666586 0.28786668 -0.03047356
v -0.08791263 0.29051298 -0.03140422
v -0.08809310 0.28832370 -0.03042098
v 0.07481018 0.27254352 -0.02060679
v 0.07076923 0.28795692 -0.01554016
v 0.06997920 0.27068427 0.00362894
v 0.07844713 0.25933221 -0.01102471
v -0.08666327 0.26983306 -0.02501043
v -0.08564232 0.27052960 -0.02453789
v -0.08721031 0.27507848 -0.02653365
v -0.08826175 0.27469033 -0.02732029
v 0.07944889 0.26031706 -0.01342496
v 0.03035737 0.24850509 -0.07623416
v 0.03452018 0.25824279 -0.08359757
v 0.08984923 0.27986994 -0.03053585
v 0.08242837 0.30526567 -0.01732432
v 0.07466929 0.26518756 -0.00616330
v 0.07425313 0.25952619 -0.00510082
v 0.07270803 0.26005363 -0.00321236
v 0.07673428 0.29570416 -0.01522527
v 0.07674829 0.26844266 -0.02268402
v 0.07679699 0.27077428 -0.02376649
v 0.06115643 0.28068554 -0.01139243
v 0.07885616 0.26255614 -0.01993358
v 0.07506396 0.25744471 -0.01413054
v 0.05774340 0.20741244 -0.01040346
v 0.05474962 0.21043436 -0.02563910
v -0.07166187 0.25136936 -0.00159899
v -0.07429152 0.25346640 -0.00360984
v -0.07479887 0.25103167 -0.00473446
v -0.07028473 0.24973263 -0.00306428
v 0.05494006 0.19921970 -0.02404770
v 0.05650954 0.19498365 -0.00967273
v 0.07168832 0.28455055 0.00207706
v 0.07202022 0.27714488 -0.00018013
v 0.07132070 0.27618349 0.00172144
v 0.02291847 0.18283571 0.03844649
v 0.01964643 0.17070305 0.03380911
v 0.07013237 0.27150872 0.00761092
v 0.07010704 0.27130723 0.01839865
v 0.07148477 0.28709617 0.01778669
v 0.07117442 0.28128412 0.00775873
v 0.05936048 0.31997934 0.05287518
v 0.06105341 0.32046393 0.04824560
v 0.06162568 0.31088245 0.04860426
v 0.05953245 0.31222761 0.05244168
v 0.01973883 0.37906569 0.06794824
v 0.00935739 0.37982485 0.07028662
v 0.00950839 0.38748223 0.06397127
v 0.02020124 0.38665700 0.06116883
v 0.03609639 0.26658264 -0.08812346
v 0.03750375 0.27724844 -0.09285896
v 0.01828973 0.27361178 -0.10015386
v 0.01721854 0.26359370 -0.09496289
v 0.02050297 0.40430489 0.03806347
v 0.00973739 0.40586096 0.04080215
v 0.00984358 0.41047069 0.03018045
v -0.06736396 0.25117922 -0.00395493
v -0.07175641 0.25033563 -0.00816950
v -0.07128684 0.25346375 -0.00908951
v -0.06776024 0.25358480 -0.00575096
v 0.02073173 0.40861309 0.02786430
v 0.05275086 0.29207256 0.06668390
v 0.05484324 0.28578645 0.06693356
v 0.05098350 0.28536487 0.07060119
v 0.04936917 0.29161486 0.06959099
v 0.07418743 0.25507241 -0.00215000
v 0.07300644 0.25592965 -0.00096235
v -0.08591259 0.30940485 -0.01668753
v -0.08613703 0.30609524 -0.01615344
v -0.08440380 0.30533823 -0.01370107
v -0.08411326 0.30876353 -0.01382452
v -0.07164730 0.27597338 -0.02409110
v -0.07020920 0.26950529 -0.02205398
v -0.07640938 0.27396280 -0.02544637
v -0.07673239 0.27678266 -0.02589034
v 0.01001280 0.41429219 0.01798170
v 0.02100755 0.41205159 0.01598969
v 0.01215028 0.30195037 0.08287340
v -0.08392916 0.29878876 -0.02371690
v -0.08484934 0.29950625 -0.02720816
v -0.08533015 0.29727283 -0.02830349
v -0.08422811 0.29580963 -0.02560307
v -0.08724542 0.30067679 -0.03203877
v -0.08738331 0.29760894 -0.03327440
v -0.07010528 0.26015627 -0.00002705
v -0.06930037 0.26379678 0.00076990
v -0.06983890 0.26533595 -0.00053143
v -0.07018523 0.26419044 -0.00193049
v -0.07087773 0.27706128 -0.01548979
v -0.07258751 0.28130132 -0.01377719
v -0.08265576 0.25950345 -0.01955483
v -0.08261113 0.26151198 -0.01862595
v -0.08473777 0.26542053 -0.02215189
v -0.08487047 0.26396298 -0.02334890
v 0.01260723 0.30378085 0.08010589
v 0.01632773 0.30055532 0.07886622
v 0.01589266 0.29858908 0.08109622
v 0.00712000 0.35220158 0.08271402
v 0.00807537 0.36007148 0.07989409
v 0.01701986 0.35996455 0.07840738
v 0.01549938 0.35227212 0.08161408
v 0.02077051 0.29804033 0.07779229
v 0.01987616 0.29609594 0.07937057
v 0.00966750 0.39458328 0.05704781
v 0.02046505 0.39355922 0.05413915
v 0.02031872 0.41570851 -0.03576896
v -0.07954379 0.26421309 -0.01685793
v -0.08173950 0.26667631 -0.02047328
v -0.08281863 0.26722237 -0.02224516
v -0.08180919 0.26516011 -0.02008339
v 0.02066031 0.41598856 -0.02698315
v 0.00953144 0.41869354 -0.02756466
v -0.08685582 0.30190265 -0.02342973
v -0.08497921 0.30425677 -0.01877789
v -0.08593141 0.30376679 -0.01854510
v -0.08780307 0.30129343 -0.02328602
v 0.01064394 0.41765144 -0.04041547
v 0.06915332 0.28376317 -0.05311536
v 0.07223623 0.28366372 -0.03732992
v 0.07465568 0.29564682 -0.03937842
v 0.07230794 0.30050677 -0.05657016
v 0.03380340 0.18951686 0.02972191
v 0.03086608 0.17701918 0.02557841
v -0.07880172 0.28890240 -0.02599525
v -0.07750028 0.29403022 -0.02430332
v -0.07650526 0.29333901 -0.02403646
v -0.07769994 0.28886557 -0.02559599
v -0.08720951 0.29835340 -0.03009770
v -0.08746924 0.29563251 -0.03102967
v -0.08577038 0.29454580 -0.02946096
v -0.07389194 0.29662716 -0.01208473
v -0.07465988 0.29751655 -0.01333836
v -0.07505316 0.29591003 -0.01378116
v -0.07464037 0.29466388 -0.01268165
v -0.07440597 0.24982879 -0.00806355
v -0.06830416 0.26084682 -0.01586167
v -0.07012403 0.26130417 -0.01747337
v -0.07293630 0.26520571 -0.02051277
v -0.07156198 0.26634029 -0.02087572
v 0.05261222 0.34259599 0.05930761
v 0.05477371 0.34785587 0.05448780
v 0.05787697 0.34038937 0.05120051
v 0.05580335 0.33610404 0.05643965
v 0.00566817 0.33945537 0.08672328
v 0.01295631 0.33948463 0.08619502
v 0.01111993 0.33314276 0.08700921
v 0.00504147 0.33299240 0.08761378
v -0.06750313 0.25311723 0.00048901
v -0.07043742 0.25338262 0.00035719
v -0.07113256 0.25209591 -0.00069066
v -0.06821241 0.25152102 -0.00101824
v 0.05933122 0.30486426 0.05331769
v 0.06190158 0.30176955 0.05060893
v 0.06107055 0.29384157 0.05579776
v 0.05811269 0.29800269 0.05738425
v 0.05530597 0.29331809 0.06354067
v -0.07710042 0.30098248 -0.01369170
v -0.07949081 0.30034539 -0.01588194
v -0.07752379 0.29937723 -0.01512435
v -0.07596315 0.29970613 -0.01337218
v 0.05771980 0.28736377 0.06334477
v -0.08547750 0.28599542 -0.02868522
v -0.08454143 0.29285043 -0.02705405
v 0.01860582 0.36943269 0.07439632
v 0.00883907 0.36989748 0.07632942
v 0.05998186 0.33079964 0.04895740
v 0.05806506 0.32824463 0.05423149
v 0.00927571 0.30517673 0.08539294
v 0.01002890 0.30654091 0.08183990
v 0.00740508 0.31108981 0.08422382
v -0.08495469 0.27688345 -0.02291121
v -0.08481622 0.27693608 -0.02587961
v -0.08419621 0.27290908 -0.02431301
v -0.08433847 0.27294239 -0.02145479
v 0.00381661 0.31094947 0.08997101
v 0.00372328 0.31496459 0.08851881
v 0.00685133 0.31470945 0.08488570
v 0.03340737 0.35156572 0.07464004
v 0.03521508 0.35871795 0.07078960
v 0.04281507 0.35695478 0.06515127
v 0.04102670 0.35036576 0.06932904
v 0.02053650 0.39927983 0.04673582
v -0.08468534 0.28506047 -0.02322216
v -0.08488049 0.28495470 -0.02658971
v 0.00972047 0.40066749 0.04962476
v 0.00413040 0.32456845 0.08734450
v 0.00830440 0.32456657 0.08582058
v 0.00739108 0.32085952 0.08487649
v -0.08850789 0.29406139 -0.02879090
v -0.08860371 0.28783384 -0.02895774
v -0.08807992 0.29457876 -0.02971734
v -0.07538103 0.29739648 -0.02207729
v -0.07550747 0.30040351 -0.02615248
v -0.07472914 0.29360157 -0.02743403
v -0.07563501 0.29484150 -0.02329711
v 0.00407616 0.32113251 0.08718929
v 0.02468834 0.29435328 0.07856342
v 0.02553380 0.29649201 0.07742440
v 0.06624244 0.25487351 -0.00528719
v 0.06736533 0.25417998 -0.00478422
v 0.07271912 0.30228615 0.00446219
v 0.07169186 0.29172099 0.00657315
v 0.07189745 0.30023026 0.01622494
v 0.07181825 0.31308109 0.01372232
v 0.07476252 0.32459673 0.00986877
v 0.07693888 0.33370131 0.00375163
v 0.07729241 0.31748414 -0.00278676
v 0.07514098 0.31119600 0.00193096
v 0.04951462 0.20207177 -0.03671542
v 0.04740673 0.21178897 -0.03961218
v 0.00387670 0.30791342 0.09273324
v 0.00378061 0.30507919 0.09524567
v 0.02001181 0.31512880 -0.11546239
v -0.07066439 0.26922908 -0.00105358
v -0.07206920 0.27133384 -0.00242926
v -0.07078844 0.26897219 -0.00377982
v -0.06994810 0.26679868 -0.00322605
v 0.01936199 0.30205235 -0.11166387
v 0.03923165 0.30680251 -0.10349049
v 0.03884258 0.31978732 -0.10634033
v 0.06608355 0.27332452 -0.04857744
v -0.07356448 0.26326168 -0.01917522
v -0.07085260 0.26025471 -0.01666051
v -0.07135372 0.25981072 -0.01593186
v -0.07407698 0.26165083 -0.01768001
v 0.06995419 0.27484408 -0.03410800
v 0.01034694 0.27873015 0.09799552
v 0.00713370 0.28320977 0.09305696
v 0.00733525 0.27969149 0.09261224
v 0.00695385 0.28239179 0.09288679
v 0.01031346 0.27570009 0.10001823
v 0.01261488 0.27513403 0.10137095
v 0.00816859 0.27588677 0.09293330
v 0.00727802 0.27610883 0.09350676
v 0.00655307 0.27999219 0.09290515
v 0.00825950 0.28363180 0.09370193
v 0.00200187 0.27207759 0.10665098
v 0.00251303 0.27364713 0.10952149
v 0.00632649 0.27487978 0.10836285
v 0.00489523 0.27338147 0.10633029
v 0.00499429 0.28259480 0.09438045
v 0.00404687 0.28036010 0.09529355
v 0.00487818 0.27839625 0.10263769
v 0.00669879 0.28204966 0.09851422
v 0.00700386 0.28398725 0.09569220
v 0.00668579 0.27897716 0.10181123
v 0.00602074 0.27300352 0.09921534
v 0.00845814 0.27906972 0.10021994
v -0.08193338 0.30149126 -0.01808318
v -0.08192403 0.29631236 -0.01878284
v -0.08032310 0.29632977 -0.01722983
v -0.07575767 0.26576608 -0.00876029
v -0.07650673 0.26703286 -0.01063340
v -0.07757524 0.26398033 -0.01234620
v -0.07687159 0.26201651 -0.01069171
v 0.07761708 0.26833403 -0.01231912
v 0.05643554 0.22153057 0.00924297
v 0.06128081 0.23593701 0.00167016
v 0.06015469 0.23547623 -0.00414754
v -0.07872600 0.25331169 -0.01351244
v -0.07623151 0.25304690 -0.01420793
v -0.07404050 0.25120732 -0.01096842
v -0.07658506 0.25099924 -0.01067331
v -0.07006694 0.26575857 -0.00252664
v -0.07010763 0.26671508 -0.00078893
v -0.08064908 0.28911608 -0.02805514
v -0.07973906 0.29528752 -0.02605212
v 0.05708766 0.22025295 -0.00031774
v 0.07919178 0.29497862 -0.01657262
v 0.06645592 0.34628657 0.03280467
v 0.06845544 0.35778388 0.02254749
v 0.07445678 0.34583065 0.01184570
v -0.08353561 0.29425329 -0.02321628
v -0.08386584 0.29165804 -0.02452200
v 0.07291614 0.33492538 0.01795525
v 0.06832726 0.36692256 0.01389801
v 0.07476748 0.35618794 0.00397034
v 0.07826117 0.34373078 -0.00498203
v 0.07990057 0.32270998 -0.01802531
v 0.04217258 0.30774111 0.07075435
v 0.04242974 0.30751175 0.07087938
v 0.04090254 0.30723548 0.07218467
v -0.07324015 0.28177083 -0.00704913
v -0.07076658 0.28227994 -0.00825352
v -0.07069191 0.28144419 -0.00823656
v -0.07379056 0.28012758 -0.00691685
v 0.04090617 0.30740002 0.07202137
v 0.04168232 0.30780488 0.07017211
v 0.04035794 0.30731043 0.07123245
v -0.07370222 0.28174904 -0.00565909
v -0.07417224 0.28011125 -0.00554328
v -0.07379958 0.27995399 -0.00432058
v -0.07347269 0.28088659 -0.00417675
v 0.04255608 0.30816257 0.06918419
v 0.04310864 0.30801463 0.06967229
v 0.04338585 0.30777162 0.06979150
v 0.02479232 0.30839705 0.07390898
v 0.02548747 0.30873024 0.07322553
v 0.02812810 0.30787733 0.07357326
v 0.02744161 0.30784994 0.07464896
v 0.02456045 0.30812395 0.07433218
v 0.02739042 0.30753481 0.07505747
v -0.06990117 0.28251967 -0.00874699
v -0.07019559 0.28222990 -0.00845381
v -0.07053696 0.28278774 -0.00877291
v -0.07427125 0.28541106 -0.02090207
v -0.07543449 0.27741423 -0.02237069
v -0.07367446 0.27716711 -0.02129430
v -0.07244499 0.28422397 -0.01970709
v 0.02862422 0.31028137 0.06763429
v 0.02812188 0.31054333 0.06753268
v -0.08551787 0.27795118 -0.02755451
v 0.02946204 0.30995697 0.06782110
v 0.02301602 0.31026638 0.07160392
v 0.02304837 0.31123704 0.07177470
v -0.08084148 0.30506152 -0.00956372
v -0.07935160 0.30728614 -0.00950717
v -0.08203621 0.31054467 -0.01399538
v 0.02785079 0.31125510 0.06771472
v 0.02785824 0.31078422 0.06754164
v 0.02330498 0.30979744 0.07175257
v -0.07097660 0.26806897 -0.01287494
v -0.07374062 0.26913539 -0.01014449
v -0.07232226 0.26890165 -0.00858755
v -0.07059982 0.26781932 -0.01114931
v -0.07025083 0.27315813 -0.00665612
v -0.06821918 0.26986822 -0.00573061
v -0.07243868 0.27159396 -0.00517160
v -0.07355063 0.28784278 -0.00561312
v -0.07205100 0.28395548 -0.00817027
v -0.07293977 0.28282094 -0.00678168
v -0.07336852 0.28325298 -0.00545669
v -0.08664407 0.26898491 -0.02637107
v -0.08810923 0.27421221 -0.02889463
v -0.08634901 0.27398884 -0.03040241
v -0.08495582 0.26845965 -0.02776454
v 0.02175469 0.30954692 0.07182797
v 0.02085720 0.30985796 0.07147875
v -0.06824923 0.25682113 0.00180722
v -0.06528217 0.25423455 -0.00097276
v -0.06772155 0.25982207 0.00240725
v -0.08996350 0.30588567 -0.02579481
v -0.08661512 0.30814502 -0.02620441
v -0.08699866 0.30595425 -0.02858046
v -0.09051138 0.30381352 -0.02798447
v -0.07068744 0.28902167 -0.01434544
v -0.07084782 0.28695157 -0.01380146
v -0.07109101 0.28841108 -0.01254796
v -0.07079016 0.29037687 -0.01281684
v 0.02089087 0.31118879 0.07174677
v 0.03262275 0.30651334 0.07519743
v 0.03282446 0.30568480 0.07525537
v 0.02808722 0.30602530 0.07545418
v 0.02768722 0.30694026 0.07534256
v 0.03241876 0.30700514 0.07501710
v 0.03585069 0.30708995 0.07411887
v 0.03594192 0.30656174 0.07427643
v 0.03606509 0.30575350 0.07427571
v -0.05055121 0.25251871 -0.05406957
v -0.05928856 0.25364000 -0.03550356
v -0.06294304 0.26612499 -0.04407132
v -0.05606018 0.26450679 -0.06025212
v -0.07973116 0.25618920 -0.01290484
v -0.07866903 0.25410986 -0.01034534
v -0.07466926 0.29566026 -0.00479551
v -0.07411028 0.29763439 -0.00361126
v -0.07514014 0.30309078 -0.00532742
v -0.07579775 0.29975247 -0.00528992
v 0.02477691 0.30694816 0.07517005
v 0.02466896 0.30780175 0.07477599
v 0.03609053 0.30500311 0.07424468
v 0.03304745 0.30494699 0.07515533
v -0.08781570 0.28944731 -0.03422398
v -0.09059408 0.28874168 -0.03267470
v 0.02828940 0.30528697 0.07542241
v 0.02475714 0.30645061 0.07525670
v 0.02195725 0.30758113 0.07450314
v 0.02308366 0.30789497 0.07455009
v 0.03308461 0.30410257 0.07494123
v 0.03299189 0.30312666 0.07486229
v 0.02816583 0.30339780 0.07539221
v 0.02829809 0.30439278 0.07535275
v -0.07656238 0.30148199 -0.01211007
v -0.08006021 0.30483651 -0.01533916
v -0.07798541 0.30244243 -0.01420875
v -0.07622672 0.30096304 -0.01237942
v -0.07602284 0.29300666 -0.00993749
v -0.07664900 0.29432997 -0.00963548
v -0.07485585 0.29527497 -0.00978897
v -0.07388639 0.29385576 -0.00991879
v 0.03613992 0.30420187 0.07393511
v 0.03608281 0.30324155 0.07380681
v -0.07374703 0.30260533 -0.00270518
v -0.07521668 0.30728522 -0.00614188
v 0.04451036 0.30776554 0.06807332
v 0.04498802 0.30819780 0.06711743
v 0.04498200 0.30765149 0.06724864
v -0.06645600 0.26068661 -0.01494066
v 0.04470947 0.30724159 0.06778310
v 0.04744039 0.30483341 0.06459823
v 0.04828201 0.30606434 0.06351119
v 0.04991013 0.30527544 0.06221472
v -0.07618656 0.29449120 -0.00723086
v -0.07707887 0.29710677 -0.00700522
v -0.07754407 0.29597202 -0.00940123
v -0.06874663 0.26477093 0.00285174
v -0.06956378 0.26640016 0.00077834
v -0.07550299 0.30005357 -0.01217691
v -0.07475726 0.29885820 -0.01210295
v -0.07329895 0.29510114 -0.01116509
v -0.07388285 0.29306096 -0.01255296
v 0.04887229 0.30390376 0.06355572
v -0.08031565 0.28627485 -0.01963068
v -0.08220641 0.27768090 -0.02086084
v 0.05706735 0.29510194 0.06046556
v 0.05114124 0.30098739 0.06315095
v 0.05243283 0.30239683 0.06110610
v 0.04404964 0.30757055 0.06889882
v 0.04341604 0.30732185 0.06983244
v 0.04394099 0.30794039 0.06885608
v 0.04437423 0.30821475 0.06789184
v 0.04423943 0.30687082 0.06860809
v 0.04354235 0.30661330 0.06967688
v 0.04251591 0.30711454 0.07092911
v 0.04260583 0.30630800 0.07086540
v 0.04099387 0.30599466 0.07219837
v 0.04088993 0.30681217 0.07223102
v 0.03878909 0.30664706 0.07327508
v -0.06633245 0.26748177 -0.03031637
v -0.06235935 0.25440729 -0.01540966
v 0.03907356 0.30717123 0.07308750
v 0.03889753 0.30581367 0.07323375
v 0.04112548 0.30531791 0.07197476
v 0.03902182 0.30510944 0.07312793
v 0.04265155 0.30560040 0.07051431
v 0.04365827 0.30600673 0.06928985
v 0.04441040 0.30637524 0.06814905
v 0.04501688 0.30677602 0.06730301
v 0.04540690 0.30739865 0.06666546
v 0.04474213 0.30579162 0.06755931
v 0.04539351 0.30500570 0.06674112
v 0.04419588 0.30449167 0.06817023
v 0.04385799 0.30538243 0.06882464
v 0.04553368 0.30630943 0.06658277
v 0.04634780 0.30563241 0.06560332
v -0.07366826 0.29564476 -0.00995673
v -0.07358813 0.29602796 -0.01018566
v -0.07279768 0.29509741 -0.01052187
v -0.07279847 0.29452297 -0.01018543
v 0.04280088 0.30502146 0.07010215
v 0.04288008 0.30420625 0.06967094
v 0.04115731 0.30378583 0.07121699
v 0.04117389 0.30459461 0.07161991
v -0.07742684 0.25246164 -0.00797411
v -0.07895216 0.29279938 -0.01725978
v -0.07606512 0.29085669 -0.01516413
v -0.07667482 0.29315934 -0.01459135
v 0.03907669 0.30437505 0.07281105
v 0.03916613 0.30345076 0.07246070
v -0.08836333 0.27962738 -0.02764894
v -0.08961134 0.28769594 -0.02881851
v -0.09099512 0.28803417 -0.03043820
v -0.08956095 0.27942023 -0.02897530
v 0.03233489 0.30712920 0.07476212
v 0.03203540 0.30717388 0.07362408
v 0.03554968 0.30695528 0.07305366
v 0.03586779 0.30720139 0.07385188
v 0.03909080 0.30726150 0.07293648
v -0.06590641 0.25264192 -0.00226337
v -0.07088747 0.28616366 -0.01466319
v -0.07215770 0.28450105 -0.01391449
v 0.03851642 0.30697277 0.07219540
v 0.03541580 0.30686152 0.07195468
v 0.03370559 0.30899367 0.06774706
v 0.03504620 0.30899841 0.06736149
v 0.03809297 0.30687726 0.07119115
v -0.07145490 0.29175305 -0.01306325
v -0.07174285 0.29340899 -0.01119633
v 0.03224268 0.30715525 0.07242305
v 0.03214352 0.30918249 0.06795739
v 0.02892797 0.30801249 0.07242051
v -0.06997102 0.26938322 0.00108834
v 0.03064474 0.30955732 0.06799000
v 0.02625754 0.30877432 0.07250822
v 0.03369858 0.31911466 0.07455276
v 0.03374982 0.31928143 0.07478751
v 0.03829292 0.31875545 0.07419723
v 0.03789136 0.31847382 0.07385384
v 0.05048129 0.28105769 -0.08289114
v 0.05130728 0.29606718 -0.08924891
v 0.03890506 0.29097241 -0.09850376
v 0.04084551 0.31616578 0.07297318
v 0.04079803 0.31705186 0.07251780
v 0.04319911 0.31571949 0.07113700
v 0.04304031 0.31488091 0.07126978
v 0.04085295 0.31518769 0.07337420
v -0.08628980 0.30247915 -0.02735769
v -0.08682255 0.30056325 -0.02880117
v -0.08473743 0.30117854 -0.02592590
v -0.08443259 0.30242825 -0.02432700
v -0.08366432 0.30420646 -0.02127091
v -0.08375793 0.30571306 -0.02085464
v -0.08552141 0.30422395 -0.02536518
v -0.07480778 0.29194847 -0.01383857
v -0.07570492 0.29366675 -0.01346885
v 0.04283520 0.31384820 0.07146832
v 0.03813683 0.31645259 0.07514406
v -0.07511757 0.26458240 -0.00744343
v -0.07576855 0.25870252 -0.00806226
v -0.08308467 0.26953760 -0.02190339
v -0.08295225 0.27024788 -0.01905354
v -0.08352970 0.27980992 -0.03131163
v -0.08348819 0.28911027 -0.03228219
v -0.08196837 0.28896967 -0.03000363
v -0.08239520 0.28014511 -0.02974435
v 0.03810082 0.31752333 0.07460415
v 0.03793911 0.31826046 0.07399388
v 0.04213456 0.31232715 0.06724632
v 0.04136411 0.31328574 0.06792175
v -0.07668594 0.28269470 -0.02616501
v -0.07334140 0.28355816 -0.02570773
v -0.07304356 0.28195879 -0.00368801
v -0.07244530 0.28591082 -0.00175930
v -0.07105308 0.29104701 -0.01301320
v -0.07138928 0.29274762 -0.01127013
v -0.07765944 0.26571646 -0.02187148
v -0.07360001 0.25892466 -0.01425601
v -0.07766317 0.26364210 -0.02004306
v -0.06954237 0.25841978 -0.01210715
v -0.06922320 0.25755432 -0.00980760
v -0.07173794 0.25734442 -0.01149868
v 0.04192408 0.31316474 0.06938282
v 0.04297318 0.31236508 0.06812967
v 0.04278265 0.31164077 0.06664883
v 0.04363495 0.31161478 0.06722417
v 0.03756954 0.31144387 0.06506247
v 0.03721814 0.31182519 0.06536274
v 0.03667815 0.31228781 0.06576585
v -0.07976076 0.26618600 -0.01599357
v -0.08155117 0.26728931 -0.01879969
v 0.03774960 0.31112462 0.06487626
v -0.06948328 0.28227222 -0.00933469
v -0.06793288 0.28071779 -0.01042690
v -0.06849572 0.28200939 -0.00879211
v -0.08334099 0.28549001 -0.02104736
v -0.08425593 0.27733910 -0.02125764
v -0.07637807 0.29658180 -0.00997450
v 0.03782400 0.31084177 0.06477775
v -0.07467070 0.28647247 -0.01014035
v -0.07551824 0.29005924 -0.00831432
v -0.07979809 0.29989934 -0.00969734
v -0.07807633 0.29826927 -0.01029454
v -0.07738436 0.29740840 -0.01005305
v -0.07852500 0.29787731 -0.00926632
v -0.06246880 0.27269453 -0.00889553
v -0.06573701 0.27105948 -0.00737318
v -0.06736762 0.27421078 -0.00734057
v 0.03780118 0.31057248 0.06479347
v 0.03771409 0.31030318 0.06495445
v 0.05986802 0.27867091 0.06100540
v 0.05972308 0.28994095 0.05971557
v -0.08278306 0.30541882 -0.01911810
v -0.08314570 0.30335823 -0.02024878
v -0.08105493 0.29588279 -0.02799894
v 0.06223642 0.28172302 0.05687316
v 0.04363037 0.30823222 0.06866875
v -0.07551610 0.29776576 -0.01436248
v -0.07599033 0.29623112 -0.01520693
v 0.04411079 0.30857784 0.06775362
v -0.07761283 0.30890942 -0.02118369
v -0.07692090 0.30716071 -0.01771254
v -0.07697327 0.30748004 -0.01645501
v -0.07782807 0.31142864 -0.01680271
v 0.04304323 0.30849522 0.06829366
v -0.06831396 0.25502494 -0.00670060
v -0.07101603 0.25507909 -0.00949006
v -0.07087829 0.25631922 -0.00989355
v -0.06881917 0.25642702 -0.00786247
v -0.07169145 0.26864126 -0.00792573
v -0.07039177 0.26765928 -0.01015463
v 0.04349886 0.30886400 0.06750031
v -0.08427325 0.27063990 -0.02467083
v -0.08347476 0.26989159 -0.02364535
v -0.08471400 0.27377015 -0.02592097
v -0.08571257 0.27497220 -0.02676066
v 0.04461396 0.30905122 0.06686022
v 0.04500318 0.30880484 0.06682686
v 0.04105614 0.30774418 0.06943140
v 0.03668221 0.30939308 0.06646577
v 0.03709981 0.30963871 0.06600687
v -0.07153410 0.28973612 -0.01676819
v -0.07095691 0.28861043 -0.01638678
v -0.07698987 0.30144867 -0.01870018
v -0.07916918 0.30370721 -0.02027213
v -0.07822025 0.30662820 -0.01684560
v -0.07663982 0.30453014 -0.01655519
v -0.08255063 0.29659510 -0.03031051
v 0.04175871 0.30831948 0.06852336
v 0.03980787 0.30722329 0.07032476
v 0.03601968 0.30915189 0.06693402
v 0.03732879 0.30985534 0.06562256
v 0.03753361 0.31007913 0.06526875
v -0.07603993 0.29480091 -0.01479953
v -0.07668819 0.29493728 -0.01590696
v 0.04207526 0.30864945 0.06779110
v -0.07559717 0.29525363 -0.01429866
v 0.04252758 0.30903515 0.06704746
v 0.04386937 0.30943161 0.06689967
v -0.07324716 0.29292595 -0.01013433
v -0.07541087 0.29177323 -0.01045229
v -0.07916551 0.30001798 -0.01116864
v -0.08278403 0.30346856 -0.01442297
v -0.08182815 0.30355436 -0.01461975
v -0.07855243 0.30080488 -0.01144696
v 0.04306828 0.31001118 0.06614581
v 0.04314760 0.31051189 0.06611656
v 0.04406473 0.30992335 0.06665871
v -0.07400791 0.29756573 -0.01102349
v 0.04411922 0.31042087 0.06658125
v 0.04290037 0.30950990 0.06643669
v -0.01455228 0.24669394 -0.08244716
v -0.01644901 0.25561079 -0.09004101
v 0.04305039 0.31105804 0.06627969
v 0.04397267 0.31095839 0.06678801
v 0.04525878 0.30829394 0.06669205
v 0.04523959 0.30907944 0.06641362
v 0.04574587 0.31005535 0.06583508
v 0.04569542 0.30826336 0.06617153
v -0.07733551 0.30731612 -0.00941793
v -0.07811941 0.30885130 -0.01337801
v -0.07914629 0.30974811 -0.01379464
v -0.07788438 0.30809987 -0.01035756
v -0.08413908 0.30127773 -0.02372707
v 0.04635504 0.30820560 0.06541596
v 0.04600097 0.30704701 0.06582157
v 0.04671689 0.31062472 0.06541729
v 0.04802592 0.31100446 0.06460322
v -0.08791731 0.29719058 -0.02889248
v -0.07329501 0.28296182 -0.01224861
v -0.07002145 0.28005373 -0.01197302
v 0.04760257 0.30806801 0.06429318
v 0.04697653 0.30667868 0.06476577
v 0.04486846 0.30955473 0.06643297
v -0.05977299 0.27888829 -0.01052153
v -0.06016370 0.28013381 -0.01053520
v -0.06066879 0.27966046 -0.01179898
v -0.06028049 0.27832359 -0.01201594
v 0.04504776 0.31018323 0.06620070
v 0.04610296 0.31169826 0.06675778
v -0.06309134 0.27357054 -0.01244987
v -0.06584113 0.27257499 -0.01115825
v -0.06512192 0.27074406 -0.00964435
v -0.06240381 0.27150702 -0.01171593
v 0.04686311 0.31254619 0.06657393
v 0.04544396 0.31115818 0.06685792
v 0.04490903 0.31190568 0.06813102
v 0.04537005 0.31264508 0.06814874
v -0.05923517 0.27567732 -0.01092500
v -0.05948421 0.27733609 -0.01063077
v -0.06006394 0.27656502 -0.01225742
v -0.05986586 0.27469972 -0.01275298
v 0.04593503 0.31340888 0.06807235
v 0.04441617 0.31362718 0.06967261
v -0.08218822 0.30540881 -0.01695455
v -0.08399776 0.30526853 -0.01873893
v 0.04478777 0.31448284 0.06963576
v 0.04409718 0.31273144 0.06966011
v 0.04484423 0.31096452 0.06681757
v -0.08932196 0.29627383 -0.02779532
v -0.08947448 0.29394740 -0.02860488
v -0.08735629 0.30125225 -0.02611583
v -0.08770075 0.29939681 -0.02757006
v 0.04434226 0.31165108 0.06780808
v 0.04357501 0.31239232 0.06911487
v 0.04249604 0.31305191 0.07098897
v -0.07247479 0.27401847 -0.00241667
v -0.07342576 0.27410936 -0.00424233
v -0.07301845 0.27250376 -0.00415020
v -0.09051149 0.29938760 -0.02799333
v -0.09074464 0.30139977 -0.02963029
v -0.07067899 0.25698560 0.00042521
v -0.06965300 0.25557148 0.00123824
v -0.04467750 0.18553306 0.01614317
v -0.05377743 0.19114785 0.00433662
v -0.05354736 0.18123947 0.00400096
v -0.04463965 0.17563982 0.01530270
v -0.07945678 0.30258882 -0.00822425
v -0.07815455 0.30518129 -0.00800078
v 0.04062156 0.31421605 0.07298544
v 0.03990842 0.31413940 0.07104813
v 0.03790626 0.31553605 0.07471351
v -0.05931697 0.27411720 -0.00997847
v -0.05924552 0.27318645 -0.01138838
v -0.06194678 0.27171615 -0.01032164
v -0.06466713 0.27823901 -0.00833671
v -0.06041317 0.27891234 -0.00903155
v 0.03710856 0.31510210 0.07260915
v 0.03432334 0.31988803 0.07597608
v 0.03929885 0.31961131 0.07525090
v 0.03676841 0.31500033 0.07075237
v 0.03434226 0.31306049 0.06707762
v 0.03276309 0.31317836 0.06760741
v 0.03348494 0.31509966 0.07174462
v -0.06333271 0.27535164 -0.01232031
v 0.02362955 0.31194490 0.07224169
v 0.02444958 0.31275871 0.07265112
v -0.06434971 0.28050193 -0.01128717
v -0.06474725 0.28159258 -0.00982587
v -0.06727760 0.26738465 -0.00674462
v -0.06886280 0.26681826 -0.00890217
v -0.07045259 0.26689455 -0.00566712
v -0.05982578 0.27270502 -0.01260471
v -0.07144867 0.29084891 -0.01470081
v 0.02845129 0.31197238 0.06802258
v 0.02807539 0.31157765 0.06786525
v 0.02218053 0.31197420 0.07286954
v 0.02352482 0.31278339 0.07350396
v -0.06652356 0.27620825 -0.01183594
v -0.06929587 0.27358058 -0.01368046
v -0.06891195 0.27142397 -0.01272954
v -0.06621229 0.27425733 -0.01168921
v -0.07811517 0.26342338 -0.01401934
v -0.07835758 0.26527596 -0.01396776
v -0.07158107 0.26880845 -0.01501026
v -0.07497501 0.26909053 -0.01291159
v -0.07284447 0.28598076 -0.01299122
v -0.07425714 0.28916514 -0.01143138
v -0.07001020 0.28242326 -0.00948347
v -0.06713922 0.27838108 -0.01137470
v -0.06951829 0.27615514 -0.01337061
v -0.06491926 0.27956238 -0.00861080
v -0.06873219 0.27956447 -0.00792282
v -0.06850774 0.28066882 -0.00817650
v -0.06492438 0.28054309 -0.00895110
v -0.07855449 0.29627880 -0.01649023
v -0.07689887 0.30301890 -0.00648303
v -0.07824066 0.29994676 -0.00732555
v -0.07869630 0.31239501 -0.03364310
v -0.07628754 0.30434802 -0.03797325
v -0.07696901 0.30571926 -0.02490772
v -0.06355699 0.27721021 -0.01215882
v -0.06082279 0.28109115 -0.01038397
v -0.06131809 0.28053913 -0.00941605
v -0.08385039 0.26665771 -0.02196365
v -0.07122498 0.26652196 -0.00538185
v -0.07200813 0.29098779 -0.01077851
v -0.08310053 0.27455255 -0.02952522
v -0.08195487 0.26944044 -0.02707967
v -0.07131131 0.29225504 -0.01120256
v -0.07202750 0.29339740 -0.01064945
v -0.06976044 0.26715842 -0.00965680
v -0.07122156 0.26774621 -0.00692259
v -0.07226502 0.29379565 -0.01046566
v -0.07308540 0.27350959 -0.00559495
v -0.08354967 0.29590204 -0.02193873
v 0.02776277 0.31449786 0.07279808
v 0.02993184 0.31285092 0.06818547
v -0.07471965 0.25557816 -0.01461384
v -0.07288996 0.25420994 -0.01163816
v 0.02903083 0.31241322 0.06815417
v -0.06091563 0.27992412 -0.00911229
v 0.02606448 0.31361103 0.07263128
v -0.06447925 0.27097800 -0.00894940
v -0.06403810 0.27896652 -0.01181837
v 0.02714059 0.31495148 0.07464447
v 0.02492844 0.31369692 0.07398893
v 0.03364604 0.31559867 0.07373782
v -0.07137175 0.27731037 -0.00724470
v -0.07090923 0.27516773 -0.00681294
v -0.07346161 0.27575037 -0.00573686
v 0.02135940 0.35229895 -0.11596936
v 0.02122198 0.33554667 -0.11828154
v -0.07640435 0.26955876 -0.01473789
v -0.07234727 0.27049708 -0.01732261
v -0.07360423 0.27135137 -0.01950490
v -0.07823163 0.27033758 -0.01644132
v -0.08046002 0.26470140 -0.02446384
v -0.07870423 0.26043937 -0.02095681
v -0.08094782 0.25876847 -0.02088811
v -0.08325128 0.26315194 -0.02468944
v 0.03840539 0.33836287 -0.10708805
v 0.03810444 0.35241991 -0.10472014
v -0.07870850 0.32717010 -0.04272455
v -0.08003770 0.31831765 -0.02695408
v -0.08014877 0.33426484 -0.03148990
v -0.08192442 0.30496091 -0.02569265
v -0.08209009 0.30247524 -0.02733629
v -0.08712078 0.30340269 -0.03050853
v -0.07671502 0.30995718 -0.01125402
v -0.07695053 0.30746266 -0.01483272
v -0.07735977 0.30837855 -0.01297124
v -0.08700363 0.27950007 -0.03250794
v 0.03927232 0.31428644 0.06942187
v 0.03566777 0.31273940 0.06641300
v 0.04793874 0.35417765 -0.09616762
v 0.04705158 0.36333883 -0.09369348
v 0.03860263 0.36475337 -0.10010392
v 0.03486134 0.22425206 -0.05803637
v 0.02562127 0.21423188 -0.06564539
v -0.07400224 0.29183418 -0.00492676
v -0.07576077 0.29226667 -0.00757147
v 0.02007673 0.31175932 0.07390395
v -0.07672755 0.26685423 -0.02275334
v 0.02179155 0.31310496 0.07431170
v -0.07863424 0.26858732 -0.01431566
v -0.08090268 0.26903272 -0.01640850
v -0.08758571 0.30588260 -0.01891668
v -0.08446626 0.30418146 -0.01631662
v 0.01894182 0.31057394 0.07360346
v 0.01830779 0.31037143 0.07377164
v 0.01937311 0.31180003 0.07395650
v 0.02085635 0.31321996 0.07429941
v 0.02386930 0.31431597 0.07480536
v 0.02314608 0.31462684 0.07516240
v 0.02653589 0.31618443 0.07621797
v 0.02667099 0.31547713 0.07589606
v 0.03392358 0.31627777 0.07575476
v 0.03400376 0.31717712 0.07617337
v 0.02607986 0.31686622 0.07556988
v 0.02260870 0.31502375 0.07458831
v 0.02557044 0.31756040 0.07486843
v 0.02244900 0.31588757 0.07422396
v 0.03371733 0.31884161 0.07490197
v 0.03395946 0.31814390 0.07561687
v 0.02177934 0.30851021 0.07399134
v 0.01958659 0.30870935 0.07380252
v 0.02228366 0.30885875 0.07377146
v 0.01989210 0.30905077 0.07349731
v 0.02342986 0.30918702 0.07271774
v 0.01913494 0.30946201 0.07340099
v 0.01843466 0.30920374 0.07365305
v -0.01031093 0.17425875 0.04292766
v -0.01065869 0.16704592 0.03850703
v 0.02426326 0.30933645 0.07223595
v 0.01867227 0.31182483 0.07364476
v 0.01743284 0.31018114 0.07378123
v 0.01751593 0.31221288 0.07287119
v 0.01670717 0.31030682 0.07340781
v 0.01976216 0.31443810 0.07328226
v 0.02016949 0.31345078 0.07367048
v 0.01748629 0.30898705 0.07364121
v 0.01805667 0.30850187 0.07370184
v 0.01683235 0.30886668 0.07362737
v 0.01740892 0.30822468 0.07370815
v 0.02453323 0.30569273 0.07532264
v 0.02428109 0.30487812 0.07530499
v 0.02123973 0.30693340 0.07458971
v 0.02064753 0.30637878 0.07453291
v 0.03275823 0.30206108 0.07480986
v 0.03589649 0.30214787 0.07367904
v 0.03237928 0.30084574 0.07481417
v -0.00793596 0.28210679 0.09757228
v -0.00935667 0.28190422 0.09608090
v -0.00809273 0.28379655 0.09501892
v -0.00746186 0.28382543 0.09575032
v 0.03574212 0.30082220 0.07364604
v 0.02740773 0.30132762 0.07554621
v 0.02792876 0.30235285 0.07546176
v 0.03046381 0.16883127 0.02362817
v 0.04621558 0.30398637 0.06601985
v 0.04732218 0.30278939 0.06541115
v 0.04564894 0.30204639 0.06722434
v 0.04476697 0.30346489 0.06752545
v 0.04316597 0.30303755 0.06918612
v -0.00829424 0.27290490 0.09642925
v -0.00765348 0.27446473 0.09528120
v -0.00860281 0.27415040 0.09429189
v -0.00949034 0.27285567 0.09549782
v 0.04359061 0.30154780 0.06905603
v 0.04122277 0.30117387 0.07083803
v 0.04112774 0.30265117 0.07090706
v 0.03911009 0.30236971 0.07222790
v 0.03887454 0.30084059 0.07226218
v 0.04919532 0.30758333 0.06280728
v 0.05045592 0.31081685 0.06249105
v 0.05095633 0.30704609 0.06125114
v 0.05265209 0.31054109 0.06036733
v 0.01592099 0.31308633 0.07307348
v -0.00504735 0.28347906 0.09493531
v -0.00361045 0.28092420 0.09764385
v -0.00519541 0.28187007 0.09902925
v -0.00615846 0.28402609 0.09566028
v 0.01555380 0.31064934 0.07309271
v 0.01415146 0.31385469 0.07426444
v 0.01402266 0.31100607 0.07391808
v 0.01550035 0.31689095 0.07530188
v 0.01740993 0.31590167 0.07382670
v 0.01598747 0.30875662 0.07355995
v 0.01669378 0.30789894 0.07371150
v 0.01471853 0.30870885 0.07383365
v 0.01572705 0.30730069 0.07398035
v 0.02377215 0.30398101 0.07535619
v 0.02324899 0.30303866 0.07540100
v 0.02006161 0.30574217 0.07462791
v 0.01918832 0.30492374 0.07479122
v 0.04898823 0.27026540 -0.07745787
v 0.05195422 0.31168202 -0.09355367
v 0.04676524 0.32396659 0.07277463
v 0.04449247 0.32105175 0.07351257
v 0.04092592 0.32218093 0.07578392
v 0.04286660 0.32584745 0.07591679
v 0.04946169 0.32796076 0.07060756
v 0.05189960 0.32422337 0.06791829
v 0.04938140 0.32152960 0.06989711
v 0.04708750 0.31930819 0.07117175
v 0.05110869 0.31370312 0.06348372
v 0.04919275 0.31369677 0.06520627
v 0.04917620 0.31554586 0.06668321
v 0.05107611 0.31613675 0.06528283
v 0.05341004 0.31373346 0.06150637
v 0.05359159 0.31700560 0.06331889
v 0.05046292 0.31863141 0.06756635
v 0.04834827 0.31733239 0.06880081
v 0.05306027 0.32028738 0.06570380
v 0.02343617 0.32141593 0.07745162
v 0.02425225 0.31963140 0.07604229
v 0.02105744 0.31780049 0.07477541
v 0.01958575 0.31868875 0.07536723
v 0.02214433 0.32317516 0.07883498
v 0.01743854 0.31983519 0.07666142
v 0.03624576 0.32633474 0.07868899
v 0.03537569 0.32291225 0.07751047
v 0.02528943 0.31798732 0.07455504
v 0.02317030 0.31689939 0.07428241
v 0.02511798 0.31818262 0.07453185
v 0.02253067 0.31675094 0.07408065
v 0.05579915 0.37601295 -0.07598099
v 0.05847432 0.38286421 -0.06361086
v 0.04301995 0.39485192 -0.07172924
v 0.04161505 0.38579398 -0.08384822
v 0.04083828 0.31739834 0.07248755
v 0.04140479 0.31783006 0.07281224
v 0.04388223 0.31659204 0.07134011
v 0.04335772 0.31612104 0.07122488
v 0.04515649 0.31502306 0.06970701
v 0.04577830 0.31550595 0.06970079
v 0.04693552 0.31441858 0.06792225
v 0.04637613 0.31408575 0.06819808
v 0.04701371 0.31332216 0.06697640
v 0.04761187 0.31330824 0.06644393
v 0.02284435 0.31764215 0.07458939
v 0.02503063 0.31851634 0.07501119
v 0.04981653 0.34192428 -0.09707364
v 0.04474088 0.36412111 0.05936468
v 0.05172684 0.36016706 0.05293199
v 0.04961715 0.35394958 0.05910486
v 0.04255029 0.31876624 0.07353691
v 0.04510003 0.31752259 0.07160216
v 0.04680113 0.31627855 0.06950025
v 0.04777678 0.31507844 0.06760149
v 0.04824383 0.31407866 0.06640453
v 0.07072985 0.27332523 0.00183367
v 0.07117508 0.27315930 -0.00002108
v 0.07917967 0.28243247 -0.02579926
v 0.07723805 0.28925076 -0.02511634
v 0.07607550 0.29276735 -0.02398402
v 0.07740519 0.30182844 -0.01113268
v 0.08087108 0.30490464 -0.01415723
v 0.08261529 0.26394069 -0.01854822
v 0.07933523 0.26229787 -0.01466744
v -0.08763162 0.30910873 -0.01989471
v 0.08249556 0.26481271 -0.01914214
v 0.08810753 0.30065170 -0.02463168
v 0.08847935 0.29891062 -0.02601903
v 0.08943765 0.29864609 -0.02565976
v 0.04188181 0.25028375 -0.06610750
v 0.04733980 0.26141620 -0.07327091
v 0.08886668 0.29683179 -0.02731186
v 0.07329524 0.27767834 -0.00277552
v 0.08038332 0.28176340 -0.02616869
v 0.08204995 0.28102922 -0.02805471
v 0.08282236 0.27566770 -0.02806573
v 0.08214867 0.27635410 -0.02708254
v 0.08199874 0.27081633 -0.02579856
v 0.08150414 0.27177122 -0.02516720
v 0.08407371 0.26738635 -0.02183532
v 0.08554192 0.27106205 -0.02430776
v 0.08217936 0.30527467 -0.01543178
v 0.08154737 0.30441141 -0.01400569
v 0.08302946 0.30509439 -0.01563319
v 0.07402164 0.27638519 -0.00412952
v 0.07554246 0.29993114 -0.01094413
v 0.07502947 0.29770029 -0.00969820
v 0.07469739 0.29807085 -0.01016686
v 0.07006705 0.28140539 -0.00787695
v 0.07007038 0.28231883 -0.00814911
v 0.07151195 0.27979103 -0.00766152
v 0.07414009 0.27833834 -0.00618756
v 0.06754905 0.27070996 -0.00617432
v 0.06692667 0.26943794 -0.00805095
v 0.06747147 0.26851383 -0.00736064
v 0.08513615 0.31136405 -0.01946521
v 0.07517987 0.29673934 -0.00936060
v 0.07658144 0.29782543 -0.00947053
v 0.07707288 0.29902908 -0.00971263
v 0.08395924 0.30460232 -0.01582715
v 0.07739332 0.29996023 -0.01002035
v 0.07650264 0.29992247 -0.01009583
v 0.07817379 0.30156821 -0.01096653
v 0.07589212 0.29993916 -0.01041871
v 0.07381338 0.27419263 -0.02037889
v 0.07228448 0.27407894 -0.01826140
v 0.07245176 0.29424059 0.00035651
v 0.07305239 0.29199162 -0.00193503
v 0.07835775 0.26182112 -0.01244131
v 0.07576288 0.29978484 -0.02032989
v 0.07603076 0.30260667 -0.02184161
v 0.08699888 0.27551845 -0.02627793
v 0.08007471 0.27042624 -0.01600210
v 0.07784797 0.26984802 -0.01412961
v 0.08216026 0.27146095 -0.01782851
v 0.08384898 0.27396896 -0.01959773
v 0.07117470 0.29037324 -0.01428802
v 0.08262911 0.29437369 -0.01915525
v 0.08323651 0.29202607 -0.02039190
v 0.08093682 0.29461595 -0.01767866
v 0.07694762 0.30624542 -0.02005308
v 0.07671993 0.30630717 -0.01771987
v 0.07654025 0.30110836 -0.01839629
v 0.07633069 0.30446661 -0.01707384
v 0.06946796 0.27415296 -0.00654131
v 0.06902199 0.26806366 -0.00971021
v 0.06873244 0.26995113 -0.01065877
v 0.07010075 0.26807508 -0.01060897
v 0.07012299 0.26895127 -0.01207116
v 0.07048663 0.27038634 -0.01379039
v 0.07097217 0.27228150 -0.01519528
v 0.07112681 0.27479860 -0.01572302
v 0.06890222 0.27832890 -0.00741550
v 0.07679013 0.30630347 -0.00749147
v 0.06838904 0.27648422 -0.00719503
v 0.07040164 0.27997845 -0.00761941
v 0.07056241 0.27817625 -0.00716478
v 0.07021224 0.27622730 -0.00668999
v 0.07490003 0.26737127 -0.00775034
v 0.07562143 0.26890686 -0.01014268
v 0.07355113 0.26799938 -0.00699397
v 0.07642250 0.26928067 -0.01232883
v 0.07236262 0.26819971 -0.00660500
v 0.07624605 0.30100456 -0.01912813
v 0.07632106 0.30428159 -0.01908256
v 0.07098352 0.27697280 0.00362417
v 0.06414655 0.28690857 0.05187538
v 0.06533244 0.29634815 0.04610549
v 0.02613113 0.23722713 0.07301892
v 0.02533558 0.23407862 0.07349174
v 0.05667074 0.27597317 0.06541318
v 0.05203678 0.27363884 0.07068535
v 0.02496493 0.24306403 0.08455470
v 0.02415033 0.24226861 0.08470532
v 0.02327833 0.24281906 0.08494144
v 0.02407373 0.24322626 0.08459413
v 0.02192938 0.24326155 0.08329429
v 0.02277322 0.24323963 0.08259935
v 0.02295084 0.24328068 0.08350496
v 0.02217863 0.24329080 0.08416142
v 0.02839714 0.25908396 0.08575123
v 0.03191331 0.26307297 0.08420911
v 0.03486037 0.25857124 0.08308438
v 0.03139945 0.25518814 0.08483543
v 0.02464330 0.24191980 0.07528323
v 0.02437015 0.24356832 0.07571779
v 0.02325189 0.24350582 0.07962294
v 0.02356396 0.24281971 0.07919470
v 0.02449658 0.23934183 0.07545602
v 0.02343911 0.24152027 0.07879926
v 0.02621789 0.24120021 0.07284901
v 0.02567536 0.24375510 0.07314150
v 0.03391429 0.23672065 0.08071361
v 0.03029534 0.23889074 0.08221992
v 0.03135674 0.24212360 0.08274084
v 0.03493623 0.24143274 0.08116093
v 0.02507154 0.27059329 0.08483183
v 0.02875134 0.26681313 0.08466102
v 0.02565423 0.26279131 0.08588828
v 0.02196471 0.26702476 0.08586006
v 0.01819902 0.27185333 0.08647388
v 0.02116681 0.27455381 0.08511136
v 0.01680581 0.27966008 0.09008559
v 0.01734380 0.27605972 0.09142699
v 0.01681274 0.27527893 0.09478159
v 0.01713655 0.27738002 0.09351902
v 0.01505809 0.27132156 0.09318967
v 0.01737117 0.27380693 0.08997761
v 0.01115383 0.27022761 0.09357728
v -0.01160540 0.27261686 0.09607665
v -0.01061126 0.27443719 0.09484686
v -0.01131712 0.27496043 0.09670559
v -0.01291124 0.27345785 0.09773593
v 0.01093353 0.27100962 0.09456213
v 0.01511145 0.27061635 0.09167601
v -0.00462752 0.27377164 0.10434556
v -0.00566589 0.27589503 0.10443360
v -0.00456418 0.27505016 0.10215815
v -0.00456553 0.27303696 0.10181876
v 0.01523947 0.26973996 0.08977839
v 0.01142396 0.26944891 0.09241776
v 0.01031965 0.27200127 0.09548768
v 0.01305018 0.27190456 0.09562764
v -0.00734900 0.27634832 0.10377681
v -0.00918016 0.27590671 0.10550223
v -0.01085071 0.27580056 0.10382035
v -0.00872741 0.27611801 0.10224433
v -0.00410757 0.27724209 0.09716221
v -0.00553089 0.27532977 0.09859302
v -0.00343892 0.27750883 0.10076482
v -0.01155856 0.27725574 0.09476129
v -0.01022031 0.27618560 0.09335426
v -0.00911351 0.27998328 0.09274603
v -0.01036302 0.28079355 0.09360381
v 0.01452577 0.27384081 0.09711701
v 0.00429675 0.27262267 0.10407698
v 0.00543933 0.27394280 0.10603524
v 0.00925121 0.30321023 0.08848775
v 0.01206445 0.29963747 0.08547967
v 0.00921364 0.30066019 0.09070534
v 0.01195270 0.29743481 0.08773687
v 0.01371782 0.27597228 0.10082812
v 0.01515779 0.27785498 0.09913073
v 0.01134663 0.27722433 0.10459109
v 0.01242683 0.27987561 0.10404514
v 0.00385325 0.31811574 0.08760182
v 0.00223732 0.26921362 0.09988429
v 0.00247152 0.26844686 0.09936909
v 0.00193781 0.27025226 0.10181754
v 0.02120313 0.37700745 -0.10326488
v 0.02199959 0.39108768 -0.09241254
v 0.02176152 0.40777460 -0.06921641
v 0.01946024 0.41264093 -0.05640783
v 0.00572402 0.25212669 0.09997910
v 0.00540272 0.25477868 0.09989948
v 0.01303742 0.24751624 0.08332842
v 0.00755458 0.24781916 0.08485351
v 0.00715042 0.24605146 0.08947355
v 0.01241043 0.24590239 0.08819971
v 0.01640086 0.24564083 0.08610424
v 0.01734055 0.24709198 0.08132528
v 0.01336973 0.24875613 0.08073199
v 0.00767132 0.24910133 0.08210129
v 0.01188019 0.24500179 0.09260830
v 0.00671776 0.24532136 0.09473228
v 0.00653474 0.24707498 0.09739994
v 0.01187846 0.24653929 0.09476923
v 0.01796449 0.26516730 0.08844739
v 0.01389126 0.26595789 0.09090050
v 0.00982679 0.26623771 0.09440274
v 0.00661147 0.26616782 0.09702899
v 0.00598368 0.26824546 0.09740088
v 0.00845077 0.26883426 0.09511758
v 0.00576224 0.26914153 0.09785308
v 0.00820262 0.26969463 0.09577799
v 0.00815077 0.27057600 0.09640056
v 0.00859575 0.27196488 0.09666599
v 0.00677590 0.27181587 0.09795462
v 0.00719562 0.27297768 0.09752324
v 0.00574346 0.27004468 0.09819341
v 0.00388789 0.29526764 0.10325984
v 0.00371078 0.29884622 0.10038020
v 0.00995157 0.25630334 0.09781168
v 0.00514810 0.25687587 0.09917934
v 0.00441552 0.26075539 0.09848900
v 0.00870684 0.26071760 0.09705929
v 0.01320936 0.25987765 0.09466666
v 0.01493428 0.25446990 0.09528895
v 0.00278255 0.26763269 0.09893195
v 0.01027811 0.25406170 0.09811615
v 0.01064312 0.25150958 0.09796280
v 0.01540281 0.25208268 0.09539797
v 0.01567442 0.24978982 0.09503185
v 0.01964912 0.25180978 0.09215862
v 0.01847977 0.25780451 0.09181791
v 0.02415701 0.25557226 0.08848116
v 0.02352179 0.24891679 0.08891208
v 0.03128695 0.24540411 0.08370958
v 0.02633039 0.24282756 0.08429240
v 0.02650494 0.24422012 0.08481520
v 0.02622289 0.24552150 0.08575823
v 0.03038143 0.24861851 0.08493797
v 0.03473618 0.24618447 0.08223337
v 0.03355450 0.25084668 0.08354321
v 0.02827440 0.25187793 0.08644728
v 0.02544975 0.24699897 0.08695169
v 0.02515437 0.24390334 0.08507653
v 0.02418547 0.24363200 0.08491106
v 0.02493360 0.24471284 0.08590943
v 0.02396260 0.24407895 0.08562800
v 0.02435413 0.24550450 0.08697543
v 0.02351282 0.24451317 0.08651423
v 0.02255043 0.24526882 0.08786782
v 0.02311667 0.24678332 0.08856604
v 0.02214062 0.24365433 0.08353421
v 0.02119065 0.24378613 0.08463239
v 0.02129090 0.24380982 0.08591628
v 0.02219289 0.24362162 0.08472118
v 0.02275776 0.24348530 0.08283880
v 0.02269856 0.24350396 0.08403809
v 0.02275581 0.24412511 0.08042313
v 0.02179889 0.24443296 0.08125535
v -0.04763093 0.20193636 0.01777251
v -0.05478339 0.20465828 0.00363469
v 0.02327820 0.24326606 0.08211526
v 0.02329046 0.24334067 0.08314712
v 0.02328662 0.24341595 0.08450086
v 0.02318876 0.24367768 0.08495346
v 0.02272574 0.24391524 0.08572345
v 0.02185843 0.24426825 0.08687273
v 0.01573213 0.24773504 0.09393039
v 0.01933512 0.24764067 0.09168502
v 0.01908496 0.24591406 0.09036798
v 0.01565531 0.24557903 0.09199591
v 0.01872650 0.24464527 0.08888324
v 0.01790574 0.24817783 0.07888623
v 0.01544017 0.24455807 0.09023261
v 0.02095469 0.24602675 0.07884552
v 0.02192602 0.24704692 0.07634121
v 0.01988275 0.24498171 0.08316671
v 0.02383229 0.24473107 0.07666279
v 0.02283105 0.24498536 0.07721507
v 0.02478254 0.24559884 0.07418630
v 0.02357045 0.24620467 0.07514352
v 0.01863017 0.24402127 0.08712050
v 0.01962117 0.24952370 0.09217303
v 0.01116185 0.24903992 0.09674400
v 0.00606070 0.24966094 0.09895167
v -0.03409175 0.29431006 0.07580294
v -0.03341005 0.29157683 0.07707930
v -0.02920479 0.29277480 0.07773695
v -0.03010066 0.29518113 0.07666307
v 0.00465970 0.28784299 0.10981464
v 0.00430938 0.29184526 0.10636050
v 0.02260562 0.24318208 0.08490877
v 0.00896238 0.16081405 0.03507589
v -0.07421040 0.27807307 -0.00501224
v -0.07370321 0.27897111 -0.00385774
v -0.08205490 0.29965150 -0.02886304
v 0.02550390 0.24156117 0.08427218
v 0.02389814 0.23694386 0.07558911
v 0.02263304 0.24049795 0.07919253
v 0.03083506 0.23214984 0.08119435
v 0.02638000 0.22792354 0.08371460
v 0.02427435 0.23208638 0.08538448
v 0.02790276 0.23545852 0.08292447
v 0.02146565 0.23820263 0.08764632
v 0.02404644 0.24005967 0.08542322
v -0.08658000 0.30289391 -0.02403074
v 0.02282997 0.24135672 0.08609951
v 0.02039975 0.24031241 0.08829281
v 0.01954834 0.24189128 0.08865371
v 0.02189851 0.24238507 0.08622831
v 0.01769171 0.24358365 0.08719224
v 0.01332068 0.24405663 0.08994565
v 0.01290841 0.24032719 0.08525819
v 0.01756450 0.23993975 0.08289872
v 0.02150597 0.24011745 0.08038675
v 0.02096192 0.24335507 0.08420452
v -0.08182235 0.30683690 -0.02355469
v -0.08069444 0.30907425 -0.01886669
v -0.07922068 0.30779037 -0.01779333
v -0.08016703 0.30522394 -0.02176679
v 0.01829030 0.24363463 0.08798645
v 0.02115666 0.24335830 0.08516783
v 0.01378138 0.24413003 0.09107556
v 0.01944228 0.16388190 0.03055753
v 0.02143419 0.24311325 0.08594359
v 0.01873262 0.24320616 0.08832945
v 0.01448563 0.24333498 0.09176296
v 0.01545875 0.24145155 0.09229916
v 0.01630535 0.23919952 0.09243079
v 0.01707482 0.23636299 0.09162579
v 0.01894730 0.22909179 0.08894786
v 0.02020949 0.22391182 0.08774406
v 0.01296142 0.22730941 0.09188086
v 0.01386232 0.22213364 0.09156172
v 0.01199696 0.23504888 0.09513213
v 0.01154347 0.23858410 0.09641277
v 0.01084369 0.24125923 0.09592079
v 0.01017678 0.24341321 0.09490767
v 0.00331894 0.26588643 0.09846351
v 0.00555010 0.27173704 0.09930374
v 0.00445821 0.27190122 0.10161968
v 0.00753239 0.27540812 0.10685953
v 0.00182421 0.27107263 0.10406079
v 0.00994831 0.27706733 0.10635356
v 0.00835068 0.27652702 0.10781588
v 0.00899871 0.27824923 0.10867725
v 0.01013844 0.27890128 0.10736883
v 0.00693593 0.27592984 0.10907487
v 0.00814978 0.27804887 0.10971399
v 0.00289364 0.27493957 0.11082247
v 0.00370070 0.27851123 0.11268491
v 0.00457255 0.28420594 0.11209109
v 0.00406690 0.28077024 0.11303291
v 0.00941786 0.27999035 0.10911778
v 0.01076636 0.28184637 0.10727058
v -0.08966279 0.30297980 -0.02443866
v 0.01093302 0.28486764 0.10484930
v 0.01298570 0.28252065 0.10135666
v 0.01006669 0.41854411 -0.01123286
v 0.00947660 0.24447533 0.09393797
v 0.00859705 0.24442950 0.09210374
v -0.07233991 0.26518208 -0.00514489
v -0.08117429 0.29198036 -0.01902595
v 0.01282344 0.23001385 0.07868804
v 0.01282116 0.23444210 0.08103368
v 0.00810099 0.23431097 0.08249179
v -0.07996158 0.30962703 -0.01628813
v -0.08338939 0.31111684 -0.01707025
v 0.00807793 0.23006505 0.08026967
v 0.00471105 0.24447367 0.09291589
v -0.08731930 0.27978241 -0.02760867
v -0.09012567 0.30142039 -0.02642482
v -0.08835125 0.30002555 -0.02513191
v -0.08117655 0.30202889 -0.01044342
v -0.07509884 0.27401146 -0.02179319
v -0.08160441 0.27410099 -0.01967416
v -0.08014385 0.27150720 -0.01807911
v -0.07453925 0.27216533 -0.02069666
v -0.07084871 0.28754765 -0.01579772
v 0.00452066 0.24056767 0.08769669
v 0.00821272 0.24059139 0.08696578
v 0.00494313 0.24464929 0.09515557
v 0.00541645 0.24343583 0.09647327
v 0.00597554 0.24122813 0.09787196
v 0.00437720 0.23417892 0.08320269
v 0.00448950 0.22978008 0.08097114
v -0.06985177 0.27021381 0.00342172
v 0.02225985 0.23546347 0.07667056
v -0.07768896 0.25901282 -0.01132094
v -0.07874296 0.26002818 -0.01367314
v -0.03029312 0.24849722 -0.07613691
v -0.03430561 0.25768253 -0.08353624
v -0.08921254 0.27938879 -0.03100131
v 0.02285639 0.23170812 0.07468396
v 0.01770374 0.23439173 0.07910968
v 0.01806215 0.23050678 0.07698967
v 0.00756508 0.22170205 0.09442779
v 0.00688248 0.22674839 0.09401095
v 0.00628491 0.23801275 0.09822633
v 0.00641616 0.23415186 0.09678132
v 0.02223240 0.40078065 -0.08137391
v 0.06260577 0.36525318 0.02936788
v 0.06097453 0.35853243 0.03752984
v -0.08205163 0.30494297 -0.01794482
v 0.05427047 0.36656418 0.04413991
v 0.05571098 0.37183592 0.03637576
v 0.06286733 0.37247637 0.02073369
v 0.05631841 0.37821412 0.02854028
v 0.03905964 0.40832302 -0.03066125
v 0.03954375 0.40816525 -0.01619883
v 0.02116556 0.41593227 -0.01246922
v 0.03442610 0.40909159 -0.04523344
v 0.04648746 0.40006259 -0.05421671
v 0.04830526 0.40230769 -0.03420380
v 0.04804882 0.40241721 -0.01870946
v -0.07407101 0.26474628 -0.00647310
v -0.07343063 0.25912166 -0.00545448
v -0.07201654 0.25965530 -0.00350540
v -0.07641002 0.29539606 -0.01562143
v 0.02471175 0.20113264 -0.06683640
v 0.05147008 0.32435206 -0.09589387
v 0.04675666 0.40199625 -0.00481112
v 0.03893365 0.40707299 -0.00217784
v 0.03851497 0.40463540 0.01053437
v 0.04551753 0.40033874 0.00709433
v 0.02109861 0.41445380 0.00246060
v 0.01003672 0.41687191 0.00437146
v 0.01915917 0.28583303 -0.10645355
v 0.00362869 0.30222335 0.09765053
v 0.04577792 0.23694941 -0.04843187
v 0.05648590 0.23588173 -0.03085197
v 0.05556231 0.18499328 -0.00977207
v 0.06918327 0.25914422 -0.01274244
v 0.06884395 0.25978622 -0.01356921
v 0.05888582 0.22171572 -0.01260814
v 0.06035931 0.23516667 -0.01342832
v 0.03697800 0.23721369 -0.06045171
v 0.07849139 0.27031156 -0.02400666
v 0.07916769 0.27405450 -0.02524705
v 0.07973470 0.26939735 -0.02361587
v 0.08051469 0.27335855 -0.02516450
v 0.08062407 0.27755529 -0.02600477
v 0.08036976 0.26764545 -0.02275853
v 0.07701938 0.30633026 -0.01512167
v 0.07833804 0.30794391 -0.01440054
v -0.07607500 0.26802635 -0.02297734
v -0.07610623 0.27029684 -0.02416804
v 0.06872632 0.25753790 -0.00850252
v 0.06857483 0.25822830 -0.01008312
v -0.06104105 0.28041312 -0.01142742
v 0.06807040 0.25786251 -0.00923661
v 0.06788527 0.25738919 -0.00796233
v 0.06847428 0.25666788 -0.00695276
v 0.06778419 0.25683382 -0.00681857
v 0.07879897 0.32266417 -0.00899295
v 0.06632796 0.25729737 -0.01011704
v 0.06810781 0.25944519 -0.01283729
v 0.06819706 0.25869656 -0.01136103
v 0.06742377 0.25794858 -0.00998676
v 0.06713894 0.25680563 -0.00808575
v 0.06714022 0.25596043 -0.00637381
v 0.06798954 0.25551486 -0.00586786
v -0.07798716 0.26216602 -0.02028711
v -0.07429204 0.25726387 -0.01442782
v -0.05811512 0.20818526 -0.01034790
v -0.05558628 0.21091625 -0.02541610
v -0.05601944 0.19994207 -0.02368124
v -0.05800493 0.19590461 -0.00942875
v -0.07130228 0.28429407 0.00183961
v -0.07184289 0.27685928 -0.00038602
v -0.07105056 0.27580839 0.00151117
v 0.08062451 0.26649302 -0.02322622
v 0.07317055 0.25616303 -0.01138664
v -0.02394994 0.18349436 0.03841187
v -0.02146059 0.17135975 0.03379998
v 0.07760535 0.29845193 -0.02104064
v 0.07768034 0.29666013 -0.02238670
v 0.07999136 0.29820833 -0.02406891
v 0.07983600 0.30045843 -0.02271810
v 0.05933351 0.27230430 -0.06492142
v 0.06103140 0.28304255 -0.07067066
v 0.01208900 0.20432535 -0.07186397
v 0.01210295 0.21674855 -0.07122338
v 0.07433800 0.31722799 -0.05683165
v 0.07748903 0.30014125 -0.01958800
v 0.07979450 0.30225936 -0.02125887
v 0.07947905 0.27820101 -0.02588381
v 0.07657093 0.29953682 -0.01956041
v 0.07672783 0.29785690 -0.02097450
v 0.08089701 0.30388436 -0.02294467
v 0.08103838 0.30168787 -0.02458022
v 0.08106824 0.29920444 -0.02603996
v 0.07677378 0.29597118 -0.02229561
v -0.06995051 0.27097532 0.00740501
v -0.06973378 0.27084818 0.01806791
v -0.07124473 0.28670704 0.01756626
v -0.07086836 0.28088325 0.00763567
v 0.07693423 0.30469090 -0.02188949
v 0.07868877 0.34874639 -0.03425708
v 0.07719970 0.34214142 -0.04810194
v 0.07452011 0.36532959 -0.03851544
v 0.07313264 0.35952106 -0.05353428
v 0.06840615 0.35255381 -0.06942824
v 0.07258843 0.33408141 -0.06396246
v 0.07670701 0.30617180 -0.01635695
v 0.07920135 0.30885595 -0.01494148
v 0.06292432 0.37822989 0.01253432
v 0.06823332 0.37274855 0.00559952
v 0.05618173 0.38347095 0.02106547
v 0.05558370 0.38807505 0.01399313
v 0.06173629 0.38374558 0.00517802
v 0.06911197 0.37626970 -0.00645745
v 0.08009520 0.34059495 -0.01881899
v 0.07807978 0.35501754 -0.02026946
v 0.07550574 0.35979268 -0.00700409
v -0.05920450 0.31930846 0.05252771
v -0.06110597 0.31983128 0.04794274
v -0.06162401 0.31023329 0.04846455
v -0.05936870 0.31160659 0.05219567
v 0.07306956 0.37095022 -0.02334845
v 0.06433135 0.38509017 -0.01348292
v 0.06789286 0.38083518 -0.02774548
v 0.05756909 0.39373046 -0.01780280
v 0.05978385 0.39147270 -0.03234792
v 0.05961233 0.38865203 -0.04852173
v 0.06928170 0.37648141 -0.04267318
v 0.05953091 0.38881913 -0.00137493
v 0.05368480 0.39239529 0.00822608
v 0.05458922 0.39521423 -0.00518017
v 0.05136862 0.39618230 0.00348188
v 0.07360828 0.36195970 0.00001728
v 0.06352851 0.25104976 -0.00541932
v 0.06535514 0.25087017 -0.00053059
v -0.02050740 0.37881979 0.06778349
v -0.01009445 0.37964436 0.07027986
v -0.01043419 0.38748938 0.06390034
v -0.02104935 0.38645053 0.06100086
v 0.06885854 0.26265609 0.00634196
v -0.03585503 0.26616037 -0.08789387
v -0.03742097 0.27680635 -0.09336707
v -0.01802419 0.27308172 -0.09980766
v -0.01711923 0.26328197 -0.09465273
v 0.06805079 0.28905827 0.03967178
v 0.06792652 0.30172995 0.03671186
v 0.07112732 0.29338759 0.02663197
v 0.06981701 0.27842215 0.02898093
v -0.02154385 0.40414211 0.03797253
v -0.01078334 0.40588677 0.04075542
v -0.01090632 0.41054505 0.03020792
v -0.02179782 0.40846878 0.02771175
v -0.05265598 0.29165810 0.06646652
v -0.05473024 0.28534949 0.06667421
v -0.05088421 0.28497931 0.07040247
v -0.04927103 0.29123402 0.06942831
v 0.06670006 0.31533793 0.03435533
v 0.07052761 0.30742231 0.02457147
v 0.07023075 0.32160851 0.02205548
v 0.06663380 0.32980329 0.03315017
v 0.05998335 0.34630376 -0.08503845
v 0.06271005 0.32943612 -0.08257227
v -0.07330659 0.25488523 -0.00256996
v -0.07224599 0.25581712 -0.00132237
v 0.06355270 0.31703773 -0.07972606
v 0.04791215 0.34806770 0.06353702
v -0.01100862 0.41412160 0.01787135
v -0.02205685 0.41162327 0.01571298
v 0.02112170 0.36709866 -0.10968456
v 0.04696323 0.37147781 0.05151918
v 0.05210243 0.36763349 -0.08668027
v -0.00043408 0.21793348 -0.07224964
v 0.03964638 0.37350124 -0.09476264
v 0.06814065 0.37105614 -0.05746689
v 0.06435472 0.36477700 -0.07071105
v 0.05672498 0.35762307 -0.08595009
v 0.06272328 0.30088982 -0.07686075
v 0.04639741 0.39707285 0.01504207
v 0.05594222 0.31368658 0.05848793
v 0.05509714 0.30917951 0.05769242
v 0.05606489 0.31861344 0.05992788
v 0.05340239 0.30449224 0.05938334
v 0.01554394 0.29646298 0.08315957
v 0.01508034 0.29444936 0.08519901
v 0.01475763 0.29191473 0.08718971
v 0.01839351 0.29175222 0.08307079
v 0.01780169 0.28872314 0.08495445
v 0.01142192 0.29230428 0.09244452
v 0.01179904 0.29490632 0.08996493
v 0.01413908 0.28938884 0.08920355
v 0.01372673 0.28619626 0.09111956
v 0.01144092 0.28919464 0.09482084
v 0.01782950 0.27349889 0.08776464
v 0.01885779 0.27822664 0.08597434
v 0.01640170 0.28256384 0.08794159
v 0.02153549 0.28580448 0.08365130
v 0.02041642 0.28236240 0.08501950
v 0.01709707 0.28595355 0.08653475
v 0.02264629 0.28923392 0.08172528
v 0.01471339 0.28270221 0.09362550
v 0.01574988 0.27967510 0.09677068
v 0.01217715 0.28579989 0.09807611
v 0.01038490 0.28803015 0.10134891
v 0.00964140 0.29160032 0.09812994
v 0.01909155 0.29398662 0.08125927
v 0.02379893 0.29179743 0.08018265
v 0.02385748 0.27876702 0.08447750
v 0.02826692 0.27533293 0.08419299
v 0.02603410 0.28323588 0.08286532
v 0.03022754 0.28041652 0.08256585
v 0.02719344 0.28695258 0.08110131
v 0.03160888 0.28436291 0.08064367
v 0.03229450 0.27165276 0.08387314
v 0.03570451 0.26757726 0.08296053
v 0.03887140 0.26251656 0.08140687
v 0.03860542 0.27270120 0.08113436
v 0.04223881 0.26717734 0.07941914
v 0.04057752 0.27777439 0.07902039
v 0.04484530 0.27271077 0.07716240
v -0.01187328 0.30170628 0.08285272
v -0.01234795 0.30353037 0.08006083
v -0.01601388 0.30031326 0.07884093
v -0.01561992 0.29834819 0.08106137
v -0.00755885 0.35214666 0.08258221
v -0.00863739 0.36002082 0.07985059
v -0.01754662 0.35980487 0.07840978
v -0.01592133 0.35214481 0.08154916
v 0.03477694 0.27689093 0.08209458
v 0.03644111 0.28125414 0.07998674
v 0.03281984 0.28818214 0.07874070
v 0.02843377 0.29018620 0.07940421
v 0.04181952 0.28907627 0.07506131
v 0.04161654 0.28347853 0.07701148
v 0.03730728 0.28594714 0.07793906
v 0.03782433 0.29052365 0.07609647
v 0.04649059 0.27954885 0.07495066
v 0.04623491 0.28729346 0.07335868
v 0.04541034 0.29233637 0.07182204
v 0.03167281 0.29892293 0.07543182
v 0.02682896 0.29958838 0.07612163
v 0.03521444 0.29862508 0.07436084
v 0.04148933 0.29313815 0.07357649
v 0.03808854 0.29388699 0.07487617
v 0.04922246 0.29987404 0.06533306
v 0.04695680 0.29904532 0.06757523
v 0.04137540 0.29845518 0.07170132
v 0.03854312 0.29848284 0.07316036
v 0.04431689 0.29868037 0.06978076
v 0.02232530 0.30128092 0.07604048
v 0.01774961 0.30327809 0.07597505
v 0.05484315 0.22332689 -0.02799047
v 0.00928323 0.29496217 0.09573006
v 0.00921629 0.29787710 0.09316598
v 0.01463816 0.32026803 0.07871524
v 0.01271926 0.31730694 0.07767956
v 0.00691932 0.31786513 0.08487739
v 0.01874559 0.32428762 0.08123703
v 0.01451034 0.30569494 0.07599273
v -0.02048664 0.29777187 0.07775440
v -0.01959738 0.29584417 0.07934259
v 0.01261150 0.30819744 0.07603939
v 0.01169710 0.31092483 0.07638495
v 0.01153665 0.31413966 0.07684723
v -0.01054971 0.39439479 0.05685147
v -0.02129292 0.39322302 0.05400186
v -0.02098734 0.41550145 -0.03589996
v -0.02144535 0.41584027 -0.02716778
v -0.01025636 0.41859201 -0.02764945
v -0.01131174 0.41750315 -0.04044167
v 0.02970744 0.33900896 0.08155289
v 0.02638932 0.33241034 0.08385872
v 0.05792284 0.35232988 0.04703425
v 0.06133144 0.34348109 0.04367338
v 0.05034246 0.33332145 0.06711563
v 0.05353383 0.32885465 0.06441633
v 0.05541415 0.32371843 0.06189666
v 0.06294220 0.33161306 0.04165955
v 0.06378221 0.31895381 0.04169457
v 0.06470446 0.30729103 0.04311067
v -0.06852067 0.28339121 -0.05331584
v -0.07164545 0.28303784 -0.03751604
v -0.07425342 0.29503915 -0.03975472
v -0.07194307 0.29978514 -0.05698476
v 0.04823994 0.38327032 0.03683634
v -0.03474768 0.19030844 0.02980030
v -0.03282835 0.17789790 0.02570704
v -0.00108298 0.20630950 -0.07256553
v 0.04807372 0.38865089 0.02973262
v 0.04781251 0.37741661 0.04392808
v 0.03850905 0.40136939 0.02039860
v 0.03882929 0.39757416 0.02919689
v 0.04739393 0.39315712 0.02244592
v 0.03952152 0.39296231 0.03690575
v 0.03989802 0.38756016 0.04390693
v 0.03952801 0.38174501 0.05117692
v 0.03875102 0.37525949 0.05829401
v 0.03706600 0.36685261 0.06589714
v 0.04424955 0.22408172 -0.04532148
v 0.00753124 0.28384852 0.09408824
v 0.00682103 0.28400868 0.09480150
v -0.05270984 0.34210283 0.05902408
v -0.05480820 0.34739143 0.05418302
v -0.05799473 0.33986109 0.05084377
v -0.05562868 0.33557463 0.05597177
v 0.00645397 0.28347471 0.09352612
v 0.00573999 0.28361100 0.09421592
v 0.00551187 0.28222594 0.09381808
v 0.00678122 0.27488056 0.09654102
v 0.00527805 0.27675250 0.09519239
v 0.00488297 0.28021228 0.09402578
v 0.06778108 0.25584885 0.00461472
v -0.00593588 0.33942536 0.08679390
v -0.01329599 0.33942634 0.08621063
v -0.01133775 0.33308700 0.08704408
v -0.00516110 0.33293781 0.08761764
v -0.05911294 0.30428818 0.05305600
v -0.06184380 0.30117619 0.05043900
v -0.06091852 0.29329476 0.05549139
v -0.05796219 0.29743865 0.05712835
v -0.05515950 0.29286847 0.06329025
v -0.05757990 0.28690019 0.06304781
v -0.01927636 0.36919913 0.07417084
v -0.00950488 0.36979052 0.07611349
v -0.05994289 0.33028096 0.04854877
v -0.05787508 0.32762790 0.05386136
v -0.00904332 0.30494443 0.08534458
v -0.00977231 0.30628979 0.08178893
v -0.00712037 0.31092894 0.08411515
v -0.00363052 0.31082848 0.08992924
v -0.00348337 0.31490234 0.08842973
v -0.00660073 0.31461781 0.08474820
v -0.03372187 0.35132837 0.07431927
v -0.03563246 0.35846773 0.07036252
v -0.04325044 0.35661492 0.06507328
v -0.04138718 0.35002276 0.06902493
v -0.02144339 0.39895049 0.04655042
v -0.01066106 0.40047580 0.04942943
v -0.00402462 0.32456359 0.08728975
v -0.00821650 0.32457563 0.08570720
v -0.00719718 0.32084242 0.08477544
v -0.00387008 0.32110909 0.08711354
v -0.02441627 0.29405487 0.07852601
v -0.02526799 0.29620278 0.07739241
v -0.06566451 0.25507286 -0.00531793
v -0.06660034 0.25420487 -0.00502157
v -0.07244829 0.30235109 0.00393049
v -0.07126385 0.29162186 0.00627587
v -0.07157556 0.30017397 0.01601681
v -0.07175326 0.31316119 0.01324127
v -0.07470772 0.32430145 0.00922528
v -0.07713885 0.33323088 0.00312289
v -0.07669539 0.31721249 -0.00349361
v -0.07457659 0.31114635 0.00121879
v -0.05110785 0.20268330 -0.03632968
v -0.04870347 0.21242936 -0.03942125
v -0.00378816 0.30783218 0.09266657
v -0.00375422 0.30497947 0.09517416
v -0.01963648 0.31503072 -0.11591598
v -0.01894195 0.30143660 -0.11190224
v -0.03903858 0.30612537 -0.10402685
v -0.03887252 0.31924245 -0.10677986
v -0.06522938 0.27298602 -0.04877007
v -0.06901218 0.27472007 -0.03425847
v -0.01020074 0.27872947 0.09804740
v -0.00692859 0.28322777 0.09320510
v -0.00710734 0.27969313 0.09274973
v -0.00674271 0.28240776 0.09303438
v -0.01020998 0.27570355 0.10005201
v -0.01245519 0.27504063 0.10131817
v -0.00788375 0.27587551 0.09304216
v -0.00699800 0.27610102 0.09362827
v -0.00633249 0.28000370 0.09305058
v -0.00805337 0.28363776 0.09383514
v -0.00178954 0.27208844 0.10663220
v -0.00237555 0.27365947 0.10947847
v -0.00619474 0.27489251 0.10829678
v -0.00471916 0.27341235 0.10630791
v -0.00481181 0.28262547 0.09452789
v -0.00386030 0.28039220 0.09545089
v -0.00480169 0.27844992 0.10275020
v -0.00657899 0.28208369 0.09862828
v -0.00684023 0.28401738 0.09581999
v -0.00660898 0.27902874 0.10190604
v -0.00576074 0.27297187 0.09928545
v -0.00834831 0.27908817 0.10028394
v -0.07714203 0.26791009 -0.01251123
v -0.05677248 0.22199914 0.00942809
v -0.06099441 0.23623531 0.00153845
v -0.05983551 0.23570183 -0.00427470
v -0.05744158 0.22064336 -0.00012807
v -0.07882753 0.29464334 -0.01702731
v -0.06684951 0.34580901 0.03252800
v -0.06900273 0.35740188 0.02211623
v -0.07474461 0.34524253 0.01133561
v -0.07324807 0.33442342 0.01750615
v -0.06878812 0.36641684 0.01338425
v -0.07471560 0.35556442 0.00323872
v -0.07844434 0.34312758 -0.00556537
v -0.07991370 0.32205656 -0.01849792
v -0.04199757 0.30747357 0.07048801
v -0.04225964 0.30721310 0.07063626
v -0.04073616 0.30695775 0.07194030
v -0.04074244 0.30713105 0.07177888
v -0.04151634 0.30755135 0.06989369
v -0.04018152 0.30707222 0.07098509
v -0.04236978 0.30791548 0.06891435
v -0.04292911 0.30772877 0.06940082
v -0.04321318 0.30747738 0.06951825
v -0.02467812 0.30831465 0.07391278
v -0.02536054 0.30863318 0.07322414
v -0.02801098 0.30776072 0.07353903
v -0.02734095 0.30773312 0.07461312
v -0.02445230 0.30800685 0.07431162
v -0.02728273 0.30736935 0.07499027
v -0.02839954 0.31018674 0.06761587
v -0.02791020 0.31045115 0.06749330
v -0.02925476 0.30985230 0.06777652
v -0.02287222 0.31017667 0.07158934
v -0.02291361 0.31115577 0.07175104
v -0.02765123 0.31113371 0.06761496
v -0.02765715 0.31066513 0.06744490
v -0.02315874 0.30974153 0.07180399
v -0.02157922 0.30948892 0.07188612
v -0.02067623 0.30976450 0.07147904
v -0.02072966 0.31112164 0.07174569
v -0.03249370 0.30629829 0.07505042
v -0.03268259 0.30546221 0.07512135
v -0.02795540 0.30582565 0.07537030
v -0.02756977 0.30674779 0.07525249
v -0.03229526 0.30679491 0.07486703
v -0.03571276 0.30686527 0.07393762
v -0.03579757 0.30631366 0.07410026
v -0.03590613 0.30548978 0.07410633
v -0.02463635 0.30675820 0.07512569
v -0.02454422 0.30764934 0.07475655
v -0.03591821 0.30474392 0.07408236
v -0.03289172 0.30470645 0.07503886
v -0.02814035 0.30507860 0.07536557
v -0.02460417 0.30624869 0.07522862
v -0.02180503 0.30744958 0.07454519
v -0.02298106 0.30775800 0.07454658
v -0.03293290 0.30383343 0.07486752
v -0.03282057 0.30284578 0.07475716
v -0.02799283 0.30316475 0.07534482
v -0.02813751 0.30416667 0.07532009
v -0.03596058 0.30392388 0.07380464
v -0.03589857 0.30294511 0.07369071
v -0.04430202 0.30743402 0.06783600
v -0.04477250 0.30785188 0.06688610
v -0.04477146 0.30729967 0.06703758
v -0.04448375 0.30689666 0.06754749
v -0.04724811 0.30437374 0.06442502
v -0.04809479 0.30558801 0.06336406
v -0.04972524 0.30477950 0.06208404
v -0.04868024 0.30343878 0.06340732
v -0.05688082 0.29458576 0.06011130
v -0.05099381 0.30052117 0.06296358
v -0.05228352 0.30190003 0.06092618
v -0.04383814 0.30725145 0.06864212
v -0.04322960 0.30701649 0.06956036
v -0.04374683 0.30763215 0.06859633
v -0.04417256 0.30789560 0.06764397
v -0.04402610 0.30653211 0.06834729
v -0.04333981 0.30629176 0.06941654
v -0.04233668 0.30681559 0.07066791
v -0.04240885 0.30597878 0.07062420
v -0.04081051 0.30568430 0.07196807
v -0.04071830 0.30651820 0.07199071
v -0.03863082 0.30638537 0.07305118
v -0.03892441 0.30691907 0.07286309
v -0.03872962 0.30553734 0.07302830
v -0.04092758 0.30499867 0.07175807
v -0.03883469 0.30482516 0.07292973
v -0.04245680 0.30525607 0.07031190
v -0.04345524 0.30567306 0.06906194
v -0.04418708 0.30602872 0.06790940
v -0.04479023 0.30641463 0.06708375
v -0.04519859 0.30702683 0.06647481
v -0.04451900 0.30542618 0.06733778
v -0.04515055 0.30461276 0.06654035
v -0.04395793 0.30413038 0.06794863
v -0.04363682 0.30504066 0.06861155
v -0.04532681 0.30592647 0.06637505
v -0.04613911 0.30522251 0.06541859
v -0.04258768 0.30468369 0.06988282
v -0.04263851 0.30386826 0.06945245
v -0.04093939 0.30346325 0.07103608
v -0.04097806 0.30427429 0.07142692
v -0.03886601 0.30409113 0.07263733
v -0.03894999 0.30314577 0.07231651
v -0.03222132 0.30696300 0.07463802
v -0.03191112 0.30704516 0.07352629
v -0.03541311 0.30677721 0.07288709
v -0.03574078 0.30699456 0.07369015
v -0.03894679 0.30701673 0.07272182
v -0.03835376 0.30676624 0.07196819
v -0.03526182 0.30667394 0.07179586
v -0.03348750 0.30884233 0.06762116
v -0.03483311 0.30883101 0.06723066
v -0.03792336 0.30667669 0.07097849
v -0.03210957 0.30705974 0.07233769
v -0.03195291 0.30903745 0.06786725
v -0.02879681 0.30790487 0.07238643
v -0.03044410 0.30942374 0.06791322
v -0.02612204 0.30869409 0.07251608
v -0.03359585 0.31879252 0.07445627
v -0.03364811 0.31894371 0.07473885
v -0.03819103 0.31831717 0.07406611
v -0.03777783 0.31808197 0.07366975
v -0.05008186 0.28056514 -0.08372515
v -0.05100960 0.29537979 -0.08983526
v -0.03867817 0.29018810 -0.09911161
v -0.04076047 0.31575140 0.07277591
v -0.04068513 0.31663188 0.07231821
v -0.04308635 0.31527466 0.07095128
v -0.04297069 0.31445611 0.07106929
v -0.04076638 0.31478655 0.07315124
v -0.04273406 0.31344607 0.07124364
v -0.03811389 0.31607774 0.07496836
v -0.03805335 0.31716138 0.07443353
v -0.03785755 0.31788999 0.07382353
v -0.04196737 0.31203076 0.06697211
v -0.04122743 0.31299844 0.06767537
v -0.04179691 0.31285104 0.06914495
v -0.04282542 0.31204641 0.06787076
v -0.04260037 0.31132513 0.06635306
v -0.04346163 0.31129605 0.06694483
v -0.03735305 0.31117809 0.06486169
v -0.03700771 0.31155938 0.06517280
v -0.03648093 0.31203306 0.06559422
v -0.03752681 0.31085798 0.06467173
v -0.03759548 0.31057233 0.06459035
v -0.03757593 0.31030935 0.06461813
v -0.03747880 0.31007430 0.06476324
v -0.05971852 0.27825603 0.06069012
v -0.05950554 0.28943238 0.05939847
v -0.06198167 0.28124690 0.05653757
v -0.04344448 0.30795133 0.06840303
v -0.04391302 0.30826536 0.06749339
v -0.04285255 0.30821449 0.06801951
v -0.04330454 0.30857554 0.06723704
v -0.04441356 0.30872738 0.06662239
v -0.04479282 0.30846432 0.06658493
v -0.04087993 0.30750221 0.06915321
v -0.03646759 0.30918300 0.06625897
v -0.03687488 0.30942425 0.06580560
v -0.04156959 0.30806184 0.06824744
v -0.03962603 0.30698714 0.07007147
v -0.03579950 0.30895436 0.06674748
v -0.03710000 0.30963761 0.06541791
v -0.03731302 0.30987418 0.06506620
v -0.04187696 0.30838990 0.06751569
v -0.04232104 0.30876571 0.06678457
v -0.04366639 0.30913654 0.06664864
v -0.04286590 0.30969143 0.06589016
v -0.04294156 0.31017724 0.06585559
v -0.04387616 0.30958641 0.06644738
v -0.04393110 0.31007117 0.06634194
v -0.04269055 0.30921966 0.06617054
v -0.04285195 0.31072831 0.06599569
v -0.04378702 0.31061238 0.06652775
v -0.04505278 0.30793467 0.06648270
v -0.04503928 0.30871791 0.06620300
v -0.04557547 0.30963758 0.06567662
v -0.04551016 0.30788815 0.06598343
v -0.04619803 0.30779126 0.06528467
v -0.04581103 0.30665255 0.06565223
v -0.04656465 0.31014612 0.06530281
v -0.04792457 0.31048125 0.06451552
v -0.04744735 0.30759391 0.06417603
v -0.04680398 0.30623719 0.06462110
v -0.04467291 0.30921167 0.06621709
v -0.04486007 0.30980453 0.06599575
v -0.04595942 0.31124979 0.06660176
v -0.04674546 0.31205678 0.06646489
v -0.04529484 0.31075940 0.06668059
v -0.04478613 0.31151262 0.06794046
v -0.04526695 0.31220651 0.06797820
v -0.04581017 0.31291395 0.06793967
v -0.04433550 0.31318495 0.06949884
v -0.04468234 0.31400934 0.06948490
v -0.04399174 0.31233671 0.06945591
v -0.04467199 0.31060642 0.06659141
v -0.04418181 0.31129149 0.06757339
v -0.04344121 0.31205168 0.06888276
v -0.04239054 0.31269905 0.07076521
v -0.04053894 0.31386748 0.07276300
v -0.03981392 0.31384832 0.07080703
v -0.03787682 0.31522304 0.07452358
v -0.03704663 0.31481767 0.07242697
v -0.03426813 0.31953767 0.07592212
v -0.03924075 0.31914499 0.07518587
v -0.03668898 0.31475720 0.07053415
v -0.03416470 0.31284603 0.06690419
v -0.03258381 0.31298754 0.06747252
v -0.03339545 0.31487769 0.07160531
v -0.02351739 0.31186467 0.07222327
v -0.02434865 0.31268340 0.07262867
v -0.02826064 0.31186154 0.06792685
v -0.02788041 0.31146437 0.06776965
v -0.02204966 0.31192303 0.07284068
v -0.02341758 0.31271598 0.07347944
v -0.02767172 0.31438208 0.07275480
v -0.02975439 0.31269410 0.06811104
v -0.02884915 0.31229395 0.06805732
v -0.02596787 0.31353030 0.07258284
v -0.02706692 0.31486300 0.07459746
v -0.02482284 0.31363237 0.07395840
v -0.03360832 0.31536934 0.07359780
v -0.02152553 0.35238788 -0.11640331
v -0.02103627 0.33542952 -0.11859827
v -0.03827600 0.33809915 -0.10726832
v -0.03805254 0.35205111 -0.10499735
v -0.03916618 0.31399474 0.06921244
v -0.03548595 0.31248498 0.06626639
v -0.04788876 0.35362163 -0.09626944
v -0.04707342 0.36274013 -0.09377759
v -0.03866869 0.36435500 -0.10030128
v -0.03567562 0.22532833 -0.05744067
v -0.02686420 0.21474659 -0.06532842
v -0.01993900 0.31170639 0.07391045
v -0.02168101 0.31304711 0.07430273
v -0.01879482 0.31048861 0.07363366
v -0.01813974 0.31025824 0.07379240
v -0.01923224 0.31169635 0.07396280
v -0.02073300 0.31313321 0.07430052
v -0.02378354 0.31425154 0.07477655
v -0.02306558 0.31453198 0.07517045
v -0.02647490 0.31605804 0.07621903
v -0.02661173 0.31536356 0.07586229
v -0.03391984 0.31602433 0.07560015
v -0.03395720 0.31688270 0.07604548
v -0.02598955 0.31670856 0.07559045
v -0.02251412 0.31488031 0.07460544
v -0.02546391 0.31736249 0.07491437
v -0.02231789 0.31572551 0.07429495
v -0.03363778 0.31852967 0.07478089
v -0.03389504 0.31784961 0.07550535
v -0.02164738 0.30839583 0.07400994
v -0.01940748 0.30860421 0.07387575
v -0.02215573 0.30878997 0.07380869
v -0.01972839 0.30898196 0.07356632
v -0.02329704 0.30912879 0.07276222
v -0.01896887 0.30936533 0.07341775
v -0.01823963 0.30910376 0.07371483
v -0.02411527 0.30928081 0.07230191
v -0.01850936 0.31168449 0.07365479
v -0.01724529 0.31003568 0.07379401
v -0.01732465 0.31204319 0.07291740
v -0.01649072 0.31013635 0.07341215
v -0.01958378 0.31427693 0.07336321
v -0.02003638 0.31330767 0.07364431
v -0.01726842 0.30886704 0.07370901
v -0.01782933 0.30837822 0.07382812
v -0.01659234 0.30872661 0.07367278
v -0.01715984 0.30808130 0.07379784
v -0.02435982 0.30548149 0.07530993
v -0.02409544 0.30466160 0.07530674
v -0.02102123 0.30678764 0.07468919
v -0.02042604 0.30621278 0.07459846
v -0.03256890 0.30177847 0.07468323
v -0.03569812 0.30185390 0.07353557
v -0.03218507 0.30058420 0.07466762
v -0.03552799 0.30051506 0.07348587
v -0.02718783 0.30108121 0.07541902
v -0.02775953 0.30212158 0.07537315
v -0.03308931 0.16978100 0.02397935
v -0.04600415 0.30355719 0.06586887
v -0.04711813 0.30236164 0.06524546
v -0.04542563 0.30164418 0.06708343
v -0.04455622 0.30306971 0.06735115
v -0.04292841 0.30270019 0.06899229
v -0.04337328 0.30117190 0.06890953
v -0.04101105 0.30081767 0.07068337
v -0.04090419 0.30231506 0.07074162
v -0.03888204 0.30204651 0.07206555
v -0.03865352 0.30049884 0.07209221
v -0.04901573 0.30707306 0.06267890
v -0.05025702 0.31029320 0.06238458
v -0.05079015 0.30650088 0.06113871
v -0.05242504 0.31000462 0.06021756
v -0.01569819 0.31290215 0.07310869
v -0.01529246 0.31046885 0.07312073
v -0.01392135 0.31366879 0.07427479
v -0.01374760 0.31082326 0.07397380
v -0.01528491 0.31671020 0.07526656
v -0.01721207 0.31572926 0.07388687
v -0.01571472 0.30858210 0.07360861
v -0.01640516 0.30772880 0.07377124
v -0.01441856 0.30850798 0.07387450
v -0.01540086 0.30708051 0.07400072
v -0.02358878 0.30375609 0.07531331
v -0.02302970 0.30279824 0.07532017
v -0.01981146 0.30554974 0.07465243
v -0.01891611 0.30464759 0.07473192
v -0.04893043 0.26989880 -0.07796974
v -0.05173305 0.31111917 -0.09391192
v -0.04664852 0.32345936 0.07248532
v -0.04442628 0.32054591 0.07330522
v -0.04087991 0.32172135 0.07565331
v -0.04277679 0.32542840 0.07557035
v -0.04930293 0.32743397 0.07017796
v -0.05162371 0.32368088 0.06741490
v -0.04923121 0.32095119 0.06950302
v -0.04696531 0.31875458 0.07087045
v -0.05085277 0.31318116 0.06330952
v -0.04903855 0.31314501 0.06510237
v -0.04902535 0.31499079 0.06650728
v -0.05085580 0.31555736 0.06499723
v -0.05313133 0.31321305 0.06125029
v -0.05333913 0.31640518 0.06296272
v -0.05028564 0.31804368 0.06724010
v -0.04822661 0.31672022 0.06854698
v -0.05284375 0.31969112 0.06529805
v -0.02339254 0.32118690 0.07757492
v -0.02418043 0.31938997 0.07614373
v -0.02091924 0.31760043 0.07487256
v -0.01944618 0.31850901 0.07544635
v -0.02208388 0.32296008 0.07888754
v -0.01728601 0.31966805 0.07670165
v -0.03621817 0.32596755 0.07854949
v -0.03532973 0.32252601 0.07744056
v -0.02517180 0.31776386 0.07464208
v -0.02303005 0.31670463 0.07439788
v -0.02499138 0.31794962 0.07462939
v -0.02239732 0.31656307 0.07415800
v -0.05609107 0.37545231 -0.07633001
v -0.05881580 0.38231656 -0.06392263
v -0.04333902 0.39439815 -0.07186951
v -0.04182445 0.38529181 -0.08393857
v -0.04070932 0.31696621 0.07229839
v -0.04128831 0.31735638 0.07266492
v -0.04376424 0.31609032 0.07120709
v -0.04321560 0.31566411 0.07102837
v -0.04501484 0.31452993 0.06953996
v -0.04564934 0.31498489 0.06955086
v -0.04679886 0.31387287 0.06779555
v -0.04623552 0.31356406 0.06805848
v -0.04686908 0.31279671 0.06686201
v -0.04748643 0.31276351 0.06634695
v -0.02269928 0.31743461 0.07472575
v -0.02490838 0.31825712 0.07515304
v -0.04965120 0.34148616 -0.09739181
v -0.04535598 0.36376500 0.05937444
v -0.05222618 0.35976592 0.05279244
v -0.05000085 0.35351589 0.05905502
v -0.04246140 0.31825900 0.07341831
v -0.04498449 0.31701627 0.07143264
v -0.04668069 0.31573227 0.06933798
v -0.04764741 0.31450686 0.06745200
v -0.04809948 0.31351787 0.06627470
v -0.07055688 0.27291766 0.00164004
v -0.07100153 0.27278736 -0.00019243
v -0.07852805 0.28199181 -0.02617814
v -0.07667903 0.28872001 -0.02534016
v -0.07557396 0.29229596 -0.02430234
v -0.07713155 0.30151886 -0.01168946
v -0.08056306 0.30461657 -0.01472142
v -0.08192366 0.26356018 -0.01885561
v -0.07867593 0.26194492 -0.01490915
v -0.08183271 0.26446462 -0.01941536
v -0.08755956 0.30032074 -0.02539251
v -0.08791638 0.29858631 -0.02677182
v -0.08885213 0.29831684 -0.02649392
v -0.04156076 0.25032109 -0.06590619
v -0.04671761 0.26127616 -0.07317832
v -0.08827516 0.29647797 -0.02800462
v -0.07305039 0.27738330 -0.00300597
v -0.07974696 0.28130913 -0.02649822
v -0.08134416 0.28054231 -0.02842925
v -0.08213405 0.27522436 -0.02833555
v -0.08145794 0.27588290 -0.02739821
v -0.08121051 0.27038890 -0.02610167
v -0.08074990 0.27131018 -0.02551564
v -0.08341228 0.26703984 -0.02214312
v -0.08487837 0.27068779 -0.02459381
v -0.08182712 0.30498111 -0.01602574
v -0.08117912 0.30412915 -0.01460599
v -0.08264288 0.30480710 -0.01626271
v -0.07375216 0.27606633 -0.00436551
v -0.07525559 0.29961634 -0.01144949
v -0.07475950 0.29743525 -0.01012203
v -0.07441892 0.29781330 -0.01058069
v -0.06993853 0.28100646 -0.00810420
v -0.06995418 0.28190231 -0.00837561
v -0.07130955 0.27942699 -0.00792921
v -0.07391875 0.27799886 -0.00649414
v -0.06729911 0.27043721 -0.00635697
v -0.06666663 0.26914221 -0.00826992
v -0.06715690 0.26817158 -0.00755209
v -0.08472630 0.31100735 -0.02026380
v -0.07491596 0.29646885 -0.00979657
v -0.07628776 0.29755774 -0.00993581
v -0.07678301 0.29874989 -0.01026064
v -0.08351213 0.30432341 -0.01650083
v -0.07709576 0.29969096 -0.01057211
v -0.07621779 0.29964080 -0.01062907
v -0.07788300 0.30128908 -0.01151435
v -0.07562748 0.29964626 -0.01093159
v -0.07356005 0.27384466 -0.02059369
v -0.07203034 0.27366063 -0.01850322
v -0.07211608 0.29415929 -0.00011822
v -0.07289866 0.29173040 -0.00222857
v -0.07768109 0.26143864 -0.01268749
v -0.07521573 0.29937693 -0.02072778
v -0.07550512 0.30226299 -0.02224096
v -0.08639304 0.27514151 -0.02654026
v -0.07972408 0.27003971 -0.01613406
v -0.07750256 0.26942921 -0.01425893
v -0.08179414 0.27106860 -0.01801594
v -0.08339379 0.27363685 -0.01990157
v -0.07104721 0.28998682 -0.01458580
v -0.08208060 0.29405102 -0.01970634
v -0.08264160 0.29168078 -0.02084230
v -0.08053613 0.29425573 -0.01811763
v -0.07648150 0.30585527 -0.02060510
v -0.07630404 0.30595326 -0.01827099
v -0.07603167 0.30081466 -0.01887994
v -0.07589275 0.30413824 -0.01764344
v -0.06927330 0.27387246 -0.00679596
v -0.06867147 0.26772466 -0.00983248
v -0.06842250 0.26957348 -0.01087353
v -0.06978290 0.26763242 -0.01078703
v -0.06979264 0.26850516 -0.01225692
v -0.07023392 0.26995477 -0.01401311
v -0.07072670 0.27185130 -0.01545830
v -0.07090845 0.27440256 -0.01605098
v -0.06874786 0.27796683 -0.00762052
v -0.07643569 0.30609635 -0.00810165
v -0.06822161 0.27615055 -0.00735839
v -0.07024208 0.27959374 -0.00786255
v -0.07037145 0.27780777 -0.00741206
v -0.07001729 0.27588737 -0.00689517
v -0.07444558 0.26683998 -0.00800554
v -0.07522085 0.26837313 -0.01035733
v -0.07312504 0.26750350 -0.00731242
v -0.07607547 0.26883858 -0.01248192
v -0.07200702 0.26774591 -0.00690629
v -0.07570283 0.30067161 -0.01956826
v -0.07586843 0.30392122 -0.01962572
v -0.07071918 0.27655074 0.00349121
v -0.06387457 0.28637776 0.05161233
v -0.06519819 0.29571825 0.04584555
v -0.02569604 0.23721820 0.07271267
v -0.02494985 0.23407990 0.07316504
v -0.05652570 0.27560195 0.06512042
v -0.05192857 0.27326581 0.07045397
v -0.02481614 0.24290425 0.08448116
v -0.02402377 0.24214706 0.08459750
v -0.02312759 0.24270464 0.08477319
v -0.02389534 0.24308392 0.08447056
v -0.02175362 0.24321488 0.08303685
v -0.02252973 0.24316381 0.08234435
v -0.02272267 0.24318773 0.08325915
v -0.02203379 0.24321331 0.08390741
v -0.02823596 0.25883231 0.08574641
v -0.03181767 0.26282111 0.08420558
v -0.03475796 0.25830030 0.08301769
v -0.03124772 0.25491223 0.08479234
v -0.02421665 0.24184133 0.07505578
v -0.02394811 0.24351209 0.07550441
v -0.02292768 0.24346536 0.07941354
v -0.02325698 0.24277532 0.07897991
v -0.02406409 0.23926149 0.07519887
v -0.02312512 0.24145570 0.07857611
v -0.02575601 0.24117321 0.07256854
v -0.02518948 0.24370758 0.07289869
v -0.03389976 0.23654141 0.08066311
v -0.03028388 0.23872784 0.08233946
v -0.03125929 0.24191849 0.08275954
v -0.03484947 0.24119045 0.08110338
v -0.02484084 0.27039331 0.08491150
v -0.02859133 0.26658621 0.08470672
v -0.02545441 0.26257393 0.08596670
v -0.02168539 0.26685122 0.08593649
v -0.01792759 0.27171892 0.08659784
v -0.02088237 0.27439532 0.08519394
v -0.01646611 0.27953830 0.09007969
v -0.01689170 0.27592081 0.09136169
v -0.01634514 0.27513105 0.09466688
v -0.01670098 0.27721578 0.09343612
v -0.01464053 0.27120364 0.09313302
v -0.01689349 0.27367947 0.08989315
v -0.01075266 0.27018920 0.09354405
v -0.01056227 0.27094305 0.09453929
v -0.01472075 0.27053976 0.09164482
v -0.01492053 0.26963106 0.08981884
v -0.01104789 0.26937500 0.09239512
v -0.01001456 0.27194020 0.09555773
v -0.01273509 0.27178013 0.09563525
v -0.01426403 0.27367976 0.09706242
v -0.00408280 0.27264646 0.10407870
v -0.00527991 0.27398360 0.10603019
v -0.00910929 0.30302435 0.08843710
v -0.01185715 0.29942456 0.08545388
v -0.00912198 0.30050680 0.09065230
v -0.01179471 0.29727152 0.08771537
v -0.01351735 0.27585173 0.10072918
v -0.01478808 0.27769127 0.09895562
v -0.01121594 0.27713946 0.10449886
v -0.01214664 0.27974802 0.10386041
v -0.00361407 0.31807923 0.08751451
v -0.00186050 0.26921061 0.09988346
v -0.00210715 0.26843747 0.09936355
v -0.00158599 0.27025604 0.10179681
v -0.02132014 0.37678814 -0.10333098
v -0.02226789 0.39089674 -0.09248179
v -0.02228292 0.40762913 -0.06918543
v -0.02000695 0.41246557 -0.05642869
v -0.00549773 0.25206169 0.09991326
v -0.00510912 0.25475070 0.09987232
v -0.01252604 0.24745205 0.08325270
v -0.00704626 0.24775949 0.08476438
v -0.00669261 0.24600416 0.08941098
v -0.01196548 0.24583563 0.08809081
v -0.01596455 0.24555263 0.08596592
v -0.01684729 0.24695905 0.08115779
v -0.01281662 0.24864145 0.08064636
v -0.00711863 0.24904102 0.08203794
v -0.01152211 0.24491346 0.09250483
v -0.00636392 0.24524608 0.09465367
v -0.00624610 0.24700664 0.09733328
v -0.01157702 0.24641486 0.09468800
v -0.01764908 0.26501682 0.08850330
v -0.01350987 0.26582459 0.09086398
v -0.00941152 0.26614723 0.09432494
v -0.00621914 0.26610160 0.09695587
v -0.00560622 0.26819795 0.09735796
v -0.00805494 0.26878962 0.09509238
v -0.00539560 0.26910225 0.09783119
v -0.00781740 0.26965040 0.09576692
v -0.00779586 0.27052218 0.09642655
v -0.00829574 0.27190655 0.09677405
v -0.00649274 0.27176729 0.09804605
v -0.00695126 0.27294183 0.09764723
v -0.00538503 0.27001166 0.09818078
v -0.00394925 0.29523432 0.10320006
v -0.00374104 0.29881874 0.10033480
v -0.00966402 0.25622323 0.09773849
v -0.00484453 0.25687197 0.09917984
v -0.00402972 0.26072398 0.09845726
v -0.00833377 0.26064438 0.09695580
v -0.01284542 0.25975576 0.09454370
v -0.01464571 0.25432882 0.09513929
v -0.00242187 0.26759696 0.09890642
v -0.01005694 0.25395995 0.09803979
v -0.01043796 0.25138471 0.09789680
v -0.01518047 0.25191432 0.09530793
v -0.01543154 0.24964459 0.09494125
v -0.01933982 0.25158897 0.09200060
v -0.01819119 0.25763446 0.09171624
v -0.02391965 0.25533578 0.08841942
v -0.02328374 0.24868622 0.08884667
v -0.03112947 0.24514399 0.08366709
v -0.02621665 0.24266121 0.08431374
v -0.02636896 0.24404235 0.08479082
v -0.02607047 0.24530734 0.08574641
v -0.03022348 0.24834654 0.08488350
v -0.03460401 0.24588501 0.08214944
v -0.03341700 0.25055391 0.08346928
v -0.02809781 0.25163457 0.08640257
v -0.02526974 0.24679030 0.08693665
v -0.02497026 0.24371743 0.08500014
v -0.02398699 0.24347398 0.08479178
v -0.02473344 0.24449146 0.08583364
v -0.02373881 0.24389516 0.08551400
v -0.02413932 0.24526569 0.08691974
v -0.02325961 0.24431223 0.08640292
v -0.02226973 0.24505974 0.08774824
v -0.02287734 0.24653675 0.08850648
v -0.02179768 0.24351975 0.08333717
v -0.02082550 0.24366042 0.08442984
v -0.02094696 0.24367017 0.08572581
v -0.02187102 0.24347979 0.08454141
v -0.02245056 0.24336818 0.08261589
v -0.02240473 0.24336892 0.08384850
v -0.02239663 0.24407113 0.08022393
v -0.02140119 0.24433780 0.08104709
v -0.02300150 0.24318261 0.08187724
v -0.02303196 0.24323604 0.08291676
v -0.02305790 0.24328376 0.08430789
v -0.02293357 0.24352679 0.08479356
v -0.02243777 0.24374849 0.08556961
v -0.02154562 0.24409840 0.08670124
v -0.01547336 0.24759753 0.09383325
v -0.01905900 0.24749079 0.09158362
v -0.01878691 0.24577622 0.09025735
v -0.01536002 0.24546312 0.09190484
v -0.01839823 0.24453042 0.08874969
v -0.01738401 0.24803695 0.07872066
v -0.01510144 0.24448659 0.09011364
v -0.02048937 0.24595410 0.07866568
v -0.02142386 0.24696669 0.07616302
v -0.01944750 0.24485007 0.08297533
v -0.02339380 0.24466987 0.07645485
v -0.02237505 0.24492286 0.07701300
v -0.02428167 0.24553186 0.07396556
v -0.02306047 0.24612065 0.07492639
v -0.01826617 0.24390331 0.08695965
v -0.01934972 0.24933465 0.09208926
v -0.01090785 0.24893710 0.09666133
v -0.00580951 0.24959897 0.09887709
v -0.00463336 0.28781897 0.10971512
v -0.00434018 0.29181656 0.10627916
v -0.02245965 0.24308096 0.08467064
v -0.01163344 0.16126361 0.03503316
v -0.02540315 0.24142048 0.08426379
v -0.02350043 0.23687895 0.07531978
v -0.02235919 0.24043982 0.07895760
v -0.03093077 0.23203941 0.08119194
v -0.02648930 0.22787912 0.08364160
v -0.02432328 0.23205914 0.08531373
v -0.02796602 0.23536319 0.08298201
v -0.02147153 0.23817320 0.08748654
v -0.02397996 0.23995540 0.08533025
v -0.02276681 0.24126677 0.08594244
v -0.02040614 0.24023610 0.08807415
v -0.01955515 0.24182497 0.08841542
v -0.02181649 0.24229369 0.08599992
v -0.01774053 0.24358842 0.08695681
v -0.01341420 0.24400316 0.08975113
v -0.01276483 0.24028081 0.08508594
v -0.01741500 0.23993762 0.08268745
v -0.02129308 0.24006234 0.08014028
v -0.02084733 0.24329731 0.08393781
v -0.01833168 0.24362138 0.08772568
v -0.02106446 0.24328844 0.08487130
v -0.01386844 0.24410409 0.09087599
v -0.02199666 0.16462326 0.03075354
v -0.02134738 0.24303517 0.08566656
v -0.01876811 0.24317954 0.08807714
v -0.01455281 0.24329090 0.09154133
v -0.01553871 0.24140826 0.09209213
v -0.01643150 0.23918939 0.09222021
v -0.01719189 0.23636769 0.09143227
v -0.01908950 0.22907120 0.08881878
v -0.02040320 0.22391650 0.08764661
v -0.01314489 0.22729866 0.09177933
v -0.01401530 0.22207387 0.09140610
v -0.01208110 0.23508073 0.09497198
v -0.01171798 0.23859590 0.09625135
v -0.01100944 0.24122873 0.09573045
v -0.01035436 0.24339178 0.09476280
v -0.00293697 0.26584923 0.09843104
v -0.00526983 0.27170137 0.09936219
v -0.00417163 0.27191135 0.10162140
v -0.00742118 0.27541822 0.10681218
v -0.00154369 0.27109692 0.10405311
v -0.00980053 0.27701566 0.10624620
v -0.00822320 0.27650970 0.10772337
v -0.00883420 0.27817875 0.10851872
v -0.00996029 0.27880761 0.10722172
v -0.00679484 0.27593255 0.10897371
v -0.00797232 0.27799898 0.10952342
v -0.00277811 0.27495471 0.11075862
v -0.00361342 0.27849612 0.11258925
v -0.00450370 0.28417847 0.11197425
v -0.00398850 0.28074059 0.11290251
v -0.00922506 0.27991706 0.10889397
v -0.01056467 0.28175390 0.10705780
v -0.01075391 0.28475988 0.10468880
v -0.01271748 0.28238276 0.10119745
v -0.01089861 0.41831395 -0.01135225
v -0.00965025 0.24445716 0.09380545
v -0.00872585 0.24435984 0.09195445
v -0.01250669 0.23000133 0.07860237
v -0.01257072 0.23440175 0.08093175
v -0.00785242 0.23427017 0.08242150
v -0.00776199 0.23002806 0.08022785
v -0.00486313 0.24446757 0.09282382
v -0.00456851 0.24055696 0.08763817
v -0.00824341 0.24056241 0.08685756
v -0.00513300 0.24466206 0.09510364
v -0.00562889 0.24346136 0.09643887
v -0.00616836 0.24120827 0.09776666
v -0.00425109 0.23415554 0.08314894
v -0.00422003 0.22976303 0.08095390
v -0.02192243 0.23541711 0.07641798
v -0.02249520 0.23170713 0.07442435
v -0.01746957 0.23439924 0.07893577
v -0.01775049 0.23051900 0.07684252
v -0.00769943 0.22167298 0.09428221
v -0.00699997 0.22674997 0.09395577
v -0.00647933 0.23801090 0.09817440
v -0.00666792 0.23412330 0.09673883
v -0.02254945 0.40040430 -0.08139633
v -0.06348248 0.36491990 0.02911554
v -0.06163065 0.35820419 0.03739222
v -0.05494987 0.36622652 0.04398461
v -0.05678315 0.37160835 0.03636396
v -0.06371298 0.37217817 0.02044819
v -0.05727830 0.37787098 0.02829934
v -0.03982178 0.40826395 -0.03094755
v -0.04036833 0.40802461 -0.01650671
v -0.02204990 0.41574341 -0.01267183
v -0.03500433 0.40891376 -0.04542634
v -0.04701621 0.39987364 -0.05448851
v -0.04891407 0.40209842 -0.03454265
v -0.04887012 0.40230909 -0.01908635
v -0.02725744 0.20175253 -0.06650278
v -0.05139582 0.32386366 -0.09634618
v -0.04763171 0.40188059 -0.00515011
v -0.03988422 0.40687135 -0.00246516
v -0.03961725 0.40458408 0.01027759
v -0.04649971 0.40025556 0.00676366
v -0.02208318 0.41413116 0.00223139
v -0.01099274 0.41659853 0.00421861
v -0.01870379 0.28574258 -0.10619699
v -0.00365338 0.30217791 0.09759581
v -0.04604691 0.23771863 -0.04817616
v -0.05665075 0.23664919 -0.03082500
v -0.05804192 0.18616170 -0.00947735
v -0.06851780 0.25899482 -0.01299237
v -0.06820218 0.25960293 -0.01381329
v -0.05902076 0.22217892 -0.01237260
v -0.06003241 0.23555364 -0.01335292
v -0.03694652 0.23811382 -0.05975923
v -0.07776760 0.26985678 -0.02431812
v -0.07849005 0.27356347 -0.02559472
v -0.07898102 0.26895112 -0.02396726
v -0.07983552 0.27284718 -0.02552962
v -0.07995243 0.27707419 -0.02633270
v -0.07954468 0.26721653 -0.02311678
v -0.07656579 0.30602121 -0.01570311
v -0.07789873 0.30763504 -0.01502613
v -0.06805789 0.25756961 -0.00866061
v -0.06788855 0.25813571 -0.01034969
v -0.06737337 0.25788870 -0.00939817
v -0.06718630 0.25741905 -0.00811664
v -0.06777102 0.25675088 -0.00711237
v -0.06705448 0.25694486 -0.00697250
v -0.07888278 0.32219747 -0.00957655
v -0.06567561 0.25745448 -0.01034361
v -0.06747577 0.25926286 -0.01315628
v -0.06752917 0.25863177 -0.01166897
v -0.06671515 0.25796518 -0.01014589
v -0.06641456 0.25704995 -0.00811305
v -0.06642597 0.25620598 -0.00640305
v -0.06723427 0.25554189 -0.00606640
v -0.07975956 0.26609191 -0.02353621
v -0.07240981 0.25599948 -0.01170355
v -0.07704665 0.29809728 -0.02152399
v -0.07711544 0.29630277 -0.02287292
v -0.07940567 0.29782909 -0.02455083
v -0.07925110 0.30013597 -0.02326888
v -0.05874837 0.27204201 -0.06502814
v -0.06030857 0.28264412 -0.07102294
v -0.01399162 0.20442528 -0.07066281
v -0.01330925 0.21689257 -0.07062822
v -0.07415190 0.31655487 -0.05737121
v -0.07696087 0.29982397 -0.02009386
v -0.07921069 0.30197459 -0.02184886
v -0.07879602 0.27775174 -0.02624089
v -0.07601165 0.29921767 -0.02002117
v -0.07617950 0.29749456 -0.02140617
v -0.08031452 0.30358624 -0.02356594
v -0.08047105 0.30135554 -0.02514793
v -0.08051069 0.29880849 -0.02653694
v -0.07621360 0.29557237 -0.02268994
v -0.07643653 0.30428684 -0.02241019
v -0.07877485 0.34802195 -0.03476458
v -0.07713570 0.34123048 -0.04853337
v -0.07471122 0.36470509 -0.03908788
v -0.07321317 0.35878247 -0.05398985
v -0.06848547 0.35190955 -0.06993768
v -0.07241740 0.33316889 -0.06441455
v -0.07629029 0.30583736 -0.01691628
v -0.07876923 0.30856901 -0.01560453
v -0.06348340 0.37777582 0.01207120
v -0.06855994 0.37222585 0.00507198
v -0.05703665 0.38312101 0.02071362
v -0.05630914 0.38775966 0.01357024
v -0.06215413 0.38322634 0.00459626
v -0.06929882 0.37567270 -0.00701806
v -0.08002906 0.33995679 -0.01938277
v -0.07804656 0.35427639 -0.02087409
v -0.07561272 0.35909963 -0.00760194
v -0.07324009 0.37038696 -0.02391022
v -0.06466791 0.38445517 -0.01394421
v -0.06826390 0.38029882 -0.02821908
v -0.05811489 0.39338377 -0.01822868
v -0.06018534 0.39094716 -0.03280250
v -0.06006273 0.38821268 -0.04885678
v -0.06955779 0.37595096 -0.04313042
v -0.05998617 0.38828850 -0.00192654
v -0.05446164 0.39213741 0.00777257
v -0.05520460 0.39485943 -0.00565926
v -0.05216885 0.39594212 0.00303299
v -0.07378041 0.36133161 -0.00057083
v -0.06305390 0.25114655 -0.00559995
v -0.06474333 0.25096259 -0.00069804
v -0.06856277 0.26227811 0.00623691
v -0.06790652 0.28866377 0.03956536
v -0.06786500 0.30122370 0.03664289
v -0.07087660 0.29294983 0.02653487
v -0.06946484 0.27801040 0.02871724
v -0.06659942 0.31487858 0.03424887
v -0.07021059 0.30717599 0.02456134
v -0.07042073 0.32132685 0.02165572
v -0.06683990 0.32936975 0.03300856
v -0.06008112 0.34574014 -0.08548804
v -0.06276697 0.32875350 -0.08319908
v -0.06330546 0.31608796 -0.08029860
v -0.04815885 0.34766379 0.06339537
v -0.02117823 0.36683467 -0.10987236
v -0.04781856 0.37112424 0.05135655
v -0.05223375 0.36698195 -0.08683667
v -0.03977158 0.37303042 -0.09484471
v -0.06828193 0.37033203 -0.05785425
v -0.06459100 0.36413643 -0.07109894
v -0.05676677 0.35695785 -0.08615734
v -0.06205341 0.30020094 -0.07693636
v -0.04735431 0.39691105 0.01470886
v -0.05564257 0.31312174 0.05823069
v -0.05483960 0.30862042 0.05752574
v -0.05582383 0.31794158 0.05956601
v -0.05323787 0.30396500 0.05925029
v -0.01533403 0.29627833 0.08316438
v -0.01486209 0.29427832 0.08517189
v -0.01457618 0.29176939 0.08720166
v -0.01814948 0.29157335 0.08307009
v -0.01756638 0.28856435 0.08497096
v -0.01132517 0.29222277 0.09241332
v -0.01168441 0.29479662 0.08995719
v -0.01398014 0.28928617 0.08923049
v -0.01351412 0.28609562 0.09113986
v -0.01128032 0.28908753 0.09478460
v -0.01745278 0.27338451 0.08778004
v -0.01853086 0.27810737 0.08603775
v -0.01612216 0.28246409 0.08797473
v -0.02128942 0.28561187 0.08366049
v -0.02017030 0.28220037 0.08508147
v -0.01687565 0.28582138 0.08659260
v -0.02238566 0.28901079 0.08170553
v -0.01441047 0.28257695 0.09359618
v -0.01533585 0.27951193 0.09662686
v -0.01195251 0.28568617 0.09799518
v -0.01022585 0.28794557 0.10122479
v -0.00952476 0.29151484 0.09803411
v -0.01882908 0.29376405 0.08126317
v -0.02353893 0.29153398 0.08015191
v -0.02362876 0.27857515 0.08455898
v -0.02807255 0.27510095 0.08426819
v -0.02581749 0.28301570 0.08290529
v -0.03007035 0.28015667 0.08258810
v -0.02694992 0.28671309 0.08110645
v -0.03142166 0.28409293 0.08064491
v -0.03216906 0.27139762 0.08391154
v -0.03563447 0.26731095 0.08294505
v -0.03879337 0.26223364 0.08132918
v -0.03854199 0.27240714 0.08112074
v -0.04217495 0.26688075 0.07934675
v -0.04048666 0.27746925 0.07898553
v -0.04478206 0.27239585 0.07709471
v -0.03466365 0.27661476 0.08211643
v -0.03629068 0.28098086 0.07997727
v -0.03259886 0.28787056 0.07872458
v -0.02816601 0.28988230 0.07936283
v -0.04167268 0.28872168 0.07496648
v -0.04148587 0.28316680 0.07696471
v -0.03712998 0.28564966 0.07790371
v -0.03763130 0.29019189 0.07602045
v -0.04638929 0.27923003 0.07485791
v -0.04611700 0.28694639 0.07326335
v -0.04529969 0.29197600 0.07171138
v -0.03144965 0.29864928 0.07531957
v -0.02659646 0.29933122 0.07604834
v -0.03499937 0.29831186 0.07423453
v -0.04130179 0.29278493 0.07347392
v -0.03786002 0.29354197 0.07474051
v -0.04908484 0.29943785 0.06519799
v -0.04683346 0.29863688 0.06747490
v -0.04118358 0.29810810 0.07155974
v -0.03834776 0.29814431 0.07302736
v -0.04418202 0.29830483 0.06966253
v -0.02206475 0.30102465 0.07600278
v -0.01745949 0.30298570 0.07591964
v -0.05564868 0.22372431 -0.02791056
v -0.00924063 0.29489696 0.09566316
v -0.00916735 0.29778072 0.09311773
v -0.01448599 0.32012004 0.07869125
v -0.01252743 0.31713086 0.07761335
v -0.00667039 0.31782278 0.08476517
v -0.01870521 0.32412413 0.08128392
v -0.01419239 0.30545875 0.07598760
v -0.01235277 0.30795559 0.07600088
v -0.01144770 0.31072667 0.07635652
v -0.01135754 0.31394225 0.07685046
v -0.02991647 0.33876592 0.08162548
v -0.02652469 0.33223301 0.08386491
v -0.05829851 0.35185209 0.04672371
v -0.06166401 0.34297162 0.04344068
v -0.05016372 0.33277836 0.06665795
v -0.05328451 0.32825258 0.06396417
v -0.05517813 0.32310700 0.06152622
v -0.06309861 0.33111507 0.04142414
v -0.06376710 0.31845149 0.04143562
v -0.06472469 0.30663505 0.04291670
v -0.04946477 0.38312268 0.03670226
v -0.04916055 0.38841245 0.02954759
v -0.04901478 0.37724838 0.04402905
v -0.03974824 0.40142852 0.02020442
v -0.04008202 0.39757571 0.02909104
v -0.04847468 0.39298537 0.02220763
v -0.04077642 0.39286253 0.03679626
v -0.04115281 0.38737321 0.04386635
v -0.04055281 0.38133052 0.05108184
v -0.03953047 0.37482557 0.05828105
v -0.03766085 0.36660844 0.06570598
v -0.04509420 0.22490807 -0.04514166
v -0.00733873 0.28387597 0.09422142
v -0.00664386 0.28404614 0.09493494
v -0.00625737 0.28351074 0.09366519
v -0.00556037 0.28365025 0.09435244
v -0.00531595 0.28226838 0.09396989
v -0.00656046 0.27487659 0.09666250
v -0.00505184 0.27677828 0.09533852
v -0.00467389 0.28025311 0.09418258
v -0.06713937 0.25583726 0.00452160
v -0.05664476 0.19034964 -0.02350839
v -0.05244075 0.19422545 -0.03549834
v 0.05536261 0.18955307 -0.02395725
v 0.05165661 0.19354415 -0.03589753
v 0.02009011 0.15730785 0.02862363
v 0.03115206 0.16134761 0.02263958
v 0.03222051 0.15319045 0.02096496
v 0.02077104 0.14940667 0.02640646
v 0.05797993 0.17207970 -0.02915876
v 0.05638664 0.18000138 -0.02365656
v 0.05318192 0.18475963 -0.03851628
v 0.05628866 0.17683649 -0.04439924
v 0.04626847 0.18749766 -0.05167490
v 0.04946502 0.17893074 -0.05728402
v 0.03908104 0.17935222 -0.06737711
v 0.03663858 0.18923290 -0.06169204
v 0.02525806 0.18898958 -0.06921839
v 0.02748185 0.17826746 -0.07429296
v 0.04230957 0.16610387 0.01457425
v 0.05114490 0.17102246 0.00339450
v 0.05071084 0.16157737 0.00291805
v 0.04221318 0.15794614 0.01360871
v 0.05558141 0.17617689 -0.00949047
v 0.05611544 0.16689514 -0.01225051
v 0.01373700 0.17883167 -0.07806509
v 0.01219055 0.19134711 -0.07279002
v 0.02314476 0.13156091 0.02370654
v 0.01052670 0.12908913 0.02625769
v 0.01014441 0.13800398 0.02735572
v 0.02207535 0.14032583 0.02446217
v 0.05395187 0.13228752 0.00408514
v 0.06822629 0.13978364 -0.01046364
v 0.07466376 0.13177265 -0.00509481
v 0.05947366 0.12332593 0.00925355
v 0.07056007 0.10270965 0.02759933
v 0.09453282 0.11080543 0.01217608
v 0.09145448 0.08989780 0.03291679
v 0.07188540 0.08544859 0.03988494
v 0.08950368 0.07204395 0.04851922
v 0.07203358 0.06830068 0.05284176
v 0.08571020 0.02170388 0.08490165
v 0.06904638 0.02080498 0.08874841
v 0.07001764 0.03664012 0.07736939
v 0.08683453 0.03791124 0.07329580
v 0.10114897 -0.07634313 0.11284647
v 0.08784143 -0.07177243 0.11893927
v 0.09522566 -0.05555867 0.12033846
v 0.10722608 -0.05801468 0.11594458
v 0.15199402 0.03894221 0.04855058
v 0.15438557 0.05614865 0.03997093
v 0.16355191 0.04384035 0.03929070
v 0.16039711 0.02677198 0.04556977
v 0.11156473 0.14573856 -0.03450059
v 0.10526956 0.13173647 -0.01135500
v 0.09314141 0.13555862 -0.01774176
v 0.09927171 0.14832844 -0.03818453
v 0.15108006 -0.04716600 0.06422350
v 0.14628771 -0.05931032 0.07278420
v 0.14249384 -0.04930014 0.08132786
v 0.14601095 -0.03735809 0.07422764
v 0.12103191 -0.15747894 0.06839631
v 0.10600547 -0.15825167 0.08544510
v 0.10636081 -0.13811269 0.08422026
v 0.12083145 -0.13729392 0.06819377
v 0.15606163 -0.11681226 -0.00018801
v 0.15719630 -0.11851515 -0.02688496
v 0.15421635 -0.13420536 -0.02693157
v 0.15372452 -0.13386594 -0.00033167
v 0.11480738 0.02058741 0.07576283
v 0.10101393 0.02166960 0.08043045
v 0.10242485 0.03801433 0.06917170
v 0.11659227 0.03699599 0.06515799
v 0.24033317 -0.07600963 -0.00253516
v 0.22705704 -0.08766381 -0.00174367
v 0.21708472 -0.06600736 0.00086699
v 0.23032437 -0.05410573 0.00021342
v 0.15321164 -0.22697887 0.01188893
v 0.15268111 -0.22305867 -0.01385380
v 0.15584870 -0.24041121 -0.01143879
v 0.15530926 -0.24483253 0.01476484
v 0.19673310 0.08499710 0.00750075
v 0.20520462 0.10033195 -0.01207132
v 0.21281952 0.08386132 -0.01185422
v 0.20319575 0.06866376 0.00636021
v 0.14663288 0.00965035 0.06116068
v 0.14928786 0.02398625 0.05541541
v 0.15731983 0.01338909 0.05006718
v 0.15409486 0.00152329 0.05415401
v 0.16588566 -0.08884519 -0.03133944
v 0.16558906 -0.08682107 -0.00842506
v 0.16831782 -0.07050982 -0.01403475
v 0.16881108 -0.07254238 -0.03475136
v 0.16141957 -0.10254645 -0.00366674
v 0.16174458 -0.10451734 -0.02856639
v 0.13755099 0.01523806 0.06636488
v 0.12691577 0.01853917 0.07116391
v 0.12896658 0.03505420 0.06162878
v 0.13937585 0.03170134 0.05858123
v 0.09466802 -0.09232710 0.10555882
v 0.07886978 -0.08668093 0.11351245
v 0.14792444 -0.24994120 0.03986408
v 0.13550566 -0.25532609 0.06179990
v 0.13538444 -0.23615068 0.05900678
v 0.14717413 -0.23146826 0.03693656
v 0.08934812 -0.12001015 0.09398792
v 0.09031679 -0.10557892 0.09764828
v 0.10540288 -0.10713954 0.08818682
v 0.10473801 -0.12091818 0.08261099
v 0.11927707 -0.26018921 0.08055372
v 0.10121533 -0.26465642 0.09781951
v 0.10110418 -0.24360409 0.09451498
v 0.11933989 -0.24037495 0.07782006
v 0.08806479 0.05477022 0.06141550
v 0.07124762 0.05235682 0.06546137
v 0.12386151 -0.07713422 0.09712447
v 0.11335935 -0.07766513 0.10544505
v 0.11841045 -0.05917542 0.10893015
v 0.12730034 -0.05923313 0.10074898
v 0.16658460 0.01138081 0.03794348
v 0.17114641 0.02676205 0.03335897
v 0.17076626 0.00417059 0.02029193
v 0.16863473 -0.00341112 0.02406843
v 0.15830301 -0.25698045 -0.00913536
v 0.15702710 -0.26177439 0.01704681
v 0.12005056 -0.28031790 0.08273489
v 0.10187232 -0.28569832 0.09991325
v 0.16557747 -0.01576363 -0.03291139
v 0.15959333 -0.01271353 -0.03602213
v 0.15939689 -0.01612673 -0.04978741
v 0.16719279 -0.01881226 -0.04762614
v 0.05520572 -0.05299756 0.12291203
v 0.07041640 -0.04388529 0.12330683
v 0.07633316 -0.06099983 0.12321121
v 0.06395884 -0.07390604 0.11992618
v 0.12022553 -0.09339473 0.08837897
v 0.11858360 -0.10628171 0.07817967
v 0.10831612 -0.09410153 0.09717721
v 0.03938058 -0.06299943 0.11841083
v 0.04963983 -0.08953404 0.11316682
v 0.05338567 0.04914356 0.06902099
v 0.05240627 0.03461428 0.08054711
v 0.05356272 0.06455319 0.05772066
v 0.03487994 0.06050153 0.06231423
v 0.03357288 0.07647193 0.05215770
v 0.05230636 0.08043945 0.04682040
v 0.03100953 0.09159864 0.04326119
v 0.04961122 0.09611480 0.03710226
v 0.03832564 0.12578650 0.01564550
v 0.04204579 0.11728615 0.02048055
v 0.16273625 0.00082105 0.04112174
v 0.15958250 -0.00913558 0.04422258
v 0.13634729 -0.27429187 0.06376375
v 0.11926708 0.06963696 -0.12692523
v 0.11532488 0.05154486 -0.13243008
v 0.13360649 0.05402398 -0.12418340
v 0.13721530 0.07135729 -0.11847252
v 0.12345197 0.14641652 -0.03212235
v 0.12037317 0.13308927 -0.00758605
v 0.16500767 -0.01174704 -0.09695873
v 0.16613075 -0.00675254 -0.09285960
v 0.16608556 0.00149631 -0.09708256
v 0.16344130 -0.00236955 -0.10209073
v 0.16046675 -0.00717904 -0.07809249
v 0.15921813 -0.01302271 -0.07111422
v 0.16131811 -0.01796226 -0.07459713
v 0.16334510 -0.01209998 -0.08186030
v 0.14975420 -0.23691463 -0.03575308
v 0.14574556 -0.21945851 -0.03820409
v 0.13293004 -0.10646174 -0.09387227
v -0.00188245 0.17008129 -0.08528021
v -0.00143793 0.18157592 -0.07870562
v 0.14469270 -0.11361563 -0.07384103
v 0.15202482 -0.09780056 -0.07349679
v 0.14250484 -0.09037628 -0.09231037
v 0.01727311 0.04179705 -0.12799476
v 0.01729318 0.02559734 -0.13000953
v 0.03644430 0.03045489 -0.13441411
v 0.03674763 0.04691843 -0.13189827
v 0.07928538 0.07786082 -0.13252997
v 0.08076825 0.09438976 -0.12745546
v 0.05740915 0.08604700 -0.12859297
v 0.05707542 0.07047971 -0.13227177
v 0.09873579 0.06581308 -0.13386677
v 0.09579469 0.04729406 -0.13816686
v 0.16710100 -0.07128765 -0.05444725
v 0.16318710 -0.08691154 -0.05298497
v 0.17199951 -0.04007132 -0.04325851
v 0.17122234 -0.03976324 -0.05908708
v 0.17100176 -0.04804425 -0.05823365
v 0.17226438 -0.04828513 -0.04133349
v 0.09015952 0.15310091 -0.04251370
v 0.08747184 0.15814786 -0.06320204
v 0.09830365 0.15412857 -0.06048052
v 0.05157192 0.13632716 -0.10492039
v 0.05082312 0.12915307 -0.10934746
v 0.06600981 0.13567767 -0.10469863
v 0.06173646 0.14077996 -0.10056520
v 0.04100364 -0.03981175 -0.13689891
v 0.01995054 -0.04037284 -0.13432160
v 0.02069588 -0.06164192 -0.13179247
v 0.04331358 -0.06298063 -0.13372123
v 0.16778909 -0.02023182 -0.08058495
v 0.16836907 -0.02610590 -0.08270811
v 0.16997099 -0.03082310 -0.07249524
v 0.16796137 -0.02521069 -0.07146893
v 0.16856506 -0.04544348 -0.07248113
v 0.16976079 -0.03738429 -0.07260023
v 0.16717982 -0.03274365 -0.08395020
v 0.16487372 -0.04061161 -0.08521808
v 0.15059593 -0.07501229 -0.08943219
v 0.15846688 -0.08198267 -0.07231776
v 0.16342816 -0.06705891 -0.07248574
v 0.15707548 -0.06091080 -0.08827714
v 0.01954466 -0.13120535 -0.11454352
v 0.03873200 -0.13427140 -0.11773299
v 0.03993900 -0.11087561 -0.12312613
v 0.01991331 -0.10873101 -0.12156304
v 0.16484150 -0.00669654 -0.01311147
v 0.16843791 -0.00087377 0.00185101
v 0.16878490 -0.01166232 -0.00315618
v 0.16569646 -0.01898181 -0.01896989
v 0.18780759 -0.00198658 -0.10130945
v 0.18155797 0.00400290 -0.10042275
v 0.17766105 -0.00191905 -0.09852915
v 0.18420464 -0.00706397 -0.10029894
v 0.16670144 -0.04217909 -0.03753599
v 0.16845936 -0.03463863 -0.02309515
v 0.17422178 -0.05332245 -0.02631317
v 0.17149557 -0.06041375 -0.04112995
v 0.13678385 0.14529668 -0.05956522
v 0.13611241 0.14734696 -0.03014692
v 0.12551887 0.14850771 -0.05909696
v 0.16375376 -0.04731928 -0.06307129
v 0.16509022 -0.04398796 -0.07446697
v 0.16097778 -0.03159188 -0.06989399
v 0.16106938 -0.03338511 -0.05842544
v 0.24323837 -0.04349981 -0.00947643
v 0.25333464 -0.06511351 -0.01181745
v 0.17831127 -0.08178109 -0.05718211
v 0.18060061 -0.08069983 -0.07003420
v 0.17106307 -0.06365450 -0.06696898
v 0.17021517 -0.06447041 -0.05457160
v 0.12471513 -0.12229052 -0.09299544
v 0.13844225 -0.12891285 -0.07394660
v 0.12221382 -0.23195392 -0.07411304
v 0.13808760 -0.23398945 -0.05717891
v 0.13303697 -0.21602327 -0.05948131
v 0.11742522 -0.21309230 -0.07646970
v 0.15223236 -0.25371048 -0.03403459
v 0.12505381 -0.25032860 -0.07177619
v 0.14069012 -0.25141373 -0.05505650
v 0.06716721 0.16504808 -0.05917793
v 0.05604720 0.16537283 -0.07453740
v 0.06695756 0.16033085 -0.07826781
v 0.07819903 0.16175351 -0.06410366
v 0.17804775 -0.36594310 -0.03732292
v 0.17774047 -0.39440414 -0.04252642
v 0.18355207 -0.39630502 -0.01197579
v 0.18204141 -0.36919698 -0.00689020
v 0.03661390 0.15041862 -0.09616725
v 0.05292409 0.15661491 -0.08788858
v 0.04373148 0.16233456 -0.08412091
v 0.03041511 0.15816016 -0.09091149
v 0.17918287 -0.34405816 -0.00557446
v 0.17596486 -0.33891290 -0.03471482
v 0.08183110 0.15729153 -0.04322174
v 0.07172560 0.16060853 -0.03970091
v 0.07547931 0.14830008 -0.02579394
v 0.06643602 0.15211953 -0.02279188
v 0.05935777 0.14563163 -0.00703303
v 0.18321590 -0.40367138 0.01738344
v 0.17993049 -0.37717837 0.02001836
v 0.05287880 0.17141667 -0.06449862
v 0.04148946 0.17039782 -0.07495145
v 0.02601174 0.16705985 -0.08284519
v 0.01141110 0.16693090 -0.08625859
v 0.15634175 -0.27004275 -0.03338258
v 0.16128133 -0.27345899 -0.00768508
v 0.12334248 -0.50076550 -0.11260477
v 0.09592585 -0.50404179 -0.12084167
v 0.09321603 -0.51784921 -0.11037964
v 0.12552634 -0.51678628 -0.10233471
v 0.02772127 -0.49043646 -0.12246413
v 0.02382000 -0.50392169 -0.10633755
v 0.05842352 -0.51325244 -0.11084545
v 0.06337939 -0.50012875 -0.12415010
v 0.06399969 -0.36962852 -0.14337847
v 0.06448781 -0.34738976 -0.13518417
v 0.03497474 -0.34781662 -0.13611993
v 0.03399713 -0.37019151 -0.14355409
v 0.12982313 -0.26728511 -0.07272626
v 0.14532724 -0.26802486 -0.05534597
v 0.15905850 -0.27856702 0.01885346
v 0.18914782 -0.53557777 -0.01338714
v 0.18337455 -0.57130080 -0.01561839
v 0.17997618 -0.57814252 0.02271076
v 0.18390904 -0.54218525 0.02712159
v 0.14910880 -0.56497699 -0.07513983
v 0.15403450 -0.53549933 -0.07848049
v 0.12219279 -0.53789985 -0.09517690
v 0.11750659 -0.56317711 -0.09021892
v 0.08297415 -0.29036450 0.11569126
v 0.10210431 -0.30618760 0.09969581
v 0.08275931 -0.31175521 0.11482559
v 0.02308755 -0.30052155 0.14028768
v 0.04473132 -0.29765329 0.13604765
v 0.04233128 -0.31980109 0.13453531
v 0.02121131 -0.32257846 0.13846594
v 0.02708716 -0.43611470 0.11410892
v 0.01229308 -0.43641931 0.11645067
v 0.01457473 -0.41359255 0.12025601
v 0.03208578 -0.41204357 0.11783703
v 0.17073938 -0.38587651 0.04591065
v 0.15383852 -0.39438504 0.06744076
v 0.15013145 -0.37221503 0.06671254
v 0.16599555 -0.36312455 0.04584778
v 0.02078566 -0.51397979 -0.08660451
v 0.05234516 -0.52466488 -0.09459934
v 0.16431645 -0.58354592 0.05862343
v 0.16605684 -0.54777914 0.06320953
v 0.13726525 -0.58804250 0.08464963
v 0.10421286 -0.58728814 0.09552421
v 0.10670123 -0.55606276 0.09872257
v 0.13951518 -0.55341172 0.08762787
v 0.02815041 -0.50702178 0.08425346
v 0.01212263 -0.52066362 0.05958463
v 0.01094834 -0.51555479 0.06519230
v 0.02387047 -0.49647701 0.09085409
v 0.03027035 -0.47593197 -0.13347493
v 0.06361081 -0.48363256 -0.13508405
v 0.06313021 -0.46463689 -0.14291023
v 0.03104795 -0.45910814 -0.14150952
v 0.10682896 -0.24986005 -0.08388653
v 0.11131752 -0.26769665 -0.08582652
v 0.08732722 -0.24932650 -0.09174571
v 0.10400558 -0.23001847 -0.08604822
v 0.08428214 -0.22882815 -0.09297174
v 0.08755707 -0.10314727 -0.11886157
v 0.10749459 -0.11365207 -0.10797863
v 0.11663926 -0.09732599 -0.11041401
v 0.09705786 -0.08453087 -0.12240753
v 0.05601771 0.03609750 -0.13871224
v 0.05635768 0.05324253 -0.13597344
v 0.08081091 -0.55593622 -0.09509698
v 0.04120706 -0.53964651 -0.08262862
v 0.04870813 -0.57919520 -0.08357337
v 0.08332577 -0.58613729 -0.09129436
v 0.16607812 -0.59861225 -0.05024892
v 0.17288932 -0.56619054 -0.05010372
v 0.14439499 -0.59521359 -0.07349671
v 0.17698677 -0.60493302 -0.01727838
v 0.17506219 -0.61192560 0.02034196
v 0.13361509 -0.62098247 0.08129377
v 0.10064524 -0.61920393 0.09092242
v 0.02039751 -0.57967430 0.05566857
v 0.04198422 -0.58283329 0.07540608
v 0.03967873 -0.60861111 0.06769643
v 0.01949263 -0.60304642 0.04593734
v 0.06780862 -0.44019234 0.10475202
v 0.10260287 -0.42011008 0.09522450
v 0.10495830 -0.44460344 0.09589136
v 0.07546891 -0.46421999 0.10112146
v 0.02808338 -0.27763155 0.13950343
v 0.04582444 -0.27432540 0.13570254
v 0.06368193 -0.29438448 0.12823857
v 0.06376822 -0.27130270 0.12763676
v 0.08257251 -0.26826385 0.11429107
v 0.04706321 -0.17911679 0.12920086
v 0.06866535 -0.17957291 0.11909126
v 0.06591152 -0.20195647 0.12195777
v 0.04502440 -0.20217589 0.13216315
v 0.04928952 -0.15578520 0.12461158
v 0.07134009 -0.15666531 0.11525078
v 0.04964212 -0.11182965 0.10977548
v 0.07189447 -0.10077369 0.10639270
v 0.07100420 -0.11666813 0.10327479
v 0.03500262 0.04538083 0.07258058
v 0.03454955 0.03081731 0.08276388
v 0.17515692 -0.41094103 0.04490663
v 0.01285864 -0.54749006 -0.05523301
v 0.00207139 -0.55794644 -0.02553897
v 0.00575937 -0.58413863 -0.03545541
v 0.02069721 -0.57904935 -0.06321222
v 0.17561159 -0.35320109 0.02136965
v 0.14914501 -0.26785532 0.04200256
v 0.15034227 -0.28533167 0.04332636
v 0.14618649 -0.13262150 0.02637203
v 0.14760193 -0.11138631 0.03109904
v 0.08440667 -0.03827865 0.12109956
v 0.08563954 -0.05120279 0.12265331
v 0.17898858 -0.53233534 -0.05033027
v 0.12310778 -0.68079692 0.07108480
v 0.09048884 -0.67942536 0.07772858
v 0.09572598 -0.64973634 0.08492650
v 0.12860975 -0.65186584 0.07648851
v 0.01007956 -0.62490487 0.01045181
v 0.01998344 -0.62982899 0.03541345
v 0.02225595 -0.65852964 0.02537405
v 0.01471195 -0.65402770 0.00025529
v 0.01887647 -0.68364513 -0.00760667
v 0.02398861 -0.68884641 0.01793280
v 0.02454407 -0.71793216 0.00847860
v 0.02148928 -0.71258450 -0.01570730
v 0.15956472 -0.61852497 0.05555876
v 0.16226549 -0.67380905 0.01825435
v 0.14868096 -0.67927134 0.04904563
v 0.15386394 -0.64970511 0.05261558
v 0.16846278 -0.64384234 0.01946135
v 0.11624476 -0.59206587 -0.08716447
v 0.00712432 -0.59794611 0.02130452
v 0.00632937 -0.57588726 0.03226705
v 0.02140871 -0.64804929 -0.04910801
v 0.03700728 -0.64648676 -0.07111000
v 0.02880059 -0.61410213 -0.06793482
v 0.01293703 -0.61619246 -0.04301637
v 0.14111832 -0.65321887 -0.06970643
v 0.15787096 -0.65840828 -0.04631921
v 0.16168377 -0.62919760 -0.04769417
v 0.14264759 -0.62461889 -0.07127803
v 0.16456674 -0.66576636 -0.01535496
v 0.17060328 -0.63613373 -0.01568491
v 0.15103696 -0.73084909 0.01555501
v 0.13592748 -0.73532689 0.04221277
v 0.14246324 -0.70793444 0.04574469
v 0.15644468 -0.70272654 0.01682356
v 0.15540904 -0.72269011 -0.01617550
v 0.15967554 -0.69432378 -0.01579392
v 0.15498073 -0.68663239 -0.04551611
v 0.15200660 -0.71482384 -0.04411590
v 0.13762245 -0.70849502 -0.06530823
v 0.13966085 -0.68082875 -0.06792326
v 0.11792590 -0.67737049 -0.08294272
v 0.11815061 -0.70440668 -0.08005235
v 0.09295087 -0.67521793 -0.08850951
v 0.06696065 -0.67447662 -0.08453170
v 0.07222031 -0.70162648 -0.08313730
v 0.09586772 -0.70222652 -0.08555183
v 0.03426213 -0.70530313 -0.05856482
v 0.05059519 -0.70291477 -0.07448444
v 0.04411616 -0.67554295 -0.07302702
v 0.02846547 -0.67763561 -0.05388824
v 0.05520627 -0.81307322 -0.07532350
v 0.07336453 -0.81037855 -0.07869393
v 0.06720131 -0.78261161 -0.07836638
v 0.04822357 -0.78516251 -0.07288161
v 0.09084995 -0.80828565 -0.08307998
v 0.10834816 -0.80772370 -0.08273609
v 0.10409612 -0.78140789 -0.08040410
v 0.08599022 -0.78159344 -0.08017090
v 0.13487653 -0.78794366 -0.05795942
v 0.12122568 -0.78326195 -0.07363865
v 0.12550327 -0.80963832 -0.07523347
v 0.13831070 -0.81449938 -0.05888138
v 0.14956868 -0.82052797 -0.03961638
v 0.14899687 -0.79457217 -0.03959810
v 0.14697158 -0.82737118 -0.01700407
v 0.15008534 -0.80193043 -0.01663299
v 0.13540757 -0.80876869 0.00903543
v 0.13348363 -0.83324140 0.00770634
v 0.03020808 -0.82692200 -0.02884456
v 0.03097125 -0.82128739 -0.04914258
v 0.02508393 -0.79400617 -0.04210525
v 0.02684321 -0.79997438 -0.02209614
v 0.05359590 -0.80938911 0.01796445
v 0.07064564 -0.81224209 0.04049323
v 0.06990272 -0.83746558 0.02938129
v 0.05507957 -0.83527917 0.00658045
v 0.15215507 -0.74958050 -0.01653320
v 0.14574189 -0.75787669 0.01390788
v 0.13523555 -0.73538232 -0.06216680
v 0.14938547 -0.74191099 -0.04229474
v 0.03906071 -0.73184115 -0.06337787
v 0.05635350 -0.72927350 -0.07583687
v 0.02498549 -0.74607861 -0.00171922
v 0.02248670 -0.74028265 -0.02436547
v 0.10400949 -0.76260525 0.05440114
v 0.12876908 -0.76220512 0.03945598
v 0.12376051 -0.78794229 0.03711928
v 0.09980496 -0.78897017 0.05154940
v 0.15048805 -0.77607852 -0.01681253
v 0.14824209 -0.76823610 -0.04085532
v 0.13394952 -0.76167989 -0.05938469
v 0.11898205 -0.75718516 -0.07437240
v 0.10085453 -0.75525808 -0.08031833
v 0.08168820 -0.75489390 -0.07984442
v 0.06170342 -0.75573123 -0.07725911
v 0.04345728 -0.75808907 -0.06827229
v 0.02356975 -0.76722020 -0.03357209
v 0.02607893 -0.77315950 -0.01256720
v 0.09605332 -0.81418699 0.04745648
v 0.12085653 -0.81287837 0.03373014
v 0.12011552 -0.83635068 0.02819639
v 0.09370815 -0.83741093 0.03787323
v 0.09348264 -0.85914421 0.02666105
v 0.07253125 -0.85883629 0.01792748
v 0.09566475 -0.83574277 -0.08660935
v 0.11274063 -0.83519357 -0.08500408
v 0.12968607 -0.83735359 -0.07711980
v 0.15097037 -0.84620178 -0.04182264
v 0.14506555 -0.85382378 -0.01569497
v 0.13128366 -0.85907733 0.00681389
v 0.11616275 -0.85825014 0.02232951
v 0.04579731 -0.87604308 -0.05665627
v 0.03946108 -0.84795773 -0.05236793
v 0.03780554 -0.85206902 -0.03428822
v 0.04501094 -0.88009220 -0.03822072
v 0.06551140 -0.87007767 -0.08367965
v 0.08127100 -0.86641198 -0.09295794
v 0.07894711 -0.83821851 -0.08121375
v 0.06233810 -0.84090692 -0.07430639
v 0.10044676 -0.86453003 -0.09633000
v 0.11974280 -0.86440307 -0.09253224
v 0.13738593 -0.86516207 -0.08359887
v 0.14336048 -0.84030706 -0.06272576
v 0.15049717 -0.86832523 -0.06681759
v 0.15287553 -0.87447065 -0.04249797
v 0.14549589 -0.88173848 -0.01153770
v 0.12714837 -0.91747814 0.00541694
v 0.12367666 -0.88745415 0.00787700
v 0.14877275 -0.91135502 -0.01216224
v 0.10239401 -1.01623476 -0.00795306
v 0.12724817 -1.01381350 -0.00770374
v 0.12388913 -1.04865122 -0.01423280
v 0.10191773 -1.05129516 -0.01413253
v 0.04770778 -0.90918148 -0.04265353
v 0.04665903 -0.90643191 -0.06359498
v 0.06561475 -0.90112329 -0.09381093
v 0.08372035 -0.89741838 -0.10320902
v 0.16232172 -0.93531287 -0.04698757
v 0.15807362 -0.90409535 -0.04258381
v 0.15623428 -0.89813709 -0.06970410
v 0.15981539 -0.93013930 -0.07440423
v 0.04713659 -1.00788116 -0.05498668
v 0.04674346 -1.00606024 -0.07586619
v 0.04422474 -0.97226834 -0.07380872
v 0.04480223 -0.97418183 -0.05113277
v 0.06428270 -0.93402004 -0.10081707
v 0.06433240 -0.96779323 -0.10530315
v 0.08298531 -0.96466112 -0.11527447
v 0.08340339 -0.93070054 -0.11106835
v 0.15893467 -1.00474668 -0.05348803
v 0.16269207 -0.96891046 -0.05074070
v 0.16070423 -0.96471435 -0.07767077
v 0.15740891 -1.00149119 -0.07916324
v 0.15238294 -0.94183171 -0.01697121
v 0.15222365 -0.97416967 -0.02207696
v 0.12999727 -0.98006302 -0.00272204
v 0.12859401 -0.94762933 0.00239589
v 0.10270437 -0.98193485 -0.00222955
v 0.10064908 -0.94959158 0.00200155
v 0.00004327 -0.51036137 0.07219037
v -0.00007102 -0.52060175 0.04960475
v -0.00006312 -0.52006489 0.03147700
v 0.06073850 -1.07980251 -0.07508981
v 0.05388589 -1.04208815 -0.07563750
v 0.05362585 -1.04490626 -0.05646072
v 0.06082588 -1.08333349 -0.05804310
v 0.08553715 -1.00048637 -0.11485176
v 0.06701683 -1.00239480 -0.10612997
v 0.07212481 -1.03910577 -0.10233346
v 0.08860359 -1.03780365 -0.11033517
v 0.14689459 -1.08204246 -0.05726152
v 0.15340810 -1.04260409 -0.05561129
v 0.15149823 -1.04042232 -0.07907587
v 0.14424020 -1.07979965 -0.07898942
v 0.12118389 -1.08660054 -0.02118211
v 0.14481844 -1.04521716 -0.02951431
v 0.13977279 -1.08439171 -0.03510460
v 0.11663587 -1.12427831 -0.02504187
v 0.09910153 -1.12633491 -0.02422592
v 0.10069618 -1.08872676 -0.02039768
v 0.06672698 -1.11958301 -0.05874931
v 0.06517809 -1.11679006 -0.07420978
v 0.08932535 -1.11189806 -0.10305967
v 0.09019994 -1.07535374 -0.10587671
v 0.07547481 -1.07693493 -0.09832063
v 0.07624952 -1.11381698 -0.09546494
v 0.12377754 -1.07765365 -0.10346170
v 0.10718965 -1.07576001 -0.10780092
v 0.10544506 -1.11201131 -0.10454902
v 0.12054043 -1.11406577 -0.09970502
v 0.13656420 -1.11565757 -0.07768477
v 0.13628182 -1.07860911 -0.09380200
v 0.13008104 -1.11493552 -0.09065879
v 0.14002326 -1.11759889 -0.05762706
v 0.13397765 -1.12117529 -0.03713456
v 0.00324900 -0.52281588 -0.02981927
v -0.00005679 -0.53445721 -0.00023389
v 0.00137295 -0.54221773 -0.01285913
v 0.00913421 -0.52863026 -0.04254284
v 0.03881994 -0.63663536 0.05986394
v 0.03757801 -0.66655993 0.05049356
v 0.03576282 -0.72463036 0.03208240
v 0.03722447 -0.69638139 0.04220257
v 0.03609604 -0.75252444 0.02079477
v 0.03737931 -0.77989841 0.00922366
v 0.03697314 -0.80584002 -0.00246895
v 0.03913516 -0.83152032 -0.01156123
v 0.04549867 -0.85720140 -0.01667533
v 0.05225274 -0.88474059 -0.01856085
v 0.05647086 -0.94293743 -0.02627394
v 0.04612971 -0.94108111 -0.04695929
v 0.05655690 -0.91267848 -0.02250068
v 0.05779528 -1.01083100 -0.03297305
v 0.05594341 -0.97593409 -0.02952792
v 0.06284323 -1.04863644 -0.03699380
v 0.06867929 -1.08709586 -0.04142216
v 0.07409264 -1.12297201 -0.04356355
v 0.07657669 -0.53152871 0.09786527
v 0.04794095 -0.53779149 0.08722956
v 0.05077155 -0.51952291 0.09143516
v 0.07838161 -0.50791132 0.09897877
v 0.00557396 -0.52339810 0.04052105
v 0.00193202 -0.52177536 0.02431018
v 0.00270735 -0.51966375 0.02887871
v 0.00590495 -0.52032095 0.04524466
v 0.14043958 -0.78324813 0.01162547
v 0.11821060 -0.73098952 -0.07659719
v 0.09840194 -0.72880781 -0.08218255
v 0.07713522 -0.72818160 -0.08115931
v 0.00003445 -0.51547855 0.01473319
v 0.05277650 -0.75800133 0.04239278
v 0.07586554 -0.76120991 0.05533649
v 0.07269029 -0.78729141 0.04846853
v 0.05086000 -0.78480935 0.03213062
v 0.09740919 -0.92237139 0.00499734
v 0.07639740 -0.94700527 -0.00993893
v 0.07428645 -0.91798007 -0.00528243
v 0.09610622 -0.89760369 0.00988362
v 0.12641974 -0.89410758 -0.10105851
v 0.14429156 -0.89481574 -0.08977924
v 0.12958883 -0.92621750 -0.10923029
v 0.10527474 -0.89478421 -0.10530668
v 0.10621927 -0.92738128 -0.11388759
v 0.05824349 -0.70395994 0.06124056
v 0.08529516 -0.70771545 0.06992176
v 0.08050778 -0.73475635 0.06195608
v 0.05507710 -0.73094541 0.05169981
v 0.12739484 -0.19856529 -0.06202034
v 0.11237582 -0.19469489 -0.07850408
v 0.14122812 -0.08242967 0.06960373
v 0.14327234 -0.09540635 0.05334938
v 0.13146079 -0.10292631 0.06608674
v 0.13084701 -0.08953668 0.07923629
v 0.14904553 -0.07210619 0.06088592
v 0.15192249 -0.08472119 0.04401433
v 0.15458825 -0.05971710 0.05208502
v -0.00194511 0.11718708 -0.10869057
v -0.00217531 0.12953237 -0.10473714
v 0.15784685 -0.07190162 0.03564072
v 0.16769922 -0.01385655 0.00711424
v 0.16663304 -0.00760937 0.00294328
v 0.05031065 -0.13306934 0.11791572
v 0.02627128 -0.13344872 0.12204458
v 0.02636711 -0.11268583 0.11440796
v 0.06252363 -0.31648692 0.12675376
v 0.04425069 -0.43752629 0.11015929
v 0.05197558 -0.40991309 0.11326035
v 0.07535402 -0.40552613 0.10596383
v 0.00798618 -0.49918777 0.08721625
v 0.06095144 -0.11544966 -0.12050077
v 0.05899704 -0.13881806 -0.11607201
v 0.03668406 0.06274262 -0.12907170
v 0.01715405 0.05729529 -0.12537183
v 0.03592240 0.09154750 -0.12235603
v 0.03488944 0.10415226 -0.11865067
v 0.01602015 0.09822172 -0.11674013
v 0.00040570 -0.18016866 0.13439476
v 0.00007232 -0.20227656 0.13788263
v 0.01670126 0.08581974 -0.11981943
v 0.01644834 0.14641427 -0.09905173
v 0.00142793 -0.11463294 0.11482756
v 0.00110701 -0.13546474 0.12191574
v 0.01338938 0.15654378 -0.09308367
v 0.00113642 -0.52529955 0.01960269
v -0.00020223 -0.51891512 -0.00324002
v 0.00010656 -0.51804781 0.00636112
v 0.02247339 -0.55953568 0.06414320
v 0.00758175 -0.55840653 0.04228159
v 0.00956900 -0.54509085 0.05024179
v 0.02521381 -0.54315585 0.07114714
v 0.18545614 -0.50609666 0.03239437
v 0.19237156 -0.49914867 -0.00754646
v 0.08738874 -0.53412247 -0.10071191
v 0.20461854 -0.11653915 -0.07234979
v 0.21151170 -0.11218491 -0.08278810
v 0.19866398 -0.09363702 -0.08267806
v 0.19244480 -0.09798111 -0.07154072
v 0.06468546 -0.03909623 -0.13768259
v 0.07302195 -0.06605836 -0.13147298
v 0.08462578 0.14286225 -0.02345175
v 0.16001552 0.14319614 -0.02498676
v 0.15584169 0.13156000 0.00072325
v 0.14540134 0.13425389 -0.00292140
v 0.14811097 0.14621934 -0.02802517
v 0.00008940 -0.51009673 -0.00107633
v 0.15380096 0.08966634 -0.10333984
v 0.15579581 0.10784091 -0.09199283
v 0.14336734 0.10910619 -0.09874398
v 0.14039086 0.08984023 -0.11028527
v 0.03269867 -0.39401981 -0.14828083
v 0.06270167 -0.39368853 -0.14898077
v 0.03954500 -0.20279157 -0.10010862
v 0.06023918 -0.20574872 -0.10010036
v 0.05808557 -0.18447189 -0.10535871
v 0.00031930 -0.50672114 -0.05387799
v 0.00046767 -0.50174874 -0.06500946
v 0.03809387 -0.18070515 -0.10563920
v 0.09687416 -0.05307160 -0.13079461
v 0.11280747 -0.06947761 -0.12134062
v 0.03423104 -0.01722601 0.11047208
v 0.05125800 -0.01249597 0.11133395
v 0.05225043 -0.03124828 0.11911590
v 0.03529860 -0.03761203 0.11722997
v 0.20309587 -0.04980086 -0.09749992
v 0.18675235 -0.03893995 -0.09594832
v 0.17916074 -0.05086736 -0.08855023
v 0.19173655 -0.06703961 -0.09110184
v 0.18168218 -0.49262738 -0.05157588
v 0.15584379 -0.50862604 -0.08471004
v 0.14282143 -0.16733360 -0.04912430
v 0.13047341 -0.16340412 -0.07200254
v 0.12681092 -0.18154882 -0.06663759
v 0.13976675 -0.18550684 -0.04496323
v 0.15269074 -0.11731525 -0.05153760
v 0.14809625 -0.13290684 -0.05182426
v 0.15833353 -0.10266753 -0.05218242
v 0.16722605 -0.01844404 -0.06038472
v 0.15875109 -0.01642584 -0.06179745
v 0.16728464 -0.01480448 -0.07008070
v 0.04485509 -0.55871594 0.08217055
v 0.05055354 -0.48671463 0.09858371
v 0.04431690 -0.47216821 0.10335512
v 0.00117514 -0.51600736 0.01253819
v 0.05960138 0.15818840 -0.01807933
v 0.05424698 0.15327604 -0.00257866
v 0.16288207 -0.03106508 -0.04596294
v 0.16507608 -0.04660060 -0.05072278
v 0.16736415 -0.02372560 -0.03037710
v 0.16844751 -0.02746106 -0.04618825
v 0.17083746 -0.03341720 -0.04481304
v 0.16946085 -0.02982498 -0.02784956
v 0.16857821 -0.02779507 -0.05993686
v 0.17104433 -0.03353159 -0.05985900
v 0.13073169 0.05244365 0.05183476
v 0.13303432 0.06969497 0.04045007
v 0.14420116 0.06449001 0.03976564
v 0.14205249 0.04744898 0.05018429
v 0.11834066 0.05445424 0.05417380
v 0.10399334 0.05509630 0.05735742
v 0.10592796 0.07298769 0.04435511
v 0.12061884 0.07219814 0.04180466
v 0.06604365 0.11598606 0.01872243
v 0.08278351 0.12450548 0.00262725
v 0.04648516 0.10888173 0.02908277
v 0.02886394 0.10402321 0.03593078
v 0.01803549 0.13531642 -0.10445356
v 0.01679316 0.12237310 -0.10925812
v 0.03816572 0.12880404 -0.10933910
v 0.04087991 0.14017217 -0.10303660
v 0.04779370 0.14210553 0.00630764
v 0.03600502 0.13539304 0.01580608
v 0.02418859 0.12206370 0.02464882
v 0.25137195 -0.03667462 -0.02450739
v 0.26079106 -0.05814651 -0.02548736
v 0.06043176 0.16955785 -0.05037452
v 0.06221870 0.16423269 -0.03430322
v 0.25591740 -0.03322518 -0.04246249
v 0.26459277 -0.05565047 -0.04265377
v 0.13394800 0.13440786 -0.00525488
v 0.14105590 0.11312342 0.01489449
v 0.12924516 0.11258438 0.01343825
v 0.04441650 0.15042749 0.01029234
v 0.03413546 0.14422287 0.01830539
v 0.19072564 -0.46309787 0.00247035
v 0.18348220 -0.47052374 0.03763683
v 0.14575946 -0.21293512 0.03362558
v 0.15039474 -0.20925893 0.00877866
v 0.02409142 -0.17948002 0.13395561
v 0.02261279 -0.20284437 0.13737103
v 0.00966689 0.14700130 0.03011729
v 0.04398826 -0.25033146 0.13492064
v 0.02149890 -0.25413623 0.13862154
v 0.02174778 -0.22742264 0.13877006
v 0.04379520 -0.22580750 0.13400349
v 0.01241044 -0.29158816 0.14086118
v 0.01369815 -0.27926898 0.13975658
v 0.01078475 -0.45530558 0.11273663
v 0.02225312 -0.45579979 0.11112221
v 0.20234123 0.01982041 0.01197866
v 0.21280625 0.03475539 0.00191370
v 0.21900183 0.01681976 -0.00109703
v 0.20768088 0.00346561 0.00937579
v 0.06349273 -0.24768035 0.12592335
v 0.08272509 -0.24577707 0.11140467
v 0.16701721 -0.02156783 0.01022408
v 0.16553120 -0.01191474 0.02720177
v 0.02588136 -0.09235033 0.11309685
v 0.06886555 -0.02642051 0.11848863
v 0.06846515 -0.01018342 0.11025700
v 0.08445561 -0.00852532 0.10700462
v 0.08436786 -0.02346277 0.11549509
v 0.00099559 -0.51451516 0.00283251
v 0.19802928 0.02996023 -0.09832125
v 0.20485266 0.02128541 -0.09676085
v 0.20983706 0.03033020 -0.09192220
v 0.20325050 0.03986794 -0.09367327
v 0.00073596 -0.55320549 0.01624310
v 0.00105193 -0.56879443 0.00486093
v 0.01667232 -0.51888520 -0.06506850
v 0.00476224 -0.51342809 -0.04978170
v 0.06722361 -0.61490190 0.08473203
v 0.07107686 -0.58524382 0.09100286
v 0.06415275 -0.64496386 0.07725117
v 0.06135644 -0.67488414 0.06944270
v 0.06015239 -0.85995275 -0.00008726
v 0.07055947 -0.88819855 0.00084222
v 0.07801989 -0.97959632 -0.01457241
v 0.00050717 -0.50178027 -0.08200578
v 0.07943030 -1.01419175 -0.01930587
v 0.08141831 -1.05086780 -0.02438050
v 0.08313102 -1.08931553 -0.02921485
v 0.08502191 -1.12578344 -0.03149471
v 0.26324692 -0.05819665 -0.05994527
v 0.25530472 -0.03410681 -0.06209702
v 0.24779192 -0.04299180 -0.07787871
v 0.25774616 -0.06577677 -0.07434800
v 0.17946921 -0.07844438 -0.04351638
v 0.18284009 -0.07235391 -0.02900355
v 0.19177039 -0.09149861 -0.03064423
v 0.18881758 -0.09620434 -0.04498605
v 0.19816908 -0.11571671 -0.04637393
v 0.19965078 -0.11748849 -0.05993922
v 0.18911935 -0.09831187 -0.05879348
v 0.22121321 -0.10328521 -0.09060222
v 0.23123625 -0.09335123 -0.09349028
v 0.21858715 -0.07259831 -0.09548028
v 0.20691422 -0.08496609 -0.09109575
v 0.24976994 -0.07417530 -0.08543474
v 0.23841490 -0.05356301 -0.08858633
v 0.22831595 -0.06326112 -0.09450591
v 0.24039786 -0.08373931 -0.09193393
v 0.21475662 -0.09804334 -0.00785312
v 0.20599383 -0.10607517 -0.01852779
v 0.19693516 -0.08507958 -0.01709874
v 0.20558026 -0.07656993 -0.00580179
v 0.22408015 0.04829086 -0.01391437
v 0.22913198 0.02723721 -0.01702752
v 0.17014411 0.01182948 0.01218911
v 0.17330505 0.02361920 0.02463584
v 0.17425007 0.01779424 0.01959719
v 0.16490428 0.00882091 0.00650880
v 0.23369132 -0.02164309 -0.00665965
v 0.22576359 -0.00176983 -0.00348259
v 0.23455818 0.00640923 -0.01966788
v 0.24230251 -0.01512916 -0.02217829
v 0.19667625 -0.05546121 -0.00327581
v 0.00035692 -0.50750613 -0.04186222
v 0.18826893 -0.06474932 -0.01506539
v 0.17925403 -0.04486544 -0.01164397
v 0.18727271 -0.03642313 0.00071792
v 0.18619922 -0.07540525 -0.08140692
v 0.17484373 -0.05860168 -0.07850454
v 0.19026378 0.00583385 0.01620758
v 0.19417067 -0.00978863 0.01181813
v 0.16271098 -0.02156792 0.03028709
v 0.17087619 -0.04495349 -0.02242622
v 0.17031445 -0.03652516 -0.02514709
v 0.13247985 -0.07469945 0.08890933
v 0.13427316 -0.05890171 0.09259399
v 0.16190575 -0.08129583 0.01472412
v 0.16563638 -0.06594366 0.00755914
v 0.13998194 -0.06907792 0.08082140
v 0.13900898 -0.05842777 0.08586742
v 0.09056959 -0.13728951 0.09814111
v 0.02596185 0.11340135 0.02893074
v 0.21294609 -0.01495293 0.00646516
v 0.19858345 -0.02678585 0.00737970
v 0.16605310 -0.02007844 -0.08761368
v 0.16314682 -0.02607900 -0.07960498
v 0.16888936 -0.03749554 -0.08459426
v 0.00083179 -0.49322146 -0.09733709
v 0.00065655 -0.48053232 -0.11291621
v 0.17446072 -0.02934980 -0.09247043
v 0.12926100 -0.02948854 -0.12301479
v 0.11460324 -0.04094593 -0.12725814
v 0.12699312 -0.05500823 -0.11737205
v 0.13864657 -0.04230940 -0.11336980
v 0.21881701 0.03972252 -0.07864602
v 0.22544765 0.04015565 -0.06939279
v 0.21922217 0.05736816 -0.06877176
v 0.21269707 0.05320548 -0.07909971
v 0.23125403 0.03890922 -0.05532042
v 0.23395287 0.03484049 -0.03689825
v 0.22875616 0.05628526 -0.03485420
v 0.22523661 0.05917332 -0.05417771
v 0.17724536 -0.42254347 -0.05022195
v 0.18543361 -0.42577001 -0.02007680
v 0.13701884 -0.29305309 0.06434052
v 0.12036477 -0.30006823 0.08282600
v 0.10299575 -0.39458287 0.09584395
v 0.02797011 -0.51781780 0.08064520
v 0.01094362 -0.52728182 0.05727611
v 0.00313725 -0.59152520 -0.00633522
v 0.18725927 -0.43082663 0.01066971
v 0.00832148 -0.62032002 -0.01580220
v 0.01473452 -0.65056598 -0.02433487
v 0.06176922 -0.64622724 -0.08530173
v 0.08985840 -0.64758128 -0.09023680
v 0.08664586 -0.61811775 -0.09105536
v 0.05556072 -0.61493742 -0.08508517
v 0.11737129 -0.64992529 -0.08471464
v 0.11679775 -0.62151235 -0.08587290
v 0.11036008 -0.73529780 0.05861317
v 0.10635854 -0.96248442 -0.11837878
v 0.12810896 -0.99916154 -0.11227733
v 0.12961899 -0.96107399 -0.11338551
v 0.10691291 -0.99946934 -0.11720627
v 0.14845450 -0.96182907 -0.09918269
v 0.14770874 -0.92686015 -0.09585851
v 0.14907011 -1.00864899 -0.02531899
v 0.10787230 -1.03744304 -0.11264098
v 0.12649004 -1.03835237 -0.10784283
v 0.14199732 -1.03894353 -0.09638721
v 0.14634988 -0.99945962 -0.09886120
v 0.00145627 -0.54247612 0.02634869
v 0.16583343 -0.51289463 0.06670032
v 0.16348207 -0.48062620 0.06963541
v 0.10745747 -0.47055012 0.09792004
v 0.07828365 -0.48583636 0.09996742
v 0.10185111 -0.22293882 0.09155924
v 0.11977506 -0.22070047 0.07487262
v 0.12054095 -0.17871360 0.06960111
v 0.13467658 -0.17647941 0.05057540
v 0.13455231 -0.19715461 0.05289690
v 0.12000103 -0.20028350 0.07193702
v 0.15008517 -0.17214520 0.00301653
v 0.14948590 -0.17002393 -0.02377944
v 0.14752454 -0.18854532 -0.02031365
v 0.14907466 -0.19110730 0.00570579
v 0.14863558 -0.20592244 -0.01686528
v 0.14059582 -0.20274359 -0.04101393
v 0.07730334 -0.16679586 -0.10556786
v 0.09542258 -0.17173471 -0.09652405
v 0.09729759 -0.15122430 -0.10244407
v 0.07862887 -0.14475793 -0.11078109
v 0.03377819 -0.46108761 0.10807180
v 0.00399663 -0.52837360 0.03779716
v 0.07431879 -0.55715144 0.09548610
v 0.10816465 -0.52571934 0.10018959
v 0.13946602 -0.52038908 0.08978368
v 0.16439655 -0.02590516 -0.03293206
v 0.16101530 -0.01755025 -0.10096115
v 0.15885936 -0.00709518 -0.10705592
v 0.23714340 0.01696418 -0.05833439
v 0.23959042 0.01249178 -0.04002617
v 0.18068863 -0.01981419 0.00623167
v 0.20799245 0.05189979 0.00492005
v 0.19748281 0.03544477 0.01501416
v 0.19252871 0.05054741 0.01885338
v 0.13057871 -0.40585330 0.08299146
v 0.15809998 -0.41965538 0.06872144
v 0.13362795 -0.43090335 0.08542715
v 0.00169907 -0.51286852 -0.03526629
v 0.05203765 -0.50254679 0.09520030
v 0.01983425 -0.68027383 -0.03133502
v 0.02387219 -0.70854342 -0.03834353
v 0.02712263 -0.73553282 -0.04546380
v 0.02988560 -0.76213259 -0.05257775
v 0.03320159 -0.78891391 -0.05989915
v 0.03995726 -0.81598008 -0.06532505
v 0.04880597 -0.84399468 -0.06610833
v 0.05317552 -0.87290817 -0.07193377
v 0.04533079 -0.93898433 -0.06935576
v 0.05168872 -0.93653303 -0.08677389
v 0.05302746 -0.90373409 -0.08037081
v 0.05127534 -0.97039396 -0.09118153
v 0.05412070 -1.00438786 -0.09245113
v 0.06060821 -1.04043508 -0.09030881
v 0.06892239 -1.11471283 -0.08611830
v 0.06624167 -1.07781649 -0.08798908
v 0.00056340 -0.51223516 -0.00928415
v 0.00081181 -0.51238948 -0.02165109
v 0.11458065 0.11068979 0.01174535
v 0.16776939 -0.02230849 -0.01040618
v 0.16551316 -0.01661812 -0.01394603
v 0.17725357 -0.00492911 0.01129436
v 0.22673181 -0.03457347 -0.09158120
v 0.23748663 -0.02225025 -0.08217558
v 0.17225800 -0.02640545 -0.00748832
v 0.15873018 0.00145939 -0.00774101
v 0.16540338 0.00077708 -0.00185107
v 0.35731786 -0.23261872 -0.04240187
v 0.35910678 -0.22863874 -0.05565434
v 0.36695370 -0.24810305 -0.05424032
v 0.36412567 -0.25193310 -0.04207932
v 0.35015762 -0.23886599 -0.03225682
v 0.35667986 -0.25773787 -0.03334542
v 0.29843590 -0.27233899 -0.05007930
v 0.30575100 -0.26701230 -0.03847028
v 0.31651849 -0.28357777 -0.04298944
v 0.31000400 -0.28835827 -0.05474298
v 0.35376942 -0.28243995 -0.03044681
v 0.34358123 -0.28873152 -0.03213391
v 0.33541185 -0.27128607 -0.02915257
v 0.34670839 -0.26439944 -0.02865080
v 0.29765609 -0.27001253 -0.07988350
v 0.30379155 -0.26283437 -0.09058540
v 0.29025686 -0.24852836 -0.08777511
v 0.28460935 -0.25567138 -0.07567353
v 0.26003695 -0.20062175 -0.02781555
v 0.25198933 -0.20859292 -0.03827190
v 0.24479818 -0.19429773 -0.03175322
v 0.25373253 -0.18557201 -0.02260850
v 0.34284320 -0.19308275 -0.04276653
v 0.34127477 -0.19046459 -0.05754465
v 0.35050800 -0.20912994 -0.05679142
v 0.35011363 -0.21292336 -0.04252835
v 0.31154785 -0.21552271 -0.02026504
v 0.29766014 -0.22350565 -0.02305989
v 0.28955221 -0.20370618 -0.02075211
v 0.30363435 -0.19481674 -0.01937657
v 0.33546767 -0.17294785 -0.04418750
v 0.33118621 -0.17173742 -0.05860081
v 0.32737604 -0.25356215 -0.02574347
v 0.31573561 -0.26014143 -0.03032414
v 0.30654922 -0.24221839 -0.02618177
v 0.31962416 -0.23492503 -0.02253039
v 0.32401371 -0.29866463 -0.08375684
v 0.33055192 -0.29198462 -0.09182630
v 0.31736338 -0.27732313 -0.09173061
v 0.31093591 -0.28439963 -0.08248750
v 0.33475554 -0.29427537 -0.03824146
v 0.32728878 -0.29953155 -0.04712571
v 0.32513565 -0.27751023 -0.03451905
v 0.36878160 -0.26717338 -0.07797624
v 0.37355560 -0.26609522 -0.06558996
v 0.36444560 -0.24702059 -0.06784892
v 0.35829857 -0.24855204 -0.08088965
v 0.27687451 -0.23788588 -0.03924577
v 0.28573200 -0.23124966 -0.02921663
v 0.29539618 -0.24961556 -0.03360715
v 0.28742310 -0.25548023 -0.04486991
v 0.33651507 -0.19933443 -0.03009859
v 0.34333047 -0.21954995 -0.03100749
v 0.34739876 -0.23047112 -0.08316570
v 0.35505316 -0.22780102 -0.06981178
v 0.34483424 -0.20923452 -0.07103551
v 0.33564600 -0.21263920 -0.08465038
v 0.31094158 -0.20366950 -0.09308793
v 0.29764339 -0.21368396 -0.09408592
v 0.31134677 -0.22855954 -0.09558902
v 0.32411155 -0.21934673 -0.09308322
v 0.26798084 -0.21904859 -0.03351473
v 0.26118505 -0.22511482 -0.04630363
v 0.27198949 -0.24066186 -0.07004776
v 0.27695724 -0.23406260 -0.08364461
v 0.26389316 -0.22006576 -0.07776534
v 0.25972712 -0.22585179 -0.06278148
v 0.30414686 -0.14837965 -0.02324744
v 0.31379572 -0.14158560 -0.03340190
v 0.32061192 -0.15769707 -0.03157264
v 0.30988291 -0.16514307 -0.02188467
v 0.32488021 -0.15371880 -0.04583907
v 0.31469870 -0.13659443 -0.04888009
v 0.29181734 -0.11823469 -0.06542111
v 0.28234720 -0.12513141 -0.07360893
v 0.28804329 -0.13461955 -0.07176860
v 0.29948238 -0.12767607 -0.06425819
v 0.28309298 -0.17648140 -0.09278596
v 0.26886672 -0.18710591 -0.08934571
v 0.28336674 -0.19986828 -0.09197997
v 0.29718757 -0.18915138 -0.09321462
v 0.24565284 -0.18816353 -0.07790565
v 0.24028821 -0.19729847 -0.06476100
v 0.25119454 -0.20755890 -0.07107046
v 0.25802937 -0.19800197 -0.08275744
v 0.21712825 -0.15127502 -0.06348690
v 0.21417496 -0.15272020 -0.04974861
v 0.21985221 -0.16581361 -0.05092129
v 0.22352621 -0.16364463 -0.06502613
v 0.22199708 -0.14332356 -0.02171556
v 0.23204575 -0.13519712 -0.01263825
v 0.23750868 -0.14804095 -0.01408960
v 0.22767329 -0.15631211 -0.02256086
v 0.27939060 -0.09924731 -0.02647325
v 0.28366098 -0.09420297 -0.04243976
v 0.29107705 -0.10445985 -0.04018929
v 0.28479552 -0.11127134 -0.02532315
v 0.27148685 -0.16622782 -0.09150268
v 0.25468549 -0.17534514 -0.08654100
v 0.23288400 -0.16877557 -0.02441776
v 0.24250735 -0.15989393 -0.01601033
v 0.24794324 -0.17180194 -0.01885598
v 0.23833035 -0.18123110 -0.02722363
v -0.00110591 0.05455229 -0.12284532
v -0.00125575 0.06871785 -0.12042099
v 0.26636112 -0.13878869 -0.01614757
v 0.27817711 -0.13123319 -0.01781090
v 0.28354785 -0.14315391 -0.01906485
v 0.27066112 -0.15271500 -0.01774679
v 0.29038629 -0.12214991 -0.02432163
v 0.29794461 -0.11482906 -0.03719847
v 0.30468810 -0.12725154 -0.03530786
v 0.29602975 -0.13468851 -0.02378921
v 0.26831394 -0.14618069 -0.08608969
v 0.25881085 -0.15470870 -0.09032957
v -0.00064231 -0.30644140 0.14031044
v -0.00081306 -0.29286927 0.13995516
v 0.26510435 -0.15928049 -0.09094229
v 0.27463225 -0.15092172 -0.08645550
v 0.23689455 -0.18067086 -0.07233062
v 0.23230796 -0.18769579 -0.05853354
v 0.00060968 -0.30340588 -0.11726514
v 0.00047767 -0.28539616 -0.10801185
v 0.27557865 -0.16592938 -0.02008623
v 0.26501423 -0.17691730 -0.01907009
v 0.25896171 -0.16229635 -0.01596182
v 0.30638677 -0.12397371 -0.05079869
v 0.22364095 -0.14745244 -0.07476691
v 0.23091543 -0.14243306 -0.08435776
v 0.22308503 -0.12971728 -0.08360270
v 0.21599109 -0.13474934 -0.07367220
v 0.21070597 -0.13718705 -0.06188184
v 0.20812960 -0.13720995 -0.04832077
v 0.21506238 -0.12710704 -0.02006853
v 0.22447337 -0.11874343 -0.01031128
v 0.23674116 -0.10866769 -0.00532375
v 0.24999326 -0.09741658 -0.00642964
v 0.25842389 -0.11439665 -0.01114770
v 0.24466410 -0.12530458 -0.00906447
v 0.27427244 -0.07639006 -0.04283664
v 0.27032578 -0.07949190 -0.02628432
v 0.27275801 -0.07976569 -0.05861715
v 0.28189868 -0.09516534 -0.05664083
v 0.22648449 -0.17513888 -0.03751836
v -0.00018853 -0.39052337 0.12581792
v -0.00010674 -0.41491917 0.12105210
v 0.22141346 -0.16286395 -0.03555142
v 0.33670673 -0.23593326 -0.09239855
v 0.32465437 -0.24410407 -0.09586792
v 0.33747423 -0.26034880 -0.09497781
v 0.34880155 -0.25327200 -0.09047288
v 0.33963510 -0.28417468 -0.09458224
v 0.32668331 -0.26871583 -0.09569310
v 0.33974984 -0.24606055 -0.02635107
v 0.33275220 -0.22702217 -0.02395908
v 0.36328167 -0.27631038 -0.03374261
v 0.28886986 -0.15694262 -0.02036753
v 0.29519603 -0.17350702 -0.01986383
v 0.27239463 -0.13255519 -0.08030287
v 0.27640498 -0.11639614 -0.07590572
v 0.26736313 -0.12458433 -0.08339360
v 0.29693288 -0.16690327 -0.08585156
v 0.30900794 -0.16010784 -0.07168718
v 0.29355612 -0.14704813 -0.07279456
v 0.28400713 -0.15674604 -0.08613171
v 0.25308457 -0.14996889 -0.08958463
v 0.26311305 -0.14068407 -0.08665749
v 0.25768140 -0.13371034 -0.08830558
v 0.24714980 -0.14327359 -0.08959551
v 0.27373785 -0.11967520 -0.01703915
v 0.26971164 -0.10607441 -0.01641510
v 0.26947936 -0.10700159 -0.07839589
v 0.27645862 -0.10045098 -0.06844095
v 0.26788384 -0.08715434 -0.07159047
v 0.26053679 -0.09395570 -0.08193357
v 0.28424653 -0.10962665 -0.06657445
v 0.26104724 -0.11511470 -0.08605701
v 0.25217965 -0.10225306 -0.08896157
v 0.26190510 -0.08689876 -0.01371789
v 0.24045998 -0.13394943 -0.08995704
v 0.25117695 -0.12431662 -0.09006886
v 0.24251594 -0.11157098 -0.09183677
v 0.23214087 -0.12138343 -0.09025615
v 0.31342018 -0.25344285 -0.09545488
v 0.29985639 -0.23856728 -0.09393071
v 0.23937106 -0.19997151 -0.04740512
v 0.24805516 -0.21224163 -0.05467520
v 0.23276345 -0.18742394 -0.04137381
v 0.29544923 -0.27392578 -0.06514104
v 0.30801603 -0.28872067 -0.06918985
v 0.27163488 -0.24205033 -0.05359375
v 0.28327486 -0.25828019 -0.05991428
v 0.32341290 -0.19589818 -0.08540545
v 0.23644756 -0.16658586 -0.07818905
v 0.22992815 -0.17331101 -0.06765867
v 0.24317317 -0.17177859 -0.08179872
v 0.20980000 -0.13261566 -0.03342795
v 0.21596460 -0.14976376 -0.03461327
v 0.25572562 -0.16545786 -0.08976336
v 0.20050874 -0.11215062 -0.03206651
v 0.30801055 -0.13875404 -0.06267619
v 0.29781318 -0.11437073 -0.05237120
v 0.28989363 -0.10479568 -0.05446631
v 0.37465268 -0.26716018 -0.05263571
v 0.32528061 -0.20750630 -0.02240818
v 0.28151691 -0.18237193 -0.02029656
v 0.26979825 -0.19192342 -0.02223579
v 0.24337614 -0.15908028 -0.08664732
v 0.23744635 -0.15242338 -0.08514002
v 0.23030891 -0.15845029 -0.07588879
v 0.26297325 -0.12701002 -0.01408259
v 0.24982877 -0.13814746 -0.01158348
v 0.32075542 -0.30296367 -0.07184510
v 0.25421563 -0.14980279 -0.01349260
v 0.32044455 -0.15445571 -0.06024084
v 0.01681827 0.07203578 -0.12272795
v 0.15634640 -0.09596872 0.02200552
v 0.11888220 -0.11977993 0.06956281
v 0.13284636 -0.11698215 0.05333093
v 0.16870415 -0.03900727 -0.00368917
v 0.16834095 -0.02928995 -0.00732899
v 0.16374533 -0.00889216 -0.01729001
v 0.15780090 -0.00679214 -0.02173955
v 0.16160376 -0.05832285 0.02718423
v 0.01156777 -0.26654401 0.13783549
v 0.04988903 -0.26944301 -0.10059009
v 0.02573846 -0.26922742 -0.10060796
v 0.02847638 -0.28696534 -0.10852776
v 0.05435896 -0.28756297 -0.10706753
v 0.03161509 -0.30611739 -0.11768225
v 0.16598845 -0.33945352 -0.06289651
v 0.16123410 -0.31769261 -0.06025194
v 0.14589243 -0.31954539 -0.08337010
v 0.15020037 -0.34225097 -0.08791550
v 0.16597274 -0.30114302 -0.03346971
v 0.15532726 -0.29949155 -0.05807336
v 0.17113240 -0.31830376 -0.03352020
v 0.17447910 -0.32319275 -0.00546463
v 0.16967379 -0.30518726 -0.00607103
v 0.17096756 -0.33171901 0.02116414
v 0.16634734 -0.31234384 0.02064458
v 0.16145884 -0.34165144 0.04521578
v 0.14628163 -0.35123703 0.06603961
v 0.12827858 -0.38237125 0.08265193
v 0.10325428 -0.36977828 0.09705810
v 0.12589952 -0.36062759 0.08302394
v 0.05662693 -0.38332540 0.11712634
v 0.07939015 -0.37777415 0.10854703
v 0.01670837 -0.38908619 0.12510128
v 0.03590525 -0.38688928 0.12234865
v 0.10931449 0.09128494 0.02904819
v 0.10440925 0.14654334 -0.08121341
v 0.11335369 0.15120584 -0.05874164
v 0.09078215 0.15134487 -0.08091320
v 0.12328078 0.08832064 -0.11931220
v 0.12685245 0.10824218 -0.10851988
v 0.10537945 0.10222742 -0.11983949
v 0.10246811 0.08398804 -0.12768799
v 0.07922687 0.14356068 -0.09549503
v 0.07184223 0.14578895 -0.09483434
v 0.08976427 0.13870506 -0.09851852
v 0.05481775 0.12309183 -0.11381781
v 0.07138019 0.12936938 -0.10971667
v 0.16039854 0.13995761 -0.05291330
v 0.15813270 0.12608093 -0.07579301
v 0.16891782 0.12352321 -0.07038036
v 0.17276815 0.13722557 -0.04797745
v 0.15194282 0.07230303 -0.11159039
v 0.14952293 0.05527994 -0.11715635
v 0.16117279 0.05658500 -0.11210175
v 0.16284934 0.07289162 -0.10628629
v 0.20604728 0.10689641 -0.03543809
v 0.20088106 0.10402019 -0.05690153
v 0.21003298 0.09182601 -0.05470127
v 0.21476121 0.09207014 -0.03416702
v 0.16416804 0.08969530 -0.09768394
v 0.08635374 -0.03317754 -0.13720255
v 0.12156900 -0.01604267 -0.13009539
v 0.10596740 -0.02568245 -0.13477176
v 0.15698150 0.00390756 -0.11156370
v 0.14852759 -0.00109889 -0.11702041
v 0.15156668 -0.01352974 -0.11201192
v 0.16756262 0.01107098 -0.10146803
v 0.16367871 0.00776971 -0.10647062
v 0.18370788 0.03281039 0.02481202
v 0.17950487 0.04298721 0.02971478
v 0.18661357 0.06429432 0.02140384
v 0.16653940 0.00341251 -0.08801941
v 0.16470307 0.00362918 -0.08714747
v 0.16766782 0.00895088 -0.09039922
v 0.16791137 0.00912318 -0.09130006
v 0.14833803 0.14264295 -0.05690742
v 0.19441506 0.09408185 -0.07216971
v 0.18934204 0.08318551 -0.08363324
v 0.19765654 0.07558499 -0.08163843
v 0.20351285 0.08491427 -0.06956235
v 0.18590517 0.07128207 -0.09323362
v 0.18282083 0.05911013 -0.10017330
v 0.19000366 0.05555461 -0.09723992
v 0.19340219 0.06605075 -0.09074644
v 0.17120580 0.01468758 -0.09396067
v 0.16938727 0.01591582 -0.09456059
v 0.21898377 0.06660369 -0.01224646
v 0.18451995 0.12974824 -0.01625493
v 0.17791247 0.11507604 0.00752942
v 0.16690972 0.12534223 0.00469593
v 0.17236675 0.13870706 -0.02065984
v 0.16262366 -0.01855557 -0.04151807
v 0.16214426 -0.01304625 -0.02759321
v 0.16207905 -0.02193997 -0.05437413
v 0.16833806 -0.00889051 -0.07885897
v 0.16217500 -0.02169814 -0.06567088
v 0.17522290 0.00766507 0.01551052
v 0.18691707 0.02026536 0.01999645
v 0.16982248 0.09078427 0.02138947
v 0.16034614 0.10142017 0.01984579
v 0.22244288 0.07523747 -0.03396570
v 0.21813504 0.07660323 -0.05396098
v 0.16915947 -0.00220063 -0.09158876
v 0.17401850 -0.00773154 -0.09632365
v 0.17259412 0.00310378 -0.09483457
v 0.16750088 -0.01408035 -0.08833478
v 0.16543479 -0.00190374 -0.08395360
v 0.18490145 0.13122699 -0.04314622
v 0.21186745 0.07259185 -0.06910183
v 0.20509169 0.06490278 -0.08088236
v 0.17889762 0.07369609 -0.09715772
v 0.18125814 0.08741815 -0.08760221
v 0.17318429 0.08951678 -0.09268564
v 0.17156754 0.07382415 -0.10172306
v 0.19621396 0.04882950 -0.09517118
v 0.19128826 0.03764549 -0.09968256
v 0.17643125 0.05981240 -0.10359740
v 0.16957219 0.05838463 -0.10760838
v 0.17635921 0.00957417 -0.09788650
v 0.15096852 0.10931946 0.01729620
v 0.14708412 0.08508624 0.02804817
v 0.13664825 0.08964071 0.02749089
v 0.16565196 0.06653902 0.03167779
v 0.15619947 0.07701956 0.02971613
v 0.17387398 0.05381536 0.03203157
v 0.12440399 0.09059549 0.02801692
v 0.25030854 -0.16341262 -0.08872201
v 0.18126141 -0.01341681 -0.09911644
v 0.17000568 -0.01390705 -0.09316418
v 0.17864226 -0.02079402 -0.09683933
v 0.21658605 -0.04352857 -0.09585965
v 0.27727681 -0.13966829 -0.07843920
v 0.28118989 -0.14570938 -0.07865231
v 0.31048131 -0.18047354 -0.08565775
v 0.33387202 -0.19128656 -0.07189202
v 0.32206449 -0.17495689 -0.07190342
v 0.32967126 -0.17854616 -0.02994566
v 0.31812260 -0.18632564 -0.02133792
v 0.27712008 -0.21197410 -0.02536151
v 0.27194825 -0.21033154 -0.08751646
v 0.38594577 -0.30691415 -0.03781046
v 0.39118341 -0.30333838 -0.04782351
v 0.39932042 -0.32156739 -0.04540951
v 0.39293256 -0.32546639 -0.03656239
v 0.39096171 -0.34806249 -0.03243347
v 0.38420096 -0.33064955 -0.03275757
v 0.40027371 -0.34328198 -0.03433793
v 0.38253981 -0.35226905 -0.03512992
v 0.37575659 -0.33549660 -0.03437335
v 0.37606484 -0.35559413 -0.04169025
v 0.37088498 -0.35835630 -0.04969867
v 0.36278689 -0.34309548 -0.04747800
v 0.36843592 -0.33973283 -0.03982226
v 0.35908821 -0.34558603 -0.05671685
v 0.35717046 -0.34669137 -0.06677539
v 0.34520549 -0.33255464 -0.06440482
v 0.34862325 -0.33037579 -0.05382206
v 0.37444329 -0.35551420 -0.08468045
v 0.38119611 -0.35080266 -0.08808459
v 0.36944130 -0.33638835 -0.08929412
v 0.36225498 -0.34173566 -0.08521532
v 0.37478477 -0.30969447 -0.08781978
v 0.36534935 -0.31533480 -0.09097411
v 0.37834600 -0.33086896 -0.08910151
v 0.38721830 -0.32544243 -0.08602735
v 0.39888093 -0.34007445 -0.08535498
v 0.40514782 -0.33718061 -0.07724204
v 0.39431208 -0.32224262 -0.07909452
v 0.37096927 -0.27078694 -0.04133654
v 0.37857369 -0.28877765 -0.03970915
v 0.37040174 -0.29434448 -0.03325094
v 0.35155073 -0.30601037 -0.03502814
v 0.36063901 -0.30038393 -0.03207260
v 0.36802498 -0.31808591 -0.03307683
v 0.35985437 -0.32311833 -0.03730683
v 0.32177654 -0.30335891 -0.05871746
v 0.33794650 -0.31497484 -0.05083705
v 0.33359486 -0.31796575 -0.06180537
v 0.35360551 -0.32708925 -0.04460604
v 0.34411293 -0.31076539 -0.04176712
v 0.34540862 -0.33149433 -0.07560103
v 0.35808402 -0.34536028 -0.07697559
v 0.39178723 -0.30255279 -0.05973296
v 0.38890037 -0.30345142 -0.07134160
v 0.39883918 -0.32080346 -0.06853569
v 0.40111098 -0.32019264 -0.05694122
v 0.33326414 -0.31727564 -0.07370116
v 0.37903300 -0.28560537 -0.07455309
v 0.38266790 -0.28457779 -0.06267360
v 0.38318110 -0.30572969 -0.08135045
v 0.37195161 -0.28876972 -0.08434398
v 0.41001388 -0.33689219 -0.05446955
v 0.40768507 -0.33917236 -0.04286485
v 0.38292560 -0.28529721 -0.05031491
v 0.34942099 -0.32756543 -0.08515770
v 0.35653159 -0.32158977 -0.09058022
v 0.34365734 -0.30683190 -0.09125932
v 0.33681393 -0.31316155 -0.08450314
v 0.35006696 -0.27677602 -0.09290826
v 0.35245878 -0.29977417 -0.09274235
v 0.36230516 -0.29350680 -0.09030975
v 0.38993090 -0.34552196 -0.08824368
v 0.36046156 -0.27124256 -0.08761684
v 0.40779796 -0.42930764 -0.04148134
v 0.41539642 -0.43509236 -0.04031457
v 0.41453046 -0.42913917 -0.04713798
v 0.40830046 -0.42144606 -0.04658654
v 0.38064036 -0.41765431 -0.03202713
v 0.38345808 -0.42998806 -0.02710143
v 0.38735744 -0.43448481 -0.03537309
v 0.38641676 -0.42259282 -0.04111707
v 0.40722415 -0.43629050 -0.03664910
v 0.41657385 -0.43934947 -0.03458827
v 0.42570478 -0.44239002 -0.03249438
v 0.41618553 -0.43850523 -0.03067115
v 0.43023524 -0.43924257 -0.02825594
v 0.43601698 -0.42903292 -0.02721512
v 0.44593751 -0.43758756 -0.03082604
v 0.43848634 -0.44318753 -0.02858396
v 0.44426736 -0.41552418 -0.05112271
v 0.44283330 -0.41290092 -0.06236256
v 0.45080948 -0.42648065 -0.06358556
v 0.45099097 -0.42935550 -0.05208565
v 0.44128984 -0.42184249 -0.08225156
v 0.44639498 -0.42515102 -0.07269499
v 0.43929529 -0.41102147 -0.07092144
v 0.43490437 -0.40878442 -0.07934675
v 0.40788183 -0.41612071 -0.05397250
v 0.41323143 -0.42460930 -0.05474064
v 0.41198075 -0.42329621 -0.06074166
v 0.40622211 -0.41467893 -0.06059824
v 0.42071497 -0.43478465 -0.02635454
v 0.40979639 -0.44392532 -0.02715963
v 0.41171461 -0.44186699 -0.02361099
v 0.41985899 -0.42940375 -0.02238625
v 0.38177818 -0.38836738 -0.06342803
v 0.38568720 -0.39847773 -0.06620969
v 0.38486359 -0.39988691 -0.07369581
v 0.38019410 -0.38860214 -0.07192925
v 0.38124114 -0.38801289 -0.04307564
v 0.38660958 -0.37882248 -0.03272663
v 0.38630742 -0.38774890 -0.02820101
v 0.37981930 -0.39652121 -0.03923283
v 0.38502336 -0.39910889 -0.02472535
v 0.38467339 -0.41148621 -0.02223537
v 0.37939799 -0.40677324 -0.03587230
v 0.38743702 -0.42548597 -0.01928294
v 0.38487834 -0.39422998 -0.08595397
v 0.38273048 -0.38536572 -0.08277056
v 0.43828875 -0.48303875 -0.04133652
v 0.43983281 -0.48312676 -0.03566199
v 0.43972152 -0.48664528 -0.03601370
v 0.43845549 -0.48658460 -0.04161761
v 0.40474880 -0.37215361 -0.08936511
v 0.39615038 -0.37647703 -0.09081694
v 0.40005887 -0.38194552 -0.09257358
v 0.40873876 -0.37796983 -0.08946155
v 0.40502119 -0.38901797 -0.09549629
v 0.41411144 -0.38527134 -0.09030271
v 0.44936243 -0.48591757 -0.03165704
v 0.45378536 -0.48716515 -0.03386362
v 0.45130813 -0.49287230 -0.03374670
v 0.44707894 -0.49102122 -0.03184709
v 0.41995043 -0.43728679 -0.04665693
v 0.42148474 -0.44190004 -0.03905584
v 0.42745981 -0.44798070 -0.03706609
v 0.43255126 -0.45313603 -0.03570763
v 0.43157268 -0.45497906 -0.04179625
v 0.42609534 -0.44691706 -0.04571115
v 0.41934299 -0.43400466 -0.05773339
v 0.42462024 -0.44371873 -0.05802055
v 0.42241389 -0.43977255 -0.06506429
v 0.41692713 -0.43076637 -0.06489446
v 0.41555536 -0.43689045 -0.08355740
v 0.41027415 -0.43048266 -0.08253238
v 0.41229677 -0.42959103 -0.07668502
v 0.41822186 -0.43750560 -0.07713553
v 0.43496397 -0.45854211 -0.07745139
v 0.42926231 -0.45175791 -0.07722516
v 0.43074152 -0.45279598 -0.07222185
v 0.43594712 -0.45922512 -0.07263901
v 0.40173388 -0.36555201 -0.08934957
v 0.39308286 -0.37031797 -0.08991423
v 0.42421448 -0.42750901 -0.10786118
v 0.43432608 -0.42710739 -0.10294615
v 0.42947739 -0.41788810 -0.09907008
v 0.42042089 -0.41759336 -0.10403413
v 0.41671035 -0.37600532 -0.08286410
v 0.41315880 -0.36929527 -0.08340415
v 0.45696294 -0.48890391 -0.03867033
v 0.45388451 -0.49446321 -0.03868358
v 0.39665437 -0.40433985 -0.01675586
v 0.39638057 -0.42171454 -0.01419382
v 0.39764664 -0.39028972 -0.02133605
v 0.39790365 -0.37275541 -0.02894199
v 0.39820659 -0.38081121 -0.02592225
v 0.42861304 -0.45063311 -0.05063815
v 0.41765478 -0.43153727 -0.05346269
v 0.41037574 -0.42232579 -0.06525295
v 0.39836350 -0.41965351 -0.08393064
v 0.40275958 -0.42473403 -0.08644709
v 0.40097064 -0.42279091 -0.09360487
v 0.39663357 -0.41631570 -0.09334525
v 0.41131160 -0.43253088 -0.10185152
v 0.41576818 -0.42956328 -0.10716077
v 0.41154179 -0.42157942 -0.10477084
v 0.40711269 -0.42637467 -0.10045022
v 0.41230929 -0.44061613 -0.01828502
v 0.41619503 -0.42610422 -0.01713149
v 0.38823724 -0.38129020 -0.08867730
v 0.39140290 -0.38770652 -0.09193328
v 0.38635132 -0.37411487 -0.08633748
v 0.38631853 -0.39910501 -0.05545036
v 0.39780805 -0.40646392 -0.05916404
v 0.39609385 -0.40622163 -0.06379439
v 0.38637516 -0.39770660 -0.06103206
v 0.39861405 -0.41659933 -0.04770727
v 0.38592690 -0.41217184 -0.04550488
v 0.39787489 -0.42601034 -0.04346061
v 0.38204905 -0.38773739 -0.05504683
v 0.38052049 -0.37874943 -0.05244067
v 0.38003871 -0.37906706 -0.06192200
v 0.37947145 -0.37888351 -0.07156010
v 0.38210320 -0.37715355 -0.08066756
v 0.37702233 -0.37028289 -0.05118077
v 0.37605336 -0.37116075 -0.06057690
v 0.37632242 -0.37093815 -0.07051747
v 0.37850454 -0.36942276 -0.07911793
v 0.41030911 -0.36125204 -0.08387657
v 0.40632445 -0.35178211 -0.08472027
v 0.39723542 -0.35693800 -0.08907678
v 0.38286772 -0.37812412 -0.04264663
v 0.38123769 -0.36861295 -0.04245865
v 0.38721225 -0.36631823 -0.03420708
v 0.39680991 -0.36196908 -0.03143312
v 0.39579326 -0.44847083 -0.03006579
v 0.39581361 -0.44260764 -0.03368242
v 0.38882181 -0.44140589 -0.02976666
v 0.39045489 -0.44795185 -0.02516247
v 0.43689424 -0.45153588 -0.03116450
v 0.43227029 -0.44623324 -0.03128304
v 0.44375402 -0.44944733 -0.02982011
v 0.38914073 -0.40741965 -0.07927829
v 0.38888204 -0.40244517 -0.08965120
v 0.43298978 -0.45647150 -0.04722908
v 0.44742316 -0.46562108 -0.03076274
v 0.45394731 -0.46553302 -0.03291275
v 0.45445698 -0.47991398 -0.03367129
v 0.44911116 -0.47909099 -0.03132861
v 0.43755034 -0.46710461 -0.04641330
v 0.44269276 -0.46815702 -0.05054762
v 0.44017223 -0.46219161 -0.05101362
v 0.43625855 -0.46117374 -0.04635801
v 0.43078983 -0.45608190 -0.08353373
v 0.42599940 -0.45007363 -0.08330381
v 0.45696712 -0.44300878 -0.04079005
v 0.45128277 -0.43121177 -0.03955000
v 0.45417073 -0.44480935 -0.05292321
v 0.42384461 -0.44505978 -0.07731429
v 0.42031068 -0.43810931 -0.07146959
v 0.42547563 -0.44595414 -0.07206897
v 0.43349859 -0.45569313 -0.05673223
v 0.42875901 -0.45036179 -0.05797480
v 0.43061513 -0.45306194 -0.05314875
v 0.43459746 -0.45712718 -0.05158825
v 0.41557091 -0.40715703 -0.10115262
v 0.40454412 -0.41281483 -0.10224842
v 0.44400996 -0.48447371 -0.03225887
v 0.44299677 -0.48849434 -0.03282198
v 0.38868913 -0.36245185 -0.08852648
v 0.38253576 -0.36684293 -0.08505096
v 0.41461214 -0.42951021 -0.07070037
v 0.44333786 -0.41943204 -0.03834457
v 0.40820161 -0.42173231 -0.07009388
v 0.43552554 -0.45260853 -0.09316276
v 0.44249034 -0.45120144 -0.09224556
v 0.44109938 -0.44265765 -0.09195685
v 0.43313271 -0.44620937 -0.09495391
v 0.44078138 -0.48390275 -0.04632980
v 0.44566077 -0.48567665 -0.04948831
v 0.44495627 -0.47920504 -0.04982030
v 0.43987447 -0.47841334 -0.04646821
v 0.43680322 -0.46592331 -0.03594173
v 0.43557447 -0.46666542 -0.04133874
v 0.43436265 -0.45942792 -0.04144083
v 0.43520978 -0.45828864 -0.03595987
v 0.43967521 -0.45723867 -0.03209293
v 0.44152224 -0.46543097 -0.03224295
v 0.45626897 -0.46650416 -0.04630742
v 0.45047021 -0.46832398 -0.05081610
v 0.45164618 -0.48064581 -0.05042956
v 0.45669407 -0.48154879 -0.04559761
v 0.42955905 -0.39607471 -0.07710900
v 0.42492270 -0.39513627 -0.08535501
v 0.43000424 -0.40761533 -0.08812091
v 0.43539831 -0.42019022 -0.09125853
v 0.43913552 -0.43268225 -0.09375435
v 0.44730011 -0.43386531 -0.08477002
v 0.42446083 -0.40658590 -0.09495506
v 0.45328349 -0.45501977 -0.05706051
v 0.44817474 -0.45821968 -0.05547647
v 0.45402980 -0.45643193 -0.04893472
v 0.40504557 -0.42173928 -0.07694533
v 0.44333616 -0.47810906 -0.03214318
v 0.41895488 -0.37238884 -0.03858869
v 0.42346305 -0.36951655 -0.05110932
v 0.42758113 -0.37857381 -0.05158389
v 0.42148319 -0.38107991 -0.03637481
v 0.43744463 -0.47806910 -0.04130558
v 0.43844154 -0.47770587 -0.03572306
v 0.43053561 -0.45500562 -0.09292903
v 0.42538267 -0.45089930 -0.09393853
v 0.42414474 -0.44967905 -0.08934982
v 0.42910141 -0.45533025 -0.08875276
v 0.41969010 -0.39490971 -0.09202828
v 0.43449187 -0.43532783 -0.10560779
v 0.42380679 -0.43687397 -0.10996341
v 0.42216295 -0.37558416 -0.07355031
v 0.42057243 -0.38424709 -0.08346780
v 0.42534679 -0.38459697 -0.07503740
v 0.45093569 -0.44122100 -0.07369640
v 0.43341997 -0.39798513 -0.06942574
v 0.42861241 -0.38600445 -0.06741221
v 0.42518184 -0.37594047 -0.06458604
v 0.42250049 -0.36784104 -0.06342711
v 0.41935793 -0.36791342 -0.07316451
v 0.45608306 -0.48901200 -0.04549115
v 0.45780179 -0.48053080 -0.03867679
v 0.41616726 -0.35918388 -0.07342060
v 0.41208121 -0.34904283 -0.07512729
v 0.41921967 -0.35926309 -0.06328952
v 0.41481030 -0.34909120 -0.06460735
v 0.43134698 -0.38789201 -0.05874658
v 0.43179059 -0.39021295 -0.04847748
v 0.43637863 -0.39969590 -0.06109034
v 0.43780476 -0.40279424 -0.05057671
v 0.45711309 -0.43985429 -0.06417024
v 0.44466627 -0.49064475 -0.04958395
v 0.44164675 -0.49862972 -0.04991267
v 0.44505352 -0.50126040 -0.04857877
v 0.44901702 -0.49351195 -0.04891504
v 0.45114917 -0.48745656 -0.04954943
v 0.45278987 -0.49420458 -0.04520768
v 0.43596324 -0.40758562 -0.03664043
v 0.43876576 -0.46055588 -0.05603115
v 0.42562953 -0.39541042 -0.03129490
v 0.43112567 -0.41742098 -0.02445119
v 0.42249361 -0.41070998 -0.01971878
v 0.41076529 -0.38437599 -0.02431997
v 0.41066411 -0.39788973 -0.01774589
v 0.40833700 -0.36834520 -0.03191217
v 0.40977269 -0.37588206 -0.02946409
v 0.40550441 -0.35780030 -0.03350952
v 0.40835118 -0.41480333 -0.01340304
v 0.43627760 -0.49222073 -0.03752109
v 0.43580326 -0.49239731 -0.04335260
v 0.41300574 -0.35356614 -0.04105387
v 0.41634983 -0.36446577 -0.03971249
v 0.39698595 -0.43573099 -0.03859521
v 0.40199506 -0.41414401 -0.06905454
v 0.39872891 -0.41458696 -0.07437294
v 0.39407438 -0.41417390 -0.08179830
v 0.39286080 -0.40997460 -0.09242227
v 0.41623485 -0.35013288 -0.05269599
v 0.36875328 -0.36009139 -0.05910047
v 0.36858594 -0.36013430 -0.06897759
v 0.40835211 -0.33660305 -0.06637672
v 0.43921947 -0.49444485 -0.03378644
v 0.44214106 -0.46052876 -0.07498778
v 0.44223744 -0.46007213 -0.07719545
v 0.38676569 -0.43845093 -0.02281980
v 0.39005747 -0.44575343 -0.01895198
v 0.39105815 -0.43547228 -0.01575948
v 0.39856094 -0.43342033 -0.01176856
v 0.40101811 -0.44297725 -0.01160908
v 0.39427507 -0.44454610 -0.01446238
v 0.39423177 -0.40699309 -0.06780279
v 0.39227754 -0.40786102 -0.07279328
v 0.39998624 -0.40321925 -0.09978630
v 0.41052788 -0.39731589 -0.09840743
v 0.44627795 -0.45625934 -0.03064880
v 0.45132405 -0.44659966 -0.03256285
v 0.45264292 -0.45493701 -0.03336402
v 0.45757741 -0.46484381 -0.03892522
v 0.44778186 -0.46173283 -0.05195420
v 0.44453156 -0.46117136 -0.05466603
v 0.38597310 -0.40432721 -0.05027939
v 0.39884618 -0.40972447 -0.05319691
v 0.40510246 -0.44094801 -0.03315032
v 0.40378538 -0.44599998 -0.03105460
v 0.42694291 -0.44741943 -0.06499804
v 0.45344630 -0.45403337 -0.07158869
v 0.45734793 -0.45181933 -0.06419242
v 0.43203750 -0.45377725 -0.06470361
v 0.44604468 -0.50085694 -0.03423915
v 0.44235185 -0.49767205 -0.03270026
v 0.45692715 -0.45360121 -0.03990696
v 0.42088386 -0.44376928 -0.08367971
v 0.44921088 -0.45183703 -0.07800077
v 0.44859576 -0.45804885 -0.07453008
v 0.41709459 -0.43541738 -0.10738419
v 0.42019266 -0.36112067 -0.05135246
v 0.43756044 -0.49467316 -0.04832078
v 0.44025135 -0.48820996 -0.04710481
v 0.44759387 -0.50263351 -0.04490076
v 0.44841582 -0.50197250 -0.03930518
v 0.39559790 -0.39505050 -0.09609187
v 0.40426382 -0.41419357 -0.06498655
v 0.37036219 -0.35855967 -0.07798401
v 0.40835184 -0.44100466 -0.01289296
v 0.40756020 -0.42915836 -0.01311354
v 0.43640786 -0.45885080 -0.06448290
v 0.43541259 -0.44060498 -0.09910391
v 0.44961727 -0.45295858 -0.08747618
v 0.45025921 -0.45731243 -0.08108027
v 0.44859970 -0.44379652 -0.08607593
v 0.44656715 -0.46105886 -0.07868920
v 0.44340807 -0.50886548 -0.04517539
v 0.44389164 -0.50825298 -0.03966383
v 0.44182950 -0.50661594 -0.03475089
v 0.43873325 -0.50236696 -0.03348281
v 0.43609148 -0.49861652 -0.03489743
v 0.44099677 -0.50695312 -0.04870475
v 0.43820316 -0.50381649 -0.05011720
v 0.43516532 -0.49865872 -0.04879214
v 0.43660122 -0.51091540 -0.04905205
v 0.43780351 -0.51430309 -0.04540018
v 0.43413228 -0.51525587 -0.03717180
v 0.43064481 -0.51733190 -0.03704783
v 0.43022656 -0.51450789 -0.03484955
v 0.43603909 -0.51216793 -0.03516789
v 0.42567730 -0.51720810 -0.03593189
v 0.42676675 -0.52019167 -0.03764343
v 0.43596929 -0.51585364 -0.04000222
v 0.43200839 -0.51902562 -0.04066775
v 0.42788535 -0.52152330 -0.04514062
v 0.42783737 -0.52216196 -0.04128090
v 0.43183291 -0.51835072 -0.04456740
v 0.43531638 -0.51624978 -0.04347663
v 0.43940800 -0.51348054 -0.03977443
v 0.42418927 -0.52438545 -0.04166117
v 0.42133635 -0.52277553 -0.04234356
v 0.42236799 -0.52013540 -0.03805310
v 0.42414242 -0.52224845 -0.03842878
v 0.43471682 -0.50659955 -0.03411732
v 0.42904419 -0.51080906 -0.03495571
v 0.42422253 -0.51407701 -0.03663769
v 0.42098391 -0.51720679 -0.03909193
v 0.42284554 -0.51173401 -0.03869562
v 0.42712212 -0.50787795 -0.03686656
v 0.42055404 -0.51460445 -0.04103098
v 0.42193019 -0.51061523 -0.04161446
v 0.42548132 -0.50618863 -0.04036339
v 0.43138623 -0.50006795 -0.03923921
v 0.43307996 -0.50238502 -0.03566075
v 0.42068952 -0.51311392 -0.04256923
v 0.42032379 -0.51988697 -0.04344529
v 0.43232620 -0.51695752 -0.04750298
v 0.42746788 -0.51990682 -0.04779018
v 0.43118477 -0.51489049 -0.04942112
v 0.42644930 -0.51787758 -0.04925551
v 0.42510110 -0.52383494 -0.04514639
v 0.42345870 -0.52249479 -0.04671978
v 0.43379724 -0.49604884 -0.03858029
v 0.43381429 -0.49637163 -0.04435582
v 0.43114960 -0.50024134 -0.04480121
v 0.42529613 -0.50608891 -0.04547142
v 0.43236154 -0.50312650 -0.04892373
v 0.43433321 -0.50814718 -0.05027002
v 0.42928445 -0.51228857 -0.05013914
v 0.42726791 -0.50867236 -0.04931345
v 0.42327064 -0.51269472 -0.04854903
v 0.42476374 -0.51525587 -0.04954060
v 0.42195588 -0.51104212 -0.04538251
v 0.42165565 -0.51696199 -0.04784163
v 0.42234194 -0.51993197 -0.04763708
v 0.42151743 -0.51476502 -0.04740815
v 0.42071915 -0.51411670 -0.04499313
v 0.42019755 -0.51672649 -0.04441898
v 0.44308108 -0.48628187 -0.06816611
v 0.44508082 -0.48649192 -0.06345169
v 0.44268945 -0.49200153 -0.06401452
v 0.44047707 -0.49131638 -0.06893633
v 0.45420676 -0.48924345 -0.06090785
v 0.45962340 -0.49045697 -0.06367151
v 0.45541775 -0.49773708 -0.06409524
v 0.45013547 -0.49582112 -0.06149867
v 0.46194783 -0.49020064 -0.07068831
v 0.45757702 -0.49672848 -0.07073747
v 0.45038280 -0.46753195 -0.05756487
v 0.45602870 -0.46602091 -0.05948362
v 0.46005547 -0.48149416 -0.06217159
v 0.45427901 -0.48119956 -0.05955195
v 0.44001216 -0.46725690 -0.07155012
v 0.44377881 -0.46768650 -0.07538963
v 0.44896406 -0.48754671 -0.06119350
v 0.44576630 -0.49370492 -0.06183555
v 0.44336686 -0.48634675 -0.07300902
v 0.44627497 -0.48703900 -0.07710325
v 0.44708189 -0.48001769 -0.07628328
v 0.44356841 -0.47974640 -0.07249155
v 0.44123781 -0.46778539 -0.05908710
v 0.43967175 -0.46740282 -0.06532351
v 0.44554764 -0.46793312 -0.05718292
v 0.45681190 -0.46501869 -0.07274275
v 0.45079371 -0.46718246 -0.07614216
v 0.45293179 -0.48030481 -0.07801034
v 0.45907918 -0.48065856 -0.07564349
v 0.44914544 -0.48037586 -0.05992141
v 0.44286257 -0.47984788 -0.06706212
v 0.44482821 -0.48003131 -0.06199460
v 0.45703042 -0.48992750 -0.07691900
v 0.46242440 -0.48014000 -0.06884395
v 0.44306716 -0.49254912 -0.07781412
v 0.43843856 -0.50029719 -0.07806584
v 0.44242451 -0.50279182 -0.07817039
v 0.44730124 -0.49486989 -0.07856093
v 0.45094183 -0.48853225 -0.07829261
v 0.45264769 -0.49647751 -0.07679730
v 0.43697798 -0.49948502 -0.06506323
v 0.43530288 -0.49829632 -0.07016423
v 0.43977523 -0.50164258 -0.06252454
v 0.45987201 -0.46409494 -0.06560590
v 0.44812107 -0.50633138 -0.06476951
v 0.44346276 -0.50409341 -0.06249890
v 0.43541428 -0.49882838 -0.07506919
v 0.44048616 -0.49167538 -0.07398587
v 0.44663128 -0.50481427 -0.07618805
v 0.44993439 -0.50585908 -0.07064360
v 0.44120347 -0.51057649 -0.07597481
v 0.44341785 -0.51333028 -0.07116234
v 0.44224191 -0.51297754 -0.06559520
v 0.43892294 -0.50913894 -0.06323114
v 0.43624574 -0.50578940 -0.06347768
v 0.43772936 -0.50895083 -0.07804057
v 0.43472505 -0.50643665 -0.07812846
v 0.43251437 -0.50319266 -0.07537169
v 0.43148619 -0.51319891 -0.07802723
v 0.43349618 -0.51670355 -0.07631275
v 0.42793119 -0.52119726 -0.06758733
v 0.42328471 -0.52384239 -0.06727044
v 0.42270446 -0.52141923 -0.06512251
v 0.42839968 -0.51939046 -0.06489877
v 0.43177968 -0.51965714 -0.06826544
v 0.43462211 -0.51765651 -0.06616640
v 0.43230236 -0.51915085 -0.07143700
v 0.42816216 -0.52187473 -0.07157108
v 0.42221749 -0.52314425 -0.07492116
v 0.42294508 -0.52537745 -0.07151307
v 0.42706561 -0.51971370 -0.07456356
v 0.43098313 -0.51789480 -0.07415222
v 0.41804421 -0.52372187 -0.06682935
v 0.41963625 -0.52576905 -0.06756669
v 0.43695223 -0.51736152 -0.07149866
v 0.43411791 -0.51277745 -0.06370762
v 0.42747998 -0.51595712 -0.06358112
v 0.42133814 -0.51844257 -0.06454374
v 0.41678554 -0.52065009 -0.06691377
v 0.41988748 -0.51552480 -0.06521136
v 0.42555350 -0.51239979 -0.06406984
v 0.41652191 -0.51783627 -0.06771469
v 0.41859990 -0.51340407 -0.06756121
v 0.42350388 -0.50940317 -0.06655009
v 0.43071640 -0.50575095 -0.06654851
v 0.43251926 -0.50869089 -0.06394348
v 0.41670150 -0.51589578 -0.06870660
v 0.41580600 -0.52563393 -0.07083137
v 0.41493386 -0.52224082 -0.07080047
v 0.41837698 -0.52804250 -0.07111651
v 0.42655903 -0.51757997 -0.07596044
v 0.42108607 -0.52086467 -0.07571919
v 0.42536837 -0.51551783 -0.07742657
v 0.41989017 -0.51907170 -0.07668218
v 0.41864133 -0.52589077 -0.07459530
v 0.41706312 -0.52416557 -0.07486403
v 0.43403637 -0.50350356 -0.06610034
v 0.43254209 -0.50224304 -0.07073765
v 0.42935491 -0.50414014 -0.07109858
v 0.42240226 -0.50835460 -0.07131051
v 0.42941093 -0.50487721 -0.07553628
v 0.43024373 -0.50841975 -0.07783318
v 0.42427385 -0.51262081 -0.07739359
v 0.42299902 -0.50963217 -0.07552798
v 0.41852391 -0.51389873 -0.07489373
v 0.41920233 -0.51678777 -0.07638423
v 0.41796917 -0.51261264 -0.07136871
v 0.41601461 -0.51887876 -0.07446736
v 0.41609454 -0.52170396 -0.07485068
v 0.41639513 -0.51633489 -0.07379682
v 0.41603148 -0.51607811 -0.07115979
v 0.41516113 -0.51907086 -0.07091695
v 0.43257165 -0.47877806 -0.08819227
v 0.43615174 -0.48060006 -0.08440995
v 0.43357390 -0.48394108 -0.08396019
v 0.42972729 -0.48172623 -0.08780460
v 0.44489080 -0.48437917 -0.08436312
v 0.44837135 -0.48456717 -0.08724611
v 0.44277641 -0.48986450 -0.08744991
v 0.44035843 -0.48914543 -0.08451542
v 0.44845891 -0.48370853 -0.09358270
v 0.44239783 -0.48954266 -0.09251621
v 0.44568372 -0.46687630 -0.08054210
v 0.45010763 -0.46524388 -0.08326603
v 0.45017016 -0.47734234 -0.08590326
v 0.44618618 -0.47793993 -0.08289552
v 0.44034043 -0.48264280 -0.08337928
v 0.43711579 -0.48700076 -0.08335204
v 0.43114662 -0.47819442 -0.09260739
v 0.43249494 -0.47886789 -0.09611143
v 0.43350041 -0.47247118 -0.09535460
v 0.43206054 -0.47239399 -0.09183036
v 0.43274119 -0.46260568 -0.08501676
v 0.43593386 -0.46434751 -0.08103826
v 0.44054276 -0.46592641 -0.07989587
v 0.44447893 -0.46125209 -0.09467812
v 0.43778491 -0.46064961 -0.09511808
v 0.43836591 -0.47272640 -0.09796019
v 0.44539410 -0.47380215 -0.09741218
v 0.44092965 -0.47671923 -0.08232921
v 0.43252617 -0.47351095 -0.08691603
v 0.43625376 -0.47495490 -0.08321131
v 0.44302800 -0.48176897 -0.09813251
v 0.45016766 -0.47488394 -0.09188759
v 0.42973647 -0.48161393 -0.09647131
v 0.42414045 -0.48960182 -0.09574813
v 0.42702597 -0.49268103 -0.09675223
v 0.43358949 -0.48453334 -0.09832822
v 0.43689895 -0.47978508 -0.09870185
v 0.43867823 -0.48725218 -0.09710817
v 0.42724073 -0.48946685 -0.08340821
v 0.42429280 -0.48733833 -0.08731595
v 0.43029860 -0.49293670 -0.08280912
v 0.45017925 -0.46257630 -0.08930021
v 0.43233761 -0.46101674 -0.09348033
v 0.43451452 -0.49793041 -0.08642507
v 0.43270302 -0.49580613 -0.08374369
v 0.42302689 -0.48725909 -0.09223136
v 0.42852074 -0.48076862 -0.09259555
v 0.43122098 -0.49569744 -0.09549072
v 0.43474177 -0.49766350 -0.09124534
v 0.42553693 -0.50117725 -0.09435433
v 0.42852649 -0.50343680 -0.09010744
v 0.42868006 -0.50351268 -0.08527720
v 0.42736685 -0.50049531 -0.08291695
v 0.42580378 -0.49699837 -0.08232865
v 0.42195314 -0.49736610 -0.09519243
v 0.42020649 -0.49474961 -0.09418371
v 0.42025429 -0.49153396 -0.09135371
v 0.41798532 -0.49931386 -0.09429476
v 0.41970414 -0.50418925 -0.09254184
v 0.41610396 -0.50928408 -0.08348036
v 0.41189456 -0.51158893 -0.08223438
v 0.41214871 -0.51033938 -0.08035257
v 0.41695559 -0.50854313 -0.08157715
v 0.41960502 -0.50845706 -0.08500344
v 0.42239666 -0.50728661 -0.08420771
v 0.41958112 -0.50807279 -0.08809534
v 0.41543061 -0.51008880 -0.08724093
v 0.40976822 -0.50946307 -0.08913529
v 0.41112179 -0.51221228 -0.08603397
v 0.41406608 -0.50714010 -0.09023300
v 0.41797364 -0.50640810 -0.09075937
v 0.40815198 -0.51213592 -0.08053300
v 0.40891743 -0.51316386 -0.08193004
v 0.42299986 -0.50649464 -0.08881205
v 0.42279732 -0.50380784 -0.08165368
v 0.41709423 -0.50592136 -0.07998314
v 0.41183311 -0.50783789 -0.07901585
v 0.40755868 -0.50906944 -0.07971758
v 0.41122782 -0.50468546 -0.07923472
v 0.41625971 -0.50248551 -0.07991087
v 0.40753996 -0.50594878 -0.08005935
v 0.41027492 -0.50210083 -0.08061701
v 0.41488391 -0.49923551 -0.08107767
v 0.42045534 -0.49628517 -0.08263317
v 0.42190057 -0.49997866 -0.08141854
v 0.40787816 -0.50385749 -0.08102140
v 0.40551513 -0.51237798 -0.08404213
v 0.40466297 -0.50896859 -0.08349976
v 0.40746236 -0.51390958 -0.08497411
v 0.41349739 -0.50491518 -0.09200805
v 0.40877491 -0.50742221 -0.09037355
v 0.41250294 -0.50199717 -0.09246776
v 0.40788442 -0.50496799 -0.09053877
v 0.40719014 -0.51151460 -0.08797547
v 0.40603232 -0.51003331 -0.08821842
v 0.42386821 -0.49344593 -0.08361205
v 0.42173171 -0.49122155 -0.08709165
v 0.41892350 -0.49387458 -0.08591360
v 0.41301781 -0.49692613 -0.08435300
v 0.41756916 -0.49347657 -0.09007451
v 0.41667634 -0.49638814 -0.09276366
v 0.41172576 -0.49919409 -0.09124631
v 0.41168332 -0.49707243 -0.08845285
v 0.40775418 -0.50029546 -0.08720776
v 0.40747178 -0.50232476 -0.08944306
v 0.40867132 -0.50031352 -0.08348730
v 0.40526801 -0.50461322 -0.08688220
v 0.40508699 -0.50737756 -0.08781826
v 0.40593994 -0.50261050 -0.08588877
v 0.40641302 -0.50325245 -0.08316359
v 0.40524209 -0.50575733 -0.08312407
v 0.43182671 -0.46158320 -0.08957703
v 0.41860974 -0.46353197 -0.10725713
v 0.42140371 -0.46549079 -0.10463607
v 0.41904184 -0.46769685 -0.10489181
v 0.41659063 -0.46523589 -0.10732982
v 0.42911687 -0.46921748 -0.10595739
v 0.43121099 -0.46975577 -0.10976231
v 0.42597005 -0.47358224 -0.10995805
v 0.42456335 -0.47293827 -0.10621598
v 0.42967790 -0.46808049 -0.11502391
v 0.42465892 -0.47180402 -0.11459979
v 0.43167353 -0.45240328 -0.09926461
v 0.43456233 -0.44962054 -0.10260010
v 0.43378273 -0.46298146 -0.10743850
v 0.43115157 -0.46331108 -0.10361785
v 0.41594422 -0.45047337 -0.10599633
v 0.41725594 -0.44865629 -0.11021617
v 0.41683602 -0.44182068 -0.10761683
v 0.41526401 -0.44178352 -0.10297631
v 0.42554981 -0.46741015 -0.10421142
v 0.42184865 -0.47054404 -0.10468256
v 0.41679496 -0.46206135 -0.11050683
v 0.41646951 -0.46166813 -0.11426267
v 0.41778472 -0.45787984 -0.11363465
v 0.41729143 -0.45861998 -0.10937145
v 0.42059466 -0.45268244 -0.09873771
v 0.41741967 -0.45252001 -0.10230838
v 0.41575241 -0.44432068 -0.09848374
v 0.41966873 -0.44733924 -0.09551565
v 0.42559558 -0.45344955 -0.09864923
v 0.42654020 -0.44617233 -0.11323376
v 0.42088956 -0.44720191 -0.11282985
v 0.42130786 -0.45772251 -0.11641969
v 0.42711899 -0.45934373 -0.11663818
v 0.42673057 -0.46318501 -0.10281152
v 0.41939041 -0.45960110 -0.10568792
v 0.42224693 -0.46220180 -0.10337731
v 0.42423233 -0.46536797 -0.11754379
v 0.43294439 -0.46074277 -0.11280996
v 0.41385579 -0.46367761 -0.11448094
v 0.40917987 -0.46790284 -0.11422312
v 0.41040862 -0.47024679 -0.11648056
v 0.41599682 -0.46576011 -0.11739424
v 0.41909996 -0.46305376 -0.11713406
v 0.41982099 -0.46890661 -0.11752367
v 0.41411090 -0.47172505 -0.10439709
v 0.41194808 -0.46862632 -0.10687611
v 0.41626525 -0.47476298 -0.10435662
v 0.43374228 -0.44643742 -0.10835874
v 0.41887182 -0.47876585 -0.10933372
v 0.41789550 -0.47748420 -0.10593158
v 0.40996215 -0.46738479 -0.11043245
v 0.41457558 -0.46385351 -0.11066449
v 0.41340411 -0.47349298 -0.11659998
v 0.41743582 -0.47683004 -0.11371288
v 0.40859166 -0.47746736 -0.11569732
v 0.41264349 -0.48125613 -0.11314318
v 0.41450697 -0.48241901 -0.10871944
v 0.41452554 -0.48051104 -0.10550117
v 0.41347149 -0.47764292 -0.10411650
v 0.40604234 -0.47334385 -0.11525416
v 0.40582094 -0.47113425 -0.11295629
v 0.40728182 -0.47070628 -0.10972652
v 0.40266350 -0.47661081 -0.11364853
v 0.40460479 -0.48104882 -0.11402389
v 0.40546551 -0.48808426 -0.10644129
v 0.40273684 -0.49015316 -0.10487702
v 0.40301582 -0.48952639 -0.10305083
v 0.40665400 -0.48767945 -0.10470232
v 0.40792626 -0.48656902 -0.10856318
v 0.41030279 -0.48542535 -0.10793400
v 0.40689278 -0.48536482 -0.11125600
v 0.40393516 -0.48783448 -0.10960642
v 0.39803186 -0.48752543 -0.10983366
v 0.40087163 -0.49034783 -0.10818598
v 0.40106475 -0.48541451 -0.11181024
v 0.40417671 -0.48391533 -0.11269221
v 0.39955461 -0.49132419 -0.10257599
v 0.40031883 -0.49189389 -0.10430953
v 0.40910023 -0.48354769 -0.11216882
v 0.41130894 -0.48329443 -0.10499874
v 0.40698084 -0.48620993 -0.10292011
v 0.40242872 -0.48841572 -0.10115951
v 0.39842367 -0.48945373 -0.10121050
v 0.40201911 -0.48592004 -0.10066810
v 0.40666112 -0.48357883 -0.10207614
v 0.39842588 -0.48696899 -0.10095689
v 0.40139312 -0.48342496 -0.10112846
v 0.40561596 -0.48051587 -0.10225964
v 0.40952027 -0.47702754 -0.10375443
v 0.41090667 -0.48031908 -0.10370281
v 0.39885461 -0.48505604 -0.10111660
v 0.39628160 -0.49103519 -0.10481444
v 0.39571175 -0.48876011 -0.10329625
v 0.39800769 -0.49206927 -0.10683548
v 0.39983156 -0.48292711 -0.11218029
v 0.39640361 -0.48567337 -0.10977155
v 0.39914647 -0.48004055 -0.11147189
v 0.39583337 -0.48357251 -0.10853615
v 0.39645514 -0.48959777 -0.10848215
v 0.39505965 -0.48851800 -0.10740182
v 0.41165802 -0.47441623 -0.10411966
v 0.40926778 -0.47162977 -0.10630891
v 0.40705937 -0.47421616 -0.10556260
v 0.40348497 -0.47782737 -0.10379228
v 0.40462333 -0.47327328 -0.10865691
v 0.40294996 -0.47390220 -0.11156169
v 0.39925978 -0.47796574 -0.10944623
v 0.40075371 -0.47684035 -0.10656318
v 0.39764544 -0.48085818 -0.10457629
v 0.39629790 -0.48184657 -0.10671091
v 0.39969304 -0.48147780 -0.10242414
v 0.39545649 -0.48489803 -0.10434097
v 0.39471006 -0.48661596 -0.10569841
v 0.39650166 -0.48356768 -0.10345152
v 0.39746824 -0.48441041 -0.10215613
v 0.39625278 -0.48650524 -0.10244682
v 0.42007816 -0.44135463 -0.11003925
v 0.41184318 -0.45321110 -0.02342069
v 0.41233796 -0.45268986 -0.01834227
v 0.39581749 -0.45622262 -0.02808161
v 0.40269068 -0.45536083 -0.02947088
v 0.39125437 -0.45647687 -0.02301778
v 0.39580694 -0.45540741 -0.01293881
v 0.39208135 -0.45605874 -0.01731361
v 0.40843564 -0.45430771 -0.02728483
v 0.40977958 -0.45291245 -0.01349191
v 0.40247086 -0.45395797 -0.01093476
v 0.40928414 -0.46374184 -0.01088277
v 0.40211815 -0.46500930 -0.00948900
v 0.39447826 -0.46546599 -0.01207900
v 0.39165378 -0.46443710 -0.01761898
v 0.39151397 -0.46280402 -0.02307080
v 0.41323125 -0.46172211 -0.01625477
v 0.41303572 -0.46080482 -0.02161196
v 0.40929684 -0.46036851 -0.02609099
v 0.41341865 -0.47124285 -0.01433134
v 0.40958589 -0.47720596 -0.01029524
v 0.39715210 -0.48357877 -0.01205808
v 0.39780599 -0.48808891 -0.01202446
v 0.39573088 -0.48729318 -0.01586315
v 0.39439291 -0.48209336 -0.01534134
v 0.39788207 -0.48045945 -0.01176259
v 0.39524853 -0.47670537 -0.01346695
v 0.40254432 -0.48448265 -0.00895709
v 0.40249974 -0.48065615 -0.00977093
v 0.40706998 -0.48116836 -0.00928035
v 0.40847063 -0.48452234 -0.00912380
v 0.40269357 -0.48916212 -0.00853992
v 0.40315041 -0.49296036 -0.01024193
v 0.39912096 -0.49168727 -0.01217487
v 0.39872050 -0.49167246 -0.01534328
v 0.40249303 -0.47679663 -0.00970593
v 0.39188135 -0.47218549 -0.01854894
v 0.39294112 -0.47981775 -0.01971006
v -0.00147978 0.09562774 -0.11478960
v -0.00171529 0.10750234 -0.11188100
v 0.39561093 -0.48620814 -0.02016312
v 0.39983013 -0.49062622 -0.01934758
v 0.39819431 -0.48443890 -0.02407500
v 0.39466769 -0.47776371 -0.02468646
v 0.40202844 -0.48822141 -0.02238342
v 0.40206897 -0.48309222 -0.02588555
v 0.39960736 -0.47621411 -0.02754459
v 0.39709532 -0.46625108 -0.02755216
v 0.39230645 -0.46866691 -0.02393177
v 0.40365380 -0.48648280 -0.02411494
v 0.40420270 -0.49425617 -0.01391119
v 0.40547562 -0.49223024 -0.01776475
v 0.41177320 -0.48277181 -0.01168171
v 0.41174921 -0.48781168 -0.01212952
v 0.40855908 -0.48866552 -0.00912201
v 0.41404933 -0.47991401 -0.01520714
v 0.41329730 -0.48633742 -0.01594493
v 0.40751567 -0.49209172 -0.00962725
v 0.40951931 -0.49208385 -0.01260334
v 0.39596358 -0.46140212 -0.02765241
v 0.40290058 -0.46066183 -0.02861089
v 0.40434206 -0.46552813 -0.02764091
v 0.40615335 -0.47507107 -0.02670708
v 0.41093963 -0.46649376 -0.02462721
v 0.41436228 -0.46837509 -0.01931190
v 0.41433796 -0.47778583 -0.01952109
v 0.41166031 -0.47582513 -0.02392223
v 0.41087544 -0.48286977 -0.02289423
v 0.41294605 -0.48452953 -0.01986337
v 0.40683758 -0.48252928 -0.02493480
v 0.41021663 -0.48825443 -0.02000874
v 0.41046843 -0.49059424 -0.01667204
v 0.40947264 -0.48621875 -0.02195483
v 0.40680778 -0.48658478 -0.02295578
v 0.40635216 -0.48935539 -0.02088118
v 0.41371819 -0.43744904 -0.10243588
v 0.41426951 -0.44020307 -0.09678239
v 0.41141459 -0.43488020 -0.09603903
v 0.40618867 -0.42929140 -0.09496114
v 0.40281877 -0.42107049 -0.09906451
v 0.40788138 -0.43054584 -0.08854596
v 0.41319764 -0.43651766 -0.09000140
v 0.41807634 -0.44373018 -0.09080835
v 0.40585762 -0.42579296 -0.08180247
v 0.01610489 0.07256103 0.05552604
v 0.01686839 0.05612808 0.06559571
v 0.20709203 -0.04555130 0.00344017
v 0.22037151 -0.03359509 0.00318659
v 0.24746589 -0.00978796 -0.04186156
v 0.24432509 -0.00770670 -0.06534484
v 0.06412559 -0.22433966 0.12404633
v 0.11171464 -0.17689246 -0.08363202
v 0.11479741 -0.15773886 -0.09001150
v 0.03804100 -0.15768585 -0.11182151
v 0.05792157 -0.16204400 -0.11080487
v 0.14447725 -0.19390208 0.03067722
v 0.14487322 -0.17405617 0.02829811
v 0.10291217 -0.20199701 0.08893026
v 0.10455157 -0.18004398 0.08682662
v 0.13508917 -0.21696448 0.05592245
v 0.08101652 -0.20800625 -0.09614300
v 0.09988288 -0.21056153 -0.08856335
v 0.09584432 -0.19107822 -0.09111215
v 0.07777942 -0.18768969 -0.10008036
v 0.01909857 -0.15384336 -0.10763212
v 0.01868590 -0.17652759 -0.10096617
v 0.15246677 -0.15246914 0.00099403
v 0.15224260 -0.15137030 -0.02604280
v 0.13395731 -0.14532885 -0.07428968
v 0.11861913 -0.13917209 -0.09249905
v 0.10073482 -0.13120095 -0.10508849
v 0.08137136 -0.12294212 -0.11409488
v 0.09012596 -0.15775414 0.10153162
v 0.07206465 -0.13535944 0.10961222
v 0.14622636 -0.15349041 0.02703181
v 0.02561915 -0.15619010 0.12879756
v 0.06474929 -0.09192731 -0.12593324
v 0.04151663 -0.08699924 -0.12872368
v 0.14572661 -0.14922589 -0.05147466
v 0.03362609 0.01626384 0.09274553
v 0.05161319 0.01917351 0.09137923
v 0.05134718 0.00358575 0.10177349
v 0.03364623 -0.00016751 0.10220903
v 0.06849084 0.00549374 0.09995393
v 0.08484975 0.00642808 0.09645850
v 0.09980305 0.00640719 0.09180147
v 0.13494433 0.00027798 0.07488188
v 0.12476368 0.00333578 0.08082963
v 0.15135150 -0.01019536 0.05970051
v 0.14377302 -0.00394336 0.06790263
v 0.15697792 -0.02050861 0.04894854
v 0.16043335 -0.03287904 0.03540514
v 0.16558923 -0.03177745 0.01381870
v 0.16373296 -0.04481400 0.01999711
v 0.15790679 -0.04603005 0.04305222
v 0.15422441 -0.03346015 0.05585077
v 0.14872405 -0.02363342 0.06675000
v 0.02149575 -0.06887426 0.11453272
v 0.01846232 -0.04403367 0.11319140
v 0.01504317 0.08840374 0.04572057
v 0.28598130 -0.22396535 -0.09121407
v 0.37754333 -0.31242210 -0.03258907
v 0.01544070 0.10975557 -0.11346418
v 0.03481494 0.11592811 -0.11486855
v 0.09841504 0.13059816 -0.10336959
v 0.11601818 0.14073814 -0.08379751
v 0.07706605 0.12102062 -0.11533556
v 0.05542450 0.11155055 -0.11931223
v 0.13451350 -0.13497657 0.04945653
v 0.03655155 0.07741291 -0.12585376
v 0.05714963 0.09955932 -0.12415609
v 0.08009264 0.10924682 -0.12122887
v 0.10442322 0.11955064 -0.11049221
v 0.12944253 0.13062958 -0.08996445
v 0.14615114 0.12836887 -0.08185142
v 0.16555472 0.10669273 -0.08603855
v 0.18463141 0.10062210 -0.07572330
v 0.19072135 0.11280367 -0.06126874
v 0.17996792 0.11950538 -0.06576630
v 0.17521109 0.10457759 -0.08099339
v 0.22993341 0.02273515 -0.07202438
v 0.22709447 -0.00858244 -0.08723003
v 0.23197065 0.00553858 -0.07810664
v 0.21704063 -0.01986751 -0.09422448
v 0.20963043 -0.02669908 -0.09790441
v 0.20034142 -0.02921335 -0.09932152
v 0.18903548 -0.02642937 -0.09908435
v 0.16427891 -0.00707465 -0.08792894
v 0.16012484 -0.00112212 -0.08373623
v 0.16750371 -0.02000107 -0.09108921
v 0.16444132 -0.02627064 -0.09374859
v 0.14885305 -0.05297109 -0.10202315
v 0.14040251 -0.06717088 -0.10462485
v -0.00235579 0.14404018 -0.09960436
v 0.12879743 -0.08164262 -0.10848836
v 0.00091312 -0.06056935 -0.12918673
v 0.00072480 -0.03987377 -0.13230522
v 0.00115069 -0.12836768 -0.10910590
v 0.00117385 -0.10736744 -0.11850230
v 0.12207889 -0.30195209 -0.09480856
v 0.11657742 -0.28481591 -0.08910365
v 0.09678771 -0.28617018 -0.09896833
v 0.00030092 -0.26897016 -0.09858449
v 0.00036028 -0.24864545 -0.08968166
v 0.00056877 -0.19704507 -0.08953922
v 0.00068504 -0.17342851 -0.09428001
v 0.10234348 -0.30410090 -0.10567391
v 0.04604658 -0.24881145 -0.09636351
v 0.00016597 -0.00750508 -0.13193750
v -0.00036108 0.00617548 -0.12804277
v -0.00070280 0.02330351 -0.12669599
v 0.02332431 -0.24894564 -0.09434223
v 0.16044164 -0.28557917 -0.03320947
v 0.16462477 -0.28906426 -0.00676308
v 0.13466673 -0.28368226 -0.07469179
v 0.14961731 -0.28394982 -0.05617954
v 0.16158321 -0.29470873 0.01979113
v 0.10230111 -0.32655442 0.09901821
v 0.08219412 -0.33266479 0.11333682
v 0.04038273 -0.34091327 0.13174911
v 0.01970396 -0.34332263 0.13560906
v 0.15270156 -0.30258867 0.04391814
v 0.06126398 -0.33747411 0.12449186
v 0.13910688 -0.31125116 0.06466489
v 0.12153120 -0.31943437 0.08279823
v 0.06729516 -0.24902678 -0.09561881
v 0.07126825 -0.26875779 -0.09900410
v -0.00144017 0.13595387 0.02812407
v -0.00145420 0.12708387 0.02663830
v 0.09146066 -0.26824874 -0.09456459
v 0.05869821 -0.01786966 -0.14068082
v 0.03827929 -0.01969862 -0.13905634
v 0.07976864 -0.01434288 -0.14112370
v 0.09517335 0.01066420 -0.14094637
v 0.09846732 -0.00712852 -0.13885742
v 0.11604076 -0.00042542 -0.13446701
v -0.00104287 0.14525729 0.03103127
v -0.00016503 0.07098404 0.05677216
v 0.00002338 0.05419530 0.06679862
v 0.11347497 0.01632067 -0.13619940
v 0.00176614 -0.04756520 0.11111300
v 0.00178485 -0.07198994 0.11273330
v -0.00044443 0.08635211 0.04658597
v 0.00177726 -0.09491846 0.11267992
v 0.14559525 0.02471438 -0.12150077
v 0.14600776 0.01151384 -0.12038069
v 0.15637448 0.01538223 -0.11440049
v 0.15703535 0.02779579 -0.11578810
v 0.16847645 0.02183725 -0.10387994
v 0.16429618 0.01845845 -0.10947967
v 0.17089511 0.02422564 -0.09774071
v 0.17515996 0.02210275 -0.09776559
v 0.18428545 0.04413854 -0.10080067
v 0.17834941 0.04651569 -0.10293888
v 0.14701214 0.03916263 -0.12040944
v 0.13099317 0.03650456 -0.12788798
v 0.03639905 0.01288551 -0.13600093
v 0.01772295 0.00895799 -0.13164531
v 0.16760288 -0.05193976 0.00150287
v 0.17034554 -0.05720467 -0.01898279
v 0.17104262 -0.05953521 -0.03861156
v 0.16907357 -0.05859508 -0.05614977
v 0.16679482 -0.05549026 -0.07250500
v 0.16188170 -0.05005938 -0.08660053
v 0.16056734 -0.03378975 -0.09656747
v 0.15579236 -0.04257605 -0.09910086
v 0.00054780 -0.46755001 -0.12538625
v 0.15606332 -0.02471919 -0.10530189
v 0.14879614 -0.03272969 -0.10943340
v 0.13653307 -0.00829271 -0.12374379
v 0.14230622 -0.02124334 -0.11758363
v 0.13216640 0.00605455 -0.12764016
v 0.13025671 0.02143198 -0.12893134
v 0.11303807 0.03403742 -0.13571472
v 0.09459507 0.02956799 -0.14059418
v 0.07744526 0.06148764 -0.13673884
v 0.07597754 0.04331250 -0.14022937
v 0.07535540 0.02428321 -0.14235762
v 0.07596975 0.00417488 -0.14326459
v 0.07727036 0.15426658 -0.08328815
v 0.05869751 0.14839198 -0.09487265
v 0.18964131 -0.01705937 -0.10029623
v 0.19698471 -0.01730132 -0.10036181
v 0.00076129 -0.41829520 -0.14579834
v 0.00062183 -0.39497489 -0.14648180
v 0.19354232 -0.00870284 -0.10110794
v 0.18970279 -0.01092309 -0.10091390
v 0.20376126 -0.01350728 -0.09963512
v 0.21063352 -0.00712930 -0.09702861
v 0.20536710 0.00301804 -0.09890927
v 0.19728470 -0.00490075 -0.10100071
v 0.21848248 0.00280036 -0.09164137
v 0.21134417 0.01193105 -0.09459870
v 0.22272545 0.01405104 -0.08526656
v 0.22276881 0.02648345 -0.08055650
v 0.21804973 0.02868578 -0.08504307
v 0.21567996 0.02116732 -0.08943750
v 0.20071384 0.05751950 -0.08892801
v 0.20808086 0.04810023 -0.08690356
v 0.21420702 0.03741010 -0.08541285
v 0.18071085 0.01706886 -0.10002975
v 0.18681808 0.01119784 -0.10148828
v 0.19261366 0.00409578 -0.10164889
v 0.19933344 0.01227398 -0.10027991
v 0.19263236 0.01990017 -0.10087452
v 0.00094065 -0.43864730 -0.14101212
v 0.18599375 0.02655924 -0.10087870
v 0.05594016 0.00045708 -0.14188536
v 0.03648061 -0.00354538 -0.13794942
v 0.00001718 -0.45686603 0.11301770
v 0.00004700 -0.47264838 0.10679371
v 0.17121652 0.03296360 -0.10542961
v 0.00004118 -0.48641485 0.09782611
v 0.00007737 -0.49932203 0.08647636
v 0.16544116 0.03082785 -0.11087853
v 0.17575103 0.03424333 -0.10108908
v 0.18049854 0.03240014 -0.10042336
v 0.17339292 0.04627475 -0.10600410
v 0.16759540 0.04410982 -0.11061487
v 0.15883642 0.04164991 -0.11534602
v 0.05590270 0.01768666 -0.14061907
v 0.01792598 -0.00630485 -0.13443312
v 0.00054810 -0.34737673 -0.13606204
v 0.00052407 -0.32490155 -0.12723728
v -0.00028395 -0.36688000 0.13136098
v -0.00082621 0.15306067 0.03410172
v -0.00122144 0.19332631 -0.07387593
v -0.00133778 0.11694678 0.02660235
v -0.00119492 0.10686547 0.03112204
v 0.00012046 -0.50941575 -0.01499921
v -0.00084975 0.09669306 0.03903988
v 0.00019963 -0.50929576 -0.02765902
v 0.00100931 -0.15014710 -0.10062936
v 0.17890099 0.07826858 0.02199592
v 0.18835725 0.10058063 0.00807315
v 0.19616312 0.11555716 -0.01339518
v 0.19623227 0.11965647 -0.03912183
v 0.22554463 -0.17727841 -0.05365285
v 0.01955741 -0.19965182 -0.09587014
v 0.02107800 -0.22378011 -0.09301819
v 0.04230993 -0.22559552 -0.09633486
v 0.02038705 -0.08494305 -0.12722804
v 0.01872122 -0.02096869 -0.13648099
v 0.11074132 -0.02421352 0.10617340
v 0.09811183 -0.02290759 0.11157882
v 0.09874013 -0.00815619 0.10246547
v 0.11172847 -0.00948902 0.09689697
v 0.13111074 -0.02759740 0.09156731
v 0.12190974 -0.02579831 0.09924247
v 0.12316482 -0.01129724 0.09035505
v 0.13287513 -0.01369450 0.08341195
v 0.13909802 -0.03100193 0.08340675
v 0.14138384 -0.01750928 0.07565281
v 0.12052315 -0.04147337 0.10634138
v 0.10979169 -0.04023602 0.11334405
v 0.09739964 -0.03874153 0.11827415
v 0.13654788 -0.04463740 0.08993174
v 0.12923484 -0.04252016 0.09842224
v 0.00960755 0.15468216 0.03301943
v 0.01215319 0.11023204 0.03136582
v 0.01120714 0.11985173 0.02721239
v 0.01719836 -0.02330752 0.10830495
v 0.01641286 0.01179907 0.09324930
v 0.01685847 0.02436505 0.08322964
v 0.01702273 0.03988413 0.07461551
v 0.01368284 0.09978083 0.03808992
v 0.01678793 -0.00555421 0.10132552
v 0.16674489 -0.47431746 -0.07754448
v 0.14830723 -0.49116349 -0.09736109
v 0.15480639 -0.46453682 -0.09482872
v 0.14057596 -0.47716141 -0.10830716
v 0.16665393 -0.39448878 -0.06996985
v 0.16540335 -0.42089275 -0.07650280
v 0.16745666 -0.36653459 -0.06586861
v 0.12053671 -0.48471016 -0.12131616
v 0.09503407 -0.48698837 -0.13036837
v 0.09308302 -0.46718195 -0.13794652
v 0.15193695 -0.36855435 -0.09084852
v 0.15188974 -0.39548755 -0.09445991
v 0.16204743 -0.44503784 -0.08449732
v 0.14925621 -0.44378984 -0.10247024
v 0.14702114 -0.45879254 -0.10463817
v 0.11776528 -0.46676537 -0.12790819
v 0.13592331 -0.46380746 -0.11532448
v 0.03456970 -0.32657382 -0.12704161
v 0.06322079 -0.32675448 -0.12552720
v 0.05918392 -0.30682969 -0.11609977
v 0.12753136 -0.32160023 -0.10093814
v 0.14050786 -0.30016896 -0.07858466
v 0.13466465 -0.44564044 -0.11800209
v 0.11588398 -0.44575891 -0.13215658
v 0.09109393 -0.44462219 -0.14323875
v 0.09028825 -0.36973411 -0.13757418
v 0.08984338 -0.39390925 -0.14298835
v 0.11326305 -0.39559603 -0.13183290
v 0.11373296 -0.37018576 -0.12667173
v 0.13181369 -0.34430116 -0.10684568
v 0.13380110 -0.36993772 -0.11119616
v 0.08967179 -0.34647614 -0.13007891
v 0.11184433 -0.34550166 -0.12047782
v 0.10765785 -0.32337636 -0.11312012
v 0.13416311 -0.39674196 -0.11527898
v 0.06093615 -0.41856274 -0.15110990
v 0.08949589 -0.41997182 -0.14528330
v 0.03120413 -0.41753846 -0.14924473
v 0.08644523 -0.32504162 -0.12109809
v 0.08183392 -0.30556059 -0.11214071
v 0.07624296 -0.28679249 -0.10434832
v 0.06352654 -0.22747451 -0.09591372
v 0.11674670 -0.70867783 0.06484198
v 0.00010047 -0.52933288 0.01189608
v 0.00036441 -0.52091032 -0.01488794
v 0.17911214 -0.43947393 0.04265353
v 0.18651175 -0.45691314 -0.03222189
v 0.17524263 -0.44972602 -0.06137156
v 0.02733889 -0.52965510 0.07648072
v 0.01065053 -0.53517145 0.05509347
v 0.16170853 -0.44872299 0.07014750
v 0.10868921 -0.49726260 0.09989031
v 0.00242019 -0.53431827 0.03361592
v 0.15102321 -0.42114106 -0.09872070
v 0.13454549 -0.42285895 -0.11763001
v 0.11423573 -0.42176628 -0.13353081
v 0.06179035 -0.44258845 -0.14862074
v 0.03103757 -0.43967435 -0.14683102
v 0.02191609 -0.47814760 0.10327338
v 0.01791018 -0.46819845 0.10785791
v 0.00947069 -0.47077429 0.10740925
v 0.00978103 -0.48488221 0.09947188
v 0.10271696 -0.34759966 0.09802017
v 0.08102953 -0.35435352 0.11095591
v 0.03837106 -0.36300263 0.12732132
v 0.01840823 -0.36535385 0.13060294
v 0.15699974 -0.32147792 0.04464174
v 0.05927671 -0.35950175 0.12104732
v 0.14269565 -0.33087122 0.06539063
v 0.12357172 -0.33974138 0.08310416
v 0.07140746 -1.15163040 -0.05676839
v 0.07195851 -1.18066514 -0.05279141
v 0.07294149 -1.17873132 -0.06830099
v 0.06976845 -1.14939511 -0.07208081
v 0.08748842 -1.14464855 -0.10075336
v 0.07558034 -1.14683473 -0.09265389
v 0.10256224 -1.14426064 -0.10260479
v 0.09952071 -1.17449713 -0.10145422
v 0.11059752 -1.17509139 -0.09442621
v 0.11589707 -1.14552677 -0.09710553
v 0.12413740 -1.14642859 -0.08766574
v 0.12742043 -1.17711937 -0.05643773
v 0.13314913 -1.14891493 -0.05675912
v 0.12985072 -1.14717424 -0.07569965
v 0.12531364 -1.17656660 -0.07438684
v 0.12712097 -1.15299141 -0.03703784
v 0.12183911 -1.18030906 -0.03685859
v 0.11180396 -1.15650308 -0.02586794
v 0.07673313 -1.15472591 -0.04108270
v 0.07543208 -1.18270576 -0.03605429
v 0.08577928 -1.17476618 -0.09992834
v 0.07629915 -1.17668891 -0.09002578
v 0.07033249 -1.14840639 -0.08278494
v 0.07459383 -1.17759824 -0.07921396
v 0.07130332 -1.20831501 -0.06409494
v 0.06456776 -1.20861065 -0.04823010
v 0.08418689 -1.20418704 -0.10006820
v 0.07865127 -1.20587254 -0.08722317
v 0.10610838 -1.20411646 -0.09214611
v 0.09670407 -1.20346189 -0.10270289
v 0.12557122 -1.20486021 -0.07376092
v 0.11884719 -1.17577469 -0.08499029
v 0.11627121 -1.20440698 -0.08309332
v 0.12663749 -1.20473182 -0.05641857
v 0.12075590 -1.20635319 -0.03346775
v 0.07087731 -1.20836151 -0.02974359
v 0.07505345 -1.20779824 -0.07569345
v 0.12358683 -1.29184628 0.12426803
v 0.12809087 -1.29183924 0.12330423
v 0.12955594 -1.29629576 0.12394734
v 0.12266281 -1.29708147 0.12536091
v 0.07916144 -1.28794205 0.13620211
v 0.08786587 -1.28626549 0.13816562
v 0.08992847 -1.29537344 0.13626909
v 0.07804817 -1.29776049 0.13420205
v 0.11404461 -1.30055559 0.13077338
v 0.10911016 -1.30044460 0.13128896
v 0.10814246 -1.29666018 0.13501011
v 0.11607476 -1.29663479 0.13412423
v 0.15423135 -1.29760754 0.08904453
v 0.15010631 -1.29784942 0.09056377
v 0.15001805 -1.29329789 0.09303954
v 0.15537852 -1.29381847 0.09036832
v 0.14153360 -1.30053401 0.10716806
v 0.13763727 -1.30108654 0.10866821
v 0.13734038 -1.29664207 0.11162348
v 0.14334495 -1.29702210 0.10902134
v 0.09051654 -1.28226650 0.11403649
v 0.09023576 -1.28298533 0.12853049
v 0.07729856 -1.28570724 0.12626687
v 0.07578319 -1.28110182 0.11160906
v 0.07059166 -1.29483294 0.12253140
v 0.07820024 -1.30041826 0.11990326
v 0.07672640 -1.30085635 0.10531934
v 0.06920277 -1.29236984 0.10652659
v 0.09086193 -1.30069077 0.12203761
v 0.09059542 -1.30043030 0.10868309
v 0.09765263 -1.29176211 0.11301006
v 0.09945813 -1.29188097 0.12751552
v 0.11735027 -1.29176438 0.11359802
v 0.12062913 -1.29407084 0.12571207
v 0.11448427 -1.28813696 0.12713815
v 0.11221471 -1.28414166 0.11459839
v 0.10624189 -1.28843391 0.12836659
v 0.10122547 -1.28472698 0.11634014
v 0.09785261 -1.29434335 0.11534619
v 0.10042175 -1.29531860 0.12859300
v 0.10588445 -1.30076325 0.12470914
v 0.10274313 -1.29985607 0.11168817
v 0.11210383 -1.29890609 0.11104995
v 0.11502695 -1.30062675 0.12338707
v 0.12164225 -1.29029572 0.11841445
v 0.11917554 -1.28578591 0.10900347
v 0.12955867 -1.28461921 0.10666241
v 0.12915936 -1.28973126 0.11738066
v 0.12104343 -1.29979563 0.10634666
v 0.11587488 -1.29518688 0.10911260
v 0.11742140 -1.29744530 0.11867616
v 0.12265546 -1.30131423 0.11677081
v 0.13014415 -1.30111659 0.11592331
v 0.13030019 -1.29878378 0.10492896
v 0.13435124 -1.29160047 0.10643077
v 0.13421403 -1.29518211 0.11699175
v 0.14406553 -1.28988039 0.10331687
v 0.14535630 -1.28444231 0.09336875
v 0.14884050 -1.29154265 0.09230146
v 0.14692691 -1.29580307 0.10197274
v 0.13741732 -1.28518081 0.09710644
v 0.13820080 -1.28916526 0.10516685
v 0.13688035 -1.29889929 0.09536264
v 0.13434976 -1.29153216 0.09899002
v 0.13349380 -1.29400218 0.10588381
v 0.13592625 -1.30096233 0.10338452
v 0.14324017 -1.30116642 0.10154571
v 0.14484066 -1.29888368 0.09172081
v 0.15913847 -1.29259813 0.08340378
v 0.15739639 -1.28678966 0.08499433
v 0.15842578 -1.28412819 0.07622752
v 0.15961289 -1.29116619 0.07328749
v 0.15179983 -1.28375053 0.08115263
v 0.15126692 -1.28642452 0.08752412
v 0.14945093 -1.29729557 0.07933988
v 0.14934464 -1.28981447 0.08254866
v 0.14752913 -1.29154503 0.08767606
v 0.14858599 -1.29823923 0.08559535
v 0.15536478 -1.29851854 0.08339375
v 0.15567899 -1.29680717 0.07487735
v 0.07585704 -1.27768290 0.09709939
v 0.09431186 -1.28159368 0.09988937
v 0.08087100 -1.30005145 0.12932739
v 0.06958874 -1.29080582 0.09180722
v 0.08783768 -1.29991770 0.13038146
v 0.09469061 -1.29991627 0.09596044
v 0.07761581 -1.29957592 0.09064837
v 0.09662686 -1.29203105 0.10637357
v 0.11417104 -1.29127657 0.13363047
v 0.11479218 -1.29254234 0.10394473
v 0.11475091 -1.29965734 0.09442239
v 0.10932390 -1.29129910 0.13415639
v 0.11329056 -1.28149605 0.09782579
v 0.13118541 -1.28229272 0.08879134
v 0.12455732 -1.30081391 0.12257007
v 0.12857395 -1.30044091 0.12207892
v 0.13316618 -1.29938996 0.08750144
v 0.13453513 -1.29042494 0.09695230
v 0.14269374 -1.29262114 0.10875709
v 0.14966746 -1.28961778 0.08270753
v 0.14733648 -1.29855990 0.07610816
v 0.13910975 -1.29216540 0.10981340
v 0.14739300 -1.28102696 0.07704723
v 0.15440601 -1.29012561 0.08947692
v 0.15639742 -1.29787910 0.06415438
v 0.16117001 -1.29017234 0.06104261
v 0.15159644 -1.28937447 0.09134507
v 0.15855774 -1.28144252 0.06554081
v 0.08508010 -1.15745950 -0.02932422
v 0.08387701 -1.18383956 -0.02479029
v 0.09697076 -1.15839875 -0.02420683
v 0.10840359 -1.18313682 -0.02446234
v 0.09547681 -1.18447149 -0.02099750
v 0.08162620 -1.20814860 -0.01658486
v 0.10750140 -1.20855486 -0.01918346
v 0.09509175 -1.20772719 -0.01352157
v 0.12747256 -1.22586286 -0.07609106
v 0.13050793 -1.22680950 -0.05865349
v 0.11551704 -1.22521412 -0.08581315
v 0.09586086 -1.22515285 -0.10616411
v 0.10596667 -1.22517169 -0.09637891
v 0.08035202 -1.22669804 -0.00591744
v 0.07040651 -1.22916412 -0.02354382
v 0.09552329 -1.22490835 -0.00052853
v 0.11070091 -1.22592413 -0.00845530
v 0.07156735 -1.27233958 0.08035269
v 0.07179863 -1.27076447 0.05930306
v 0.08661361 -1.26060092 0.06243498
v 0.09063260 -1.27034307 0.08157896
v 0.10557905 -1.26103640 0.05878045
v 0.10914320 -1.27283645 0.07786859
v 0.12241369 -1.26504993 0.05076768
v 0.12647961 -1.27450597 0.07006147
v 0.13789195 -1.26902783 0.04135361
v 0.14282145 -1.27571249 0.05998793
v 0.15122876 -1.27544427 0.03167240
v 0.15636857 -1.27869487 0.05054547
v 0.15914792 -1.28552401 0.02648732
v 0.16276005 -1.28837347 0.04576907
v 0.06567188 -1.28914249 0.07473913
v 0.06746197 -1.28661954 0.05368765
v 0.07642911 -1.30112267 0.07185843
v 0.07752192 -1.30021334 0.05094998
v 0.09415716 -1.30165112 0.07081570
v 0.09406266 -1.30113876 0.04926009
v 0.15524687 -1.29785299 0.02815141
v 0.15707026 -1.29945850 0.04818476
v 0.11312500 -1.30070221 0.06659783
v 0.11222953 -1.29956710 0.04487542
v 0.13043569 -1.30161989 0.06043635
v 0.12904705 -1.30057347 0.03882135
v 0.14506592 -1.30179322 0.05379961
v 0.14351243 -1.30106044 0.03267886
v 0.08208838 -1.25283062 0.03956435
v 0.10151204 -1.24777722 0.03821503
v -0.00194676 0.15831089 -0.09256238
v -0.00135928 0.08235136 -0.11771493
v 0.11791148 -1.25257242 0.02914372
v 0.13250181 -1.26004660 0.01849721
v 0.14447358 -1.27055776 0.00874520
v 0.15380754 -1.28141177 0.00401532
v 0.13136937 -1.24769139 -0.00967585
v 0.13886033 -1.26739037 -0.01735313
v 0.14575380 -1.28010249 -0.01928099
v 0.13475633 -1.26526093 -0.04342628
v 0.13925621 -1.27865303 -0.04348718
v 0.00063326 -0.45486915 -0.13398850
v -0.00099057 0.03954979 -0.12469795
v 0.12546685 -1.26490641 -0.08536030
v 0.00066899 -0.37104642 -0.14289464
v 0.00022909 0.03584687 0.07462756
v 0.00057397 0.02030742 0.08296519
v 0.00097362 0.00867018 0.09333318
v 0.00127280 -0.00842472 0.10046002
v -0.00088403 -0.27914226 0.13743925
v -0.00085341 -0.26491106 0.13426581
v 0.00041503 -0.22198421 -0.08682112
v -0.00048029 -0.32480940 0.13908589
v -0.00074322 -0.24888806 0.13773856
v 0.00105064 -0.08345421 -0.12483901
v 0.00141343 -0.02649006 0.10665277
v -0.00036548 -0.34497529 0.13612852
v 0.00039885 -0.02147043 -0.13478015
v -0.00025844 -0.22550365 0.13934274
v -0.00000509 -0.43754235 0.11707190
v 0.00081822 -0.15763369 0.12881127
v -0.02179560 0.15795648 0.02908677
v -0.03305311 0.16226459 0.02332702
v -0.03460039 0.15407114 0.02190577
v -0.02299131 0.15010607 0.02718999
v -0.05974548 0.17250779 -0.02823471
v -0.05782901 0.18094650 -0.02309145
v -0.05435404 0.18540888 -0.03799400
v -0.05775249 0.17701088 -0.04353555
v -0.04798937 0.18808165 -0.05123608
v -0.05201232 0.17927131 -0.05698382
v -0.04147702 0.17929912 -0.06694361
v -0.03891997 0.18949610 -0.06132856
v -0.02748822 0.18904041 -0.06887855
v -0.02998161 0.17812285 -0.07377572
v -0.04424153 0.16710477 0.01508589
v -0.05313333 0.17221956 0.00377676
v -0.05318918 0.16281588 0.00352968
v -0.04452144 0.15896766 0.01438357
v -0.05775493 0.17740916 -0.00908246
v -0.05939408 0.16814469 -0.01140719
v -0.01567429 0.17901777 -0.07771163
v -0.01388278 0.19168541 -0.07277890
v -0.02603917 0.13181743 0.02502012
v -0.01345393 0.12932290 0.02729410
v -0.01288036 0.13840450 0.02823190
v -0.02489256 0.14099076 0.02563894
v -0.05712896 0.13239908 0.00552906
v -0.07164291 0.13959940 -0.00917740
v -0.07744876 0.13056362 -0.00455176
v -0.06216778 0.12240830 0.00994865
v -0.07238731 0.10101938 0.02831046
v -0.09633192 0.10900344 0.01186490
v -0.09353238 0.08855077 0.03249925
v -0.07361955 0.08345056 0.04022758
v -0.09147895 0.07026936 0.04786539
v -0.07334231 0.06616455 0.05255584
v -0.08505774 0.01967464 0.08438592
v -0.06801140 0.01896010 0.08787774
v -0.06988340 0.03443250 0.07671481
v -0.08721339 0.03562218 0.07291989
v -0.09755032 -0.07558057 0.11221150
v -0.08409519 -0.07129849 0.11808637
v -0.09167644 -0.05546698 0.11932608
v -0.10382178 -0.05768326 0.11512908
v -0.15594883 0.04105521 0.04550660
v -0.15747049 0.05977283 0.03715365
v -0.16989124 0.04814812 0.03636797
v -0.16649906 0.02906445 0.04255909
v -0.11279853 0.14194134 -0.03797558
v -0.10692113 0.12868494 -0.01409324
v -0.09537343 0.13313115 -0.01894322
v -0.10081483 0.14527856 -0.04006111
v -0.14865384 -0.04697122 0.06434667
v -0.14350973 -0.05884602 0.07278625
v -0.14027561 -0.04936527 0.08131824
v -0.14445539 -0.03776043 0.07425288
v -0.11853124 -0.15415868 0.06755347
v -0.10356636 -0.15539031 0.08446316
v -0.10320545 -0.13500926 0.08301264
v -0.11749528 -0.13400657 0.06716228
v -0.15156531 -0.11439334 0.00008419
v -0.15228613 -0.11595780 -0.02633087
v -0.15009290 -0.13082299 -0.02651900
v -0.14974734 -0.13058992 -0.00016375
v -0.11522432 0.01866688 0.07518476
v -0.10078114 0.01990642 0.07996061
v -0.10344845 0.03606149 0.06862551
v -0.11825430 0.03528591 0.06423160
v -0.33831245 0.06060141 -0.00606089
v -0.34023273 0.04308426 -0.00466902
v -0.31614977 0.04657121 -0.00296262
v -0.31416908 0.06400739 -0.00451827
v -0.15300472 -0.22423151 0.01224908
v -0.15241791 -0.22017832 -0.01337941
v -0.15540999 -0.23813918 -0.01109631
v -0.15522809 -0.24269752 0.01502297
v -0.19425035 0.11097839 0.00636033
v -0.19477439 0.12843056 -0.01448937
v -0.20609444 0.12419893 -0.01393758
v -0.20752053 0.10574417 0.00502888
v -0.14887887 0.00934485 0.05989919
v -0.15293735 0.02483322 0.05315427
v -0.16137600 0.01417124 0.04771702
v -0.15655436 0.00110370 0.05299222
v -0.16217028 -0.08775517 -0.03107541
v -0.16184391 -0.08574735 -0.00830695
v -0.16605735 -0.07028265 -0.01406382
v -0.16654880 -0.07213613 -0.03468630
v -0.15756518 -0.10074879 -0.00351146
v -0.15774998 -0.10274262 -0.02831873
v -0.13925937 0.01417325 0.06521545
v -0.12803783 0.01691130 0.07026140
v -0.13119446 0.03423919 0.06016788
v -0.14245360 0.03208548 0.05662135
v -0.09125476 -0.09101693 0.10526595
v -0.07527134 -0.08581348 0.11300025
v -0.14816037 -0.24794860 0.04022988
v -0.13615261 -0.25364622 0.06221179
v -0.13588157 -0.23380905 0.05960285
v -0.14721502 -0.22889046 0.03743019
v -0.08614802 -0.11755924 0.09320348
v -0.08694658 -0.10370437 0.09726255
v -0.10209550 -0.10486144 0.08784388
v -0.10150710 -0.11812392 0.08186357
v -0.12022208 -0.25866273 0.08094636
v -0.10224158 -0.26332051 0.09788801
v -0.10203981 -0.24177970 0.09476648
v -0.12014391 -0.23826790 0.07828049
v -0.08939025 0.05251603 0.06085966
v -0.07180963 0.05016178 0.06508826
v -0.12034234 -0.07590910 0.09688581
v -0.10976202 -0.07664274 0.10499105
v -0.11503428 -0.05861403 0.10838939
v -0.12422588 -0.05874307 0.10025626
v -0.17365867 0.01336076 0.03482986
v -0.18333472 0.03159407 0.02955492
v -0.18343006 0.00698918 0.01651666
v -0.17422988 -0.00251188 0.02182987
v -0.15803258 -0.25542182 -0.00900732
v -0.15720233 -0.26049826 0.01723901
v -0.12105460 -0.27919224 0.08319446
v -0.10299467 -0.28471935 0.09997709
v -0.19940348 -0.01378050 -0.03665034
v -0.20967224 -0.00519997 -0.04008774
v -0.21205145 -0.00814604 -0.05262893
v -0.20286846 -0.01593448 -0.05037593
v -0.05173772 -0.05308011 0.12177641
v -0.06716312 -0.04438373 0.12201279
v -0.07277873 -0.06085287 0.12207513
v -0.06036874 -0.07350358 0.11925870
v -0.11709028 -0.09141991 0.08822540
v -0.11541688 -0.10374191 0.07796156
v -0.10513098 -0.09234004 0.09697535
v -0.03577344 -0.06290927 0.11796400
v -0.04607923 -0.08882340 0.11282083
v -0.05347048 0.04693102 0.06886059
v -0.05182531 0.03245300 0.07993723
v -0.05426096 0.06235465 0.05785473
v -0.03529253 0.05889898 0.06246135
v -0.03445954 0.07490704 0.05264179
v -0.05347266 0.07856340 0.04739554
v -0.03257169 0.09073710 0.04390889
v -0.05144116 0.09494794 0.03804800
v -0.04130577 0.12572357 0.01690935
v -0.04473683 0.11652530 0.02126321
v -0.16651513 0.00119314 0.03902047
v -0.16140866 -0.00989894 0.04336871
v -0.13731019 -0.27311862 0.06427952
v -0.12029011 0.06878520 -0.12733702
v -0.11665906 0.05093495 -0.13237028
v -0.13458134 0.05464223 -0.12392315
v -0.13799664 0.07169672 -0.11883565
v -0.12294380 0.14255975 -0.03626768
v -0.12037979 0.12984486 -0.01136351
v -0.17729078 -0.01152154 -0.09481936
v -0.18895394 -0.00566857 -0.09044739
v -0.18803133 0.00330034 -0.09441438
v -0.17553474 -0.00164602 -0.09948962
v -0.21412620 0.00372702 -0.07814193
v -0.21418634 -0.00335406 -0.07188582
v -0.23218440 0.00506587 -0.07530469
v -0.23099695 0.01245960 -0.08208973
v -0.14910658 -0.23434424 -0.03534417
v -0.14520870 -0.21677473 -0.03767068
v -0.12825349 -0.10427174 -0.09306622
v -0.13996702 -0.11110850 -0.07301830
v -0.14748867 -0.09584422 -0.07278123
v -0.13747162 -0.08831398 -0.09139103
v -0.01868279 0.04119063 -0.12751995
v -0.01808596 0.02539194 -0.12951535
v -0.03717604 0.02943042 -0.13420027
v -0.03805302 0.04557804 -0.13203689
v -0.08026817 0.07490288 -0.13320117
v -0.08202165 0.09093148 -0.12828799
v -0.05858656 0.08262348 -0.12919952
v -0.05795519 0.06755949 -0.13338527
v -0.09984366 0.06383460 -0.13410281
v -0.09670513 0.04574395 -0.13824432
v -0.16534509 -0.07107667 -0.05425364
v -0.15926820 -0.08566158 -0.05239736
v -0.17882584 -0.04143097 -0.04407231
v -0.17849898 -0.04106127 -0.05988166
v -0.17433655 -0.04913758 -0.05849139
v -0.17530362 -0.04942628 -0.04166463
v -0.09186098 0.15057889 -0.04320139
v -0.08847240 0.15552717 -0.06342077
v -0.09958417 0.15122828 -0.06196006
v -0.05348077 0.13288032 -0.10415154
v -0.05351232 0.12619582 -0.10896963
v -0.06708976 0.13157713 -0.10421207
v -0.06358011 0.13723491 -0.09979692
v -0.03913590 -0.04007131 -0.13783684
v -0.01847300 -0.04040975 -0.13473117
v -0.01880207 -0.06159540 -0.13169323
v -0.04094149 -0.06256701 -0.13432740
v -0.19050105 -0.02003573 -0.07972780
v -0.18051904 -0.02664842 -0.08216113
v -0.18226330 -0.03166990 -0.07284897
v -0.19080421 -0.02544911 -0.07166597
v -0.17142193 -0.04619484 -0.07252262
v -0.17619666 -0.03822944 -0.07289090
v -0.17326997 -0.03330001 -0.08359820
v -0.16747616 -0.04106552 -0.08473560
v -0.14635022 -0.07340704 -0.08873022
v -0.15411282 -0.08030105 -0.07151155
v -0.16135398 -0.06652422 -0.07163668
v -0.15522610 -0.06031579 -0.08716463
v -0.01733577 -0.13070378 -0.11432295
v -0.03649467 -0.13337226 -0.11725885
v -0.03752728 -0.11015986 -0.12315925
v -0.01753761 -0.10836728 -0.12160924
v -0.22407541 0.01470500 -0.01913505
v -0.22404981 0.02386312 -0.00563663
v -0.23774147 0.02500294 -0.00945292
v -0.24065080 0.01574215 -0.02356705
v -0.24568431 0.04941299 -0.09998503
v -0.23550130 0.04355944 -0.09893975
v -0.23720601 0.03628910 -0.09706359
v -0.24706846 0.04272714 -0.09919238
v -0.26312017 0.00723475 -0.03983860
v -0.25834015 0.01456880 -0.02650505
v -0.27880195 0.01265933 -0.02911564
v -0.28285122 0.00517818 -0.04298034
v -0.13498434 0.14180970 -0.06361826
v -0.13410087 0.14308377 -0.03489623
v -0.12470628 0.14557923 -0.06293900
v -0.26585805 0.00130216 -0.06433588
v -0.26449582 0.00490655 -0.07542263
v -0.24813437 0.00316352 -0.07084254
v -0.24899554 0.00125750 -0.06002842
v -0.31294185 0.08037952 -0.01449369
v -0.33697668 0.07691772 -0.01562095
v -0.30614027 0.00154173 -0.05837703
v -0.30696785 0.00370506 -0.07119136
v -0.28605685 0.00212304 -0.06812733
v -0.28580427 0.00115754 -0.05591881
v -0.12020778 -0.11979404 -0.09189328
v -0.13375232 -0.12598199 -0.07287665
v -0.12148239 -0.22990580 -0.07353638
v -0.13737805 -0.23181121 -0.05657326
v -0.13236022 -0.21332535 -0.05891608
v -0.11648680 -0.21065086 -0.07570493
v -0.15161593 -0.25200769 -0.03374386
v -0.12436587 -0.24853262 -0.07146025
v -0.13999717 -0.24953045 -0.05462145
v -0.06997845 0.16366170 -0.05882920
v -0.05823716 0.16376458 -0.07402188
v -0.06728527 0.15751109 -0.07776511
v -0.07841063 0.15941708 -0.06377435
v -0.17749108 -0.36496311 -0.03741470
v -0.17686769 -0.39365351 -0.04231237
v -0.18328609 -0.39536172 -0.01197512
v -0.18178479 -0.36830941 -0.00708885
v -0.03774745 0.14719303 -0.09557912
v -0.05346595 0.15333866 -0.08714682
v -0.04446159 0.16008562 -0.08352923
v -0.03178104 0.15591224 -0.09057019
v -0.17888515 -0.34333494 -0.00585061
v -0.17559168 -0.33815250 -0.03503372
v -0.08205097 0.15483138 -0.04293772
v -0.07310248 0.15932974 -0.03881172
v -0.07894522 0.14764139 -0.02484602
v -0.07037611 0.15237811 -0.02143038
v -0.06306498 0.14635459 -0.00558063
v -0.18389627 -0.40245891 0.01736259
v -0.17991176 -0.37610987 0.01997744
v -0.05689188 0.17144559 -0.06422108
v -0.04496676 0.17017283 -0.07452595
v -0.03021476 0.16720854 -0.08258101
v -0.01463564 0.16668285 -0.08617051
v -0.15577549 -0.26896617 -0.03338810
v -0.16102155 -0.27250770 -0.00773614
v -0.12295587 -0.50024295 -0.11241791
v -0.09515167 -0.50328285 -0.12062791
v -0.09277993 -0.51727623 -0.11012015
v -0.12542152 -0.51640230 -0.10182597
v -0.02667883 -0.49028561 -0.12239912
v -0.02281748 -0.50394583 -0.10622520
v -0.05778657 -0.51263005 -0.11072787
v -0.06251120 -0.49962279 -0.12412940
v -0.06319006 -0.36970261 -0.14354216
v -0.06378215 -0.34721056 -0.13529807
v -0.03429985 -0.34730580 -0.13618521
v -0.03295023 -0.37030432 -0.14374030
v -0.12902807 -0.26588172 -0.07269568
v -0.14452611 -0.26653829 -0.05516468
v -0.15915464 -0.27766415 0.01883746
v -0.18944389 -0.53558910 -0.01315924
v -0.18350862 -0.57128149 -0.01527346
v -0.18003835 -0.57821596 0.02304888
v -0.18419211 -0.54213494 0.02743485
v -0.14970963 -0.56492281 -0.07451844
v -0.15440047 -0.53543395 -0.07792932
v -0.12228964 -0.53733134 -0.09429441
v -0.11797317 -0.56283146 -0.08965992
v -0.08406974 -0.28952155 0.11547200
v -0.10292836 -0.30534694 0.09957708
v -0.08349581 -0.31090394 0.11449004
v -0.02427539 -0.30015856 0.14010617
v -0.04600137 -0.29705337 0.13578933
v -0.04331585 -0.31922227 0.13425405
v -0.02227621 -0.32228547 0.13841711
v -0.02692772 -0.43621612 0.11421979
v -0.01232779 -0.43642175 0.11659880
v -0.01477232 -0.41362053 0.12045384
v -0.03215803 -0.41207337 0.11793475
v -0.17109960 -0.38490939 0.04562689
v -0.15402256 -0.39356518 0.06697404
v -0.15010229 -0.37137923 0.06632807
v -0.16622259 -0.36220962 0.04562396
v -0.01963682 -0.51474434 -0.08672649
v -0.05194113 -0.52416843 -0.09448407
v -0.16436112 -0.58380014 0.05906259
v -0.16614835 -0.54764003 0.06349188
v -0.13706747 -0.58837765 0.08516826
v -0.10377915 -0.58777046 0.09586401
v -0.10636799 -0.55637848 0.09895039
v -0.13933358 -0.55361450 0.08806799
v -0.02824056 -0.50699162 0.08385546
v -0.01227912 -0.52086759 0.05916096
v -0.01108485 -0.51552200 0.06478199
v -0.02385550 -0.49646991 0.09061619
v -0.02887134 -0.47571394 -0.13344853
v -0.06258409 -0.48303705 -0.13465291
v -0.06163830 -0.46424666 -0.14282651
v -0.02949484 -0.45895705 -0.14159076
v -0.10604610 -0.24813256 -0.08363763
v -0.11056298 -0.26639134 -0.08597930
v -0.08676805 -0.24801192 -0.09165376
v -0.10340273 -0.22829694 -0.08535358
v -0.08371638 -0.22734924 -0.09260886
v -0.08405355 -0.10174359 -0.11843321
v -0.10351756 -0.11178660 -0.10722078
v -0.11244566 -0.09556781 -0.10982162
v -0.09358102 -0.08329866 -0.12221482
v -0.05692812 0.03456588 -0.13890050
v -0.05755905 0.05151542 -0.13661323
v -0.08088819 -0.55539280 -0.09441569
v -0.04100423 -0.53961945 -0.08266045
v -0.04898865 -0.57909912 -0.08331104
v -0.08391667 -0.58602375 -0.09068910
v -0.16655764 -0.59859663 -0.04941836
v -0.17320094 -0.56621528 -0.04942845
v -0.14508988 -0.59518111 -0.07290439
v -0.17717510 -0.60501939 -0.01683649
v -0.17511810 -0.61218882 0.02078105
v -0.13366379 -0.62115043 0.08196890
v -0.10002573 -0.61962098 0.09149107
v -0.01987727 -0.58019167 0.05587316
v -0.04129324 -0.58323485 0.07565819
v -0.03911432 -0.60911489 0.06786763
v -0.01902414 -0.60362935 0.04602353
v -0.06774817 -0.43994266 0.10432518
v -0.10268600 -0.41961715 0.09496862
v -0.10511288 -0.44417235 0.09569177
v -0.07549071 -0.46393585 0.10109688
v -0.02962365 -0.27717701 0.13933955
v -0.04724571 -0.27371094 0.13551381
v -0.06484564 -0.29366902 0.12790810
v -0.06508396 -0.27036306 0.12751310
v -0.08374791 -0.26714924 0.11424600
v -0.04589102 -0.17787769 0.12832303
v -0.06726184 -0.17775097 0.11788364
v -0.06546370 -0.20010972 0.12138080
v -0.04469720 -0.20096105 0.13188101
v -0.04733206 -0.15454535 0.12352251
v -0.06904543 -0.15480383 0.11393921
v -0.04642792 -0.11076217 0.10928839
v -0.06840444 -0.09942334 0.10596170
v -0.06768027 -0.11495471 0.10255951
v -0.03491344 0.04344984 0.07245356
v -0.03380053 0.02895436 0.08224610
v -0.17593756 -0.41004083 0.04494594
v -0.01260112 -0.54776859 -0.05541841
v -0.00169321 -0.55834633 -0.02576921
v -0.00565737 -0.58450258 -0.03558868
v -0.02089976 -0.57919967 -0.06321397
v -0.17556731 -0.35241613 0.02122934
v -0.14977771 -0.26654655 0.04236162
v -0.15090889 -0.28452799 0.04350955
v -0.14226279 -0.12951085 0.02620478
v -0.14333622 -0.10936353 0.03117535
v -0.08123710 -0.03938546 0.11969918
v -0.08227981 -0.05182214 0.12139309
v -0.17941764 -0.53235644 -0.04988911
v -0.12298106 -0.68097085 0.07174589
v -0.09031627 -0.67981446 0.07850382
v -0.09577812 -0.65024596 0.08553866
v -0.12916452 -0.65121752 0.07728902
v -0.00992985 -0.62552255 0.01043249
v -0.01979179 -0.63042861 0.03547884
v -0.02195258 -0.65892214 0.02548856
v -0.01457805 -0.65444928 0.00039304
v -0.01894080 -0.68405384 -0.00751282
v -0.02370861 -0.68923849 0.01808041
v -0.02446121 -0.71816117 0.00862058
v -0.02171121 -0.71273994 -0.01555389
v -0.15959455 -0.61899996 0.05619401
v -0.16239843 -0.67418468 0.01876546
v -0.14892310 -0.67940044 0.04958902
v -0.15424550 -0.65040392 0.05316541
v -0.16846986 -0.64430177 0.01995671
v -0.11703300 -0.59196419 -0.08658394
v -0.00685449 -0.59856260 0.02128376
v -0.00606692 -0.57627439 0.03226568
v -0.02182680 -0.64822114 -0.04890467
v -0.03759811 -0.64658105 -0.07083040
v -0.02929390 -0.61419028 -0.06769662
v -0.01321967 -0.61640340 -0.04289217
v -0.14191149 -0.65335619 -0.06931092
v -0.15852779 -0.65861613 -0.04583309
v -0.16238843 -0.62930107 -0.04709776
v -0.14343250 -0.62470537 -0.07076558
v -0.16493146 -0.66606247 -0.01496571
v -0.17093574 -0.63633883 -0.01518093
v -0.15116294 -0.73136121 0.01608408
v -0.13565028 -0.73602307 0.04292256
v -0.14265630 -0.70798492 0.04618670
v -0.15669939 -0.70302278 0.01728968
v -0.15551774 -0.72310901 -0.01578177
v -0.15999672 -0.69468695 -0.01537749
v -0.15541299 -0.68685514 -0.04499497
v -0.15222460 -0.71510363 -0.04362979
v -0.13808273 -0.70875645 -0.06489214
v -0.14030293 -0.68109161 -0.06750224
v -0.11868078 -0.67762327 -0.08255330
v -0.11874082 -0.70465124 -0.07966341
v -0.09364461 -0.67540747 -0.08822611
v -0.06774527 -0.67481625 -0.08440359
v -0.07288396 -0.70190442 -0.08295024
v -0.09650702 -0.70250601 -0.08530554
v -0.03472662 -0.70555437 -0.05845627
v -0.05113659 -0.70319086 -0.07442879
v -0.04482794 -0.67588133 -0.07290537
v -0.02908544 -0.67788303 -0.05367976
v -0.05524427 -0.81329954 -0.07512936
v -0.07345056 -0.81064284 -0.07857654
v -0.06730072 -0.78299206 -0.07814113
v -0.04825638 -0.78534472 -0.07275816
v -0.09081435 -0.80864042 -0.08321806
v -0.10917395 -0.80863470 -0.08300098
v -0.10413198 -0.78184104 -0.08033691
v -0.08601990 -0.78186154 -0.08005531
v -0.13474627 -0.78838313 -0.05794423
v -0.12104739 -0.78362858 -0.07346217
v -0.12578768 -0.81041986 -0.07521842
v -0.13793051 -0.81512004 -0.05909463
v -0.14949073 -0.82130152 -0.03968615
v -0.14879762 -0.79499108 -0.03962683
v -0.14696857 -0.82788515 -0.01703198
v -0.15000458 -0.80220145 -0.01662049
v -0.13562946 -0.80875099 0.00899175
v -0.13378586 -0.83353293 0.00748724
v -0.03082968 -0.82735234 -0.02881312
v -0.03090467 -0.82128978 -0.04906430
v -0.02503821 -0.79411089 -0.04204417
v -0.02731895 -0.80017740 -0.02194062
v -0.05376515 -0.80920351 0.01785253
v -0.07069000 -0.81208807 0.04034384
v -0.07019701 -0.83756971 0.02908568
v -0.05542570 -0.83561164 0.00638084
v -0.15212482 -0.74997771 -0.01618940
v -0.14577995 -0.75827724 0.01444646
v -0.13543217 -0.73564702 -0.06170500
v -0.14942549 -0.74223292 -0.04192881
v -0.03929508 -0.73205703 -0.06335909
v -0.05677527 -0.72952873 -0.07575304
v -0.02506435 -0.74617326 -0.00162418
v -0.02269444 -0.74034852 -0.02425448
v -0.10384574 -0.76333237 0.05521259
v -0.12901960 -0.76263207 0.04014476
v -0.12370556 -0.78845024 0.03754409
v -0.09967338 -0.78941405 0.05203382
v -0.15067390 -0.77626538 -0.01669429
v -0.14814076 -0.76855755 -0.04061077
v -0.13395961 -0.76192921 -0.05905430
v -0.11901097 -0.75746173 -0.07400403
v -0.10104665 -0.75561821 -0.08015590
v -0.08200895 -0.75519025 -0.07966613
v -0.06208454 -0.75594062 -0.07705376
v -0.04354729 -0.75831532 -0.06824731
v -0.02360780 -0.76724434 -0.03336382
v -0.02645907 -0.77342516 -0.01238641
v -0.09622134 -0.81423599 0.04756773
v -0.12101340 -0.81294107 0.03385677
v -0.12057469 -0.83649802 0.02799688
v -0.09397738 -0.83745211 0.03743055
v -0.09376293 -0.85935956 0.02621609
v -0.07279962 -0.85896832 0.01755184
v -0.09616348 -0.83662689 -0.08683366
v -0.11382463 -0.83643168 -0.08515307
v -0.13000934 -0.83815426 -0.07693971
v -0.15097724 -0.84706408 -0.04167775
v -0.14508328 -0.85437429 -0.01578723
v -0.13167410 -0.85955644 0.00644804
v -0.11661551 -0.85859430 0.02184566
v -0.04585718 -0.87646735 -0.05670667
v -0.03957387 -0.84825420 -0.05228468
v -0.03828135 -0.85273182 -0.03408013
v -0.04511184 -0.88048637 -0.03820760
v -0.06521958 -0.87056708 -0.08361713
v -0.08165459 -0.86748439 -0.09314635
v -0.07887942 -0.83863169 -0.08122493
v -0.06315946 -0.84195095 -0.07447899
v -0.10192018 -0.86477405 -0.09633568
v -0.12054024 -0.86490285 -0.09229755
v -0.13742515 -0.86596346 -0.08319717
v -0.14379118 -0.84123981 -0.06245151
v -0.15027514 -0.86906266 -0.06656777
v -0.15314846 -0.87498903 -0.04256504
v -0.14572437 -0.88240772 -0.01173958
v -0.12725697 -0.91813672 0.00529877
v -0.12384525 -0.88811946 0.00759487
v -0.14894561 -0.91199821 -0.01226988
v -0.10268912 -1.01659942 -0.00816407
v -0.12724823 -1.01426756 -0.00785140
v -0.12398398 -1.04911149 -0.01435784
v -0.10206254 -1.05169082 -0.01437092
v -0.04777510 -0.90969247 -0.04256473
v -0.04717117 -0.90690500 -0.06364734
v -0.06597921 -0.90114743 -0.09389222
v -0.08478302 -0.89780611 -0.10327619
v -0.16255172 -0.93600720 -0.04704271
v -0.15847488 -0.90470940 -0.04264822
v -0.15604232 -0.89895767 -0.06954460
v -0.15954819 -0.93090159 -0.07430822
v -0.04711835 -1.00815976 -0.05474706
v -0.04671803 -1.00622118 -0.07567234
v -0.04434053 -0.97243071 -0.07375065
v -0.04482160 -0.97461134 -0.05096320
v -0.06456369 -0.93423229 -0.10083037
v -0.06450228 -0.96790928 -0.10518073
v -0.08308034 -0.96484715 -0.11500651
v -0.08348500 -0.93097740 -0.11080668
v -0.15902849 -1.00526881 -0.05355667
v -0.16280752 -0.96958315 -0.05076700
v -0.16050567 -0.96537691 -0.07755435
v -0.15728065 -1.00199258 -0.07902873
v -0.15250091 -0.94249123 -0.01706543
v -0.15225573 -0.97481447 -0.02216322
v -0.13000682 -0.98059934 -0.00281211
v -0.12873267 -0.94819885 0.00246031
v -0.10291281 -0.98236257 -0.00227852
v -0.10086567 -0.95012975 0.00213043
v -0.06056531 -1.08009839 -0.07470878
v -0.05362552 -1.04242909 -0.07520294
v -0.05367266 -1.04522502 -0.05618809
v -0.06077029 -1.08361638 -0.05780253
v -0.08557256 -1.00064099 -0.11454881
v -0.06698485 -1.00262284 -0.10590159
v -0.07173356 -1.03947127 -0.10197400
v -0.08820741 -1.03817666 -0.10998665
v -0.14685971 -1.08245218 -0.05740907
v -0.15338989 -1.04307246 -0.05569253
v -0.15137674 -1.04089379 -0.07898623
v -0.14416951 -1.08020711 -0.07897685
v -0.12120356 -1.08702576 -0.02137160
v -0.14479698 -1.04568458 -0.02970082
v -0.13976876 -1.08481872 -0.03534757
v -0.11697061 -1.12442374 -0.02524733
v -0.09941700 -1.12641978 -0.02438649
v -0.10081162 -1.08906376 -0.02057390
v -0.06687371 -1.11967051 -0.05864885
v -0.06524718 -1.11682427 -0.07404742
v -0.08902708 -1.11217690 -0.10272582
v -0.08983829 -1.07569432 -0.10551261
v -0.07509845 -1.07723749 -0.09794179
v -0.07592696 -1.11405134 -0.09510612
v -0.12349931 -1.07797730 -0.10328121
v -0.10683218 -1.07609034 -0.10743911
v -0.10517078 -1.11231220 -0.10428065
v -0.12044954 -1.11441123 -0.09971304
v -0.13662823 -1.11604691 -0.07778890
v -0.13618244 -1.07899809 -0.09369783
v -0.13006373 -1.11531615 -0.09074195
v -0.14013806 -1.11797428 -0.05780603
v -0.13413414 -1.12156260 -0.03739545
v -0.00266205 -0.52329671 -0.03015521
v 0.00023344 -0.53474456 -0.00054598
v -0.00100362 -0.54261166 -0.01307897
v -0.00850687 -0.52882075 -0.04257566
v -0.03841458 -0.63720840 0.06001082
v -0.03733084 -0.66720736 0.05082701
v -0.03591657 -0.72480446 0.03226016
v -0.03699537 -0.69689846 0.04242457
v -0.03611291 -0.75255609 0.02079839
v -0.03724629 -0.77967089 0.00921936
v -0.03786120 -0.80631059 -0.00240025
v -0.04019354 -0.83234364 -0.01147502
v -0.04626071 -0.85797215 -0.01651444
v -0.05251079 -0.88516891 -0.01863713
v -0.05645758 -0.94346887 -0.02619237
v -0.04624226 -0.94151276 -0.04689352
v -0.05662734 -0.91318083 -0.02238978
v -0.05785365 -1.01106584 -0.03271318
v -0.05606966 -0.97626728 -0.02931575
v -0.06299243 -1.04883432 -0.03687226
v -0.06856552 -1.08740330 -0.04135531
v -0.07418570 -1.12312055 -0.04350059
v -0.07634795 -0.53163397 0.09788277
v -0.04770100 -0.53793240 0.08729281
v -0.05056797 -0.51964140 0.09170370
v -0.07826981 -0.50794929 0.09911864
v -0.00583130 -0.52363789 0.04013628
v -0.00201323 -0.52221715 0.02393852
v -0.00271613 -0.51977330 0.02867036
v -0.00602169 -0.52043074 0.04504766
v -0.14077385 -0.78338885 0.01196392
v -0.11842429 -0.73118520 -0.07606065
v -0.09883764 -0.72908032 -0.08180499
v -0.07762093 -0.72846818 -0.08086478
v -0.05280941 -0.75822508 0.04240627
v -0.07560441 -0.76161003 0.05575320
v -0.07224900 -0.78739130 0.04875102
v -0.05102555 -0.78494066 0.03237906
v -0.09751570 -0.92290694 0.00504463
v -0.07643484 -0.94751090 -0.00987193
v -0.07442016 -0.91850597 -0.00523035
v -0.09632757 -0.89818478 0.00985116
v -0.12668809 -0.89489490 -0.10075729
v -0.14416015 -0.89568573 -0.08940920
v -0.12937114 -0.92684627 -0.10885371
v -0.10567795 -0.89567930 -0.10519862
v -0.10674997 -0.92811352 -0.11363859
v -0.05784977 -0.70439792 0.06164045
v -0.08480489 -0.70814031 0.07056307
v -0.08004668 -0.73522329 0.06251824
v -0.05482504 -0.73139602 0.05189843
v -0.12634429 -0.19556995 -0.06161717
v -0.11130463 -0.19124277 -0.07810423
v -0.13801236 -0.08092760 0.06961219
v -0.13994542 -0.09370924 0.05340780
v -0.12829158 -0.10048496 0.06610078
v -0.12787460 -0.08803865 0.07890020
v -0.14585471 -0.07103513 0.06103381
v -0.14840557 -0.08339014 0.04411716
v -0.15166076 -0.05905480 0.05235732
v -0.15464874 -0.07103346 0.03585588
v -0.17530204 -0.01329559 0.00529807
v -0.18222550 -0.00659242 -0.00041014
v -0.04753728 -0.13176796 0.11703088
v -0.02384342 -0.13262394 0.12166633
v -0.02331991 -0.11208723 0.11417770
v -0.06350651 -0.31560153 0.12643912
v -0.04423389 -0.43750286 0.11017315
v -0.05214001 -0.40989250 0.11334765
v -0.07569794 -0.40529990 0.10615858
v -0.00775379 -0.49918622 0.08696122
v -0.05836315 -0.11431595 -0.12043568
v -0.05665731 -0.13749397 -0.11559961
v -0.03817924 0.06083706 -0.12937769
v -0.01933037 0.05656437 -0.12504092
v -0.03809832 0.08880387 -0.12248407
v -0.03751638 0.10118642 -0.11877584
v -0.01949456 0.09688040 -0.11633530
v -0.01958159 0.08428328 -0.11963557
v -0.02095182 0.14571172 -0.09844286
v -0.01770116 0.15614650 -0.09275797
v -0.00116525 -0.52565956 0.01931886
v 0.00038907 -0.51941299 -0.00356394
v -0.00000631 -0.51826972 0.00617461
v -0.02228925 -0.55975497 0.06432881
v -0.00741547 -0.55863297 0.04218059
v -0.00954577 -0.54526538 0.04997656
v -0.02518730 -0.54323846 0.07091227
v -0.18598726 -0.50600857 0.03276116
v -0.19277610 -0.49898484 -0.00737258
v -0.08720353 -0.53354758 -0.10018394
v -0.35188037 0.00709299 -0.07364539
v -0.35266033 0.01602865 -0.08401629
v -0.32959667 0.01347151 -0.08389326
v -0.32907638 0.00524910 -0.07288829
v -0.06274162 -0.03888686 -0.13872547
v -0.07032219 -0.06548302 -0.13193968
v -0.08669084 0.14088315 -0.02342140
v -0.15537907 0.14075711 -0.02949964
v -0.15222187 0.13135827 -0.00403804
v -0.14270146 0.13222513 -0.00757902
v -0.14466886 0.14234969 -0.03276160
v -0.15351985 0.09023397 -0.10444854
v -0.15436044 0.10705218 -0.09371697
v -0.14278053 0.10727861 -0.10040940
v -0.14084791 0.08914884 -0.11131377
v -0.03171847 -0.39366734 -0.14844067
v -0.06193430 -0.39351156 -0.14913689
v -0.03853901 -0.20175603 -0.10003915
v -0.05924856 -0.20444906 -0.09971393
v -0.05671456 -0.18283851 -0.10479413
v -0.03671977 -0.17949151 -0.10549814
v -0.09381192 -0.05246536 -0.13099942
v -0.10866642 -0.06813387 -0.12077114
v -0.03139639 -0.01800752 0.10934086
v -0.04862937 -0.01400499 0.10995000
v -0.04918813 -0.03220143 0.11781549
v -0.03215789 -0.03801546 0.11614895
v -0.29562131 0.04162462 -0.09790550
v -0.27635095 0.03026895 -0.09590162
v -0.28190202 0.01742142 -0.08927416
v -0.30328611 0.02255003 -0.09200531
v -0.18182108 -0.49255702 -0.05147171
v -0.15603945 -0.50851297 -0.08442020
v -0.14004651 -0.16384317 -0.04913042
v -0.12770875 -0.16026579 -0.07183613
v -0.12483228 -0.17831719 -0.06648344
v -0.13786328 -0.18191320 -0.04485854
v -0.14761525 -0.11472502 -0.05055957
v -0.14406908 -0.12936431 -0.05108482
v -0.15395448 -0.10070609 -0.05156742
v -0.20388103 -0.01504009 -0.06198754
v -0.21341248 -0.00787896 -0.06347957
v -0.20438483 -0.01070509 -0.07066151
v -0.04427689 -0.55913812 0.08247127
v -0.05024813 -0.48657250 0.09860684
v -0.04432433 -0.47197106 0.10267210
v -0.00108735 -0.51611412 0.01242288
v -0.06357556 0.15916236 -0.01688062
v -0.05751779 0.15442622 -0.00155730
v -0.24791756 0.00344494 -0.04833538
v -0.26576364 0.00243596 -0.05250333
v -0.18840393 -0.02469485 -0.03310684
v -0.19095388 -0.02825632 -0.04832026
v -0.18361209 -0.03496545 -0.04635984
v -0.18167405 -0.03122170 -0.02956546
v -0.19152528 -0.02820464 -0.06117916
v -0.18357520 -0.03480146 -0.06092982
v -0.13360937 0.05273546 0.04982939
v -0.13539940 0.07082209 0.03846298
v -0.14646582 0.06696509 0.03737094
v -0.14501642 0.04895605 0.04739219
v -0.12062807 0.05348948 0.05280550
v -0.10585349 0.05352169 0.05653198
v -0.10815855 0.07190325 0.04331669
v -0.12298222 0.07212810 0.04037959
v -0.06821394 0.11446342 0.01883615
v -0.08500138 0.12244774 0.00206018
v -0.04857660 0.10765396 0.02965772
v -0.03078628 0.10320855 0.03660536
v -0.02154374 0.13327327 -0.10409348
v -0.02007062 0.12024026 -0.10903950
v -0.03871571 0.12455095 -0.10941877
v -0.04142721 0.13592783 -0.10266738
v -0.05073745 0.14292787 0.00771788
v -0.03889574 0.13587430 0.01722564
v -0.02707277 0.12199727 0.02579521
v -0.31302360 0.09093477 -0.02880650
v -0.33615264 0.08683704 -0.02894768
v -0.06418729 0.16971232 -0.04985927
v -0.06558154 0.16460413 -0.03340803
v -0.31282067 0.09649357 -0.04566486
v -0.33671650 0.09157871 -0.04554567
v -0.13231227 0.13123041 -0.00970513
v -0.14033942 0.11263138 0.01090843
v -0.12961441 0.11132110 0.01002919
v -0.04715776 0.15143293 0.01125437
v -0.03696417 0.14495657 0.01947095
v -0.19145814 -0.46264112 0.00278752
v -0.18437968 -0.47023112 0.03817289
v -0.14528219 -0.20986454 0.03398032
v -0.14992930 -0.20598772 0.00908402
v -0.02308371 -0.17886043 0.13357970
v -0.02241533 -0.20223087 0.13716599
v -0.01199158 0.14746684 0.03046069
v -0.04528025 -0.24944124 0.13488764
v -0.02312563 -0.25374749 0.13848297
v -0.02255557 -0.22683038 0.13860151
v -0.04433719 -0.22471610 0.13387391
v -0.01394704 -0.29142413 0.14092478
v -0.01535605 -0.27897528 0.13969429
v -0.01052947 -0.45535672 0.11278713
v -0.02198575 -0.45574245 0.11093726
v -0.23839448 0.07795638 0.00592668
v -0.23489895 0.09737244 -0.00142347
v -0.25132671 0.09372760 -0.00584213
v -0.25397226 0.07526223 0.00244257
v -0.06466153 -0.24641256 0.12603071
v -0.08369596 -0.24416642 0.11150687
v -0.16978607 -0.02198728 0.00947913
v -0.16803940 -0.01199720 0.02594993
v -0.02224205 -0.09195822 0.11286349
v -0.06565446 -0.02719585 0.11708435
v -0.06563967 -0.01133344 0.10890735
v -0.08180618 -0.00968199 0.10597855
v -0.08111390 -0.02424432 0.11430607
v -0.00090781 -0.51461494 0.00281544
v -0.22831674 0.07440956 -0.09898649
v -0.23932640 0.07897705 -0.09736088
v -0.23591590 0.08878584 -0.09347699
v -0.22510354 0.08556749 -0.09550021
v -0.00052984 -0.55350852 0.01598171
v -0.00078158 -0.56922179 0.00466389
v -0.01613986 -0.51929212 -0.06506856
v -0.00406063 -0.51398689 -0.05008215
v -0.06668226 -0.61528689 0.08515527
v -0.07062428 -0.58551830 0.09135144
v -0.06348530 -0.64534992 0.07787289
v -0.06071791 -0.67527616 0.07007868
v -0.06025904 -0.86026913 -0.00036220
v -0.07082777 -0.88868874 0.00078208
v -0.07801844 -0.98000807 -0.01456879
v -0.07959019 -1.01444113 -0.01934955
v -0.08149365 -1.05121374 -0.02451475
v -0.08334983 -1.08943105 -0.02934422
v -0.08520928 -1.12587249 -0.03162050
v -0.33844218 0.08936249 -0.06238892
v -0.31387821 0.09465722 -0.06427888
v -0.31698018 0.08416077 -0.07946739
v -0.34155172 0.08127128 -0.07646431
v -0.30388179 0.00450439 -0.04519797
v -0.30070221 0.01166714 -0.03129510
v -0.32247898 0.00904965 -0.03254005
v -0.32483506 0.00326534 -0.04655186
v -0.34723842 0.00130698 -0.04788889
v -0.34987465 0.00123744 -0.06136570
v -0.32706302 0.00183196 -0.06029262
v -0.35129282 0.02883281 -0.09156606
v -0.34906951 0.04302314 -0.09463785
v -0.32435089 0.04233555 -0.09627644
v -0.32780060 0.02540336 -0.09206622
v -0.34406105 0.06972319 -0.08715056
v -0.32009265 0.07100663 -0.08969334
v -0.32220963 0.05703763 -0.09527173
v -0.34668916 0.05627239 -0.09322066
v -0.34177515 0.02731748 -0.01053716
v -0.34337252 0.01471596 -0.02065606
v -0.32003635 0.01837978 -0.01957420
v -0.31808355 0.03106550 -0.00903083
v -0.23270413 0.11468316 -0.01678511
v -0.24954590 0.10888123 -0.02029525
v -0.19503812 0.01722961 0.00631237
v -0.19606984 0.03231682 0.01886917
v -0.21025999 0.03595064 0.01167020
v -0.20467088 0.01957972 -0.00107920
v -0.28975764 0.08408356 -0.01237481
v -0.26912838 0.08883414 -0.00929959
v -0.26838899 0.10197086 -0.02386602
v -0.29000241 0.09549184 -0.02684848
v -0.29501715 0.03399274 -0.00729188
v -0.29752535 0.02172709 -0.01819780
v -0.27520686 0.02326474 -0.01567103
v -0.27328980 0.03590398 -0.00433094
v -0.30655795 0.01128489 -0.08271293
v -0.28472182 0.00794085 -0.07957110
v -0.24040452 0.05784434 0.00797699
v -0.25579408 0.05530443 0.00449959
v -0.16359204 -0.02231558 0.02991559
v -0.17353940 -0.04642290 -0.02283243
v -0.17710118 -0.03801498 -0.02609373
v -0.12924448 -0.07332411 0.08881040
v -0.13133855 -0.05824795 0.09237535
v -0.15844594 -0.08008993 0.01490353
v -0.16277063 -0.06525636 0.00769452
v -0.13685596 -0.06794278 0.08088827
v -0.13616005 -0.05787428 0.08577272
v -0.08739286 -0.13479637 0.09683140
v -0.02853460 0.11298792 0.02984836
v -0.27108175 0.07135838 -0.00019447
v -0.27199799 0.05229770 0.00123012
v -0.24471110 0.01770105 -0.08787744
v -0.24620286 0.00939243 -0.08022973
v -0.26261553 0.01318797 -0.08533142
v -0.25980869 0.02350504 -0.09264632
v -0.12950565 -0.03076335 -0.12229402
v -0.11268628 -0.04120582 -0.12721984
v -0.12380606 -0.05431401 -0.11678638
v -0.13826631 -0.04256193 -0.11258405
v -0.23485981 0.10506136 -0.08184949
v -0.23826881 0.11153412 -0.07244275
v -0.22348329 0.11491200 -0.07239402
v -0.22236064 0.10616963 -0.08291886
v -0.24273390 0.11647882 -0.05843391
v -0.24736996 0.11675670 -0.03979680
v -0.22978014 0.12334138 -0.03774321
v -0.22588105 0.12179781 -0.05749509
v -0.17680578 -0.42181948 -0.04994149
v -0.18560912 -0.42506355 -0.01973941
v -0.13788243 -0.29222023 0.06470592
v -0.12122962 -0.29917550 0.08302490
v -0.10308047 -0.39404988 0.09550709
v -0.02807317 -0.51794749 0.08030111
v -0.01130777 -0.52736020 0.05669776
v -0.00285568 -0.59198123 -0.00636654
v -0.18786620 -0.42987272 0.01128406
v -0.00827252 -0.62063670 -0.01576382
v -0.01489655 -0.65087706 -0.02413196
v -0.06248606 -0.64624566 -0.08513797
v -0.09062660 -0.64763254 -0.08988331
v -0.08738822 -0.61797911 -0.09045152
v -0.05620228 -0.61478543 -0.08467138
v -0.11823495 -0.65004021 -0.08436970
v -0.11764359 -0.62151456 -0.08540094
v -0.10987651 -0.73633814 0.05954771
v -0.10624899 -0.96287465 -0.11799859
v -0.12781532 -0.99966699 -0.11204716
v -0.12947857 -0.96155846 -0.11299770
v -0.10677233 -0.99972862 -0.11687485
v -0.14814718 -0.96254313 -0.09895144
v -0.14744075 -0.92761534 -0.09559592
v -0.14912111 -1.00917125 -0.02540803
v -0.10750199 -1.03781343 -0.11233272
v -0.12634271 -1.03860676 -0.10756712
v -0.14180095 -1.03928328 -0.09616584
v -0.14608356 -0.99988246 -0.09863190
v -0.00169844 -0.54269117 0.02588578
v -0.16635722 -0.51260698 0.06703475
v -0.16419435 -0.48026723 0.06999106
v -0.10743836 -0.47029319 0.09776432
v -0.07828093 -0.48566961 0.10004482
v -0.10210980 -0.22052738 0.09160585
v -0.12003966 -0.21794654 0.07526106
v -0.11872757 -0.17554939 0.06900588
v -0.13260826 -0.17300932 0.04994419
v -0.13351884 -0.19381063 0.05276630
v -0.11933043 -0.19709162 0.07184177
v -0.14795025 -0.16844641 0.00264830
v -0.14699364 -0.16632688 -0.02394919
v -0.14606303 -0.18484344 -0.02030642
v -0.14767721 -0.18742417 0.00563623
v -0.14807372 -0.20235412 -0.01666674
v -0.13992245 -0.19920504 -0.04081842
v -0.07535292 -0.16472934 -0.10499598
v -0.09333186 -0.16934761 -0.09590583
v -0.09460999 -0.14884332 -0.10185769
v -0.07618602 -0.14285973 -0.11023242
v -0.03349877 -0.46105167 0.10751141
v -0.00431875 -0.52856851 0.03726931
v -0.07390393 -0.55739862 0.09568328
v -0.10807836 -0.52572626 0.10030646
v -0.13962761 -0.52005517 0.09011602
v -0.24485984 0.00860896 -0.03629125
v -0.16728936 -0.01757501 -0.09922601
v -0.16482642 -0.00693873 -0.10477891
v -0.26204586 0.10982817 -0.06094968
v -0.26675454 0.10978271 -0.04285637
v -0.25489807 0.03725037 -0.00040063
v -0.22072439 0.10103661 0.00259947
v -0.22415383 0.07965793 0.01037111
v -0.20987140 0.08196078 0.01581158
v -0.13076155 -0.40521687 0.08260699
v -0.15865077 -0.41892487 0.06884127
v -0.13382936 -0.43032554 0.08520757
v -0.00100709 -0.51295304 -0.03529806
v -0.05194800 -0.50257492 0.09519342
v -0.02026957 -0.68058944 -0.03114269
v -0.02438640 -0.70875812 -0.03812052
v -0.02731662 -0.73565608 -0.04530723
v -0.02976463 -0.76234591 -0.05261651
v -0.03311374 -0.78921169 -0.05995061
v -0.04003775 -0.81623471 -0.06529777
v -0.04886347 -0.84424764 -0.06605677
v -0.05316855 -0.87329584 -0.07194434
v -0.04540478 -0.93915737 -0.06939623
v -0.05184168 -0.93678445 -0.08681222
v -0.05305892 -0.90410048 -0.08036947
v -0.05176181 -0.97015095 -0.09119348
v -0.05376709 -1.00473809 -0.09201768
v -0.06023571 -1.04080057 -0.08991924
v -0.06875724 -1.11491823 -0.08563698
v -0.06596095 -1.07809556 -0.08756627
v -0.00028765 -0.51222497 -0.00942682
v -0.00041782 -0.51250261 -0.02171184
v -0.11643118 0.10935184 0.00946711
v -0.17830117 -0.02307797 -0.01225082
v -0.18442647 -0.01735962 -0.01711184
v -0.23929176 0.03847975 0.00341027
v -0.29753667 0.07098113 -0.09218964
v -0.29377574 0.08666985 -0.08334371
v -0.25449309 0.02419398 -0.01252582
v -0.20172827 0.00753814 -0.01395511
v -0.19367239 0.00349787 -0.00693440
v -0.53605729 0.07543822 -0.04325151
v -0.53359747 0.07993408 -0.05658508
v -0.55436903 0.07625479 -0.05490678
v -0.55610365 0.07105273 -0.04277551
v -0.53737313 0.06562340 -0.03323283
v -0.55698484 0.06120249 -0.03407735
v -0.53770256 0.00402557 -0.05127262
v -0.53717339 0.01266777 -0.03945328
v -0.55716449 0.01325355 -0.04381119
v -0.55764633 0.00569737 -0.05570374
v -0.57665247 0.04512590 -0.03102159
v -0.57636887 0.03334275 -0.03286545
v -0.55704033 0.03545071 -0.02997644
v -0.55747765 0.04841277 -0.02933853
v -0.53523546 0.00611029 -0.08108789
v -0.53261751 0.01563122 -0.09162880
v -0.51299965 0.01158604 -0.08912329
v -0.51593536 0.00221084 -0.07713546
v -0.45534730 0.01032744 -0.02987901
v -0.45779040 -0.00097660 -0.04030174
v -0.44166636 0.00066968 -0.03398448
v -0.43878618 0.01389113 -0.02510509
v -0.49477813 0.08368793 -0.04409907
v -0.49129295 0.08494794 -0.05896480
v -0.51249307 0.08264287 -0.05783344
v -0.51542127 0.07969822 -0.04363369
v -0.49618691 0.04541513 -0.02195437
v -0.49540609 0.02921911 -0.02457975
v -0.47349960 0.03367105 -0.02285698
v -0.47366577 0.04931208 -0.02104287
v -0.47289839 0.08726713 -0.04526522
v -0.47011605 0.08613263 -0.05998601
v -0.53744918 0.03802913 -0.02658116
v -0.53684384 0.02442055 -0.03126153
v -0.51653475 0.02596605 -0.02726653
v -0.51747036 0.04087272 -0.02356529
v -0.57419288 0.01354712 -0.08461600
v -0.57216549 0.02308019 -0.09252506
v -0.55238551 0.01954057 -0.09265663
v -0.55477864 0.00991577 -0.08348016
v -0.57626551 0.02305314 -0.03883467
v -0.57668042 0.01410275 -0.04776360
v -0.55673331 0.02354794 -0.03532662
v -0.57158142 0.06901962 -0.07852256
v -0.57313067 0.07318191 -0.06609768
v -0.55199462 0.07576258 -0.06866776
v -0.55010915 0.07005959 -0.08171543
v -0.49643999 0.00390757 -0.04081100
v -0.49565238 0.01455962 -0.03055729
v -0.51669294 0.01297749 -0.03476308
v -0.51715344 0.00374857 -0.04627013
v -0.49620610 0.07460954 -0.03144140
v -0.51723385 0.06994513 -0.03226135
v -0.52899534 0.07020909 -0.08440108
v -0.53063840 0.07758832 -0.07083099
v -0.50963265 0.07823374 -0.07226187
v -0.50745589 0.06969796 -0.08607723
v -0.48649079 0.05336684 -0.09472880
v -0.48787832 0.03599847 -0.09590875
v -0.50797051 0.04009902 -0.09696499
v -0.50693637 0.05648687 -0.09452434
v -0.47548547 0.00619421 -0.03530189
v -0.47688505 -0.00215640 -0.04814852
v -0.49629384 -0.00081344 -0.07180254
v -0.49341041 0.00762122 -0.08528890
v -0.47432053 0.00365768 -0.07984778
v -0.47680444 -0.00330913 -0.06488038
v -0.43512085 0.07201236 -0.02486389
v -0.43509522 0.08414098 -0.03522638
v -0.45236549 0.08278840 -0.03316868
v -0.45281214 0.06954248 -0.02379265
v -0.45138082 0.08960510 -0.04753140
v -0.43192700 0.08909058 -0.05017224
v -0.40533966 0.07993303 -0.06795416
v -0.40564224 0.06891543 -0.07622267
v -0.41656339 0.06859671 -0.07446906
v -0.41721007 0.08146705 -0.06657204
v -0.44844046 0.04294346 -0.09480681
v -0.44952869 0.02526848 -0.09176861
v -0.46827927 0.03092183 -0.09419870
v -0.46700370 0.04832754 -0.09505251
v -0.43763381 0.00495313 -0.08010025
v -0.44211102 -0.00469085 -0.06696711
v -0.45673415 -0.00086978 -0.07339372
v -0.45265010 0.01012473 -0.08521369
v -0.38930494 0.00042307 -0.06453455
v -0.38859302 -0.00262717 -0.05108934
v -0.40324152 -0.00465305 -0.05235720
v -0.40374717 -0.00048338 -0.06607961
v -0.38475013 0.00953190 -0.02362218
v -0.38363460 0.02204482 -0.01455632
v -0.39840055 0.01953030 -0.01586789
v -0.39955008 0.00727360 -0.02459596
v -0.38180810 0.08008804 -0.02873489
v -0.38042375 0.08603858 -0.04479769
v -0.39318737 0.08673279 -0.04271894
v -0.39509857 0.07835787 -0.02760548
v -0.43334088 0.03859174 -0.09348699
v -0.43185189 0.01961360 -0.08886103
v -0.41337788 0.00524206 -0.02656236
v -0.41159287 0.01723769 -0.01780900
v -0.42461488 0.01495172 -0.02081008
v -0.42700040 0.00269333 -0.02931863
v -0.40759918 0.04763152 -0.01740159
v -0.40763262 0.06215995 -0.01963624
v -0.41961589 0.06157290 -0.02129324
v -0.42099386 0.04610146 -0.02018796
v -0.40660182 0.07854138 -0.02699672
v -0.40604332 0.08590025 -0.03950223
v -0.41855326 0.08695614 -0.03754140
v -0.41942352 0.07614312 -0.02609505
v -0.41506934 0.04661810 -0.08796714
v -0.41691124 0.03430583 -0.09177765
v -0.42409500 0.03708447 -0.09253549
v -0.42243016 0.04938048 -0.08826098
v -0.42642269 0.00207013 -0.07392355
v -0.42947236 -0.00615296 -0.06041000
v -0.43444645 0.04270875 -0.02257193
v -0.43703538 0.02796062 -0.02153523
v -0.42255601 0.03131425 -0.01848875
v -0.41723156 0.08987720 -0.05282014
v -0.38989651 0.00813280 -0.07564218
v -0.38998127 0.01685439 -0.08522441
v -0.37434420 0.01695633 -0.08462235
v -0.37426877 0.00810149 -0.07479015
v -0.37312803 0.00185114 -0.06313872
v -0.37125480 0.00010878 -0.04973864
v -0.36666498 0.01202043 -0.02194967
v -0.36499488 0.02450850 -0.01249190
v -0.36369103 0.04049475 -0.00751804
v -0.36186370 0.05790828 -0.00877072
v -0.38114417 0.05560699 -0.01260145
v -0.38247731 0.03825324 -0.01070144
v -0.35999316 0.08798119 -0.04527673
v -0.35962421 0.08347156 -0.02899748
v -0.36217573 0.08521920 -0.06093879
v -0.38063726 0.08427310 -0.05897851
v -0.41558430 -0.00400442 -0.03941680
v -0.40169978 -0.00160279 -0.03727770
v -0.52788401 0.05853583 -0.09371925
v -0.52829093 0.04341936 -0.09711424
v -0.54908329 0.04582677 -0.09600479
v -0.54910076 0.05991616 -0.09151093
v -0.57054639 0.03506954 -0.09538365
v -0.55027425 0.03218350 -0.09662608
v -0.53784287 0.05275286 -0.02721117
v -0.51775742 0.05687296 -0.02525693
v -0.57639307 0.05668112 -0.03439147
v -0.43424237 0.05803937 -0.02232880
v -0.45143342 0.05447984 -0.02199772
v -0.40601978 0.05717447 -0.08287195
v -0.39473870 0.06893446 -0.07844127
v -0.39631945 0.05714875 -0.08564965
v -0.44797421 0.05970802 -0.08763757
v -0.44833466 0.07287171 -0.07341675
v -0.42970437 0.06678189 -0.07519287
v -0.43245181 0.05409245 -0.08805174
v -0.40970439 0.03176000 -0.09100481
v -0.40760627 0.04501262 -0.08861288
v -0.39856321 0.04388724 -0.08995298
v -0.40051273 0.03001449 -0.09084143
v -0.39568654 0.06487960 -0.01866316
v -0.38126883 0.06914916 -0.01821031
v -0.38301083 0.06824313 -0.08073785
v -0.38183734 0.07729036 -0.07081466
v -0.36558670 0.07776397 -0.07395160
v -0.36684963 0.06833994 -0.08421459
v -0.39396045 0.07844081 -0.06904561
v -0.38475493 0.05670372 -0.08801176
v -0.36870444 0.05672272 -0.09088159
v -0.36036897 0.07294616 -0.01632304
v -0.38842309 0.02941633 -0.09106085
v -0.38678718 0.04335577 -0.09146301
v -0.37072673 0.04336119 -0.09323053
v -0.37272480 0.02924678 -0.09139815
v -0.52998501 0.02892037 -0.09660846
v -0.50991791 0.02515875 -0.09533791
v -0.44350138 -0.00664266 -0.04964572
v -0.45885313 -0.00610871 -0.05689704
v -0.42942733 -0.00575529 -0.04350388
v -0.53721029 0.00167102 -0.06635515
v -0.55678248 0.00462757 -0.07015482
v -0.49723470 -0.00229655 -0.05523882
v -0.51741302 -0.00082160 -0.06136254
v -0.48655832 0.06792963 -0.08695085
v -0.41423768 0.00934693 -0.07909175
v -0.41612345 0.00008255 -0.06876229
v -0.42257836 0.01219804 -0.08326926
v -0.36817834 0.00381267 -0.03488182
v -0.38695464 0.00028460 -0.03606569
v -0.42411014 0.02595983 -0.09145674
v -0.34499788 0.00654770 -0.03372521
v -0.43074360 0.08227776 -0.06437102
v -0.40524903 0.08665728 -0.05480620
v -0.39330006 0.08517741 -0.05690096
v -0.57462013 0.07267190 -0.05310571
v -0.49670818 0.06140558 -0.02397523
v -0.45169228 0.03864616 -0.02262253
v -0.45318779 0.02378316 -0.02434548
v -0.41183770 0.01902505 -0.08773127
v -0.40245384 0.01732715 -0.08604489
v -0.40342626 0.00841401 -0.07662984
v -0.39506385 0.05233014 -0.01549295
v -0.39689878 0.03542583 -0.01304862
v -0.57595819 0.00804963 -0.07269520
v -0.41017753 0.03189163 -0.01527992
v -0.44973072 0.08465101 -0.06181670
v -0.01927538 0.07088006 -0.12253465
v -0.15257822 -0.09421572 0.02219487
v -0.11541018 -0.11678351 0.06900717
v -0.12912250 -0.11412928 0.05306540
v -0.16926703 -0.04027785 -0.00359105
v -0.17356679 -0.03077217 -0.00771944
v -0.19597812 -0.00752634 -0.02177285
v -0.20540494 -0.00076879 -0.02711422
v -0.15870500 -0.05776343 0.02762790
v -0.01341059 -0.26641276 0.13782901
v -0.04940056 -0.26887944 -0.10098609
v -0.02527129 -0.26921672 -0.10066941
v -0.02773979 -0.28679514 -0.10875276
v -0.05366559 -0.28723019 -0.10756480
v -0.03043581 -0.30607015 -0.11802982
v -0.16544467 -0.33889940 -0.06316262
v -0.16061713 -0.31712106 -0.06070106
v -0.14549519 -0.31898499 -0.08370332
v -0.14974883 -0.34196565 -0.08812652
v -0.16503714 -0.30055395 -0.03394434
v -0.15435861 -0.29874992 -0.05852519
v -0.17042385 -0.31789929 -0.03402302
v -0.17375632 -0.32286367 -0.00600213
v -0.16864733 -0.30477864 -0.00653226
v -0.17053832 -0.33130705 0.02077658
v -0.16558921 -0.31187195 0.02019508
v -0.16142023 -0.34108397 0.04493085
v -0.14637138 -0.35049793 0.06582688
v -0.12842336 -0.38179779 0.08241314
v -0.10342163 -0.36905658 0.09685396
v -0.12607813 -0.35983387 0.08295615
v -0.05683323 -0.38312232 0.11697648
v -0.07960762 -0.37742329 0.10844341
v -0.01713353 -0.38902971 0.12532675
v -0.03623781 -0.38673264 0.12238614
v -0.11120862 0.09039019 0.02801210
v -0.10403395 0.14312497 -0.08339248
v -0.11325061 0.14809228 -0.06185405
v -0.09012643 0.14800659 -0.08197076
v -0.12390517 0.08674659 -0.11999542
v -0.12671907 0.10589527 -0.10973348
v -0.10638162 0.09910247 -0.12087433
v -0.10354964 0.08176038 -0.12840267
v -0.07915515 0.13951799 -0.09579054
v -0.07201238 0.14193031 -0.09469096
v -0.08947670 0.13402151 -0.09930468
v -0.05610166 0.11820763 -0.11447512
v -0.07372409 0.12506488 -0.10962875
v -0.15603667 0.13712786 -0.05653307
v -0.15555716 0.12393259 -0.07853197
v -0.16447031 0.12300059 -0.07331144
v -0.16695690 0.13634314 -0.05185900
v -0.15215649 0.07362668 -0.11167213
v -0.14992808 0.05724714 -0.11602353
v -0.16169776 0.05977610 -0.11059441
v -0.16282018 0.07559450 -0.10661073
v -0.19357350 0.13284861 -0.03886640
v -0.19066317 0.12615360 -0.06051082
v -0.20029682 0.12668806 -0.05835722
v -0.20381612 0.13082531 -0.03725429
v -0.16306847 0.09192179 -0.09947136
v -0.08458532 -0.03342459 -0.13794573
v -0.12183437 -0.01784348 -0.12948255
v -0.10394879 -0.02522314 -0.13438122
v -0.16232410 0.00464295 -0.10886515
v -0.15121575 -0.00110806 -0.11493987
v -0.15465613 -0.01394614 -0.11011828
v -0.18454978 0.01376496 -0.09879933
v -0.17311671 0.00965658 -0.10346053
v -0.21171276 0.05771644 0.01899678
v -0.19736475 0.05775237 0.02574017
v -0.19514531 0.08478674 0.01977286
v -0.20103990 0.00887546 -0.08657989
v -0.21170317 0.01588954 -0.08610927
v -0.20967808 0.02135432 -0.08893245
v -0.19806613 0.01467507 -0.08958644
v -0.14496374 0.13893603 -0.06064771
v -0.18976434 0.11306075 -0.07603051
v -0.18844293 0.10116815 -0.08735010
v -0.19852549 0.10477366 -0.08573507
v -0.20009132 0.11548152 -0.07387100
v -0.19024874 0.08675738 -0.09586394
v -0.19148979 0.07167982 -0.10081999
v -0.20252353 0.07693933 -0.09855717
v -0.20045391 0.09135722 -0.09373690
v -0.20845862 0.02850152 -0.09231070
v -0.19486247 0.02185586 -0.09269493
v -0.21873359 0.11929224 -0.01444741
v -0.17524961 0.13675138 -0.02035068
v -0.17076243 0.12335692 0.00349625
v -0.16131648 0.12843108 0.00007400
v -0.16582185 0.13935636 -0.02504491
v -0.22981383 0.00192079 -0.04481314
v -0.22615331 0.00682699 -0.03226677
v -0.23196536 -0.00097849 -0.05653350
v -0.20490931 -0.00328976 -0.07809258
v -0.23281430 0.00006334 -0.06679349
v -0.22481364 0.03817668 0.00688133
v -0.22589646 0.05793196 0.01223143
v -0.16762306 0.09889931 0.01873945
v -0.15780462 0.10580512 0.01599255
v -0.21577369 0.12773070 -0.03674779
v -0.21213581 0.12502471 -0.05745405
v -0.22776172 0.02370477 -0.09061215
v -0.23942807 0.03082737 -0.09549780
v -0.22550775 0.02875294 -0.09333090
v -0.19060485 -0.01307722 -0.08605669
v -0.20346761 0.00367266 -0.08288744
v -0.17639565 0.13597687 -0.04692232
v -0.21011494 0.11631821 -0.07281550
v -0.20979808 0.10559262 -0.08492105
v -0.18093486 0.08204842 -0.09895898
v -0.17962603 0.09711190 -0.09076953
v -0.17131718 0.09395455 -0.09480875
v -0.17194611 0.07844698 -0.10255738
v -0.21349712 0.08266718 -0.09718312
v -0.21666732 0.06835101 -0.10002267
v -0.18123841 0.06688207 -0.10356728
v -0.17159811 0.06295152 -0.10683154
v -0.22377792 0.03584734 -0.09614795
v -0.14926039 0.11070648 0.01296396
v -0.14763042 0.08793304 0.02565963
v -0.13766623 0.09069373 0.02506470
v -0.16842610 0.07315169 0.02968108
v -0.15690352 0.08173601 0.02748885
v -0.18280792 0.06298198 0.02957218
v -0.12615478 0.09064329 0.02611835
v -0.41951674 0.02248405 -0.08993130
v -0.25064290 0.03818321 -0.09823661
v -0.24258874 0.02566290 -0.09297717
v -0.25517589 0.03207589 -0.09657454
v -0.29871219 0.05723464 -0.09644824
v -0.41470757 0.05744668 -0.08095549
v -0.42179716 0.05744056 -0.08101797
v -0.46658310 0.06520918 -0.08748835
v -0.48810211 0.07880818 -0.07324516
v -0.46778560 0.07774336 -0.07358929
v -0.47453541 0.07979722 -0.03144754
v -0.47442886 0.06656449 -0.02318162
v -0.47432336 0.01793450 -0.02717392
v -0.47069398 0.01583587 -0.08966713
v -0.61490327 0.06028662 -0.03780358
v -0.61470973 0.06680153 -0.04775877
v -0.63484001 0.06421150 -0.04499374
v -0.63468605 0.05662255 -0.03619299
v -0.65296799 0.04319233 -0.03199397
v -0.63429993 0.04648403 -0.03251114
v -0.65406835 0.05353716 -0.03391241
v -0.65179402 0.03379942 -0.03489501
v -0.63365918 0.03661538 -0.03430578
v -0.65095764 0.02652133 -0.04165357
v -0.65065807 0.02121887 -0.04993878
v -0.63312179 0.02201763 -0.04770171
v -0.63318509 0.02821769 -0.03986901
v -0.63337857 0.01789838 -0.05706587
v -0.63335371 0.01603981 -0.06726850
v -0.61469877 0.01311109 -0.06494371
v -0.61463642 0.01667832 -0.05420255
v -0.65045255 0.02712755 -0.08501842
v -0.65012038 0.03550547 -0.08805662
v -0.63137865 0.03301820 -0.08957887
v -0.63200146 0.02377328 -0.08578601
v -0.61163414 0.05158010 -0.08815105
v -0.61122996 0.04064154 -0.09127204
v -0.63150471 0.04352145 -0.08913292
v -0.63182771 0.05383798 -0.08594456
v -0.65071028 0.05602038 -0.08490504
v -0.65159255 0.06259030 -0.07661843
v -0.63282174 0.06122890 -0.07881106
v -0.57592583 0.06638235 -0.04185332
v -0.59531802 0.06341665 -0.04006878
v -0.59558213 0.05347057 -0.03366506
v -0.59526795 0.03135587 -0.03548154
v -0.59540772 0.04205154 -0.03248527
v -0.61456788 0.03916114 -0.03323155
v -0.61437494 0.02954266 -0.03750824
v -0.57678425 0.00809706 -0.05954167
v -0.59561718 0.01536925 -0.05130736
v -0.59583408 0.01069967 -0.06242628
v -0.61443287 0.02224855 -0.04486008
v -0.59544098 0.02240727 -0.04212779
v -0.61396819 0.01426829 -0.07625315
v -0.63275993 0.01787929 -0.07758314
v -0.61427468 0.06881597 -0.05962796
v -0.61349118 0.06686217 -0.07135238
v -0.63400459 0.06533256 -0.06812637
v -0.63466704 0.06685488 -0.05646453
v -0.59511721 0.01136846 -0.07444525
v -0.59291351 0.06804518 -0.07487904
v -0.59387314 0.07096478 -0.06287380
v -0.61243951 0.06135826 -0.08155905
v -0.59186208 0.06082764 -0.08484644
v -0.65387577 0.06575447 -0.05369115
v -0.65444434 0.06219439 -0.04221439
v -0.59458417 0.06997258 -0.05054492
v -0.61286354 0.02018228 -0.08576732
v -0.61170286 0.02973810 -0.09098412
v -0.59202802 0.02644358 -0.09182761
v -0.59362078 0.01694692 -0.08520079
v -0.56990975 0.04778364 -0.09375696
v -0.59081745 0.03787698 -0.09327971
v -0.59089005 0.04953466 -0.09084962
v -0.65024102 0.04569496 -0.08796217
v -0.57075304 0.06019472 -0.08844714
v -0.73096704 0.01245767 -0.04073209
v -0.74005252 0.01577917 -0.03987649
v -0.73461336 0.01850864 -0.04680713
v -0.72476757 0.01746888 -0.04610870
v -0.70615900 -0.00340403 -0.03121548
v -0.71793079 -0.00825487 -0.02627461
v -0.72399002 -0.00749183 -0.03432983
v -0.71348268 -0.00155733 -0.04017018
v -0.73651296 0.00792295 -0.03578801
v -0.74438775 0.01409499 -0.03400628
v -0.75196815 0.02004304 -0.03207258
v -0.74335974 0.01435393 -0.02989178
v -0.75188810 0.02562599 -0.02780601
v -0.74669844 0.03608681 -0.02675115
v -0.75929868 0.03944023 -0.03055055
v -0.75991559 0.03029761 -0.02812295
v -0.74000537 0.05058601 -0.05098774
v -0.73691165 0.05097248 -0.06229674
v -0.75264305 0.04975094 -0.06361437
v -0.75507271 0.04828115 -0.05208662
v -0.74326932 0.04445466 -0.08238824
v -0.74897712 0.04671020 -0.07274322
v -0.73330510 0.04906439 -0.07091751
v -0.72890407 0.04676751 -0.07939007
v -0.71999389 0.02050697 -0.05351714
v -0.73002028 0.02015546 -0.05442896
v -0.72817594 0.01992713 -0.06045255
v -0.71774477 0.02008655 -0.06018282
v -0.74258840 0.02031989 -0.02559014
v -0.74389565 0.00606054 -0.02580346
v -0.74313706 0.00873896 -0.02235149
v -0.73762810 0.02251949 -0.02161167
v -0.68221939 0.01492553 -0.06330281
v -0.69279498 0.01253961 -0.06594382
v -0.69345015 0.01113815 -0.07345907
v -0.68154508 0.01367684 -0.07175749
v -0.68177289 0.01412737 -0.04274917
v -0.67704505 0.02321340 -0.03217984
v -0.68447953 0.01802542 -0.02765750
v -0.68809301 0.00778798 -0.03878472
v -0.69342238 0.01067242 -0.02420122
v -0.70343757 0.00334911 -0.02149227
v -0.69656307 0.00180842 -0.03523810
v -0.71645725 -0.00236341 -0.01846874
v -0.68874949 0.01436499 -0.08577485
v -0.68028843 0.01775786 -0.08268903
v -0.79228956 0.00731403 -0.04072522
v -0.79323119 0.00855863 -0.03515763
v -0.79559898 0.00605983 -0.03586563
v -0.79478526 0.00509888 -0.04141691
v -0.68142802 0.04347150 -0.08912902
v -0.68031067 0.03393994 -0.09056144
v -0.68704194 0.03381738 -0.09243672
v -0.68857175 0.04321645 -0.08928683
v -0.69571167 0.03368633 -0.09534861
v -0.69769639 0.04333226 -0.09014445
v -0.80103475 0.01468664 -0.03148251
v -0.80479658 0.01775503 -0.03379997
v -0.80763209 0.01202440 -0.03374868
v -0.80346525 0.00981605 -0.03185957
v -0.74442780 0.01846281 -0.04642896
v -0.74910522 0.01711229 -0.03871763
v -0.75760448 0.01841852 -0.03682173
v -0.76483989 0.01942579 -0.03536500
v -0.76577520 0.01750788 -0.04144795
v -0.75589025 0.01813495 -0.04556685
v -0.74128646 0.01992672 -0.05757045
v -0.75232899 0.01882349 -0.05793418
v -0.74774957 0.01928884 -0.06498074
v -0.73717386 0.01980277 -0.06475560
v -0.74135828 0.01524861 -0.08376458
v -0.73309708 0.01438923 -0.08262078
v -0.73352039 0.01662411 -0.07671925
v -0.74344122 0.01713742 -0.07724768
v -0.77006102 0.01816568 -0.07762610
v -0.76159322 0.01785802 -0.07740669
v -0.76329958 0.01851102 -0.07229189
v -0.77141267 0.01863772 -0.07263585
v -0.67418176 0.04501308 -0.08893871
v -0.67341375 0.03515745 -0.08961067
v -0.73833919 0.02717863 -0.10816718
v -0.74360198 0.03575495 -0.10324842
v -0.73333991 0.03711111 -0.09932140
v -0.72799665 0.02985447 -0.10431424
v -0.69134372 0.05096658 -0.08261883
v -0.68363750 0.05213526 -0.08302623
v -0.80787307 0.01958212 -0.03867437
v -0.81010282 0.01361710 -0.03879818
v -0.70404255 0.01729635 -0.01637305
v -0.71822047 0.00699242 -0.01356708
v -0.69298470 0.02618027 -0.02094786
v -0.67815912 0.03604424 -0.02833036
v -0.68529606 0.03193895 -0.02537122
v -0.76038629 0.01805211 -0.05053572
v -0.73832059 0.01983555 -0.05323157
v -0.72643507 0.01912151 -0.06503098
v -0.71739566 0.01088545 -0.08391993
v -0.72408253 0.01148804 -0.08649598
v -0.72143084 0.01106525 -0.09367670
v -0.71362871 0.01119841 -0.09336141
v -0.73533607 0.01384697 -0.10209620
v -0.73532999 0.01906891 -0.10737173
v -0.72634763 0.02023204 -0.10491165
v -0.72784382 0.01387903 -0.10064330
v -0.74236292 0.00955152 -0.01708506
v -0.73289865 0.02108894 -0.01651979
v -0.68002146 0.02466112 -0.08843020
v -0.68704182 0.02340153 -0.09172888
v -0.67287266 0.02718921 -0.08623751
v -0.69373661 0.01230380 -0.05505405
v -0.70627636 0.01765315 -0.05871659
v -0.70503598 0.01654432 -0.06348425
v -0.69256586 0.01344626 -0.06074486
v -0.71530265 0.01201065 -0.04699323
v -0.70455188 0.00416915 -0.04481289
v -0.72271967 0.00601535 -0.04244974
v -0.68189543 0.01538000 -0.05479228
v -0.67360544 0.01894913 -0.05235195
v -0.67351508 0.01861100 -0.06194662
v -0.67308849 0.01854950 -0.07161453
v -0.67299396 0.02174086 -0.08075008
v -0.66441858 0.02038317 -0.05136262
v -0.66475981 0.01944721 -0.06089885
v -0.66471338 0.02013366 -0.07092387
v -0.66454971 0.02314146 -0.07945970
v -0.67519081 0.05461927 -0.08331110
v -0.66482961 0.05658941 -0.08427814
v -0.66422880 0.04621695 -0.08872913
v -0.67444223 0.02075808 -0.04253474
v -0.66516328 0.02432021 -0.04254069
v -0.66657138 0.03014563 -0.03395846
v -0.66816121 0.04048548 -0.03085235
v -0.74006116 -0.00794942 -0.02924395
v -0.73547339 -0.00478325 -0.03271006
v -0.73042482 -0.01001795 -0.02895489
v -0.73654562 -0.01225653 -0.02452022
v -0.76595294 0.02406660 -0.03081932
v -0.75892168 0.02335642 -0.03098258
v -0.76804388 0.03094993 -0.02941348
v -0.70208913 0.01035440 -0.07916808
v -0.69773620 0.01286290 -0.08959576
v -0.76781797 0.01766333 -0.04683015
v -0.78311050 0.02496159 -0.03027488
v -0.78685981 0.03013077 -0.03262384
v -0.79883754 0.02293751 -0.03348542
v -0.79521137 0.01889223 -0.03092583
v -0.77906120 0.01537535 -0.04560437
v -0.78290731 0.01892951 -0.04984570
v -0.77653444 0.02011491 -0.05052184
v -0.77323133 0.01755872 -0.04559951
v -0.76554656 0.01593503 -0.08368217
v -0.75830787 0.01594048 -0.08352947
v -0.76988173 0.04553279 -0.04086055
v -0.75695211 0.04736419 -0.03943485
v -0.76963156 0.04214022 -0.05306124
v -0.75293416 0.01745184 -0.07746273
v -0.74515426 0.01852221 -0.07146768
v -0.75460613 0.01836162 -0.07211109
v -0.76733553 0.01917188 -0.05670585
v -0.76017332 0.01848942 -0.05791164
v -0.76354784 0.01827215 -0.05308336
v -0.76923716 0.01878081 -0.05139910
v -0.71660560 0.03193436 -0.10134179
v -0.71513140 0.01953301 -0.10234382
v -0.79672307 0.01123732 -0.03187376
v -0.79903150 0.00767493 -0.03269871
v -0.66409177 0.03613011 -0.08831892
v -0.66448253 0.02832970 -0.08513747
v -0.73479110 0.01860419 -0.07062761
v -0.74280792 0.04733342 -0.03816232
v -0.72471672 0.01764309 -0.06993447
v -0.76524580 0.02142861 -0.09360348
v -0.76786149 0.02768376 -0.09269512
v -0.76031554 0.03227515 -0.09238027
v -0.75871551 0.02366921 -0.09542699
v -0.79426605 0.00880295 -0.04577152
v -0.79838562 0.01188511 -0.04911364
v -0.79297972 0.01511335 -0.04918203
v -0.78951818 0.01130757 -0.04571215
v -0.77748179 0.01574790 -0.03510502
v -0.77740157 0.01417160 -0.04047944
v -0.77090657 0.01703492 -0.04060164
v -0.77052957 0.01855816 -0.03514440
v -0.77213150 0.02297623 -0.03130943
v -0.77972513 0.02013746 -0.03151511
v -0.78925514 0.03114474 -0.04600023
v -0.78745025 0.02523565 -0.05027503
v -0.79789692 0.01996499 -0.05000061
v -0.80144346 0.02377862 -0.04543490
v -0.71537501 0.04977085 -0.07702690
v -0.71197861 0.04649473 -0.08530255
v -0.72513533 0.04344515 -0.08816974
v -0.73855138 0.04053809 -0.09143008
v -0.75090617 0.03651097 -0.09403688
v -0.75652492 0.04251492 -0.08502313
v -0.72116172 0.03954848 -0.09508549
v -0.77748895 0.03548509 -0.05716097
v -0.77730209 0.02942538 -0.05550242
v -0.77933234 0.03533015 -0.04888213
v -0.72292340 0.01503788 -0.07690301
v -0.79124451 0.01465780 -0.03149690
v -0.68964565 0.05417407 -0.03807331
v -0.68963224 0.05978676 -0.05067043
v -0.69963074 0.05775419 -0.05123424
v -0.69847530 0.05120251 -0.03593966
v -0.78796160 0.00962707 -0.04048003
v -0.78819704 0.01072994 -0.03494731
v -0.76424688 0.01599565 -0.09325393
v -0.75842565 0.01463825 -0.09436946
v -0.75689399 0.01463714 -0.08967161
v -0.76401836 0.01499240 -0.08896011
v -0.70882815 0.04231947 -0.09198367
v -0.75042236 0.03105146 -0.10610531
v -0.74573976 0.02109030 -0.11039712
v -0.69409013 0.05549190 -0.07322923
v -0.70047069 0.04919013 -0.08330625
v -0.70345700 0.05284712 -0.07483705
v -0.76473033 0.04135624 -0.07388033
v -0.71914035 0.05177703 -0.06932841
v -0.70647848 0.05459636 -0.06719738
v -0.69611919 0.05762253 -0.06424270
v -0.68767083 0.06004677 -0.06290428
v -0.68594986 0.05767831 -0.07263862
v -0.80746955 0.01840824 -0.04543738
v -0.80151188 0.02504250 -0.03858272
v -0.67666137 0.06004938 -0.07257275
v -0.66559219 0.06228188 -0.07426987
v -0.67840672 0.06247509 -0.06250603
v -0.66703981 0.06433577 -0.06360436
v -0.70966226 0.05571275 -0.05849962
v -0.71196789 0.05470107 -0.04815887
v -0.72237277 0.05311608 -0.06095495
v -0.72578150 0.05242836 -0.05039451
v -0.76717401 0.04745312 -0.06431630
v -0.80187726 0.00760144 -0.04936771
v -0.80674648 0.00063127 -0.04999787
v -0.81097317 0.00197452 -0.04864277
v -0.80670840 0.00964457 -0.04877559
v -0.80327141 0.01516521 -0.04931732
v -0.80967647 0.01198012 -0.04527977
v -0.72866917 0.04816550 -0.03637283
v -0.77419937 0.02035803 -0.05601300
v -0.71277428 0.04639996 -0.03109384
v -0.73418039 0.03870023 -0.02405984
v -0.72384465 0.03521686 -0.01929078
v -0.69535553 0.04022280 -0.02401582
v -0.70636261 0.03243621 -0.01758437
v -0.68018192 0.04728642 -0.03132060
v -0.68764657 0.04439535 -0.02899528
v -0.66955805 0.05062014 -0.03255465
v -0.71900576 0.02112044 -0.01307196
v -0.79817033 -0.00005227 -0.03747515
v -0.79793805 -0.00049096 -0.04326288
v -0.66992420 0.05916936 -0.04028431
v -0.68127733 0.05627183 -0.03905569
v -0.73034644 -0.00022707 -0.03747678
v -0.71488172 0.01691600 -0.06885831
v -0.71343273 0.01398191 -0.07424580
v -0.71046644 0.01057603 -0.08172218
v -0.70626378 0.01183412 -0.09235936
v -0.66876960 0.06416956 -0.05173526
v -0.65108663 0.01890627 -0.05942081
v -0.65111369 0.01900326 -0.06938969
v -0.65275276 0.06508019 -0.06563199
v -0.80176306 0.00119722 -0.03381904
v -0.77564889 0.02277952 -0.07503483
v -0.77510947 0.02326584 -0.07733673
v -0.72662663 -0.01016017 -0.02205734
v -0.73436213 -0.01155684 -0.01836467
v -0.72622526 -0.00533675 -0.01509590
v -0.72864640 0.00242471 -0.01116589
v -0.73804826 -0.00117400 -0.01088248
v -0.73550397 -0.00779869 -0.01383525
v -0.70459360 0.01464392 -0.06756258
v -0.70419377 0.01259396 -0.07261848
v -0.70466840 0.02135624 -0.09971472
v -0.70568240 0.03342079 -0.09838931
v -0.77500248 0.02904050 -0.03005860
v -0.76982147 0.03862994 -0.03238927
v -0.77750772 0.03482254 -0.03302404
v -0.78847229 0.03327063 -0.03873001
v -0.78044236 0.02667482 -0.05164026
v -0.77776718 0.02467659 -0.05465236
v -0.69803047 0.00885073 -0.04982919
v -0.70973122 0.01639332 -0.05270370
v -0.73930413 0.00364762 -0.03221594
v -0.74247032 -0.00003584 -0.02982172
v -0.75668007 0.01869602 -0.06498104
v -0.77667737 0.03594451 -0.07160132
v -0.77707982 0.04060645 -0.06428771
v -0.76487458 0.01922280 -0.06469472
v -0.81090105 0.00330102 -0.03445154
v -0.80622429 0.00200719 -0.03281892
v -0.77888769 0.03905122 -0.03972076
v -0.75013161 0.01570624 -0.08392918
v -0.77208275 0.03367776 -0.07820238
v -0.77711231 0.02946386 -0.07455147
v -0.74092573 0.01668661 -0.10770637
v -0.68054539 0.06155747 -0.05062893
v -0.80072296 -0.00024027 -0.04827167
v -0.79698873 0.00565457 -0.04682303
v -0.81313896 0.00362861 -0.04510564
v -0.81307101 0.00460947 -0.03945863
v -0.69541717 0.02255551 -0.09595240
v -0.71621251 0.01873634 -0.06469019
v -0.65076900 0.02165157 -0.07843185
v -0.74046588 0.00600277 -0.01189430
v -0.73043483 0.01188853 -0.01228869
v -0.77143735 0.01938704 -0.06440047
v -0.75529140 0.02874254 -0.09961233
v -0.77314818 0.03272116 -0.08793684
v -0.77697712 0.03122914 -0.08138376
v -0.76536411 0.03763878 -0.08646902
v -0.77808708 0.02635503 -0.07888956
v -0.81550992 -0.00358349 -0.04550527
v -0.81553400 -0.00277919 -0.04006967
v -0.81275451 -0.00387722 -0.03514357
v -0.80789965 -0.00395876 -0.03379385
v -0.80343211 -0.00403357 -0.03505076
v -0.81302047 -0.00476903 -0.04894547
v -0.80880338 -0.00540209 -0.05021072
v -0.80287564 -0.00501150 -0.04879908
v -0.81343365 -0.01046920 -0.04919621
v -0.81649125 -0.01106989 -0.04570572
v -0.81517911 -0.01482767 -0.03772995
v -0.81496859 -0.01883703 -0.03769817
v -0.81244701 -0.01777208 -0.03547243
v -0.81372815 -0.01174015 -0.03564680
v -0.81217539 -0.02291566 -0.03663611
v -0.81518304 -0.02348220 -0.03839760
v -0.81665647 -0.01346850 -0.04050964
v -0.81709164 -0.01839250 -0.04128810
v -0.81684142 -0.02303720 -0.04576880
v -0.81733209 -0.02356666 -0.04200236
v -0.81651288 -0.01798081 -0.04509342
v -0.81666374 -0.01408058 -0.04393455
v -0.81666958 -0.00952792 -0.04013426
v -0.81712246 -0.02774590 -0.04243777
v -0.81425536 -0.02926040 -0.04307015
v -0.81271970 -0.02718002 -0.03880724
v -0.81538308 -0.02678025 -0.03923687
v -0.80851042 -0.00996840 -0.03443399
v -0.80880427 -0.01679057 -0.03543879
v -0.80882049 -0.02245587 -0.03724693
v -0.80964434 -0.02664578 -0.03975482
v -0.80616987 -0.02226120 -0.03919026
v -0.80533135 -0.01680702 -0.03723913
v -0.80729902 -0.02554846 -0.04158830
v -0.80479670 -0.02227288 -0.04205011
v -0.80305421 -0.01716173 -0.04063994
v -0.80148935 -0.00913703 -0.03932059
v -0.80425870 -0.00903481 -0.03587516
v -0.80616975 -0.02458113 -0.04305666
v -0.81128311 -0.02870238 -0.04403980
v -0.81559646 -0.01683784 -0.04789037
v -0.81532717 -0.02239233 -0.04827043
v -0.81331468 -0.01654261 -0.04970925
v -0.81309533 -0.02214068 -0.04964668
v -0.81725848 -0.02635634 -0.04581211
v -0.81530941 -0.02693909 -0.04732747
v -0.79997420 -0.00439775 -0.03868530
v -0.80010188 -0.00462657 -0.04444566
v -0.80140662 -0.00926781 -0.04477096
v -0.80284309 -0.01711804 -0.04566190
v -0.80438459 -0.00962448 -0.04887088
v -0.80948830 -0.01049817 -0.05029669
v -0.81014204 -0.01672292 -0.05032749
v -0.80604964 -0.01663846 -0.04943730
v -0.80727535 -0.02192825 -0.04883861
v -0.81014818 -0.02197295 -0.04985667
v -0.80518770 -0.02229917 -0.04573279
v -0.80989021 -0.02549964 -0.04826984
v -0.81266320 -0.02650315 -0.04813762
v -0.80800968 -0.02450174 -0.04779571
v -0.80702895 -0.02494222 -0.04543389
v -0.80889589 -0.02675503 -0.04493805
v -0.79720914 0.00920361 -0.06794544
v -0.79847342 0.01082206 -0.06324621
v -0.80106270 0.00558549 -0.06363352
v -0.79927707 0.00408304 -0.06859637
v -0.80589610 0.01717705 -0.06085349
v -0.81013304 0.02112991 -0.06373919
v -0.81311500 0.01344180 -0.06395689
v -0.80843914 0.00995517 -0.06124273
v -0.81126571 0.02307719 -0.07079322
v -0.81413490 0.01536143 -0.07072745
v -0.78599530 0.02626735 -0.05757467
v -0.78771901 0.03191417 -0.05958074
v -0.80289453 0.02670613 -0.06225524
v -0.79958975 0.02190277 -0.05958406
v -0.77992356 0.01740214 -0.07141525
v -0.78216881 0.02031773 -0.07530304
v -0.80157828 0.01359886 -0.06105295
v -0.80415106 0.00740659 -0.06146676
v -0.79723781 0.00947523 -0.07276951
v -0.79963613 0.01122963 -0.07696270
v -0.79430962 0.01622656 -0.07614729
v -0.79229784 0.01342052 -0.07227109
v -0.78125566 0.01821196 -0.05897310
v -0.77996218 0.01703179 -0.06518698
v -0.78375167 0.02187967 -0.05715328
v -0.78750515 0.03244922 -0.07284462
v -0.78546238 0.02655581 -0.07614620
v -0.79803497 0.02065316 -0.07800554
v -0.80176669 0.02567422 -0.07572848
v -0.79612112 0.01800561 -0.05986961
v -0.79210651 0.01278877 -0.06683370
v -0.79341245 0.01441479 -0.06183563
v -0.80822933 0.01875928 -0.07696195
v -0.80315816 0.02905494 -0.06898615
v -0.80226970 0.00508070 -0.07772189
v -0.80581588 -0.00301695 -0.07812806
v -0.81030262 -0.00114989 -0.07831770
v -0.80672151 0.00725931 -0.07852693
v -0.80362475 0.01417530 -0.07824084
v -0.81114882 0.01102072 -0.07679796
v -0.80365694 -0.00332272 -0.06473233
v -0.80186957 -0.00414354 -0.06993979
v -0.80703986 -0.00212532 -0.06218320
v -0.78846854 0.03580835 -0.06573798
v -0.81592220 0.00206876 -0.06463887
v -0.81116813 -0.00040066 -0.06218393
v -0.80209553 -0.00411820 -0.07490384
v -0.79924476 0.00410974 -0.07363828
v -0.81435925 0.00125676 -0.07634383
v -0.81688035 0.00360012 -0.07065345
v -0.81598073 -0.00673735 -0.07617202
v -0.81864643 -0.00551778 -0.07117846
v -0.81762516 -0.00656748 -0.06561134
v -0.81270576 -0.00720060 -0.06309890
v -0.80847412 -0.00751376 -0.06327911
v -0.81223315 -0.00820965 -0.07813509
v -0.80802143 -0.00889760 -0.07808940
v -0.80415696 -0.00899929 -0.07527969
v -0.81199014 -0.01533788 -0.07804787
v -0.81608963 -0.01561427 -0.07637788
v -0.81694043 -0.02287900 -0.06783208
v -0.81675982 -0.02826285 -0.06760365
v -0.81440258 -0.02747834 -0.06543916
v -0.81563139 -0.02156377 -0.06514806
v -0.81774563 -0.01890874 -0.06845340
v -0.81747144 -0.01549888 -0.06630477
v -0.81793547 -0.01843220 -0.07163446
v -0.81785858 -0.02322745 -0.07180753
v -0.81580198 -0.02879894 -0.07520694
v -0.81786978 -0.02928460 -0.07180046
v -0.81568885 -0.02315211 -0.07481197
v -0.81640112 -0.01899439 -0.07434568
v -0.81392062 -0.03264856 -0.06721750
v -0.81649143 -0.03238249 -0.06796436
v -0.81904471 -0.01379704 -0.07170615
v -0.81303096 -0.01330733 -0.06372544
v -0.81226009 -0.02051252 -0.06377888
v -0.81118953 -0.02701807 -0.06485787
v -0.81066471 -0.03203893 -0.06730886
v -0.80797863 -0.02666950 -0.06551434
v -0.80827886 -0.02022976 -0.06423290
v -0.80814272 -0.03075200 -0.06806903
v -0.80548310 -0.02660871 -0.06782377
v -0.80467898 -0.02029645 -0.06666110
v -0.80535954 -0.01222098 -0.06641348
v -0.80877054 -0.01238161 -0.06389536
v -0.80658424 -0.02954310 -0.06901577
v -0.81428254 -0.03562850 -0.07119179
v -0.81099933 -0.03444576 -0.07116047
v -0.81766927 -0.03473109 -0.07146813
v -0.81373119 -0.02247560 -0.07618339
v -0.81329554 -0.02851969 -0.07599632
v -0.81140226 -0.02233016 -0.07762142
v -0.81112164 -0.02852893 -0.07694837
v -0.81607097 -0.03316808 -0.07491127
v -0.81378287 -0.03355342 -0.07519181
v -0.80533272 -0.00806826 -0.06588861
v -0.80356181 -0.00861228 -0.07061892
v -0.80337846 -0.01252383 -0.07096374
v -0.80315816 -0.02058482 -0.07137620
v -0.80435973 -0.01305717 -0.07544443
v -0.80811417 -0.01453930 -0.07789813
v -0.80824637 -0.02162486 -0.07750140
v -0.80475956 -0.02094740 -0.07557841
v -0.80573893 -0.02681363 -0.07506050
v -0.80856764 -0.02774692 -0.07658163
v -0.80435014 -0.02670521 -0.07155362
v -0.80855769 -0.03176033 -0.07470056
v -0.81103092 -0.03323865 -0.07513273
v -0.80659062 -0.03007156 -0.07399884
v -0.80624932 -0.03025007 -0.07141347
v -0.80831230 -0.03262967 -0.07120793
v -0.78503227 0.00438303 -0.08799925
v -0.78853059 0.00645751 -0.08437514
v -0.78973573 0.00229359 -0.08382426
v -0.78563350 0.00025630 -0.08744037
v -0.79629648 0.01168847 -0.08471036
v -0.79830110 0.01448315 -0.08768231
v -0.79962194 0.00671172 -0.08779213
v -0.79773349 0.00516659 -0.08476600
v -0.79775345 0.01501334 -0.09391367
v -0.79919732 0.00640541 -0.09288506
v -0.78237396 0.02256870 -0.08076385
v -0.78345519 0.02694494 -0.08357719
v -0.79346490 0.02046967 -0.08612806
v -0.79183638 0.01671427 -0.08302090
v -0.79245210 0.00887835 -0.08355610
v -0.79418004 0.00361520 -0.08340032
v -0.78372478 0.00344801 -0.09233706
v -0.78479016 0.00418085 -0.09578884
v -0.78030634 0.00867057 -0.09522144
v -0.77973974 0.00771129 -0.09179204
v -0.77183747 0.01370555 -0.08512235
v -0.77510977 0.01564330 -0.08118740
v -0.77892077 0.01874331 -0.08004277
v -0.77692795 0.02373657 -0.09490644
v -0.77301621 0.01826361 -0.09533267
v -0.78348160 0.01216617 -0.09793948
v -0.78829765 0.01756951 -0.09763260
v -0.78821081 0.01312348 -0.08238816
v -0.78093815 0.00752953 -0.08687953
v -0.78424031 0.01006964 -0.08322161
v -0.79337895 0.01105928 -0.09838307
v -0.79172206 0.02140027 -0.09218084
v -0.78547049 -0.00002974 -0.09598899
v -0.78888011 -0.00892669 -0.09512889
v -0.79321146 -0.00817335 -0.09657440
v -0.79007900 0.00151998 -0.09815769
v -0.78813982 0.00699687 -0.09854853
v -0.79521072 0.00434816 -0.09729828
v -0.79080570 -0.00604767 -0.08299378
v -0.78720415 -0.00737196 -0.08672494
v -0.79539573 -0.00534981 -0.08265233
v -0.78138924 0.02795330 -0.08966397
v -0.77032161 0.01377785 -0.09359819
v -0.80172056 -0.00450093 -0.08660787
v -0.79910845 -0.00484979 -0.08381128
v -0.78628314 -0.00838602 -0.09159783
v -0.78409553 -0.00044590 -0.09208140
v -0.79812503 -0.00636905 -0.09561870
v -0.80165285 -0.00432134 -0.09150380
v -0.79927337 -0.01414454 -0.09439963
v -0.80288553 -0.01263177 -0.09026918
v -0.80299383 -0.01244247 -0.08539537
v -0.79976183 -0.01175183 -0.08285072
v -0.79604810 -0.01119387 -0.08199829
v -0.79399961 -0.01502275 -0.09491971
v -0.79022002 -0.01460737 -0.09347457
v -0.78799683 -0.01290774 -0.09052673
v -0.79279733 -0.01983052 -0.09362015
v -0.79779023 -0.02061892 -0.09216782
v -0.79993999 -0.02602255 -0.08286098
v -0.79961210 -0.03076911 -0.08156955
v -0.79881531 -0.02994174 -0.07965031
v -0.79994094 -0.02489907 -0.08101022
v -0.80114758 -0.02260149 -0.08450145
v -0.80191511 -0.01958585 -0.08390212
v -0.80078918 -0.02254087 -0.08763492
v -0.79997373 -0.02702332 -0.08659208
v -0.79621089 -0.03109628 -0.08831498
v -0.79941648 -0.03178185 -0.08529103
v -0.79667652 -0.02644140 -0.08947051
v -0.79847634 -0.02302849 -0.09020382
v -0.79805887 -0.03420478 -0.07975397
v -0.79929143 -0.03409529 -0.08122045
v -0.80176795 -0.01901621 -0.08867535
v -0.79937947 -0.01732278 -0.08128271
v -0.79791039 -0.02328151 -0.07932115
v -0.79657632 -0.02879208 -0.07818308
v -0.79515028 -0.03300929 -0.07879615
v -0.79347730 -0.02748275 -0.07821354
v -0.79446119 -0.02200800 -0.07903948
v -0.79240364 -0.03126752 -0.07895669
v -0.79063201 -0.02677065 -0.07944316
v -0.79085195 -0.02127892 -0.08003488
v -0.79198951 -0.01506817 -0.08200982
v -0.79567409 -0.01588857 -0.08084095
v -0.79073763 -0.02978414 -0.07982188
v -0.79640752 -0.03669262 -0.08306462
v -0.79313534 -0.03537959 -0.08242291
v -0.79887152 -0.03575647 -0.08418512
v -0.79454964 -0.02581555 -0.09119171
v -0.79377842 -0.03085864 -0.08937499
v -0.79142416 -0.02505416 -0.09149575
v -0.79119629 -0.03026175 -0.08941782
v -0.79652101 -0.03455788 -0.08711046
v -0.79457617 -0.03470123 -0.08722457
v -0.79209262 -0.01099479 -0.08307746
v -0.78882325 -0.01154256 -0.08634585
v -0.78873342 -0.01510477 -0.08498162
v -0.78753185 -0.02162528 -0.08308408
v -0.78754091 -0.01628715 -0.08903047
v -0.78937721 -0.01864612 -0.09188005
v -0.78865516 -0.02409482 -0.09005013
v -0.78682393 -0.02265930 -0.08720925
v -0.78739822 -0.02769017 -0.08596829
v -0.78885442 -0.02904922 -0.08825743
v -0.78801507 -0.02707464 -0.08218554
v -0.78960186 -0.03232795 -0.08563885
v -0.79178035 -0.03400415 -0.08668432
v -0.78832304 -0.03064173 -0.08459660
v -0.78926933 -0.03064257 -0.08189532
v -0.79075706 -0.03305805 -0.08193588
v -0.77041900 0.01339886 -0.08968575
v -0.76368481 0.00058436 -0.10732353
v -0.76688159 0.00182986 -0.10473445
v -0.76712990 -0.00145882 -0.10488784
v -0.76375031 -0.00213182 -0.10740772
v -0.77406216 0.00630331 -0.10586050
v -0.77566576 0.00787675 -0.10963953
v -0.77594793 0.00135076 -0.10980475
v -0.77455771 0.00040793 -0.10607401
v -0.77359211 0.00760520 -0.11502019
v -0.77379638 0.00114501 -0.11452246
v -0.76257789 0.01824293 -0.09995827
v -0.76186073 0.02224696 -0.10331665
v -0.77193868 0.01381198 -0.10796195
v -0.77088004 0.01140416 -0.10410783
v -0.75238478 0.00630432 -0.10667136
v -0.75149006 0.00813583 -0.11082374
v -0.74591196 0.01227747 -0.10816474
v -0.74519920 0.01135949 -0.10342234
v -0.77063614 0.00423950 -0.10415331
v -0.77107370 -0.00063539 -0.10462233
v -0.76157212 -0.00007933 -0.11060706
v -0.76109231 -0.00013962 -0.11433434
v -0.75912899 0.00322953 -0.11405832
v -0.75951719 0.00245586 -0.10980138
v -0.75710517 0.00938970 -0.09934826
v -0.75497460 0.00645494 -0.10298975
v -0.74762315 0.01040344 -0.09895431
v -0.75235718 0.01220154 -0.09600513
v -0.76038218 0.01291761 -0.09929158
v -0.75442433 0.01698044 -0.11382979
v -0.75213629 0.01188850 -0.11338417
v -0.76088864 0.00621367 -0.11688781
v -0.76531714 0.01026702 -0.11716293
v -0.76851732 0.00783420 -0.10329998
v -0.76142377 0.00361475 -0.10610870
v -0.76535010 0.00471312 -0.10385269
v -0.76838082 0.00431120 -0.11759934
v -0.76962256 0.01435095 -0.11336213
v -0.76111758 -0.00340271 -0.11466959
v -0.76190507 -0.00985485 -0.11453032
v -0.76467836 -0.01008314 -0.11679500
v -0.76415217 -0.00265330 -0.11757585
v -0.76378173 0.00145292 -0.11733019
v -0.76893127 -0.00112629 -0.11767361
v -0.76781869 -0.00783110 -0.10452458
v -0.76405394 -0.00797343 -0.10711351
v -0.77158117 -0.00766408 -0.10444307
v -0.75865543 0.02321106 -0.10909328
v -0.77647340 -0.00754327 -0.10935569
v -0.77482212 -0.00771970 -0.10591093
v -0.76199162 -0.00884604 -0.11072850
v -0.76157355 -0.00300974 -0.11080334
v -0.76917893 -0.00936455 -0.11684331
v -0.77424920 -0.00774729 -0.11384884
v -0.76939881 -0.01561230 -0.11572540
v -0.77514887 -0.01422256 -0.11327514
v -0.77687991 -0.01310718 -0.10865304
v -0.77529526 -0.01216078 -0.10539454
v -0.77225995 -0.01150900 -0.10408011
v -0.76461792 -0.01570046 -0.11536062
v -0.76244688 -0.01458895 -0.11296898
v -0.76294518 -0.01301074 -0.10985982
v -0.76508802 -0.02004135 -0.11342394
v -0.77001208 -0.02085060 -0.11381045
v -0.77636266 -0.02352577 -0.10626274
v -0.77663481 -0.02699679 -0.10472974
v -0.77620244 -0.02640349 -0.10284939
v -0.77663863 -0.02228689 -0.10441795
v -0.77642596 -0.02060521 -0.10830870
v -0.77679926 -0.01795417 -0.10764417
v -0.77482587 -0.02090776 -0.11097187
v -0.77529728 -0.02470499 -0.10942194
v -0.77178526 -0.02963299 -0.10976720
v -0.77577966 -0.02863824 -0.10813367
v -0.77163976 -0.02587426 -0.11163384
v -0.77217162 -0.02263856 -0.11245176
v -0.77585876 -0.03032917 -0.10250390
v -0.77678895 -0.02997476 -0.10422868
v -0.77469015 -0.01821774 -0.11200398
v -0.77556217 -0.01594931 -0.10468116
v -0.77550447 -0.02120048 -0.10256970
v -0.77488619 -0.02628773 -0.10096154
v -0.77362716 -0.03028721 -0.10111156
v -0.77251816 -0.02530712 -0.10039303
v -0.77302659 -0.02003157 -0.10172746
v -0.77146232 -0.02896637 -0.10078558
v -0.76998186 -0.02450383 -0.10084176
v -0.76979280 -0.01927960 -0.10187060
v -0.76917899 -0.01412714 -0.10337335
v -0.77281255 -0.01469642 -0.10335019
v -0.77002829 -0.02758718 -0.10087746
v -0.77384782 -0.03300250 -0.10481256
v -0.77155703 -0.03226686 -0.10323364
v -0.77569664 -0.03205442 -0.10683227
v -0.76888669 -0.02572238 -0.11202630
v -0.76926988 -0.03006124 -0.10971966
v -0.76596642 -0.02472305 -0.11128014
v -0.76710659 -0.02941108 -0.10846311
v -0.77269906 -0.03208792 -0.10849798
v -0.77099717 -0.03273004 -0.10741141
v -0.76845312 -0.01124662 -0.10406289
v -0.76496184 -0.01186210 -0.10652423
v -0.76548219 -0.01477832 -0.10526457
v -0.76631272 -0.01967514 -0.10339358
v -0.76318038 -0.01636338 -0.10828593
v -0.76287049 -0.01836318 -0.11120781
v -0.76417881 -0.02346116 -0.10918075
v -0.76400173 -0.02154404 -0.10620934
v -0.76574636 -0.02636760 -0.10432130
v -0.76586294 -0.02809376 -0.10654390
v -0.76737183 -0.02491295 -0.10211521
v -0.76805222 -0.03040951 -0.10422182
v -0.76913923 -0.03198630 -0.10565233
v -0.76746541 -0.02880675 -0.10325995
v -0.76870692 -0.02843243 -0.10193279
v -0.76988113 -0.03058505 -0.10230866
v -0.74743932 0.01478080 -0.11068846
v -0.75261372 0.00261075 -0.02182491
v -0.75233179 0.00303014 -0.01680329
v -0.74640262 -0.01246473 -0.02734078
v -0.74950796 -0.00612448 -0.02824393
v -0.74396783 -0.01641938 -0.02220578
v -0.74533916 -0.01238665 -0.01211940
v -0.74396688 -0.01555650 -0.01653244
v -0.75171912 -0.00080028 -0.02573273
v -0.75103325 0.00054133 -0.01222458
v -0.74783683 -0.00612087 -0.00989433
v -0.75962818 -0.00655069 -0.00993323
v -0.75672781 -0.01293485 -0.00853945
v -0.75297260 -0.01953040 -0.01161915
v -0.75067228 -0.02093238 -0.01686718
v -0.74934250 -0.01993784 -0.02233453
v -0.76013833 -0.00169902 -0.01504852
v -0.75940698 -0.00100134 -0.02014647
v -0.75710440 -0.00372169 -0.02478096
v -0.76794440 -0.00732002 -0.01351714
v -0.77066499 -0.01411124 -0.00960839
v -0.76943421 -0.02828409 -0.01191625
v -0.77344334 -0.03022287 -0.01190361
v -0.77186382 -0.03119773 -0.01587161
v -0.76686633 -0.02944697 -0.01546612
v -0.76724625 -0.02579553 -0.01162493
v -0.76282448 -0.02571475 -0.01357064
v -0.77290505 -0.02428439 -0.00854921
v -0.76973230 -0.02208228 -0.00938195
v -0.77259189 -0.01852237 -0.00867140
v -0.77606964 -0.01922208 -0.00846210
v -0.77681327 -0.02682599 -0.00818512
v -0.78025752 -0.02858135 -0.01003754
v -0.77708900 -0.03113868 -0.01208818
v -0.77704424 -0.03124796 -0.01539752
v -0.76651901 -0.01980986 -0.00924498
v -0.75744879 -0.02566158 -0.01875854
v -0.76437509 -0.02907369 -0.01996860
v -0.77110350 -0.03041301 -0.02027127
v -0.77689016 -0.02945256 -0.01935086
v -0.77111238 -0.02716086 -0.02422488
v -0.76371783 -0.02623904 -0.02480009
v -0.77620035 -0.02620819 -0.02242324
v -0.77204829 -0.02292880 -0.02570438
v -0.76511550 -0.02104000 -0.02739874
v -0.75547713 -0.01740285 -0.02710313
v -0.75491190 -0.02304938 -0.02386475
v -0.77555674 -0.02353928 -0.02379575
v -0.78201056 -0.02839664 -0.01383775
v -0.78121084 -0.02590287 -0.01760736
v -0.77652198 -0.01533345 -0.01079082
v -0.78069234 -0.01825248 -0.01134309
v -0.77953422 -0.02155217 -0.00845388
v -0.77550024 -0.01165293 -0.01426181
v -0.78040200 -0.01593166 -0.01511467
v -0.78183490 -0.02447192 -0.00915772
v -0.78304112 -0.02267710 -0.01212695
v -0.75066674 -0.01535563 -0.02683431
v -0.75388485 -0.00910779 -0.02743652
v -0.75872946 -0.01098435 -0.02702689
v -0.76759601 -0.01515477 -0.02636087
v -0.76287860 -0.00613244 -0.02364773
v -0.76614535 -0.00473522 -0.01840729
v -0.77399582 -0.01002965 -0.01866183
v -0.77098083 -0.01108335 -0.02316225
v -0.77641398 -0.01573824 -0.02230749
v -0.77884775 -0.01503827 -0.01914904
v -0.77405959 -0.01880615 -0.02470240
v -0.78052056 -0.01946411 -0.01956916
v -0.78247696 -0.02076758 -0.01616156
v -0.77848357 -0.01884775 -0.02156445
v -0.77734864 -0.02124949 -0.02271450
v -0.77938282 -0.02334812 -0.02066097
v -0.74081123 0.01301598 -0.10279811
v -0.74340653 0.01207732 -0.09713610
v -0.73736644 0.01282719 -0.09630054
v -0.72978902 0.01162080 -0.09509711
v -0.72101176 0.01340479 -0.09920149
v -0.73178577 0.01234000 -0.08867142
v -0.73971689 0.01351783 -0.09024160
v -0.74851340 0.01328684 -0.09116404
v -0.72672641 0.01339391 -0.08182345
v -0.01683409 0.07244182 0.05550582
v -0.01714107 0.05586172 0.06560149
v -0.29289523 0.04975571 -0.00136547
v -0.29100892 0.06744713 -0.00270701
v -0.28905189 0.10268452 -0.04504424
v -0.28536081 0.10156658 -0.06765274
v -0.06459294 -0.22278585 0.12403319
v -0.10986712 -0.17389122 -0.08343136
v -0.11201853 -0.15487178 -0.08962177
v -0.03619189 -0.15661336 -0.11156768
v -0.05606084 -0.16039796 -0.11051860
v -0.14335009 -0.19026376 0.03056287
v -0.14294969 -0.17030397 0.02782867
v -0.10232437 -0.19913462 0.08856797
v -0.10298470 -0.17720032 0.08615852
v -0.13503465 -0.21394967 0.05634737
v -0.08005317 -0.20611185 -0.09567824
v -0.09889148 -0.20832306 -0.08786634
v -0.09457491 -0.18848906 -0.09074984
v -0.07648945 -0.18553223 -0.09959978
v -0.01719805 -0.15334056 -0.10737602
v -0.01755579 -0.17605983 -0.10110470
v -0.14965746 -0.14874873 0.00072392
v -0.14918125 -0.14765865 -0.02609687
v -0.13047542 -0.14204641 -0.07381105
v -0.11518822 -0.13626087 -0.09176355
v -0.09761702 -0.12883285 -0.10448216
v -0.07857442 -0.12116232 -0.11378371
v -0.08775207 -0.15531449 0.10038430
v -0.06896376 -0.13321930 0.10830484
v -0.14332020 -0.14982028 0.02648382
v -0.02385061 -0.15549369 0.12831193
v -0.06233778 -0.09105248 -0.12596035
v -0.03922957 -0.08643161 -0.12883098
v -0.14230852 -0.14564748 -0.05127298
v -0.03215307 0.01481769 0.09182192
v -0.05037005 0.01749489 0.09032201
v -0.04929957 0.00193045 0.10042363
v -0.03154823 -0.00154672 0.10094068
v -0.06652303 0.00375393 0.09881519
v -0.08311688 0.00458492 0.09565808
v -0.09851003 0.00450708 0.09124686
v -0.13489713 -0.00074250 0.07427957
v -0.12460837 0.00163623 0.08044116
v -0.15210998 -0.01098233 0.05919097
v -0.14453174 -0.00493404 0.06740909
v -0.15726869 -0.02150012 0.04877627
v -0.15985802 -0.03371604 0.03549564
v -0.16566741 -0.03274635 0.01367467
v -0.16233388 -0.04544355 0.02011808
v -0.15569112 -0.04613075 0.04327322
v -0.15338248 -0.03422603 0.05602249
v -0.14835863 -0.02448051 0.06666249
v -0.01784342 -0.06859452 0.11416786
v -0.01532613 -0.04415061 0.11255261
v -0.01582157 0.08773868 0.04582459
v -0.48989472 0.02091121 -0.09298215
v -0.61497921 0.05021105 -0.03263581
v -0.01966715 0.10848404 -0.11318582
v -0.03795779 0.11255381 -0.11491323
v -0.10027376 0.12664606 -0.10444348
v -0.11553560 0.13730472 -0.08665934
v -0.07918300 0.11675023 -0.11539929
v -0.05787835 0.10816148 -0.11982592
v -0.13086182 -0.13165358 0.04878626
v -0.03875663 0.07541451 -0.12623267
v -0.05912011 0.09653956 -0.12489715
v -0.08152980 0.10537376 -0.12186999
v -0.10519722 0.11583344 -0.11131299
v -0.12844989 0.12737085 -0.09227910
v -0.14420336 0.12554547 -0.08433347
v -0.16344491 0.10742797 -0.08846378
v -0.17974027 0.11151836 -0.07951868
v -0.18181914 0.12509812 -0.06407247
v -0.17338760 0.12348930 -0.06846579
v -0.17123242 0.10892314 -0.08359947
v -0.25320655 0.10730458 -0.07464771
v -0.27577713 0.08711134 -0.08827739
v -0.26769057 0.09916194 -0.08011487
v -0.27927247 0.07206494 -0.09472147
v -0.28018713 0.06061536 -0.09773694
v -0.27688494 0.04901731 -0.09881328
v -0.26702037 0.03932417 -0.09868044
v -0.22971860 0.01908973 -0.08776327
v -0.21363704 0.01137969 -0.08329203
v -0.17903811 -0.01990898 -0.08904627
v -0.17033827 -0.02647892 -0.09218247
v -0.14730993 -0.05244177 -0.10103776
v -0.13542153 -0.06475383 -0.10379923
v -0.12396969 -0.07977396 -0.10755215
v -0.12129723 -0.30125308 -0.09521873
v -0.11575990 -0.28390199 -0.08909693
v -0.09596803 -0.28541145 -0.09904218
v -0.10181933 -0.30323616 -0.10602857
v -0.04569397 -0.24834096 -0.09665381
v -0.02288820 -0.24883094 -0.09449973
v -0.15957326 -0.28460136 -0.03334786
v -0.16392247 -0.28839990 -0.00708159
v -0.13360518 -0.28262416 -0.07469556
v -0.14868985 -0.28288350 -0.05629669
v -0.16116406 -0.29414159 0.01939658
v -0.10264848 -0.32560852 0.09894757
v -0.08242336 -0.33170438 0.11286120
v -0.04108416 -0.34044337 0.13145059
v -0.02051886 -0.34315071 0.13537642
v -0.15284702 -0.30193621 0.04393467
v -0.06170652 -0.33672011 0.12403102
v -0.13940781 -0.31041887 0.06467853
v -0.12182090 -0.31848261 0.08284583
v -0.06681485 -0.24796435 -0.09570616
v -0.07061171 -0.26783019 -0.09944293
v -0.09080886 -0.26712015 -0.09475580
v -0.05769602 -0.01804484 -0.14165838
v -0.03690323 -0.01998672 -0.13982597
v -0.07867547 -0.01449352 -0.14175922
v -0.09590293 0.00845258 -0.14111030
v -0.09811863 -0.00877960 -0.13902517
v -0.11665411 -0.00237581 -0.13391593
v -0.11449184 0.01477823 -0.13570163
v -0.14695416 0.02614157 -0.11932414
v -0.14822951 0.01200230 -0.11811979
v -0.16027214 0.01696899 -0.11155187
v -0.15952671 0.03026245 -0.11260108
v -0.18226853 0.02540885 -0.10115696
v -0.17133953 0.02103031 -0.10607397
v -0.19366907 0.03126463 -0.09591250
v -0.20794116 0.03756311 -0.09609386
v -0.20406651 0.06345527 -0.10072888
v -0.19196403 0.05699724 -0.10212820
v -0.14767340 0.04144994 -0.11851801
v -0.13211800 0.03751704 -0.12705599
v -0.03663425 0.01240053 -0.13622332
v -0.01799646 0.00845490 -0.13132818
v -0.16604784 -0.05256177 0.00147822
v -0.16939668 -0.05778303 -0.01890711
v -0.17084433 -0.06002745 -0.03847561
v -0.16881992 -0.05884727 -0.05591680
v -0.16676712 -0.05571370 -0.07196884
v -0.16197284 -0.05021200 -0.08595163
v -0.16309214 -0.03409965 -0.09500942
v -0.15591069 -0.04267848 -0.09794752
v -0.15868065 -0.02495113 -0.10358386
v -0.14970958 -0.03341936 -0.10799746
v -0.13771223 -0.00907262 -0.12238830
v -0.14340533 -0.02216019 -0.11608128
v -0.13352750 0.00534450 -0.12664099
v -0.13168950 0.02104807 -0.12815434
v -0.11441032 0.03275903 -0.13537937
v -0.09548683 0.02701814 -0.14074057
v -0.07804700 0.05803575 -0.13745734
v -0.07680020 0.04039200 -0.14078881
v -0.07585693 0.02166753 -0.14282408
v -0.07596166 0.00341006 -0.14333899
v -0.07646230 0.15067673 -0.08308739
v -0.05898982 0.14443004 -0.09438985
v -0.25958365 0.04481580 -0.09936339
v -0.26473084 0.05223698 -0.09970088
v -0.25532341 0.05296337 -0.10011794
v -0.25438094 0.04749268 -0.09978519
v -0.26604807 0.06135290 -0.09901877
v -0.26497051 0.07281009 -0.09706159
v -0.25347850 0.07164130 -0.09849079
v -0.25447315 0.06061937 -0.10008303
v -0.26163301 0.08537891 -0.09244116
v -0.24995220 0.08309060 -0.09532958
v -0.25516638 0.09582155 -0.08703718
v -0.24585684 0.10257053 -0.08305611
v -0.24171326 0.09842772 -0.08740187
v -0.24561703 0.09251866 -0.09115824
v -0.21161078 0.09477568 -0.09205552
v -0.22291760 0.09710616 -0.08987672
v -0.23381163 0.09808052 -0.08804671
v -0.22208300 0.04489526 -0.09837799
v -0.23402429 0.05289178 -0.10018495
v -0.24432731 0.05859599 -0.10054331
v -0.24247286 0.06920239 -0.09954675
v -0.23178698 0.06325229 -0.10024275
v -0.21969371 0.05581661 -0.09996091
v -0.05556640 -0.00009219 -0.14225750
v -0.03630591 -0.00396803 -0.13860670
v -0.18093093 0.03760782 -0.10285735
v -0.17099427 0.03408904 -0.10763869
v -0.19216211 0.04238132 -0.09924344
v -0.20596518 0.04916197 -0.09915300
v -0.18143402 0.05198450 -0.10424887
v -0.17118298 0.04798165 -0.10786413
v -0.16013430 0.04465908 -0.11243907
v -0.05603739 0.01677253 -0.14075129
v -0.01787435 -0.00664155 -0.13454793
v -0.18018040 0.09159986 0.02058480
v -0.18150973 0.11696421 0.00593865
v -0.18467912 0.13239481 -0.01655488
v -0.18468922 0.13434874 -0.04227376
v -0.41672590 -0.00615989 -0.05525468
v -0.01854080 -0.19922368 -0.09594883
v -0.02046365 -0.22340871 -0.09319504
v -0.04168216 -0.22493199 -0.09640090
v -0.01814167 -0.08476286 -0.12733088
v -0.01782439 -0.02125072 -0.13689509
v -0.10792178 -0.02479122 0.10565735
v -0.09540164 -0.02417048 0.11060774
v -0.09663756 -0.00976826 0.10178651
v -0.10971496 -0.01051125 0.09658543
v -0.12917860 -0.02817075 0.09165011
v -0.11953702 -0.02641587 0.09906080
v -0.12175725 -0.01248069 0.09029930
v -0.13206688 -0.01491128 0.08326332
v -0.13759473 -0.03167305 0.08335323
v -0.14088301 -0.01853660 0.07551394
v -0.11741003 -0.04131290 0.10587144
v -0.10642321 -0.04023884 0.11250252
v -0.09422538 -0.03934764 0.11710341
v -0.13402309 -0.04452792 0.08975749
v -0.12652810 -0.04247628 0.09805330
v -0.01147664 0.15500467 0.03283722
v -0.01461001 0.10989591 0.03153579
v -0.01407627 0.11972927 0.02760938
v -0.01436415 -0.02365104 0.10759496
v -0.01471911 0.01061596 0.09261311
v -0.01597170 0.02300248 0.08296701
v -0.01675564 0.03855959 0.07467392
v -0.01527851 0.09976963 0.03806411
v -0.01431391 -0.00596623 0.10066076
v -0.16660307 -0.47379026 -0.07729404
v -0.14808564 -0.49059582 -0.09719981
v -0.15439665 -0.46397126 -0.09480266
v -0.14014193 -0.47655520 -0.10829994
v -0.16557570 -0.39398062 -0.06979994
v -0.16443017 -0.42054534 -0.07635592
v -0.16661941 -0.36599526 -0.06588662
v -0.11981960 -0.48403472 -0.12126674
v -0.09404732 -0.48641902 -0.13040969
v -0.09179426 -0.46671876 -0.13780922
v -0.15120882 -0.36828822 -0.09085210
v -0.15088829 -0.39531523 -0.09426368
v -0.16174299 -0.44459394 -0.08454092
v -0.14860566 -0.44332385 -0.10252801
v -0.14645365 -0.45819128 -0.10471105
v -0.11679456 -0.46628469 -0.12815663
v -0.13520432 -0.46324664 -0.11543617
v -0.03357643 -0.32628393 -0.12723590
v -0.06254227 -0.32617122 -0.12572442
v -0.05819427 -0.30648977 -0.11657692
v -0.12730819 -0.32039526 -0.10093514
v -0.13965751 -0.29941857 -0.07922633
v -0.13387565 -0.44535628 -0.11813460
v -0.11474652 -0.44532371 -0.13209392
v -0.08988789 -0.44428736 -0.14320810
v -0.08982407 -0.36936045 -0.13749243
v -0.08872236 -0.39373094 -0.14303133
v -0.11243892 -0.39534700 -0.13167499
v -0.11307996 -0.36950555 -0.12648506
v -0.13141418 -0.34343779 -0.10676696
v -0.13326444 -0.36923844 -0.11102476
v -0.08903002 -0.34592575 -0.12999083
v -0.11142048 -0.34474483 -0.12045360
v -0.10741115 -0.32253850 -0.11321810
v -0.13334706 -0.39623657 -0.11497921
v -0.06015634 -0.41798273 -0.15125580
v -0.08856216 -0.41952837 -0.14523619
v -0.02990603 -0.41734904 -0.14957808
v -0.08583810 -0.32445237 -0.12126728
v -0.08124552 -0.30475399 -0.11248203
v -0.07557433 -0.28588706 -0.10458954
v -0.06295684 -0.22633137 -0.09592373
v -0.11639538 -0.70920289 0.06569391
v -0.00002540 -0.52967274 0.01150620
v 0.00008401 -0.52121371 -0.01517313
v -0.18018545 -0.43871206 0.04337704
v -0.18675110 -0.45635530 -0.03193263
v -0.17494123 -0.44934490 -0.06136909
v -0.02739833 -0.52983540 0.07622197
v -0.01080528 -0.53518963 0.05465421
v -0.16242406 -0.44809905 0.07032262
v -0.10868680 -0.49725720 0.09976639
v -0.00265047 -0.53484547 0.03330183
v -0.15002000 -0.42089140 -0.09842005
v -0.13349462 -0.42235753 -0.11750565
v -0.11336238 -0.42138162 -0.13345121
v -0.06015046 -0.44255087 -0.14900255
v -0.02930534 -0.43966475 -0.14712903
v -0.02181332 -0.47806734 0.10283586
v -0.01769956 -0.46810946 0.10755835
v -0.00928677 -0.47063318 0.10721589
v -0.00959804 -0.48471811 0.09925705
v -0.10270658 -0.34662420 0.09779286
v -0.08129761 -0.35345340 0.11075668
v -0.03884262 -0.36271235 0.12721919
v -0.01897576 -0.36528587 0.13068308
v -0.15674181 -0.32093802 0.04433832
v -0.05961948 -0.35891184 0.12083353
v -0.14257845 -0.33020037 0.06508163
v -0.12351349 -0.33890653 0.08281723
v -0.07162672 -1.15169668 -0.05695522
v -0.07241503 -1.18066013 -0.05329724
v -0.07342506 -1.17857528 -0.06885650
v -0.06994815 -1.14940119 -0.07216222
v -0.08719718 -1.14490497 -0.10065733
v -0.07564501 -1.14680827 -0.09259195
v -0.10242265 -1.14459550 -0.10257893
v -0.09988096 -1.17445803 -0.10169602
v -0.11109292 -1.17516708 -0.09486578
v -0.11594258 -1.14589417 -0.09733020
v -0.12427384 -1.14686406 -0.08795981
v -0.12782730 -1.17749488 -0.05678983
v -0.13341565 -1.14938593 -0.05696306
v -0.13009852 -1.14765382 -0.07592637
v -0.12581767 -1.17684281 -0.07483014
v -0.12726052 -1.15343368 -0.03737344
v -0.12214442 -1.18053651 -0.03748395
v -0.11227120 -1.15648007 -0.02646076
v -0.07711121 -1.15467095 -0.04144631
v -0.07587176 -1.18278062 -0.03666030
v -0.08620756 -1.17465436 -0.10005561
v -0.07659621 -1.17661321 -0.09016154
v -0.07040709 -1.14842439 -0.08270913
v -0.07495739 -1.17739356 -0.07960592
v -0.07187320 -1.20822120 -0.06469230
v -0.06508526 -1.20866132 -0.04878219
v -0.08490871 -1.20401144 -0.10040458
v -0.07906606 -1.20565999 -0.08762228
v -0.10691545 -1.20390737 -0.09265265
v -0.09749524 -1.20326090 -0.10307366
v -0.12610126 -1.20504892 -0.07436515
v -0.11931714 -1.17595923 -0.08544951
v -0.11696216 -1.20440793 -0.08359445
v -0.12704672 -1.20507240 -0.05697045
v -0.12132010 -1.20641649 -0.03424849
v -0.07164428 -1.20824313 -0.03020979
v -0.07650203 -1.20673597 -0.07656801
v -0.12400682 -1.29180825 0.12452281
v -0.12849206 -1.29182172 0.12356663
v -0.13015148 -1.29617369 0.12416975
v -0.12283990 -1.29726112 0.12560602
v -0.07948411 -1.28794348 0.13643467
v -0.08815900 -1.28628945 0.13841709
v -0.09023528 -1.29536879 0.13653563
v -0.07837872 -1.29772437 0.13440070
v -0.11418013 -1.30062687 0.13092858
v -0.10926098 -1.30049765 0.13142054
v -0.10841744 -1.29666460 0.13512452
v -0.11665121 -1.29639280 0.13427676
v -0.15452375 -1.29737794 0.08931389
v -0.15010038 -1.29777300 0.09081605
v -0.15023035 -1.29316688 0.09329374
v -0.15516981 -1.29385066 0.09070874
v -0.14211912 -1.30010116 0.10743836
v -0.13827592 -1.30071676 0.10893112
v -0.13791835 -1.29624593 0.11189985
v -0.14341943 -1.29706633 0.10930928
v -0.09077489 -1.28235757 0.11433063
v -0.09049013 -1.28308260 0.12881163
v -0.07766585 -1.28580666 0.12652530
v -0.07607173 -1.28119588 0.11187462
v -0.07081620 -1.29491115 0.12273659
v -0.07841145 -1.30044317 0.12013717
v -0.07696471 -1.30094802 0.10556892
v -0.06945786 -1.29246879 0.10677621
v -0.09110661 -1.30063844 0.12227947
v -0.09081610 -1.30046141 0.10896594
v -0.09784800 -1.29181921 0.11332617
v -0.09987792 -1.29176962 0.12782416
v -0.11741544 -1.29190040 0.11384201
v -0.12100688 -1.29402852 0.12596446
v -0.11485448 -1.28811038 0.12732470
v -0.11230730 -1.28435469 0.11483436
v -0.10640153 -1.28863418 0.12851553
v -0.10144673 -1.28491449 0.11657453
v -0.09806392 -1.29443216 0.11555722
v -0.10063052 -1.29539168 0.12872177
v -0.10607524 -1.30077457 0.12487432
v -0.10292540 -1.29989457 0.11192540
v -0.11234698 -1.29886293 0.11130347
v -0.11527668 -1.30063128 0.12360145
v -0.12206014 -1.29019940 0.11870108
v -0.11963695 -1.28565478 0.10935510
v -0.12992847 -1.28455043 0.10701450
v -0.12958159 -1.28965378 0.11769812
v -0.12130889 -1.29982901 0.10661859
v -0.11604413 -1.29530454 0.10939897
v -0.11781310 -1.29737997 0.11892723
v -0.12283473 -1.30141604 0.11703206
v -0.13026908 -1.30123985 0.11616047
v -0.13061357 -1.29875147 0.10521020
v -0.13501614 -1.29130948 0.10676141
v -0.13462491 -1.29516506 0.11730412
v -0.14412999 -1.28988659 0.10365117
v -0.14526364 -1.28472114 0.09372613
v -0.14902690 -1.29155254 0.09258331
v -0.14687948 -1.29583895 0.10232913
v -0.13733859 -1.28540146 0.09746322
v -0.13831863 -1.28916562 0.10553963
v -0.13705717 -1.29885292 0.09562988
v -0.13459650 -1.29145074 0.09931619
v -0.13400407 -1.29372859 0.10616597
v -0.13612765 -1.30088842 0.10361889
v -0.14344808 -1.30107307 0.10184056
v -0.14510946 -1.29880083 0.09198699
v -0.15928012 -1.29246044 0.08366789
v -0.15753879 -1.28675973 0.08526506
v -0.15830545 -1.28433812 0.07659297
v -0.15953283 -1.29135096 0.07368494
v -0.15165323 -1.28396475 0.08153273
v -0.15106218 -1.28659105 0.08784290
v -0.14968362 -1.29719484 0.07966078
v -0.14952393 -1.28980005 0.08288289
v -0.14770602 -1.29147792 0.08792193
v -0.14876921 -1.29810262 0.08584946
v -0.15561903 -1.29828298 0.08365366
v -0.15584628 -1.29674804 0.07522950
v -0.07614696 -1.27781153 0.09736919
v -0.09453595 -1.28169584 0.10014513
v -0.08113562 -1.30000877 0.12953147
v -0.06989618 -1.29099298 0.09203831
v -0.08812792 -1.29986048 0.13061307
v -0.09491214 -1.30001760 0.09623379
v -0.07784613 -1.29972661 0.09088881
v -0.09686098 -1.29210997 0.10665168
v -0.11468609 -1.29119253 0.13383389
v -0.11492838 -1.29267108 0.10424212
v -0.11486531 -1.29977095 0.09471493
v -0.10950485 -1.29146421 0.13435699
v -0.11340516 -1.28166974 0.09818441
v -0.13149600 -1.28233540 0.08914945
v -0.12480913 -1.30086279 0.12278005
v -0.12887861 -1.30047405 0.12232591
v -0.13349164 -1.29932928 0.08778665
v -0.13450775 -1.29059720 0.09730696
v -0.14250596 -1.29276907 0.10906357
v -0.14954194 -1.28981495 0.08308471
v -0.14758429 -1.29849553 0.07642212
v -0.13953561 -1.29194093 0.11013811
v -0.14768445 -1.28115702 0.07737094
v -0.15423107 -1.29024386 0.08982901
v -0.15640604 -1.29796088 0.06452191
v -0.16120288 -1.29030383 0.06136297
v -0.15146443 -1.28950465 0.09168483
v -0.15860504 -1.28165841 0.06590181
v -0.08547641 -1.15742040 -0.02999687
v -0.08424743 -1.18405986 -0.02546570
v -0.09728943 -1.15842855 -0.02484157
v -0.10925648 -1.18287253 -0.02511459
v -0.09624890 -1.18436468 -0.02161238
v -0.08171698 -1.20869410 -0.01714948
v -0.10804972 -1.20868802 -0.01984832
v -0.09484086 -1.20845389 -0.01391296
v -0.12762018 -1.22647786 -0.07670016
v -0.13107385 -1.22707713 -0.05932240
v -0.11566079 -1.22589469 -0.08631156
v -0.09647562 -1.22524536 -0.10666268
v -0.10656652 -1.22532713 -0.09680674
v -0.08031593 -1.22717738 -0.00640242
v -0.07079648 -1.22941244 -0.02411197
v -0.09540172 -1.22534406 -0.00096194
v -0.11098119 -1.22618759 -0.00912134
v -0.07191852 -1.27260375 0.08055323
v -0.07205433 -1.27118158 0.05934992
v -0.08688673 -1.26092613 0.06260172
v -0.09094091 -1.27054751 0.08187463
v -0.10578585 -1.26139879 0.05888430
v -0.10929880 -1.27308881 0.07818970
v -0.12268223 -1.26529741 0.05088751
v -0.12663762 -1.27475238 0.07042277
v -0.13823333 -1.26913667 0.04141347
v -0.14299136 -1.27597857 0.06029739
v -0.15157896 -1.27546787 0.03164855
v -0.15659691 -1.27885163 0.05079109
v -0.15936127 -1.28554928 0.02649103
v -0.16289510 -1.28842020 0.04594735
v -0.06592920 -1.28941572 0.07486817
v -0.06761686 -1.28705394 0.05368826
v -0.07660758 -1.30141199 0.07202735
v -0.07767290 -1.30054319 0.05100432
v -0.09432264 -1.30179393 0.07104927
v -0.09419651 -1.30148172 0.04937465
v -0.15540734 -1.29789853 0.02826757
v -0.15714414 -1.29951572 0.04845431
v -0.11322726 -1.30084455 0.06686930
v -0.11240509 -1.29994285 0.04502740
v -0.13049771 -1.30181539 0.06075825
v -0.12924983 -1.30084634 0.03898700
v -0.14513701 -1.30189693 0.05411039
v -0.14371485 -1.30119741 0.03282877
v -0.08217706 -1.25322664 0.03944733
v -0.10159663 -1.24808955 0.03807739
v -0.11810093 -1.25279140 0.02895221
v -0.13271187 -1.26020908 0.01824644
v -0.14464696 -1.27073455 0.00852063
v -0.15390968 -1.28151166 0.00393952
v -0.13135500 -1.24809074 -0.01012411
v -0.13897365 -1.26763189 -0.01766921
v -0.14588210 -1.28026164 -0.01941559
v -0.13486776 -1.26560199 -0.04380378
v -0.13936259 -1.27890635 -0.04364240
v -0.12567931 -1.26523697 -0.08569393
v -0.13126993 -1.27979839 -0.08738666
v -0.13535082 -1.27787673 -0.06763243
v -0.13001993 -1.26468837 -0.06727520
v -0.13072567 -1.24752951 -0.03919378
v -0.12784266 -1.24640906 -0.06326415
v -0.12244667 -1.24540961 -0.08071647
v -0.12514448 -1.28058755 -0.10080217
v -0.12061544 -1.26541710 -0.09908772
v -0.11280298 -1.26468217 -0.11106055
v -0.11485334 -1.28053844 -0.11088842
v -0.09614645 -1.26559651 -0.11788793
v -0.09789455 -1.28204882 -0.11590418
v -0.08074243 -1.26811123 -0.10832416
v -0.08148819 -1.28382754 -0.10746143
v -0.10883074 -1.24452937 -0.10356609
v -0.11560848 -1.24545121 -0.09229899
v -0.09657249 -1.24445200 -0.11156979
v -0.08279683 -1.24651074 -0.10389629
v -0.07829174 -1.24804544 -0.08669938
v -0.07529552 -1.26940215 -0.08873584
v -0.07336225 -1.28463173 -0.08962084
v -0.07298694 -1.26930523 0.03451496
v -0.07266111 -1.28264916 0.02966634
v -0.11523397 -1.23848081 0.00874796
v -0.09758712 -1.23587298 0.01722923
v -0.07844598 -1.24391115 0.01026362
v -0.07054277 -1.26618743 0.00730592
v -0.07496540 -1.28094137 0.00289417
v -0.07522812 -1.28090358 -0.02122429
v -0.06917562 -1.26768839 -0.01881527
v -0.08082224 -1.29351580 0.02640169
v -0.08386435 -1.28803158 0.00028574
v -0.08340755 -1.28772831 -0.02345158
v -0.07316636 -1.28215933 -0.04264600
v -0.06913187 -1.26884544 -0.04088607
v -0.07257614 -1.28299403 -0.06001084
v -0.07189615 -1.26862824 -0.05905459
v -0.07367013 -1.26889288 -0.07341820
v -0.07207435 -1.28393829 -0.07432505
v -0.07242223 -1.24913847 -0.06022388
v -0.07526248 -1.24834764 -0.07307315
v -0.06922954 -1.25005662 -0.04148471
v -0.06954363 -1.24830711 -0.01815969
v -0.15118885 -1.29404604 0.00480138
v -0.14513150 -1.29073858 -0.01871775
v -0.13795014 -1.28835618 -0.04214578
v -0.13302304 -1.28923452 -0.06560561
v -0.12726635 -1.29096198 -0.08431593
v -0.12099702 -1.29166019 -0.09591686
v -0.09839037 -1.29142237 -0.10787355
v -0.11218178 -1.29151487 -0.10486118
v -0.08620089 -1.29239058 -0.10240296
v -0.08046062 -1.29414785 -0.08804266
v -0.07866140 -1.29483914 -0.07476884
v -0.08045979 -1.29078925 -0.04471285
v -0.07865276 -1.29372787 -0.06127138
v -0.06408442 -1.23082173 -0.04520275
v -0.06912653 -1.22992384 -0.06258767
v -0.07477377 -1.22856224 -0.07457507
v -0.08405211 -1.22609925 -0.10106158
v -0.07917059 -1.22756016 -0.08589212
v -0.09486148 -1.29726541 0.02369987
v -0.11194323 -1.29694331 0.01927754
v -0.12781128 -1.29759407 0.01373550
v -0.14094006 -1.29767585 0.00870902
v -0.13670495 -1.29464436 -0.01574715
v -0.12498045 -1.29492772 -0.01205514
v -0.11007386 -1.29500973 -0.00752853
v -0.09523895 -1.29235351 -0.00278647
v -0.13052292 -1.29319608 -0.03905280
v -0.12025818 -1.29436362 -0.03551626
v -0.10629570 -1.29474342 -0.03199207
v -0.09362980 -1.29277575 -0.02679125
v -0.08999774 -1.29576886 -0.04822410
v -0.10109709 -1.29668236 -0.05364132
v -0.11422364 -1.29563558 -0.05696386
v -0.12392375 -1.29395533 -0.06141621
v -0.11832746 -1.29457927 -0.07880776
v -0.10901261 -1.29584086 -0.07365575
v -0.09728904 -1.29694521 -0.06997541
v -0.08799562 -1.29694414 -0.06487633
v -0.11356540 -1.29474890 -0.08880045
v -0.09937451 -1.29474640 -0.09976806
v -0.10782002 -1.29474211 -0.09617086
v -0.09137483 -1.29565692 -0.09688574
v -0.08824845 -1.29657245 -0.08682632
v -0.08754503 -1.29707074 -0.07626414
v -0.09595945 -1.29664469 -0.07935584
v -0.09522758 -1.29624832 -0.08696020
v -0.10589199 -1.29561138 -0.08304753
v -0.10296821 -1.29536319 -0.08999550
v -0.09525756 -1.29576230 -0.09293684
v -0.09944660 -1.29526794 -0.09433818
v -0.12277873 -1.22925150 -0.03047900
v -0.09515651 -0.87763238 0.01575626
v -0.08069044 -0.87462711 0.01079423
v -0.11160906 -0.87552130 0.01640302
v -0.13687035 -0.45817050 0.08899822
v -0.08404090 -0.22173667 0.10844310
v -0.08649426 -0.17768970 0.10289758
v -0.08479672 -0.19988221 0.10550323
v -0.13844015 -0.48882958 0.09073894
v -0.13236481 -0.15198933 0.04877998
v -0.11224999 0.00371031 0.08617041
v 0.13102753 -1.27949417 -0.08726518
v 0.13518909 -1.27754617 -0.06743240
v 0.12985042 -1.26432979 -0.06686296
v -0.00651571 0.28222239 0.09314235
v -0.06681425 0.25400376 0.02573954
v -0.06613019 0.24612778 0.01889293
v -0.06265566 0.23528001 0.02599233
v -0.06398287 0.24399970 0.03356763
v -0.05738707 0.22545204 0.03389358
v -0.06058595 0.23559117 0.03969295
v -0.05155104 0.21747845 0.04282736
v -0.05599329 0.22783138 0.04694146
v -0.04662746 0.21284783 0.05273970
v -0.05129245 0.22293893 0.05511218
v -0.03246230 0.20976149 0.07397318
v -0.03065981 0.20449497 0.07041058
v -0.02418496 0.20192300 0.07781005
v -0.02501221 0.20620809 0.08165821
v -0.01716573 0.20005514 0.08433416
v -0.01788016 0.20401223 0.08799300
v -0.00933526 0.19908530 0.08808979
v -0.00949397 0.20273307 0.09200985
v -0.00014922 0.19889286 0.08965940
v -0.00018691 0.20269372 0.09361511
v -0.00014465 0.21225555 0.09660175
v -0.00885020 0.21214916 0.09546543
v -0.00932791 0.20729409 0.09449136
v -0.00016456 0.20701070 0.09572413
v -0.01627587 0.21305612 0.09159240
v -0.01748503 0.20808969 0.09020729
v -0.02264701 0.21542421 0.08638573
v -0.02438383 0.21058008 0.08435050
v -0.03048910 0.21965384 0.07988060
v -0.03229592 0.21456699 0.07698420
v -0.03676479 0.22493261 0.07610405
v -0.03960505 0.22160566 0.07176962
v -0.00838156 0.19582595 0.08202397
v -0.00016442 0.19568899 0.08435275
v -0.01545125 0.19657066 0.07846474
v -0.02195559 0.19803931 0.07299923
v -0.02728048 0.19979014 0.06650008
v -0.04003791 0.20983946 0.06210614
v -0.03344925 0.20200305 0.05821021
v -0.04098513 0.20619902 0.04996533
v -0.04670682 0.21057428 0.03915807
v -0.05361250 0.21895435 0.02881091
v -0.06036496 0.22972415 0.01916603
v -0.06429084 0.24158780 0.01156943
v -0.06763230 0.25397056 0.01336771
v -0.01520960 0.21743263 0.09161097
v -0.00828463 0.21686450 0.09519342
v -0.02135304 0.21929525 0.08718808
v -0.02836618 0.22371842 0.08197518
v -0.03370271 0.22852768 0.07907750
v -0.03863664 0.24035805 0.07865706
v -0.03733020 0.23411293 0.07825074
v -0.03705554 0.25282589 0.08141032
v -0.03835601 0.24670774 0.07978734
v -0.04497229 0.25954777 0.07660244
v -0.04658252 0.25070080 0.07345811
v -0.04246275 0.24811371 0.07686196
v -0.04113295 0.25570560 0.07911722
v -0.04850404 0.26511025 0.07367536
v -0.05057798 0.25499070 0.06955384
v -0.00738069 0.19334373 0.07669257
v -0.00014451 0.19295642 0.07787931
v -0.01351200 0.19387244 0.07326352
v -0.01899941 0.19439951 0.06772052
v -0.02316453 0.19494177 0.06108932
v -0.02779483 0.19601165 0.05358483
v -0.03366751 0.19810073 0.04498953
v -0.04119639 0.20238493 0.03496787
v -0.04954648 0.21118297 0.02373407
v -0.05809973 0.22487547 0.01310933
v -0.06241153 0.23741248 0.00549111
v -0.02042143 0.18791172 0.04708246
v -0.01638206 0.18885234 0.05383724
v -0.01303759 0.18964504 0.05964387
v -0.01004655 0.19013631 0.06417893
v -0.00591080 0.18894757 0.06357301
v -0.00019308 0.18825091 0.06324684
v -0.00543863 0.18573608 0.05517879
v -0.00021986 0.18556140 0.05554894
v -0.00776359 0.18296094 0.05015453
v -0.00035106 0.18202196 0.05021960
v -0.00995311 0.17965937 0.04605703
v -0.00044539 0.17712726 0.04654929
v -0.04105245 0.23197386 0.07480758
v -0.04476997 0.23092183 0.07016783
v -0.04673427 0.24097067 0.07097113
v -0.05104476 0.24378826 0.06598940
v -0.04913122 0.23167127 0.06431815
v -0.04262875 0.23997888 0.07524223
v -0.05453937 0.23512009 0.05698863
v -0.05559774 0.24826406 0.06024314
v -0.05458658 0.26061612 0.06536821
v -0.05903009 0.25357327 0.05519597
v -0.05868534 0.24069804 0.04992589
v -0.05821117 0.26489973 0.06073155
v -0.06111092 0.26895976 0.05631830
v -0.06147275 0.25833789 0.05075994
v -0.06149048 0.24683572 0.04513447
v -0.04339052 0.21852219 0.06523148
v -0.06367414 0.25297889 0.03979988
v -0.06331056 0.27313903 0.05184511
v -0.06351342 0.26341096 0.04578452
v -0.06553037 0.27876312 0.04621405
v -0.06618904 0.26936719 0.03810141
v -0.06641502 0.26079085 0.03137578
v -0.06909396 0.26225063 0.01698108
v -0.00012619 0.21695632 0.09642401
v 0.13067931 -1.24706674 -0.03861273
v 0.12760530 -1.24606681 -0.06269679
v 0.12229132 -1.24493182 -0.08026668
v 0.12486634 -1.28018546 -0.10069498
v 0.12044498 -1.26502883 -0.09888589
v 0.11259061 -1.26429796 -0.11077149
v 0.11457375 -1.28013134 -0.11068804
v 0.09590432 -1.26524973 -0.11765500
v 0.09758649 -1.28177941 -0.11582283
v 0.08040083 -1.26779675 -0.10824592
v 0.08116697 -1.28358901 -0.10750380
v 0.10840739 -1.24427223 -0.10317038
v 0.11516821 -1.24523866 -0.09194203
v 0.09613566 -1.24422073 -0.11117724
v 0.08226231 -1.24635875 -0.10353930
v 0.07786751 -1.24791133 -0.08619720
v 0.07481431 -1.26920295 -0.08843332
v 0.07308651 -1.28436255 -0.08953936
v 0.07292752 -1.26883280 0.03456496
v 0.07253125 -1.28218043 0.02972735
v 0.11531140 -1.23798668 0.00921149
v 0.09755085 -1.23535287 0.01762717
v 0.07838213 -1.24350476 0.01050665
v 0.07042275 -1.26575983 0.00745750
v 0.07483690 -1.28053427 0.00303494
v 0.07499957 -1.28063130 -0.02107947
v 0.06904329 -1.26730406 -0.01860681
v 0.08063778 -1.29305577 0.02647545
v 0.08365873 -1.28767431 0.00040439
v 0.08315908 -1.28750408 -0.02338118
v 0.07286765 -1.28194261 -0.04251350
v 0.06893013 -1.26849031 -0.04066252
v 0.07220030 -1.28276682 -0.05986863
v 0.07147954 -1.26840580 -0.05873667
v 0.07325470 -1.26872861 -0.07306471
v 0.07170947 -1.28362525 -0.07426795
v 0.07192283 -1.24897265 -0.05973941
v 0.07479618 -1.24820602 -0.07259479
v 0.06899750 -1.24956405 -0.04116544
v 0.06945112 -1.24776936 -0.01787405
v 0.15102710 -1.29398942 0.00476522
v 0.14497615 -1.29059088 -0.01868910
v 0.13777415 -1.28815377 -0.04210817
v 0.13284324 -1.28903782 -0.06557246
v 0.12704386 -1.29080153 -0.08433300
v 0.12070101 -1.29144371 -0.09591105
v 0.09805523 -1.29123819 -0.10793378
v 0.11186562 -1.29128456 -0.10483388
v 0.08586356 -1.29218543 -0.10244819
v 0.08008149 -1.29399288 -0.08810247
v 0.07824024 -1.29469705 -0.07480388
v 0.08013770 -1.29062831 -0.04468898
v 0.07824676 -1.29355443 -0.06130815
v 0.06353837 -1.23058891 -0.04462865
v 0.06886592 -1.22968686 -0.06214122
v 0.07394730 -1.22878432 -0.07388149
v 0.08329388 -1.22609091 -0.10050678
v 0.07862314 -1.22772205 -0.08524875
v 0.09462369 -1.29684877 0.02373151
v 0.11168621 -1.29657030 0.01926890
v 0.12755539 -1.29738688 0.01368230
v 0.14072081 -1.29756904 0.00863936
v 0.13649236 -1.29456842 -0.01580002
v 0.12472889 -1.29486072 -0.01211343
v 0.10980394 -1.29481518 -0.00753091
v 0.09498298 -1.29205954 -0.00272221
v 0.13030764 -1.29309797 -0.03909267
v 0.11998715 -1.29428172 -0.03557723
v 0.10599821 -1.29464746 -0.03204154
v 0.09335995 -1.29259634 -0.02679450
v 0.08969062 -1.29565775 -0.04826179
v 0.10079651 -1.29657567 -0.05370631
v 0.11396028 -1.29552448 -0.05703339
v 0.12367620 -1.29380834 -0.06146200
v 0.11807889 -1.29442966 -0.07886145
v 0.10871201 -1.29567647 -0.07372747
v 0.09694357 -1.29679358 -0.07005195
v 0.08762109 -1.29682660 -0.06493951
v 0.11331711 -1.29459167 -0.08884201
v 0.09906385 -1.29458845 -0.09982636
v 0.10753351 -1.29453921 -0.09621058
v 0.09098328 -1.29547119 -0.09697126
v 0.08786391 -1.29641306 -0.08690731
v 0.08714746 -1.29693532 -0.07634266
v 0.09561010 -1.29646647 -0.07943948
v 0.09488232 -1.29605043 -0.08703428
v 0.10557222 -1.29541588 -0.08311012
v -0.06261630 0.25260520 -0.01038774
v -0.02104408 0.25972822 0.08873698
v -0.01597972 0.26205152 0.09121120
v 0.10265123 -1.29514694 -0.09005742
v 0.09488990 -1.29556406 -0.09302287
v -0.01108600 0.26297447 0.09443815
v -0.00723299 0.26340058 0.09690430
v -0.00341491 0.26324853 0.09841499
v 0.09909619 -1.29504704 -0.09441633
v 0.12243823 -1.22892344 -0.02987275
v 0.09482276 -0.87708801 0.01589348
v 0.08036378 -0.87416971 0.01105442
v -0.00082729 0.16568683 0.04030605
v -0.00002012 0.33260310 0.08784826
v -0.00061744 0.17229733 0.04403078
v 0.00011270 0.22969671 0.08124674
v -0.00047088 0.41773626 0.00553173
v -0.00010112 0.22182295 0.09592257
v 0.00005183 0.23447526 0.08360180
v -0.00001540 0.29254827 0.10785523
v -0.00006811 0.22664529 0.09486564
v -0.00009909 0.23763670 0.09882267
v -0.00010257 0.24330863 0.09688551
v -0.00036018 0.36956227 0.07694452
v -0.00010729 0.24087727 0.09843006
v 0.00019241 0.26560608 0.09861843
v 0.00000479 0.28866568 0.11125304
v -0.00008988 0.24474618 0.09538772
v -0.00039441 0.23710074 -0.07629429
v -0.00009787 0.23413889 0.09749017
v 0.00002922 0.24094528 0.08805621
v -0.00008190 0.24455597 0.09334315
v 0.00029095 0.24902296 0.08245949
v 0.00018335 0.26286551 0.09837554
v 0.00004138 0.30946243 0.09398020
v -0.00016102 0.27185172 -0.10199618
v 0.00000908 0.30651277 0.09638116
v -0.00047454 0.39457235 0.05831480
v -0.00027896 0.37984735 0.07117895
v -0.00004018 0.29636735 0.10459656
v 0.00031012 0.33356097 -0.12359543
v 0.00003761 0.35230234 -0.12397592
v -0.00022953 0.35209784 0.08287346
v -0.00026094 0.41445655 -0.05983809
v 0.00002316 0.28484809 0.11364939
v 0.00014724 0.27067509 0.10415062
v -0.00054678 0.41110632 0.03148225
v 0.00033521 0.30033875 -0.11377244
v -0.00019569 0.40205866 -0.08519700
v 0.00015058 0.24679530 0.09802309
v -0.00050762 0.41500455 0.01908460
v 0.00019098 0.24515967 0.09511416
v 0.00004570 0.27447841 0.11138867
v -0.00001095 0.28483009 -0.10869343
v 0.00009330 0.31331182 -0.11861038
v 0.00018129 0.25650698 0.09901764
v 0.00018084 0.26026851 0.09824400
v -0.00021375 0.40968934 -0.07311744
v -0.00008562 0.33914217 0.08688066
v 0.00014164 0.25424132 0.10011102
v 0.00012152 0.31821015 0.08872998
v 0.00009477 0.25157776 0.10052742
v -0.00100913 0.15943207 0.03673607
v -0.00007354 0.37872559 -0.10787063
v 0.00012415 0.24903804 0.09946378
v 0.00023431 0.24630272 0.09004439
v -0.00003118 0.30006579 0.10149962
v 0.00026534 0.24755955 0.08550686
v -0.00030171 0.35968897 0.08045461
v 0.00018595 0.26821491 0.09991392
v 0.00018791 0.26892731 0.10052808
v 0.00008778 0.31524488 0.08987612
v -0.00040332 0.38750699 0.06508208
v 0.00012251 0.32105556 0.08832113
v 0.00017740 0.26740617 0.09930930
v -0.00009393 0.36901841 -0.11607885
v -0.00033922 0.41871458 -0.04172236
v -0.00037147 0.41979936 -0.02815711
v 0.00005176 0.31222349 0.09161690
v -0.00004131 0.30355200 0.09871385
v -0.00014481 0.22943041 -0.07382157
v 0.00002615 0.27805609 0.11379296
v 0.00001678 0.28101578 0.11444121
v -0.00056735 0.40625644 0.04218704
v -0.00021234 0.26220119 -0.09617903
v -0.00038246 0.41966429 -0.01037002
v -0.00047602 0.40083203 0.05094150
v -0.00035163 0.24656993 -0.08347925
v -0.00003226 0.25476959 -0.09122389
v 0.00007173 0.27312765 0.10975482
v 0.00008372 0.32450688 0.08815738
v 0.00011024 0.27160728 0.10672185
v -0.00010353 0.39260635 -0.09631057
v 0.00016840 0.26979637 0.10198218
v 0.11124799 -0.87497455 0.01658070
v 0.13637473 -0.45856777 0.08898195
v 0.08384950 -0.22398067 0.10873087
v 0.08815675 -0.18005434 0.10407583
v 0.08564353 -0.20229442 0.10639860
v 0.13817017 -0.48901466 0.09058516
v 0.13512029 -0.15561774 0.04961324
v 0.11344030 0.00509971 0.08626353
v 0.00671751 0.28220016 0.09299739
v 0.06728429 0.25433549 0.02603764
v 0.06646141 0.24632820 0.01904464
v 0.06299236 0.23530303 0.02609812
v 0.06433957 0.24424522 0.03380007
v 0.05781284 0.22528428 0.03403472
v 0.06106292 0.23572198 0.04000189
v 0.05165429 0.21723141 0.04284489
v 0.05638858 0.22794756 0.04717719
v -0.00429482 0.27427852 0.10891025
v -0.00325481 0.27273947 0.10648897
v 0.04669787 0.21269590 0.05280027
v 0.05161030 0.22294730 0.05532229
v -0.01542179 0.30953282 0.07332106
v -0.00806941 0.27143314 0.09669083
v -0.00672878 0.29372737 0.10093242
v -0.01405167 0.30961975 0.07388714
v 0.03222605 0.20962957 0.07401098
v 0.03030445 0.20424831 0.07045510
v 0.02397045 0.20177759 0.07786947
v 0.02473126 0.20609178 0.08174879
v -0.01026026 0.27161157 0.09528513
v 0.01685612 0.19992621 0.08445758
v 0.01754283 0.20393035 0.08819176
v 0.00905954 0.19901960 0.08821619
v 0.00911831 0.20278040 0.09210343
v -0.00632366 0.30047166 0.09558815
v -0.00807637 0.30878365 0.08311134
v 0.00853686 0.21223919 0.09560420
v 0.00895256 0.20737302 0.09458236
v -0.00644399 0.29712942 0.09840271
v -0.01534216 0.27420020 0.09567897
v -0.01377519 0.27157980 0.09448811
v -0.00665816 0.28038177 0.11095188
v -0.00750395 0.28315702 0.10973735
v 0.01597732 0.21309124 0.09180184
v -0.00750504 0.27710301 0.10937311
v -0.00483701 0.27549186 0.10991541
v 0.01715543 0.20806876 0.09044831
v -0.01707598 0.30946043 0.07375533
v -0.02755974 0.31086367 0.06747684
v -0.00595160 0.27836302 0.11098370
v -0.00315614 0.27635327 0.11175580
v -0.02031974 0.31042281 0.07142237
v -0.01643154 0.30946711 0.07356124
v -0.01169176 0.27858347 0.10434549
v -0.00672073 0.30787349 0.08732975
v 0.02243115 0.21546492 0.08653830
v 0.02408250 0.21050647 0.08441159
v 0.03029897 0.21970651 0.07991534
v 0.03202173 0.21455730 0.07700436
v -0.01416911 0.27689528 0.09998295
v 0.03662270 0.22507715 0.07623425
v 0.03947911 0.22168347 0.07187376
v 0.00808470 0.19570334 0.08205879
v -0.01796022 0.30963895 0.07365604
v -0.01854150 0.30986249 0.07345467
v -0.00736739 0.29001233 0.10396569
v 0.01513685 0.19638766 0.07855377
v 0.02167065 0.19779527 0.07305945
v 0.02717193 0.19945407 0.06661328
v 0.04000594 0.20962711 0.06220113
v -0.02280749 0.31064567 0.07156838
v -0.00287922 0.27108446 0.10171079
v -0.00995526 0.27797937 0.10678626
v -0.00861321 0.27748173 0.10826492
v -0.00338979 0.27056062 0.09973720
v 0.03323031 0.20152338 0.05829718
v 0.04087514 0.20580193 0.04997811
v -0.01180223 0.30935058 0.07624548
v 0.04643424 0.21014085 0.03903386
v -0.00645000 0.30580217 0.09082077
v -0.00634929 0.30323839 0.09354130
v 0.05376478 0.21864179 0.02874851
v 0.06068699 0.22954214 0.01914245
v -0.00282482 0.27187231 0.10406968
v 0.06487909 0.24154608 0.01158497
v 0.06803000 0.25423300 0.01352666
v 0.01502669 0.21751641 0.09184781
v 0.00810998 0.21692003 0.09537737
v 0.02112922 0.21936016 0.08734113
v -0.00779292 0.28650257 0.10739744
v 0.02819144 0.22376889 0.08200206
v 0.03361280 0.22865982 0.07915983
v 0.03872029 0.24063285 0.07876301
v -0.00580956 0.27112088 0.09819066
v 0.03735796 0.23435958 0.07838111
v 0.03717586 0.25311789 0.08155509
v 0.03847474 0.24701075 0.07992481
v 0.04509897 0.25985938 0.07679169
v 0.04673170 0.25101280 0.07370292
v 0.04260631 0.24843536 0.07707244
v 0.00003169 0.27608082 0.11273514
v -0.00533747 0.27675021 0.11055925
v 0.04122759 0.25599825 0.07927728
v 0.04862574 0.26543391 0.07386202
v 0.05075173 0.25530657 0.06981267
v 0.00717497 0.19314338 0.07673817
v -0.02958086 0.32403174 0.07890128
v -0.02965387 0.32132953 0.07731882
v 0.01332055 0.19365038 0.07337687
v 0.01870257 0.19404885 0.06780688
v 0.02277236 0.19450194 0.06116595
v 0.02741228 0.19552401 0.05366718
v 0.03324669 0.19737205 0.04494778
v 0.04038440 0.20180805 0.03470549
v -0.02238724 0.32786822 0.08283393
v -0.00453357 0.32843673 0.08739206
v -0.00960956 0.32853013 0.08639250
v 0.04910708 0.21079619 0.02357099
v -0.02988416 0.31730416 0.07564496
v -0.03008740 0.31532747 0.07420694
v -0.02950225 0.31911159 0.07572751
v -0.03017572 0.31572172 0.07574627
v -0.03017497 0.31644732 0.07619124
v 0.05813402 0.22430068 0.01292304
v -0.02924231 0.31844243 0.07470802
v 0.06273425 0.23710072 0.00549445
v -0.02931913 0.31829897 0.07458601
v 0.01945770 0.18740623 0.04694888
v -0.02749217 0.32678512 0.08062235
v 0.01577166 0.18837859 0.05382149
v 0.01270812 0.18929389 0.05967630
v -0.02949085 0.31798226 0.07492214
v -0.03026018 0.31486079 0.07241177
v 0.00976038 0.18981537 0.06419095
v -0.03104210 0.31294882 0.06790266
v 0.00558174 0.18870439 0.06360258
v 0.00002383 0.32843310 0.08796599
v -0.02125915 0.33921719 0.08477280
v -0.05106141 0.33702514 0.06301372
v 0.00488891 0.18545368 0.05520837
v -0.05409248 0.33138010 0.06050531
v 0.00699486 0.18257634 0.05018704
v -0.04790455 0.29532748 0.06831253
v -0.05052147 0.29629770 0.06572592
v -0.01844126 0.33290055 0.08603992
v 0.00882154 0.17929135 0.04607670
v 0.04110384 0.23223697 0.07502370
v 0.04488317 0.23113911 0.07043343
v 0.04691173 0.24125181 0.07126102
v 0.05125744 0.24408230 0.06627045
v -0.02676728 0.35919875 0.07528619
v -0.03174036 0.40510914 0.02430963
v -0.02498128 0.35191080 0.07899801
v -0.03924246 0.34359220 0.07320173
v 0.04939804 0.23183964 0.06457821
v -0.03194746 0.40099904 0.03392730
v 0.04275464 0.24027891 0.07549109
v 0.05485635 0.23525459 0.05726263
v 0.05584208 0.24856089 0.06056313
v 0.05474677 0.26094544 0.06565440
v 0.05929654 0.25386980 0.05556211
v -0.04649299 0.34177461 0.06714941
v 0.05914503 0.24091147 0.05028768
v -0.05509247 0.30142036 0.05831624
v -0.00654490 0.34539264 0.08500221
v -0.05654406 0.30694643 0.05565758
v 0.05838270 0.26523474 0.06106563
v -0.01461422 0.34542665 0.08429403
v -0.02763514 0.41267824 -0.04025269
v 0.06127488 0.26934323 0.05666569
v 0.06172931 0.25863868 0.05114944
v 0.06192254 0.24708723 0.04550860
v 0.04334620 0.21852031 0.06532221
v -0.01304724 0.32435048 0.08371280
v 0.06411343 0.25332117 0.04016042
v -0.03815277 0.29612792 0.07372124
v -0.04117014 0.29571542 0.07238033
v 0.06352981 0.27359661 0.05217750
v -0.03135757 0.41233003 -0.02871519
v -0.05415008 0.29902872 0.06062811
v -0.03062542 0.37741357 0.06379346
v -0.00925007 0.31752113 0.08150139
v -0.01070335 0.32057491 0.08177797
v -0.03130346 0.38440216 0.05682435
v 0.06376047 0.26384526 0.04611740
v 0.06574865 0.27925852 0.04650285
v 0.06648471 0.26988542 0.03843657
v -0.03178759 0.39069051 0.04976512
v 0.06678877 0.26118925 0.03172106
v 0.06938574 0.26271674 0.01727784
v -0.03182369 0.40831497 0.01311199
v -0.02127148 0.29938787 0.07657356
v 0.06307676 0.25255546 -0.01032515
v 0.02132041 0.25992009 0.08874717
v 0.01632939 0.26220018 0.09128165
v -0.05625632 0.32503599 0.05833153
v -0.05726546 0.31854227 0.05674455
v -0.03205724 0.41206145 -0.01450435
v -0.03082927 0.29705861 0.07587972
v -0.05718848 0.31258512 0.05578080
v -0.01596618 0.41494921 -0.04854967
v 0.01146138 0.26306516 0.09452982
v -0.05272442 0.29737425 0.06313413
v 0.00761013 0.26347277 0.09698429
v 0.00380063 0.26329055 0.09846386
v -0.03180652 0.34474766 0.07823701
v -0.03462373 0.29645935 0.07485524
v -0.00870815 0.31428072 0.08079441
v -0.01664601 0.30161247 0.07689780
v -0.01335883 0.30453321 0.07754450
v -0.03194981 0.39617357 0.04227019
v -0.01089723 0.30732939 0.07858068
v -0.00903048 0.31086445 0.08007995
v -0.02597546 0.29789385 0.07659805
v -0.02885090 0.36823469 0.07044416
v -0.03180488 0.41064823 -0.00007872
v -0.04454600 0.29547969 0.07052439
v -0.00029424 0.41644499 -0.05163951
v -0.00013786 0.34526098 0.08517300
v -0.00977967 0.30904469 0.07950598
v -0.01568350 0.32840300 0.08495521
v -0.02334495 0.34525263 0.08224827
v -0.00008476 0.23057938 0.09574596
v -0.02645504 0.24887152 0.08694092
v -0.02786541 0.24660549 0.08551542
v -0.02738959 0.24036781 0.08357149
v -0.01911145 0.25446561 0.09189093
v -0.02350725 0.25147682 0.08898813
v -0.01804773 0.23296213 0.09015927
v -0.02839077 0.24452284 0.08440758
v -0.01252024 0.23153366 0.09341437
v -0.02829947 0.24238703 0.08371484
v -0.00678682 0.23072502 0.09513738
v 0.00018631 0.25843292 0.09862407
v -0.00900013 0.25856748 0.09735960
v -0.00438965 0.25887147 0.09881043
v -0.01394205 0.25704759 0.09484144
v -0.02559567 0.23799999 0.08435863
v -0.02274773 0.23543708 0.08643526
v 0.00443016 0.27426535 0.10896621
v 0.00344763 0.27271977 0.10651080
v 0.01568295 0.30970907 0.07329454
v 0.00839045 0.27149931 0.09661587
v 0.00671370 0.29377890 0.10103663
v 0.01435010 0.30980870 0.07383522
v 0.01059500 0.27168688 0.09524655
v 0.00632471 0.30053544 0.09564590
v 0.00831602 0.30898955 0.08316908
v 0.00644675 0.29718643 0.09847090
v 0.01569385 0.27435851 0.09577890
v 0.01413151 0.27173278 0.09451619
v 0.00683159 0.28042871 0.11119504
v 0.00766463 0.28323707 0.10997175
v 0.00764372 0.27714175 0.10950047
v 0.00496770 0.27548084 0.11000191
v 0.01728928 0.30959171 0.07372642
v 0.02776625 0.31099015 0.06758235
v 0.00609419 0.27838948 0.11115390
v 0.00325407 0.27636066 0.11181353
v 0.02049936 0.31051818 0.07142124
v 0.01666091 0.30962545 0.07355129
v 0.01186030 0.27867851 0.10446754
v 0.00693053 0.30806530 0.08738975
v 0.01442928 0.27703932 0.10012741
v 0.01815361 0.30975664 0.07364974
v 0.01870505 0.30996475 0.07343258
v 0.00742015 0.29007789 0.10409147
v 0.02296015 0.31074333 0.07160236
v 0.00319244 0.27107906 0.10171842
v 0.01009901 0.27804869 0.10690479
v 0.00875194 0.27754095 0.10838885
v 0.00371609 0.27056381 0.09970582
v 0.01204950 0.30957812 0.07626227
v 0.00658541 0.30595672 0.09090876
v 0.00640944 0.30335149 0.09362486
v 0.00307059 0.27184159 0.10407381
v 0.00787538 0.28656247 0.10754921
v 0.00611124 0.27116391 0.09812720
v 0.00547531 0.27675283 0.11068244
v 0.02959855 0.32433045 0.07883131
v 0.02969081 0.32163265 0.07731698
v 0.02233523 0.32800925 0.08281482
v 0.00451789 0.32846195 0.08741152
v 0.00954406 0.32857430 0.08641814
v 0.02995863 0.31751335 0.07569618
v 0.03014388 0.31548303 0.07429717
v 0.02957026 0.31940803 0.07565849
v 0.03021055 0.31589678 0.07583764
v 0.03022240 0.31665993 0.07627828
v 0.02935310 0.31872183 0.07467705
v 0.02943415 0.31853989 0.07458682
v 0.02747787 0.32701507 0.08057518
v 0.02959673 0.31820366 0.07494403
v 0.03033751 0.31502178 0.07249844
v 0.03121650 0.31311262 0.06799901
v 0.02097945 0.33936799 0.08474088
v 0.05119425 0.33753943 0.06346030
v 0.05430679 0.33191729 0.06095420
v 0.04799034 0.29572093 0.06843729
v 0.05060595 0.29671547 0.06590646
v 0.01821550 0.33299553 0.08601677
v 0.02624230 0.35945722 0.07546118
v 0.03054293 0.40520200 0.02447403
v 0.02462145 0.35215262 0.07896013
v 0.03913955 0.34395269 0.07365704
v 0.03079284 0.40115246 0.03408237
v 0.04645041 0.34223023 0.06752437
v 0.05524837 0.30196697 0.05850861
v 0.00615316 0.34540734 0.08499959
v 0.05676090 0.30750281 0.05587857
v 0.01419337 0.34550783 0.08432204
v 0.02698687 0.41283938 -0.04009406
v 0.01308492 0.32441705 0.08374492
v 0.03836109 0.29647180 0.07384598
v 0.04136561 0.29606718 0.07251203
v 0.03057907 0.41236112 -0.02849761
v 0.05426140 0.29954714 0.06081752
v 0.02975197 0.37767628 0.06400092
v 0.00947837 0.31762382 0.08158533
v 0.01088849 0.32064772 0.08188017
v 0.03048540 0.38488016 0.05698965
v 0.03086335 0.39116150 0.04983766
v 0.03071366 0.40856507 0.01335146
v 0.02155104 0.29966447 0.07660765
v 0.05651815 0.32566568 0.05870048
v 0.05748714 0.31920007 0.05711851
v 0.03115022 0.41221571 -0.01425973
v 0.03105987 0.29736221 0.07593467
v 0.05741019 0.31318107 0.05604208
v 0.01535106 0.41510069 -0.04850875
v 0.05285811 0.29783010 0.06334686
v 0.03159840 0.34503850 0.07833920
v 0.03484411 0.29678944 0.07493897
v 0.00893620 0.31444535 0.08089744
v 0.01695268 0.30187765 0.07693767
v 0.01365114 0.30477583 0.07757641
v 0.03087322 0.39646053 0.04241319
v 0.01115698 0.30758676 0.07862068
v 0.00926508 0.31105950 0.08014836
v 0.02622627 0.29817313 0.07664234
v 0.02821516 0.36850649 0.07088614
v 0.03083922 0.41099355 0.00019777
v 0.04467323 0.29583913 0.07064157
v 0.01002435 0.30927253 0.07954405
v 0.01559837 0.32847959 0.08496144
v 0.02304099 0.34547192 0.08224225
v 0.02662556 0.24911241 0.08698791
v 0.02797832 0.24683523 0.08552080
v 0.02743488 0.24049252 0.08349619
v 0.01940262 0.25466073 0.09201977
v 0.02376838 0.25171885 0.08911473
v 0.01790743 0.23298323 0.09034830
v 0.02851246 0.24473731 0.08444308
v 0.01244699 0.23149548 0.09352646
v 0.02839075 0.24255709 0.08368231
v 0.00656470 0.23073201 0.09516162
v 0.00934404 0.25864628 0.09742788
v 0.00474530 0.25888819 0.09883080
v 0.01427456 0.25719422 0.09495731
v 0.02560428 0.23809959 0.08435415
v 0.02275272 0.23547094 0.08657139
v 0.03147899 0.31133485 0.06257076
v -0.03122365 0.31117660 0.06242401
v 0.02958150 0.31163001 0.07555106
v 0.02803549 0.31160051 0.07504096
v 0.02661804 0.31156227 0.07423946
v 0.02543731 0.31151924 0.07321963
v 0.02961231 0.31194595 0.07553967
v 0.02809359 0.31222144 0.07501838
v 0.02670219 0.31246319 0.07420740
v 0.02554454 0.31265500 0.07317822
v 0.02970205 0.31225154 0.07553034
v 0.02827199 0.31281814 0.07499938
v 0.02696114 0.31333038 0.07418002
v 0.02587018 0.31374758 0.07314421
v 0.02985001 0.31253213 0.07552294
v 0.02856266 0.31337032 0.07498591
v 0.02738318 0.31413129 0.07416017
v 0.02640275 0.31475753 0.07311852
v 0.03005105 0.31277895 0.07551859
v 0.02895602 0.31385455 0.07497720
v 0.02795340 0.31483516 0.07414752
v 0.02712109 0.31564575 0.07310301
v 0.03029489 0.31298333 0.07551710
v 0.02943449 0.31425390 0.07497370
v 0.02864912 0.31541491 0.07414225
v 0.02799930 0.31637627 0.07309630
v 0.03057390 0.31313527 0.07551829
v 0.02998253 0.31455225 0.07497592
v 0.02944424 0.31584790 0.07414560
v 0.02900171 0.31692240 0.07310031
v 0.03087779 0.31323043 0.07552241
v 0.03057705 0.31473875 0.07498363
v 0.03030792 0.31611830 0.07415699
v 0.03009010 0.31726277 0.07311433
v 0.03119340 0.31326374 0.07552787
v 0.03119650 0.31480470 0.07499577
v 0.03120722 0.31621420 0.07417513
v 0.03122395 0.31738517 0.07313827
v 0.03150887 0.31323564 0.07553695
v 0.03181701 0.31474903 0.07501345
v 0.03210729 0.31613332 0.07420058
v 0.03235872 0.31728241 0.07316981
v 0.03181409 0.31314558 0.07554801
v 0.03241294 0.31457368 0.07503513
v 0.03297340 0.31587848 0.07423168
v 0.03345012 0.31696144 0.07320916
v 0.03209467 0.31299907 0.07556094
v 0.03296377 0.31428459 0.07506017
v 0.03377279 0.31545988 0.07426775
v 0.03445818 0.31643322 0.07325501
v 0.03234052 0.31279930 0.07557465
v 0.03344655 0.31389406 0.07508708
v 0.03447418 0.31489259 0.07430739
v 0.03534412 0.31571856 0.07330483
v 0.03254389 0.31255648 0.07558919
v 0.03384415 0.31341702 0.07511584
v 0.03505099 0.31419942 0.07434833
v 0.03607116 0.31484312 0.07335651
v 0.03269439 0.31227788 0.07560332
v 0.03414015 0.31287041 0.07514358
v 0.03548121 0.31340608 0.07438920
v 0.03661411 0.31384277 0.07340848
v 0.03278858 0.31197450 0.07561707
v 0.03432488 0.31227672 0.07517083
v 0.03574906 0.31254381 0.07442905
v 0.03695035 0.31275615 0.07345854
v 0.03282056 0.31165910 0.07562909
v 0.03438798 0.31165761 0.07519545
v 0.03584194 0.31164482 0.07446541
v 0.03706963 0.31162256 0.07350563
v 0.03279164 0.31134263 0.07563984
v 0.03433072 0.31103581 0.07521664
v 0.03575760 0.31074387 0.07449611
v 0.03696157 0.31048736 0.07354388
v 0.03270047 0.31103739 0.07564873
v 0.03415196 0.31043956 0.07523391
v 0.03549840 0.30987671 0.07452127
v 0.03663607 0.30939379 0.07357597
v 0.03255256 0.31075627 0.07565447
v 0.03386120 0.30988747 0.07524666
v 0.03507619 0.30907562 0.07454059
v 0.03610297 0.30838424 0.07359981
v 0.03235216 0.31050953 0.07565988
v 0.03346892 0.30940342 0.07525567
v 0.03450674 0.30837214 0.07455242
v 0.03538521 0.30749553 0.07361599
v 0.03210834 0.31030548 0.07566155
v 0.03299037 0.30900413 0.07525848
v 0.03381107 0.30779263 0.07455748
v 0.03450685 0.30676505 0.07362112
v 0.03182927 0.31015339 0.07566022
v 0.03244239 0.30870518 0.07525642
v 0.03301595 0.30735931 0.07455445
v 0.03350445 0.30621865 0.07361718
v 0.03152537 0.31005833 0.07565661
v 0.03184849 0.30851871 0.07524958
v 0.03215291 0.30708838 0.07454350
v 0.03241647 0.30587819 0.07360300
v 0.03121001 0.31002453 0.07564954
v 0.03122878 0.30845237 0.07523645
v 0.03125357 0.30699188 0.07452512
v 0.03128243 0.30575544 0.07357980
v 0.03089437 0.31005257 0.07564098
v 0.03060862 0.30850756 0.07521898
v 0.03035378 0.30707210 0.07449978
v 0.03014771 0.30585805 0.07354776
v 0.03058942 0.31014237 0.07563010
v 0.03001276 0.30868337 0.07519758
v 0.02948729 0.30732721 0.07446866
v 0.02905642 0.30617824 0.07350840
v 0.03030907 0.31028894 0.07561736
v 0.02946167 0.30897182 0.07517338
v 0.02868821 0.30774593 0.07443298
v 0.02804840 0.30670685 0.07346348
v 0.03006296 0.31048885 0.07560434
v 0.02897885 0.30936250 0.07514656
v 0.02798645 0.30831271 0.07439466
v 0.02716274 0.30742103 0.07341538
v 0.02985951 0.31073195 0.07559060
v 0.02858100 0.30984008 0.07511964
v 0.02740960 0.30900636 0.07435460
v 0.02643550 0.30829668 0.07336444
v 0.03119801 0.31164882 0.07574853
v 0.02970885 0.31101179 0.07557686
v 0.02828435 0.31038654 0.07509188
v 0.02697918 0.30979967 0.07431395
v 0.02589228 0.30929711 0.07331367
v 0.02961524 0.31131497 0.07556374
v 0.02809994 0.31098139 0.07506589
v 0.02671120 0.31066361 0.07427657
v 0.02555614 0.31038564 0.07326525
v 0.02428458 0.31148049 0.07233912
v 0.02250405 0.31141654 0.07085051
v 0.02099951 0.31134018 0.06892518
v 0.01989949 0.31125832 0.06674364
v 0.01924651 0.31117448 0.06438820
v 0.01906352 0.31109205 0.06195236
v 0.01935928 0.31101400 0.05952829
v 0.02012081 0.31094310 0.05720960
v 0.02132054 0.31088209 0.05508390
v 0.02291193 0.31083390 0.05323493
v 0.02483279 0.31079933 0.05173186
v 0.02701166 0.31078076 0.05063372
v 0.02936200 0.31077832 0.04998291
v 0.02441199 0.31284538 0.07228989
v 0.02266445 0.31313512 0.07078919
v 0.02118851 0.31336153 0.06885295
v 0.02010896 0.31350374 0.06666335
v 0.01946850 0.31355837 0.06430310
v 0.01929081 0.31352261 0.06186550
v 0.01958123 0.31339744 0.05944316
v 0.02033011 0.31318876 0.05712949
v 0.02150923 0.31290352 0.05501143
v 0.02307248 0.31255209 0.05317317
v 0.02495966 0.31215003 0.05168374
v 0.02709718 0.31171113 0.05060053
v 0.02940617 0.31125247 0.04996630
v 0.02480405 0.31415993 0.07224908
v 0.02315712 0.31479201 0.07073808
v 0.02176802 0.31530860 0.06879304
v 0.02075325 0.31566718 0.06659572
v 0.02015183 0.31585619 0.06423274
v 0.01998653 0.31586510 0.06179371
v 0.02026387 0.31569520 0.05937272
v 0.02097412 0.31535196 0.05706269
v 0.02208870 0.31485051 0.05495205
v 0.02356459 0.31420881 0.05312267
v 0.02534582 0.31345055 0.05164374
v 0.02736437 0.31260717 0.05057274
v 0.02954223 0.31170917 0.04995231
v 0.02544295 0.31537405 0.07221892
v 0.02396283 0.31632096 0.07069961
v 0.02271565 0.31710675 0.06874794
v 0.02180629 0.31766540 0.06654592
v 0.02126936 0.31797636 0.06417987
v 0.02112606 0.31802702 0.06173960
v 0.02138193 0.31781530 0.05931976
v 0.02202666 0.31735051 0.05701307
v 0.02303559 0.31664842 0.05490709
v 0.02436949 0.31573811 0.05308488
v 0.02597849 0.31465268 0.05161356
v 0.02780019 0.31343412 0.05055272
v 0.02976394 0.31213114 0.04994166
v 0.02630699 0.31644082 0.07219921
v 0.02505101 0.31766406 0.07067443
v 0.02399479 0.31868649 0.06871925
v 0.02322759 0.31942099 0.06651430
v 0.02277865 0.31983986 0.06414620
v 0.02266483 0.31992733 0.06170579
v 0.02289088 0.31967911 0.05928649
v 0.02344775 0.31910565 0.05698164
v 0.02431414 0.31822875 0.05487888
v 0.02545782 0.31708145 0.05306090
v 0.02683313 0.31570834 0.05159493
v 0.02838839 0.31416211 0.05053968
v 0.03006433 0.31250158 0.04993507
v 0.02736167 0.31731904 0.07219199
v 0.02637933 0.31877095 0.07066558
v 0.02555649 0.31998739 0.06870826
v 0.02496292 0.32086694 0.06650210
v 0.02462080 0.32137540 0.06413343
v 0.02454273 0.32149288 0.06169275
v 0.02473313 0.32121438 0.05927368
v 0.02518277 0.32055160 0.05697006
v 0.02587581 0.31952950 0.05486854
v 0.02678512 0.31818816 0.05305171
v 0.02787636 0.31657726 0.05158765
v 0.02910802 0.31476051 0.05053481
v 0.03043026 0.31280735 0.04993288
v 0.02856671 0.31797472 0.07219632
v 0.02789720 0.31959754 0.07067138
v 0.02734099 0.32095987 0.06871556
v 0.02694587 0.32194749 0.06651013
v 0.02672492 0.32252261 0.06414253
v 0.02668919 0.32266226 0.06170160
v 0.02683649 0.32236195 0.05928281
v 0.02716526 0.32163233 0.05697819
v 0.02765972 0.32050195 0.05487586
v 0.02830271 0.31901482 0.05305789
v 0.02906924 0.31722724 0.05159287
v 0.02992876 0.31520829 0.05053807
v 0.03084879 0.31303486 0.04993440
v 0.02987524 0.31838444 0.07221281
v 0.02954652 0.32011268 0.07069264
v 0.02927961 0.32156670 0.06874051
v 0.02909997 0.32262170 0.06653809
v 0.02901210 0.32323775 0.06417198
v 0.02902013 0.32339081 0.06173203
v 0.02912382 0.32307732 0.05931252
v 0.02931923 0.32230625 0.05700646
v 0.02959830 0.32110855 0.05490104
v 0.02995170 0.31953022 0.05307972
v 0.03036374 0.31763196 0.05160975
v 0.03082060 0.31548783 0.05054962
v 0.03130411 0.31317711 0.04994046
v 0.03123803 0.31853041 0.07224163
v 0.03126237 0.32029700 0.07072875
v 0.03129783 0.32178342 0.06878252
v 0.03134163 0.32286257 0.06658481
v 0.03139182 0.32349288 0.06422159
v 0.03144675 0.32365194 0.06178257
v 0.03150387 0.32333231 0.05936209
v 0.03156080 0.32254735 0.05705313
v 0.03161607 0.32132569 0.05494330
v 0.03166715 0.31971452 0.05311555
v 0.03171222 0.31777743 0.05163802
v 0.03174921 0.31558746 0.05056913
v 0.03177717 0.31322810 0.04995011
v 0.03260218 0.31840810 0.07227974
v 0.03297955 0.32014328 0.07077724
v 0.03331807 0.32160214 0.06883971
v 0.03358555 0.32266149 0.06664851
v 0.03377428 0.32328036 0.06428929
v 0.03387589 0.32343456 0.06185178
v 0.03388590 0.32311943 0.05942992
v 0.03380459 0.32234663 0.05711721
v 0.03363599 0.32114467 0.05500066
v 0.03338436 0.31956089 0.05316412
v 0.03306184 0.31765628 0.05167652
v 0.03267925 0.31550419 0.05059550
v 0.03225137 0.31318587 0.04996354
v 0.03391490 0.31802171 0.07232709
v 0.03463395 0.31965733 0.07083672
v 0.03526273 0.32103032 0.06891035
v 0.03574646 0.32202607 0.06672679
v 0.03606843 0.32260635 0.06437241
v 0.03621481 0.32274762 0.06193638
v 0.03617990 0.32244548 0.05951333
v 0.03596520 0.32171106 0.05719515
v 0.03558001 0.32057303 0.05507110
v 0.03503834 0.31907502 0.05322414
v 0.03436047 0.31727463 0.05172355
v 0.03357407 0.31524065 0.05062790
v 0.03270746 0.31305155 0.04998025
v 0.03512633 0.31738773 0.07238209
v 0.03616014 0.31885767 0.07090577
v 0.03705671 0.32009012 0.06899108
v 0.03773999 0.32098120 0.06681653
v 0.03818341 0.32149640 0.06446750
v 0.03837148 0.32161632 0.06203380
v 0.03829459 0.32133570 0.05960816
v 0.03795843 0.32066566 0.05728491
v 0.03737381 0.31963268 0.05515185
v 0.03656413 0.31827545 0.05329294
v 0.03555955 0.31664652 0.05177722
v 0.03439917 0.31480837 0.05066510
v 0.03312880 0.31283122 0.04999947
v 0.03618975 0.31652796 0.07244149
v 0.03749913 0.31777483 0.07098051
v 0.03863133 0.31881714 0.06907897
v 0.03948984 0.31956661 0.06691434
v 0.04004138 0.31999460 0.06457128
v 0.04026509 0.32008460 0.06213984
v 0.04015235 0.31983384 0.05971201
v 0.03970793 0.31925139 0.05738269
v 0.03894818 0.31835970 0.05523971
v 0.03790271 0.31719249 0.05336763
v 0.03661136 0.31579587 0.05183588
v 0.03512429 0.31422237 0.05070558
v 0.03349719 0.31253204 0.05001988
v 0.03706458 0.31547731 0.07250421
v 0.03860151 0.31645122 0.07105918
v 0.03992658 0.31726006 0.06917093
v 0.04092904 0.31783694 0.06701669
v 0.04156942 0.31815776 0.06468001
v 0.04182318 0.31821239 0.06225026
v 0.04168037 0.31799689 0.05982077
v 0.04114643 0.31752139 0.05748454
v 0.04024252 0.31680265 0.05533163
v 0.03900411 0.31586853 0.05344580
v 0.03747654 0.31475547 0.05189716
v 0.03572031 0.31350496 0.05074798
v 0.03380159 0.31216732 0.05004127
v 0.03771584 0.31427512 0.07256635
v 0.03942293 0.31493697 0.07113801
v 0.04089236 0.31547958 0.06926379
v 0.04200273 0.31585795 0.06711971
v 0.04270889 0.31605801 0.06478887
v 0.04298485 0.31606993 0.06236105
v 0.04281953 0.31589732 0.05992921
v 0.04221914 0.31554216 0.05758718
v 0.04120801 0.31502163 0.05542358
v 0.03982471 0.31435406 0.05352402
v 0.03812160 0.31356478 0.05195856
v 0.03616386 0.31268564 0.05078981
v 0.03402772 0.31174910 0.05006314
v 0.03812152 0.31296822 0.07262710
v 0.03993374 0.31328943 0.07121546
v 0.04149268 0.31354299 0.06935325
v 0.04266938 0.31370595 0.06722027
v 0.04341596 0.31377313 0.06489372
v 0.04370446 0.31374162 0.06246780
v 0.04352591 0.31361219 0.06003411
v 0.04288502 0.31339023 0.05768592
v 0.04180665 0.31308523 0.05551236
v 0.04033326 0.31270626 0.05359919
v 0.03852088 0.31227157 0.05201816
v 0.03644004 0.31179467 0.05083096
v 0.03416810 0.31129479 0.05008366
v 0.03826416 0.31160516 0.07268491
v 0.04011317 0.31157354 0.07128690
v 0.04170399 0.31152430 0.06943753
v 0.04290214 0.31146348 0.06731168
v 0.04366234 0.31139365 0.06499130
v 0.04395657 0.31131482 0.06256631
v 0.04377123 0.31123245 0.06013073
v 0.04311697 0.31114903 0.05777696
v 0.04201642 0.31106734 0.05559451
v 0.04051113 0.31099108 0.05366898
v 0.03866115 0.31092334 0.05207310
v 0.03653640 0.31086576 0.05086849
v 0.03421762 0.31082147 0.05010295
v 0.03813536 0.31024134 0.07273126
v 0.03995195 0.30985570 0.07134746
v 0.04151418 0.30950388 0.06950857
v 0.04269291 0.30921894 0.06739198
v 0.04344030 0.30900937 0.06507616
v 0.04372858 0.30888465 0.06265320
v 0.04354962 0.30884880 0.06021567
v 0.04290747 0.30890360 0.05785708
v 0.04182708 0.30904618 0.05566645
v 0.04035060 0.30927271 0.05373055
v 0.03853449 0.30957240 0.05212130
v 0.03644961 0.30993542 0.05090196
v 0.03417316 0.31034756 0.05011986
v 0.03774228 0.30892697 0.07276994
v 0.03945689 0.30819917 0.07139585
v 0.04093297 0.30755696 0.06956697
v 0.04204746 0.30705556 0.06745721
v 0.04275618 0.30671230 0.06514623
v 0.04303268 0.30654234 0.06272484
v 0.04286658 0.30655155 0.06028607
v 0.04226388 0.30674013 0.05792333
v 0.04124827 0.30709928 0.05572627
v 0.03985812 0.30761638 0.05378084
v 0.03814793 0.30827212 0.05216139
v 0.03618242 0.30903924 0.05092932
v 0.03403714 0.30989024 0.05013388
v 0.03710336 0.30771327 0.07279936
v 0.03865094 0.30667031 0.07143286
v 0.03998482 0.30575949 0.06961073
v 0.04099406 0.30505756 0.06750597
v 0.04163799 0.30459219 0.06519850
v 0.04189295 0.30438030 0.06277853
v 0.04174857 0.30443144 0.06033885
v 0.04121120 0.30474228 0.05797308
v 0.04030070 0.30530131 0.05577086
v 0.03905334 0.30608711 0.05381888
v 0.03751522 0.30706984 0.05219124
v 0.03574668 0.30821219 0.05094999
v 0.03381542 0.30946809 0.05014440
v 0.03623940 0.30664653 0.07281813
v 0.03756173 0.30532673 0.07145572
v 0.03870559 0.30417964 0.06963795
v 0.03957207 0.30330226 0.06753694
v 0.04012840 0.30272898 0.06523107
v 0.04035434 0.30248022 0.06281232
v 0.04023943 0.30256775 0.06037143
v 0.03978974 0.30298641 0.05800412
v 0.03902206 0.30372128 0.05579910
v 0.03796554 0.30474374 0.05384330
v 0.03666077 0.30601415 0.05220998
v 0.03515848 0.30748418 0.05096292
v 0.03351472 0.30909821 0.05015096
v 0.03518476 0.30576843 0.07282499
v 0.03623361 0.30422044 0.07146428
v 0.03714351 0.30287874 0.06964793
v 0.03783657 0.30185643 0.06754797
v 0.03828553 0.30119357 0.06524307
v 0.03847622 0.30091512 0.06282458
v 0.03839706 0.30103213 0.06038388
v 0.03805462 0.30154094 0.05801576
v 0.03746010 0.30242050 0.05580967
v 0.03663765 0.30363700 0.05385181
v 0.03561733 0.30514500 0.05221701
v 0.03443877 0.30688569 0.05096774
v 0.03314911 0.30879274 0.05015371
v 0.03179523 0.31079164 0.04980323
v 0.03397980 0.30511263 0.07281886
v 0.03471579 0.30339384 0.07145716
v 0.03535885 0.30190638 0.06964052
v 0.03585284 0.30077556 0.06753930
v 0.03618192 0.30004567 0.06523424
v 0.03633002 0.29974520 0.06281501
v 0.03629315 0.29988483 0.06037473
v 0.03607156 0.30045992 0.05800720
v 0.03567643 0.30144784 0.05580198
v 0.03512041 0.30281007 0.05384536
v 0.03442475 0.30449519 0.05221148
v 0.03361834 0.30643871 0.05096414
v 0.03273027 0.30856469 0.05015184
v 0.03267118 0.30470240 0.07280231
v 0.03306627 0.30287856 0.07143545
v 0.03342037 0.30129969 0.06961469
v 0.03369914 0.30010155 0.06751093
v 0.03389482 0.29933035 0.06520373
v 0.03399841 0.29901665 0.06278422
v 0.03400633 0.29916939 0.06034499
v 0.03391780 0.29978567 0.05797865
v 0.03373808 0.30084094 0.05577637
v 0.03347087 0.30229494 0.05382395
v 0.03313026 0.30409050 0.05219465
v 0.03272594 0.30615863 0.05095252
v 0.03227524 0.30842242 0.05014535
v 0.03130856 0.30455601 0.07277430
v 0.03135090 0.30269364 0.07140004
v 0.03140215 0.30108240 0.06957259
v 0.03145766 0.29986039 0.06746377
v 0.03151473 0.29907507 0.06515382
v 0.03157203 0.29875463 0.06273393
v 0.03162624 0.29891425 0.06029489
v 0.03167647 0.29954469 0.05793217
v 0.03172012 0.30062395 0.05573440
v 0.03175539 0.30211005 0.05378787
v 0.03178176 0.30394503 0.05216628
v 0.03179734 0.30605969 0.05093330
v 0.03180188 0.30837131 0.05013590
v 0.02994448 0.30467814 0.07273538
v 0.02963387 0.30284739 0.07135119
v 0.02938194 0.30126303 0.06951538
v 0.02921381 0.30006102 0.06740014
v 0.02913266 0.29928756 0.06508640
v 0.02914273 0.29897276 0.06266493
v 0.02924417 0.29912671 0.06022753
v 0.02943295 0.29974547 0.05786830
v 0.02970039 0.30080506 0.05567703
v 0.03003819 0.30226398 0.05373904
v 0.03043183 0.30406642 0.05212831
v 0.03086727 0.30614203 0.05090674
v 0.03132800 0.30841377 0.05012221
v 0.02863202 0.30506435 0.07268827
v 0.02797910 0.30333301 0.07129154
v 0.02743769 0.30183497 0.06944552
v 0.02705306 0.30069649 0.06732231
v 0.02683851 0.29996166 0.06500389
v 0.02680513 0.29965973 0.06258001
v 0.02695026 0.29980108 0.06014451
v 0.02727235 0.30038115 0.05778997
v 0.02775596 0.30137691 0.05560691
v 0.02838446 0.30274984 0.05367955
v 0.02913371 0.30444783 0.05208080
v 0.02997296 0.30640590 0.05087424
v 0.03087159 0.30854809 0.05010578
v 0.02742043 0.30569786 0.07263494
v 0.02645354 0.30413267 0.07122393
v 0.02564350 0.30277529 0.06936529
v 0.02505926 0.30174187 0.06723298
v 0.02472314 0.30107149 0.06490874
v 0.02464677 0.30079085 0.06248349
v 0.02483528 0.30091119 0.06004942
v 0.02527894 0.30142635 0.05770067
v 0.02596235 0.30231705 0.05552594
v 0.02685895 0.30354971 0.05361084
v 0.02793440 0.30507639 0.05202751
v 0.02914757 0.30683786 0.05083748
v 0.03045057 0.30876812 0.05008702
v 0.02635676 0.30655751 0.07257628
v 0.02511429 0.30521512 0.07114968
v 0.02406852 0.30404779 0.06927782
v 0.02330961 0.30315611 0.06713586
v 0.02286570 0.30257383 0.06480552
v 0.02275352 0.30232275 0.06237815
v 0.02297783 0.30241284 0.05994580
v 0.02352961 0.30284110 0.05760317
v 0.02438784 0.30359003 0.05543797
v 0.02552019 0.30463237 0.05353643
v 0.02688233 0.30592665 0.05196871
v 0.02842222 0.30742419 0.05079703
v 0.03008187 0.30906770 0.05006660
v 0.02548217 0.30760846 0.07251488
v 0.02401254 0.30653885 0.07107237
v 0.02277410 0.30560479 0.06918661
v 0.02187086 0.30488634 0.06703445
v 0.02133766 0.30441061 0.06469761
v 0.02119564 0.30419484 0.06226794
v 0.02145032 0.30424973 0.05983822
v 0.02209103 0.30457059 0.05750147
v 0.02309357 0.30514708 0.05534650
v 0.02441900 0.30595636 0.05345821
v 0.02601714 0.30696699 0.05190741
v 0.02782678 0.30814129 0.05075464
v 0.02977755 0.30943224 0.05004478
v 0.02483086 0.30881083 0.07245315
v 0.02319129 0.30805334 0.07099498
v 0.02180850 0.30738613 0.06909487
v 0.02079784 0.30686522 0.06693263
v 0.02019873 0.30651033 0.06458935
v 0.02003468 0.30633724 0.06215744
v 0.02031126 0.30634940 0.05972980
v 0.02101824 0.30654979 0.05739920
v 0.02212838 0.30692807 0.05525488
v 0.02359846 0.30747077 0.05338005
v 0.02537273 0.30815765 0.05184625
v 0.02738274 0.30896053 0.05071197
v 0.02955166 0.30985016 0.05002323
v 0.02442571 0.31011823 0.07239404
v 0.02268202 0.30970129 0.07091974
v 0.02120933 0.30932251 0.06900674
v 0.02013203 0.30901691 0.06683454
v 0.01949252 0.30879495 0.06448508
v 0.01931547 0.30866584 0.06205098
v 0.01960491 0.30863455 0.05962503
v 0.02035297 0.30870190 0.05730067
v 0.02152955 0.30886501 0.05516597
v 0.02308978 0.30911851 0.05330494
v 0.02497312 0.30945081 0.05178668
v 0.02710651 0.30985183 0.05067169
v 0.02941095 0.31030452 0.05000233
v -0.03288965 0.31172371 0.07555711
v -0.03445436 0.31169432 0.07508381
v -0.03589922 0.31165078 0.07431776
v -0.03711268 0.31159705 0.07332896
v -0.03286159 0.31203914 0.07554172
v -0.03439905 0.31231382 0.07505316
v -0.03581779 0.31255019 0.07427394
v -0.03700799 0.31273136 0.07327283
v -0.03277111 0.31234348 0.07552682
v -0.03422145 0.31290922 0.07502356
v -0.03556053 0.31341529 0.07423115
v -0.03668468 0.31382161 0.07321930
v -0.03262373 0.31262386 0.07551337
v -0.03393133 0.31345946 0.07499774
v -0.03513900 0.31421384 0.07419277
v -0.03615288 0.31482831 0.07317029
v -0.03242267 0.31286928 0.07550188
v -0.03353867 0.31394160 0.07497481
v -0.03456901 0.31491402 0.07415944
v -0.03543452 0.31571263 0.07312782
v -0.03217860 0.31307232 0.07549281
v -0.03305909 0.31433836 0.07495642
v -0.03387230 0.31549007 0.07413173
v -0.03455451 0.31643862 0.07309319
v -0.03189899 0.31322232 0.07548573
v -0.03250994 0.31463417 0.07494237
v -0.03307528 0.31591877 0.07411177
v -0.03354933 0.31697944 0.07306729
v -0.03159368 0.31331623 0.07548150
v -0.03191388 0.31481704 0.07493387
v -0.03220903 0.31618473 0.07410003
v -0.03245773 0.31731433 0.07305226
v -0.03127731 0.31334847 0.07547995
v -0.03129173 0.31488079 0.07493155
v -0.03130621 0.31627712 0.07409655
v -0.03131963 0.31743160 0.07304879
v -0.03095987 0.31331918 0.07548228
v -0.03066876 0.31482291 0.07493575
v -0.03040207 0.31619298 0.07410258
v -0.03017944 0.31732419 0.07305546
v -0.03065356 0.31322801 0.07548740
v -0.03006948 0.31464416 0.07494544
v -0.02953147 0.31593400 0.07411645
v -0.02908236 0.31699848 0.07307361
v -0.03037145 0.31307974 0.07549548
v -0.02951545 0.31435326 0.07496095
v -0.02872749 0.31551185 0.07413869
v -0.02806874 0.31646577 0.07310161
v -0.03012400 0.31287897 0.07550588
v -0.02902957 0.31396076 0.07498191
v -0.02802132 0.31494191 0.07416900
v -0.02717732 0.31574762 0.07313967
v -0.02991895 0.31263515 0.07551861
v -0.02862845 0.31348220 0.07500663
v -0.02743958 0.31424627 0.07420486
v -0.02644447 0.31486976 0.07318427
v -0.02976659 0.31235671 0.07553363
v -0.02832915 0.31293434 0.07503430
v -0.02700512 0.31345171 0.07424526
v -0.02589654 0.31386775 0.07323552
v -0.02967238 0.31205264 0.07554879
v -0.02814212 0.31234068 0.07506505
v -0.02673382 0.31258878 0.07428940
v -0.02555543 0.31278032 0.07329040
v -0.02963744 0.31173739 0.07556461
v -0.02807587 0.31172106 0.07509613
v -0.02663777 0.31168994 0.07433388
v -0.02543301 0.31164706 0.07334708
v -0.02966726 0.31142211 0.07557970
v -0.02813276 0.31110168 0.07512579
v -0.02672027 0.31079069 0.07437762
v -0.02553626 0.31051204 0.07340293
v -0.02975569 0.31111670 0.07559464
v -0.02830860 0.31050453 0.07515483
v -0.02697599 0.30992365 0.07441936
v -0.02585952 0.30942070 0.07345509
v -0.02990332 0.31083596 0.07560788
v -0.02859914 0.30995461 0.07518091
v -0.02739767 0.30912530 0.07445741
v -0.02639158 0.30841398 0.07350300
v -0.03010441 0.31059033 0.07561931
v -0.02899223 0.30947211 0.07520357
v -0.02796766 0.30842480 0.07449034
v -0.02711025 0.30752951 0.07354489
v -0.03034859 0.31038734 0.07562900
v -0.02947166 0.30907536 0.07522231
v -0.02866467 0.30784893 0.07451749
v -0.02798996 0.30680403 0.07357856
v -0.03062823 0.31023726 0.07563546
v -0.03002129 0.30877984 0.07523534
v -0.02946142 0.30742002 0.07453729
v -0.02899509 0.30626255 0.07360344
v -0.03093326 0.31014359 0.07563931
v -0.03061719 0.30859628 0.07524337
v -0.03032804 0.30715379 0.07454868
v -0.03008663 0.30592817 0.07361831
v -0.03124975 0.31011122 0.07564032
v -0.03123912 0.30853286 0.07524564
v -0.03123043 0.30706161 0.07455186
v -0.03122466 0.30581072 0.07362226
v -0.03156676 0.31014079 0.07563879
v -0.03186224 0.30859095 0.07524171
v -0.03213483 0.30714607 0.07454605
v -0.03236498 0.30591834 0.07361490
v -0.03187322 0.31023180 0.07563364
v -0.03246110 0.30876946 0.07523139
v -0.03300491 0.30740517 0.07453166
v -0.03346189 0.30624411 0.07359719
v -0.03215518 0.31038031 0.07562532
v -0.03301506 0.30906072 0.07521593
v -0.03380901 0.30782741 0.07450925
v -0.03447552 0.30677658 0.07356905
v -0.03240259 0.31058088 0.07561512
v -0.03350064 0.30945376 0.07519571
v -0.03451488 0.30839762 0.07447952
v -0.03536688 0.30749500 0.07353292
v -0.03260737 0.31082460 0.07560240
v -0.03390097 0.30993223 0.07517080
v -0.03509569 0.30909327 0.07444412
v -0.03609921 0.30837336 0.07348791
v -0.03126206 0.31173682 0.07571997
v -0.03275962 0.31110364 0.07558883
v -0.03420026 0.31048003 0.07514403
v -0.03553041 0.30988806 0.07440479
v -0.03664766 0.30937529 0.07343797
v -0.03285518 0.31140739 0.07557382
v -0.03438742 0.31107336 0.07511515
v -0.03580189 0.31075114 0.07436283
v -0.03698853 0.31046349 0.07338455
v -0.03829515 0.31154996 0.07248200
v -0.04012370 0.31147167 0.07104048
v -0.04168572 0.31137314 0.06915652
v -0.04284861 0.31126350 0.06700694
v -0.04356674 0.31114730 0.06467392
v -0.04381538 0.31102774 0.06224926
v -0.04358317 0.31091079 0.05982550
v -0.04288139 0.31080046 0.05749579
v -0.04173471 0.31070057 0.05534860
v -0.04018676 0.31061563 0.05346796
v -0.03829917 0.31054851 0.05192462
v -0.03614336 0.31050134 0.05077877
v -0.03380124 0.31047684 0.05007557
v -0.03816999 0.31291381 0.07241341
v -0.03996669 0.31318852 0.07095524
v -0.04150021 0.31339243 0.06905536
v -0.04264371 0.31350666 0.06689628
v -0.04335019 0.31352818 0.06455602
v -0.04359402 0.31345588 0.06212958
v -0.04336787 0.31329191 0.05970836
v -0.04267782 0.31304300 0.05738552
v -0.04155056 0.31271952 0.05524918
v -0.04003063 0.31233168 0.05338343
v -0.03817609 0.31189758 0.05185828
v -0.03605882 0.31143081 0.05073334
v -0.03375772 0.31095043 0.05005229
v -0.03778002 0.31422514 0.07234897
v -0.03947571 0.31484166 0.07087301
v -0.04092279 0.31533554 0.06895991
v -0.04200207 0.31566569 0.06678856
v -0.04267017 0.31582052 0.06444363
v -0.04290188 0.31579173 0.06201515
v -0.04268847 0.31558445 0.05959603
v -0.04203732 0.31520197 0.05727979
v -0.04097483 0.31466237 0.05515412
v -0.03954162 0.31398478 0.05330291
v -0.03779211 0.31319499 0.05179456
v -0.03579312 0.31232482 0.05068934
v -0.03362269 0.31140622 0.05003022
v -0.03714198 0.31543490 0.07229018
v -0.03867089 0.31636566 0.07079860
v -0.03997652 0.31712747 0.06887194
v -0.04095010 0.31765747 0.06669103
v -0.04155383 0.31793380 0.06434065
v -0.04176396 0.31794798 0.06191022
v -0.04157235 0.31769747 0.05949341
v -0.04098617 0.31719387 0.05718289
v -0.04002860 0.31645477 0.05506707
v -0.03873751 0.31550890 0.05322885
v -0.03715998 0.31439319 0.05173637
v -0.03535850 0.31314927 0.05064978
v -0.03340106 0.31182709 0.05000953
v -0.03627765 0.31649655 0.07223859
v -0.03758156 0.31770301 0.07073361
v -0.03869652 0.31870046 0.06879600
v -0.03952782 0.31940475 0.06660650
v -0.04004349 0.31978944 0.06425075
v -0.04022401 0.31983942 0.06181915
v -0.04006199 0.31955317 0.05940380
v -0.03956429 0.31894144 0.05709885
v -0.03874928 0.31802762 0.05499122
v -0.03764881 0.31684634 0.05316424
v -0.03630483 0.31544408 0.05168570
v -0.03476947 0.31387392 0.05061458
v -0.03310020 0.31219554 0.04999193
v -0.03522097 0.31736961 0.07219680
v -0.03625116 0.31880251 0.07068118
v -0.03713194 0.31999293 0.06873435
v -0.03778933 0.32084140 0.06653806
v -0.03819761 0.32131469 0.06417820
v -0.03834255 0.32139495 0.06174484
v -0.03821618 0.32107854 0.05933098
v -0.03782611 0.32037768 0.05703038
v -0.03718520 0.31932026 0.05492969
v -0.03631900 0.31794602 0.05311196
v -0.03525982 0.31630799 0.05164462
v -0.03404911 0.31446901 0.05058628
v -0.03273421 0.31249931 0.04997759
v -0.03401296 0.31801906 0.07216604
v -0.03472916 0.31962168 0.07064225
v -0.03534306 0.32095611 0.06868931
v -0.03580130 0.32191181 0.06648792
v -0.03608843 0.32245174 0.06412522
v -0.03619177 0.32255378 0.06169049
v -0.03610725 0.32221526 0.05927822
v -0.03583822 0.32144850 0.05698019
v -0.03539627 0.32028362 0.05488475
v -0.03479739 0.31876519 0.05307364
v -0.03406407 0.31695136 0.05161493
v -0.03322621 0.31491181 0.05056566
v -0.03231407 0.31272498 0.04996678
v -0.03269980 0.31842217 0.07214779
v -0.03307435 0.32012886 0.07061972
v -0.03339793 0.32155320 0.06866241
v -0.03364000 0.32257530 0.06645831
v -0.03379375 0.32315552 0.06409368
v -0.03385215 0.32327107 0.06165854
v -0.03381258 0.32291901 0.05924656
v -0.03367713 0.32211217 0.05695088
v -0.03345174 0.32088044 0.05485797
v -0.03314291 0.31927243 0.05305086
v -0.03276502 0.31734997 0.05159702
v -0.03233114 0.31518701 0.05055317
v -0.03185775 0.31286523 0.04996029
v -0.03133167 0.31856221 0.07214315
v -0.03135215 0.32030514 0.07061379
v -0.03137183 0.32176086 0.06865518
v -0.03138950 0.32280582 0.06645009
v -0.03140431 0.32339922 0.06408505
v -0.03141572 0.32352048 0.06164972
v -0.03142355 0.32316315 0.05923779
v -0.03142671 0.32234231 0.05694245
v -0.03142582 0.32108808 0.05485071
v -0.03142063 0.31944868 0.05304478
v -0.03141148 0.31748873 0.05159213
v -0.03139834 0.31528246 0.05055001
v -0.03138220 0.31291375 0.04995864
v -0.02996137 0.31843409 0.07215112
v -0.02962683 0.32014337 0.07062399
v -0.02934254 0.32157087 0.06866762
v -0.02913550 0.32259467 0.06646395
v -0.02901145 0.32317576 0.06409964
v -0.02897590 0.32329151 0.06166454
v -0.02903050 0.32293975 0.05925244
v -0.02917275 0.32213098 0.05695628
v -0.02939700 0.32089758 0.05486298
v -0.02969567 0.31928703 0.05305529
v -0.03005545 0.31736112 0.05160020
v -0.03046459 0.31519511 0.05055549
v -0.03090645 0.31286898 0.04996172
v -0.02864213 0.31804210 0.07217299
v -0.02796397 0.31965029 0.07065111
v -0.02738810 0.32099020 0.06869946
v -0.02696368 0.32194948 0.06649914
v -0.02670557 0.32249135 0.06413722
v -0.02662582 0.32259429 0.06170228
v -0.02672440 0.32225505 0.05928971
v -0.02700109 0.32148594 0.05699117
v -0.02744251 0.32031709 0.05489461
v -0.02803314 0.31879377 0.05308175
v -0.02875036 0.31697384 0.05162130
v -0.02956532 0.31492743 0.05057010
v -0.03044746 0.31273285 0.04996905
v -0.02742357 0.31740272 0.07220717
v -0.02642925 0.31884432 0.07069350
v -0.02558353 0.32004195 0.06874898
v -0.02495857 0.32089591 0.06655421
v -0.02457788 0.32137281 0.06419518
v -0.02445539 0.32145399 0.06176182
v -0.02459726 0.32113615 0.05934767
v -0.02499633 0.32043225 0.05704616
v -0.02563844 0.31936899 0.05494419
v -0.02649860 0.31798780 0.05312415
v -0.02754412 0.31634012 0.05165416
v -0.02873546 0.31449097 0.05059304
v -0.03002420 0.31251106 0.04998084
v -0.02635297 0.31653920 0.07225163
v -0.02508111 0.31775585 0.07074930
v -0.02399841 0.31876296 0.06881469
v -0.02319723 0.31947413 0.06662726
v -0.02270804 0.31986296 0.06427262
v -0.02254927 0.31991458 0.06184081
v -0.02272738 0.31962648 0.05942520
v -0.02323522 0.31901029 0.05711878
v -0.02405331 0.31808981 0.05500938
v -0.02515128 0.31689945 0.05317992
v -0.02648526 0.31548563 0.05169811
v -0.02800493 0.31390250 0.05062319
v -0.02965281 0.31221038 0.04999595
v -0.02547148 0.31548458 0.07230574
v -0.02397092 0.31642851 0.07081709
v -0.02269344 0.31720150 0.06889404
v -0.02174706 0.31773871 0.06671530
v -0.02116797 0.31802091 0.06436617
v -0.02097918 0.31803614 0.06193574
v -0.02118771 0.31778413 0.05951841
v -0.02178525 0.31727532 0.05720657
v -0.02274870 0.31652758 0.05508824
v -0.02404083 0.31557152 0.05324703
v -0.02561327 0.31444207 0.05175067
v -0.02740481 0.31318295 0.05065956
v -0.02934630 0.31184429 0.05001447
v -0.02481404 0.31428006 0.07236616
v -0.02314149 0.31491151 0.07089407
v -0.02171832 0.31541729 0.06898387
v -0.02066347 0.31575626 0.06681493
v -0.02001797 0.31591722 0.06447188
v -0.01980655 0.31589103 0.06204350
v -0.02003718 0.31568047 0.05962403
v -0.02070211 0.31529230 0.05730595
v -0.02177430 0.31474358 0.05517783
v -0.02321248 0.31405398 0.05332281
v -0.02496216 0.31324917 0.05181067
v -0.02695646 0.31236237 0.05070025
v -0.02911819 0.31142554 0.05003559
v -0.02440326 0.31297183 0.07243195
v -0.02262516 0.31326258 0.07097665
v -0.02111076 0.31347957 0.06908082
v -0.01998814 0.31360304 0.06692342
v -0.01930164 0.31363028 0.06458569
v -0.01907704 0.31355962 0.06215975
v -0.01932153 0.31339344 0.05973800
v -0.02002702 0.31313926 0.05741355
v -0.02116683 0.31280574 0.05527413
v -0.02269670 0.31240508 0.05340452
v -0.02455723 0.31195477 0.05187505
v -0.02667632 0.31147045 0.05074487
v -0.02897555 0.31097090 0.05005817
v -0.02425732 0.31160980 0.07249978
v -0.02244162 0.31154743 0.07106148
v -0.02089440 0.31146225 0.06918067
v -0.01974836 0.31136215 0.06703427
v -0.01904751 0.31125116 0.06470325
v -0.01881687 0.31113392 0.06228009
v -0.01906743 0.31101477 0.05985565
v -0.01978747 0.31089810 0.05752419
v -0.02095101 0.31078842 0.05537417
v -0.02251295 0.31069040 0.05348969
v -0.02441225 0.31060687 0.05194176
v -0.02657824 0.31054196 0.05079074
v -0.02892506 0.31049764 0.05008136
v -0.02438127 0.31024671 0.07256619
v -0.02259780 0.30983117 0.07114535
v -0.02107863 0.30944324 0.06927977
v -0.01995223 0.30911922 0.06714457
v -0.01926327 0.30887014 0.06482069
v -0.01903819 0.30870619 0.06239907
v -0.01928290 0.30863398 0.05997270
v -0.01999113 0.30865571 0.05763454
v -0.02113428 0.30877018 0.05547336
v -0.02266899 0.30897409 0.05357441
v -0.02453548 0.30925760 0.05200810
v -0.02666136 0.30961251 0.05083667
v -0.02896790 0.31002361 0.05010477
v -0.02477109 0.30893493 0.07262950
v -0.02308763 0.30817768 0.07122594
v -0.02165470 0.30750027 0.06937426
v -0.02059259 0.30696031 0.06724970
v -0.01994254 0.30657789 0.06493245
v -0.01972985 0.30636993 0.06251314
v -0.01996223 0.30634126 0.06008479
v -0.02063094 0.30649641 0.05774001
v -0.02171019 0.30682686 0.05556860
v -0.02315824 0.30732095 0.05365487
v -0.02491964 0.30796015 0.05207175
v -0.02692707 0.30871823 0.05087993
v -0.02910319 0.30956775 0.05012704
v -0.02540927 0.30772501 0.07268772
v -0.02389227 0.30665350 0.07129931
v -0.02260098 0.30570769 0.06946107
v -0.02164417 0.30496874 0.06734616
v -0.02105870 0.30446470 0.06503468
v -0.02086756 0.30421385 0.06261772
v -0.02107850 0.30422825 0.06018744
v -0.02168224 0.30450463 0.05783675
v -0.02265609 0.30503449 0.05565522
v -0.02396227 0.30579683 0.05372882
v -0.02555129 0.30676198 0.05212965
v -0.02736217 0.30789381 0.05092018
v -0.02932456 0.30914724 0.05014746
v -0.02627364 0.30666330 0.07273839
v -0.02498111 0.30531627 0.07136310
v -0.02388039 0.30413476 0.06953635
v -0.02306624 0.30322096 0.06742980
v -0.02256889 0.30260932 0.06512384
v -0.02240735 0.30232275 0.06270869
v -0.02258825 0.30237260 0.06027622
v -0.02310413 0.30275747 0.05792086
v -0.02393533 0.30346164 0.05573083
v -0.02505063 0.30445936 0.05379334
v -0.02640642 0.30571094 0.05218018
v -0.02795068 0.30716935 0.05095520
v -0.02962542 0.30877900 0.05016549
v -0.02733018 0.30579033 0.07277957
v -0.02631161 0.30421698 0.07141511
v -0.02544522 0.30284253 0.06959753
v -0.02480451 0.30178478 0.06749775
v -0.02441416 0.30108356 0.06519593
v -0.02428822 0.30076700 0.06278248
v -0.02443359 0.30084759 0.06034869
v -0.02484212 0.30132079 0.05798904
v -0.02549968 0.30216891 0.05579234
v -0.02638074 0.30335993 0.05384551
v -0.02745165 0.30484760 0.05222150
v -0.02867131 0.30657408 0.05098359
v -0.02999168 0.30847469 0.05017972
v -0.03136377 0.31047535 0.04983935
v -0.02853830 0.30514106 0.07280876
v -0.02783282 0.30339774 0.07145229
v -0.02723421 0.30187932 0.06964202
v -0.02679270 0.30071396 0.06754735
v -0.02652376 0.29994673 0.06524908
v -0.02644074 0.29960826 0.06283610
v -0.02654280 0.29971057 0.06040184
v -0.02683003 0.30025011 0.05803869
v -0.02728830 0.30120587 0.05583770
v -0.02790201 0.30254051 0.05388378
v -0.02864757 0.30420366 0.05225091
v -0.02949440 0.30613148 0.05100397
v -0.03041160 0.30824929 0.05019022
v -0.02985108 0.30473793 0.07282628
v -0.02948806 0.30289069 0.07147463
v -0.02917896 0.30128211 0.06966814
v -0.02895389 0.30005044 0.06757668
v -0.02881840 0.29924297 0.06528011
v -0.02877890 0.29889113 0.06286857
v -0.02883716 0.29900649 0.06043330
v -0.02899114 0.29958647 0.05806848
v -0.02923329 0.30060881 0.05586409
v -0.02955622 0.30203328 0.05390612
v -0.02994613 0.30380541 0.05226915
v -0.03038896 0.30585608 0.05101630
v -0.03086809 0.30810905 0.05019639
v -0.03121911 0.30459785 0.07283156
v -0.03121016 0.30271435 0.07148112
v -0.03120505 0.30107492 0.06967538
v -0.03120439 0.29982024 0.06758469
v -0.03120753 0.29899913 0.06528838
v -0.03121502 0.29864109 0.06287745
v -0.03122621 0.29876277 0.06044157
v -0.03124120 0.29935625 0.05807665
v -0.03125894 0.30040121 0.05587147
v -0.03127844 0.30185682 0.05391243
v -0.03129997 0.30366635 0.05227382
v -0.03132174 0.30576158 0.05101976
v -0.03134334 0.30806056 0.05019822
v -0.03258920 0.30472615 0.07282272
v -0.03293491 0.30287644 0.07147013
v -0.03323438 0.30126539 0.06966310
v -0.03345825 0.30003166 0.06757117
v -0.03360070 0.29922274 0.06527409
v -0.03365511 0.29887080 0.06286194
v -0.03361955 0.29898632 0.06042741
v -0.03349501 0.29956749 0.05806270
v -0.03328804 0.30059144 0.05585894
v -0.03300345 0.30201891 0.05390218
v -0.03265593 0.30379406 0.05226567
v -0.03225549 0.30584818 0.05101404
v -0.03181937 0.30810529 0.05019500
v -0.03390862 0.30511856 0.07280101
v -0.03459805 0.30336934 0.07144342
v -0.03518881 0.30184573 0.06963201
v -0.03562972 0.30067661 0.06753655
v -0.03590673 0.29990733 0.06523734
v -0.03600598 0.29956794 0.06282432
v -0.03592527 0.29967093 0.06038998
v -0.03566648 0.30021283 0.05802805
v -0.03524232 0.30117226 0.05582766
v -0.03466647 0.30251196 0.05387534
v -0.03396106 0.30418128 0.05224465
v -0.03315523 0.30611628 0.05099944
v -0.03227812 0.30824143 0.05018814
v -0.03512707 0.30575788 0.07276860
v -0.03613304 0.30417502 0.07140227
v -0.03699367 0.30279362 0.06958251
v -0.03763587 0.30173025 0.06748182
v -0.03803421 0.30102623 0.06517897
v -0.03817637 0.30070859 0.06276545
v -0.03805282 0.30078965 0.06033198
v -0.03767188 0.30126688 0.05797326
v -0.03704613 0.30212063 0.05577835
v -0.03620088 0.30331820 0.05383320
v -0.03516712 0.30481479 0.05221206
v -0.03398487 0.30655214 0.05097682
v -0.03270163 0.30846384 0.05017664
v -0.03619770 0.30662137 0.07272463
v -0.03748117 0.30526295 0.07134690
v -0.03857915 0.30407298 0.06951762
v -0.03939743 0.30315208 0.06740970
v -0.03990471 0.30253613 0.06510218
v -0.04008253 0.30224794 0.06268702
v -0.03992292 0.30229965 0.06025470
v -0.03943322 0.30268836 0.05790058
v -0.03863157 0.30339983 0.05571301
v -0.03754875 0.30440664 0.05377805
v -0.03622621 0.30566958 0.05216833
v -0.03471543 0.30714062 0.05094674
v -0.03307281 0.30876422 0.05016108
v -0.03707923 0.30767572 0.07267185
v -0.03859229 0.30659127 0.07128058
v -0.03988444 0.30563483 0.06943934
v -0.04084827 0.30488718 0.06732217
v -0.04144502 0.30437806 0.06500974
v -0.04165270 0.30412599 0.06259217
v -0.04146287 0.30414185 0.06016229
v -0.04088352 0.30442408 0.05781328
v -0.03993622 0.30496180 0.05563410
v -0.03865872 0.30573452 0.05371056
v -0.03709805 0.30671316 0.05211569
v -0.03531562 0.30786020 0.05091045
v -0.03337956 0.30912986 0.05014252
v -0.03773629 0.30888030 0.07261133
v -0.03942129 0.30810851 0.07120498
v -0.04085982 0.30741850 0.06935066
v -0.04193226 0.30686978 0.06722385
v -0.04259566 0.30648157 0.06490484
v -0.04282548 0.30627126 0.06248473
v -0.04261325 0.30624539 0.06005694
v -0.04196668 0.30640629 0.05771394
v -0.04091128 0.30674586 0.05554489
v -0.03948684 0.30725199 0.05363462
v -0.03774915 0.30790621 0.05205603
v -0.03576403 0.30868089 0.05086921
v -0.03360768 0.30954880 0.05012149
v -0.03814791 0.31018862 0.07254722
v -0.03993951 0.30975723 0.07112455
v -0.04146865 0.30935612 0.06925527
v -0.04260854 0.30902293 0.06711757
v -0.04331256 0.30876786 0.06479134
v -0.04355500 0.30860239 0.06236899
v -0.04332924 0.30853191 0.05994304
v -0.04264146 0.30855963 0.05760670
v -0.04151803 0.30868354 0.05544820
v -0.04000300 0.30890062 0.05355282
v -0.03815434 0.30920029 0.05199135
v -0.03604413 0.30957282 0.05082487
v -0.03375032 0.31000394 0.05009883
f 4 2 1
f 8 6 5
f 13 15 14
f 17 19 18
f 32 30 29
f 36 34 33
f 37 39 38
f 21 23 20
f 25 27 24
f 41 43 42
f 48 46 45
f 52 50 49
f 53 55 54
f 60 58 57
f 29 62 61
f 66 64 63
f 67 6 68
f 72 70 69
f 76 74 73
f 77 79 78
f 81 83 82
f 59 86 85
f 88 90 89
f 96 94 93
f 100 98 97
f 101 103 102
f 106 34 87
f 108 115 107
f 117 36 118
f 124 126 125
f 131 129 128
f 132 134 133
f 142 140 139
f 148 60 147
f 144 127 124
f 149 151 150
f 156 154 153
f 159 158 157
f 116 164 105
f 171 169 168
f 174 173 172
f 179 181 180
f 186 188 187
f 194 196 195
f 199 139 198
f 206 208 207
f 213 211 210
f 202 214 201
f 96 216 54
f 92 43 44
f 97 246 100
f 250 229 228
f 252 58 253
f 258 256 255
f 260 229 259
f 110 112 113
f 114 263 109
f 265 267 266
f 56 270 269
f 274 249 250
f 185 63 64
f 280 278 276
f 285 283 157
f 288 211 212
f 141 92 46
f 289 175 176
f 148 105 106
f 312 170 171
f 238 42 43
f 318 160 317
f 310 308 307
f 241 325 324
f 160 240 317
f 47 307 308
f 108 315 164
f 345 86 119
f 348 350 349
f 356 358 357
f 355 353 352
f 363 32 362
f 149 150 176
f 364 253 365
f 366 368 367
f 183 371 63
f 163 161 160
f 209 101 208
f 378 165 166
f 379 381 380
f 383 3 4
f 284 386 385
f 387 389 388
f 391 229 249
f 73 397 396
f 405 407 406
f 203 411 410
f 414 413 412
f 1 357 4
f 277 131 275
f 254 57 58
f 358 415 351
f 417 386 408
f 401 192 420
f 419 127 143
f 421 182 422
f 103 302 409
f 428 368 174
f 380 359 356
f 62 266 323
f 140 431 430
f 357 351 348
f 356 379 380
f 415 403 434
f 437 436 435
f 438 440 439
f 188 450 449
f 452 454 453
f 265 181 421
f 224 64 225
f 237 213 427
f 275 128 458
f 281 460 459
f 50 79 461
f 73 282 281
f 468 466 465
f 390 352 359
f 482 484 483
f 489 487 486
f 493 495 494
f 472 470 469
f 502 500 499
f 220 222 223
f 512 143 66
f 518 511 80
f 513 230 286
f 205 31 244
f 189 451 188
f 163 532 8
f 533 225 251
f 446 447 412
f 335 540 334
f 544 546 545
f 329 291 292
f 199 262 238
f 385 416 550
f 532 191 247
f 363 118 243
f 236 237 250
f 578 580 579
f 573 571 570
f 561 562 272
f 241 259 240
f 590 592 591
f 545 595 594
f 503 155 504
f 606 624 623
f 478 480 479
f 646 648 647
f 590 689 684
f 564 651 650
f 728 184 727
f 714 716 715
f 692 575 693
f 541 581 578
f 346 248 400
f 161 230 160
f 128 94 95
f 698 704 703
f 574 576 575
f 290 401 328
f 630 725 726
f 733 735 734
f 755 496 493
f 759 481 760
f 757 762 761
f 764 466 467
f 768 9260 9261
f 759 488 489
f 492 475 771
f 474 769 473
f 773 465 772
f 771 486 483
f 484 775 491
f 774 489 486
f 495 764 756
f 495 761 494
f 137 784 136
f 325 797 547
f 165 51 52
f 369 29 370
f 730 568 569
f 90 301 89
f 243 516 242
f 800 806 805
f 817 808 816
f 816 823 822
f 306 447 807
f 815 809 808
f 829 828 825
f 726 501 502
f 274 424 423
f 879 881 880
f 884 879 885
f 219 217 211
f 906 904 897
f 455 205 542
f 898 830 829
f 903 880 881
f 906 897 898
f 377 519 165
f 923 948 946
f 946 951 950
f 8963 739 8961
f 900 886 880
f 225 65 144
f 182 442 422
f 809 947 824
f 954 962 961
f 927 965 966
f 885 880 886
f 925 966 967
f 343 341 340
f 965 971 968
f 968 970 969
f 972 969 973
f 963 981 978
f 336 338 339
f 992 827 828
f 810 996 959
f 1007 1002 1008
f 1012 827 1009
f 1011 1007 1008
f 294 292 291
f 907 920 919
f 1017 1019 1018
f 1020 1022 1021
f 1035 1020 1044
f 1061 1047 1046
f 1063 1046 1062
f 1044 1021 1045
f 1102 1097 1109
f 1116 1118 1117
f 1016 1014 1013
f 881 904 903
f 816 1127 817
f 1094 949 1097
f 514 167 515
f 146 81 82
f 1133 1130 1129
f 1102 1126 822
f 822 1116 816
f 1145 1148 1136
f 1076 1151 1069
f 1148 1086 1087
f 1109 1114 1136
f 1154 1156 1155
f 1153 967 1156
f 8815 463 9166
f 1144 1152 1151
f 1156 1163 1162
f 1164 1169 1165
f 1145 1176 1147
f 1114 1154 1171
f 1183 1164 1177
f 1184 1177 1185
f 1069 1062 1064
f 1023 1194 1022
f 1162 1170 1169
f 1195 1185 1191
f 1183 1176 1155
f 1201 1152 1196
f 1061 1201 1202
f 9277 843 9288
f 1203 1195 1034
f 1202 1184 1195
f 1218 1203 1217
f 1060 1202 1203
f 1225 1217 1219
f 671 694 670
f 1219 1024 1035
f 1217 1034 1024
f 1226 1015 1227
f 1243 1234 1233
f 1231 1229 1228
f 847 1233 843
f 843 1244 878
f 1233 1245 1244
f 1923 233 216
f 2100 499 500
f 9366 2135 9352
f 61 323 505
f 210 217 457
f 1299 1309 1300
f 9315 1231 9314
f 1066 1321 1322
f 1322 1228 1229
f 1060 1321 1047
f 1325 1323 1310
f 1244 1332 1330
f 1290 1242 1288
f 1337 1339 1338
f 1330 1340 1339
f 1341 1245 1294
f 1342 1332 1341
f 1343 1341 1344
f 1344 1294 1293
f 9309 1345 1346
f 1347 1342 1343
f 9308 1295 1345
f 1349 1348 1347
f 9313 1347 9305
f 9305 1343 9309
f 906 829 1353
f 905 1353 1354
f 865 1355 1357
f 1355 829 825
f 1357 825 826
f 1356 1353 1355
f 9286 1338 9285
f 866 1356 865
f 1358 1354 1356
f 9280 1337 9286
f 838 1012 841
f 1363 1338 1339
f 1368 1339 1340
f 1348 1340 1342
f 1371 9276 9281
f 524 526 523
f 528 530 527
f 1372 1369 1371
f 535 537 538
f 1367 1348 1350
f 1370 1359 1369
f 1369 9285 9276
f 1373 903 904
f 555 557 558
f 1374 910 1373
f 1373 905 1375
f 1374 1375 1376
f 1375 1354 1370
f 1378 908 1377
f 376 651 1387
f 1388 973 969
f 586 588 585
f 1390 1388 1391
f 1391 969 970
f 597 599 596
f 600 602 603
f 1392 970 979
f 608 610 607
f 612 523 611
f 614 616 613
f 617 25 24
f 620 622 619
f 1397 1391 1392
f 1398 1392 1399
f 1400 920 1378
f 1402 1165 1169
f 636 638 635
f 930 1402 929
f 641 643 644
f 929 1169 1170
f 1404 1403 1402
f 1411 1365 1406
f 1412 1415 1414
f 652 654 655
f 609 657 658
f 659 661 662
f 558 586 585
f 665 667 664
f 1413 1406 1412
f 1418 9262 9265
f 1417 1371 1416
f 1416 9281 9262
f 1419 1416 1418
f 1386 1374 1420
f 677 679 676
f 1385 1420 1421
f 1420 1376 1422
f 685 687 688
f 1421 1422 1423
f 528 691 658
f 1422 1372 1417
f 1018 747 1425
f 699 701 702
f 1424 579 1017
f 9115 1767 9112
f 700 711 712
f 1093 9206 1571
f 717 530 719
f 721 723 720
f 704 8987 8998
f 19 1426 1430
f 1429 1427 1426
f 1658 8986 8988
f 1439 1434 1438
f 1437 1435 1434
f 1426 1433 1432
f 1442 1432 1440
f 742 744 745
f 1432 1441 1440
f 751 753 750
f 1438 1403 1405
f 1446 1444 1443
f 1447 1446 1443
f 9312 1443 9300
f 1415 1445 1446
f 1414 1446 1448
f 2173 469 470
f 777 779 686
f 780 782 783
f 1676 1806 1675
f 9311 1349 9313
f 789 791 788
f 745 793 742
f 652 795 653
f 1455 1457 1456
f 1454 1350 1452
f 610 802 801
f 9283 698 703
f 1352 1045 1351
f 1015 1459 1460
f 811 813 814
f 2118 9269 2117
f 819 821 818
f 1466 1194 1190
f 1467 1465 1466
f 1182 1468 1467
f 832 833 831
f 835 837 834
f 1467 1190 1182
f 1469 1444 1445
f 840 712 690
f 1453 1469 1454
f 599 845 846
f 1226 9301 9307
f 851 853 850
f 855 856 854
f 858 860 857
f 861 863 864
f 1014 9307 9310
f 867 868 869
f 870 872 873
f 874 876 877
f 1310 1471 1309
f 1476 1427 1475
f 1461 1475 1460
f 887 889 890
f 788 892 891
f 894 896 893
f 1460 1227 1015
f 901 524 612
f 1465 1477 1464
f 1865 8944 1864
f 911 913 914
f 916 918 915
f 1850 8951 1851
f 921 895 894
f 1479 1436 1478
f 926 667 601
f 1481 563 1480
f 269 84 1482
f 931 933 916
f 934 614 869
f 936 688 937
f 938 662 939
f 1484 122 123
f 941 835 834
f 320 509 510
f 1849 8949 1850
f 84 1484 83
f 1487 1488 539
f 1757 8946 8953
f 365 1491 364
f 461 80 511
f 117 362 1496
f 1494 541 1495
f 926 957 958
f 1477 1433 1476
f 1709 1585 1700
f 119 1496 345
f 271 504 156
f 511 189 186
f 345 1492 365
f 255 344 254
f 57 299 132
f 1501 268 1500
f 267 1499 145
f 974 976 977
f 1678 1693 1676
f 9298 1807 9292
f 557 663 558
f 983 984 985
f 1443 9301 9300
f 421 268 265
f 989 991 988
f 1490 418 1504
f 279 309 310
f 997 676 679
f 998 999 875
f 1504 38 1505
f 1506 1507 1486
f 360 1508 1506
f 1506 207 360
f 939 1006 938
f 270 1483 269
f 66 546 512
f 1010 793 935
f 367 437 1509
f 244 363 243
f 1670 8978 1669
f 209 1510 226
f 235 1512 1511
f 1511 234 235
f 388 426 425
f 427 250 237
f 161 521 231
f 100 45 44
f 1025 608 1027
f 1029 1031 1028
f 939 1033 1032
f 41 594 99
f 1036 783 1037
f 702 1038 1039
f 1040 1042 1043
f 362 369 1493
f 187 477 186
f 70 539 198
f 1511 1521 234
f 1049 603 1048
f 613 869 614
f 860 1051 857
f 1005 1053 1006
f 753 1056 1054
f 1057 1059 1055
f 293 1522 292
f 288 1521 1522
f 292 1523 329
f 331 1508 1524
f 306 453 305
f 100 41 99
f 462 78 79
f 330 1524 462
f 635 1068 636
f 1485 1526 1528
f 206 1528 1510
f 1070 1072 831
f 942 1073 1074
f 916 1075 917
f 440 1530 439
f 157 1514 285
f 1529 5 1530
f 371 546 63
f 790 663 791
f 1077 857 1078
f 1403 1435 1165
f 1080 1082 1079
f 531 1529 440
f 21 1084 1085
f 272 1531 561
f 137 396 397
f 690 802 691
f 335 9011 581
f 1090 1029 1091
f 1092 794 1042
f 1533 137 138
f 661 1095 1096
f 69 445 72
f 1099 1101 1098
f 38 1536 1505
f 1104 1106 1103
f 852 1108 853
f 1377 909 1386
f 291 411 294
f 316 516 33
f 539 1533 534
f 1505 316 313
f 1110 1112 1113
f 1539 460 264
f 522 1537 1539
f 834 1120 1119
f 1122 1124 1121
f 612 1041 901
f 935 615 614
f 276 130 131
f 1686 8966 1685
f 193 1541 273
f 231 1540 287
f 556 982 557
f 365 85 345
f 190 318 1541
f 1810 9018 8972
f 9376 8956 9243
f 1132 985 1131
f 208 102 132
f 1134 662 661
f 1491 80 77
f 429 1542 147
f 1137 915 918
f 172 428 174
f 1139 1141 1142
f 549 54 55
f 1517 1518 296
f 976 1146 938
f 834 984 941
f 1543 286 115
f 1544 239 513
f 133 1544 1542
f 506 257 258
f 420 328 401
f 1158 1160 1157
f 587 1103 588
f 1513 1514 151
f 607 1027 608
f 304 1545 303
f 364 77 506
f 69 198 139
f 1006 976 938
f 700 1112 701
f 9329 8969 9239
f 1166 657 656
f 1167 858 1077
f 1300 8968 1299
f 1172 1174 1175
f 218 200 217
f 1179 1181 1178
f 372 97 98
f 89 227 88
f 1186 1188 1189
f 172 1517 1549
f 1482 81 1498
f 1090 1193 1030
f 394 353 1551
f 526 1198 1197
f 811 858 812
f 1199 1026 1025
f 606 697 696
f 1204 1206 743
f 1207 523 526
f 1209 867 613
f 914 685 936
f 1478 1441 1477
f 1029 1161 1091
f 1211 1213 1214
f 9310 1451 9311
f 844 1216 845
f 423 273 274
f 1220 1222 1083
f 22 1224 23
f 882 897 881
f 1519 173 387
f 1189 1232 1178
f 349 550 416
f 1071 1236 1072
f 1237 1239 745
f 1221 1189 1240
f 1510 1512 333
f 939 1241 1005
f 1556 5 67
f 1553 394 1551
f 404 67 347
f 1247 1249 1246
f 142 238 92
f 1251 635 1250
f 850 1253 851
f 1254 1077 1255
f 57 133 429
f 443 552 551
f 1187 1175 1188
f 1256 831 833
f 432 382 383
f 741 747 746
f 434 351 415
f 349 383 348
f 251 1481 1480
f 395 352 353
f 1518 1550 1551
f 1558 378 340
f 109 314 315
f 285 1513 407
f 395 393 392
f 202 410 1558
f 417 405 432
f 1246 1258 1247
f 3 297 2
f 1259 1261 1262
f 403 347 284
f 955 953 952
f 462 51 330
f 1096 687 1263
f 429 60 57
f 896 1265 932
f 1267 1268 1266
f 423 327 420
f 37 180 40
f 20 1187 1186
f 1256 1071 1070
f 155 156 504
f 1188 1269 1232
f 1236 1271 1262
f 1272 535 621
f 565 463 464
f 1273 745 1239
f 876 1255 1274
f 316 164 315
f 437 503 1509
f 194 1495 197
f 1275 864 863
f 624 631 630
f 1277 1137 1278
f 569 567 566
f 1481 125 366
f 324 547 326
f 1279 1107 1280
f 1525 329 1523
f 1281 1137 918
f 171 1553 1552
f 1488 396 1533
f 1557 1562 1559
f 1282 1206 1205
f 1053 1278 1281
f 778 607 1283
f 713 9010 9013
f 251 144 124
f 4 348 383
f 709 707 706
f 728 45 246
f 261 1563 544
f 789 1287 790
f 74 263 282
f 403 385 434
f 1178 1240 1189
f 1223 1289 1224
f 158 150 151
f 1220 1186 1221
f 296 354 433
f 784 1538 1566
f 1181 1291 1222
f 1269 1257 1246
f 1566 438 399
f 136 1566 1564
f 1563 169 1565
f 107 109 108
f 1297 1298 1296
f 1464 1476 1461
f 1520 507 508
f 1301 1303 1304
f 1306 1308 1305
f 175 1532 272
f 1532 200 201
f 1311 1312 1313
f 872 1315 1316
f 1317 1318 1319
f 9288 878 9280
f 1305 864 1276
f 1040 863 1320
f 1564 399 169
f 592 1575 591
f 591 1088 689
f 1581 1583 1582
f 1196 1147 1176
f 710 583 713
f 285 408 386
f 953 961 963
f 1594 1589 1593
f 1585 1587 1586
f 1592 1590 1589
f 9337 944 9351
f 1600 1598 1597
f 1604 1602 1601
f 1399 979 980
f 1589 1596 1595
f 1610 1608 1607
f 298 361 360
f 551 276 277
f 1627 9266 9271
f 859 818 860
f 1078 1328 1329
f 1555 1530 1556
f 572 680 681
f 772 776 774
f 977 918 917
f 404 392 393
f 1054 750 753
f 1644 1643 1642
f 932 1082 933
f 1067 1334 1068
f 1540 264 114
f 597 643 1336
f 471 762 470
f 1642 9283 9294
f 1644 9294 9295
f 923 950 927
f 96 548 95
f 520 522 521
f 445 443 442
f 849 848 842
f 480 755 493
f 1646 481 1639
f 311 1567 170
f 464 8941 8939
f 8941 1361 8939
f 234 236 235
f 190 192 191
f 153 152 149
f 231 286 230
f 1552 1551 1550
f 760 1648 488
f 9284 1649 9282
f 828 826 825
f 52 166 165
f 1663 1661 1660
f 287 115 286
f 668 670 669
f 634 640 639
f 553 559 554
f 118 33 516
f 492 491 490
f 8996 1651 8997
f 582 584 583
f 384 392 415
f 1381 1383 1380
f 1562 435 436
f 952 951 947
f 8973 583 584
f 1660 1667 1666
f 1394 1396 1393
f 1660 1664 1663
f 1671 1669 1668
f 1624 1673 1672
f 1407 1409 1410
f 1677 1675 1674
f 1613 1677 1625
f 1679 1676 1677
f 1626 9263 9266
f 534 198 539
f 176 150 159
f 803 734 800
f 400 191 192
f 65 143 144
f 8970 1656 8984
f 402 157 283
f 629 627 626
f 461 49 50
f 758 495 756
f 796 786 785
f 406 1513 1560
f 342 166 167
f 1694 1658 1695
f 1692 1694 1696
f 9001 1652 8996
f 9373 1703 9375
f 326 302 90
f 9368 1702 1706
f 9371 1698 1701
f 1699 9379 9370
f 1557 1560 1561
f 1127 1117 1128
f 400 289 346
f 1706 1707 1708
f 1707 1599 1600
f 1709 1708 1588
f 1714 1711 1713
f 9371 1709 1700
f 1704 1577 1703
f 1716 1713 1715
f 1559 1549 297
f 1722 1720 1719
f 1335 596 1489
f 410 377 378
f 973 1163 972
f 168 399 398
f 1571 1089 1093
f 1572 682 1571
f 749 647 754
f 1730 1723 1729
f 1594 1729 1592
f 1729 1591 1592
f 1731 1730 1583
f 1384 1377 1379
f 1732 1712 1714
f 1724 1731 1732
f 1712 1731 1580
f 1722 1732 1733
f 1721 1733 1734
f 1734 1716 1717
f 1735 1736 1697
f 1733 1714 1716
f 1663 1741 1668
f 1742 1740 1743
f 1738 1737 1735
f 1665 1666 1740
f 1665 1744 1664
f 1725 1746 1745
f 1591 1745 1590
f 1590 1747 1596
f 1745 1748 1747
f 1659 8982 8986
f 5650 8989 5617
f 1185 1182 1190
f 1664 1749 1741
f 1741 1739 1738
f 1746 1743 1748
f 1726 1742 1746
f 1153 924 925
f 1115 1153 1154
f 1654 9019 1655
f 1896 8993 1686
f 1720 1744 1726
f 1721 1749 1720
f 1750 1701 1698
f 1697 1750 1696
f 1151 1063 1062
f 1751 1670 1671
f 1695 1752 1751
f 961 986 981
f 1770 1768 1767
f 1766 1593 1765
f 1731 1579 1580
f 1579 1774 1578
f 9380 1771 9381
f 1764 9380 9369
f 1777 1775 1774
f 9214 1699 1700
f 1004 1128 1003
f 1774 1771 1772
f 987 1399 980
f 1578 1772 1764
f 1783 1781 1778
f 1597 1770 1767
f 639 9347 9336
f 9380 1769 1770
f 1793 1789 1788
f 9381 1798 1769
f 8952 9225 1806
f 1802 9376 9374
f 1788 1794 1793
f 1793 1795 1776
f 9225 1675 1806
f 1584 1783 1789
f 1771 9372 9381
f 1801 1798 1800
f 1768 1798 1799
f 1775 1797 1771
f 508 515 1520
f 1796 1802 1797
f 1800 9372 9374
f 1794 1804 1795
f 8976 1752 8991
f 485 1807 775
f 9261 1640 768
f 9289 1810 1653
f 485 1640 1808
f 1690 9222 9224
f 487 1648 1811
f 9291 1816 9274
f 9290 1648 9282
f 9291 1811 9290
f 1812 487 1811
f 1641 767 768
f 465 755 776
f 767 9275 9260
f 9274 9278 9299
f 1809 1815 767
f 9289 1651 9292
f 675 8985 8940
f 1814 1822 1821
f 1821 9273 9272
f 1824 1649 1825
f 1827 1850 1805
f 1668 1662 1663
f 1779 1848 1828
f 1790 1805 1794
f 1833 1853 1852
f 8965 693 575
f 1614 1616 1617
f 1852 8942 8945
f 1620 1622 1623
f 1855 1574 1861
f 1847 8945 8957
f 1766 1855 1782
f 1629 1631 1628
f 1633 1634 1632
f 1635 1637 1638
f 1848 1852 1847
f 1855 1863 1862
f 1803 1867 1802
f 1862 1831 1832
f 1782 1862 1781
f 9374 1865 1800
f 1873 1870 1869
f 1874 799 804
f 2045 9349 2044
f 1219 1295 1225
f 1615 1396 1395
f 9336 1877 1876
f 645 9238 9003
f 1345 1035 1346
f 634 9336 9332
f 15 1327 14
f 9362 1878 1893
f 1894 605 1893
f 8950 627 693
f 9004 645 9003
f 340 454 1558
f 1897 195 1898
f 1889 1877 1890
f 1901 129 1900
f 196 754 232
f 1705 9373 9368
f 340 166 343
f 1570 563 561
f 1904 194 1897
f 1781 1832 1780
f 1905 55 1906
f 1000 995 996
f 986 920 987
f 1191 1190 1194
f 2094 2075 2093
f 1920 1919 1915
f 453 1912 1911
f 1915 1918 1916
f 9334 2106 9353
f 1655 8975 1868
f 1916 1926 1925
f 704 9005 703
f 278 1925 1900
f 9009 1818 1820
f 1097 1115 1114
f 1927 727 1923
f 9030 9106 9210
f 1920 307 1929
f 1929 48 728
f 503 1497 1509
f 1902 787 796
f 1816 9272 9278
f 1925 1923 1924
f 1535 1568 1534
f 254 258 255
f 1509 366 367
f 119 35 36
f 219 293 294
f 141 47 431
f 542 244 245
f 1940 430 431
f 1779 1827 1790
f 1701 9367 9371
f 1661 8959 1667
f 270 754 647
f 197 749 196
f 1727 1212 1211
f 53 232 754
f 1465 1479 1478
f 1284 9306 1293
f 1951 412 413
f 168 1554 1553
f 1486 206 207
f 506 78 361
f 994 1007 993
f 951 963 964
f 1013 9313 1351
f 9278 1820 1818
f 1498 1954 1482
f 299 543 132
f 1754 1756 1753
f 1681 1683 1682
f 1696 1695 1697
f 13 738 737
f 473 475 474
f 482 768 1640
f 204 30 205
f 1761 820 819
f 611 1125 612
f 1501 1908 1909
f 1074 711 699
f 1960 82 83
f 120 1960 123
f 35 87 34
f 1773 1025 1031
f 1965 1569 1535
f 494 471 479
f 1966 1969 1968
f 446 1971 1967
f 174 125 126
f 1580 1578 1577
f 1785 1787 1784
f 1972 304 305
f 1254 875 999
f 1973 342 514
f 321 1973 509
f 1910 275 1907
f 509 514 508
f 1486 1527 1485
f 1974 804 1975
f 1977 1974 1978
f 1980 1966 1981
f 379 2 295
f 1718 1710 1701
f 884 992 883
f 1680 1678 1679
f 902 525 524
f 344 256 299
f 135 137 136
f 236 228 333
f 448 1967 1966
f 589 604 584
f 910 908 907
f 1981 1968 1987
f 1982 1987 1979
f 1988 1987 1989
f 1990 1989 1991
f 1991 1993 1992
f 322 320 319
f 992 830 883
f 1144 1086 1143
f 1995 1978 1994
f 1133 1118 1126
f 1997 1994 1996
f 870 1335 1489
f 805 1982 1998
f 727 2000 1999
f 1996 1988 1990
f 1994 1979 1988
f 1829 792 1273
f 1830 941 983
f 798 800 799
f 729 731 730
f 2011 2023 2022
f 1834 846 1159
f 402 284 347
f 2022 2024 2025
f 1838 989 988
f 810 952 809
f 1823 1840 644
f 1430 1432 1431
f 1215 1841 1079
f 149 176 177
f 1316 873 872
f 2112 1384 2106
f 1842 1844 1845
f 1159 845 1160
f 837 1846 1120
f 1971 2030 2027
f 517 370 189
f 858 833 812
f 1471 2027 1888
f 8995 626 627
f 2174 770 490
f 935 1854 1010
f 1613 1611 1618
f 1231 1225 1295
f 1856 891 892
f 1300 748 741
f 1150 1858 1859
f 1643 696 1642
f 1215 1264 1216
f 1320 902 901
f 1956 1944 1960
f 2031 669 1474
f 2034 1310 1299
f 1879 1656 1657
f 40 242 39
f 1992 2039 1456
f 888 957 889
f 1882 1996 1990
f 1078 1255 1077
f 1871 1192 1090
f 294 218 219
f 1323 2026 1471
f 123 83 1484
f 1324 2041 1323
f 384 359 352
f 1324 2038 2036
f 1883 1885 1829
f 287 114 107
f 1096 1134 661
f 915 931 916
f 806 1981 1982
f 8977 584 604
f 1425 2042 1018
f 1018 1948 1017
f 9006 740 8963
f 1948 649 646
f 1881 1990 1991
f 1900 130 278
f 992 994 993
f 923 925 924
f 9330 2047 9328
f 1643 625 606
f 2050 2051 2049
f 2045 1404 2047
f 9328 945 9337
f 1139 1079 1841
f 1037 892 982
f 2055 2057 2056
f 1198 718 717
f 1619 1612 1611
f 2058 1606 2059
f 2059 1607 2058
f 2058 1624 1605
f 71 179 37
f 405 1557 382
f 976 1006 977
f 322 1972 1911
f 2061 2063 2062
f 2066 2067 1825
f 2052 2064 2051
f 1609 2066 1647
f 1515 152 1516
f 1009 993 1007
f 1644 9267 2118
f 279 1916 278
f 1285 9314 1284
f 1647 1825 1649
f 2056 2067 2065
f 319 1953 1952
f 667 1913 1914
f 2070 625 2048
f 2052 2055 2063
f 2038 1655 1458
f 1606 2073 2072
f 1235 1270 1236
f 2072 2075 2074
f 2059 2072 2062
f 2074 2077 2076
f 1601 2078 2073
f 2049 1643 1645
f 1000 1001 994
f 1089 684 689
f 1931 1306 1930
f 1462 1021 1022
f 1932 1934 1935
f 875 1846 998
f 1936 1937 1938
f 44 46 92
f 1534 1956 120
f 1541 317 391
f 2081 2084 2083
f 146 1959 300
f 1360 1942 1361
f 985 1032 1033
f 1995 1892 2043
f 2079 2082 2081
f 2095 2076 2077
f 2081 2078 2079
f 2055 2054 2053
f 501 2095 500
f 2097 2099 2098
f 2098 2094 2083
f 2140 9345 9318
f 2141 9346 9345
f 2051 2048 2049
f 592 2101 1576
f 2071 2076 2096
f 2102 2098 2101
f 593 2102 592
f 1019 746 747
f 1950 12 1327
f 725 2096 501
f 1385 2104 1379
f 1379 2106 1384
f 2107 2100 2097
f 9360 502 9348
f 9348 499 9353
f 940 2109 944
f 928 1170 973
f 9320 684 9351
f 1962 1964 1961
f 9330 573 9349
f 2039 1968 1969
f 1389 2110 2109
f 1398 2113 1397
f 9209 9205 9195
f 9363 2107 2103
f 949 924 1115
f 260 324 326
f 1390 2113 2110
f 2070 2064 2071
f 9319 2103 593
f 2105 1421 2114
f 2114 1423 2115
f 9344 2115 9355
f 9360 2114 9344
f 554 1902 553
f 972 967 966
f 1765 1573 1574
f 1984 1986 1983
f 2053 2069 2057
f 9017 724 714
f 1625 1674 1673
f 9333 2119 2122
f 9355 2123 9356
f 56 1906 55
f 626 9331 629
f 2001 2003 2004
f 9364 2127 9359
f 2006 2008 2009
f 2127 1412 2128
f 2014 2016 2017
f 2018 2020 2021
f 1495 1947 197
f 1379 1386 1385
f 9266 1680 1618
f 2029 1884 2028
f 9354 2120 9339
f 629 9366 9324
f 682 943 1089
f 724 2121 716
f 1757 9273 9297
f 765 9296 9261
f 9303 715 9304
f 706 9322 9324
f 981 987 980
f 1457 1656 1880
f 2017 2032 2033
f 1458 1868 1457
f 1776 1792 1793
f 1959 1946 1958
f 9115 9177 9113
f 9365 2122 9302
f 1093 689 1088
f 966 968 972
f 9304 9333 9365
f 2172 2170 2171
f 670 2137 669
f 9213 1903 233
f 1429 28 1449
f 964 978 971
f 9293 1413 2127
f 1473 669 2137
f 9286 1359 1358
f 2138 1870 2137
f 1872 2137 1870
f 715 9340 9333
f 1881 1992 1880
f 9295 739 740
f 1837 8957 8958
f 253 59 85
f 1808 9292 1807
f 1647 9270 1609
f 9317 671 668
f 2112 9335 2111
f 1405 2044 1438
f 9281 1364 1366
f 273 391 249
f 576 8964 8999
f 9327 668 2031
f 1430 2140 2139
f 2136 9312 28
f 1430 18 19
f 9345 570 695
f 1442 2046 2141
f 1431 2141 2140
f 9321 9302 2136
f 9260 1817 766
f 9318 695 671
f 2142 798 2138
f 571 2142 694
f 9271 1618 1611
f 2143 2025 2142
f 694 2138 670
f 681 2144 572
f 2144 2022 2143
f 328 457 290
f 1572 2011 2144
f 630 9355 624
f 2085 2087 2088
f 2090 2092 2089
f 572 2143 571
f 1875 2153 2149
f 1873 2149 2154
f 2103 2097 2102
f 2157 2155 2156
f 2128 1414 2120
f 9326 589 582
f 9324 628 629
f 2149 2158 2159
f 2159 9357 9342
f 698 9354 705
f 9275 9279 1817
f 2158 9326 9357
f 1438 2046 1439
f 2035 2160 2161
f 2161 9341 9338
f 9323 605 589
f 9325 18 9327
f 370 61 451
f 649 413 648
f 2153 2156 2158
f 1428 1449 1450
f 1490 73 1488
f 9342 710 633
f 2155 9343 9323
f 1456 1880 1992
f 2125 2087 2124
f 2160 9342 9341
f 300 505 323
f 1064 1046 1065
f 2043 1891 2155
f 2129 2004 2003
f 2131 2133 2134
f 9300 1450 1449
f 1998 804 805
f 9331 9316 9366
f 474 490 770
f 1164 1182 1177
f 707 9361 9322
f 708 2162 707
f 2162 9338 9361
f 548 1905 458
f 1145 1114 1171
f 705 1650 704
f 2043 1977 1995
f 737 554 559
f 1034 1191 1023
f 458 1907 275
f 195 232 233
f 2040 1969 1970
f 2145 2147 2148
f 2054 2049 1645
f 9284 1639 9270
f 9 11 10
f 252 506 258
f 472 479 471
f 1865 9243 8947
f 900 910 907
f 1941 2151 1942
f 1921 1927 1919
f 2163 1898 2116
f 271 153 178
f 1904 12 9
f 282 264 460
f 1872 2154 2035
f 1326 1897 2163
f 628 693 627
f 1724 1719 1723
f 1549 436 172
f 1582 1730 1729
f 1921 1929 1928
f 9007 10 11
f 2152 1950 1949
f 475 774 771
f 769 2171 473
f 2171 476 473
f 476 772 475
f 1791 464 1760
f 2166 2168 2169
f 595 372 98
f 483 1641 482
f 762 2173 470
f 771 484 492
f 486 1809 483
f 297 1517 296
f 763 2174 762
f 776 759 489
f 184 2176 2000
f 412 303 414
f 2005 185 224
f 9263 1682 9298
f 2164 756 764
f 1472 2161 2162
f 950 964 965
f 2177 2179 2180
f 227 1510 333
f 764 467 2164
f 2182 2184 2181
f 2186 2018 2185
f 1985 2181 1986
f 214 729 1531
f 1545 1546 1569
f 865 842 866
f 849 1357 1362
f 452 1558 454
f 559 3188 737
f 16 737 3188
f 560 498 374
f 3193 3195 3194
f 3200 3198 3199
f 3211 3213 3212
f 3215 3217 3216
f 2187 2002 2001
f 3233 3235 3234
f 3223 3222 3224
f 3229 3231 3230
f 3245 3247 3246
f 2169 2189 2190
f 2192 2085 2191
f 2193 2195 2196
f 2198 2200 2197
f 1998 1979 1975
f 9116 9120 9123
f 3253 3255 3254
f 2116 1903 1902
f 1859 2009 1150
f 9356 2126 9358
f 1135 1087 1130
f 2201 2015 2014
f 1149 110 1858
f 3261 3263 3262
f 3269 3271 3270
f 3265 3267 3266
f 3229 3284 3283
f 3289 3291 3290
f 3299 3301 3300
f 3307 3264 3308
f 3293 3295 3294
f 3297 3224 3298
f 3319 3291 3320
f 3322 3318 3315
f 3314 3312 3311
f 3285 3287 3286
f 3332 3218 3215
f 3329 3330 3328
f 3324 3227 3298
f 3298 3326 3324
f 2203 2205 2206
f 579 1895 1019
f 1755 2208 1756
f 3337 3339 3338
f 9343 1893 605
f 1211 2150 1727
f 868 2210 2209
f 3347 3349 3348
f 944 930 940
f 2130 2202 2201
f 233 1898 195
f 665 750 666
f 1167 999 618
f 2211 2213 2214
f 2215 2217 2218
f 9319 590 9320
f 2220 220 2219
f 823 948 1094
f 3375 3377 3376
f 3393 3391 3390
f 3353 3357 3356
f 3363 3365 3364
f 3402 3404 3403
f 266 455 265
f 9334 2107 9335
f 2221 8963 8961
f 2223 2225 2226
f 2207 2124 2208
f 3293 3336 3286
f 673 9321 9316
f 817 996 815
f 2227 2146 2145
f 1947 646 749
f 9352 17 9325
f 2229 1638 1381
f 1679 1618 1680
f 1637 2232 2230
f 2233 1617 1616
f 2231 2236 2237
f 3406 3408 3407
f 1381 2238 1382
f 9038 2242 9039
f 3414 3341 3415
f 1630 2233 1631
f 1681 472 469
f 1408 2243 2244
f 3423 3425 3424
f 3433 3263 3307
f 3434 3430 3435
f 3440 3442 3441
f 3444 3446 3445
f 3436 3450 3439
f 3442 3456 3455
f 1637 2238 1638
f 3445 3437 3438
f 3448 3440 3449
f 1409 1634 2245
f 1380 2247 2246
f 1628 2245 1621
f 3463 3465 3464
f 3308 3462 3307
f 2249 1622 1633
f 1632 1408 2244
f 2248 1631 2250
f 3478 3480 3479
f 3509 3511 3510
f 2235 1637 1636
f 3505 3507 3506
f 3457 3199 3198
f 631 2071 725
f 515 52 49
f 782 2251 1251
f 2253 2255 2252
f 397 459 784
f 1456 2040 1455
f 2040 2036 1455
f 3434 3518 3517
f 1401 2111 1398
f 2041 1970 2026
f 3367 3338 3368
f 1535 414 1965
f 1586 2080 2079
f 2256 1132 1886
f 3528 3530 3529
f 3519 3520 3517
f 3537 3506 3538
f 3543 3545 3544
f 1700 9370 9371
f 3486 3550 3549
f 3455 3497 3563
f 3558 3559 3323
f 3456 3500 3497
f 3572 3252 3249
f 3308 3285 3569
f 3316 3574 3573
f 3575 3479 3533
f 3576 3578 3577
f 3580 3582 3581
f 3584 3586 3585
f 3505 3588 3503
f 3589 3591 3590
f 3600 3602 3601
f 3542 3595 3594
f 3604 3592 3589
f 3611 3613 3612
f 3622 3624 3623
f 3618 3620 3619
f 3626 3628 3627
f 3644 3646 3645
f 3634 3636 3635
f 3638 3641 3640
f 9267 1686 9269
f 1263 1886 1096
f 3613 3654 3614
f 598 844 599
f 2257 2259 2260
f 2258 2262 2259
f 2259 2263 2216
f 2260 2216 2215
f 1967 1970 1969
f 2212 1963 2213
f 922 2218 2217
f 1312 1101 2264
f 1307 1286 789
f 1548 1546 1972
f 2266 2268 2265
f 2265 2270 2269
f 2272 2269 2271
f 2273 2265 2272
f 2275 2277 2274
f 2278 2277 2279
f 2284 9069 9091
f 2287 2286 2281
f 2288 2283 2287
f 2290 9091 9072
f 2291 2293 2294
f 2295 2294 2279
f 2296 2291 2295
f 2297 2292 2291
f 2294 2299 2300
f 2279 2300 2278
f 2298 2302 2292
f 2292 2303 2293
f 2293 2304 2299
f 2304 2306 2299
f 2306 2300 2299
f 2308 2310 2307
f 2302 2310 2303
f 2301 2307 2302
f 2312 2307 2311
f 2313 2315 2316
f 2318 2320 2317
f 9200 2322 2323
f 2324 2273 2326
f 2313 2326 2327
f 2328 2313 2316
f 2329 2324 2328
f 2331 2333 2330
f 2330 2267 2266
f 2325 2266 2273
f 2329 2330 2325
f 2333 2335 2267
f 2336 2333 2332
f 2338 2332 2337
f 2331 2337 2332
f 2329 2339 2331
f 2328 2340 2329
f 2316 2341 2328
f 2342 2315 2343
f 2344 2346 2347
f 2341 2347 2340
f 2342 2344 2341
f 2348 2345 2344
f 2350 2352 2353
f 2339 2353 2337
f 2340 2350 2339
f 2347 2351 2350
f 2337 2354 2338
f 2353 2355 2354
f 2356 2276 2357
f 2356 2358 2359
f 2356 2296 2295
f 2279 2356 2295
f 2360 2270 2268
f 2267 2360 2268
f 2362 2364 2365
f 2362 2361 2358
f 2366 2358 2357
f 2366 2363 2362
f 2357 2368 2366
f 2366 2369 2367
f 2276 2370 2368
f 2368 2282 2369
f 2372 2374 2371
f 2375 2377 2007
f 2378 2380 2381
f 2382 2381 2383
f 2384 2378 2382
f 2385 2379 2378
f 2388 2390 2387
f 2387 2392 2391
f 2393 2387 2391
f 2394 2388 2387
f 2186 2402 2400
f 2403 2327 2326
f 2272 2326 2273
f 2271 2403 2272
f 2405 2404 2403
f 2404 2408 2327
f 2409 2411 2412
f 2409 2271 2269
f 2413 2269 2270
f 2413 2410 2409
f 2417 2416 2418
f 2417 2406 2405
f 2412 2405 2271
f 2411 2417 2412
f 2406 2407 2404
f 9013 632 713
f 2420 2397 2421
f 2420 2423 2422
f 2424 2422 2419
f 2424 2398 2420
f 2425 2392 2426
f 2421 2426 2423
f 2397 2425 2421
f 2396 2391 2425
f 2427 2315 2314
f 2427 2408 2428
f 2430 2428 2429
f 2343 2427 2430
f 2432 2430 2431
f 2431 2429 2433
f 2435 2433 2434
f 2436 2431 2435
f 2428 2407 2437
f 2422 2407 2419
f 2438 2422 2423
f 2429 2437 2438
f 2440 2433 2439
f 2441 2433 2429
f 2442 2439 2441
f 2443 2440 2439
f 2445 2444 2443
f 2447 2443 2442
f 2383 2445 2447
f 2381 2446 2445
f 2448 2423 2426
f 2449 2426 2392
f 2441 2449 2442
f 2441 2438 2448
f 2449 2390 2450
f 2450 2389 2451
f 2447 2451 2383
f 2442 2450 2447
f 2451 2453 2452
f 2452 2455 2454
f 2382 2454 2384
f 2383 2452 2382
f 2456 2373 2372
f 2459 2461 2458
f 2463 2465 2462
f 2462 2285 2284
f 2466 2284 2290
f 2467 2462 2466
f 2461 9155 9153
f 2468 2470 2471
f 2472 2471 2473
f 2474 9153 9140
f 2475 2477 2478
f 2458 2453 2479
f 2479 2389 2388
f 2395 2479 2388
f 2480 2458 2479
f 2481 2483 2478
f 2484 2485 221
f 2471 2464 2463
f 2473 2463 2467
f 2487 2466 2486
f 2486 2290 2488
f 2490 2488 2489
f 2491 2486 2490
f 2492 2467 2487
f 2493 2487 2491
f 2494 2492 2493
f 2495 2473 2492
f 9142 2474 9140
f 9143 2496 9142
f 2498 2493 2499
f 2500 2499 2501
f 9152 2498 2500
f 9139 2494 2498
f 2306 2278 2300
f 2305 2504 2306
f 2504 2507 2506
f 2506 2288 2508
f 2274 2508 2275
f 2278 2506 2274
f 9085 2489 2488
f 9072 2488 2290
f 2507 2289 2288
f 2505 2509 2507
f 2508 2287 2511
f 2511 2281 2280
f 2370 2280 2282
f 2275 2511 2370
f 2512 2489 2513
f 2514 2513 2515
f 2517 2514 2516
f 2517 2490 2512
f 2499 2491 2517
f 2499 2516 2501
f 2510 2519 2518
f 2518 2521 2520
f 9068 2520 9073
f 9084 2518 9068
f 2522 2303 2310
f 2523 2310 2309
f 2305 2522 2524
f 2524 2523 2525
f 2519 2525 2521
f 2505 2524 2519
f 2308 2527 2526
f 2526 2529 2528
f 2531 2528 2530
f 2309 2526 2531
f 1214 2151 1211
f 2419 2418 2424
f 2533 2349 2317
f 2534 2317 2320
f 2535 2533 2534
f 2536 2345 2533
f 2537 2346 2536
f 2538 2536 2535
f 2539 2537 2538
f 2540 2351 2537
f 2312 2541 2527
f 2527 2542 2529
f 2543 2434 2544
f 2545 2544 2546
f 2319 2543 2545
f 2318 2435 2543
f 2514 2548 2547
f 2547 2550 2549
f 2552 2549 2551
f 2552 2514 2547
f 2520 2554 2553
f 2553 2556 2555
f 9042 2555 9045
f 9073 2553 9042
f 2523 2531 2557
f 2557 2530 2558
f 2525 2557 2559
f 2559 2558 2560
f 2554 2560 2556
f 2521 2559 2554
f 2561 2007 2006
f 2376 2225 2377
f 2564 2566 2563
f 2563 338 2567
f 2569 2567 2568
f 2570 2563 2569
f 2572 2574 2571
f 2571 2576 2575
f 2544 2575 2546
f 2544 2572 2571
f 2578 2569 2577
f 2579 2569 2568
f 2574 2579 2576
f 2573 2577 2574
f 2581 2583 2580
f 2584 2583 2585
f 9149 2580 2584
f 9128 2580 9127
f 2582 2552 2583
f 2583 2551 2585
f 2500 2589 2588
f 2590 2589 2591
f 9145 2588 2590
f 9147 2500 2588
f 2501 2591 2589
f 2592 2594 2595
f 2386 2503 2502
f 2596 2386 2374
f 2596 2373 2597
f 2599 2597 2598
f 2599 2379 2596
f 2600 2380 2599
f 2600 2598 2601
f 2603 2601 2602
f 2603 2446 2600
f 2604 2602 2605
f 2440 2605 2434
f 2444 2604 2440
f 2606 2581 2607
f 2606 2590 2591
f 2591 2582 2606
f 9128 2456 9141
f 9141 2372 9145
f 2478 2608 2481
f 2609 2611 2199
f 2564 2613 2612
f 2612 2598 2597
f 2457 2597 2373
f 2565 2612 2457
f 2614 2570 2578
f 2615 2578 2573
f 2602 2614 2615
f 2601 2613 2614
f 2572 2605 2616
f 2616 2602 2615
f 2573 2616 2615
f 1459 1045 1021
f 1265 1079 1082
f 1612 1609 1611
f 2067 2069 2068
f 1135 1136 1148
f 1938 2618 2617
f 95 458 128
f 2058 1608 1612
f 1454 1445 1367
f 655 1048 2619
f 722 2621 723
f 3665 3634 3666
f 1131 1033 1134
f 562 366 1497
f 1723 1725 1591
f 1786 1122 1787
f 267 323 266
f 1325 1654 2038
f 1468 1435 1479
f 658 529 528
f 8 247 7
f 382 1559 3
f 3631 3680 3630
f 788 1307 789
f 940 929 928
f 911 2623 912
f 2621 655 654
f 2624 2625 2626
f 998 27 26
f 635 2626 2625
f 2627 644 1840
f 2628 1840 2629
f 1200 2627 2628
f 1199 641 2627
f 1520 49 477
f 1452 1349 1451
f 2630 1859 1858
f 644 1335 1823
f 3683 3699 3698
f 1197 717 2632
f 2632 719 1166
f 2628 1166 1200
f 2629 2632 2628
f 1762 1050 821
f 1823 873 1839
f 2634 794 652
f 1028 1027 1161
f 1042 2635 1043
f 93 1901 1924
f 2036 1458 1455
f 1527 1525 1526
f 877 1274 1277
f 134 797 1544
f 1328 931 1329
f 607 1091 1161
f 1043 2637 2636
f 2636 2639 2638
f 1275 2638 1276
f 1275 1043 2636
f 1272 2626 2640
f 2640 638 637
f 1110 2640 637
f 536 2640 2641
f 1472 1474 1473
f 2042 1951 649
f 3668 3633 3669
f 1058 1105 1059
f 2642 2643 2644
f 1192 2644 1193
f 912 2642 1192
f 9350 8970 9238
f 1049 2620 2621
f 616 1885 613
f 1331 666 750
f 990 1198 525
f 1911 321 322
f 1298 1205 2645
f 76 1504 75
f 1502 421 422
f 610 658 691
f 1146 659 938
f 2646 914 936
f 1280 1238 1279
f 975 2647 2648
f 2647 975 974
f 1453 1452 1451
f 1514 158 151
f 835 1843 1842
f 1271 1173 1289
f 2649 813 2650
f 1893 1826 1894
f 1050 1937 1051
f 2651 814 813
f 1006 1281 977
f 2653 2654 2655
f 1001 1003 1002
f 585 679 558
f 2624 621 620
f 555 2028 556
f 1207 1197 2629
f 1626 478 472
f 3729 3731 3730
f 3746 3748 3747
f 3770 3750 3753
f 426 419 1567
f 1030 1773 1031
f 9350 634 9332
f 534 138 262
f 1125 1042 1041
f 333 88 227
f 569 561 730
f 3691 3693 3692
f 1489 871 870
f 1857 620 891
f 1673 9222 9215
f 622 864 1308
f 2647 974 2657
f 619 891 620
f 261 545 262
f 393 1556 404
f 2658 2647 2657
f 1075 2657 917
f 1081 2658 1075
f 1080 2659 2658
f 2644 1141 2660
f 2660 1140 1336
f 642 1336 643
f 1193 2660 642
f 679 555 558
f 3762 3764 3763
f 1503 1500 1502
f 1318 1101 1100
f 2661 1139 1142
f 2661 2663 2662
f 2662 2659 2661
f 2662 2622 2664
f 2664 911 2646
f 2648 2646 1146
f 2648 2662 2664
f 3586 3779 3777
f 2083 2093 2081
f 1442 1437 1439
f 3732 3733 3731
f 519 330 51
f 1885 1209 613
f 799 805 804
f 1946 1952 1953
f 1302 1253 1252
f 3741 3757 3756
f 3660 3662 3661
f 566 224 533
f 1389 928 1388
f 683 681 680
f 836 1842 2665
f 2665 1845 1303
f 2666 1303 1302
f 24 2665 2666
f 831 2650 832
f 1845 1304 1303
f 2010 2012 2011
f 1051 2667 2668
f 1522 1511 1523
f 531 441 522
f 782 1251 1250
f 1250 2625 2669
f 2669 1857 1856
f 783 1856 1037
f 782 2669 783
f 720 2671 721
f 1055 1930 1056
f 1333 1251 2251
f 619 1308 1307
f 652 2619 2634
f 521 1539 1540
f 1838 537 2672
f 2672 536 2641
f 1113 2641 1110
f 1113 1838 2672
f 1016 1351 1045
f 9349 570 9346
f 226 104 101
f 9008 9279 1818
f 1036 1884 1883
f 2674 1304 2673
f 2673 1844 2675
f 1334 2675 1039
f 1333 2673 1334
f 2676 1039 2675
f 1843 2675 1844
f 942 2676 1843
f 1074 702 2676
f 811 859 858
f 752 1055 753
f 1200 656 1026
f 1120 874 2677
f 2677 877 1052
f 1241 1052 1005
f 1119 2677 1241
f 1560 151 1515
f 1208 611 523
f 215 736 214
f 1460 1462 1461
f 3717 3719 3718
f 1208 1839 873
f 854 1282 1297
f 3682 3696 3681
f 72 182 179
f 544 1565 512
f 217 456 457
f 3673 3781 3780
f 2047 930 945
f 1204 1937 2633
f 913 686 685
f 3705 3707 3706
f 840 1113 1112
f 1531 730 561
f 2678 1283 801
f 601 1914 602
f 1537 459 460
f 1819 8953 8971
f 991 862 538
f 2679 1073 1830
f 3776 3581 3582
f 2680 983 2256
f 779 2256 1263
f 778 2680 779
f 2678 1830 2680
f 180 245 40
f 1886 1131 1134
f 3766 3767 3749
f 1138 1274 1255
f 3777 3585 3586
f 1841 1140 1139
f 75 314 74
f 193 420 192
f 2681 1099 1098
f 3658 3587 3659
f 170 1565 169
f 349 417 432
f 1121 2684 2683
f 547 409 302
f 123 121 120
f 2643 1142 1141
f 1542 513 1543
f 899 907 919
f 1210 676 867
f 791 982 892
f 24 837 836
f 893 932 931
f 1860 863 862
f 535 862 861
f 3640 3683 3638
f 832 813 812
f 2650 813 832
f 1569 1547 1568
f 181 542 180
f 660 937 688
f 2013 568 2012
f 3781 3644 3782
f 887 2631 2630
f 1524 361 78
f 520 162 1529
f 2653 854 2685
f 1238 2655 2686
f 718 527 530
f 1492 518 1491
f 792 615 793
f 599 1835 596
f 290 456 175
f 312 1552 425
f 1248 1179 1249
f 153 177 178
f 1240 1222 1221
f 1257 1235 1071
f 1291 1083 1222
f 1052 1277 1053
f 743 2618 1204
f 444 430 443
f 23 1172 1187
f 2687 1180 1179
f 102 409 134
f 1283 610 801
f 373 650 651
f 1180 1084 1291
f 855 2655 1237
f 1173 1917 1174
f 2689 853 2688
f 2688 1108 1279
f 2686 1279 1238
f 2687 2688 2686
f 2691 1252 2690
f 2690 850 2689
f 1248 2689 2687
f 1248 2691 2690
f 2692 24 2666
f 2691 2666 1302
f 1247 2692 2691
f 1258 617 2692
f 394 1555 393
f 2693 1259 1223
f 1072 1262 1261
f 1257 1168 1258
f 398 1555 1554
f 871 1314 872
f 1178 1249 1179
f 1224 1173 1172
f 1010 2618 742
f 1175 1292 1269
f 2654 2686 2655
f 2694 1216 1264
f 71 1487 70
f 701 1111 1038
f 1072 2649 2650
f 1085 22 21
f 895 1264 896
f 1601 1605 1604
f 1259 1271 1289
f 21 1220 1083
f 988 538 537
f 3533 3535 3532
f 598 1336 1140
f 820 1762 821
f 1050 818 821
f 1298 1761 2652
f 1168 618 617
f 3629 3670 3628
f 858 1256 833
f 39 516 1536
f 2652 819 814
f 313 315 314
f 2026 1971 2027
f 2656 596 1835
f 814 818 811
f 2696 813 2649
f 1260 2649 1261
f 2693 2696 1260
f 2697 2651 2696
f 381 390 380
f 9270 1611 1609
f 1475 1428 1227
f 1292 1917 1235
f 1551 354 1518
f 1526 1523 1511
f 1593 1595 1573
f 1232 1246 1249
f 2695 1223 22
f 2698 1296 2697
f 2698 2693 2695
f 2685 2695 1085
f 2685 1297 2698
f 562 271 272
f 2652 1296 1298
f 1365 1364 1363
f 1958 1953 1957
f 585 2210 997
f 1561 1515 435
f 975 1146 976
f 347 68 346
f 1038 636 1068
f 2700 780 2699
f 2699 1036 1883
f 2701 1883 1829
f 851 2699 2701
f 2674 2251 2702
f 2702 781 2700
f 1253 2700 851
f 1301 2702 1253
f 1519 388 1550
f 1273 1280 2703
f 2703 1107 852
f 2701 852 851
f 1829 2703 2701
f 91 326 90
f 1784 2656 1785
f 2683 2705 2704
f 604 8943 8977
f 1669 8992 1662
f 2062 2060 2059
f 621 861 622
f 2023 732 2024
f 686 1263 687
f 857 2668 1328
f 883 882 879
f 3648 3650 3649
f 637 1111 1110
f 2668 893 1328
f 3692 3711 3691
f 2667 894 2668
f 1039 1068 1334
f 313 1504 1505
f 1911 305 453
f 1936 1964 2212
f 2707 2401 2183
f 2708 2183 2182
f 738 2116 554
f 3785 3709 3786
f 2349 2432 2436
f 2711 2020 2019
f 2400 2019 2186
f 2714 2716 2713
f 2717 2719 2720
f 2721 2723 2724
f 2726 2728 2725
f 2725 2730 2729
f 2731 2729 2709
f 2732 2725 2731
f 2734 2736 2733
f 2738 2740 2737
f 2737 2741 2742
f 2744 2746 2743
f 2745 2748 2747
f 2749 2747 2751
f 2753 2751 2752
f 2250 2246 2248
f 3417 3419 3418
f 2754 1614 2755
f 9050 2755 9061
f 9060 2747 9061
f 1617 2755 1614
f 2242 1620 2757
f 3429 3431 3430
f 2191 2760 2759
f 2761 2760 2762
f 9100 2761 9101
f 9075 2759 9100
f 3209 3354 3355
f 1395 2236 2235
f 1395 1636 1615
f 3741 3790 3740
f 1616 2229 2233
f 3410 3412 3411
f 1617 2763 2756
f 2756 9080 9060
f 2765 2234 1630
f 2766 9080 9074
f 3202 3458 3459
f 1516 435 1515
f 2768 8996 8997
f 1495 578 1424
f 2135 28 17
f 8970 2773 2774
f 1690 9378 9377
f 2778 2780 2777
f 2777 2781 2782
f 2784 2777 2783
f 8999 575 576
f 1494 9 540
f 8973 2015 9010
f 451 505 450
f 2786 2788 2785
f 2779 2785 2780
f 2789 2741 2740
f 2790 2752 2789
f 2792 2794 2791
f 2793 2796 2794
f 2796 2750 2749
f 2794 2749 2753
f 2798 1396 2754
f 9043 2754 9050
f 2798 2800 1393
f 9043 2799 2798
f 2797 2795 2801
f 2791 2753 2790
f 216 232 54
f 9256 2807 9255
f 9257 2804 9255
f 2769 9001 8996
f 183 184 97
f 2811 2775 2776
f 2804 2776 2805
f 2809 2811 2804
f 2812 2813 2814
f 9257 2816 9247
f 9248 2815 9247
f 9250 2820 2821
f 9245 2819 9250
f 2824 2735 2819
f 2823 2824 2819
f 2825 2826 2724
f 9245 2827 9244
f 9248 2826 9244
f 2713 2829 2828
f 2828 2831 2830
f 2822 2828 2830
f 2821 2713 2828
f 2832 2822 2830
f 2833 2830 2831
f 2834 2832 2833
f 2835 2827 2832
f 2837 2839 2836
f 2836 2841 2840
f 2842 2840 2727
f 2843 2836 2842
f 2840 2845 2844
f 2718 2845 2719
f 2730 2844 2718
f 2727 2844 2728
f 2846 2719 2845
f 2846 2841 2847
f 2829 2847 2831
f 2829 2716 2846
f 2847 2839 2848
f 2848 2838 2849
f 2833 2849 2834
f 2831 2848 2833
f 2850 2851 2852
f 2853 2852 2854
f 2783 2782 2855
f 2785 2853 2856
f 2780 2856 2781
f 2857 2855 2782
f 2859 2782 2781
f 2861 2842 2860
f 2860 2727 2726
f 2862 2726 2732
f 2863 2860 2862
f 2861 2858 2857
f 2843 2857 2859
f 2856 2854 2864
f 2781 2864 2859
f 2837 2859 2864
f 2838 2864 2854
f 2852 2834 2849
f 2854 2849 2838
f 2865 2818 2835
f 2851 2835 2834
f 2813 2815 2865
f 2814 2865 2851
f 2866 2814 2850
f 2788 2850 2853
f 2866 2787 2867
f 2812 2867 2775
f 1892 1890 1891
f 2720 2846 2870
f 298 256 257
f 2872 2713 2820
f 9246 2735 2734
f 2729 2874 2873
f 2846 2715 2870
f 2876 2878 2875
f 2733 2878 2734
f 9258 2879 2880
f 9258 2872 9246
f 2882 2884 2881
f 2881 2715 2714
f 2880 2714 2872
f 2879 2881 2880
f 2885 2887 2888
f 2888 2890 2885
f 2885 2892 2891
f 2893 2885 2891
f 1942 2532 2894
f 2895 2720 2870
f 2884 2870 2715
f 2883 2895 2884
f 2896 2892 2895
f 2889 2717 2890
f 2890 2720 2892
f 2897 2891 2896
f 2898 2896 2883
f 2899 2883 2882
f 2900 2882 2879
f 9249 2879 9259
f 2876 2901 2877
f 2901 2904 2903
f 1785 1835 1834
f 2905 2899 2900
f 2907 2897 2898
f 9249 2903 9251
f 632 577 633
f 8976 2867 2787
f 434 550 350
f 2768 9092 9095
f 2910 1623 2249
f 2241 2758 2242
f 9092 2913 9104
f 1623 2757 1620
f 9039 2757 9104
f 2229 1380 2250
f 2765 1629 2914
f 2915 1629 2912
f 9094 2914 2915
f 9093 2765 2914
f 2919 9094 9065
f 2918 2912 2241
f 9066 2241 9038
f 9070 9065 9122
f 8985 2180 8940
f 8965 2188 8950
f 3694 3627 3693
f 9157 714 9303
f 2925 2917 2924
f 2924 2916 2919
f 9062 2919 9070
f 9063 2924 9062
f 2926 2766 2925
f 9110 2925 9063
f 1715 1705 1710
f 785 498 796
f 1387 565 1791
f 374 1899 560
f 9017 2206 9000
f 2929 2886 2893
f 2932 2934 2931
f 1905 1908 1907
f 2930 2936 2937
f 2938 2930 2929
f 1493 517 518
f 1603 1586 1602
f 2939 2929 2908
f 2940 2908 2907
f 9117 1600 9113
f 2886 2937 2887
f 2906 2898 2899
f 2908 2893 2897
f 2942 2933 2941
f 2941 2937 2936
f 8945 2936 8957
f 8942 2941 8945
f 2943 2710 2873
f 2943 2874 2889
f 2945 2889 2888
f 2946 2943 2945
f 2932 2888 2887
f 2931 2945 2932
f 727 1929 728
f 2903 2947 2948
f 545 42 262
f 1480 533 251
f 2907 2949 2940
f 2906 2950 2949
f 1558 215 202
f 9251 2948 9253
f 2054 1644 2118
f 9157 2203 9017
f 1828 1849 1827
f 2953 2955 2952
f 2952 2957 2956
f 2956 2258 2952
f 2953 2258 2257
f 2454 2474 2496
f 9199 2959 9218
f 9199 2131 9189
f 2961 2963 2958
f 2958 2964 2959
f 222 2485 2965
f 2477 2966 2608
f 2631 2006 1859
f 2384 2496 2497
f 2967 2959 2964
f 2968 2970 2969
f 9211 2971 9236
f 9236 2960 9218
f 2972 2033 2032
f 2007 2973 2008
f 9004 2134 2133
f 1836 1832 1831
f 8950 2090 8995
f 955 959 956
f 672 674 673
f 633 713 632
f 2024 733 803
f 2025 803 798
f 425 1550 388
f 2975 888 887
f 1319 1157 2694
f 1212 2977 1213
f 889 2228 2227
f 1978 1975 1979
f 1138 1329 915
f 751 2979 2978
f 1619 1625 1624
f 2252 1728 1727
f 1157 845 1216
f 2706 1938 2617
f 2980 2254 2981
f 2982 887 2630
f 802 711 2679
f 678 2029 2028
f 527 690 528
f 1839 2629 1840
f 2983 602 1914
f 2983 1913 1331
f 2985 1331 1054
f 2986 2983 2985
f 2987 2635 2634
f 2985 2639 2986
f 2990 1318 2989
f 2991 2993 2994
f 2995 2994 2996
f 1106 2991 2995
f 1058 2992 2991
f 1415 1365 1367
f 1317 2217 2997
f 1932 2255 2980
f 926 2999 664
f 3001 2992 3000
f 3000 1057 2978
f 2999 2978 2979
f 2998 3000 2999
f 3002 2209 3003
f 3002 2996 2994
f 2993 3002 2994
f 3001 2998 3002
f 1103 2995 3004
f 3004 2996 3003
f 2209 3004 3003
f 588 3004 2210
f 295 433 381
f 2638 2988 3005
f 3005 1056 1930
f 1305 1930 1306
f 1276 3005 1305
f 1987 1993 1989
f 2633 1761 2645
f 1423 1417 1419
f 9005 739 703
f 2671 2704 2705
f 1473 2035 1472
f 922 2694 895
f 1401 1378 1384
f 556 1884 1037
f 842 9277 9288
f 1854 2617 1010
f 933 1081 1075
f 1440 1436 1437
f 529 719 530
f 1031 1027 1028
f 777 912 1871
f 2645 1204 2633
f 441 1538 1537
f 3771 3773 3772
f 790 587 586
f 2065 1610 1607
f 1860 990 902
f 60 87 59
f 1424 1948 1947
f 332 1507 331
f 261 138 135
f 187 449 507
f 1719 1726 1725
f 1931 1059 3006
f 3006 1105 1104
f 1287 1104 587
f 1286 3006 1287
f 3007 3009 3010
f 3009 653 795
f 618 26 25
f 2029 1210 1209
f 957 600 2228
f 1049 2228 600
f 2631 3011 2561
f 890 2227 3011
f 3011 2145 3012
f 2561 3012 2375
f 1026 609 608
f 2706 1961 1964
f 3013 2485 3014
f 2148 1267 3015
f 3015 1266 1311
f 2997 1101 1317
f 642 1773 1193
f 186 461 511
f 1041 1320 901
f 1121 3017 1122
f 2984 2987 3018
f 3018 2634 2619
f 1048 3018 2619
f 603 2984 3018
f 2679 801 802
f 2062 2074 2061
f 2061 2076 2064
f 414 1545 1965
f 3016 2683 3019
f 3019 2704 2670
f 3020 2670 720
f 3007 3019 3020
f 1871 1091 777
f 3021 1122 3017
f 3022 3017 3010
f 1314 3022 1315
f 1784 3021 1314
f 1316 1763 611
f 3023 3010 3009
f 3023 795 1092
f 1763 1092 1125
f 1315 3023 1763
f 3016 3010 3017
f 752 2978 1057
f 2986 2637 2987
f 3024 653 3008
f 3020 3008 3007
f 720 3024 3020
f 723 654 3024
f 2681 1268 3025
f 2671 1268 721
f 2705 3025 2671
f 1313 3027 1311
f 3026 3029 3027
f 3027 3030 3031
f 1311 3031 3015
f 2012 731 2023
f 917 974 977
f 3742 3744 3743
f 743 856 744
f 1888 2030 1425
f 2682 2684 3032
f 3032 1124 2989
f 1100 2989 1318
f 1099 3032 1100
f 1123 2989 1124
f 3033 1159 1158
f 2990 1158 1319
f 1123 3033 2990
f 1786 1834 3033
f 1054 2988 2985
f 2979 664 2999
f 2623 2663 2643
f 1095 688 687
f 3034 2261 2956
f 3036 2956 2957
f 3037 3034 3036
f 3038 3035 3034
f 3040 3026 1313
f 2263 3041 3040
f 3042 3043 3041
f 3041 3028 3026
f 3044 3043 3039
f 3046 3045 3044
f 3047 3049 3045
f 3043 3049 3028
f 3038 3051 3050
f 3050 3053 3052
f 3052 3044 3050
f 3039 3050 3044
f 3054 3039 3042
f 3042 2262 3054
f 2261 3054 2262
f 2216 2997 2217
f 2212 2667 1936
f 3056 2209 3055
f 934 1961 1854
f 2013 9209 567
f 3058 3060 3061
f 3059 3063 3060
f 3060 2213 1963
f 3061 1963 1962
f 3063 2214 2213
f 3062 3064 3063
f 3065 2260 3064
f 3064 2215 2214
f 3066 3031 3030
f 2608 3067 3066
f 2966 3068 3067
f 3031 3068 3015
f 2455 2461 2474
f 2476 2226 2477
f 8995 2089 8969
f 8970 9221 9238
f 433 355 381
f 2115 1419 2123
f 8953 2922 8971
f 9221 2131 2134
f 3069 2167 2166
f 2971 2928 2960
f 2961 2773 2962
f 3070 2478 2483
f 2610 3071 2954
f 2502 2374 2386
f 3072 2595 3073
f 2964 3052 2967
f 3048 3074 3049
f 2593 3075 3074
f 3075 3029 3074
f 3074 3028 3049
f 3072 3075 2592
f 3076 2482 2481
f 2481 3066 3076
f 3076 3030 3075
f 2967 3053 2970
f 2482 3073 2483
f 479 493 494
f 706 9325 709
f 9005 2221 8961
f 2013 9206 9207
f 8977 2016 8973
f 9006 2222 2974
f 1171 1155 1176
f 3782 3689 3783
f 2586 2565 2587
f 2982 113 2484
f 2562 3077 3068
f 2376 3012 3077
f 3012 2148 3077
f 3077 3015 3068
f 2963 3046 2964
f 3051 2970 3053
f 1683 491 775
f 9302 1447 9312
f 1986 9186 9220
f 3079 2546 2575
f 3081 2575 2576
f 1983 9220 9217
f 3082 2319 2545
f 3080 2545 2546
f 9186 3082 3080
f 9184 2323 3082
f 1309 1888 748
f 3073 2772 2771
f 2760 3084 2762
f 2760 2088 3083
f 3085 3086 3087
f 3089 3090 3088
f 3089 3084 3085
f 3092 3090 3091
f 3093 2744 2743
f 2751 2748 3093
f 3093 2752 2751
f 2742 3093 3094
f 3094 2743 3095
f 3096 3098 3087
f 3099 3087 3086
f 3097 3095 3098
f 3100 2746 3101
f 3101 3102 3100
f 2764 2927 3101
f 2745 3101 2746
f 3102 3091 3100
f 3100 3095 2743
f 2869 9044 9086
f 3102 3104 3092
f 9110 2869 9086
f 2927 3103 3102
f 3098 3091 3090
f 3087 3090 3085
f 2088 3105 3083
f 3083 3086 3084
f 2483 2771 3070
f 2401 2185 2321
f 3099 3105 3106
f 2125 3106 3105
f 3108 2742 3107
f 3107 3094 3097
f 3110 3107 3109
f 3109 3097 3096
f 3111 3096 3099
f 3112 3109 3111
f 3113 2737 3108
f 3115 2722 3114
f 3117 3114 3116
f 3119 3116 3118
f 3118 3120 3121
f 3116 3113 3120
f 3122 3111 3123
f 3122 1755 1754
f 3124 3126 3127
f 3125 3121 3126
f 3128 3118 3125
f 3129 3125 3124
f 2020 3128 3129
f 9305 1346 1352
f 1065 1047 1066
f 1814 9282 1649
f 2021 3129 3130
f 3111 3106 3123
f 3123 2207 1755
f 2377 2224 2973
f 3014 113 112
f 1756 9234 9219
f 3131 2530 2528
f 3133 2528 2529
f 1753 9219 9227
f 3134 3127 3135
f 2327 2314 2313
f 2436 2317 2349
f 2018 9163 9164
f 2534 3137 2535
f 2320 3136 2534
f 2185 9164 9223
f 3138 2542 2539
f 3134 9196 9197
f 9237 3134 9197
f 3140 2539 2538
f 2535 3140 2538
f 9163 3130 9237
f 2558 3132 3141
f 9234 3141 3132
f 2560 3141 3142
f 9212 3142 3141
f 958 2976 2981
f 1933 2980 3143
f 3714 3729 3713
f 2399 2418 2416
f 2348 2343 2432
f 2322 2319 2323
f 2718 2874 2730
f 2709 2873 2710
f 2894 1361 1942
f 3788 3720 3717
f 346 176 347
f 1876 1882 1881
f 2802 9059 9044
f 3104 3088 3092
f 2974 9101 9055
f 3089 2761 2762
f 3088 3145 3089
f 2803 9055 9059
f 9322 692 628
f 2123 1418 2126
f 1365 1368 1367
f 3346 3344 3343
f 1581 1782 1783
f 9013 2129 8964
f 8999 2002 8965
f 3146 2551 3147
f 9203 3147 9202
f 9194 3146 9203
f 3149 2585 3146
f 3196 3197 3195
f 9056 2191 9075
f 3142 2556 2560
f 9229 3150 3142
f 9098 2550 9045
f 3150 2555 2556
f 9230 3151 3150
f 9240 3152 9098
f 3153 2551 2549
f 3152 2549 2550
f 9233 3153 3152
f 9228 3147 3153
f 3148 2206 2205
f 2183 2321 2184
f 2132 2928 2133
f 3299 3321 3319
f 9136 2204 2203
f 9171 2197 9173
f 2594 2773 2951
f 2595 2951 2772
f 1870 799 1869
f 3257 3259 3258
f 9165 2178 9158
f 9158 9188 9242
f 336 9226 9174
f 339 3154 336
f 9241 3149 9194
f 9135 2584 3149
f 2963 3048 3047
f 9174 337 336
f 339 2566 2586
f 3156 2168 2167
f 2610 2167 2611
f 2954 3156 2610
f 3157 2953 2257
f 9159 2169 9161
f 2567 3159 2568
f 337 2567 338
f 9182 2166 9159
f 9216 1983 9217
f 2579 3081 2576
f 2568 3160 2579
f 9161 2190 9216
f 3065 3162 3161
f 3161 1984 2189
f 3157 2189 2168
f 2257 3161 3157
f 734 1922 806
f 3059 2708 3163
f 3163 2182 1985
f 3162 1985 1984
f 3062 3163 3162
f 3203 3205 3204
f 3806 3808 3807
f 2122 1448 1447
f 9269 1685 9264
f 139 444 69
f 1570 566 533
f 2957 3165 3036
f 2955 3164 2957
f 1912 341 1973
f 3130 3124 3134
f 1548 319 1547
f 1949 1327 1887
f 2969 3078 3167
f 3167 3169 3168
f 9176 2017 9172
f 9172 2033 9211
f 3168 3165 3170
f 3170 3164 3171
f 9231 3171 9208
f 9176 3170 9231
f 3171 3166 3172
f 3172 3071 3173
f 9204 3173 9201
f 9208 3172 9204
f 3169 3036 3165
f 2593 2962 2594
f 3173 2609 3174
f 3174 2199 2198
f 9235 2198 9171
f 9201 3174 9235
f 2190 1984 1983
f 2196 2767 3148
f 3326 3328 3327
f 2119 1414 1448
f 1464 1466 1465
f 2199 3069 2200
f 2457 2587 2565
f 2226 2562 2966
f 481 1627 1639
f 333 235 236
f 3078 3037 3169
f 3040 2997 2263
f 3351 3262 3263
f 2219 1933 2220
f 2385 2497 2503
f 221 3175 2484
f 2220 3143 3175
f 3175 2976 2975
f 2484 2975 2982
f 2954 3166 2955
f 2630 110 2982
f 1547 1952 1955
f 2091 2188 2187
f 9185 2178 2177
f 1918 1927 1926
f 9007 111 8955
f 3398 3400 3399
f 955 960 954
f 2037 112 9007
f 3143 2981 2976
f 2218 2214 2215
f 672 9239 8985
f 2152 3014 2037
f 1147 1143 1145
f 2248 1409 2245
f 1615 1635 1616
f 1410 2246 2247
f 3486 3487 3310
f 3468 3502 3501
f 3451 3452 3450
f 3177 1383 1382
f 2238 3176 1382
f 3176 2230 3178
f 1410 3179 1407
f 3179 2243 1407
f 1633 2800 2249
f 3816 3817 3814
f 1621 2758 2912
f 3642 3662 3675
f 3422 3260 3257
f 1622 2245 1634
f 2236 3181 3182
f 3793 3795 3794
f 3493 3495 3494
f 2237 3182 3183
f 3513 3515 3514
f 2250 2233 2229
f 3654 3667 3802
f 2912 1628 1621
f 3819 3821 3820
f 3432 3823 3431
f 135 1564 1563
f 1567 512 1565
f 1085 2653 2685
f 3184 868 3056
f 869 3057 934
f 3389 3387 3386
f 1266 1098 1312
f 1267 722 721
f 937 2646 936
f 2146 722 2147
f 2211 921 2667
f 1957 507 449
f 1313 2264 3040
f 1496 1493 1492
f 2681 2705 2682
f 2887 2933 2932
f 1687 1659 1694
f 145 1498 81
f 1317 1319 2694
f 3831 3830 3834
f 37 418 71
f 1935 3185 2977
f 104 301 103
f 2101 2083 2084
f 543 360 207
f 1934 3186 3185
f 234 212 237
f 9297 1822 1824
f 3825 3827 3826
f 1976 1874 1974
f 223 2219 220
f 9107 9057 9064
f 468 773 2165
f 3673 3659 3672
f 1935 1728 1932
f 3490 3840 3549
f 3362 3848 3847
f 3862 3864 3863
f 3465 3484 3868
f 3893 3525 3874
f 3352 3430 3431
f 3869 3871 3870
f 3529 3567 3564
f 3420 3922 3921
f 3304 3236 3303
f 3929 3931 3930
f 3324 3327 3561
f 3219 3939 3331
f 3220 3937 3219
f 3450 3376 3439
f 3942 3833 3941
f 3215 3454 3945
f 3946 3215 3945
f 3422 3948 3421
f 3950 3198 3196
f 3205 3957 3920
f 3261 3961 3288
f 3852 3964 3963
f 3214 3946 3958
f 3965 3214 3192
f 3797 3799 3798
f 3988 3990 3989
f 3777 3806 3822
f 3855 3447 3444
f 3737 3800 3736
f 3949 3952 3948
f 3651 3783 4000
f 4001 3787 3812
f 4019 4021 4020
f 4027 4029 4028
f 3258 4030 4027
f 4033 4035 4034
f 3424 4047 4046
f 3242 4058 4057
f 3970 3547 3971
f 3829 4057 3825
f 3333 3947 4060
f 4063 4065 4064
f 4073 4075 4074
f 3568 3443 3448
f 3981 3335 4050
f 3540 3862 3539
f 4078 4031 4032
f 3565 4088 3993
f 3442 4089 4082
f 4092 4094 4093
f 4093 4097 4096
f 3619 3623 3624
f 3660 3821 3807
f 3809 3649 3808
f 3610 3655 3613
f 3656 3623 3657
f 3621 3804 3620
f 3503 3481 3504
f 3436 3438 3437
f 3356 3427 3353
f 3628 3669 3633
f 3734 4002 3733
f 3276 3370 3369
f 3763 4107 3762
f 4006 3754 3755
f 3747 3752 3746
f 3863 4110 3992
f 3994 4003 3501
f 3653 3664 3652
f 3296 4115 3295
f 4117 4119 4118
f 3249 3251 3250
f 4127 4129 4128
f 3478 3903 3867
f 3410 3921 3922
f 3977 4038 3976
f 3216 3453 3454
f 3967 3548 3966
f 4140 4032 4039
f 3509 4149 3916
f 4151 3659 3587
f 4153 3656 3671
f 4153 3646 3672
f 4156 3645 4155
f 4139 4078 4140
f 3743 4163 4162
f 3861 3987 4166
f 3468 4067 3467
f 3306 3980 3835
f 4172 4010 4024
f 4169 3836 3835
f 4187 4189 4188
f 4213 4215 4214
f 4220 4222 4221
f 4225 4211 4204
f 4230 4232 4231
f 4240 4242 4241
f 3606 3608 3607
f 4250 4252 4251
f 4258 4260 4259
f 4077 4079 4078
f 4276 4278 4277
f 4308 4263 4309
f 4017 3872 3869
f 3196 3951 3950
f 4316 4270 4271
f 3870 4307 3869
f 4324 4326 4325
f 4333 4247 4244
f 4338 4340 4339
f 4348 4350 4349
f 4283 4289 4286
f 4356 4358 4357
f 4359 4020 4358
f 4362 4196 4197
f 4320 4279 4276
f 4370 4296 4371
f 4377 4303 4249
f 4231 4201 4178
f 4203 4331 4381
f 4037 4039 4038
f 4371 4386 4370
f 4387 4347 4314
f 3309 3294 3310
f 4099 3724 3818
f 4355 3257 4313
f 3630 3693 3627
f 4277 4302 4390
f 4350 4319 4349
f 4353 4351 4348
f 3637 3639 3638
f 4394 3827 3320
f 3311 4399 4398
f 3755 4005 4006
f 4363 4259 4260
f 3454 3919 3920
f 3446 3459 3458
f 4298 4404 4406
f 3749 3769 3766
f 3791 3756 3792
f 3643 3684 3640
f 3845 3399 3400
f 4313 3258 4312
f 4411 4408 4412
f 3843 4423 3842
f 4214 4329 4328
f 4431 4433 4432
f 3918 3798 3799
f 3927 3388 3389
f 4453 3874 3873
f 4138 4457 4456
f 3346 4459 3345
f 4100 4108 4107
f 3974 3976 3975
f 3665 3652 3664
f 3773 3993 3992
f 3945 3920 3957
f 4144 4462 4461
f 4464 4466 4465
f 3268 4479 3267
f 4484 4136 4485
f 3348 4487 3347
f 3313 3912 3913
f 3803 3617 3802
f 4086 3510 4087
f 4034 3305 4033
f 3403 4171 4489
f 4481 4492 4491
f 4177 4179 4178
f 4398 3923 3311
f 4451 4494 4450
f 4501 4076 4502
f 4509 4506 4503
f 3304 4462 4517
f 4485 3312 4484
f 3419 3349 4064
f 4356 4385 4305
f 4026 4358 4020
f 4354 4357 4358
f 3599 4091 4090
f 4341 4254 4274
f 4251 4524 4335
f 3482 3484 3483
f 3843 3544 4085
f 4295 4274 4294
f 4381 4206 4203
f 4204 4531 4225
f 4533 4535 4534
f 4542 4544 4543
f 4546 4548 4547
f 4573 4547 4548
f 4575 4577 4576
f 4221 4580 4220
f 4587 4589 4588
f 4328 4589 4214
f 4187 4563 4332
f 4595 4593 4591
f 4597 4604 4596
f 4609 4611 4610
f 4620 4622 4621
f 4612 4614 4613
f 4636 4600 4637
f 4649 4650 4648
f 4652 4654 4653
f 4662 4664 4663
f 4666 4668 4667
f 4637 4685 4684
f 4627 4700 4626
f 4684 4636 4637
f 4663 4661 4662
f 4699 4697 4696
f 4647 4703 4702
f 4709 4603 4710
f 4724 4726 4725
f 4742 4744 4743
f 3311 3924 3314
f 4698 4758 4679
f 4749 4609 4610
f 4342 4344 4343
f 4797 4799 4798
f 4490 3974 4143
f 4019 4306 3870
f 4512 4514 4513
f 3991 4508 4507
f 4692 4694 4693
f 4680 4818 4810
f 4821 4824 4823
f 4367 4243 4240
f 4833 4831 4830
f 4837 4757 4754
f 4332 4562 4561
f 4683 4819 4682
f 4845 4850 4849
f 4751 4752 4669
f 4854 4695 4692
f 4858 4718 4857
f 4822 4859 4824
f 4674 4647 4675
f 4771 4773 4772
f 4726 4537 4540
f 4714 4719 4715
f 4633 4688 4687
f 4616 4618 4617
f 4686 4842 4841
f 4869 4708 4629
f 3502 3528 3529
f 4777 4737 4745
f 4734 4779 4873
f 4883 4663 4664
f 4375 4274 4275
f 4290 4335 4524
f 4799 4826 4825
f 4816 4812 4810
f 4778 4732 4659
f 4158 4160 4159
f 4195 4197 4196
f 3860 4166 4167
f 3758 3763 3764
f 3694 4157 4156
f 4249 4391 4377
f 3467 3469 3468
f 4209 4211 4210
f 4142 4144 4143
f 3615 3617 3616
f 3479 3536 3535
f 4883 4672 4886
f 4802 4642 4643
f 3698 3638 3683
f 4105 3726 3730
f 4848 4896 4895
f 4878 4744 4837
f 4610 4748 4749
f 4036 4489 4035
f 4355 4314 4347
f 4171 4049 4048
f 3875 3216 3217
f 4868 4863 4864
f 4623 4691 4622
f 3629 4155 4154
f 4654 4898 4683
f 4012 4014 4013
f 4902 4866 4867
f 4768 4908 4906
f 4370 4385 4384
f 4888 4914 4913
f 3546 3917 3916
f 4932 4931 4919
f 3625 4151 4150
f 3804 3670 3657
f 3816 4103 4101
f 4911 4887 4912
f 4928 4927 4929
f 4925 4927 4921
f 3655 3666 3654
f 4932 4910 4911
f 4937 4912 4913
f 4939 4942 4941
f 4228 4530 4381
f 4946 4942 4947
f 4938 4923 4937
f 4942 4937 4947
f 4951 4930 4928
f 4955 4928 4954
f 4748 4615 4749
f 4914 4847 4956
f 4824 4584 4856
f 4940 4941 4943
f 4916 4960 4917
f 4909 4891 4862
f 4971 4968 4949
f 4966 4948 4944
f 4962 4953 4965
f 4940 4924 4939
f 4831 4917 4895
f 4935 4925 4924
f 4275 4261 4258
f 4679 4791 4678
f 4016 4373 4376
f 4668 4766 4795
f 4539 4727 4845
f 4929 4936 4933
f 4607 4882 4881
f 4775 4801 4802
f 4801 4742 4774
f 4732 4611 4733
f 4985 4983 4982
f 4534 4562 4533
f 4847 4645 4848
f 4788 4619 4616
f 4787 4678 4791
f 4657 4605 4597
f 4994 4878 4837
f 5006 5008 5007
f 5001 4973 4988
f 4814 4619 4785
f 5014 4974 5012
f 5003 4972 4973
f 5019 5007 5018
f 5024 5017 5025
f 5036 5035 5032
f 4990 4975 4972
f 5045 5034 5044
f 5048 5034 5035
f 5025 5014 5026
f 5046 5043 5031
f 5051 5055 5054
f 5044 5060 5059
f 5011 5021 5020
f 5013 5068 5012
f 5028 5072 5029
f 5077 5064 5065
f 5065 5079 5077
f 5083 5080 5060
f 5063 5080 5065
f 5054 5071 5078
f 4602 4711 4851
f 5058 5083 5053
f 4982 4792 4793
f 5041 5045 5061
f 3909 3278 3250
f 3471 3473 3472
f 5002 4994 4995
f 5060 5067 5059
f 4892 4862 4891
f 4891 4884 4892
f 4996 5003 5001
f 4997 5005 5000
f 4813 4614 4829
f 4618 4827 4613
f 5089 5093 5092
f 3303 3305 3304
f 5100 5102 5101
f 5107 5109 5108
f 5110 5092 5114
f 4610 4734 4874
f 5112 5100 5084
f 5088 5090 5089
f 5119 5117 5116
f 5092 5096 5089
f 3826 3829 3825
f 5108 5102 5126
f 5100 5087 5084
f 5118 5133 5138
f 3783 3690 3784
f 4444 4446 4445
f 5151 5150 5152
f 4790 4617 4813
f 4332 4190 4187
f 3266 4451 4448
f 3211 3332 3946
f 4741 4760 4652
f 4775 4777 4776
f 4764 4691 4766
f 4489 4048 4490
f 4466 4511 4497
f 4518 3930 4514
f 4786 4791 4807
f 4980 4984 4977
f 5144 5150 5143
f 5159 5148 5158
f 5121 5120 5114
f 5169 5162 5165
f 5016 4979 5017
f 5123 5179 5122
f 5181 5140 5183
f 5175 5184 5141
f 4575 4586 4534
f 4984 4976 4977
f 4596 4598 4597
f 5182 5183 5186
f 4785 4787 4786
f 5137 5122 5179
f 5167 5180 5181
f 4835 4898 4897
f 4687 4726 4633
f 4176 4170 4398
f 4760 4655 4652
f 4681 4649 4646
f 5121 5132 5131
f 5171 5178 5170
f 5174 5191 5176
f 5169 5194 5164
f 4909 5095 4907
f 5105 5112 5113
f 4767 5126 4803
f 5201 5205 5204
f 5219 5217 5216
f 5229 5200 5209
f 5234 5236 5235
f 4069 4071 4070
f 4724 4717 4713
f 5108 4768 5107
f 5103 5126 5102
f 5227 5211 5226
f 5015 4884 4885
f 4997 4892 4884
f 5197 5215 5214
f 5241 5247 5246
f 5013 5019 5018
f 5205 5232 5204
f 4969 4971 4970
f 5239 5249 5248
f 4808 5225 4809
f 5216 5199 5196
f 5253 5242 5254
f 5235 5255 5256
f 5135 5157 5134
f 5264 5267 5266
f 5245 5215 5242
f 5260 5269 5267
f 5264 5274 5265
f 5154 5173 5142
f 5287 5278 5288
f 5256 5300 5257
f 5173 5176 5175
f 4631 4629 4628
f 4781 4783 4782
f 5309 5311 5310
f 5155 5144 5145
f 4826 4827 4825
f 5291 5308 5293
f 5310 5281 5286
f 5311 5308 5288
f 4036 4176 4175
f 4641 4704 4702
f 5220 4804 5223
f 4770 5207 4905
f 5188 5175 5176
f 5180 5129 5140
f 4626 5314 5313
f 4731 5315 5317
f 5222 5210 5221
f 4728 5316 5315
f 5230 5216 5196
f 5297 5240 5241
f 5204 5208 5201
f 5318 4864 5319
f 5273 5287 5289
f 5221 5219 5230
f 4700 5321 5314
f 5313 5328 5329
f 5157 5154 5142
f 5275 5263 5265
f 5324 5318 5325
f 5323 5331 5328
f 5343 5345 5344
f 5306 5286 5282
f 5278 5311 5288
f 4882 5320 5316
f 5109 5114 5120
f 5123 5130 5129
f 5299 5284 5298
f 5240 5199 5241
f 5229 5197 5214
f 5305 5292 5293
f 5233 5225 5243
f 5192 5194 5193
f 5104 4670 4746
f 5146 5160 5145
f 5337 5347 5338
f 5347 5341 5332
f 5353 5335 5352
f 5349 5354 5352
f 5355 5357 5354
f 5358 5360 5359
f 5355 5348 5360
f 5342 5365 5364
f 5345 5362 5344
f 5332 5367 5331
f 5372 5315 5316
f 5370 5366 5369
f 5361 5354 5357
f 5364 5368 5367
f 5369 5362 5370
f 5316 5330 5372
f 5373 5371 5372
f 5341 5364 5332
f 5374 5359 5373
f 5329 5375 5330
f 5377 5379 5378
f 5377 5331 5367
f 5380 5367 5368
f 5363 5370 5362
f 5357 5374 5381
f 5381 5361 5357
f 4814 4825 4827
f 4825 4816 4799
f 4806 4747 4805
f 5119 5131 5118
f 4696 4893 5387
f 4696 5390 4699
f 5213 5388 5387
f 5393 5388 5394
f 5380 5384 5379
f 5213 4893 5212
f 4813 4908 4790
f 5390 4693 4694
f 5294 5287 5295
f 5184 5186 5183
f 5285 5253 5254
f 4769 4790 4908
f 5327 5359 5360
f 4598 4690 4656
f 4608 4733 4611
f 4627 4609 4839
f 4596 4851 4711
f 4900 4706 4707
f 4668 5395 4667
f 4863 4639 4601
f 5392 4666 4667
f 4872 4651 4807
f 4807 4758 4872
f 5348 5325 5326
f 5176 5190 5188
f 5046 5022 5023
f 4853 4869 4870
f 5346 5363 5362
f 4709 4620 4599
f 4672 4904 4886
f 4680 4651 4649
f 4841 4688 4686
f 4823 4818 4821
f 4729 4602 4851
f 4881 4851 4604
f 5360 5326 5327
f 4852 4707 4869
f 4890 4669 4666
f 5392 5389 5393
f 5189 5186 5187
f 4881 4605 4607
f 5343 5369 5366
f 4607 4625 4882
f 5056 5052 5057
f 4850 4798 4894
f 3260 5398 3259
f 4855 4899 4871
f 5339 5366 5342
f 4789 4808 4677
f 5400 3948 3952
f 3872 4046 3871
f 4018 3424 3872
f 4025 4172 4024
f 4011 4024 4010
f 4065 3900 3901
f 3413 4013 3412
f 5056 5069 5070
f 5055 5070 5071
f 4062 5399 4061
f 5269 5294 5268
f 4685 4903 4846
f 5254 5240 5296
f 4606 4658 4733
f 4729 4882 4728
f 4030 4043 4029
f 4664 4753 4883
f 3575 3904 3903
f 3413 3922 3426
f 4949 4955 4934
f 4947 4913 4914
f 4849 4894 4856
f 4143 3975 4142
f 4912 4932 4911
f 3774 3995 3994
f 3956 3342 4168
f 4871 4758 4759
f 4270 4272 4271
f 4039 5400 4140
f 3555 5402 3554
f 5403 3906 3907
f 3908 3823 3907
f 4124 5408 5407
f 3901 4046 4047
f 4120 5410 5409
f 4124 4125 4123
f 5420 5404 5421
f 5424 5425 3557
f 3400 5428 3845
f 5432 5435 3226
f 4941 4945 4944
f 4935 4949 4934
f 3895 3897 3896
f 5426 4121 5418
f 5430 3906 5420
f 4045 5398 4062
f 5395 5392 4667
f 4846 4701 4840
f 4880 4710 4879
f 4624 4608 4609
f 4656 4662 4661
f 5305 5309 5304
f 5220 5222 5221
f 4230 4327 4324
f 5030 5028 5027
f 5213 5211 5210
f 5440 3269 5441
f 4396 3980 5444
f 5447 3244 3241
f 3328 5451 5396
f 4208 4248 4207
f 4599 4621 4598
f 4528 4391 4208
f 4529 4199 4207
f 4526 4339 4528
f 4256 5452 4532
f 4532 4241 4242
f 3834 5446 3831
f 5443 5444 4050
f 4530 4334 4206
f 4754 4904 4837
f 4229 4381 4331
f 4205 4383 4531
f 4892 4987 4861
f 4039 3976 4038
f 4738 4796 4741
f 4833 4897 4832
f 4232 4200 4201
f 4194 4241 4193
f 4889 4750 4748
f 4194 4365 4368
f 4531 4195 4238
f 5043 5062 5031
f 4182 4561 4180
f 5446 3241 3831
f 5237 5248 5236
f 4206 4382 4205
f 5210 5218 5219
f 3426 3417 3425
f 4216 4192 4215
f 4219 4184 4185
f 4180 4380 4179
f 4327 4591 4326
f 4223 4231 4222
f 4215 4360 4329
f 4186 4218 4185
f 4190 4209 4189
f 4223 4595 4327
f 4326 4328 4329
f 4366 4568 4186
f 4570 4549 4569
f 4579 4548 4570
f 4563 4533 4562
f 4583 4220 4580
f 4586 4561 4562
f 4239 4363 4243
f 4572 4567 4564
f 4536 4585 4535
f 4538 4566 4541
f 4536 5453 4538
f 3573 3983 3316
f 5427 3552 3556
f 4553 4588 4552
f 4593 4555 4592
f 4368 4183 4227
f 4361 4235 4236
f 4233 4527 4232
f 4233 4324 4237
f 4212 4330 4331
f 4237 4325 4236
f 4193 5452 4361
f 4983 4885 4792
f 5002 4986 4993
f 5074 5076 5075
f 4698 5391 4759
f 5391 5390 4694
f 4871 4650 4872
f 4546 4543 4544
f 4553 4901 4574
f 4552 4555 4556
f 5223 4805 5394
f 5386 5383 5363
f 5317 5371 5327
f 3240 4429 3377
f 5384 5381 5379
f 3938 3218 3937
f 3942 5455 5454
f 5361 5386 5356
f 4542 4541 4545
f 3910 5420 3428
f 3939 4060 3940
f 3851 5351 5454
f 3838 3556 3837
f 4547 4857 4546
f 5442 4050 3335
f 3385 5428 5429
f 4257 4235 4256
f 5312 4893 4809
f 4212 4204 4211
f 3854 5461 4392
f 4226 4210 4211
f 4202 4178 4201
f 3316 3897 3315
f 5464 4432 4433
f 5465 3883 4432
f 4472 4449 4450
f 4501 4450 4494
f 4074 4080 4077
f 5473 5401 4173
f 4173 5475 5473
f 3432 3520 5413
f 3462 5504 3461
f 4075 4494 4080
f 5482 3387 3392
f 5468 5470 5469
f 3427 5422 3523
f 4498 4487 3386
f 5403 5414 4128
f 3382 5522 3873
f 3492 5511 3491
f 3429 3517 3520
f 3873 5524 4453
f 5480 3350 3347
f 3477 5505 3462
f 4507 5544 4475
f 4396 5551 4051
f 3374 5553 3373
f 3373 5554 3390
f 5479 4063 3350
f 3390 5555 3393
f 5531 5566 5565
f 3368 5567 3367
f 5556 5560 5559
f 3393 5557 5556
f 4433 5463 5464
f 5464 5458 5456
f 4435 4439 3380
f 4055 3277 3274
f 3273 3911 3370
f 3395 3358 3394
f 5486 4071 5484
f 5526 4453 5524
f 5525 5569 5566
f 5568 3527 5567
f 3527 3847 3366
f 3365 3849 5462
f 5462 3850 5459
f 4435 5571 4430
f 3378 3943 3944
f 5573 5577 5574
f 4438 3943 3379
f 5477 5579 5476
f 5582 5580 5579
f 5583 5581 5584
f 5586 5588 5587
f 4074 5586 4073
f 5583 5474 5473
f 4507 5590 3991
f 5573 4522 4520
f 3989 5596 3988
f 5594 3407 5593
f 4436 5572 5571
f 5591 3991 5590
f 4507 4476 5589
f 3990 5587 5588
f 5578 3406 5577
f 5595 5584 5581
f 5484 3358 5486
f 4441 5467 3882
f 5472 4077 4139
f 5522 5570 5524
f 5486 3353 3524
f 5481 3386 3387
f 3475 5492 3518
f 5476 3899 5477
f 5540 5606 5603
f 5542 5603 5607
f 5608 5542 5607
f 5608 5545 5544
f 5607 5609 5545
f 5599 5548 5612
f 5598 5543 5608
f 5595 5593 5596
f 5588 3989 3990
f 5626 3266 5627
f 5627 4448 5628
f 5469 4469 5468
f 4515 5625 4491
f 4503 4474 4509
f 4481 5627 4480
f 4500 5469 5470
f 3414 5466 5465
f 5594 5581 5582
f 3376 4430 5571
f 3444 3941 3855
f 5572 3444 3445
f 4273 4287 4272
f 4345 4357 4344
f 4386 4305 4385
f 4517 4463 5625
f 4352 4319 4379
f 4352 4251 4336
f 4268 4390 4388
f 4264 4320 4323
f 4346 4282 4283
f 4337 4343 4344
f 4289 4245 4288
f 4303 4287 4288
f 4343 4291 4342
f 4284 4244 4289
f 4375 4291 4294
f 4379 4271 4272
f 4337 4348 4336
f 4524 4295 4290
f 4364 4197 4279
f 4285 4390 4302
f 5206 5208 5207
f 4297 4371 4296
f 4346 4286 4273
f 4285 4333 4284
f 3571 4395 5460
f 5341 5339 5342
f 5346 5334 5335
f 5269 5273 5289
f 4510 5609 5610
f 4509 5545 5609
f 4445 5611 5546
f 5566 5568 3368
f 5349 5338 5348
f 5489 3401 3398
f 5565 3368 3338
f 5496 5417 5630
f 5523 3383 5634
f 5325 5347 5324
f 5523 5599 5522
f 5429 3401 5633
f 3887 5631 5630
f 5634 5600 5523
f 5276 5279 5277
f 5298 5257 5300
f 5087 5085 5084
f 3361 5612 5548
f 5041 5066 5040
f 5487 3383 3384
f 5101 5130 5100
f 5299 5300 5303
f 5333 5335 5334
f 5302 5304 5303
f 5234 5216 5217
f 5301 5255 5258
f 4868 5322 4867
f 5281 5277 5279
f 5323 5322 5324
f 5298 5296 5297
f 4885 4750 4792
f 5231 5196 5197
f 4625 5313 5320
f 5111 5085 5098
f 5600 5549 5548
f 5531 5563 5527
f 5165 5182 5189
f 5283 5285 5284
f 4269 4277 4268
f 5610 5603 5606
f 5127 5091 5128
f 4907 5125 4906
f 5277 5272 5262
f 5596 5592 5598
f 5212 5226 5211
f 5273 5262 5272
f 5302 5258 5292
f 5635 5645 5640
f 4250 4379 4378
f 4485 3405 3402
f 4354 4023 4351
f 4265 4304 4386
f 4388 4282 4387
f 4345 4384 4385
f 4362 4297 4259
f 4836 4612 4828
f 4360 4236 4325
f 4369 4237 4234
f 5647 3986 3573
f 5650 3192 3189
f 5337 5336 5333
f 4467 4477 4466
f 4253 4340 4252
f 4429 5457 4428
f 3997 3915 3540
f 5535 3839 3982
f 5538 4460 4456
f 3439 5571 3438
f 5570 5526 5524
f 3438 5572 3445
f 4440 3879 3876
f 3440 4407 3449
f 3886 5695 5694
f 5534 5396 5451
f 5685 3471 5684
f 4278 4301 4302
f 5628 4449 5469
f 3579 3538 3578
f 4480 5628 4500
f 4402 5517 5518
f 4279 4198 4278
f 3603 3532 3602
f 3580 4088 4090
f 4095 3531 4094
f 5248 5251 5250
f 3778 3999 3776
f 4617 4613 4614
f 4375 4372 4519
f 3411 4136 3410
f 5094 5111 5097
f 3602 3535 3605
f 4023 4350 4351
f 4349 4336 4348
f 3605 3536 3592
f 4469 4471 4470
f 4094 3593 4097
f 4248 4245 4246
f 3519 5518 5517
f 5254 5284 5285
f 4852 4795 4766
f 4265 5629 4264
f 5632 5503 5631
f 3604 3612 3601
f 5549 5502 3360
f 3653 3607 3661
f 4780 4873 4779
f 4988 4979 4976
f 4491 5626 4481
f 4837 4995 4994
f 4615 4765 4749
f 5468 4470 4504
f 3514 3467 3513
f 5491 4409 5679
f 4093 3619 4092
f 4364 5629 4297
f 3488 5509 3487
f 5606 5611 5610
f 4210 4189 4209
f 4600 4602 4601
f 5242 5198 5240
f 5073 5075 5072
f 5651 3940 4060
f 3996 3775 3998
f 5200 5202 5201
f 5525 5527 5526
f 3364 4434 3363
f 3775 3542 3581
f 3941 5485 3855
f 3731 4105 3730
f 4997 4999 4998
f 4508 5608 5544
f 4101 3818 3816
f 3728 4103 3727
f 4591 4592 4328
f 4539 4538 4537
f 4550 4552 4551
f 4541 4567 4545
f 4389 4570 4568
f 4582 4580 4576
f 4976 4978 4977
f 4705 4707 4706
f 4797 4843 4844
f 3713 3730 3726
f 4675 4702 4704
f 4977 4981 4980
f 4810 4817 4816
f 4786 4812 4785
f 4715 4628 4714
f 4978 5021 4981
f 5010 5006 4991
f 3722 4162 4161
f 4558 4560 4559
f 4568 4569 4218
f 4584 4535 4585
f 4641 4715 4716
f 5026 5012 5068
f 4776 4745 4742
f 4714 4712 4713
f 4982 5001 4985
f 4576 4560 4582
f 4564 4566 4565
f 5069 5018 5029
f 5057 5048 5047
f 4810 4811 4680
f 3710 3786 3709
f 4991 4999 5010
f 5011 5010 5004
f 5008 5022 5027
f 5066 5063 5040
f 5047 5024 5025
f 5050 5051 5053
f 5023 5016 5024
f 5045 5059 5061
f 5047 5026 5057
f 3711 3724 3721
f 5048 5037 5047
f 5042 5063 5062
f 5058 5051 5054
f 5036 5046 5037
f 3715 3700 3714
f 5235 5257 5246
f 3732 3704 3702
f 5030 5062 5064
f 5020 5023 5022
f 5263 5261 5260
f 5049 5044 5034
f 5236 5250 5255
f 5031 5027 5022
f 5043 5039 5042
f 5320 5329 5330
f 5049 5052 5051
f 5326 5317 5327
f 3264 3288 3285
f 5264 5263 5260
f 4998 4992 4987
f 5009 5020 5008
f 5036 5039 5038
f 5032 5034 5033
f 4355 3949 3422
f 4269 4374 4323
f 4253 4378 4303
f 4525 4252 4340
f 3960 4111 3866
f 4372 4258 4296
f 5681 5673 5675
f 4378 4272 4287
f 4270 4346 4273
f 3244 5644 5643
f 4899 4648 4650
f 3734 3702 3810
f 4138 3343 4137
f 4192 4361 4360
f 3813 3812 3810
f 3817 3696 3814
f 5668 5682 5674
f 5690 5687 5684
f 5499 5700 5517
f 3999 3820 3577
f 3745 4102 4106
f 5684 3472 5690
f 5702 3860 5703
f 5712 5693 5670
f 3249 4393 3572
f 5695 5715 5694
f 5694 5716 5696
f 5719 5601 5602
f 4918 4950 4952
f 4774 4743 4773
f 3844 5605 3735
f 5505 4411 5504
f 3583 3585 3582
f 3710 4157 4160
f 5513 4417 5508
f 5704 4146 5709
f 4141 4062 4049
f 5669 5688 4410
f 3898 5653 5450
f 5718 3972 5719
f 5684 5686 5685
f 3917 5717 3512
f 3463 5662 5660
f 5492 5680 5491
f 4931 4950 4919
f 5665 3441 5663
f 3788 3740 3790
f 3501 3529 3994
f 3569 3477 3308
f 5516 5727 5515
f 3564 3566 3565
f 3892 5406 3889
f 3962 5407 3961
f 4126 4123 4125
f 4116 3287 5411
f 3892 5630 5417
f 3824 5413 5414
f 4408 5680 4412
f 3969 3978 5402
f 4408 3449 4407
f 4414 3449 4413
f 3962 3262 4125
f 4425 5616 4321
f 4418 5727 4419
f 5716 5575 5696
f 5719 5717 5718
f 5698 5692 5697
f 3880 4166 3987
f 5652 5520 5619
f 5621 4167 4166
f 5679 4410 5688
f 3210 3355 5618
f 5622 5451 5657
f 5416 5497 5624
f 5729 5731 5730
f 5733 3761 3758
f 5735 5737 5736
f 5750 5751 5734
f 5744 5740 5741
f 5744 3753 5746
f 5753 5730 5731
f 5757 5736 5737
f 5731 5765 5753
f 5774 5776 5775
f 5790 5792 5791
f 5796 5787 5797
f 5817 5819 5818
f 5828 5830 5829
f 3725 3751 3747
f 4874 4873 4875
f 4700 4903 4902
f 4740 4876 4739
f 3199 3201 3200
f 4100 4099 4101
f 3749 4108 3748
f 3695 3712 3692
f 3378 3380 3379
f 5504 4412 5507
f 4405 5518 5699
f 5838 5835 5836
f 4705 4712 4708
f 5832 5828 5833
f 5697 5678 5698
f 3791 4005 3790
f 5848 5794 5850
f 3714 3701 3704
f 3995 4042 3890
f 3329 3224 3222
f 4005 3705 4004
f 4551 4763 4550
f 5855 5808 5856
f 5851 5792 5852
f 5803 5858 5847
f 5844 5840 5845
f 5762 5743 5740
f 5808 5806 5807
f 4012 3426 3423
f 5558 3467 4067
f 4550 4720 4901
f 4950 4953 4952
f 3885 5694 5696
f 5705 4081 4082
f 5508 4415 5505
f 3745 3760 3744
f 5507 5680 5506
f 3592 3588 3591
f 3895 5658 5653
f 5613 5501 5549
f 3834 4393 4055
f 5527 4455 5526
f 5775 5809 5774
f 5766 5813 5810
f 5858 5812 5859
f 5855 5811 5858
f 5863 5819 5862
f 5826 5863 5829
f 5862 5833 5828
f 5870 5837 5845
f 5782 5831 5832
f 5868 5836 5873
f 5778 5843 5844
f 5866 5845 5840
f 5785 5867 5784
f 5790 5789 5793
f 5796 5794 5795
f 5821 5819 5820
f 5657 5620 5622
f 5793 5852 5792
f 5855 5801 5798
f 5853 5786 5796
f 5804 5802 5803
f 5827 5864 5822
f 5767 5821 5813
f 5854 5776 5777
f 5860 5818 5861
f 5782 5825 5785
f 5781 5844 5834
f 5810 5815 5816
f 5867 5830 5784
f 5809 5798 5799
f 5828 5863 5862
f 5865 5838 5868
f 5801 5802 5800
f 4086 3795 4149
f 5779 5842 5843
f 5827 5829 5830
f 5839 5869 5835
f 5814 5855 5856
f 5711 3859 5702
f 4958 4917 4960
f 5861 5821 5768
f 5863 5812 5820
f 5865 5823 5824
f 5873 5837 5871
f 5872 5842 5780
f 4089 3563 5704
f 3812 3785 3811
f 5770 5787 5788
f 5789 5847 5846
f 5793 5846 5849
f 4145 4146 3498
f 5848 5790 5791
f 3953 4009 3952
f 5748 5874 5747
f 4624 4626 4625
f 4665 4752 4664
f 4775 4779 4778
f 4746 4671 4747
f 4637 4601 4639
f 4828 4613 4827
f 4704 4762 4675
f 4843 4727 4687
f 4543 4725 4542
f 4731 4863 4730
f 4723 4558 4722
f 4842 4840 4838
f 4717 4857 4718
f 4865 4867 4866
f 5841 5866 5840
f 4725 4540 4542
f 4798 4816 4817
f 4632 4634 4633
f 4720 4715 4719
f 4642 4644 4643
f 3754 5874 5876
f 4860 4644 4847
f 4674 4722 4721
f 4808 4676 4677
f 4721 4822 4821
f 5876 5877 5746
f 4836 4840 4839
f 4658 4660 4659
f 4826 4800 4838
f 4877 4743 4744
f 4948 4971 4943
f 4875 4876 4889
f 4954 4934 4955
f 5773 5788 5790
f 5825 5833 5824
f 5834 5836 5835
f 5834 5845 5837
f 3359 3361 3360
f 5732 3756 3757
f 3394 3396 3395
f 3766 5741 5742
f 5774 5799 5777
f 5805 5857 5802
f 5813 5820 5812
f 3969 3964 3968
f 5667 5674 5666
f 5729 3792 3756
f 3770 5741 3769
f 4741 4739 4738
f 4689 4660 4661
f 5772 5787 5771
f 5735 3758 3764
f 5850 5773 5848
f 5617 3965 5650
f 5799 5854 5777
f 5875 5764 5879
f 5840 5842 5841
f 5861 5769 5860
f 5807 5853 5851
f 5869 5834 5835
f 3765 5739 5738
f 5882 5761 5759
f 5881 5887 5889
f 5895 5898 5897
f 5907 5906 5908
f 5909 5908 5910
f 4234 4526 4369
f 3912 3389 3914
f 5934 8730 8729
f 8730 5930 5931
f 4920 4922 4921
f 8845 8853 8851
f 4141 3404 4174
f 3733 3706 3731
f 8849 8848 8850
f 4234 4236 4235
f 8863 5919 8862
f 3733 4004 3705
f 5908 8859 8867
f 8865 8871 8870
f 8859 8863 8864
f 5927 5925 5928
f 5911 5904 5912
f 8878 8866 8879
f 5635 5637 5636
f 5745 5746 5877
f 3552 3554 3553
f 8857 8890 8875
f 5924 8860 5923
f 3553 3556 3552
f 5919 8861 8862
f 8869 8870 8891
f 8873 8878 8876
f 8856 8875 8874
f 8862 5889 5887
f 8846 8844 8843
f 8864 8866 8865
f 8729 8883 8884
f 8848 8887 8886
f 8878 5888 8893
f 8896 8855 8897
f 8853 8896 5885
f 8841 5882 5883
f 3489 3491 3490
f 8867 8864 8868
f 5910 8867 8898
f 5914 8898 8899
f 5916 8899 8900
f 5889 8860 5890
f 8876 8893 8894
f 5918 8900 8901
f 4424 5726 4423
f 8904 8900 8899
f 8909 8904 8905
f 8908 8903 8904
f 8869 8905 8868
f 3632 3667 3635
f 3687 3689 3688
f 3636 3681 3631
f 3664 3639 3665
f 4304 4306 4305
f 8909 8891 8910
f 3681 3695 3680
f 3758 3760 3759
f 3684 3700 3683
f 3721 3723 3722
f 3941 3943 3942
f 3738 3740 3739
f 3687 3709 3690
f 3238 3938 3220
f 4249 4288 4245
f 4499 3344 4464
f 4240 4368 4367
f 3453 3951 3919
f 4401 3547 3967
f 3950 3451 3436
f 3702 3701 3703
f 3725 3727 3726
f 3194 3208 3193
f 4034 4461 4462
f 3914 3913 3912
f 3483 3533 3482
f 3191 3957 3206
f 4292 3970 4293
f 3909 3428 3356
f 3959 3866 3867
f 4017 4309 4016
f 4316 4008 3953
f 4448 4450 4449
f 4414 4417 4416
f 3435 3351 3433
f 4413 4415 4414
f 3899 3901 3900
f 3780 3648 3809
f 3474 3886 3885
f 3958 3192 3214
f 3221 3935 4427
f 3905 3907 3906
f 3913 4486 3313
f 4420 4421 4085
f 3881 3883 3882
f 4004 3790 4005
f 4271 4318 4316
f 4259 4296 4258
f 3501 4066 3468
f 5897 5900 5899
f 5901 5904 5903
f 8854 8856 8855
f 3789 3786 3720
f 3651 3781 3782
f 5924 5901 5925
f 8870 8873 8872
f 8876 8874 8873
f 5912 5918 5911
f 3805 3799 3737
f 3369 3395 3396
f 3923 3925 3924
f 3916 3512 3509
f 3641 3801 3642
f 4276 4323 4320
f 4181 4331 4330
f 4428 3377 4429
f 3495 4321 4322
f 4436 3380 3381
f 4430 4437 4435
f 3945 3958 3946
f 4065 4047 3418
f 4495 3408 4496
f 8913 8915 8914
f 8911 8917 8916
f 8889 8923 8890
f 8919 8931 8921
f 8884 8918 8885
f 8922 8931 8925
f 5852 5909 5851
f 5866 5915 5917
f 8926 8914 8915
f 8914 8883 8913
f 8886 8921 8888
f 5846 5894 5891
f 5873 5900 5868
f 8893 5764 5754
f 8894 5754 5753
f 5890 5927 8936
f 5885 5755 5758
f 5871 5902 5873
f 5763 5883 5762
f 5880 8936 5763
f 4175 4398 4399
f 4274 4255 4275
f 8883 5931 8882
f 8868 8898 8867
f 3289 3247 3292
f 3858 5485 5921
f 8850 8886 8888
f 4116 5409 4115
f 3889 4127 5415
f 3678 8938 8937
f 8857 8888 8889
f 3979 3294 3295
f 4126 3431 3823
f 3651 3679 3650
f 3460 5921 3354
f 4084 3310 3487
f 8905 8899 8898
f 3561 5397 5656
f 3213 5528 5519
f 4191 4193 4192
f 5449 5532 5533
f 4142 4031 4479
f 4060 5652 5651
f 4480 4482 4481
f 5519 3212 3213
f 5657 3330 3940
f 4473 4475 4474
f 3514 5668 5667
f 5663 5669 5665
f 8881 5926 8880
f 5734 5749 5750
f 4788 4677 4678
f 3997 3538 3506
f 3551 3310 3294
f 3577 3998 3999
f 4893 4676 4809
f 4753 4671 4672
f 8729 8885 8843
f 3813 9021 8937
f 8938 3813 8937
f 8882 5929 8881
f 4098 3820 3821
f 3399 5416 3398
f 5494 5503 4403
f 5880 5878 5881
f 4986 4861 4987
f 4999 5004 5010
f 4985 4988 4976
f 5816 5766 5810
f 4372 4384 4519
f 5688 5692 5679
f 8903 8901 8900
f 8879 5887 5888
f 8902 8880 8901
f 5919 5895 5920
f 4519 4342 4291
f 8847 8854 8853
f 5925 5903 5926
f 4021 4523 4025
f 5678 5676 4406
f 4424 4085 4421
f 5701 3577 3820
f 5928 5926 5929
f 5000 4980 5004
f 9022 3545 4113
f 9024 5409 5410
f 4008 4010 4009
f 3931 4516 4513
f 3822 3807 3821
f 8851 8844 8845
f 5728 5509 5721
f 9025 4115 5409
f 5209 5201 5208
f 4820 4653 4682
f 3988 5598 4508
f 3370 3357 3395
f 5639 5641 5640
f 5592 4477 5543
f 3378 5572 3381
f 5625 3265 5626
f 5594 5577 3406
f 3302 5645 3301
f 3274 3278 3273
f 5207 5233 5243
f 5071 5072 5075
f 4815 4785 4812
f 4796 4643 4760
f 3243 5643 5648
f 5301 5303 5300
f 5431 5655 5654
f 5251 5244 5252
f 3353 3523 3524
f 4174 3405 3411
f 3546 4113 3545
f 4002 3788 4004
f 4196 4238 4195
f 3232 5647 3231
f 4373 4266 4310
f 4867 5321 4902
f 5648 4058 3243
f 4455 3893 4453
f 5593 4511 5592
f 5275 5252 5253
f 5252 5274 5251
f 4092 3624 3597
f 3723 3743 3722
f 4780 4802 4796
f 4059 3560 5425
f 4317 4347 4270
f 5188 5192 5187
f 5570 5612 5569
f 3385 5633 3384
f 3526 5569 5612
f 3576 3608 3590
f 3581 3594 3580
f 5239 5238 5232
f 5081 5083 5082
f 4369 4528 4527
f 4325 4329 4360
f 3569 3286 3336
f 9022 4112 5709
f 3661 3801 3653
f 5074 5030 5064
f 5064 5063 5065
f 3563 3498 4146
f 3961 4119 5411
f 4854 4870 4735
f 5018 5028 5029
f 5007 5027 5028
f 5040 5039 5041
f 3240 3875 3239
f 5070 5029 5072
f 3504 3866 4111
f 3537 3591 3588
f 5033 5039 5032
f 4710 4635 4879
f 5017 4989 5014
f 5024 5046 5023
f 4991 5019 4990
f 4587 4574 4573
f 4996 4793 4878
f 5066 5059 5067
f 5221 5231 5220
f 5068 5057 5026
f 3675 3643 3642
f 3663 3675 3662
f 4722 4559 4822
f 3579 3590 3591
f 3686 3677 3678
f 4422 3499 4419
f 5142 5138 5133
f 5078 5075 5076
f 3609 3590 3608
f 3288 5411 3287
f 5424 5410 3246
f 5152 5156 5172
f 3960 5709 4112
f 4946 4957 4958
f 3867 5705 3959
f 9026 4113 5710
f 5192 5189 5187
f 5161 5194 5171
f 3637 3682 3636
f 4392 3847 3848
f 3796 4149 3795
f 4104 3727 4103
f 3594 3993 4088
f 3796 4134 5710
f 3687 4156 4157
f 3760 4164 4165
f 4464 3345 4467
f 3485 3868 3484
f 3846 5423 4130
f 3409 4496 3408
f 3767 3765 3762
f 3711 4159 4160
f 3797 4087 3510
f 4072 5562 5560
f 4502 5590 5589
f 5408 9027 4118
f 5683 5714 5682
f 5702 4110 5711
f 5623 4148 4167
f 5428 3525 3522
f 3668 3802 3667
f 4000 8938 3679
f 4221 4179 4380
f 4267 4388 4315
f 3721 4161 4159
f 3903 5706 5705
f 3583 4090 4091
f 3894 3524 3525
f 4635 4636 4634
f 4173 4009 4010
f 4890 5393 5394
f 5290 5293 5292
f 5339 5337 5333
f 5458 4438 4439
f 3251 5430 3910
f 3252 5419 3251
f 3428 5421 3427
f 3571 5418 3252
f 4583 4554 4593
f 4239 4224 4238
f 3322 5450 5449
f 5309 5306 5304
f 4109 3748 4108
f 5707 3794 3795
f 5139 5183 5140
f 5271 5290 5259
f 5280 5282 5279
f 5110 5125 5115
f 5319 4731 5317
f 5334 5339 5333
f 5423 3523 5422
f 5376 5378 5375
f 4721 4646 4674
f 3719 4159 4161
f 4853 4692 4795
f 5373 5330 5375
f 4428 5456 4437
f 5376 5328 5331
f 3337 4434 4431
f 4692 5395 4795
f 5475 4523 5476
f 5478 4068 4522
f 5421 4129 5422
f 5374 5375 5378
f 5283 5306 5282
f 5246 5234 5235
f 5154 5150 5153
f 4458 5561 4457
f 5163 5158 5168
f 5381 5378 5379
f 3397 5484 5483
f 4457 5563 5537
f 5147 5150 5149
f 4474 5544 5545
f 5325 5319 5326
f 5223 5388 5222
f 5517 3521 3519
f 4499 3347 4487
f 5404 4128 4129
f 3476 5506 3475
f 4084 5515 4083
f 3900 5477 3899
f 5536 5547 5546
f 5491 5493 5492
f 5474 4139 5401
f 4063 4522 4068
f 4459 5541 5540
f 5548 3360 3361
f 5444 5550 4396
f 3888 5415 5412
f 5546 3339 4445
f 5536 5538 5537
f 3570 5508 3477
f 4471 5589 4476
f 4280 3359 5933
f 5499 4403 5503
f 5189 5169 5165
f 5543 4478 5542
f 4051 5552 3374
f 3461 5507 3476
f 4629 4870 4869
f 5106 4909 4862
f 5286 5279 5282
f 5462 3364 3365
f 3491 5514 3840
f 5224 5231 5229
f 4478 5540 5542
f 4099 3742 3723
f 4803 4805 4804
f 4130 5422 4129
f 4470 4476 4473
f 4924 4921 4922
f 4920 4927 4926
f 4993 4987 4992
f 4887 4913 4912
f 3894 4070 4071
f 5472 5585 5586
f 3508 4134 3507
f 3603 4096 4097
f 3772 3992 4110
f 5712 5671 5672
f 3739 4162 4163
f 5683 3515 5715
f 5480 4495 5479
f 5698 5493 5498
f 3578 3996 3998
f 3645 4154 4155
f 5660 3466 3463
f 4135 5710 4134
f 5587 4073 5586
f 5687 5693 5686
f 3584 4091 4150
f 5585 5584 5588
f 4128 5415 4127
f 4257 4338 4526
f 4222 4178 4179
f 4366 4191 4216
f 5098 5091 5088
f 5761 5737 5760
f 5760 5738 5739
f 8852 5934 8844
f 8874 8855 8856
f 8895 8855 8877
f 5884 8842 8852
f 4557 4582 4560
f 8890 8917 8892
f 8918 8930 8920
f 8924 8915 8916
f 4182 4330 4190
f 3864 5711 4110
f 3574 3230 3231
f 3342 3415 3341
f 3488 3549 3840
f 4317 3953 3949
f 3672 4152 4153
f 5708 3865 5707
f 9021 3685 3686
f 3621 3616 3617
f 5728 4419 5727
f 4311 4028 4310
f 4131 3543 3841
f 4426 3842 4423
f 4518 4168 4427
f 5457 5464 5456
f 5425 3558 3837
f 5458 4437 5456
f 3416 5465 5457
f 5638 5437 5637
f 3985 5636 5637
f 5646 5636 5647
f 9023 3554 5402
f 5722 5514 5726
f 3256 3934 3255
f 4164 5734 5751
f 8885 8920 8887
f 3282 3929 3281
f 3292 3320 3291
f 3232 3300 3301
f 3303 3271 3334
f 3562 5432 3325
f 3392 3388 3391
f 3854 5350 3851
f 5463 5459 5458
f 5935 3885 5576
f 3879 3954 3878
f 3928 3391 3388
f 4137 4458 4138
f 5454 3850 3851
f 3548 3549 3550
f 4443 5470 4442
f 4452 4506 4447
f 4468 3415 3879
f 4443 3876 4483
f 3234 4515 4516
f 5434 3896 5433
f 5448 5441 5644
f 5447 5443 5442
f 4442 5471 5467
f 5550 3275 5551
f 5578 4520 3409
f 3464 5666 3463
f 4701 4839 4840
f 3259 4041 4030
f 4015 3423 4018
f 3558 3982 3839
f 4856 4823 4824
f 4741 4653 4740
f 3759 4106 3763
f 3560 3290 3559
f 9024 3557 3553
f 5438 3280 5439
f 3321 3290 3291
f 5557 4072 5560
f 5553 3396 5554
f 4045 4174 4044
f 4539 4849 4585
f 3536 3503 3588
f 5478 5574 5477
f 3800 3510 3511
f 4755 4886 4754
f 5561 5527 5563
f 5752 5732 5751
f 5752 5756 5765
f 3518 5493 5521
f 3767 4107 4108
f 3534 4097 3593
f 4395 3826 3827
f 3926 3371 3925
f 4446 5610 5611
f 4050 3980 3981
f 8887 8843 8885
f 5649 5640 5645
f 4643 4761 4760
f 3709 3784 3690
f 4778 4660 4777
f 5649 4054 5648
f 5646 3301 5645
f 3250 3910 3909
f 5884 5757 5761
f 5655 5936 5937
f 4224 4226 4225
f 4043 3412 4013
f 4286 4288 4287
f 4267 4310 4266
f 4493 4080 4494
f 3325 3226 3227
f 3925 3372 3928
f 4312 4314 4313
f 3996 3540 3541
f 8908 8912 8907
f 4023 4025 4024
f 3995 3891 3994
f 5482 5559 4137
f 4486 3921 4484
f 4300 4302 4301
f 5438 5644 5441
f 3233 3282 3270
f 3225 3227 3226
f 5446 5445 5443
f 5554 3397 5555
f 4834 4830 4772
f 4064 3350 4063
f 3596 3598 3597
f 5639 5648 5643
f 5434 5654 5658
f 4895 4830 4831
f 3674 3676 3675
f 3551 3978 3550
f 3835 3305 3306
f 3813 3702 3703
f 3691 4160 4157
f 4109 4101 4103
f 4565 4188 4564
f 3490 3547 3489
f 3672 3647 3673
f 8906 8912 8913
f 3810 3811 3734
f 4051 4397 4396
f 3566 4090 4088
f 5580 5476 5579
f 4456 5537 5538
f 5539 5546 5611
f 8844 8729 8843
f 8872 8874 8875
f 4383 4198 4195
f 4931 4927 4930
f 5529 5397 5396
f 5314 5323 5328
f 5347 5323 5324
f 4711 4599 4596
f 5387 5389 4696
f 5259 5292 5258
f 5195 4803 5126
f 5195 4746 4806
f 4639 4866 4685
f 4821 4681 4721
f 3421 5399 3260
f 4730 4601 4602
f 4807 4811 4786
f 4040 3421 3948
f 4844 4800 4797
f 3936 3929 3930
f 4894 4817 4823
f 5365 5383 5368
f 4657 4661 4658
f 5224 4770 4804
f 5368 5382 5380
f 5336 5352 5335
f 5353 5386 5363
f 4070 4454 4069
f 5396 3327 3328
f 5225 5312 4809
f 5384 5386 5385
f 5391 4695 4759
f 4735 4870 4630
f 4407 4409 4408
f 4623 4880 4706
f 5356 5352 5354
f 4578 4859 4577
f 3239 3217 3938
f 3937 3333 3939
f 4578 4534 4535
f 5467 4505 4452
f 4836 4826 4838
f 4422 5721 4421
f 3392 5556 5482
f 5564 5565 5547
f 3807 3663 3660
f 5922 4392 4281
f 3680 3692 3693
f 3630 3632 3631
f 4416 5725 4418
f 4033 3836 4176
f 3238 4168 3342
f 3466 3483 3484
f 3678 3650 3679
f 3677 3649 3650
f 3340 4431 3884
f 3562 5656 5655
f 5658 5938 5939
f 3642 3640 3641
f 3306 3334 3981
f 3256 3280 3281
f 8910 8892 8917
f 5868 5898 5859
f 8924 8922 8925
f 8935 8925 8931
f 8882 8913 8883
f 8925 8926 8924
f 8840 8936 5927
f 5852 5905 5907
f 5136 5124 5137
f 4243 4260 4242
f 5238 5228 5232
f 5642 5643 5644
f 3924 3928 3927
f 5412 5700 3888
f 3750 3751 3707
f 3746 3770 3769
f 3859 3861 3860
f 3972 3493 3494
f 5923 8861 5920
f 4945 4958 4959
f 3296 3286 3287
f 3824 3907 3823
f 3671 4154 4153
f 4137 5481 5482
f 3614 3802 3617
f 3283 3559 3290
f 4936 4934 4933
f 5511 5726 5514
f 4170 3926 3923
f 3572 3830 3826
f 3459 3858 3460
f 3496 4425 3495
f 3457 3436 3437
f 3984 3986 3985
f 3914 3386 4487
f 5512 5723 5511
f 4500 4483 4480
f 4501 4471 4472
f 4503 4505 4504
f 4143 4461 4490
f 3331 3222 3219
f 4016 4018 4017
f 3998 3776 3999
f 4114 5710 4113
f 4405 4406 4404
f 5602 5720 5719
f 4767 4804 4770
f 4929 4954 4928
f 4410 5665 5669
f 3888 5632 3887
f 4048 3977 3974
f 3947 3212 5652
f 5676 3472 3473
f 5782 5784 5783
f 4315 4311 4267
f 5699 5521 5493
f 5864 5825 5822
f 5826 5822 5823
f 5775 5805 5806
f 3236 3270 3271
f 5823 5859 5826
f 4957 4895 4917
f 8868 8865 8869
f 4281 3848 4280
f 4940 4971 4949
f 4013 4029 4043
f 3685 3701 3684
f 4339 4377 4391
f 8891 8872 8892
f 3753 3755 3754
f 4427 3220 3221
f 3809 3779 3780
f 3568 4418 3500
f 3880 3918 3805
f 3543 3842 3841
f 4646 4648 4647
f 4656 4597 4598
f 4781 4820 4784
f 4972 4974 4973
f 5101 5109 5120
f 5095 5115 5125
f 5090 5132 5093
f 5131 5134 5133
f 5134 5127 5135
f 5117 5140 5129
f 3539 3863 3595
f 4006 3792 4007
f 5128 5099 5124
f 5097 5089 5096
f 5274 5271 5259
f 4571 4569 4549
f 4225 4238 4224
f 5156 5170 5172
f 4538 4540 4537
f 4622 4665 4662
f 4981 5004 4980
f 5012 4975 5013
f 5148 5149 5157
f 5157 5133 5134
f 5161 5145 5160
f 4261 4242 4260
f 5294 5291 5268
f 4255 4532 4261
f 5274 5250 5251
f 4246 4207 4248
f 3314 3927 3912
f 4670 4672 4671
f 4995 4673 4986
f 4638 4603 4600
f 4341 4525 4340
f 5163 5165 5162
f 4834 4784 4819
f 4784 4682 4819
f 4844 4687 4688
f 5280 5275 5285
f 4217 4564 4188
f 4554 4556 4555
f 4551 4556 4594
f 4549 4544 4571
f 5141 5173 5175
f 4653 4683 4682
f 4973 4989 4988
f 4984 5015 4983
f 5177 5170 5178
f 5166 5181 5182
f 5141 5139 5138
f 5178 5151 5177
f 5244 5203 5245
f 5252 5245 5253
f 4479 4079 4493
f 4402 4404 4403
f 3500 4419 3499
f 5856 5909 5913
f 4488 3348 3349
f 8851 5885 5886
f 3607 5701 4098
f 3508 3503 3504
f 5847 5896 5894
f 4374 4309 4263
f 3380 4438 3379
f 9025 3553 3554
f 5718 4131 3973
f 3300 3283 3321
f 5551 3276 5552
f 5552 3369 5553
f 5555 5483 5557
f 5859 5896 5858
f 4133 3794 3915
f 3606 3652 3610
f 4900 4766 4691
f 4616 4789 4788
f 3738 4164 3757
f 4774 4642 4801
f 4399 3402 4175
f 5853 5795 5851
f 3936 4427 3935
f 3418 4064 4065
f 5510 3840 5514
f 3270 3279 3269
f 3274 4056 4055
f 4359 4305 4306
f 4135 3504 4111
f 3610 3609 3606
f 3837 3557 5425
f 5940 4401 5941
f 5853 5803 5847
f 5725 5515 5727
f 3246 4117 3245
f 5713 5672 5681
f 4918 4916 4915
f 4148 3771 5703
f 5106 5113 5111
f 4147 5709 4146
f 5152 5177 5151
f 9026 4111 4112
f 5104 5103 5112
f 3531 3485 3593
f 3713 3715 3714
f 3699 3815 3697
f 4467 4459 4478
f 4703 4736 4640
f 5405 3846 5406
f 3555 3963 3964
f 4120 5411 4119
f 4217 4185 4218
f 3279 5441 3269
f 4944 4959 4966
f 4353 4344 4357
f 3815 3716 4104
f 3374 4052 4051
f 4491 4516 4515
f 5865 5833 5866
f 5819 5856 5862
f 5807 5856 5808
f 3933 3281 3929
f 3208 3920 3919
f 8907 8902 8903
f 5288 5295 5287
f 3728 3747 3748
f 3309 4083 3336
f 5119 5101 5120
f 3811 3789 4002
f 3595 3992 3993
f 4106 4100 4107
f 5696 5576 3885
f 3708 3750 3707
f 3744 4165 4163
f 5905 5892 5906
f 3403 4175 3402
f 4133 3506 3507
f 4147 3544 3545
f 3561 3325 3324
f 3237 3239 3238
f 4877 4793 4794
f 3241 3243 3242
f 3597 3625 3596
f 3279 3281 3280
f 3371 3373 3372
f 3599 3567 3598
f 3975 4032 4031
f 3277 3250 3278
f 3774 3565 3773
f 3658 3780 3779
f 4961 4963 4960
f 3600 3616 4096
f 4228 4202 4199
f 4011 4318 4350
f 4307 4262 4308
f 4838 4841 4842
f 4782 4773 4743
f 4914 4946 4947
f 4839 4765 4836
f 4771 4645 4642
f 4962 4964 4963
f 4966 4963 4964
f 3601 3615 3600
f 5878 5879 5881
f 5890 5881 5889
f 3720 4158 3719
f 4755 4689 4663
f 3740 3718 3739
f 5695 5686 5714
f 5740 5742 5741
f 5733 5736 5749
f 5755 5750 5749
f 5745 5762 5740
f 5798 5800 5799
f 4706 4879 4705
f 5651 5619 5620
f 5850 5797 5772
f 5804 5806 5805
f 4087 5707 4086
f 5915 5914 5916
f 5703 4167 4148
f 5893 5896 5895
f 5892 5919 8858
f 5706 5664 4081
f 5786 5788 5787
f 3973 3841 3493
f 4831 4915 4916
f 5906 8858 8859
f 4965 4969 4964
f 4684 4846 4842
f 3589 3611 3604
f 3596 4150 4091
f 5877 5763 5745
f 4121 4123 4122
f 3469 3868 3502
f 3204 3208 3207
f 3716 3726 3727
f 5460 5426 3571
f 3465 3470 3464
f 5738 3764 3765
f 4887 4655 4888
f 4203 4205 4204
f 3959 4082 4089
f 5758 5886 5885
f 5781 5872 5780
f 4675 4723 4674
f 3757 5751 5732
f 3334 3272 3335
f 8880 5903 5911
f 5615 3473 5614
f 5759 5760 5743
f 8845 8848 8847
f 5778 5780 5779
f 8857 8849 8850
f 4132 3798 3859
f 5839 5841 5842
f 560 3187 559
f 5747 4007 3792
f 5928 8840 5927
f 5766 5768 5767
f 4848 4956 4847
f 4953 4967 4965
f 4832 4910 4915
f 5879 5888 5887
f 3598 3530 4095
f 5747 5730 5748
f 5754 5748 5730
f 5810 5812 5811
f 5758 5749 5736
f 4315 4387 4314
f 5917 5916 5918
f 5913 5910 5914
f 5930 8841 8840
f 4951 4968 4953
f 3209 3201 3202
f 4059 3246 3247
f 8731 8842 8841
f 3776 3585 3778
f 5770 5772 5771
f 5891 5893 5892
f 9028 5641 5439
f 5814 5816 5815
f 5662 5673 5661
f 3522 3524 3523
f 5630 5942 5496
f 5791 5795 5794
f 5746 3754 5876
f 5928 5931 5930
f 5743 5739 5742
f 5876 5875 5878
f 3678 9021 3686
f 4200 4207 4199
f 4114 3916 4149
f 3601 3605 3604
f 3818 3712 3817
f 3315 3317 3316
f 5899 5902 5901
f 8840 5883 8936
f 5562 5559 5560
f 4416 3448 4414
f 3189 3191 3190
f 4751 4747 4671
f 4181 4180 4177
f 3832 5454 5351
f 3362 3526 3361
f 5678 5699 5698
f 3497 3499 3498
f 448 807 447
f 647 122 270
f 5690 5677 5697
f 4183 4185 4184
f 1833 1780 1832
f 5920 5897 5923
f 510 508 507
f 4401 5944 5941
f 5656 5530 5936
f 3970 5940 4293
f 5653 5939 5946
f 5450 5946 5532
f 3384 5945 5487
f 4403 4299 5494
f 5944 3968 5949
f 3963 5951 3852
f 5614 3474 5935
f 5427 3857 5951
f 3210 1887 3201
f 1887 3200 3201
f 15 3197 3200
f 16 3195 3197
f 3195 3187 3194
f 3194 1899 3207
f 3207 375 3204
f 387 126 127
f 3189 1760 5650
f 9029 757 758
f 763 2172 2175
f 9035 9032 9033
f 9033 9031 9030
f 9046 9048 9047
f 8751 9054 8752
f 9078 9077 9079
f 9083 9051 9053
f 9088 9047 9048
f 9099 9040 9097
f 9102 9036 9099
f 9105 9032 9103
f 9105 9106 9031
f 1801 9108 9107
f 9103 9034 9102
f 9096 9047 9089
f 1767 9111 9112
f 1597 9113 1600
f 1708 9117 9116
f 9123 9119 9118
f 9118 9125 9124
f 1588 9116 1587
f 2080 9118 2082
f 2082 9124 2084
f 9126 9087 9083
f 9129 9088 9087
f 5512 5943 5947
f 5634 5488 5948
f 5724 5947 5616
f 9134 9097 9133
f 9144 9102 9138
f 9133 9096 9132
f 786 9144 785
f 9146 9103 9144
f 785 9138 497
f 497 9134 650
f 650 9133 564
f 9148 9133 9132
f 8756 9057 8753
f 9154 9130 9129
f 9151 9131 9130
f 9097 9090 9096
f 1799 9111 1768
f 5949 3964 3853
f 9160 8809 8811
f 8813 9160 8811
f 9166 564 9148
f 9067 9054 9052
f 9162 9148 9150
f 9087 9048 9051
f 9081 9079 9082
f 9049 9051 9048
f 9082 9167 9081
f 9079 9049 9046
f 9169 9175 9170
f 9167 9112 9081
f 9168 9177 9167
f 9120 9113 9177
f 9120 9169 9119
f 9119 9170 9125
f 9179 9125 9170
f 9180 9124 9125
f 9178 9170 9175
f 1576 2084 9124
f 9179 9183 9181
f 3203 1387 3190
f 3190 1791 3189
f 5618 1949 3210
f 317 259 391
f 2000 9105 9146
f 9053 9052 9054
f 9041 9036 9037
f 9029 756 2170
f 9037 9034 9035
f 9130 9089 9088
f 3204 376 3203
f 1801 9109 1799
f 9181 9180 9179
f 1575 9190 1088
f 9187 1576 9180
f 1776 1796 1775
f 1293 1290 1284
f 1326 1327 12
f 1294 1234 1290
f 878 1330 1337
f 5633 5490 5945
f 5933 3360 5502
f 5613 5948 5500
f 5604 3844 5720
f 3972 5950 5601
f 3494 4322 5950
f 4406 5615 4298
f 3492 4292 5943
f 5631 5495 5942
f 497 374 498
f 122 413 121
f 5624 3398 5416
f 9151 9156 9160
f 9058 8752 9054
f 9160 9150 9151
f 8815 9162 8813
f 9156 8794 8809
f 439 399 438
f 1512 1526 1511
f 1668 1738 1671
f 839 1362 838
f 1362 826 1012
f 3425 3418 4047
f 4905 5243 4808
f 4621 4662 4690
f 5582 5574 5577
f 4754 4756 4755
f 3902 4021 4022
f 9295 1896 9267
f 2053 2118 2117
f 9340 2120 2119
f 696 9268 9283
f 4922 4939 4924
f 4365 4186 4183
f 5105 4862 4670
f 5228 5226 5225
f 4781 4877 4794
f 5218 5238 5217
f 4990 4992 4991
f 4335 4336 4251
f 4993 4972 5002
f 4794 4792 4750
f 5886 8852 8851
f 5405 5417 5416
f 4669 4764 4668
f 4676 4698 4679
f 1826 639 640
f 9192 9181 9183
f 5232 5233 5204
f 5418 4122 5419
f 956 886 960
f 5720 3512 5717
f 4728 4730 4729
f 8879 8863 8862
f 1980 1922 807
f 4969 4966 4964
f 33 105 164
f 9028 3254 5437
f 3837 3839 3838
f 4382 4301 4383
f 3908 4122 4123
f 4290 4294 4291
f 4400 4055 4056
f 3219 3221 3220
f 8894 8877 8876
f 4640 4735 4630
f 4389 4216 4213
f 3267 4493 4451
f 3268 4463 4144
f 5097 5098 5088
f 5094 5096 5095
f 5654 5937 5938
f 4089 3960 3959
f 5159 5162 5160
f 5202 5249 5205
f 5412 5414 5413
f 5715 3516 5716
f 5723 4423 5726
f 4263 4323 4374
f 3994 3564 3774
f 1343 9308 9309
f 3470 5667 3464
f 5659 5671 5706
f 3319 4053 3299
f 9359 2128 9354
f 1766 1582 1594
f 14 2163 738
f 595 99 594
f 5703 3772 5702
f 5206 5229 5209
f 3437 3458 3457
f 5516 3487 5509
f 5122 5087 5123
f 3223 3934 3935
f 3979 5402 3978
f 3828 3320 3827
f 5663 4081 5664
f 4035 4490 4461
f 4426 5724 4425
f 3881 4447 4444
f 5407 4118 4119
f 5691 5689 5687
f 5661 5672 5671
f 5911 8901 8880
f 3902 3871 4046
f 5541 5539 5606
f 4069 5561 5562
f 3248 3292 3247
f 1346 1044 1352
f 748 1425 747
f 3297 3255 3934
f 5445 4056 5550
f 5783 5830 5831
f 4310 4376 4373
f 5857 5800 5802
f 3882 4452 3881
f 3193 3919 3951
f 3190 3206 3203
f 4266 4268 4267
f 4488 3420 4486
f 3331 3940 3330
f 4282 4284 4283
f 4606 4607 4605
f 4628 4708 4712
f 4659 4733 4658
f 4615 4829 4614
f 4718 4713 4717
f 5722 4421 5721
f 3307 3461 3433
f 4686 4634 4636
f 3966 3550 3978
f 4738 4875 4873
f 3416 3237 3341
f 4527 4208 4200
f 5093 5114 5092
f 5124 5086 5122
f 5117 5138 5139
f 4631 4640 4630
f 5166 5168 5167
f 5185 5187 5186
f 5194 5191 5171
f 3245 4118 9027
f 5214 5203 5200
f 3230 3318 3284
f 5237 5217 5238
f 5250 5258 5255
f 5113 5084 5085
f 5270 5269 5268
f 4906 5107 4768
f 5271 5267 5270
f 5276 5262 5263
f 5153 5174 5173
f 5290 5268 5291
f 5306 5303 5304
f 5147 5146 5143
f 4585 4856 4584
f 3226 5436 3225
f 4473 4504 4470
f 5765 8897 8895
f 4529 4247 4530
f 8923 8916 8917
f 5713 5682 5714
f 3315 3898 3322
f 5564 5537 5563
f 4468 4441 5466
f 3738 4163 4165
f 4577 4559 4560
f 5567 3366 3363
f 3587 4150 4151
f 5471 4504 4505
f 5860 5816 5817
f 3516 5558 5932
f 5436 5637 5437
f 5050 5083 5060
f 5547 3338 3339
f 9023 3295 4115
f 5708 4132 5711
f 4104 3814 3815
f 3718 4161 4162
f 5498 5679 5692
f 3884 4432 3883
f 3955 3877 3878
f 4049 4061 3977
f 8892 8875 8890
f 4572 4218 4569
f 4440 4442 4441
f 4497 3407 3408
f 4632 4633 4724
f 8906 8881 8902
f 5664 5670 5663
f 3751 3706 3707
f 3511 3736 3800
f 5129 5116 5117
f 5086 5098 5085
f 5135 5128 5136
f 5143 5145 5144
f 5168 5136 5137
f 5297 5246 5257
f 5164 5160 5162
f 5155 5171 5170
f 5137 5167 5168
f 5293 5307 5305
f 5513 4083 5515
f 4053 3825 4057
f 3228 3298 3227
f 3631 3635 3636
f 5689 5670 5693
f 5759 5883 5882
f 3793 3507 4134
f 4906 4891 4907
f 4719 4901 4720
f 3597 4095 4092
f 3352 4125 3262
f 9064 9058 9067
f 9076 9067 9077
f 9083 8794 9126
f 9131 9096 9089
f 9138 9099 9134
f 9154 9126 9156
f 9077 9052 9049
f 9053 8766 9083
f 9191 9187 9181
f 9082 9046 9193
f 9193 9168 9082
f 1284 1288 1285
f 9150 9132 9131
f 3841 3496 3493
f 3570 3336 4083
f 4027 4312 3258
f 4889 4781 4794
f 4041 4044 4043
f 4885 4813 4829
f 5419 3905 5430
f 4367 4227 4224
f 1778 1780 1779
f 1792 1584 1789
f 4308 3869 4307
f 4594 4762 4551
f 4767 4769 4768
f 5461 3366 3847
f 4763 4716 4720
f 4919 4915 4910
f 4300 4334 4333
f 5196 5198 5197
f 5158 5135 5136
f 5431 5433 5432
f 4545 4571 4544
f 4557 4594 4556
f 695 571 694
f 4156 3626 3694
f 4861 4670 4862
f 5681 5674 5682
f 5473 5580 5583
f 3622 4152 4151
f 5647 3574 3231
f 3674 3808 3649
f 4420 3498 3499
f 5675 5666 5674
f 3253 5439 3280
f 5870 5917 5912
f 8887 8919 8886
f 5862 5913 5915
f 3534 3485 3482
f 3313 4484 3312
f 9090 9046 9047
f 4871 4695 4855
f 3778 3822 3819
f 4889 4874 4875
f 4000 3784 4001
f 4897 4911 4910
f 3856 3838 3839
f 4772 4896 4771
f 4015 4376 4014
f 3433 3476 3435
f 4053 3302 3299
f 3367 3363 4434
f 3242 3831 3241
f 3441 4082 4081
f 4735 4855 4854
f 4756 4737 4689
f 3382 3384 3383
f 3698 3697 3682
f 4676 4678 4677
f 4948 4941 4944
f 4890 4805 4747
f 4757 4745 4737
f 4581 4380 4586
f 5716 5932 5597
f 4923 4926 4932
f 5077 5081 5076
f 5078 5058 5054
f 4009 5400 3952
f 5081 5078 5076
f 3930 4513 4514
f 4014 4028 4029
f 4025 4020 4021
f 3618 4096 3616
f 4581 4576 4580
f 4219 4188 4189
f 5440 3335 3272
f 5449 3323 3322
f 4229 4177 4202
f 4590 4214 4589
f 4227 4184 4226
f 4574 4858 4547
f 4565 5453 4563
f 4592 4588 4589
f 4590 4573 4579
f 3517 5521 3519
f 3845 3522 5423
f 4444 3884 3881
f 3982 5533 5535
f 4465 4497 4495
f 4520 4521 4496
f 4076 5591 5590
f 3635 3666 3634
f 3343 4498 5481
f 4022 3870 3871
f 3661 4098 3660
f 5691 5697 5692
f 3768 5742 5739
f 4514 3956 4518
f 3697 3814 3696
f 4394 5460 4395
f 4054 4057 4058
f 3284 3323 3559
f 4052 4169 4397
f 4447 4510 4446
f 4456 3346 4138
f 4483 3877 4482
f 4482 4512 4492
f 4492 4513 4516
f 5642 5439 5641
f 5448 5442 5440
f 5466 3882 3883
f 3340 4445 3339
f 8908 8910 8911
f 4397 3835 3980
f 5413 3521 5412
f 3234 3932 3233
f 5753 8895 8894
f 8896 5756 5755
f 8921 8889 8888
f 8915 8911 8916
f 3933 3935 3934
f 3620 3657 3623
f 3966 3968 3967
f 4905 4769 4770
f 3225 5437 3254
f 5433 3984 5435
f 5714 5693 5713
f 5435 3985 5436
f 3954 3955 3878
f 4713 4632 4724
f 4879 4632 4705
f 3983 3896 3897
f 9027 3248 3245
f 5871 5912 5904
f 5849 5891 5905
f 4702 4640 4641
f 4213 4579 4389
f 3644 3688 3689
f 9193 9040 9041
f 8920 8935 8919
f 5406 4130 4127
f 4140 5401 4139
f 5659 3904 5660
f 4772 4783 4834
f 4244 4246 4245
f 4061 4037 4038
f 3669 3803 3668
f 3459 3209 3202
f 4072 5484 4071
f 4835 4834 4819
f 5660 5661 5659
f 4262 4264 4263
f 3633 3627 3628
f 3685 3676 3686
f 4517 3235 3304
f 4145 4085 3544
f 5455 5459 3850
f 5638 5640 5641
f 3228 3254 3255
f 4044 3411 3412
f 3614 3612 3613
f 3273 3275 3274
f 4952 4961 4918
f 4959 4960 4963
f 4888 4761 4860
f 4254 4256 4255
f 4199 4201 4200
f 4499 4465 5480
f 5479 4496 4521
f 5952 5954 5955
f 5956 5958 5959
f 5959 5960 5961
f 5962 5964 5965
f 5966 5968 5969
f 5967 5971 5968
f 5963 5961 5960
f 5972 5964 5973
f 5974 5976 5977
f 5978 5980 5981
f 5982 5984 5985
f 5986 5985 5984
f 5988 5990 5991
f 5992 5994 5995
f 5996 5998 5999
f 6000 6002 6003
f 6004 6006 6007
f 6008 6010 6011
f 6012 6014 6015
f 6016 6018 6019
f 6020 6022 6023
f 6024 6026 6027
f 6028 6030 6031
f 6032 6034 6035
f 6036 6038 6039
f 6040 6013 6012
f 6042 6044 6045
f 5992 6047 5993
f 6048 6050 6051
f 6052 6054 6055
f 6056 6058 6059
f 6060 5987 5986
f 6062 6064 6065
f 6066 6068 6069
f 6070 6027 6026
f 6072 6057 6056
f 6075 6077 6074
f 6078 6080 6081
f 6082 6054 6084
f 6085 6081 6086
f 6087 5990 6088
f 6061 6089 5987
f 6089 6091 6092
f 6092 6093 6094
f 6095 5981 6096
f 6062 6084 6063
f 6097 6035 6034
f 6056 6099 6072
f 6100 6102 6103
f 6001 6104 6105
f 6107 6109 6106
f 6110 6112 6113
f 6114 6025 6115
f 6116 6118 6119
f 6120 6122 6123
f 6124 6126 6127
f 6128 6101 6100
f 6039 6131 6036
f 6132 6134 6135
f 6136 6138 6003
f 6139 6141 6142
f 6143 6145 6146
f 6148 6150 6147
f 6152 6154 6151
f 6155 6157 6158
f 6159 6161 6162
f 6163 6165 6166
f 6167 6169 6170
f 6171 6173 6174
f 6175 6104 6177
f 6178 6180 6181
f 6023 6183 6020
f 6184 6186 6187
f 6117 6188 6189
f 6190 6192 6193
f 6194 6026 6114
f 6195 6191 6190
f 6197 6199 6200
f 6201 6203 6204
f 6205 6207 6208
f 6209 6201 6204
f 6197 6211 6212
f 6212 6213 6214
f 5979 6214 6213
f 6203 6217 6204
f 6206 6198 6207
f 6218 5962 6219
f 5965 6219 5962
f 5972 3354 6221
f 6070 6222 6223
f 6224 6226 6227
f 6228 6230 6231
f 6232 6234 6235
f 6196 6236 6237
f 6071 6223 6238
f 6239 6241 6242
f 6243 6245 6246
f 6247 6248 6249
f 6250 6252 6253
f 6254 6256 6257
f 6258 6260 6261
f 6229 6263 6230
f 6264 6242 6241
f 6266 6268 6269
f 6270 6272 6273
f 6274 6276 6277
f 6195 6279 6236
f 6280 6281 6282
f 6283 6285 6286
f 6123 6287 6288
f 6289 6291 6292
f 6293 6243 6295
f 6240 6297 6241
f 6298 6267 6266
f 6300 6302 6303
f 6304 6306 6307
f 6251 6308 6309
f 6247 6311 6312
f 6313 6315 6316
f 6314 6317 6318
f 6319 6320 6321
f 6322 6088 6323
f 6216 6258 6217
f 6325 6327 6328
f 6217 6261 6329
f 6330 6238 6331
f 6071 6048 6027
f 6015 6333 6012
f 6079 6335 6080
f 6336 6240 6239
f 6294 6296 6240
f 6337 6339 6340
f 6341 6343 6344
f 6345 6347 6348
f 6266 6349 6298
f 6350 6352 6353
f 6295 6246 6354
f 6303 6356 6300
f 6357 6359 6360
f 6361 6363 6364
f 6365 6353 6366
f 6367 6369 6370
f 6371 6370 6372
f 6372 6374 6371
f 6375 6373 6376
f 6376 6378 6375
f 6379 6381 6382
f 6383 6385 6386
f 6387 6389 6390
f 6391 6393 6394
f 6395 6397 6398
f 6398 6400 6395
f 6399 6402 6400
f 6403 6401 6404
f 6405 6407 6408
f 6409 6411 6412
f 6367 6413 6414
f 6374 6415 6416
f 6417 6384 6383
f 6419 6348 6347
f 6421 6423 6424
f 6425 6400 6402
f 6426 6395 6400
f 6393 6428 6429
f 6429 6394 6393
f 6390 6431 6432
f 6433 6408 6407
f 6435 6437 6438
f 6439 6411 6438
f 6392 6441 6442
f 6397 6442 6443
f 6401 6444 6445
f 6446 6437 6404
f 6448 6450 6451
f 6452 6454 6455
f 6442 6456 6457
f 6443 6457 6458
f 6444 6460 6461
f 6445 6461 6462
f 6463 6462 6465
f 6446 6462 6464
f 6466 6468 6469
f 6448 6470 6471
f 6453 6472 6473
f 6474 6476 6477
f 6478 6480 6481
f 6482 6484 6485
f 6486 6488 6489
f 6490 6492 6493
f 6493 6494 6495
f 6496 6498 6499
f 6500 6502 6503
f 6504 6506 6507
f 6508 6509 6510
f 6511 6513 6508
f 6499 6515 6496
f 6516 6518 6519
f 6520 6522 6523
f 6524 6525 6526
f 6507 6527 6504
f 6504 6528 6510
f 6528 6508 6510
f 6529 6531 6532
f 6342 6534 6343
f 6535 6346 6536
f 6347 6537 6419
f 6434 6539 6408
f 6539 6405 6408
f 6541 6451 6450
f 6543 6470 6545
f 6546 6481 6547
f 6499 6548 6549
f 6549 6514 6499
f 6551 6553 6554
f 6555 6557 6558
f 6403 6423 6559
f 6426 6413 6416
f 6415 6428 6427
f 6430 6561 6562
f 6434 6420 6419
f 6563 6565 6566
f 6404 6445 6446
f 6459 6399 6398
f 6455 6388 6387
f 6405 6449 6406
f 6540 6450 6405
f 6567 6568 6569
f 6570 6463 6567
f 6475 6490 6465
f 6458 6571 6572
f 6573 6574 6575
f 6576 6578 6579
f 6193 6580 6581
f 6582 6584 6585
f 6583 6586 6587
f 6588 6587 6586
f 6590 6068 6591
f 6592 6594 6319
f 6251 6595 6252
f 6304 6597 6598
f 6272 6599 6273
f 3737 6558 6557
f 6600 6160 6601
f 6123 6603 6120
f 6604 6606 6607
f 6608 6208 6609
f 5972 6220 5965
f 6610 6612 6556
f 6613 6615 6616
f 6242 6618 6239
f 6226 6245 6227
f 6620 6622 6623
f 6624 6146 6625
f 6626 6211 6136
f 6627 6629 6630
f 6631 6633 6634
f 6235 6636 6232
f 6637 6639 6640
f 6641 6286 6642
f 6643 6645 6646
f 6647 6649 6650
f 6244 6294 6336
f 6336 6652 6244
f 6194 6237 6222
f 6196 6114 6191
f 6115 6191 6114
f 6653 6655 6656
f 6657 6189 6658
f 6117 6659 6118
f 6130 6156 6131
f 6133 6151 6134
f 6661 6662 6660
f 6663 6616 6552
f 6664 6273 6665
f 6418 6432 6431
f 6290 6328 6291
f 6666 6556 6612
f 6557 3805 3737
f 5971 6668 5968
f 6181 6670 6178
f 6671 6673 6674
f 6676 6672 6675
f 6675 6149 6676
f 6067 5999 5998
f 6677 6679 6680
f 6681 6683 6684
f 6087 6090 6089
f 5983 6685 6686
f 5982 6687 6685
f 6094 6688 6687
f 6211 6137 6136
f 6689 6691 6692
f 6690 3833 3832
f 6001 6686 6002
f 5978 6215 5979
f 6694 5978 6095
f 5974 6095 6695
f 6183 6696 6697
f 6698 5961 6218
f 5959 6699 5956
f 6697 6700 6701
f 6702 6703 6704
f 5968 6705 5969
f 6706 5955 5954
f 6707 6617 6708
f 6024 6709 6710
f 6402 6559 6425
f 3852 6712 3853
f 3856 6593 3857
f 5977 6694 5974
f 6713 5977 5976
f 6714 6716 6717
f 6718 6308 6250
f 6720 6254 6721
f 6722 6724 6725
f 6312 6726 6727
f 6069 6728 6729
f 6319 6730 6086
f 6731 6644 6732
f 6732 6734 6731
f 6046 6320 6047
f 3880 6666 6735
f 6736 6738 6739
f 6531 6741 6326
f 6300 6614 6613
f 6742 6325 6290
f 6743 3891 3890
f 6744 6301 6745
f 6746 6534 6533
f 6536 6579 6535
f 6535 6563 6537
f 6566 6537 6563
f 6538 6409 6539
f 6412 6539 6409
f 6412 6541 6540
f 6748 6542 6541
f 6749 6545 6542
f 6568 6547 6543
f 6751 6548 6546
f 6753 6550 6549
f 6755 6757 6758
f 6759 6761 6762
f 6763 6765 6762
f 6764 6623 6765
f 6766 6768 6769
f 6770 6772 6773
f 6774 6776 6777
f 6021 6777 6022
f 6723 6779 6724
f 6780 6782 6783
f 6784 6786 6787
f 6788 6790 6791
f 6185 6793 6186
f 6794 6725 6795
f 6729 6098 6097
f 6135 6798 6132
f 6799 6065 6800
f 6037 6802 6038
f 6005 6588 6586
f 6005 6804 6006
f 6052 6010 6805
f 6586 6803 6005
f 6092 5987 6089
f 6094 5985 6092
f 6096 6695 6095
f 6082 6799 6585
f 6657 6041 6659
f 6013 6658 6014
f 6795 6807 6808
f 6809 6811 6812
f 6813 6815 6816
f 6817 6819 6820
f 6821 6823 6824
f 6329 6204 6217
f 6202 6826 6203
f 6072 6827 6828
f 6598 6305 6304
f 6301 6613 6663
f 6830 6271 6270
f 6822 6778 6823
f 6326 6832 6327
f 6203 6833 6216
f 6027 6051 6024
f 6360 6835 6357
f 6836 6838 6839
f 6837 6841 6838
f 6362 6366 6363
f 6380 6384 6381
f 6421 6578 6842
f 6566 6410 6409
f 6394 6388 6391
f 6414 6368 6367
f 6371 6416 6413
f 6561 6378 6382
f 6382 6562 6561
f 6381 6418 6562
f 6389 6430 6431
f 6391 6454 6441
f 6441 6453 6456
f 6456 6473 6574
f 6495 6750 6568
f 6843 6485 6484
f 6844 6843 6846
f 6573 6847 6848
f 6849 6487 6486
f 6513 6752 6469
f 6517 6850 6503
f 6521 6851 6850
f 6844 6852 6853
f 6505 6510 6509
f 6753 6512 6754
f 6516 6521 6517
f 6614 6854 6615
f 6742 4003 3891
f 6708 6855 6856
f 6307 6857 6858
f 6307 6665 6304
f 6414 6425 6559
f 6416 6427 6426
f 6562 6431 6430
f 6419 6538 6434
f 6358 6839 6359
f 6059 6859 6860
f 6861 6863 6864
f 6865 6867 6868
f 6115 6869 6870
f 6871 6873 6874
f 6721 6596 6875
f 6876 6556 6555
f 6877 6552 6551
f 6551 6268 6877
f 6879 6265 6269
f 6239 6651 6336
f 6230 6619 6226
f 6171 6669 6880
f 6106 6882 6881
f 6883 6822 6821
f 6759 6187 6174
f 6725 6785 6807
f 6885 6808 6791
f 6886 6888 6031
f 6701 6756 6755
f 6884 6779 6822
f 6715 6309 6308
f 6889 6890 6891
f 6743 4042 6892
f 6270 6893 6830
f 6386 6895 6383
f 6895 6420 6896
f 6897 6417 6896
f 6897 6407 6898
f 6390 6899 6387
f 6900 6406 6449
f 6455 6901 6452
f 6902 6904 6471
f 6482 6905 6483
f 6501 6907 6502
f 6496 6908 6909
f 6532 6326 6325
f 6532 6743 6529
f 6612 6735 6666
f 6611 6910 6612
f 6626 5979 6213
f 6704 6105 6702
f 6913 6591 6914
f 6915 6795 6885
f 6229 4067 4066
f 6263 6289 6619
f 6745 6663 6877
f 6916 6757 6917
f 6885 6165 6915
f 6920 6783 6919
f 6921 6923 6924
f 6925 6924 6926
f 6927 6929 6930
f 6931 6933 6934
f 6935 6937 6938
f 6939 6941 6942
f 6943 6945 6946
f 6947 6949 6950
f 6944 6951 6952
f 6953 6955 6956
f 6957 6959 6960
f 6961 6929 6963
f 6964 6966 6967
f 6968 6970 6971
f 6969 6955 6970
f 6972 6946 6973
f 6974 6976 6977
f 6978 6980 6981
f 6940 6982 6983
f 6984 6986 6987
f 6988 6990 6991
f 6992 6989 6993
f 6994 6996 6997
f 6998 7000 7001
f 7002 7004 7005
f 7006 7008 7009
f 7010 7012 7013
f 7014 7016 7017
f 7018 6999 6998
f 7020 7022 7023
f 7024 7026 7027
f 7028 7030 7031
f 7032 7034 7035
f 7003 7036 7037
f 7038 7040 7027
f 6993 7030 7041
f 7042 7044 7045
f 7046 7007 7006
f 7011 7048 7049
f 7050 7052 7053
f 7054 7014 7055
f 7015 7056 7057
f 6621 7045 7044
f 7049 6775 6774
f 7051 6021 6020
f 7055 6701 7054
f 7054 6755 7056
f 6764 7047 7046
f 7020 7059 7013
f 7060 7062 7063
f 6958 7065 6959
f 6925 7067 6973
f 7068 6934 6926
f 7069 6991 7070
f 7071 7072 7073
f 7074 7076 7077
f 7078 7080 7081
f 7014 7082 7083
f 7084 7086 7087
f 7025 7031 7026
f 7085 7072 7088
f 7089 7087 7090
f 7055 7083 7091
f 7090 6770 6773
f 7092 7094 7095
f 7091 6697 7055
f 6770 7086 6758
f 7095 6767 6766
f 7096 6980 7097
f 7098 6940 7099
f 7058 7023 7100
f 7101 6930 7102
f 6974 7063 6967
f 7103 6971 7104
f 7105 6981 6977
f 7106 7036 7108
f 7109 7010 7110
f 7111 7018 7034
f 7098 7037 7100
f 7048 7112 6775
f 7113 7041 6997
f 6994 7115 7088
f 6965 6923 6966
f 6975 6945 6976
f 7061 7065 7062
f 6954 6933 6963
f 6763 7109 7047
f 7046 6620 6764
f 6947 7067 6956
f 6758 7056 6755
f 7118 7039 7038
f 7038 7070 7118
f 7106 7121 7122
f 7123 7053 7052
f 7123 7083 7082
f 7045 7006 7042
f 7107 7122 7009
f 7091 7052 7051
f 7091 6020 6183
f 6936 7097 6937
f 7125 6960 7102
f 6774 7050 7049
f 7119 6942 7039
f 7019 7005 6999
f 7011 7124 7012
f 7021 7040 7022
f 7114 7016 7115
f 7053 7049 7050
f 7086 7057 7056
f 6993 7127 6992
f 7075 7113 7076
f 4281 6603 7128
f 6012 7129 6040
f 7130 6584 7131
f 6797 7133 6798
f 6074 7135 6075
f 6789 6173 6790
f 6760 6776 6761
f 7136 6801 6589
f 6914 6674 6913
f 7007 7059 7008
f 7099 7003 7098
f 6984 7104 6938
f 7110 7047 7109
f 6333 6587 7129
f 5956 6667 5971
f 5957 5971 5970
f 7137 6308 6719
f 4292 6718 6250
f 6693 6668 6215
f 6215 6667 6214
f 6214 6699 6212
f 6698 6212 6699
f 6219 6198 6218
f 6207 6220 6208
f 6220 6609 6208
f 6262 4066 4003
f 7138 7140 7141
f 4298 7140 4299
f 7143 7145 7146
f 7147 7144 7149
f 7149 7151 7147
f 7150 7153 7151
f 6329 7154 7152
f 6261 7155 7154
f 7156 7157 7158
f 6598 7159 7160
f 6257 7161 7162
f 6256 4321 7161
f 6693 6706 6705
f 5954 6705 6706
f 5953 5969 5954
f 7163 5983 6912
f 7164 6138 7166
f 7167 7169 7170
f 6141 7172 6142
f 7166 7173 7164
f 6141 7174 7175
f 7176 7178 7179
f 7180 7182 7183
f 7184 7186 7187
f 6631 7183 7188
f 6218 6197 6698
f 6625 7189 6624
f 6814 7190 7191
f 6882 7193 7194
f 7195 6109 6108
f 6888 7198 7199
f 7200 7202 7203
f 7176 6630 7204
f 6029 7187 6030
f 7205 7207 7208
f 7209 7211 7212
f 7203 7213 7214
f 6886 6778 6723
f 6031 7215 6886
f 7216 7218 7219
f 7220 6880 6669
f 6076 7220 7222
f 6074 6672 6671
f 6147 6662 7223
f 7223 6111 6110
f 6810 6113 6112
f 6920 6914 6591
f 6077 6675 6672
f 6660 6076 6661
f 7222 6669 6181
f 7224 6181 6180
f 6660 6150 6675
f 7225 6794 6915
f 6783 7225 6164
f 6781 6068 6067
f 7217 7228 7218
f 6031 7199 6028
f 6887 6723 6722
f 6164 6915 6165
f 6780 6591 6068
f 7134 6671 6914
f 7229 6824 6823
f 7187 7230 7229
f 7226 6722 6794
f 7231 6169 7233
f 7201 7233 7202
f 6107 7235 7200
f 7215 6823 6778
f 6030 7229 7215
f 7236 7219 7179
f 7237 6820 6819
f 7237 7207 7238
f 7239 7241 7242
f 6739 7244 6736
f 7245 7242 7246
f 7233 6168 7247
f 7247 7202 7233
f 7195 7203 7214
f 7248 7250 6703
f 7227 7252 7228
f 7253 5998 7251
f 6067 7198 6781
f 6781 7197 6782
f 5984 6683 5986
f 7254 6678 6684
f 6679 7252 5997
f 6887 7197 6888
f 6782 7226 7225
f 7135 6163 7221
f 7221 6075 7135
f 6661 7222 7224
f 7224 6111 6661
f 6180 6112 7224
f 6179 6810 6180
f 6811 6793 6649
f 6650 6622 6769
f 6766 7044 7095
f 7095 7043 7092
f 7092 7121 7081
f 7078 7255 7033
f 7256 7257 7258
f 6768 7259 6647
f 6773 7094 7090
f 7090 7093 7089
f 7089 7080 7073
f 7071 7032 7260
f 7077 6998 7074
f 6995 7260 6996
f 7077 7261 7035
f 7035 7018 7077
f 7108 7111 7255
f 6978 7262 7001
f 7105 7264 7262
f 7263 6952 7264
f 6990 6951 7265
f 6972 7266 7265
f 7117 6950 7266
f 6948 7267 6949
f 6969 6982 7267
f 7103 6987 6983
f 7005 6986 7268
f 6999 7268 7000
f 7269 7271 7272
f 7274 7275 7273
f 7274 7276 7277
f 7278 7280 7281
f 7282 7284 7285
f 7286 7288 7289
f 7290 7292 7293
f 7294 7296 7293
f 7068 7298 7299
f 7300 7302 7303
f 7304 7305 7306
f 7307 7305 7308
f 7309 7283 7310
f 7311 7313 7314
f 7125 7306 7315
f 7285 7280 7282
f 7277 7303 7302
f 6965 7316 7317
f 7318 7316 7319
f 7320 7271 7314
f 7312 7296 7313
f 7270 7298 7322
f 7311 7322 7317
f 6961 7300 7308
f 7323 7325 7326
f 7327 7328 7329
f 7064 7325 7328
f 7287 7292 7288
f 6931 7299 7301
f 7331 7329 7319
f 7332 7334 7335
f 7336 7338 7339
f 7340 7333 7332
f 7342 7343 7344
f 7345 7347 7344
f 7348 7350 7351
f 7352 7354 7355
f 7356 7358 7359
f 7360 7362 7363
f 7365 7367 7364
f 7368 7370 7371
f 7372 7336 7374
f 7373 7337 7336
f 7367 7376 7377
f 7378 7380 7381
f 7382 7384 7385
f 7386 7385 7384
f 7388 7390 7391
f 7392 7333 7393
f 7394 7396 7397
f 7398 7400 7401
f 7402 7404 7405
f 7406 7408 7409
f 7410 7383 7382
f 7412 7414 7415
f 7385 7417 7382
f 7389 7419 7390
f 7373 7421 7375
f 7420 7372 7422
f 7369 7424 7370
f 7399 7397 7425
f 7393 7341 7342
f 7398 7357 7426
f 7358 7401 7427
f 7428 7430 7431
f 7433 7435 7432
f 7363 7436 7437
f 7383 7439 7384
f 7411 7438 7383
f 7441 7443 7444
f 7445 7339 7447
f 7374 7339 7446
f 7444 7364 7448
f 7448 7450 7449
f 7364 7451 7450
f 7451 7377 7452
f 7449 7454 7453
f 7455 7450 7451
f 7456 7451 7452
f 7410 7458 7459
f 7460 7462 7369
f 7423 7462 7463
f 7464 7466 7467
f 7468 7347 7470
f 7376 7471 7472
f 7425 7396 7473
f 7475 7477 7474
f 7478 7480 7481
f 7482 7407 7406
f 7484 7351 7486
f 7487 7488 7489
f 7490 7492 7493
f 7412 7434 7433
f 7494 7434 7415
f 7496 7391 7497
f 7440 7498 7499
f 7401 7488 7500
f 7485 7345 7501
f 7500 7427 7401
f 7395 7469 7468
f 7503 7505 7506
f 7507 7509 7510
f 7511 7513 7514
f 7511 7515 7516
f 7517 7519 7520
f 7521 7523 7355
f 7352 7525 7526
f 7415 7527 7494
f 7528 7530 7486
f 7404 7502 7500
f 7477 7496 7532
f 7512 7481 7513
f 7405 7500 7488
f 7533 7535 7536
f 7378 7510 7537
f 7532 7379 7538
f 7539 7541 7542
f 7524 7355 7523
f 7351 7501 7348
f 7414 7523 7527
f 7522 7527 7523
f 7544 7412 7545
f 7546 7547 7548
f 7526 7353 7352
f 7550 7355 7354
f 7521 7551 7548
f 7552 7548 7551
f 7546 7553 7554
f 7522 7548 7547
f 7418 7520 7555
f 7416 7554 7417
f 7457 7558 7458
f 7557 7560 7558
f 7535 7561 7562
f 7562 7563 7564
f 7564 7349 7348
f 7351 7565 7486
f 7567 7569 7566
f 7570 7520 7519
f 7419 7555 7571
f 7572 7348 7501
f 7389 7556 7418
f 7573 7493 7480
f 7552 7534 7553
f 7562 7536 7535
f 7572 7576 7574
f 7422 7578 7420
f 7423 7580 7424
f 7579 7463 7581
f 7578 7576 7582
f 7583 7381 7380
f 7586 7581 7585
f 7533 7579 7586
f 7447 7338 7587
f 7588 7531 7589
f 7590 7431 7591
f 7321 7592 7585
f 7275 7463 7273
f 7461 7276 7462
f 7279 7461 7453
f 7453 7593 7279
f 7594 7454 7455
f 7330 7498 7459
f 7459 7294 7330
f 7558 7595 7295
f 7560 7320 7595
f 7275 7585 7581
f 7462 7273 7463
f 7596 7380 7497
f 7597 7406 7409
f 7467 7599 7600
f 7601 7603 7604
f 7605 7444 7443
f 7365 7606 7366
f 7607 7494 7608
f 7513 7473 7396
f 7396 7514 7513
f 7514 7468 7515
f 7470 7515 7468
f 7610 7609 7470
f 7612 7476 7475
f 7613 7529 7614
f 7442 7615 7616
f 7343 7617 7618
f 7574 7577 7536
f 7619 7399 7491
f 7518 7509 7519
f 7491 7425 7492
f 7549 7621 7565
f 7491 7622 7619
f 7377 7440 7452
f 7379 7497 7380
f 7453 7460 7449
f 7411 7459 7498
f 7623 7391 7390
f 7625 7610 7484
f 7487 7483 7626
f 7619 7408 7489
f 7627 7620 7549
f 7538 7378 7537
f 7389 7477 7476
f 7629 7412 7433
f 7489 7407 7487
f 7628 7598 7597
f 7413 7524 7414
f 7592 7559 7630
f 7584 7632 7381
f 7569 7633 7571
f 7570 7566 7569
f 7631 7566 7632
f 7508 7519 7509
f 7614 7480 7613
f 7346 7470 7347
f 7572 7562 7564
f 7571 7634 7419
f 7346 7484 7610
f 7607 7431 7495
f 7585 7630 7586
f 7624 7497 7391
f 7635 7384 7439
f 7636 7502 7588
f 7323 7310 7289
f 7420 7582 7421
f 7637 7455 7456
f 7287 7499 7498
f 7458 7295 7294
f 7439 7472 7635
f 7599 7604 7600
f 7359 7427 7636
f 7436 7639 7437
f 7490 7640 7622
f 7481 7493 7473
f 7641 7505 7525
f 7642 7627 7644
f 7492 7473 7493
f 7517 7625 7530
f 7625 7486 7530
f 7634 7390 7419
f 7474 7532 7516
f 7448 7441 7444
f 7368 7449 7460
f 7615 7368 7371
f 7638 7602 7639
f 7575 7501 7345
f 7571 7570 7569
f 7400 7489 7488
f 7508 7632 7566
f 7503 7540 7539
f 6957 7315 7326
f 7376 7438 7377
f 7507 7381 7632
f 7499 7452 7440
f 7286 7456 7499
f 7504 7644 7505
f 7368 7460 7369
f 7645 7627 7643
f 7647 7633 7646
f 7647 7623 7634
f 7649 7623 7648
f 7650 7624 7649
f 7646 7568 7651
f 7651 7567 7652
f 7653 7567 7631
f 7651 7655 7646
f 7656 7658 7659
f 7660 7657 7661
f 7663 7656 7662
f 7664 7663 7666
f 7667 7663 7662
f 7667 7668 7655
f 7663 7661 7657
f 7670 7672 7669
f 7661 7671 7660
f 7659 7662 7656
f 7648 7668 7659
f 7648 7673 7649
f 7659 7674 7673
f 7658 7675 7674
f 7668 7646 7655
f 7660 7676 7675
f 7675 7678 7674
f 7677 7676 7679
f 7677 7681 7678
f 7682 7678 7681
f 7677 7684 7680
f 7673 7678 7683
f 7683 7649 7673
f 7685 7671 7670
f 7667 7686 7666
f 7666 7687 7664
f 7654 7686 7655
f 7689 7686 7688
f 7664 7691 7690
f 7650 7583 7596
f 7693 7631 7584
f 7584 7692 7693
f 7693 7682 7694
f 7694 7681 7695
f 7694 7653 7693
f 7650 7682 7692
f 7696 7652 7653
f 7654 7652 7697
f 7688 7697 7698
f 7699 7697 7696
f 7700 7698 7699
f 7695 7696 7694
f 7699 7702 7700
f 7689 7698 7701
f 7689 7703 7704
f 7705 7707 7703
f 7701 7705 7703
f 7704 7707 7685
f 7685 7691 7704
f 7687 7704 7691
f 7680 7695 7681
f 7684 7702 7680
f 7702 7705 7700
f 7684 7707 7706
f 7676 7707 7679
f 7665 7672 7661
f 7670 7690 7691
f 7665 7690 7669
f 7611 7474 7609
f 7510 7479 7478
f 7511 7537 7512
f 7516 7538 7511
f 7517 7613 7518
f 7537 7478 7512
f 7611 7612 7475
f 7613 7479 7518
f 7556 7517 7520
f 7516 7609 7474
f 7708 7710 7711
f 7712 7714 7715
f 7713 7717 7714
f 7719 7721 7718
f 7722 7597 7409
f 7724 7715 7725
f 7726 7728 7729
f 7731 7573 7730
f 7730 7614 7732
f 7733 7735 7736
f 7721 7724 7737
f 7731 7409 7640
f 7708 7729 7738
f 7737 7709 7739
f 7716 7736 7740
f 7742 7744 7745
f 7740 7735 7746
f 7717 7740 7747
f 7716 7720 7741
f 7748 7711 7710
f 7750 7710 7725
f 7720 7751 7741
f 7734 7728 7735
f 7709 7725 7710
f 7752 7715 7714
f 7739 7708 7738
f 7720 7712 7721
f 7749 7755 7711
f 7745 7756 7747
f 7746 7742 7745
f 7743 7755 7754
f 7727 7735 7728
f 7747 7757 7717
f 7753 7725 7715
f 7751 7620 7733
f 7757 7714 7717
f 7718 7737 7732
f 7747 7746 7745
f 7727 7755 7742
f 7726 7711 7755
f 7759 7756 7758
f 7759 7752 7757
f 7760 7753 7752
f 7761 7750 7753
f 7758 7744 7763
f 7763 7743 7764
f 7754 7764 7743
f 7763 7767 7758
f 7768 7770 7771
f 7772 7771 7773
f 7775 7772 7774
f 7776 7775 7778
f 7779 7775 7774
f 7775 7769 7768
f 7770 7781 7780
f 7782 7772 7773
f 7760 7782 7773
f 7760 7783 7761
f 7773 7784 7783
f 7770 7784 7771
f 7779 7782 7767
f 7782 7758 7767
f 7785 7780 7786
f 7785 7788 7784
f 7787 7786 7789
f 7787 7791 7788
f 7792 7788 7791
f 7787 7794 7790
f 7793 7784 7788
f 7762 7783 7793
f 7796 7780 7795
f 7795 7781 7797
f 7779 7798 7778
f 7799 7778 7798
f 7766 7798 7767
f 7800 7799 7798
f 7802 7799 7803
f 7795 7802 7803
f 7762 7748 7750
f 7805 7754 7749
f 7749 7804 7805
f 7805 7792 7806
f 7806 7791 7807
f 7806 7765 7805
f 7793 7804 7762
f 7808 7764 7765
f 7766 7764 7809
f 7766 7810 7800
f 7811 7809 7808
f 7812 7810 7811
f 7807 7808 7806
f 7811 7814 7812
f 7813 7800 7810
f 7801 7815 7816
f 7817 7819 7815
f 7813 7817 7815
f 7816 7819 7796
f 7796 7803 7816
f 7799 7816 7803
f 7790 7807 7791
f 7794 7814 7790
f 7814 7817 7812
f 7794 7819 7818
f 7786 7819 7789
f 7777 7781 7769
f 7777 7802 7797
f 7528 7718 7529
f 7729 7723 7722
f 7738 7730 7739
f 7732 7739 7730
f 7733 7628 7734
f 7722 7738 7729
f 7621 7719 7528
f 7628 7723 7734
f 7733 7741 7751
f 7732 7529 7718
f 7486 7621 7528
f 7549 7350 7353
f 7353 7349 7354
f 7354 7563 7550
f 7821 7823 7820
f 7824 7826 7827
f 7825 7829 7826
f 7830 7832 7833
f 7834 7827 7835
f 7836 7838 7839
f 7840 7406 7841
f 7841 7598 7842
f 7843 7845 7846
f 7833 7834 7847
f 7848 7836 7839
f 7847 7821 7849
f 7828 7846 7850
f 7853 7855 7852
f 7850 7845 7856
f 7829 7850 7857
f 7828 7832 7851
f 7858 7823 7822
f 7860 7822 7835
f 7831 7851 7832
f 7844 7838 7845
f 7834 7822 7821
f 7863 7827 7826
f 7849 7820 7848
f 7825 7833 7832
f 7859 7866 7823
f 7855 7867 7857
f 7837 7855 7856
f 7865 7852 7866
f 7837 7845 7838
f 7857 7868 7829
f 7864 7835 7827
f 7843 7642 7504
f 7868 7826 7829
f 7830 7847 7842
f 7857 7856 7855
f 7837 7866 7852
f 7836 7823 7866
f 7870 7867 7869
f 7870 7863 7868
f 7871 7864 7863
f 7872 7860 7864
f 7869 7854 7874
f 7874 7853 7875
f 7876 7853 7865
f 7874 7878 7869
f 7879 7881 7882
f 7883 7882 7884
f 7886 7883 7885
f 7887 7886 7889
f 7890 7886 7885
f 7886 7880 7879
f 7891 7880 7892
f 7884 7885 7883
f 7871 7893 7884
f 7871 7894 7872
f 7884 7895 7894
f 7882 7896 7895
f 7890 7893 7878
f 7893 7869 7878
f 7881 7897 7896
f 7898 7895 7896
f 7900 7896 7897
f 7901 7899 7898
f 7904 7902 7903
f 7898 7905 7901
f 7894 7899 7904
f 7904 7872 7894
f 7907 7891 7906
f 7906 7892 7908
f 7890 7909 7889
f 7910 7889 7909
f 7877 7909 7878
f 7912 7909 7911
f 7887 7914 7913
f 7906 7913 7914
f 7873 7858 7860
f 7916 7865 7859
f 7859 7915 7916
f 7916 7903 7917
f 7917 7902 7918
f 7917 7876 7916
f 7873 7903 7915
f 7919 7875 7876
f 7877 7875 7920
f 7911 7920 7921
f 7922 7920 7919
f 7923 7921 7922
f 7918 7919 7917
f 7922 7925 7923
f 7924 7911 7921
f 7912 7926 7927
f 7928 7930 7926
f 7924 7928 7926
f 7927 7930 7907
f 7907 7914 7927
f 7910 7927 7914
f 7901 7918 7902
f 7905 7925 7901
f 7925 7928 7923
f 7905 7930 7929
f 7897 7930 7900
f 7888 7892 7880
f 7888 7913 7908
f 7645 7831 7830
f 7839 7862 7931
f 7841 7848 7840
f 7842 7849 7841
f 7504 7844 7843
f 7839 7840 7848
f 7643 7861 7831
f 7503 7862 7844
f 7846 7861 7843
f 7842 7645 7830
f 7932 7934 7935
f 7936 7938 7939
f 7937 7941 7938
f 7942 7944 7945
f 7947 7949 7946
f 7950 7939 7951
f 7953 7955 7952
f 7956 7958 7959
f 7956 7540 7960
f 7962 7964 7961
f 7936 7965 7945
f 7946 7958 7957
f 7966 7952 7955
f 7965 7933 7967
f 7968 7969 7964
f 7970 7972 7973
f 7974 7964 7963
f 7941 7968 7975
f 7940 7944 7969
f 7976 7935 7934
f 7978 7934 7951
f 7943 7969 7944
f 7947 7963 7962
f 7933 7951 7934
f 7980 7939 7938
f 7967 7932 7966
f 7937 7945 7944
f 7977 7983 7935
f 7973 7984 7975
f 7953 7973 7974
f 7982 7970 7983
f 7974 7954 7953
f 7975 7985 7941
f 7981 7951 7939
f 7961 7544 7545
f 7985 7938 7941
f 7942 7965 7960
f 7975 7974 7973
f 7952 7970 7953
f 7952 7935 7983
f 7987 7984 7986
f 7987 7980 7985
f 7988 7981 7980
f 7989 7978 7981
f 7986 7972 7991
f 7991 7971 7992
f 7993 7971 7982
f 7986 7994 7995
f 7997 7999 7996
f 8000 7999 8001
f 8003 8000 8002
f 8005 8006 8004
f 8007 8003 8002
f 7996 8005 7997
f 7998 8009 8008
f 8010 8000 8001
f 7988 8010 8001
f 7988 8011 7989
f 8011 7999 8012
f 7998 8012 7999
f 8007 8010 7995
f 8010 7986 7995
f 8013 8008 8014
f 8015 8012 8013
f 8017 8013 8014
f 8018 8016 8015
f 8021 8019 8020
f 8015 8022 8018
f 8011 8016 8021
f 8021 7989 8011
f 8023 8014 8008
f 8023 8009 8025
f 8007 8026 8006
f 8026 8004 8006
f 8028 7995 7994
f 8029 8026 8028
f 8030 8027 8031
f 8023 8030 8031
f 7990 7976 7978
f 8033 7982 7977
f 7976 8033 7977
f 8034 8032 8020
f 8035 8020 8019
f 8034 7993 8033
f 7990 8020 8032
f 8036 7992 7993
f 7991 8037 7994
f 7994 8038 8028
f 8039 8037 8036
f 8040 8038 8039
f 8035 8036 8034
f 8039 8042 8040
f 8041 8028 8038
f 8029 8043 8044
f 8045 8047 8043
f 8041 8045 8043
f 8044 8047 8024
f 8024 8031 8044
f 8027 8044 8031
f 8042 8019 8018
f 8022 8042 8018
f 8042 8045 8040
f 8017 8046 8022
f 8014 8047 8017
f 8005 8009 7997
f 8005 8030 8025
f 7506 7943 7942
f 7954 7946 7955
f 7967 7957 7956
f 7960 7967 7956
f 7948 7962 8048
f 7955 7957 7966
f 7641 7979 7943
f 7969 7961 7964
f 7960 7506 7942
f 7362 8050 7436
f 8052 7464 8051
f 8051 7467 8053
f 8054 7600 7604
f 8056 7618 8052
f 7436 8057 7638
f 8049 7361 8056
f 8057 7603 7638
f 8055 7467 7600
f 8058 7604 7603
f 8059 8058 8057
f 8060 8054 8058
f 8061 8055 8054
f 8062 8053 8055
f 8059 8050 8064
f 8064 8049 8065
f 8056 8065 8049
f 8059 8067 8068
f 8069 8071 8072
f 8073 8072 8074
f 8075 8073 8076
f 8077 8075 8076
f 8075 8070 8069
f 8079 8081 8070
f 8082 8070 8081
f 8083 8073 8074
f 8061 8083 8074
f 8061 8084 8062
f 8074 8085 8084
f 8072 8086 8085
f 8077 8083 8068
f 8083 8059 8068
f 8071 8087 8086
f 8088 8085 8086
f 8090 8086 8087
f 8091 8089 8088
f 8094 8092 8093
f 8088 8095 8091
f 8084 8089 8094
f 8094 8062 8084
f 8097 8082 8096
f 8096 8081 8080
f 8077 8098 8078
f 8099 8078 8098
f 8101 8068 8067
f 8102 8098 8101
f 8100 8104 8103
f 8096 8103 8104
f 8075 8100 8079
f 8079 8103 8080
f 8105 8053 8063
f 8066 8052 8106
f 8051 8106 8052
f 8107 8105 8093
f 8108 8093 8092
f 8107 8066 8106
f 8063 8093 8105
f 8109 8065 8066
f 8064 8110 8067
f 8067 8111 8101
f 8112 8110 8109
f 8113 8111 8112
f 8108 8109 8107
f 8112 8115 8113
f 8114 8101 8111
f 8102 8116 8117
f 8118 8120 8116
f 8114 8118 8116
f 8117 8120 8097
f 8097 8104 8117
f 8099 8117 8104
f 8091 8108 8092
f 8095 8115 8091
f 8115 8118 8113
f 8095 8120 8119
f 8087 8120 8090
f 7550 7561 7551
f 7552 7561 7535
f 7931 7539 7542
f 7640 7408 7622
f 7549 7644 7627
f 7525 7544 7641
f 7931 7482 7840
f 7483 7542 7541
f 7626 7405 7487
f 7629 7432 8121
f 7629 7949 7948
f 8122 7949 8121
f 8123 8121 7432
f 8124 7432 7435
f 7434 8125 7435
f 8125 8124 7435
f 8124 7429 8126
f 8123 8126 8127
f 8122 8127 8128
f 7541 7959 8128
f 7404 8129 7531
f 8125 7431 7430
f 7526 7505 7644
f 7626 7541 8128
f 7959 8122 8128
f 7961 8048 7962
f 7629 8048 7545
f 8127 7626 8128
f 7402 8126 7403
f 8129 8126 7429
f 7428 8129 7429
f 7589 7428 7590
f 7471 7366 7606
f 7334 7426 7357
f 7335 7357 7356
f 7616 7446 7445
f 7392 7398 7426
f 7393 7397 7392
f 7342 7394 7393
f 7344 7469 7342
f 7343 7361 7360
f 7360 7344 7343
f 7363 7345 7360
f 7437 7575 7363
f 7582 7437 7639
f 7421 7639 7602
f 7375 7602 7601
f 7599 7375 7601
f 7465 7618 7617
f 7332 7587 7340
f 7447 7335 7445
f 7445 7356 7616
f 7359 7616 7356
f 7636 7442 7359
f 7588 7443 7636
f 7589 7605 7588
f 7590 7606 7589
f 7471 7591 7472
f 7446 7371 7374
f 7371 7372 7374
f 7422 7370 7424
f 7577 7424 7580
f 7536 7580 7533
f 7591 7635 7472
f 7607 7386 7635
f 7543 7494 7527
f 7547 7543 7522
f 7608 7387 7386
f 7387 7416 7385
f 7457 7382 7417
f 7557 7417 7554
f 7559 7554 7553
f 7630 7553 7534
f 7534 7586 7630
f 7466 7337 7599
f 7465 7338 7466
f 7617 7587 7465
f 7341 7617 7343
f 8130 6090 8131
f 6023 8132 8133
f 6182 8133 6784
f 6623 6792 6185
f 6787 6182 6784
f 8134 6696 6787
f 6917 6756 8135
f 6762 7112 6763
f 6762 6184 6759
f 6765 6185 6184
f 6650 6768 6647
f 6772 6916 7259
f 6777 6789 6788
f 6022 6788 8132
f 6756 8134 8135
f 6758 6771 6770
f 6761 6775 7112
f 6769 6621 6766
f 6772 6767 6773
f 6174 6760 6759
f 6187 6178 6670
f 6811 6648 6812
f 6786 6724 6779
f 6791 6918 6885
f 6186 6179 6178
f 6808 8133 8132
f 6884 8135 8134
f 6174 6670 6171
f 6807 6784 8133
f 6791 8132 6788
f 6786 8134 6787
f 6790 6172 6918
f 6649 6792 6650
f 6316 8136 6717
f 8137 6654 8138
f 8139 6601 6160
f 6656 6580 6870
f 6868 8142 6865
f 6316 6711 6313
f 6864 8144 6861
f 6864 8145 6860
f 6868 6869 6710
f 6656 6866 6653
f 8146 8148 8149
f 8139 8151 6640
f 8152 6866 6865
f 8154 8138 6654
f 6874 8156 8157
f 8158 8159 6805
f 8160 6865 8142
f 8161 6313 6711
f 6161 8162 8163
f 8164 6654 6653
f 8153 6653 6866
f 8165 8167 8168
f 8166 8169 8167
f 5989 8170 8169
f 5988 8171 8170
f 8172 6043 6042
f 8174 6032 6035
f 8174 6098 8176
f 8176 6796 8177
f 8177 8178 8179
f 7132 6728 7133
f 6589 8180 7136
f 8180 6004 8181
f 8181 6007 8182
f 6334 6731 6734
f 6079 6645 6731
f 6078 6646 6645
f 6085 8184 6646
f 6091 8185 6093
f 6086 8183 6085
f 6950 7118 7070
f 6952 6992 7127
f 6983 6968 7103
f 6987 7004 7099
f 7001 6979 6978
f 7001 7074 6998
f 7262 7075 7074
f 7264 7127 7075
f 7265 6943 6972
f 7265 6991 6990
f 7266 7070 6991
f 6949 7119 7118
f 7267 6939 7119
f 6983 7099 6940
f 7268 6985 8186
f 7000 8186 6979
f 6938 6985 6984
f 6946 6922 6921
f 6956 6948 6947
f 6971 6928 6927
f 6970 6954 6928
f 6973 6921 6925
f 6977 7263 7105
f 6981 7061 7060
f 6973 7117 6972
f 7097 6979 8186
f 7104 6927 7101
f 6977 7060 6974
f 6976 6944 7263
f 6956 7066 6953
f 6937 8186 6985
f 6938 7101 6935
f 6924 7116 7297
f 6926 7297 7068
f 6930 6962 7304
f 6934 6953 7066
f 6960 6936 6935
f 6963 6928 6954
f 6967 6975 6974
f 7063 7327 7331
f 6959 7096 6936
f 6926 7066 6925
f 7102 7304 7125
f 6967 7331 6964
f 6966 6922 6975
f 7062 7064 7327
f 6963 6932 6961
f 7102 6935 7101
f 7299 7269 8187
f 7301 6932 6931
f 7306 7285 7284
f 7308 6962 6961
f 7315 7284 7309
f 7317 7312 7311
f 7319 6964 7331
f 7322 7297 7116
f 7317 7116 6965
f 7308 7303 7307
f 7326 6958 6957
f 7329 7291 7290
f 7328 7324 7291
f 7301 8187 7302
f 7319 7290 7318
f 7326 7309 7323
f 7272 7321 7275
f 7272 8187 7269
f 7274 7302 8187
f 7281 7307 7303
f 7283 7593 7594
f 7289 7324 7323
f 7293 7330 7294
f 7293 7318 7290
f 7310 7594 7637
f 7314 7595 7320
f 7282 7279 7593
f 7278 7277 7276
f 7314 7270 7311
f 7313 7295 7595
f 7288 7291 7324
f 7289 7637 7286
f 6003 6626 6136
f 6003 7165 6000
f 6690 8189 6691
f 6686 5981 5980
f 6685 6096 5981
f 6687 6806 6096
f 6002 5980 6626
f 6606 5351 5350
f 7164 8190 8191
f 8192 7174 8193
f 6015 8153 8152
f 6189 8155 8154
f 8157 6284 6283
f 6332 8152 8160
f 6593 6317 8161
f 6658 8154 8164
f 6014 8164 8153
f 6332 7131 6333
f 6805 6321 6052
f 6146 8162 6625
f 6607 8195 6604
f 8196 6125 8197
f 8198 7168 8199
f 8199 6633 8200
f 7177 8201 7178
f 8202 8204 8205
f 7208 7185 7205
f 7237 7186 7208
f 6819 7230 7237
f 6818 6824 6819
f 8206 6821 6818
f 8207 8135 8208
f 6917 8209 6916
f 8209 7259 6916
f 8210 6647 7259
f 6812 8212 7258
f 6809 7258 7257
f 6809 8213 6113
f 6113 8214 6110
f 7235 6110 8214
f 7223 7234 6147
f 6147 8215 6148
f 6148 8216 6153
f 8218 6158 8217
f 8219 6116 6119
f 6284 6116 6285
f 6188 8156 8155
f 8155 6873 8138
f 8138 6872 8137
f 8137 8148 6581
f 6193 6281 6190
f 6190 6278 6195
f 8220 8222 8223
f 8224 7139 7138
f 6223 8226 8227
f 6237 8228 8229
f 6238 8227 8230
f 6249 8231 8232
f 6253 8233 8234
f 6236 8221 8228
f 6331 8230 8235
f 6252 8236 8233
f 6222 8229 8226
f 6828 8237 8238
f 6280 8240 8241
f 8208 6883 8206
f 6648 8211 8212
f 6143 8242 8243
f 6624 8244 8242
f 8245 8247 8248
f 8249 8251 8252
f 7195 8254 7196
f 7214 8253 7195
f 8256 7214 7213
f 7243 8257 7244
f 7210 8257 7211
f 8259 6102 8260
f 8261 6121 8262
f 8178 8263 8179
f 7132 8264 8263
f 6797 8265 8264
f 6135 8266 8265
f 6134 8267 8266
f 6151 8268 8267
f 6154 8270 8268
f 8269 8272 8270
f 7194 8273 8274
f 7193 8275 8273
f 8249 8260 8276
f 8248 8278 8245
f 6129 8279 8280
f 7169 8197 6125
f 8198 8192 8197
f 7171 7175 7173
f 6589 7129 6587
f 6801 6040 7129
f 6037 6041 6040
f 6036 6659 6041
f 6131 6118 6659
f 6156 6119 6118
f 8218 6119 6155
f 8219 6815 6642
f 7191 6641 6814
f 8246 7189 7191
f 8245 8281 8282
f 8280 6288 6287
f 6125 7170 7169
f 6288 6602 6123
f 6126 6604 8195
f 8196 6605 6604
f 7174 6691 8189
f 6691 6139 6692
f 7171 8283 7172
f 7172 8284 6142
f 6139 8284 6692
f 8285 8287 8288
f 8211 8289 8286
f 8290 8292 8289
f 8293 8291 8290
f 8293 8208 8295
f 8296 8298 8295
f 6818 8296 8206
f 8285 7258 8212
f 7243 7212 7211
f 7243 8300 8299
f 8301 6739 6738
f 8302 7213 7247
f 8303 7247 6168
f 8304 6168 6167
f 6738 8297 8301
f 8288 6167 6170
f 8304 8291 8305
f 8305 8294 6737
f 6737 8306 8305
f 6736 8307 8306
f 8243 8308 8309
f 8242 8282 8308
f 8247 7191 7190
f 7196 8251 7192
f 8253 8311 8254
f 8255 8310 8253
f 8313 8255 8256
f 7244 8313 8307
f 8313 8258 8312
f 8312 8314 8310
f 8315 8310 8314
f 8311 8316 8252
f 8282 8317 8308
f 8308 8261 8309
f 8309 8262 8318
f 8248 8275 8276
f 8282 8246 8245
f 8307 8256 8302
f 8306 8302 8303
f 8305 8303 8304
f 8298 6737 8294
f 8287 8304 6167
f 7253 7199 7198
f 8319 6028 7199
f 8320 6029 6028
f 8321 7184 6029
f 8322 7185 7184
f 8203 7205 7185
f 8202 7206 7205
f 7239 7210 7209
f 7251 8319 7253
f 7227 8320 8319
f 7217 8321 8320
f 7216 8322 8321
f 7236 8203 8322
f 6175 8200 7204
f 7165 8191 6177
f 6137 7166 6138
f 6200 8283 6137
f 6199 8284 8283
f 8284 6205 6692
f 6205 6689 6692
f 6689 5485 3833
f 7009 8323 7107
f 7013 7021 7020
f 7017 7029 7028
f 7013 7110 7010
f 7073 7084 7089
f 7081 7093 7092
f 7082 7028 7025
f 7088 6995 6994
f 7088 7057 7085
f 7122 7043 7042
f 7124 7024 7126
f 7082 7024 7123
f 7009 7042 7006
f 7012 7126 7021
f 7115 7015 7057
f 7008 7058 8323
f 7081 7120 7078
f 7073 7079 7071
f 6997 7076 7113
f 7023 6942 6941
f 7027 7069 7038
f 7031 6989 6988
f 7079 7033 7032
f 7037 7107 8323
f 7027 7126 7024
f 7041 7029 7114
f 7026 6988 7069
f 7100 6941 7098
f 7108 7002 7019
f 7100 8323 7058
f 6997 7114 6994
f 7022 7039 6942
f 7111 7033 7255
f 7035 7260 7032
f 7261 6996 7260
f 7108 7120 7106
f 7245 8258 7210
f 7246 8314 7245
f 7181 8316 7182
f 8277 6129 8278
f 8278 8280 8281
f 6287 8281 8280
f 6122 8317 6287
f 5487 6144 5488
f 5489 6162 5490
f 6637 8325 8326
f 8326 8225 8224
f 5494 8225 5495
f 6160 8150 8139
f 5496 8151 5497
f 8163 6162 6161
f 6146 8327 8163
f 8243 6144 6143
f 8328 8309 8318
f 8318 5501 5500
f 8262 5502 5501
f 8329 8331 8332
f 8333 8335 8336
f 8338 6007 8337
f 8329 8339 8340
f 8341 6734 8330
f 6006 8337 6007
f 8342 6804 6800
f 6065 8339 8343
f 5995 8341 8340
f 6918 6166 6165
f 7221 6166 6880
f 6172 6880 6166
f 8344 5955 6713
f 5519 5975 5520
f 6806 8346 6695
f 6646 8347 6643
f 8165 8349 6323
f 6322 8131 6090
f 8345 6688 8351
f 6695 5975 5974
f 5976 5528 6713
f 5529 8131 5530
f 6643 8352 8168
f 8183 5532 8184
f 5534 8130 5529
f 6730 5533 8183
f 8351 6093 8185
f 5535 6594 3856
f 8353 6652 6651
f 8354 8355 8356
f 8357 6825 6202
f 8359 6202 6201
f 6224 8356 8360
f 6275 8362 6276
f 6201 7143 8359
f 7146 8359 7143
f 8357 8363 8364
f 8355 8366 8367
f 8361 8368 8362
f 8356 8367 8369
f 8370 8372 7142
f 8220 7145 8374
f 6275 6228 6231
f 5558 6228 6274
f 8375 8367 8366
f 8362 8376 8377
f 8378 8380 8381
f 8363 8382 8383
f 8384 8381 8385
f 8382 8386 8385
f 8383 8364 8363
f 6226 6231 6230
f 6231 8361 6275
f 6636 8389 8379
f 6635 8388 6636
f 8390 5576 5575
f 8379 6232 6636
f 8378 6233 6232
f 8384 8371 6233
f 8372 8393 7141
f 7138 8239 8224
f 8224 8394 8326
f 8146 8394 6282
f 6638 8326 8394
f 6340 6299 6298
f 6747 6577 6576
f 6344 6346 6345
f 6342 6355 6303
f 6353 6349 6297
f 6337 6369 8395
f 6360 6328 6327
f 6358 6386 6385
f 6364 6293 6295
f 6362 6376 6373
f 6366 6297 6296
f 6350 6372 6370
f 6533 6303 6302
f 6534 6346 6343
f 6744 6533 6302
f 6536 6747 6576
f 6357 6894 6386
f 6341 6832 6355
f 6839 6292 6291
f 6837 6380 6379
f 6838 6354 6292
f 6361 6377 6376
f 6363 6296 6293
f 6365 6373 6372
f 6359 6291 6328
f 6836 6385 6380
f 6481 6902 6544
f 6484 6501 6500
f 6477 6487 6474
f 6849 6492 6491
f 6494 6467 6466
f 6547 6544 6543
f 6750 6546 6547
f 6494 6751 6750
f 6843 6500 6846
f 6845 6575 6843
f 6489 6847 6853
f 6474 6491 6490
f 6483 6906 6501
f 6493 6465 6490
f 6471 6544 6902
f 6472 6485 6473
f 6476 6461 6460
f 6470 6542 6545
f 6570 6569 6749
f 6495 6463 6493
f 6475 6462 6461
f 6572 6477 6476
f 6574 6457 6456
f 6569 6543 6545
f 6575 6473 6485
f 6471 6901 6448
f 6469 6508 6513
f 6498 6479 6478
f 6503 6518 6517
f 6489 6505 6486
f 6467 6509 6468
f 6546 6498 6478
f 6549 6752 6753
f 6752 6466 6469
f 6503 6846 6500
f 6850 6844 6846
f 6507 6852 6525
f 6486 6509 6849
f 6502 6909 6518
f 6858 6664 6307
f 8396 6611 6610
f 6833 6324 6216
f 8399 6825 8400
f 6831 8401 8402
f 6707 6826 8399
f 8398 6890 6324
f 6858 8404 6554
f 8405 6610 6876
f 6830 6553 8401
f 8397 6911 6611
f 8400 8358 8365
f 8358 8364 8406
f 8406 8387 8407
f 8389 8380 8379
f 8389 8409 8377
f 8388 8410 8409
f 5575 8410 8390
f 6665 8411 6875
f 8412 6720 6721
f 8413 5601 6720
f 8411 8413 8412
f 6262 6290 6263
f 5602 8414 5604
f 6599 3735 5605
f 7141 7142 8372
f 8393 8241 8240
f 8227 7147 7151
f 8229 8374 7148
f 8230 7151 7153
f 8232 8415 8416
f 8234 8417 8418
f 8221 8374 8228
f 8235 7153 8419
f 8233 8420 8417
f 8226 7148 7147
f 8238 8421 8422
f 7141 8240 7138
f 6581 6655 8137
f 6640 8140 8139
f 6710 8141 6868
f 6717 6712 6316
f 6860 8143 6864
f 6870 6867 6656
f 6717 6726 6714
f 6870 6192 6115
f 6860 6050 6059
f 6710 6025 6024
f 6639 6871 8140
f 6640 8324 6637
f 6581 8147 6193
f 5615 6234 8370
f 7144 8374 7145
f 7144 6210 7149
f 7150 6210 6209
f 7152 6209 6329
f 7152 8419 7153
f 7154 8421 8419
f 7158 8415 8422
f 7160 8420 8416
f 7162 8418 8417
f 7161 5616 8418
f 8370 6233 8371
f 8373 7146 7145
f 8392 8386 8223
f 8391 8372 8371
f 5617 6713 5528
f 5973 3355 5972
f 8345 5619 8346
f 3880 6910 5621
f 8351 5620 8345
f 8346 5520 5975
f 5621 6911 5623
f 5622 8185 5534
f 8150 5497 8151
f 8423 8425 8426
f 8427 6519 8428
f 8429 8431 8432
f 6523 8433 6526
f 8434 8436 8437
f 8438 8434 8439
f 8438 6511 6528
f 8441 8424 8423
f 8427 8430 8429
f 8444 8445 8446
f 8447 8424 8448
f 8449 8444 8450
f 8451 8430 8452
f 8453 8454 8455
f 8456 8437 8453
f 8439 8456 8457
f 8448 8442 8458
f 8452 8443 8449
f 8425 8459 8446
f 8460 8462 8463
f 8464 8466 8467
f 8468 8470 8471
f 8472 8474 8475
f 8476 8478 8479
f 8480 8482 8483
f 8484 8486 8487
f 8485 8489 8486
f 8490 8481 8480
f 8492 8494 8495
f 8495 8496 8497
f 8498 8500 8501
f 8502 8500 8503
f 8504 8506 8507
f 8508 8510 8511
f 8513 8511 8512
f 8507 8514 8515
f 8516 8518 8519
f 8520 8516 8521
f 8522 8524 8525
f 8526 8522 8525
f 8528 8530 8531
f 8532 8529 8533
f 8534 8536 8537
f 8538 8534 8537
f 8464 8481 8465
f 8483 8541 8480
f 8542 8484 8467
f 8487 8540 8483
f 8488 8542 8544
f 8545 8486 8489
f 8481 8466 8465
f 8547 8489 8490
f 8548 8493 8471
f 8549 8502 8492
f 8551 8494 8548
f 8497 8552 8495
f 8469 8499 8470
f 8547 8497 8498
f 8469 8503 8500
f 8501 8550 8545
f 8460 8507 8461
f 8552 8506 8505
f 8554 8510 8463
f 8549 8505 8509
f 8554 8512 8511
f 8513 8550 8508
f 8461 8515 8462
f 8557 8513 8514
f 8558 8519 8479
f 8559 8527 8518
f 8521 8558 8561
f 8553 8517 8520
f 8477 8524 8478
f 8520 8557 8553
f 8476 8525 8477
f 8527 8556 8522
f 8563 8528 8475
f 8564 8531 8565
f 8533 8563 8566
f 8562 8530 8532
f 8473 8536 8474
f 8559 8532 8535
f 8472 8537 8473
f 8560 8539 8564
f 8463 8555 8554
f 8544 8467 8466
f 8470 8548 8471
f 8475 8566 8563
f 8479 8561 8558
f 8484 8483 8482
f 8490 8488 8491
f 8503 8492 8502
f 8498 8496 8499
f 8504 8509 8505
f 8515 8513 8512
f 8519 8527 8526
f 8521 8523 8520
f 8528 8539 8538
f 8533 8535 8532
f 8467 8482 8464
f 8487 8546 8543
f 8544 8491 8488
f 8480 8547 8490
f 8493 8468 8471
f 8495 8549 8492
f 8551 8499 8496
f 8501 8547 8498
f 8460 8510 8504
f 8508 8549 8509
f 8555 8515 8512
f 8506 8557 8514
f 8519 8476 8479
f 8517 8559 8518
f 8561 8524 8521
f 8522 8557 8523
f 8475 8538 8472
f 8567 8531 8530
f 8566 8536 8533
f 8560 8535 8534
f 8442 8568 8569
f 6512 8568 6754
f 8570 8571 8572
f 8426 6514 8423
f 8428 8443 8427
f 6522 8432 6523
f 8437 8433 8454
f 6524 8435 6527
f 6528 8435 8438
f 8423 6550 8441
f 8429 6516 8427
f 6515 8445 6908
f 8441 6754 8568
f 8570 8569 8568
f 8440 6512 6511
f 8569 8458 8442
f 8574 8572 8571
f 8572 8573 8569
f 8453 8577 8456
f 8576 8455 8578
f 8452 8580 8451
f 8573 8582 8458
f 8575 8581 8573
f 8584 8575 8574
f 8571 8457 8574
f 8439 8440 8438
f 8585 8587 8588
f 8587 8590 8588
f 8589 8592 8590
f 8591 8594 8592
f 8593 8596 8594
f 8595 8598 8596
f 8599 8586 8585
f 8601 8600 8599
f 8603 8602 8601
f 8605 8598 8597
f 8607 8604 8603
f 8609 8608 8607
f 8611 8610 8609
f 8606 8612 8611
f 8613 8589 8587
f 8614 8591 8589
f 8615 8593 8591
f 8616 8595 8593
f 8617 8597 8595
f 8619 8617 8616
f 8620 8618 8617
f 8620 8623 8621
f 8624 8626 8627
f 8626 8622 8627
f 8620 8628 8622
f 8622 8629 8627
f 8627 8630 8624
f 8632 8634 8631
f 8636 8633 8635
f 8637 8636 8635
f 8639 8632 8640
f 8633 8641 8635
f 8635 8642 8637
f 8642 8644 8637
f 8645 8637 8644
f 8586 8613 8587
f 8600 8646 8586
f 8616 8648 8619
f 8615 8649 8648
f 8613 8649 8614
f 8651 8613 8646
f 8647 8651 8646
f 8652 8654 8651
f 8602 8647 8600
f 8655 8652 8647
f 8656 8653 8652
f 8653 8659 8654
f 8658 8661 8659
f 8644 8663 8645
f 8664 8662 8665
f 8661 8666 8659
f 8666 8654 8659
f 8667 8651 8654
f 8668 8597 8618
f 8669 8618 8621
f 8670 8621 8623
f 8671 8623 8626
f 8671 8625 8672
f 8625 8673 8672
f 8636 8675 8634
f 8638 8674 8636
f 8645 8676 8638
f 8645 8678 8677
f 8679 8660 8658
f 8657 8658 8653
f 8583 8648 8649
f 8650 8583 8649
f 8667 8581 8650
f 8666 8582 8667
f 8664 8681 8666
f 8682 8665 8683
f 8684 8643 8642
f 8684 8641 8579
f 8639 8579 8641
f 8580 8640 8578
f 8629 8576 8630
f 8604 8655 8602
f 8608 8686 8604
f 8610 8687 8608
f 8612 8688 8610
f 8605 8689 8612
f 8690 8668 8669
f 8691 8689 8690
f 8692 8688 8691
f 8693 8687 8692
f 8656 8686 8693
f 8694 8669 8670
f 8695 8690 8694
f 8696 8691 8695
f 8697 8692 8696
f 8657 8693 8697
f 8697 8679 8657
f 8696 8698 8697
f 8696 8700 8699
f 8694 8700 8695
f 8670 8701 8694
f 8702 8671 8672
f 8701 8703 8700
f 8703 8699 8700
f 8699 8705 8698
f 8698 8680 8679
f 8672 8706 8702
f 8675 8707 8708
f 8674 8709 8707
f 8709 8677 8710
f 8677 8711 8710
f 8712 8710 8711
f 8702 8714 8703
f 8713 8714 8715
f 8707 8716 8717
f 8717 8713 8715
f 8710 8716 8709
f 8708 8717 8715
f 8546 8599 8543
f 8546 8603 8601
f 8550 8603 8545
f 8556 8607 8550
f 8560 8609 8556
f 8564 8611 8560
f 8565 8606 8564
f 8565 8596 8598
f 8567 8594 8596
f 8562 8592 8594
f 8553 8590 8592
f 8590 8541 8588
f 8540 8588 8541
f 8543 8585 8540
f 8684 8450 8685
f 8579 8449 8684
f 8682 8448 8681
f 8447 8683 8459
f 8681 8458 8582
f 8628 8619 8718
f 8584 8619 8648
f 8628 8577 8629
f 8457 8577 8718
f 8574 8718 8584
f 7134 6919 7135
f 6164 6919 6783
f 5485 6609 5921
f 3832 8188 6690
f 5921 6221 3354
f 5922 7128 6607
f 6439 8720 6440
f 8720 6570 6749
f 6570 8721 6464
f 6439 8721 8719
f 6727 6057 6312
f 6312 6073 6247
f 6828 6073 6072
f 6877 6267 6745
f 6745 6299 6744
f 6891 6305 6889
f 6338 6746 6339
f 6438 6410 6435
f 6412 6440 6748
f 6564 6424 6565
f 6842 6577 8395
f 6889 6829 7156
f 6579 6564 6563
f 6435 6565 6424
f 8722 6306 6891
f 8723 6058 6727
f 6269 6878 6879
f 7160 6829 6598
f 8724 8143 8725
f 8238 6248 6828
f 6339 6744 6299
f 8395 6338 6337
f 6879 8404 8726
f 8422 8231 8238
f 8725 6859 8723
f 8416 7157 7160
f 6059 6049 6056
f 6330 6049 6048
f 7156 6259 6889
f 6269 6264 6266
f 6297 6264 6241
f 6340 6351 6337
f 6368 8395 6369
f 6422 6559 6423
f 6436 6404 6437
f 6447 6438 6437
f 6424 6436 6435
f 6331 6099 6330
f 6422 6842 6368
f 8722 6856 8726
f 8141 6862 8142
f 6265 6617 6242
f 6324 6259 6258
f 7158 6260 7156
f 6709 6863 8141
f 8235 6827 6331
f 6298 6352 6340
f 6370 6351 6350
f 6891 8403 8722
f 8419 8237 8235
f 6051 8145 6709
f 8422 7155 7158
f 8721 6446 6464
f 6748 8720 6749
f 8727 6011 8194
f 8158 8144 8724
f 6009 6861 8144
f 6008 6862 6861
f 8142 8727 8160
f 6554 6893 6858
f 6833 6708 8398
f 6708 8403 8398
f 5623 6892 4042
f 8406 8365 8358
f 8407 8366 8406
f 8377 8408 8389
f 8397 6530 6529
f 6651 8400 8353
f 8402 6616 6615
f 6618 8399 6651
f 6554 6878 6551
f 8396 6854 6530
f 8401 6552 6616
f 6892 6529 6743
f 8353 8365 8355
f 8377 6276 8362
f 8409 6277 6276
f 8410 5932 6277
f 8726 6857 8722
f 8726 6855 6879
f 7234 6106 8215
f 8279 6127 6288
f 8354 6227 6652
f 6246 6619 6289
f 8239 6282 8394
f 8162 6286 6625
f 6292 6246 6289
f 6382 6377 6379
f 6392 6396 6393
f 6396 6427 6428
f 6398 6443 6459
f 6459 6458 6460
f 6525 6523 6526
f 6558 6271 6555
f 6429 6560 6561
f 6460 6572 6476
f 6272 3736 3735
f 7128 6602 8195
f 6227 6244 6652
f 7180 6634 6103
f 6642 6285 8219
f 6356 6740 6614
f 6816 8218 8217
f 6820 8301 6817
f 6355 6741 6356
f 6344 6834 6341
f 6364 6840 6361
f 6375 6560 6415
f 6848 6488 6477
f 6853 6506 6489
f 6530 6740 6531
f 8140 6874 6601
f 6555 6831 6876
f 8215 6881 8216
f 6348 6894 6345
f 6383 6896 6417
f 6433 6896 6420
f 6432 6898 6390
f 6406 6898 6407
f 6900 6387 6899
f 6900 6448 6901
f 6472 6903 6482
f 6480 6903 6902
f 6497 6906 6479
f 6908 6518 6909
f 4280 6120 6603
f 6100 7170 6128
f 6632 7188 8201
f 7235 7201 7200
f 7206 7212 7207
f 8213 7232 7231
f 8214 7231 7201
f 6108 7200 7203
f 7238 8300 6820
f 7207 8299 7238
f 8205 7240 8202
f 6170 7232 7256
f 6638 8149 6639
f 6601 8157 6600
f 6600 6283 8162
f 8392 8222 8393
f 6278 8241 6279
f 6816 8274 6813
f 6642 6814 6641
f 6128 6124 8279
f 8195 6127 6126
f 8212 8286 8285
f 8292 8286 8289
f 8290 8210 8209
f 8207 8290 8209
f 8294 8295 8298
f 8206 8295 8208
f 6817 8297 8296
f 8288 7256 8285
f 7209 7240 7239
f 6225 8360 8361
f 8369 8360 8356
f 8375 8368 8369
f 8381 8387 8383
f 8385 8383 8382
f 8385 8391 8384
f 8147 6282 6281
f 6345 6835 6344
f 6327 6834 6360
f 6295 6841 6364
f 6379 6840 6837
f 6853 6845 6844
f 6479 6905 6480
f 6848 6571 6573
f 6452 6904 6472
f 6525 6851 6520
f 6496 6907 6497
f 8402 6876 6831
f 8408 8387 8380
f 6279 8222 8221
f 6872 8149 8148
f 8223 8373 8220
f 6526 8436 6524
f 8446 8426 8425
f 8455 8431 8451
f 8446 8450 8444
f 8454 8432 8431
f 6908 8428 6519
f 8578 8451 8580
f 8632 8625 8624
f 8640 8624 8630
f 8660 8662 8661
f 8662 8643 8665
f 8675 8631 8634
f 8680 8663 8660
f 8683 8643 8685
f 8578 8630 8576
f 8673 8708 8706
f 8678 8705 8711
f 8711 8704 8712
f 8706 8715 8714
f 8703 8712 8704
f 8459 8685 8450
f 8407 8376 8375
f 6615 8405 8402
f 5993 6335 5994
f 6060 6018 5991
f 5993 6081 6080
f 6105 6176 6702
f 6177 6000 7165
f 6309 6310 6251
f 8725 6314 8724
f 8724 6318 8158
f 6321 6053 6052
f 6249 6310 6247
f 6596 6257 6597
f 8188 6605 8189
f 5986 6682 6060
f 6714 6311 6309
f 6047 6086 6081
f 6875 6304 6665
f 6001 6912 5983
f 7162 6597 6257
f 7254 6912 6704
f 6684 7163 7254
f 8723 6315 8725
f 6592 6318 6317
f 8332 8171 8728
f 6607 5350 5922
f 8191 8198 8199
f 8197 8193 8196
f 8159 6319 6321
f 8232 6595 6249
f 8192 7173 7175
f 8189 8193 7174
f 6177 8199 6175
f 6733 8330 6734
f 8340 8330 8329
f 8341 6335 6334
f 8412 6875 8411
f 8414 6273 6599
f 8416 8236 8232
f 6727 8136 8723
f 8417 7159 7162
f 6277 5558 6274
f 5935 6635 6235
f 5991 6061 6060
f 6019 6682 6681
f 5999 6033 5996
f 6045 6677 6680
f 6055 6083 7130
f 5995 6063 5992
f 6084 6053 6046
f 6088 5989 8166
f 6063 6046 5992
f 6066 6034 5999
f 6103 7181 7180
f 6673 6133 6132
f 6149 6153 6152
f 6323 8166 8165
f 6585 6083 6082
f 6630 6702 6176
f 6634 7168 7167
f 6676 6152 6133
f 6703 6628 7248
f 6796 6728 8178
f 6069 6097 6066
f 6132 6674 6673
f 6803 6800 6804
f 6011 6055 7130
f 6799 6582 6585
f 7194 6881 6882
f 7131 6583 6333
f 6798 6913 6674
f 7179 8204 7236
f 7183 7246 7242
f 7188 7242 7241
f 6109 7192 6882
f 7204 6176 6175
f 7219 6628 6627
f 7218 7248 6628
f 7179 6627 7176
f 7250 6704 6703
f 7228 7249 7248
f 6678 7249 6679
f 5997 7251 5998
f 8168 6644 6643
f 8167 6732 6644
f 8169 6733 6732
f 8170 8331 6733
f 8336 8173 8172
f 8182 8175 8174
f 8182 8176 8181
f 8181 8177 8180
f 8180 8179 7136
f 7133 6590 6913
f 7130 8194 6011
f 8200 6632 7177
f 7178 8205 8204
f 8269 6153 8216
f 8254 8252 8251
f 8260 6101 8277
f 8179 6802 7136
f 8263 6038 6802
f 8264 6039 6038
f 8265 6130 6039
f 8266 6157 6130
f 8267 6158 6157
f 8268 8217 6158
f 8270 6816 8217
f 6813 8273 7190
f 8273 8247 7190
f 8276 8277 8248
f 7192 8250 7193
f 8252 8259 8249
f 8276 8250 8249
f 7204 7177 7176
f 7182 8315 7246
f 8343 8334 8333
f 8333 8342 8343
f 8343 6800 6065
f 8340 6064 5995
f 6323 8350 6322
f 8168 8348 8165
f 8349 5936 8350
f 8352 5938 8348
f 6103 7167 6100
f 8271 8216 6881
f 8201 7241 8205
f 8274 8271 7194
f 5991 6017 5988
f 8728 6017 6016
f 5997 6680 6679
f 5996 6045 6680
f 6033 6042 6045
f 6042 8175 8172
f 8172 8338 8336
f 8336 8337 8333
f 6684 6677 6681
f 6681 6044 6019
f 6019 6043 6016
f 6016 8173 8728
f 8728 8335 8332
f 8332 8334 8329
f 8194 8160 8727
f 6805 6009 8158
f 5940 7137 6719
f 8324 5942 8325
f 8325 5495 8225
f 6253 4292 6250
f 7137 5944 6715
f 8348 5937 8349
f 8350 5530 8131
f 5624 6159 5489
f 6718 5940 6719
f 8327 5490 6162
f 8347 5939 8352
f 5933 6121 6120
f 8184 5946 8347
f 7142 5615 8370
f 6145 5945 8327
f 8234 5943 6253
f 8328 5488 6144
f 8318 5948 8328
f 7139 4299 7140
f 8418 5947 8234
f 5604 6599 5605
f 5949 6712 6716
f 5944 6716 6715
f 6720 5950 6255
f 6255 4322 6256
f 5614 6235 6234
f 6711 5951 8161
f 8161 3857 6593
f 5973 2965 3013
f 2965 5963 222
f 222 5960 223
f 223 5958 3186
f 5958 3185 3186
f 5957 2977 3185
f 5970 1213 2977
f 5967 1214 1213
f 2532 5966 5953
f 2894 5953 5952
f 2871 5952 8344
f 5510 5721 5509
f 5822 5824 5823
f 3511 3844 3735
f 3887 3889 3888
f 3876 3878 3877
f 3356 3911 3909
f 3372 3390 3391
f 3849 3851 3850
f 3481 3867 3866
f 3873 3385 3382
f 3875 3450 3452
f 3915 3865 3862
f 3657 3671 3656
f 5618 3013 2152
f 1997 1889 1892
f 1237 744 855
f 1535 120 121
f 1531 201 214
f 1119 1032 984
f 946 824 947
f 163 5 162
f 9041 9175 9193
f 1155 1162 1164
f 427 327 424
f 553 796 498
f 8732 2231 2237
f 8732 2230 2232
f 2237 3180 8732
f 8734 8736 8733
f 8735 8738 8736
f 8737 8740 8738
f 8739 8742 8740
f 8743 8745 8746
f 8746 8747 8748
f 8749 8748 8747
f 8751 8750 8749
f 8754 8756 8753
f 8757 8755 8754
f 8759 8758 8757
f 8761 8760 8759
f 8763 8762 8761
f 8766 8749 8765
f 8765 8747 8767
f 8767 8745 8768
f 8768 8744 8769
f 8744 8771 8769
f 8770 8772 8771
f 8741 8773 8772
f 8739 8774 8773
f 8737 8775 8774
f 8735 8776 8775
f 8776 8777 3184
f 2904 8779 2947
f 8780 2904 2902
f 8781 2902 2876
f 2875 8781 2876
f 8783 2733 2736
f 2825 8786 2824
f 8788 8790 8787
f 8792 8787 8791
f 2724 8785 2825
f 8787 3115 3117
f 8791 3117 3119
f 8794 8765 8793
f 8793 8767 8795
f 8795 8768 8796
f 8796 8769 8797
f 8797 8771 8798
f 8771 8799 8798
f 8772 8800 8799
f 8773 8801 8800
f 8774 8802 8801
f 8775 8803 8802
f 8776 3056 8803
f 8802 2253 2252
f 8801 2252 1727
f 8800 1727 2150
f 8799 2150 1941
f 8804 8799 1941
f 8805 8798 8804
f 8806 8797 8805
f 8807 8796 8806
f 8793 8807 8808
f 8794 8808 8809
f 8810 8809 8808
f 8808 8806 8810
f 8810 8805 8812
f 8813 8810 8812
f 8812 8804 8814
f 8815 8812 8814
f 8814 1941 1360
f 8755 8752 8756
f 8758 8750 8755
f 8760 8748 8758
f 8762 8746 8760
f 8816 8764 8763
f 8818 8820 8817
f 8816 8782 8784
f 8821 8817 8816
f 8789 8783 8786
f 8818 8789 8788
f 8819 8788 8792
f 8822 8819 8823
f 8823 8792 8824
f 8824 8791 2712
f 2712 3119 3128
f 8826 8823 8825
f 8825 8824 8827
f 8827 2712 2711
f 8828 2711 2400
f 8829 8827 8828
f 8830 8825 8829
f 8743 8764 8831
f 8817 8831 8764
f 8770 8743 8831
f 8741 8831 8742
f 8820 8742 8831
f 8740 8822 8826
f 8738 8826 8830
f 8736 8830 8832
f 8833 2400 2402
f 8834 8828 8833
f 8832 8829 8834
f 8835 2402 2707
f 3058 2707 2708
f 3061 8835 3058
f 8836 8833 8835
f 8733 8832 8837
f 8837 8834 8836
f 8777 8733 8838
f 8838 8837 1962
f 8837 3061 1962
f 1961 8838 1962
f 3057 8777 8838
f 8779 8753 8839
f 8778 8754 8779
f 8780 8757 8778
f 8781 8759 8780
f 8782 8761 8781
f 8821 8784 8783
f 8785 8789 8786
f 2723 8790 8785
f 2875 8784 8782
f 2736 8786 8783
f 2947 8839 8944
f 8815 1360 8941
f 1900 1924 1901
f 1736 1718 1750
f 1955 1943 1956
f 1671 1735 1751
f 1696 1698 1692
f 1800 1864 1801
f 2063 2056 2060
f 1737 1717 1736
f 1751 1697 1695
f 943 9351 684
f 9108 8753 9057
f 1577 1764 1703
f 9369 1599 9375
f 1945 82 1944
f 68 7 248
f 147 1543 148
f 1109 1133 1102
f 1503 1907 1908
f 1499 1909 1498
f 452 735 215
f 1824 9287 9297
f 1825 2068 1824
f 1463 1022 1194
f 841 1009 1011
f 1568 1955 1534
f 1926 1927 1923
f 1910 1502 1939
f 1939 422 442
f 309 1940 308
f 1804 1866 1803
f 269 1954 56
f 2065 2060 2056
f 9264 1758 9287
f 280 552 1940
f 1875 1869 1874
f 1739 1734 1737
f 5923 5899 5924
f 1778 1790 1788
f 310 1915 279
f 1909 1906 1954
f 1789 1778 1788
f 978 980 979
f 1584 1731 1583
f 425 311 312
f 148 115 116
f 2044 9346 2046
f 277 1939 551
f 1943 1945 1944
f 1461 1463 1464
f 2253 3056 3055
f 2981 8927 958
f 2209 8927 3055
f 2254 3055 8927
f 2998 958 8927
f 2826 2721 2724
f 8928 2721 2817
f 2816 8928 2817
f 2334 2296 2335
f 2298 2334 2336
f 2301 2336 2338
f 2311 2338 2354
f 2312 2354 2355
f 2359 2361 2360
f 2335 2359 2360
f 2414 2365 2364
f 2413 2361 2365
f 2355 2540 2541
f 2541 2539 2542
f 2722 2739 2738
f 3114 2738 3113
f 3110 3121 3120
f 3108 3120 3113
f 3122 3127 3126
f 3112 3126 3121
f 3127 1753 3135
f 3139 2529 2542
f 9196 3133 3139
f 8928 2740 2739
f 8929 2789 8928
f 228 91 88
f 245 243 242
f 248 247 191
f 2 296 295
f 145 300 267
f 327 210 328
f 329 331 330
f 250 228 236
f 239 240 230
f 373 375 374
f 178 176 175
f 1218 1228 1321
f 9314 1295 9306
f 808 824 823
f 9310 1013 1014
f 9265 1411 1413
f 2154 2159 2160
f 9297 1758 1757
f 306 1922 452
f 2157 1976 1977
f 708 2031 1474
f 1450 1227 1428
f 1672 1605 1624
f 1813 1821 1816
f 1717 1715 1718
f 176 402 347
f 1710 9368 9367
f 1712 1577 1711
f 1705 1711 1704
f 3435 3475 3434
f 971 979 970
f 822 1094 1102
f 2909 2793 2792
f 2810 2795 2793
f 2799 2249 2800
f 9114 2910 2799
f 2769 2801 2795
f 3177 3178 3179
f 3178 3180 3179
f 3181 1393 2800
f 3181 1632 3182
f 3182 2244 3183
f 3183 2243 3180
f 8932 2790 8929
f 2808 8929 2816
f 2239 9016 2240
f 1149 9015 9014
f 1150 9011 9015
f 2202 9010 2015
f 2921 9009 2923
f 9012 2133 2928
f 1777 1759 1792
f 1201 1183 1184
f 9005 2195 2194
f 8997 2770 2768
f 9379 1687 1692
f 1516 154 503
f 8993 2974 2803
f 8994 2779 2778
f 2771 9019 8990
f 3070 8990 9002
f 8991 2775 2867
f 1376 1370 1372
f 2767 9000 2206
f 2195 8987 2767
f 2775 8986 2776
f 8344 8989 2871
f 9256 8983 2806
f 2776 8982 2805
f 2240 8979 2920
f 2920 9121 9071
f 8992 2786 2779
f 1805 1851 1804
f 8978 2787 2786
f 2951 8984 8975
f 2772 8975 9019
f 2973 8974 8980
f 2224 8981 8974
f 1957 320 510
f 306 304 303
f 2770 8972 2913
f 2913 9018 2239
f 2923 8971 2922
f 308 431 47
f 207 132 543
f 1879 1881 1880
f 9185 8969 2089
f 2475 9002 8968
f 2476 8968 8967
f 2223 8967 8981
f 8966 2803 2802
f 2037 11 1950
f 1959 450 505
f 2003 8964 2129
f 9 334 540
f 2009 8962 9011
f 2008 8980 8962
f 9329 673 9331
f 8959 2778 2784
f 2935 8957 2936
f 111 9014 8955
f 3238 3341 3237
f 8954 2935 2938
f 683 9337 943
f 8952 2810 2909
f 736 732 729
f 1795 1803 1796
f 8949 2938 2939
f 8951 2939 2940
f 2950 8948 2949
f 2940 8948 8951
f 9253 8956 2950
f 2868 8946 2869
f 2869 8966 2802
f 1024 1023 1020
f 8944 2948 2947
f 551 442 443
f 2972 9012 2928
f 2032 8943 2972
f 216 1924 1923
f 3532 3482 3533
f 203 201 200
f 3539 3541 3540
f 1828 1847 1837
f 1958 449 450
f 272 178 175
f 2871 8939 1361
f 9071 9008 2921
f 2801 9095 9114
f 2005 9106 2176
f 960 899 962
f 9109 9064 9076
f 9232 9098 3151
f 3151 9045 2555
f 2193 9075 2194
f 9059 3145 3144
f 9055 2761 3145
f 9044 3144 3104
f 2926 9086 3103
f 9086 3104 3103
f 9207 9198 9205
f 566 9210 2005
f 8839 1864 8944
f 1602 2079 2078
f 2868 9063 2922
f 2922 9062 2923
f 2923 9070 2921
f 9122 2918 9066
f 9071 9066 2920
f 2921 9122 9071
f 2920 9038 2240
f 9065 2915 2918
f 2917 9074 9093
f 2916 9093 9094
f 2239 9104 2913
f 2911 9104 2757
f 9095 2911 2910
f 2797 9114 9043
f 2797 9050 2750
f 9074 2763 2765
f 9060 2764 2745
f 2194 9100 2221
f 2221 9101 2222
f 2756 9061 2755
f 2750 9061 2747
f 9121 1817 9279
f 9215 1691 1699
f 2515 9042 2548
f 2548 9045 2550
f 2513 9084 9068
f 2513 9073 2515
f 2509 9072 2289
f 2510 9085 2509
f 2289 9091 2283
f 2283 9069 2286
f 2240 9039 2239
f 9111 9076 9078
f 716 9339 9340
f 727 9213 1923
f 2165 2170 2164
f 9112 9078 9081
f 9195 9030 9209
f 2175 769 770
f 2100 2095 2099
f 9210 9209 9030
f 640 9012 1826
f 1653 8997 1651
f 1895 8974 746
f 746 8981 741
f 1653 8972 9020
f 9214 1604 1672
f 2093 2073 2078
f 959 995 884
f 962 919 986
f 1400 1398 1399
f 1000 1127 1004
f 956 884 885
f 1662 8994 1661
f 2034 8990 1654
f 9378 8983 9254
f 8979 766 1817
f 9016 765 766
f 334 9015 335
f 1868 8984 1656
f 1684 1652 1678
f 1682 775 1807
f 1585 9214 1700
f 9215 1672 1673
f 2173 490 491
f 1658 8991 1752
f 9000 1650 724
f 1571 2010 1572
f 1587 9123 2080
f 2099 2077 2094
f 787 1999 786
f 2000 786 1999
f 3155 9149 9135
f 9165 9135 9241
f 2180 9137 9136
f 8940 9136 9157
f 1684 9292 1651
f 1760 8939 8989
f 2607 9145 2590
f 2581 9141 2607
f 2371 9152 9147
f 2371 9145 2372
f 2587 9127 2586
f 2586 9149 339
f 2497 9139 2503
f 2502 9139 9152
f 2494 9142 2495
f 9142 2472 2495
f 9140 2468 2472
f 9153 2469 2468
f 726 9344 630
f 581 8962 580
f 10 9014 334
f 1837 8954 1849
f 741 8967 1300
f 1299 9002 2034
f 1851 8948 1866
f 8971 1820 1819
f 580 8980 1895
f 1758 8966 8946
f 1693 8952 1806
f 8948 1867 1866
f 1894 9012 8943
f 2126 9265 9293
f 9358 9293 9364
f 2113 9319 2110
f 2179 9241 9137
f 624 9356 623
f 2192 9240 9232
f 2177 9239 9185
f 1364 9285 1338
f 9310 1470 1453
f 3135 9227 9196
f 2069 9287 2068
f 1351 9305 1352
f 2108 9353 499
f 2089 9188 9185
f 9280 1358 866
f 2001 9235 2187
f 2187 9171 2091
f 2130 9204 2004
f 2004 9201 2001
f 2014 9231 2201
f 2201 9208 2130
f 3167 9211 2969
f 3168 9172 3167
f 3159 9216 3160
f 3160 9217 3081
f 9182 3158 337
f 3158 9161 3159
f 2200 9182 9174
f 9137 9194 2204
f 9174 2197 2200
f 9242 2092 9173
f 9226 9173 2197
f 3154 9242 9226
f 3155 9158 3154
f 2091 9173 2092
f 2196 9202 9228
f 2193 9228 9233
f 9056 9233 9240
f 2086 9232 9230
f 2087 9230 9229
f 2204 9203 2205
f 2205 9202 3148
f 9361 574 692
f 2124 9229 9212
f 2208 9212 9234
f 9163 3140 3137
f 9237 3138 3140
f 9197 3139 3138
f 9223 3136 2322
f 9164 3137 3136
f 9227 3131 3133
f 9219 3132 3131
f 1813 9290 1814
f 1293 9308 1344
f 2184 9200 9184
f 2181 9184 9186
f 9217 3079 3081
f 9220 3080 3079
f 709 9327 2031
f 2774 9189 9221
f 9238 2134 9003
f 9261 766 765
f 2968 9218 2959
f 2969 9236 2968
f 2958 9189 2961
f 2132 9218 2960
f 2321 9223 9200
f 9312 1449 28
f 9357 582 710
f 9338 577 574
f 9299 1818 9279
f 705 9339 2121
f 9268 9359 698
f 2111 9363 2113
f 9262 1366 1411
f 1812 9274 1815
f 675 9304 674
f 8940 9303 675
f 2110 9320 2109
f 2104 9353 2106
f 2109 9351 944
f 9294 703 739
f 1680 9298 1684
f 1639 9271 9270
f 623 9358 697
f 2139 9318 9317
f 1808 9296 9289
f 9272 1819 1820
f 9324 9352 706
f 1646 9282 1648
f 9341 633 577
f 2139 9327 18
f 2156 9323 9326
f 674 9365 9321
f 2117 9264 2069
f 1815 9299 9275
f 9307 1444 1470
f 697 9364 9268
f 866 9288 9280
f 9316 2136 2135
f 9037 9178 9041
f 9035 9183 9037
f 9205 9190 9191
f 9192 9033 9195
f 1088 9198 1093
f 9191 9195 9205
f 2791 8933 2792
f 8932 2807 8933
f 2792 8934 2909
f 8933 2806 8934
f 8952 8934 8960
f 8960 2806 8983
f 2948 9243 9253
f 2105 9348 2104
f 8982 9256 2805
f 680 9328 683
f 1891 9362 9343
f 2905 9253 2950
f 2900 9251 2905
f 2901 9259 2877
f 2734 9258 9246
f 2877 9258 2878
f 2820 9246 2872
f 2818 9244 2827
f 2823 9244 2826
f 2822 9250 2821
f 2819 9252 9250
f 2817 9247 2816
f 2809 9247 2815
f 2808 9255 2807
f 2805 9255 2804
f 1702 9375 1599
f 9374 1797 1802
f 9367 1706 1709
f 9370 1692 1698
f 1657 9332 1879
f 1890 9347 9362
f 9224 1674 1675
f 1689 9224 9225
f 9378 8982 1688
f 8960 1689 9225
f 9369 1703 1764
f 1598 9380 1770
f 9332 1876 1879
f 1691 9377 9379
f 9377 1688 1687
f 1117 1118 9382
f 1066 1322 9382
f 1243 847 9382
f 9277 848 9382
f 1128 1117 9382
f 1129 1130 9382
f 841 1011 9382
f 1230 9315 9382
f 1242 1243 9382
f 1322 1229 9382
f 1064 1065 9382
f 1003 1128 9382
f 1229 1230 9382
f 9315 1285 9382
f 1285 1288 9382
f 848 839 9382
f 847 9277 9382
f 1118 1129 9382
f 1065 1066 9382
f 1087 1086 9382
f 1008 1002 9382
f 1011 1008 9382
f 1002 1003 9382
f 1076 1069 9382
f 838 841 9382
f 839 838 9382
f 1288 1242 9382
f 1130 1087 9382
f 1086 1076 9382
f 1069 1064 9382
f 2410 2414 9383
f 2411 2410 9383
f 9069 2285 9383
f 2394 2393 9383
f 2393 2396 9383
f 2281 2286 9383
f 2282 2280 9383
f 2398 2399 9383
f 2465 2464 9383
f 2396 2397 9383
f 2470 2469 9383
f 2399 2416 9383
f 2480 2395 9383
f 2459 2480 9383
f 2369 2282 9383
f 2460 2459 9383
f 2415 2411 9383
f 2416 2415 9383
f 2364 2363 9383
f 2286 9069 9383
f 2464 2470 9383
f 2469 9155 9383
f 2285 2465 9383
f 2414 2364 9383
f 2395 2394 9383
f 2363 2367 9383
f 2397 2398 9383
f 2280 2281 9383
f 9155 2460 9383
f 2367 2369 9383
f 9386 9389 9390
f 9386 9391 9387
f 9384 9389 9385
f 9390 9395 9391
f 9389 9392 9393
f 9389 9394 9390
f 9394 9399 9395
f 9393 9396 9397
f 9394 9397 9398
f 9399 9402 9403
f 9396 9401 9397
f 9397 9402 9398
f 9402 9407 9403
f 9401 9404 9405
f 9402 9405 9406
f 9407 9410 9411
f 9405 9408 9409
f 9405 9410 9406
f 9411 9414 9415
f 9409 9412 9413
f 9410 9413 9414
f 9414 9419 9415
f 9412 9417 9413
f 9413 9418 9414
f 9418 9423 9419
f 9417 9420 9421
f 9418 9421 9422
f 9422 9427 9423
f 9420 9425 9421
f 9421 9426 9422
f 9426 9431 9427
f 9425 9428 9429
f 9426 9429 9430
f 9431 9434 9435
f 9428 9433 9429
f 9429 9434 9430
f 9434 9439 9435
f 9433 9436 9437
f 9434 9437 9438
f 9439 9442 9443
f 9436 9441 9437
f 9437 9442 9438
f 9443 9446 9447
f 9441 9444 9445
f 9442 9445 9446
f 9447 9450 9451
f 9444 9449 9445
f 9445 9450 9446
f 9450 9455 9451
f 9449 9452 9453
f 9450 9453 9454
f 9454 9459 9455
f 9452 9457 9453
f 9453 9458 9454
f 9458 9463 9459
f 9457 9460 9461
f 9458 9461 9462
f 9463 9466 9467
f 9460 9465 9461
f 9461 9466 9462
f 9466 9471 9467
f 9465 9468 9469
f 9466 9469 9470
f 9471 9474 9475
f 9468 9473 9469
f 9469 9474 9470
f 9475 9478 9479
f 9473 9476 9477
f 9474 9477 9478
f 9479 9482 9483
f 9476 9481 9477
f 9477 9482 9478
f 9483 9486 9487
f 9481 9484 9485
f 9482 9485 9486
f 9486 9491 9487
f 9484 9489 9485
f 9485 9490 9486
f 9490 9495 9491
f 9489 9492 9493
f 9490 9493 9494
f 9495 9498 9499
f 9492 9497 9493
f 9493 9498 9494
f 9498 9503 9499
f 9497 9500 9501
f 9498 9501 9502
f 9503 9507 9508
f 9500 9506 9501
f 9501 9507 9502
f 9508 9511 9512
f 9505 9510 9506
f 9507 9510 9511
f 9384 9504 9388
f 9388 9504 9392
f 9392 9504 9396
f 9396 9504 9400
f 9400 9504 9404
f 9404 9504 9408
f 9408 9504 9412
f 9412 9504 9416
f 9416 9504 9420
f 9420 9504 9424
f 9424 9504 9428
f 9428 9504 9432
f 9432 9504 9436
f 9436 9504 9440
f 9440 9504 9444
f 9444 9504 9448
f 9448 9504 9452
f 9452 9504 9456
f 9456 9504 9460
f 9460 9504 9464
f 9464 9504 9468
f 9468 9504 9472
f 9472 9504 9476
f 9476 9504 9480
f 9480 9504 9484
f 9484 9504 9488
f 9488 9504 9492
f 9492 9504 9496
f 9496 9504 9500
f 9500 9504 9505
f 9505 9504 9509
f 9512 9386 9387
f 9510 9384 9385
f 9510 9386 9511
f 9509 9504 9384
f 9521 9533 9534
f 9518 9532 9519
f 9517 9529 9530
f 9515 9527 9528
f 9523 9537 9524
f 9521 9535 9522
f 9519 9533 9520
f 9518 9530 9531
f 9515 9529 9516
f 9513 9527 9514
f 9524 9538 9525
f 9523 9535 9536
f 9528 9542 9529
f 9526 9540 9527
f 9538 9550 9551
f 9535 9549 9536
f 9534 9546 9547
f 9531 9545 9532
f 9530 9542 9543
f 9528 9540 9541
f 9537 9549 9550
f 9534 9548 9535
f 9532 9546 9533
f 9531 9543 9544
f 9541 9555 9542
f 9540 9552 9553
f 9550 9564 9551
f 9548 9562 9549
f 9547 9559 9560
f 9544 9558 9545
f 9542 9556 9543
f 9541 9553 9554
f 9549 9563 9550
f 9547 9561 9548
f 9546 9558 9559
f 9544 9556 9557
f 9555 9567 9568
f 9552 9566 9553
f 9564 9576 9577
f 9562 9574 9575
f 9559 9573 9560
f 9557 9571 9558
f 9555 9569 9556
f 9553 9567 9554
f 9562 9576 9563
f 9561 9573 9574
f 9559 9571 9572
f 9557 9569 9570
f 9567 9581 9568
f 9566 9578 9579
f 9576 9590 9577
f 9575 9587 9588
f 9572 9586 9573
f 9571 9583 9584
f 9569 9581 9582
f 9566 9580 9567
f 9576 9588 9589
f 9574 9586 9587
f 9571 9585 9572
f 9569 9583 9570
f 9581 9593 9594
f 9578 9592 9579
f 9590 9602 9603
f 9588 9600 9601
f 9585 9599 9586
f 9583 9597 9584
f 9582 9594 9595
f 9579 9593 9580
f 9589 9601 9602
f 9587 9599 9600
f 9584 9598 9585
f 9583 9595 9596
f 9594 9606 9607
f 9592 9604 9605
f 9602 9616 9603
f 9601 9613 9614
f 9598 9612 9599
f 9596 9610 9597
f 9594 9608 9595
f 9592 9606 9593
f 9601 9615 9602
f 9600 9612 9613
f 9598 9610 9611
f 9596 9608 9609
f 9607 9619 9620
f 9605 9617 9618
f 9615 9629 9616
f 9613 9627 9614
f 9611 9625 9612
f 9610 9622 9623
f 9607 9621 9608
f 9605 9619 9606
f 9615 9627 9628
f 9613 9625 9626
f 9611 9623 9624
f 9608 9622 9609
f 9619 9633 9620
f 9617 9631 9618
f 9628 9642 9629
f 9627 9639 9640
f 9625 9637 9638
f 9622 9636 9623
f 9621 9633 9634
f 9619 9631 9632
f 9627 9641 9628
f 9625 9639 9626
f 9623 9637 9624
f 9622 9634 9635
f 9632 9646 9633
f 9630 9644 9631
f 9642 9654 9655
f 9639 9653 9640
f 9638 9650 9651
f 9635 9649 9636
f 9634 9646 9647
f 9632 9644 9645
f 9641 9653 9654
f 9638 9652 9639
f 9636 9650 9637
f 9635 9647 9648
f 9645 9659 9646
f 9644 9656 9657
f 9654 9668 9655
f 9652 9666 9653
f 9651 9663 9664
f 9648 9662 9649
f 9646 9660 9647
f 9645 9657 9658
f 9653 9667 9654
f 9651 9665 9652
f 9650 9662 9663
f 9648 9660 9661
f 9659 9671 9672
f 9656 9670 9657
f 9668 9680 9681
f 9665 9679 9666
f 9663 9677 9664
f 9661 9675 9662
f 9659 9673 9660
f 9657 9671 9658
f 9666 9680 9667
f 9665 9677 9678
f 9663 9675 9676
f 9661 9673 9674
f 9671 9685 9672
f 9670 9682 9683
f 9680 9694 9681
f 9678 9692 9679
f 9677 9689 9690
f 9675 9687 9688
f 9673 9685 9686
f 9670 9684 9671
f 9680 9692 9693
f 9678 9690 9691
f 9675 9689 9676
f 9673 9687 9674
f 9685 9697 9698
f 9682 9696 9683
f 9694 9706 9707
f 9692 9704 9705
f 9689 9703 9690
f 9687 9701 9688
f 9686 9698 9699
f 9683 9697 9684
f 9693 9705 9706
f 9691 9703 9704
f 9688 9702 9689
f 9687 9699 9700
f 9698 9710 9711
f 9696 9708 9709
f 9706 9720 9707
f 9705 9717 9718
f 9702 9716 9703
f 9700 9714 9701
f 9698 9712 9699
f 9696 9710 9697
f 9705 9719 9706
f 9704 9716 9717
f 9702 9714 9715
f 9700 9712 9713
f 9711 9723 9724
f 9709 9721 9722
f 9719 9733 9720
f 9717 9731 9718
f 9715 9729 9716
f 9714 9726 9727
f 9711 9725 9712
f 9709 9723 9710
f 9718 9732 9719
f 9717 9729 9730
f 9715 9727 9728
f 9712 9726 9713
f 9723 9737 9724
f 9721 9735 9722
f 9733 9745 9746
f 9731 9743 9744
f 9729 9741 9742
f 9726 9740 9727
f 9725 9737 9738
f 9723 9735 9736
f 9732 9744 9745
f 9729 9743 9730
f 9727 9741 9728
f 9726 9738 9739
f 9736 9750 9737
f 9734 9748 9735
f 9746 9758 9759
f 9743 9757 9744
f 9742 9754 9755
f 9739 9753 9740
f 9738 9750 9751
f 9736 9748 9749
f 9745 9757 9758
f 9742 9756 9743
f 9740 9754 9741
f 9739 9751 9752
f 9749 9763 9750
f 9748 9760 9761
f 9758 9772 9759
f 9756 9770 9757
f 9755 9767 9768
f 9752 9766 9753
f 9750 9764 9751
f 9749 9761 9762
f 9757 9771 9758
f 9756 9768 9769
f 9754 9766 9767
f 9752 9764 9765
f 9762 9776 9763
f 9760 9774 9761
f 9772 9784 9785
f 9770 9782 9783
f 9768 9780 9781
f 9765 9779 9766
f 9763 9777 9764
f 9762 9774 9775
f 9770 9784 9771
f 9768 9782 9769
f 9767 9779 9780
f 9764 9778 9765
f 9775 9789 9776
f 9774 9786 9787
f 9784 9798 9785
f 9782 9796 9783
f 9781 9793 9794
f 9779 9791 9792
f 9777 9789 9790
f 9774 9788 9775
f 9784 9796 9797
f 9782 9794 9795
f 9779 9793 9780
f 9777 9791 9778
f 9789 9802 9803
f 9786 9801 9787
f 9798 9811 9812
f 9796 9809 9810
f 9793 9808 9794
f 9792 9805 9806
f 9790 9803 9804
f 9787 9802 9788
f 9797 9810 9811
f 9795 9808 9809
f 9792 9807 9793
f 9790 9805 9791
f 9803 9815 9816
f 9801 9813 9814
f 9811 9825 9812
f 9810 9822 9823
f 9807 9821 9808
f 9806 9818 9819
f 9803 9817 9804
f 9801 9815 9802
f 9810 9824 9811
f 9809 9821 9822
f 9807 9819 9820
f 9804 9818 9805
f 9816 9828 9829
f 9814 9826 9827
f 9825 9837 9838
f 9822 9836 9823
f 9820 9834 9821
f 9819 9831 9832
f 9816 9830 9817
f 9814 9828 9815
f 9824 9836 9837
f 9822 9834 9835
f 9820 9832 9833
f 9817 9831 9818
f 9828 9842 9829
f 9826 9840 9827
f 9837 9851 9838
f 9836 9848 9849
f 9834 9846 9847
f 9831 9845 9832
f 9830 9842 9843
f 9828 9840 9841
f 9836 9850 9837
f 9834 9848 9835
f 9832 9846 9833
f 9831 9843 9844
f 9841 9855 9842
f 9839 9853 9840
f 9851 9863 9864
f 9848 9862 9849
f 9847 9859 9860
f 9845 9857 9858
f 9843 9855 9856
f 9841 9853 9854
f 9850 9862 9863
f 9847 9861 9848
f 9845 9859 9846
f 9843 9857 9844
f 9854 9868 9855
f 9853 9865 9866
f 9863 9877 9864
f 9861 9875 9862
f 9860 9872 9873
f 9858 9870 9871
f 9855 9869 9856
f 9854 9866 9867
f 9862 9876 9863
f 9860 9874 9861
f 9859 9871 9872
f 9856 9870 9857
f 9868 9880 9881
f 9865 9879 9866
f 9877 9889 9890
f 9875 9887 9888
f 9873 9885 9886
f 9870 9884 9871
f 9868 9882 9869
f 9867 9879 9880
f 9875 9889 9876
f 9873 9887 9874
f 9872 9884 9885
f 9870 9882 9883
f 9880 9894 9881
f 9878 9892 9879
f 9889 9903 9890
f 9887 9901 9888
f 9886 9898 9899
f 9884 9896 9897
f 9882 9894 9895
f 9879 9893 9880
f 9889 9901 9902
f 9887 9899 9900
f 9884 9898 9885
f 9882 9896 9883
f 9894 9906 9907
f 9891 9905 9892
f 9903 9915 9916
f 9901 9913 9914
f 9898 9912 9899
f 9896 9910 9897
f 9895 9907 9908
f 9892 9906 9893
f 9902 9914 9915
f 9899 9913 9900
f 9897 9911 9898
f 9896 9908 9909
f 9907 9919 9920
f 9905 9917 9918
f 9915 9929 9916
f 9914 9926 9927
f 9911 9925 9912
f 9909 9923 9910
f 9907 9921 9908
f 9905 9919 9906
f 9914 9928 9915
f 9913 9925 9926
f 9911 9923 9924
f 9909 9921 9922
f 9799 9525 9538
f 9799 9538 9551
f 9799 9551 9564
f 9799 9564 9577
f 9799 9577 9590
f 9799 9590 9603
f 9799 9603 9616
f 9799 9616 9629
f 9799 9629 9642
f 9799 9642 9655
f 9799 9655 9668
f 9799 9668 9681
f 9799 9681 9694
f 9799 9694 9707
f 9799 9707 9720
f 9799 9720 9733
f 9799 9733 9746
f 9799 9746 9759
f 9799 9759 9772
f 9799 9772 9785
f 9799 9785 9798
f 9799 9798 9812
f 9799 9812 9825
f 9799 9825 9838
f 9799 9838 9851
f 9799 9851 9864
f 9799 9864 9877
f 9799 9877 9890
f 9799 9890 9903
f 9799 9903 9916
f 9799 9916 9929
f 9920 9515 9516
f 9918 9513 9514
f 9929 9524 9525
f 9926 9523 9927
f 9924 9521 9925
f 9923 9518 9519
f 9920 9517 9921
f 9918 9515 9919
f 9799 9929 9525
f 9928 9523 9524
f 9926 9521 9522
f 9924 9519 9520
f 9921 9518 9922
f 9387 9917 9512
f 9917 9508 9512
f 9904 9503 9508
f 9891 9499 9503
f 9499 9865 9495
f 9495 9852 9491
f 9491 9839 9487
f 9839 9483 9487
f 9483 9813 9479
f 9813 9475 9479
f 9800 9471 9475
f 9786 9467 9471
f 9467 9760 9463
f 9463 9747 9459
f 9459 9734 9455
f 9734 9451 9455
f 9451 9708 9447
f 9708 9443 9447
f 9695 9439 9443
f 9682 9435 9439
f 9435 9656 9431
f 9431 9643 9427
f 9427 9630 9423
f 9630 9419 9423
f 9419 9604 9415
f 9604 9411 9415
f 9591 9407 9411
f 9578 9403 9407
f 9403 9552 9399
f 9399 9539 9395
f 9395 9526 9391
f 9526 9387 9391
f 9932 9935 9936
f 9932 9937 9933
f 9931 9934 9935
f 9936 9941 9937
f 9934 9939 9935
f 9935 9940 9936
f 9940 9945 9941
f 9939 9942 9943
f 9940 9943 9944
f 9945 9948 9949
f 9942 9947 9943
f 9943 9948 9944
f 9948 9953 9949
f 9947 9950 9951
f 9948 9951 9952
f 9953 9956 9957
f 9950 9955 9951
f 9951 9956 9952
f 9957 9960 9961
f 9955 9958 9959
f 9956 9959 9960
f 9961 9964 9965
f 9958 9963 9959
f 9959 9964 9960
f 9965 9968 9969
f 9963 9966 9967
f 9964 9967 9968
f 9968 9973 9969
f 9966 9971 9967
f 9967 9972 9968
f 9972 9977 9973
f 9970 9975 9971
f 9972 9975 9976
f 9977 9980 9981
f 9974 9979 9975
f 9975 9980 9976
f 9980 9985 9981
f 9979 9982 9983
f 9980 9983 9984
f 9985 9988 9989
f 9982 9987 9983
f 9983 9988 9984
f 9989 9992 9993
f 9986 9991 9987
f 9988 9991 9992
f 9993 9996 9997
f 9991 9994 9995
f 9991 9996 9992
f 9996 10001 9997
f 9994 9999 9995
f 9996 9999 10000
f 10000 10005 10001
f 9999 10002 10003
f 9999 10004 10000
f 10004 10009 10005
f 10003 10006 10007
f 10004 10007 10008
f 10009 10012 10013
f 10006 10011 10007
f 10007 10012 10008
f 10012 10017 10013
f 10011 10014 10015
f 10012 10015 10016
f 10017 10020 10021
f 10014 10019 10015
f 10015 10020 10016
f 10021 10024 10025
f 10019 10022 10023
f 10020 10023 10024
f 10024 10029 10025
f 10022 10027 10023
f 10023 10028 10024
f 10028 10033 10029
f 10027 10030 10031
f 10028 10031 10032
f 10032 10037 10033
f 10030 10035 10031
f 10031 10036 10032
f 10036 10041 10037
f 10035 10038 10039
f 10036 10039 10040
f 10041 10044 10045
f 10038 10043 10039
f 10039 10044 10040
f 10044 10049 10045
f 10043 10046 10047
f 10044 10047 10048
f 10049 10053 10054
f 10046 10052 10047
f 10047 10053 10048
f 10054 10057 10058
f 10052 10055 10056
f 10053 10056 10057
f 9930 10050 9934
f 9934 10050 9938
f 9938 10050 9942
f 9942 10050 9946
f 9946 10050 9950
f 9950 10050 9954
f 9954 10050 9958
f 9958 10050 9962
f 9962 10050 9966
f 9966 10050 9970
f 9970 10050 9974
f 9974 10050 9978
f 9978 10050 9982
f 9982 10050 9986
f 9986 10050 9990
f 9990 10050 9994
f 9994 10050 9998
f 9998 10050 10002
f 10002 10050 10006
f 10006 10050 10010
f 10010 10050 10014
f 10014 10050 10018
f 10018 10050 10022
f 10022 10050 10026
f 10026 10050 10030
f 10030 10050 10034
f 10034 10050 10038
f 10038 10050 10042
f 10042 10050 10046
f 10046 10050 10051
f 10051 10050 10055
f 10058 9932 9933
f 10055 9931 10056
f 10056 9932 10057
f 10055 10050 9930
f 10067 10079 10080
f 10064 10078 10065
f 10063 10075 10076
f 10061 10073 10074
f 10070 10082 10083
f 10067 10081 10068
f 10065 10079 10066
f 10064 10076 10077
f 10061 10075 10062
f 10059 10073 10060
f 10071 10083 10084
f 10069 10081 10082
f 10074 10088 10075
f 10072 10086 10073
f 10084 10096 10097
f 10081 10095 10082
f 10080 10092 10093
f 10078 10090 10091
f 10076 10088 10089
f 10074 10086 10087
f 10083 10095 10096
f 10080 10094 10081
f 10078 10092 10079
f 10076 10090 10077
f 10087 10101 10088
f 10086 10098 10099
f 10096 10110 10097
f 10094 10108 10095
f 10093 10105 10106
f 10091 10103 10104
f 10088 10102 10089
f 10087 10099 10100
f 10095 10109 10096
f 10094 10106 10107
f 10092 10104 10105
f 10089 10103 10090
f 10100 10114 10101
f 10098 10112 10099
f 10110 10122 10123
f 10108 10120 10121
f 10105 10119 10106
f 10103 10117 10104
f 10101 10115 10102
f 10100 10112 10113
f 10108 10122 10109
f 10106 10120 10107
f 10105 10117 10118
f 10103 10115 10116
f 10113 10127 10114
f 10112 10124 10125
f 10122 10136 10123
f 10120 10134 10121
f 10119 10131 10132
f 10117 10129 10130
f 10115 10127 10128
f 10113 10125 10126
f 10122 10134 10135
f 10119 10133 10120
f 10117 10131 10118
f 10115 10129 10116
f 10127 10139 10140
f 10124 10138 10125
f 10136 10148 10149
f 10134 10146 10147
f 10131 10145 10132
f 10130 10142 10143
f 10128 10140 10141
f 10125 10139 10126
f 10135 10147 10148
f 10133 10145 10146
f 10130 10144 10131
f 10128 10142 10129
f 10140 10152 10153
f 10138 10150 10151
f 10148 10162 10149
f 10147 10159 10160
f 10144 10158 10145
f 10143 10155 10156
f 10140 10154 10141
f 10138 10152 10139
f 10147 10161 10148
f 10146 10158 10159
f 10144 10156 10157
f 10141 10155 10142
f 10153 10165 10166
f 10151 10163 10164
f 10162 10174 10175
f 10159 10173 10160
f 10157 10171 10158
f 10156 10168 10169
f 10153 10167 10154
f 10151 10165 10152
f 10161 10173 10174
f 10159 10171 10172
f 10157 10169 10170
f 10154 10168 10155
f 10165 10179 10166
f 10163 10177 10164
f 10175 10187 10188
f 10173 10185 10186
f 10171 10183 10184
f 10168 10182 10169
f 10167 10179 10180
f 10165 10177 10178
f 10173 10187 10174
f 10171 10185 10172
f 10169 10183 10170
f 10168 10180 10181
f 10178 10192 10179
f 10176 10190 10177
f 10188 10200 10201
f 10185 10199 10186
f 10184 10196 10197
f 10182 10194 10195
f 10180 10192 10193
f 10178 10190 10191
f 10187 10199 10200
f 10184 10198 10185
f 10182 10196 10183
f 10180 10194 10181
f 10191 10205 10192
f 10190 10202 10203
f 10200 10214 10201
f 10198 10212 10199
f 10197 10209 10210
f 10195 10207 10208
f 10192 10206 10193
f 10191 10203 10204
f 10199 10213 10200
f 10197 10211 10198
f 10196 10208 10209
f 10193 10207 10194
f 10205 10217 10218
f 10202 10216 10203
f 10214 10226 10227
f 10211 10225 10212
f 10210 10222 10223
f 10207 10221 10208
f 10205 10219 10206
f 10204 10216 10217
f 10212 10226 10213
f 10210 10224 10211
f 10209 10221 10222
f 10207 10219 10220
f 10217 10231 10218
f 10216 10228 10229
f 10226 10240 10227
f 10224 10238 10225
f 10223 10235 10236
f 10221 10233 10234
f 10219 10231 10232
f 10217 10229 10230
f 10226 10238 10239
f 10223 10237 10224
f 10221 10235 10222
f 10219 10233 10220
f 10231 10243 10244
f 10228 10242 10229
f 10240 10252 10253
f 10238 10250 10251
f 10235 10249 10236
f 10234 10246 10247
f 10232 10244 10245
f 10229 10243 10230
f 10239 10251 10252
f 10237 10249 10250
f 10234 10248 10235
f 10232 10246 10233
f 10244 10256 10257
f 10242 10254 10255
f 10252 10266 10253
f 10251 10263 10264
f 10248 10262 10249
f 10247 10259 10260
f 10244 10258 10245
f 10242 10256 10243
f 10251 10265 10252
f 10250 10262 10263
f 10248 10260 10261
f 10245 10259 10246
f 10257 10269 10270
f 10255 10267 10268
f 10266 10278 10279
f 10263 10277 10264
f 10261 10275 10262
f 10260 10272 10273
f 10257 10271 10258
f 10255 10269 10256
f 10265 10277 10278
f 10263 10275 10276
f 10261 10273 10274
f 10258 10272 10259
f 10269 10283 10270
f 10267 10281 10268
f 10278 10292 10279
f 10277 10289 10290
f 10275 10287 10288
f 10272 10286 10273
f 10271 10283 10284
f 10269 10281 10282
f 10277 10291 10278
f 10275 10289 10276
f 10273 10287 10274
f 10272 10284 10285
f 10282 10296 10283
f 10280 10294 10281
f 10292 10304 10305
f 10289 10303 10290
f 10288 10300 10301
f 10286 10298 10299
f 10284 10296 10297
f 10282 10294 10295
f 10291 10303 10304
f 10288 10302 10289
f 10286 10300 10287
f 10284 10298 10285
f 10295 10309 10296
f 10294 10306 10307
f 10304 10318 10305
f 10302 10316 10303
f 10301 10313 10314
f 10299 10311 10312
f 10296 10310 10297
f 10295 10307 10308
f 10303 10317 10304
f 10301 10315 10302
f 10300 10312 10313
f 10297 10311 10298
f 10309 10321 10322
f 10307 10319 10320
f 10318 10330 10331
f 10316 10328 10329
f 10314 10326 10327
f 10311 10325 10312
f 10309 10323 10310
f 10308 10320 10321
f 10316 10330 10317
f 10314 10328 10315
f 10313 10325 10326
f 10311 10323 10324
f 10321 10335 10322
f 10320 10332 10333
f 10330 10344 10331
f 10329 10341 10342
f 10326 10340 10327
f 10325 10337 10338
f 10323 10335 10336
f 10320 10334 10321
f 10330 10342 10343
f 10328 10340 10341
f 10325 10339 10326
f 10323 10337 10324
f 10335 10348 10349
f 10332 10347 10333
f 10344 10357 10358
f 10342 10355 10356
f 10339 10354 10340
f 10337 10352 10338
f 10336 10349 10350
f 10333 10348 10334
f 10343 10356 10357
f 10341 10354 10355
f 10338 10353 10339
f 10337 10350 10351
f 10349 10361 10362
f 10347 10359 10360
f 10357 10371 10358
f 10356 10368 10369
f 10353 10367 10354
f 10351 10365 10352
f 10349 10363 10350
f 10347 10361 10348
f 10356 10370 10357
f 10355 10367 10368
f 10353 10365 10366
f 10351 10363 10364
f 10362 10374 10375
f 10360 10372 10373
f 10371 10383 10384
f 10368 10382 10369
f 10366 10380 10367
f 10365 10377 10378
f 10362 10376 10363
f 10360 10374 10361
f 10370 10382 10383
f 10368 10380 10381
f 10366 10378 10379
f 10363 10377 10364
f 10374 10388 10375
f 10372 10386 10373
f 10383 10397 10384
f 10382 10394 10395
f 10380 10392 10393
f 10377 10391 10378
f 10376 10388 10389
f 10374 10386 10387
f 10382 10396 10383
f 10380 10394 10381
f 10378 10392 10379
f 10377 10389 10390
f 10387 10401 10388
f 10385 10399 10386
f 10397 10409 10410
f 10394 10408 10395
f 10393 10405 10406
f 10390 10404 10391
f 10389 10401 10402
f 10387 10399 10400
f 10396 10408 10409
f 10393 10407 10394
f 10391 10405 10392
f 10390 10402 10403
f 10400 10414 10401
f 10399 10411 10412
f 10409 10423 10410
f 10407 10421 10408
f 10406 10418 10419
f 10403 10417 10404
f 10401 10415 10402
f 10400 10412 10413
f 10408 10422 10409
f 10406 10420 10407
f 10405 10417 10418
f 10403 10415 10416
f 10414 10426 10427
f 10411 10425 10412
f 10423 10435 10436
f 10420 10434 10421
f 10418 10432 10419
f 10416 10430 10417
f 10414 10428 10415
f 10412 10426 10413
f 10421 10435 10422
f 10419 10433 10420
f 10418 10430 10431
f 10416 10428 10429
f 10427 10439 10440
f 10425 10437 10438
f 10435 10449 10436
f 10433 10447 10434
f 10431 10445 10432
f 10430 10442 10443
f 10428 10440 10441
f 10425 10439 10426
f 10435 10447 10448
f 10433 10445 10446
f 10430 10444 10431
f 10428 10442 10429
f 10440 10452 10453
f 10437 10451 10438
f 10449 10461 10462
f 10447 10459 10460
f 10444 10458 10445
f 10443 10455 10456
f 10441 10453 10454
f 10438 10452 10439
f 10448 10460 10461
f 10446 10458 10459
f 10443 10457 10444
f 10441 10455 10442
f 10453 10465 10466
f 10451 10463 10464
f 10461 10475 10462
f 10460 10472 10473
f 10457 10471 10458
f 10456 10468 10469
f 10453 10467 10454
f 10451 10465 10452
f 10460 10474 10461
f 10459 10471 10472
f 10457 10469 10470
f 10454 10468 10455
f 10345 10071 10084
f 10345 10084 10097
f 10345 10097 10110
f 10345 10110 10123
f 10345 10123 10136
f 10345 10136 10149
f 10345 10149 10162
f 10345 10162 10175
f 10345 10175 10188
f 10345 10188 10201
f 10345 10201 10214
f 10345 10214 10227
f 10345 10227 10240
f 10345 10240 10253
f 10345 10253 10266
f 10345 10266 10279
f 10345 10279 10292
f 10345 10292 10305
f 10345 10305 10318
f 10345 10318 10331
f 10345 10331 10344
f 10345 10344 10358
f 10345 10358 10371
f 10345 10371 10384
f 10345 10384 10397
f 10345 10397 10410
f 10345 10410 10423
f 10345 10423 10436
f 10345 10436 10449
f 10345 10449 10462
f 10345 10462 10475
f 10466 10061 10062
f 10464 10059 10060
f 10474 10071 10475
f 10472 10069 10473
f 10470 10067 10471
f 10469 10064 10065
f 10466 10063 10467
f 10464 10061 10465
f 10345 10475 10071
f 10473 10070 10474
f 10472 10067 10068
f 10470 10065 10066
f 10467 10064 10468
f 9933 10463 10058
f 10463 10054 10058
f 10450 10049 10054
f 10437 10045 10049
f 10045 10411 10041
f 10041 10398 10037
f 10037 10385 10033
f 10385 10029 10033
f 10029 10359 10025
f 10359 10021 10025
f 10346 10017 10021
f 10332 10013 10017
f 10013 10306 10009
f 10009 10293 10005
f 10005 10280 10001
f 10280 9997 10001
f 9997 10254 9993
f 10254 9989 9993
f 10241 9985 9989
f 10228 9981 9985
f 9981 10202 9977
f 9977 10189 9973
f 9973 10176 9969
f 10176 9965 9969
f 9965 10150 9961
f 10150 9957 9961
f 10137 9953 9957
f 10124 9949 9953
f 9949 10098 9945
f 9945 10085 9941
f 9941 10072 9937
f 10072 9933 9937
f 4 3 2
f 8 7 6
f 13 16 15
f 17 28 19
f 32 31 30
f 36 35 34
f 37 40 39
f 21 22 23
f 25 26 27
f 41 44 43
f 48 47 46
f 52 51 50
f 53 56 55
f 60 59 58
f 29 30 62
f 66 65 64
f 67 5 6
f 72 71 70
f 76 75 74
f 77 80 79
f 81 84 83
f 59 87 86
f 88 91 90
f 96 95 94
f 100 99 98
f 101 104 103
f 106 105 34
f 108 116 115
f 117 119 36
f 124 127 126
f 131 130 129
f 132 102 134
f 142 141 140
f 148 106 60
f 144 143 127
f 149 152 151
f 156 155 154
f 159 150 158
f 116 108 164
f 171 170 169
f 174 126 173
f 179 182 181
f 186 189 188
f 194 197 196
f 199 142 139
f 206 209 208
f 213 212 211
f 202 215 214
f 96 93 216
f 92 238 43
f 97 184 246
f 250 249 229
f 252 254 58
f 258 257 256
f 260 91 229
f 110 111 112
f 114 264 263
f 265 268 267
f 56 53 270
f 274 273 249
f 185 183 63
f 280 279 278
f 285 284 283
f 288 219 211
f 141 142 92
f 289 290 175
f 148 116 105
f 312 311 170
f 238 262 42
f 318 163 160
f 310 309 308
f 241 239 325
f 160 230 240
f 47 48 307
f 108 109 315
f 345 85 86
f 348 351 350
f 356 359 358
f 355 354 353
f 363 31 32
f 364 252 253
f 366 125 368
f 183 372 371
f 163 162 161
f 209 226 101
f 378 377 165
f 379 295 381
f 383 382 3
f 284 285 386
f 387 127 389
f 391 259 229
f 73 281 397
f 405 408 407
f 203 218 411
f 414 121 413
f 1 356 357
f 277 276 131
f 254 344 57
f 358 384 415
f 417 416 386
f 401 400 192
f 419 389 127
f 421 181 182
f 103 301 302
f 428 367 368
f 380 390 359
f 62 204 266
f 140 141 431
f 357 358 351
f 356 1 379
f 415 392 403
f 437 428 436
f 438 441 440
f 188 451 450
f 265 455 181
f 224 185 64
f 237 212 213
f 275 131 128
f 281 282 460
f 50 462 79
f 73 74 282
f 468 467 466
f 390 355 352
f 482 485 484
f 489 488 487
f 493 496 495
f 472 471 470
f 502 501 500
f 220 221 222
f 512 419 143
f 518 517 511
f 513 239 230
f 205 30 31
f 189 370 451
f 163 318 532
f 533 224 225
f 446 448 447
f 335 541 540
f 544 512 546
f 329 519 291
f 199 534 262
f 385 386 416
f 532 190 191
f 363 117 118
f 578 581 580
f 573 572 571
f 561 563 562
f 241 260 259
f 590 593 592
f 545 546 595
f 503 154 155
f 606 625 624
f 478 481 480
f 646 649 648
f 590 591 689
f 564 565 651
f 728 246 184
f 714 724 716
f 692 574 575
f 541 335 581
f 346 68 248
f 161 231 230
f 128 129 94
f 698 705 704
f 574 577 576
f 290 289 401
f 630 631 725
f 733 736 735
f 755 466 496
f 759 480 481
f 757 763 762
f 764 496 466
f 768 767 9260
f 759 760 488
f 492 474 475
f 474 770 769
f 773 468 465
f 771 774 486
f 484 485 775
f 774 776 489
f 495 496 764
f 495 757 761
f 137 397 784
f 325 239 797
f 165 519 51
f 369 32 29
f 730 731 568
f 90 302 301
f 243 118 516
f 800 734 806
f 817 815 808
f 816 808 823
f 306 303 447
f 815 810 809
f 829 830 828
f 726 725 501
f 274 427 424
f 879 882 881
f 884 883 879
f 219 218 217
f 906 905 904
f 455 204 205
f 898 882 830
f 903 900 880
f 377 291 519
f 923 949 948
f 946 947 951
f 8963 740 739
f 900 899 886
f 225 64 65
f 182 445 442
f 809 952 947
f 954 960 962
f 927 950 965
f 885 879 880
f 925 927 966
f 343 342 341
f 965 964 971
f 968 971 970
f 972 968 969
f 963 961 981
f 336 337 338
f 992 993 827
f 810 815 996
f 1007 1001 1002
f 1012 826 827
f 1011 1009 1007
f 294 293 292
f 907 908 920
f 1017 579 1019
f 1020 1023 1022
f 1035 1024 1020
f 1061 1060 1047
f 1063 1061 1046
f 1044 1020 1021
f 1102 1094 1097
f 1116 1126 1118
f 1016 1015 1014
f 881 897 904
f 816 1116 1127
f 1094 948 949
f 514 342 167
f 146 145 81
f 1133 1135 1130
f 1102 1133 1126
f 822 1126 1116
f 1145 1143 1148
f 1076 1144 1151
f 1148 1143 1086
f 1109 1097 1114
f 1154 1153 1156
f 1153 925 967
f 8815 8941 463
f 1144 1147 1152
f 1156 967 1163
f 1164 1162 1169
f 1145 1171 1176
f 1114 1115 1154
f 1183 1155 1164
f 1184 1183 1177
f 1069 1151 1062
f 1023 1191 1194
f 1162 1163 1170
f 1195 1184 1185
f 1183 1196 1176
f 1201 1063 1152
f 1061 1063 1201
f 9277 847 843
f 1203 1202 1195
f 1202 1201 1184
f 1218 1060 1203
f 1060 1061 1202
f 1225 1218 1217
f 671 695 694
f 1219 1217 1024
f 1217 1203 1034
f 1226 1014 1015
f 1243 1242 1234
f 1231 1230 1229
f 847 1243 1233
f 843 1233 1244
f 1233 1234 1245
f 1923 9213 233
f 2100 2108 499
f 9366 9316 2135
f 61 62 323
f 210 211 217
f 1299 1310 1309
f 9315 1230 1231
f 1066 1047 1321
f 1322 1321 1228
f 1060 1218 1321
f 1325 1324 1323
f 1244 1245 1332
f 1290 1234 1242
f 1337 1330 1339
f 1330 1332 1340
f 1341 1332 1245
f 1342 1340 1332
f 1343 1342 1341
f 1344 1341 1294
f 9309 9308 1345
f 1347 1348 1342
f 9308 9306 1295
f 1349 1350 1348
f 9313 1349 1347
f 9305 1347 1343
f 906 898 829
f 905 906 1353
f 865 1356 1355
f 1355 1353 829
f 1357 1355 825
f 1356 1354 1353
f 9286 1337 1338
f 866 1358 1356
f 1358 1359 1354
f 9280 878 1337
f 838 1362 1012
f 1363 1364 1338
f 1368 1363 1339
f 1348 1368 1340
f 1371 1369 9276
f 524 525 526
f 528 529 530
f 1372 1370 1369
f 535 536 537
f 1367 1368 1348
f 1370 1354 1359
f 1369 1359 9285
f 1373 910 903
f 555 556 557
f 1374 909 910
f 1373 904 905
f 1374 1373 1375
f 1375 905 1354
f 1378 920 908
f 376 373 651
f 1388 928 973
f 586 587 588
f 1390 1389 1388
f 1391 1388 969
f 597 598 599
f 600 601 602
f 1392 1391 970
f 608 609 610
f 612 524 523
f 614 615 616
f 617 618 25
f 620 621 622
f 1397 1390 1391
f 1398 1397 1392
f 1400 987 920
f 1402 1403 1165
f 636 637 638
f 930 1404 1402
f 641 642 643
f 929 1402 1169
f 1404 1405 1403
f 1411 1366 1365
f 1412 1406 1415
f 652 653 654
f 609 656 657
f 659 660 661
f 558 663 586
f 665 666 667
f 1413 1411 1406
f 1418 1416 9262
f 1417 1372 1371
f 1416 1371 9281
f 1419 1417 1416
f 1386 909 1374
f 677 678 679
f 1385 1386 1420
f 1420 1374 1376
f 685 686 687
f 1421 1420 1422
f 528 690 691
f 1422 1376 1372
f 1018 1019 747
f 699 700 701
f 1424 578 579
f 9115 1597 1767
f 700 699 711
f 1093 9198 9206
f 717 718 530
f 721 722 723
f 704 1650 8987
f 19 1429 1426
f 1429 1428 1427
f 1658 1659 8986
f 1439 1437 1434
f 1437 1436 1435
f 1426 1427 1433
f 1442 1431 1432
f 742 743 744
f 1432 1433 1441
f 751 752 753
f 1438 1434 1403
f 1446 1445 1444
f 1447 1448 1446
f 9312 1447 1443
f 1415 1367 1445
f 1414 1415 1446
f 2173 1683 469
f 777 778 779
f 780 781 782
f 1676 1693 1806
f 9311 1451 1349
f 789 790 791
f 745 792 793
f 652 794 795
f 1455 1458 1457
f 1454 1367 1350
f 610 691 802
f 9283 9268 698
f 1352 1044 1045
f 1015 1016 1459
f 811 812 813
f 2118 9267 9269
f 819 820 821
f 1466 1463 1194
f 1467 1468 1465
f 1182 1165 1468
f 832 812 833
f 835 836 837
f 1467 1466 1190
f 1469 1470 1444
f 840 700 712
f 1453 1470 1469
f 599 844 845
f 1226 1450 9301
f 851 852 853
f 855 744 856
f 858 859 860
f 861 862 863
f 1014 1226 9307
f 867 676 868
f 870 871 872
f 874 875 876
f 1310 1323 1471
f 1476 1433 1427
f 1461 1476 1475
f 887 888 889
f 788 791 892
f 894 895 896
f 1460 1475 1227
f 901 902 524
f 1465 1478 1477
f 1865 8947 8944
f 911 912 913
f 916 917 918
f 1850 8949 8951
f 921 922 895
f 1479 1435 1436
f 926 664 667
f 1481 562 563
f 269 1483 84
f 931 932 933
f 934 935 614
f 936 685 688
f 938 659 662
f 1484 270 122
f 941 942 835
f 320 321 509
f 1849 8954 8949
f 84 1483 1484
f 1487 1490 1488
f 1757 1758 8946
f 365 1492 1491
f 461 79 80
f 117 363 362
f 1494 540 541
f 926 601 957
f 1477 1441 1433
f 1709 1588 1585
f 119 117 1496
f 271 1497 504
f 511 517 189
f 345 1496 1492
f 57 344 299
f 1501 1499 268
f 267 268 1499
f 974 975 976
f 1678 1652 1693
f 9298 1682 1807
f 557 982 663
f 983 941 984
f 1443 1444 9301
f 421 1500 268
f 989 990 991
f 1490 1487 418
f 279 280 309
f 997 868 676
f 998 26 999
f 1504 418 38
f 1506 1508 1507
f 360 361 1508
f 1506 1486 207
f 939 1005 1006
f 270 1484 1483
f 66 63 546
f 1010 742 793
f 367 428 437
f 244 31 363
f 1670 8976 8978
f 209 206 1510
f 388 389 426
f 427 274 250
f 161 520 521
f 100 246 45
f 1025 1026 608
f 1029 1030 1031
f 939 662 1033
f 41 42 594
f 1036 780 783
f 702 701 1038
f 1040 1041 1042
f 362 32 369
f 187 1520 477
f 70 1487 539
f 1049 600 603
f 613 867 869
f 860 1050 1051
f 1005 1052 1053
f 753 1055 1056
f 1057 1058 1059
f 293 288 1522
f 288 212 1521
f 292 1522 1523
f 331 1507 1508
f 306 452 453
f 100 44 41
f 462 1524 78
f 330 331 1524
f 635 1067 1068
f 1485 1527 1526
f 206 1485 1528
f 1070 1071 1072
f 942 941 1073
f 916 933 1075
f 440 1529 1530
f 157 158 1514
f 1529 162 5
f 371 595 546
f 790 586 663
f 1077 858 857
f 1403 1434 1435
f 1080 1081 1082
f 531 520 1529
f 21 1083 1084
f 272 1532 1531
f 690 712 802
f 335 9015 9011
f 1090 1030 1029
f 1092 795 794
f 1533 396 137
f 661 660 1095
f 69 444 445
f 1099 1100 1101
f 38 39 1536
f 1104 1105 1106
f 852 1107 1108
f 1377 908 909
f 291 377 411
f 316 1536 516
f 539 1488 1533
f 1505 1536 316
f 1110 1111 1112
f 1539 1537 460
f 522 441 1537
f 834 837 1120
f 1122 1123 1124
f 612 1125 1041
f 935 793 615
f 276 278 130
f 1686 8993 8966
f 193 190 1541
f 231 521 1540
f 556 1037 982
f 365 253 85
f 190 532 318
f 1810 765 9018
f 9376 1867 8956
f 1132 983 985
f 208 101 102
f 1134 1033 662
f 1491 518 80
f 429 133 1542
f 1137 1138 915
f 172 436 428
f 1139 1140 1141
f 549 96 54
f 1517 1519 1518
f 834 1119 984
f 1543 513 286
f 1544 797 239
f 133 134 1544
f 506 361 257
f 420 327 328
f 1158 1159 1160
f 587 1104 1103
f 607 1161 1027
f 304 1546 1545
f 364 1491 77
f 69 70 198
f 700 840 1112
f 9329 626 8969
f 1166 719 657
f 1167 1168 858
f 1300 8967 8968
f 1172 1173 1174
f 218 203 200
f 1179 1180 1181
f 372 183 97
f 89 104 227
f 1186 1187 1188
f 172 173 1517
f 1482 84 81
f 1090 1192 1193
f 394 395 353
f 526 525 1198
f 1199 1200 1026
f 606 623 697
f 1204 1205 1206
f 1207 1208 523
f 1209 1210 867
f 914 913 685
f 1478 1436 1441
f 1029 1028 1161
f 1211 1212 1213
f 9310 1453 1451
f 844 1215 1216
f 423 193 273
f 1220 1221 1222
f 22 1223 1224
f 882 898 897
f 1519 1517 173
f 1189 1188 1232
f 349 350 550
f 1071 1235 1236
f 1237 1238 1239
f 1221 1186 1189
f 1510 1528 1512
f 939 1032 1241
f 1556 1530 5
f 1553 1554 394
f 404 1556 67
f 1247 1248 1249
f 142 199 238
f 1251 1067 635
f 850 1252 1253
f 1254 1167 1077
f 57 132 133
f 443 430 552
f 1187 1172 1175
f 1256 1070 831
f 432 405 382
f 741 748 747
f 434 350 351
f 349 432 383
f 251 124 1481
f 395 384 352
f 1518 1519 1550
f 1558 410 378
f 109 263 314
f 285 1514 1513
f 395 394 393
f 202 203 410
f 417 408 405
f 1246 1257 1258
f 3 1559 297
f 1259 1260 1261
f 403 404 347
f 955 954 953
f 462 50 51
f 1096 1095 687
f 429 147 60
f 896 1264 1265
f 1267 721 1268
f 423 424 327
f 37 179 180
f 20 23 1187
f 1256 1168 1071
f 1188 1175 1269
f 1236 1270 1271
f 1272 536 535
f 565 564 463
f 1273 792 745
f 876 1254 1255
f 316 33 164
f 437 1516 503
f 194 1494 1495
f 1275 1276 864
f 624 625 631
f 1277 1274 1137
f 569 568 567
f 1481 124 125
f 324 325 547
f 1279 1108 1107
f 1525 332 329
f 1281 1278 1137
f 171 168 1553
f 1488 73 396
f 1557 1561 1562
f 1282 856 1206
f 1053 1277 1278
f 778 777 607
f 713 583 9010
f 251 225 144
f 4 357 348
f 709 708 707
f 728 48 45
f 261 135 1563
f 789 1286 1287
f 74 314 263
f 403 284 385
f 1178 1181 1240
f 1223 1259 1289
f 1220 20 1186
f 296 1518 354
f 784 459 1538
f 1181 1180 1291
f 1269 1292 1257
f 1566 1538 438
f 136 784 1566
f 1563 1564 169
f 107 114 109
f 1297 1282 1298
f 1464 1477 1476
f 1520 187 507
f 1301 1302 1303
f 1306 1307 1308
f 175 456 1532
f 1532 456 200
f 1311 1266 1312
f 872 1314 1315
f 9288 843 878
f 1305 1308 864
f 1040 1275 863
f 1564 1566 399
f 592 1576 1575
f 591 1575 1088
f 1581 1584 1583
f 1196 1152 1147
f 710 582 583
f 285 407 408
f 953 954 961
f 1594 1592 1589
f 1585 1588 1587
f 1592 1591 1590
f 9337 945 944
f 1600 1599 1598
f 1604 1603 1602
f 1399 1392 979
f 1589 1590 1596
f 1610 1609 1608
f 298 257 361
f 551 552 276
f 1627 1626 9266
f 859 811 818
f 1078 857 1328
f 1555 439 1530
f 572 573 680
f 772 465 776
f 977 1281 918
f 404 403 392
f 1054 1331 750
f 1644 1645 1643
f 932 1265 1082
f 1067 1333 1334
f 1540 1539 264
f 597 1335 643
f 471 761 762
f 1642 696 9283
f 1644 1642 9294
f 923 946 950
f 96 549 548
f 520 531 522
f 445 444 443
f 849 839 848
f 480 759 755
f 1646 760 481
f 311 426 1567
f 464 463 8941
f 8941 1360 1361
f 234 237 236
f 190 193 192
f 153 154 152
f 231 287 286
f 1552 1553 1551
f 760 1646 1648
f 9284 1647 1649
f 828 827 826
f 52 167 166
f 1663 1662 1661
f 287 107 115
f 668 671 670
f 634 645 640
f 553 560 559
f 118 36 33
f 492 484 491
f 8996 1652 1651
f 582 589 584
f 384 395 392
f 1381 1382 1383
f 1562 1561 435
f 952 953 951
f 8973 9010 583
f 1660 1661 1667
f 1394 1395 1396
f 1660 1665 1664
f 1671 1670 1669
f 1624 1625 1673
f 1407 1408 1409
f 1677 1676 1675
f 1613 1679 1677
f 1679 1678 1676
f 1626 1681 9263
f 534 199 198
f 803 733 734
f 400 248 191
f 65 66 143
f 8970 1657 1656
f 402 159 157
f 629 628 627
f 461 477 49
f 758 757 495
f 796 787 786
f 406 407 1513
f 342 343 166
f 1694 1659 1658
f 1692 1687 1694
f 9001 1693 1652
f 9373 1704 1703
f 326 547 302
f 9368 9373 1702
f 9371 9370 1698
f 1699 1691 9379
f 1557 406 1560
f 1127 1116 1117
f 400 401 289
f 1706 1702 1707
f 1707 1702 1599
f 1709 1706 1708
f 1714 1712 1711
f 9371 9367 1709
f 1704 1711 1577
f 1716 1714 1713
f 1559 1562 1549
f 1722 1721 1720
f 1335 597 596
f 410 411 377
f 973 1170 1163
f 168 169 399
f 1571 682 1089
f 1572 681 682
f 749 646 647
f 1730 1724 1723
f 1594 1582 1729
f 1729 1723 1591
f 1384 1378 1377
f 1732 1731 1712
f 1724 1730 1731
f 1722 1724 1732
f 1721 1722 1733
f 1734 1733 1716
f 1735 1737 1736
f 1733 1732 1714
f 1663 1664 1741
f 1742 1665 1740
f 1738 1739 1737
f 1665 1660 1666
f 1665 1742 1744
f 1725 1726 1746
f 1591 1725 1745
f 1590 1745 1747
f 1745 1746 1748
f 1659 1688 8982
f 5650 1760 8989
f 1185 1177 1182
f 1664 1744 1749
f 1741 1749 1739
f 1746 1742 1743
f 1726 1744 1742
f 1115 924 1153
f 1654 8990 9019
f 1896 9006 8993
f 1720 1749 1744
f 1721 1739 1749
f 1750 1718 1701
f 1697 1736 1750
f 1151 1152 1063
f 1751 1752 1670
f 1695 1658 1752
f 961 962 986
f 1770 1769 1768
f 1766 1594 1593
f 1731 1759 1579
f 1579 1777 1774
f 9380 1772 1771
f 1764 1772 9380
f 1777 1776 1775
f 9214 9215 1699
f 1004 1127 1128
f 1774 1775 1771
f 987 1400 1399
f 1578 1774 1772
f 1783 1782 1781
f 1597 1598 1770
f 639 1878 9347
f 9380 9381 1769
f 1793 1792 1789
f 9381 9372 1798
f 8952 8960 9225
f 1802 1867 9376
f 1788 1790 1794
f 1793 1794 1795
f 9225 9224 1675
f 1584 1581 1783
f 1771 1797 9372
f 1801 1799 1798
f 1768 1769 1798
f 1775 1796 1797
f 508 514 515
f 1796 1803 1802
f 1800 1798 9372
f 1794 1805 1804
f 8976 1670 1752
f 485 1808 1807
f 9261 9296 1640
f 9289 9296 1810
f 485 482 1640
f 1690 1691 9222
f 487 488 1648
f 9291 1813 1816
f 9290 1811 1648
f 9291 1812 1811
f 1812 1809 487
f 1641 1809 767
f 465 466 755
f 767 1815 9275
f 9274 1816 9278
f 1809 1812 1815
f 9289 1653 1651
f 675 672 8985
f 1814 1649 1822
f 1821 1822 9273
f 1824 1822 1649
f 1827 1849 1850
f 1668 1669 1662
f 1779 1780 1848
f 1790 1827 1805
f 1833 1836 1853
f 8965 8950 693
f 1614 1615 1616
f 1852 1853 8942
f 1620 1621 1622
f 1855 1765 1574
f 1847 1852 8945
f 1766 1765 1855
f 1629 1630 1631
f 1633 1622 1634
f 1635 1636 1637
f 1848 1833 1852
f 1855 1861 1863
f 1803 1866 1867
f 1862 1863 1831
f 1782 1855 1862
f 9374 9376 1865
f 1873 1872 1870
f 1874 1869 799
f 2045 9330 9349
f 1219 1345 1295
f 1615 1614 1396
f 9336 9347 1877
f 645 9350 9238
f 1345 1219 1035
f 634 639 9336
f 15 1887 1327
f 9362 9347 1878
f 1894 604 605
f 8950 8995 627
f 9004 640 645
f 340 341 454
f 1897 194 195
f 1889 1882 1877
f 1901 94 129
f 196 749 754
f 1705 1704 9373
f 340 378 166
f 1570 1480 563
f 1904 1494 194
f 1781 1862 1832
f 1905 549 55
f 1000 994 995
f 986 919 920
f 1191 1185 1190
f 2094 2077 2075
f 1920 1921 1919
f 453 454 1912
f 1915 1919 1918
f 9334 2112 2106
f 1655 9019 8975
f 1916 1918 1926
f 704 8998 9005
f 278 1916 1925
f 9009 9008 1818
f 1097 949 1115
f 1927 1928 727
f 9030 9031 9106
f 1920 310 307
f 1929 307 48
f 503 504 1497
f 1902 1903 787
f 1816 1821 9272
f 1925 1926 1923
f 1535 1569 1568
f 254 252 258
f 1509 1497 366
f 119 86 35
f 219 288 293
f 141 46 47
f 542 205 244
f 1940 552 430
f 1779 1828 1827
f 1701 1710 9367
f 1661 8994 8959
f 270 53 754
f 197 1947 749
f 1727 1728 1212
f 53 54 232
f 1465 1468 1479
f 1284 9314 9306
f 1951 446 412
f 168 398 1554
f 1486 1485 206
f 506 77 78
f 994 1001 1007
f 951 953 963
f 1013 9311 9313
f 9278 9272 1820
f 1498 1909 1954
f 299 298 543
f 1754 1755 1756
f 1681 469 1683
f 1696 1694 1695
f 13 14 738
f 473 476 475
f 482 1641 768
f 204 62 30
f 1761 1762 820
f 611 1763 1125
f 1501 1503 1908
f 1074 1073 711
f 1960 1944 82
f 120 1956 1960
f 35 86 87
f 1773 1199 1025
f 1965 1545 1569
f 494 761 471
f 1966 1967 1969
f 446 1951 1971
f 174 368 125
f 1580 1579 1578
f 1785 1786 1787
f 1972 1546 304
f 1254 876 875
f 1973 341 342
f 321 1912 1973
f 1910 277 275
f 509 1973 514
f 1486 1507 1527
f 1974 1874 804
f 1977 1976 1974
f 1980 448 1966
f 379 1 2
f 1718 1715 1710
f 884 995 992
f 1680 1684 1678
f 902 990 525
f 344 255 256
f 135 138 137
f 448 446 1967
f 589 605 604
f 910 909 908
f 1981 1966 1968
f 1982 1981 1987
f 1988 1979 1987
f 1990 1988 1989
f 1991 1989 1993
f 322 321 320
f 992 828 830
f 1144 1076 1086
f 1995 1977 1978
f 1133 1129 1118
f 1997 1995 1994
f 870 1823 1335
f 805 806 1982
f 727 184 2000
f 1996 1994 1988
f 1994 1978 1979
f 1829 616 792
f 1830 1073 941
f 798 803 800
f 729 732 731
f 2011 2012 2023
f 1834 1835 846
f 402 283 284
f 2022 2023 2024
f 1838 718 989
f 810 955 952
f 1823 1839 1840
f 1430 1426 1432
f 1215 844 1841
f 1316 1208 873
f 2112 1401 1384
f 1842 1843 1844
f 1159 846 845
f 837 27 1846
f 1971 1951 2030
f 517 369 370
f 1471 2026 2027
f 8995 8969 626
f 2174 2175 770
f 935 934 1854
f 1613 1619 1611
f 1231 1228 1225
f 1856 1857 891
f 1300 1309 748
f 1150 1149 1858
f 1643 606 696
f 1215 1265 1264
f 1320 1860 902
f 1956 1943 1944
f 2031 668 669
f 2034 1325 1310
f 1879 1880 1656
f 40 245 242
f 1992 1993 2039
f 888 958 957
f 1882 1889 1996
f 1078 1138 1255
f 1871 912 1192
f 294 411 218
f 1323 2041 2026
f 123 1960 83
f 1324 2036 2041
f 384 358 359
f 1324 1325 2038
f 1883 1884 1885
f 287 1540 114
f 1096 1886 1134
f 915 1329 931
f 806 1980 1981
f 8977 8973 584
f 1425 2030 2042
f 1018 2042 1948
f 9006 1896 740
f 1948 2042 649
f 1881 1882 1990
f 1900 129 130
f 992 995 994
f 923 927 925
f 9330 2045 2047
f 1643 2048 625
f 2050 2052 2051
f 2045 1405 1404
f 9328 2047 945
f 1139 1080 1079
f 1037 1856 892
f 2055 2053 2057
f 1198 989 718
f 1619 2058 1612
f 2058 1605 1606
f 2059 2060 1607
f 2058 1619 1624
f 71 72 179
f 405 406 1557
f 322 1548 1972
f 2061 2052 2063
f 2066 2065 2067
f 2052 2061 2064
f 1609 1610 2066
f 1515 151 152
f 1009 827 993
f 1644 9295 9267
f 279 1915 1916
f 1285 9315 9314
f 1647 2066 1825
f 2056 2057 2067
f 319 320 1953
f 667 666 1913
f 2070 631 625
f 2052 2050 2055
f 2038 1654 1655
f 1606 1601 2073
f 1235 1917 1270
f 2072 2073 2075
f 2059 1606 2072
f 2074 2075 2077
f 1601 1602 2078
f 2049 2048 1643
f 1000 1004 1001
f 1089 943 684
f 1931 1286 1306
f 1462 1459 1021
f 1932 1933 1934
f 875 874 1846
f 1936 1051 1937
f 44 45 46
f 1534 1955 1956
f 1541 318 317
f 2081 2082 2084
f 146 1945 1959
f 1360 1941 1942
f 985 984 1032
f 1995 1997 1892
f 2079 2080 2082
f 2095 2096 2076
f 2081 2093 2078
f 2055 2050 2054
f 501 2096 2095
f 2097 2100 2099
f 2098 2099 2094
f 2140 2141 9345
f 2141 2046 9346
f 2051 2070 2048
f 592 2102 2101
f 2071 2064 2076
f 2102 2097 2098
f 593 2103 2102
f 1019 1895 746
f 1950 11 12
f 725 2071 2096
f 1385 2105 2104
f 1379 2104 2106
f 2107 2108 2100
f 9360 726 502
f 9348 502 499
f 940 1389 2109
f 928 929 1170
f 9320 590 684
f 1962 1963 1964
f 9330 680 573
f 2039 1993 1968
f 1389 1390 2110
f 1398 2111 2113
f 9209 9207 9205
f 9363 9335 2107
f 949 923 924
f 260 241 324
f 1390 1397 2113
f 2070 2051 2064
f 9319 9363 2103
f 2105 1385 1421
f 2114 1421 1423
f 9344 2114 2115
f 9360 2105 2114
f 554 2116 1902
f 972 1163 967
f 1765 1593 1573
f 1984 1985 1986
f 2053 2117 2069
f 9017 9000 724
f 1625 1677 1674
f 9333 9340 2119
f 9355 2115 2123
f 56 1954 1906
f 626 9329 9331
f 2001 2002 2003
f 9364 9293 2127
f 2006 2007 2008
f 2127 1413 1412
f 2014 2015 2016
f 2018 2019 2020
f 1495 1424 1947
f 1379 1377 1386
f 9266 9263 1680
f 2029 1885 1884
f 9354 2128 2120
f 629 9331 9366
f 682 683 943
f 724 1650 2121
f 1757 1819 9273
f 765 1810 9296
f 9303 714 715
f 706 707 9322
f 981 986 987
f 1457 1868 1656
f 2017 2016 2032
f 1458 1655 1868
f 1776 1777 1792
f 1959 1945 1946
f 9115 9167 9177
f 9365 9333 2122
f 1093 1089 689
f 966 965 968
f 9304 715 9333
f 2172 9029 2170
f 670 2138 2137
f 9213 787 1903
f 1429 19 28
f 964 963 978
f 9293 9265 1413
f 1473 1474 669
f 9286 9285 1359
f 2138 798 1870
f 1872 1473 2137
f 715 716 9340
f 1881 1991 1992
f 9295 9294 739
f 1837 1847 8957
f 253 58 59
f 1808 9289 9292
f 1647 9284 9270
f 9317 9318 671
f 2112 9334 9335
f 1405 2045 2044
f 9281 9276 1364
f 273 1541 391
f 576 632 8964
f 9327 9317 668
f 1430 1431 2140
f 2136 9302 9312
f 1430 2139 18
f 9345 9346 570
f 1442 1439 2046
f 1431 1442 2141
f 9321 9365 9302
f 9260 9275 1817
f 9318 9345 695
f 2142 2025 798
f 571 2143 2142
f 9271 9266 1618
f 2143 2022 2025
f 694 2142 2138
f 681 1572 2144
f 2144 2011 2022
f 328 210 457
f 1572 2010 2011
f 630 9344 9355
f 2085 2086 2087
f 2090 2091 2092
f 572 2144 2143
f 1875 1976 2153
f 1873 1875 2149
f 2103 2107 2097
f 2157 2043 2155
f 2128 1412 1414
f 9326 9323 589
f 9324 9322 628
f 2149 2153 2158
f 2159 2158 9357
f 698 9359 9354
f 9275 9299 9279
f 2158 2156 9326
f 1438 2044 2046
f 2035 2154 2160
f 2161 2160 9341
f 9323 9343 605
f 9325 17 18
f 370 29 61
f 649 1951 413
f 2153 2157 2156
f 1428 1429 1449
f 1490 76 73
f 9342 9357 710
f 2155 1891 9343
f 1456 1457 1880
f 2125 2088 2087
f 2160 2159 9342
f 300 1959 505
f 1064 1062 1046
f 2043 1892 1891
f 2129 2130 2004
f 2131 2132 2133
f 9300 9301 1450
f 1998 1975 804
f 9331 673 9316
f 474 492 490
f 1164 1165 1182
f 707 2162 9361
f 708 1472 2162
f 2162 2161 9338
f 548 549 1905
f 1145 1136 1114
f 705 2121 1650
f 2043 2157 1977
f 737 738 554
f 1034 1195 1191
f 458 1905 1907
f 195 196 232
f 2040 2039 1969
f 2145 2146 2147
f 2054 2050 2049
f 9284 1646 1639
f 9 12 11
f 252 364 506
f 472 478 479
f 1865 9376 9243
f 900 903 910
f 1941 2150 2151
f 1921 1928 1927
f 2163 1897 1898
f 271 156 153
f 1904 1326 12
f 282 263 264
f 1872 1873 2154
f 1326 1904 1897
f 628 692 693
f 1724 1722 1719
f 1549 1562 436
f 1582 1583 1730
f 1921 1920 1929
f 9007 8955 10
f 2152 2037 1950
f 475 772 774
f 769 2172 2171
f 2171 2165 476
f 476 773 772
f 1791 565 464
f 2166 2167 2168
f 595 371 372
f 483 1809 1641
f 762 2174 2173
f 771 483 484
f 486 487 1809
f 297 1549 1517
f 763 2175 2174
f 776 755 759
f 184 185 2176
f 412 447 303
f 2005 2176 185
f 9263 1681 1682
f 2164 2170 756
f 1472 2035 2161
f 950 951 964
f 2177 2178 2179
f 227 226 1510
f 2182 2183 2184
f 2186 2019 2018
f 1985 2182 2181
f 214 736 729
f 865 849 842
f 849 865 1357
f 559 3187 3188
f 16 13 737
f 560 553 498
f 3193 3196 3195
f 3200 3197 3198
f 3211 3214 3213
f 3215 3218 3217
f 2187 2188 2002
f 3233 3236 3235
f 3223 3221 3222
f 3229 3232 3231
f 3245 3248 3247
f 2169 2168 2189
f 2192 2086 2085
f 2193 2194 2195
f 2198 2199 2200
f 1998 1982 1979
f 9116 9117 9120
f 3253 3256 3255
f 2116 1898 1903
f 1859 2006 2009
f 9356 2123 2126
f 1135 1148 1087
f 2201 2202 2015
f 1149 111 110
f 3261 3264 3263
f 3269 3272 3271
f 3265 3268 3267
f 3229 3230 3284
f 3289 3292 3291
f 3299 3302 3301
f 3307 3263 3264
f 3293 3296 3295
f 3297 3223 3224
f 3319 3321 3291
f 3322 3323 3318
f 3314 3313 3312
f 3285 3288 3287
f 3332 3333 3218
f 3329 3331 3330
f 3324 3325 3227
f 3298 3224 3326
f 2203 2204 2205
f 579 580 1895
f 1755 2207 2208
f 3337 3340 3339
f 9343 9362 1893
f 1211 2151 2150
f 868 997 2210
f 3347 3350 3349
f 944 945 930
f 2130 2129 2202
f 233 1903 1898
f 665 751 750
f 1167 1254 999
f 2211 2212 2213
f 2215 2216 2217
f 9319 593 590
f 2220 221 220
f 823 824 948
f 3375 3240 3377
f 3393 3392 3391
f 3353 3358 3357
f 3363 3366 3365
f 3402 3405 3404
f 266 204 455
f 9334 2108 2107
f 2221 2222 8963
f 2223 2224 2225
f 2207 2125 2124
f 3293 3309 3336
f 673 674 9321
f 817 1000 996
f 2227 2228 2146
f 1947 1948 646
f 9352 2135 17
f 2229 1635 1638
f 1679 1613 1618
f 1637 2231 2232
f 2233 2234 1617
f 2231 2235 2236
f 3406 3409 3408
f 1381 1638 2238
f 9038 2241 2242
f 3414 3416 3341
f 1630 2234 2233
f 1681 1626 472
f 1408 1407 2243
f 3423 3426 3425
f 3433 3351 3263
f 3434 3429 3430
f 3440 3443 3442
f 3444 3447 3446
f 3436 3451 3450
f 3442 3443 3456
f 1637 2230 2238
f 3445 3446 3437
f 3448 3443 3440
f 1409 1408 1634
f 1380 1383 2247
f 1628 2248 2245
f 3463 3466 3465
f 3308 3477 3462
f 2249 1623 1622
f 1632 1634 1408
f 2248 1628 1631
f 3478 3481 3480
f 3509 3512 3511
f 2235 2231 1637
f 3505 3508 3507
f 3457 3458 3199
f 631 2070 2071
f 515 167 52
f 782 781 2251
f 2253 2254 2255
f 397 281 459
f 1456 2039 2040
f 2040 2041 2036
f 3434 3475 3518
f 1401 2112 2111
f 2041 2040 1970
f 3367 3337 3338
f 1535 121 414
f 1586 1587 2080
f 2256 983 1132
f 3528 3531 3530
f 3519 3521 3520
f 3537 3505 3506
f 3543 3546 3545
f 1700 1699 9370
f 3486 3551 3550
f 3455 3456 3497
f 3558 3560 3559
f 3456 3568 3500
f 3572 3571 3252
f 3308 3264 3285
f 3316 3317 3574
f 3575 3478 3479
f 3576 3579 3578
f 3580 3583 3582
f 3584 3587 3586
f 3505 3537 3588
f 3589 3592 3591
f 3600 3603 3602
f 3542 3539 3595
f 3604 3605 3592
f 3611 3610 3613
f 3622 3625 3624
f 3618 3621 3620
f 3626 3629 3628
f 3644 3647 3646
f 3634 3637 3636
f 3638 3639 3641
f 9267 1896 1686
f 1263 2256 1886
f 3613 3655 3654
f 598 1841 844
f 2257 2258 2259
f 2258 2261 2262
f 2259 2262 2263
f 2260 2259 2216
f 1967 1971 1970
f 2212 1964 1963
f 922 921 2218
f 1312 1098 1101
f 1307 1306 1286
f 1548 1569 1546
f 2266 2267 2268
f 2265 2268 2270
f 2272 2265 2269
f 2273 2266 2265
f 2275 2276 2277
f 2278 2274 2277
f 2284 2285 9069
f 2287 2283 2286
f 2288 2289 2283
f 2290 2284 9091
f 2291 2292 2293
f 2295 2291 2294
f 2296 2297 2291
f 2297 2298 2292
f 2294 2293 2299
f 2279 2294 2300
f 2298 2301 2302
f 2292 2302 2303
f 2293 2303 2304
f 2304 2305 2306
f 2308 2309 2310
f 2302 2307 2310
f 2301 2311 2307
f 2312 2308 2307
f 2313 2314 2315
f 2318 2319 2320
f 9200 9223 2322
f 2324 2325 2273
f 2313 2324 2326
f 2328 2324 2313
f 2329 2325 2324
f 2331 2332 2333
f 2330 2333 2267
f 2325 2330 2266
f 2329 2331 2330
f 2333 2334 2335
f 2336 2334 2333
f 2338 2336 2332
f 2331 2339 2337
f 2329 2340 2339
f 2328 2341 2340
f 2316 2342 2341
f 2342 2316 2315
f 2344 2345 2346
f 2341 2344 2347
f 2342 2348 2344
f 2348 2349 2345
f 2350 2351 2352
f 2339 2350 2353
f 2340 2347 2350
f 2347 2346 2351
f 2337 2353 2354
f 2353 2352 2355
f 2356 2277 2276
f 2356 2357 2358
f 2356 2359 2296
f 2279 2277 2356
f 2360 2361 2270
f 2267 2335 2360
f 2362 2363 2364
f 2362 2365 2361
f 2366 2362 2358
f 2366 2367 2363
f 2357 2276 2368
f 2366 2368 2369
f 2276 2275 2370
f 2368 2370 2282
f 2372 2373 2374
f 2375 2376 2377
f 2378 2379 2380
f 2382 2378 2381
f 2384 2385 2378
f 2385 2386 2379
f 2388 2389 2390
f 2387 2390 2392
f 2393 2394 2387
f 2394 2395 2388
f 2186 2401 2402
f 2403 2404 2327
f 2272 2403 2326
f 2271 2405 2403
f 2405 2406 2404
f 2404 2407 2408
f 2409 2410 2411
f 2409 2412 2271
f 2413 2409 2269
f 2413 2414 2410
f 2417 2415 2416
f 2417 2418 2406
f 2412 2417 2405
f 2411 2415 2417
f 2406 2419 2407
f 9013 8964 632
f 2420 2398 2397
f 2420 2421 2423
f 2424 2420 2422
f 2424 2399 2398
f 2425 2391 2392
f 2421 2425 2426
f 2397 2396 2425
f 2396 2393 2391
f 2427 2314 2408
f 2430 2427 2428
f 2343 2315 2427
f 2432 2343 2430
f 2431 2430 2429
f 2435 2431 2433
f 2436 2432 2431
f 2428 2408 2407
f 2422 2437 2407
f 2438 2437 2422
f 2429 2428 2437
f 2440 2434 2433
f 2441 2439 2433
f 2442 2443 2439
f 2443 2444 2440
f 2445 2446 2444
f 2447 2445 2443
f 2383 2381 2445
f 2381 2380 2446
f 2448 2438 2423
f 2449 2448 2426
f 2441 2448 2449
f 2441 2429 2438
f 2449 2392 2390
f 2450 2390 2389
f 2447 2450 2451
f 2442 2449 2450
f 2451 2389 2453
f 2452 2453 2455
f 2382 2452 2454
f 2383 2451 2452
f 2456 2457 2373
f 2459 2460 2461
f 2463 2464 2465
f 2462 2465 2285
f 2466 2462 2284
f 2467 2463 2462
f 2461 2460 9155
f 2468 2469 2470
f 2472 2468 2471
f 2474 2461 9153
f 2475 2476 2477
f 2458 2455 2453
f 2479 2453 2389
f 2395 2480 2479
f 2480 2459 2458
f 2481 2482 2483
f 2484 113 2485
f 2471 2470 2464
f 2473 2471 2463
f 2487 2467 2466
f 2486 2466 2290
f 2490 2486 2488
f 2491 2487 2486
f 2492 2473 2467
f 2493 2492 2487
f 2494 2495 2492
f 2495 2472 2473
f 9142 2496 2474
f 9143 2497 2496
f 2498 2494 2493
f 2500 2498 2499
f 9152 9139 2498
f 9139 9143 2494
f 2306 2504 2278
f 2305 2505 2504
f 2504 2505 2507
f 2506 2507 2288
f 2274 2506 2508
f 2278 2504 2506
f 9085 9084 2489
f 9072 9085 2488
f 2507 2509 2289
f 2505 2510 2509
f 2508 2288 2287
f 2511 2287 2281
f 2370 2511 2280
f 2275 2508 2511
f 2512 2490 2489
f 2514 2512 2513
f 2517 2512 2514
f 2517 2491 2490
f 2499 2493 2491
f 2499 2517 2516
f 2510 2505 2519
f 2518 2519 2521
f 9068 2518 2520
f 9084 2510 2518
f 2522 2304 2303
f 2523 2522 2310
f 2305 2304 2522
f 2524 2522 2523
f 2519 2524 2525
f 2505 2305 2524
f 2308 2312 2527
f 2526 2527 2529
f 2531 2526 2528
f 2309 2308 2526
f 1214 2532 2151
f 2419 2406 2418
f 2533 2345 2349
f 2534 2533 2317
f 2535 2536 2533
f 2536 2346 2345
f 2537 2351 2346
f 2538 2537 2536
f 2539 2540 2537
f 2540 2352 2351
f 2312 2355 2541
f 2527 2541 2542
f 2543 2435 2434
f 2545 2543 2544
f 2319 2318 2543
f 2318 2436 2435
f 2514 2515 2548
f 2547 2548 2550
f 2552 2547 2549
f 2552 2516 2514
f 2520 2521 2554
f 2553 2554 2556
f 9042 2553 2555
f 9073 2520 2553
f 2523 2309 2531
f 2557 2531 2530
f 2525 2523 2557
f 2559 2557 2558
f 2554 2559 2560
f 2521 2525 2559
f 2561 2375 2007
f 2376 2562 2225
f 2564 2565 2566
f 2563 2566 338
f 2569 2563 2567
f 2570 2564 2563
f 2572 2573 2574
f 2571 2574 2576
f 2544 2571 2575
f 2544 2434 2572
f 2578 2570 2569
f 2579 2577 2569
f 2574 2577 2579
f 2573 2578 2577
f 2581 2582 2583
f 2584 2580 2583
f 9149 9127 2580
f 9128 2581 2580
f 2582 2516 2552
f 2583 2552 2551
f 2500 2501 2589
f 2590 2588 2589
f 9145 9147 2588
f 9147 9152 2500
f 2501 2516 2591
f 2592 2593 2594
f 2386 2385 2503
f 2596 2379 2386
f 2596 2374 2373
f 2599 2596 2597
f 2599 2380 2379
f 2600 2446 2380
f 2600 2599 2598
f 2603 2600 2601
f 2603 2444 2446
f 2604 2603 2602
f 2440 2604 2605
f 2444 2603 2604
f 2606 2582 2581
f 2606 2607 2590
f 2591 2516 2582
f 9128 2587 2456
f 9141 2456 2372
f 2478 2477 2608
f 2609 2610 2611
f 2564 2570 2613
f 2612 2613 2598
f 2457 2612 2597
f 2565 2564 2612
f 2614 2613 2570
f 2615 2614 2578
f 2602 2601 2614
f 2601 2598 2613
f 2572 2434 2605
f 2616 2605 2602
f 2573 2572 2616
f 1459 1016 1045
f 1265 1215 1079
f 1612 1608 1609
f 2067 2057 2069
f 1135 1109 1136
f 1938 1937 2618
f 95 548 458
f 2058 1607 1608
f 1454 1469 1445
f 655 2620 1048
f 722 1049 2621
f 3665 3639 3634
f 1131 985 1033
f 562 1481 366
f 1723 1719 1725
f 1786 1123 1122
f 267 300 323
f 1325 2034 1654
f 1468 1165 1435
f 658 657 529
f 8 532 247
f 382 1557 1559
f 3631 3681 3680
f 788 619 1307
f 940 930 929
f 911 2622 2623
f 2621 2620 655
f 2624 1857 2625
f 998 1846 27
f 635 638 2626
f 2627 641 644
f 2628 2627 1840
f 1200 1199 2627
f 1199 1773 641
f 1520 515 49
f 1452 1350 1349
f 2630 2631 1859
f 644 643 1335
f 3683 3700 3699
f 1197 1198 717
f 2632 717 719
f 2628 2632 1166
f 2629 1197 2632
f 1762 2633 1050
f 1823 870 873
f 2634 2635 794
f 1042 794 2635
f 93 94 1901
f 2036 2038 1458
f 1527 332 1525
f 877 876 1274
f 134 409 797
f 1328 893 931
f 607 777 1091
f 1043 2635 2637
f 2636 2637 2639
f 1275 2636 2638
f 1275 1040 1043
f 1272 2624 2626
f 2640 2626 638
f 1110 2641 2640
f 536 1272 2640
f 1472 708 1474
f 2042 2030 1951
f 3668 3632 3633
f 1058 1106 1105
f 2642 2623 2643
f 1192 2642 2644
f 912 2623 2642
f 9350 1657 8970
f 1049 1048 2620
f 616 1829 1885
f 1331 1913 666
f 990 989 1198
f 1911 1912 321
f 1298 1282 1205
f 76 1490 1504
f 1502 1500 421
f 610 609 658
f 1146 937 659
f 2646 911 914
f 1280 1239 1238
f 1453 1454 1452
f 835 942 1843
f 1271 1270 1173
f 1893 1878 1826
f 1050 2633 1937
f 2651 2652 814
f 1006 1053 1281
f 2653 1084 2654
f 1001 1004 1003
f 585 997 679
f 2624 1272 621
f 555 678 2028
f 1207 526 1197
f 1626 1627 478
f 3729 3732 3731
f 3746 3749 3748
f 3770 3752 3750
f 426 389 419
f 1030 1193 1773
f 9350 645 634
f 534 1533 138
f 1125 1092 1042
f 333 228 88
f 569 1570 561
f 3691 3694 3693
f 1489 2656 871
f 1857 2624 620
f 1673 1674 9222
f 622 861 864
f 619 788 891
f 261 544 545
f 393 1555 1556
f 2658 2659 2647
f 1075 2658 2657
f 1081 1080 2658
f 1080 1139 2659
f 2644 2643 1141
f 2660 1141 1140
f 642 2660 1336
f 1193 2644 2660
f 679 678 555
f 3762 3765 3764
f 1503 1501 1500
f 1318 1317 1101
f 2661 2659 1139
f 2661 1142 2663
f 2662 2647 2659
f 2662 2663 2622
f 2664 2622 911
f 2648 2664 2646
f 2648 2647 2662
f 3586 3658 3779
f 2083 2094 2093
f 1442 1440 1437
f 3732 3734 3733
f 519 329 330
f 1885 2029 1209
f 799 800 805
f 1946 1943 1952
f 1302 1301 1253
f 3741 3738 3757
f 3660 3663 3662
f 566 2005 224
f 1389 940 928
f 683 682 681
f 836 835 1842
f 2665 1842 1845
f 2666 2665 1303
f 24 836 2665
f 831 1072 2650
f 1845 1844 1304
f 2010 2013 2012
f 1051 1936 2667
f 1522 1521 1511
f 531 440 441
f 1250 635 2625
f 2669 2625 1857
f 783 2669 1856
f 782 1250 2669
f 720 2670 2671
f 1055 1931 1930
f 1333 1067 1251
f 619 622 1308
f 652 655 2619
f 521 522 1539
f 1838 988 537
f 2672 537 536
f 1113 2672 2641
f 1113 527 1838
f 1016 1013 1351
f 9349 573 570
f 226 227 104
f 9008 9121 9279
f 1036 1037 1884
f 2674 1301 1304
f 2673 1304 1844
f 1334 2673 2675
f 1333 2674 2673
f 2676 702 1039
f 1843 2676 2675
f 942 1074 2676
f 1074 699 702
f 752 1057 1055
f 1200 1166 656
f 1120 1846 874
f 2677 874 877
f 1241 2677 1052
f 1119 1120 2677
f 1560 1513 151
f 1208 1316 611
f 215 735 736
f 1460 1459 1462
f 3717 3720 3719
f 1208 1207 1839
f 854 856 1282
f 3682 3697 3696
f 72 445 182
f 544 1563 1565
f 217 200 456
f 3673 3647 3781
f 2047 1404 930
f 1204 2618 1937
f 913 777 686
f 3705 3708 3707
f 840 527 1113
f 1531 729 730
f 2678 778 1283
f 601 667 1914
f 1537 1538 459
f 1819 1757 8953
f 991 1860 862
f 2679 711 1073
f 3776 3775 3581
f 2680 1830 983
f 779 2680 2256
f 778 2678 2680
f 2678 2679 1830
f 180 542 245
f 1886 1132 1131
f 3766 3768 3767
f 1138 1137 1274
f 3777 3778 3585
f 1841 598 1140
f 75 313 314
f 193 423 420
f 2681 2682 1099
f 3658 3586 3587
f 170 1567 1565
f 349 416 417
f 1121 1124 2684
f 547 797 409
f 123 122 121
f 2643 2663 1142
f 1542 1544 513
f 899 900 907
f 1210 677 676
f 791 663 982
f 24 27 837
f 893 896 932
f 1860 1320 863
f 535 538 862
f 3640 3684 3683
f 1569 1548 1547
f 181 455 542
f 660 659 937
f 2013 567 568
f 3781 3647 3644
f 887 890 2631
f 1524 1508 361
f 520 161 162
f 2653 855 854
f 1238 1237 2655
f 718 1838 527
f 1492 1493 518
f 792 616 615
f 599 846 1835
f 290 457 456
f 312 171 1552
f 1248 2687 1179
f 153 149 177
f 1240 1181 1222
f 1257 1292 1235
f 1291 1084 1083
f 1052 877 1277
f 743 742 2618
f 444 140 430
f 23 1224 1172
f 2687 2654 1180
f 102 103 409
f 1283 607 610
f 373 497 650
f 1180 2654 1084
f 855 2653 2655
f 1173 1270 1917
f 2689 850 853
f 2688 853 1108
f 2686 2688 1279
f 2687 2689 2688
f 2691 1302 1252
f 2690 1252 850
f 1248 2690 2689
f 1248 1247 2691
f 2692 617 24
f 2691 2692 2666
f 1247 1258 2692
f 1258 1168 617
f 394 1554 1555
f 2693 1260 1259
f 1072 1236 1262
f 1257 1071 1168
f 398 439 1555
f 871 1784 1314
f 1178 1232 1249
f 1224 1289 1173
f 1010 2617 2618
f 1175 1174 1292
f 2654 2687 2686
f 2694 1157 1216
f 71 418 1487
f 701 1112 1111
f 1072 1261 2649
f 1085 2695 22
f 895 2694 1264
f 1601 1606 1605
f 1259 1262 1271
f 21 20 1220
f 988 991 538
f 3533 3479 3535
f 598 597 1336
f 1050 860 818
f 1298 2645 1761
f 1168 1167 618
f 3629 3671 3670
f 858 1168 1256
f 39 242 516
f 2652 1761 819
f 313 316 315
f 2026 1970 1971
f 2656 1489 596
f 814 819 818
f 2696 2651 813
f 1260 2696 2649
f 2693 2697 2696
f 2697 1296 2651
f 381 355 390
f 9270 9271 1611
f 1475 1427 1428
f 1292 1174 1917
f 1551 353 354
f 1526 1525 1523
f 1593 1589 1595
f 1232 1269 1246
f 2695 2693 1223
f 2698 1297 1296
f 2698 2697 2693
f 2685 2698 2695
f 2685 854 1297
f 562 1497 271
f 2652 2651 1296
f 1365 1366 1364
f 1958 1946 1953
f 585 588 2210
f 1561 1560 1515
f 975 2648 1146
f 347 67 68
f 1038 1111 636
f 2700 781 780
f 2699 780 1036
f 2701 2699 1883
f 851 2700 2699
f 2674 1333 2251
f 2702 2251 781
f 1253 2702 2700
f 1301 2674 2702
f 1519 387 388
f 1273 1239 1280
f 2703 1280 1107
f 2701 2703 852
f 1829 1273 2703
f 91 260 326
f 1784 871 2656
f 2683 2684 2705
f 604 1894 8943
f 1669 8978 8992
f 2062 2063 2060
f 621 535 861
f 2023 731 732
f 686 779 1263
f 857 1051 2668
f 883 830 882
f 3648 3651 3650
f 637 636 1111
f 2668 894 893
f 3692 3712 3711
f 2667 921 894
f 1039 1038 1068
f 313 75 1504
f 1911 1972 305
f 1936 2706 1964
f 2707 2402 2401
f 2708 2707 2183
f 738 2163 2116
f 3785 3787 3709
f 2349 2348 2432
f 2711 2712 2020
f 2400 2711 2019
f 2714 2715 2716
f 2717 2718 2719
f 2721 2722 2723
f 2726 2727 2728
f 2725 2728 2730
f 2731 2725 2729
f 2732 2726 2725
f 2734 2735 2736
f 2738 2739 2740
f 2737 2740 2741
f 2744 2745 2746
f 2745 2744 2748
f 2749 2750 2747
f 2753 2749 2751
f 2250 1380 2246
f 3417 3420 3419
f 2754 1396 1614
f 9050 2754 2755
f 9060 2745 2747
f 1617 2756 2755
f 2242 2758 1620
f 3429 3432 3431
f 2191 2085 2760
f 2761 2759 2760
f 9100 2759 2761
f 9075 2191 2759
f 3209 3460 3354
f 1395 1394 2236
f 1395 2235 1636
f 3741 3791 3790
f 1616 1635 2229
f 3410 3413 3412
f 1617 2234 2763
f 2756 2763 9080
f 2765 2763 2234
f 2766 2764 9080
f 3202 3199 3458
f 1516 437 435
f 2768 2769 8996
f 1495 541 578
f 2135 2136 28
f 8970 8984 2773
f 1690 1689 9378
f 2778 2779 2780
f 2777 2780 2781
f 2784 2778 2777
f 8999 8965 575
f 1494 1904 9
f 8973 2016 2015
f 451 61 505
f 2786 2787 2788
f 2779 2786 2785
f 2789 2752 2741
f 2790 2753 2752
f 2792 2793 2794
f 2793 2795 2796
f 2796 2797 2750
f 2794 2796 2749
f 2798 1393 1396
f 9043 2798 2754
f 2798 2799 2800
f 9043 9114 2799
f 2797 2796 2795
f 2791 2794 2753
f 216 233 232
f 9256 2806 2807
f 9257 2809 2804
f 2769 2810 9001
f 183 185 184
f 2811 2812 2775
f 2804 2811 2776
f 2809 2813 2811
f 2812 2811 2813
f 9257 2808 2816
f 9248 2818 2815
f 9250 9252 2820
f 9245 2823 2819
f 2824 2736 2735
f 2823 2825 2824
f 2825 2823 2826
f 9245 2822 2827
f 9248 2817 2826
f 2713 2716 2829
f 2828 2829 2831
f 2822 2821 2828
f 2821 2820 2713
f 2832 2827 2822
f 2833 2832 2830
f 2834 2835 2832
f 2835 2818 2827
f 2837 2838 2839
f 2836 2839 2841
f 2842 2836 2840
f 2843 2837 2836
f 2840 2841 2845
f 2718 2844 2845
f 2730 2728 2844
f 2727 2840 2844
f 2846 2845 2841
f 2829 2846 2847
f 2847 2841 2839
f 2848 2839 2838
f 2833 2848 2849
f 2831 2847 2848
f 2850 2814 2851
f 2853 2850 2852
f 2783 2777 2782
f 2785 2788 2853
f 2780 2785 2856
f 2857 2858 2855
f 2859 2857 2782
f 2861 2843 2842
f 2860 2842 2727
f 2862 2860 2726
f 2863 2861 2860
f 2861 2863 2858
f 2843 2861 2857
f 2856 2853 2854
f 2781 2856 2864
f 2837 2843 2859
f 2838 2837 2864
f 2852 2851 2834
f 2854 2852 2849
f 2865 2815 2818
f 2851 2865 2835
f 2813 2809 2815
f 2814 2813 2865
f 2866 2812 2814
f 2788 2866 2850
f 2866 2788 2787
f 2812 2866 2867
f 1892 1889 1890
f 2720 2719 2846
f 298 299 256
f 2872 2714 2713
f 9246 9252 2735
f 2729 2730 2874
f 2846 2716 2715
f 2876 2877 2878
f 2733 2875 2878
f 9258 9259 2879
f 9258 2880 2872
f 2882 2883 2884
f 2881 2884 2715
f 2880 2881 2714
f 2879 2882 2881
f 2885 2886 2887
f 2888 2889 2890
f 2885 2890 2892
f 2893 2886 2885
f 1942 2151 2532
f 2895 2892 2720
f 2884 2895 2870
f 2883 2896 2895
f 2896 2891 2892
f 2889 2874 2717
f 2890 2717 2720
f 2897 2893 2891
f 2898 2897 2896
f 2899 2898 2883
f 2900 2899 2882
f 9249 2900 2879
f 2876 2902 2901
f 2901 2902 2904
f 1785 2656 1835
f 2905 2906 2899
f 2907 2908 2897
f 9249 2901 2903
f 632 576 577
f 8976 8991 2867
f 434 385 550
f 2768 2770 9092
f 2910 2911 1623
f 2241 2912 2758
f 9092 2770 2913
f 1623 2911 2757
f 9039 2242 2757
f 2229 1381 1380
f 2765 1630 1629
f 2915 2914 1629
f 9094 9093 2914
f 9093 9074 2765
f 2919 2916 9094
f 2918 2915 2912
f 9066 2918 2241
f 9070 2919 9065
f 8985 2177 2180
f 8965 2002 2188
f 3694 3626 3627
f 9157 9017 714
f 2925 2766 2917
f 2924 2917 2916
f 9062 2924 2919
f 9063 2925 2924
f 2926 2927 2766
f 9110 2926 2925
f 1715 1713 1705
f 785 497 498
f 1387 651 565
f 374 375 1899
f 9017 2203 2206
f 2929 2930 2886
f 2932 2933 2934
f 1905 1906 1908
f 2930 2935 2936
f 2938 2935 2930
f 1493 369 517
f 1603 1585 1586
f 2939 2938 2929
f 2940 2939 2908
f 9117 1707 1600
f 2886 2930 2937
f 2906 2907 2898
f 2908 2929 2893
f 2942 2934 2933
f 2941 2933 2937
f 8945 2941 2936
f 8942 2942 2941
f 2943 2944 2710
f 2943 2873 2874
f 2945 2943 2889
f 2946 2944 2943
f 2932 2945 2888
f 2931 2946 2945
f 727 1928 1929
f 2903 2904 2947
f 545 594 42
f 1480 1570 533
f 2907 2906 2949
f 2906 2905 2950
f 1558 452 215
f 9251 2903 2948
f 2054 1645 1644
f 9157 9136 2203
f 1828 1837 1849
f 2953 2954 2955
f 2952 2955 2957
f 2956 2261 2258
f 2953 2952 2258
f 2454 2455 2474
f 9199 2958 2959
f 9199 2132 2131
f 2961 2962 2963
f 2958 2963 2964
f 222 221 2485
f 2477 2226 2966
f 2631 2561 2006
f 2384 2454 2496
f 2967 2968 2959
f 2968 2967 2970
f 9211 2033 2971
f 9236 2971 2960
f 2972 2971 2033
f 2007 2377 2973
f 9004 9003 2134
f 1836 1833 1832
f 8950 2188 2090
f 955 810 959
f 672 675 674
f 633 710 713
f 2024 732 733
f 2025 2024 803
f 425 1552 1550
f 2975 2976 888
f 1319 1158 1157
f 1212 1935 2977
f 889 957 2228
f 1978 1974 1975
f 1138 1078 1329
f 751 665 2979
f 1619 1613 1625
f 2252 2255 1728
f 1157 1160 845
f 2706 1936 1938
f 2980 2255 2254
f 2982 2975 887
f 802 712 711
f 678 677 2029
f 527 840 690
f 1839 1207 2629
f 2983 2984 602
f 2983 1914 1913
f 2985 2983 1331
f 2986 2984 2983
f 2987 2637 2635
f 2985 2988 2639
f 2990 1319 1318
f 2991 2992 2993
f 2995 2991 2994
f 1106 1058 2991
f 1058 1057 2992
f 1415 1406 1365
f 1317 922 2217
f 1932 1728 2255
f 926 2998 2999
f 3001 2993 2992
f 3000 2992 1057
f 2999 3000 2978
f 2998 3001 3000
f 3002 2998 2209
f 3002 3003 2996
f 2993 3001 3002
f 1103 1106 2995
f 3004 2995 2996
f 2209 2210 3004
f 588 1103 3004
f 295 296 433
f 2638 2639 2988
f 3005 2988 1056
f 1305 3005 1930
f 1276 2638 3005
f 1987 1968 1993
f 2633 1762 1761
f 1423 1422 1417
f 9005 8961 739
f 2671 2670 2704
f 1473 1872 2035
f 922 1317 2694
f 1401 1400 1378
f 556 2028 1884
f 842 848 9277
f 1854 2706 2617
f 933 1082 1081
f 1440 1441 1436
f 529 657 719
f 1031 1025 1027
f 777 913 912
f 2645 1205 1204
f 441 438 1538
f 3771 3774 3773
f 790 1287 587
f 2065 2066 1610
f 1860 991 990
f 60 106 87
f 1424 1017 1948
f 332 1527 1507
f 261 262 138
f 187 188 449
f 1719 1720 1726
f 1931 1055 1059
f 3006 1059 1105
f 1287 3006 1104
f 1286 1931 3006
f 3007 3008 3009
f 3009 3008 653
f 618 999 26
f 2029 677 1210
f 957 601 600
f 1049 2146 2228
f 2631 890 3011
f 890 889 2227
f 3011 2227 2145
f 2561 3011 3012
f 1026 656 609
f 2706 1854 1961
f 3013 2965 2485
f 2148 2147 1267
f 3015 1267 1266
f 2997 2264 1101
f 642 641 1773
f 186 477 461
f 1041 1040 1320
f 1121 3016 3017
f 2984 2986 2987
f 3018 2987 2634
f 1048 603 3018
f 603 602 2984
f 2679 2678 801
f 2062 2072 2074
f 2061 2074 2076
f 414 303 1545
f 3016 1121 2683
f 3019 2683 2704
f 3020 3019 2670
f 3007 3016 3019
f 1871 1090 1091
f 3021 1787 1122
f 3022 3021 3017
f 1314 3021 3022
f 1784 1787 3021
f 1316 1315 1763
f 3023 3022 3010
f 3023 3009 795
f 1763 3023 1092
f 1315 3022 3023
f 3016 3007 3010
f 752 751 2978
f 2986 2639 2637
f 3024 654 653
f 3020 3024 3008
f 720 723 3024
f 723 2621 654
f 2681 1098 1268
f 2671 3025 1268
f 2705 2681 3025
f 1313 3026 3027
f 3026 3028 3029
f 3027 3029 3030
f 1311 3027 3031
f 2012 568 731
f 917 2657 974
f 3742 3745 3744
f 743 1206 856
f 1888 2027 2030
f 2682 2705 2684
f 3032 2684 1124
f 1100 3032 2989
f 1099 2682 3032
f 1123 2990 2989
f 3033 1834 1159
f 2990 3033 1158
f 1123 1786 3033
f 1786 1785 1834
f 1054 1056 2988
f 2979 665 664
f 2623 2622 2663
f 1095 660 688
f 3034 3035 2261
f 3036 3034 2956
f 3037 3038 3034
f 3038 3039 3035
f 3040 3041 3026
f 2263 3042 3041
f 3042 3039 3043
f 3041 3043 3028
f 3044 3045 3043
f 3046 3047 3045
f 3047 3048 3049
f 3043 3045 3049
f 3038 3037 3051
f 3050 3051 3053
f 3052 3046 3044
f 3039 3038 3050
f 3054 3035 3039
f 3042 2263 2262
f 2261 3035 3054
f 2216 2263 2997
f 2212 2211 2667
f 3056 868 2209
f 934 3057 1961
f 2013 9207 9209
f 3058 3059 3060
f 3059 3062 3063
f 3060 3063 2213
f 3061 3060 1963
f 3063 3064 2214
f 3062 3065 3064
f 3065 2257 2260
f 3064 2260 2215
f 3066 3067 3031
f 2608 2966 3067
f 2966 2562 3068
f 3031 3067 3068
f 2455 2458 2461
f 2476 2223 2226
f 8995 2090 2089
f 8970 2774 9221
f 433 354 355
f 2115 1423 1419
f 8953 2868 2922
f 9221 9189 2131
f 3069 2611 2167
f 2971 2972 2928
f 2961 2774 2773
f 3070 2475 2478
f 2610 2609 3071
f 2502 2371 2374
f 3072 2592 2595
f 2964 3046 3052
f 3048 2593 3074
f 2593 2592 3075
f 3075 3030 3029
f 3074 3029 3028
f 3072 3076 3075
f 3076 3072 2482
f 2481 2608 3066
f 3076 3066 3030
f 2967 3052 3053
f 2482 3072 3073
f 479 480 493
f 706 9352 9325
f 9005 2194 2221
f 2013 2010 9206
f 8977 2032 2016
f 9006 8963 2222
f 1171 1154 1155
f 3782 3644 3689
f 2586 2566 2565
f 2982 110 113
f 2562 2376 3077
f 2376 2375 3012
f 3012 2145 2148
f 3077 2148 3015
f 2963 3047 3046
f 3051 3078 2970
f 1683 2173 491
f 9302 2122 1447
f 1986 2181 9186
f 3079 3080 2546
f 3081 3079 2575
f 1983 1986 9220
f 3082 2323 2319
f 3080 3082 2545
f 9186 9184 3082
f 9184 9200 2323
f 1309 1471 1888
f 3073 2595 2772
f 2760 3083 3084
f 2760 2085 2088
f 3085 3084 3086
f 3089 3085 3090
f 3089 2762 3084
f 3092 3088 3090
f 3093 2748 2744
f 2751 2747 2748
f 3093 2741 2752
f 2742 2741 3093
f 3094 3093 2743
f 3096 3097 3098
f 3099 3096 3087
f 3097 3094 3095
f 3100 2743 2746
f 3101 2927 3102
f 2764 2766 2927
f 2745 2764 3101
f 3102 3092 3091
f 3100 3091 3095
f 2869 2802 9044
f 3102 3103 3104
f 9110 2868 2869
f 2927 2926 3103
f 3098 3095 3091
f 3087 3098 3090
f 2088 2125 3105
f 3083 3105 3086
f 2483 3073 2771
f 2401 2186 2185
f 3099 3086 3105
f 2125 2207 3106
f 3108 2737 2742
f 3107 2742 3094
f 3110 3108 3107
f 3109 3107 3097
f 3111 3109 3096
f 3112 3110 3109
f 3113 2738 2737
f 3115 2723 2722
f 3117 3115 3114
f 3119 3117 3116
f 3118 3116 3120
f 3116 3114 3113
f 3122 3112 3111
f 3122 3123 1755
f 3124 3125 3126
f 3125 3118 3121
f 3128 3119 3118
f 3129 3128 3125
f 2020 2712 3128
f 9305 9309 1346
f 1065 1046 1047
f 1814 9290 9282
f 2021 2020 3129
f 3111 3099 3106
f 3123 3106 2207
f 2377 2225 2224
f 3014 2485 113
f 1756 2208 9234
f 3131 3132 2530
f 3133 3131 2528
f 1753 1756 9219
f 3134 3124 3127
f 2327 2408 2314
f 2436 2318 2317
f 2018 2021 9163
f 2534 3136 3137
f 2320 2322 3136
f 2185 2018 9164
f 3138 3139 2542
f 3134 3135 9196
f 9237 3130 3134
f 3140 3138 2539
f 2535 3137 3140
f 9163 2021 3130
f 2558 2530 3132
f 9234 9212 3141
f 2560 2558 3141
f 9212 9229 3142
f 958 888 2976
f 1933 1932 2980
f 3714 3704 3729
f 2399 2424 2418
f 2348 2342 2343
f 2322 2320 2319
f 2718 2717 2874
f 2709 2729 2873
f 2894 2871 1361
f 3788 3789 3720
f 346 289 176
f 1876 1877 1882
f 2802 2803 9059
f 3104 3144 3088
f 2974 2222 9101
f 3089 3145 2761
f 3088 3144 3145
f 2803 2974 9055
f 9322 9361 692
f 2123 1419 1418
f 1365 1363 1368
f 3346 3345 3344
f 1581 1766 1782
f 9013 2202 2129
f 8999 2003 2002
f 3146 2585 2551
f 9203 3146 3147
f 9194 3149 3146
f 3149 2584 2585
f 3196 3198 3197
f 9056 2192 2191
f 3142 3150 2556
f 9229 9230 3150
f 9098 3152 2550
f 3150 3151 2555
f 9230 9232 3151
f 9240 9233 3152
f 3153 3147 2551
f 3152 3153 2549
f 9233 9228 3153
f 9228 9202 3147
f 3148 2767 2206
f 2183 2401 2321
f 2132 2960 2928
f 3299 3300 3321
f 9136 9137 2204
f 9171 2198 2197
f 2594 2962 2773
f 2595 2594 2951
f 1870 798 799
f 3257 3260 3259
f 9165 2179 2178
f 9158 2178 9188
f 336 3154 9226
f 339 3155 3154
f 9241 9135 3149
f 9135 9149 2584
f 2963 2962 3048
f 9174 9182 337
f 339 338 2566
f 3156 3157 2168
f 2610 3156 2167
f 2954 2953 3156
f 3157 3156 2953
f 9159 2166 2169
f 2567 3158 3159
f 337 3158 2567
f 9182 3069 2166
f 9216 2190 1983
f 2579 3160 3081
f 2568 3159 3160
f 9161 2169 2190
f 3065 3062 3162
f 3161 3162 1984
f 3157 3161 2189
f 2257 3065 3161
f 734 735 1922
f 3059 3058 2708
f 3163 2708 2182
f 3162 3163 1985
f 3062 3059 3163
f 3203 3206 3205
f 3806 3809 3808
f 2122 2119 1448
f 9269 1686 1685
f 139 140 444
f 1570 569 566
f 2957 3164 3165
f 2955 3166 3164
f 1912 454 341
f 3130 3129 3124
f 1548 322 319
f 1949 1950 1327
f 2969 2970 3078
f 3167 3078 3169
f 9176 2014 2017
f 9172 2017 2033
f 3168 3169 3165
f 3170 3165 3164
f 9231 3170 3171
f 9176 3168 3170
f 3171 3164 3166
f 3172 3166 3071
f 9204 3172 3173
f 9208 3171 3172
f 3169 3037 3036
f 2593 3048 2962
f 3173 3071 2609
f 3174 2609 2199
f 9235 3174 2198
f 9201 3173 3174
f 2190 2189 1984
f 2196 2195 2767
f 3326 3329 3328
f 2119 2120 1414
f 1464 1463 1466
f 2199 2611 3069
f 2457 2456 2587
f 2226 2225 2562
f 481 478 1627
f 333 1512 235
f 3078 3051 3037
f 3040 2264 2997
f 3351 3352 3262
f 2219 1934 1933
f 2385 2384 2497
f 221 2220 3175
f 2220 1933 3143
f 3175 3143 2976
f 2484 3175 2975
f 2954 3071 3166
f 2630 1858 110
f 1547 319 1952
f 2091 2090 2188
f 9185 9188 2178
f 1918 1919 1927
f 9007 112 111
f 3398 3401 3400
f 955 956 960
f 2037 3014 112
f 3143 2980 2981
f 2218 2211 2214
f 672 9329 9239
f 2152 3013 3014
f 1147 1144 1143
f 2248 2246 1409
f 1615 1636 1635
f 1410 1409 2246
f 3486 3488 3487
f 3468 3469 3502
f 3451 3453 3452
f 1382 3176 3177
f 3177 1410 2247
f 2247 1383 3177
f 3176 2238 2230
f 1410 3177 3179
f 3179 3180 2243
f 1633 3181 2800
f 3816 3818 3817
f 1621 1620 2758
f 3642 3801 3662
f 3422 3421 3260
f 1622 1621 2245
f 2236 1394 3181
f 3793 3796 3795
f 3493 3496 3495
f 2237 2236 3182
f 3513 3516 3515
f 2250 1631 2233
f 3654 3666 3667
f 2912 1629 1628
f 3819 3822 3821
f 3432 3824 3823
f 135 136 1564
f 1567 419 512
f 1085 1084 2653
f 3184 869 868
f 869 3184 3057
f 3389 3388 3387
f 1266 1268 1098
f 1267 2147 722
f 937 1146 2646
f 2146 1049 722
f 2211 2218 921
f 1957 510 507
f 1313 1312 2264
f 1496 362 1493
f 2887 2937 2933
f 1687 1688 1659
f 145 1499 1498
f 3831 3829 3830
f 37 38 418
f 1935 1934 3185
f 104 89 301
f 2101 2098 2083
f 543 298 360
f 1934 2219 3186
f 234 1521 212
f 9297 9273 1822
f 3825 3828 3827
f 1976 1875 1874
f 223 3186 2219
f 9107 9108 9057
f 2165 2164 467
f 467 468 2165
f 773 476 2165
f 3673 3658 3659
f 1935 1212 1728
f 3490 3491 3840
f 3362 3359 3848
f 3862 3865 3864
f 3465 3466 3484
f 3893 3894 3525
f 3352 3351 3430
f 3869 3872 3871
f 3529 3530 3567
f 3420 3417 3922
f 3304 3235 3236
f 3929 3932 3931
f 3324 3326 3327
f 3219 3937 3939
f 3220 3938 3937
f 3450 3375 3376
f 3942 3832 3833
f 3215 3216 3454
f 3946 3332 3215
f 3422 3949 3948
f 3950 3457 3198
f 3205 3206 3957
f 3261 3962 3961
f 3852 3853 3964
f 3214 3211 3946
f 3965 3213 3214
f 3797 3800 3799
f 3988 3991 3990
f 3777 3779 3806
f 3855 3858 3447
f 3737 3799 3800
f 3949 3953 3952
f 3651 3782 3783
f 4001 3784 3787
f 4019 4022 4021
f 4027 4030 4029
f 3258 3259 4030
f 4033 4036 4035
f 3424 3425 4047
f 3242 3243 4058
f 3970 3489 3547
f 3829 3242 4057
f 3333 3332 3947
f 4063 4068 4065
f 4073 4076 4075
f 3568 3456 3443
f 3981 3334 3335
f 3540 3915 3862
f 4078 4079 4031
f 3565 3566 4088
f 3442 3455 4089
f 4092 4095 4094
f 4093 4094 4097
f 3619 3620 3623
f 3660 4098 3821
f 3809 3648 3649
f 3610 3652 3655
f 3656 3622 3623
f 3621 3803 3804
f 3503 3480 3481
f 3436 3439 3438
f 3356 3428 3427
f 3628 3670 3669
f 3734 3811 4002
f 3276 3273 3370
f 3763 4106 4107
f 4006 4007 3754
f 3747 3751 3752
f 3863 3864 4110
f 3994 3891 4003
f 3653 3801 3664
f 3296 4116 4115
f 4117 4120 4119
f 3249 3252 3251
f 4127 4130 4129
f 3478 3575 3903
f 3410 4136 3921
f 3977 4061 4038
f 3216 3452 3453
f 3967 3547 3548
f 4140 4078 4032
f 3509 4086 4149
f 4151 4152 3659
f 4153 4152 3656
f 4153 4154 3646
f 4156 3688 3645
f 4139 4077 4078
f 3743 3744 4163
f 3861 3918 3987
f 3468 4066 4067
f 3306 3981 3980
f 4172 4173 4010
f 4169 4170 3836
f 4187 4190 4189
f 4213 4216 4215
f 4220 4223 4222
f 4225 4226 4211
f 4230 4233 4232
f 4240 4243 4242
f 3606 3609 3608
f 4250 4253 4252
f 4258 4261 4260
f 4077 4080 4079
f 4276 4279 4278
f 4308 4262 4263
f 4017 4018 3872
f 3196 3193 3951
f 4316 4317 4270
f 3870 4306 4307
f 4324 4327 4326
f 4333 4334 4247
f 4338 4341 4340
f 4348 4351 4350
f 4283 4284 4289
f 4356 4359 4358
f 4359 4019 4020
f 4362 4363 4196
f 4320 4364 4279
f 4370 4372 4296
f 4377 4253 4303
f 4231 4232 4201
f 4203 4212 4331
f 4037 4040 4039
f 4371 4265 4386
f 4387 4346 4347
f 3309 3293 3294
f 4099 3723 3724
f 4355 3422 3257
f 3630 3680 3693
f 4277 4278 4302
f 4350 4318 4319
f 4353 4354 4351
f 3637 3634 3639
f 4394 4395 3827
f 3311 3312 4399
f 3755 3708 4005
f 4363 4362 4259
f 3454 3453 3919
f 3446 3447 3459
f 4298 4299 4404
f 3749 3746 3769
f 3791 3741 3756
f 3643 3685 3684
f 3845 3846 3399
f 4313 3257 3258
f 4411 4413 4408
f 3843 4424 4423
f 4214 4215 4329
f 4431 4434 4433
f 3918 3861 3798
f 3927 3928 3388
f 4453 3893 3874
f 4138 4458 4457
f 3346 4460 4459
f 4100 4109 4108
f 3974 3977 3976
f 3665 3655 3652
f 3773 3565 3993
f 3945 3454 3920
f 4144 4463 4462
f 4464 4467 4466
f 3268 4142 4479
f 4484 3921 4136
f 3348 3914 4487
f 3313 3314 3912
f 3803 3621 3617
f 4086 3509 3510
f 4034 3304 3305
f 3403 3404 4171
f 4481 4482 4492
f 4177 4180 4179
f 4398 4170 3923
f 4451 4493 4494
f 4501 4075 4076
f 4509 4510 4506
f 3304 4034 4462
f 4485 4399 3312
f 3419 4488 3349
f 4356 4345 4385
f 4026 4354 4358
f 4354 4353 4357
f 3599 3596 4091
f 4341 4338 4254
f 4251 4252 4524
f 3482 3485 3484
f 3843 3543 3544
f 4295 4341 4274
f 4381 4530 4206
f 4204 4205 4531
f 4533 4536 4535
f 4542 4545 4544
f 4546 4549 4548
f 4573 4574 4547
f 4575 4578 4577
f 4221 4581 4580
f 4587 4590 4589
f 4328 4592 4589
f 4187 4565 4563
f 4595 4583 4593
f 4597 4605 4604
f 4609 4608 4611
f 4620 4623 4622
f 4612 4615 4614
f 4636 4638 4600
f 4649 4651 4650
f 4652 4655 4654
f 4662 4665 4664
f 4666 4669 4668
f 4637 4639 4685
f 4627 4701 4700
f 4684 4686 4636
f 4663 4689 4661
f 4699 4698 4697
f 4647 4648 4703
f 4709 4711 4603
f 4724 4633 4726
f 4742 4745 4744
f 3311 3923 3924
f 4698 4759 4758
f 4749 4765 4609
f 4342 4345 4344
f 4797 4800 4799
f 4490 4048 3974
f 4019 4359 4306
f 4512 3955 4514
f 3991 3988 4508
f 4692 4695 4694
f 4680 4681 4818
f 4821 4822 4824
f 4367 4239 4243
f 4833 4832 4831
f 4837 4744 4757
f 4332 4563 4562
f 4683 4835 4819
f 4845 4843 4850
f 4751 4753 4752
f 4854 4855 4695
f 4858 4719 4718
f 4822 4559 4859
f 4674 4646 4647
f 4771 4774 4773
f 4726 4727 4537
f 4714 4718 4719
f 4633 4634 4688
f 4616 4619 4618
f 4686 4684 4842
f 4869 4707 4708
f 3502 3868 3528
f 4777 4660 4737
f 4734 4732 4779
f 4883 4755 4663
f 4375 4294 4274
f 4290 4343 4335
f 4816 4815 4812
f 4778 4779 4732
f 4158 3710 4160
f 4195 4198 4197
f 3860 3861 4166
f 3758 3759 3763
f 3694 3691 4157
f 4249 4248 4391
f 3467 3470 3469
f 4209 4212 4211
f 4142 3268 4144
f 3615 3614 3617
f 3479 3480 3536
f 4883 4753 4672
f 4802 4801 4642
f 3698 3637 3638
f 4105 3725 3726
f 4848 4645 4896
f 4878 4877 4744
f 4610 4874 4748
f 4036 3403 4489
f 4355 4313 4314
f 4171 4141 4049
f 3875 3452 3216
f 4868 4865 4863
f 4623 4900 4691
f 3629 3626 4155
f 4654 4887 4898
f 4012 4015 4014
f 4902 4903 4866
f 4768 4769 4908
f 4370 4386 4385
f 4888 4860 4914
f 3546 3543 3917
f 4932 4926 4931
f 3625 3622 4151
f 3804 3669 3670
f 3816 4104 4103
f 4911 4898 4887
f 4928 4930 4927
f 4925 4929 4927
f 3655 3665 3666
f 4932 4919 4910
f 4937 4923 4912
f 4939 4938 4942
f 4228 4529 4530
f 4946 4945 4942
f 4938 4922 4923
f 4942 4938 4937
f 4951 4950 4930
f 4955 4951 4928
f 4748 4750 4615
f 4914 4860 4847
f 4824 4859 4584
f 4940 4939 4941
f 4916 4961 4960
f 4909 4907 4891
f 4971 4967 4968
f 4966 4970 4948
f 4962 4952 4953
f 4940 4935 4924
f 4831 4916 4917
f 4935 4936 4925
f 4275 4255 4261
f 4679 4758 4791
f 4016 4309 4373
f 4668 4764 4766
f 4539 4537 4727
f 4929 4925 4936
f 4775 4776 4801
f 4801 4776 4742
f 4732 4734 4611
f 4985 4984 4983
f 4534 4586 4562
f 4847 4644 4645
f 4788 4787 4619
f 4787 4788 4678
f 4657 4606 4605
f 4994 4996 4878
f 5006 5009 5008
f 5001 5003 4973
f 4814 4618 4619
f 5014 4989 4974
f 5003 5002 4972
f 5019 5006 5007
f 5024 5016 5017
f 5036 5037 5035
f 4990 5019 4975
f 5045 5033 5034
f 5048 5049 5034
f 5025 5017 5014
f 5046 5038 5043
f 5051 5052 5055
f 5044 5050 5060
f 5011 4981 5021
f 5013 5069 5068
f 5028 5073 5072
f 5077 5074 5064
f 5065 5080 5079
f 5083 5079 5080
f 5063 5067 5080
f 5054 5055 5071
f 4602 4603 4711
f 5058 5082 5083
f 4982 4983 4792
f 5041 5033 5045
f 3909 3911 3278
f 3471 3474 3473
f 5002 5003 4994
f 5060 5080 5067
f 4892 4861 4862
f 4891 4813 4884
f 4996 4994 5003
f 4997 5015 5005
f 4813 4617 4614
f 4618 4814 4827
f 5089 5090 5093
f 3303 3306 3305
f 5100 5103 5102
f 5107 5110 5109
f 5110 5115 5092
f 4610 4611 4734
f 5112 5103 5100
f 5088 5091 5090
f 5119 5118 5117
f 5092 5115 5096
f 3826 3830 3829
f 5108 5109 5102
f 5100 5130 5087
f 5118 5131 5133
f 3783 3689 3690
f 4444 4447 4446
f 5151 5153 5150
f 4790 4616 4617
f 4332 4182 4190
f 3266 3267 4451
f 3211 3947 3332
f 4741 4796 4760
f 4775 4778 4777
f 4764 4665 4691
f 4489 4171 4048
f 4466 4477 4511
f 4518 3936 3930
f 4786 4787 4791
f 4980 5005 4984
f 5144 5152 5150
f 5159 5146 5148
f 5121 5119 5120
f 5169 5164 5162
f 5016 4978 4979
f 5123 5180 5179
f 5181 5180 5140
f 5175 5185 5184
f 4575 4581 4586
f 4984 4985 4976
f 4596 4599 4598
f 5182 5181 5183
f 4785 4619 4787
f 5137 5124 5122
f 5167 5179 5180
f 4835 4683 4898
f 4687 4727 4726
f 4176 3836 4170
f 4760 4761 4655
f 4681 4680 4649
f 5121 5093 5132
f 5171 5191 5178
f 5174 5178 5191
f 5169 5193 5194
f 4909 5094 5095
f 5105 5104 5112
f 4767 5108 5126
f 5201 5202 5205
f 5219 5218 5217
f 5229 5214 5200
f 5234 5237 5236
f 4069 4072 4071
f 4724 4725 4717
f 5108 4767 4768
f 5103 5195 5126
f 5227 5218 5211
f 5015 4997 4884
f 4997 4998 4892
f 5197 5198 5215
f 5241 5199 5247
f 5013 4975 5019
f 5205 5239 5232
f 4969 4967 4971
f 5239 5205 5249
f 4808 5243 5225
f 5216 5247 5199
f 5253 5245 5242
f 5235 5236 5255
f 5135 5148 5157
f 5264 5260 5267
f 5245 5203 5215
f 5260 5261 5269
f 5264 5266 5274
f 5154 5153 5173
f 5287 5272 5278
f 5256 5301 5300
f 5173 5174 5176
f 4631 4630 4629
f 4781 4784 4783
f 5309 5307 5311
f 5155 5156 5144
f 4826 4828 4827
f 5291 5295 5308
f 5310 5311 5281
f 5311 5307 5308
f 4036 4033 4176
f 4641 4716 4704
f 5220 5224 4804
f 4770 5206 5207
f 5188 5185 5175
f 5180 5123 5129
f 4626 4700 5314
f 4731 4728 5315
f 5222 5213 5210
f 4728 4882 5316
f 5230 5219 5216
f 5297 5296 5240
f 5204 5233 5208
f 5318 4868 4864
f 5273 5272 5287
f 5221 5210 5219
f 4700 4902 5321
f 5313 5314 5328
f 5157 5149 5154
f 5275 5276 5263
f 5324 5322 5318
f 5323 5332 5331
f 5343 5334 5345
f 5306 5310 5286
f 5278 5281 5311
f 4882 4625 5320
f 5109 5110 5114
f 5123 5087 5130
f 5299 5283 5284
f 5240 5198 5199
f 5229 5231 5197
f 5305 5302 5292
f 5233 5228 5225
f 5192 5190 5194
f 5104 5105 4670
f 5146 5159 5160
f 5337 5340 5347
f 5347 5340 5341
f 5353 5346 5335
f 5349 5355 5354
f 5355 5358 5357
f 5358 5355 5360
f 5355 5349 5348
f 5342 5366 5365
f 5345 5346 5362
f 5332 5364 5367
f 5372 5371 5315
f 5370 5365 5366
f 5361 5356 5354
f 5364 5365 5368
f 5369 5344 5362
f 5316 5320 5330
f 5373 5359 5371
f 5341 5342 5364
f 5374 5358 5359
f 5329 5376 5375
f 5377 5380 5379
f 5377 5376 5331
f 5380 5377 5367
f 5363 5383 5370
f 5357 5358 5374
f 5381 5385 5361
f 4814 4815 4825
f 4825 4815 4816
f 4806 4746 4747
f 5119 5121 5131
f 4696 4697 4893
f 4696 5389 5390
f 5213 5222 5388
f 5393 5389 5388
f 5380 5382 5384
f 5213 5387 4893
f 4813 4891 4908
f 5390 5392 4693
f 5294 5289 5287
f 5184 5185 5186
f 5285 5275 5253
f 4769 4789 4790
f 5327 5371 5359
f 4598 4621 4690
f 4608 4606 4733
f 4627 4624 4609
f 4596 4604 4851
f 4900 4623 4706
f 4668 4795 5395
f 4863 4865 4639
f 5392 5393 4666
f 4872 4650 4651
f 4807 4791 4758
f 5348 5338 5325
f 5176 5191 5190
f 5046 5031 5022
f 4853 4852 4869
f 5346 5353 5363
f 4709 4880 4620
f 4672 4673 4904
f 4680 4811 4651
f 4841 4844 4688
f 4823 4817 4818
f 4729 4730 4602
f 4881 4729 4851
f 5360 5348 5326
f 4852 4900 4707
f 4890 4751 4669
f 5392 5390 5389
f 5189 5182 5186
f 4881 4604 4605
f 5343 5344 5369
f 4607 4624 4625
f 5056 5055 5052
f 4850 4797 4798
f 3260 5399 5398
f 4855 4736 4899
f 5339 5343 5366
f 4789 4905 4808
f 5400 4040 3948
f 3872 3424 4046
f 4018 3423 3424
f 4025 4523 4172
f 4011 4023 4024
f 4065 4068 3900
f 3413 4012 4013
f 5056 5068 5069
f 5055 5056 5070
f 4062 5398 5399
f 5269 5289 5294
f 4685 4866 4903
f 5254 5242 5240
f 4606 4657 4658
f 4729 4881 4882
f 4030 4041 4043
f 4664 4752 4753
f 3575 3483 3904
f 3413 3410 3922
f 4949 4968 4955
f 4947 4937 4913
f 4849 4850 4894
f 4143 3974 3975
f 4912 4923 4932
f 3774 3771 3995
f 3956 3954 3342
f 4871 4872 4758
f 4270 4273 4272
f 4039 4040 5400
f 3555 3969 5402
f 5403 5404 3906
f 3908 4126 3823
f 4124 4121 5408
f 3901 3902 4046
f 4120 4117 5410
f 4124 3962 4125
f 5420 3906 5404
f 5424 4059 5425
f 3400 5429 5428
f 5432 5433 5435
f 4941 4942 4945
f 4935 4940 4949
f 3895 3898 3897
f 5426 5408 4121
f 5430 3905 3906
f 4045 4041 5398
f 5395 4693 5392
f 4846 4903 4701
f 4880 4709 4710
f 4624 4607 4608
f 4656 4690 4662
f 5305 5307 5309
f 5220 5223 5222
f 4230 4223 4327
f 5030 5073 5028
f 5213 5212 5211
f 5440 3272 3269
f 4396 4397 3980
f 5447 5448 3244
f 3328 3330 5451
f 4208 4391 4248
f 4599 4620 4621
f 4528 4339 4391
f 4529 4228 4199
f 4526 4338 4339
f 4256 4235 5452
f 4532 5452 4241
f 3834 4400 5446
f 5443 5445 5444
f 4530 4247 4334
f 4754 4886 4904
f 4229 4228 4381
f 4205 4382 4383
f 4892 4998 4987
f 4039 4032 3976
f 4738 4780 4796
f 4833 4835 4897
f 4232 4527 4200
f 4194 4240 4241
f 4889 4794 4750
f 4194 4191 4365
f 4531 4383 4195
f 5043 5042 5062
f 4182 4332 4561
f 5446 5447 3241
f 5237 5239 5248
f 4206 4334 4382
f 5210 5211 5218
f 3426 3922 3417
f 4216 4191 4192
f 4219 4210 4184
f 4180 4561 4380
f 4327 4595 4591
f 4223 4230 4231
f 4215 4192 4360
f 4186 4568 4218
f 4190 4330 4209
f 4223 4220 4595
f 4326 4591 4328
f 4366 4389 4568
f 4570 4548 4549
f 4579 4573 4548
f 4563 5453 4533
f 4583 4595 4220
f 4586 4380 4561
f 4239 4196 4363
f 4572 4571 4567
f 4536 4539 4585
f 4538 5453 4566
f 4536 4533 5453
f 3573 3986 3983
f 5427 3963 3552
f 4553 4587 4588
f 4593 4554 4555
f 4368 4365 4183
f 4361 5452 4235
f 4233 4369 4527
f 4233 4230 4324
f 4212 4209 4330
f 4237 4324 4325
f 4193 4241 5452
f 4983 5015 4885
f 5002 4995 4986
f 5074 5077 5076
f 4698 4699 5391
f 5391 4699 5390
f 4871 4899 4650
f 4546 4857 4543
f 4553 4550 4901
f 4552 4588 4555
f 5223 4804 4805
f 5386 5382 5383
f 5317 5315 5371
f 3240 3237 4429
f 5384 5385 5381
f 3938 3217 3218
f 3942 3943 5455
f 5361 5385 5386
f 4542 4540 4541
f 3910 5430 5420
f 3939 3333 4060
f 3851 5350 5351
f 3838 5427 3556
f 4547 4858 4857
f 5442 5443 4050
f 3385 3874 5428
f 4257 4234 4235
f 5312 5212 4893
f 4212 4203 4204
f 3854 3849 5461
f 4226 4184 4210
f 4202 4177 4178
f 3316 3983 3897
f 5464 5465 4432
f 5465 5466 3883
f 4472 4469 4449
f 4501 4472 4450
f 4074 4075 4080
f 5473 5474 5401
f 4173 4172 5475
f 3432 3429 3520
f 3462 5505 5504
f 4075 4501 4494
f 5482 5481 3387
f 5468 5471 5470
f 3427 5421 5422
f 4498 4499 4487
f 5403 3824 5414
f 3382 5523 5522
f 3492 5512 5511
f 3429 3434 3517
f 3873 5522 5524
f 5480 5479 3350
f 3477 5508 5505
f 4507 4508 5544
f 4396 5550 5551
f 3374 5552 5553
f 3373 5553 5554
f 5479 4521 4063
f 3390 5554 5555
f 5531 5525 5566
f 3368 5568 5567
f 5556 5557 5560
f 3393 5555 5557
f 4433 3364 5463
f 5464 5463 5458
f 4435 4437 4439
f 4055 4393 3277
f 3273 3278 3911
f 3395 3357 3358
f 5486 3894 4071
f 5526 4455 4453
f 5525 5570 5569
f 5568 3526 3527
f 3527 3362 3847
f 3365 5461 3849
f 5462 3849 3850
f 4435 4436 5571
f 3378 3379 3943
f 5573 5578 5577
f 4438 5455 3943
f 5477 5574 5579
f 5582 5581 5580
f 5583 5580 5581
f 5586 5585 5588
f 4074 5472 5586
f 5583 5585 5474
f 4507 5589 5590
f 5573 5478 4522
f 3989 5595 5596
f 5594 3406 3407
f 4436 3381 5572
f 5591 3990 3991
f 4507 4475 4476
f 3990 5591 5587
f 5578 3409 3406
f 5595 3989 5584
f 5484 3394 3358
f 4441 4442 5467
f 5472 4074 4077
f 5522 5599 5570
f 5486 3358 3353
f 5481 4498 3386
f 3475 5506 5492
f 5476 4523 3899
f 5540 5541 5606
f 5542 5540 5603
f 5608 5543 5542
f 5608 5607 5545
f 5607 5603 5609
f 5599 5600 5548
f 5598 5592 5543
f 5595 5594 5593
f 5588 5584 3989
f 5626 3265 3266
f 5627 3266 4448
f 5469 4449 4469
f 4515 4517 5625
f 4503 4473 4474
f 4481 5626 5627
f 4500 5628 5469
f 3414 4468 5466
f 5594 5595 5581
f 3376 3377 4430
f 3444 3944 3941
f 5572 3944 3444
f 4273 4286 4287
f 4345 4356 4357
f 4386 4304 4305
f 4517 4462 4463
f 4352 4349 4319
f 4352 4250 4251
f 4268 4277 4390
f 4264 5629 4320
f 4346 4387 4282
f 4337 4335 4343
f 4289 4244 4245
f 4303 4378 4287
f 4343 4290 4291
f 4284 4333 4244
f 4375 4519 4291
f 4379 4319 4271
f 4337 4353 4348
f 4524 4525 4295
f 4364 4362 4197
f 4285 4282 4390
f 5206 5209 5208
f 4297 5629 4371
f 4346 4283 4286
f 4285 4300 4333
f 3571 3572 4395
f 5341 5340 5339
f 5346 5345 5334
f 5269 5261 5273
f 4510 4509 5609
f 4509 4474 5545
f 4445 4446 5611
f 5566 5569 5568
f 5349 5336 5338
f 5489 5490 3401
f 5565 5566 3368
f 5496 5497 5417
f 5523 3382 3383
f 5325 5338 5347
f 5523 5600 5599
f 5429 3400 3401
f 3887 5632 5631
f 5634 5613 5600
f 5276 5280 5279
f 5298 5297 5257
f 5087 5086 5085
f 3361 3526 5612
f 5041 5061 5066
f 5487 5488 3383
f 5101 5116 5130
f 5299 5298 5300
f 5333 5336 5335
f 5302 5305 5304
f 5234 5247 5216
f 5301 5256 5255
f 4868 5318 5322
f 5281 5278 5277
f 5323 5321 5322
f 5298 5284 5296
f 4885 4829 4750
f 5231 5230 5196
f 4625 4626 5313
f 5111 5113 5085
f 5600 5613 5549
f 5531 5564 5563
f 5165 5166 5182
f 5283 5280 5285
f 4269 4276 4277
f 5610 5609 5603
f 5127 5090 5091
f 4907 5095 5125
f 5277 5278 5272
f 5596 5593 5592
f 5212 5312 5226
f 5273 5261 5262
f 5302 5301 5258
f 5635 5646 5645
f 4250 4352 4379
f 4485 4136 3405
f 4354 4026 4023
f 4265 4262 4304
f 4388 4390 4282
f 4345 4342 4384
f 4362 4364 4297
f 4836 4765 4612
f 4360 4361 4236
f 4369 4233 4237
f 5647 5636 3986
f 5650 3965 3192
f 5337 5338 5336
f 4467 4478 4477
f 4253 4377 4340
f 4429 3416 5457
f 3997 4133 3915
f 5535 3856 3839
f 5538 5541 4460
f 3439 3376 5571
f 5570 5525 5526
f 3438 5571 5572
f 4440 4468 3879
f 3440 5665 4407
f 3886 5685 5695
f 5534 5529 5396
f 5685 3886 3471
f 4278 4198 4301
f 5628 4448 4449
f 3579 3537 3538
f 4480 5627 5628
f 4402 5499 5517
f 4279 4197 4198
f 3603 3534 3532
f 3580 3594 4088
f 4095 3530 3531
f 5248 5249 5251
f 3778 3819 3999
f 4617 4618 4613
f 4375 4275 4372
f 3411 3405 4136
f 5094 5106 5111
f 3602 3532 3535
f 4023 4011 4350
f 4349 4352 4336
f 3605 3535 3536
f 4469 4472 4471
f 4094 3531 3593
f 4248 4249 4245
f 3519 5521 5518
f 5254 5296 5284
f 4852 4853 4795
f 4265 4371 5629
f 5632 5499 5503
f 3604 3611 3612
f 5549 5501 5502
f 3653 3606 3607
f 4780 4738 4873
f 4988 4989 4979
f 4491 5625 5626
f 4837 4904 4995
f 4615 4612 4765
f 5468 4469 4470
f 3514 3470 3467
f 5491 5680 4409
f 4093 3618 3619
f 4364 4320 5629
f 3488 5510 5509
f 5606 5539 5611
f 4210 4219 4189
f 4600 4603 4602
f 5242 5215 5198
f 5073 5074 5075
f 5651 5657 3940
f 3996 3541 3775
f 5200 5203 5202
f 5525 5531 5527
f 3364 4433 4434
f 3775 3541 3542
f 3941 3833 5485
f 3731 3706 4105
f 4997 5000 4999
f 4508 5598 5608
f 4101 4099 3818
f 3728 4109 4103
f 4591 4593 4592
f 4539 4536 4538
f 4550 4553 4552
f 4541 4566 4567
f 4389 4579 4570
f 4582 4583 4580
f 4976 4979 4978
f 4705 4708 4707
f 4797 4850 4843
f 3713 3729 3730
f 4675 4647 4702
f 4977 4978 4981
f 4810 4818 4817
f 4786 4811 4812
f 4715 4631 4628
f 4978 5016 5021
f 5010 5009 5006
f 3722 3743 4162
f 4558 4557 4560
f 4568 4570 4569
f 4584 4578 4535
f 4641 4631 4715
f 5026 5014 5012
f 4776 4777 4745
f 4714 4628 4712
f 4982 4996 5001
f 4576 4577 4560
f 4564 4567 4566
f 5069 5013 5018
f 5057 5052 5048
f 4810 4812 4811
f 3710 4158 3786
f 4991 4992 4999
f 5011 5009 5010
f 5008 5020 5022
f 5066 5067 5063
f 5047 5037 5024
f 5050 5049 5051
f 5023 5021 5016
f 5045 5044 5059
f 5047 5025 5026
f 3711 3712 3724
f 5048 5035 5037
f 5042 5040 5063
f 5058 5053 5051
f 5036 5038 5046
f 3715 3699 3700
f 5235 5256 5257
f 3732 3729 3704
f 5030 5031 5062
f 5020 5021 5023
f 5263 5262 5261
f 5049 5050 5044
f 5236 5248 5250
f 5031 5030 5027
f 5043 5038 5039
f 5320 5313 5329
f 5049 5048 5052
f 5326 5319 5317
f 3264 3261 3288
f 5264 5265 5263
f 4998 4999 4992
f 5009 5011 5020
f 5036 5032 5039
f 5032 5035 5034
f 4355 4317 3949
f 4269 4266 4374
f 4253 4250 4378
f 4525 4524 4252
f 3960 4112 4111
f 4372 4275 4258
f 5681 5672 5673
f 4378 4379 4272
f 4270 4347 4346
f 3244 5448 5644
f 4899 4703 4648
f 3734 3732 3702
f 4138 3346 3343
f 4192 4193 4361
f 3813 4001 3812
f 3817 3695 3696
f 5668 5683 5682
f 5690 5691 5687
f 5499 5632 5700
f 3999 3819 3820
f 3745 3742 4102
f 5684 3471 3472
f 5702 3859 3860
f 5712 5713 5693
f 3249 3277 4393
f 5695 5683 5715
f 5694 5715 5716
f 5719 3972 5601
f 4918 4919 4950
f 4774 4742 4743
f 5505 4415 4411
f 3583 3584 3585
f 3710 3687 4157
f 5513 5725 4417
f 5704 3563 4146
f 4141 4045 4062
f 5669 5689 5688
f 3898 3895 5653
f 5718 3973 3972
f 5684 5687 5686
f 3917 4131 5717
f 3463 5666 5662
f 5492 5506 5680
f 4931 4930 4950
f 5665 3440 3441
f 3788 3717 3740
f 3501 3502 3529
f 3569 3570 3477
f 5516 5728 5727
f 3564 3567 3566
f 3892 5405 5406
f 3962 4124 5407
f 4126 3908 4123
f 4116 3296 3287
f 3892 3887 5630
f 3824 3432 5413
f 4408 4409 5680
f 3969 3966 3978
f 4408 4413 3449
f 4414 3448 3449
f 3962 3261 3262
f 4425 5724 5616
f 4418 5725 5727
f 5716 5597 5575
f 5719 5720 5717
f 5698 5498 5692
f 3880 5621 4166
f 5652 3212 5520
f 5621 5623 4167
f 5679 4409 4410
f 3210 3209 3355
f 5622 5534 5451
f 5416 5417 5497
f 5729 5732 5731
f 5733 5734 3761
f 5735 5738 5737
f 5750 5752 5751
f 5744 5745 5740
f 5744 3770 3753
f 5753 5754 5730
f 5757 5758 5736
f 5731 5752 5765
f 5774 5777 5776
f 5790 5793 5792
f 5796 5786 5787
f 5817 5814 5819
f 5828 5831 5830
f 3725 4105 3751
f 4874 4734 4873
f 4700 4701 4903
f 4740 4820 4876
f 3199 3202 3201
f 4100 4102 4099
f 3749 3767 4108
f 3695 3817 3712
f 3378 3381 3380
f 5504 4411 4412
f 4405 4402 5518
f 5838 5839 5835
f 4705 4632 4712
f 5832 5831 5828
f 5697 5677 5678
f 3791 4006 4005
f 5848 5791 5794
f 3714 3700 3701
f 3995 4148 4042
f 3329 3326 3224
f 4005 3708 3705
f 4551 4762 4763
f 5855 5798 5808
f 5851 5795 5792
f 5803 5801 5858
f 5844 5843 5840
f 5762 5759 5743
f 5808 5809 5806
f 4012 3413 3426
f 5558 3513 3467
f 4550 4763 4720
f 4950 4951 4953
f 3885 3886 5694
f 5705 5706 4081
f 5508 4417 4415
f 3745 3759 3760
f 5507 4412 5680
f 3592 3536 3588
f 3895 5434 5658
f 5613 5500 5501
f 3834 3830 4393
f 5527 4454 4455
f 5775 5806 5809
f 5766 5767 5813
f 5858 5811 5812
f 5855 5815 5811
f 5863 5820 5819
f 5826 5859 5863
f 5862 5866 5833
f 5870 5871 5837
f 5782 5783 5831
f 5868 5838 5836
f 5778 5779 5843
f 5866 5870 5845
f 5785 5864 5867
f 5790 5788 5789
f 5796 5797 5794
f 5821 5818 5819
f 5657 5651 5620
f 5793 5849 5852
f 5855 5858 5801
f 5853 5847 5786
f 5804 5805 5802
f 5827 5867 5864
f 5767 5768 5821
f 5854 5857 5776
f 5860 5817 5818
f 5782 5832 5825
f 5781 5778 5844
f 5810 5811 5815
f 5867 5827 5830
f 5809 5808 5798
f 5828 5829 5863
f 5865 5841 5838
f 5801 5803 5802
f 4086 5707 3795
f 5779 5780 5842
f 5827 5826 5829
f 5839 5872 5869
f 5814 5815 5855
f 5711 4132 3859
f 4958 4957 4917
f 5861 5818 5821
f 5863 5859 5812
f 5865 5868 5823
f 5873 5836 5837
f 5872 5839 5842
f 4089 3455 3563
f 3812 3787 3785
f 5770 5771 5787
f 5789 5786 5847
f 5793 5789 5846
f 4145 4147 4146
f 5848 5773 5790
f 3953 4008 4009
f 5748 5875 5874
f 4624 4627 4626
f 4665 4764 4752
f 4775 4780 4779
f 4746 4670 4671
f 4637 4600 4601
f 4828 4612 4613
f 4704 4763 4762
f 4843 4845 4727
f 4543 4717 4725
f 4731 4864 4863
f 4723 4594 4558
f 4842 4846 4840
f 4717 4543 4857
f 4865 4868 4867
f 5841 5865 5866
f 4725 4726 4540
f 4798 4799 4816
f 4632 4635 4634
f 4720 4716 4715
f 4642 4645 4644
f 3754 4007 5874
f 4860 4761 4644
f 4674 4723 4722
f 4808 4809 4676
f 4721 4722 4822
f 5876 5878 5877
f 4836 4838 4840
f 4658 4661 4660
f 4826 4799 4800
f 4877 4782 4743
f 4948 4970 4971
f 4875 4739 4876
f 4954 4933 4934
f 5773 5770 5788
f 5825 5832 5833
f 5834 5837 5836
f 5834 5844 5845
f 3359 3362 3361
f 5732 5729 3756
f 3394 3397 3396
f 3766 3769 5741
f 5774 5809 5799
f 5805 5776 5857
f 5813 5821 5820
f 3969 3555 3964
f 5667 5668 5674
f 5729 5747 3792
f 3770 5744 5741
f 4741 4740 4739
f 4689 4737 4660
f 5772 5797 5787
f 5735 5733 3758
f 5850 5772 5773
f 5617 5528 3965
f 5799 5800 5854
f 5875 5748 5764
f 5840 5843 5842
f 5861 5768 5769
f 5807 5804 5853
f 5869 5781 5834
f 3765 3768 5739
f 5882 5884 5761
f 5881 5879 5887
f 5895 5896 5898
f 5907 5905 5906
f 5909 5907 5908
f 4234 4257 4526
f 3912 3927 3389
f 5934 8731 8730
f 8730 8731 5930
f 4920 4923 4922
f 8845 8847 8853
f 4141 4171 3404
f 3733 3705 3706
f 8849 8847 8848
f 4234 4237 4236
f 8863 8858 5919
f 3733 4002 4004
f 5908 5906 8859
f 8865 8866 8871
f 8859 8858 8863
f 5927 5924 5925
f 5911 5903 5904
f 8878 8871 8866
f 5635 5638 5637
f 5745 5744 5746
f 3552 3555 3554
f 8857 8889 8890
f 5924 5927 8860
f 3553 3557 3556
f 5919 5920 8861
f 8869 8865 8870
f 8873 8871 8878
f 8856 8857 8875
f 8862 8861 5889
f 8846 8845 8844
f 8864 8863 8866
f 8729 8730 8883
f 8848 8846 8887
f 8878 8879 5888
f 8896 8854 8855
f 8853 8854 8896
f 8841 8842 5882
f 3489 3492 3491
f 8867 8859 8864
f 5910 5908 8867
f 5914 5910 8898
f 5916 5914 8899
f 5889 8861 8860
f 8876 8878 8893
f 5918 5916 8900
f 4424 5722 5726
f 8904 8903 8900
f 8909 8908 8904
f 8908 8907 8903
f 8869 8909 8905
f 3632 3668 3667
f 3687 3690 3689
f 3636 3682 3681
f 3664 3641 3639
f 4304 4307 4306
f 8909 8869 8891
f 3681 3696 3695
f 3758 3761 3760
f 3684 3701 3700
f 3721 3724 3723
f 3941 3944 3943
f 3738 3741 3740
f 3687 3710 3709
f 3238 3239 3938
f 4249 4303 4288
f 4499 4498 3344
f 4240 4194 4368
f 3453 3451 3951
f 4401 3971 3547
f 3950 3951 3451
f 3702 3704 3701
f 3725 3728 3727
f 3194 3207 3208
f 4034 4035 4461
f 3914 3348 3913
f 3483 3575 3533
f 3191 3958 3957
f 4292 3489 3970
f 3909 3910 3428
f 3959 3960 3866
f 4017 4308 4309
f 4316 4318 4008
f 4448 4451 4450
f 4414 4415 4417
f 3435 3430 3351
f 4413 4411 4415
f 3899 3902 3901
f 3780 3781 3648
f 3474 3471 3886
f 3958 3191 3192
f 3221 3223 3935
f 3905 3908 3907
f 3913 4488 4486
f 4420 4422 4421
f 3881 3884 3883
f 4004 3788 3790
f 4271 4319 4318
f 4259 4297 4296
f 3501 4003 4066
f 5897 5898 5900
f 5901 5902 5904
f 8854 8849 8856
f 3789 3785 3786
f 3651 3648 3781
f 5924 5899 5901
f 8870 8871 8873
f 8876 8877 8874
f 5912 5917 5918
f 3805 3918 3799
f 3369 3370 3395
f 3923 3926 3925
f 3916 3917 3512
f 3641 3664 3801
f 4276 4269 4323
f 4181 4229 4331
f 4428 4430 3377
f 3495 4425 4321
f 4436 4435 3380
f 4430 4428 4437
f 3945 3957 3958
f 4065 3901 4047
f 4495 4497 3408
f 8913 8912 8915
f 8911 8910 8917
f 8889 8922 8923
f 8919 8935 8931
f 8884 8914 8918
f 8922 8921 8931
f 5852 5907 5909
f 5866 5862 5915
f 8926 8918 8914
f 8914 8884 8883
f 8886 8919 8921
f 5846 5847 5894
f 5873 5902 5900
f 8893 5888 5764
f 8894 8893 5754
f 5890 8860 5927
f 5885 8896 5755
f 5871 5904 5902
f 5763 8936 5883
f 5880 5890 8936
f 4175 4176 4398
f 4274 4254 4255
f 8883 8730 5931
f 8868 8905 8898
f 3289 4059 3247
f 3858 3855 5485
f 8850 8848 8886
f 4116 4120 5409
f 3889 5406 4127
f 3678 3679 8938
f 8857 8850 8888
f 3979 3551 3294
f 4126 3352 3431
f 3651 4000 3679
f 3460 3858 5921
f 4084 3309 3310
f 8905 8904 8899
f 3561 3327 5397
f 3213 3965 5528
f 4191 4194 4193
f 5449 5450 5532
f 4142 3975 4031
f 4060 3947 5652
f 4480 4483 4482
f 5519 5520 3212
f 5657 5451 3330
f 4473 4476 4475
f 3514 3515 5668
f 5663 5670 5669
f 8881 5929 5926
f 5734 5733 5749
f 4788 4789 4677
f 3997 3996 3538
f 3551 3486 3310
f 3577 3578 3998
f 4893 4697 4676
f 4753 4751 4671
f 8729 8884 8885
f 3813 3703 9021
f 8938 4001 3813
f 8882 5931 5929
f 4098 5701 3820
f 3399 5405 5416
f 5494 5495 5503
f 5880 5877 5878
f 4986 4673 4861
f 4999 5000 5004
f 4985 5001 4988
f 5816 5769 5766
f 4372 4370 4384
f 5688 5691 5692
f 8903 8902 8901
f 8879 8862 5887
f 8902 8881 8880
f 5919 5893 5895
f 4519 4384 4342
f 8847 8849 8854
f 5925 5901 5903
f 4021 3899 4523
f 5678 5677 5676
f 4424 3843 4085
f 5701 3576 3577
f 5928 5925 5926
f 5000 5005 4980
f 9022 4147 3545
f 9024 9025 5409
f 4008 4011 4010
f 3931 3234 4516
f 3822 3806 3807
f 8851 8852 8844
f 5728 5516 5509
f 9025 9023 4115
f 5209 5200 5201
f 4820 4740 4653
f 3988 5596 5598
f 3370 3911 3357
f 5639 5642 5641
f 5592 4511 4477
f 3378 3944 5572
f 5625 4463 3265
f 5594 5582 5577
f 3302 5649 5645
f 3274 3277 3278
f 5207 5208 5233
f 5071 5070 5072
f 4815 4814 4785
f 4796 4802 4643
f 3243 3244 5643
f 5301 5302 5303
f 5431 3562 5655
f 5251 5249 5244
f 3353 3427 3523
f 4174 3404 3405
f 3546 4114 4113
f 4002 3789 3788
f 4196 4239 4238
f 3232 5646 5647
f 4373 4374 4266
f 4867 5322 5321
f 5648 4054 4058
f 4455 4070 3893
f 5593 3407 4511
f 5275 5265 5252
f 5252 5265 5274
f 4092 3619 3624
f 3723 3742 3743
f 4780 4775 4802
f 4059 3289 3560
f 4317 4355 4347
f 5188 5190 5192
f 5570 5599 5612
f 3385 5429 5633
f 3526 5568 5569
f 3576 5701 3608
f 3581 3542 3594
f 5239 5237 5238
f 5081 5079 5083
f 4369 4526 4528
f 4325 4326 4329
f 3569 3285 3286
f 9022 9026 4112
f 3661 3662 3801
f 5074 5073 5030
f 5064 5062 5063
f 3563 3497 3498
f 3961 5407 4119
f 4854 4853 4870
f 5018 5007 5028
f 5007 5008 5027
f 5040 5042 5039
f 3240 3375 3875
f 5070 5069 5029
f 3504 3481 3866
f 3537 3579 3591
f 5033 5041 5039
f 4710 4638 4635
f 5017 4979 4989
f 5024 5037 5046
f 4991 5006 5019
f 4587 4553 4574
f 4996 4982 4793
f 5066 5061 5059
f 5221 5230 5231
f 5068 5056 5057
f 3675 3676 3643
f 3663 3674 3675
f 4722 4558 4559
f 3579 3576 3590
f 3686 3676 3677
f 4422 4420 3499
f 5142 5141 5138
f 5078 5071 5075
f 3609 3589 3590
f 3288 3961 5411
f 5424 9024 5410
f 5152 5144 5156
f 3960 5704 5709
f 4946 4956 4957
f 3867 3903 5705
f 9026 9022 4113
f 5192 5193 5189
f 5161 5164 5194
f 3637 3698 3682
f 4392 5461 3847
f 3796 4114 4149
f 4104 3716 3727
f 3594 3595 3993
f 3796 3793 4134
f 3687 3688 4156
f 3760 3761 4164
f 4464 3344 3345
f 3485 3528 3868
f 3846 3845 5423
f 3409 4520 4496
f 3767 3768 3765
f 3711 3721 4159
f 3797 4132 4087
f 4072 4069 5562
f 4502 4076 5590
f 5408 5426 9027
f 5683 5695 5714
f 5702 3772 4110
f 5623 4042 4148
f 5428 3874 3525
f 3668 3803 3802
f 4000 4001 8938
f 4221 4222 4179
f 4267 4268 4388
f 3721 3722 4161
f 3903 5659 5706
f 3583 3580 4090
f 3894 5486 3524
f 4635 4638 4636
f 4173 5401 4009
f 4890 4666 5393
f 5290 5291 5293
f 5339 5340 5337
f 5458 5459 4438
f 3251 5419 5430
f 3252 5418 5419
f 3428 5420 5421
f 3571 5426 5418
f 4583 4582 4554
f 4239 4367 4224
f 3322 3898 5450
f 5309 5310 5306
f 4109 3728 3748
f 5707 3865 3794
f 5139 5184 5183
f 5271 5270 5290
f 5280 5283 5282
f 5110 5107 5125
f 5319 4864 4731
f 5334 5343 5339
f 5423 3522 3523
f 5376 5377 5378
f 4721 4681 4646
f 3719 4158 4159
f 4853 4854 4692
f 5373 5372 5330
f 4428 5457 5456
f 5376 5329 5328
f 3337 3367 4434
f 4692 4693 5395
f 5475 4172 4523
f 5478 3900 4068
f 5421 5404 4129
f 5374 5373 5375
f 5283 5299 5306
f 5246 5247 5234
f 5154 5149 5150
f 4458 5562 5561
f 5163 5159 5158
f 5381 5374 5378
f 3397 3394 5484
f 4457 5561 5563
f 5147 5143 5150
f 4474 4475 5544
f 5325 5318 5319
f 5223 5394 5388
f 5517 5700 3521
f 4499 5480 3347
f 5404 5403 4128
f 3476 5507 5506
f 4084 5516 5515
f 3900 5478 5477
f 5536 5564 5547
f 5491 5498 5493
f 5474 5472 4139
f 4063 4521 4522
f 4459 4460 5541
f 5548 5549 3360
f 5444 5445 5550
f 3888 3889 5415
f 5546 5547 3339
f 5536 5539 5538
f 3570 5513 5508
f 4471 4502 5589
f 4280 3848 3359
f 5499 4402 4403
f 5189 5193 5169
f 5543 4477 4478
f 4051 5551 5552
f 3461 5504 5507
f 4629 4630 4870
f 5106 5094 4909
f 5286 5281 5279
f 5462 5463 3364
f 3491 5511 5514
f 5224 5220 5231
f 4478 4459 5540
f 4099 4102 3742
f 4803 4806 4805
f 4130 5423 5422
f 4470 4471 4476
f 4924 4925 4921
f 4920 4921 4927
f 4993 4986 4987
f 4887 4888 4913
f 3894 3893 4070
f 5472 5474 5585
f 3508 4135 4134
f 3603 3600 4096
f 3772 3773 3992
f 5712 5664 5671
f 3739 3718 4162
f 5683 5668 3515
f 5480 4465 4495
f 5698 5699 5493
f 3578 3538 3996
f 3645 3646 4154
f 5660 3904 3466
f 4135 9026 5710
f 5587 5591 4073
f 5687 5689 5693
f 3584 3583 4091
f 5585 5583 5584
f 4128 5414 5415
f 4257 4254 4338
f 4222 4231 4178
f 4366 4365 4191
f 5098 5099 5091
f 5761 5757 5737
f 5760 5737 5738
f 8852 8842 5934
f 8874 8877 8855
f 8895 8897 8855
f 5884 5882 8842
f 4557 4554 4582
f 8890 8923 8917
f 8918 8926 8930
f 8924 8926 8915
f 4182 4181 4330
f 3864 5708 5711
f 3574 3317 3230
f 3342 3954 3415
f 3488 3486 3549
f 4317 4316 3953
f 3672 3659 4152
f 5708 3864 3865
f 9021 3703 3685
f 3621 3618 3616
f 5728 4422 4419
f 4311 4027 4028
f 4131 3917 3543
f 4426 3496 3842
f 4518 3956 4168
f 5457 5465 5464
f 5425 3560 3558
f 5458 4439 4437
f 3416 3414 5465
f 5638 9028 5437
f 3985 3986 5636
f 5646 5635 5636
f 9023 9025 3554
f 5722 5510 5514
f 3256 3933 3934
f 4164 3761 5734
f 8885 8918 8920
f 3282 3932 3929
f 3292 4394 3320
f 3232 3229 3300
f 3303 3236 3271
f 3562 5431 5432
f 3392 3387 3388
f 3854 5922 5350
f 5463 5462 5459
f 5935 3474 3885
f 3879 3415 3954
f 3928 3372 3391
f 4137 5559 4458
f 5454 5455 3850
f 3548 3490 3549
f 4443 4500 5470
f 4452 4505 4506
f 4468 3414 3415
f 4443 4440 3876
f 3234 3235 4515
f 5434 3895 3896
f 5448 5440 5441
f 5447 5446 5443
f 4442 5470 5471
f 5550 4056 3275
f 5578 5573 4520
f 3464 5667 5666
f 4701 4627 4839
f 3259 5398 4041
f 4015 4012 3423
f 3558 3323 3982
f 4856 4894 4823
f 4741 4652 4653
f 3759 3745 4106
f 3560 3289 3290
f 9024 5424 3557
f 5438 3279 3280
f 3321 3283 3290
f 5557 5483 4072
f 5553 3369 3396
f 4045 4141 4174
f 4539 4845 4849
f 3536 3480 3503
f 5478 5573 5574
f 3800 3797 3510
f 4755 4883 4886
f 5561 4454 5527
f 5752 5731 5732
f 5752 5750 5756
f 3518 5492 5493
f 3767 3762 4107
f 3534 3603 4097
f 4395 3572 3826
f 3926 4052 3371
f 4446 4510 5610
f 4050 5444 3980
f 8887 8846 8843
f 5649 5639 5640
f 4643 4644 4761
f 3709 3787 3784
f 4778 4659 4660
f 5649 3302 4054
f 5646 3232 3301
f 3250 3251 3910
f 5884 5886 5757
f 5655 5656 5936
f 4224 4227 4226
f 4043 4044 3412
f 4286 4289 4288
f 4267 4311 4310
f 4493 4079 4080
f 3325 5432 3226
f 3925 3371 3372
f 4312 4315 4314
f 3996 3997 3540
f 8908 8911 8912
f 4023 4026 4025
f 3995 3890 3891
f 5482 5556 5559
f 4486 3420 3921
f 4300 4285 4302
f 5438 5642 5644
f 3233 3932 3282
f 3225 3228 3227
f 5446 4400 5445
f 5554 3396 3397
f 4834 4833 4830
f 4064 3349 3350
f 3596 3599 3598
f 5639 5649 5648
f 5434 5431 5654
f 4895 4896 4830
f 3674 3677 3676
f 3551 3979 3978
f 3835 3836 3305
f 3813 3810 3702
f 3691 3711 4160
f 4109 4100 4101
f 4565 4187 4188
f 3490 3548 3547
f 3672 3646 3647
f 8906 8907 8912
f 3810 3812 3811
f 4051 4052 4397
f 3566 3599 4090
f 5580 5475 5476
f 4456 4457 5537
f 5539 5536 5546
f 8844 5934 8729
f 8872 8873 8874
f 4383 4301 4198
f 4931 4926 4927
f 5529 5530 5397
f 5314 5321 5323
f 5347 5332 5323
f 4711 4709 4599
f 5387 5388 5389
f 5259 5290 5292
f 5195 4806 4803
f 5195 5104 4746
f 4639 4865 4866
f 4821 4818 4681
f 3421 4037 5399
f 4730 4863 4601
f 4807 4651 4811
f 4040 4037 3421
f 4844 4841 4800
f 3936 3933 3929
f 4894 4798 4817
f 5365 5370 5383
f 4657 4656 4661
f 5224 5206 4770
f 5368 5383 5382
f 5336 5349 5352
f 5353 5356 5386
f 4070 4455 4454
f 5396 5397 3327
f 5225 5226 5312
f 5384 5382 5386
f 5391 4694 4695
f 4407 4410 4409
f 4623 4620 4880
f 5356 5353 5352
f 4578 4584 4859
f 3239 3875 3217
f 3937 3218 3333
f 4578 4575 4534
f 5467 5471 4505
f 4836 4828 4826
f 4422 5728 5721
f 3392 3393 5556
f 5564 5531 5565
f 3807 3808 3663
f 5922 3854 4392
f 3680 3695 3692
f 3630 3633 3632
f 4416 4417 5725
f 4033 3305 3836
f 3238 3220 4168
f 3466 3904 3483
f 3678 3677 3650
f 3677 3674 3649
f 3340 3337 4431
f 3562 3561 5656
f 5658 5654 5938
f 3642 3643 3640
f 3306 3303 3334
f 3256 3253 3280
f 8910 8891 8892
f 5868 5900 5898
f 8924 8923 8922
f 8935 8930 8925
f 8882 8906 8913
f 8925 8930 8926
f 5852 5849 5905
f 5136 5128 5124
f 4243 4363 4260
f 5238 5227 5228
f 5642 5639 5643
f 3924 3925 3928
f 5412 3521 5700
f 3750 3752 3751
f 3746 3752 3770
f 3859 3798 3861
f 3972 3973 3493
f 5923 8860 8861
f 4945 4946 4958
f 3296 3293 3286
f 3824 5403 3907
f 3671 3629 4154
f 4137 3343 5481
f 3614 3654 3802
f 3283 3284 3559
f 4936 4935 4934
f 5511 5723 5726
f 4170 4169 3926
f 3572 4393 3830
f 3459 3447 3858
f 3496 4426 4425
f 3457 3950 3436
f 3984 3983 3986
f 3914 3389 3386
f 5512 5724 5723
f 4500 4443 4483
f 4501 4502 4471
f 4503 4506 4505
f 4143 4144 4461
f 3331 3329 3222
f 4016 4015 4018
f 3998 3775 3776
f 4114 3796 5710
f 4405 5678 4406
f 5602 5604 5720
f 4767 4803 4804
f 4929 4933 4954
f 4410 4407 5665
f 3888 5700 5632
f 4048 4049 3977
f 3947 3211 3212
f 5676 5677 3472
f 5782 5785 5784
f 4315 4312 4311
f 5699 5518 5521
f 5864 5785 5825
f 5826 5827 5822
f 5775 5776 5805
f 3236 3233 3270
f 5823 5868 5859
f 4957 4848 4895
f 8868 8864 8865
f 4281 4392 3848
f 4940 4943 4971
f 4013 4014 4029
f 3685 3703 3701
f 4339 4340 4377
f 8891 8870 8872
f 3753 3750 3755
f 4427 4168 3220
f 3809 3806 3779
f 3568 4416 4418
f 3880 3987 3918
f 3543 3843 3842
f 4646 4649 4648
f 4656 4657 4597
f 4781 4876 4820
f 4972 4975 4974
f 5101 5102 5109
f 5095 5096 5115
f 5090 5127 5132
f 5131 5132 5134
f 5134 5132 5127
f 5117 5139 5140
f 3539 3862 3863
f 4006 3791 3792
f 5128 5091 5099
f 5097 5088 5089
f 5274 5266 5271
f 4571 4572 4569
f 4225 4531 4238
f 5156 5155 5170
f 4538 4541 4540
f 4622 4691 4665
f 4981 5011 5004
f 5012 4974 4975
f 5148 5147 5149
f 5157 5142 5133
f 5161 5155 5145
f 4261 4532 4242
f 5294 5295 5291
f 4255 4256 4532
f 5274 5259 5250
f 4246 4529 4207
f 3314 3924 3927
f 4670 4673 4672
f 4995 4904 4673
f 4638 4710 4603
f 4341 4295 4525
f 5163 5166 5165
f 4834 4783 4784
f 4784 4820 4682
f 4844 4843 4687
f 5280 5276 5275
f 4217 4572 4564
f 4554 4557 4556
f 4551 4552 4556
f 4549 4546 4544
f 5141 5142 5173
f 4653 4654 4683
f 4973 4974 4989
f 4984 5005 5015
f 5177 5172 5170
f 5166 5167 5181
f 5141 5184 5139
f 5178 5174 5151
f 5244 5202 5203
f 5252 5244 5245
f 4479 4031 4079
f 4402 4405 4404
f 3500 4418 4419
f 5856 5851 5909
f 4488 3913 3348
f 8851 8853 5885
f 3607 3608 5701
f 3508 3505 3503
f 5847 5858 5896
f 4374 4373 4309
f 3380 4439 4438
f 9025 9024 3553
f 5718 5717 4131
f 3300 3229 3283
f 5551 3275 3276
f 5552 3276 3369
f 5555 3397 5483
f 5859 5898 5896
f 4133 3793 3794
f 3606 3653 3652
f 4900 4852 4766
f 4616 4790 4789
f 3738 4165 4164
f 4774 4771 4642
f 4399 4485 3402
f 5853 5796 5795
f 3936 4518 4427
f 3418 3419 4064
f 5510 3488 3840
f 3270 3282 3279
f 3274 3275 4056
f 4359 4356 4305
f 4135 3508 3504
f 3610 3611 3609
f 3837 3556 3557
f 5940 3971 4401
f 5853 5804 5803
f 5725 5513 5515
f 3246 5410 4117
f 5713 5712 5672
f 4918 4961 4916
f 4148 3995 3771
f 5106 5105 5113
f 4147 9022 5709
f 5152 5172 5177
f 9026 4135 4111
f 5104 5195 5103
f 3531 3528 3485
f 3713 3716 3715
f 3699 3715 3815
f 4467 3345 4459
f 4703 4899 4736
f 5405 3399 3846
f 3555 3552 3963
f 4120 4116 5411
f 4217 4219 4185
f 3279 5438 5441
f 4944 4945 4959
f 4353 4337 4344
f 3815 3715 3716
f 3374 3371 4052
f 4491 4492 4516
f 5865 5824 5833
f 5819 5814 5856
f 5807 5851 5856
f 3933 3256 3281
f 3208 3205 3920
f 8907 8906 8902
f 5288 5308 5295
f 3728 3725 3747
f 3309 4084 4083
f 5119 5116 5101
f 3811 3785 3789
f 3595 3863 3992
f 4106 4102 4100
f 5696 5575 5576
f 3708 3755 3750
f 3744 3760 4165
f 5905 5891 5892
f 3403 4036 4175
f 4133 3997 3506
f 4147 4145 3544
f 3561 3562 3325
f 3237 3240 3239
f 4877 4878 4793
f 3241 3244 3243
f 3597 3624 3625
f 3279 3282 3281
f 3371 3374 3373
f 3599 3566 3567
f 3975 3976 4032
f 3277 3249 3250
f 3774 3564 3565
f 3658 3673 3780
f 4961 4962 4963
f 3600 3615 3616
f 4228 4229 4202
f 4011 4008 4318
f 4307 4304 4262
f 4838 4800 4841
f 4782 4783 4773
f 4914 4956 4946
f 4839 4609 4765
f 4771 4896 4645
f 4962 4965 4964
f 4966 4959 4963
f 3601 3612 3615
f 5878 5875 5879
f 5890 5880 5881
f 3720 3786 4158
f 4755 4756 4689
f 3740 3717 3718
f 5695 5685 5686
f 5740 5743 5742
f 5733 5735 5736
f 5755 5756 5750
f 5745 5763 5762
f 5798 5801 5800
f 4706 4880 4879
f 5651 5652 5619
f 5850 5794 5797
f 5804 5807 5806
f 4087 5708 5707
f 5915 5913 5914
f 5703 3860 4167
f 5893 5894 5896
f 5892 5893 5919
f 5706 5671 5664
f 5786 5789 5788
f 3973 4131 3841
f 4831 4832 4915
f 5906 5892 8858
f 4965 4967 4969
f 4684 4685 4846
f 3589 3609 3611
f 3596 3625 4150
f 5877 5880 5763
f 4121 4124 4123
f 3469 3465 3868
f 3204 3205 3208
f 3716 3713 3726
f 5460 9027 5426
f 3465 3469 3470
f 5738 5735 3764
f 4887 4654 4655
f 4203 4206 4205
f 3959 5705 4082
f 5758 5757 5886
f 5781 5869 5872
f 4675 4762 4723
f 3757 4164 5751
f 3334 3271 3272
f 8880 5926 5903
f 5615 5676 3473
f 5759 5761 5760
f 8845 8846 8848
f 5778 5781 5780
f 8857 8856 8849
f 4132 3797 3798
f 5839 5838 5841
f 560 1899 3187
f 5747 5874 4007
f 5928 5930 8840
f 5766 5769 5768
f 4848 4957 4956
f 4953 4968 4967
f 4832 4897 4910
f 5879 5764 5888
f 3598 3567 3530
f 5747 5729 5730
f 5754 5764 5748
f 5810 5813 5812
f 5758 5755 5749
f 4315 4388 4387
f 5917 5915 5916
f 5913 5909 5910
f 5930 8731 8841
f 4951 4955 4968
f 3209 3210 3201
f 4059 5424 3246
f 8731 5934 8842
f 3776 3582 3585
f 5770 5773 5772
f 5891 5894 5893
f 9028 5638 5641
f 5814 5817 5816
f 5662 5675 5673
f 3522 3525 3524
f 5630 5631 5942
f 5791 5792 5795
f 5746 3753 3754
f 5928 5929 5931
f 5743 5760 5739
f 5876 5874 5875
f 3678 8937 9021
f 4200 4208 4207
f 4114 3546 3916
f 3601 3602 3605
f 3818 3724 3712
f 3315 3318 3317
f 5899 5900 5902
f 8840 8841 5883
f 5562 4458 5559
f 4416 3568 3448
f 3189 3192 3191
f 4751 4890 4747
f 4181 4182 4180
f 3832 3942 5454
f 3362 3527 3526
f 5678 4405 5699
f 3497 3500 3499
f 448 1980 807
f 647 648 122
f 5690 3472 5677
f 4183 4186 4185
f 1833 1848 1780
f 5920 5895 5897
f 510 509 508
f 4401 3967 5944
f 5656 5397 5530
f 3970 3971 5940
f 5653 5658 5939
f 5450 5653 5946
f 3384 5633 5945
f 4403 4404 4299
f 5944 3967 3968
f 3963 5427 5951
f 5614 3473 3474
f 5427 3838 3857
f 3210 1949 1887
f 1887 15 3200
f 15 16 3197
f 16 3188 3195
f 3195 3188 3187
f 3194 3187 1899
f 3207 1899 375
f 387 173 126
f 3189 1791 1760
f 9029 763 757
f 763 9029 2172
f 9035 9034 9032
f 9033 9032 9031
f 9046 9049 9048
f 8751 9053 9054
f 9078 9076 9077
f 9083 9087 9051
f 9088 9089 9047
f 9099 9036 9040
f 9102 9034 9036
f 9105 9031 9032
f 9105 2176 9106
f 1801 1864 9108
f 9103 9032 9034
f 9096 9090 9047
f 1767 1768 9111
f 1597 9115 9113
f 1708 1707 9117
f 9123 9120 9119
f 9118 9119 9125
f 1588 1708 9116
f 2080 9123 9118
f 2082 9118 9124
f 9126 9129 9087
f 9129 9130 9088
f 5512 3492 5943
f 5634 3383 5488
f 5724 5512 5947
f 9134 9099 9097
f 9144 9103 9102
f 9133 9097 9096
f 786 9146 9144
f 9146 9105 9103
f 785 9144 9138
f 497 9138 9134
f 650 9134 9133
f 9148 564 9133
f 8756 9058 9057
f 9154 9151 9130
f 9151 9150 9131
f 9097 9040 9090
f 1799 9109 9111
f 5949 3968 3964
f 9160 9156 8809
f 8813 9162 9160
f 9166 463 564
f 9067 9058 9054
f 9162 9166 9148
f 9087 9088 9048
f 9081 9078 9079
f 9049 9052 9051
f 9082 9168 9167
f 9079 9077 9049
f 9169 9168 9175
f 9167 9115 9112
f 9168 9169 9177
f 9120 9117 9113
f 9120 9177 9169
f 9119 9169 9170
f 9179 9180 9125
f 9180 1576 9124
f 9178 9179 9170
f 1576 2101 2084
f 9179 9178 9183
f 3203 376 1387
f 3190 1387 1791
f 5618 2152 1949
f 317 240 259
f 2000 2176 9105
f 9053 9051 9052
f 9041 9040 9036
f 9029 758 756
f 9037 9036 9034
f 9130 9131 9089
f 3204 375 376
f 1801 9107 9109
f 9181 9187 9180
f 1575 9187 9190
f 9187 1575 1576
f 1776 1795 1796
f 1293 1294 1290
f 1326 14 1327
f 1294 1245 1234
f 878 1244 1330
f 5633 3401 5490
f 5933 3359 3360
f 5613 5634 5948
f 5604 5605 3844
f 3972 3494 5950
f 3494 3495 4322
f 4406 5676 5615
f 3492 3489 4292
f 5631 5503 5495
f 497 373 374
f 122 648 413
f 5624 5489 3398
f 9151 9154 9156
f 9058 8756 8752
f 9160 9162 9150
f 8815 9166 9162
f 9156 9126 8794
f 439 398 399
f 1512 1528 1526
f 1668 1741 1738
f 839 849 1362
f 1362 1357 826
f 3425 3417 3418
f 4905 5207 5243
f 4621 4622 4662
f 5582 5579 5574
f 4754 4757 4756
f 3902 3899 4021
f 9295 740 1896
f 2053 2054 2118
f 9340 9339 2120
f 696 697 9268
f 4922 4938 4939
f 4365 4366 4186
f 5105 5106 4862
f 5228 5227 5226
f 4781 4782 4877
f 5218 5227 5238
f 4990 4993 4992
f 4335 4337 4336
f 4993 4990 4972
f 4794 4793 4792
f 5886 5884 8852
f 5405 3892 5417
f 4669 4752 4764
f 4676 4697 4698
f 1826 1878 639
f 9192 9191 9181
f 5232 5228 5233
f 5418 4121 4122
f 956 885 886
f 5720 3844 3512
f 4728 4731 4730
f 8879 8866 8863
f 1980 806 1922
f 4969 4970 4966
f 33 34 105
f 9028 3253 3254
f 3837 3558 3839
f 4382 4300 4301
f 3908 3905 4122
f 4290 4295 4294
f 4400 3834 4055
f 3219 3222 3221
f 8894 8895 8877
f 4640 4736 4735
f 4389 4366 4216
f 3267 4479 4493
f 3268 3265 4463
f 5097 5111 5098
f 5094 5097 5096
f 5654 5655 5937
f 4089 5704 3960
f 5159 5163 5162
f 5202 5244 5249
f 5412 5415 5414
f 5715 3515 3516
f 5723 4426 4423
f 4263 4264 4323
f 3994 3529 3564
f 1343 1344 9308
f 3470 3514 5667
f 5659 5661 5671
f 3319 3828 4053
f 9359 2127 2128
f 1766 1581 1582
f 14 1326 2163
f 595 98 99
f 5703 3771 3772
f 5206 5224 5229
f 3437 3446 3458
f 5516 4084 3487
f 5122 5086 5087
f 3223 3297 3934
f 3979 9023 5402
f 3828 3319 3320
f 5663 3441 4081
f 4035 4489 4490
f 4426 5723 5724
f 3881 4452 4447
f 5407 5408 4118
f 5691 5688 5689
f 5661 5673 5672
f 5911 5918 8901
f 3902 4022 3871
f 5541 5538 5539
f 4069 4454 5561
f 3248 4394 3292
f 1346 1035 1044
f 748 1888 1425
f 3297 3228 3255
f 5445 4400 4056
f 5783 5784 5830
f 4310 4028 4376
f 5857 5854 5800
f 3882 5467 4452
f 3193 3208 3919
f 3190 3191 3206
f 4266 4269 4268
f 4488 3419 3420
f 3331 3939 3940
f 4282 4285 4284
f 4606 4608 4607
f 4628 4629 4708
f 4659 4732 4733
f 4615 4750 4829
f 4718 4714 4713
f 5722 4424 4421
f 3307 3462 3461
f 4686 4688 4634
f 3966 3548 3550
f 4738 4739 4875
f 3416 4429 3237
f 4527 4528 4208
f 5093 5121 5114
f 5124 5099 5086
f 5117 5118 5138
f 4631 4641 4640
f 5166 5163 5168
f 5185 5188 5187
f 5194 5190 5191
f 3245 4117 4118
f 5214 5215 5203
f 3230 3317 3318
f 5237 5234 5217
f 5250 5259 5258
f 5113 5112 5084
f 5270 5267 5269
f 4906 5125 5107
f 5271 5266 5267
f 5276 5277 5262
f 5153 5151 5174
f 5290 5270 5268
f 5306 5299 5303
f 5147 5148 5146
f 4585 4849 4856
f 3226 5435 5436
f 4473 4503 4504
f 5765 5756 8897
f 4529 4246 4247
f 8923 8924 8916
f 5713 5681 5682
f 3315 3897 3898
f 5564 5536 5537
f 4468 4440 4441
f 3738 3739 4163
f 4577 4859 4559
f 5567 3527 3366
f 3587 3584 4150
f 5471 5468 4504
f 5860 5769 5816
f 3516 3513 5558
f 5436 3985 5637
f 5050 5053 5083
f 5547 5565 3338
f 9023 3979 3295
f 5708 4087 4132
f 4104 3816 3814
f 3718 3719 4161
f 5498 5491 5679
f 3884 4431 4432
f 3955 4512 3877
f 4049 4062 4061
f 8892 8872 8875
f 4572 4217 4218
f 4440 4443 4442
f 4497 4511 3407
f 8906 8882 8881
f 5664 5712 5670
f 3751 4105 3706
f 3511 3735 3736
f 5129 5130 5116
f 5086 5099 5098
f 5135 5127 5128
f 5143 5146 5145
f 5168 5158 5136
f 5297 5241 5246
f 5164 5161 5160
f 5155 5161 5171
f 5137 5179 5167
f 5293 5308 5307
f 5513 3570 4083
f 4053 3828 3825
f 3228 3297 3298
f 3631 3632 3635
f 5689 5669 5670
f 5759 5762 5883
f 3793 4133 3507
f 4906 4908 4891
f 4719 4858 4901
f 3597 3598 4095
f 3352 4126 4125
f 9064 9057 9058
f 9076 9064 9067
f 9083 8766 8794
f 9131 9132 9096
f 9138 9102 9099
f 9154 9129 9126
f 9077 9067 9052
f 9053 8751 8766
f 9191 9190 9187
f 9082 9079 9046
f 9193 9175 9168
f 1284 1290 1288
f 9150 9148 9132
f 3841 3842 3496
f 3570 3569 3336
f 4027 4311 4312
f 4889 4876 4781
f 4041 4045 4044
f 4885 4884 4813
f 5419 4122 3905
f 4367 4368 4227
f 1778 1781 1780
f 1792 1759 1584
f 4308 4017 3869
f 4594 4723 4762
f 4767 4770 4769
f 5461 3365 3366
f 4763 4704 4716
f 4919 4918 4915
f 4300 4382 4334
f 5196 5199 5198
f 5158 5148 5135
f 5431 5434 5433
f 4545 4567 4571
f 4557 4558 4594
f 695 570 571
f 4156 4155 3626
f 4861 4673 4670
f 5681 5675 5674
f 5473 5475 5580
f 3622 3656 4152
f 5647 3573 3574
f 3674 3663 3808
f 4420 4145 3498
f 5675 5662 5666
f 3253 9028 5439
f 5870 5866 5917
f 8887 8920 8919
f 5862 5856 5913
f 3534 3593 3485
f 3313 4486 4484
f 9090 9193 9046
f 4871 4759 4695
f 3778 3777 3822
f 4889 4748 4874
f 4000 3783 3784
f 4897 4898 4911
f 3856 3857 3838
f 4772 4830 4896
f 4015 4016 4376
f 3433 3461 3476
f 4053 4054 3302
f 3367 5567 3363
f 3242 3829 3831
f 3441 3442 4082
f 4735 4736 4855
f 4756 4757 4737
f 3382 3385 3384
f 3698 3699 3697
f 4676 4679 4678
f 4948 4943 4941
f 4890 5394 4805
f 4757 4744 4745
f 4581 4221 4380
f 5716 3516 5932
f 4923 4920 4926
f 5077 5079 5081
f 5078 5082 5058
f 4009 5401 5400
f 5081 5082 5078
f 3930 3931 4513
f 4014 4376 4028
f 4025 4026 4020
f 3618 4093 4096
f 4581 4575 4576
f 4219 4217 4188
f 5440 5442 3335
f 5449 3982 3323
f 4229 4181 4177
f 4590 4213 4214
f 4227 4183 4184
f 4574 4901 4858
f 4565 4566 5453
f 4592 4555 4588
f 4590 4587 4573
f 3517 3518 5521
f 3845 5428 3522
f 4444 3340 3884
f 3982 5449 5533
f 4465 4466 4497
f 4520 4522 4521
f 4076 4073 5591
f 3635 3667 3666
f 3343 3344 4498
f 4022 4019 3870
f 3661 3607 4098
f 5691 5690 5697
f 3768 3766 5742
f 4514 3955 3956
f 3697 3815 3814
f 4394 3248 5460
f 4054 4053 4057
f 3284 3318 3323
f 4052 3926 4169
f 4447 4506 4510
f 4456 4460 3346
f 4483 3876 3877
f 4482 3877 4512
f 4492 4512 4513
f 5642 5438 5439
f 5448 5447 5442
f 5466 4441 3882
f 3340 4444 4445
f 8908 8909 8910
f 4397 4169 3835
f 5413 3520 3521
f 3234 3931 3932
f 5753 5765 8895
f 8896 8897 5756
f 8921 8922 8889
f 8915 8912 8911
f 3933 3936 3935
f 3620 3804 3657
f 3966 3969 3968
f 4905 4789 4769
f 3225 5436 5437
f 5433 3896 3984
f 5714 5686 5693
f 5435 3984 3985
f 3954 3956 3955
f 4713 4712 4632
f 4879 4635 4632
f 3983 3984 3896
f 9027 5460 3248
f 5871 5870 5912
f 5849 5846 5891
f 4702 4703 4640
f 4213 4590 4579
f 3644 3645 3688
f 9193 9090 9040
f 8920 8930 8935
f 5406 3846 4130
f 4140 5400 5401
f 5659 3903 3904
f 4772 4773 4783
f 4244 4247 4246
f 4061 5399 4037
f 3669 3804 3803
f 3459 3460 3209
f 4072 5483 5484
f 4835 4833 4834
f 5660 5662 5661
f 4262 4265 4264
f 3633 3630 3627
f 3685 3643 3676
f 4517 4515 3235
f 4145 4420 4085
f 5455 4438 5459
f 5638 5635 5640
f 3228 3225 3254
f 4044 4174 3411
f 3614 3615 3612
f 3273 3276 3275
f 4952 4962 4961
f 4959 4958 4960
f 4888 4655 4761
f 4254 4257 4256
f 4199 4202 4201
f 4499 4464 4465
f 5479 4495 4496
f 5952 5953 5954
f 5956 5957 5958
f 5959 5958 5960
f 5962 5963 5964
f 5966 5967 5968
f 5967 5970 5971
f 5963 5962 5961
f 5972 5965 5964
f 5974 5975 5976
f 5978 5979 5980
f 5982 5983 5984
f 5986 5987 5985
f 5988 5989 5990
f 5992 5993 5994
f 5996 5997 5998
f 6000 6001 6002
f 6004 6005 6006
f 6008 6009 6010
f 6012 6013 6014
f 6016 6017 6018
f 6020 6021 6022
f 6024 6025 6026
f 6028 6029 6030
f 6032 6033 6034
f 6036 6037 6038
f 6040 6041 6013
f 6042 6043 6044
f 5992 6046 6047
f 6048 6049 6050
f 6052 6053 6054
f 6056 6057 6058
f 6060 6061 5987
f 6062 6063 6064
f 6066 6067 6068
f 6070 6071 6027
f 6072 6073 6057
f 6075 6076 6077
f 6078 6079 6080
f 6082 6083 6054
f 6085 6078 6081
f 6087 6061 5990
f 6061 6087 6089
f 6089 6090 6091
f 6092 6091 6093
f 6095 5978 5981
f 6062 6082 6084
f 6097 6098 6035
f 6056 6049 6099
f 6100 6101 6102
f 6001 6000 6104
f 6107 6108 6109
f 6110 6111 6112
f 6114 6026 6025
f 6116 6117 6118
f 6120 6121 6122
f 6124 6125 6126
f 6128 6129 6101
f 6039 6130 6131
f 6132 6133 6134
f 6136 6137 6138
f 6139 6140 6141
f 6143 6144 6145
f 6148 6149 6150
f 6152 6153 6154
f 6155 6156 6157
f 6159 6160 6161
f 6163 6164 6165
f 6167 6168 6169
f 6171 6172 6173
f 6175 6176 6104
f 6178 6179 6180
f 6023 6182 6183
f 6184 6185 6186
f 6117 6116 6188
f 6190 6191 6192
f 6194 6070 6026
f 6195 6196 6191
f 6197 6198 6199
f 6201 6202 6203
f 6205 6206 6207
f 6209 6210 6201
f 6197 6200 6211
f 6212 6211 6213
f 5979 6215 6214
f 6203 6216 6217
f 6206 6199 6198
f 6218 5961 5962
f 5965 6220 6219
f 5972 3355 3354
f 6070 6194 6222
f 6224 6225 6226
f 6228 6229 6230
f 6232 6233 6234
f 6196 6195 6236
f 6071 6070 6223
f 6239 6240 6241
f 6243 6244 6245
f 6247 6073 6248
f 6250 6251 6252
f 6254 6255 6256
f 6258 6259 6260
f 6229 6262 6263
f 6264 6265 6242
f 6266 6267 6268
f 6270 6271 6272
f 6274 6275 6276
f 6195 6278 6279
f 6280 6278 6281
f 6283 6284 6285
f 6123 6122 6287
f 6289 6290 6291
f 6293 6294 6243
f 6240 6296 6297
f 6298 6299 6267
f 6300 6301 6302
f 6304 6305 6306
f 6251 6250 6308
f 6247 6310 6311
f 6313 6314 6315
f 6314 6313 6317
f 6319 6086 6320
f 6322 6087 6088
f 6216 6324 6258
f 6325 6326 6327
f 6217 6258 6261
f 6330 6071 6238
f 6071 6330 6048
f 6015 6332 6333
f 6079 6334 6335
f 6336 6294 6240
f 6294 6293 6296
f 6337 6338 6339
f 6341 6342 6343
f 6345 6346 6347
f 6266 6264 6349
f 6350 6351 6352
f 6295 6243 6246
f 6303 6355 6356
f 6357 6358 6359
f 6361 6362 6363
f 6365 6350 6353
f 6367 6368 6369
f 6371 6367 6370
f 6372 6373 6374
f 6375 6374 6373
f 6376 6377 6378
f 6379 6380 6381
f 6383 6384 6385
f 6387 6388 6389
f 6391 6392 6393
f 6395 6396 6397
f 6398 6399 6400
f 6399 6401 6402
f 6403 6402 6401
f 6405 6406 6407
f 6409 6410 6411
f 6367 6371 6413
f 6374 6375 6415
f 6417 6418 6384
f 6419 6420 6348
f 6421 6422 6423
f 6425 6426 6400
f 6426 6427 6395
f 6393 6396 6428
f 6429 6430 6394
f 6390 6389 6431
f 6433 6434 6408
f 6435 6436 6437
f 6439 6440 6411
f 6392 6391 6441
f 6397 6392 6442
f 6401 6399 6444
f 6446 6447 6437
f 6448 6449 6450
f 6452 6453 6454
f 6442 6441 6456
f 6443 6442 6457
f 6444 6459 6460
f 6445 6444 6461
f 6463 6464 6462
f 6446 6445 6462
f 6466 6467 6468
f 6448 6451 6470
f 6453 6452 6472
f 6474 6475 6476
f 6478 6479 6480
f 6482 6483 6484
f 6486 6487 6488
f 6490 6491 6492
f 6493 6492 6494
f 6496 6497 6498
f 6500 6501 6502
f 6504 6505 6506
f 6508 6468 6509
f 6511 6512 6513
f 6499 6514 6515
f 6516 6517 6518
f 6520 6521 6522
f 6524 6507 6525
f 6507 6524 6527
f 6504 6527 6528
f 6528 6511 6508
f 6529 6530 6531
f 6342 6533 6534
f 6535 6347 6346
f 6347 6535 6537
f 6434 6538 6539
f 6539 6540 6405
f 6541 6542 6451
f 6543 6544 6470
f 6546 6478 6481
f 6499 6498 6548
f 6549 6550 6514
f 6551 6552 6553
f 6555 6556 6557
f 6403 6436 6423
f 6426 6425 6413
f 6415 6560 6428
f 6430 6429 6561
f 6434 6433 6420
f 6563 6564 6565
f 6404 6401 6445
f 6459 6444 6399
f 6455 6454 6388
f 6405 6450 6449
f 6540 6541 6450
f 6567 6495 6568
f 6570 6464 6463
f 6475 6474 6490
f 6458 6457 6571
f 6573 6571 6574
f 6576 6577 6578
f 6193 6192 6580
f 6582 6583 6584
f 6583 6582 6586
f 6588 6589 6587
f 6590 6069 6068
f 6592 6593 6594
f 6251 6310 6595
f 6304 6596 6597
f 6272 3735 6599
f 3737 3736 6558
f 6600 6161 6160
f 6123 6602 6603
f 6604 6605 6606
f 6608 6205 6208
f 5972 6221 6220
f 6610 6611 6612
f 6613 6614 6615
f 6242 6617 6618
f 6226 6619 6245
f 6620 6621 6622
f 6624 6143 6146
f 6626 6213 6211
f 6627 6628 6629
f 6631 6632 6633
f 6235 6635 6636
f 6637 6638 6639
f 6641 6625 6286
f 6643 6644 6645
f 6647 6648 6649
f 6244 6243 6294
f 6336 6651 6652
f 6194 6196 6237
f 6196 6194 6114
f 6115 6192 6191
f 6653 6654 6655
f 6657 6117 6189
f 6117 6657 6659
f 6130 6157 6156
f 6133 6152 6151
f 6661 6111 6662
f 6663 6613 6616
f 6664 6270 6273
f 6418 6417 6432
f 6290 6325 6328
f 6666 6557 6556
f 6557 6666 3805
f 5971 6667 6668
f 6181 6669 6670
f 6671 6672 6673
f 6676 6673 6672
f 6675 6150 6149
f 6067 6066 5999
f 6677 6678 6679
f 6681 6682 6683
f 6087 6322 6090
f 5983 5982 6685
f 5982 6094 6687
f 6094 6093 6688
f 6211 6200 6137
f 6689 6690 6691
f 6690 6689 3833
f 6001 5983 6686
f 5978 6693 6215
f 6694 6693 5978
f 5974 6694 6095
f 6183 6182 6696
f 6698 5959 5961
f 5959 6698 6699
f 6697 6696 6700
f 6702 6629 6703
f 5968 6668 6705
f 6706 5977 5955
f 6707 6618 6617
f 6024 6051 6709
f 6402 6403 6559
f 3852 6711 6712
f 3856 6594 6593
f 5977 6706 6694
f 6713 5955 5977
f 6714 6715 6716
f 6718 6719 6308
f 6720 6255 6254
f 6722 6723 6724
f 6312 6311 6726
f 6069 6590 6728
f 6319 6594 6730
f 6731 6645 6644
f 6732 6733 6734
f 6046 6053 6320
f 3880 3805 6666
f 6736 6737 6738
f 6531 6740 6741
f 6300 6356 6614
f 6742 6532 6325
f 6743 6742 3891
f 6744 6302 6301
f 6746 6747 6534
f 6536 6576 6579
f 6535 6579 6563
f 6566 6538 6537
f 6538 6566 6409
f 6412 6540 6539
f 6412 6748 6541
f 6748 6749 6542
f 6749 6569 6545
f 6568 6750 6547
f 6751 6752 6548
f 6753 6754 6550
f 6755 6756 6757
f 6759 6760 6761
f 6763 6764 6765
f 6764 6620 6623
f 6766 6767 6768
f 6770 6771 6772
f 6774 6775 6776
f 6021 6774 6777
f 6723 6778 6779
f 6780 6781 6782
f 6784 6785 6786
f 6788 6789 6790
f 6185 6792 6793
f 6794 6722 6725
f 6729 6796 6098
f 6135 6797 6798
f 6799 6062 6065
f 6037 6801 6802
f 6005 6004 6588
f 6005 6803 6804
f 6052 6055 6010
f 6586 6582 6803
f 6092 5985 5987
f 6094 5982 5985
f 6096 6806 6695
f 6082 6062 6799
f 6657 6013 6041
f 6013 6657 6658
f 6795 6725 6807
f 6809 6810 6811
f 6813 6814 6815
f 6817 6818 6819
f 6821 6822 6823
f 6329 6209 6204
f 6202 6825 6826
f 6072 6099 6827
f 6598 6829 6305
f 6301 6300 6613
f 6830 6831 6271
f 6822 6779 6778
f 6326 6741 6832
f 6203 6826 6833
f 6027 6048 6051
f 6360 6834 6835
f 6836 6837 6838
f 6837 6840 6841
f 6362 6365 6366
f 6380 6385 6384
f 6421 6564 6578
f 6566 6565 6410
f 6394 6389 6388
f 6414 6422 6368
f 6371 6374 6416
f 6561 6560 6378
f 6382 6381 6562
f 6381 6384 6418
f 6389 6394 6430
f 6391 6388 6454
f 6441 6454 6453
f 6456 6453 6473
f 6495 6494 6750
f 6843 6575 6485
f 6844 6845 6843
f 6573 6845 6847
f 6849 6491 6487
f 6513 6753 6752
f 6517 6521 6850
f 6521 6520 6851
f 6844 6851 6852
f 6505 6504 6510
f 6753 6513 6512
f 6516 6522 6521
f 6614 6740 6854
f 6742 6262 4003
f 6708 6617 6855
f 6307 6306 6857
f 6307 6664 6665
f 6414 6413 6425
f 6416 6415 6427
f 6562 6418 6431
f 6419 6537 6538
f 6358 6836 6839
f 6059 6058 6859
f 6861 6862 6863
f 6865 6866 6867
f 6115 6025 6869
f 6871 6872 6873
f 6721 6254 6596
f 6876 6610 6556
f 6877 6663 6552
f 6551 6878 6268
f 6879 6855 6265
f 6239 6618 6651
f 6230 6263 6619
f 6171 6670 6669
f 6106 6109 6882
f 6883 6884 6822
f 6759 6184 6187
f 6725 6724 6785
f 6885 6795 6808
f 6886 6887 6888
f 6701 6700 6756
f 6884 6786 6779
f 6715 6714 6309
f 6889 6259 6890
f 6743 3890 4042
f 6270 6664 6893
f 6386 6894 6895
f 6895 6348 6420
f 6897 6432 6417
f 6897 6433 6407
f 6390 6898 6899
f 6900 6899 6406
f 6455 6900 6901
f 6902 6903 6904
f 6482 6903 6905
f 6501 6906 6907
f 6496 6515 6908
f 6532 6531 6326
f 6532 6742 6743
f 6612 6910 6735
f 6611 6911 6910
f 6626 5980 5979
f 6704 6912 6105
f 6913 6590 6591
f 6915 6794 6795
f 6229 6228 4067
f 6263 6290 6289
f 6745 6301 6663
f 6916 6771 6757
f 6885 6918 6165
f 6920 6780 6783
f 6921 6922 6923
f 6925 6921 6924
f 6927 6928 6929
f 6931 6932 6933
f 6935 6936 6937
f 6939 6940 6941
f 6943 6944 6945
f 6947 6948 6949
f 6944 6943 6951
f 6953 6954 6955
f 6957 6958 6959
f 6961 6962 6929
f 6964 6965 6966
f 6968 6969 6970
f 6969 6948 6955
f 6972 6943 6946
f 6974 6975 6976
f 6978 6979 6980
f 6940 6939 6982
f 6984 6985 6986
f 6988 6989 6990
f 6992 6990 6989
f 6994 6995 6996
f 6998 6999 7000
f 7002 7003 7004
f 7006 7007 7008
f 7010 7011 7012
f 7014 7015 7016
f 7018 7019 6999
f 7020 7021 7022
f 7024 7025 7026
f 7028 7029 7030
f 7032 7033 7034
f 7003 7002 7036
f 7038 7039 7040
f 6993 6989 7030
f 7042 7043 7044
f 7046 7047 7007
f 7011 7010 7048
f 7050 7051 7052
f 7054 7015 7014
f 7015 7054 7056
f 6621 6620 7045
f 7049 7048 6775
f 7051 7050 6021
f 7055 6697 6701
f 7054 6701 6755
f 6764 6763 7047
f 7020 7058 7059
f 7060 7061 7062
f 6958 7064 7065
f 6925 7066 7067
f 7068 6931 6934
f 7069 6988 6991
f 7071 6995 7072
f 7074 7075 7076
f 7078 7079 7080
f 7014 7017 7082
f 7084 7085 7086
f 7025 7028 7031
f 7085 7084 7072
f 7089 7084 7087
f 7055 7014 7083
f 7090 7087 6770
f 7092 7093 7094
f 7091 6183 6697
f 6770 7087 7086
f 7095 7094 6767
f 7096 7061 6980
f 7098 6941 6940
f 7058 7020 7023
f 7101 6927 6930
f 6974 7060 7063
f 7103 6968 6971
f 7105 6978 6981
f 7106 7107 7036
f 7109 7048 7010
f 7111 7019 7018
f 7098 7003 7037
f 7048 7109 7112
f 7113 6993 7041
f 6994 7114 7115
f 6965 7116 6923
f 6975 6922 6945
f 7061 7096 7065
f 6954 6953 6933
f 6763 7112 7109
f 7046 7045 6620
f 6947 7117 7067
f 6758 7086 7056
f 7118 7119 7039
f 7038 7069 7070
f 7106 7120 7121
f 7123 7124 7053
f 7123 7052 7083
f 7045 7046 7006
f 7107 7106 7122
f 7091 7083 7052
f 7091 7051 6020
f 6936 7096 7097
f 7125 6957 6960
f 6774 6021 7050
f 7119 6939 6942
f 7019 7002 7005
f 7011 7053 7124
f 7021 7126 7040
f 7114 7029 7016
f 7053 7011 7049
f 7086 7085 7057
f 6993 7113 7127
f 7075 7127 7113
f 4281 4280 6603
f 6012 6333 7129
f 7130 6083 6584
f 6797 7132 7133
f 6074 7134 7135
f 6789 6760 6173
f 6760 6789 6776
f 7136 6802 6801
f 6914 6671 6674
f 7007 7110 7059
f 7099 7004 7003
f 6984 7103 7104
f 7110 7007 7047
f 6333 6583 6587
f 5956 6699 6667
f 5957 5956 5971
f 7137 6715 6308
f 4292 4293 6718
f 6693 6705 6668
f 6215 6668 6667
f 6214 6667 6699
f 6698 6197 6212
f 6219 6207 6198
f 6207 6219 6220
f 6220 6221 6609
f 6262 6229 4066
f 7138 7139 7140
f 4298 7142 7140
f 7143 7144 7145
f 7147 7148 7144
f 7149 7150 7151
f 7150 7152 7153
f 6329 6261 7154
f 6261 6260 7155
f 7156 6829 7157
f 6598 6597 7159
f 6257 6256 7161
f 6256 4322 4321
f 6693 6694 6706
f 5954 5969 6705
f 5953 5966 5969
f 7163 5984 5983
f 7164 7165 6138
f 7167 7168 7169
f 6141 7171 7172
f 7166 7171 7173
f 6141 6140 7174
f 7176 7177 7178
f 7180 7181 7182
f 7184 7185 7186
f 6631 7180 7183
f 6218 6198 6197
f 6625 6641 7189
f 6814 6813 7190
f 6882 7192 7193
f 7195 7196 6109
f 6888 7197 7198
f 7200 7201 7202
f 7176 6627 6630
f 6029 7184 7187
f 7205 7206 7207
f 7209 7210 7211
f 7203 7202 7213
f 6886 7215 6778
f 6031 6030 7215
f 7216 7217 7218
f 7220 7221 6880
f 6076 6075 7220
f 6074 6077 6672
f 6147 6150 6662
f 7223 6662 6111
f 6810 6809 6113
f 6920 7134 6914
f 6077 6660 6675
f 6660 6077 6076
f 7222 7220 6669
f 7224 7222 6181
f 6660 6662 6150
f 7225 7226 6794
f 6783 6782 7225
f 6781 6780 6068
f 7217 7227 7228
f 6031 6888 7199
f 6887 6886 6723
f 6164 7225 6915
f 6780 6920 6591
f 7134 6074 6671
f 7229 7230 6824
f 7187 7186 7230
f 7226 6887 6722
f 7231 7232 6169
f 7201 7231 7233
f 6107 7234 7235
f 7215 7229 6823
f 6030 7187 7229
f 7236 7216 7219
f 7237 7238 6820
f 7237 7208 7207
f 7239 7240 7241
f 6739 7243 7244
f 7245 7239 7242
f 7233 6169 6168
f 7247 7213 7202
f 7195 6108 7203
f 7248 7249 7250
f 7227 7251 7252
f 7253 6067 5998
f 6067 7253 7198
f 6781 7198 7197
f 5984 7163 6683
f 7254 7250 6678
f 6679 7249 7252
f 6887 7226 7197
f 6782 7197 7226
f 7135 6919 6163
f 7221 7220 6075
f 6661 6076 7222
f 7224 6112 6111
f 6180 6810 6112
f 6179 6811 6810
f 6811 6179 6793
f 6650 6792 6622
f 6766 6621 7044
f 7095 7044 7043
f 7092 7043 7121
f 7078 7120 7255
f 7256 7232 7257
f 6768 6772 7259
f 6773 6767 7094
f 7090 7094 7093
f 7089 7093 7080
f 7071 7079 7032
f 7077 7018 6998
f 6995 7071 7260
f 7077 7076 7261
f 7035 7034 7018
f 7108 7019 7111
f 6978 7105 7262
f 7105 7263 7264
f 7263 6944 6952
f 6990 6992 6951
f 6972 7117 7266
f 7117 6947 6950
f 6948 6969 7267
f 6969 6968 6982
f 7103 6984 6987
f 7005 7004 6986
f 6999 7005 7268
f 7269 7270 7271
f 7274 7272 7275
f 7274 7273 7276
f 7278 7279 7280
f 7282 7283 7284
f 7286 7287 7288
f 7290 7291 7292
f 7294 7295 7296
f 7068 7297 7298
f 7300 7301 7302
f 7304 6962 7305
f 7307 7285 7305
f 7309 7284 7283
f 7311 7312 7313
f 7125 7304 7306
f 7285 7307 7280
f 7277 7281 7303
f 6965 6964 7316
f 7318 7312 7316
f 7320 7321 7271
f 7312 7318 7296
f 7270 7269 7298
f 7311 7270 7322
f 6961 6932 7300
f 7323 7324 7325
f 7327 7064 7328
f 7064 6958 7325
f 7287 7330 7292
f 6931 7068 7299
f 7331 7327 7329
f 7332 7333 7334
f 7336 7337 7338
f 7340 7341 7333
f 7342 7341 7343
f 7345 7346 7347
f 7348 7349 7350
f 7352 7353 7354
f 7356 7357 7358
f 7360 7361 7362
f 7365 7366 7367
f 7368 7369 7370
f 7372 7373 7336
f 7373 7375 7337
f 7367 7366 7376
f 7378 7379 7380
f 7382 7383 7384
f 7386 7387 7385
f 7388 7389 7390
f 7392 7334 7333
f 7394 7395 7396
f 7398 7399 7400
f 7402 7403 7404
f 7406 7407 7408
f 7410 7411 7383
f 7412 7413 7414
f 7385 7416 7417
f 7389 7418 7419
f 7373 7420 7421
f 7420 7373 7372
f 7369 7423 7424
f 7399 7398 7397
f 7393 7333 7341
f 7398 7358 7357
f 7358 7398 7401
f 7428 7429 7430
f 7433 7434 7435
f 7363 7362 7436
f 7383 7438 7439
f 7411 7440 7438
f 7441 7442 7443
f 7445 7446 7339
f 7374 7336 7339
f 7444 7365 7364
f 7448 7364 7450
f 7364 7367 7451
f 7451 7367 7377
f 7449 7450 7454
f 7455 7454 7450
f 7456 7455 7451
f 7410 7457 7458
f 7460 7461 7462
f 7423 7369 7462
f 7464 7465 7466
f 7468 7469 7347
f 7376 7366 7471
f 7425 7397 7396
f 7475 7476 7477
f 7478 7479 7480
f 7482 7483 7407
f 7484 7485 7351
f 7487 7405 7488
f 7490 7491 7492
f 7412 7415 7434
f 7494 7495 7434
f 7496 7388 7391
f 7440 7411 7498
f 7401 7400 7488
f 7485 7346 7345
f 7500 7502 7427
f 7395 7394 7469
f 7503 7504 7505
f 7507 7508 7509
f 7511 7512 7513
f 7511 7514 7515
f 7517 7518 7519
f 7521 7522 7523
f 7352 7524 7525
f 7415 7414 7527
f 7528 7529 7530
f 7404 7531 7502
f 7477 7388 7496
f 7512 7478 7481
f 7405 7404 7500
f 7533 7534 7535
f 7378 7507 7510
f 7532 7496 7379
f 7539 7540 7541
f 7524 7352 7355
f 7351 7485 7501
f 7414 7524 7523
f 7522 7543 7527
f 7544 7413 7412
f 7546 7416 7547
f 7526 7549 7353
f 7550 7521 7355
f 7521 7550 7551
f 7552 7546 7548
f 7546 7552 7553
f 7522 7521 7548
f 7418 7556 7520
f 7416 7546 7554
f 7457 7557 7558
f 7557 7559 7560
f 7562 7561 7563
f 7564 7563 7349
f 7351 7350 7565
f 7567 7568 7569
f 7570 7555 7520
f 7419 7418 7555
f 7572 7564 7348
f 7389 7476 7556
f 7573 7490 7493
f 7552 7535 7534
f 7562 7574 7536
f 7572 7575 7576
f 7422 7577 7578
f 7423 7579 7580
f 7579 7423 7463
f 7578 7574 7576
f 7583 7584 7381
f 7586 7579 7581
f 7533 7580 7579
f 7447 7339 7338
f 7588 7502 7531
f 7590 7428 7431
f 7321 7320 7592
f 7275 7581 7463
f 7461 7278 7276
f 7279 7278 7461
f 7453 7454 7593
f 7594 7593 7454
f 7330 7287 7498
f 7459 7458 7294
f 7558 7560 7595
f 7560 7592 7320
f 7275 7321 7585
f 7462 7276 7273
f 7596 7583 7380
f 7597 7598 7406
f 7467 7466 7599
f 7601 7602 7603
f 7605 7365 7444
f 7365 7605 7606
f 7607 7495 7494
f 7513 7481 7473
f 7396 7395 7514
f 7514 7395 7468
f 7470 7609 7515
f 7610 7611 7609
f 7612 7556 7476
f 7613 7530 7529
f 7442 7441 7615
f 7574 7578 7577
f 7619 7400 7399
f 7518 7479 7509
f 7491 7399 7425
f 7549 7620 7621
f 7491 7490 7622
f 7377 7438 7440
f 7379 7496 7497
f 7453 7461 7460
f 7411 7410 7459
f 7623 7624 7391
f 7625 7611 7610
f 7487 7407 7483
f 7619 7622 7408
f 7627 7628 7620
f 7538 7379 7378
f 7389 7388 7477
f 7629 7545 7412
f 7489 7408 7407
f 7628 7627 7598
f 7413 7525 7524
f 7592 7560 7559
f 7584 7631 7632
f 7569 7568 7633
f 7570 7508 7566
f 7631 7567 7566
f 7508 7570 7519
f 7614 7573 7480
f 7346 7610 7470
f 7572 7574 7562
f 7571 7633 7634
f 7346 7485 7484
f 7607 7591 7431
f 7585 7592 7630
f 7624 7596 7497
f 7635 7386 7384
f 7636 7427 7502
f 7323 7309 7310
f 7420 7578 7582
f 7637 7594 7455
f 7287 7286 7499
f 7458 7558 7295
f 7439 7376 7472
f 7599 7601 7604
f 7359 7358 7427
f 7436 7638 7639
f 7490 7573 7640
f 7481 7480 7493
f 7641 7506 7505
f 7642 7643 7627
f 7492 7425 7473
f 7517 7612 7625
f 7625 7484 7486
f 7634 7623 7390
f 7474 7477 7532
f 7448 7368 7441
f 7368 7448 7449
f 7615 7441 7368
f 7638 7603 7602
f 7575 7572 7501
f 7571 7555 7570
f 7400 7619 7489
f 7508 7507 7632
f 7503 7506 7540
f 6957 7125 7315
f 7376 7439 7438
f 7507 7378 7381
f 7499 7456 7452
f 7286 7637 7456
f 7504 7642 7644
f 7645 7598 7627
f 7647 7634 7633
f 7647 7648 7623
f 7649 7624 7623
f 7650 7596 7624
f 7646 7633 7568
f 7651 7568 7567
f 7653 7652 7567
f 7651 7654 7655
f 7656 7657 7658
f 7660 7658 7657
f 7663 7657 7656
f 7664 7665 7663
f 7667 7666 7663
f 7667 7662 7668
f 7663 7665 7661
f 7670 7671 7672
f 7661 7672 7671
f 7659 7668 7662
f 7648 7647 7668
f 7648 7659 7673
f 7659 7658 7674
f 7658 7660 7675
f 7668 7647 7646
f 7660 7671 7676
f 7675 7677 7678
f 7677 7675 7676
f 7677 7680 7681
f 7682 7683 7678
f 7677 7679 7684
f 7673 7674 7678
f 7683 7650 7649
f 7685 7676 7671
f 7667 7655 7686
f 7666 7686 7687
f 7654 7688 7686
f 7689 7687 7686
f 7664 7687 7691
f 7650 7692 7583
f 7693 7653 7631
f 7584 7583 7692
f 7693 7692 7682
f 7694 7682 7681
f 7694 7696 7653
f 7650 7683 7682
f 7696 7697 7652
f 7654 7651 7652
f 7688 7654 7697
f 7699 7698 7697
f 7700 7701 7698
f 7695 7699 7696
f 7699 7695 7702
f 7689 7688 7698
f 7689 7701 7703
f 7705 7706 7707
f 7701 7700 7705
f 7704 7703 7707
f 7685 7670 7691
f 7687 7689 7704
f 7680 7702 7695
f 7684 7706 7702
f 7702 7706 7705
f 7684 7679 7707
f 7676 7685 7707
f 7665 7669 7672
f 7670 7669 7690
f 7665 7664 7690
f 7611 7475 7474
f 7510 7509 7479
f 7511 7538 7537
f 7516 7532 7538
f 7517 7530 7613
f 7537 7510 7478
f 7611 7625 7612
f 7613 7480 7479
f 7556 7612 7517
f 7516 7515 7609
f 7708 7709 7710
f 7712 7713 7714
f 7713 7716 7717
f 7719 7720 7721
f 7722 7723 7597
f 7724 7712 7715
f 7726 7727 7728
f 7731 7640 7573
f 7730 7573 7614
f 7733 7734 7735
f 7721 7712 7724
f 7731 7722 7409
f 7708 7726 7729
f 7737 7724 7709
f 7716 7741 7736
f 7742 7743 7744
f 7740 7736 7735
f 7717 7716 7740
f 7716 7713 7720
f 7748 7749 7711
f 7750 7748 7710
f 7720 7719 7751
f 7734 7723 7728
f 7709 7724 7725
f 7752 7753 7715
f 7739 7709 7708
f 7720 7713 7712
f 7749 7754 7755
f 7745 7744 7756
f 7746 7727 7742
f 7743 7742 7755
f 7727 7746 7735
f 7747 7756 7757
f 7753 7750 7725
f 7751 7621 7620
f 7757 7752 7714
f 7718 7721 7737
f 7747 7740 7746
f 7727 7726 7755
f 7726 7708 7711
f 7759 7757 7756
f 7759 7760 7752
f 7760 7761 7753
f 7761 7762 7750
f 7758 7756 7744
f 7763 7744 7743
f 7754 7765 7764
f 7763 7766 7767
f 7768 7769 7770
f 7772 7768 7771
f 7775 7768 7772
f 7776 7777 7775
f 7779 7778 7775
f 7775 7777 7769
f 7770 7769 7781
f 7782 7774 7772
f 7760 7759 7782
f 7760 7773 7783
f 7773 7771 7784
f 7770 7785 7784
f 7779 7774 7782
f 7782 7759 7758
f 7785 7770 7780
f 7785 7787 7788
f 7787 7785 7786
f 7787 7790 7791
f 7792 7793 7788
f 7787 7789 7794
f 7793 7783 7784
f 7762 7761 7783
f 7796 7786 7780
f 7795 7780 7781
f 7779 7767 7798
f 7799 7776 7778
f 7766 7800 7798
f 7800 7801 7799
f 7802 7776 7799
f 7795 7797 7802
f 7762 7804 7748
f 7805 7765 7754
f 7749 7748 7804
f 7805 7804 7792
f 7806 7792 7791
f 7806 7808 7765
f 7793 7792 7804
f 7808 7809 7764
f 7766 7763 7764
f 7766 7809 7810
f 7811 7810 7809
f 7812 7813 7810
f 7807 7811 7808
f 7811 7807 7814
f 7813 7801 7800
f 7801 7813 7815
f 7817 7818 7819
f 7813 7812 7817
f 7816 7815 7819
f 7796 7795 7803
f 7799 7801 7816
f 7790 7814 7807
f 7794 7818 7814
f 7814 7818 7817
f 7794 7789 7819
f 7786 7796 7819
f 7777 7797 7781
f 7777 7776 7802
f 7528 7719 7718
f 7729 7728 7723
f 7738 7731 7730
f 7732 7737 7739
f 7733 7620 7628
f 7722 7731 7738
f 7621 7751 7719
f 7628 7597 7723
f 7733 7736 7741
f 7732 7614 7529
f 7486 7565 7621
f 7549 7565 7350
f 7353 7350 7349
f 7354 7349 7563
f 7821 7822 7823
f 7824 7825 7826
f 7825 7828 7829
f 7830 7831 7832
f 7834 7824 7827
f 7836 7837 7838
f 7840 7482 7406
f 7841 7406 7598
f 7843 7844 7845
f 7833 7824 7834
f 7848 7820 7836
f 7847 7834 7821
f 7828 7851 7846
f 7853 7854 7855
f 7850 7846 7845
f 7829 7828 7850
f 7828 7825 7832
f 7858 7859 7823
f 7860 7858 7822
f 7831 7861 7851
f 7844 7862 7838
f 7834 7835 7822
f 7863 7864 7827
f 7849 7821 7820
f 7825 7824 7833
f 7859 7865 7866
f 7855 7854 7867
f 7837 7852 7855
f 7865 7853 7852
f 7837 7856 7845
f 7857 7867 7868
f 7864 7860 7835
f 7843 7861 7642
f 7868 7863 7826
f 7830 7833 7847
f 7857 7850 7856
f 7837 7836 7866
f 7836 7820 7823
f 7870 7868 7867
f 7870 7871 7863
f 7871 7872 7864
f 7872 7873 7860
f 7869 7867 7854
f 7874 7854 7853
f 7876 7875 7853
f 7874 7877 7878
f 7879 7880 7881
f 7883 7879 7882
f 7886 7879 7883
f 7887 7888 7886
f 7890 7889 7886
f 7886 7888 7880
f 7891 7881 7880
f 7884 7893 7885
f 7871 7870 7893
f 7871 7884 7894
f 7884 7882 7895
f 7882 7881 7896
f 7890 7885 7893
f 7893 7870 7869
f 7881 7891 7897
f 7898 7899 7895
f 7900 7898 7896
f 7901 7902 7899
f 7904 7899 7902
f 7898 7900 7905
f 7894 7895 7899
f 7904 7873 7872
f 7907 7897 7891
f 7906 7891 7892
f 7890 7878 7909
f 7910 7887 7889
f 7877 7911 7909
f 7912 7910 7909
f 7887 7910 7914
f 7906 7908 7913
f 7873 7915 7858
f 7916 7876 7865
f 7859 7858 7915
f 7916 7915 7903
f 7917 7903 7902
f 7917 7919 7876
f 7873 7904 7903
f 7919 7920 7875
f 7877 7874 7875
f 7911 7877 7920
f 7922 7921 7920
f 7923 7924 7921
f 7918 7922 7919
f 7922 7918 7925
f 7924 7912 7911
f 7912 7924 7926
f 7928 7929 7930
f 7924 7923 7928
f 7927 7926 7930
f 7907 7906 7914
f 7910 7912 7927
f 7901 7925 7918
f 7905 7929 7925
f 7925 7929 7928
f 7905 7900 7930
f 7897 7907 7930
f 7888 7908 7892
f 7888 7887 7913
f 7645 7643 7831
f 7839 7838 7862
f 7841 7849 7848
f 7842 7847 7849
f 7504 7503 7844
f 7839 7931 7840
f 7643 7642 7861
f 7503 7539 7862
f 7846 7851 7861
f 7842 7598 7645
f 7932 7933 7934
f 7936 7937 7938
f 7937 7940 7941
f 7942 7943 7944
f 7947 7948 7949
f 7950 7936 7939
f 7953 7954 7955
f 7956 7957 7958
f 7956 7959 7540
f 7962 7963 7964
f 7936 7950 7965
f 7946 7949 7958
f 7966 7932 7952
f 7965 7950 7933
f 7968 7940 7969
f 7970 7971 7972
f 7974 7968 7964
f 7941 7940 7968
f 7940 7937 7944
f 7976 7977 7935
f 7978 7976 7934
f 7943 7979 7969
f 7947 7954 7963
f 7933 7950 7951
f 7980 7981 7939
f 7967 7933 7932
f 7937 7936 7945
f 7977 7982 7983
f 7973 7972 7984
f 7953 7970 7973
f 7982 7971 7970
f 7974 7963 7954
f 7975 7984 7985
f 7981 7978 7951
f 7961 7979 7544
f 7985 7980 7938
f 7942 7945 7965
f 7975 7968 7974
f 7952 7983 7970
f 7952 7932 7935
f 7987 7985 7984
f 7987 7988 7980
f 7988 7989 7981
f 7989 7990 7978
f 7986 7984 7972
f 7991 7972 7971
f 7993 7992 7971
f 7986 7991 7994
f 7997 7998 7999
f 8000 7996 7999
f 8003 7996 8000
f 8005 8003 8006
f 8007 8006 8003
f 7996 8003 8005
f 7998 7997 8009
f 8010 8002 8000
f 7988 7987 8010
f 7988 8001 8011
f 8011 8001 7999
f 7998 8013 8012
f 8007 8002 8010
f 8010 7987 7986
f 8013 7998 8008
f 8015 8016 8012
f 8017 8015 8013
f 8018 8019 8016
f 8021 8016 8019
f 8015 8017 8022
f 8011 8012 8016
f 8021 7990 7989
f 8023 8024 8014
f 8023 8008 8009
f 8007 7995 8026
f 8026 8027 8004
f 8028 8026 7995
f 8029 8027 8026
f 8030 8004 8027
f 8023 8025 8030
f 7990 8032 7976
f 8033 7993 7982
f 7976 8032 8033
f 8034 8033 8032
f 8035 8034 8020
f 8034 8036 7993
f 7990 8021 8020
f 8036 8037 7992
f 7991 7992 8037
f 7994 8037 8038
f 8039 8038 8037
f 8040 8041 8038
f 8035 8039 8036
f 8039 8035 8042
f 8041 8029 8028
f 8029 8041 8043
f 8045 8046 8047
f 8041 8040 8045
f 8044 8043 8047
f 8024 8023 8031
f 8027 8029 8044
f 8042 8035 8019
f 8022 8046 8042
f 8042 8046 8045
f 8017 8047 8046
f 8014 8024 8047
f 8005 8025 8009
f 8005 8004 8030
f 7506 7641 7943
f 7954 7947 7946
f 7967 7966 7957
f 7960 7965 7967
f 7948 7947 7962
f 7955 7946 7957
f 7641 7544 7979
f 7969 7979 7961
f 7960 7540 7506
f 7362 8049 8050
f 8052 7618 7464
f 8051 7464 7467
f 8054 8055 7600
f 8056 7361 7618
f 7436 8050 8057
f 8049 7362 7361
f 8057 8058 7603
f 8055 8053 7467
f 8058 8054 7604
f 8059 8060 8058
f 8060 8061 8054
f 8061 8062 8055
f 8062 8063 8053
f 8059 8057 8050
f 8064 8050 8049
f 8056 8066 8065
f 8059 8064 8067
f 8069 8070 8071
f 8073 8069 8072
f 8075 8069 8073
f 8077 8078 8075
f 8075 8079 8070
f 8079 8080 8081
f 8082 8071 8070
f 8083 8076 8073
f 8061 8060 8083
f 8061 8074 8084
f 8074 8072 8085
f 8072 8071 8086
f 8077 8076 8083
f 8083 8060 8059
f 8071 8082 8087
f 8088 8089 8085
f 8090 8088 8086
f 8091 8092 8089
f 8094 8089 8092
f 8088 8090 8095
f 8084 8085 8089
f 8094 8063 8062
f 8097 8087 8082
f 8096 8082 8081
f 8077 8068 8098
f 8099 8100 8078
f 8101 8098 8068
f 8102 8099 8098
f 8100 8099 8104
f 8096 8080 8103
f 8075 8078 8100
f 8079 8100 8103
f 8105 8051 8053
f 8066 8056 8052
f 8051 8105 8106
f 8107 8106 8105
f 8108 8107 8093
f 8107 8109 8066
f 8063 8094 8093
f 8109 8110 8065
f 8064 8065 8110
f 8067 8110 8111
f 8112 8111 8110
f 8113 8114 8111
f 8108 8112 8109
f 8112 8108 8115
f 8114 8102 8101
f 8102 8114 8116
f 8118 8119 8120
f 8114 8113 8118
f 8117 8116 8120
f 8097 8096 8104
f 8099 8102 8117
f 8091 8115 8108
f 8095 8119 8115
f 8115 8119 8118
f 8095 8090 8120
f 8087 8097 8120
f 7550 7563 7561
f 7552 7551 7561
f 7931 7862 7539
f 7640 7409 7408
f 7549 7526 7644
f 7525 7413 7544
f 7931 7542 7482
f 7483 7482 7542
f 7626 7402 7405
f 7629 7433 7432
f 7629 8121 7949
f 8122 7958 7949
f 8123 8122 8121
f 8124 8123 7432
f 7434 7495 8125
f 8125 7430 8124
f 8124 7430 7429
f 8123 8124 8126
f 8122 8123 8127
f 7541 7540 7959
f 7404 7403 8129
f 8125 7495 7431
f 7526 7525 7505
f 7626 7483 7541
f 7959 7958 8122
f 7961 7545 8048
f 7629 7948 8048
f 8127 7402 7626
f 7402 8127 8126
f 8129 7403 8126
f 7428 7531 8129
f 7589 7531 7428
f 7334 7392 7426
f 7335 7334 7357
f 7616 7615 7446
f 7392 7397 7398
f 7393 7394 7397
f 7342 7469 7394
f 7344 7347 7469
f 7343 7618 7361
f 7360 7345 7344
f 7363 7575 7345
f 7437 7576 7575
f 7582 7576 7437
f 7421 7582 7639
f 7375 7421 7602
f 7599 7337 7375
f 7465 7464 7618
f 7332 7447 7587
f 7447 7332 7335
f 7445 7335 7356
f 7359 7442 7616
f 7636 7443 7442
f 7588 7605 7443
f 7589 7606 7605
f 7590 7471 7606
f 7471 7590 7591
f 7446 7615 7371
f 7371 7370 7372
f 7422 7372 7370
f 7577 7422 7424
f 7536 7577 7580
f 7591 7607 7635
f 7607 7608 7386
f 7543 7608 7494
f 7547 7387 7543
f 7608 7543 7387
f 7387 7547 7416
f 7457 7410 7382
f 7557 7457 7417
f 7559 7557 7554
f 7630 7559 7553
f 7534 7533 7586
f 7466 7338 7337
f 7465 7587 7338
f 7617 7340 7587
f 7341 7340 7617
f 8130 6091 6090
f 6023 6022 8132
f 6182 6023 8133
f 6623 6622 6792
f 6787 6696 6182
f 8134 6700 6696
f 6917 6757 6756
f 6762 6761 7112
f 6762 6765 6184
f 6765 6623 6185
f 6650 6769 6768
f 6772 6771 6916
f 6777 6776 6789
f 6022 6777 6788
f 6756 6700 8134
f 6758 6757 6771
f 6761 6776 6775
f 6769 6622 6621
f 6772 6768 6767
f 6174 6173 6760
f 6187 6186 6178
f 6811 6649 6648
f 6786 6785 6724
f 6791 6790 6918
f 6186 6793 6179
f 6808 6807 8133
f 6884 6883 8135
f 6174 6187 6670
f 6807 6785 6784
f 6791 6808 8132
f 6786 6884 8134
f 6790 6173 6172
f 6649 6793 6792
f 6316 6315 8136
f 8137 6655 6654
f 8139 8140 6601
f 6656 6655 6580
f 6868 8141 8142
f 6316 6712 6711
f 6864 8143 8144
f 6864 6863 8145
f 6868 6867 6869
f 6656 6867 6866
f 8146 8147 8148
f 8139 8150 8151
f 8152 8153 6866
f 8154 8155 8138
f 6874 6873 8156
f 8158 6318 8159
f 8160 8152 6865
f 8161 6317 6313
f 6161 6600 8162
f 8164 8154 6654
f 8153 8164 6653
f 8165 8166 8167
f 8166 5989 8169
f 5989 5988 8170
f 5988 6017 8171
f 8172 8173 6043
f 8174 8175 6032
f 8174 6035 6098
f 8176 6098 6796
f 8177 6796 8178
f 7132 8178 6728
f 6589 6588 8180
f 8180 6588 6004
f 8181 6004 6007
f 6334 6079 6731
f 6079 6078 6645
f 6078 6085 6646
f 6085 8183 8184
f 6091 8130 8185
f 6086 6730 8183
f 6950 6949 7118
f 6952 6951 6992
f 6983 6982 6968
f 6987 6986 7004
f 7001 7000 6979
f 7001 7262 7074
f 7262 7264 7075
f 7264 6952 7127
f 7265 6951 6943
f 7265 7266 6991
f 7266 6950 7070
f 6949 7267 7119
f 7267 6982 6939
f 6983 6987 7099
f 7268 6986 6985
f 7000 7268 8186
f 6938 6937 6985
f 6946 6945 6922
f 6956 6955 6948
f 6971 6970 6928
f 6970 6955 6954
f 6973 6946 6921
f 6977 6976 7263
f 6981 6980 7061
f 6973 7067 7117
f 7097 6980 6979
f 7104 6971 6927
f 6977 6981 7060
f 6976 6945 6944
f 6956 7067 7066
f 6937 7097 8186
f 6938 7104 7101
f 6924 6923 7116
f 6926 6924 7297
f 6930 6929 6962
f 6934 6933 6953
f 6960 6959 6936
f 6963 6929 6928
f 6967 6966 6975
f 7063 7062 7327
f 6959 7065 7096
f 6926 6934 7066
f 7102 6930 7304
f 6967 7063 7331
f 6966 6923 6922
f 7062 7065 7064
f 6963 6933 6932
f 7102 6960 6935
f 7299 7298 7269
f 7301 7300 6932
f 7306 7305 7285
f 7308 7305 6962
f 7315 7306 7284
f 7317 7316 7312
f 7319 7316 6964
f 7322 7298 7297
f 7317 7322 7116
f 7308 7300 7303
f 7326 7325 6958
f 7329 7328 7291
f 7328 7325 7324
f 7301 7299 8187
f 7319 7329 7290
f 7326 7315 7309
f 7272 7271 7321
f 7272 7274 8187
f 7274 7277 7302
f 7281 7280 7307
f 7283 7282 7593
f 7289 7288 7324
f 7293 7292 7330
f 7293 7296 7318
f 7310 7283 7594
f 7314 7313 7595
f 7282 7280 7279
f 7278 7281 7277
f 7314 7271 7270
f 7313 7296 7295
f 7288 7292 7291
f 7289 7310 7637
f 6003 6002 6626
f 6003 6138 7165
f 6690 8188 8189
f 6686 6685 5981
f 6685 6687 6096
f 6687 6688 6806
f 6002 6686 5980
f 6606 8188 5351
f 7164 7173 8190
f 8192 7175 7174
f 6015 6014 8153
f 6189 6188 8155
f 8157 8156 6284
f 6332 6015 8152
f 6593 6592 6317
f 6658 6189 8154
f 6014 6658 8164
f 6332 8194 7131
f 6805 8159 6321
f 6146 8163 8162
f 6607 7128 8195
f 8196 6126 6125
f 8198 7169 7168
f 8199 7168 6633
f 7177 6632 8201
f 8202 8203 8204
f 7208 7186 7185
f 7237 7230 7186
f 6819 6824 7230
f 6818 6821 6824
f 8206 6883 6821
f 8207 6917 8135
f 6917 8207 8209
f 8209 8210 7259
f 8210 8211 6647
f 6812 6648 8212
f 6809 6812 7258
f 6809 7257 8213
f 6113 8213 8214
f 7235 7223 6110
f 7223 7235 7234
f 6147 7234 8215
f 6148 8215 8216
f 8218 6155 6158
f 8219 6285 6116
f 6284 6188 6116
f 6188 6284 8156
f 8155 8156 6873
f 8138 6873 6872
f 8137 6872 8148
f 6193 8147 6281
f 6190 6281 6278
f 8220 8221 8222
f 8224 8225 7139
f 6223 6222 8226
f 6237 6236 8228
f 6238 6223 8227
f 6249 6248 8231
f 6253 6252 8233
f 6236 6279 8221
f 6331 6238 8230
f 6252 6595 8236
f 6222 6237 8229
f 6828 6827 8237
f 6280 8239 8240
f 8208 8135 6883
f 6648 6647 8211
f 6143 6624 8242
f 6624 7189 8244
f 8245 8246 8247
f 8249 8250 8251
f 7195 8253 8254
f 7214 8255 8253
f 8256 8255 7214
f 7243 7211 8257
f 7210 8258 8257
f 8259 7181 6102
f 8261 6122 6121
f 8178 7132 8263
f 7132 6797 8264
f 6797 6135 8265
f 6135 6134 8266
f 6134 6151 8267
f 6151 6154 8268
f 6154 8269 8270
f 8269 8271 8272
f 7194 7193 8273
f 7193 8250 8275
f 8249 8259 8260
f 8248 8277 8278
f 6129 6128 8279
f 7169 8198 8197
f 8198 8190 8192
f 7171 6141 7175
f 6589 6801 7129
f 6801 6037 6040
f 6037 6036 6041
f 6036 6131 6659
f 6131 6156 6118
f 6156 6155 6119
f 8218 8219 6119
f 8219 8218 6815
f 7191 7189 6641
f 8246 8244 7189
f 8245 8278 8281
f 8280 8279 6288
f 6125 6124 7170
f 6288 6127 6602
f 6126 8196 6604
f 8196 8193 6605
f 7174 6140 6691
f 6691 6140 6139
f 7171 7166 8283
f 7172 8283 8284
f 6139 6142 8284
f 8285 8286 8287
f 8211 8210 8289
f 8290 8291 8292
f 8293 8294 8291
f 8293 8207 8208
f 8296 8297 8298
f 6818 6817 8296
f 8285 7256 7258
f 7243 8299 7212
f 7243 6739 8300
f 8301 8300 6739
f 8302 8256 7213
f 8303 8302 7247
f 8304 8303 6168
f 6738 8298 8297
f 8288 8287 6167
f 8304 8292 8291
f 8305 8291 8294
f 6737 6736 8306
f 6736 7244 8307
f 8243 8242 8308
f 8242 8244 8282
f 8247 8246 7191
f 7196 8254 8251
f 8253 8310 8311
f 8255 8312 8310
f 8313 8312 8255
f 7244 8257 8313
f 8313 8257 8258
f 8312 8258 8314
f 8315 8311 8310
f 8311 8315 8316
f 8282 8281 8317
f 8308 8317 8261
f 8309 8261 8262
f 8248 8247 8275
f 8282 8244 8246
f 8307 8313 8256
f 8306 8307 8302
f 8305 8306 8303
f 8298 6738 6737
f 8287 8292 8304
f 7253 8319 7199
f 8319 8320 6028
f 8320 8321 6029
f 8321 8322 7184
f 8322 8203 7185
f 8203 8202 7205
f 8202 7240 7206
f 7239 7245 7210
f 7251 7227 8319
f 7227 7217 8320
f 7217 7216 8321
f 7216 7236 8322
f 7236 8204 8203
f 6175 8199 8200
f 7165 7164 8191
f 6137 8283 7166
f 6200 6199 8283
f 6199 6206 8284
f 8284 6206 6205
f 6205 6608 6689
f 6689 6608 5485
f 7009 7008 8323
f 7013 7012 7021
f 7017 7016 7029
f 7013 7059 7110
f 7073 7072 7084
f 7081 7080 7093
f 7082 7017 7028
f 7088 7072 6995
f 7088 7115 7057
f 7122 7121 7043
f 7124 7123 7024
f 7082 7025 7024
f 7009 7122 7042
f 7012 7124 7126
f 7115 7016 7015
f 7008 7059 7058
f 7081 7121 7120
f 7073 7080 7079
f 6997 6996 7076
f 7023 7022 6942
f 7027 7026 7069
f 7031 7030 6989
f 7079 7078 7033
f 7037 7036 7107
f 7027 7040 7126
f 7041 7030 7029
f 7026 7031 6988
f 7100 7023 6941
f 7108 7036 7002
f 7100 7037 8323
f 6997 7041 7114
f 7022 7040 7039
f 7111 7034 7033
f 7035 7261 7260
f 7261 7076 6996
f 7108 7255 7120
f 7245 8314 8258
f 7246 8315 8314
f 7181 8259 8316
f 8277 6101 6129
f 8278 6129 8280
f 6287 8317 8281
f 6122 8261 8317
f 5487 6145 6144
f 5489 6159 6162
f 6637 8324 8325
f 8326 8325 8225
f 5494 7139 8225
f 6160 6159 8150
f 5496 8324 8151
f 8163 8327 6162
f 6146 6145 8327
f 8243 8328 6144
f 8328 8243 8309
f 8318 8262 5501
f 8262 6121 5502
f 8329 8330 8331
f 8333 8334 8335
f 8338 8182 6007
f 8329 8334 8339
f 8341 6334 6734
f 6006 8342 8337
f 8342 6006 6804
f 6065 6064 8339
f 5995 5994 8341
f 6918 6172 6166
f 7221 6163 6166
f 6172 6171 6880
f 8344 5952 5955
f 5519 5976 5975
f 6806 8345 8346
f 6646 8184 8347
f 8165 8348 8349
f 6322 8350 8131
f 8345 6806 6688
f 6695 8346 5975
f 5976 5519 5528
f 5529 8130 8131
f 6643 8347 8352
f 8183 5533 5532
f 5534 8185 8130
f 6730 5535 5533
f 8351 6688 6093
f 5535 6730 6594
f 8353 8354 6652
f 8354 8353 8355
f 8357 8358 6825
f 8359 8357 6202
f 6224 8354 8356
f 6275 8361 8362
f 6201 6210 7143
f 7146 8363 8359
f 8357 8359 8363
f 8355 8365 8366
f 8361 8360 8368
f 8356 8355 8367
f 8370 8371 8372
f 8220 8373 7145
f 6275 6274 6228
f 5558 4067 6228
f 8375 8369 8367
f 8362 8368 8376
f 8378 8379 8380
f 8363 7146 8382
f 8384 8378 8381
f 8382 8373 8386
f 8383 8387 8364
f 6226 6225 6231
f 6231 6225 8361
f 6636 8388 8389
f 6635 8390 8388
f 8390 6635 5576
f 8379 8378 6232
f 8378 8384 6233
f 8384 8391 8371
f 8372 8392 8393
f 7138 8240 8239
f 8224 8239 8394
f 8146 6638 8394
f 6638 6637 8326
f 6340 6339 6299
f 6747 6338 6577
f 6344 6343 6346
f 6342 6341 6355
f 6353 6352 6349
f 6337 6351 6369
f 6360 6359 6328
f 6358 6357 6386
f 6364 6363 6293
f 6362 6361 6376
f 6366 6353 6297
f 6350 6365 6372
f 6533 6342 6303
f 6534 6536 6346
f 6744 6746 6533
f 6536 6534 6747
f 6357 6835 6894
f 6341 6834 6832
f 6839 6838 6292
f 6837 6836 6380
f 6838 6841 6354
f 6361 6840 6377
f 6363 6366 6296
f 6365 6362 6373
f 6359 6839 6291
f 6836 6358 6385
f 6481 6480 6902
f 6484 6483 6501
f 6477 6488 6487
f 6849 6467 6492
f 6494 6492 6467
f 6547 6481 6544
f 6750 6751 6546
f 6494 6466 6751
f 6843 6484 6500
f 6845 6573 6575
f 6489 6488 6847
f 6474 6487 6491
f 6483 6905 6906
f 6493 6463 6465
f 6471 6470 6544
f 6472 6482 6485
f 6476 6475 6461
f 6470 6451 6542
f 6570 6567 6569
f 6495 6567 6463
f 6475 6465 6462
f 6572 6848 6477
f 6574 6571 6457
f 6569 6568 6543
f 6575 6574 6473
f 6471 6904 6901
f 6469 6468 6508
f 6498 6497 6479
f 6503 6502 6518
f 6489 6506 6505
f 6467 6849 6509
f 6546 6548 6498
f 6549 6548 6752
f 6752 6751 6466
f 6503 6850 6846
f 6850 6851 6844
f 6507 6506 6852
f 6486 6505 6509
f 6502 6907 6909
f 6858 6893 6664
f 8396 8397 6611
f 6833 8398 6324
f 8399 6826 6825
f 6831 6830 8401
f 6707 6833 6826
f 8398 8403 6890
f 6858 6857 8404
f 8405 8396 6610
f 6830 6893 6553
f 8397 6892 6911
f 8400 6825 8358
f 8358 8357 8364
f 8406 8364 8387
f 8389 8408 8380
f 8389 8388 8409
f 8388 8390 8410
f 5575 5597 8410
f 6665 6273 8411
f 8412 8413 6720
f 8413 5602 5601
f 8411 8414 8413
f 6262 6742 6290
f 5602 8413 8414
f 7141 7140 7142
f 8393 8222 8241
f 8227 8226 7147
f 8229 8228 8374
f 8230 8227 7151
f 8232 8231 8415
f 8234 8233 8417
f 8221 8220 8374
f 8235 8230 7153
f 8233 8236 8420
f 8226 8229 7148
f 8238 8237 8421
f 7141 8393 8240
f 6581 6580 6655
f 6640 6639 8140
f 6710 6709 8141
f 6717 6716 6712
f 6860 6859 8143
f 6870 6869 6867
f 6717 8136 6726
f 6870 6580 6192
f 6860 8145 6050
f 6710 6869 6025
f 6639 8149 6871
f 6640 8151 8324
f 6581 8148 8147
f 5615 5614 6234
f 7144 7148 8374
f 7144 7143 6210
f 7150 7149 6210
f 7152 7150 6209
f 7152 7154 8419
f 7154 7155 8421
f 7158 7157 8415
f 7160 7159 8420
f 7162 7161 8418
f 7161 4321 5616
f 8370 6234 6233
f 8373 8382 7146
f 8392 8391 8386
f 8391 8392 8372
f 5617 8344 6713
f 5973 5618 3355
f 8345 5620 5619
f 3880 6735 6910
f 8351 5622 5620
f 8346 5619 5520
f 5621 6910 6911
f 5622 8351 8185
f 8150 5624 5497
f 8423 8424 8425
f 8427 6516 6519
f 8429 8430 8431
f 6523 8432 8433
f 8434 8435 8436
f 8438 8435 8434
f 8438 8440 6511
f 8441 8442 8424
f 8427 8443 8430
f 8444 8428 8445
f 8447 8425 8424
f 8449 8443 8444
f 8451 8431 8430
f 8453 8437 8454
f 8456 8434 8437
f 8439 8434 8456
f 8448 8424 8442
f 8452 8430 8443
f 8425 8447 8459
f 8460 8461 8462
f 8464 8465 8466
f 8468 8469 8470
f 8472 8473 8474
f 8476 8477 8478
f 8480 8481 8482
f 8484 8485 8486
f 8485 8488 8489
f 8490 8491 8481
f 8492 8493 8494
f 8495 8494 8496
f 8498 8499 8500
f 8502 8501 8500
f 8504 8505 8506
f 8508 8509 8510
f 8513 8508 8511
f 8507 8506 8514
f 8516 8517 8518
f 8520 8517 8516
f 8522 8523 8524
f 8526 8527 8522
f 8528 8529 8530
f 8532 8530 8529
f 8534 8535 8536
f 8538 8539 8534
f 8464 8482 8481
f 8483 8540 8541
f 8542 8485 8484
f 8487 8543 8540
f 8488 8485 8542
f 8545 8546 8486
f 8481 8491 8466
f 8547 8545 8489
f 8548 8494 8493
f 8549 8550 8502
f 8551 8496 8494
f 8497 8541 8552
f 8469 8500 8499
f 8547 8541 8497
f 8469 8468 8503
f 8501 8502 8550
f 8460 8504 8507
f 8552 8553 8506
f 8554 8511 8510
f 8549 8552 8505
f 8554 8555 8512
f 8513 8556 8550
f 8461 8507 8515
f 8557 8556 8513
f 8558 8516 8519
f 8559 8560 8527
f 8521 8516 8558
f 8553 8562 8517
f 8477 8525 8524
f 8520 8523 8557
f 8476 8526 8525
f 8527 8560 8556
f 8563 8529 8528
f 8564 8539 8531
f 8533 8529 8563
f 8562 8567 8530
f 8473 8537 8536
f 8559 8562 8532
f 8472 8538 8537
f 8560 8534 8539
f 8463 8462 8555
f 8544 8542 8467
f 8470 8551 8548
f 8475 8474 8566
f 8479 8478 8561
f 8484 8487 8483
f 8490 8489 8488
f 8503 8493 8492
f 8498 8497 8496
f 8504 8510 8509
f 8515 8514 8513
f 8519 8518 8527
f 8521 8524 8523
f 8528 8531 8539
f 8533 8536 8535
f 8467 8484 8482
f 8487 8486 8546
f 8544 8466 8491
f 8480 8541 8547
f 8493 8503 8468
f 8495 8552 8549
f 8551 8470 8499
f 8501 8545 8547
f 8460 8463 8510
f 8508 8550 8549
f 8555 8462 8515
f 8506 8553 8557
f 8519 8526 8476
f 8517 8562 8559
f 8561 8478 8524
f 8522 8556 8557
f 8475 8528 8538
f 8567 8565 8531
f 8566 8474 8536
f 8560 8559 8535
f 8442 8441 8568
f 6512 8570 8568
f 8570 8440 8571
f 8426 6515 6514
f 8428 8444 8443
f 6522 8429 8432
f 8437 8436 8433
f 6524 8436 8435
f 6528 6527 8435
f 8423 6514 6550
f 8429 6522 6516
f 6515 8426 8445
f 8441 6550 6754
f 8570 8572 8569
f 8440 8570 6512
f 8569 8573 8458
f 8574 8575 8572
f 8572 8575 8573
f 8453 8576 8577
f 8576 8453 8455
f 8452 8579 8580
f 8573 8581 8582
f 8575 8583 8581
f 8584 8583 8575
f 8571 8439 8457
f 8439 8571 8440
f 8585 8586 8587
f 8587 8589 8590
f 8589 8591 8592
f 8591 8593 8594
f 8593 8595 8596
f 8595 8597 8598
f 8599 8600 8586
f 8601 8602 8600
f 8603 8604 8602
f 8605 8606 8598
f 8607 8608 8604
f 8609 8610 8608
f 8611 8612 8610
f 8606 8605 8612
f 8613 8614 8589
f 8614 8615 8591
f 8615 8616 8593
f 8616 8617 8595
f 8617 8618 8597
f 8619 8620 8617
f 8620 8621 8618
f 8620 8622 8623
f 8624 8625 8626
f 8626 8623 8622
f 8620 8619 8628
f 8622 8628 8629
f 8627 8629 8630
f 8632 8633 8634
f 8636 8634 8633
f 8637 8638 8636
f 8639 8633 8632
f 8633 8639 8641
f 8635 8641 8642
f 8642 8643 8644
f 8645 8638 8637
f 8586 8646 8613
f 8600 8647 8646
f 8616 8615 8648
f 8615 8614 8649
f 8613 8650 8649
f 8651 8650 8613
f 8647 8652 8651
f 8652 8653 8654
f 8602 8655 8647
f 8655 8656 8652
f 8656 8657 8653
f 8653 8658 8659
f 8658 8660 8661
f 8644 8662 8663
f 8664 8661 8662
f 8661 8664 8666
f 8666 8667 8654
f 8667 8650 8651
f 8668 8605 8597
f 8669 8668 8618
f 8670 8669 8621
f 8671 8670 8623
f 8671 8626 8625
f 8625 8631 8673
f 8636 8674 8675
f 8638 8676 8674
f 8645 8677 8676
f 8645 8663 8678
f 8679 8680 8660
f 8657 8679 8658
f 8583 8584 8648
f 8650 8581 8583
f 8667 8582 8581
f 8666 8681 8582
f 8664 8682 8681
f 8682 8664 8665
f 8684 8685 8643
f 8684 8642 8641
f 8639 8580 8579
f 8580 8639 8640
f 8629 8577 8576
f 8604 8686 8655
f 8608 8687 8686
f 8610 8688 8687
f 8612 8689 8688
f 8605 8668 8689
f 8690 8689 8668
f 8691 8688 8689
f 8692 8687 8688
f 8693 8686 8687
f 8656 8655 8686
f 8694 8690 8669
f 8695 8691 8690
f 8696 8692 8691
f 8697 8693 8692
f 8657 8656 8693
f 8697 8698 8679
f 8696 8699 8698
f 8696 8695 8700
f 8694 8701 8700
f 8670 8671 8701
f 8702 8701 8671
f 8701 8702 8703
f 8703 8704 8699
f 8699 8704 8705
f 8698 8705 8680
f 8672 8673 8706
f 8675 8674 8707
f 8674 8676 8709
f 8709 8676 8677
f 8677 8678 8711
f 8712 8713 8710
f 8702 8706 8714
f 8713 8712 8714
f 8707 8709 8716
f 8717 8716 8713
f 8710 8713 8716
f 8708 8707 8717
f 8546 8601 8599
f 8546 8545 8603
f 8550 8607 8603
f 8556 8609 8607
f 8560 8611 8609
f 8564 8606 8611
f 8565 8598 8606
f 8565 8567 8596
f 8567 8562 8594
f 8562 8553 8592
f 8553 8552 8590
f 8590 8552 8541
f 8540 8585 8588
f 8543 8599 8585
f 8684 8449 8450
f 8579 8452 8449
f 8682 8447 8448
f 8447 8682 8683
f 8681 8448 8458
f 8584 8718 8619
f 8628 8718 8577
f 8457 8456 8577
f 8574 8457 8718
f 7134 6920 6919
f 6164 6163 6919
f 5485 6608 6609
f 3832 5351 8188
f 5921 6609 6221
f 5922 4281 7128
f 6439 8719 8720
f 8720 8719 6570
f 6570 8719 8721
f 6439 6447 8721
f 6727 6058 6057
f 6312 6057 6073
f 6828 6248 6073
f 6877 6268 6267
f 6745 6267 6299
f 6891 6306 6305
f 6338 6747 6746
f 6438 6411 6410
f 6412 6411 6440
f 6564 6421 6424
f 6842 6578 6577
f 6889 6305 6829
f 6579 6578 6564
f 6435 6410 6565
f 8722 6857 6306
f 8723 6859 6058
f 6269 6268 6878
f 7160 7157 6829
f 8724 8144 8143
f 8238 8231 6248
f 6339 6746 6744
f 8395 6577 6338
f 6879 6878 8404
f 8422 8415 8231
f 8725 8143 6859
f 8416 8415 7157
f 6059 6050 6049
f 6330 6099 6049
f 7156 6260 6259
f 6269 6265 6264
f 6297 6349 6264
f 6340 6352 6351
f 6368 6842 8395
f 6422 6414 6559
f 6436 6403 6404
f 6447 6439 6438
f 6424 6423 6436
f 6331 6827 6099
f 6422 6421 6842
f 8722 8403 6856
f 8141 6863 6862
f 6265 6855 6617
f 6324 6890 6259
f 7158 7155 6260
f 6709 8145 6863
f 8235 8237 6827
f 6298 6349 6352
f 6370 6369 6351
f 6891 6890 8403
f 8419 8421 8237
f 6051 6050 8145
f 8422 8421 7155
f 8721 6447 6446
f 6748 6440 8720
f 8727 6008 6011
f 8158 6009 8144
f 6009 6008 6861
f 6008 8727 6862
f 8142 6862 8727
f 6554 6553 6893
f 6833 6707 6708
f 6708 6856 8403
f 5623 6911 6892
f 8406 8366 8365
f 8407 8375 8366
f 8377 8376 8408
f 8397 8396 6530
f 6651 8399 8400
f 8402 8401 6616
f 6618 6707 8399
f 6554 8404 6878
f 8396 8405 6854
f 8401 6553 6552
f 6892 8397 6529
f 8353 8400 8365
f 8377 8409 6276
f 8409 8410 6277
f 8410 5597 5932
f 8726 8404 6857
f 8726 6856 6855
f 7234 6107 6106
f 8279 6124 6127
f 8354 6224 6227
f 6246 6245 6619
f 8239 6280 6282
f 8162 6283 6286
f 6292 6354 6246
f 6382 6378 6377
f 6392 6397 6396
f 6396 6395 6427
f 6398 6397 6443
f 6459 6443 6458
f 6525 6520 6523
f 6558 6272 6271
f 6429 6428 6560
f 6460 6458 6572
f 6272 6558 3736
f 7128 6603 6602
f 6227 6245 6244
f 7180 6631 6634
f 6642 6286 6285
f 6356 6741 6740
f 6816 6815 8218
f 6820 8300 8301
f 6355 6832 6741
f 6344 6835 6834
f 6364 6841 6840
f 6375 6378 6560
f 6848 6847 6488
f 6853 6852 6506
f 6530 6854 6740
f 8140 6871 6874
f 6555 6271 6831
f 8215 6106 6881
f 6348 6895 6894
f 6383 6895 6896
f 6433 6897 6896
f 6432 6897 6898
f 6406 6899 6898
f 6900 6455 6387
f 6900 6449 6448
f 6472 6904 6903
f 6480 6905 6903
f 6497 6907 6906
f 6908 6519 6518
f 4280 5933 6120
f 6100 7167 7170
f 6632 6631 7188
f 7235 8214 7201
f 7206 7209 7212
f 8213 7257 7232
f 8214 8213 7231
f 6108 6107 7200
f 7238 8299 8300
f 7207 7212 8299
f 8205 7241 7240
f 6170 6169 7232
f 6638 8146 8149
f 6601 6874 8157
f 6600 8157 6283
f 8392 8223 8222
f 6278 6280 8241
f 6816 8272 8274
f 6642 6815 6814
f 6128 7170 6124
f 8195 6602 6127
f 8212 8211 8286
f 8292 8287 8286
f 8290 8289 8210
f 8207 8293 8290
f 8294 8293 8295
f 8206 8296 8295
f 6817 8301 8297
f 8288 6170 7256
f 7209 7206 7240
f 6225 6224 8360
f 8369 8368 8360
f 8375 8376 8368
f 8381 8380 8387
f 8385 8381 8383
f 8385 8386 8391
f 8147 8146 6282
f 6345 6894 6835
f 6327 6832 6834
f 6295 6354 6841
f 6379 6377 6840
f 6853 6847 6845
f 6479 6906 6905
f 6848 6572 6571
f 6452 6901 6904
f 6525 6852 6851
f 6496 6909 6907
f 8402 8405 6876
f 8408 8407 8387
f 6279 8241 8222
f 6872 6871 8149
f 8223 8386 8373
f 6526 8433 8436
f 8446 8445 8426
f 8455 8454 8431
f 8446 8459 8450
f 8454 8433 8432
f 6908 8445 8428
f 8578 8455 8451
f 8632 8631 8625
f 8640 8632 8624
f 8660 8663 8662
f 8662 8644 8643
f 8675 8673 8631
f 8680 8678 8663
f 8683 8665 8643
f 8578 8640 8630
f 8673 8675 8708
f 8678 8680 8705
f 8711 8705 8704
f 8706 8708 8715
f 8703 8714 8712
f 8459 8683 8685
f 8407 8408 8376
f 6615 6854 8405
f 5993 6080 6335
f 6060 6682 6018
f 5993 6047 6081
f 6105 6104 6176
f 6177 6104 6000
f 6309 6311 6310
f 8725 6315 6314
f 8724 6314 6318
f 6321 6320 6053
f 6249 6595 6310
f 6596 6254 6257
f 8188 6606 6605
f 5986 6683 6682
f 6714 6726 6311
f 6047 6320 6086
f 6875 6596 6304
f 6001 6105 6912
f 7162 7159 6597
f 7254 7163 6912
f 6684 6683 7163
f 8723 8136 6315
f 6592 8159 6318
f 8332 8331 8171
f 6607 6606 5350
f 8191 8190 8198
f 8197 8192 8193
f 8159 6592 6319
f 8232 8236 6595
f 8192 8190 7173
f 8189 6605 8193
f 6177 8191 8199
f 6733 8331 8330
f 8340 8341 8330
f 8341 5994 6335
f 8412 6721 6875
f 8414 8411 6273
f 8416 8420 8236
f 6727 6726 8136
f 8417 8420 7159
f 6277 5932 5558
f 5935 5576 6635
f 5991 5990 6061
f 6019 6018 6682
f 5999 6034 6033
f 6045 6044 6677
f 6055 6054 6083
f 5995 6064 6063
f 6084 6054 6053
f 6088 5990 5989
f 6063 6084 6046
f 6066 6097 6034
f 6103 6102 7181
f 6673 6676 6133
f 6149 6148 6153
f 6323 6088 8166
f 6585 6584 6083
f 6630 6629 6702
f 6634 6633 7168
f 6676 6149 6152
f 6703 6629 6628
f 6796 6729 6728
f 6069 6729 6097
f 6132 6798 6674
f 6803 6799 6800
f 6011 6010 6055
f 6799 6803 6582
f 7194 8271 6881
f 7131 6584 6583
f 6798 7133 6913
f 7179 7178 8204
f 7183 7182 7246
f 7188 7183 7242
f 6109 7196 7192
f 7204 6630 6176
f 7219 7218 6628
f 7218 7228 7248
f 7179 7219 6627
f 7250 7254 6704
f 7228 7252 7249
f 6678 7250 7249
f 5997 7252 7251
f 8168 8167 6644
f 8167 8169 6732
f 8169 8170 6733
f 8170 8171 8331
f 8336 8335 8173
f 8182 8338 8175
f 8182 8174 8176
f 8181 8176 8177
f 8180 8177 8179
f 7133 6728 6590
f 7130 7131 8194
f 8200 6633 6632
f 7178 8201 8205
f 8269 6154 6153
f 8254 8311 8252
f 8260 6102 6101
f 8179 8263 6802
f 8263 8264 6038
f 8264 8265 6039
f 8265 8266 6130
f 8266 8267 6157
f 8267 8268 6158
f 8268 8270 8217
f 8270 8272 6816
f 6813 8274 8273
f 8273 8275 8247
f 8276 8260 8277
f 7192 8251 8250
f 8252 8316 8259
f 8276 8275 8250
f 7204 8200 7177
f 7182 8316 8315
f 8343 8339 8334
f 8333 8337 8342
f 8343 8342 6800
f 8340 8339 6064
f 6323 8349 8350
f 8168 8352 8348
f 8349 5937 5936
f 8352 5939 5938
f 6103 6634 7167
f 8271 8269 8216
f 8201 7188 7241
f 8274 8272 8271
f 5991 6018 6017
f 8728 8171 6017
f 5997 5996 6680
f 5996 6033 6045
f 6033 6032 6042
f 6042 6032 8175
f 8172 8175 8338
f 8336 8338 8337
f 6684 6678 6677
f 6681 6677 6044
f 6019 6044 6043
f 6016 6043 8173
f 8728 8173 8335
f 8332 8335 8334
f 8194 6332 8160
f 6805 6010 6009
f 5940 5941 7137
f 8324 5496 5942
f 8325 5942 5495
f 6253 5943 4292
f 7137 5941 5944
f 8348 5938 5937
f 8350 5936 5530
f 5624 8150 6159
f 6718 4293 5940
f 8327 5945 5490
f 8347 5946 5939
f 5933 5502 6121
f 8184 5532 5946
f 7142 4298 5615
f 6145 5487 5945
f 8234 5947 5943
f 8328 5948 5488
f 8318 5500 5948
f 7139 5494 4299
f 8418 5616 5947
f 5604 8414 6599
f 5949 3853 6712
f 5944 5949 6716
f 6720 5601 5950
f 6255 5950 4322
f 5614 5935 6235
f 6711 3852 5951
f 8161 5951 3857
f 5973 5964 2965
f 2965 5964 5963
f 222 5963 5960
f 223 5960 5958
f 5958 5957 3185
f 5957 5970 2977
f 5970 5967 1213
f 5967 5966 1214
f 2532 1214 5966
f 2894 2532 5953
f 2871 2894 5952
f 5510 5722 5721
f 5822 5825 5824
f 3511 3512 3844
f 3887 3892 3889
f 3876 3879 3878
f 3356 3357 3911
f 3372 3373 3390
f 3849 3854 3851
f 3481 3478 3867
f 3873 3874 3385
f 3875 3375 3450
f 3915 3794 3865
f 3657 3670 3671
f 5618 5973 3013
f 1997 1996 1889
f 1237 745 744
f 1535 1534 120
f 1531 1532 201
f 1119 1241 1032
f 946 948 824
f 163 8 5
f 9041 9178 9175
f 1155 1156 1162
f 427 213 327
f 553 1902 796
f 8732 2232 2231
f 8732 3178 2230
f 2237 3183 3180
f 8734 8735 8736
f 8735 8737 8738
f 8737 8739 8740
f 8739 8741 8742
f 8743 8744 8745
f 8746 8745 8747
f 8749 8750 8748
f 8751 8752 8750
f 8754 8755 8756
f 8757 8758 8755
f 8759 8760 8758
f 8761 8762 8760
f 8763 8764 8762
f 8766 8751 8749
f 8765 8749 8747
f 8767 8747 8745
f 8768 8745 8744
f 8744 8770 8771
f 8770 8741 8772
f 8741 8739 8773
f 8739 8737 8774
f 8737 8735 8775
f 8735 8734 8776
f 8776 8734 8777
f 2904 8778 8779
f 8780 8778 2904
f 8781 8780 2902
f 2875 8782 8781
f 8783 8784 2733
f 2825 8785 8786
f 8788 8789 8790
f 8792 8788 8787
f 2724 2723 8785
f 8787 8790 3115
f 8791 8787 3117
f 8794 8766 8765
f 8793 8765 8767
f 8795 8767 8768
f 8796 8768 8769
f 8797 8769 8771
f 8771 8772 8799
f 8772 8773 8800
f 8773 8774 8801
f 8774 8775 8802
f 8775 8776 8803
f 8776 3184 3056
f 8802 8803 2253
f 8801 8802 2252
f 8800 8801 1727
f 8799 8800 2150
f 8804 8798 8799
f 8805 8797 8798
f 8806 8796 8797
f 8807 8795 8796
f 8793 8795 8807
f 8794 8793 8808
f 8810 8811 8809
f 8808 8807 8806
f 8810 8806 8805
f 8813 8811 8810
f 8812 8805 8804
f 8815 8813 8812
f 8814 8804 1941
f 8755 8750 8752
f 8758 8748 8750
f 8760 8746 8748
f 8762 8743 8746
f 8816 8817 8764
f 8818 8819 8820
f 8816 8763 8782
f 8821 8818 8817
f 8789 8821 8783
f 8818 8821 8789
f 8819 8818 8788
f 8822 8820 8819
f 8823 8819 8792
f 8824 8792 8791
f 2712 8791 3119
f 8826 8822 8823
f 8825 8823 8824
f 8827 8824 2712
f 8828 8827 2711
f 8829 8825 8827
f 8830 8826 8825
f 8743 8762 8764
f 8817 8820 8831
f 8770 8744 8743
f 8741 8770 8831
f 8820 8822 8742
f 8740 8742 8822
f 8738 8740 8826
f 8736 8738 8830
f 8833 8828 2400
f 8834 8829 8828
f 8832 8830 8829
f 8835 8833 2402
f 3058 8835 2707
f 3061 8836 8835
f 8836 8834 8833
f 8733 8736 8832
f 8837 8832 8834
f 8777 8734 8733
f 8838 8733 8837
f 8837 8836 3061
f 1961 3057 8838
f 3057 3184 8777
f 8779 8754 8753
f 8778 8757 8754
f 8780 8759 8757
f 8781 8761 8759
f 8782 8763 8761
f 8821 8816 8784
f 8785 8790 8789
f 2723 3115 8790
f 2875 2733 8784
f 2736 2824 8786
f 2947 8779 8839
f 8815 8814 1360
f 1900 1925 1924
f 1736 1717 1718
f 1955 1952 1943
f 1671 1738 1735
f 1696 1750 1698
f 1800 1865 1864
f 2063 2055 2056
f 1737 1734 1717
f 1751 1735 1697
f 943 9337 9351
f 9108 8839 8753
f 1577 1578 1764
f 9369 1598 1599
f 1945 146 82
f 68 6 7
f 147 1542 1543
f 1109 1135 1133
f 1503 1910 1907
f 1499 1501 1909
f 452 1922 735
f 1824 2068 9287
f 1825 2067 2068
f 1463 1462 1022
f 841 1012 1009
f 1568 1547 1955
f 1910 1503 1502
f 1939 1502 422
f 309 280 1940
f 1804 1851 1866
f 269 1482 1954
f 2065 1607 2060
f 9264 1685 1758
f 280 276 552
f 1875 1873 1869
f 1739 1721 1734
f 5923 5897 5899
f 1778 1779 1790
f 310 1920 1915
f 1909 1908 1906
f 1789 1783 1778
f 978 981 980
f 1584 1759 1731
f 425 426 311
f 148 1543 115
f 2044 9349 9346
f 277 1910 1939
f 1943 1946 1945
f 1461 1462 1463
f 2253 8803 3056
f 2981 2254 8927
f 2209 2998 8927
f 2254 2253 3055
f 2998 926 958
f 2826 2817 2721
f 8928 2739 2721
f 2816 8929 8928
f 2334 2297 2296
f 2298 2297 2334
f 2301 2298 2336
f 2311 2301 2338
f 2312 2311 2354
f 2359 2358 2361
f 2335 2296 2359
f 2414 2413 2365
f 2413 2270 2361
f 2355 2352 2540
f 2541 2540 2539
f 2722 2721 2739
f 3114 2722 2738
f 3110 3112 3121
f 3108 3110 3120
f 3122 1754 3127
f 3112 3122 3126
f 3127 1754 1753
f 3139 3133 2529
f 9196 9227 3133
f 8928 2789 2740
f 8929 2790 2789
f 228 229 91
f 245 244 243
f 248 7 247
f 2 297 296
f 145 146 300
f 327 213 210
f 329 332 331
f 239 241 240
f 373 376 375
f 178 177 176
f 1218 1225 1228
f 9314 1231 1295
f 808 809 824
f 9310 9311 1013
f 9265 9262 1411
f 2154 2149 2159
f 9297 9287 1758
f 306 807 1922
f 2157 2153 1976
f 708 709 2031
f 1450 1226 1227
f 1672 1604 1605
f 1813 1814 1821
f 1717 1716 1715
f 176 159 402
f 1710 1705 9368
f 1712 1580 1577
f 1705 1713 1711
f 3435 3476 3475
f 971 978 979
f 822 823 1094
f 2909 2810 2793
f 2810 2769 2795
f 2799 2910 2249
f 9114 9095 2910
f 2769 2768 2801
f 3177 3176 3178
f 3178 8732 3180
f 3181 1394 1393
f 3181 1633 1632
f 3182 1632 2244
f 3183 2244 2243
f 8932 2791 2790
f 2808 8932 8929
f 2239 9018 9016
f 1149 1150 9015
f 1150 2009 9011
f 2202 9013 9010
f 2921 9008 9009
f 9012 9004 2133
f 1777 1579 1759
f 1201 1196 1183
f 9005 8998 2195
f 8997 9020 2770
f 9379 9377 1687
f 1516 152 154
f 8993 9006 2974
f 8994 8992 2779
f 2771 2772 9019
f 3070 2771 8990
f 8991 8988 2775
f 1376 1375 1370
f 2767 8987 9000
f 2195 8998 8987
f 2775 8988 8986
f 8344 5617 8989
f 9256 9254 8983
f 2776 8986 8982
f 2240 9016 8979
f 2920 8979 9121
f 8992 8978 2786
f 1805 1850 1851
f 8978 8976 2787
f 2951 2773 8984
f 2772 2951 8975
f 2973 2224 8974
f 2224 2223 8981
f 1957 1953 320
f 306 305 304
f 2770 9020 8972
f 2913 8972 9018
f 2923 9009 8971
f 308 1940 431
f 207 208 132
f 1879 1876 1881
f 9185 9239 8969
f 2475 3070 9002
f 2476 2475 8968
f 2223 2476 8967
f 8966 8993 2803
f 2037 9007 11
f 1959 1958 450
f 2003 8999 8964
f 9 10 334
f 2009 2008 8962
f 2008 2973 8980
f 9329 672 673
f 8959 8994 2778
f 2935 8958 8957
f 111 1149 9014
f 3238 3342 3341
f 8954 8958 2935
f 683 9328 9337
f 8952 9001 2810
f 736 733 732
f 1795 1804 1803
f 8949 8954 2938
f 8951 8949 2939
f 2950 8956 8948
f 2940 2949 8948
f 9253 9243 8956
f 2868 8953 8946
f 2869 8946 8966
f 1024 1034 1023
f 8944 8947 2948
f 551 1939 442
f 2972 8943 9012
f 2032 8977 8943
f 216 93 1924
f 3532 3534 3482
f 203 202 201
f 3539 3542 3541
f 1828 1848 1847
f 1958 1957 449
f 272 271 178
f 2871 8989 8939
f 9071 9121 9008
f 2801 2768 9095
f 2005 9210 9106
f 960 886 899
f 9109 9107 9064
f 9232 9240 9098
f 3151 9098 9045
f 2193 9056 9075
f 9059 9055 3145
f 9055 9101 2761
f 9044 9059 3144
f 2926 9110 9086
f 9086 9044 3104
f 9207 9206 9198
f 566 567 9210
f 8839 9108 1864
f 1602 1586 2079
f 2868 9110 9063
f 2922 9063 9062
f 2923 9062 9070
f 9122 9065 2918
f 9071 9122 9066
f 2921 9070 9122
f 2920 9066 9038
f 9065 9094 2915
f 2917 2766 9074
f 2916 2917 9093
f 2239 9039 9104
f 2911 9092 9104
f 9095 9092 2911
f 2797 2801 9114
f 2797 9043 9050
f 9074 9080 2763
f 9060 9080 2764
f 2194 9075 9100
f 2221 9100 9101
f 2756 9060 9061
f 2750 9050 9061
f 9121 8979 1817
f 9215 9222 1691
f 2515 9073 9042
f 2548 9042 9045
f 2513 2489 9084
f 2513 9068 9073
f 2509 9085 9072
f 2510 9084 9085
f 2289 9072 9091
f 2283 9091 9069
f 2240 9038 9039
f 9111 9109 9076
f 716 2121 9339
f 727 1999 9213
f 2165 2171 2170
f 9112 9111 9078
f 9195 9033 9030
f 2175 2172 769
f 2100 500 2095
f 9210 567 9209
f 640 9004 9012
f 1653 9020 8997
f 1895 8980 8974
f 746 8974 8981
f 1653 1810 8972
f 9214 1603 1604
f 2093 2075 2073
f 959 996 995
f 962 899 919
f 1400 1401 1398
f 1000 817 1127
f 956 959 884
f 1662 8992 8994
f 2034 9002 8990
f 9378 1689 8983
f 8979 9016 766
f 9016 9018 765
f 334 9014 9015
f 1868 8975 8984
f 1684 1651 1652
f 1682 1683 775
f 1585 1603 9214
f 9215 9214 1672
f 2173 2174 490
f 1658 8988 8991
f 9000 8987 1650
f 1571 9206 2010
f 1587 9116 9123
f 2099 2095 2077
f 787 9213 1999
f 2000 9146 786
f 3155 339 9149
f 9165 3155 9135
f 2180 2179 9137
f 8940 2180 9136
f 1684 9298 9292
f 1760 464 8939
f 2607 9141 9145
f 2581 9128 9141
f 2371 2502 9152
f 2371 9147 9145
f 2587 9128 9127
f 2586 9127 9149
f 2497 9143 9139
f 2502 2503 9139
f 2494 9143 9142
f 9142 9140 2472
f 9140 9153 2468
f 9153 9155 2469
f 726 9360 9344
f 581 9011 8962
f 10 8955 9014
f 1837 8958 8954
f 741 8981 8967
f 1299 8968 9002
f 1851 8951 8948
f 8971 9009 1820
f 580 8962 8980
f 1758 1685 8966
f 1693 9001 8952
f 8948 8956 1867
f 1894 1826 9012
f 2126 1418 9265
f 9358 2126 9293
f 2113 9363 9319
f 2179 9165 9241
f 624 9355 9356
f 2192 9056 9240
f 2177 8985 9239
f 1364 9276 9285
f 9310 9307 1470
f 3135 1753 9227
f 2069 9264 9287
f 1351 9313 9305
f 2108 9334 9353
f 2089 2092 9188
f 9280 9286 1358
f 2001 9201 9235
f 2187 9235 9171
f 2130 9208 9204
f 2004 9204 9201
f 2014 9176 9231
f 2201 9231 9208
f 3167 9172 9211
f 3168 9176 9172
f 3159 9161 9216
f 3160 9216 9217
f 9182 9159 3158
f 3158 9159 9161
f 2200 3069 9182
f 9137 9241 9194
f 9174 9226 2197
f 9242 9188 2092
f 9226 9242 9173
f 3154 9158 9242
f 3155 9165 9158
f 2091 9171 9173
f 2196 3148 9202
f 2193 2196 9228
f 9056 2193 9233
f 2086 2192 9232
f 2087 2086 9230
f 2204 9194 9203
f 2205 9203 9202
f 9361 9338 574
f 2124 2087 9229
f 2208 2124 9212
f 9163 9237 3140
f 9237 9197 3138
f 9197 9196 3139
f 9223 9164 3136
f 9164 9163 3137
f 9227 9219 3131
f 9219 9234 3132
f 1813 9291 9290
f 1293 9306 9308
f 2184 2321 9200
f 2181 2184 9184
f 9217 9220 3079
f 9220 9186 3080
f 709 9325 9327
f 2774 2961 9189
f 9238 9221 2134
f 9261 9260 766
f 2968 9236 9218
f 2969 9211 9236
f 2958 9199 9189
f 2132 9199 9218
f 2321 2185 9223
f 9312 9300 1449
f 9357 9326 582
f 9338 9341 577
f 9299 9278 1818
f 705 9354 9339
f 9268 9364 9359
f 2111 9335 9363
f 9262 9281 1366
f 1812 9291 9274
f 675 9303 9304
f 8940 9157 9303
f 2110 9319 9320
f 2104 9348 9353
f 2109 9320 9351
f 9294 9283 703
f 1680 9263 9298
f 1639 1627 9271
f 623 9356 9358
f 2139 2140 9318
f 1808 1640 9296
f 9272 9273 1819
f 9324 9366 9352
f 1646 9284 9282
f 9341 9342 633
f 2139 9317 9327
f 2156 2155 9323
f 674 9304 9365
f 2117 9269 9264
f 1815 9274 9299
f 9307 9301 1444
f 697 9358 9364
f 866 842 9288
f 9316 9321 2136
f 9037 9183 9178
f 9035 9192 9183
f 9205 9198 9190
f 9192 9035 9033
f 1088 9190 9198
f 9191 9192 9195
f 2791 8932 8933
f 8932 2808 2807
f 2792 8933 8934
f 8933 2807 2806
f 8952 2909 8934
f 8960 8934 2806
f 2948 8947 9243
f 2105 9360 9348
f 8982 9254 9256
f 680 9330 9328
f 1891 1890 9362
f 2905 9251 9253
f 2900 9249 9251
f 2901 9249 9259
f 2734 2878 9258
f 2877 9259 9258
f 2820 9252 9246
f 2818 9248 9244
f 2823 9245 9244
f 2822 9245 9250
f 2819 2735 9252
f 2817 9248 9247
f 2809 9257 9247
f 2808 9257 9255
f 2805 9256 9255
f 1702 9373 9375
f 9374 9372 1797
f 9367 9368 1706
f 9370 9379 1692
f 1657 9350 9332
f 1890 1877 9347
f 9224 9222 1674
f 1689 1690 9224
f 9378 9254 8982
f 8960 8983 1689
f 9369 9375 1703
f 1598 9369 9380
f 9332 9336 1876
f 1691 1690 9377
f 9377 9378 1688
f 9386 9385 9389
f 9386 9390 9391
f 9384 9388 9389
f 9390 9394 9395
f 9389 9388 9392
f 9389 9393 9394
f 9394 9398 9399
f 9393 9392 9396
f 9394 9393 9397
f 9399 9398 9402
f 9396 9400 9401
f 9397 9401 9402
f 9402 9406 9407
f 9401 9400 9404
f 9402 9401 9405
f 9407 9406 9410
f 9405 9404 9408
f 9405 9409 9410
f 9411 9410 9414
f 9409 9408 9412
f 9410 9409 9413
f 9414 9418 9419
f 9412 9416 9417
f 9413 9417 9418
f 9418 9422 9423
f 9417 9416 9420
f 9418 9417 9421
f 9422 9426 9427
f 9420 9424 9425
f 9421 9425 9426
f 9426 9430 9431
f 9425 9424 9428
f 9426 9425 9429
f 9431 9430 9434
f 9428 9432 9433
f 9429 9433 9434
f 9434 9438 9439
f 9433 9432 9436
f 9434 9433 9437
f 9439 9438 9442
f 9436 9440 9441
f 9437 9441 9442
f 9443 9442 9446
f 9441 9440 9444
f 9442 9441 9445
f 9447 9446 9450
f 9444 9448 9449
f 9445 9449 9450
f 9450 9454 9455
f 9449 9448 9452
f 9450 9449 9453
f 9454 9458 9459
f 9452 9456 9457
f 9453 9457 9458
f 9458 9462 9463
f 9457 9456 9460
f 9458 9457 9461
f 9463 9462 9466
f 9460 9464 9465
f 9461 9465 9466
f 9466 9470 9471
f 9465 9464 9468
f 9466 9465 9469
f 9471 9470 9474
f 9468 9472 9473
f 9469 9473 9474
f 9475 9474 9478
f 9473 9472 9476
f 9474 9473 9477
f 9479 9478 9482
f 9476 9480 9481
f 9477 9481 9482
f 9483 9482 9486
f 9481 9480 9484
f 9482 9481 9485
f 9486 9490 9491
f 9484 9488 9489
f 9485 9489 9490
f 9490 9494 9495
f 9489 9488 9492
f 9490 9489 9493
f 9495 9494 9498
f 9492 9496 9497
f 9493 9497 9498
f 9498 9502 9503
f 9497 9496 9500
f 9498 9497 9501
f 9503 9502 9507
f 9500 9505 9506
f 9501 9506 9507
f 9508 9507 9511
f 9505 9509 9510
f 9507 9506 9510
f 9512 9511 9386
f 9510 9509 9384
f 9510 9385 9386
f 9521 9520 9533
f 9518 9531 9532
f 9517 9516 9529
f 9515 9514 9527
f 9523 9536 9537
f 9521 9534 9535
f 9519 9532 9533
f 9518 9517 9530
f 9515 9528 9529
f 9513 9526 9527
f 9524 9537 9538
f 9523 9522 9535
f 9528 9541 9542
f 9526 9539 9540
f 9538 9537 9550
f 9535 9548 9549
f 9534 9533 9546
f 9531 9544 9545
f 9530 9529 9542
f 9528 9527 9540
f 9537 9536 9549
f 9534 9547 9548
f 9532 9545 9546
f 9531 9530 9543
f 9541 9554 9555
f 9540 9539 9552
f 9550 9563 9564
f 9548 9561 9562
f 9547 9546 9559
f 9544 9557 9558
f 9542 9555 9556
f 9541 9540 9553
f 9549 9562 9563
f 9547 9560 9561
f 9546 9545 9558
f 9544 9543 9556
f 9555 9554 9567
f 9552 9565 9566
f 9564 9563 9576
f 9562 9561 9574
f 9559 9572 9573
f 9557 9570 9571
f 9555 9568 9569
f 9553 9566 9567
f 9562 9575 9576
f 9561 9560 9573
f 9559 9558 9571
f 9557 9556 9569
f 9567 9580 9581
f 9566 9565 9578
f 9576 9589 9590
f 9575 9574 9587
f 9572 9585 9586
f 9571 9570 9583
f 9569 9568 9581
f 9566 9579 9580
f 9576 9575 9588
f 9574 9573 9586
f 9571 9584 9585
f 9569 9582 9583
f 9581 9580 9593
f 9578 9591 9592
f 9590 9589 9602
f 9588 9587 9600
f 9585 9598 9599
f 9583 9596 9597
f 9582 9581 9594
f 9579 9592 9593
f 9589 9588 9601
f 9587 9586 9599
f 9584 9597 9598
f 9583 9582 9595
f 9594 9593 9606
f 9592 9591 9604
f 9602 9615 9616
f 9601 9600 9613
f 9598 9611 9612
f 9596 9609 9610
f 9594 9607 9608
f 9592 9605 9606
f 9601 9614 9615
f 9600 9599 9612
f 9598 9597 9610
f 9596 9595 9608
f 9607 9606 9619
f 9605 9604 9617
f 9615 9628 9629
f 9613 9626 9627
f 9611 9624 9625
f 9610 9609 9622
f 9607 9620 9621
f 9605 9618 9619
f 9615 9614 9627
f 9613 9612 9625
f 9611 9610 9623
f 9608 9621 9622
f 9619 9632 9633
f 9617 9630 9631
f 9628 9641 9642
f 9627 9626 9639
f 9625 9624 9637
f 9622 9635 9636
f 9621 9620 9633
f 9619 9618 9631
f 9627 9640 9641
f 9625 9638 9639
f 9623 9636 9637
f 9622 9621 9634
f 9632 9645 9646
f 9630 9643 9644
f 9642 9641 9654
f 9639 9652 9653
f 9638 9637 9650
f 9635 9648 9649
f 9634 9633 9646
f 9632 9631 9644
f 9641 9640 9653
f 9638 9651 9652
f 9636 9649 9650
f 9635 9634 9647
f 9645 9658 9659
f 9644 9643 9656
f 9654 9667 9668
f 9652 9665 9666
f 9651 9650 9663
f 9648 9661 9662
f 9646 9659 9660
f 9645 9644 9657
f 9653 9666 9667
f 9651 9664 9665
f 9650 9649 9662
f 9648 9647 9660
f 9659 9658 9671
f 9656 9669 9670
f 9668 9667 9680
f 9665 9678 9679
f 9663 9676 9677
f 9661 9674 9675
f 9659 9672 9673
f 9657 9670 9671
f 9666 9679 9680
f 9665 9664 9677
f 9663 9662 9675
f 9661 9660 9673
f 9671 9684 9685
f 9670 9669 9682
f 9680 9693 9694
f 9678 9691 9692
f 9677 9676 9689
f 9675 9674 9687
f 9673 9672 9685
f 9670 9683 9684
f 9680 9679 9692
f 9678 9677 9690
f 9675 9688 9689
f 9673 9686 9687
f 9685 9684 9697
f 9682 9695 9696
f 9694 9693 9706
f 9692 9691 9704
f 9689 9702 9703
f 9687 9700 9701
f 9686 9685 9698
f 9683 9696 9697
f 9693 9692 9705
f 9691 9690 9703
f 9688 9701 9702
f 9687 9686 9699
f 9698 9697 9710
f 9696 9695 9708
f 9706 9719 9720
f 9705 9704 9717
f 9702 9715 9716
f 9700 9713 9714
f 9698 9711 9712
f 9696 9709 9710
f 9705 9718 9719
f 9704 9703 9716
f 9702 9701 9714
f 9700 9699 9712
f 9711 9710 9723
f 9709 9708 9721
f 9719 9732 9733
f 9717 9730 9731
f 9715 9728 9729
f 9714 9713 9726
f 9711 9724 9725
f 9709 9722 9723
f 9718 9731 9732
f 9717 9716 9729
f 9715 9714 9727
f 9712 9725 9726
f 9723 9736 9737
f 9721 9734 9735
f 9733 9732 9745
f 9731 9730 9743
f 9729 9728 9741
f 9726 9739 9740
f 9725 9724 9737
f 9723 9722 9735
f 9732 9731 9744
f 9729 9742 9743
f 9727 9740 9741
f 9726 9725 9738
f 9736 9749 9750
f 9734 9747 9748
f 9746 9745 9758
f 9743 9756 9757
f 9742 9741 9754
f 9739 9752 9753
f 9738 9737 9750
f 9736 9735 9748
f 9745 9744 9757
f 9742 9755 9756
f 9740 9753 9754
f 9739 9738 9751
f 9749 9762 9763
f 9748 9747 9760
f 9758 9771 9772
f 9756 9769 9770
f 9755 9754 9767
f 9752 9765 9766
f 9750 9763 9764
f 9749 9748 9761
f 9757 9770 9771
f 9756 9755 9768
f 9754 9753 9766
f 9752 9751 9764
f 9762 9775 9776
f 9760 9773 9774
f 9772 9771 9784
f 9770 9769 9782
f 9768 9767 9780
f 9765 9778 9779
f 9763 9776 9777
f 9762 9761 9774
f 9770 9783 9784
f 9768 9781 9782
f 9767 9766 9779
f 9764 9777 9778
f 9775 9788 9789
f 9774 9773 9786
f 9784 9797 9798
f 9782 9795 9796
f 9781 9780 9793
f 9779 9778 9791
f 9777 9776 9789
f 9774 9787 9788
f 9784 9783 9796
f 9782 9781 9794
f 9779 9792 9793
f 9777 9790 9791
f 9789 9788 9802
f 9786 9800 9801
f 9798 9797 9811
f 9796 9795 9809
f 9793 9807 9808
f 9792 9791 9805
f 9790 9789 9803
f 9787 9801 9802
f 9797 9796 9810
f 9795 9794 9808
f 9792 9806 9807
f 9790 9804 9805
f 9803 9802 9815
f 9801 9800 9813
f 9811 9824 9825
f 9810 9809 9822
f 9807 9820 9821
f 9806 9805 9818
f 9803 9816 9817
f 9801 9814 9815
f 9810 9823 9824
f 9809 9808 9821
f 9807 9806 9819
f 9804 9817 9818
f 9816 9815 9828
f 9814 9813 9826
f 9825 9824 9837
f 9822 9835 9836
f 9820 9833 9834
f 9819 9818 9831
f 9816 9829 9830
f 9814 9827 9828
f 9824 9823 9836
f 9822 9821 9834
f 9820 9819 9832
f 9817 9830 9831
f 9828 9841 9842
f 9826 9839 9840
f 9837 9850 9851
f 9836 9835 9848
f 9834 9833 9846
f 9831 9844 9845
f 9830 9829 9842
f 9828 9827 9840
f 9836 9849 9850
f 9834 9847 9848
f 9832 9845 9846
f 9831 9830 9843
f 9841 9854 9855
f 9839 9852 9853
f 9851 9850 9863
f 9848 9861 9862
f 9847 9846 9859
f 9845 9844 9857
f 9843 9842 9855
f 9841 9840 9853
f 9850 9849 9862
f 9847 9860 9861
f 9845 9858 9859
f 9843 9856 9857
f 9854 9867 9868
f 9853 9852 9865
f 9863 9876 9877
f 9861 9874 9875
f 9860 9859 9872
f 9858 9857 9870
f 9855 9868 9869
f 9854 9853 9866
f 9862 9875 9876
f 9860 9873 9874
f 9859 9858 9871
f 9856 9869 9870
f 9868 9867 9880
f 9865 9878 9879
f 9877 9876 9889
f 9875 9874 9887
f 9873 9872 9885
f 9870 9883 9884
f 9868 9881 9882
f 9867 9866 9879
f 9875 9888 9889
f 9873 9886 9887
f 9872 9871 9884
f 9870 9869 9882
f 9880 9893 9894
f 9878 9891 9892
f 9889 9902 9903
f 9887 9900 9901
f 9886 9885 9898
f 9884 9883 9896
f 9882 9881 9894
f 9879 9892 9893
f 9889 9888 9901
f 9887 9886 9899
f 9884 9897 9898
f 9882 9895 9896
f 9894 9893 9906
f 9891 9904 9905
f 9903 9902 9915
f 9901 9900 9913
f 9898 9911 9912
f 9896 9909 9910
f 9895 9894 9907
f 9892 9905 9906
f 9902 9901 9914
f 9899 9912 9913
f 9897 9910 9911
f 9896 9895 9908
f 9907 9906 9919
f 9905 9904 9917
f 9915 9928 9929
f 9914 9913 9926
f 9911 9924 9925
f 9909 9922 9923
f 9907 9920 9921
f 9905 9918 9919
f 9914 9927 9928
f 9913 9912 9925
f 9911 9910 9923
f 9909 9908 9921
f 9920 9919 9515
f 9918 9917 9513
f 9929 9928 9524
f 9926 9522 9523
f 9924 9520 9521
f 9923 9922 9518
f 9920 9516 9517
f 9918 9514 9515
f 9928 9927 9523
f 9926 9925 9521
f 9924 9923 9519
f 9921 9517 9518
f 9387 9513 9917
f 9917 9904 9508
f 9904 9891 9503
f 9891 9878 9499
f 9499 9878 9865
f 9495 9865 9852
f 9491 9852 9839
f 9839 9826 9483
f 9483 9826 9813
f 9813 9800 9475
f 9800 9786 9471
f 9786 9773 9467
f 9467 9773 9760
f 9463 9760 9747
f 9459 9747 9734
f 9734 9721 9451
f 9451 9721 9708
f 9708 9695 9443
f 9695 9682 9439
f 9682 9669 9435
f 9435 9669 9656
f 9431 9656 9643
f 9427 9643 9630
f 9630 9617 9419
f 9419 9617 9604
f 9604 9591 9411
f 9591 9578 9407
f 9578 9565 9403
f 9403 9565 9552
f 9399 9552 9539
f 9395 9539 9526
f 9526 9513 9387
f 9932 9931 9935
f 9932 9936 9937
f 9931 9930 9934
f 9936 9940 9941
f 9934 9938 9939
f 9935 9939 9940
f 9940 9944 9945
f 9939 9938 9942
f 9940 9939 9943
f 9945 9944 9948
f 9942 9946 9947
f 9943 9947 9948
f 9948 9952 9953
f 9947 9946 9950
f 9948 9947 9951
f 9953 9952 9956
f 9950 9954 9955
f 9951 9955 9956
f 9957 9956 9960
f 9955 9954 9958
f 9956 9955 9959
f 9961 9960 9964
f 9958 9962 9963
f 9959 9963 9964
f 9965 9964 9968
f 9963 9962 9966
f 9964 9963 9967
f 9968 9972 9973
f 9966 9970 9971
f 9967 9971 9972
f 9972 9976 9977
f 9970 9974 9975
f 9972 9971 9975
f 9977 9976 9980
f 9974 9978 9979
f 9975 9979 9980
f 9980 9984 9985
f 9979 9978 9982
f 9980 9979 9983
f 9985 9984 9988
f 9982 9986 9987
f 9983 9987 9988
f 9989 9988 9992
f 9986 9990 9991
f 9988 9987 9991
f 9993 9992 9996
f 9991 9990 9994
f 9991 9995 9996
f 9996 10000 10001
f 9994 9998 9999
f 9996 9995 9999
f 10000 10004 10005
f 9999 9998 10002
f 9999 10003 10004
f 10004 10008 10009
f 10003 10002 10006
f 10004 10003 10007
f 10009 10008 10012
f 10006 10010 10011
f 10007 10011 10012
f 10012 10016 10017
f 10011 10010 10014
f 10012 10011 10015
f 10017 10016 10020
f 10014 10018 10019
f 10015 10019 10020
f 10021 10020 10024
f 10019 10018 10022
f 10020 10019 10023
f 10024 10028 10029
f 10022 10026 10027
f 10023 10027 10028
f 10028 10032 10033
f 10027 10026 10030
f 10028 10027 10031
f 10032 10036 10037
f 10030 10034 10035
f 10031 10035 10036
f 10036 10040 10041
f 10035 10034 10038
f 10036 10035 10039
f 10041 10040 10044
f 10038 10042 10043
f 10039 10043 10044
f 10044 10048 10049
f 10043 10042 10046
f 10044 10043 10047
f 10049 10048 10053
f 10046 10051 10052
f 10047 10052 10053
f 10054 10053 10057
f 10052 10051 10055
f 10053 10052 10056
f 10058 10057 9932
f 10055 9930 9931
f 10056 9931 9932
f 10067 10066 10079
f 10064 10077 10078
f 10063 10062 10075
f 10061 10060 10073
f 10070 10069 10082
f 10067 10080 10081
f 10065 10078 10079
f 10064 10063 10076
f 10061 10074 10075
f 10059 10072 10073
f 10071 10070 10083
f 10069 10068 10081
f 10074 10087 10088
f 10072 10085 10086
f 10084 10083 10096
f 10081 10094 10095
f 10080 10079 10092
f 10078 10077 10090
f 10076 10075 10088
f 10074 10073 10086
f 10083 10082 10095
f 10080 10093 10094
f 10078 10091 10092
f 10076 10089 10090
f 10087 10100 10101
f 10086 10085 10098
f 10096 10109 10110
f 10094 10107 10108
f 10093 10092 10105
f 10091 10090 10103
f 10088 10101 10102
f 10087 10086 10099
f 10095 10108 10109
f 10094 10093 10106
f 10092 10091 10104
f 10089 10102 10103
f 10100 10113 10114
f 10098 10111 10112
f 10110 10109 10122
f 10108 10107 10120
f 10105 10118 10119
f 10103 10116 10117
f 10101 10114 10115
f 10100 10099 10112
f 10108 10121 10122
f 10106 10119 10120
f 10105 10104 10117
f 10103 10102 10115
f 10113 10126 10127
f 10112 10111 10124
f 10122 10135 10136
f 10120 10133 10134
f 10119 10118 10131
f 10117 10116 10129
f 10115 10114 10127
f 10113 10112 10125
f 10122 10121 10134
f 10119 10132 10133
f 10117 10130 10131
f 10115 10128 10129
f 10127 10126 10139
f 10124 10137 10138
f 10136 10135 10148
f 10134 10133 10146
f 10131 10144 10145
f 10130 10129 10142
f 10128 10127 10140
f 10125 10138 10139
f 10135 10134 10147
f 10133 10132 10145
f 10130 10143 10144
f 10128 10141 10142
f 10140 10139 10152
f 10138 10137 10150
f 10148 10161 10162
f 10147 10146 10159
f 10144 10157 10158
f 10143 10142 10155
f 10140 10153 10154
f 10138 10151 10152
f 10147 10160 10161
f 10146 10145 10158
f 10144 10143 10156
f 10141 10154 10155
f 10153 10152 10165
f 10151 10150 10163
f 10162 10161 10174
f 10159 10172 10173
f 10157 10170 10171
f 10156 10155 10168
f 10153 10166 10167
f 10151 10164 10165
f 10161 10160 10173
f 10159 10158 10171
f 10157 10156 10169
f 10154 10167 10168
f 10165 10178 10179
f 10163 10176 10177
f 10175 10174 10187
f 10173 10172 10185
f 10171 10170 10183
f 10168 10181 10182
f 10167 10166 10179
f 10165 10164 10177
f 10173 10186 10187
f 10171 10184 10185
f 10169 10182 10183
f 10168 10167 10180
f 10178 10191 10192
f 10176 10189 10190
f 10188 10187 10200
f 10185 10198 10199
f 10184 10183 10196
f 10182 10181 10194
f 10180 10179 10192
f 10178 10177 10190
f 10187 10186 10199
f 10184 10197 10198
f 10182 10195 10196
f 10180 10193 10194
f 10191 10204 10205
f 10190 10189 10202
f 10200 10213 10214
f 10198 10211 10212
f 10197 10196 10209
f 10195 10194 10207
f 10192 10205 10206
f 10191 10190 10203
f 10199 10212 10213
f 10197 10210 10211
f 10196 10195 10208
f 10193 10206 10207
f 10205 10204 10217
f 10202 10215 10216
f 10214 10213 10226
f 10211 10224 10225
f 10210 10209 10222
f 10207 10220 10221
f 10205 10218 10219
f 10204 10203 10216
f 10212 10225 10226
f 10210 10223 10224
f 10209 10208 10221
f 10207 10206 10219
f 10217 10230 10231
f 10216 10215 10228
f 10226 10239 10240
f 10224 10237 10238
f 10223 10222 10235
f 10221 10220 10233
f 10219 10218 10231
f 10217 10216 10229
f 10226 10225 10238
f 10223 10236 10237
f 10221 10234 10235
f 10219 10232 10233
f 10231 10230 10243
f 10228 10241 10242
f 10240 10239 10252
f 10238 10237 10250
f 10235 10248 10249
f 10234 10233 10246
f 10232 10231 10244
f 10229 10242 10243
f 10239 10238 10251
f 10237 10236 10249
f 10234 10247 10248
f 10232 10245 10246
f 10244 10243 10256
f 10242 10241 10254
f 10252 10265 10266
f 10251 10250 10263
f 10248 10261 10262
f 10247 10246 10259
f 10244 10257 10258
f 10242 10255 10256
f 10251 10264 10265
f 10250 10249 10262
f 10248 10247 10260
f 10245 10258 10259
f 10257 10256 10269
f 10255 10254 10267
f 10266 10265 10278
f 10263 10276 10277
f 10261 10274 10275
f 10260 10259 10272
f 10257 10270 10271
f 10255 10268 10269
f 10265 10264 10277
f 10263 10262 10275
f 10261 10260 10273
f 10258 10271 10272
f 10269 10282 10283
f 10267 10280 10281
f 10278 10291 10292
f 10277 10276 10289
f 10275 10274 10287
f 10272 10285 10286
f 10271 10270 10283
f 10269 10268 10281
f 10277 10290 10291
f 10275 10288 10289
f 10273 10286 10287
f 10272 10271 10284
f 10282 10295 10296
f 10280 10293 10294
f 10292 10291 10304
f 10289 10302 10303
f 10288 10287 10300
f 10286 10285 10298
f 10284 10283 10296
f 10282 10281 10294
f 10291 10290 10303
f 10288 10301 10302
f 10286 10299 10300
f 10284 10297 10298
f 10295 10308 10309
f 10294 10293 10306
f 10304 10317 10318
f 10302 10315 10316
f 10301 10300 10313
f 10299 10298 10311
f 10296 10309 10310
f 10295 10294 10307
f 10303 10316 10317
f 10301 10314 10315
f 10300 10299 10312
f 10297 10310 10311
f 10309 10308 10321
f 10307 10306 10319
f 10318 10317 10330
f 10316 10315 10328
f 10314 10313 10326
f 10311 10324 10325
f 10309 10322 10323
f 10308 10307 10320
f 10316 10329 10330
f 10314 10327 10328
f 10313 10312 10325
f 10311 10310 10323
f 10321 10334 10335
f 10320 10319 10332
f 10330 10343 10344
f 10329 10328 10341
f 10326 10339 10340
f 10325 10324 10337
f 10323 10322 10335
f 10320 10333 10334
f 10330 10329 10342
f 10328 10327 10340
f 10325 10338 10339
f 10323 10336 10337
f 10335 10334 10348
f 10332 10346 10347
f 10344 10343 10357
f 10342 10341 10355
f 10339 10353 10354
f 10337 10351 10352
f 10336 10335 10349
f 10333 10347 10348
f 10343 10342 10356
f 10341 10340 10354
f 10338 10352 10353
f 10337 10336 10350
f 10349 10348 10361
f 10347 10346 10359
f 10357 10370 10371
f 10356 10355 10368
f 10353 10366 10367
f 10351 10364 10365
f 10349 10362 10363
f 10347 10360 10361
f 10356 10369 10370
f 10355 10354 10367
f 10353 10352 10365
f 10351 10350 10363
f 10362 10361 10374
f 10360 10359 10372
f 10371 10370 10383
f 10368 10381 10382
f 10366 10379 10380
f 10365 10364 10377
f 10362 10375 10376
f 10360 10373 10374
f 10370 10369 10382
f 10368 10367 10380
f 10366 10365 10378
f 10363 10376 10377
f 10374 10387 10388
f 10372 10385 10386
f 10383 10396 10397
f 10382 10381 10394
f 10380 10379 10392
f 10377 10390 10391
f 10376 10375 10388
f 10374 10373 10386
f 10382 10395 10396
f 10380 10393 10394
f 10378 10391 10392
f 10377 10376 10389
f 10387 10400 10401
f 10385 10398 10399
f 10397 10396 10409
f 10394 10407 10408
f 10393 10392 10405
f 10390 10403 10404
f 10389 10388 10401
f 10387 10386 10399
f 10396 10395 10408
f 10393 10406 10407
f 10391 10404 10405
f 10390 10389 10402
f 10400 10413 10414
f 10399 10398 10411
f 10409 10422 10423
f 10407 10420 10421
f 10406 10405 10418
f 10403 10416 10417
f 10401 10414 10415
f 10400 10399 10412
f 10408 10421 10422
f 10406 10419 10420
f 10405 10404 10417
f 10403 10402 10415
f 10414 10413 10426
f 10411 10424 10425
f 10423 10422 10435
f 10420 10433 10434
f 10418 10431 10432
f 10416 10429 10430
f 10414 10427 10428
f 10412 10425 10426
f 10421 10434 10435
f 10419 10432 10433
f 10418 10417 10430
f 10416 10415 10428
f 10427 10426 10439
f 10425 10424 10437
f 10435 10448 10449
f 10433 10446 10447
f 10431 10444 10445
f 10430 10429 10442
f 10428 10427 10440
f 10425 10438 10439
f 10435 10434 10447
f 10433 10432 10445
f 10430 10443 10444
f 10428 10441 10442
f 10440 10439 10452
f 10437 10450 10451
f 10449 10448 10461
f 10447 10446 10459
f 10444 10457 10458
f 10443 10442 10455
f 10441 10440 10453
f 10438 10451 10452
f 10448 10447 10460
f 10446 10445 10458
f 10443 10456 10457
f 10441 10454 10455
f 10453 10452 10465
f 10451 10450 10463
f 10461 10474 10475
f 10460 10459 10472
f 10457 10470 10471
f 10456 10455 10468
f 10453 10466 10467
f 10451 10464 10465
f 10460 10473 10474
f 10459 10458 10471
f 10457 10456 10469
f 10454 10467 10468
f 10466 10465 10061
f 10464 10463 10059
f 10474 10070 10071
f 10472 10068 10069
f 10470 10066 10067
f 10469 10468 10064
f 10466 10062 10063
f 10464 10060 10061
f 10473 10069 10070
f 10472 10471 10067
f 10470 10469 10065
f 10467 10063 10064
f 9933 10059 10463
f 10463 10450 10054
f 10450 10437 10049
f 10437 10424 10045
f 10045 10424 10411
f 10041 10411 10398
f 10037 10398 10385
f 10385 10372 10029
f 10029 10372 10359
f 10359 10346 10021
f 10346 10332 10017
f 10332 10319 10013
f 10013 10319 10306
f 10009 10306 10293
f 10005 10293 10280
f 10280 10267 9997
f 9997 10267 10254
f 10254 10241 9989
f 10241 10228 9985
f 10228 10215 9981
f 9981 10215 10202
f 9977 10202 10189
f 9973 10189 10176
f 10176 10163 9965
f 9965 10163 10150
f 10150 10137 9957
f 10137 10124 9953
f 10124 10111 9949
f 9949 10111 10098
f 9945 10098 10085
f 9941 10085 10072
f 10072 10059 9933

