# https://github.com/mikedh/trimesh
v 0.06025708 0.27620742 -0.00874759
v 0.06433854 0.27522480 -0.00775792
v 0.06493846 0.27668241 -0.00761283
v 0.06073206 0.27753955 -0.00850278
v 0.07281359 0.27701199 -0.01826180
v 0.07274994 0.28053278 -0.01455489
v 0.07223874 0.28328422 -0.01445536
v 0.07216562 0.28304431 -0.01734716
v 0.02756422 0.23780115 -0.07054006
v 0.01328769 0.23693736 -0.07511456
v 0.01317406 0.22767313 -0.07198392
v 0.02661519 0.22586349 -0.06677089
v 0.04539360 0.20346993 -0.04761554
v 0.04051163 0.21100244 -0.05313879
v 0.03912983 0.20012115 -0.05675372
v 0.04764445 0.19613516 -0.04630238
v 0.03856443 0.33787388 0.07608479
v 0.04585002 0.33612394 0.07063600
v 0.04447160 0.33009121 0.07432760
v -0.06034205 0.27636307 -0.00912036
v -0.06437875 0.27541962 -0.00806868
v -0.06496692 0.27692673 -0.00797364
v -0.06071539 0.27773589 -0.00884812
v -0.07279275 0.27725670 -0.01868784
v -0.07270739 0.28082287 -0.01499220
v -0.07224998 0.28357232 -0.01492896
v -0.07210144 0.28332540 -0.01776746
v 0.03752834 0.33115733 0.07860783
v 0.09101415 0.29872996 -0.03058891
v 0.09099313 0.29599196 -0.03170098
v 0.09113499 0.29454049 -0.02979352
v 0.09108409 0.29697064 -0.02887535
v 0.08687344 0.28021306 -0.02842137
v 0.08681456 0.28767249 -0.03024523
v 0.08814447 0.29032502 -0.03108462
v 0.08828404 0.28813848 -0.03015231
v 0.08697262 0.26971838 -0.02478715
v 0.08594414 0.27041715 -0.02429168
v 0.08750158 0.27493694 -0.02634609
v 0.08853379 0.27456513 -0.02708311
v 0.07249087 0.25125122 -0.00114127
v 0.07515886 0.25338629 -0.00312054
v 0.07552988 0.25093168 -0.00437149
v 0.07100692 0.24958348 -0.00271152
v 0.06818147 0.25098836 -0.00357439
v 0.07251613 0.25008929 -0.00791727
v 0.07207508 0.25319991 -0.00889349
v 0.06854878 0.25338119 -0.00541350
v 0.08604436 0.30912155 -0.01642849
v 0.08626800 0.30584854 -0.01589343
v 0.08453569 0.30509406 -0.01348404
v 0.08424903 0.30838126 -0.01366936
v 0.07231934 0.27563387 -0.02452020
v 0.07114927 0.26906517 -0.02242287
v 0.07711149 0.27369091 -0.02563330
v 0.07735398 0.27652162 -0.02610531
v 0.08422021 0.29845014 -0.02339156
v 0.08512361 0.29924294 -0.02690936
v 0.08558250 0.29701552 -0.02795347
v 0.08451057 0.29553863 -0.02526864
v 0.08747919 0.30045992 -0.03166507
v 0.08759806 0.29736102 -0.03287113
v 0.07102957 0.26016486 0.00047412
v 0.07009212 0.26378927 0.00125003
v 0.07059468 0.26536599 -0.00007244
v 0.07099961 0.26426566 -0.00143929
v 0.07154730 0.27685714 -0.01478723
v 0.07313213 0.28111172 -0.01315197
v 0.08303008 0.25951543 -0.01930382
v 0.08295470 0.26150429 -0.01839141
v 0.08507484 0.26536465 -0.02192160
v 0.08519514 0.26393485 -0.02311446
v 0.08001052 0.26414365 -0.01655052
v 0.08210339 0.26657650 -0.02022741
v 0.08318173 0.26710504 -0.02199655
v 0.08218209 0.26506248 -0.01984120
v 0.08707467 0.30171603 -0.02316025
v 0.08515966 0.30405772 -0.01848700
v 0.08606423 0.30360603 -0.01832387
v 0.08799146 0.30118483 -0.02307240
v 0.07925202 0.28862619 -0.02609414
v 0.07790475 0.29368484 -0.02439038
v 0.07693641 0.29301909 -0.02421906
v 0.07816248 0.28860742 -0.02584071
v 0.08745762 0.29811487 -0.02971396
v 0.08771318 0.29542059 -0.03066323
v 0.08597216 0.29431635 -0.02914190
v 0.07423688 0.29625812 -0.01169585
v 0.07499994 0.29719952 -0.01292200
v 0.07539461 0.29553068 -0.01338192
v 0.07498896 0.29426137 -0.01231100
v 0.07509948 0.24972185 -0.00775280
v 0.06903122 0.26042396 -0.01607768
v 0.07080398 0.26102060 -0.01760443
v 0.07359428 0.26496240 -0.02069223
v 0.07228806 0.26606053 -0.02108497
v 0.06842310 0.25296080 0.00083953
v 0.07139799 0.25324935 0.00093134
v 0.07205322 0.25192982 -0.00008840
v 0.06904092 0.25130826 -0.00057604
v 0.07737946 0.30071700 -0.01328419
v 0.07975803 0.29999387 -0.01552888
v 0.07782120 0.29903343 -0.01473978
v 0.07628171 0.29942808 -0.01293633
v 0.08565727 0.28581282 -0.02844855
v 0.08470616 0.29262769 -0.02681066
v 0.08532258 0.27673072 -0.02263515
v 0.08520281 0.27678600 -0.02562644
v 0.08460496 0.27274287 -0.02405819
v -0.02662872 0.23773119 -0.06998738
v -0.01228797 0.23706456 -0.07491618
v -0.01232436 0.22764836 -0.07196070
v -0.02586784 0.22544324 -0.06666970
v 0.08469337 0.27280766 -0.02115271
v 0.08499218 0.28489193 -0.02286312
v 0.08521228 0.28478503 -0.02629532
v 0.08871032 0.29386681 -0.02846707
v 0.08879908 0.28765136 -0.02867435
v 0.08830673 0.29439908 -0.02938837
v 0.07576969 0.29696095 -0.02221668
v 0.07590999 0.29997855 -0.02639775
v 0.07501042 0.29325354 -0.02767314
v 0.07601508 0.29445744 -0.02346640
v 0.07128140 0.26926315 -0.00063364
v 0.07260839 0.27135402 -0.00198021
v 0.07146349 0.26902258 -0.00336671
v 0.07066736 0.26688090 -0.00279052
v 0.07421929 0.26311123 -0.01920962
v 0.07155961 0.26008436 -0.01665744
v 0.07206100 0.25969222 -0.01584275
v 0.07472298 0.26151899 -0.01761198
v 0.08217730 0.30116558 -0.01777042
v 0.08225614 0.29591525 -0.01846831
v 0.08064517 0.29591918 -0.01690021
v 0.07653341 0.26589257 -0.00817731
v 0.07722922 0.26716742 -0.01008038
v 0.07827387 0.26402393 -0.01186926
v 0.07759181 0.26202828 -0.01018648
v 0.07925503 0.25323421 -0.01324974
v 0.07689878 0.25288540 -0.01397982
v 0.07473059 0.25099868 -0.01069989
v 0.07720755 0.25087863 -0.01038771
v 0.07083549 0.26584604 -0.00202154
v 0.07083265 0.26676071 -0.00037924
v 0.08110830 0.28887329 -0.02805721
v 0.08011454 0.29500329 -0.02604713
v 0.08388362 0.29398605 -0.02287137
v 0.08429889 0.29144725 -0.02416970
v 0.07383216 0.28168759 -0.00651692
v 0.07138347 0.28220582 -0.00770516
v 0.07130994 0.28139728 -0.00767202
v 0.07438734 0.28007218 -0.00636523
v 0.07428800 0.28167355 -0.00517509
v 0.07476883 0.28005052 -0.00503675
v 0.07439893 0.27990392 -0.00384855
v 0.07405422 0.28083029 -0.00371849
v 0.07049641 0.28249997 -0.00814942
v 0.07080416 0.28218719 -0.00787731
v 0.07113139 0.28272140 -0.00818791
v 0.07472170 0.28515977 -0.02053445
v 0.07597783 0.27724555 -0.02202977
v 0.07425757 0.27700666 -0.02090903
v 0.07303856 0.28396004 -0.01922534
v 0.08581135 0.27781761 -0.02736025
v 0.08105201 0.30480701 -0.00934624
v 0.07956605 0.30692700 -0.00938048
v 0.08220352 0.31022313 -0.01385507
v 0.07176260 0.26826027 -0.01232292
v 0.07450347 0.26931882 -0.00954843
v 0.07308375 0.26904851 -0.00796603
v 0.07136351 0.26800245 -0.01056965
v 0.07092723 0.27312091 -0.00612674
v 0.06895166 0.26982710 -0.00531591
v 0.07305133 0.27159426 -0.00468253
v 0.07411020 0.28765342 -0.00523091
v 0.07267321 0.28379163 -0.00764473
v 0.07353590 0.28271616 -0.00628492
v 0.07395062 0.28314224 -0.00501406
v 0.08691671 0.26893353 -0.02612704
v 0.08839094 0.27409822 -0.02865025
v 0.08672480 0.27387112 -0.03015865
v 0.08535123 0.26833928 -0.02759921
v 0.06919346 0.25669724 0.00225567
v 0.06616104 0.25401092 -0.00068178
v 0.06855900 0.25969380 0.00278365
v 0.09014228 0.30567291 -0.02542647
v 0.08678192 0.30784193 -0.02588141
v 0.08718368 0.30566609 -0.02820135
v 0.09068998 0.30359975 -0.02758898
v 0.07110491 0.28872240 -0.01379668
v 0.07127033 0.28664717 -0.01324600
v 0.07150520 0.28811005 -0.01199697
v 0.07119292 0.29008389 -0.01226983
v 0.05116351 0.25224999 -0.05437281
v 0.06035300 0.25323728 -0.03583901
v 0.06373383 0.26610002 -0.04481913
v 0.05674015 0.26414666 -0.06077872
v 0.08016102 0.25616831 -0.01262113
v 0.07919834 0.25408098 -0.01001915
v 0.07512097 0.29536301 -0.00453383
v 0.07462876 0.29737344 -0.00329587
v 0.07554311 0.30276725 -0.00513486
v 0.07620181 0.29946908 -0.00505814
v 0.08804675 0.28921366 -0.03392999
v 0.09080403 0.28856385 -0.03232061
v 0.07682311 0.30125481 -0.01169221
v 0.08029287 0.30456072 -0.01497743
v 0.07823801 0.30214164 -0.01384240
v 0.07648209 0.30072996 -0.01196467
v 0.07652220 0.29266173 -0.00954763
v 0.07711390 0.29400030 -0.00928070
v 0.07527682 0.29493359 -0.00945182
v 0.07433978 0.29350069 -0.00953227
v 0.07416803 0.30231079 -0.00246209
v 0.07572519 0.30688909 -0.00603863
v 0.06753374 0.25997806 -0.01541577
v 0.07666638 0.29416320 -0.00693539
v 0.07745579 0.29679975 -0.00675548
v 0.07797341 0.29564917 -0.00911068
v -0.04390316 0.20233344 -0.04676240
v -0.03955510 0.20999193 -0.05240077
v -0.03731773 0.19916816 -0.05596213
v -0.04598363 0.19483957 -0.04554694
v 0.06939981 0.26469979 0.00326682
v 0.07024125 0.26639527 0.00118932
v 0.07578795 0.29980534 -0.01175598
v 0.07507669 0.29857597 -0.01167600
v 0.07368997 0.29470825 -0.01077369
v 0.07427783 0.29265350 -0.01214077
v 0.08083775 0.28603980 -0.01926647
v 0.08265201 0.27752081 -0.02041446
v 0.06702664 0.26715353 -0.03071082
v 0.06387816 0.25363666 -0.01554753
v 0.07405298 0.29530302 -0.00962741
v 0.07394978 0.29567686 -0.00986214
v 0.07321715 0.29471686 -0.01013707
v 0.07322226 0.29415387 -0.00982510
v 0.07806414 0.25240633 -0.00759970
v 0.07939906 0.29245350 -0.01687807
v 0.07642563 0.29052091 -0.01475844
v 0.07705034 0.29277092 -0.01415179
v 0.08865650 0.27948651 -0.02740329
v 0.08982199 0.28753540 -0.02847431
v 0.09117168 0.28787303 -0.03008498
v 0.08986767 0.27930614 -0.02872545
v 0.06674179 0.25243500 -0.00195827
v 0.07134835 0.28588009 -0.01404651
v 0.07264857 0.28423861 -0.01329934
v 0.07188953 0.29132986 -0.01263590
v 0.07217111 0.29301685 -0.01078245
v 0.07052512 0.26939347 0.00148261
v 0.08652636 0.30224290 -0.02699848
v 0.08707064 0.30031908 -0.02842160
v 0.08499988 0.30091378 -0.02558741
v 0.08468214 0.30216283 -0.02396980
v 0.08389303 0.30397606 -0.02087116
v 0.08399100 0.30543828 -0.02048499
v 0.08576071 0.30397448 -0.02500192
v 0.07519057 0.29156333 -0.01336678
v 0.07608334 0.29327187 -0.01302202
v 0.07594302 0.26468289 -0.00680508
v 0.07655322 0.25872535 -0.00760045
v 0.08344849 0.26941308 -0.02159364
v 0.08335327 0.27022004 -0.01869158
v 0.08397682 0.27965194 -0.03121280
v 0.08381661 0.28888926 -0.03206674
v 0.08242346 0.28873301 -0.02987110
v 0.08289527 0.27997240 -0.02976815
v 0.07722192 0.28242370 -0.02634803
v 0.07386182 0.28327897 -0.02600316
v 0.07359649 0.28191397 -0.00329789
v 0.07296219 0.28579789 -0.00152814
v 0.07151382 0.29068777 -0.01255180
v 0.07185350 0.29235098 -0.01082458
v 0.07829848 0.26554546 -0.02191239
v 0.07426307 0.25876456 -0.01413305
v 0.07827373 0.26344988 -0.02005540
v 0.07023817 0.25821060 -0.01197760
v 0.06991725 0.25734261 -0.00958890
v 0.07245845 0.25718996 -0.01128506
v 0.08033022 0.26614648 -0.01559349
v 0.08203590 0.26722285 -0.01846663
v 0.07009035 0.28223228 -0.00871244
v 0.06861135 0.28066260 -0.00987518
v 0.06911525 0.28198993 -0.00816546
v 0.08376448 0.28528771 -0.02069313
v 0.08459086 0.27718499 -0.02093738
v 0.07677329 0.29626468 -0.00967681
v 0.07524962 0.28621379 -0.00960881
v 0.07612690 0.28975719 -0.00788286
v 0.08006585 0.29968813 -0.00942690
v 0.07837225 0.29805881 -0.00996798
v 0.07774914 0.29711312 -0.00977652
v 0.07887210 0.29759139 -0.00902293
v 0.06318808 0.27267215 -0.00831924
v 0.06644759 0.27100509 -0.00680047
v 0.06802370 0.27417421 -0.00668963
v 0.08300658 0.30512646 -0.01878846
v 0.08336674 0.30305314 -0.01991667
v 0.08145465 0.29561025 -0.02783033
v 0.07583424 0.29745081 -0.01394472
v 0.07631651 0.29587579 -0.01480538
v 0.07791068 0.30833238 -0.02137372
v 0.07724954 0.30662814 -0.01781373
v 0.07730091 0.30697927 -0.01653058
v 0.07809711 0.31090412 -0.01700396
v 0.06906961 0.25480309 -0.00642558
v 0.07177138 0.25490621 -0.00920990
v 0.07159939 0.25613940 -0.00963630
v 0.06953902 0.25618991 -0.00764079
v 0.07242645 0.26871178 -0.00729626
v 0.07114774 0.26781088 -0.00958137
v 0.08461104 0.27051672 -0.02441515
v 0.08385883 0.26976183 -0.02336393
v 0.08507002 0.27362996 -0.02567879
v 0.08601802 0.27482477 -0.02658426
v 0.07192121 0.28940403 -0.01627121
v 0.07137683 0.28836435 -0.01589745
v 0.07734805 0.30094978 -0.01866651
v 0.07952204 0.30322894 -0.02017384
v 0.07854684 0.30614635 -0.01677978
v 0.07696575 0.30406594 -0.01648501
v 0.08284265 0.29634994 -0.03007446
v 0.07639935 0.29442513 -0.01437514
v 0.07704091 0.29457068 -0.01549884
v 0.07595029 0.29487476 -0.01387798
v 0.07369962 0.29256567 -0.00970699
v 0.07590447 0.29143912 -0.00998408
v 0.07935083 0.29987866 -0.01085000
v 0.08294895 0.30328569 -0.01417082
v 0.08201928 0.30334738 -0.01434331
v 0.07873364 0.30062559 -0.01112197
v 0.07437408 0.29722822 -0.01065743
v 0.01488807 0.24643312 -0.08270305
v 0.01674102 0.25600919 -0.09065507
v -0.03855686 0.33787513 0.07621075
v -0.04593784 0.33619139 0.07083690
v -0.04452129 0.33014154 0.07438306
v -0.03750999 0.33114442 0.07868648
v 0.07762560 0.30692631 -0.00928537
v 0.07840171 0.30846509 -0.01327443
v 0.07936423 0.30940002 -0.01367030
v 0.07812312 0.30772319 -0.01024097
v 0.08440731 0.30096954 -0.02339519
v 0.08815303 0.29699996 -0.02854786
v 0.07387942 0.28272584 -0.01166032
v 0.07060608 0.27989465 -0.01141749
v 0.06050072 0.27880424 -0.00995552
v 0.06088032 0.27999717 -0.00996038
v 0.06138638 0.27956948 -0.01117221
v 0.06101124 0.27826700 -0.01139001
v 0.06384999 0.27353010 -0.01181506
v 0.06659827 0.27258372 -0.01046879
v 0.06586119 0.27068821 -0.00904247
v 0.06315149 0.27147409 -0.01108830
v 0.05994770 0.27568424 -0.01033458
v 0.06022550 0.27730131 -0.01004873
v 0.06082783 0.27657869 -0.01161747
v 0.06059923 0.27468735 -0.01211578
v 0.08240204 0.30513978 -0.01662772
v 0.08421315 0.30500162 -0.01842166
v 0.08952495 0.29606774 -0.02743007
v 0.08966048 0.29377860 -0.02826821
v 0.08759313 0.30107424 -0.02578109
v 0.08794689 0.29920387 -0.02721892
v 0.07298667 0.27403232 -0.00198052
v 0.07405495 0.27411991 -0.00375159
v 0.07360998 0.27249742 -0.00366858
v 0.09071835 0.29915166 -0.02758189
v 0.09094538 0.30117276 -0.02919977
v 0.07166553 0.25690967 0.00098042
v 0.07062094 0.25545445 0.00174442
v 0.04471894 0.18559776 0.01690406
v 0.05381505 0.19129002 0.00492083
v 0.05336422 0.18138900 0.00513765
v 0.04443827 0.17579341 0.01649941
v 0.07971661 0.30233315 -0.00800341
v 0.07842208 0.30485481 -0.00781251
v 0.06001326 0.27409354 -0.00938421
v 0.05988861 0.27319571 -0.01080894
v 0.06266544 0.27167198 -0.00972493
v 0.06533812 0.27817762 -0.00775985
v 0.06111724 0.27886319 -0.00849404
v 0.06409720 0.27531007 -0.01170315
v 0.06501942 0.28038335 -0.01061327
v 0.06536418 0.28153810 -0.00919996
v 0.06809989 0.26746240 -0.00631857
v 0.06964714 0.26692554 -0.00841655
v 0.07120116 0.26699078 -0.00518677
v 0.06058917 0.27274531 -0.01205115
v 0.07189012 0.29047787 -0.01423675
v 0.06726228 0.27613401 -0.01122786
v 0.07007321 0.27352044 -0.01306259
v 0.06971548 0.27144051 -0.01210244
v 0.06699495 0.27421534 -0.01107043
v 0.07866991 0.26341194 -0.01364072
v 0.07895605 0.26526749 -0.01354573
v 0.07234035 0.26889890 -0.01451494
v 0.07573366 0.26925352 -0.01242694
v 0.07331229 0.28571922 -0.01239558
v 0.07478182 0.28886887 -0.01091737
v 0.07061351 0.28236029 -0.00887291
v 0.06781542 0.27828619 -0.01076999
v 0.07022082 0.27601317 -0.01275470
v 0.06558054 0.27949396 -0.00805627
v 0.06937855 0.27951771 -0.00737397
v 0.06913859 0.28062493 -0.00757933
v 0.06556252 0.28048262 -0.00834126
v 0.07888862 0.29589793 -0.01606258
v 0.07723621 0.30268988 -0.00632732
v 0.07859621 0.29966882 -0.00714539
v 0.07903038 0.31188601 -0.03386005
v 0.07685412 0.30370843 -0.03833016
v 0.07732151 0.30521804 -0.02506611
v 0.06428760 0.27716470 -0.01151258
v 0.06151093 0.28091073 -0.00977447
v 0.06198955 0.28043360 -0.00884079
v 0.08420281 0.26658210 -0.02172184
v 0.07198489 0.26663071 -0.00487020
v 0.07245650 0.29067010 -0.01029673
v 0.08355781 0.27441394 -0.02941665
v 0.08241822 0.26919538 -0.02705003
v 0.07175602 0.29189813 -0.01075609
v 0.07248525 0.29302078 -0.01023359
v 0.07053588 0.26725435 -0.00914442
v 0.07197215 0.26783964 -0.00636993
v 0.07271479 0.29341599 -0.01006278
v 0.07372108 0.27354333 -0.00505616
v 0.08384959 0.29555917 -0.02162169
v 0.07537244 0.25538430 -0.01441897
v 0.07362975 0.25406298 -0.01138564
v 0.06160359 0.27984336 -0.00855006
v 0.06520016 0.27093428 -0.00836289
v 0.06472303 0.27886313 -0.01113406
v 0.07200865 0.27728769 -0.00670571
v 0.07158279 0.27515039 -0.00628327
v 0.07409712 0.27574998 -0.00520949
v 0.07704285 0.26963305 -0.01426591
v 0.07303087 0.27053559 -0.01687757
v 0.07417207 0.27136505 -0.01916288
v 0.07879902 0.27034143 -0.01604618
v 0.08099372 0.26449203 -0.02436645
v 0.07931826 0.26029244 -0.02080812
v 0.08153147 0.25869077 -0.02057416
v 0.08366638 0.26310539 -0.02441797
v 0.07890220 0.32650611 -0.04303246
v 0.08011934 0.31784359 -0.02726381
v 0.08067264 0.33366504 -0.03195850
v 0.08217287 0.30462718 -0.02543252
v 0.08233263 0.30219468 -0.02705400
v 0.08733598 0.30316746 -0.03013175
v 0.07712073 0.30948702 -0.01127936
v 0.07730508 0.30697435 -0.01485951
v 0.07772009 0.30793184 -0.01290784
v 0.08736069 0.27932295 -0.03225378
v 0.07451825 0.29157415 -0.00460109
v 0.07626831 0.29191223 -0.00718595
v 0.07737928 0.26670831 -0.02283461
v 0.07921755 0.26860195 -0.01386707
v 0.08141001 0.26901293 -0.01604239
v 0.08776728 0.30566445 -0.01861297
v 0.08462739 0.30393279 -0.01609407
v 0.01039381 0.17429833 0.04321986
v 0.01055272 0.16715564 0.03955435
v 0.00813398 0.28197405 0.09777950
v 0.00956184 0.28178006 0.09627867
v 0.00830355 0.28367275 0.09521221
v 0.00767024 0.28369901 0.09595533
v 0.00845217 0.27273792 0.09656484
v 0.00782564 0.27431840 0.09540860
v 0.00878935 0.27402854 0.09444559
v 0.00966517 0.27268055 0.09563301
v 0.00524278 0.28331274 0.09513921
v 0.00379015 0.28073958 0.09780146
v 0.00536328 0.28169519 0.09921426
v 0.00635569 0.28387552 0.09586851
v 0.08774646 0.30884260 -0.01957559
v 0.01178907 0.27244705 0.09624451
v 0.01079656 0.27429214 0.09503050
v 0.01152512 0.27480820 0.09688960
v 0.01310972 0.27330083 0.09794147
v 0.00467760 0.27356431 0.10448027
v 0.00571706 0.27569529 0.10461827
v 0.00462759 0.27482113 0.10229228
v 0.00468836 0.27280748 0.10194404
v 0.00745124 0.27614394 0.10395446
v 0.00929912 0.27573588 0.10567981
v 0.01100579 0.27564460 0.10402516
v 0.00888702 0.27598593 0.10242952
v 0.00426064 0.27707943 0.09728234
v 0.00563413 0.27514845 0.09871833
v 0.00355785 0.27729014 0.10088219
v 0.01175641 0.27711815 0.09495690
v 0.01040858 0.27605081 0.09353662
v 0.00931431 0.27984378 0.09290910
v 0.01058221 0.28066513 0.09379555
v 0.04770532 0.20198071 0.01779226
v 0.05508165 0.20463847 0.00365331
v 0.03432141 0.29420674 0.07588118
v 0.03362375 0.29146543 0.07718340
v 0.02946381 0.29266527 0.07786704
v 0.03035246 0.29507929 0.07673714
v 0.07483311 0.27804831 -0.00452872
v 0.07430790 0.27892703 -0.00339303
v 0.08232291 0.29941016 -0.02866359
v 0.08681837 0.30269390 -0.02370465
v 0.08202808 0.30650184 -0.02334058
v 0.08089401 0.30873170 -0.01869796
v 0.07949404 0.30735469 -0.01767709
v 0.08046113 0.30480283 -0.02162553
v 0.08987032 0.30278045 -0.02409067
v 0.07314717 0.26531303 -0.00457444
v 0.08164845 0.29169643 -0.01866455
v 0.08015493 0.30931234 -0.01614879
v 0.08353446 0.31083572 -0.01688980
v 0.08762445 0.27963212 -0.02746220
v 0.09034137 0.30118373 -0.02603500
v 0.08854420 0.29984230 -0.02483691
v 0.08132534 0.30188480 -0.01021684
v 0.07565287 0.27394149 -0.02146566
v 0.08208817 0.27401933 -0.01930441
v 0.08065672 0.27150810 -0.01768234
v -0.09154934 0.29895690 -0.03062881
v -0.09150259 0.29624033 -0.03172642
v -0.09169418 0.29477039 -0.02981413
v -0.09160922 0.29719347 -0.02888689
v -0.08753019 0.28039321 -0.02848791
v -0.08753540 0.28788394 -0.03025883
v -0.08882691 0.29051137 -0.03111646
v -0.08897850 0.28833896 -0.03018149
v 0.07506966 0.27212319 -0.02041097
v 0.07127658 0.28726614 -0.01520703
v 0.07039548 0.27016035 0.00387950
v 0.07829037 0.25899413 -0.01094661
v -0.08746705 0.26988336 -0.02492825
v -0.08648880 0.27053645 -0.02449296
v -0.08802754 0.27509660 -0.02646360
v -0.08906695 0.27474844 -0.02718964
v 0.07925598 0.25999215 -0.01336253
v 0.03115841 0.24796224 -0.07715379
v 0.03459809 0.25772464 -0.08373658
v 0.08952077 0.27925548 -0.03075838
v 0.08226476 0.30468923 -0.01759048
v 0.07493816 0.26487517 -0.00587215
v 0.07437246 0.25916418 -0.00488482
v 0.07298870 0.25970551 -0.00298367
v 0.07676052 0.29503906 -0.01520338
v 0.07676447 0.26780775 -0.02313026
v 0.07686004 0.27006578 -0.02430842
v 0.06173376 0.28026986 -0.01077487
v 0.07859545 0.26199931 -0.02020854
v 0.07493991 0.25707766 -0.01427601
v 0.05886280 0.20807031 -0.01030812
v 0.05646757 0.21062765 -0.02556822
v -0.07279404 0.25120950 -0.00128498
v -0.07549661 0.25335833 -0.00328039
v -0.07586208 0.25097242 -0.00449376
v -0.07132562 0.24959597 -0.00285293
v 0.05679276 0.19984291 -0.02342486
v 0.05823627 0.19596983 -0.00899012
v 0.07198109 0.28415015 0.00219346
v 0.07225659 0.27688584 -0.00017253
v 0.07160363 0.27579343 0.00178253
v 0.02411802 0.18342438 0.03869249
v 0.02142402 0.17149583 0.03475714
v 0.07072154 0.27079937 0.00791053
v 0.07059732 0.27057365 0.01865916
v 0.07214448 0.28631762 0.01810079
v 0.07156093 0.28068447 0.00807592
v 0.05947726 0.31912428 0.05243928
v 0.06142154 0.31950963 0.04797278
v 0.06198419 0.30997169 0.04852033
v 0.05973522 0.31138423 0.05218152
v 0.02019310 0.37826937 0.06666319
v 0.00991962 0.37900698 0.06881178
v 0.01005594 0.38671196 0.06273829
v 0.02066150 0.38571784 0.05989302
v 0.03637766 0.26592478 -0.08845351
v 0.03778420 0.27618849 -0.09366591
v 0.01839098 0.27260557 -0.10089554
v 0.01761431 0.26288402 -0.09533362
v 0.02122695 0.40310770 0.03715509
v 0.01049243 0.40511814 0.04003742
v 0.01056609 0.40974748 0.02963183
v -0.06841183 0.25084111 -0.00372053
v -0.07275271 0.24996465 -0.00792219
v -0.07233687 0.25299740 -0.00883947
v -0.06884921 0.25328439 -0.00549808
v 0.02134161 0.40730757 0.02699823
v 0.05287987 0.29146904 0.06648862
v 0.05499889 0.28519586 0.06680284
v 0.05114700 0.28485829 0.07054725
v 0.04950364 0.29108185 0.06949515
v 0.07427643 0.25478429 -0.00195519
v 0.07330273 0.25573158 -0.00070832
v -0.08665507 0.30931649 -0.01628603
v -0.08698890 0.30600473 -0.01571503
v -0.08526088 0.30519661 -0.01335337
v -0.08480921 0.30854803 -0.01359110
v -0.07264648 0.27576825 -0.02452264
v -0.07139016 0.26942128 -0.02229843
v -0.07749276 0.27388254 -0.02562473
v -0.07769547 0.27666801 -0.02623331
v 0.01067240 0.41312718 0.01725981
v 0.02164956 0.41060448 0.01514200
v 0.01208108 0.30151930 0.08293390
v -0.08484510 0.29867133 -0.02335983
v -0.08570332 0.29939851 -0.02688974
v -0.08614925 0.29720989 -0.02796473
v -0.08513862 0.29575172 -0.02526130
v -0.08799335 0.30070335 -0.03177414
v -0.08815852 0.29760376 -0.03299384
v -0.07130033 0.26018599 0.00054227
v -0.07034131 0.26385254 0.00125781
v -0.07083302 0.26545292 -0.00012783
v -0.07127816 0.26434645 -0.00146238
v -0.07160335 0.27714261 -0.01517656
v -0.07309962 0.28143293 -0.01360963
v -0.08344189 0.25981522 -0.01931965
v -0.08330742 0.26171148 -0.01857613
v -0.08550455 0.26554069 -0.02210431
v -0.08563530 0.26421785 -0.02311294
v 0.01252934 0.30335933 0.08014229
v 0.01623514 0.30012134 0.07891513
v 0.01583098 0.29816315 0.08119372
v 0.00740323 0.35175028 0.08206865
v 0.00841569 0.35941800 0.07917869
v 0.01743919 0.35931063 0.07748754
v 0.01575941 0.35172275 0.08088476
v 0.02069381 0.29760194 0.07784493
v 0.01979552 0.29564938 0.07943026
v 0.01024372 0.39368689 0.05597266
v 0.02097048 0.39230728 0.05320085
v 0.02075108 0.41426107 -0.03648601
v -0.08058602 0.26420853 -0.01682112
v -0.08284532 0.26662236 -0.02041483
v -0.08384165 0.26717722 -0.02220338
v -0.08279516 0.26512122 -0.02008245
v 0.02120808 0.41463593 -0.02776948
v 0.01001091 0.41738078 -0.02826793
v -0.08771268 0.30182076 -0.02304370
v -0.08579978 0.30415934 -0.01838437
v -0.08676013 0.30372053 -0.01815077
v -0.08863965 0.30125457 -0.02289252
v 0.01107770 0.41620556 -0.04101856
v 0.06865780 0.28314510 -0.05367236
v 0.07194630 0.28291702 -0.03796484
v 0.07447614 0.29477689 -0.03996984
v 0.07235456 0.29943761 -0.05734213
v 0.03484877 0.19025566 0.02996908
v 0.03295108 0.17783786 0.02671118
v -0.07958481 0.28875190 -0.02605859
v -0.07827350 0.29376853 -0.02435646
v -0.07728060 0.29311040 -0.02415957
v -0.07850061 0.28869218 -0.02572214
v -0.08803991 0.29829660 -0.02972426
v -0.08833887 0.29560453 -0.03069955
v -0.08658801 0.29451206 -0.02918234
v -0.07462327 0.29641995 -0.01186999
v -0.07543021 0.29737988 -0.01303369
v -0.07582705 0.29573560 -0.01350228
v -0.07537766 0.29447603 -0.01244589
v -0.07542018 0.24989787 -0.00785420
v -0.06954706 0.26052544 -0.01596831
v -0.07133417 0.26105842 -0.01755964
v -0.07410422 0.26514646 -0.02058871
v -0.07276630 0.26626101 -0.02099000
v 0.05297208 0.34160772 0.05871077
v 0.05506395 0.34676152 0.05383218
v 0.05835528 0.33935747 0.05068395
v 0.05595844 0.33518139 0.05579918
v 0.00587779 0.33913118 0.08605715
v 0.01322940 0.33909976 0.08554299
v 0.01133176 0.33279285 0.08642486
v 0.00513644 0.33265117 0.08693939
v -0.06867471 0.25270441 0.00086461
v -0.07166632 0.25298586 0.00095439
v -0.07234425 0.25182101 -0.00025714
v -0.06929245 0.25111678 -0.00064950
v 0.05952733 0.30403766 0.05301084
v 0.06231543 0.30088690 0.05045726
v 0.06128912 0.29301226 0.05543714
v 0.05830129 0.29718399 0.05705477
v 0.05541648 0.29263890 0.06322943
v -0.07785241 0.30086702 -0.01334451
v -0.08021658 0.30019978 -0.01556501
v -0.07825925 0.29920825 -0.01483244
v -0.07670801 0.29958436 -0.01305447
v 0.05782994 0.28672403 0.06311585
v -0.08634917 0.28603554 -0.02849682
v -0.08538239 0.29285815 -0.02680795
v 0.01907742 0.36863044 0.07298617
v 0.00922104 0.36907488 0.07492168
v 0.06029382 0.32993215 0.04839085
v 0.05816344 0.32735500 0.05371832
v 0.00921505 0.30470756 0.08540748
v 0.00995353 0.30608764 0.08185899
v 0.00732097 0.31066099 0.08407067
v -0.08597556 0.27686352 -0.02263190
v -0.08601288 0.27692062 -0.02566696
v -0.08536422 0.27286816 -0.02413100
v -0.08540957 0.27287745 -0.02120482
v 0.00371758 0.31050703 0.08980232
v 0.00357736 0.31450838 0.08823056
v 0.00679622 0.31430045 0.08459601
v 0.03382159 0.35079888 0.07377434
v 0.03563552 0.35775322 0.06978666
v 0.04322092 0.35601220 0.06425957
v 0.04148180 0.34945360 0.06860418
v 0.02112898 0.39800897 0.04569695
v -0.08578093 0.28511086 -0.02279057
v -0.08603088 0.28500068 -0.02632062
v 0.01034667 0.39960495 0.04854295
v 0.00409913 0.32420412 0.08679657
v 0.00836164 0.32419389 0.08527874
v 0.00738227 0.32048091 0.08442868
v -0.08935446 0.29404083 -0.02852754
v -0.08946569 0.28785557 -0.02873958
v -0.08893960 0.29455590 -0.02941941
v -0.07615263 0.29702672 -0.02217264
v -0.07627310 0.30001977 -0.02630397
v -0.07546210 0.29330945 -0.02763167
v -0.07635792 0.29453102 -0.02340253
v 0.00398318 0.32075170 0.08672737
v 0.02461579 0.29390973 0.07864878
v 0.02546772 0.29606783 0.07748865
v 0.06642511 0.25481331 -0.00525693
v 0.06736593 0.25397268 -0.00472652
v 0.07261439 0.30225477 0.00403752
v 0.07187904 0.29140732 0.00662927
v 0.07214835 0.29991576 0.01640961
v 0.07174753 0.31276688 0.01302543
v 0.07446575 0.32392514 0.00896485
v 0.07693110 0.33275741 0.00279958
v 0.07688385 0.31674296 -0.00360305
v 0.07466713 0.31082845 0.00116576
v 0.05198506 0.20250006 -0.03645585
v 0.04938497 0.21205680 -0.03976410
v 0.00376436 0.30754533 0.09258311
v 0.00372958 0.30480331 0.09523843
v 0.02004486 0.31448507 -0.11652298
v -0.07134258 0.26944757 -0.00079869
v -0.07259918 0.27153689 -0.00218629
v -0.07157191 0.26926824 -0.00353990
v -0.07085969 0.26704773 -0.00293421
v 0.02005414 0.30041221 -0.11250385
v 0.03970835 0.30557209 -0.10412707
v 0.03942318 0.31828418 -0.10656717
v 0.06600778 0.27275988 -0.04932557
v -0.07472568 0.26323223 -0.01916848
v -0.07203007 0.26002929 -0.01670198
v -0.07250317 0.25960729 -0.01590049
v -0.07523333 0.26154089 -0.01760665
v 0.06954918 0.27449697 -0.03476972
v 0.01039970 0.27859429 0.09824502
v 0.00712910 0.28308681 0.09337146
v 0.00728999 0.27955034 0.09289172
v 0.00694048 0.28224948 0.09318934
v 0.01038387 0.27559656 0.10021925
v 0.01263897 0.27488717 0.10153557
v 0.00808228 0.27575561 0.09319437
v 0.00718544 0.27597147 0.09376418
v 0.00650755 0.27985531 0.09318587
v 0.00826946 0.28350770 0.09402385
v 0.00187341 0.27187034 0.10678042
v 0.00242173 0.27344936 0.10961200
v 0.00623685 0.27468753 0.10845543
v 0.00477906 0.27320781 0.10645057
v 0.00500826 0.28246328 0.09469768
v 0.00403712 0.28022712 0.09558917
v 0.00491345 0.27823746 0.10290337
v 0.00676469 0.28194311 0.09883399
v 0.00704853 0.28388873 0.09603480
v 0.00675888 0.27886006 0.10207950
v 0.00586811 0.27278075 0.09937944
v 0.00852188 0.27895147 0.10047206
v -0.08272199 0.30138418 -0.01775708
v -0.08293355 0.29616374 -0.01838792
v -0.08113634 0.29614431 -0.01695048
v -0.07683247 0.26604167 -0.00852854
v -0.07754611 0.26728815 -0.01045388
v -0.07861660 0.26411486 -0.01221388
v -0.07789962 0.26216438 -0.01048585
v 0.07783822 0.26798066 -0.01200599
v 0.05756337 0.22189096 0.00980614
v 0.06163672 0.23622245 0.00173995
v 0.06077833 0.23543246 -0.00417431
v -0.07960354 0.25351289 -0.01326753
v -0.07724386 0.25317523 -0.01393427
v -0.07502529 0.25128952 -0.01071553
v -0.07751079 0.25122643 -0.01040139
v -0.07109590 0.26598498 -0.00212450
v -0.07099270 0.26686245 -0.00048777
v -0.08147738 0.28904659 -0.02807323
v -0.08051993 0.29513296 -0.02608906
v 0.05833569 0.22039853 0.00027047
v 0.07920244 0.29426110 -0.01658753
v 0.06676215 0.34515160 0.03207259
v 0.06829752 0.35662362 0.02130550
v 0.07434804 0.34467986 0.01064898
v -0.08455416 0.29418474 -0.02285207
v -0.08499716 0.29170874 -0.02416911
v 0.07281063 0.33396471 0.01703298
v 0.06847786 0.36567923 0.01277234
v 0.07446087 0.35489011 0.00275859
v 0.07857934 0.34256423 -0.00608642
v 0.08026047 0.32142296 -0.01893455
v 0.04212246 0.30729103 0.07044334
v 0.04242764 0.30703858 0.07061014
v 0.04089058 0.30677551 0.07189646
v -0.07372268 0.28193021 -0.00686106
v -0.07129043 0.28244802 -0.00808186
v -0.07120851 0.28164893 -0.00801384
v -0.07422562 0.28032717 -0.00663606
v 0.04088856 0.30694249 0.07171728
v 0.04161536 0.30738631 0.06985249
v 0.04032774 0.30687785 0.07092056
v -0.07415552 0.28189245 -0.00546475
v -0.07458115 0.28028896 -0.00528531
v -0.07424295 0.28011966 -0.00409409
v -0.07390533 0.28102884 -0.00398098
v 0.04250021 0.30780455 0.06887823
v 0.04305673 0.30760315 0.06936573
v 0.04333070 0.30734155 0.06949949
v 0.02479666 0.30808759 0.07375119
v 0.02548184 0.30838877 0.07304937
v 0.02813114 0.30751231 0.07338283
v 0.02744304 0.30749634 0.07447822
v 0.02456986 0.30779010 0.07418037
v 0.02740045 0.30716035 0.07488805
v -0.07041802 0.28272229 -0.00854211
v -0.07071088 0.28243062 -0.00825445
v -0.07105479 0.28296554 -0.00857978
v -0.07508857 0.28531876 -0.02065211
v -0.07642312 0.27736330 -0.02225323
v -0.07454082 0.27716154 -0.02115110
v -0.07318079 0.28422371 -0.01948914
v 0.02857457 0.30996376 0.06742990
v 0.02807761 0.31024617 0.06731732
v -0.08658063 0.27798885 -0.02740495
v 0.02941847 0.30962217 0.06762059
v 0.02301121 0.31000993 0.07142816
v 0.02304477 0.31102577 0.07154984
v -0.08172024 0.30488926 -0.00918995
v -0.08012531 0.30705410 -0.00922125
v -0.08275530 0.31043670 -0.01369049
v 0.02779472 0.31101212 0.06746482
v 0.02780870 0.31050283 0.06732744
v 0.02331232 0.30952129 0.07157716
v -0.07202559 0.26847169 -0.01261006
v -0.07479526 0.26954934 -0.00981782
v -0.07332192 0.26933908 -0.00821023
v -0.07162090 0.26824445 -0.01083882
v -0.07093027 0.27336565 -0.00630754
v -0.06904598 0.27007768 -0.00546208
v -0.07307532 0.27182454 -0.00485494
v -0.07401676 0.28789106 -0.00557160
v -0.07255401 0.28405732 -0.00801503
v -0.07341696 0.28294015 -0.00662267
v -0.07387019 0.28334641 -0.00532632
v -0.08743086 0.26914760 -0.02615375
v -0.08891351 0.27429086 -0.02871168
v -0.08728695 0.27408543 -0.03013670
v -0.08583613 0.26864374 -0.02749563
v 0.02173512 0.30928832 0.07168544
v 0.02082884 0.30961624 0.07133404
v -0.06944364 0.25645864 0.00244482
v -0.06634256 0.25373530 -0.00067597
v -0.06877000 0.25966620 0.00285633
v -0.09076044 0.30586222 -0.02532662
v -0.08734727 0.30811349 -0.02583074
v -0.08772065 0.30595082 -0.02823325
v -0.09119270 0.30379802 -0.02755337
v -0.07117613 0.28894278 -0.01413205
v -0.07126141 0.28688738 -0.01367151
v -0.07157141 0.28834248 -0.01237155
v -0.07132278 0.29028857 -0.01258896
v 0.02087287 0.31099340 0.07155751
v 0.03259619 0.30610716 0.07497936
v 0.03278984 0.30529046 0.07506623
v 0.02807940 0.30565009 0.07529560
v 0.02769426 0.30655229 0.07515992
v 0.03239171 0.30659565 0.07479254
v 0.03582073 0.30666247 0.07388505
v 0.03590613 0.30613866 0.07405511
v 0.03603220 0.30533966 0.07405744
v -0.05100676 0.25145400 -0.05432696
v -0.06033760 0.25262064 -0.03589432
v -0.06438497 0.26543969 -0.04495930
v -0.05716387 0.26353964 -0.06068678
v -0.08054189 0.25630015 -0.01279926
v -0.07960030 0.25427046 -0.01014606
v -0.07544310 0.29553473 -0.00467304
v -0.07497871 0.29744241 -0.00336464
v -0.07607123 0.30279443 -0.00504434
v -0.07669614 0.29954848 -0.00500006
v 0.02475427 0.30661628 0.07506052
v 0.02466559 0.30747852 0.07467071
v 0.03606920 0.30459398 0.07403096
v 0.03301172 0.30455056 0.07497564
v -0.08863062 0.28946835 -0.03391933
v -0.09136899 0.28880543 -0.03234516
v 0.02826824 0.30491039 0.07528539
v 0.02473659 0.30609334 0.07514428
v 0.02193799 0.30726805 0.07442451
v 0.02309390 0.30756649 0.07444865
v 0.03308444 0.30369458 0.07480831
v 0.03297788 0.30273253 0.07471888
v 0.02816322 0.30304733 0.07529036
v 0.02828784 0.30401686 0.07526890
v -0.07733502 0.30138013 -0.01175153
v -0.08084381 0.30470219 -0.01497541
v -0.07875177 0.30227435 -0.01387240
v -0.07698140 0.30085543 -0.01203658
v -0.07678376 0.29288805 -0.00970356
v -0.07746481 0.29418623 -0.00937692
v -0.07563098 0.29509935 -0.00957091
v -0.07461292 0.29371592 -0.00971198
v 0.03613432 0.30377692 0.07375932
v 0.03607750 0.30282596 0.07363377
v -0.07464902 0.30219007 -0.00231975
v -0.07638472 0.30686769 -0.00588724
v 0.04447150 0.30733258 0.06780734
v 0.04494269 0.30775845 0.06684504
v 0.04495379 0.30720526 0.06699803
v -0.06782348 0.25999734 -0.01531403
v 0.04470076 0.30679822 0.06751701
v 0.04755778 0.30426353 0.06443387
v 0.04836906 0.30547437 0.06331374
v 0.05002473 0.30464458 0.06201023
v -0.07698350 0.29438040 -0.00705570
v -0.07788939 0.29692328 -0.00677251
v -0.07841695 0.29578072 -0.00912698
v -0.06949247 0.26478577 0.00323661
v -0.07035312 0.26648650 0.00111574
v -0.07625425 0.29993260 -0.01185713
v -0.07552703 0.29870263 -0.01180575
v -0.07402482 0.29489639 -0.01096334
v -0.07460494 0.29288325 -0.01233078
v 0.04896235 0.30331457 0.06340849
v -0.08126586 0.28623596 -0.01933666
v -0.08322600 0.27764386 -0.02064594
v 0.05716236 0.29435566 0.06001797
v 0.05128662 0.30036077 0.06289776
v 0.05261946 0.30171630 0.06083997
v 0.04399908 0.30713263 0.06862415
v 0.04335518 0.30687773 0.06955361
v 0.04390018 0.30752444 0.06857014
v 0.04433203 0.30779850 0.06760687
v 0.04423056 0.30641571 0.06832913
v 0.04348695 0.30616349 0.06941125
v 0.04249819 0.30666104 0.07064854
v 0.04259405 0.30582854 0.07061698
v 0.04097695 0.30553785 0.07193626
v 0.04087799 0.30635235 0.07196438
v 0.03877367 0.30619895 0.07303292
v -0.06747343 0.26699519 -0.03088311
v -0.06399203 0.25326589 -0.01563744
v 0.03906681 0.30671155 0.07282729
v 0.03888594 0.30537915 0.07299116
v 0.04111609 0.30486375 0.07172798
v 0.03900854 0.30467868 0.07289002
v 0.04266775 0.30512995 0.07030119
v 0.04363097 0.30555835 0.06906175
v 0.04440657 0.30591804 0.06789421
v 0.04501703 0.30631927 0.06704625
v 0.04538875 0.30693641 0.06641833
v 0.04475327 0.30532604 0.06732935
v 0.04542876 0.30452001 0.06653833
v 0.04421158 0.30403340 0.06796459
v 0.04382964 0.30493149 0.06862526
v 0.04555716 0.30583477 0.06635248
v 0.04639549 0.30513722 0.06540279
v -0.07443486 0.29545477 -0.00976934
v -0.07435120 0.29582074 -0.01000255
v -0.07354470 0.29489711 -0.01032575
v -0.07353694 0.29435059 -0.00999834
v 0.04277416 0.30457324 0.06989229
v 0.04285279 0.30376518 0.06948124
v 0.04117522 0.30333132 0.07103716
v 0.04119579 0.30412462 0.07143240
v -0.07838562 0.25262627 -0.00770078
v -0.07981423 0.29267672 -0.01695646
v -0.07680081 0.29068869 -0.01487717
v -0.07750361 0.29297692 -0.01422929
v 0.03906338 0.30395284 0.07259677
v 0.03917474 0.30302128 0.07228838
v -0.08918348 0.27968219 -0.02747969
v -0.09044024 0.28775513 -0.02850148
v -0.09176171 0.28812277 -0.03011594
v -0.09037714 0.27952302 -0.02878819
v 0.03231589 0.30672944 0.07453903
v 0.03201329 0.30681872 0.07339368
v 0.03551324 0.30656242 0.07278348
v 0.03585899 0.30677989 0.07360853
v 0.03908206 0.30680922 0.07265145
v -0.06695157 0.25218996 -0.00202575
v -0.07135554 0.28616574 -0.01448783
v -0.07262804 0.28452852 -0.01373548
v 0.03847733 0.30653775 0.07188220
v 0.03537357 0.30647069 0.07165736
v 0.03363711 0.30865708 0.06750085
v 0.03498919 0.30861515 0.06712603
v 0.03804275 0.30646300 0.07085587
v -0.07216682 0.29157850 -0.01287773
v -0.07246354 0.29322162 -0.01100925
v 0.03222671 0.30684897 0.07219096
v 0.03210087 0.30885458 0.06776129
v 0.02892608 0.30767152 0.07221460
v -0.07051769 0.26953754 0.00133660
v 0.03060444 0.30923924 0.06779360
v 0.02625528 0.30843100 0.07231066
v 0.03369931 0.31885415 0.07404711
v 0.03374718 0.31902987 0.07423490
v 0.03827628 0.31839234 0.07365224
v 0.03786573 0.31815645 0.07332276
v 0.05058832 0.28021440 -0.08386203
v 0.05175291 0.29490003 -0.09002627
v 0.03914172 0.28953534 -0.09939752
v 0.04088922 0.31576610 0.07250753
v 0.04082010 0.31666976 0.07204130
v 0.04323532 0.31530884 0.07070380
v 0.04310292 0.31447500 0.07087413
v 0.04090388 0.31479082 0.07293234
v -0.08712067 0.30238542 -0.02694456
v -0.08763985 0.30048943 -0.02839503
v -0.08558696 0.30108571 -0.02553500
v -0.08526798 0.30232352 -0.02392456
v -0.08446595 0.30409241 -0.02085453
v -0.08455788 0.30554897 -0.02043884
v -0.08634643 0.30409464 -0.02494451
v -0.07556402 0.29172426 -0.01348872
v -0.07650399 0.29347840 -0.01313694
v 0.04285542 0.31344330 0.07105054
v 0.03817809 0.31608623 0.07463823
v -0.07624710 0.26483962 -0.00711913
v -0.07683740 0.25884125 -0.00786376
v -0.08425837 0.26946628 -0.02172865
v -0.08405496 0.27025944 -0.01884666
v -0.08459688 0.27988636 -0.03121092
v -0.08447054 0.28911868 -0.03205357
v -0.08293542 0.28894255 -0.02984277
v -0.08340970 0.28020114 -0.02971521
v 0.03815380 0.31717485 0.07412453
v 0.03795858 0.31792551 0.07351312
v 0.04212962 0.31196246 0.06687041
v 0.04138128 0.31294471 0.06755421
v -0.07756905 0.28249177 -0.02636774
v -0.07422881 0.28333876 -0.02600230
v -0.07352839 0.28208223 -0.00353972
v -0.07296003 0.28598937 -0.00174683
v -0.07173095 0.29093558 -0.01281568
v -0.07207476 0.29258299 -0.01107215
v -0.07882630 0.26573589 -0.02185209
v -0.07473517 0.25877580 -0.01411028
v -0.07882368 0.26365471 -0.01995839
v -0.07062642 0.25811425 -0.01203869
v -0.07025173 0.25725374 -0.00967741
v -0.07282016 0.25717431 -0.01131173
v 0.04195349 0.31282896 0.06899791
v 0.04299218 0.31200352 0.06774759
v 0.04276295 0.31124228 0.06626150
v 0.04363187 0.31123352 0.06683984
v 0.03755108 0.31109142 0.06476431
v 0.03720495 0.31148344 0.06506766
v 0.03665553 0.31196308 0.06548718
v -0.08081066 0.26618567 -0.01592189
v -0.08268626 0.26725721 -0.01869082
v 0.03772587 0.31076315 0.06457761
v -0.07002821 0.28246984 -0.00911043
v -0.06854548 0.28095719 -0.01025001
v -0.06905142 0.28222764 -0.00856432
v -0.08439813 0.28550285 -0.02067127
v -0.08534449 0.27730164 -0.02086711
v -0.07719858 0.29639900 -0.00971312
v 0.03779862 0.31046754 0.06449814
v -0.07518549 0.28652781 -0.00998619
v -0.07616752 0.29003397 -0.00817248
v -0.08074215 0.29973686 -0.00933876
v -0.07897475 0.29814515 -0.00994174
v -0.07824853 0.29722643 -0.00979769
v -0.07942018 0.29766876 -0.00897059
v -0.06331035 0.27288672 -0.00863132
v -0.06653836 0.27124825 -0.00702747
v -0.06807050 0.27439627 -0.00696441
v 0.03778147 0.31020391 0.06454048
v 0.03767474 0.30996379 0.06468105
v 0.05994775 0.27809620 0.06081359
v 0.05979675 0.28921437 0.05938773
v -0.08355491 0.30526152 -0.01874377
v -0.08393249 0.30322504 -0.01989308
v -0.08188905 0.29580376 -0.02787053
v 0.06224297 0.28105134 0.05657713
v 0.04359137 0.30785829 0.06837463
v -0.07629010 0.29763579 -0.01403356
v -0.07678722 0.29607964 -0.01491267
v 0.04405297 0.30816790 0.06744724
v -0.07823872 0.30842119 -0.02119849
v -0.07773665 0.30672717 -0.01764834
v -0.07783455 0.30707821 -0.01635587
v -0.07854398 0.31101289 -0.01679002
v 0.04298506 0.30812317 0.06798369
v -0.06941240 0.25468820 -0.00650312
v -0.07210764 0.25498867 -0.00921085
v -0.07193314 0.25613323 -0.00968143
v -0.06989906 0.25603354 -0.00773088
v -0.07264633 0.26896599 -0.00752128
v -0.07138930 0.26808122 -0.00982695
v 0.04343250 0.30847955 0.06718313
v -0.08526366 0.27062061 -0.02458587
v -0.08462402 0.26983115 -0.02351974
v -0.08579761 0.27376440 -0.02578379
v -0.08662959 0.27498409 -0.02667758
v 0.04456279 0.30863649 0.06654388
v 0.04495157 0.30837303 0.06653615
v 0.04097646 0.30734569 0.06909563
v 0.03658949 0.30902350 0.06620353
v 0.03701960 0.30928686 0.06574869
v -0.07219727 0.28963709 -0.01653967
v -0.07156658 0.28856295 -0.01616181
v -0.07788806 0.30106506 -0.01863177
v -0.08008813 0.30339348 -0.02010961
v -0.07910951 0.30629906 -0.01666796
v -0.07753070 0.30416617 -0.01639915
v -0.08334125 0.29658121 -0.03016538
v 0.04168669 0.30794555 0.06820144
v 0.03976339 0.30680159 0.06999177
v 0.03595253 0.30876660 0.06666230
v 0.03723850 0.30951223 0.06535251
v 0.03744100 0.30976951 0.06501176
v -0.07687237 0.29464388 -0.01445247
v -0.07753608 0.29479483 -0.01555181
v 0.04199404 0.30828148 0.06746245
v -0.07639442 0.29508194 -0.01398108
v 0.04244517 0.30865926 0.06671711
v 0.04380143 0.30903527 0.06657034
v -0.07389997 0.29281178 -0.00994643
v -0.07605508 0.29168817 -0.01022953
v -0.08003856 0.29992738 -0.01081663
v -0.08367696 0.30332398 -0.01408798
v -0.08267280 0.30344963 -0.01425518
v -0.07939176 0.30070564 -0.01109030
v 0.04304989 0.30959842 0.06581677
v 0.04312274 0.31008628 0.06576530
v 0.04406905 0.30949572 0.06635292
v -0.07475025 0.29739258 -0.01078812
v 0.04412413 0.30998832 0.06623846
v 0.04285498 0.30912775 0.06609014
v -0.01370390 0.24699908 -0.08180624
v -0.01604508 0.25571057 -0.09020308
v 0.04302773 0.31064177 0.06590609
v 0.04397272 0.31053665 0.06642887
v 0.04522721 0.30784854 0.06642230
v 0.04521830 0.30863982 0.06612462
v 0.04579326 0.30957755 0.06556345
v 0.04566939 0.30781668 0.06590340
v -0.07820766 0.30702597 -0.00912183
v -0.07897348 0.30857936 -0.01310661
v -0.07992719 0.30953732 -0.01350787
v -0.07869732 0.30783251 -0.01007271
v -0.08500070 0.30114746 -0.02336222
v 0.04636165 0.30773467 0.06517636
v 0.04600110 0.30657384 0.06560366
v 0.04678927 0.31011420 0.06512393
v 0.04811636 0.31042030 0.06433490
v -0.08874015 0.29713106 -0.02854640
v -0.07379185 0.28306001 -0.01207774
v -0.07057456 0.28018770 -0.01178982
v 0.04768544 0.30752185 0.06406181
v 0.04705041 0.30615109 0.06456013
v 0.04483771 0.30913317 0.06612232
v -0.06047551 0.27898553 -0.01031653
v -0.06079373 0.28019986 -0.01032544
v -0.06133200 0.27975503 -0.01155460
v -0.06100832 0.27843398 -0.01177566
v 0.04506042 0.30973986 0.06588733
v 0.04616302 0.31123301 0.06641208
v -0.06397200 0.27374801 -0.01215714
v -0.06675126 0.27281052 -0.01076820
v -0.06599574 0.27092814 -0.00930030
v -0.06331173 0.27166432 -0.01139496
v 0.04695188 0.31201553 0.06623648
v 0.04549025 0.31072706 0.06654268
v 0.04496969 0.31149107 0.06778059
v 0.04543614 0.31218970 0.06778768
v -0.06006079 0.27585563 -0.01072260
v -0.06025938 0.27746603 -0.01041603
v -0.06086814 0.27670312 -0.01203241
v -0.06074076 0.27487308 -0.01249179
v 0.04602813 0.31291431 0.06770389
v 0.04447085 0.31319058 0.06930656
v -0.08296734 0.30527973 -0.01658363
v -0.08478177 0.30511254 -0.01835716
v 0.04485617 0.31403017 0.06926625
v 0.04413826 0.31232646 0.06928333
v 0.04485703 0.31054726 0.06648351
v -0.09014986 0.29623222 -0.02743883
v -0.09026102 0.29398483 -0.02829410
v -0.08817043 0.30117571 -0.02571715
v -0.08851115 0.29931676 -0.02718440
v 0.04437456 0.31126001 0.06743503
v 0.04360837 0.31203309 0.06873155
v 0.04251993 0.31269559 0.07058164
v -0.07296267 0.27416441 -0.00220595
v -0.07399014 0.27434689 -0.00399054
v -0.07357628 0.27271387 -0.00385664
v -0.09128311 0.29936859 -0.02755075
v -0.09142824 0.30137807 -0.02918801
v -0.07194890 0.25672749 0.00103231
v -0.07089664 0.25521842 0.00188563
v -0.04358422 0.18450379 0.01667942
v -0.05300654 0.19008355 0.00493526
v -0.05206062 0.18002720 0.00503678
v -0.04284498 0.17464946 0.01619597
v -0.08035759 0.30238643 -0.00786255
v -0.07903884 0.30492726 -0.00766344
v 0.04063629 0.31385997 0.07254311
v 0.03992354 0.31382608 0.07063157
v 0.03794274 0.31519565 0.07425182
v -0.06016733 0.27427104 -0.00976190
v -0.06015556 0.27339244 -0.01118776
v -0.06286051 0.27193823 -0.01006289
v -0.06532921 0.27842811 -0.00815175
v -0.06111905 0.27906519 -0.00891663
v 0.03712450 0.31475598 0.07222060
v 0.03433274 0.31961513 0.07537580
v 0.03927726 0.31919375 0.07475344
v 0.03678609 0.31470469 0.07038680
v 0.03430345 0.31277636 0.06678341
v 0.03273140 0.31289235 0.06731326
v 0.03352890 0.31477079 0.07141946
v -0.06417175 0.27553430 -0.01206923
v 0.02363560 0.31175488 0.07198675
v 0.02445341 0.31259206 0.07236351
v -0.06493215 0.28062519 -0.01101546
v -0.06533398 0.28178936 -0.00962379
v -0.06835140 0.26770940 -0.00650281
v -0.06991716 0.26717407 -0.00859879
v -0.07144554 0.26721039 -0.00535947
v -0.06079089 0.27296138 -0.01225822
v -0.07218325 0.29070941 -0.01445911
v 0.02839906 0.31175968 0.06774225
v 0.02802348 0.31135371 0.06759922
v 0.02216688 0.31181836 0.07260141
v 0.02350712 0.31264272 0.07318810
v -0.06730562 0.27638873 -0.01158363
v -0.07015403 0.27376595 -0.01337768
v -0.06983602 0.27168795 -0.01239844
v -0.06707142 0.27446896 -0.01137360
v -0.07910451 0.26348558 -0.01396247
v -0.07940833 0.26531863 -0.01388069
v -0.07254815 0.26905817 -0.01475756
v -0.07601672 0.26942548 -0.01271472
v -0.07332648 0.28597993 -0.01278244
v -0.07482976 0.28914735 -0.01121668
v -0.07055735 0.28260607 -0.00927013
v -0.06779744 0.27854198 -0.01111186
v -0.07030211 0.27628174 -0.01306901
v -0.06554233 0.27974206 -0.00845392
v -0.06931265 0.27978843 -0.00772388
v -0.06908316 0.28088808 -0.00797229
v -0.06551959 0.28073311 -0.00875262
v -0.07939401 0.29613590 -0.01614940
v -0.07777524 0.30274376 -0.00625762
v -0.07914441 0.29973823 -0.00705135
v -0.07891661 0.31197461 -0.03367792
v -0.07727618 0.30370617 -0.03832554
v -0.07761838 0.30527413 -0.02495383
v -0.06431748 0.27736667 -0.01194381
v -0.06140081 0.28113702 -0.01015465
v -0.06194399 0.28066844 -0.00928801
v -0.08469614 0.26668927 -0.02195398
v -0.07224095 0.26680669 -0.00503951
v -0.07258859 0.29092795 -0.01062068
v -0.08409298 0.27467057 -0.02933484
v -0.08288001 0.26951420 -0.02699135
v -0.07193951 0.29214060 -0.01102014
v -0.07267153 0.29325455 -0.01046205
v -0.07079647 0.26746857 -0.00936002
v -0.07220878 0.26812300 -0.00656974
v -0.07294682 0.29365930 -0.01027211
v -0.07369062 0.27380508 -0.00526150
v -0.08450457 0.29578573 -0.02158201
v 0.02776573 0.31429800 0.07249840
v 0.02989334 0.31259841 0.06792567
v -0.07577607 0.25562084 -0.01434226
v -0.07395700 0.25423488 -0.01136447
v 0.02898954 0.31220239 0.06786563
v -0.06157039 0.28006282 -0.00897465
v 0.02606659 0.31344786 0.07231419
v -0.06532942 0.27116209 -0.00863506
v -0.06468218 0.27909616 -0.01152935
v 0.02714167 0.31482339 0.07428700
v 0.02491147 0.31358927 0.07362577
v 0.03368497 0.31531253 0.07335576
v -0.07190744 0.27758405 -0.00690871
v -0.07153095 0.27543077 -0.00647155
v -0.07397463 0.27605540 -0.00540945
v 0.02181747 0.35158756 -0.11662760
v 0.02152571 0.33466464 -0.11900907
v -0.07737726 0.26978502 -0.01454386
v -0.07328503 0.27066740 -0.01712060
v -0.07449418 0.27147526 -0.01937841
v -0.07917508 0.27043301 -0.01631713
v -0.08149134 0.26484269 -0.02426832
v -0.07976531 0.26068318 -0.02069658
v -0.08196806 0.25904813 -0.02050056
v -0.08415463 0.26348591 -0.02433288
v 0.03893756 0.33731201 -0.10735330
v 0.03815020 0.35112977 -0.10504572
v -0.07894598 0.32671297 -0.04281660
v -0.08004053 0.31799898 -0.02714019
v -0.08048882 0.33382997 -0.03170052
v -0.08269212 0.30487671 -0.02544596
v -0.08282136 0.30241913 -0.02712715
v -0.08780131 0.30338892 -0.03020391
v -0.07774985 0.30954722 -0.01110522
v -0.07790204 0.30709144 -0.01468324
v -0.07832889 0.30804878 -0.01273338
v -0.08797507 0.27955794 -0.03230973
v 0.03930378 0.31393188 0.06907701
v 0.03564376 0.31241179 0.06615210
v 0.04806038 0.35266706 -0.09654315
v 0.04716866 0.36162573 -0.09408528
v 0.03880019 0.36322933 -0.10050736
v 0.03656080 0.22461523 -0.05764497
v 0.02715193 0.21436091 -0.06506211
v -0.07465450 0.29177302 -0.00482793
v -0.07644075 0.29214662 -0.00738649
v 0.02006989 0.31158772 0.07367931
v -0.07789606 0.26684806 -0.02281299
v 0.02179080 0.31296775 0.07401362
v -0.07964832 0.26862213 -0.01422466
v -0.08189432 0.26906562 -0.01631551
v -0.08845359 0.30583400 -0.01844521
v -0.08532375 0.30405468 -0.01596123
v 0.01894403 0.31037140 0.07344924
v 0.01830140 0.31015542 0.07363671
v 0.01937055 0.31159532 0.07377092
v 0.02085056 0.31304643 0.07406047
v 0.02386825 0.31419462 0.07446147
v 0.02315949 0.31446698 0.07484946
v 0.02656816 0.31600219 0.07586063
v 0.02668638 0.31533396 0.07551088
v 0.03398772 0.31601316 0.07524882
v 0.03407018 0.31685773 0.07564612
v 0.02608231 0.31669155 0.07525831
v 0.02260629 0.31483087 0.07429702
v 0.02556292 0.31736067 0.07447771
v 0.02242255 0.31572345 0.07389956
v 0.03374901 0.31857333 0.07445353
v 0.03402021 0.31786188 0.07516871
v 0.02176423 0.30820724 0.07388284
v 0.01957468 0.30841917 0.07371241
v 0.02227233 0.30859312 0.07364967
v 0.01988415 0.30877355 0.07336705
v 0.02342491 0.30890453 0.07256660
v 0.01912461 0.30922094 0.07327824
v 0.01841761 0.30894426 0.07356983
v -0.00936791 0.17404255 0.04325142
v -0.00885887 0.16688178 0.03953552
v 0.02427604 0.30903327 0.07206078
v 0.01866798 0.31159401 0.07349660
v 0.01742392 0.30994597 0.07368441
v 0.01750867 0.31197301 0.07276713
v 0.01669150 0.31005889 0.07332432
v 0.01973295 0.31425446 0.07301913
v 0.02016485 0.31322873 0.07344697
v 0.01746498 0.30872405 0.07358692
v 0.01803068 0.30820790 0.07368828
v 0.01680034 0.30860096 0.07360157
v 0.01737659 0.30793360 0.07371155
v 0.02450030 0.30533555 0.07522953
v 0.02427096 0.30451757 0.07526852
v 0.02118772 0.30661154 0.07455311
v 0.02062699 0.30605564 0.07452712
v 0.03274236 0.30168879 0.07466250
v 0.03588549 0.30175981 0.07349925
v 0.03235581 0.30049476 0.07465644
v -0.00809309 0.28187326 0.09781434
v -0.00953208 0.28168610 0.09631610
v -0.00826654 0.28356338 0.09524095
v -0.00762794 0.28359073 0.09598834
v 0.03572796 0.30042544 0.07345844
v 0.02738946 0.30098137 0.07541648
v 0.02790196 0.30202705 0.07531812
v 0.03295841 0.16988674 0.02526269
v 0.04633193 0.30345359 0.06591035
v 0.04739596 0.30226472 0.06528781
v 0.04574236 0.30155873 0.06715295
v 0.04485402 0.30296195 0.06741045
v 0.04320018 0.30259356 0.06902288
v -0.00852198 0.27266651 0.09656204
v -0.00788453 0.27423352 0.09542699
v -0.00886694 0.27395234 0.09446584
v -0.00974155 0.27262250 0.09564429
v 0.04365549 0.30108398 0.06895924
v 0.04126891 0.30073735 0.07073068
v 0.04115509 0.30219823 0.07075600
v 0.03911400 0.30194643 0.07206186
v 0.03889177 0.30041268 0.07212909
v 0.04927434 0.30697501 0.06256009
v 0.05049114 0.31019661 0.06221751
v 0.05110365 0.30638987 0.06101917
v 0.05271156 0.30988097 0.06007696
v 0.01592557 0.31281951 0.07295874
v -0.00522243 0.28322029 0.09518065
v -0.00377989 0.28064290 0.09783068
v -0.00534237 0.28161085 0.09926333
v -0.00633484 0.28378183 0.09590830
v 0.01553470 0.31039914 0.07303601
v 0.01420445 0.31355926 0.07413420
v 0.01405002 0.31070533 0.07388801
v 0.01552630 0.31659287 0.07502325
v 0.01742287 0.31567079 0.07353510
v 0.01595463 0.30847475 0.07356093
v 0.01664430 0.30759791 0.07374294
v 0.01468094 0.30840445 0.07387466
v 0.01567202 0.30697814 0.07401408
v 0.02375660 0.30364165 0.07532470
v 0.02321360 0.30267668 0.07536735
v 0.02002879 0.30541542 0.07463770
v 0.01913147 0.30457234 0.07477260
v 0.04961370 0.26929811 -0.07853949
v 0.05223290 0.31066856 -0.09396700
v 0.04676394 0.32335407 0.07210930
v 0.04453722 0.32049108 0.07298950
v 0.04096477 0.32172114 0.07522191
v 0.04285843 0.32533419 0.07515964
v 0.04950907 0.32726502 0.06981981
v 0.05192829 0.32355130 0.06728605
v 0.04941119 0.32084703 0.06927881
v 0.04715484 0.31869790 0.07065029
v 0.05108485 0.31309044 0.06310914
v 0.04927689 0.31306741 0.06485370
v 0.04924423 0.31492880 0.06627996
v 0.05108289 0.31546581 0.06485903
v 0.05342679 0.31307438 0.06112032
v 0.05364789 0.31626731 0.06287137
v 0.05050862 0.31793872 0.06709023
v 0.04840313 0.31666464 0.06831717
v 0.05316496 0.31956032 0.06521888
v 0.02352116 0.32117680 0.07694877
v 0.02427630 0.31945160 0.07552803
v 0.02104799 0.31763521 0.07436193
v 0.01962575 0.31847227 0.07495184
v 0.02221965 0.32287833 0.07834192
v 0.01750351 0.31955552 0.07628447
v 0.03628814 0.32595670 0.07794993
v 0.03538759 0.32259476 0.07685250
v 0.02528368 0.31779411 0.07412331
v 0.02314181 0.31673715 0.07392295
v 0.02509610 0.31800163 0.07410137
v 0.02249982 0.31658798 0.07371098
v 0.05614062 0.37440255 -0.07673877
v 0.05882052 0.38105616 -0.06436159
v 0.04331835 0.39305383 -0.07236288
v 0.04195113 0.38426349 -0.08450808
v 0.04082581 0.31702623 0.07197537
v 0.04140994 0.31739458 0.07231502
v 0.04393019 0.31611037 0.07092788
v 0.04335110 0.31570619 0.07074481
v 0.04518387 0.31455967 0.06929024
v 0.04583437 0.31498843 0.06931405
v 0.04701823 0.31386170 0.06753144
v 0.04646174 0.31356996 0.06780477
v 0.04709446 0.31278133 0.06660324
v 0.04771751 0.31270617 0.06609617
v 0.02281788 0.31749284 0.07416597
v 0.02502756 0.31834027 0.07453977
v 0.05014971 0.34055707 -0.09770412
v 0.04539698 0.36311394 0.05853391
v 0.05224646 0.35908026 0.05227262
v 0.05007975 0.35294014 0.05836610
v 0.04259874 0.31826338 0.07307849
v 0.04515987 0.31698838 0.07119313
v 0.04686303 0.31573150 0.06909461
v 0.04785898 0.31449425 0.06718831
v 0.04832389 0.31348369 0.06601523
v 0.07104438 0.27288559 0.00198733
v 0.07150265 0.27284366 0.00015259
v 0.07902559 0.28172967 -0.02638781
v 0.07716838 0.28846407 -0.02565451
v 0.07598926 0.29199237 -0.02451136
v 0.07735779 0.30129579 -0.01130090
v 0.08079913 0.30435866 -0.01436609
v 0.08236477 0.26352865 -0.01857995
v 0.07912566 0.26192164 -0.01461531
v -0.08836321 0.30910334 -0.01939206
v 0.08222260 0.26439127 -0.01917696
v 0.08776505 0.30013129 -0.02509502
v 0.08813841 0.29836214 -0.02644045
v 0.08907437 0.29806879 -0.02612358
v 0.04221788 0.24980564 -0.06667566
v 0.04711551 0.26088184 -0.07347387
v 0.08851206 0.29627475 -0.02768032
v 0.07365143 0.27737901 -0.00258757
v 0.08025590 0.28106108 -0.02667986
v 0.08185216 0.28033456 -0.02850352
v 0.08264410 0.27504152 -0.02836520
v 0.08196257 0.27568448 -0.02752765
v 0.08178759 0.27016783 -0.02610971
v 0.08130139 0.27109525 -0.02559372
v 0.08376391 0.26692978 -0.02190568
v 0.08517998 0.27057993 -0.02438965
v 0.08205424 0.30471945 -0.01568915
v 0.08139971 0.30390191 -0.01428793
v 0.08286579 0.30455488 -0.01594884
v 0.07439177 0.27606577 -0.00389242
v 0.07555375 0.29935244 -0.01102654
v 0.07509518 0.29711226 -0.00981840
v 0.07473155 0.29748535 -0.01026872
v 0.07056750 0.28096852 -0.00752717
v 0.07057122 0.28186879 -0.00778425
v 0.07193284 0.27939397 -0.00735715
v 0.07452469 0.27796084 -0.00592749
v 0.06801865 0.27038544 -0.00582283
v 0.06741475 0.26911414 -0.00769808
v 0.06791525 0.26817107 -0.00703960
v 0.08486649 0.31063211 -0.01998467
v 0.07529090 0.29614100 -0.00948202
v 0.07662765 0.29726136 -0.00965784
v 0.07706144 0.29852775 -0.00990503
v 0.08371387 0.30406752 -0.01622937
v 0.07731784 0.29948518 -0.01022595
v 0.07647499 0.29940960 -0.01025288
v 0.07810022 0.30107865 -0.01115186
v 0.07589888 0.29939836 -0.01053848
v 0.07417500 0.27374479 -0.02022963
v 0.07275530 0.27360249 -0.01799638
v 0.07257966 0.29402161 0.00016102
v 0.07337388 0.29153830 -0.00197094
v 0.07824066 0.26143864 -0.01233366
v 0.07562920 0.29889441 -0.02081341
v 0.07598147 0.30170745 -0.02241671
v 0.08671753 0.27499798 -0.02635570
v 0.08027299 0.27005911 -0.01573491
v 0.07812612 0.26950952 -0.01379444
v 0.08225068 0.27107438 -0.01762695
v 0.08379086 0.27355957 -0.01957511
v 0.07146887 0.28966826 -0.01408409
v 0.08247878 0.29373959 -0.01933431
v 0.08309171 0.29143277 -0.02049593
v 0.08090186 0.29389957 -0.01773521
v 0.07688408 0.30532593 -0.02070965
v 0.07663774 0.30543801 -0.01833371
v 0.07642078 0.30030748 -0.01889001
v 0.07620776 0.30365086 -0.01764366
v 0.06993309 0.27381575 -0.00623687
v 0.06944276 0.26778364 -0.00934570
v 0.06924348 0.26958773 -0.01034949
v 0.07054196 0.26773667 -0.01023107
v 0.07065109 0.26856878 -0.01175492
v 0.07104779 0.26997522 -0.01347697
v 0.07150714 0.27182445 -0.01487486
v 0.07172442 0.27427506 -0.01536531
v 0.06938837 0.27793369 -0.00706727
v 0.07680646 0.30571219 -0.00795994
v 0.06888306 0.27613139 -0.00679143
v 0.07087964 0.27955660 -0.00731087
v 0.07100928 0.27777416 -0.00689146
v 0.07066326 0.27586940 -0.00634851
v 0.07524067 0.26700658 -0.00739063
v 0.07597447 0.26855415 -0.00976781
v 0.07390808 0.26764473 -0.00664794
v 0.07678649 0.26896116 -0.01194883
v 0.07274706 0.26783946 -0.00628164
v 0.07610741 0.30015898 -0.01966918
v 0.07622138 0.30342799 -0.01968805
v 0.07133298 0.27639857 0.00389533
v 0.06421743 0.28612968 0.05161315
v 0.06571745 0.29531997 0.04589369
v 0.02602720 0.23712325 0.07295642
v 0.02522727 0.23403759 0.07343388
v 0.05675678 0.27548462 0.06526373
v 0.05221081 0.27314150 0.07068767
v 0.02518867 0.24282417 0.08476456
v 0.02436383 0.24206410 0.08492243
v 0.02345013 0.24264874 0.08507790
v 0.02426285 0.24299031 0.08475077
v 0.02203653 0.24323134 0.08330320
v 0.02285288 0.24313068 0.08258919
v 0.02305029 0.24315472 0.08351864
v 0.02231650 0.24323288 0.08421020
v 0.02862207 0.25871107 0.08603873
v 0.03218406 0.26270884 0.08456135
v 0.03514031 0.25813973 0.08335640
v 0.03165576 0.25475451 0.08502688
v 0.02458816 0.24180746 0.07526965
v 0.02432538 0.24341461 0.07570040
v 0.02327519 0.24335146 0.07962958
v 0.02358819 0.24269269 0.07921318
v 0.02442545 0.23924631 0.07543449
v 0.02346462 0.24141808 0.07881493
v 0.02611875 0.24107875 0.07279424
v 0.02559397 0.24360697 0.07311589
v 0.03421290 0.23639944 0.08106789
v 0.03065879 0.23858485 0.08270136
v 0.03168273 0.24176463 0.08310178
v 0.03523513 0.24105793 0.08151393
v 0.02520979 0.27028379 0.08529951
v 0.02896397 0.26648700 0.08505460
v 0.02584892 0.26247627 0.08627850
v 0.02210118 0.26672760 0.08632740
v 0.01830551 0.27157220 0.08701522
v 0.02122265 0.27427706 0.08557880
v 0.01665091 0.27934220 0.09038197
v 0.01705030 0.27573046 0.09163492
v 0.01648968 0.27492169 0.09493056
v 0.01681751 0.27701691 0.09368210
v 0.01482817 0.27099609 0.09340470
v 0.01706947 0.27349243 0.09021720
v 0.01101478 0.26995206 0.09383021
v -0.01186500 0.27240092 0.09624663
v -0.01085248 0.27421933 0.09503867
v -0.01151316 0.27471468 0.09691296
v -0.01312965 0.27323362 0.09797861
v 0.01077367 0.27070847 0.09479088
v 0.01494037 0.27034464 0.09194275
v -0.00473437 0.27352896 0.10451367
v -0.00577185 0.27566156 0.10464980
v -0.00471325 0.27477205 0.10231342
v -0.00473938 0.27277687 0.10195560
v 0.01521221 0.26943910 0.09013880
v 0.01135972 0.26916370 0.09271648
v 0.01019281 0.27174574 0.09572165
v 0.01293882 0.27157637 0.09585062
v -0.00746410 0.27612454 0.10401575
v -0.00930497 0.27574205 0.10575666
v -0.01098121 0.27558383 0.10408568
v -0.00884917 0.27593464 0.10251835
v -0.00429479 0.27697626 0.09731326
v -0.00571712 0.27507994 0.09876303
v -0.00357178 0.27720901 0.10090585
v -0.01175446 0.27703875 0.09498890
v -0.01045061 0.27597556 0.09357011
v -0.00932879 0.27975067 0.09294067
v -0.01055777 0.28056958 0.09382860
v 0.01448441 0.27345458 0.09732587
v 0.00418117 0.27242795 0.10421710
v 0.00533400 0.27378494 0.10617997
v 0.00925742 0.30279005 0.08850545
v 0.01204580 0.29921499 0.08560022
v 0.00923557 0.30026624 0.09080538
v 0.01193237 0.29705200 0.08785938
v 0.01370813 0.27565002 0.10100112
v 0.01491428 0.27746302 0.09923764
v 0.01137631 0.27695492 0.10474698
v 0.01224956 0.27953258 0.10411648
v 0.00372624 0.31770590 0.08723609
v 0.00202455 0.26896521 0.10004324
v 0.00227793 0.26816547 0.09952702
v 0.00171943 0.27001858 0.10194255
v 0.02157468 0.37577677 -0.10379918
v 0.02229384 0.38967860 -0.09293132
v 0.02198368 0.40595886 -0.06968196
v 0.01980425 0.41098815 -0.05693390
v 0.00571687 0.25172490 0.10003699
v 0.00534731 0.25439000 0.10002455
v 0.01290002 0.24715722 0.08324838
v 0.00737899 0.24745651 0.08480044
v 0.00700015 0.24568349 0.08941875
v 0.01230696 0.24553555 0.08810818
v 0.01632793 0.24529208 0.08599912
v 0.01724740 0.24675405 0.08121359
v 0.01324810 0.24841413 0.08066934
v 0.00749869 0.24875136 0.08208883
v 0.01183838 0.24460471 0.09250874
v 0.00663859 0.24493733 0.09464584
v 0.00650012 0.24673082 0.09733202
v 0.01188185 0.24615204 0.09468695
v 0.01805458 0.26485807 0.08885548
v 0.01387556 0.26566079 0.09122910
v 0.00974453 0.26596737 0.09464948
v 0.00648977 0.26586962 0.09724199
v 0.00586278 0.26793969 0.09763142
v 0.00837446 0.26854327 0.09542233
v 0.00560926 0.26883715 0.09804558
v 0.00808730 0.26938823 0.09604368
v 0.00801085 0.27027950 0.09662215
v 0.00846000 0.27170724 0.09688225
v 0.00664208 0.27155921 0.09816676
v 0.00707584 0.27275774 0.09774297
v 0.00557010 0.26975688 0.09836734
v 0.00396028 0.29512993 0.10342390
v 0.00371215 0.29865012 0.10051330
v 0.00995368 0.25590643 0.09797649
v 0.00508195 0.25647125 0.09934825
v 0.00428492 0.26047033 0.09863171
v 0.00866733 0.26037815 0.09723637
v 0.01320565 0.25949845 0.09485882
v 0.01498069 0.25405812 0.09539631
v 0.00261862 0.26733562 0.09910832
v 0.01034391 0.25365531 0.09825563
v 0.01072202 0.25110343 0.09801058
v 0.01551359 0.25164866 0.09551064
v 0.01577412 0.24938932 0.09503063
v 0.01969946 0.25138709 0.09218487
v 0.01855540 0.25742677 0.09200749
v 0.02433215 0.25521681 0.08866221
v 0.02365945 0.24851644 0.08901054
v 0.03156414 0.24499942 0.08394460
v 0.02660885 0.24257347 0.08457851
v 0.02675379 0.24392839 0.08504435
v 0.02642996 0.24518619 0.08591368
v 0.03063325 0.24818748 0.08509552
v 0.03501720 0.24572983 0.08251981
v 0.03381493 0.25038242 0.08373527
v 0.02849095 0.25150332 0.08660277
v 0.02562264 0.24663523 0.08706974
v 0.02533949 0.24363039 0.08523330
v 0.02435289 0.24338171 0.08503500
v 0.02510122 0.24439117 0.08603683
v 0.02411277 0.24378428 0.08572658
v 0.02451220 0.24515110 0.08708846
v 0.02363638 0.24418226 0.08659422
v 0.02265528 0.24489965 0.08793771
v 0.02325467 0.24639887 0.08866637
v 0.02218527 0.24339330 0.08350137
v 0.02120999 0.24350713 0.08457167
v 0.02132552 0.24351579 0.08588058
v 0.02225573 0.24334604 0.08471953
v 0.02281329 0.24328916 0.08281504
v 0.02277983 0.24326056 0.08405373
v 0.02275937 0.24391417 0.08040416
v 0.02177355 0.24419561 0.08120687
v -0.04727352 0.20115012 0.01780035
v -0.05495939 0.20356204 0.00381095
v 0.02334323 0.24310084 0.08210096
v 0.02337785 0.24317387 0.08315575
v 0.02341681 0.24319473 0.08456495
v 0.02330202 0.24341725 0.08500952
v 0.02281638 0.24361414 0.08575699
v 0.02192673 0.24392915 0.08688500
v 0.01580197 0.24733920 0.09388540
v 0.01942508 0.24725381 0.09168600
v 0.01915499 0.24552159 0.09036166
v 0.01568346 0.24520139 0.09193566
v 0.01875151 0.24428789 0.08883376
v 0.01781401 0.24785361 0.07880068
v 0.01542968 0.24421552 0.09013984
v 0.02087959 0.24573344 0.07877658
v 0.02184207 0.24676442 0.07629196
v 0.01982631 0.24466154 0.08307142
v 0.02378060 0.24454267 0.07662867
v 0.02276952 0.24475269 0.07717503
v 0.02470458 0.24541922 0.07416330
v 0.02347606 0.24599004 0.07510276
v 0.01863070 0.24369958 0.08703761
v 0.01970970 0.24911372 0.09219435
v 0.01121250 0.24864157 0.09670763
v 0.00604533 0.24930996 0.09892120
v -0.03434308 0.29420441 0.07587083
v -0.03365015 0.29147765 0.07719252
v -0.02946116 0.29267594 0.07785579
v -0.03035410 0.29508340 0.07674361
v 0.00468422 0.28769982 0.11004164
v 0.00436178 0.29169762 0.10656837
v 0.02276122 0.24307053 0.08498557
v 0.01135560 0.16155054 0.03645113
v -0.07469208 0.27830592 -0.00474674
v -0.07418688 0.27913457 -0.00364039
v -0.08276086 0.29960138 -0.02876800
v 0.02578473 0.24133867 0.08461658
v 0.02382662 0.23688501 0.07557032
v 0.02267433 0.24042650 0.07922205
v 0.03121231 0.23194173 0.08166125
v 0.02666907 0.22786951 0.08411181
v 0.02452712 0.23203279 0.08574402
v 0.02824534 0.23526517 0.08336887
v 0.02171992 0.23814851 0.08789527
v 0.02429068 0.23989446 0.08571884
v -0.08740970 0.30279639 -0.02363282
v 0.02304524 0.24121813 0.08629351
v 0.02062329 0.24023090 0.08845071
v 0.01976042 0.24184500 0.08877254
v 0.02208329 0.24227493 0.08635031
v 0.01786959 0.24365212 0.08728111
v 0.01350538 0.24412134 0.09005321
v 0.01296687 0.24041590 0.08532920
v 0.01761304 0.23999411 0.08296230
v 0.02154509 0.24007714 0.08042391
v 0.02107927 0.24334940 0.08422140
v -0.08259378 0.30674404 -0.02329292
v -0.08146545 0.30894381 -0.01857267
v -0.08006305 0.30752853 -0.01756316
v -0.08102278 0.30500692 -0.02155058
v 0.01848410 0.24367654 0.08811469
v 0.02129798 0.24333072 0.08522024
v 0.01400353 0.24420062 0.09121867
v 0.02165223 0.16490942 0.03203551
v 0.02159784 0.24305639 0.08601344
v 0.01894757 0.24321470 0.08846459
v 0.01472049 0.24337199 0.09191478
v 0.01569799 0.24144602 0.09244114
v 0.01655705 0.23918986 0.09258072
v 0.01732194 0.23635702 0.09181754
v 0.01920066 0.22908846 0.08919072
v 0.02051625 0.22397675 0.08811979
v 0.01315540 0.22739466 0.09214650
v 0.01410200 0.22220632 0.09187273
v 0.01219336 0.23512036 0.09529950
v 0.01183215 0.23866585 0.09664209
v 0.01113420 0.24129847 0.09613864
v 0.01044923 0.24348283 0.09513541
v 0.00317541 0.26559564 0.09866601
v 0.00543197 0.27147964 0.09950794
v 0.00432337 0.27167821 0.10178664
v 0.00748589 0.27522278 0.10697578
v 0.00164672 0.27088451 0.10418688
v 0.00992282 0.27681005 0.10645539
v 0.00831054 0.27629575 0.10790515
v 0.00892649 0.27797943 0.10874575
v 0.01006425 0.27859998 0.10747585
v 0.00685287 0.27572834 0.10914380
v 0.00805057 0.27780172 0.10975146
v 0.00281022 0.27473491 0.11090457
v 0.00361491 0.27831423 0.11276439
v 0.00454016 0.28403434 0.11230242
v 0.00399209 0.28058043 0.11315831
v 0.00930660 0.27971634 0.10916492
v 0.01064572 0.28155380 0.10733868
v -0.09044184 0.30294922 -0.02399366
v 0.01084813 0.28456879 0.10496908
v 0.01277888 0.28215405 0.10143910
v 0.01064192 0.41719332 -0.01194636
v 0.00970959 0.24456175 0.09412426
v 0.00877692 0.24447833 0.09225082
v -0.07341482 0.26543292 -0.00473385
v -0.08219525 0.29189512 -0.01865860
v 0.01273348 0.23012647 0.07882391
v 0.01277583 0.23453796 0.08118038
v 0.00803430 0.23443598 0.08265536
v -0.08072773 0.30948988 -0.01600528
v -0.08409555 0.31107861 -0.01672874
v 0.00796007 0.23022303 0.08046299
v 0.00484421 0.24454862 0.09313386
v -0.08818559 0.27981398 -0.02751420
v -0.09088057 0.30136636 -0.02595432
v -0.08916559 0.29995382 -0.02471225
v -0.08209869 0.30190197 -0.01006661
v -0.07608681 0.27403331 -0.02169033
v -0.08260630 0.27412882 -0.01952901
v -0.08107787 0.27162594 -0.01790232
v -0.07545428 0.27224690 -0.02061447
v -0.07125413 0.28750843 -0.01559529
v 0.00457236 0.24065831 0.08790410
v 0.00829588 0.24068329 0.08714355
v 0.00511845 0.24474682 0.09540914
v 0.00562580 0.24354522 0.09677790
v 0.00620450 0.24128832 0.09809289
v 0.00429811 0.23432358 0.08340383
v 0.00433915 0.22994563 0.08116428
v -0.07022987 0.27028999 0.00371394
v 0.02218634 0.23543817 0.07667649
v -0.07866110 0.25908214 -0.01119642
v -0.07965302 0.26002949 -0.01364765
v -0.03034289 0.24793582 -0.07628515
v -0.03411894 0.25778291 -0.08342714
v -0.09004895 0.27946943 -0.03078486
v 0.02277265 0.23170006 0.07468218
v 0.01766026 0.23443419 0.07921682
v 0.01799510 0.23057936 0.07709588
v 0.00769451 0.22185205 0.09474037
v 0.00699569 0.22695966 0.09430737
v 0.00651950 0.23807028 0.09850935
v 0.00663650 0.23415343 0.09704565
v 0.02246756 0.39908347 -0.08184141
v 0.06291933 0.36409682 0.02833280
v 0.06143719 0.35749543 0.03696467
v -0.08283506 0.30482990 -0.01756863
v 0.05489524 0.36543250 0.04351911
v 0.05658327 0.37081203 0.03581111
v 0.06343076 0.37144941 0.01983997
v 0.05693996 0.37694213 0.02768244
v 0.03951952 0.40686023 -0.03147362
v 0.04004982 0.40673959 -0.01705110
v 0.02178246 0.41455603 -0.01323869
v 0.03485548 0.40756202 -0.04592417
v 0.04679219 0.39831161 -0.05487912
v 0.04860347 0.40061307 -0.03504115
v 0.04854196 0.40093750 -0.01959378
v -0.07524794 0.26499659 -0.00606506
v -0.07466450 0.25924924 -0.00507723
v -0.07326259 0.25975469 -0.00306326
v -0.07724936 0.29524803 -0.01528310
v 0.02705961 0.20102808 -0.06590713
v 0.05188961 0.32306677 -0.09645274
v 0.04728938 0.40056765 -0.00569472
v 0.03954303 0.40564039 -0.00302572
v 0.03928493 0.40354496 0.00966434
v 0.04615229 0.39906865 0.00615661
v 0.02178546 0.41305912 0.00164845
v 0.01069828 0.41561532 0.00362345
v 0.01949718 0.28469244 -0.10738859
v 0.00363377 0.30202547 0.09774362
v 0.04734779 0.23702356 -0.04859500
v 0.05791387 0.23593779 -0.03116971
v 0.05809442 0.18628874 -0.00860712
v 0.06922665 0.25879174 -0.01295771
v 0.06892285 0.25929511 -0.01389861
v 0.06027419 0.22175103 -0.01211158
v 0.06166204 0.23509638 -0.01341338
v 0.03763156 0.23729752 -0.06028733
v 0.07843189 0.26963881 -0.02444197
v 0.07905228 0.27334064 -0.02577220
v 0.07961001 0.26874739 -0.02404589
v 0.08040074 0.27263790 -0.02570521
v 0.08046960 0.27684388 -0.02655490
v 0.08013716 0.26698491 -0.02317923
v 0.07688657 0.30556399 -0.01570306
v 0.07821603 0.30719799 -0.01496847
v -0.07722901 0.26801917 -0.02302823
v -0.07729168 0.27028611 -0.02422014
v 0.06874436 0.25734505 -0.00851682
v 0.06860156 0.25795054 -0.01022056
v -0.06163991 0.28046748 -0.01117089
v 0.06807265 0.25767964 -0.00928862
v 0.06786042 0.25721171 -0.00796218
v 0.06847303 0.25650305 -0.00690170
v 0.06776638 0.25667948 -0.00677304
v 0.07924264 0.32166862 -0.00993241
v 0.06662025 0.25688696 -0.01042549
v 0.06823467 0.25887302 -0.01321731
v 0.06824669 0.25834566 -0.01158837
v 0.06744723 0.25771624 -0.01010497
v 0.06722285 0.25672981 -0.00808232
v 0.06721167 0.25588936 -0.00632937
v 0.06797287 0.25531274 -0.00582694
v -0.07911232 0.26226419 -0.02011056
v -0.07534496 0.25719559 -0.01423557
v -0.05903094 0.20693383 -0.00986173
v -0.05616302 0.20976403 -0.02516485
v -0.05614070 0.19869275 -0.02301287
v -0.05757532 0.19467500 -0.00872610
v -0.07222087 0.28422433 0.00204008
v -0.07230288 0.27696380 -0.00035826
v -0.07166751 0.27588266 0.00159609
v 0.08033820 0.26586217 -0.02353727
v 0.07313303 0.25583661 -0.01148079
v -0.02332730 0.18275878 0.03888158
v -0.02004799 0.17083372 0.03465534
v 0.07741351 0.29768518 -0.02154335
v 0.07750826 0.29590124 -0.02290898
v 0.07979181 0.29747313 -0.02458047
v 0.07958371 0.29974329 -0.02320345
v 0.05911830 0.27175495 -0.06558050
v 0.06095817 0.28218001 -0.07146712
v 0.01385939 0.20385182 -0.06996355
v 0.01353309 0.21620151 -0.07089821
v 0.07442202 0.31596181 -0.05763298
v 0.07730576 0.29937521 -0.02008851
v 0.07956146 0.30153564 -0.02175804
v 0.07933299 0.27750939 -0.02649651
v 0.07638540 0.29876065 -0.02005114
v 0.07654749 0.29706424 -0.02144663
v 0.08061252 0.30317828 -0.02341226
v 0.08076509 0.30098313 -0.02500314
v 0.08082374 0.29851145 -0.02644832
v 0.07663421 0.29519603 -0.02280812
v -0.07047607 0.27096665 0.00761912
v -0.07037757 0.27067417 0.01850233
v -0.07196650 0.28643778 0.01789893
v -0.07157242 0.28077343 0.00783961
v 0.07685778 0.30378601 -0.02253638
v 0.07904920 0.34729147 -0.03524423
v 0.07740493 0.34056893 -0.04894454
v 0.07492968 0.36378592 -0.03956146
v 0.07343192 0.35786170 -0.05445682
v 0.06874218 0.35106745 -0.07021998
v 0.07260926 0.33245534 -0.06473896
v 0.07660091 0.30533493 -0.01694544
v 0.07902518 0.30818871 -0.01549689
v 0.06323483 0.37694880 0.01152592
v 0.06827287 0.37134832 0.00454477
v 0.05680294 0.38228181 0.02013599
v 0.05607549 0.38685414 0.01298894
v 0.06187987 0.38226327 0.00413742
v 0.06924858 0.37482575 -0.00754098
v 0.08047227 0.33939591 -0.01983889
v 0.07815409 0.35349941 -0.02145118
v 0.07566294 0.35838875 -0.00812448
v -0.05960215 0.31911290 0.05254760
v -0.06139121 0.31954423 0.04797998
v -0.06203674 0.31000918 0.04842635
v -0.05989766 0.31140846 0.05222774
v 0.07349283 0.36955029 -0.02445008
v 0.06474799 0.38365921 -0.01447489
v 0.06844779 0.37940624 -0.02879480
v 0.05794807 0.39219156 -0.01873947
v 0.06015276 0.38985327 -0.03331880
v 0.05995685 0.38693464 -0.04934211
v 0.06958058 0.37485391 -0.04364128
v 0.05986549 0.38737381 -0.00240966
v 0.05425019 0.39117166 0.00723026
v 0.05499774 0.39373836 -0.00613290
v 0.05196172 0.39490092 0.00252062
v 0.07364887 0.36055657 -0.00107719
v 0.06384987 0.25095356 -0.00556226
v 0.06535798 0.25093549 -0.00045673
v -0.01989928 0.37837678 0.06676872
v -0.00944922 0.37894168 0.06879474
v -0.00977938 0.38669652 0.06259313
v -0.02041855 0.38583520 0.06021481
v 0.06924424 0.26221466 0.00661426
v -0.03606011 0.26564932 -0.08857597
v -0.03716329 0.27626640 -0.09346846
v -0.01783098 0.27221608 -0.10128108
v -0.01719134 0.26280877 -0.09522425
v 0.06845244 0.28817531 0.03963122
v 0.06852939 0.30078924 0.03673053
v 0.07151794 0.29255065 0.02688606
v 0.07010404 0.27768123 0.02903520
v -0.02083522 0.40308145 0.03718454
v -0.01010378 0.40498704 0.03997995
v -0.01020837 0.40960553 0.02956003
v -0.02104077 0.40736121 0.02706098
v -0.05284044 0.29144436 0.06658649
v -0.05502563 0.28516623 0.06694919
v -0.05119148 0.28480586 0.07069705
v -0.04949929 0.29106128 0.06962061
v 0.06704044 0.31456015 0.03438102
v 0.07047769 0.30684817 0.02466666
v 0.07040708 0.32090130 0.02156915
v 0.06677331 0.32909986 0.03273577
v 0.06038311 0.34481591 -0.08573507
v 0.06301907 0.32796416 -0.08324188
v -0.07454927 0.25471970 -0.00214134
v -0.07358114 0.25558746 -0.00078068
v 0.06378023 0.31521139 -0.08065528
v 0.04824606 0.34712347 0.06277423
v -0.01034802 0.41314602 0.01727182
v -0.02130251 0.41078198 0.01522330
v 0.02134636 0.36580625 -0.11002922
v 0.04770161 0.37027961 0.05060279
v 0.05227904 0.36589578 -0.08718289
v 0.00039543 0.21676661 -0.07176170
v 0.03985599 0.37186354 -0.09519148
v 0.06826907 0.36915678 -0.05831753
v 0.06474458 0.36314341 -0.07152430
v 0.05695699 0.35598034 -0.08651594
v 0.06304576 0.29956517 -0.07748229
v 0.04712151 0.39592779 0.01408643
v 0.05601928 0.31295687 0.05807657
v 0.05521272 0.30843994 0.05739176
v 0.05616141 0.31779906 0.05949990
v 0.05359273 0.30379897 0.05914913
v 0.01549438 0.29606202 0.08329634
v 0.01500446 0.29407564 0.08532470
v 0.01471276 0.29155710 0.08736445
v 0.01830588 0.29137409 0.08323372
v 0.01773753 0.28837201 0.08518963
v 0.01143647 0.29201105 0.09264937
v 0.01179671 0.29456854 0.09011184
v 0.01410394 0.28906405 0.08943050
v 0.01363856 0.28587496 0.09137869
v 0.01139939 0.28888983 0.09501138
v 0.01771971 0.27321744 0.08813487
v 0.01879737 0.27794969 0.08639988
v 0.01629603 0.28225896 0.08824881
v 0.02149930 0.28544351 0.08392848
v 0.02037297 0.28202906 0.08538798
v 0.01703816 0.28561199 0.08684121
v 0.02258365 0.28884941 0.08193762
v 0.01456599 0.28236392 0.09385461
v 0.01542955 0.27928221 0.09688336
v 0.01205471 0.28549388 0.09822106
v 0.01032170 0.28775978 0.10150044
v 0.00963333 0.29133320 0.09829222
v 0.01901447 0.29356205 0.08139103
v 0.02374606 0.29137376 0.08032040
v 0.02391374 0.27845010 0.08489401
v 0.02842017 0.27500549 0.08460702
v 0.02609537 0.28288269 0.08323564
v 0.03041300 0.28004509 0.08299892
v 0.02720336 0.28657788 0.08136652
v 0.03173910 0.28398141 0.08098712
v 0.03252225 0.27129927 0.08424391
v 0.03597311 0.26720303 0.08327574
v 0.03915159 0.26210755 0.08168086
v 0.03892242 0.27229136 0.08148476
v 0.04253061 0.26673445 0.07965269
v 0.04088614 0.27737224 0.07936974
v 0.04514735 0.27225652 0.07738525
v -0.01209595 0.30147898 0.08280160
v -0.01257464 0.30333617 0.08005271
v -0.01628116 0.30012959 0.07881487
v -0.01583871 0.29814097 0.08107787
v -0.00729077 0.35169283 0.08229338
v -0.00820194 0.35933179 0.07922436
v -0.01729797 0.35924783 0.07759269
v -0.01567559 0.35164484 0.08100614
v 0.03503954 0.27651584 0.08251011
v 0.03665285 0.28089255 0.08034596
v 0.03287238 0.28777280 0.07894913
v 0.02841291 0.28976694 0.07955174
v 0.04193036 0.28859627 0.07513046
v 0.04182656 0.28303611 0.07721154
v 0.03743911 0.28553841 0.07816068
v 0.03786958 0.29007775 0.07615268
v 0.04674064 0.27909696 0.07508036
v 0.04639909 0.28678936 0.07339059
v 0.04552288 0.29183546 0.07179183
v 0.03166525 0.29855821 0.07532629
v 0.02680490 0.29921365 0.07605109
v 0.03522008 0.29821765 0.07425038
v 0.04154962 0.29266280 0.07355189
v 0.03809451 0.29342803 0.07482231
v 0.04932369 0.29929239 0.06518611
v 0.04710271 0.29852280 0.06752024
v 0.04144966 0.29801923 0.07162584
v 0.03858893 0.29804447 0.07308301
v 0.04445558 0.29820848 0.06974805
v 0.02226618 0.30089891 0.07604037
v 0.01768034 0.30290878 0.07598256
v 0.05687069 0.22324438 -0.02818564
v 0.00933340 0.29469848 0.09590816
v 0.00924866 0.29756063 0.09332481
v 0.01469424 0.31991500 0.07838496
v 0.01277764 0.31691855 0.07743959
v 0.00686507 0.31747118 0.08449975
v 0.01883817 0.32393062 0.08081997
v 0.01445817 0.30535096 0.07600603
v -0.02072831 0.29762498 0.07776008
v -0.01982686 0.29566473 0.07934529
v 0.01262682 0.30785483 0.07611504
v 0.01180320 0.31058505 0.07639039
v 0.01167296 0.31375894 0.07682949
v -0.00992269 0.39358443 0.05585236
v -0.02067387 0.39229271 0.05299440
v -0.02051539 0.41441166 -0.03645007
v -0.02092033 0.41460943 -0.02771593
v -0.00974927 0.41739804 -0.02821355
v -0.01080509 0.41630232 -0.04101128
v 0.02996660 0.33857998 0.08111326
v 0.02656359 0.33204722 0.08323649
v 0.05841568 0.35127124 0.04658919
v 0.06191114 0.34245396 0.04334661
v 0.05052500 0.33253491 0.06640948
v 0.05357458 0.32807922 0.06377890
v 0.05555670 0.32295278 0.06144012
v 0.06341694 0.33070123 0.04135832
v 0.06415432 0.31816888 0.04154687
v 0.06519555 0.30636770 0.04304999
v -0.06907724 0.28290793 -0.05380082
v -0.07241422 0.28292853 -0.03797319
v -0.07478920 0.29479638 -0.03997898
v -0.07225574 0.29952985 -0.05720584
v 0.04915615 0.38215768 0.03593938
v -0.03428358 0.18945365 0.03007822
v -0.03153486 0.17699835 0.02646317
v 0.00071581 0.20549260 -0.07176228
v 0.04884410 0.38736543 0.02881923
v 0.04893834 0.37636828 0.04350695
v 0.03941774 0.40039703 0.01954946
v 0.03976880 0.39657024 0.02835552
v 0.04826716 0.39207283 0.02163062
v 0.04043495 0.39185721 0.03596620
v 0.04102742 0.38646680 0.04308766
v 0.04050276 0.38051137 0.05032009
v 0.03948933 0.37412095 0.05723678
v 0.03756271 0.36593449 0.06476334
v 0.04627948 0.22413328 -0.04545859
v 0.00754324 0.28374097 0.09441154
v 0.00684325 0.28390592 0.09513213
v -0.05304416 0.34170169 0.05899617
v -0.05506524 0.34693542 0.05394772
v -0.05831882 0.33949181 0.05077997
v -0.05611538 0.33526331 0.05608027
v 0.00645268 0.28336388 0.09384545
v 0.00575359 0.28349712 0.09454310
v 0.00550619 0.28210321 0.09412025
v 0.00671153 0.27472177 0.09679611
v 0.00521232 0.27662998 0.09545691
v 0.00485105 0.28009030 0.09431638
v 0.06814526 0.25553358 0.00474824
v -0.00582784 0.33913723 0.08612119
v -0.01313909 0.33912453 0.08566176
v -0.01127863 0.33284488 0.08635835
v -0.00513572 0.33269143 0.08690459
v -0.05967554 0.30407393 0.05313230
v -0.06231711 0.30095780 0.05048242
v -0.06135803 0.29309139 0.05562198
v -0.05840408 0.29724786 0.05716249
v -0.05541220 0.29263568 0.06333752
v -0.05785117 0.28674647 0.06325124
v -0.01880694 0.36861983 0.07342378
v -0.00894590 0.36900663 0.07504234
v -0.06019115 0.32992601 0.04846458
v -0.05823745 0.32740009 0.05384146
v -0.00924856 0.30470648 0.08530138
v -0.00999089 0.30607378 0.08176823
v -0.00736520 0.31068906 0.08397425
v -0.00384521 0.31056288 0.08980503
v -0.00370761 0.31455529 0.08824053
v -0.00684841 0.31433672 0.08456657
v -0.03380003 0.35078570 0.07404211
v -0.03564701 0.35774818 0.07027850
v -0.04326541 0.35607177 0.06463569
v -0.04150988 0.34946129 0.06892198
v -0.02086892 0.39806977 0.04570873
v -0.01004295 0.39955950 0.04854254
v -0.00414651 0.32422319 0.08682054
v -0.00837428 0.32421210 0.08528353
v -0.00741314 0.32052290 0.08443062
v -0.00404559 0.32077488 0.08674965
v -0.02466568 0.29392618 0.07857250
v -0.02552230 0.29607943 0.07742287
v -0.06651831 0.25449672 -0.00528334
v -0.06763236 0.25379711 -0.00480585
v -0.07327362 0.30186433 0.00424513
v -0.07214858 0.29122943 0.00655541
v -0.07236673 0.29969043 0.01630638
v -0.07235780 0.31252572 0.01331110
v -0.07524560 0.32385057 0.00927316
v -0.07758258 0.33288068 0.00307266
v -0.07778999 0.31676531 -0.00324153
v -0.07559558 0.31060237 0.00149379
v -0.05086911 0.20136829 -0.03571199
v -0.04874393 0.21105286 -0.03905303
v -0.00389171 0.30759752 0.09261861
v -0.00384507 0.30482304 0.09525149
v -0.01962670 0.31436443 -0.11629773
v -0.01882733 0.30095100 -0.11215717
v -0.03918990 0.30561191 -0.10421029
v -0.03863256 0.31880006 -0.10645153
v -0.06652985 0.27250284 -0.04938484
v -0.07013163 0.27428624 -0.03475837
v -0.01036598 0.27850002 0.09828104
v -0.00711268 0.28297874 0.09340604
v -0.00732104 0.27945191 0.09292749
v -0.00695090 0.28215083 0.09322281
v -0.01032181 0.27545905 0.10025862
v -0.01262238 0.27486259 0.10157917
v -0.00814560 0.27566701 0.09322020
v -0.00724606 0.27588001 0.09379353
v -0.00653640 0.27975664 0.09322491
v -0.00824003 0.28339961 0.09405220
v -0.00191905 0.27187586 0.10679778
v -0.00246723 0.27343640 0.10965028
v -0.00629741 0.27468732 0.10851135
v -0.00484179 0.27319336 0.10648812
v -0.00499700 0.28236008 0.09474228
v -0.00404448 0.28012288 0.09562544
v -0.00492654 0.27817261 0.10293735
v -0.00672839 0.28184623 0.09887542
v -0.00701588 0.28378293 0.09607083
v -0.00673141 0.27878451 0.10212480
v -0.00592332 0.27272445 0.09938064
v -0.00849032 0.27886209 0.10052317
v -0.07822628 0.26803091 -0.01236917
v -0.05678995 0.22102399 0.00932282
v -0.06136996 0.23542725 0.00164746
v -0.06053466 0.23478583 -0.00438265
v -0.05770858 0.21953794 -0.00006392
v -0.07971866 0.29450494 -0.01664698
v -0.06653745 0.34524044 0.03193006
v -0.06843963 0.35673457 0.02157398
v -0.07452586 0.34485298 0.01098226
v -0.07312584 0.33400878 0.01724054
v -0.06841328 0.36586189 0.01289123
v -0.07457297 0.35511452 0.00294042
v -0.07873403 0.34280309 -0.00578239
v -0.08044924 0.32157528 -0.01879888
v -0.04219532 0.30719933 0.07038484
v -0.04246118 0.30695689 0.07054665
v -0.04092122 0.30668232 0.07185023
v -0.04092583 0.30684030 0.07165578
v -0.04169944 0.30728644 0.06978162
v -0.04037619 0.30676770 0.07084509
v -0.04258030 0.30768654 0.06878211
v -0.04312893 0.30750495 0.06929132
v -0.04339616 0.30725980 0.06945103
v -0.02483130 0.30794647 0.07366852
v -0.02552224 0.30823737 0.07293672
v -0.02816484 0.30732787 0.07325858
v -0.02746759 0.30732286 0.07438254
v -0.02458853 0.30767065 0.07414204
v -0.02741911 0.30701682 0.07481829
v -0.02865194 0.30986330 0.06728750
v -0.02813614 0.31014681 0.06718941
v -0.02949580 0.30949917 0.06749150
v -0.02302256 0.30987498 0.07128447
v -0.02304710 0.31088960 0.07139996
v -0.02783453 0.31089213 0.06732887
v -0.02785130 0.31038260 0.06719548
v -0.02334391 0.30940637 0.07143883
v -0.02177028 0.30918670 0.07157183
v -0.02084344 0.30948842 0.07121990
v -0.02086217 0.31087893 0.07140744
v -0.03262329 0.30599421 0.07495544
v -0.03282327 0.30517706 0.07504610
v -0.02810003 0.30552366 0.07526246
v -0.02770823 0.30641925 0.07512562
v -0.03242015 0.30646336 0.07474917
v -0.03585956 0.30656704 0.07384896
v -0.03594105 0.30604365 0.07403723
v -0.03606751 0.30524710 0.07406092
v -0.02477683 0.30647343 0.07501836
v -0.02468512 0.30733046 0.07461847
v -0.03609261 0.30448943 0.07403124
v -0.03304565 0.30444205 0.07498613
v -0.02829532 0.30478916 0.07526104
v -0.02475798 0.30597502 0.07511169
v -0.02195731 0.30717769 0.07440883
v -0.02310522 0.30745223 0.07443702
v -0.03310589 0.30357927 0.07477999
v -0.03299360 0.30262688 0.07470786
v -0.02818152 0.30293125 0.07526558
v -0.02831077 0.30389410 0.07521249
v -0.03615928 0.30368131 0.07374857
v -0.03608879 0.30273199 0.07361677
v -0.04453160 0.30725744 0.06772996
v -0.04499828 0.30769151 0.06675284
v -0.04500254 0.30713975 0.06691080
v -0.04472903 0.30672702 0.06745181
v -0.04753762 0.30422193 0.06436335
v -0.04839584 0.30544448 0.06322358
v -0.05008744 0.30460817 0.06193309
v -0.04898583 0.30326632 0.06333270
v -0.05718866 0.29438227 0.06015385
v -0.05129649 0.30033791 0.06289633
v -0.05266331 0.30169833 0.06084603
v -0.04406916 0.30705974 0.06856752
v -0.04342270 0.30680743 0.06951799
v -0.04396550 0.30743769 0.06849487
v -0.04439140 0.30771402 0.06751338
v -0.04425826 0.30635217 0.06829668
v -0.04355215 0.30609891 0.06938677
v -0.04252275 0.30657649 0.07062107
v -0.04263053 0.30575690 0.07059713
v -0.04100860 0.30545518 0.07193366
v -0.04090176 0.30626348 0.07193901
v -0.03879627 0.30610874 0.07300882
v -0.03909011 0.30661452 0.07278202
v -0.03891877 0.30528966 0.07298803
v -0.04114297 0.30477953 0.07171964
v -0.03903877 0.30459014 0.07288866
v -0.04268242 0.30506259 0.07027080
v -0.04368543 0.30549109 0.06903369
v -0.04442811 0.30585453 0.06786062
v -0.04503687 0.30625489 0.06697837
v -0.04542390 0.30688021 0.06631931
v -0.04475754 0.30526674 0.06728812
v -0.04543117 0.30446458 0.06647967
v -0.04421108 0.30397245 0.06793824
v -0.04387323 0.30486864 0.06858744
v -0.04554708 0.30578086 0.06628017
v -0.04638191 0.30508736 0.06532524
v -0.04280924 0.30450800 0.06986957
v -0.04288677 0.30370140 0.06946322
v -0.04117288 0.30326363 0.07102409
v -0.04118738 0.30406627 0.07141350
v -0.03909156 0.30385575 0.07258601
v -0.03918583 0.30293790 0.07227060
v -0.03235222 0.30657354 0.07446011
v -0.03206507 0.30663106 0.07328748
v -0.03556934 0.30640996 0.07270620
v -0.03589943 0.30665997 0.07353783
v -0.03911185 0.30671707 0.07258096
v -0.03852885 0.30643940 0.07181549
v -0.03544118 0.30635038 0.07157061
v -0.03371838 0.30852929 0.06738272
v -0.03507457 0.30851248 0.06699683
v -0.03811044 0.30637497 0.07077705
v -0.03229303 0.30665678 0.07205223
v -0.03218890 0.30870196 0.06760231
v -0.02897489 0.30749288 0.07206762
v -0.03067984 0.30908412 0.06763624
v -0.02631193 0.30827859 0.07217875
v -0.03366634 0.31879792 0.07389643
v -0.03372319 0.31898409 0.07408618
v -0.03827947 0.31836423 0.07349592
v -0.03786780 0.31812999 0.07318544
v -0.05027244 0.28015569 -0.08374192
v -0.05116619 0.29506612 -0.08998005
v -0.03851989 0.28970143 -0.09918374
v -0.04090403 0.31574816 0.07238609
v -0.04083516 0.31664333 0.07190823
v -0.04326406 0.31528363 0.07055974
v -0.04314119 0.31444526 0.07077156
v -0.04092802 0.31476700 0.07282294
v -0.04289703 0.31341392 0.07095450
v -0.03816361 0.31604412 0.07450652
v -0.03814303 0.31714952 0.07400262
v -0.03794378 0.31788838 0.07334861
v -0.04218129 0.31189740 0.06674436
v -0.04140991 0.31287935 0.06745032
v -0.04196480 0.31275311 0.06890284
v -0.04302108 0.31193861 0.06763909
v -0.04281783 0.31119841 0.06614990
v -0.04367594 0.31117421 0.06672560
v -0.03762601 0.31101730 0.06461174
v -0.03727937 0.31140813 0.06490897
v -0.03672779 0.31187585 0.06532911
v -0.03780125 0.31068704 0.06442977
v -0.03787175 0.31038770 0.06434973
v -0.03784982 0.31011352 0.06437623
v -0.03774334 0.30984449 0.06452666
v -0.05995455 0.27811790 0.06093019
v -0.05987482 0.28925541 0.05950767
v -0.06232024 0.28113553 0.05668774
v -0.04365569 0.30775282 0.06828178
v -0.04412325 0.30807999 0.06733879
v -0.04306336 0.30800939 0.06786963
v -0.04351273 0.30837363 0.06705350
v -0.04462562 0.30856049 0.06643481
v -0.04501062 0.30830565 0.06643629
v -0.04107203 0.30725342 0.06901043
v -0.03670597 0.30892137 0.06608447
v -0.03713490 0.30918065 0.06561709
v -0.04177748 0.30784473 0.06810037
v -0.03982382 0.30670047 0.06990272
v -0.03603261 0.30865899 0.06654659
v -0.03735740 0.30940866 0.06521261
v -0.03755826 0.30964795 0.06486502
v -0.04209120 0.30818740 0.06734633
v -0.04254331 0.30857164 0.06659438
v -0.04388139 0.30895531 0.06645109
v -0.04309856 0.30953711 0.06568760
v -0.04317503 0.31004074 0.06565303
v -0.04410050 0.30943352 0.06622293
v -0.04415718 0.30994219 0.06612641
v -0.04291003 0.30904886 0.06597505
v -0.04308153 0.31060052 0.06579661
v -0.04400967 0.31049249 0.06631687
v -0.04527254 0.30778536 0.06632247
v -0.04525580 0.30857649 0.06601167
v -0.04579619 0.30953813 0.06543510
v -0.04570092 0.30775806 0.06580127
v -0.04639565 0.30768555 0.06506062
v -0.04602595 0.30652189 0.06550203
v -0.04679158 0.31009784 0.06498598
v -0.04815689 0.31041622 0.06421228
v -0.04768754 0.30749461 0.06393695
v -0.04704027 0.30610836 0.06445488
v -0.04489136 0.30906865 0.06600964
v -0.04508511 0.30969709 0.06577034
v -0.04617089 0.31120777 0.06628680
v -0.04694737 0.31202418 0.06611317
v -0.04550044 0.31067613 0.06640553
v -0.04497159 0.31144351 0.06766140
v -0.04544547 0.31217286 0.06766631
v -0.04601248 0.31292367 0.06755355
v -0.04449182 0.31317806 0.06917214
v -0.04487964 0.31401408 0.06910773
v -0.04415432 0.31229559 0.06918168
v -0.04488341 0.31049237 0.06635943
v -0.04439789 0.31119871 0.06732504
v -0.04362275 0.31196579 0.06862638
v -0.04254069 0.31263256 0.07050365
v -0.04066836 0.31380484 0.07244990
v -0.03995785 0.31374568 0.07054487
v -0.03795874 0.31516409 0.07414634
v -0.03715331 0.31470948 0.07210039
v -0.03431069 0.31957391 0.07522358
v -0.03929053 0.31912982 0.07459643
v -0.03681860 0.31461823 0.07027031
v -0.03437630 0.31267136 0.06664428
v -0.03280882 0.31278840 0.06717987
v -0.03353067 0.31469408 0.07127398
v -0.02363725 0.31159753 0.07184569
v -0.02446121 0.31241968 0.07223327
v -0.02844739 0.31161946 0.06761154
v -0.02806614 0.31122333 0.06746612
v -0.02215504 0.31167245 0.07247680
v -0.02350167 0.31246766 0.07308509
v -0.02780025 0.31414527 0.07237220
v -0.02996851 0.31248519 0.06778449
v -0.02903766 0.31205109 0.06773561
v -0.02607274 0.31327075 0.07219420
v -0.02715438 0.31465122 0.07419351
v -0.02491223 0.31341615 0.07354178
v -0.03368120 0.31523114 0.07325444
v -0.02121221 0.35152879 -0.11659554
v -0.02091059 0.33473465 -0.11878927
v -0.03804654 0.33738452 -0.10706061
v -0.03789574 0.35121340 -0.10516962
v -0.03932203 0.31386292 0.06896451
v -0.03571104 0.31233189 0.06600824
v -0.04762581 0.35278147 -0.09646180
v -0.04678605 0.36175784 -0.09401280
v -0.03848107 0.36334521 -0.10048077
v -0.03586292 0.22401044 -0.05738167
v -0.02628019 0.21373090 -0.06491926
v -0.02004564 0.31145379 0.07354424
v -0.02176554 0.31280947 0.07390150
v -0.01891465 0.31025231 0.07330117
v -0.01827145 0.31004164 0.07350599
v -0.01933086 0.31147641 0.07363239
v -0.02081507 0.31291455 0.07392362
v -0.02385977 0.31403276 0.07439095
v -0.02314062 0.31433243 0.07476573
v -0.02654534 0.31588581 0.07576080
v -0.02667668 0.31518394 0.07542370
v -0.03396567 0.31593654 0.07518884
v -0.03402217 0.31682473 0.07556207
v -0.02606381 0.31658602 0.07510964
v -0.02258092 0.31473151 0.07418069
v -0.02554525 0.31727672 0.07436123
v -0.02240631 0.31561139 0.07376923
v -0.03371156 0.31851557 0.07428184
v -0.03396606 0.31779715 0.07499257
v -0.02178444 0.30810818 0.07385828
v -0.01957500 0.30832890 0.07367156
v -0.02231801 0.30850363 0.07358688
v -0.01990192 0.30868125 0.07329150
v -0.02347105 0.30878413 0.07245716
v -0.01912187 0.30909353 0.07318841
v -0.01841555 0.30885595 0.07348973
v -0.02432171 0.30890986 0.07191124
v -0.01862136 0.31148535 0.07337110
v -0.01739647 0.30983821 0.07355297
v -0.01746407 0.31186980 0.07261527
v -0.01666860 0.30995673 0.07319511
v -0.01970291 0.31413558 0.07286528
v -0.02011250 0.31312293 0.07333418
v -0.01746819 0.30864397 0.07350198
v -0.01804674 0.30813387 0.07360765
v -0.01681257 0.30852669 0.07351140
v -0.01740827 0.30786690 0.07361662
v -0.02452566 0.30522671 0.07520360
v -0.02430012 0.30443484 0.07521342
v -0.02121864 0.30653024 0.07450131
v -0.02064269 0.30599397 0.07445530
v -0.03275649 0.30159491 0.07464056
v -0.03588513 0.30167612 0.07349464
v -0.03236834 0.30041504 0.07466788
v -0.03572728 0.30035990 0.07347086
v -0.02740491 0.30093211 0.07541599
v -0.02792661 0.30192629 0.07531776
v -0.03110401 0.16899607 0.02482558
v -0.04628726 0.30340162 0.06580063
v -0.04738297 0.30220675 0.06520714
v -0.04570221 0.30149215 0.06706154
v -0.04481284 0.30290461 0.06734489
v -0.04317331 0.30251205 0.06900112
v -0.04363265 0.30101877 0.06890313
v -0.04125304 0.30066758 0.07069281
v -0.04115115 0.30212983 0.07075240
v -0.03910699 0.30186829 0.07204223
v -0.03887891 0.30034193 0.07209299
v -0.04933275 0.30695620 0.06247316
v -0.05060859 0.31016177 0.06216216
v -0.05121202 0.30634692 0.06102546
v -0.05288612 0.30982453 0.06009090
v -0.01588932 0.31272224 0.07281284
v -0.01551439 0.31029549 0.07290038
v -0.01412923 0.31348523 0.07394145
v -0.01401780 0.31064487 0.07373572
v -0.01552071 0.31653082 0.07485737
v -0.01738007 0.31557012 0.07338662
v -0.01596403 0.30841464 0.07345854
v -0.01668401 0.30755353 0.07363384
v -0.01469770 0.30835584 0.07376301
v -0.01570839 0.30695006 0.07392179
v -0.02378308 0.30358079 0.07528915
v -0.02325314 0.30265176 0.07531995
v -0.02005375 0.30537242 0.07454146
v -0.01916697 0.30455521 0.07472152
v -0.04931758 0.26909235 -0.07838055
v -0.05186278 0.31060943 -0.09408387
v -0.04684433 0.32340378 0.07207231
v -0.04458734 0.32047516 0.07289301
v -0.04096110 0.32164627 0.07509975
v -0.04290050 0.32536995 0.07508493
v -0.04960256 0.32732567 0.06995243
v -0.05200909 0.32360086 0.06740404
v -0.04954119 0.32081252 0.06934344
v -0.04723576 0.31866491 0.07057451
v -0.05125828 0.31303850 0.06312295
v -0.04932301 0.31308037 0.06479510
v -0.04931259 0.31489909 0.06626628
v -0.05127639 0.31540492 0.06488547
v -0.05361667 0.31302655 0.06114810
v -0.05385778 0.31621802 0.06293300
v -0.05063909 0.31787866 0.06713321
v -0.04850204 0.31662643 0.06828821
v -0.05332249 0.31954178 0.06530335
v -0.02350049 0.32112572 0.07678112
v -0.02426054 0.31936076 0.07546827
v -0.02103108 0.31751528 0.07429826
v -0.01960017 0.31838092 0.07484651
v -0.02222198 0.32289401 0.07821203
v -0.01751477 0.31948763 0.07616694
v -0.03626114 0.32588789 0.07787541
v -0.03536947 0.32248434 0.07674632
v -0.02526953 0.31770709 0.07400684
v -0.02314456 0.31662709 0.07378511
v -0.02508811 0.31790993 0.07400024
v -0.02248865 0.31647843 0.07361910
v -0.05565092 0.37441483 -0.07650607
v -0.05833402 0.38126516 -0.06419086
v -0.04285545 0.39313826 -0.07214428
v -0.04150520 0.38431421 -0.08435243
v -0.04084002 0.31700060 0.07182676
v -0.04143354 0.31736213 0.07216020
v -0.04397437 0.31608248 0.07075440
v -0.04339088 0.31567672 0.07060322
v -0.04522513 0.31454098 0.06913570
v -0.04588589 0.31496733 0.06915370
v -0.04704391 0.31387922 0.06741427
v -0.04646133 0.31358141 0.06766400
v -0.04710221 0.31280935 0.06646477
v -0.04771999 0.31273791 0.06597786
v -0.02282384 0.31738386 0.07406844
v -0.02501795 0.31825542 0.07443253
v -0.04947354 0.34070709 -0.09735892
v -0.04522376 0.36325559 0.05872821
v -0.05203997 0.35924351 0.05227356
v -0.04987671 0.35307723 0.05846473
v -0.04262258 0.31823230 0.07289945
v -0.04522980 0.31694287 0.07104547
v -0.04694575 0.31570271 0.06897375
v -0.04790014 0.31450939 0.06711576
v -0.04835223 0.31350833 0.06593010
v -0.07099243 0.27298987 0.00180041
v -0.07151078 0.27296591 -0.00004317
v -0.07937874 0.28183460 -0.02637207
v -0.07749564 0.28854150 -0.02552090
v -0.07631126 0.29207844 -0.02440929
v -0.07791425 0.30140811 -0.01135381
v -0.08133984 0.30448893 -0.01437252
v -0.08277714 0.26362708 -0.01885132
v -0.07960838 0.26197523 -0.01490245
v -0.08274841 0.26446047 -0.01944271
v -0.08838226 0.30023605 -0.02500191
v -0.08874830 0.29848602 -0.02638435
v -0.08971098 0.29819363 -0.02602968
v -0.04184099 0.24938564 -0.06633795
v -0.04720729 0.26045215 -0.07347195
v -0.08913777 0.29641140 -0.02766923
v -0.07358013 0.27755451 -0.00281490
v -0.08056770 0.28120616 -0.02669434
v -0.08231197 0.28052330 -0.02848623
v -0.08314633 0.27528232 -0.02831645
v -0.08245748 0.27589583 -0.02749091
v -0.08231767 0.27042639 -0.02604031
v -0.08184571 0.27129993 -0.02556843
v -0.08434939 0.26701590 -0.02213489
v -0.08580465 0.27067617 -0.02455624
v -0.08262846 0.30486211 -0.01565627
v -0.08199966 0.30401236 -0.01425074
v -0.08345577 0.30468032 -0.01589381
v -0.07427622 0.27631488 -0.00412527
v -0.07602371 0.29947942 -0.01112029
v -0.07554097 0.29723674 -0.00991762
v -0.07517754 0.29761085 -0.01037726
v -0.07047537 0.28123078 -0.00787801
v -0.07047847 0.28211939 -0.00815545
v -0.07181668 0.27967435 -0.00762530
v -0.07432176 0.27826959 -0.00612753
v -0.06808663 0.27063009 -0.00603960
v -0.06754816 0.26936194 -0.00792794
v -0.06805968 0.26841420 -0.00722394
v -0.08542550 0.31096673 -0.01990159
v -0.07570665 0.29627272 -0.00957815
v -0.07710865 0.29737118 -0.00971619
v -0.07762867 0.29861140 -0.00995473
v -0.08434972 0.30417910 -0.01614182
v -0.07792937 0.29955864 -0.01025446
v -0.07702843 0.29950398 -0.01031762
v -0.07869612 0.30116218 -0.01119362
v -0.07640765 0.29950956 -0.01061782
v -0.07445238 0.27390531 -0.02049333
v -0.07290125 0.27379012 -0.01831040
v -0.07307280 0.29394603 0.00022354
v -0.07355140 0.29167780 -0.00215224
v -0.07862418 0.26153660 -0.01264151
v -0.07605132 0.29898128 -0.02078159
v -0.07634222 0.30182675 -0.02230970
v -0.08725332 0.27517217 -0.02646767
v -0.08070912 0.27009746 -0.01603059
v -0.07850069 0.26955113 -0.01414428
v -0.08279928 0.27114034 -0.01786495
v -0.08444306 0.27364010 -0.01968281
v -0.07165719 0.28990740 -0.01435799
v -0.08313850 0.29392150 -0.01927572
v -0.08379737 0.29167247 -0.02046473
v -0.08145030 0.29410490 -0.01775553
v -0.07730423 0.30541784 -0.02056715
v -0.07713848 0.30552354 -0.01820233
v -0.07689649 0.30040532 -0.01886107
v -0.07674308 0.30374590 -0.01753083
v -0.06991791 0.27406111 -0.00642420
v -0.06968807 0.26800507 -0.00954543
v -0.06938729 0.26990554 -0.01061613
v -0.07078607 0.26800558 -0.01047521
v -0.07082063 0.26886573 -0.01200814
v -0.07118848 0.27021995 -0.01371918
v -0.07164641 0.27204460 -0.01516882
v -0.07180567 0.27453765 -0.01569217
v -0.06932986 0.27819839 -0.00737868
v -0.07742122 0.30577004 -0.00784160
v -0.06887405 0.27638984 -0.00709698
v -0.07079569 0.27983475 -0.00760155
v -0.07092986 0.27806336 -0.00712614
v -0.07060356 0.27614358 -0.00660294
v -0.07553699 0.26719618 -0.00769073
v -0.07627495 0.26869085 -0.01011150
v -0.07418204 0.26787651 -0.00687007
v -0.07708578 0.26904312 -0.01229153
v -0.07297794 0.26807848 -0.00648553
v -0.07657842 0.30027100 -0.01960262
v -0.07668135 0.30352443 -0.01957504
v -0.07126158 0.27648863 0.00360151
v -0.06435395 0.28620043 0.05175096
v -0.06574185 0.29548851 0.04599709
v -0.02609575 0.23709619 0.07296421
v -0.02534374 0.23398250 0.07343124
v -0.05681210 0.27545863 0.06540154
v -0.05225915 0.27311817 0.07085183
v -0.02499587 0.24280933 0.08469573
v -0.02417895 0.24204718 0.08487111
v -0.02329610 0.24262580 0.08506720
v -0.02407918 0.24296620 0.08471174
v -0.02195930 0.24315140 0.08336918
v -0.02277677 0.24307697 0.08264186
v -0.02294256 0.24310665 0.08356136
v -0.02220907 0.24318686 0.08425351
v -0.02846614 0.25867736 0.08588107
v -0.03204521 0.26265827 0.08439825
v -0.03497342 0.25812164 0.08322349
v -0.03145474 0.25476053 0.08488324
v -0.02460373 0.24175106 0.07530188
v -0.02430430 0.24334519 0.07570115
v -0.02321904 0.24328230 0.07961934
v -0.02354230 0.24262995 0.07922114
v -0.02445582 0.23918380 0.07546546
v -0.02344294 0.24135448 0.07885023
v -0.02616307 0.24104223 0.07280682
v -0.02560130 0.24355789 0.07311283
v -0.03406441 0.23640035 0.08092931
v -0.03046369 0.23857209 0.08253036
v -0.03145044 0.24175385 0.08291969
v -0.03501816 0.24106319 0.08129747
v -0.02512410 0.27020177 0.08510904
v -0.02885899 0.26641464 0.08487330
v -0.02574019 0.26241407 0.08607156
v -0.02200316 0.26663905 0.08609819
v -0.01818641 0.27147853 0.08676777
v -0.02114887 0.27418876 0.08537599
v -0.01676206 0.27935115 0.09026550
v -0.01720531 0.27573779 0.09156839
v -0.01669617 0.27493700 0.09493113
v -0.01702726 0.27706036 0.09363735
v -0.01494177 0.27100414 0.09338142
v -0.01719994 0.27349037 0.09015219
v -0.01104999 0.26989651 0.09379186
v -0.01086718 0.27067164 0.09481588
v -0.01496380 0.27032205 0.09185302
v -0.01512458 0.26939550 0.08997145
v -0.01131609 0.26911163 0.09262664
v -0.01028161 0.27170905 0.09573088
v -0.01301445 0.27156672 0.09586131
v -0.01454345 0.27348337 0.09734245
v -0.00424225 0.27239865 0.10424723
v -0.00539848 0.27375433 0.10621962
v -0.00926736 0.30279139 0.08841111
v -0.01204728 0.29919186 0.08547330
v -0.00923198 0.30025578 0.09071671
v -0.01194609 0.29703632 0.08776199
v -0.01371410 0.27566844 0.10101510
v -0.01507375 0.27750698 0.09926414
v -0.01134704 0.27696839 0.10477827
v -0.01234923 0.27957121 0.10414976
v -0.00382558 0.31773657 0.08725546
v -0.00212171 0.26894638 0.10004627
v -0.00234589 0.26815233 0.09952103
v -0.00180342 0.27001411 0.10195112
v -0.02125497 0.37583876 -0.10384504
v -0.02196644 0.38973516 -0.09291461
v -0.02180662 0.40649775 -0.06979527
v -0.01963716 0.41149822 -0.05704689
v -0.00557182 0.25171766 0.10010324
v -0.00523038 0.25437799 0.10010167
v -0.01280464 0.24711783 0.08330645
v -0.00729561 0.24744159 0.08484858
v -0.00690832 0.24568284 0.08947579
v -0.01219640 0.24550244 0.08816172
v -0.01621046 0.24524362 0.08605930
v -0.01715367 0.24669930 0.08129293
v -0.01315718 0.24834312 0.08073045
v -0.00741748 0.24871473 0.08212915
v -0.01171182 0.24457596 0.09258444
v -0.00650546 0.24493550 0.09471137
v -0.00635091 0.24671078 0.09740238
v -0.01173723 0.24615002 0.09474085
v -0.01796975 0.26480156 0.08869166
v -0.01382129 0.26562905 0.09114078
v -0.00969791 0.26592147 0.09460234
v -0.00647913 0.26584345 0.09722698
v -0.00588505 0.26792493 0.09763791
v -0.00835211 0.26850915 0.09535188
v -0.00566090 0.26881683 0.09804474
v -0.00812411 0.26935562 0.09601398
v -0.00808333 0.27024645 0.09661602
v -0.00854245 0.27166939 0.09688132
v -0.00670914 0.27152589 0.09814579
v -0.00713945 0.27269652 0.09772917
v -0.00565386 0.26973638 0.09838833
v -0.00408030 0.29518113 0.10346968
v -0.00385475 0.29870367 0.10055115
v -0.00984142 0.25589350 0.09803347
v -0.00496676 0.25644702 0.09937764
v -0.00423516 0.26046184 0.09864107
v -0.00857871 0.26034406 0.09722674
v -0.01314061 0.25947139 0.09486350
v -0.01486225 0.25401700 0.09545018
v -0.00265253 0.26731291 0.09911507
v -0.01021546 0.25363880 0.09831361
v -0.01055702 0.25108302 0.09807238
v -0.01537351 0.25164837 0.09554622
v -0.01561156 0.24936815 0.09506048
v -0.01958592 0.25138682 0.09222212
v -0.01848384 0.25741786 0.09200573
v -0.02418740 0.25520077 0.08856481
v -0.02346391 0.24853973 0.08889161
v -0.03133649 0.24501282 0.08378303
v -0.02640430 0.24254572 0.08445621
v -0.02653634 0.24390590 0.08491757
v -0.02621539 0.24518622 0.08579498
v -0.03038956 0.24823435 0.08493634
v -0.03478230 0.24577354 0.08232423
v -0.03359388 0.25043270 0.08356178
v -0.02830459 0.25152403 0.08646925
v -0.02540119 0.24664474 0.08692431
v -0.02515827 0.24361795 0.08517428
v -0.02418758 0.24335887 0.08500813
v -0.02490885 0.24439092 0.08597131
v -0.02394219 0.24376735 0.08570181
v -0.02431545 0.24517167 0.08700629
v -0.02347282 0.24417663 0.08657303
v -0.02249660 0.24491386 0.08791792
v -0.02305122 0.24643090 0.08857314
v -0.02206633 0.24335502 0.08354294
v -0.02108922 0.24347065 0.08462142
v -0.02119569 0.24348821 0.08592081
v -0.02212374 0.24331586 0.08474373
v -0.02271143 0.24324629 0.08286457
v -0.02264964 0.24322480 0.08407533
v -0.02268835 0.24385579 0.08040288
v -0.02170914 0.24416496 0.08124939
v -0.02326768 0.24305829 0.08213905
v -0.02327043 0.24313487 0.08319466
v -0.02326822 0.24316153 0.08456927
v -0.02315782 0.24339649 0.08500997
v -0.02267162 0.24359336 0.08576578
v -0.02178445 0.24392821 0.08690964
v -0.01565158 0.24731725 0.09394218
v -0.01923817 0.24724430 0.09169317
v -0.01897762 0.24552274 0.09037101
v -0.01552909 0.24516867 0.09198502
v -0.01859623 0.24425933 0.08886792
v -0.01772529 0.24779294 0.07887281
v -0.01528037 0.24416094 0.09019234
v -0.02080896 0.24568260 0.07879643
v -0.02178696 0.24670713 0.07630213
v -0.01974234 0.24462913 0.08313660
v -0.02374246 0.24448934 0.07663287
v -0.02272590 0.24470350 0.07718074
v -0.02468877 0.24536757 0.07415562
v -0.02345334 0.24594423 0.07512088
v -0.01849796 0.24364607 0.08709454
v -0.01952049 0.24913141 0.09217192
v -0.01106158 0.24861532 0.09676047
v -0.00590540 0.24928637 0.09900050
v -0.00479453 0.28772873 0.11007980
v -0.00446185 0.29173219 0.10661376
v -0.02263930 0.24303681 0.08500069
v -0.00934392 0.16122943 0.03636876
v -0.02557441 0.24133176 0.08449301
v -0.02387127 0.23682292 0.07559238
v -0.02265363 0.24035455 0.07925614
v -0.03105462 0.23192018 0.08151227
v -0.02656695 0.22782020 0.08402347
v -0.02439692 0.23195812 0.08563706
v -0.02804371 0.23523943 0.08318330
v -0.02155923 0.23811014 0.08784633
v -0.02410345 0.23987971 0.08564034
v -0.02286113 0.24118887 0.08625650
v -0.02048049 0.24020924 0.08846848
v -0.01962595 0.24180780 0.08881025
v -0.02193728 0.24223706 0.08635806
v -0.01776161 0.24355239 0.08732296
v -0.01338922 0.24410459 0.09011583
v -0.01290022 0.24034391 0.08540387
v -0.01758427 0.23989516 0.08299985
v -0.02153012 0.24000306 0.08048151
v -0.02099514 0.24327397 0.08430062
v -0.01836654 0.24361916 0.08814454
v -0.02118412 0.24328922 0.08527835
v -0.01387834 0.24415796 0.09127174
v -0.01994673 0.16417590 0.03180135
v -0.02147320 0.24301189 0.08604668
v -0.01880555 0.24315619 0.08847982
v -0.01458993 0.24332884 0.09197907
v -0.01557145 0.24140684 0.09251946
v -0.01643086 0.23914061 0.09264774
v -0.01718860 0.23630668 0.09184699
v -0.01910968 0.22900875 0.08922259
v -0.02045911 0.22387744 0.08807917
v -0.01309393 0.22732273 0.09217757
v -0.01407875 0.22213367 0.09194317
v -0.01209769 0.23504071 0.09537414
v -0.01173854 0.23859721 0.09673806
v -0.01099568 0.24126080 0.09623844
v -0.01030216 0.24344106 0.09518921
v -0.00317827 0.26557893 0.09867512
v -0.00548733 0.27145004 0.09948472
v -0.00439184 0.27164716 0.10178702
v -0.00753136 0.27521268 0.10704242
v -0.00172601 0.27085027 0.10421274
v -0.00994222 0.27684560 0.10652029
v -0.00834947 0.27632225 0.10797567
v -0.00899480 0.27802619 0.10880602
v -0.01012888 0.27865148 0.10750357
v -0.00692602 0.27573577 0.10922515
v -0.00815186 0.27785286 0.10983683
v -0.00286780 0.27473688 0.11094740
v -0.00371533 0.27834126 0.11280464
v -0.00466794 0.28407076 0.11233659
v -0.00410422 0.28060582 0.11318963
v -0.00940187 0.27978402 0.10922383
v -0.01071544 0.28159845 0.10737126
v -0.01086731 0.28457841 0.10496314
v -0.01285491 0.28217086 0.10143492
v -0.01036642 0.41723379 -0.01195299
v -0.00957510 0.24453679 0.09417164
v -0.00865098 0.24447995 0.09230907
v -0.01285405 0.22996905 0.07881209
v -0.01284755 0.23443934 0.08121806
v -0.00809608 0.23436353 0.08269507
v -0.00808513 0.23010221 0.08047339
v -0.00473848 0.24456275 0.09315713
v -0.00453012 0.24067013 0.08793265
v -0.00824693 0.24064738 0.08719512
v -0.00500736 0.24474485 0.09541896
v -0.00550495 0.24351425 0.09676216
v -0.00607536 0.24126887 0.09817301
v -0.00438240 0.23428749 0.08344134
v -0.00448533 0.22991107 0.08116360
v -0.02226423 0.23537192 0.07670548
v -0.02287802 0.23162079 0.07467236
v -0.01774168 0.23433666 0.07923330
v -0.01811268 0.23044693 0.07705411
v -0.00767714 0.22182253 0.09473301
v -0.00693825 0.22692323 0.09428073
v -0.00640919 0.23801765 0.09858971
v -0.00656214 0.23413108 0.09710468
v -0.02215567 0.39928693 -0.08188257
v -0.06275142 0.36415884 0.02834951
v -0.06123692 0.35755527 0.03695468
v -0.05462461 0.36555856 0.04338612
v -0.05630262 0.37090591 0.03576973
v -0.06317057 0.37151140 0.01979019
v -0.05681029 0.37715244 0.02766844
v -0.03916834 0.40703991 -0.03144565
v -0.03969208 0.40678671 -0.01700392
v -0.02143846 0.41445088 -0.01321416
v -0.03455909 0.40792081 -0.04596411
v -0.04628919 0.39834592 -0.05474412
v -0.04824350 0.40083060 -0.03492675
v -0.04809517 0.40096042 -0.01950259
v -0.02541943 0.20040555 -0.06545512
v -0.05118664 0.32332546 -0.09617201
v -0.04686599 0.40054843 -0.00565055
v -0.03913907 0.40565395 -0.00299393
v -0.03891612 0.40347531 0.00975546
v -0.04581135 0.39908138 0.00626731
v -0.02142980 0.41306508 0.00168751
v -0.01035955 0.41567740 0.00361818
v -0.01851283 0.28488493 -0.10708474
v -0.00374843 0.30205536 0.09775519
v -0.04682138 0.23610839 -0.04849723
v -0.05738447 0.23501682 -0.03115490
v -0.05655017 0.18494725 -0.00850861
v -0.06966436 0.25873253 -0.01300300
v -0.06939595 0.25930154 -0.01388262
v -0.05973480 0.22086935 -0.01224745
v -0.06146212 0.23428963 -0.01360209
v -0.03724846 0.23657584 -0.06022863
v -0.07891601 0.26981288 -0.02442965
v -0.07949112 0.27352226 -0.02579612
v -0.08013315 0.26892692 -0.02402711
v -0.08089121 0.27283671 -0.02567429
v -0.08088997 0.27702925 -0.02652432
v -0.08069083 0.26721847 -0.02309948
v -0.07746709 0.30566254 -0.01556535
v -0.07878733 0.30732971 -0.01481403
v -0.06911294 0.25717729 -0.00864382
v -0.06897313 0.25787187 -0.01032905
v -0.06845635 0.25748333 -0.00943158
v -0.06823409 0.25701723 -0.00812342
v -0.06882920 0.25629643 -0.00702848
v -0.06812292 0.25644654 -0.00691257
v -0.07961532 0.32180351 -0.00958959
v -0.06682661 0.25669923 -0.01051265
v -0.06865015 0.25889280 -0.01322273
v -0.06864446 0.25825688 -0.01165936
v -0.06783687 0.25753146 -0.01025950
v -0.06752556 0.25638875 -0.00814339
v -0.06745956 0.25559059 -0.00637237
v -0.06828749 0.25515839 -0.00594589
v -0.08087297 0.26613411 -0.02345267
v -0.07347402 0.25592127 -0.01149233
v -0.07783982 0.29777095 -0.02153421
v -0.07790275 0.29597065 -0.02289539
v -0.08020658 0.29763761 -0.02453757
v -0.08004169 0.29988608 -0.02321170
v -0.05944833 0.27144587 -0.06556062
v -0.06063703 0.28228328 -0.07119735
v -0.01255886 0.20378308 -0.07019298
v -0.01261715 0.21622337 -0.07069358
v -0.07440506 0.31611174 -0.05748378
v -0.07776339 0.29947376 -0.02009021
v -0.08005135 0.30168125 -0.02175231
v -0.07968476 0.27765301 -0.02648514
v -0.07683236 0.29881403 -0.02005853
v -0.07696638 0.29712528 -0.02146685
v -0.08113303 0.30337560 -0.02341871
v -0.08126223 0.30116570 -0.02504736
v -0.08128981 0.29866874 -0.02649490
v -0.07698971 0.29524571 -0.02279018
v -0.07722057 0.30386734 -0.02240772
v -0.07892220 0.34752858 -0.03489752
v -0.07722092 0.34078857 -0.04862587
v -0.07459211 0.36391237 -0.03923929
v -0.07300581 0.35805029 -0.05409733
v -0.06821330 0.35122401 -0.06985087
v -0.07239943 0.33264527 -0.06440881
v -0.07714891 0.30542475 -0.01681634
v -0.07960500 0.30831805 -0.01535282
v -0.06311896 0.37720364 0.01162761
v -0.06814560 0.37160608 0.00464750
v -0.05670802 0.38248655 0.02028270
v -0.05600132 0.38706046 0.01315423
v -0.06190316 0.38259089 0.00427021
v -0.06915793 0.37506658 -0.00742218
v -0.08043341 0.33957607 -0.01954615
v -0.07826417 0.35380816 -0.02111744
v -0.07573894 0.35872126 -0.00794920
v -0.07325285 0.36964545 -0.02421808
v -0.06447858 0.38385147 -0.01437440
v -0.06800342 0.37946844 -0.02860988
v -0.05752651 0.39223447 -0.01863622
v -0.05977157 0.39008668 -0.03315894
v -0.05948361 0.38711235 -0.04915982
v -0.06927637 0.37506473 -0.04342629
v -0.05962178 0.38753542 -0.00228125
v -0.05401376 0.39123872 0.00737921
v -0.05468461 0.39381444 -0.00602708
v -0.05163610 0.39492598 0.00263553
v -0.07353840 0.36083770 -0.00104976
v -0.06365520 0.25059620 -0.00553678
v -0.06528336 0.25047472 -0.00047580
v -0.06926289 0.26226237 0.00650794
v -0.06829989 0.28844631 0.03969379
v -0.06838305 0.30089939 0.03666706
v -0.07135372 0.29271010 0.02673145
v -0.06990954 0.27784300 0.02898900
v -0.06711803 0.31451991 0.03413254
v -0.07059298 0.30683345 0.02452006
v -0.07085967 0.32086444 0.02159529
v -0.06687234 0.32916301 0.03253894
v -0.05961468 0.34486166 -0.08527691
v -0.06226127 0.32813728 -0.08274352
v -0.06318361 0.31562787 -0.08014654
v -0.04836425 0.34716725 0.06309965
v -0.02100743 0.36588117 -0.11015257
v -0.04737880 0.37042946 0.05053915
v -0.05183949 0.36596596 -0.08704005
v -0.03953036 0.37196574 -0.09510598
v -0.06790117 0.36946166 -0.05803217
v -0.06428795 0.36328197 -0.07124807
v -0.05640003 0.35607693 -0.08623408
v -0.06234547 0.29977310 -0.07708340
v -0.04678928 0.39591619 0.01424725
v -0.05615210 0.31296879 0.05815934
v -0.05538641 0.30842125 0.05747075
v -0.05640233 0.31779814 0.05956027
v -0.05369834 0.30376017 0.05916996
v -0.01549475 0.29602900 0.08316679
v -0.01502064 0.29405129 0.08520993
v -0.01471541 0.29152620 0.08724919
v -0.01832236 0.29135957 0.08312947
v -0.01775669 0.28835136 0.08507805
v -0.01144724 0.29200026 0.09258889
v -0.01180750 0.29454830 0.09004439
v -0.01412787 0.28904507 0.08934835
v -0.01371029 0.28587386 0.09128992
v -0.01143929 0.28888556 0.09494168
v -0.01768844 0.27319118 0.08793563
v -0.01875840 0.27789238 0.08618170
v -0.01634882 0.28224868 0.08811434
v -0.02150884 0.28543609 0.08386132
v -0.02036709 0.28200108 0.08524039
v -0.01706229 0.28560781 0.08671873
v -0.02258890 0.28884399 0.08185366
v -0.01469516 0.28238857 0.09377496
v -0.01561890 0.27932450 0.09686973
v -0.01209707 0.28547838 0.09817011
v -0.01034058 0.28775010 0.10146968
v -0.00964933 0.29133412 0.09824826
v -0.01902696 0.29355437 0.08129311
v -0.02375581 0.29137042 0.08023819
v -0.02386687 0.27839670 0.08477451
v -0.02836733 0.27495340 0.08453398
v -0.02607028 0.28287372 0.08318458
v -0.03034473 0.28002104 0.08295296
v -0.02720251 0.28658476 0.08131613
v -0.03171178 0.28397223 0.08094198
v -0.03245478 0.27125072 0.08419413
v -0.03589594 0.26714861 0.08325059
v -0.03904888 0.26207566 0.08165558
v -0.03884846 0.27224696 0.08152481
v -0.04247599 0.26671001 0.07972305
v -0.04083829 0.27734241 0.07940201
v -0.04511682 0.27223858 0.07747100
v -0.03495894 0.27647990 0.08250283
v -0.03659816 0.28085390 0.08031695
v -0.03288452 0.28778875 0.07890783
v -0.02842149 0.28977358 0.07949243
v -0.04195953 0.28860405 0.07520667
v -0.04182899 0.28306165 0.07729530
v -0.03743349 0.28553116 0.07815081
v -0.03790218 0.29008478 0.07617026
v -0.04673321 0.27909085 0.07518964
v -0.04642380 0.28679550 0.07352576
v -0.04553110 0.29182363 0.07187577
v -0.03166057 0.29850450 0.07533164
v -0.02683117 0.29919201 0.07602858
v -0.03521731 0.29816750 0.07422420
v -0.04156239 0.29264927 0.07356525
v -0.03811964 0.29342499 0.07483687
v -0.04932095 0.29924205 0.06512135
v -0.04703995 0.29845831 0.06744587
v -0.04142778 0.29795113 0.07159737
v -0.03856900 0.29798436 0.07303361
v -0.04440976 0.29814598 0.06970970
v -0.02230634 0.30090263 0.07599265
v -0.01772522 0.30290064 0.07592749
v -0.05597528 0.22252522 -0.02801801
v -0.00933079 0.29469335 0.09585990
v -0.00924677 0.29755384 0.09326280
v -0.01469568 0.31988803 0.07825918
v -0.01271820 0.31693465 0.07725335
v -0.00691604 0.31752899 0.08449033
v -0.01883203 0.32394817 0.08073826
v -0.01449558 0.30532226 0.07590911
v -0.01262497 0.30777907 0.07596564
v -0.01171997 0.31051293 0.07617856
v -0.01157223 0.31372762 0.07656492
v -0.02989424 0.33848956 0.08096229
v -0.02652474 0.33202922 0.08328815
v -0.05832480 0.35139042 0.04645693
v -0.06189454 0.34246096 0.04335259
v -0.05068561 0.33263341 0.06666464
v -0.05366472 0.32816166 0.06391081
v -0.05567877 0.32301077 0.06154246
v -0.06335381 0.33070129 0.04129911
v -0.06411390 0.31815943 0.04138039
v -0.06522306 0.30636162 0.04294131
v -0.04883932 0.38226363 0.03604171
v -0.04865761 0.38758159 0.02896041
v -0.04851651 0.37647074 0.04340022
v -0.03899853 0.40032095 0.01967323
v -0.03946850 0.39666080 0.02852090
v -0.04797774 0.39215717 0.02176147
v -0.04006498 0.39190882 0.03613100
v -0.04045267 0.38646546 0.04305304
v -0.04015060 0.38068804 0.05045073
v -0.03918221 0.37427214 0.05740343
v -0.03743301 0.36591929 0.06506441
v -0.04545476 0.22323298 -0.04524476
v -0.00751937 0.28362948 0.09443378
v -0.00682120 0.28379968 0.09516046
v -0.00643782 0.28325400 0.09387214
v -0.00573509 0.28339213 0.09457245
v -0.00550789 0.28200004 0.09415383
v -0.00676000 0.27462783 0.09680793
v -0.00525688 0.27652499 0.09548030
v -0.00487384 0.27998525 0.09434118
v -0.06837621 0.25521001 0.00465254
v -0.05599874 0.18929629 -0.02274232
v -0.05229784 0.19305384 -0.03478010
v 0.05671658 0.19023529 -0.02309968
v 0.05274830 0.19410464 -0.03538987
v 0.02148083 0.15814289 0.02984497
v 0.03268690 0.16235660 0.02411859
v 0.03403736 0.15415139 0.02283463
v 0.02248302 0.15027173 0.02810263
v 0.05890933 0.17268366 -0.02726359
v 0.05737368 0.18088721 -0.02244024
v 0.05400250 0.18523422 -0.03743281
v 0.05675365 0.17699322 -0.04267002
v 0.04760399 0.18784906 -0.05073314
v 0.05064586 0.17915830 -0.05585273
v 0.04035350 0.17927866 -0.06577522
v 0.03822551 0.18947420 -0.06075450
v 0.02665705 0.18901995 -0.06821369
v 0.02885550 0.17809188 -0.07244140
v 0.04379187 0.16733274 0.01587485
v 0.05272071 0.17250916 0.00465427
v 0.05271813 0.16308771 0.00459043
v 0.04389420 0.15907671 0.01530125
v 0.05760237 0.17760262 -0.00842146
v 0.05866076 0.16844365 -0.01052414
v 0.01511606 0.17874648 -0.07640319
v 0.01387399 0.19112404 -0.07185930
v 0.02549616 0.13174422 0.02602302
v 0.01282729 0.12927110 0.02784523
v 0.01216488 0.13858531 0.02895900
v 0.02421351 0.14106283 0.02666384
v 0.05643348 0.13234103 0.00667633
v 0.07102596 0.13970377 -0.00810005
v 0.07689077 0.13068038 -0.00370172
v 0.06154481 0.12236527 0.01076063
v 0.07177292 0.10187929 0.02867133
v 0.09593141 0.10989282 0.01239329
v 0.09280792 0.08976221 0.03286317
v 0.07281154 0.08454648 0.04008156
v 0.09072100 0.07193271 0.04823459
v 0.07248706 0.06756038 0.05253115
v 0.08455719 0.02238818 0.08466299
v 0.06751321 0.02114164 0.08814140
v 0.06918884 0.03661389 0.07687461
v 0.08650430 0.03828834 0.07320078
v 0.09783565 -0.07329315 0.11161748
v 0.08436435 -0.06900948 0.11750469
v 0.09186504 -0.05306247 0.11858124
v 0.10391578 -0.05532052 0.11429805
v 0.15428396 0.04320458 0.04547844
v 0.15632932 0.06118486 0.03668729
v 0.16841190 0.04958542 0.03579753
v 0.16451739 0.03143254 0.04226362
v 0.11246115 0.14280955 -0.03715646
v 0.10665400 0.12944530 -0.01327310
v 0.09473079 0.13321337 -0.01842665
v 0.10029869 0.14615396 -0.03920558
v 0.14855528 -0.04490997 0.06363334
v 0.14368464 -0.05694134 0.07210921
v 0.13984647 -0.04706458 0.08054145
v 0.14371566 -0.03524793 0.07344874
v 0.11903629 -0.15209973 0.06721484
v 0.10435776 -0.15296134 0.08464995
v 0.10373352 -0.13300045 0.08301563
v 0.11772324 -0.13218194 0.06671699
v 0.15257053 -0.11319190 -0.00152584
v 0.15337485 -0.11485675 -0.02818035
v 0.15081315 -0.12989929 -0.02815161
v 0.15043594 -0.12951484 -0.00147034
v 0.11434929 0.02178025 0.07526913
v 0.10024831 0.02262376 0.08026671
v 0.10278016 0.03890347 0.06910446
v 0.11720536 0.03848428 0.06459617
v 0.33911261 0.06061675 -0.00654940
v 0.34089983 0.04316665 -0.00515410
v 0.31678009 0.04671308 -0.00346811
v 0.31491613 0.06405976 -0.00506285
v 0.15286851 -0.22359304 0.01194462
v 0.15234125 -0.21978758 -0.01403533
v 0.15521224 -0.23801635 -0.01164387
v 0.15478486 -0.24232993 0.01475086
v 0.19448903 0.11123111 0.00498363
v 0.19502532 0.12852116 -0.01641707
v 0.20652546 0.12424663 -0.01556698
v 0.20780212 0.10583418 0.00400774
v 0.14671621 0.01266200 0.05923156
v 0.15080555 0.02765069 0.05277032
v 0.15912576 0.01730218 0.04725924
v 0.15437786 0.00457227 0.05221414
v 0.16310808 -0.08623094 -0.03229114
v 0.16255665 -0.08424614 -0.00944647
v 0.16612352 -0.06804372 -0.01500989
v 0.16729413 -0.07006174 -0.03573503
v 0.15816087 -0.09953894 -0.00480088
v 0.15852405 -0.10153662 -0.02972692
v 0.13745481 0.01746556 0.06469063
v 0.12670304 0.02002748 0.07000961
v 0.12973545 0.03726061 0.06031897
v 0.14057854 0.03485752 0.05643656
v 0.09158119 -0.08873871 0.10485853
v 0.07556946 -0.08350033 0.11262850
v 0.14802156 -0.24749334 0.04027969
v 0.13612638 -0.25311014 0.06255200
v 0.13578618 -0.23272270 0.05981749
v 0.14697182 -0.22803199 0.03737269
v 0.08642887 -0.11541792 0.09338369
v 0.08734958 -0.10138907 0.09697899
v 0.10232527 -0.10273883 0.08712241
v 0.10154133 -0.11610924 0.08156322
v 0.12036517 -0.25811887 0.08160114
v 0.10250118 -0.26259831 0.09894352
v 0.10238486 -0.24057417 0.09581742
v 0.12025414 -0.23707965 0.07892671
v 0.08859888 0.05489127 0.06137642
v 0.07110296 0.05196633 0.06505667
v 0.12071186 -0.07390120 0.09611234
v 0.11017285 -0.07448478 0.10433297
v 0.11510654 -0.05641543 0.10756437
v 0.12431607 -0.05670005 0.09940919
v 0.17162417 0.01627852 0.03468518
v 0.18194225 0.03329175 0.02920959
v 0.18141064 0.00966087 0.01628456
v 0.17221595 0.00083339 0.02154441
v 0.15809055 -0.25535750 -0.00952924
v 0.15693039 -0.26040974 0.01696770
v 0.12103609 -0.27912268 0.08339740
v 0.10298230 -0.28437823 0.10063367
v 0.19848402 -0.01119224 -0.03668853
v 0.20881654 -0.00316092 -0.04070728
v 0.21110691 -0.00553000 -0.05364973
v 0.20168824 -0.01298743 -0.05090701
v 0.05181152 -0.05080627 0.12130319
v 0.06707889 -0.04190671 0.12132501
v 0.07293665 -0.05854018 0.12148744
v 0.06054615 -0.07118738 0.11889259
v 0.11734990 -0.08945471 0.08756396
v 0.11559787 -0.10182702 0.07715253
v 0.10538121 -0.09019893 0.09645577
v 0.03586864 -0.06075026 0.11785922
v 0.04627739 -0.08647705 0.11313610
v 0.05260401 0.04844457 0.06842309
v 0.05103212 0.03422870 0.07986479
v 0.05327059 0.06372694 0.05735376
v 0.03427881 0.06001854 0.06184610
v 0.03340714 0.07569054 0.05190929
v 0.05270544 0.07931996 0.04689922
v 0.03172019 0.09100988 0.04363416
v 0.05064049 0.09538203 0.03797458
v 0.04068078 0.12546439 0.01813757
v 0.04402258 0.11644882 0.02208320
v 0.16440123 0.00466754 0.03851814
v 0.15951549 -0.00629673 0.04265177
v 0.13710245 -0.27321994 0.06430244
v 0.11756143 0.06860709 -0.12619439
v 0.11407986 0.05145365 -0.13071808
v 0.13202292 0.05439224 -0.12340770
v 0.13523924 0.07119147 -0.11894137
v 0.12277722 0.14303814 -0.03608111
v 0.12041765 0.13034865 -0.01126837
v 0.17547175 -0.00901740 -0.09537350
v 0.18718512 -0.00381733 -0.09160504
v 0.18639742 0.00426456 -0.09588994
v 0.17368750 -0.00032372 -0.10035568
v 0.21331628 0.00546186 -0.08000264
v 0.21322198 -0.00079969 -0.07356603
v 0.23185721 0.00671476 -0.07695717
v 0.23093520 0.01326316 -0.08394142
v 0.14932382 -0.23438019 -0.03620582
v 0.14533238 -0.21649157 -0.03868243
v 0.12894623 -0.10289717 -0.09417854
v 0.00039116 0.17024103 -0.08377168
v 0.00029990 0.18162677 -0.07757560
v 0.14080736 -0.10993762 -0.07457378
v 0.14836298 -0.09438583 -0.07394983
v 0.13813122 -0.08673816 -0.09182869
v 0.01802556 0.04371693 -0.12722360
v 0.01759452 0.02784090 -0.12936625
v 0.03665911 0.03172687 -0.13372372
v 0.03706829 0.04747354 -0.13124648
v 0.07849418 0.07547362 -0.13133456
v 0.08056187 0.09128780 -0.12585042
v 0.05730311 0.08357624 -0.12739323
v 0.05667197 0.06874604 -0.13153282
v 0.09753440 0.06447222 -0.13200629
v 0.09472217 0.04709970 -0.13612285
v 0.16599612 -0.06877681 -0.05527568
v 0.16041432 -0.08407862 -0.05362232
v 0.17793366 -0.03795528 -0.04414405
v 0.17769827 -0.03746290 -0.06006368
v 0.17423555 -0.04578679 -0.05887716
v 0.17451386 -0.04597998 -0.04197954
v 0.09143356 0.15131867 -0.04230648
v 0.08787943 0.15624937 -0.06254316
v 0.09904071 0.15227276 -0.06116321
v 0.05230666 0.13381661 -0.10283696
v 0.05266641 0.12723736 -0.10753887
v 0.06590410 0.13258545 -0.10278281
v 0.06236374 0.13826989 -0.09844705
v 0.03892242 -0.03789916 -0.13786584
v 0.01825973 -0.03830710 -0.13552058
v 0.01846920 -0.05946017 -0.13231914
v 0.04075404 -0.06066938 -0.13454647
v 0.18898685 -0.01647934 -0.08047471
v 0.17928524 -0.02281298 -0.08252926
v 0.18124576 -0.02774262 -0.07319310
v 0.18960717 -0.02157079 -0.07238813
v 0.17147148 -0.04273407 -0.07291017
v 0.17559680 -0.03446200 -0.07312910
v 0.17242104 -0.02939159 -0.08377223
v 0.16710915 -0.03741596 -0.08491369
v 0.14715976 -0.07167605 -0.08904230
v 0.15526371 -0.07856748 -0.07248935
v 0.16234319 -0.06428317 -0.07226083
v 0.15629636 -0.05813579 -0.08775449
v 0.01714400 -0.12995772 -0.11610834
v 0.03625237 -0.13255410 -0.11900715
v 0.03736535 -0.10884298 -0.12438545
v 0.01738787 -0.10705616 -0.12287264
v 0.22378762 0.01545663 -0.01966229
v 0.22373348 0.02429669 -0.00618583
v 0.23780297 0.02533813 -0.01007357
v 0.24086887 0.01650047 -0.02443071
v 0.24618681 0.04974889 -0.10208215
v 0.23579820 0.04376234 -0.10128678
v 0.23746806 0.03654436 -0.09937240
v 0.24757884 0.04312494 -0.10110115
v 0.26363972 0.00831021 -0.04114687
v 0.25880823 0.01560214 -0.02769875
v 0.27941081 0.01345768 -0.03018036
v 0.28352475 0.00601185 -0.04435430
v 0.13396348 0.14159256 -0.06414451
v 0.13373232 0.14286160 -0.03546666
v 0.12413362 0.14583217 -0.06275165
v 0.26625654 0.00217912 -0.06578523
v 0.26501626 0.00554836 -0.07693755
v 0.24823833 0.00440281 -0.07240704
v 0.24903132 0.00276098 -0.06147916
v 0.31378150 0.08034448 -0.01534210
v 0.33786115 0.07697546 -0.01648363
v 0.30676550 0.00227085 -0.05986875
v 0.30767938 0.00431223 -0.07278962
v 0.28653011 0.00248014 -0.06960132
v 0.28633654 0.00183980 -0.05733451
v 0.12096674 -0.11850426 -0.09393474
v 0.13488886 -0.12492401 -0.07525889
v 0.12191523 -0.23004681 -0.07514226
v 0.13768333 -0.23177728 -0.05781890
v 0.13262662 -0.21316542 -0.06035662
v 0.11685369 -0.21070641 -0.07752224
v 0.15220268 -0.25193319 -0.03463055
v 0.12513554 -0.24870148 -0.07318428
v 0.14076555 -0.24964643 -0.05605406
v 0.06970599 0.16440511 -0.05776028
v 0.05761255 0.16425014 -0.07262471
v 0.06655069 0.15801276 -0.07641661
v 0.07785022 0.15990041 -0.06266081
v 0.17803743 -0.36562970 -0.03848419
v 0.17759340 -0.39389482 -0.04314460
v 0.18451072 -0.39572161 -0.01288546
v 0.18266787 -0.36869577 -0.00804887
v 0.03677676 0.14775282 -0.09399094
v 0.05257023 0.15381917 -0.08557761
v 0.04354699 0.16018508 -0.08183856
v 0.03058802 0.15610734 -0.08881348
v 0.17962956 -0.34373674 -0.00677765
v 0.17571095 -0.33891988 -0.03589972
v 0.08150169 0.15527938 -0.04191904
v 0.07191139 0.15944631 -0.03762383
v 0.07824370 0.14778984 -0.02383392
v 0.06959590 0.15254894 -0.02032537
v 0.06217754 0.14634874 -0.00441509
v 0.18488608 -0.40271258 0.01695968
v 0.18101248 -0.37638116 0.01945181
v 0.05586004 0.17154580 -0.06272531
v 0.04368722 0.17023487 -0.07294305
v 0.02898644 0.16735445 -0.08065801
v 0.01325940 0.16693592 -0.08440468
v 0.15623780 -0.26914114 -0.03410273
v 0.16100435 -0.27274570 -0.00816741
v 0.12336884 -0.50070304 -0.11273520
v 0.09538775 -0.50399387 -0.12081498
v 0.09276217 -0.51794660 -0.11019816
v 0.12542848 -0.51676959 -0.10222272
v 0.02652521 -0.49175748 -0.12283167
v 0.02295262 -0.50532901 -0.10664520
v 0.05775027 -0.51386100 -0.11107256
v 0.06245654 -0.50061440 -0.12431869
v 0.06335877 -0.37042701 -0.14419401
v 0.06402190 -0.34794930 -0.13632464
v 0.03402516 -0.34831899 -0.13737136
v 0.03318395 -0.37092113 -0.14449157
v 0.13000189 -0.26645422 -0.07432781
v 0.14539905 -0.26712415 -0.05647062
v 0.15876463 -0.27795395 0.01847157
v 0.18996459 -0.53570807 -0.01342616
v 0.18427794 -0.57148147 -0.01533909
v 0.18071778 -0.57819223 0.02304227
v 0.18483287 -0.54208827 0.02719367
v 0.14966336 -0.56539673 -0.07498126
v 0.15422885 -0.53583455 -0.07820707
v 0.12216265 -0.53811240 -0.09462225
v 0.11801157 -0.56363434 -0.09005770
v 0.08388844 -0.28909883 0.11625326
v 0.10305158 -0.30535918 0.10010893
v 0.08362126 -0.31096664 0.11537642
v 0.02380546 -0.29995269 0.14112256
v 0.04561864 -0.29669470 0.13668403
v 0.04296363 -0.31920612 0.13532962
v 0.02182549 -0.32214969 0.13948224
v 0.02699388 -0.43544582 0.11469745
v 0.01231721 -0.43546459 0.11691231
v 0.01468281 -0.41268221 0.12096471
v 0.03206582 -0.41126040 0.11822946
v 0.17202458 -0.38504359 0.04563526
v 0.15473394 -0.39354417 0.06717370
v 0.15069535 -0.37128061 0.06616571
v 0.16705437 -0.36213514 0.04538738
v 0.02031646 -0.51581067 -0.08646663
v 0.05190617 -0.52512288 -0.09466924
v 0.16481195 -0.58345634 0.05884170
v 0.16666557 -0.54748857 0.06333469
v 0.13883279 -0.58651924 0.08510395
v 0.10538165 -0.58649904 0.09598764
v 0.10795134 -0.55476171 0.09898973
v 0.14011267 -0.55314374 0.08798255
v 0.02802133 -0.50662905 0.08343149
v 0.01172708 -0.52092463 0.05890667
v 0.01088232 -0.51586419 0.06481501
v 0.02367018 -0.49659193 0.09111886
v 0.02884232 -0.47705498 -0.13386622
v 0.06278148 -0.48410675 -0.13537057
v 0.06201271 -0.46530592 -0.14343320
v 0.02958660 -0.45990539 -0.14194018
v 0.10681719 -0.24847652 -0.08546883
v 0.11147694 -0.26701647 -0.08777845
v 0.08731754 -0.24864827 -0.09332851
v 0.10391151 -0.22870274 -0.08698024
v 0.08402083 -0.22797436 -0.09441663
v 0.08392143 -0.10017316 -0.11951761
v 0.10384625 -0.11043923 -0.10876878
v 0.11247024 -0.09412091 -0.11018806
v 0.09340812 -0.08164573 -0.12231542
v 0.05578935 0.03671059 -0.13730694
v 0.05622154 0.05304725 -0.13497694
v 0.08071025 -0.55604219 -0.09452214
v 0.04087481 -0.54043347 -0.08296950
v 0.04863521 -0.57963157 -0.08316345
v 0.08363149 -0.58647645 -0.09081244
v 0.16667332 -0.59892261 -0.04969172
v 0.17333093 -0.56650651 -0.04969104
v 0.14509086 -0.59557247 -0.07310052
v 0.17783234 -0.60525668 -0.01687531
v 0.17581120 -0.61212564 0.02068661
v 0.13502645 -0.61977291 0.08190408
v 0.10192679 -0.61833584 0.09150124
v 0.02001152 -0.58029968 0.05570330
v 0.04164217 -0.58321899 0.07552789
v 0.03970566 -0.60903668 0.06786529
v 0.01930929 -0.60369211 0.04591814
v 0.06775600 -0.43963328 0.10498910
v 0.10289712 -0.41944960 0.09527472
v 0.10528618 -0.44387794 0.09573786
v 0.07554180 -0.46354845 0.10103042
v 0.02916921 -0.27689129 0.14058569
v 0.04689939 -0.27311057 0.13668019
v 0.06446107 -0.29328534 0.12868635
v 0.06480463 -0.26966757 0.12848076
v 0.08380798 -0.26630688 0.11531144
v 0.04598055 -0.17566794 0.12810849
v 0.06771896 -0.17535672 0.11825462
v 0.06565093 -0.19812283 0.12151145
v 0.04458461 -0.19900770 0.13150442
v 0.04744690 -0.15209132 0.12369907
v 0.06952799 -0.15219887 0.11441993
v 0.04660234 -0.10830940 0.10969603
v 0.06880789 -0.09698045 0.10601915
v 0.06807898 -0.11241780 0.10300100
v 0.03395018 0.04479951 0.07175766
v 0.03288366 0.03056644 0.08177504
v 0.17719074 -0.41037461 0.04514524
v 0.01255147 -0.54842561 -0.05554466
v 0.00175396 -0.55894232 -0.02595435
v 0.00559652 -0.58491635 -0.03545668
v 0.02046526 -0.57966167 -0.06307509
v 0.17645545 -0.35253489 0.02061203
v 0.14947730 -0.26660076 0.04226072
v 0.15049234 -0.28485155 0.04321335
v 0.14269914 -0.12815128 0.02516313
v 0.14405262 -0.10785282 0.02994037
v 0.08115070 -0.03691800 0.11902607
v 0.08233435 -0.04938535 0.12062372
v 0.17947073 -0.53270429 -0.05024176
v 0.12470928 -0.67963398 0.07178313
v 0.09221110 -0.67837393 0.07868309
v 0.09766860 -0.64898199 0.08562952
v 0.13024743 -0.65062028 0.07727282
v 0.01021086 -0.62559247 0.01060196
v 0.02016137 -0.63048047 0.03544977
v 0.02251562 -0.65918243 0.02575328
v 0.01490589 -0.65473783 0.00063860
v 0.01934752 -0.68428081 -0.00703304
v 0.02477231 -0.68904966 0.01846838
v 0.02499338 -0.71853060 0.00921610
v 0.02202464 -0.71305197 -0.01486983
v 0.16090637 -0.61708289 0.05575213
v 0.16354729 -0.67269874 0.01856839
v 0.15014356 -0.67797023 0.04961412
v 0.15568535 -0.64866447 0.05286742
v 0.16964251 -0.64300728 0.01967042
v 0.11688395 -0.59252745 -0.08694448
v 0.00697306 -0.59882551 0.02129144
v 0.00604485 -0.57678598 0.03211946
v 0.02182850 -0.64867765 -0.04847413
v 0.03744070 -0.64707273 -0.07049195
v 0.02900167 -0.61461949 -0.06739421
v 0.01305802 -0.61687452 -0.04258513
v 0.14145680 -0.65360558 -0.06921490
v 0.15844691 -0.65813428 -0.04573783
v 0.16211940 -0.62959713 -0.04727423
v 0.14312975 -0.62508142 -0.07086366
v 0.16547406 -0.66556233 -0.01501058
v 0.17134161 -0.63655424 -0.01538574
v 0.15228894 -0.72998428 0.01630048
v 0.13737649 -0.73492885 0.04319924
v 0.14391336 -0.70682061 0.04653706
v 0.15778343 -0.70159268 0.01733781
v 0.15600997 -0.72215635 -0.01546304
v 0.16048944 -0.69391465 -0.01528244
v 0.15499821 -0.68686897 -0.04485868
v 0.15193947 -0.71506041 -0.04328035
v 0.13742533 -0.70872080 -0.06434759
v 0.13975355 -0.68112862 -0.06721363
v 0.11804003 -0.67789418 -0.08227000
v 0.11802115 -0.70479083 -0.07917858
v 0.09320606 -0.67588061 -0.08793056
v 0.06736359 -0.67518389 -0.08409764
v 0.07252753 -0.70225561 -0.08239347
v 0.09600423 -0.70283830 -0.08487208
v 0.03468068 -0.70587528 -0.05779962
v 0.05101639 -0.70352143 -0.07378793
v 0.04459291 -0.67623889 -0.07251652
v 0.02896056 -0.67824996 -0.05315575
v 0.05509656 -0.81332195 -0.07447602
v 0.07316004 -0.81049871 -0.07766940
v 0.06709439 -0.78283155 -0.07734295
v 0.04820862 -0.78546888 -0.07207858
v 0.09043053 -0.80843949 -0.08217971
v 0.10834459 -0.80804211 -0.08216580
v 0.10386994 -0.78158373 -0.07959796
v 0.08579022 -0.78177613 -0.07914765
v 0.13460289 -0.78799856 -0.05757989
v 0.12084077 -0.78328252 -0.07299593
v 0.12504996 -0.80980313 -0.07482808
v 0.13779582 -0.81475520 -0.05889977
v 0.14928332 -0.82071489 -0.03944816
v 0.14883226 -0.79456979 -0.03932748
v 0.14708672 -0.82763827 -0.01685416
v 0.15025370 -0.80218160 -0.01635064
v 0.13632797 -0.80899858 0.00938563
v 0.13444880 -0.83368623 0.00801246
v 0.03080353 -0.82757241 -0.02836384
v 0.03093948 -0.82170546 -0.04857161
v 0.02536735 -0.79426008 -0.04142568
v 0.02760848 -0.80041969 -0.02131174
v 0.05363447 -0.80991304 0.01901027
v 0.07072219 -0.81272745 0.04187626
v 0.06995188 -0.83812249 0.03081395
v 0.05515752 -0.83595842 0.00748353
v 0.15219682 -0.74987048 -0.01575344
v 0.14685920 -0.75773025 0.01493750
v 0.13493550 -0.73553634 -0.06116193
v 0.14925370 -0.74208039 -0.04137034
v 0.03944474 -0.73229063 -0.06256533
v 0.05665402 -0.72977245 -0.07502478
v 0.02532035 -0.74658448 -0.00082654
v 0.02291847 -0.74062759 -0.02343836
v 0.10532194 -0.76234412 0.05560729
v 0.13083804 -0.76073223 0.04034627
v 0.12497328 -0.78730041 0.03759781
v 0.10026121 -0.78919822 0.05254724
v 0.15098257 -0.77574146 -0.01616541
v 0.14813364 -0.76829839 -0.04010338
v 0.13378242 -0.76172799 -0.05863909
v 0.11878981 -0.75728017 -0.07350533
v 0.10074252 -0.75547826 -0.07941309
v 0.08169986 -0.75517082 -0.07877786
v 0.06190235 -0.75599092 -0.07624812
v 0.04363895 -0.75847131 -0.06752449
v 0.02392650 -0.76739258 -0.03264814
v 0.02660392 -0.77372104 -0.01167272
v 0.09665015 -0.81451422 0.04843212
v 0.12186959 -0.81314248 0.03432142
v 0.12161332 -0.83685589 0.02914352
v 0.09454241 -0.83789486 0.03887618
v 0.09423250 -0.85984683 0.02778701
v 0.07267615 -0.85951000 0.01906952
v 0.09553952 -0.83620465 -0.08604522
v 0.11309001 -0.83586580 -0.08460226
v 0.12907021 -0.83746052 -0.07673001
v 0.15084746 -0.84654731 -0.04166006
v 0.14537062 -0.85416895 -0.01560491
v 0.13210355 -0.85952735 0.00711872
v 0.11741646 -0.85879332 0.02312808
v 0.04578119 -0.87666154 -0.05630588
v 0.03936545 -0.84839547 -0.05193498
v 0.03791425 -0.85298985 -0.03373004
v 0.04488742 -0.88080752 -0.03801048
v 0.06525591 -0.87033045 -0.08286348
v 0.08139277 -0.86694896 -0.09234548
v 0.07866969 -0.83854336 -0.08017781
v 0.06304190 -0.84180754 -0.07363430
v 0.10018554 -0.86487788 -0.09590654
v 0.11916190 -0.86447483 -0.09222350
v 0.13642196 -0.86519343 -0.08314051
v 0.14317074 -0.84077644 -0.06235418
v 0.14975564 -0.86836380 -0.06660000
v 0.15280049 -0.87461400 -0.04259242
v 0.14595473 -0.88195670 -0.01150912
v 0.12777603 -0.91792017 0.00571798
v 0.12417236 -0.88788486 0.00817572
v 0.14925967 -0.91162682 -0.01204297
v 0.10256100 -1.01668692 -0.00794492
v 0.12734236 -1.01424432 -0.00752153
v 0.12398091 -1.04904258 -0.01422574
v 0.10194154 -1.05168974 -0.01419641
v 0.04774314 -0.90988201 -0.04243425
v 0.04709217 -0.90727943 -0.06329458
v 0.06508553 -0.90131855 -0.09323062
v 0.08335817 -0.89776325 -0.10272571
v 0.16242965 -0.93537760 -0.04725619
v 0.15819471 -0.90418303 -0.04285714
v 0.15551355 -0.89813435 -0.06974860
v 0.15916416 -0.93009400 -0.07455337
v 0.04691328 -1.00851727 -0.05490210
v 0.04636133 -1.00660467 -0.07578311
v 0.04397706 -0.97271365 -0.07362954
v 0.04469037 -0.97478735 -0.05098801
v 0.06376581 -0.93426114 -0.10050889
v 0.06371053 -0.96801323 -0.10531857
v 0.08245757 -0.96482480 -0.11510248
v 0.08265920 -0.93078184 -0.11059327
v 0.15884916 -1.00485146 -0.05373882
v 0.16260469 -0.96899128 -0.05102506
v 0.16009583 -0.96466225 -0.07783119
v 0.15703502 -1.00150347 -0.07923712
v 0.15277055 -0.94207513 -0.01698492
v 0.15243678 -0.97441417 -0.02202011
v 0.13015163 -0.98043901 -0.00247449
v 0.12896627 -0.94805604 0.00271175
v 0.10294905 -0.98246962 -0.00209416
v 0.10113537 -0.95022106 0.00235879
v -0.00032282 -0.51117277 0.07291655
v -0.00040198 -0.52137196 0.04952937
v -0.00053724 -0.52080989 0.03103962
v 0.06041245 -1.08034563 -0.07528490
v 0.05359563 -1.04271650 -0.07567755
v 0.05338981 -1.04556584 -0.05650715
v 0.06043226 -1.08385944 -0.05830405
v 0.08502886 -1.00076282 -0.11479943
v 0.06638006 -1.00276601 -0.10615020
v 0.07172651 -1.03955770 -0.10227112
v 0.08813524 -1.03817856 -0.11032210
v 0.14694840 -1.08222723 -0.05751255
v 0.15333138 -1.04275692 -0.05582131
v 0.15129364 -1.04051495 -0.07926680
v 0.14413197 -1.07991982 -0.07928662
v 0.12120715 -1.08696830 -0.02129896
v 0.14498366 -1.04554224 -0.02962220
v 0.13983482 -1.08469188 -0.03527208
v 0.11678146 -1.12447381 -0.02519376
v 0.09917516 -1.12637007 -0.02464912
v 0.10075703 -1.08903372 -0.02055212
v 0.06651585 -1.11991215 -0.05909491
v 0.06497719 -1.11717212 -0.07460061
v 0.08894154 -1.11223722 -0.10325345
v 0.08970046 -1.07570004 -0.10589970
v 0.07501551 -1.07735896 -0.09835081
v 0.07583959 -1.11419380 -0.09568147
v 0.12357369 -1.07783079 -0.10365175
v 0.10670204 -1.07604992 -0.10789011
v 0.10503827 -1.11232460 -0.10485961
v 0.12040133 -1.11432350 -0.10017992
v 0.13663054 -1.11584759 -0.07812458
v 0.13624249 -1.07879996 -0.09410243
v 0.12999342 -1.11515319 -0.09113535
v 0.14026533 -1.11782193 -0.05789547
v 0.13414836 -1.12145197 -0.03742326
v 0.00262543 -0.52421618 -0.03049452
v -0.00067063 -0.53555626 -0.00082216
v 0.00101079 -0.54334939 -0.01341923
v 0.00844063 -0.52967870 -0.04295187
v 0.03937481 -0.63675940 0.06010632
v 0.03861973 -0.66627955 0.05119228
v 0.03677527 -0.72454125 0.03295227
v 0.03835768 -0.69616741 0.04286268
v 0.03690513 -0.75257581 0.02178897
v 0.03756876 -0.78035688 0.01016895
v 0.03813631 -0.80684227 -0.00171841
v 0.04025871 -0.83273464 -0.01097387
v 0.04593270 -0.85809368 -0.01614298
v 0.05229170 -0.88549721 -0.01825527
v 0.05649615 -0.94368929 -0.02616282
v 0.04612998 -0.94174188 -0.04677938
v 0.05653758 -0.91346723 -0.02234210
v 0.05772784 -1.01149940 -0.03286508
v 0.05587846 -0.97665131 -0.02933910
v 0.06258831 -1.04922891 -0.03702914
v 0.06836031 -1.08754194 -0.04160958
v 0.07405937 -1.12322342 -0.04392487
v 0.07627162 -0.53133035 0.09780945
v 0.04734321 -0.53789043 0.08752114
v 0.05038714 -0.51964939 0.09175699
v 0.07830437 -0.50765491 0.09900299
v 0.00518234 -0.52397585 0.03979849
v 0.00142812 -0.52277076 0.02356272
v 0.00210162 -0.52060586 0.02817953
v 0.00548543 -0.52095950 0.04469857
v 0.14126061 -0.78353858 0.01244985
v 0.11815278 -0.73093808 -0.07549634
v 0.09838095 -0.72920799 -0.08133710
v 0.07730332 -0.72865444 -0.08024438
v -0.00066022 -0.51635337 0.01397230
v 0.05386109 -0.75793087 0.04332411
v 0.07707185 -0.76102012 0.05647144
v 0.07326423 -0.78745121 0.04986497
v 0.05104892 -0.78530186 0.03336625
v 0.09791814 -0.92302704 0.00536818
v 0.07666591 -0.94772267 -0.00988611
v 0.07455423 -0.91873986 -0.00512900
v 0.09670438 -0.89825505 0.01045043
v 0.12554452 -0.89405298 -0.10075114
v 0.14323696 -0.89473021 -0.08954394
v 0.12853110 -0.92608267 -0.10888993
v 0.10464875 -0.89494234 -0.10490501
v 0.10573195 -0.92755479 -0.11345559
v 0.05931038 -0.70366955 0.06207671
v 0.08668389 -0.70713884 0.07090283
v 0.08181061 -0.73444211 0.06295796
v 0.05595218 -0.73099631 0.05254285
v 0.12691411 -0.19530752 -0.06335060
v 0.11167283 -0.19199981 -0.08000265
v 0.13830236 -0.07920536 0.06882831
v 0.14016758 -0.09197624 0.05246589
v 0.12787852 -0.09870443 0.06545212
v 0.12827229 -0.08643371 0.07821263
v 0.14601879 -0.06930210 0.06024441
v 0.14861031 -0.08186568 0.04323015
v 0.15161410 -0.05719466 0.05158859
v 0.00081498 0.11861252 -0.10779122
v 0.00106300 0.13052209 -0.10397824
v 0.15473226 -0.06943845 0.03507141
v 0.17341895 -0.01001326 0.00531152
v 0.18057732 -0.00390611 -0.00024394
v 0.04778313 -0.12932096 0.11763439
v 0.02380435 -0.13040082 0.12217980
v 0.02328604 -0.10982081 0.11437531
v 0.06343517 -0.31563067 0.12744926
v 0.04412933 -0.43706611 0.11060915
v 0.05177261 -0.40936598 0.11316755
v 0.07513702 -0.40499967 0.10607238
v 0.00761887 -0.49974063 0.08803052
v 0.05816764 -0.11302818 -0.12194917
v 0.05646394 -0.13662618 -0.11749255
v 0.03744601 0.06282555 -0.12818864
v 0.01832331 0.05895893 -0.12478000
v 0.03716195 0.09050985 -0.12122392
v 0.03655649 0.10271707 -0.11761450
v 0.01828539 0.09852360 -0.11565697
v -0.00066086 -0.17812987 0.13393104
v -0.00036825 -0.20044255 0.13740882
v 0.01861061 0.08637038 -0.11875809
v 0.01995189 0.14603703 -0.09714597
v -0.00164292 -0.11251974 0.11498774
v -0.00130666 -0.13320164 0.12237764
v 0.01646280 0.15679826 -0.09116802
v 0.00052894 -0.52632982 0.01891046
v -0.00096555 -0.52019662 -0.00409438
v -0.00070292 -0.51897883 0.00556547
v 0.02184293 -0.55992675 0.06443473
v 0.00694256 -0.55924934 0.04221417
v 0.00868303 -0.54570937 0.05010004
v 0.02444412 -0.54346669 0.07118900
v 0.18648906 -0.50574797 0.03219714
v 0.19313858 -0.49896672 -0.00793022
v 0.08724552 -0.53390002 -0.10024852
v 0.35304686 0.00619346 -0.07515921
v 0.35366517 0.01536130 -0.08565956
v 0.33040592 0.01338344 -0.08537936
v 0.32982981 0.00518498 -0.07437377
v 0.06231847 -0.03692442 -0.13830197
v 0.07005591 -0.06374507 -0.13197115
v 0.08626544 0.14109509 -0.02270357
v 0.15526459 0.14012817 -0.03126583
v 0.15252934 0.13132031 -0.00557662
v 0.14298005 0.13212086 -0.00884215
v 0.14452267 0.14177124 -0.03398785
v -0.00074396 -0.51109618 -0.00199445
v 0.15121597 0.08932263 -0.10598540
v 0.15241513 0.10609992 -0.09543111
v 0.14070080 0.10638710 -0.10126145
v 0.13852005 0.08828557 -0.11212841
v 0.03155883 -0.39466909 -0.14912447
v 0.06200942 -0.39439812 -0.14978412
v 0.03901096 -0.20220621 -0.10216047
v 0.05970084 -0.20469655 -0.10187298
v 0.05688687 -0.18302466 -0.10708429
v -0.00059425 -0.50883520 -0.05414998
v -0.00051079 -0.50405377 -0.06521433
v 0.03686641 -0.17978767 -0.10770022
v 0.09361781 -0.05047493 -0.13064800
v 0.10836262 -0.06628916 -0.12024399
v 0.03102611 -0.01589827 0.10903163
v 0.04822562 -0.01197514 0.10967384
v 0.04896494 -0.02985990 0.11737031
v 0.03210787 -0.03589388 0.11578968
v 0.29649881 0.04182652 -0.09926227
v 0.27693734 0.03064903 -0.09750762
v 0.28246507 0.01776174 -0.09076897
v 0.30410317 0.02266704 -0.09340944
v 0.18223031 -0.49265510 -0.05197179
v 0.15613504 -0.50874949 -0.08490476
v 0.14082476 -0.16320345 -0.05095802
v 0.12842718 -0.15976368 -0.07387525
v 0.12547259 -0.17799829 -0.06839418
v 0.13877638 -0.18137866 -0.04664851
v 0.14898439 -0.11367626 -0.05253658
v 0.14508204 -0.12870446 -0.05274829
v 0.15493943 -0.09951515 -0.05299816
v 0.20265855 -0.01167286 -0.06293561
v 0.21237135 -0.00499394 -0.06492457
v 0.20309716 -0.00733551 -0.07187421
v 0.04479142 -0.55838901 0.08265677
v 0.05028674 -0.48615453 0.09823631
v 0.04411032 -0.47173709 0.10311370
v 0.00045611 -0.51684439 0.01172826
v 0.06270267 0.15944977 -0.01571732
v 0.05657820 0.15459283 -0.00032381
v 0.24807088 0.00512042 -0.04964607
v 0.26620811 0.00349329 -0.05381065
v 0.18723956 -0.02166078 -0.03280794
v 0.18982670 -0.02489790 -0.04845982
v 0.18258369 -0.03148642 -0.04632908
v 0.18047905 -0.02800570 -0.02923869
v 0.19034302 -0.02450779 -0.06170056
v 0.18262516 -0.03104219 -0.06115271
v 0.13232864 0.05499948 0.04981028
v 0.13452396 0.07245095 0.03833062
v 0.14535771 0.06842077 0.03705688
v 0.14354904 0.05112390 0.04731387
v 0.11967199 0.05609457 0.05325963
v 0.10507080 0.05604475 0.05720361
v 0.10735942 0.07388671 0.04397606
v 0.12211849 0.07402685 0.04071219
v 0.06744061 0.11461943 0.01923138
v 0.08430634 0.12254302 0.00259349
v 0.04766907 0.10784791 0.02988389
v 0.02965473 0.10361627 0.03672020
v 0.02059179 0.13419586 -0.10302914
v 0.01897282 0.12150490 -0.10818747
v 0.03735802 0.12535267 -0.10814012
v 0.04044065 0.13685271 -0.10129078
v 0.05000645 0.14288227 0.00901420
v 0.03826387 0.13573413 0.01848508
v 0.02624695 0.12179205 0.02657205
v 0.31356546 0.09078348 -0.02989168
v 0.33698753 0.08670448 -0.02995350
v 0.06325158 0.16992654 -0.04864699
v 0.06476481 0.16481610 -0.03225696
v 0.31360984 0.09621012 -0.04706582
v 0.33740556 0.09151202 -0.04678591
v 0.13259146 0.13118273 -0.01043478
v 0.14058241 0.11297154 0.01025425
v 0.12967868 0.11202130 0.00996225
v 0.04626709 0.15152732 0.01243866
v 0.03615982 0.14497873 0.02064484
v 0.19198400 -0.46280807 0.00206828
v 0.18495792 -0.47008240 0.03733546
v 0.14533781 -0.20856382 0.03371608
v 0.15014449 -0.20494710 0.00847384
v 0.02297339 -0.17679919 0.13307190
v 0.02218297 -0.20034853 0.13671635
v 0.01125032 0.14781679 0.03142154
v 0.04493294 -0.24819452 0.13564138
v 0.02256215 -0.25275472 0.13977893
v 0.02219689 -0.22542343 0.13861452
v 0.04405842 -0.22315022 0.13383047
v 0.01334946 -0.29127228 0.14204593
v 0.01470350 -0.27878967 0.14101221
v 0.01058153 -0.45452017 0.11325726
v 0.02192660 -0.45515397 0.11175448
v 0.23882203 0.07765383 0.00488959
v 0.23544569 0.09728321 -0.00235611
v 0.25195158 0.09367275 -0.00666107
v 0.25451833 0.07520694 0.00144990
v 0.06437652 -0.24509658 0.12658307
v 0.08385020 -0.24290295 0.11234521
v 0.16809411 -0.01840607 0.00916253
v 0.16626978 -0.00847497 0.02551508
v 0.02211546 -0.08982492 0.11321170
v 0.06550397 -0.02499190 0.11668385
v 0.06533652 -0.00911783 0.10874914
v 0.08151738 -0.00735818 0.10570533
v 0.08099299 -0.02194762 0.11388391
v 0.00015631 -0.51553530 0.00213862
v 0.22865005 0.07411785 -0.10145716
v 0.23990503 0.07893279 -0.09950035
v 0.23657973 0.08862522 -0.09564124
v 0.22544774 0.08519579 -0.09787977
v 0.00026113 -0.55423683 0.01587798
v 0.00082572 -0.56979603 0.00450882
v 0.01625307 -0.52082974 -0.06549488
v 0.00405713 -0.51528996 -0.05038475
v 0.06720030 -0.61521840 0.08507373
v 0.07096118 -0.58540994 0.09115822
v 0.06422137 -0.64549291 0.07774661
v 0.06150485 -0.67551464 0.07007749
v 0.06023531 -0.86067021 0.00050017
v 0.07088349 -0.88896108 0.00127842
v 0.07820553 -0.98023760 -0.01454817
v -0.00029930 -0.50388455 -0.08187450
v 0.07949462 -1.01474178 -0.01936401
v 0.08129857 -1.05132830 -0.02449891
v 0.08307434 -1.08959091 -0.02949601
v 0.08532169 -1.12574005 -0.03193690
v 0.33916950 0.08929501 -0.06371225
v 0.31464389 0.09451350 -0.06568401
v 0.31792924 0.08422600 -0.08091450
v 0.34265953 0.08105481 -0.07794856
v 0.30448014 0.00506078 -0.04634167
v 0.30130330 0.01209547 -0.03217063
v 0.32311845 0.00919891 -0.03324727
v 0.32543427 0.00351186 -0.04758870
v 0.34794730 0.00110602 -0.04877748
v 0.35063511 0.00105689 -0.06252216
v 0.32768103 0.00197379 -0.06150235
v 0.35244185 0.02814149 -0.09300069
v 0.35025150 0.04245969 -0.09594463
v 0.32527840 0.04236345 -0.09757208
v 0.32861355 0.02534865 -0.09350566
v 0.34534255 0.06928716 -0.08853143
v 0.32146960 0.07067468 -0.09120438
v 0.32359976 0.05659385 -0.09653170
v 0.34792462 0.05571312 -0.09441106
v 0.34231368 0.02746775 -0.01094380
v 0.34396791 0.01460373 -0.02107555
v 0.32064947 0.01867510 -0.02014343
v 0.31865433 0.03124856 -0.00938037
v 0.23334900 0.11479383 -0.01790737
v 0.25032270 0.10886781 -0.02147397
v 0.19355485 0.01883253 0.00623374
v 0.19484949 0.03343431 0.01845270
v 0.20952332 0.03623033 0.01099706
v 0.20380627 0.02037993 -0.00129996
v 0.29048508 0.08422694 -0.01328281
v 0.26983246 0.08910915 -0.01019209
v 0.26893982 0.10206657 -0.02487618
v 0.29057401 0.09524392 -0.02789205
v 0.29551515 0.03428273 -0.00793240
v -0.00066849 -0.50896907 -0.04232415
v 0.29807192 0.02213306 -0.01888993
v 0.27556497 0.02393869 -0.01645311
v 0.27362046 0.03627740 -0.00518497
v 0.30727497 0.01130718 -0.08409698
v 0.28517070 0.00822194 -0.08103698
v 0.24059422 0.05770300 0.00692373
v 0.25609392 0.05531728 0.00339582
v 0.16191721 -0.01873339 0.02946319
v 0.17208029 -0.04283690 -0.02322609
v 0.17584252 -0.03458557 -0.02603228
v 0.12945765 -0.07106917 0.08798121
v 0.13142551 -0.05603402 0.09153813
v 0.15880109 -0.07845946 0.01393018
v 0.16257855 -0.06310508 0.00678837
v 0.13701117 -0.06575427 0.08012515
v 0.13620965 -0.05572639 0.08502483
v 0.08802730 -0.13239400 0.09711730
v 0.02778559 0.11288166 0.03036269
v 0.27173132 0.07151272 -0.00142575
v 0.27267385 0.05252751 0.00012368
v 0.24510388 0.01829983 -0.08967061
v 0.24649626 0.01015843 -0.08184723
v 0.26319566 0.01377428 -0.08694163
v -0.00050562 -0.49491346 -0.09759937
v -0.00066666 -0.48207030 -0.11291038
v 0.26040423 0.02404254 -0.09430668
v 0.12923008 -0.02838970 -0.12140083
v 0.11262169 -0.03897949 -0.12666282
v 0.12426130 -0.05257754 -0.11651981
v 0.13867028 -0.04003682 -0.11208954
v 0.23529144 0.10509545 -0.08403332
v 0.23904170 0.11140207 -0.07424268
v 0.22401002 0.11456026 -0.07432963
v 0.22258008 0.10606148 -0.08528414
v 0.24342017 0.11635601 -0.05988421
v 0.24805115 0.11696157 -0.04109373
v 0.23062381 0.12342454 -0.03922912
v 0.22645631 0.12151282 -0.05928665
v 0.17735252 -0.42213607 -0.05065366
v 0.18625313 -0.42514411 -0.02053023
v 0.13752508 -0.29237738 0.06442402
v 0.12118417 -0.29921114 0.08310290
v 0.10306051 -0.39396104 0.09604402
v 0.02768973 -0.51790595 0.08022988
v 0.01042697 -0.52769440 0.05668956
v 0.00310248 -0.59235662 -0.00642765
v 0.18884622 -0.42995390 0.01063782
v 0.00855438 -0.62099028 -0.01554052
v 0.01514120 -0.65119946 -0.02383547
v 0.06212853 -0.64673424 -0.08490561
v 0.09023446 -0.64810872 -0.08974431
v 0.08714585 -0.61851776 -0.09053454
v 0.05594677 -0.61526763 -0.08450347
v 0.11779997 -0.65042871 -0.08432440
v 0.11740979 -0.62204951 -0.08560725
v 0.11178260 -0.73547328 0.05972795
v 0.10570991 -0.96255106 -0.11799611
v 0.12760824 -0.99925959 -0.11201244
v 0.12872568 -0.96106488 -0.11301254
v 0.10647249 -0.99964082 -0.11706623
v 0.14758202 -0.96177661 -0.09904309
v 0.14668773 -0.92675442 -0.09574909
v 0.14924455 -1.00894511 -0.02531823
v 0.10741537 -1.03770244 -0.11255483
v 0.12611467 -1.03851521 -0.10772597
v 0.14164780 -1.03902829 -0.09633949
v 0.14568111 -0.99946171 -0.09868014
v 0.00089781 -0.54344082 0.02578098
v 0.16676806 -0.51257122 0.06665146
v 0.16484122 -0.48033130 0.06967064
v 0.10765947 -0.46998745 0.09765885
v 0.07834125 -0.48548302 0.09998637
v 0.10254356 -0.21881887 0.09238763
v 0.12011517 -0.21634249 0.07559171
v 0.11927458 -0.17344421 0.06884465
v 0.13308829 -0.17109413 0.04944712
v 0.13372937 -0.19197436 0.05254849
v 0.11967672 -0.19518299 0.07203090
v 0.14847980 -0.16716635 0.00134805
v 0.14777572 -0.16535552 -0.02559214
v 0.14683507 -0.18380971 -0.02179383
v 0.14832920 -0.18606806 0.00460554
v 0.14866784 -0.20149370 -0.01767136
v 0.14052039 -0.19871300 -0.04220778
v 0.07550888 -0.16444992 -0.10703707
v 0.09367553 -0.16895875 -0.09795249
v 0.09496086 -0.14814456 -0.10406781
v 0.07622827 -0.14204550 -0.11233654
v 0.03350597 -0.46069279 0.10821393
v 0.00364466 -0.52918893 0.03707908
v 0.07398256 -0.55712509 0.09560272
v 0.10831948 -0.52556783 0.10020283
v 0.14004447 -0.52012473 0.08997854
v 0.24518406 0.00983120 -0.03739658
v 0.16581398 -0.01459660 -0.09928732
v 0.16300109 -0.00478896 -0.10481107
v 0.26275903 0.10979674 -0.06245945
v 0.26741326 0.10990427 -0.04429144
v 0.25521410 0.03739319 -0.00115186
v 0.22117436 0.10089315 0.00156361
v 0.22438341 0.07936200 0.00952137
v 0.20984921 0.08193107 0.01499376
v 0.13100460 -0.40516806 0.08286469
v 0.15944156 -0.41899225 0.06898526
v 0.13424918 -0.43025839 0.08521198
v 0.00077735 -0.51412833 -0.03598805
v 0.05184936 -0.50231761 0.09507429
v 0.02029521 -0.68091929 -0.03068639
v 0.02441466 -0.70909399 -0.03753537
v 0.02762020 -0.73589998 -0.04455019
v 0.03026448 -0.76244110 -0.05184270
v 0.03321887 -0.78931189 -0.05925116
v 0.03990878 -0.81633842 -0.06458009
v 0.04891662 -0.84454054 -0.06554019
v 0.05312436 -0.87331176 -0.07130788
v 0.04513472 -0.93942547 -0.06911261
v 0.05135895 -0.93686086 -0.08640976
v 0.05279971 -0.90409994 -0.07977357
v 0.05081181 -0.97070026 -0.09105203
v 0.05358118 -1.00483847 -0.09243277
v 0.06021595 -1.04099417 -0.09034643
v 0.06870830 -1.11515260 -0.08631997
v 0.06583004 -1.07832289 -0.08805141
v -0.00035531 -0.51315153 -0.01019179
v -0.00006154 -0.51356357 -0.02245135
v 0.11626138 0.11056174 0.01021198
v 0.17707391 -0.01991183 -0.01188515
v 0.18359239 -0.01454038 -0.01658789
v 0.23927072 0.03846163 0.00267476
v 0.29871687 0.07101327 -0.09388588
v 0.29454905 0.08688083 -0.08506814
v 0.25473052 0.02486075 -0.01335482
v 0.20113789 0.00898894 -0.01416902
v 0.19233879 0.00551583 -0.00691283
v 0.53627157 0.07435964 -0.04339653
v 0.53400391 0.07817990 -0.05678284
v 0.55477732 0.07477050 -0.05516228
v 0.55643231 0.07008634 -0.04295962
v 0.53764898 0.06478667 -0.03311224
v 0.55732799 0.06047916 -0.03412169
v 0.53829545 0.00351575 -0.05140883
v 0.53759646 0.01232324 -0.03954075
v 0.55769342 0.01294001 -0.04399730
v 0.55833101 0.00524128 -0.05587132
v 0.57690656 0.04508403 -0.03129889
v 0.57672018 0.03332810 -0.03293490
v 0.55731755 0.03534986 -0.02994425
v 0.55761176 0.04835436 -0.02945998
v 0.53605688 0.00503415 -0.08134317
v 0.53339821 0.01441122 -0.09192242
v 0.51375628 0.01026094 -0.08944304
v 0.51668626 0.00116743 -0.07740860
v 0.45568708 0.00829136 -0.03049337
v 0.45794091 -0.00216099 -0.04115335
v 0.44177720 -0.00045458 -0.03513424
v 0.43889576 0.01184428 -0.02607286
v 0.49486536 0.08217742 -0.04402318
v 0.49139482 0.08324729 -0.05906890
v 0.51275128 0.08090653 -0.05810618
v 0.51564580 0.07821240 -0.04370485
v 0.49642187 0.04404216 -0.02187843
v 0.49567497 0.02807704 -0.02470397
v 0.47352073 0.03240788 -0.02328575
v 0.47389442 0.04867907 -0.02147295
v 0.47275794 0.08696421 -0.04568627
v 0.47053313 0.08369467 -0.06011791
v 0.53761387 0.03794247 -0.02654066
v 0.53714961 0.02408268 -0.03122967
v 0.51669163 0.02558963 -0.02738034
v 0.51747990 0.04063372 -0.02362931
v 0.57500088 0.01255251 -0.08480452
v 0.57293248 0.02197503 -0.09274954
v 0.55320013 0.01838770 -0.09287007
v 0.55563778 0.00889364 -0.08369376
v 0.57670295 0.02300069 -0.03911848
v 0.57721817 0.01395200 -0.04797128
v 0.55712092 0.02341324 -0.03544391
v 0.57229060 0.06747172 -0.07887703
v 0.57365799 0.07163136 -0.06641308
v 0.55252856 0.07393477 -0.06895766
v 0.55075341 0.06828931 -0.08207143
v 0.49677920 0.00309591 -0.04111288
v 0.49580818 0.01395841 -0.03098206
v 0.51695669 0.01243522 -0.03489249
v 0.51771218 0.00285228 -0.04643040
v 0.49641022 0.07377852 -0.03124298
v 0.51739532 0.06905125 -0.03207000
v 0.52939963 0.06838441 -0.08460191
v 0.53112137 0.07590997 -0.07117058
v 0.50986135 0.07663416 -0.07251751
v 0.50796360 0.06742699 -0.08626301
v 0.48708665 0.05111063 -0.09511275
v 0.48839292 0.03465430 -0.09625482
v 0.50845760 0.03868650 -0.09733851
v 0.50754702 0.05433011 -0.09488387
v 0.47570682 0.00518305 -0.03585517
v 0.47730353 -0.00329302 -0.04870868
v 0.49703825 -0.00201802 -0.07217833
v 0.49419937 0.00620235 -0.08557149
v 0.47498381 0.00204278 -0.08033700
v 0.47740853 -0.00483501 -0.06537680
v 0.43427998 0.07340492 -0.02618053
v 0.43394041 0.08505085 -0.03619607
v 0.45202258 0.08246806 -0.03365949
v 0.45238885 0.06947772 -0.02408462
v 0.45128405 0.08782409 -0.04787411
v 0.43242842 0.08754369 -0.05108722
v 0.40575308 0.07816635 -0.06900134
v 0.40616956 0.06716073 -0.07739465
v 0.41683942 0.06676748 -0.07542005
v 0.41747832 0.07903684 -0.06729002
v 0.44893485 0.04137278 -0.09547018
v 0.45015135 0.02367426 -0.09236327
v 0.46885958 0.02952290 -0.09458461
v 0.46742037 0.04692295 -0.09562028
v 0.43827978 0.00277302 -0.08124700
v 0.44267642 -0.00655778 -0.06797805
v 0.45734087 -0.00273379 -0.07421683
v 0.45330459 0.00831829 -0.08587601
v 0.39023277 0.00024833 -0.06556013
v 0.38941693 -0.00306659 -0.05205610
v 0.40407962 -0.00559987 -0.05324496
v 0.40473559 -0.00131137 -0.06693112
v 0.38555539 0.00880367 -0.02419597
v 0.38434991 0.02147705 -0.01492043
v 0.39897716 0.01911865 -0.01656922
v 0.40023345 0.00627029 -0.02532516
v 0.38269341 0.07975007 -0.02992553
v 0.38148683 0.08528636 -0.04606337
v 0.39424309 0.08535344 -0.04395456
v 0.39557904 0.07761418 -0.02900010
v 0.43392891 0.03670655 -0.09441249
v 0.43260366 0.01768550 -0.08983622
v 0.41395760 0.00413189 -0.02749425
v 0.41221738 0.01658115 -0.01881228
v 0.42526418 0.01380189 -0.02190727
v 0.42749035 0.00156674 -0.03066106
v 0.00051213 0.05713328 -0.12253321
v 0.00062688 0.07093137 -0.12009560
v 0.40827134 0.04696275 -0.01824418
v 0.40821123 0.06110557 -0.02098520
v 0.42065099 0.05859037 -0.02225262
v 0.42145544 0.04323476 -0.02076916
v 0.40745896 0.07582256 -0.02811048
v 0.40633711 0.08459956 -0.04088769
v 0.41940650 0.08377104 -0.03853066
v 0.42034432 0.07335167 -0.02714130
v 0.41599694 0.04437745 -0.08901941
v 0.41789982 0.03208259 -0.09279200
v 0.00002563 -0.30615884 0.14145745
v 0.00002654 -0.29272881 0.14096102
v 0.42488578 0.03483382 -0.09360389
v 0.42307818 0.04718405 -0.08931410
v 0.42716032 0.00011991 -0.07503934
v 0.42997643 -0.00762718 -0.06147559
v -0.00005708 -0.30398703 -0.11839417
v 0.00015920 -0.28605318 -0.10873931
v 0.43553862 0.03978198 -0.02290934
v 0.43715245 0.02622966 -0.02238640
v 0.42356661 0.02825941 -0.01903591
v 0.41823009 0.08616840 -0.05382448
v 0.39101145 0.00749936 -0.07665014
v 0.39116743 0.01618817 -0.08608268
v 0.37548640 0.01639247 -0.08584977
v 0.37537146 0.00755029 -0.07606483
v 0.37396175 0.00141921 -0.06430770
v 0.37210584 -0.00038409 -0.05074947
v 0.36728728 0.01183864 -0.02260917
v 0.36566302 0.02430558 -0.01287086
v 0.36431339 0.04054219 -0.00805684
v 0.36254230 0.05801069 -0.00948431
v 0.38198888 0.05549753 -0.01322589
v 0.38331085 0.03782985 -0.01108878
v 0.36106801 0.08754963 -0.04647674
v 0.36062348 0.08333749 -0.02993209
v 0.36321279 0.08464072 -0.06216768
v 0.38158292 0.08316449 -0.06022634
v 0.41612017 -0.00519459 -0.04043134
v 0.00012593 -0.38970795 0.12700982
v 0.00004780 -0.41394010 0.12181189
v 0.40244117 -0.00263722 -0.03811836
v 0.52841800 0.05664629 -0.09400862
v 0.52887595 0.04207802 -0.09737948
v 0.54970771 0.04458131 -0.09621771
v 0.54981267 0.05795374 -0.09175992
v 0.57125545 0.03392500 -0.09551001
v 0.55097622 0.03095616 -0.09674914
v 0.53803158 0.05210933 -0.02715915
v 0.51794845 0.05585061 -0.02508447
v 0.57656300 0.05680843 -0.03461296
v 0.43510017 0.05518927 -0.02284034
v 0.45226839 0.05197348 -0.02215660
v 0.40698135 0.05541963 -0.08416830
v 0.39588469 0.06720357 -0.07958108
v 0.39765981 0.05568055 -0.08669891
v 0.44827956 0.05809153 -0.08834239
v 0.44844919 0.07161962 -0.07396463
v 0.42996401 0.06478437 -0.07571351
v 0.43284771 0.05221415 -0.08886281
v 0.41095564 0.02990765 -0.09169108
v 0.40879786 0.04310074 -0.08946484
v 0.39981654 0.04259232 -0.09074426
v 0.40183339 0.02886018 -0.09144309
v 0.39613372 0.06445152 -0.01994479
v 0.38221917 0.06881487 -0.01905966
v 0.38406053 0.06716636 -0.08195765
v 0.38276851 0.07608166 -0.07198262
v 0.36662298 0.07714730 -0.07516973
v 0.36805540 0.06764758 -0.08542722
v 0.39474395 0.07683672 -0.07010655
v 0.38588715 0.05577935 -0.08918679
v 0.37003881 0.05604270 -0.09197727
v 0.36124331 0.07291861 -0.01714607
v 0.38977459 0.02865917 -0.09173252
v 0.38802367 0.04258174 -0.09234837
v 0.37208000 0.04271148 -0.09418789
v 0.37405667 0.02869582 -0.09235772
v 0.53070807 0.02758992 -0.09682836
v 0.51063979 0.02374908 -0.09560961
v 0.44388154 -0.00826823 -0.05067211
v 0.45923001 -0.00767023 -0.05767934
v 0.42986831 -0.00739482 -0.04466457
v 0.53797197 0.00078448 -0.06658978
v 0.55754411 0.00384005 -0.07042591
v 0.49783856 -0.00327483 -0.05560881
v 0.51810688 -0.00170490 -0.06155922
v 0.48708862 0.06563123 -0.08714341
v 0.41529572 0.00765019 -0.08009706
v 0.41700816 -0.00133172 -0.06979312
v 0.42344517 0.01009044 -0.08455224
v 0.36913127 0.00310027 -0.03561692
v 0.38761780 -0.00002821 -0.03703955
v 0.42494664 0.02382605 -0.09261898
v 0.34593531 0.00611676 -0.03431905
v 0.43093029 0.08053132 -0.06520209
v 0.40549189 0.08534054 -0.05600254
v 0.39408606 0.08379608 -0.05811810
v 0.57504338 0.07163803 -0.05339929
v 0.49708819 0.06000219 -0.02354264
v 0.45232043 0.03596322 -0.02278162
v 0.45371136 0.02115251 -0.02480974
v 0.41301525 0.01733178 -0.08852978
v 0.40371400 0.01630641 -0.08678476
v 0.40455309 0.00730417 -0.07755924
v 0.39585295 0.05201913 -0.01597229
v 0.39760050 0.03487582 -0.01343053
v 0.57676178 0.00720620 -0.07291702
v 0.41043296 0.03150428 -0.01603062
v 0.44944498 0.08371217 -0.06231076
v 0.01839388 0.07301649 -0.12203746
v 0.15310083 -0.09275184 0.02110950
v 0.11510421 -0.11468200 0.06806118
v 0.12888455 -0.11224956 0.05203922
v 0.16773365 -0.03627697 -0.00442754
v 0.17196597 -0.02678979 -0.00816176
v 0.19440079 -0.00512948 -0.02159684
v 0.20416227 0.00075096 -0.02725208
v 0.15855737 -0.05562793 0.02663432
v 0.01258214 -0.26571384 0.13944885
v 0.05005147 -0.26957437 -0.10206105
v 0.02590567 -0.26941696 -0.10138860
v 0.02849437 -0.28733069 -0.10974611
v 0.05436959 -0.28778508 -0.10876802
v 0.03111482 -0.30657911 -0.11911403
v 0.16554423 -0.33971250 -0.06405191
v 0.16068974 -0.31776831 -0.06157529
v 0.14534819 -0.31964386 -0.08463388
v 0.14966029 -0.34252027 -0.08893528
v 0.16501611 -0.30126143 -0.03452098
v 0.15459062 -0.29956841 -0.05933938
v 0.17070352 -0.31850928 -0.03483720
v 0.17421089 -0.32326663 -0.00672395
v 0.16887422 -0.30534288 -0.00712120
v 0.17087838 -0.33158344 0.02006597
v 0.16564780 -0.31230506 0.01961260
v 0.16181701 -0.34104088 0.04434405
v 0.14678395 -0.35045239 0.06551424
v 0.12853113 -0.38160214 0.08221243
v 0.10339841 -0.36908314 0.09707790
v 0.12623498 -0.35984585 0.08281437
v 0.05656654 -0.38286415 0.11756261
v 0.07935970 -0.37729749 0.10869993
v 0.01700296 -0.38842544 0.12632731
v 0.03601912 -0.38629770 0.12333550
v 0.11076903 0.09193435 0.02869965
v 0.10327236 0.14316793 -0.08228378
v 0.11313549 0.14884919 -0.06104923
v 0.08928339 0.14843422 -0.08058289
v 0.12143815 0.08612614 -0.11951843
v 0.12480860 0.10484537 -0.10950088
v 0.10422340 0.09854046 -0.11915708
v 0.10121693 0.08150994 -0.12660733
v 0.07789694 0.13999940 -0.09409110
v 0.07085404 0.14244871 -0.09301824
v 0.08837525 0.13405484 -0.09781044
v 0.05455710 0.11869083 -0.11265887
v 0.07260733 0.12539960 -0.10804859
v 0.15544575 0.13578670 -0.05847273
v 0.15391484 0.12287871 -0.08054627
v 0.16357882 0.12118800 -0.07539242
v 0.16669381 0.13451062 -0.05395684
v 0.14951983 0.07263827 -0.11284276
v 0.14709097 0.05652392 -0.11651879
v 0.15892991 0.05877900 -0.11196902
v 0.16034435 0.07452857 -0.10852586
v 0.19334106 0.13238458 -0.04122879
v 0.18995968 0.12531140 -0.06301306
v 0.20025235 0.12603667 -0.06074886
v 0.20391910 0.13071939 -0.03940057
v 0.16083196 0.09074511 -0.10165666
v 0.08421133 -0.03096833 -0.13716905
v 0.12090169 -0.01512327 -0.12802976
v 0.10345490 -0.02282305 -0.13308051
v 0.16041546 0.00605572 -0.10918177
v 0.14940594 0.00112837 -0.11449255
v 0.15286031 -0.01094519 -0.10987432
v 0.18317065 0.01406130 -0.10054152
v 0.17151657 0.01022469 -0.10465763
v 0.21164751 0.05795919 0.01743752
v 0.19686414 0.05844767 0.02465194
v 0.19521669 0.08557565 0.01858504
v 0.19993880 0.00960221 -0.08850408
v 0.21115033 0.01631182 -0.08830758
v 0.20921305 0.02154815 -0.09164180
v 0.19717965 0.01492046 -0.09205585
v 0.14420338 0.13790479 -0.06204503
v 0.18829873 0.11285702 -0.07903546
v 0.18724570 0.10079922 -0.09034834
v 0.19795586 0.10439223 -0.08860783
v 0.19908002 0.11529677 -0.07687594
v 0.18909812 0.08626268 -0.09911402
v 0.19019242 0.07110802 -0.10379410
v 0.20186076 0.07640135 -0.10185813
v 0.20018509 0.09076010 -0.09693022
v 0.20842677 0.02829174 -0.09533502
v 0.19406551 0.02175781 -0.09546568
v 0.21930438 0.11964710 -0.01608722
v 0.17510393 0.13645221 -0.02269009
v 0.17112142 0.12381954 0.00181928
v 0.16166858 0.12884082 -0.00159749
v 0.16571178 0.13884474 -0.02746098
v 0.22926064 0.00296845 -0.04525816
v 0.22567499 0.00807407 -0.03282266
v 0.23138911 -0.00025431 -0.05706085
v 0.20222734 -0.00179309 -0.07872008
v 0.23225673 0.00056330 -0.06767653
v 0.22443263 0.03829711 0.00611268
v 0.22578153 0.05788207 0.01100368
v 0.16768733 0.09978599 0.01755101
v 0.15785414 0.10656317 0.01490469
v 0.21617529 0.12781285 -0.03872747
v 0.21233566 0.12470028 -0.05965525
v 0.22770649 0.02392078 -0.09287473
v 0.23977579 0.03110472 -0.09741417
v 0.22550289 0.02881274 -0.09581920
v 0.18772905 -0.01068219 -0.08648806
v 0.20183930 0.00460657 -0.08412185
v 0.17583999 0.13438575 -0.04915176
v 0.21042240 0.11586760 -0.07549860
v 0.20969839 0.10537182 -0.08760127
v 0.17927720 0.08101397 -0.10151558
v 0.17805076 0.09608242 -0.09349272
v 0.16941279 0.09243343 -0.09713496
v 0.16984430 0.07713593 -0.10490420
v 0.21355022 0.08220122 -0.10040335
v 0.21653968 0.06802584 -0.10287554
v 0.17966752 0.06575252 -0.10584411
v 0.16958839 0.06185434 -0.10860200
v 0.22375797 0.03572162 -0.09876604
v 0.14938755 0.11128341 0.01198365
v 0.14706370 0.08888952 0.02493602
v 0.13745871 0.09156855 0.02477376
v 0.16788378 0.07432193 0.02865085
v 0.15632251 0.08294577 0.02673740
v 0.18230107 0.06415504 0.02867263
v 0.12581824 0.09209674 0.02628333
v 0.42059404 0.02036925 -0.09101238
v 0.25114110 0.03853486 -0.10006186
v 0.24302132 0.02601928 -0.09478777
v 0.25579384 0.03251605 -0.09816649
v 0.29978177 0.05749368 -0.09776087
v 0.41538844 0.05538357 -0.08215617
v 0.42222461 0.05541179 -0.08196168
v 0.46717459 0.06241706 -0.08769958
v 0.48863801 0.07655890 -0.07347836
v 0.46834579 0.07483559 -0.07370793
v 0.47451502 0.07910896 -0.03140574
v 0.47458643 0.06531020 -0.02295444
v 0.47432506 0.01728926 -0.02775968
v 0.47144866 0.01416030 -0.09002782
v 0.61527193 0.06024774 -0.03825859
v 0.61510712 0.06667790 -0.04815699
v 0.63529271 0.06421188 -0.04539738
v 0.63515210 0.05673896 -0.03664443
v 0.65374416 0.04345549 -0.03244218
v 0.63485652 0.04669025 -0.03296920
v 0.65474451 0.05376886 -0.03418910
v 0.65259200 0.03419933 -0.03523365
v 0.63425553 0.03703216 -0.03464387
v 0.65165883 0.02701317 -0.04183555
v 0.65136278 0.02132079 -0.04997365
v 0.63376015 0.02212224 -0.04780415
v 0.63376290 0.02858327 -0.04002696
v 0.63404840 0.01760590 -0.05709623
v 0.63404572 0.01553417 -0.06722096
v 0.61539215 0.01255890 -0.06506043
v 0.61524028 0.01646087 -0.05437716
v 0.65124661 0.02659870 -0.08475747
v 0.65086675 0.03496427 -0.08791541
v 0.63214856 0.03233977 -0.08962315
v 0.63279498 0.02318832 -0.08566418
v 0.61226517 0.05089054 -0.08835427
v 0.61193824 0.03982803 -0.09147035
v 0.63217753 0.04285786 -0.08928565
v 0.63245845 0.05328393 -0.08612110
v 0.65134293 0.05555465 -0.08503786
v 0.65222692 0.06223349 -0.07691444
v 0.63340497 0.06070334 -0.07909197
v 0.57604134 0.06628837 -0.04217443
v 0.59562677 0.06336852 -0.04037846
v 0.59594840 0.05353769 -0.03394736
v 0.59572905 0.03147674 -0.03562308
v 0.59582019 0.04215388 -0.03268912
v 0.61506724 0.03937205 -0.03351421
v 0.61488271 0.02977422 -0.03770393
v 0.57744640 0.00765402 -0.05974205
v 0.59615487 0.01528130 -0.05155164
v 0.59650040 0.01015906 -0.06263391
v 0.61493188 0.02243907 -0.04514525
v 0.59577525 0.02269149 -0.04246799
v 0.61471736 0.01351416 -0.07633435
v 0.63351327 0.01731680 -0.07752730
v 0.61486548 0.06787938 -0.05998880
v 0.61421847 0.06553970 -0.07166134
v 0.63451600 0.06482960 -0.06846382
v 0.63513976 0.06658509 -0.05684367
v 0.59586513 0.01050694 -0.07460442
v 0.59357047 0.06653291 -0.07521501
v 0.59446096 0.06971946 -0.06326453
v 0.61321527 0.05987271 -0.08183615
v 0.59260881 0.05907818 -0.08509081
v 0.65443945 0.06552462 -0.05409806
v 0.65502608 0.06228993 -0.04259981
v 0.59509432 0.06908456 -0.05091287
v 0.61362255 0.01939699 -0.08581076
v 0.61245501 0.02891552 -0.09105167
v 0.59277481 0.02545336 -0.09198982
v 0.59439272 0.01600486 -0.08531830
v 0.57046461 0.04664393 -0.09402616
v 0.59159219 0.03680862 -0.09346342
v 0.59159374 0.04856448 -0.09111877
v 0.65099764 0.04510987 -0.08799639
v 0.57145989 0.05849292 -0.08862334
v 0.73177445 0.01221602 -0.04142559
v 0.74097466 0.01548363 -0.04022291
v 0.73549408 0.01818900 -0.04707545
v 0.72552603 0.01727277 -0.04652137
v 0.70668596 -0.00328492 -0.03188649
v 0.71839750 -0.00814286 -0.02717330
v 0.72445005 -0.00743427 -0.03525466
v 0.71405762 -0.00143683 -0.04092242
v 0.73728532 0.00773525 -0.03652257
v 0.74527526 0.01395510 -0.03434961
v 0.75295126 0.01983643 -0.03220110
v 0.74439335 0.01424913 -0.03011227
v 0.75287926 0.02552102 -0.02780431
v 0.74763149 0.03594093 -0.02647366
v 0.76012760 0.03925925 -0.03038283
v 0.76084197 0.03014056 -0.02804537
v 0.74060124 0.05053338 -0.05091559
v 0.73745596 0.05080359 -0.06223106
v 0.75314671 0.04932992 -0.06352124
v 0.75563633 0.04808425 -0.05205749
v 0.74386185 0.04416525 -0.08217951
v 0.74954700 0.04646918 -0.07265089
v 0.73385918 0.04889764 -0.07080941
v 0.72945708 0.04655462 -0.07917900
v 0.72078991 0.02029160 -0.05378556
v 0.73088831 0.01984627 -0.05460365
v 0.72900742 0.01959938 -0.06052054
v 0.71858263 0.01977710 -0.06033421
v 0.74372840 0.02020921 -0.02555926
v 0.74491131 0.00609508 -0.02605368
v 0.74408984 0.00877864 -0.02262405
v 0.73865044 0.02238935 -0.02163484
v 0.68299335 0.01476165 -0.06332059
v 0.69352448 0.01238412 -0.06605284
v 0.69415516 0.01094439 -0.07350363
v 0.68230087 0.01356586 -0.07174189
v 0.68255955 0.01412925 -0.04295592
v 0.67779881 0.02346540 -0.03254300
v 0.68502808 0.01818972 -0.02799337
v 0.68865484 0.00806803 -0.03906186
v 0.69416982 0.01049084 -0.02455231
v 0.70413893 0.00300408 -0.02202950
v 0.69729644 0.00172148 -0.03562907
v 0.71710199 -0.00271906 -0.01925108
v 0.68938500 0.01413338 -0.08581470
v 0.68099082 0.01761805 -0.08259331
v 0.79265290 0.00656825 -0.04064599
v 0.79353493 0.00785536 -0.03494897
v 0.79583657 0.00538063 -0.03554603
v 0.79493725 0.00441134 -0.04112970
v 0.68202013 0.04328778 -0.08911981
v 0.68089986 0.03371358 -0.09047822
v 0.68760902 0.03360978 -0.09225319
v 0.68909824 0.04308211 -0.08922458
v 0.69627762 0.03346303 -0.09505933
v 0.69822127 0.04311196 -0.08993144
v 0.80136418 0.01407659 -0.03121875
v 0.80512619 0.01715475 -0.03350930
v 0.80804706 0.01131922 -0.03361042
v 0.80383766 0.00914139 -0.03163687
v 0.74529719 0.01822914 -0.04656167
v 0.74998558 0.01695614 -0.03884621
v 0.75851083 0.01818764 -0.03680188
v 0.76564503 0.01923843 -0.03535977
v 0.76654816 0.01721089 -0.04152185
v 0.75673592 0.01780613 -0.04549957
v 0.74211007 0.01956453 -0.05755674
v 0.75311744 0.01838867 -0.05776469
v 0.74850070 0.01885515 -0.06478832
v 0.73794156 0.01948160 -0.06468359
v 0.74205506 0.01475478 -0.08346920
v 0.73379034 0.01398646 -0.08242137
v 0.73421860 0.01622031 -0.07653663
v 0.74412519 0.01670135 -0.07696216
v 0.77075970 0.01802766 -0.07726991
v 0.76218420 0.01753733 -0.07704595
v 0.76393956 0.01819478 -0.07198734
v 0.77207291 0.01842991 -0.07242762
v 0.67486393 0.04469752 -0.08897669
v 0.67411399 0.03481269 -0.08953572
v 0.73878670 0.02680763 -0.10778946
v 0.74411517 0.03537880 -0.10288749
v 0.73389596 0.03661741 -0.09877409
v 0.72855085 0.02939050 -0.10370020
v 0.69190109 0.05072104 -0.08255410
v 0.68428320 0.05178387 -0.08308975
v 0.80824506 0.01897919 -0.03843134
v 0.81044412 0.01301324 -0.03874364
v 0.70497137 0.01705727 -0.01660599
v 0.71913415 0.00668429 -0.01413715
v 0.69365621 0.02614490 -0.02114135
v 0.67913139 0.03611538 -0.02857537
v 0.68605834 0.03193757 -0.02564185
v 0.76119530 0.01765461 -0.05034994
v 0.73917174 0.01952726 -0.05333783
v 0.72723037 0.01882066 -0.06505346
v 0.71797866 0.01061584 -0.08386123
v 0.72470987 0.01114041 -0.08638640
v 0.72200018 0.01078633 -0.09352045
v 0.71421379 0.01087260 -0.09317745
v 0.73589253 0.01344430 -0.10187431
v 0.73579949 0.01867413 -0.10712808
v 0.72690171 0.01987272 -0.10453618
v 0.72840738 0.01349115 -0.10041998
v 0.74326754 0.00938223 -0.01745078
v 0.73393780 0.02080787 -0.01676585
v 0.68054414 0.02445365 -0.08838177
v 0.68754798 0.02322169 -0.09169178
v 0.67351234 0.02708405 -0.08608229
v 0.69452977 0.01225317 -0.05530599
v 0.70704359 0.01750658 -0.05893543
v 0.70579243 0.01636212 -0.06362477
v 0.69331634 0.01328730 -0.06088593
v 0.71603668 0.01199819 -0.04754204
v 0.70525354 0.00434469 -0.04526045
v 0.72339714 0.00585948 -0.04334661
v 0.68274671 0.01533152 -0.05490905
v 0.67459136 0.01902580 -0.05241193
v 0.67441404 0.01852390 -0.06188576
v 0.67389321 0.01837254 -0.07149784
v 0.67372191 0.02176644 -0.08055396
v 0.66522068 0.02043313 -0.05118611
v 0.66548979 0.01933582 -0.06053718
v 0.66541487 0.01991659 -0.07047077
v 0.66529787 0.02269198 -0.07899167
v 0.67597187 0.05409499 -0.08345648
v 0.66551656 0.05582290 -0.08438420
v 0.66492778 0.04538536 -0.08866223
v 0.67535883 0.02086480 -0.04267282
v 0.66596293 0.02463902 -0.04256907
v 0.66740441 0.03093089 -0.03416957
v 0.66907179 0.04094442 -0.03122883
v 0.74090004 -0.00824635 -0.02986529
v 0.73624349 -0.00514550 -0.03367557
v 0.73108292 -0.01023244 -0.03000754
v 0.73724580 -0.01251617 -0.02519546
v 0.76674294 0.02388879 -0.03089549
v 0.75983191 0.02321023 -0.03101037
v 0.76886123 0.03073289 -0.02931528
v 0.70268822 0.01017138 -0.07916738
v 0.69833380 0.01260410 -0.08956654
v 0.76862597 0.01728290 -0.04692484
v 0.78361773 0.02435964 -0.03024106
v 0.78731203 0.02957532 -0.03255943
v 0.79936707 0.02243969 -0.03319427
v 0.79566669 0.01827461 -0.03071112
v 0.77976900 0.01466238 -0.04579278
v 0.78360641 0.01827827 -0.04995677
v 0.77731788 0.01972255 -0.05072147
v 0.77397656 0.01725812 -0.04592968
v 0.76620942 0.01573552 -0.08329337
v 0.75886703 0.01563892 -0.08318998
v 0.77051401 0.04516705 -0.04082525
v 0.75760323 0.04722532 -0.03935448
v 0.77021462 0.04190332 -0.05300462
v 0.75356942 0.01704405 -0.07713187
v 0.74585617 0.01804740 -0.07122128
v 0.75526625 0.01784775 -0.07179219
v 0.76806819 0.01882441 -0.05643665
v 0.76093882 0.01807483 -0.05765098
v 0.76434624 0.01787370 -0.05282873
v 0.77002436 0.01833162 -0.05133711
v 0.71720725 0.03153897 -0.10080402
v 0.71569109 0.01921270 -0.10203023
v 0.79693854 0.01077181 -0.03163679
v 0.79921764 0.00722188 -0.03243991
v 0.66487759 0.03519016 -0.08809251
v 0.66523290 0.02762812 -0.08474275
v 0.73551750 0.01823606 -0.07050682
v 0.74350697 0.04719910 -0.03801345
v 0.72544396 0.01736461 -0.06990734
v 0.76581442 0.02110848 -0.09326873
v 0.76847488 0.02734160 -0.09240884
v 0.76082093 0.03192651 -0.09224583
v 0.75913715 0.02326971 -0.09520096
v 0.79465193 0.00820971 -0.04574448
v 0.79877162 0.01137012 -0.04906083
v 0.79371178 0.01455909 -0.04915956
v 0.79023308 0.01062667 -0.04577398
v 0.77812809 0.01532277 -0.03532929
v 0.77809185 0.01370403 -0.04069813
v 0.77173710 0.01656552 -0.04098981
v 0.77129376 0.01821353 -0.03551943
v 0.77277243 0.02250886 -0.03164991
v 0.78029865 0.01945254 -0.03158165
v 0.78977168 0.03070256 -0.04601772
v 0.78808719 0.02468598 -0.05035803
v 0.79854882 0.01955912 -0.04994938
v 0.80199420 0.02341631 -0.04529449
v 0.71589690 0.04970842 -0.07687127
v 0.71251357 0.04644064 -0.08511784
v 0.72566515 0.04314684 -0.08783872
v 0.73914534 0.04026522 -0.09113719
v 0.75146478 0.03617166 -0.09383944
v 0.75712883 0.04220520 -0.08489423
v 0.72170770 0.03916216 -0.09461387
v 0.77824956 0.03509371 -0.05718890
v 0.77806693 0.02895841 -0.05556973
v 0.77998966 0.03501374 -0.04890991
v 0.72357786 0.01479548 -0.07682469
v 0.79173470 0.01400870 -0.03140038
v 0.69037241 0.05421904 -0.03799569
v 0.69032860 0.05954649 -0.05064231
v 0.70008796 0.05793906 -0.05124686
v 0.69900912 0.05142393 -0.03589294
v 0.78867817 0.00896534 -0.04052870
v 0.78879863 0.01006609 -0.03493642
v 0.76486278 0.01579839 -0.09281457
v 0.75891620 0.01429132 -0.09413956
v 0.75740868 0.01436096 -0.08937819
v 0.76461339 0.01477286 -0.08857501
v 0.70937192 0.04210506 -0.09171157
v 0.75070047 0.03066617 -0.10593417
v 0.74600309 0.02055968 -0.11016606
v 0.69462919 0.05544440 -0.07324043
v 0.70099998 0.04915721 -0.08318745
v 0.70398158 0.05294428 -0.07477303
v 0.76529408 0.04108105 -0.07383998
v 0.71968085 0.05176841 -0.06923559
v 0.70700502 0.05465502 -0.06715126
v 0.69666713 0.05758421 -0.06423774
v 0.68827397 0.05992644 -0.06296773
v 0.68657959 0.05751037 -0.07276170
v 0.80783153 0.01778334 -0.04534349
v 0.80198467 0.02453566 -0.03835074
v 0.67744362 0.05977436 -0.07281929
v 0.66631138 0.06188826 -0.07466517
v 0.67921436 0.06200616 -0.06260044
v 0.66778338 0.06366474 -0.06405666
v 0.71024203 0.05573336 -0.05847070
v 0.71263975 0.05469365 -0.04805008
v 0.72296268 0.05305766 -0.06087083
v 0.72635591 0.05243068 -0.05031555
v 0.76766151 0.04711555 -0.06422767
v 0.80200291 0.00674522 -0.04926430
v 0.80685580 -0.00017494 -0.04986429
v 0.81115282 0.00098556 -0.04864505
v 0.80684114 0.00873119 -0.04880690
v 0.80368060 0.01446730 -0.04926499
v 0.81001347 0.01133513 -0.04523058
v 0.72923571 0.04837685 -0.03623992
v 0.77492952 0.02009605 -0.05596397
v 0.71331918 0.04656237 -0.03102831
v 0.73502970 0.03857433 -0.02392958
v 0.72478938 0.03495536 -0.01937263
v 0.69584471 0.04051027 -0.02397138
v 0.70708781 0.03267581 -0.01752596
v 0.68112582 0.04733528 -0.03135576
v 0.68833637 0.04439434 -0.02904607
v 0.67044634 0.05069596 -0.03297605
v 0.71999711 0.02083372 -0.01315282
v 0.79837555 -0.00064594 -0.03713443
v 0.79804897 -0.00107503 -0.04298101
v 0.67070115 0.05931346 -0.04053589
v 0.68216562 0.05631161 -0.03899110
v 0.73102188 -0.00051804 -0.03860562
v 0.71561337 0.01673944 -0.06889328
v 0.71406531 0.01387844 -0.07425199
v 0.71102101 0.01030204 -0.08169442
v 0.70682931 0.01156134 -0.09224249
v 0.66945589 0.06399523 -0.05216333
v 0.65178519 0.01871949 -0.05929765
v 0.65179366 0.01874071 -0.06921373
v 0.65334237 0.06466953 -0.06597565
v 0.80208957 0.00047201 -0.03351869
v 0.77643371 0.02253133 -0.07494245
v 0.77578336 0.02302143 -0.07712741
v 0.72714752 -0.01036225 -0.02307491
v 0.73485774 -0.01170459 -0.01898921
v 0.72676706 -0.00513608 -0.01604539
v 0.72939384 0.00220025 -0.01183639
v 0.73858607 -0.00144655 -0.01123928
v 0.73594195 -0.00754353 -0.01444581
v 0.70532173 0.01451063 -0.06763439
v 0.70485514 0.01245640 -0.07264938
v 0.70522845 0.02108768 -0.09951211
v 0.70623112 0.03312733 -0.09804777
v 0.77555674 0.02848911 -0.03026383
v 0.77042878 0.03820879 -0.03243967
v 0.77794236 0.03424138 -0.03314054
v 0.78891307 0.03280938 -0.03869228
v 0.78111708 0.02628002 -0.05176114
v 0.77857369 0.02426656 -0.05470466
v 0.69875038 0.00898735 -0.05008342
v 0.71041018 0.01640881 -0.05295806
v 0.74014002 0.00341879 -0.03289612
v 0.74345815 -0.00017115 -0.03021428
v 0.75740147 0.01823648 -0.06469846
v 0.77734625 0.03556567 -0.07170057
v 0.77777112 0.04019189 -0.06435404
v 0.76554590 0.01885730 -0.06440559
v 0.81131518 0.00258279 -0.03433957
v 0.80662298 0.00128084 -0.03258362
v 0.77933061 0.03860623 -0.03984716
v 0.75075507 0.01533003 -0.08362372
v 0.77263975 0.03333555 -0.07810035
v 0.77791846 0.02903399 -0.07458064
v 0.74137181 0.01621195 -0.10745726
v 0.68131673 0.06146765 -0.05066196
v 0.80076307 -0.00077975 -0.04805886
v 0.79700124 0.00517523 -0.04667715
v 0.81326646 0.00315809 -0.04516720
v 0.81332219 0.00414455 -0.03948888
v 0.69594616 0.02228061 -0.09590525
v 0.71701366 0.01847368 -0.06479072
v 0.65153903 0.02121967 -0.07819866
v 0.74116045 0.00581308 -0.01234865
v 0.73139226 0.01161686 -0.01278859
v 0.77211034 0.01906388 -0.06427375
v 0.75565141 0.02837078 -0.09944019
v 0.77374625 0.03235278 -0.08771656
v 0.77751529 0.03083754 -0.08127186
v 0.76588798 0.03723304 -0.08637558
v 0.77863127 0.02597994 -0.07874093
v 0.81564814 -0.00409228 -0.04562236
v 0.81577146 -0.00343186 -0.04005800
v 0.81315267 -0.00463223 -0.03504580
v 0.80824292 -0.00472182 -0.03349439
v 0.80370802 -0.00462079 -0.03472777
v 0.81322002 -0.00567585 -0.04896910
v 0.80896902 -0.00621665 -0.05020535
v 0.80306494 -0.00573760 -0.04856683
v 0.81352603 -0.01148534 -0.04963557
v 0.81660455 -0.01182461 -0.04615285
v 0.81541848 -0.01568109 -0.03805880
v 0.81516421 -0.01972193 -0.03807263
v 0.81263053 -0.01856267 -0.03577861
v 0.81405902 -0.01253986 -0.03588860
v 0.81224555 -0.02377307 -0.03703807
v 0.81528699 -0.02447599 -0.03884131
v 0.81692207 -0.01440459 -0.04087529
v 0.81731790 -0.01943129 -0.04168035
v 0.81697297 -0.02411062 -0.04626817
v 0.81750947 -0.02460068 -0.04245929
v 0.81666130 -0.01912260 -0.04552872
v 0.81689680 -0.01511729 -0.04433118
v 0.81689590 -0.01019692 -0.04048779
v 0.81723064 -0.02881920 -0.04296968
v 0.81427425 -0.03025329 -0.04365216
v 0.81274343 -0.02805150 -0.03930761
v 0.81546873 -0.02773958 -0.03973497
v 0.80879164 -0.01060706 -0.03451756
v 0.80892318 -0.01749945 -0.03571291
v 0.80884874 -0.02321857 -0.03763139
v 0.80953401 -0.02754164 -0.04025593
v 0.80611646 -0.02300090 -0.03959389
v 0.80540740 -0.01741803 -0.03750827
v 0.80713642 -0.02640849 -0.04208210
v 0.80464560 -0.02305210 -0.04247729
v 0.80304712 -0.01773262 -0.04093006
v 0.80172265 -0.00967097 -0.03931406
v 0.80450511 -0.00959587 -0.03588485
v 0.80597895 -0.02542984 -0.04355478
v 0.81132352 -0.02946126 -0.04462752
v 0.81574035 -0.01787764 -0.04838575
v 0.81539392 -0.02349555 -0.04881830
v 0.81333506 -0.01761079 -0.05029418
v 0.81314611 -0.02316993 -0.05023856
v 0.81724960 -0.02767730 -0.04637137
v 0.81520987 -0.02824992 -0.04793186
v 0.80024433 -0.00507408 -0.03830730
v 0.80027515 -0.00523227 -0.04413003
v 0.80150205 -0.00971752 -0.04490921
v 0.80281806 -0.01767910 -0.04601752
v 0.80449986 -0.01016551 -0.04911631
v 0.80962628 -0.01125401 -0.05069808
v 0.81010115 -0.01766783 -0.05087832
v 0.80602449 -0.01735556 -0.04989287
v 0.80706966 -0.02288777 -0.04937756
v 0.80999517 -0.02306318 -0.05043383
v 0.80498457 -0.02315295 -0.04622898
v 0.80964661 -0.02661097 -0.04887424
v 0.81246686 -0.02771962 -0.04877577
v 0.80776781 -0.02551806 -0.04836845
v 0.80680263 -0.02588677 -0.04598358
v 0.80864793 -0.02777481 -0.04551570
v 0.79765660 0.00850827 -0.06821357
v 0.79895324 0.01013893 -0.06348596
v 0.80117285 0.00440961 -0.06390617
v 0.79934287 0.00288767 -0.06886815
v 0.80639601 0.01648700 -0.06113595
v 0.81072283 0.02039304 -0.06407101
v 0.81337571 0.01246673 -0.06440209
v 0.80862784 0.00890154 -0.06163426
v 0.81195539 0.02239484 -0.07117568
v 0.81439078 0.01431799 -0.07119380
v 0.78679025 0.02565980 -0.05769294
v 0.78857362 0.03129447 -0.05967386
v 0.80362231 0.02609381 -0.06251263
v 0.80029404 0.02134883 -0.05979525
v 0.78065151 0.01705843 -0.07154325
v 0.78292626 0.01993299 -0.07544994
v 0.80206889 0.01294249 -0.06131248
v 0.80429256 0.00630891 -0.06178265
v 0.79766178 0.00875384 -0.07306708
v 0.80013841 0.01042008 -0.07729142
v 0.79492068 0.01576048 -0.07647637
v 0.79285783 0.01296094 -0.07257918
v 0.78201467 0.01771191 -0.05911230
v 0.78067487 0.01661763 -0.06533835
v 0.78453797 0.02131066 -0.05723049
v 0.78835046 0.03173760 -0.07300004
v 0.78626859 0.02607265 -0.07632187
v 0.79872662 0.02005333 -0.07832390
v 0.80251861 0.02508008 -0.07601894
v 0.79680121 0.01749426 -0.06008722
v 0.79269195 0.01233831 -0.06714150
v 0.79404753 0.01396990 -0.06209162
v 0.80890775 0.01803297 -0.07739215
v 0.80391920 0.02839991 -0.06922710
v 0.80234158 0.00377303 -0.07805928
v 0.80572277 -0.00446248 -0.07844949
v 0.81024241 -0.00259888 -0.07868398
v 0.80675697 0.00587875 -0.07890891
v 0.80407941 0.01323962 -0.07859021
v 0.81133413 0.00985610 -0.07729302
v 0.80361450 -0.00459617 -0.06500471
v 0.80177766 -0.00549555 -0.07021294
v 0.80698431 -0.00343031 -0.06248046
v 0.78932494 0.03502375 -0.06588933
v 0.81595087 0.00080240 -0.06514408
v 0.81115055 -0.00167382 -0.06259763
v 0.80204743 -0.00538623 -0.07520417
v 0.79932988 0.00300157 -0.07397303
v 0.81433094 -0.00013936 -0.07680799
v 0.81688190 0.00228137 -0.07118421
v 0.81617594 -0.00827861 -0.07653300
v 0.81884617 -0.00687033 -0.07170459
v 0.81788301 -0.00794220 -0.06590442
v 0.81279540 -0.00857067 -0.06333961
v 0.80848289 -0.00886470 -0.06352621
v 0.81243956 -0.00971043 -0.07847291
v 0.80819780 -0.01029795 -0.07839359
v 0.80419779 -0.01036286 -0.07551648
v 0.81225306 -0.01679313 -0.07788296
v 0.81634134 -0.01704907 -0.07614517
v 0.81714994 -0.02413249 -0.06723316
v 0.81698799 -0.02942687 -0.06692520
v 0.81466836 -0.02859384 -0.06472097
v 0.81590408 -0.02276707 -0.06451181
v 0.81793654 -0.02021003 -0.06791458
v 0.81773680 -0.01681328 -0.06585085
v 0.81807745 -0.01980078 -0.07114667
v 0.81802464 -0.02451283 -0.07126789
v 0.81596512 -0.03008062 -0.07465908
v 0.81806475 -0.03051162 -0.07119495
v 0.81580991 -0.02448028 -0.07431135
v 0.81650984 -0.02041388 -0.07391712
v 0.81416506 -0.03369975 -0.06645384
v 0.81671697 -0.03349054 -0.06722671
v 0.81928134 -0.01529592 -0.07142809
v 0.81331694 -0.01457554 -0.06338356
v 0.81252372 -0.02168190 -0.06314437
v 0.81144452 -0.02810973 -0.06413394
v 0.81091851 -0.03308201 -0.06653591
v 0.80823326 -0.02771801 -0.06481464
v 0.80850017 -0.02134830 -0.06358625
v 0.80840635 -0.03174460 -0.06735492
v 0.80576712 -0.02760684 -0.06719746
v 0.80492121 -0.02139843 -0.06611216
v 0.80558884 -0.01353878 -0.06624353
v 0.80901980 -0.01367861 -0.06361024
v 0.80687636 -0.03052568 -0.06835958
v 0.81458628 -0.03655964 -0.07049707
v 0.81126267 -0.03545386 -0.07045715
v 0.81796700 -0.03575522 -0.07079640
v 0.81384611 -0.02382523 -0.07572213
v 0.81347233 -0.02978361 -0.07544871
v 0.81152958 -0.02372777 -0.07717861
v 0.81134069 -0.02978736 -0.07640027
v 0.81626189 -0.03433865 -0.07430178
v 0.81397432 -0.03469366 -0.07456085
v 0.80531925 -0.00942153 -0.06609411
v 0.80350167 -0.01002371 -0.07081762
v 0.80364031 -0.01390523 -0.07087643
v 0.80346727 -0.02171421 -0.07093877
v 0.80455530 -0.01460737 -0.07539175
v 0.80826569 -0.01612824 -0.07768662
v 0.80844420 -0.02296227 -0.07713917
v 0.80507112 -0.02216750 -0.07519720
v 0.80612338 -0.02788150 -0.07456411
v 0.80888516 -0.02887487 -0.07608286
v 0.80474001 -0.02768117 -0.07101716
v 0.80899107 -0.03267664 -0.07412821
v 0.81139636 -0.03416544 -0.07453617
v 0.80704618 -0.03098619 -0.07345951
v 0.80665243 -0.03117174 -0.07082330
v 0.80869466 -0.03353506 -0.07057649
v 0.78545773 0.00403297 -0.08774370
v 0.78874391 0.00598091 -0.08402450
v 0.78947181 0.00166821 -0.08369085
v 0.78560281 -0.00018597 -0.08751710
v 0.79636133 0.01106048 -0.08417435
v 0.79857278 0.01387513 -0.08709215
v 0.79962265 0.00599056 -0.08731890
v 0.79755628 0.00443453 -0.08435543
v 0.79832065 0.01453829 -0.09344177
v 0.79942548 0.00576347 -0.09241027
v 0.78295934 0.02210718 -0.08060565
v 0.78403914 0.02646419 -0.08343856
v 0.79399621 0.01999074 -0.08594867
v 0.79235744 0.01626235 -0.08277749
v 0.79254556 0.00830585 -0.08309998
v 0.79388177 0.00289017 -0.08311385
v 0.78414130 0.00321454 -0.09218492
v 0.78514862 0.00403327 -0.09581223
v 0.78111857 0.00838006 -0.09494144
v 0.78039479 0.00731063 -0.09152614
v 0.77247989 0.01340100 -0.08476102
v 0.77577424 0.01533443 -0.08089197
v 0.77952647 0.01834992 -0.07985047
v 0.77775598 0.02337232 -0.09464081
v 0.77377588 0.01792741 -0.09500869
v 0.78428417 0.01179475 -0.09768678
v 0.78903031 0.01709825 -0.09734766
v 0.78876895 0.01265311 -0.08219676
v 0.78158873 0.00713903 -0.08661275
v 0.78482389 0.00960413 -0.08300030
v 0.79394042 0.01070273 -0.09801106
v 0.79235196 0.02088135 -0.09196708
v 0.78591454 -0.00036317 -0.09622703
v 0.78934848 -0.00934577 -0.09552380
v 0.79364932 -0.00884354 -0.09663385
v 0.79059529 0.00110543 -0.09812492
v 0.78869390 0.00665694 -0.09841603
v 0.79561949 0.00381255 -0.09697913
v 0.79050016 -0.00669599 -0.08310404
v 0.78724194 -0.00786793 -0.08707246
v 0.79504156 -0.00608414 -0.08255598
v 0.78206545 0.02749470 -0.08947824
v 0.77103281 0.01347494 -0.09322157
v 0.80165356 -0.00525343 -0.08628130
v 0.79876620 -0.00562662 -0.08357102
v 0.78656888 -0.00875390 -0.09205800
v 0.78437865 -0.00075561 -0.09231590
v 0.79844689 -0.00707901 -0.09541118
v 0.80181414 -0.00497854 -0.09119201
v 0.79959023 -0.01481974 -0.09423485
v 0.80294335 -0.01339912 -0.08999938
v 0.80273342 -0.01319140 -0.08503801
v 0.79930240 -0.01247501 -0.08266732
v 0.79558468 -0.01189458 -0.08200833
v 0.79439330 -0.01564568 -0.09505492
v 0.79072630 -0.01501322 -0.09394541
v 0.78822905 -0.01333922 -0.09111863
v 0.79344445 -0.02043653 -0.09375978
v 0.79824668 -0.02134734 -0.09200203
v 0.79964525 -0.02677315 -0.08259380
v 0.79915965 -0.03167367 -0.08128631
v 0.79819512 -0.03078717 -0.07942638
v 0.79944515 -0.02568829 -0.08072561
v 0.80098510 -0.02332675 -0.08417881
v 0.80169523 -0.02030635 -0.08354592
v 0.80090761 -0.02331287 -0.08731350
v 0.80001265 -0.02773213 -0.08632696
v 0.79621786 -0.03212112 -0.08818230
v 0.79931712 -0.03259242 -0.08506051
v 0.79683250 -0.02732199 -0.08933511
v 0.79870182 -0.02386779 -0.08996978
v 0.79743189 -0.03515738 -0.07954976
v 0.79879725 -0.03507662 -0.08094332
v 0.80195707 -0.01971930 -0.08831668
v 0.79894549 -0.01802790 -0.08107406
v 0.79726321 -0.02409571 -0.07918283
v 0.79583937 -0.02964461 -0.07812065
v 0.79445481 -0.03394359 -0.07880169
v 0.79280001 -0.02836186 -0.07838282
v 0.79384720 -0.02283096 -0.07912332
v 0.79178876 -0.03219360 -0.07916558
v 0.79009342 -0.02767926 -0.07977605
v 0.79040176 -0.02212834 -0.08037013
v 0.79163408 -0.01579738 -0.08224216
v 0.79522830 -0.01662648 -0.08086118
v 0.79022151 -0.03070474 -0.08015487
v 0.79621929 -0.03745002 -0.08306569
v 0.79279822 -0.03627717 -0.08256710
v 0.79866248 -0.03666401 -0.08397886
v 0.79484415 -0.02672327 -0.09120610
v 0.79394823 -0.03177714 -0.08947128
v 0.79178381 -0.02589589 -0.09177202
v 0.79137462 -0.03117645 -0.08972207
v 0.79653531 -0.03550208 -0.08702645
v 0.79460096 -0.03562760 -0.08727905
v 0.79178905 -0.01161486 -0.08333284
v 0.78881484 -0.01206678 -0.08681625
v 0.78882813 -0.01570189 -0.08549020
v 0.78750700 -0.02237064 -0.08368784
v 0.78799772 -0.01688766 -0.08962679
v 0.78981256 -0.01943165 -0.09228203
v 0.78893846 -0.02495402 -0.09059182
v 0.78693390 -0.02354461 -0.08783418
v 0.78726780 -0.02871132 -0.08645216
v 0.78890711 -0.03004968 -0.08865216
v 0.78771538 -0.02799147 -0.08267877
v 0.78951818 -0.03324878 -0.08603954
v 0.79176623 -0.03494924 -0.08694160
v 0.78817785 -0.03156769 -0.08507031
v 0.78892231 -0.03156406 -0.08231574
v 0.79037744 -0.03398114 -0.08224303
v 0.77106440 0.01313967 -0.08931148
v 0.76435125 0.00046688 -0.10708392
v 0.76758003 0.00172818 -0.10453236
v 0.76777786 -0.00155592 -0.10479853
v 0.76435053 -0.00224912 -0.10718620
v 0.77464545 0.00629795 -0.10596672
v 0.77607286 0.00787008 -0.10976008
v 0.77630794 0.00136113 -0.11003593
v 0.77509618 0.00039339 -0.10628426
v 0.77390957 0.00759074 -0.11501637
v 0.77412724 0.00134140 -0.11465186
v 0.76291960 0.01793078 -0.09957710
v 0.76208192 0.02190086 -0.10295407
v 0.77217913 0.01358464 -0.10770288
v 0.77119482 0.01121452 -0.10389778
v 0.75291324 0.00580674 -0.10623708
v 0.75196260 0.00778282 -0.11036639
v 0.74630952 0.01162486 -0.10779586
v 0.74564666 0.01071551 -0.10325506
v 0.77128470 0.00419420 -0.10415748
v 0.77167714 -0.00069922 -0.10473782
v 0.76217997 -0.00019330 -0.11029494
v 0.76163131 -0.00017393 -0.11404651
v 0.75960946 0.00300020 -0.11370146
v 0.76002085 0.00216344 -0.10943186
v 0.75758457 0.00890025 -0.09905425
v 0.75548625 0.00597566 -0.10257591
v 0.74812597 0.00978120 -0.09874887
v 0.75292277 0.01168685 -0.09580506
v 0.76081914 0.01253965 -0.09894392
v 0.75459391 0.01685914 -0.11336036
v 0.75253737 0.01154140 -0.11291213
v 0.76128924 0.00606355 -0.11658154
v 0.76562858 0.01006043 -0.11678357
v 0.76891792 0.00762779 -0.10305995
v 0.76193273 0.00335336 -0.10578436
v 0.76579320 0.00446194 -0.10360879
v 0.76880151 0.00450543 -0.11747476
v 0.76983869 0.01413292 -0.11298248
v 0.76153725 -0.00351977 -0.11435786
v 0.76252186 -0.00988454 -0.11424568
v 0.76517391 -0.01000959 -0.11661169
v 0.76441717 -0.00272858 -0.11736247
v 0.76423848 0.00136837 -0.11706179
v 0.76912773 -0.00114930 -0.11756420
v 0.76855659 -0.00797403 -0.10444009
v 0.76471955 -0.00803441 -0.10685903
v 0.77228391 -0.00777531 -0.10449877
v 0.75882316 0.02288774 -0.10863826
v 0.77693033 -0.00756037 -0.10956928
v 0.77544343 -0.00778770 -0.10611826
v 0.76264048 -0.00898451 -0.11042395
v 0.76213431 -0.00311011 -0.11051470
v 0.76960909 -0.00940096 -0.11675704
v 0.77460134 -0.00771165 -0.11390823
v 0.77006352 -0.01600957 -0.11581483
v 0.77570337 -0.01434577 -0.11347997
v 0.77752793 -0.01340961 -0.10900226
v 0.77602959 -0.01242083 -0.10572216
v 0.77304816 -0.01179171 -0.10423955
v 0.76526362 -0.01588410 -0.11532325
v 0.76318181 -0.01486140 -0.11287689
v 0.76372230 -0.01319051 -0.10970786
v 0.76572371 -0.02047473 -0.11346453
v 0.77050602 -0.02130187 -0.11384824
v 0.77674609 -0.02393085 -0.10635313
v 0.77706444 -0.02736646 -0.10485125
v 0.77668655 -0.02678317 -0.10303158
v 0.77703148 -0.02268088 -0.10460028
v 0.77674139 -0.02101570 -0.10841975
v 0.77713168 -0.01841176 -0.10782117
v 0.77520508 -0.02132863 -0.11110011
v 0.77569413 -0.02512234 -0.10948843
v 0.77228153 -0.03002346 -0.10977072
v 0.77617860 -0.02909374 -0.10812908
v 0.77209878 -0.02626812 -0.11167988
v 0.77259475 -0.02306098 -0.11251506
v 0.77636075 -0.03071415 -0.10262710
v 0.77723420 -0.03037715 -0.10433251
v 0.77517152 -0.01870298 -0.11216152
v 0.77602756 -0.01642859 -0.10490263
v 0.77594191 -0.02158684 -0.10281605
v 0.77543449 -0.02667165 -0.10114855
v 0.77420688 -0.03068233 -0.10125092
v 0.77311158 -0.02567273 -0.10059783
v 0.77356803 -0.02044398 -0.10194138
v 0.77210593 -0.02932751 -0.10094538
v 0.77068257 -0.02487499 -0.10105106
v 0.77045643 -0.01968467 -0.10208756
v 0.76987767 -0.01457739 -0.10357282
v 0.77337217 -0.01517558 -0.10358009
v 0.77071869 -0.02793276 -0.10104945
v 0.77437985 -0.03337294 -0.10485250
v 0.77216482 -0.03264755 -0.10330948
v 0.77614367 -0.03248179 -0.10685578
v 0.76939672 -0.02617961 -0.11203226
v 0.76984060 -0.03041935 -0.10970581
v 0.76657921 -0.02514225 -0.11129856
v 0.76776969 -0.02977365 -0.10844782
v 0.77320862 -0.03248572 -0.10846633
v 0.77156115 -0.03310341 -0.10738447
v 0.76926976 -0.01156777 -0.10412303
v 0.76577657 -0.01204807 -0.10634631
v 0.76629478 -0.01520169 -0.10538360
v 0.76709104 -0.02008003 -0.10360286
v 0.76394439 -0.01671171 -0.10838389
v 0.76360798 -0.01873851 -0.11129087
v 0.76486498 -0.02378178 -0.10924509
v 0.76473689 -0.02187741 -0.10634130
v 0.76647913 -0.02672017 -0.10441637
v 0.76658720 -0.02842700 -0.10658857
v 0.76812410 -0.02527422 -0.10228479
v 0.76875025 -0.03078938 -0.10427746
v 0.76978695 -0.03236932 -0.10565981
v 0.76818478 -0.02916372 -0.10336086
v 0.76941317 -0.02877790 -0.10206968
v 0.77055472 -0.03095877 -0.10242563
v 0.74784470 0.01414490 -0.11024198
v 0.75351721 0.00278935 -0.02216166
v 0.75319237 0.00304282 -0.01721048
v 0.74724001 -0.01257199 -0.02765635
v 0.75050259 -0.00612228 -0.02865456
v 0.74472260 -0.01660911 -0.02270368
v 0.74602318 -0.01242199 -0.01251368
v 0.74468684 -0.01573067 -0.01698768
v 0.75264806 -0.00064901 -0.02599314
v 0.75177324 0.00048842 -0.01255780
v 0.74861389 -0.00631679 -0.01031283
v 0.76043862 -0.00658111 -0.01013157
v 0.75756913 -0.01310436 -0.00888677
v 0.75366038 -0.01968743 -0.01188830
v 0.75138980 -0.02129434 -0.01724687
v 0.75010067 -0.02024288 -0.02287182
v 0.76094413 -0.00173928 -0.01531674
v 0.76036114 -0.00097744 -0.02050714
v 0.75809765 -0.00385730 -0.02513911
v 0.76888579 -0.00750151 -0.01379073
v 0.77153170 -0.01438574 -0.00965413
v 0.76973945 -0.02875181 -0.01144215
v 0.77376789 -0.03086989 -0.01133022
v 0.77203590 -0.03176141 -0.01543918
v 0.76706684 -0.02980686 -0.01513478
v 0.76764643 -0.02612048 -0.01135921
v 0.76318616 -0.02595003 -0.01335841
v 0.77346677 -0.02476624 -0.00808784
v 0.77034742 -0.02241166 -0.00909510
v 0.77336359 -0.01892752 -0.00848582
v 0.77689987 -0.01970512 -0.00818062
v 0.77744496 -0.02752119 -0.00764218
v 0.78078038 -0.02923904 -0.00935763
v 0.77745503 -0.03183622 -0.01145756
v 0.77723819 -0.03186290 -0.01469925
v 0.76715648 -0.02000807 -0.00905532
v 0.75758612 -0.02597644 -0.01870534
v 0.76445854 -0.02941357 -0.01978502
v 0.00076472 0.09674146 -0.11444900
v 0.00107548 0.10819076 -0.11136498
v 0.77116376 -0.03093794 -0.01989749
v 0.77708143 -0.03012162 -0.01879925
v 0.77116579 -0.02763373 -0.02388763
v 0.76370817 -0.02671646 -0.02483562
v 0.77637863 -0.02672599 -0.02190152
v 0.77221018 -0.02360703 -0.02572680
v 0.76519728 -0.02159492 -0.02766198
v 0.75574458 -0.01794690 -0.02777317
v 0.75502247 -0.02334965 -0.02412298
v 0.77583861 -0.02431233 -0.02374169
v 0.78239965 -0.02893683 -0.01299667
v 0.78158730 -0.02650707 -0.01696977
v 0.77742445 -0.01581150 -0.01074937
v 0.78152138 -0.01886142 -0.01109326
v 0.78036720 -0.02222420 -0.00805524
v 0.77641153 -0.01212953 -0.01439154
v 0.78126293 -0.01652886 -0.01500788
v 0.78253645 -0.02510382 -0.00861371
v 0.78371805 -0.02326661 -0.01157600
v 0.75150925 -0.01576129 -0.02741809
v 0.75483847 -0.00936149 -0.02787690
v 0.75923377 -0.01147139 -0.02763304
v 0.76797247 -0.01557036 -0.02647749
v 0.76371229 -0.00653755 -0.02439800
v 0.76710606 -0.00483231 -0.01880127
v 0.77487135 -0.01045056 -0.01887891
v 0.77172035 -0.01150996 -0.02347797
v 0.77704090 -0.01626177 -0.02221480
v 0.77961838 -0.01557766 -0.01903459
v 0.77440983 -0.01933466 -0.02448350
v 0.78110689 -0.02004657 -0.01923090
v 0.78308988 -0.02140015 -0.01575601
v 0.77899420 -0.01939645 -0.02125460
v 0.77771139 -0.02181248 -0.02234483
v 0.77978516 -0.02392726 -0.02022484
v 0.74136031 0.01254576 -0.10259933
v 0.74403846 0.01155206 -0.09697463
v 0.73796737 0.01237048 -0.09611248
v 0.73038268 0.01117656 -0.09491111
v 0.72159427 0.01307913 -0.09895153
v 0.73243535 0.01195033 -0.08848199
v 0.74037975 0.01301339 -0.08999858
v 0.74915117 0.01286444 -0.09093784
v 0.72740161 0.01304295 -0.08168888
v 0.01591107 0.07259370 0.05485300
v 0.01625295 0.05637689 0.06501593
v 0.29356125 0.04983118 -0.00216471
v 0.29173410 0.06742320 -0.00345143
v 0.28970769 0.10249541 -0.04628827
v 0.28622109 0.10145237 -0.06904639
v 0.06444821 -0.22122052 0.12407454
v 0.11013737 -0.17390819 -0.08538594
v 0.11255214 -0.15452360 -0.09179913
v 0.03589933 -0.15641825 -0.11364024
v 0.05590205 -0.16028483 -0.11261074
v 0.14375645 -0.18898663 0.02999045
v 0.14333645 -0.16901809 0.02694636
v 0.10301664 -0.19743991 0.08911948
v 0.10382574 -0.17514513 0.08651653
v 0.13491760 -0.21274421 0.05634580
v 0.08043556 -0.20635393 -0.09772167
v 0.09919649 -0.20864761 -0.08995833
v 0.09489906 -0.18874511 -0.09287921
v 0.07667165 -0.18580259 -0.10195424
v 0.01694728 -0.15311977 -0.10946357
v 0.01743746 -0.17626920 -0.10292665
v 0.15012936 -0.14789301 -0.00054762
v 0.14972106 -0.14698879 -0.02768828
v 0.13143802 -0.14147180 -0.07609182
v 0.11588117 -0.13551502 -0.09401605
v 0.09796327 -0.12798962 -0.10655762
v 0.07856856 -0.12014233 -0.11557609
v 0.08850997 -0.15279202 0.10085780
v 0.06947388 -0.13088137 0.10888766
v 0.14373861 -0.14859580 0.02547779
v 0.02384996 -0.15320630 0.12823877
v 0.06235766 -0.08937332 -0.12700610
v 0.03908910 -0.08473790 -0.12981077
v 0.14321917 -0.14509666 -0.05323211
v 0.03141659 0.01622152 0.09159441
v 0.04966024 0.01930026 0.09034507
v 0.04871216 0.00399435 0.10045333
v 0.03080298 0.00014227 0.10073534
v 0.06608186 0.00608099 0.09890298
v 0.08278023 0.00715033 0.09566090
v 0.09809615 0.00718900 0.09105588
v 0.13385439 0.00191718 0.07342456
v 0.12359098 0.00452563 0.07973726
v 0.15026145 -0.00751356 0.05818982
v 0.14280319 -0.00164902 0.06637595
v 0.15571927 -0.01805575 0.04786332
v 0.15858409 -0.03053583 0.03476132
v 0.16388240 -0.02920250 0.01307306
v 0.16119644 -0.04262432 0.01932289
v 0.15555769 -0.04391915 0.04260011
v 0.15231873 -0.03127248 0.05514096
v 0.14703670 -0.02141509 0.06565449
v 0.01766343 -0.06654611 0.11445577
v 0.01514112 -0.04204118 0.11278385
v 0.01491549 0.08791287 0.04569975
v 0.49061713 0.01942383 -0.09336194
v 0.61540192 0.05031446 -0.03304719
v 0.01806414 0.11013751 -0.11229751
v 0.03672248 0.11366370 -0.11375301
v 0.09877406 0.12609380 -0.10293382
v 0.11470779 0.13711822 -0.08594453
v 0.07752201 0.11673612 -0.11385497
v 0.05634766 0.10866959 -0.11812632
v 0.13110676 -0.13011833 0.04799085
v 0.03755753 0.07697529 -0.12479683
v 0.05744504 0.09706412 -0.12311094
v 0.08010818 0.10524984 -0.11985219
v 0.10366006 0.11495675 -0.10980470
v 0.12691557 0.12647483 -0.09230872
v 0.14280523 0.12442200 -0.08536543
v 0.16173559 0.10598547 -0.09060877
v 0.17720245 0.11147091 -0.08235145
v 0.18062444 0.12417370 -0.06644080
v 0.17236724 0.12161452 -0.07053024
v 0.16955662 0.10755100 -0.08578181
v 0.25410256 0.10719387 -0.07662708
v 0.27663496 0.08730166 -0.09029797
v 0.26857364 0.09902425 -0.08192977
v 0.28025964 0.07244898 -0.09674720
v 0.28128567 0.06068996 -0.09949952
v 0.27757600 0.04918017 -0.10060573
v 0.26772362 0.03968716 -0.10009149
v 0.22967857 0.01949886 -0.08974504
v 0.21312197 0.01211099 -0.08525901
v 0.17693032 -0.01640518 -0.08931738
v 0.16880733 -0.02269993 -0.09227540
v 0.14810482 -0.05044408 -0.10075279
v 0.13623109 -0.06328198 -0.10337618
v 0.00076833 0.14439614 -0.09855755
v 0.12408578 -0.07805435 -0.10754173
v -0.00115043 -0.05857473 -0.12973100
v -0.00086847 -0.03801782 -0.13317512
v -0.00127651 -0.12737617 -0.11082242
v -0.00131663 -0.10586600 -0.11975569
v 0.12162420 -0.30227834 -0.09632888
v 0.11652328 -0.28454018 -0.09053426
v 0.09664782 -0.28631383 -0.10074879
v -0.00006515 -0.26931402 -0.09906114
v -0.00010094 -0.24863045 -0.09058940
v -0.00059819 -0.19770789 -0.09130727
v -0.00072565 -0.17357311 -0.09629438
v 0.10199998 -0.30444944 -0.10745178
v 0.04613388 -0.24854228 -0.09794165
v -0.00050085 -0.00475303 -0.13256495
v 0.00000693 0.00912722 -0.12827910
v 0.00022172 0.02606088 -0.12686650
v 0.02333097 -0.24858847 -0.09560771
v 0.16013832 -0.28518820 -0.03405640
v 0.16414741 -0.28893226 -0.00750727
v 0.13430825 -0.28340378 -0.07611514
v 0.14949201 -0.28349486 -0.05733205
v 0.16119274 -0.29465362 0.01914310
v 0.10283372 -0.32593456 0.09905852
v 0.08265037 -0.33221364 0.11348884
v 0.04081385 -0.34070069 0.13255075
v 0.02012777 -0.34323734 0.13658115
v 0.15272559 -0.30237812 0.04347530
v 0.06168382 -0.33713129 0.12488937
v 0.13918795 -0.31086949 0.06428072
v 0.12184067 -0.31882823 0.08267695
v 0.06739763 -0.24856259 -0.09726144
v 0.07130393 -0.26862320 -0.10078011
v 0.00019117 0.13632643 0.02890410
v 0.00023036 0.12720557 0.02723311
v 0.09148982 -0.26806551 -0.09644128
v 0.05727065 -0.01579004 -0.14083607
v 0.03641713 -0.01766585 -0.13948685
v 0.07786121 -0.01217616 -0.14038877
v 0.09452977 0.01087765 -0.13871668
v 0.09732823 -0.00632874 -0.13706461
v 0.11557551 0.00011932 -0.13184957
v 0.00021373 0.14561750 0.03195700
v -0.00069388 0.07099277 0.05594171
v -0.00088789 0.05439814 0.06605128
v 0.11268598 0.01676578 -0.13358411
v -0.00199036 -0.04543263 0.11099572
v -0.00199424 -0.06990224 0.11302141
v -0.00049380 0.08655042 0.04616348
v -0.00198973 -0.09262892 0.11253314
v 0.14444190 0.02678192 -0.11884290
v 0.14610796 0.01325273 -0.11768392
v 0.15812407 0.01770585 -0.11204070
v 0.15708151 0.03011646 -0.11345680
v 0.18108508 0.02523250 -0.10335534
v 0.16950896 0.02121021 -0.10743509
v 0.19297808 0.03092359 -0.09869077
v 0.20764038 0.03732485 -0.09926567
v 0.20348723 0.06315865 -0.10376880
v 0.19091867 0.05657142 -0.10484860
v 0.14493962 0.04125407 -0.11844537
v 0.12957253 0.03809705 -0.12596503
v 0.03625809 0.01507181 -0.13559005
v 0.01754178 0.01116137 -0.13119575
v 0.16511618 -0.04944235 0.00064874
v 0.16873087 -0.05465117 -0.01976253
v 0.17053448 -0.05702475 -0.03918659
v 0.16936979 -0.05597843 -0.05652578
v 0.16750331 -0.05277577 -0.07259846
v 0.16238412 -0.04706893 -0.08634596
v 0.16217932 -0.03033969 -0.09506615
v 0.15584797 -0.03928242 -0.09785779
v -0.00058780 -0.46880800 -0.12489045
v 0.15724564 -0.02143917 -0.10336812
v 0.14900592 -0.03024299 -0.10739632
v 0.13631868 -0.00667191 -0.12134138
v 0.14236856 -0.01940489 -0.11517270
v 0.13166213 0.00739512 -0.12506606
v 0.12928964 0.02240928 -0.12660952
v 0.11215589 0.03393132 -0.13323808
v 0.09365947 0.02888580 -0.13864912
v 0.07614923 0.05918247 -0.13572234
v 0.07518847 0.04182724 -0.13878994
v 0.07478507 0.02360721 -0.14089417
v 0.07495367 0.00595119 -0.14134084
v 0.07549879 0.15131430 -0.08205963
v 0.05764427 0.14520787 -0.09296498
v 0.26022238 0.04509800 -0.10115276
v 0.26543337 0.05255018 -0.10155512
v -0.00088929 -0.41891682 -0.14624827
v -0.00044390 -0.39567000 -0.14697967
v 0.25594401 0.05311891 -0.10200644
v 0.25495991 0.04770235 -0.10174050
v 0.26693583 0.06157742 -0.10098723
v 0.26580560 0.07306059 -0.09925295
v 0.25429967 0.07165167 -0.10074159
v 0.25547472 0.06072270 -0.10214905
v 0.26243547 0.08539226 -0.09451238
v 0.25091022 0.08285932 -0.09746088
v 0.25601366 0.09577414 -0.08911332
v 0.24675675 0.10241550 -0.08519409
v 0.24260210 0.09816791 -0.08972657
v 0.24648251 0.09231248 -0.09339506
v 0.21158704 0.09423591 -0.09499937
v 0.22336489 0.09669083 -0.09267250
v 0.23460543 0.09771420 -0.09065004
v 0.22206654 0.04467434 -0.10121806
v 0.23438428 0.05283839 -0.10254385
v 0.24502468 0.05847731 -0.10278585
v 0.24314973 0.06888589 -0.10195204
v 0.23209687 0.06308386 -0.10276203
v -0.00095878 -0.43932682 -0.14117582
v 0.21959271 0.05558038 -0.10292521
v 0.05518459 0.00269206 -0.14118174
v 0.03625019 -0.00113105 -0.13831206
v -0.00012417 -0.45613405 0.11379213
v -0.00019048 -0.47230420 0.10811521
v 0.17946279 0.03700474 -0.10493386
v -0.00028348 -0.48671407 0.09905716
v -0.00032806 -0.49992037 0.08766227
v 0.16891482 0.03359349 -0.10918187
v 0.19113240 0.04193110 -0.10193435
v 0.20541826 0.04892293 -0.10216741
v 0.17983282 0.05115097 -0.10646121
v 0.16882722 0.04713076 -0.10928243
v 0.15737273 0.04406387 -0.11319610
v 0.05520140 0.01942908 -0.13933061
v 0.01761199 -0.00397666 -0.13463372
v -0.00051575 -0.34805763 -0.13724609
v -0.00021593 -0.32546803 -0.12850626
v 0.00017615 -0.36643776 0.13253139
v 0.00022006 0.15349348 0.03490096
v 0.00045934 0.19284359 -0.07280301
v 0.00015623 0.11693401 0.02728184
v 0.00001046 0.10704214 0.03163044
v -0.00073627 -0.51063490 -0.01582642
v -0.00021494 0.09706874 0.03912805
v -0.00069459 -0.51068890 -0.02831148
v -0.00113503 -0.14981592 -0.10284881
v 0.18038110 0.09234789 0.01923210
v 0.18201925 0.11756722 0.00429530
v 0.18472618 0.13251510 -0.01862364
v 0.18384491 0.13371600 -0.04449488
v 0.41720745 -0.00698111 -0.05638842
v 0.01859963 -0.19962163 -0.09751169
v 0.02092893 -0.22363640 -0.09460441
v 0.04220117 -0.22508238 -0.09810944
v 0.01798226 -0.08293590 -0.12821902
v 0.01757849 -0.01895504 -0.13724387
v 0.10773010 -0.02258834 0.10486218
v 0.09522814 -0.02179817 0.10992595
v 0.09634805 -0.00730373 0.10131030
v 0.10935073 -0.00814603 0.09596679
v 0.12841934 -0.02564972 0.09059576
v 0.11898194 -0.02397282 0.09807997
v 0.12094311 -0.00975224 0.08940150
v 0.13105512 -0.01219909 0.08223955
v 0.13684048 -0.02914089 0.08235998
v 0.13966750 -0.01567386 0.07444874
v 0.11718155 -0.03926580 0.10488807
v 0.10639136 -0.03812724 0.11165991
v 0.09421090 -0.03711166 0.11623383
v 0.13388786 -0.04258798 0.08888395
v 0.12637813 -0.04054543 0.09712008
v 0.01053335 0.15539365 0.03384236
v 0.01318255 0.10984199 0.03207462
v 0.01266984 0.11959776 0.02830944
v 0.01411158 -0.02148554 0.10757888
v 0.01412015 0.01143569 0.09204683
v 0.01504245 0.02425704 0.08221605
v 0.01586723 0.03953756 0.07375481
v 0.01429268 0.09947225 0.03842487
v 0.01384906 -0.00428847 0.10040142
v 0.16711941 -0.47395310 -0.07780967
v 0.14857233 -0.49096581 -0.09752270
v 0.15528651 -0.46422258 -0.09538911
v 0.14088698 -0.47694477 -0.10885443
v 0.16607894 -0.39437547 -0.07073269
v 0.16513373 -0.42067349 -0.07711740
v 0.16686212 -0.36659554 -0.06673908
v 0.12045649 -0.48450580 -0.12165913
v 0.09442317 -0.48707417 -0.13064949
v 0.09262024 -0.46748373 -0.13841836
v 0.15128437 -0.36885092 -0.09179403
v 0.15125193 -0.39574495 -0.09519514
v 0.16267009 -0.44490445 -0.08529150
v 0.14956434 -0.44374475 -0.10324804
v 0.14734709 -0.45857176 -0.10533619
v 0.11763311 -0.46673125 -0.12852488
v 0.13600773 -0.46359849 -0.11587677
v 0.03373232 -0.32702965 -0.12857208
v 0.06243972 -0.32723895 -0.12703943
v 0.05873759 -0.30729139 -0.11784449
v 0.12699951 -0.32200709 -0.10222121
v 0.13965662 -0.30031267 -0.08000143
v 0.13468994 -0.44577521 -0.11872177
v 0.11564548 -0.44602925 -0.13274632
v 0.09035086 -0.44511661 -0.14379944
v 0.09004979 -0.37042600 -0.13840653
v 0.08912485 -0.39462599 -0.14371343
v 0.11282695 -0.39628983 -0.13241073
v 0.11324279 -0.37083602 -0.12752615
v 0.13122095 -0.34483090 -0.10793085
v 0.13330168 -0.37052646 -0.11213334
v 0.08921894 -0.34714678 -0.13105544
v 0.11134484 -0.34609392 -0.12158871
v 0.10723867 -0.32388905 -0.11450390
v 0.13370593 -0.39725059 -0.11590055
v 0.06006316 -0.41919693 -0.15190387
v 0.08917162 -0.42045724 -0.14599581
v 0.03002555 -0.41817549 -0.15019771
v 0.08607592 -0.32559824 -0.12255721
v 0.08171570 -0.30572367 -0.11391160
v 0.07610361 -0.28702530 -0.10599842
v 0.06318694 -0.22687726 -0.09763955
v 0.11719251 -0.70911068 0.06580584
v -0.00062548 -0.53046930 0.01125833
v -0.00040595 -0.52221543 -0.01564353
v 0.18105967 -0.43883178 0.04277177
v 0.18713966 -0.45665503 -0.03236313
v 0.17558382 -0.44937655 -0.06156738
v 0.02675851 -0.52994639 0.07638635
v 0.01000486 -0.53567815 0.05479041
v 0.16318314 -0.44816843 0.07028168
v 0.10881644 -0.49686757 0.09953163
v 0.00188559 -0.53553325 0.03310974
v 0.15083812 -0.42124712 -0.09951559
v 0.13433975 -0.42311707 -0.11833390
v 0.11392472 -0.42234141 -0.13411921
v 0.06064405 -0.44319665 -0.14937542
v 0.02953305 -0.44018000 -0.14745183
v 0.02167964 -0.47791967 0.10366473
v 0.01760977 -0.46767813 0.10854685
v 0.00916022 -0.47031245 0.10834136
v 0.00944648 -0.48483214 0.10031018
v 0.10271940 -0.34695330 0.09766156
v 0.08121942 -0.35391119 0.11096179
v 0.03859170 -0.36263448 0.12805587
v 0.01875900 -0.36499852 0.13169628
v 0.15658757 -0.32117173 0.04364529
v 0.05941652 -0.35911286 0.12126888
v 0.14254212 -0.33027878 0.06450006
v 0.12343065 -0.33913019 0.08242304
v 0.07148159 -1.15178144 -0.05721240
v 0.07259471 -1.18030500 -0.05318203
v 0.07308686 -1.17892098 -0.06872735
v 0.06983393 -1.14965200 -0.07254504
v 0.08716695 -1.14499342 -0.10118069
v 0.07532512 -1.14720809 -0.09302039
v 0.10239255 -1.14463580 -0.10300679
v 0.09942590 -1.17481792 -0.10197248
v 0.11068481 -1.17550325 -0.09499297
v 0.11584957 -1.14585507 -0.09759470
v 0.12424702 -1.14670420 -0.08817769
v 0.12776703 -1.17741001 -0.05663007
v 0.13344814 -1.14917970 -0.05707271
v 0.13013685 -1.14739799 -0.07625089
v 0.12583059 -1.17685461 -0.07491517
v 0.12741263 -1.15323651 -0.03717912
v 0.12265860 -1.17987263 -0.03689170
v 0.11235367 -1.15608037 -0.02602594
v 0.07745173 -1.15421462 -0.04153975
v 0.07656586 -1.18177044 -0.03619339
v 0.08564632 -1.17509627 -0.10034399
v 0.07667308 -1.17662513 -0.09042936
v 0.07025983 -1.14875269 -0.08315822
v 0.07456106 -1.17789638 -0.07957709
v 0.07266720 -1.20734799 -0.06447075
v 0.06473929 -1.20862103 -0.04834969
v 0.08411993 -1.20458806 -0.10054515
v 0.07906841 -1.20590615 -0.08760358
v 0.10656122 -1.20424283 -0.09269048
v 0.09669444 -1.20385265 -0.10340706
v 0.12655191 -1.20486462 -0.07419360
v 0.11915677 -1.17613745 -0.08553645
v 0.11695559 -1.20455933 -0.08354364
v 0.12750161 -1.20468223 -0.05656680
v 0.12169735 -1.20603716 -0.03337204
v 0.07168239 -1.20783234 -0.02950899
v 0.07743544 -1.20593369 -0.07621510
v 0.12387194 -1.29176116 0.12446593
v 0.12843777 -1.29167807 0.12351108
v 0.12988336 -1.29612768 0.12413856
v 0.12298357 -1.29696202 0.12557390
v 0.07926536 -1.28813732 0.13640270
v 0.08792230 -1.28644884 0.13836616
v 0.09001105 -1.29554164 0.13651027
v 0.07816645 -1.29795516 0.13441062
v 0.11409854 -1.30055535 0.13094714
v 0.10918386 -1.30045998 0.13145167
v 0.10824280 -1.29673946 0.13515308
v 0.11624633 -1.29659653 0.13434082
v 0.15494199 -1.29680991 0.08918020
v 0.15070651 -1.29718328 0.09068693
v 0.15057319 -1.29268205 0.09316991
v 0.15602009 -1.29301870 0.09049805
v 0.14176251 -1.30026567 0.10728210
v 0.13784124 -1.30087852 0.10877931
v 0.13752545 -1.29646361 0.11173703
v 0.14367509 -1.29668581 0.10915770
v 0.09052318 -1.28229642 0.11428421
v 0.09027009 -1.28311741 0.12876186
v 0.07738909 -1.28590953 0.12645936
v 0.07576613 -1.28121257 0.11181850
v 0.07058446 -1.29505074 0.12272216
v 0.07825929 -1.30055189 0.12008118
v 0.07679838 -1.30098414 0.10547224
v 0.06920370 -1.29251766 0.10670691
v 0.09093983 -1.30080128 0.12223366
v 0.09063254 -1.30047321 0.10885689
v 0.09769483 -1.29180443 0.11321820
v 0.09950387 -1.29198194 0.12775038
v 0.11733577 -1.29177010 0.11376257
v 0.12064698 -1.29408991 0.12593943
v 0.11447069 -1.28824604 0.12731126
v 0.11220106 -1.28420293 0.11480424
v 0.10630082 -1.28859591 0.12852411
v 0.10124788 -1.28483236 0.11654384
v 0.09792561 -1.29441738 0.11549868
v 0.10052970 -1.29541755 0.12874472
v 0.10594068 -1.30075634 0.12486634
v 0.10279236 -1.29986906 0.11186601
v 0.11212178 -1.29887807 0.11122070
v 0.11507716 -1.30060303 0.12358845
v 0.12186570 -1.29021132 0.11861850
v 0.11911914 -1.28581512 0.10924293
v 0.12949939 -1.28466284 0.10689263
v 0.12965973 -1.28942966 0.11758389
v 0.12104784 -1.29981887 0.10652693
v 0.11586877 -1.29524314 0.10930350
v 0.11744030 -1.29753208 0.11887284
v 0.12268696 -1.30130672 0.11696673
v 0.13026252 -1.30100930 0.11610264
v 0.13030039 -1.29877317 0.10510311
v 0.13433993 -1.29160058 0.10662242
v 0.13444723 -1.29502642 0.11718778
v 0.14462022 -1.28934658 0.10347879
v 0.14522268 -1.28442681 0.09356098
v 0.14873981 -1.29149437 0.09245904
v 0.14725868 -1.29545367 0.10212173
v 0.13730729 -1.28518522 0.09729946
v 0.13821141 -1.28912246 0.10536040
v 0.13682656 -1.29887521 0.09550418
v 0.13426270 -1.29154825 0.09915234
v 0.13343398 -1.29404557 0.10605346
v 0.13589787 -1.30095482 0.10351317
v 0.14362797 -1.30079174 0.10168465
v 0.14484042 -1.29877675 0.09187951
v 0.15909654 -1.29233742 0.08359635
v 0.15738811 -1.28656018 0.08519626
v 0.15827025 -1.28394341 0.07643067
v 0.15966873 -1.29084408 0.07354776
v 0.15161985 -1.28362596 0.08134932
v 0.15110219 -1.28636849 0.08767979
v 0.14949587 -1.29707372 0.07949591
v 0.14932683 -1.28963971 0.08272839
v 0.14742856 -1.29147208 0.08781336
v 0.14865582 -1.29803073 0.08574081
v 0.15594482 -1.29776204 0.08353804
v 0.15573335 -1.29653633 0.07508165
v 0.07575011 -1.27770805 0.09736058
v 0.09428988 -1.28153741 0.10015233
v 0.08094909 -1.30023801 0.12954372
v 0.06959826 -1.29097128 0.09201128
v 0.08793124 -1.30007911 0.13060714
v 0.09473868 -1.30000556 0.09612868
v 0.07764143 -1.29973400 0.09082298
v 0.09666603 -1.29206192 0.10656366
v 0.11426282 -1.29138398 0.13386729
v 0.11478992 -1.29254460 0.10412657
v 0.11476055 -1.29963100 0.09458673
v 0.10945445 -1.29146123 0.13438302
v 0.11323038 -1.28147757 0.09806231
v 0.13111201 -1.28224504 0.08903689
v 0.12488103 -1.30064011 0.12277272
v 0.12892988 -1.30027163 0.12234100
v 0.13312973 -1.29931188 0.08764838
v 0.13447580 -1.29040539 0.09714106
v 0.14322269 -1.29212987 0.10890721
v 0.14951803 -1.28951299 0.08288394
v 0.14726679 -1.29839838 0.07627447
v 0.13929638 -1.29195976 0.10995926
v 0.14729005 -1.28091192 0.07728890
v 0.15421852 -1.29004383 0.08961607
v 0.15637720 -1.29764068 0.06439511
v 0.16121437 -1.28994012 0.06138838
v 0.15144728 -1.28932226 0.09147965
v 0.15853880 -1.28122056 0.06582159
v 0.08586573 -1.15685546 -0.02981384
v 0.08531155 -1.18277335 -0.02473236
v 0.09776061 -1.15761983 -0.02455038
v 0.10939135 -1.18244803 -0.02437157
v 0.09674117 -1.18369687 -0.02086280
v 0.08298497 -1.20744479 -0.01620573
v 0.10890081 -1.20792222 -0.01884382
v 0.09594981 -1.20776033 -0.01312381
v 0.12877986 -1.22584522 -0.07637574
v 0.13167860 -1.22664273 -0.05872188
v 0.11659791 -1.22527671 -0.08614416
v 0.09706568 -1.22482061 -0.10685658
v 0.10722642 -1.22496307 -0.09693105
v 0.08109819 -1.22678447 -0.00555425
v 0.07090431 -1.22917056 -0.02328177
v 0.09561904 -1.22549832 -0.00012433
v 0.11133755 -1.22625577 -0.00807815
v 0.07147211 -1.27247357 0.08064194
v 0.07177515 -1.27102351 0.05960948
v 0.08658959 -1.26082242 0.06277158
v 0.09058334 -1.27036357 0.08190807
v 0.10560423 -1.26121116 0.05913044
v 0.10906289 -1.27284753 0.07819807
v 0.12252828 -1.26516306 0.05115781
v 0.12644032 -1.27449858 0.07040328
v 0.13816078 -1.26903570 0.04182862
v 0.14285529 -1.27559555 0.06037230
v 0.15165105 -1.27545059 0.03218455
v 0.15652633 -1.27855170 0.05098948
v 0.15953942 -1.28564823 0.02699554
v 0.16301429 -1.28828323 0.04625852
v 0.06560527 -1.28934157 0.07500245
v 0.06742819 -1.28691328 0.05397557
v 0.07640003 -1.30129111 0.07208170
v 0.07755958 -1.30041468 0.05125202
v 0.09416785 -1.30171692 0.07098866
v 0.09410276 -1.30135357 0.04951322
v 0.15558161 -1.29797947 0.02858548
v 0.15719205 -1.29932475 0.04857358
v 0.11313347 -1.30080414 0.06676266
v 0.11231288 -1.29982734 0.04509331
v 0.13046867 -1.30166876 0.06063282
v 0.12920018 -1.30074871 0.03909130
v 0.14513111 -1.30170405 0.05404872
v 0.14374715 -1.30118299 0.03302428
v 0.08218524 -1.25325084 0.03986273
v 0.10166333 -1.24809003 0.03850900
v 0.00048909 0.15847999 -0.09100039
v 0.00053722 0.08435704 -0.11743337
v 0.11814382 -1.25300705 0.02946839
v 0.13283964 -1.26041842 0.01893193
v 0.14496997 -1.27086997 0.00922004
v 0.15439667 -1.28172851 0.00443464
v 0.13165720 -1.24843216 -0.00932255
v 0.13936277 -1.26790595 -0.01703045
v 0.14644678 -1.28055751 -0.01901237
v 0.13558397 -1.26565337 -0.04323507
v 0.13982707 -1.27927506 -0.04329253
v -0.00070625 -0.45574996 -0.13356568
v 0.00033575 0.04190530 -0.12476358
v 0.12642863 -1.26535428 -0.08554200
v -0.00052806 -0.37161329 -0.14352639
v -0.00119168 0.03704712 0.07402611
v -0.00138322 0.02174740 0.08260742
v -0.00155757 0.01006846 0.09312760
v -0.00176356 -0.00662286 0.10036439
v 0.00000573 -0.27908385 0.13864772
v 0.00003561 -0.26440665 0.13610315
v -0.00030674 -0.22250524 -0.08846031
v 0.00001558 -0.32446343 0.14002037
v 0.00000417 -0.24798796 0.13894348
v -0.00128508 -0.08181209 -0.12573336
v -0.00173680 -0.02444048 0.10669431
v 0.00011721 -0.34507957 0.13739434
v -0.00053303 -0.01919290 -0.13539307
v -0.00004167 -0.22404909 0.13922539
v -0.00008483 -0.43667939 0.11762188
v -0.00090427 -0.15536770 0.12864988
v -0.02094822 0.15779479 0.02953640
v -0.03206798 0.16179734 0.02362381
v -0.03330885 0.15375346 0.02223846
v -0.02181949 0.15008593 0.02754481
v -0.05800756 0.17209114 -0.02730807
v -0.05665099 0.17992842 -0.02229820
v -0.05344778 0.18442152 -0.03703228
v -0.05578359 0.17642237 -0.04243937
v -0.04646855 0.18691461 -0.04997450
v -0.04932037 0.17845663 -0.05517974
v -0.03920887 0.17884097 -0.06506357
v -0.03699588 0.18867610 -0.05987511
v -0.02561503 0.18843012 -0.06742945
v -0.02787198 0.17775378 -0.07184239
v -0.04339806 0.16648294 0.01564480
v -0.05231547 0.17138211 0.00454728
v -0.05210147 0.16211124 0.00427321
v -0.04341193 0.15839133 0.01491560
v -0.05674828 0.17646691 -0.00839982
v -0.05723600 0.16745993 -0.01087837
v -0.01453130 0.17852293 -0.07603367
v -0.01292501 0.19054879 -0.07114168
v -0.02429810 0.13207258 0.02515685
v -0.01176820 0.12951781 0.02732078
v -0.01145584 0.13867305 0.02846222
v -0.02338370 0.14106429 0.02591470
v -0.05503643 0.13237974 0.00525532
v -0.06924070 0.13994272 -0.00936550
v -0.07536820 0.13192876 -0.00465774
v -0.06027744 0.12336909 0.00961240
v -0.07106102 0.10312200 0.02761509
v -0.09453730 0.11179746 0.01169945
v -0.09165925 0.09102327 0.03217809
v -0.07241566 0.08587504 0.03964023
v -0.08992721 0.07328529 0.04813779
v -0.07266612 0.06931068 0.05286798
v -0.08642787 0.02378309 0.08538774
v -0.06966174 0.02265603 0.08904082
v -0.07074778 0.03837163 0.07764029
v -0.08767456 0.03988839 0.07375883
v -0.10149794 -0.07368097 0.11271548
v -0.08799314 -0.06925663 0.11857950
v -0.09557913 -0.05291760 0.12006138
v -0.10769215 -0.05524510 0.11576451
v -0.15045953 0.04119219 0.04794483
v -0.15241943 0.05819628 0.03891656
v -0.16077337 0.04508909 0.03818925
v -0.15853691 0.02845502 0.04476425
v -0.11246357 0.14687012 -0.03560860
v -0.10570412 0.13334660 -0.01212940
v -0.09362871 0.13623685 -0.01819211
v -0.09998792 0.14928593 -0.03846351
v -0.15217535 -0.04507357 0.06467967
v -0.14733277 -0.05704968 0.07314689
v -0.14293715 -0.04673354 0.08200699
v -0.14650385 -0.03496453 0.07499157
v -0.12183991 -0.15506497 0.06831139
v -0.10671282 -0.15570456 0.08539216
v -0.10664584 -0.13572034 0.08362598
v -0.12119547 -0.13503766 0.06764755
v -0.15697369 -0.11541611 -0.00095738
v -0.15788649 -0.11702240 -0.02785391
v -0.15557164 -0.13244644 -0.02762715
v -0.15523361 -0.13218261 -0.00076143
v -0.11528878 0.02283321 0.07624792
v -0.10181385 0.02364868 0.08084083
v -0.10320573 0.04002690 0.06964943
v -0.11700127 0.03940608 0.06569421
v -0.23953158 -0.08657601 -0.00342671
v -0.22644526 -0.09812745 -0.00243412
v -0.21631986 -0.07629786 0.00032084
v -0.22943540 -0.06447284 -0.00059259
v -0.15304907 -0.22630003 0.01261926
v -0.15270448 -0.22251253 -0.01316077
v -0.15538149 -0.24018854 -0.01104883
v -0.15481439 -0.24438490 0.01527896
v -0.19495426 0.08100140 0.00612105
v -0.20364480 0.09674367 -0.01347584
v -0.21151076 0.07822353 -0.01330997
v -0.20157783 0.06257773 0.00499566
v -0.14621416 0.01181168 0.06109945
v -0.14824210 0.02610844 0.05502696
v -0.15617220 0.01530393 0.04962545
v -0.15381205 0.00352167 0.05425224
v -0.16651739 -0.08752408 -0.03216303
v -0.16614763 -0.08532213 -0.00908247
v -0.16854857 -0.06902269 -0.01451995
v -0.16996168 -0.07156876 -0.03570032
v -0.16239309 -0.10090810 -0.00422050
v -0.16267632 -0.10293958 -0.02937442
v -0.13750048 0.01743630 0.06646369
v -0.12714636 0.02075807 0.07142259
v -0.12895012 0.03745930 0.06184889
v -0.13887212 0.03399225 0.05849451
v -0.09501112 -0.08963598 0.10569825
v -0.07907135 -0.08408476 0.11337712
v -0.14757092 -0.24954519 0.04062233
v -0.13523526 -0.25499040 0.06279090
v -0.13521664 -0.23534769 0.06017281
v -0.14688993 -0.23070765 0.03791016
v -0.08976743 -0.11718301 0.09357373
v -0.09046978 -0.10270625 0.09736022
v -0.10549046 -0.10431289 0.08784290
v -0.10509445 -0.11822282 0.08217885
v -0.11923094 -0.25980893 0.08181480
v -0.10172945 -0.26419708 0.09940733
v -0.10162053 -0.24253118 0.09618258
v -0.11933227 -0.23946850 0.07914932
v -0.08875598 0.05646677 0.06168257
v -0.07198790 0.05376747 0.06568763
v -0.12428060 -0.07447400 0.09746914
v -0.11376385 -0.07498788 0.10562314
v -0.11891700 -0.05642426 0.10899577
v -0.12805362 -0.05667501 0.10073528
v -0.16443184 0.01270868 0.03728694
v -0.16788068 0.02660991 0.03252525
v -0.16761987 0.00443988 0.01980941
v -0.16710505 -0.00203139 0.02382088
v -0.15807389 -0.25689000 -0.00925450
v -0.15670025 -0.26176322 0.01724654
v -0.11983637 -0.28015849 0.08370866
v -0.10222503 -0.28556058 0.10123666
v -0.16375919 -0.01792685 -0.03420444
v -0.15764843 -0.01703459 -0.03766280
v -0.15777490 -0.02066953 -0.05186908
v -0.16466792 -0.02139737 -0.04947189
v -0.05532177 -0.05066228 0.12245549
v -0.07031231 -0.04115723 0.12303087
v -0.07650363 -0.05851978 0.12275040
v -0.06409442 -0.07143175 0.11957917
v -0.12094335 -0.09071711 0.08876433
v -0.11907141 -0.10352302 0.07804035
v -0.10889887 -0.09129717 0.09743843
v -0.03946552 -0.06072430 0.11818089
v -0.04988697 -0.08699670 0.11315872
v -0.05404336 0.04995264 0.06900160
v -0.05299694 0.03581484 0.08077865
v -0.05421914 0.06482805 0.05762645
v -0.03563187 0.06075986 0.06203855
v -0.03421962 0.07614986 0.05173095
v -0.05287150 0.08041193 0.04649450
v -0.03192879 0.09174599 0.04311598
v -0.05054475 0.09638692 0.03693615
v -0.03938293 0.12605497 0.01698563
v -0.04283099 0.11731517 0.02090633
v -0.16211620 0.00251776 0.04090012
v -0.15945993 -0.00713763 0.04458739
v -0.13609266 -0.27424645 0.06454640
v -0.11790420 0.07006336 -0.12643357
v -0.11383533 0.05241361 -0.13160171
v -0.13191059 0.05448321 -0.12447400
v -0.13581935 0.07195553 -0.11909882
v -0.12461283 0.14774376 -0.03338480
v -0.12093939 0.13498503 -0.00862484
v -0.16309695 -0.01218842 -0.09865602
v -0.16414714 -0.00906535 -0.09509718
v -0.16401984 -0.00127574 -0.09945139
v -0.16131416 -0.00331054 -0.10393006
v -0.15914743 -0.01332165 -0.08052190
v -0.15844585 -0.01868258 -0.07372480
v -0.16063884 -0.02526396 -0.07646439
v -0.16203801 -0.02006146 -0.08359841
v -0.14952990 -0.23661253 -0.03554893
v -0.14592484 -0.21912195 -0.03771127
v -0.13357243 -0.10481616 -0.09476704
v -0.14548361 -0.11185370 -0.07468774
v -0.15278842 -0.09634537 -0.07447458
v -0.14263761 -0.08880907 -0.09292994
v -0.01778847 0.04435114 -0.12797327
v -0.01762457 0.02816052 -0.13001317
v -0.03655722 0.03213651 -0.13475263
v -0.03627799 0.04854553 -0.13255085
v -0.07894692 0.07879338 -0.13185161
v -0.08061288 0.09470311 -0.12663840
v -0.05753654 0.08745240 -0.12835228
v -0.05682361 0.07226836 -0.13222206
v -0.09763020 0.06649023 -0.13293268
v -0.09434994 0.04896056 -0.13752896
v -0.16768897 -0.07010788 -0.05499675
v -0.16403224 -0.08566751 -0.05376228
v -0.17014928 -0.03884689 -0.04366453
v -0.16985136 -0.03880472 -0.05998729
v -0.17017940 -0.04660571 -0.05877649
v -0.17073204 -0.04652598 -0.04171564
v -0.09341095 0.15343934 -0.04255768
v -0.09099207 0.15814310 -0.06307671
v -0.10160028 0.15446715 -0.06074889
v -0.05477861 0.13734172 -0.10415025
v -0.05465652 0.13105775 -0.10882720
v -0.06888862 0.13679904 -0.10406499
v -0.06506238 0.14187063 -0.09993963
v -0.04140721 -0.03803416 -0.13708681
v -0.02030835 -0.03841138 -0.13521156
v -0.02107225 -0.05998873 -0.13224995
v -0.04365790 -0.06124937 -0.13402203
v -0.16625303 -0.02168974 -0.08269693
v -0.16696404 -0.02587426 -0.08427845
v -0.16850697 -0.03049293 -0.07385939
v -0.16649742 -0.02630142 -0.07331380
v -0.16833508 -0.04409980 -0.07325105
v -0.16900630 -0.03634343 -0.07352175
v -0.16632609 -0.03165600 -0.08505578
v -0.16444011 -0.03906635 -0.08596389
v -0.15154237 -0.07390918 -0.09034683
v -0.15937671 -0.08061086 -0.07321653
v -0.16397725 -0.06574218 -0.07260852
v -0.15712762 -0.05943261 -0.08817557
v -0.01987815 -0.13047853 -0.11620574
v -0.03925551 -0.13351855 -0.11899778
v -0.04055547 -0.10962418 -0.12425932
v -0.02027821 -0.10734329 -0.12269881
v -0.16212627 -0.01334298 -0.01427094
v -0.16688694 -0.00705253 0.00072257
v -0.16729937 -0.01953895 -0.00394776
v -0.16416354 -0.02685149 -0.01993832
v -0.18650818 -0.01176332 -0.10262258
v -0.18020359 -0.00504738 -0.10193951
v -0.17616160 -0.01106286 -0.09990764
v -0.18304297 -0.01692508 -0.10137118
v -0.16576403 -0.05115195 -0.03835372
v -0.16757630 -0.04332513 -0.02390582
v -0.17402135 -0.06258431 -0.02685798
v -0.17092828 -0.06975514 -0.04170039
v -0.13631813 0.14643320 -0.06108576
v -0.13592888 0.14897531 -0.03148313
v -0.12567656 0.14914443 -0.06059856
v -0.16285300 -0.05661771 -0.06400896
v -0.16400075 -0.05374315 -0.07550693
v -0.16007681 -0.03998506 -0.07117799
v -0.16059081 -0.04139821 -0.05971628
v -0.24222940 -0.05346997 -0.01085056
v -0.25239360 -0.07534057 -0.01309585
v -0.17795028 -0.09205288 -0.05764969
v -0.18021488 -0.09112319 -0.07070623
v -0.16893253 -0.07482708 -0.06790771
v -0.16875532 -0.07487625 -0.05537766
v -0.12557738 -0.12066696 -0.09393635
v -0.13951072 -0.12720525 -0.07492473
v -0.12236390 -0.23197332 -0.07437884
v -0.13806039 -0.23382729 -0.05715429
v -0.13341022 -0.21565895 -0.05930399
v -0.11791346 -0.21299426 -0.07652530
v -0.15236500 -0.25356680 -0.03438608
v -0.12544046 -0.25045654 -0.07263917
v -0.14106429 -0.25134510 -0.05567429
v -0.07240550 0.16557540 -0.05812186
v -0.06035392 0.16559573 -0.07301618
v -0.06967399 0.16008347 -0.07733484
v -0.08089284 0.16183652 -0.06335305
v -0.17861207 -0.36593059 -0.03715244
v -0.17786111 -0.39442635 -0.04188566
v -0.18385126 -0.39627784 -0.01166295
v -0.18297134 -0.36912879 -0.00662868
v -0.03858012 0.15025440 -0.09490470
v -0.05506080 0.15633217 -0.08660902
v -0.04598449 0.16214333 -0.08235153
v -0.02922639 0.15658768 -0.08905444
v -0.17985146 -0.34400019 -0.00556405
v -0.17628379 -0.33908039 -0.03493115
v -0.08371126 0.15723856 -0.04245317
v -0.07078578 0.16043523 -0.03773164
v -0.07638083 0.14858587 -0.02452683
v -0.06767899 0.15260188 -0.02120337
v -0.06025900 0.14585461 -0.00565100
v -0.18401743 -0.40344504 0.01780916
v -0.18077303 -0.37678090 0.02070450
v -0.05419853 0.17138222 -0.06235252
v -0.04241860 0.17023839 -0.07262235
v -0.02761649 0.16726947 -0.08052097
v -0.01250786 0.16677448 -0.08424678
v -0.15650915 -0.27033913 -0.03419467
v -0.16118884 -0.27383339 -0.00816204
v -0.12428196 -0.50156194 -0.11187669
v -0.09661735 -0.50485766 -0.12016023
v -0.09385236 -0.51887923 -0.10977877
v -0.12628947 -0.51759100 -0.10167550
v -0.02785913 -0.49189487 -0.12213618
v -0.02415951 -0.50557804 -0.10610001
v -0.05895566 -0.51455420 -0.11041228
v -0.06380581 -0.50117630 -0.12347714
v -0.06452790 -0.37063459 -0.14370057
v -0.06480457 -0.34819266 -0.13573363
v -0.03488384 -0.34863314 -0.13699099
v -0.03437992 -0.37113288 -0.14413235
v -0.13021035 -0.26766095 -0.07401588
v -0.14563367 -0.26825115 -0.05629582
v -0.15867923 -0.27882442 0.01869466
v -0.19043903 -0.53658950 -0.01267188
v -0.18488869 -0.57235259 -0.01484293
v -0.18142755 -0.57920033 0.02372365
v -0.18537773 -0.54309982 0.02797534
v -0.15022048 -0.56595391 -0.07466338
v -0.15500876 -0.53634155 -0.07805616
v -0.12287150 -0.53851831 -0.09454135
v -0.11849648 -0.56391257 -0.08965557
v -0.08358944 -0.29028386 0.11722275
v -0.10247109 -0.30626056 0.10095542
v -0.08336383 -0.31203932 0.11630843
v -0.02371099 -0.30048010 0.14135575
v -0.04541426 -0.29767016 0.13741103
v -0.04287129 -0.32003829 0.13597740
v -0.02174491 -0.32262778 0.13972151
v -0.02722253 -0.43575725 0.11520020
v -0.01243327 -0.43563938 0.11729892
v -0.01469977 -0.41283798 0.12133212
v -0.03214279 -0.41156277 0.11898628
v -0.17136492 -0.38559386 0.04662303
v -0.15420206 -0.39409563 0.06822669
v -0.15017274 -0.37191805 0.06740155
v -0.16666234 -0.36267462 0.04659248
v -0.02127623 -0.51570052 -0.08604124
v -0.05280144 -0.52587759 -0.09435698
v -0.16530472 -0.58460271 0.05966402
v -0.16717198 -0.54840750 0.06421999
v -0.13842174 -0.58901650 0.08580106
v -0.10506821 -0.58825529 0.09631647
v -0.10763509 -0.55678314 0.09942684
v -0.14066254 -0.55421180 0.08879656
v -0.02916661 -0.50731879 0.08395461
v -0.01299474 -0.52139819 0.05916830
v -0.01150779 -0.51636517 0.06512882
v -0.02433652 -0.49688834 0.09157585
v -0.03046178 -0.47726369 -0.13332842
v -0.06410407 -0.48466313 -0.13443619
v -0.06371668 -0.46543288 -0.14280616
v -0.03133357 -0.46007484 -0.14150684
v -0.10702889 -0.25009242 -0.08479525
v -0.11158492 -0.26823586 -0.08721457
v -0.08763430 -0.24992201 -0.09261665
v -0.10448857 -0.23043235 -0.08636867
v -0.08480322 -0.22934300 -0.09357321
v -0.08807278 -0.10178061 -0.11956099
v -0.10818729 -0.11228549 -0.10879003
v -0.11680416 -0.09575208 -0.11087050
v -0.09711123 -0.08292973 -0.12274592
v -0.05563287 0.03847003 -0.13819574
v -0.05588030 0.05550568 -0.13557914
v -0.08147798 -0.55636269 -0.09421956
v -0.04171931 -0.54039598 -0.08258344
v -0.04921304 -0.57953733 -0.08326585
v -0.08406471 -0.58657455 -0.09064514
v -0.16715878 -0.59958762 -0.04950900
v -0.17398298 -0.56716865 -0.04938193
v -0.14558260 -0.59600091 -0.07296617
v -0.17831051 -0.60599530 -0.01649222
v -0.17632711 -0.61299217 0.02121185
v -0.13409939 -0.62161076 0.08242744
v -0.10060042 -0.61961097 0.09159946
v -0.02117908 -0.58028769 0.05579450
v -0.04226520 -0.58310080 0.07549219
v -0.04032457 -0.60942423 0.06786624
v -0.02015049 -0.60363787 0.04596927
v -0.06819514 -0.44020990 0.10552655
v -0.10328274 -0.42027661 0.09610723
v -0.10593808 -0.44449744 0.09658127
v -0.07638416 -0.46420389 0.10187579
v -0.02901432 -0.27757162 0.14083338
v -0.04660032 -0.27406308 0.13708450
v -0.06435008 -0.29432714 0.12966597
v -0.06453445 -0.27092841 0.12918353
v -0.08338568 -0.26774669 0.11600509
v -0.04740241 -0.17686220 0.12878865
v -0.06931119 -0.17710365 0.11913977
v -0.06646594 -0.19976161 0.12239566
v -0.04531089 -0.20010048 0.13216667
v -0.04966701 -0.15330039 0.12423120
v -0.07193037 -0.15405229 0.11500500
v -0.05005982 -0.10923532 0.10925242
v -0.07223909 -0.09799659 0.10614578
v -0.07135087 -0.11398283 0.10281190
v -0.03562168 0.04567059 0.07226515
v -0.03505728 0.03141467 0.08257472
v -0.17604721 -0.41082275 0.04558807
v -0.01361232 -0.54831040 -0.05503935
v -0.00302223 -0.55871993 -0.02544950
v -0.00647795 -0.58454353 -0.03517961
v -0.02118574 -0.57936764 -0.06299520
v -0.17636462 -0.35286713 0.02184217
v -0.14884314 -0.26778251 0.04247308
v -0.15003876 -0.28551048 0.04357180
v -0.14759396 -0.13081563 0.02611981
v -0.14867176 -0.10991297 0.03063878
v -0.08428983 -0.03571644 0.12089022
v -0.08554641 -0.04851859 0.12234320
v -0.18004645 -0.53323996 -0.04975861
v -0.12341122 -0.68146062 0.07181334
v -0.09063756 -0.67989725 0.07834105
v -0.09633003 -0.65051156 0.08548672
v -0.12911345 -0.65275156 0.07746615
v -0.01070894 -0.62523431 0.01062933
v -0.02048023 -0.63035524 0.03544461
v -0.02236751 -0.65862697 0.02546425
v -0.01517736 -0.65433776 0.00053023
v -0.01919432 -0.68375343 -0.00737046
v -0.02391527 -0.68884647 0.01802263
v -0.02410994 -0.71776217 0.00878474
v -0.02105227 -0.71207088 -0.01531077
v -0.16054229 -0.61963987 0.05650712
v -0.16324791 -0.67475557 0.01889769
v -0.14942650 -0.68011194 0.04992265
v -0.15521546 -0.65101337 0.05343401
v -0.16961342 -0.64505112 0.02020526
v -0.11731084 -0.59261084 -0.08670458
v -0.00791172 -0.59838760 0.02127925
v -0.00735048 -0.57657051 0.03230746
v -0.02191450 -0.64809620 -0.04872767
v -0.03731646 -0.64662445 -0.07096931
v -0.02927239 -0.61422259 -0.06771225
v -0.01355016 -0.61634332 -0.04268603
v -0.14158162 -0.65384197 -0.06933098
v -0.15822779 -0.65913010 -0.04570534
v -0.16233651 -0.63008302 -0.04709351
v -0.14337903 -0.62538439 -0.07084697
v -0.16535059 -0.66674066 -0.01468246
v -0.17177530 -0.63721400 -0.01500016
v -0.15124549 -0.73134673 0.01622643
v -0.13582167 -0.73600972 0.04295176
v -0.14295816 -0.70849890 0.04654834
v -0.15709971 -0.70342535 0.01748494
v -0.15520419 -0.72310632 -0.01560855
v -0.16001104 -0.69505531 -0.01511928
v -0.15496175 -0.68718457 -0.04482732
v -0.15156841 -0.71511030 -0.04343368
v -0.13723381 -0.70873809 -0.06464975
v -0.13980840 -0.68137324 -0.06745457
v -0.11809628 -0.67796189 -0.08276201
v -0.11792945 -0.70475596 -0.07967667
v -0.09317229 -0.67563564 -0.08852521
v -0.06712241 -0.67490041 -0.08451346
v -0.07217893 -0.70184809 -0.08289465
v -0.09585778 -0.70257902 -0.08545342
v -0.03406892 -0.70534658 -0.05832647
v -0.05045231 -0.70308268 -0.07435464
v -0.04429328 -0.67586386 -0.07289660
v -0.02880084 -0.67773068 -0.05349188
v -0.05439027 -0.81275612 -0.07546028
v -0.07264925 -0.80994046 -0.07844603
v -0.06629898 -0.78216511 -0.07802230
v -0.04731982 -0.78485328 -0.07286581
v -0.08986348 -0.80772567 -0.08295070
v -0.10806105 -0.80764961 -0.08305453
v -0.10305458 -0.78083867 -0.08009843
v -0.08512654 -0.78098732 -0.07963589
v -0.13367131 -0.78740102 -0.05802780
v -0.11987786 -0.78252208 -0.07355138
v -0.12468550 -0.80945498 -0.07577791
v -0.13711944 -0.81425178 -0.05970781
v -0.14895646 -0.82063258 -0.04045189
v -0.14809139 -0.79412782 -0.04003152
v -0.14631142 -0.82735401 -0.01794868
v -0.14926885 -0.80153286 -0.01737586
v -0.13474742 -0.80850124 0.00842634
v -0.13323784 -0.83326292 0.00709186
v -0.02915224 -0.82656145 -0.02953886
v -0.02920888 -0.82024992 -0.04944358
v -0.02403501 -0.79351556 -0.04218913
v -0.02561870 -0.79927886 -0.02224555
v -0.05149910 -0.80924833 0.01794813
v -0.06868970 -0.81191379 0.04100061
v -0.06797396 -0.83741540 0.02993272
v -0.05281261 -0.83472639 0.00618687
v -0.15163958 -0.74961442 -0.01620792
v -0.14537485 -0.75785649 0.01421392
v -0.13446818 -0.73530632 -0.06158124
v -0.14878306 -0.74190742 -0.04176033
v -0.03853853 -0.73178047 -0.06329667
v -0.05600975 -0.72934783 -0.07575992
v -0.02432236 -0.74598557 -0.00133241
v -0.02200104 -0.74001098 -0.02394981
v -0.10351560 -0.76286209 0.05491843
v -0.12845282 -0.76215643 0.03977895
v -0.12317730 -0.78775275 0.03706739
v -0.09901176 -0.78866386 0.05201752
v -0.15001427 -0.77571368 -0.01692743
v -0.14752299 -0.76787758 -0.04061955
v -0.13292849 -0.76119930 -0.05900718
v -0.11806043 -0.75671834 -0.07395531
v -0.10010637 -0.75487953 -0.07988386
v -0.08112074 -0.75461179 -0.07931107
v -0.06114483 -0.75553650 -0.07697009
v -0.04265646 -0.75787503 -0.06830029
v -0.02261804 -0.76674724 -0.03323534
v -0.02511121 -0.77310497 -0.01230283
v -0.09498205 -0.81409758 0.04791166
v -0.12029511 -0.81271970 0.03357784
v -0.12019753 -0.83639961 0.02828138
v -0.09283762 -0.83753639 0.03829195
v -0.09289929 -0.85933679 0.02685471
v -0.07139555 -0.85906625 0.01812300
v -0.09533761 -0.83587122 -0.08672235
v -0.11270311 -0.83548260 -0.08545769
v -0.12907591 -0.83717901 -0.07763796
v -0.15046409 -0.84618926 -0.04267829
v -0.14447770 -0.85377026 -0.01657655
v -0.13128096 -0.85927927 0.00607060
v -0.11646831 -0.85854137 0.02220893
v -0.04499630 -0.87637854 -0.05710025
v -0.03858483 -0.84804142 -0.05287572
v -0.03714488 -0.85269320 -0.03478142
v -0.04413043 -0.88058299 -0.03878387
v -0.06497902 -0.86992657 -0.08348577
v -0.08124115 -0.86660308 -0.09293385
v -0.07837892 -0.83803761 -0.08092874
v -0.06276087 -0.84156108 -0.07466395
v -0.10044225 -0.86446118 -0.09651562
v -0.11935218 -0.86419231 -0.09279181
v -0.13678831 -0.86491203 -0.08389214
v -0.14317273 -0.84045374 -0.06327534
v -0.14982712 -0.86811048 -0.06745096
v -0.15254755 -0.87433022 -0.04343231
v -0.14550795 -0.88181686 -0.01224158
v -0.12743562 -0.91768968 0.00502003
v -0.12367345 -0.88773519 0.00731714
v -0.14911216 -0.91142213 -0.01267242
v -0.10246214 -1.01614678 -0.00825171
v -0.12753464 -1.01375365 -0.00794252
v -0.12409854 -1.04849482 -0.01471333
v -0.10197455 -1.05110455 -0.01466339
v -0.04700280 -0.90966147 -0.04310307
v -0.04666126 -0.90689981 -0.06390811
v -0.06524070 -0.90077269 -0.09361300
v -0.08358204 -0.89726907 -0.10321575
v -0.16246261 -0.93501085 -0.04780151
v -0.15809990 -0.90390509 -0.04353073
v -0.15567973 -0.89784986 -0.07057489
v -0.15943636 -0.92970675 -0.07526866
v -0.04703521 -1.00785077 -0.05525376
v -0.04653178 -1.00588751 -0.07612304
v -0.04416895 -0.97205794 -0.07396865
v -0.04461626 -0.97427583 -0.05150438
v -0.06420075 -0.93365484 -0.10071172
v -0.06415226 -0.96736330 -0.10536680
v -0.08284181 -0.96420801 -0.11530066
v -0.08259773 -0.92986929 -0.11084805
v -0.15903656 -1.00442135 -0.05406530
v -0.16276218 -0.96857643 -0.05145353
v -0.16031680 -0.96423125 -0.07833309
v -0.15726307 -1.00106728 -0.07957812
v -0.15273036 -0.94178420 -0.01754470
v -0.15242614 -0.97405142 -0.02256439
v -0.13011415 -0.98007619 -0.00298591
v -0.12883694 -0.94773012 0.00216238
v -0.10293781 -0.98197854 -0.00246854
v -0.10101325 -0.94979990 0.00189203
v -0.06043283 -1.07962215 -0.07546943
v -0.05360754 -1.04205370 -0.07596153
v -0.05345643 -1.04480958 -0.05683539
v -0.06050130 -1.08312023 -0.05857196
v -0.08538138 -1.00007474 -0.11500384
v -0.06663866 -1.00215054 -0.10631801
v -0.07183360 -1.03890300 -0.10263120
v -0.08839069 -1.03750539 -0.11056495
v -0.14721258 -1.08171225 -0.05772487
v -0.15364753 -1.04231620 -0.05603980
v -0.15168682 -1.04006028 -0.07942541
v -0.14457348 -1.07939661 -0.07940226
v -0.12134483 -1.08639109 -0.02173240
v -0.14500184 -1.04503191 -0.02995263
v -0.14000775 -1.08418512 -0.03546897
v -0.11716519 -1.12374043 -0.02570033
v -0.09970979 -1.12556136 -0.02505495
v -0.10092103 -1.08838475 -0.02109953
v -0.06699302 -1.11899352 -0.05952805
v -0.06533606 -1.11620557 -0.07485534
v -0.08924896 -1.11141706 -0.10325834
v -0.08996781 -1.07496107 -0.10604279
v -0.07521892 -1.07656813 -0.09851065
v -0.07609826 -1.11331117 -0.09573858
v -0.12403889 -1.07717800 -0.10371721
v -0.10717712 -1.07531524 -0.10787164
v -0.10550673 -1.11150658 -0.10472313
v -0.12089834 -1.11359417 -0.10012269
v -0.13693273 -1.11519945 -0.07811894
v -0.13676225 -1.07819569 -0.09414092
v -0.13050605 -1.11446738 -0.09112029
v -0.14052917 -1.11725414 -0.05798383
v -0.13449450 -1.12090945 -0.03749140
v -0.00422396 -0.52417368 -0.03023645
v -0.00100814 -0.53554916 -0.00054805
v -0.00270202 -0.54316103 -0.01300569
v -0.01013162 -0.52953345 -0.04241649
v -0.03943153 -0.63737893 0.05989654
v -0.03816510 -0.66727698 0.05081225
v -0.03554319 -0.72505248 0.03242936
v -0.03725626 -0.69681317 0.04237875
v -0.03463174 -0.75191319 0.02112649
v -0.03473910 -0.77862054 0.00921966
v -0.03511585 -0.80512035 -0.00292117
v -0.03821632 -0.83155555 -0.01229190
v -0.04525740 -0.85794324 -0.01716258
v -0.05165188 -0.88522255 -0.01909850
v -0.05596266 -0.94338846 -0.02688165
v -0.04589762 -0.94128954 -0.04732411
v -0.05596570 -0.91317624 -0.02315024
v -0.05777602 -1.01084256 -0.03324786
v -0.05571121 -0.97613698 -0.02990918
v -0.06271804 -1.04849267 -0.03734087
v -0.06854323 -1.08682024 -0.04207835
v -0.07456344 -1.12230933 -0.04444064
v -0.07766269 -0.53196222 0.09825183
v -0.04894404 -0.53830725 0.08746418
v -0.05192278 -0.52010387 0.09180291
v -0.07957333 -0.50831759 0.09953984
v -0.00646450 -0.52436894 0.04008696
v -0.00275153 -0.52305990 0.02378562
v -0.00332384 -0.52059835 0.02833115
v -0.00646989 -0.52128941 0.04495927
v -0.13984197 -0.78292692 0.01150532
v -0.11771561 -0.73096889 -0.07626382
v -0.09808152 -0.72888929 -0.08184613
v -0.07686526 -0.72822130 -0.08074935
v -0.05198696 -0.75810689 0.04282533
v -0.07509616 -0.76127785 0.05588646
v -0.07096832 -0.78673297 0.04891801
v -0.04958503 -0.78491884 0.03272126
v -0.09769365 -0.92266196 0.00465307
v -0.07628924 -0.94737327 -0.01060906
v -0.07414228 -0.91841823 -0.00593999
v -0.09627694 -0.89797264 0.00957554
v -0.12607166 -0.89373034 -0.10137541
v -0.14370476 -0.89445037 -0.09032544
v -0.12900878 -0.92560405 -0.10944149
v -0.10492121 -0.89467174 -0.10551056
v -0.10622516 -0.92706132 -0.11394982
v -0.05798429 -0.70432109 0.06163511
v -0.08500229 -0.70813286 0.07042599
v -0.07982787 -0.73501676 0.06236576
v -0.05405179 -0.73088479 0.05206706
v -0.12839618 -0.19824971 -0.06193833
v -0.11341868 -0.19450483 -0.07861745
v -0.14213465 -0.08017269 0.06989209
v -0.14455748 -0.09343869 0.05351838
v -0.13245274 -0.10034992 0.06628034
v -0.13195957 -0.08746415 0.07935841
v -0.14990836 -0.06988158 0.06121260
v -0.15292925 -0.08279050 0.04415606
v -0.15541972 -0.05759908 0.05251795
v -0.15874243 -0.07006396 0.03583076
v -0.16586766 -0.01256973 0.00713065
v -0.16406891 -0.00740729 0.00275417
v -0.05090088 -0.13045098 0.11776417
v -0.02673294 -0.13107617 0.12225504
v -0.02671664 -0.11026074 0.11409643
v -0.06328113 -0.31676453 0.12837452
v -0.04456354 -0.43752873 0.11164086
v -0.05223825 -0.40999824 0.11455467
v -0.07564483 -0.40589848 0.10724426
v -0.00817649 -0.49981570 0.08822717
v -0.06169355 -0.11424589 -0.12159683
v -0.05972003 -0.13802585 -0.11709381
v -0.03694187 0.06528880 -0.12924068
v -0.01716305 0.05992457 -0.12570088
v -0.03716737 0.09386561 -0.12258389
v -0.03654474 0.10619002 -0.11868503
v -0.01653094 0.09961674 -0.11677781
v -0.01724241 0.08755639 -0.12005109
v -0.01808838 0.14665255 -0.09750210
v -0.01513961 0.15664946 -0.09119558
v -0.00208177 -0.52660573 0.01917000
v -0.00048533 -0.52033722 -0.00395124
v -0.00075139 -0.51920390 0.00576033
v -0.02348541 -0.56010860 0.06434087
v -0.00858739 -0.55914539 0.04224974
v -0.01056235 -0.54597855 0.05012328
v -0.02624893 -0.54386508 0.07109074
v -0.18679608 -0.50680667 0.03331378
v -0.19332290 -0.49976182 -0.00680489
v -0.08808269 -0.53452337 -0.09977983
v -0.20189437 -0.12984766 -0.07300764
v -0.20920132 -0.12535466 -0.08368681
v -0.19695336 -0.10584363 -0.08341812
v -0.19066618 -0.11005081 -0.07232781
v -0.06479254 -0.03754297 -0.13794431
v -0.07324225 -0.06453340 -0.13204768
v -0.08610972 0.14307940 -0.02323670
v -0.15865874 0.14489135 -0.02656447
v -0.15509617 0.13328046 -0.00091192
v -0.14465022 0.13631916 -0.00432425
v -0.14717874 0.14795358 -0.02948946
v -0.15263829 0.09016322 -0.10505535
v -0.15452327 0.10822479 -0.09334344
v -0.14241853 0.10923868 -0.09990758
v -0.13948338 0.08994824 -0.11140122
v -0.03321988 -0.39465475 -0.14874189
v -0.06326969 -0.39461052 -0.14929134
v -0.03956732 -0.20306149 -0.10159320
v -0.06051597 -0.20601171 -0.10094664
v -0.05879311 -0.18459769 -0.10633343
v -0.03858071 -0.18087667 -0.10725445
v -0.09683435 -0.05141703 -0.13109575
v -0.11223654 -0.06785197 -0.12127624
v -0.03426734 -0.01522009 0.11026030
v -0.05139149 -0.01105099 0.11103892
v -0.05211412 -0.02896895 0.11886872
v -0.03559068 -0.03567672 0.11685319
v -0.20164950 -0.06143250 -0.09824618
v -0.18525311 -0.04989089 -0.09654268
v -0.17739801 -0.06239963 -0.08914821
v -0.19028589 -0.07858907 -0.09177413
v -0.18267687 -0.49352777 -0.05104649
v -0.15672618 -0.50949258 -0.08419909
v -0.14428100 -0.16609865 -0.04963959
v -0.13175052 -0.16230020 -0.07251901
v -0.12798378 -0.18096417 -0.06693407
v -0.14103410 -0.18455751 -0.04512457
v -0.15348558 -0.11576319 -0.05242961
v -0.15013447 -0.13096514 -0.05225107
v -0.15934786 -0.10110354 -0.05292765
v -0.16552694 -0.02132357 -0.06255057
v -0.15743653 -0.02163184 -0.06418147
v -0.16598570 -0.01821913 -0.07263429
v -0.04555142 -0.55934155 0.08247335
v -0.05121128 -0.48675090 0.09888028
v -0.04469755 -0.47217214 0.10370633
v -0.00180862 -0.51706827 0.01183402
v -0.06087237 0.15884060 -0.01649558
v -0.05521954 0.15377505 -0.00106276
v -0.16188298 -0.03902906 -0.04729158
v -0.16401909 -0.05574426 -0.05167890
v -0.16495210 -0.02406726 -0.03097930
v -0.16593674 -0.02805016 -0.04714117
v -0.16903475 -0.03294895 -0.04544756
v -0.16749643 -0.02918855 -0.02820187
v -0.16619159 -0.02853081 -0.06143896
v -0.16920727 -0.03311040 -0.06082264
v -0.13018538 0.05490643 0.05170754
v -0.13202265 0.07219999 0.04012115
v -0.14290230 0.06689338 0.03929938
v -0.14095770 0.04988423 0.04978481
v -0.11835300 0.05669744 0.05425976
v -0.10447236 0.05706221 0.05759395
v -0.10580008 0.07470810 0.04395828
v -0.11996473 0.07441078 0.04143452
v -0.06649610 0.11613595 0.01852250
v -0.08307429 0.12480783 0.00213066
v -0.04709598 0.10881522 0.02898492
v -0.02967274 0.10398138 0.03602720
v -0.02119807 0.13631670 -0.10365714
v -0.01733056 0.12245711 -0.10894031
v -0.03634227 0.12751110 -0.10895608
v -0.04269960 0.13995506 -0.10226803
v -0.04877131 0.14243896 0.00800228
v -0.03711661 0.13586096 0.01758174
v -0.02500971 0.12230447 0.02552035
v -0.25042114 -0.04772897 -0.02620559
v -0.25980693 -0.06896566 -0.02687279
v -0.06172906 0.16968964 -0.04848736
v -0.06354187 0.16470085 -0.03243982
v -0.25426847 -0.04476033 -0.04396637
v -0.26363435 -0.06655957 -0.04405243
v -0.13348481 0.13628200 -0.00656329
v -0.14035025 0.11508819 0.01362929
v -0.12898886 0.11458684 0.01244805
v -0.04558139 0.15094346 0.01178571
v -0.03532645 0.14478859 0.01987593
v -0.19178070 -0.46343723 0.00307350
v -0.18464997 -0.47103199 0.03848178
v -0.14567998 -0.21177138 0.03447920
v -0.15067855 -0.20821790 0.00948537
v -0.02430017 -0.17734137 0.13351391
v -0.02287867 -0.20091306 0.13710159
v -0.01056284 0.14772664 0.03105925
v -0.04473403 -0.24935953 0.13611192
v -0.02250356 -0.25342891 0.14001466
v -0.02236430 -0.22601455 0.13882081
v -0.04423659 -0.22421192 0.13444397
v -0.01326414 -0.29160154 0.14201163
v -0.01459564 -0.27928993 0.14104398
v -0.01076337 -0.45482197 0.11375805
v -0.02219137 -0.45546749 0.11216824
v -0.20069210 0.01118304 0.01061739
v -0.21145540 0.02607513 0.00064990
v -0.21782449 0.00733162 -0.00241729
v -0.20646931 -0.00569595 0.00817021
v -0.06420496 -0.24657226 0.12727652
v -0.08351117 -0.24462910 0.11300326
v -0.16602126 -0.01966142 0.01053330
v -0.16506627 -0.01004192 0.02751176
v -0.02603119 -0.09016950 0.11312759
v -0.06893975 -0.02434794 0.11812239
v -0.06855171 -0.00813049 0.11009583
v -0.08464874 -0.00640778 0.10690130
v -0.08441834 -0.02123234 0.11528500
v -0.00165511 -0.51563036 0.00223773
v -0.19701920 0.02182411 -0.10105161
v -0.20374496 0.01226482 -0.09922595
v -0.20870122 0.02156510 -0.09452852
v -0.20209974 0.03205577 -0.09649365
v -0.00197314 -0.55406195 0.01607932
v -0.00225615 -0.56952429 0.00484850
v -0.01746118 -0.52083772 -0.06451833
v -0.00531702 -0.51529080 -0.05010533
v -0.06801856 -0.61553079 0.08517813
v -0.07203381 -0.58583331 0.09138269
v -0.06355348 -0.64485067 0.07759295
v -0.06079535 -0.67498291 0.06997447
v -0.05913064 -0.86004424 -0.00059936
v -0.07038692 -0.88864547 0.00031979
v -0.07793926 -0.97979969 -0.01514057
v -0.07944842 -1.01417208 -0.01970877
v -0.08133887 -1.05070734 -0.02500435
v -0.08352026 -1.08874679 -0.03004872
v -0.08568868 -1.12494147 -0.03241574
v -0.26200747 -0.06962806 -0.06133670
v -0.25342041 -0.04563938 -0.06348105
v -0.24597847 -0.05500177 -0.07920763
v -0.25644344 -0.07794534 -0.07585049
v -0.17799298 -0.08947411 -0.04403226
v -0.18150772 -0.08306739 -0.02945330
v -0.19036995 -0.10260132 -0.03086761
v -0.18738243 -0.10754438 -0.04543015
v -0.19692759 -0.12730514 -0.04678559
v -0.19827317 -0.12941872 -0.06052896
v -0.18748237 -0.11005947 -0.05942861
v -0.21870761 -0.11681175 -0.09138020
v -0.22892578 -0.10672078 -0.09437140
v -0.21683693 -0.08511834 -0.09620958
v -0.20486262 -0.09768905 -0.09177708
v -0.24773477 -0.08714429 -0.08690567
v -0.23585978 -0.06675141 -0.08981103
v -0.22571222 -0.07662426 -0.09535179
v -0.23812649 -0.09704910 -0.09300894
v -0.21431953 -0.10871302 -0.00843745
v -0.20498309 -0.11717054 -0.01887969
v -0.19675338 -0.09500606 -0.01725832
v -0.20516448 -0.08663639 -0.00621494
v -0.22271384 0.03987729 -0.01548200
v -0.22779182 0.01834550 -0.01847277
v -0.16640049 0.00951439 0.01162643
v -0.16976851 0.02088803 0.02373596
v -0.17147438 0.01263145 0.01861699
v -0.16205834 0.00430116 0.00554966
v -0.23236030 -0.03191566 -0.00805516
v -0.22439168 -0.01127894 -0.00497383
v -0.23312300 -0.00379026 -0.02126584
v -0.24084020 -0.02628317 -0.02386386
v -0.19535679 -0.06575085 -0.00387646
v -0.18738481 -0.07470220 -0.01560160
v -0.17851889 -0.05425352 -0.01233086
v -0.18640023 -0.04578178 0.00016717
v -0.18386982 -0.08776645 -0.08223011
v -0.17245196 -0.07016292 -0.07935496
v -0.18847314 -0.00292288 0.01506020
v -0.19271368 -0.01904503 0.01093858
v -0.16294082 -0.01955264 0.03109724
v -0.16973242 -0.04336344 -0.02278777
v -0.16895942 -0.03536924 -0.02555349
v -0.13322604 -0.07181640 0.08927277
v -0.13508491 -0.05625414 0.09284113
v -0.16276519 -0.07942783 0.01458592
v -0.16603896 -0.06406879 0.00722249
v -0.14075518 -0.06633560 0.08130725
v -0.13985685 -0.05591846 0.08620253
v -0.09096748 -0.13467051 0.09760334
v -0.02682725 0.11338024 0.02936526
v -0.21227399 -0.02323268 0.00534653
v -0.19852798 -0.03522006 0.00683543
v -0.16504550 -0.02938288 -0.08883806
v -0.16185640 -0.03502637 -0.08090080
v -0.16808307 -0.04741317 -0.08558838
v -0.17385894 -0.03915523 -0.09326395
v -0.12887867 -0.02781366 -0.12284468
v -0.11532740 -0.04025597 -0.12778947
v -0.12748267 -0.05412850 -0.11776216
v -0.13820146 -0.04028020 -0.11323842
v -0.21825756 0.03143144 -0.08138341
v -0.22390844 0.03122152 -0.07146113
v -0.21764722 0.04949105 -0.07086256
v -0.21207114 0.04576246 -0.08201151
v -0.22967309 0.02894832 -0.05723569
v -0.23240811 0.02497660 -0.03855372
v -0.22740267 0.04799118 -0.03634454
v -0.22345337 0.05103912 -0.05596634
v -0.17753284 -0.42288688 -0.04947746
v -0.18587525 -0.42581832 -0.01952356
v -0.13677979 -0.29304662 0.06496663
v -0.12035621 -0.29997158 0.08378551
v -0.10303027 -0.39477211 0.09692329
v -0.02917972 -0.51847637 0.08038186
v -0.01212387 -0.52808636 0.05681436
v -0.00402065 -0.59198356 -0.00611881
v -0.18824789 -0.43065980 0.01113671
v -0.00899269 -0.62055492 -0.01545730
v -0.01530458 -0.65073609 -0.02390398
v -0.06207647 -0.64640266 -0.08530790
v -0.09025392 -0.64797008 -0.09020086
v -0.08736587 -0.61838973 -0.09081262
v -0.05613632 -0.61500436 -0.08491364
v -0.11780829 -0.65049219 -0.08456165
v -0.11764015 -0.62199682 -0.08573657
v -0.10986615 -0.73625237 0.05920168
v -0.10610521 -0.96188003 -0.11820550
v -0.12808132 -0.99874580 -0.11234162
v -0.12923872 -0.96045417 -0.11333596
v -0.10687517 -0.99900526 -0.11725842
v -0.14795689 -0.96132356 -0.09952457
v -0.14707620 -0.92633164 -0.09644591
v -0.14926660 -1.00850236 -0.02575758
v -0.10780046 -1.03706586 -0.11281323
v -0.12662315 -1.03790498 -0.10798602
v -0.14218748 -1.03851163 -0.09656595
v -0.14615259 -0.99899125 -0.09902833
v -0.00245169 -0.54361868 0.02609614
v -0.16714177 -0.51335615 0.06760447
v -0.16492434 -0.48083732 0.07042676
v -0.10853670 -0.47049347 0.09842326
v -0.07938876 -0.48596081 0.10049378
v -0.10225831 -0.22131965 0.09291258
v -0.11985856 -0.21921647 0.07603171
v -0.12142031 -0.17650208 0.07017559
v -0.13569231 -0.17440768 0.05093871
v -0.13506095 -0.19527864 0.05373638
v -0.12047059 -0.19833308 0.07288767
v -0.15174632 -0.17053120 0.00286562
v -0.15108980 -0.16860034 -0.02412152
v -0.14875683 -0.18730505 -0.02023093
v -0.14995448 -0.18966377 0.00605818
v -0.14944518 -0.20484811 -0.01638631
v -0.14162730 -0.20188265 -0.04076542
v -0.07819884 -0.16642956 -0.10622077
v -0.09643311 -0.17129686 -0.09681571
v -0.09847061 -0.15018883 -0.10310768
v -0.07963914 -0.14381552 -0.11165977
v -0.03393965 -0.46099243 0.10881904
v -0.00517030 -0.52956146 0.03727151
v -0.07504082 -0.55747640 0.09578870
v -0.10934222 -0.52603120 0.10085343
v -0.14079088 -0.52086633 0.09089013
v -0.16325806 -0.03377202 -0.03414122
v -0.15975119 -0.01691401 -0.10211731
v -0.15714015 -0.00689043 -0.10830849
v -0.23575513 0.00705835 -0.06022060
v -0.23801371 0.00286607 -0.04147941
v -0.18007739 -0.02844964 0.00568863
v -0.20639834 0.04424525 0.00343309
v -0.19556539 0.02772782 0.01346057
v -0.19039391 0.04443753 0.01730320
v -0.13089335 -0.40583447 0.08382246
v -0.15885352 -0.41961381 0.06952255
v -0.13442530 -0.43074843 0.08612182
v -0.00214812 -0.51431650 -0.03585421
v -0.05311483 -0.50286323 0.09542180
v -0.02018056 -0.68035132 -0.03091338
v -0.02381763 -0.70848203 -0.03795270
v -0.02660969 -0.73528224 -0.04508952
v -0.02895748 -0.76188183 -0.05252088
v -0.03203269 -0.78862220 -0.05998398
v -0.03873740 -0.81564301 -0.06560373
v -0.04774266 -0.84364945 -0.06649701
v -0.05253029 -0.87292194 -0.07201295
v -0.04524074 -0.93887687 -0.06956200
v -0.05164697 -0.93627322 -0.08675357
v -0.05282566 -0.90364778 -0.08032135
v -0.05116612 -0.97001874 -0.09125313
v -0.05367525 -1.00413215 -0.09267289
v -0.06023023 -1.04034901 -0.09065720
v -0.06887566 -1.11429071 -0.08641397
v -0.06600954 -1.07755482 -0.08818901
v -0.00107356 -0.51330858 -0.01016347
v -0.00128956 -0.51368386 -0.02240639
v -0.11424313 0.11290882 0.01120690
v -0.16607118 -0.02145673 -0.01059924
v -0.16361292 -0.01679447 -0.01436329
v -0.17555375 -0.01326033 0.01067212
v -0.22415353 -0.04761089 -0.09268840
v -0.23549101 -0.03474911 -0.08368456
v -0.17104785 -0.03524137 -0.00823702
v -0.15652263 -0.00300103 -0.00881467
v -0.16268684 -0.00121197 -0.00250891
v -0.35627884 -0.24450527 -0.04256093
v -0.35804415 -0.24076349 -0.05587370
v -0.36587840 -0.26025110 -0.05446143
v -0.36296219 -0.26420432 -0.04221095
v -0.34896356 -0.25111896 -0.03225074
v -0.35544291 -0.27007550 -0.03329027
v -0.29725176 -0.28446594 -0.04964998
v -0.30459157 -0.27896655 -0.03797762
v -0.31509110 -0.29629862 -0.04255755
v -0.30871776 -0.30104733 -0.05425917
v -0.35249978 -0.29469728 -0.03041305
v -0.34243000 -0.30093294 -0.03193482
v -0.33425385 -0.28327090 -0.02879271
v -0.34542674 -0.27646989 -0.02849467
v -0.29654565 -0.28257114 -0.07953156
v -0.30278251 -0.27540827 -0.09031752
v -0.28907052 -0.26108223 -0.08758061
v -0.28355873 -0.26774034 -0.07532344
v -0.25890020 -0.21257652 -0.02785249
v -0.25114202 -0.21990767 -0.03838087
v -0.24419901 -0.20549785 -0.03213265
v -0.25296843 -0.19713929 -0.02317234
v -0.34211800 -0.20383723 -0.04304166
v -0.34064004 -0.20082515 -0.05806368
v -0.34956589 -0.22076696 -0.05709049
v -0.34922120 -0.22448921 -0.04274869
v -0.31040242 -0.22745295 -0.02013625
v -0.29633620 -0.23555359 -0.02278891
v -0.28822351 -0.21502040 -0.02082182
v -0.30177125 -0.20649724 -0.01946680
v -0.33366874 -0.18424718 -0.04448510
v -0.33043903 -0.18223512 -0.05908240
v -0.32635438 -0.26508543 -0.02530197
v -0.31442115 -0.27219141 -0.02981878
v -0.30521947 -0.25404304 -0.02573826
v -0.31844127 -0.24641824 -0.02220739
v -0.32315016 -0.31134945 -0.08347124
v -0.32980621 -0.30466765 -0.09169573
v -0.31648046 -0.28992373 -0.09156075
v -0.31000432 -0.29692554 -0.08210909
v -0.33344811 -0.30694932 -0.03788702
v -0.32595712 -0.31226471 -0.04667841
v -0.32398340 -0.28958613 -0.03406090
v -0.36812490 -0.27920169 -0.07837401
v -0.37273386 -0.27801073 -0.06594166
v -0.36366123 -0.25891131 -0.06821375
v -0.35758609 -0.26062453 -0.08130371
v -0.27567562 -0.24959792 -0.03892684
v -0.28462115 -0.24271451 -0.02892385
v -0.29418233 -0.26143304 -0.03317518
v -0.28590491 -0.26798588 -0.04450444
v -0.33574283 -0.20977540 -0.03024508
v -0.34255308 -0.23048903 -0.03109409
v -0.34663972 -0.24260958 -0.08357047
v -0.35395777 -0.23993984 -0.07019768
v -0.34385785 -0.22067329 -0.07142243
v -0.33470282 -0.22498673 -0.08502002
v -0.30983809 -0.21630907 -0.09332191
v -0.29645815 -0.22602423 -0.09422617
v -0.31011379 -0.24097735 -0.09573378
v -0.32319850 -0.23182435 -0.09340911
v -0.26675457 -0.23058179 -0.03342322
v -0.26003155 -0.23670426 -0.04609005
v -0.27077639 -0.25276545 -0.06985012
v -0.27550033 -0.24669389 -0.08349484
v -0.26218396 -0.23266847 -0.07788975
v -0.25811592 -0.23829971 -0.06283968
v -0.30175257 -0.15894324 -0.02386579
v -0.31203729 -0.15177688 -0.03416262
v -0.31969652 -0.16862187 -0.03237830
v -0.30942804 -0.17461284 -0.02248968
v -0.32418174 -0.16367811 -0.04666952
v -0.31364882 -0.14736627 -0.04964087
v -0.29050153 -0.13031344 -0.06650262
v -0.28111356 -0.13725717 -0.07491995
v -0.28711775 -0.14617176 -0.07267149
v -0.29882124 -0.13903835 -0.06503416
v -0.28163862 -0.18877317 -0.09290889
v -0.26737905 -0.19940904 -0.08968143
v -0.28201634 -0.21211059 -0.09220862
v -0.29599556 -0.20135839 -0.09347880
v -0.24378955 -0.20099661 -0.07851910
v -0.23885925 -0.20961915 -0.06525496
v -0.24947746 -0.21993788 -0.07145847
v -0.25638112 -0.21041980 -0.08307010
v -0.21637444 -0.16385835 -0.06394070
v -0.21312490 -0.16556939 -0.05005094
v -0.21843585 -0.17898932 -0.05117705
v -0.22235356 -0.17672910 -0.06530476
v -0.22110452 -0.15551870 -0.02219924
v -0.23118718 -0.14705148 -0.01334878
v -0.23788069 -0.15892914 -0.01489045
v -0.22694671 -0.16865782 -0.02310146
v -0.27891022 -0.11027405 -0.02742430
v -0.28227448 -0.10628983 -0.04338424
v -0.28962216 -0.11735889 -0.04102016
v -0.28453195 -0.12199035 -0.02622846
v -0.26973531 -0.17884101 -0.09167645
v -0.25282547 -0.18813078 -0.08701084
v -0.23258148 -0.18100955 -0.02485112
v -0.24292843 -0.17083389 -0.01683336
v -0.24777277 -0.18294241 -0.01940451
v -0.23835288 -0.19234978 -0.02774519
v -0.26625347 -0.14984827 -0.01657690
v -0.27799758 -0.14243086 -0.01851404
v -0.28341231 -0.15413091 -0.01971843
v -0.27145717 -0.16254471 -0.01842581
v -0.29028061 -0.13345140 -0.02515041
v -0.29693604 -0.12653291 -0.03820345
v -0.30427495 -0.13880424 -0.03594214
v -0.29574439 -0.14571565 -0.02446551
v -0.26664847 -0.15908304 -0.08678503
v -0.25715739 -0.16765945 -0.09081403
v -0.26334858 -0.17207643 -0.09111494
v -0.27322468 -0.16321048 -0.08684916
v -0.23542927 -0.19361962 -0.07284436
v -0.23114090 -0.20011902 -0.05899887
v -0.27556771 -0.17713554 -0.02027643
v -0.26382932 -0.18804042 -0.01937747
v -0.25913072 -0.17378844 -0.01666175
v -0.30527693 -0.13652262 -0.05134550
v -0.22208323 -0.16070892 -0.07541388
v -0.22920167 -0.15579222 -0.08506725
v -0.22130872 -0.14290188 -0.08443124
v -0.21422088 -0.14786522 -0.07438565
v -0.20870879 -0.15042858 -0.06245784
v -0.20631514 -0.14986916 -0.04868972
v -0.21457733 -0.13830237 -0.02074769
v -0.22354181 -0.13035192 -0.01113288
v -0.23615099 -0.11986886 -0.00629757
v -0.24974011 -0.10803334 -0.00751387
v -0.25838304 -0.12507933 -0.01179239
v -0.24427444 -0.13654058 -0.00976996
v -0.27268857 -0.08881018 -0.04392375
v -0.26951081 -0.09098534 -0.02728304
v -0.27107322 -0.09215696 -0.05981789
v -0.28011853 -0.10771663 -0.05775202
v -0.22606525 -0.18765108 -0.03799271
v -0.22032659 -0.17579755 -0.03579118
v -0.33594543 -0.24833040 -0.09283644
v -0.32349834 -0.25684315 -0.09607512
v -0.33647731 -0.27302891 -0.09515854
v -0.34828016 -0.26551908 -0.09089746
v -0.33886865 -0.29686838 -0.09462820
v -0.32579082 -0.28138092 -0.09568829
v -0.33851090 -0.25835925 -0.02618671
v -0.33148915 -0.23925042 -0.02395263
v -0.36205825 -0.28810632 -0.03403829
v -0.28849486 -0.16796201 -0.02039187
v -0.29444718 -0.18513089 -0.01991692
v -0.27097532 -0.14508408 -0.08170956
v -0.27451688 -0.12964590 -0.07731642
v -0.26565102 -0.13775672 -0.08478937
v -0.29560971 -0.17890678 -0.08621172
v -0.30718663 -0.17168780 -0.07223896
v -0.29220730 -0.15912415 -0.07335296
v -0.28261530 -0.16899490 -0.08640587
v -0.25147340 -0.16322422 -0.09028226
v -0.26153344 -0.15373130 -0.08773236
v -0.25608808 -0.14672992 -0.08938945
v -0.24564196 -0.15647441 -0.09032169
v -0.27390140 -0.12996623 -0.01766100
v -0.26929528 -0.11747818 -0.01702530
v -0.26781785 -0.11979665 -0.07992274
v -0.27474460 -0.11311425 -0.06974432
v -0.26632962 -0.09962408 -0.07301165
v -0.25883505 -0.10694957 -0.08351632
v -0.28261599 -0.12213607 -0.06775276
v -0.25934175 -0.12787710 -0.08752643
v -0.25044477 -0.11533377 -0.09027363
v -0.26122847 -0.09784240 -0.01472175
v -0.23875414 -0.14727813 -0.09059328
v -0.24961257 -0.13730843 -0.09109681
v -0.24075134 -0.12477347 -0.09272301
v -0.23040485 -0.13468581 -0.09094338
v -0.31231257 -0.26612651 -0.09550410
v -0.29862905 -0.25124794 -0.09398702
v -0.23835458 -0.21179035 -0.04779775
v -0.24692245 -0.22396749 -0.05489828
v -0.23193513 -0.19958119 -0.04186910
v -0.29421923 -0.28635347 -0.06474598
v -0.30691880 -0.30124789 -0.06872750
v -0.27049413 -0.25398195 -0.05329762
v -0.28219977 -0.27027762 -0.05952983
v -0.32223681 -0.20830767 -0.08571936
v -0.23511767 -0.17959780 -0.07872455
v -0.22923687 -0.18587627 -0.06802402
v -0.24149552 -0.18468359 -0.08236785
v -0.20820478 -0.14473811 -0.03358223
v -0.21544452 -0.16152394 -0.03487960
v -0.25396216 -0.17818035 -0.08998142
v -0.19899328 -0.12402701 -0.03209740
v -0.30654699 -0.15030028 -0.06333790
v -0.29676294 -0.12571912 -0.05338398
v -0.28835234 -0.11712770 -0.05551901
v -0.37354079 -0.27920258 -0.05296780
v -0.32427078 -0.21915069 -0.02228375
v -0.28074357 -0.19420590 -0.02041709
v -0.26888978 -0.20365231 -0.02220584
v -0.24187925 -0.17227216 -0.08716728
v -0.23588087 -0.16573805 -0.08567962
v -0.22891091 -0.17180684 -0.07635331
v -0.26295447 -0.13823886 -0.01457291
v -0.24977621 -0.14928862 -0.01219123
v -0.31975734 -0.31559873 -0.07145052
v -0.25473106 -0.16045883 -0.01438873
v -0.31855616 -0.16574904 -0.06075716
v -0.01720309 0.07430549 -0.12297067
v -0.15746495 -0.09417371 0.02185563
v -0.11909203 -0.11716324 0.06904482
v -0.13361441 -0.11476956 0.05308174
v -0.16700794 -0.03700438 -0.00357001
v -0.16647427 -0.02790147 -0.00746543
v -0.16058680 -0.01128495 -0.01812481
v -0.15513936 -0.01126692 -0.02317337
v -0.16250601 -0.05628219 0.02721166
v -0.01256745 -0.26578075 0.13942245
v -0.04995536 -0.27054343 -0.10169046
v -0.02546424 -0.27016765 -0.10116476
v -0.02818686 -0.28791961 -0.10948677
v -0.05431136 -0.28864032 -0.10842078
v -0.03104923 -0.30671293 -0.11888722
v -0.16626757 -0.33966255 -0.06307507
v -0.16146004 -0.31785280 -0.06097445
v -0.14611068 -0.31993005 -0.08413204
v -0.15034187 -0.34281775 -0.08804014
v -0.16589355 -0.30133817 -0.03421535
v -0.15531035 -0.29984859 -0.05913117
v -0.17141257 -0.31834799 -0.03413036
v -0.17500380 -0.32296255 -0.00569586
v -0.16976461 -0.30526885 -0.00649370
v -0.17129159 -0.33146417 0.02122608
v -0.16622630 -0.31218731 0.02048242
v -0.16168396 -0.34134778 0.04556492
v -0.14633425 -0.35095367 0.06656288
v -0.12836163 -0.38248095 0.08332769
v -0.10342564 -0.36998421 0.09828632
v -0.12601013 -0.36064738 0.08394684
v -0.05662465 -0.38350672 0.11854862
v -0.07952453 -0.37820801 0.10996512
v -0.01678756 -0.38853663 0.12652153
v -0.03592000 -0.38667130 0.12382407
v -0.10920706 0.09290504 0.02836936
v -0.10411846 0.14626300 -0.08242653
v -0.11434549 0.15126303 -0.06019047
v -0.09086448 0.15098932 -0.08101784
v -0.12227386 0.08840488 -0.11927049
v -0.12650131 0.10811990 -0.10884052
v -0.10394976 0.10184993 -0.11942967
v -0.10092748 0.08390082 -0.12708518
v -0.07956602 0.14345714 -0.09532715
v -0.07264551 0.14582272 -0.09447300
v -0.09004181 0.13819732 -0.09899332
v -0.05276502 0.12197588 -0.11396484
v -0.07330284 0.12964319 -0.10977586
v -0.15946923 0.14107743 -0.05437991
v -0.15702821 0.12676181 -0.07715014
v -0.16797139 0.12332212 -0.07205188
v -0.17204016 0.13740386 -0.04981295
v -0.15061525 0.07268059 -0.11309469
v -0.14764398 0.05586310 -0.11830857
v -0.15928629 0.05702866 -0.11372624
v -0.16131911 0.07322504 -0.10833886
v -0.20441987 0.10476921 -0.03669183
v -0.19910438 0.10165436 -0.05823470
v -0.20857346 0.08748228 -0.05620303
v -0.21343891 0.08765277 -0.03549847
v -0.16270882 0.08987228 -0.09954989
v -0.08655988 -0.03136528 -0.13784112
v -0.12049687 -0.01415979 -0.12974319
v -0.10584403 -0.02370427 -0.13477048
v -0.15485553 0.00389924 -0.11303411
v -0.14642438 -0.00002757 -0.11777595
v -0.14951573 -0.01212506 -0.11256342
v -0.16590612 0.00842576 -0.10371815
v -0.16211273 0.00661812 -0.10830459
v -0.18141316 0.02757470 0.02331705
v -0.17704099 0.03996630 0.02815007
v -0.18476769 0.06108958 0.01995802
v -0.16503455 -0.00148921 -0.09058011
v -0.16285452 -0.00306192 -0.08932675
v -0.16590613 0.00247875 -0.09270916
v -0.16634530 0.00435331 -0.09393456
v -0.14757198 0.14367980 -0.05832107
v -0.19298311 0.09233779 -0.07413132
v -0.18790181 0.08035704 -0.08622553
v -0.19657797 0.07073696 -0.08444031
v -0.20239080 0.08151333 -0.07180312
v -0.18484901 0.06807625 -0.09602266
v -0.18140760 0.05593013 -0.10262455
v -0.18879244 0.05086644 -0.10001699
v -0.19241142 0.06077107 -0.09357858
v -0.17032574 0.00803722 -0.09618492
v -0.16800109 0.01162385 -0.09723509
v -0.21748646 0.06024455 -0.01344853
v -0.18288702 0.13041475 -0.01760016
v -0.17618512 0.11561581 0.00602579
v -0.16555822 0.12679912 0.00319185
v -0.17105915 0.13978428 -0.02224835
v -0.15997577 -0.02489000 -0.04292521
v -0.16056332 -0.01922778 -0.02903969
v -0.15964198 -0.02847528 -0.05593767
v -0.16438228 -0.01272517 -0.08074640
v -0.15905583 -0.02892446 -0.06721240
v -0.17315121 0.00072751 0.01456683
v -0.18483452 0.01297981 0.01838068
v -0.16782995 0.09118645 0.01990029
v -0.15898991 0.10280757 0.01834624
v -0.22089636 0.06906991 -0.03535120
v -0.21658568 0.07042317 -0.05563993
v -0.16741093 -0.01045322 -0.09316318
v -0.17229272 -0.01713325 -0.09756066
v -0.17084675 -0.00495876 -0.09650251
v -0.16384858 -0.01549616 -0.08971202
v -0.16280706 -0.00653552 -0.08635692
v -0.18336564 0.13105834 -0.04481153
v -0.21010059 0.06698284 -0.07099489
v -0.20428504 0.05866343 -0.08384559
v -0.17731604 0.07189845 -0.09973896
v -0.17946802 0.08574098 -0.09000697
v -0.17123704 0.08862986 -0.09463982
v -0.16965453 0.07320961 -0.10388204
v -0.19570246 0.04230429 -0.09837832
v -0.19041915 0.03102354 -0.10241448
v -0.17527571 0.05784316 -0.10579128
v -0.16831002 0.05783156 -0.10966142
v -0.17459151 0.00146722 -0.09967277
v -0.14996137 0.11107790 0.01585492
v -0.14582135 0.08719611 0.02703379
v -0.13561803 0.09196201 0.02666840
v -0.16307408 0.06699538 0.03002942
v -0.15466864 0.07859498 0.02851451
v -0.17110252 0.05265333 0.03053575
v -0.12377431 0.09279346 0.02710718
v -0.24858510 -0.17644216 -0.08914906
v -0.17975742 -0.02346691 -0.09999748
v -0.16869472 -0.02339830 -0.09437341
v -0.17742440 -0.03098138 -0.09764698
v -0.21534418 -0.05496240 -0.09673154
v -0.27596760 -0.15197578 -0.07946289
v -0.27987868 -0.15794607 -0.07934220
v -0.30936110 -0.19309437 -0.08603044
v -0.33257607 -0.20354819 -0.07228494
v -0.32096919 -0.18707448 -0.07232554
v -0.32879481 -0.18854941 -0.03036771
v -0.31697133 -0.19768859 -0.02146264
v -0.27622631 -0.22293502 -0.02542195
v -0.27033260 -0.22310834 -0.08764143
v -0.38462666 -0.31949157 -0.03817901
v -0.38978392 -0.31596535 -0.04819827
v -0.39820001 -0.33423120 -0.04555069
v -0.39189577 -0.33809149 -0.03670088
v -0.39016789 -0.36070704 -0.03246800
v -0.38326284 -0.34318542 -0.03283595
v -0.39943501 -0.35599834 -0.03438184
v -0.38180768 -0.36479324 -0.03507796
v -0.37484002 -0.34793204 -0.03429650
v -0.37528807 -0.36806691 -0.04132030
v -0.37018177 -0.37098920 -0.04934077
v -0.36186716 -0.35568017 -0.04699668
v -0.36746690 -0.35214263 -0.03939423
v -0.35824135 -0.35835421 -0.05623818
v -0.35642749 -0.35956466 -0.06640361
v -0.34434694 -0.34534121 -0.06398446
v -0.34761849 -0.34306496 -0.05335437
v -0.37441805 -0.36822921 -0.08444101
v -0.38122529 -0.36343384 -0.08778315
v -0.36933714 -0.34905148 -0.08917968
v -0.36192352 -0.35458255 -0.08509463
v -0.37454152 -0.32232380 -0.08821034
v -0.36507699 -0.32799417 -0.09107738
v -0.37820092 -0.34348249 -0.08920350
v -0.38706443 -0.33809251 -0.08621685
v -0.39883786 -0.35274583 -0.08519722
v -0.40498847 -0.34976482 -0.07709264
v -0.39390922 -0.33480883 -0.07915999
v -0.36966032 -0.28262454 -0.04172330
v -0.37708461 -0.30124718 -0.04018655
v -0.36908722 -0.30672592 -0.03357448
v -0.35037467 -0.31843019 -0.03479182
v -0.35945114 -0.31274498 -0.03204130
v -0.36698109 -0.33052272 -0.03302949
v -0.35880730 -0.33552355 -0.03706573
v -0.32056808 -0.31595343 -0.05826858
v -0.33674434 -0.32761461 -0.05038929
v -0.33256388 -0.33068365 -0.06134392
v -0.35252461 -0.33963042 -0.04421975
v -0.34301421 -0.32296404 -0.04142777
v -0.34468633 -0.34437990 -0.07530714
v -0.35749739 -0.35826403 -0.07676183
v -0.39086804 -0.31486487 -0.05998271
v -0.38842461 -0.31558880 -0.07160029
v -0.39813149 -0.33342567 -0.06858282
v -0.40006021 -0.33289689 -0.05702113
v -0.33241838 -0.33001280 -0.07338427
v -0.37858093 -0.29763526 -0.07492307
v -0.38187143 -0.29661861 -0.06300549
v -0.38306102 -0.31786329 -0.08168337
v -0.37171367 -0.30084798 -0.08469886
v -0.40921265 -0.34959769 -0.05434209
v -0.40670827 -0.35178146 -0.04285088
v -0.38179824 -0.29746503 -0.05069447
v -0.34885076 -0.34040368 -0.08498514
v -0.35618368 -0.33432317 -0.09050117
v -0.34303540 -0.31956679 -0.09118161
v -0.33606029 -0.32594186 -0.08429450
v -0.34914225 -0.28947854 -0.09324297
v -0.35190210 -0.31245947 -0.09289781
v -0.36178827 -0.30611569 -0.09068552
v -0.38983867 -0.35809004 -0.08808772
v -0.36006525 -0.28337070 -0.08802628
v -0.40647236 -0.44281596 -0.04166430
v -0.41409752 -0.44845638 -0.04034946
v -0.41333798 -0.44247302 -0.04708816
v -0.40700307 -0.43489730 -0.04674150
v -0.37943307 -0.43103373 -0.03188996
v -0.38229147 -0.44349200 -0.02700043
v -0.38640004 -0.44805616 -0.03557222
v -0.38533172 -0.43597770 -0.04117325
v -0.40593669 -0.44972062 -0.03669251
v -0.41530958 -0.45265195 -0.03456258
v -0.42444447 -0.45583165 -0.03235829
v -0.41517857 -0.45177847 -0.03050191
v -0.42908001 -0.45265263 -0.02805786
v -0.43504879 -0.44250429 -0.02681940
v -0.44471452 -0.45127124 -0.03055840
v -0.43728113 -0.45681423 -0.02842774
v -0.44342709 -0.42898905 -0.05095147
v -0.44192186 -0.42637974 -0.06222884
v -0.44951159 -0.44018877 -0.06345621
v -0.44988233 -0.44285211 -0.05193317
v -0.44000825 -0.43550426 -0.08210719
v -0.44516748 -0.43882781 -0.07260730
v -0.43834174 -0.42453367 -0.07080832
v -0.43397936 -0.42225558 -0.07921250
v -0.40680683 -0.42932829 -0.05386887
v -0.41211963 -0.43783799 -0.05458883
v -0.41085881 -0.43653655 -0.06049035
v -0.40515825 -0.42784715 -0.06034918
v -0.41990882 -0.44793350 -0.02596011
v -0.40896940 -0.45689660 -0.02674691
v -0.41093192 -0.45475188 -0.02311318
v -0.41901949 -0.44251472 -0.02189305
v -0.38109535 -0.40120429 -0.06301479
v -0.38486809 -0.41140157 -0.06576455
v -0.38399243 -0.41286248 -0.07317156
v -0.37961423 -0.40142590 -0.07147949
v -0.38041264 -0.40095478 -0.04273520
v -0.38587734 -0.39172071 -0.03254871
v -0.38543144 -0.40084174 -0.02795300
v -0.37862578 -0.40971839 -0.03897440
v -0.38425776 -0.41241515 -0.02453909
v -0.38382968 -0.42492381 -0.02189118
v -0.37838930 -0.42014411 -0.03572710
v -0.38644719 -0.43904504 -0.01888369
v -0.38409063 -0.40725899 -0.08538710
v -0.38216484 -0.39828712 -0.08223378
v -0.43668360 -0.49678594 -0.04106877
v -0.43828759 -0.49700263 -0.03535516
v -0.43779111 -0.50042444 -0.03588289
v -0.43657139 -0.50013071 -0.04155196
v -0.40436590 -0.38519698 -0.08923386
v -0.39566013 -0.38954139 -0.09042135
v -0.39942965 -0.39512944 -0.09221333
v -0.40824956 -0.39114791 -0.08930670
v -0.40424320 -0.40236759 -0.09504608
v -0.41348436 -0.39855167 -0.09000042
v -0.44781268 -0.50028670 -0.03142542
v -0.45242560 -0.50168443 -0.03374263
v -0.44945493 -0.50740284 -0.03360837
v -0.44521981 -0.50509560 -0.03173584
v -0.41872776 -0.45065647 -0.04655403
v -0.42028770 -0.45516235 -0.03893401
v -0.42618340 -0.46152425 -0.03689444
v -0.43108296 -0.46706524 -0.03537737
v -0.42996556 -0.46899387 -0.04140127
v -0.42472124 -0.46047905 -0.04549304
v -0.41812506 -0.44736868 -0.05751844
v -0.42328027 -0.45728987 -0.05773629
v -0.42105594 -0.45329475 -0.06480849
v -0.41569674 -0.44412559 -0.06463872
v -0.41402364 -0.45048869 -0.08340538
v -0.40882748 -0.44397676 -0.08234131
v -0.41086933 -0.44308215 -0.07648013
v -0.41674861 -0.45110285 -0.07693999
v -0.43314165 -0.47219247 -0.07724781
v -0.42776191 -0.46551996 -0.07708051
v -0.42929330 -0.46657979 -0.07202204
v -0.43430960 -0.47305962 -0.07238085
v -0.40148532 -0.37850779 -0.08910911
v -0.39270827 -0.38321167 -0.08946317
v -0.42290202 -0.44111478 -0.10767688
v -0.43301359 -0.44078121 -0.10287268
v -0.42817923 -0.43157402 -0.09878171
v -0.41917428 -0.43121752 -0.10361509
v -0.41636780 -0.38905731 -0.08271221
v -0.41294748 -0.38221133 -0.08325126
v -0.45568705 -0.50316614 -0.03869198
v -0.45225269 -0.50856560 -0.03872051
v -0.39598092 -0.41756248 -0.01643725
v -0.39534032 -0.43526021 -0.01366116
v -0.39722043 -0.40330654 -0.02118354
v -0.39759478 -0.38549453 -0.02887851
v -0.39786279 -0.39378446 -0.02582150
v -0.42716816 -0.46436262 -0.05033339
v -0.41651225 -0.44480601 -0.05331153
v -0.40917876 -0.43562153 -0.06497965
v -0.39719737 -0.43296731 -0.08360015
v -0.40140808 -0.43816763 -0.08619055
v -0.39973265 -0.43617797 -0.09331674
v -0.39544466 -0.42973793 -0.09293672
v -0.41002554 -0.44603515 -0.10177215
v -0.41448355 -0.44311416 -0.10708148
v -0.41029534 -0.43515420 -0.10443150
v -0.40577868 -0.43988192 -0.10026104
v -0.41108516 -0.45371690 -0.01763423
v -0.41519582 -0.43940556 -0.01660489
v -0.38767383 -0.39431751 -0.08817135
v -0.39071664 -0.40084320 -0.09142496
v -0.38580522 -0.38702184 -0.08583681
v -0.38537675 -0.41220152 -0.05507843
v -0.39677420 -0.41964626 -0.05888286
v -0.39510816 -0.41929859 -0.06347018
v -0.38549441 -0.41070169 -0.06065100
v -0.39735544 -0.43001163 -0.04788519
v -0.38472635 -0.42555517 -0.04549259
v -0.39682141 -0.43946302 -0.04375428
v -0.38133359 -0.40060949 -0.05463761
v -0.37992615 -0.39151686 -0.05212145
v -0.37937924 -0.39181131 -0.06152530
v -0.37904626 -0.39160478 -0.07111807
v -0.38157979 -0.38996691 -0.08015735
v -0.37640560 -0.38303125 -0.05099748
v -0.37554994 -0.38395709 -0.06039044
v -0.37606540 -0.38361907 -0.07041895
v -0.37846768 -0.38200492 -0.07898542
v -0.41027832 -0.37404364 -0.08372614
v -0.40648901 -0.36433405 -0.08450153
v -0.39740947 -0.36952281 -0.08871586
v -0.38229048 -0.39083529 -0.04242076
v -0.38055661 -0.38129675 -0.04234499
v -0.38639471 -0.37922162 -0.03413754
v -0.39618126 -0.37483287 -0.03128606
v -0.39468136 -0.46162939 -0.03015760
v -0.39490032 -0.45605287 -0.03385380
v -0.38770768 -0.45482540 -0.02997592
v -0.38901347 -0.46115604 -0.02534150
v -0.43559393 -0.46545172 -0.03083422
v -0.43100095 -0.45982561 -0.03114088
v -0.44245714 -0.46344501 -0.02939361
v -0.38820091 -0.42049968 -0.07878108
v -0.38793314 -0.41561520 -0.08913957
v -0.43127745 -0.47059131 -0.04673970
v -0.44595101 -0.47951382 -0.03024774
v -0.45241642 -0.47971764 -0.03249276
v -0.45314696 -0.49375945 -0.03347006
v -0.44777194 -0.49302274 -0.03101590
v -0.43585700 -0.48118913 -0.04575211
v -0.44098583 -0.48232475 -0.04990231
v -0.43837219 -0.47626817 -0.05035924
v -0.43441185 -0.47509959 -0.04562232
v -0.42875442 -0.46961355 -0.08333036
v -0.42446122 -0.46374938 -0.08323267
v -0.45572037 -0.45683181 -0.04049441
v -0.45017135 -0.44485486 -0.03925893
v -0.45272696 -0.45854825 -0.05271792
v -0.42236516 -0.45873529 -0.07714967
v -0.41888499 -0.45168179 -0.07125828
v -0.42398176 -0.45964730 -0.07183712
v -0.43202540 -0.46947253 -0.05643762
v -0.42740265 -0.46400070 -0.05766374
v -0.42913675 -0.46682915 -0.05282485
v -0.43293822 -0.47110426 -0.05118372
v -0.41451851 -0.42073739 -0.10065753
v -0.40342155 -0.42635751 -0.10183391
v -0.44246849 -0.49852431 -0.03196879
v -0.44100496 -0.50251299 -0.03263006
v -0.38888767 -0.37489566 -0.08815356
v -0.38268048 -0.37929803 -0.08474849
v -0.41328290 -0.44294351 -0.07046001
v -0.44236240 -0.43294758 -0.03804019
v -0.40695021 -0.43506670 -0.06980634
v -0.43356311 -0.46628347 -0.09319469
v -0.44034806 -0.46514723 -0.09215556
v -0.43960515 -0.45635396 -0.09198323
v -0.43161923 -0.45959622 -0.09520379
v -0.43915349 -0.49755469 -0.04613549
v -0.44413173 -0.49928260 -0.04941811
v -0.44346476 -0.49289015 -0.04946670
v -0.43827906 -0.49219418 -0.04607769
v -0.43514276 -0.47987357 -0.03530408
v -0.43384936 -0.48059720 -0.04069924
v -0.43262941 -0.47356042 -0.04070812
v -0.43364337 -0.47243351 -0.03524304
v -0.43817002 -0.47138092 -0.03132221
v -0.44002694 -0.47935116 -0.03161658
v -0.45478377 -0.48088840 -0.04592055
v -0.44882286 -0.48261365 -0.05032630
v -0.45027494 -0.49431697 -0.05027302
v -0.45545334 -0.49523860 -0.04556007
v -0.42895550 -0.40934712 -0.07698167
v -0.42431197 -0.40842748 -0.08519123
v -0.42908710 -0.42102289 -0.08792883
v -0.43418181 -0.43381226 -0.09115046
v -0.43763661 -0.44634280 -0.09370843
v -0.44594210 -0.44759786 -0.08468297
v -0.42347214 -0.42012167 -0.09457112
v -0.45138186 -0.46894598 -0.05681017
v -0.44624937 -0.47204843 -0.05514785
v -0.45241451 -0.47035703 -0.04844903
v -0.40380511 -0.43508142 -0.07668718
v -0.44194385 -0.49203780 -0.03173960
v -0.41863871 -0.38537842 -0.03851974
v -0.42318869 -0.38245013 -0.05107103
v -0.42694741 -0.39182097 -0.05150837
v -0.42089471 -0.39426231 -0.03626092
v -0.43591321 -0.49192706 -0.04089945
v -0.43695062 -0.49160206 -0.03528486
v -0.42847648 -0.46836209 -0.09287008
v -0.42384845 -0.46431547 -0.09419315
v -0.42274863 -0.46314502 -0.08942501
v -0.42723697 -0.46880236 -0.08864798
v -0.41895157 -0.40830910 -0.09168230
v -0.43323135 -0.44876873 -0.10584964
v -0.42248559 -0.45037448 -0.11022933
v -0.42177343 -0.38871276 -0.07345218
v -0.42011514 -0.39745742 -0.08332822
v -0.42493975 -0.39777172 -0.07494646
v -0.44953877 -0.45496565 -0.07362437
v -0.43274829 -0.41127777 -0.06931370
v -0.42811286 -0.39921224 -0.06731456
v -0.42473969 -0.38911915 -0.06448277
v -0.42211485 -0.38089055 -0.06335286
v -0.41907728 -0.38092238 -0.07308456
v -0.45465824 -0.50343889 -0.04551084
v -0.45650911 -0.49470875 -0.03857364
v -0.41593614 -0.37206644 -0.07334676
v -0.41193852 -0.36173713 -0.07493709
v -0.41912171 -0.37197155 -0.06322514
v -0.41462874 -0.36165500 -0.06435626
v -0.43077850 -0.40121147 -0.05863662
v -0.43121684 -0.40357727 -0.04834094
v -0.43566313 -0.41314486 -0.06097030
v -0.43709043 -0.41616374 -0.05046126
v -0.45571545 -0.45361960 -0.06408016
v -0.44285157 -0.50469315 -0.04950057
v -0.43973005 -0.51273000 -0.05012705
v -0.44316715 -0.51561320 -0.04872872
v -0.44726029 -0.50771737 -0.04884222
v -0.44964215 -0.50162774 -0.04952829
v -0.45117801 -0.50854772 -0.04519397
v -0.43518370 -0.42075378 -0.03637223
v -0.43695325 -0.47434753 -0.05581281
v -0.42488411 -0.40857789 -0.03115319
v -0.43034768 -0.43054923 -0.02408839
v -0.42174715 -0.42391741 -0.01937439
v -0.41025347 -0.39745563 -0.02409905
v -0.40995321 -0.41092485 -0.01751452
v -0.40809298 -0.38102382 -0.03185948
v -0.40952229 -0.38883615 -0.02933867
v -0.40521449 -0.37056291 -0.03321469
v -0.40753874 -0.42789537 -0.01292052
v -0.43418238 -0.50600374 -0.03752988
v -0.43379855 -0.50595772 -0.04341611
v -0.41251072 -0.36629581 -0.04088709
v -0.41602626 -0.37725300 -0.03971293
v -0.39594182 -0.44926560 -0.03882845
v -0.40090042 -0.42732829 -0.06875306
v -0.39765483 -0.42778146 -0.07402422
v -0.39302456 -0.42738670 -0.08139162
v -0.39180580 -0.42329550 -0.09193856
v -0.41577250 -0.36288184 -0.05244453
v -0.36813554 -0.37278736 -0.05871079
v -0.36810881 -0.37288702 -0.06865542
v -0.40783629 -0.34924293 -0.06619360
v -0.43711114 -0.50842184 -0.03380857
v -0.44023681 -0.47439045 -0.07476204
v -0.44022465 -0.47364196 -0.07687242
v -0.38555279 -0.45178664 -0.02276547
v -0.38849923 -0.45896792 -0.01906788
v -0.38959649 -0.44870389 -0.01565845
v -0.39746511 -0.44641909 -0.01152876
v -0.39941835 -0.45610622 -0.01137020
v -0.39245155 -0.45774180 -0.01451080
v -0.39324513 -0.42004907 -0.06743202
v -0.39127079 -0.42094612 -0.07235180
v -0.39898676 -0.41662955 -0.09934524
v -0.40964225 -0.41075331 -0.09801769
v -0.44484261 -0.47033989 -0.02993557
v -0.44992948 -0.46069515 -0.03211526
v -0.45108014 -0.46928045 -0.03274171
v -0.45609200 -0.47918051 -0.03855164
v -0.44598094 -0.47593865 -0.05136339
v -0.44259131 -0.47495434 -0.05435513
v -0.38495615 -0.41757393 -0.05005151
v -0.39768645 -0.42306632 -0.05314813
v -0.40410629 -0.45434463 -0.03313540
v -0.40283191 -0.45917439 -0.03084220
v -0.42552394 -0.46108633 -0.06472187
v -0.45170021 -0.46804702 -0.07137258
v -0.45557189 -0.46583402 -0.06399303
v -0.43059421 -0.46755245 -0.06442300
v -0.44395468 -0.51503098 -0.03435814
v -0.44023272 -0.51178873 -0.03273968
v -0.45549297 -0.46794677 -0.03933707
v -0.41944551 -0.45736885 -0.08360440
v -0.44729537 -0.46542460 -0.07769001
v -0.44668081 -0.47206664 -0.07428902
v -0.41586608 -0.44886467 -0.10747842
v -0.41984278 -0.37399548 -0.05134748
v -0.43565664 -0.50811201 -0.04846063
v -0.43841010 -0.50163418 -0.04703161
v -0.44573918 -0.51665205 -0.04514511
v -0.44642156 -0.51616275 -0.03942892
v -0.39470640 -0.40830767 -0.09561480
v -0.40316758 -0.42737722 -0.06469388
v -0.37003273 -0.37135905 -0.07780905
v -0.40686285 -0.45410329 -0.01243404
v -0.40630615 -0.44256616 -0.01251309
v -0.43457192 -0.47276551 -0.06422623
v -0.43396908 -0.45401311 -0.09944490
v -0.44741952 -0.46691597 -0.08729012
v -0.44800407 -0.47097263 -0.08074187
v -0.44693291 -0.45764297 -0.08594721
v -0.44440454 -0.47451746 -0.07828976
v -0.44098601 -0.52274078 -0.04542708
v -0.44158787 -0.52233922 -0.03994603
v -0.43923962 -0.52068877 -0.03484057
v -0.43631154 -0.51655829 -0.03357222
v -0.43377101 -0.51275897 -0.03497978
v -0.43859977 -0.52119112 -0.04895106
v -0.43573499 -0.51798987 -0.05023004
v -0.43283185 -0.51269394 -0.04889163
v -0.43395948 -0.52485973 -0.04928071
v -0.43525863 -0.52782857 -0.04574639
v -0.43167424 -0.52877092 -0.03769019
v -0.42819470 -0.53076684 -0.03774881
v -0.42780048 -0.52804834 -0.03541450
v -0.43356454 -0.52589071 -0.03547149
v -0.42329544 -0.53062278 -0.03674990
v -0.42438626 -0.53350520 -0.03855139
v -0.43353045 -0.52933109 -0.04050421
v -0.42961395 -0.53237313 -0.04137035
v -0.42542958 -0.53469294 -0.04603306
v -0.42537969 -0.53539008 -0.04222467
v -0.42947161 -0.53165329 -0.04524066
v -0.43288267 -0.52966183 -0.04398862
v -0.43685693 -0.52716291 -0.04003862
v -0.42174774 -0.53753906 -0.04277863
v -0.41891986 -0.53592318 -0.04349224
v -0.41995519 -0.53342688 -0.03909164
v -0.42172396 -0.53550434 -0.03949669
v -0.43220007 -0.52049476 -0.03414582
v -0.42670131 -0.52443898 -0.03539492
v -0.42189670 -0.52754205 -0.03737872
v -0.41871697 -0.53053033 -0.04004219
v -0.42062932 -0.52521998 -0.03936731
v -0.42480177 -0.52151507 -0.03723190
v -0.41835654 -0.52796727 -0.04188533
v -0.41977692 -0.52406293 -0.04225257
v -0.42317766 -0.51979238 -0.04069123
v -0.42887825 -0.51407301 -0.03918463
v -0.43058354 -0.51637286 -0.03562724
v -0.41851264 -0.52647173 -0.04334674
v -0.41773629 -0.53305680 -0.04449664
v -0.42983538 -0.53025156 -0.04809956
v -0.42502993 -0.53306204 -0.04858325
v -0.42877465 -0.52814370 -0.04997470
v -0.42399204 -0.53103948 -0.05003886
v -0.42285967 -0.53690529 -0.04616163
v -0.42125070 -0.53555298 -0.04770996
v -0.43161529 -0.50997728 -0.03869601
v -0.43158200 -0.51016253 -0.04450402
v -0.42860043 -0.51401311 -0.04475445
v -0.42291874 -0.51960289 -0.04577811
v -0.42977428 -0.51671106 -0.04893528
v -0.43173516 -0.52153498 -0.05041067
v -0.42688614 -0.52553415 -0.05060076
v -0.42481530 -0.52201641 -0.04965714
v -0.42111182 -0.52596813 -0.04918071
v -0.42255253 -0.52844769 -0.05025755
v -0.41980880 -0.52440089 -0.04601044
v -0.41950810 -0.53015661 -0.04871114
v -0.42015743 -0.53307247 -0.04859690
v -0.41937780 -0.52800542 -0.04819483
v -0.41857535 -0.52741152 -0.04578456
v -0.41802311 -0.52998531 -0.04533312
v -0.44051170 -0.49986112 -0.06773525
v -0.44250667 -0.50000775 -0.06291162
v -0.43990853 -0.50562263 -0.06350592
v -0.43771988 -0.50499237 -0.06853446
v -0.45183438 -0.50285602 -0.06027370
v -0.45742792 -0.50434983 -0.06315055
v -0.45314535 -0.51141560 -0.06345771
v -0.44762227 -0.50936180 -0.06088240
v -0.45985633 -0.50433904 -0.07029554
v -0.45538658 -0.51130056 -0.07031852
v -0.44839394 -0.48115656 -0.05713329
v -0.45412070 -0.47966009 -0.05902595
v -0.45805210 -0.49516854 -0.06170304
v -0.45212826 -0.49488795 -0.05907132
v -0.43792069 -0.48086426 -0.07130161
v -0.44169313 -0.48124802 -0.07519139
v -0.44644815 -0.50109208 -0.06059503
v -0.44310144 -0.50716794 -0.06122573
v -0.44098061 -0.49988025 -0.07266723
v -0.44394237 -0.50109893 -0.07686498
v -0.44482955 -0.49360627 -0.07607173
v -0.44127375 -0.49332684 -0.07219292
v -0.43903753 -0.48143378 -0.05880503
v -0.43738094 -0.48105270 -0.06507416
v -0.44350505 -0.48155567 -0.05684453
v -0.45481864 -0.47931871 -0.07249349
v -0.44880414 -0.48076516 -0.07591245
v -0.45070988 -0.49443781 -0.07785314
v -0.45694581 -0.49489248 -0.07543461
v -0.44691491 -0.49399120 -0.05947902
v -0.44047573 -0.49344426 -0.06673101
v -0.44247758 -0.49362177 -0.06161913
v -0.45483458 -0.50424671 -0.07668701
v -0.46037704 -0.49421003 -0.06849539
v -0.44044754 -0.50716090 -0.07769112
v -0.43547264 -0.51459366 -0.07805771
v -0.43956405 -0.51732445 -0.07816768
v -0.44474664 -0.50970024 -0.07848266
v -0.44869095 -0.50299460 -0.07814413
v -0.45031959 -0.51131725 -0.07661457
v -0.43382633 -0.51278192 -0.06466754
v -0.43217856 -0.51175308 -0.06989032
v -0.43670487 -0.51497608 -0.06211298
v -0.45790803 -0.47827578 -0.06524396
v -0.44528940 -0.52021033 -0.06441046
v -0.44048396 -0.51748335 -0.06210254
v -0.43244711 -0.51203310 -0.07486770
v -0.43790337 -0.50512099 -0.07364683
v -0.44387275 -0.51943880 -0.07614103
v -0.44715613 -0.52022523 -0.07040046
v -0.43799227 -0.52539229 -0.07606484
v -0.44048810 -0.52680081 -0.07096472
v -0.43905526 -0.52653182 -0.06545205
v -0.43565655 -0.52257383 -0.06301886
v -0.43296397 -0.51913285 -0.06317705
v -0.43460858 -0.52298242 -0.07807798
v -0.43164992 -0.51973057 -0.07806672
v -0.42937785 -0.51642311 -0.07528640
v -0.42834216 -0.52675867 -0.07808550
v -0.43046314 -0.53031641 -0.07629554
v -0.42509085 -0.53466463 -0.06748101
v -0.42052412 -0.53734529 -0.06717493
v -0.41990560 -0.53488362 -0.06501631
v -0.42549884 -0.53275150 -0.06475842
v -0.42883444 -0.53322935 -0.06815821
v -0.43156427 -0.53114253 -0.06599672
v -0.42926806 -0.53323078 -0.07141043
v -0.42523134 -0.53572446 -0.07152994
v -0.41935432 -0.53705829 -0.07499322
v -0.42020214 -0.53895187 -0.07145442
v -0.42397201 -0.53393245 -0.07464623
v -0.42784256 -0.53230423 -0.07421508
v -0.41533196 -0.53729808 -0.06681500
v -0.41695887 -0.53933054 -0.06752078
v -0.43376225 -0.53175795 -0.07146960
v -0.43083346 -0.52613914 -0.06352894
v -0.42448622 -0.52932107 -0.06349656
v -0.41849172 -0.53191727 -0.06450477
v -0.41399795 -0.53424132 -0.06697974
v -0.41695017 -0.52905828 -0.06525491
v -0.42242450 -0.52582711 -0.06393941
v -0.41362935 -0.53146315 -0.06779912
v -0.41553587 -0.52699304 -0.06762993
v -0.42023510 -0.52288258 -0.06649663
v -0.42723876 -0.51914293 -0.06636932
v -0.42911917 -0.52207512 -0.06371932
v -0.41372520 -0.52952915 -0.06880791
v -0.41296005 -0.53931940 -0.07086144
v -0.41210204 -0.53592616 -0.07088895
v -0.41558647 -0.54168653 -0.07108185
v -0.42339307 -0.53196090 -0.07610977
v -0.41814828 -0.53483725 -0.07586415
v -0.42217445 -0.52995449 -0.07764430
v -0.41689157 -0.53305608 -0.07691127
v -0.41590220 -0.53957951 -0.07462300
v -0.41429561 -0.53792053 -0.07496597
v -0.43073285 -0.51677287 -0.06581561
v -0.42929912 -0.51558220 -0.07057607
v -0.42585623 -0.51779002 -0.07106632
v -0.41904151 -0.52189100 -0.07136394
v -0.42592394 -0.51899934 -0.07560942
v -0.42678487 -0.52303791 -0.07798223
v -0.42096031 -0.52691388 -0.07759632
v -0.41960990 -0.52361000 -0.07564019
v -0.41534984 -0.52755547 -0.07504490
v -0.41611362 -0.53046060 -0.07658453
v -0.41472846 -0.52621359 -0.07147831
v -0.41284782 -0.53254998 -0.07463025
v -0.41300106 -0.53544933 -0.07501902
v -0.41317737 -0.52997947 -0.07394014
v -0.41290742 -0.52971423 -0.07129221
v -0.41207486 -0.53270304 -0.07102731
v -0.43052161 -0.49212906 -0.08781645
v -0.43412855 -0.49391171 -0.08416440
v -0.43156013 -0.49724850 -0.08385326
v -0.42778414 -0.49499029 -0.08758594
v -0.44282562 -0.49770677 -0.08427604
v -0.44628388 -0.49798921 -0.08713706
v -0.44067636 -0.50340343 -0.08740458
v -0.43826354 -0.50250638 -0.08446871
v -0.44638687 -0.49733299 -0.09334092
v -0.44031075 -0.50332856 -0.09248672
v -0.44355682 -0.48026997 -0.08012724
v -0.44800010 -0.47885498 -0.08290600
v -0.44815594 -0.49088633 -0.08548421
v -0.44408265 -0.49142751 -0.08243576
v -0.43831658 -0.49592391 -0.08323440
v -0.43504697 -0.50029701 -0.08329688
v -0.42924905 -0.49158633 -0.09224038
v -0.43072677 -0.49220887 -0.09581310
v -0.43152002 -0.48604181 -0.09485869
v -0.42999101 -0.48602211 -0.09136733
v -0.43040216 -0.47602415 -0.08463017
v -0.43368044 -0.47776085 -0.08064969
v -0.43838999 -0.47934178 -0.07950300
v -0.44232374 -0.47503164 -0.09441285
v -0.43558377 -0.47463122 -0.09483754
v -0.43631378 -0.48690653 -0.09763847
v -0.44338721 -0.48810989 -0.09718522
v -0.43888438 -0.49028751 -0.08184621
v -0.43039641 -0.48711246 -0.08643886
v -0.43414676 -0.48853236 -0.08273653
v -0.44096306 -0.49581841 -0.09799708
v -0.44822404 -0.48895159 -0.09157595
v -0.42780676 -0.49535710 -0.09614372
v -0.42203051 -0.50312269 -0.09540927
v -0.42500949 -0.50638711 -0.09655699
v -0.43158469 -0.49844366 -0.09810470
v -0.43497601 -0.49363029 -0.09843037
v -0.43660480 -0.50118005 -0.09702241
v -0.42512503 -0.50273728 -0.08316839
v -0.42228010 -0.50062329 -0.08705176
v -0.42812425 -0.50619656 -0.08265805
v -0.44806638 -0.47657800 -0.08902949
v -0.43011412 -0.47470823 -0.09312747
v -0.43233046 -0.51123357 -0.08631906
v -0.43051738 -0.50906801 -0.08363050
v -0.42107973 -0.50056660 -0.09193146
v -0.42660159 -0.49428293 -0.09230180
v -0.42909223 -0.50949204 -0.09539539
v -0.43256080 -0.51121479 -0.09116782
v -0.42317438 -0.51483518 -0.09437123
v -0.42623913 -0.51681119 -0.09006464
v -0.42639816 -0.51667410 -0.08520642
v -0.42516005 -0.51345766 -0.08276772
v -0.42360967 -0.51000690 -0.08211753
v -0.41962683 -0.51095086 -0.09515381
v -0.41791350 -0.50760168 -0.09401286
v -0.41810524 -0.50459045 -0.09108129
v -0.41504657 -0.51302624 -0.09403330
v -0.41732943 -0.51678944 -0.09222195
v -0.41348428 -0.52178532 -0.08292812
v -0.40931731 -0.52401990 -0.08163401
v -0.40950406 -0.52278614 -0.07976276
v -0.41435999 -0.52104771 -0.08106449
v -0.41705173 -0.52100337 -0.08453181
v -0.41991580 -0.51989436 -0.08386040
v -0.41715127 -0.52053392 -0.08762884
v -0.41282529 -0.52262247 -0.08662865
v -0.40743536 -0.52185529 -0.08850905
v -0.40850270 -0.52466869 -0.08533359
v -0.41161305 -0.51978433 -0.08969909
v -0.41542369 -0.51940799 -0.09034747
v -0.40559417 -0.52449310 -0.07990634
v -0.40638816 -0.52553624 -0.08128509
v -0.42064923 -0.51906306 -0.08854464
v -0.42036021 -0.51638782 -0.08135781
v -0.41455585 -0.51839000 -0.07953060
v -0.40921211 -0.52023739 -0.07845983
v -0.40498495 -0.52140641 -0.07914063
v -0.40865123 -0.51700759 -0.07872730
v -0.41377777 -0.51489425 -0.07951632
v -0.40495449 -0.51823795 -0.07950455
v -0.40777612 -0.51441610 -0.08014354
v -0.41248596 -0.51166672 -0.08077353
v -0.41825527 -0.50896525 -0.08248886
v -0.41955274 -0.51253730 -0.08117291
v -0.40533632 -0.51614833 -0.08048350
v -0.40272671 -0.52471864 -0.08326763
v -0.40201515 -0.52128309 -0.08281946
v -0.40487301 -0.52627575 -0.08422089
v -0.41100812 -0.51777589 -0.09151933
v -0.40633655 -0.51979399 -0.08973446
v -0.40995157 -0.51483917 -0.09198231
v -0.40540230 -0.51736563 -0.08995393
v -0.40468669 -0.52389890 -0.08726230
v -0.40348673 -0.52239209 -0.08749804
v -0.42167908 -0.50660920 -0.08336747
v -0.41962850 -0.50438005 -0.08683491
v -0.41657639 -0.50660425 -0.08570641
v -0.41050732 -0.50937003 -0.08395946
v -0.41504860 -0.50647265 -0.08978519
v -0.41415465 -0.50953901 -0.09250095
v -0.40921569 -0.51196873 -0.09071463
v -0.40934581 -0.50953138 -0.08802304
v -0.40543061 -0.51266569 -0.08672842
v -0.40514302 -0.51473296 -0.08891478
v -0.40619332 -0.51263547 -0.08299592
v -0.40273446 -0.51696491 -0.08627665
v -0.40252119 -0.51972657 -0.08717534
v -0.40343010 -0.51494503 -0.08531940
v -0.40387106 -0.51553982 -0.08260554
v -0.40265554 -0.51806509 -0.08253714
v -0.42958292 -0.47497904 -0.08923286
v -0.41659015 -0.47666469 -0.10743359
v -0.41934931 -0.47863340 -0.10480577
v -0.41701365 -0.48077384 -0.10508496
v -0.41458338 -0.47834104 -0.10756645
v -0.42722470 -0.48231739 -0.10606894
v -0.42940968 -0.48286983 -0.10991803
v -0.42415157 -0.48674908 -0.11012429
v -0.42268461 -0.48606765 -0.10632807
v -0.42800230 -0.48130399 -0.11530837
v -0.42318460 -0.48396036 -0.11471435
v -0.42986631 -0.46576649 -0.09967403
v -0.43280870 -0.46297640 -0.10302028
v -0.43190929 -0.47627383 -0.10778925
v -0.42921454 -0.47667459 -0.10397723
v -0.41414374 -0.46401119 -0.10651115
v -0.41553956 -0.46191984 -0.11065164
v -0.41536295 -0.45534486 -0.10800359
v -0.41393000 -0.45522249 -0.10330135
v -0.42354530 -0.48050147 -0.10435018
v -0.41986772 -0.48363680 -0.10488856
v -0.41486156 -0.47520906 -0.11069888
v -0.41466770 -0.47453782 -0.11442330
v -0.41591445 -0.47122130 -0.11402783
v -0.41530231 -0.47217345 -0.10980141
v -0.41904402 -0.46609175 -0.09915912
v -0.41562638 -0.46604222 -0.10281564
v -0.41436583 -0.45774269 -0.09883644
v -0.41831896 -0.46071321 -0.09585463
v -0.42394018 -0.46683672 -0.09907755
v -0.42482892 -0.45915157 -0.11368480
v -0.41895142 -0.46072280 -0.11330535
v -0.41951102 -0.47072321 -0.11684054
v -0.42523196 -0.47271496 -0.11715744
v -0.42478222 -0.47662777 -0.10320002
v -0.41734087 -0.47309911 -0.10606226
v -0.42031667 -0.47569984 -0.10376543
v -0.42280895 -0.47758472 -0.11768743
v -0.43113765 -0.47407013 -0.11326995
v -0.41194704 -0.47688425 -0.11487916
v -0.40722385 -0.48088795 -0.11453685
v -0.40863270 -0.48292440 -0.11675215
v -0.41415852 -0.47902098 -0.11786222
v -0.41727075 -0.47631657 -0.11743569
v -0.41807544 -0.48224324 -0.11801109
v -0.41209775 -0.48493212 -0.10459071
v -0.40988883 -0.48187426 -0.10713521
v -0.41428134 -0.48798752 -0.10452449
v -0.43196237 -0.45982528 -0.10881248
v -0.41702986 -0.49194565 -0.10948524
v -0.41599941 -0.49074703 -0.10606083
v -0.40797409 -0.48066419 -0.11076120
v -0.41263199 -0.47704238 -0.11097980
v -0.41173843 -0.48608130 -0.11686918
v -0.41574469 -0.48993802 -0.11393809
v -0.40652657 -0.48997799 -0.11585587
v -0.41070402 -0.49437481 -0.11338964
v -0.41244829 -0.49541605 -0.10898998
v -0.41243738 -0.49364778 -0.10576209
v -0.41136864 -0.49075556 -0.10438278
v -0.40380448 -0.48633754 -0.11545664
v -0.40345442 -0.48427981 -0.11324689
v -0.40500045 -0.48393756 -0.11006662
v -0.40035015 -0.48913351 -0.11366636
v -0.40239292 -0.49330372 -0.11380234
v -0.40342841 -0.50073481 -0.10622880
v -0.40080157 -0.50284916 -0.10452235
v -0.40114045 -0.50214010 -0.10278115
v -0.40465596 -0.50025094 -0.10455671
v -0.40585575 -0.49899054 -0.10836738
v -0.40825361 -0.49784118 -0.10789210
v -0.40494606 -0.49728790 -0.11090171
v -0.40201247 -0.50006360 -0.10918355
v -0.39603597 -0.50009197 -0.10937133
v -0.39898840 -0.50295615 -0.10775584
v -0.39913160 -0.49750575 -0.11137661
v -0.40211996 -0.49599549 -0.11233634
v -0.39778244 -0.50405276 -0.10219899
v -0.39849594 -0.50464427 -0.10387874
v -0.40712938 -0.49565166 -0.11205027
v -0.40925592 -0.49595603 -0.10520300
v -0.40502253 -0.49873832 -0.10291421
v -0.40061554 -0.50101125 -0.10103449
v -0.39665729 -0.50218207 -0.10096881
v -0.40016308 -0.49855983 -0.10068554
v -0.40466774 -0.49610630 -0.10228205
v -0.39658749 -0.49971735 -0.10084063
v -0.39943516 -0.49610996 -0.10129097
v -0.40350318 -0.49310485 -0.10261229
v -0.40734115 -0.48978502 -0.10419104
v -0.40883392 -0.49302411 -0.10405245
v -0.39694050 -0.49781454 -0.10109872
v -0.39442983 -0.50393099 -0.10436139
v -0.39383307 -0.50163198 -0.10298225
v -0.39609236 -0.50497741 -0.10631439
v -0.39776194 -0.49524105 -0.11187229
v -0.39428502 -0.49839833 -0.10942617
v -0.39695537 -0.49252605 -0.11135262
v -0.39353520 -0.49656376 -0.10838443
v -0.39445153 -0.50246209 -0.10799131
v -0.39297882 -0.50153089 -0.10700178
v -0.40951091 -0.48748130 -0.10445654
v -0.40714747 -0.48486322 -0.10659248
v -0.40482202 -0.48717999 -0.10598505
v -0.40123785 -0.49056304 -0.10416800
v -0.40218356 -0.48624882 -0.10901296
v -0.40056726 -0.48654348 -0.11169493
v -0.39687294 -0.49083900 -0.10954213
v -0.39835703 -0.48974359 -0.10684219
v -0.39545730 -0.49374637 -0.10465190
v -0.39403704 -0.49482474 -0.10666519
v -0.39761931 -0.49425200 -0.10259515
v -0.39341408 -0.49781591 -0.10418981
v -0.39264551 -0.49957934 -0.10542145
v -0.39445332 -0.49644643 -0.10340059
v -0.39548132 -0.49722296 -0.10210529
v -0.39434254 -0.49934649 -0.10228184
v -0.41836420 -0.45523500 -0.11050618
v -0.41115040 -0.46591163 -0.02291402
v -0.41118693 -0.46553573 -0.01772578
v -0.39457247 -0.46929571 -0.02816498
v -0.40178415 -0.46825039 -0.02922547
v -0.38975477 -0.46954745 -0.02303421
v -0.39405900 -0.46850488 -0.01288949
v -0.39051226 -0.46915561 -0.01730502
v -0.40767097 -0.46713459 -0.02692673
v -0.40836418 -0.46577200 -0.01285481
v -0.40081978 -0.46703535 -0.01069658
v -0.40756309 -0.47618550 -0.01077002
v -0.40022862 -0.47805297 -0.00942726
v -0.39270189 -0.47853830 -0.01248649
v -0.39009833 -0.47751352 -0.01772955
v -0.39010528 -0.47584391 -0.02312750
v -0.41184843 -0.47411802 -0.01592074
v -0.41194311 -0.47350228 -0.02110346
v -0.40818214 -0.47320449 -0.02557458
v -0.41166046 -0.48369253 -0.01405805
v -0.40762720 -0.48950851 -0.01025158
v -0.39482611 -0.49665952 -0.01216260
v -0.39532182 -0.50106907 -0.01207438
v -0.39349926 -0.50025707 -0.01595429
v -0.39231360 -0.49514198 -0.01567778
v -0.39568537 -0.49357480 -0.01197705
v -0.39319429 -0.48980045 -0.01395530
v -0.40014154 -0.49746281 -0.00890818
v -0.40020722 -0.49372199 -0.00971869
v -0.40484840 -0.49390385 -0.00917712
v -0.40611714 -0.49726790 -0.00884327
v -0.40007967 -0.50211930 -0.00845608
v -0.40043691 -0.50588179 -0.01007548
v -0.39653856 -0.50457698 -0.01212749
v -0.39628369 -0.50459921 -0.01542753
v -0.40037698 -0.48949915 -0.00984862
v -0.39001015 -0.48532557 -0.01921269
v -0.39104298 -0.49286669 -0.02011579
v -0.39364949 -0.49918306 -0.02027583
v -0.39762786 -0.50348783 -0.01931947
v -0.39637917 -0.49741253 -0.02418363
v -0.39298534 -0.49078798 -0.02498817
v -0.39996693 -0.50116712 -0.02234656
v -0.40045354 -0.49591979 -0.02561286
v -0.39816427 -0.48914921 -0.02747026
v -0.39579222 -0.47932643 -0.02773884
v -0.39081678 -0.48185563 -0.02445105
v -0.40186220 -0.49921450 -0.02373871
v -0.40149966 -0.50717056 -0.01379463
v -0.40302834 -0.50512803 -0.01753172
v -0.40961689 -0.49534237 -0.01126018
v -0.40939417 -0.50067061 -0.01152915
v -0.40602851 -0.50152969 -0.00869739
v -0.41212356 -0.49237645 -0.01465809
v -0.41108453 -0.49917942 -0.01524001
v -0.40482774 -0.50500858 -0.00926980
v -0.40689760 -0.50498694 -0.01216337
v -0.39469779 -0.47441575 -0.02756083
v -0.40178353 -0.47355101 -0.02823398
v -0.40300572 -0.47854450 -0.02759406
v -0.40460116 -0.48810741 -0.02659801
v -0.40941024 -0.47936609 -0.02430022
v -0.41282630 -0.48086703 -0.01897734
v -0.41255513 -0.49035144 -0.01898026
v -0.40994310 -0.48881596 -0.02346855
v -0.40893608 -0.49575141 -0.02243137
v -0.41089478 -0.49735045 -0.01922905
v -0.40500879 -0.49545267 -0.02471736
v -0.40803021 -0.50109196 -0.01954132
v -0.40806636 -0.50343370 -0.01613894
v -0.40738988 -0.49907002 -0.02156577
v -0.40472960 -0.49945572 -0.02270749
v -0.40411848 -0.50225008 -0.02063262
v -0.41246572 -0.45089042 -0.10252022
v -0.41296223 -0.45364824 -0.09691045
v -0.41003537 -0.44840598 -0.09600052
v -0.40485632 -0.44276392 -0.09476800
v -0.40156600 -0.43456870 -0.09873102
v -0.40652588 -0.44400960 -0.08838362
v -0.41178474 -0.45001692 -0.08993024
v -0.41677466 -0.45715669 -0.09086193
v -0.40449592 -0.43919694 -0.08159127
v -0.01698412 0.07284666 0.05477970
v -0.01770817 0.05672084 0.06500886
v -0.20640962 -0.05523512 0.00287492
v -0.21945958 -0.04372939 0.00231116
v -0.24600455 -0.02102873 -0.04348958
v -0.24319163 -0.01860774 -0.06738303
v -0.06470674 -0.22255026 0.12493972
v -0.11270420 -0.17679437 -0.08409566
v -0.11599687 -0.15704738 -0.09074950
v -0.03827710 -0.15775715 -0.11342498
v -0.05842200 -0.16219403 -0.11209204
v -0.14510003 -0.19249012 0.03115717
v -0.14624500 -0.17239635 0.02839263
v -0.10385358 -0.19990993 0.09005256
v -0.10554348 -0.17775296 0.08750810
v -0.13504714 -0.21563743 0.05685796
v -0.08151686 -0.20859732 -0.09689794
v -0.10045642 -0.21106066 -0.08918177
v -0.09664357 -0.19144043 -0.09162718
v -0.07847154 -0.18812300 -0.10098099
v -0.01918217 -0.15395983 -0.10963000
v -0.01881220 -0.17720692 -0.10291664
v -0.15413137 -0.15101515 0.00054315
v -0.15383980 -0.15000471 -0.02670859
v -0.13549630 -0.14400889 -0.07529233
v -0.11990321 -0.13787471 -0.09347077
v -0.10186380 -0.13006781 -0.10611796
v -0.08225323 -0.12193154 -0.11511993
v -0.09075495 -0.15510765 0.10140279
v -0.07265776 -0.13261461 0.10935029
v -0.14768982 -0.15173651 0.02678454
v -0.02591939 -0.15378475 0.12850891
v -0.06574679 -0.09063867 -0.12694536
v -0.04207397 -0.08561714 -0.12969743
v -0.14740884 -0.14790741 -0.05235980
v -0.03396331 0.01791048 0.09262831
v -0.05200659 0.02088129 0.09142689
v -0.05151389 0.00551182 0.10181297
v -0.03340804 0.00177498 0.10196218
v -0.06889603 0.00746049 0.10010434
v -0.08544686 0.00848413 0.09671685
v -0.10044821 0.00844159 0.09207709
v -0.13580136 0.00201387 0.07468537
v -0.12529506 0.00537861 0.08108430
v -0.15138385 -0.00804155 0.06013527
v -0.14396504 -0.00173682 0.06821926
v -0.15732990 -0.01837255 0.04965639
v -0.16089198 -0.03076544 0.03631999
v -0.16514497 -0.02968945 0.01445252
v -0.16370656 -0.04280148 0.02060185
v -0.15917976 -0.04430068 0.04347768
v -0.15475540 -0.03122609 0.05667616
v -0.14905922 -0.02129926 0.06744622
v -0.02158552 -0.06652915 0.11470329
v -0.01856290 -0.04188599 0.11326713
v -0.01534927 0.08804885 0.04554617
v -0.28459933 -0.23662125 -0.09127086
v -0.37642506 -0.32489294 -0.03266612
v -0.01616291 0.11093587 -0.11307580
v -0.03495602 0.11600243 -0.11480188
v -0.09768502 0.13039555 -0.10376018
v -0.11543089 0.14066668 -0.08518631
v -0.07654228 0.12094391 -0.11498547
v -0.05517728 0.11189606 -0.11930656
v -0.13526425 -0.13290158 0.04905596
v -0.03636185 0.07888673 -0.12613212
v -0.05663822 0.10017521 -0.12411477
v -0.08085507 0.10963462 -0.12064573
v -0.10516806 0.11935946 -0.11000046
v -0.12916267 0.13055687 -0.09079367
v -0.14532264 0.12887393 -0.08302618
v -0.16441382 0.10668846 -0.08785234
v -0.18316516 0.09969383 -0.07814796
v -0.18864851 0.11194729 -0.06225228
v -0.17829598 0.11872002 -0.06707448
v -0.17343526 0.10400839 -0.08274113
v -0.22878700 0.01246397 -0.07429442
v -0.22609667 -0.01954666 -0.08928463
v -0.23106080 -0.00561643 -0.08053411
v -0.21612272 -0.03140956 -0.09600183
v -0.20740785 -0.03921126 -0.09886032
v -0.19739565 -0.04191935 -0.09998596
v -0.18780832 -0.03720404 -0.09959797
v -0.16251375 -0.01559727 -0.08955699
v -0.15814127 -0.00808328 -0.08598272
v -0.16499697 -0.01965692 -0.09229417
v -0.16288906 -0.02504758 -0.09462851
v -0.14782624 -0.05068244 -0.10216905
v -0.14013158 -0.06524163 -0.10506408
v -0.12853727 -0.07997379 -0.10876247
v -0.12223393 -0.30277434 -0.09597712
v -0.11660188 -0.28562894 -0.09045009
v -0.09690847 -0.28711006 -0.10046331
v -0.10262500 -0.30484053 -0.10706580
v -0.04618146 -0.24962640 -0.09749842
v -0.02299267 -0.24930757 -0.09520088
v -0.16061060 -0.28600663 -0.03407359
v -0.16467415 -0.28954810 -0.00735995
v -0.13488260 -0.28427762 -0.07599910
v -0.14991826 -0.28436789 -0.05733275
v -0.16138624 -0.29507527 0.01954030
v -0.10243886 -0.32676929 0.10014934
v -0.08258939 -0.33322823 0.11468450
v -0.04070904 -0.34146503 0.13311821
v -0.01997508 -0.34371182 0.13685964
v -0.15214549 -0.30266947 0.04402138
v -0.06173360 -0.33810699 0.12604855
v -0.13862792 -0.31109264 0.06513202
v -0.12121420 -0.31931683 0.08359472
v -0.06747337 -0.24982961 -0.09669263
v -0.07146604 -0.26989007 -0.10034603
v -0.09174045 -0.26921552 -0.09593411
v -0.05895963 -0.01578584 -0.14076106
v -0.03830905 -0.01766576 -0.13917305
v -0.07976171 -0.01259546 -0.14119500
v -0.09455895 0.01195146 -0.14060150
v -0.09854402 -0.00620720 -0.13904610
v -0.11530504 0.00102288 -0.13434209
v -0.11196832 0.01758179 -0.13582815
v -0.14319868 0.02536923 -0.12204105
v -0.14392774 0.01216629 -0.12116350
v -0.15422633 0.01522047 -0.11596267
v -0.15479700 0.02767305 -0.11705182
v -0.16702084 0.01918204 -0.10627558
v -0.16235799 0.01729859 -0.11128237
v -0.16957733 0.01979845 -0.10015276
v -0.17407025 0.01595677 -0.10022043
v -0.18354316 0.03895254 -0.10342298
v -0.17744917 0.04296950 -0.10501870
v -0.14455482 0.04000226 -0.12098357
v -0.12911576 0.03780976 -0.12788710
v -0.03669797 0.01513586 -0.13596734
v -0.01787902 0.01141460 -0.13156109
v -0.16665629 -0.04992013 0.00161633
v -0.16928287 -0.05527613 -0.01904969
v -0.17030597 -0.05779443 -0.03886202
v -0.17028148 -0.05738799 -0.05713609
v -0.16624904 -0.05361673 -0.07304563
v -0.16113764 -0.04802614 -0.08726863
v -0.15924737 -0.03193895 -0.09695247
v -0.15443128 -0.04026156 -0.09944305
v -0.15428871 -0.02298296 -0.10593730
v -0.14744185 -0.03048693 -0.10943693
v -0.13531868 -0.00694442 -0.12393601
v -0.14117131 -0.01946992 -0.11755674
v -0.13068786 0.00721098 -0.12781642
v -0.12844750 0.02220401 -0.12906121
v -0.11142619 0.03476755 -0.13487594
v -0.09324653 0.03037841 -0.14041620
v -0.07612076 0.06208349 -0.13646428
v -0.07458013 0.04339095 -0.14022949
v -0.07476431 0.02504514 -0.14211231
v -0.07563266 0.00713404 -0.14220862
v -0.07852820 0.15390334 -0.08314289
v -0.05947525 0.14799592 -0.09429800
v -0.18774234 -0.02804899 -0.10116421
v -0.19518463 -0.02860098 -0.10139780
v -0.19160369 -0.01970093 -0.10231505
v -0.18780574 -0.02163091 -0.10200073
v -0.20156629 -0.02546406 -0.10075922
v -0.20951717 -0.01825459 -0.09888452
v -0.20347507 -0.00817131 -0.10068469
v -0.19580096 -0.01588829 -0.10225778
v -0.21751259 -0.00813156 -0.09383515
v -0.21038733 0.00129922 -0.09705578
v -0.22182472 0.00358896 -0.08775032
v -0.22178149 0.01655470 -0.08306473
v -0.21742295 0.01897494 -0.08781929
v -0.21506414 0.01100799 -0.09218382
v -0.20006309 0.05096094 -0.09194200
v -0.20745064 0.04017588 -0.08989877
v -0.21355206 0.02830467 -0.08829828
v -0.17926574 0.00915686 -0.10214115
v -0.18527441 0.00190818 -0.10336829
v -0.19029070 -0.00709382 -0.10307635
v -0.19727622 0.00137794 -0.10218105
v -0.19136335 0.01099846 -0.10330526
v -0.18488808 0.01919993 -0.10339262
v -0.05621000 0.00285967 -0.14157203
v -0.03681751 -0.00104987 -0.13810772
v -0.16974175 0.03073226 -0.10748073
v -0.16339475 0.02970489 -0.11253824
v -0.17477527 0.03073674 -0.10317780
v -0.17954114 0.02698881 -0.10268241
v -0.17199603 0.04401174 -0.10805002
v -0.16561490 0.04329810 -0.11213616
v -0.15651192 0.04174826 -0.11638315
v -0.05576660 0.02062917 -0.14001477
v -0.01820154 -0.00393717 -0.13472593
v -0.17646255 0.07683833 0.02071912
v -0.18610176 0.09963688 0.00694779
v -0.19402607 0.11522696 -0.01435470
v -0.19424881 0.11926740 -0.04007573
v -0.22479130 -0.18962769 -0.05406675
v -0.01927189 -0.20028090 -0.09750772
v -0.02077712 -0.22446680 -0.09422249
v -0.04215980 -0.22648099 -0.09748974
v -0.02070463 -0.08346603 -0.12831515
v -0.01884244 -0.01885548 -0.13721254
v -0.11110712 -0.02203871 0.10603659
v -0.09827065 -0.02053356 0.11144233
v -0.09916097 -0.00606347 0.10250504
v -0.11237261 -0.00748607 0.09702085
v -0.13141736 -0.02513398 0.09204806
v -0.12207921 -0.02334919 0.09949209
v -0.12354786 -0.00901065 0.09078492
v -0.13348940 -0.01157927 0.08378839
v -0.13962623 -0.02861872 0.08389346
v -0.14192425 -0.01531151 0.07614429
v -0.12097500 -0.03897538 0.10630437
v -0.11010071 -0.03780918 0.11310665
v -0.09761645 -0.03634812 0.11799851
v -0.13754591 -0.04249191 0.09002653
v -0.13005339 -0.04034450 0.09834275
v -0.00973317 0.15524811 0.03382868
v -0.01259551 0.11017267 0.03170490
v -0.01159928 0.11988121 0.02783280
v -0.01746539 -0.02150058 0.10816922
v -0.01695367 0.01347753 0.09291690
v -0.01740105 0.02562381 0.08286995
v -0.01778143 0.04061345 0.07396074
v -0.01410885 0.09993729 0.03809984
v -0.01688381 -0.00402505 0.10108829
v -0.16779146 -0.47474700 -0.07678261
v -0.14914386 -0.49157515 -0.09655818
v -0.15574157 -0.46495742 -0.09406216
v -0.14164288 -0.47770572 -0.10780571
v -0.16699812 -0.39476103 -0.06931002
v -0.16578197 -0.42120433 -0.07551455
v -0.16773647 -0.36683312 -0.06565487
v -0.12150076 -0.48516038 -0.12069101
v -0.09581665 -0.48765919 -0.12969227
v -0.09412224 -0.46788850 -0.13757598
v -0.15220194 -0.36918053 -0.09063029
v -0.15215994 -0.39609331 -0.09373345
v -0.16293120 -0.44555539 -0.08370461
v -0.15016393 -0.44431183 -0.10156972
v -0.14807275 -0.45921370 -0.10381239
v -0.11877155 -0.46732599 -0.12734300
v -0.13701382 -0.46420139 -0.11461065
v -0.03457201 -0.32721049 -0.12835479
v -0.06338616 -0.32746792 -0.12656003
v -0.05916319 -0.30767676 -0.11746769
v -0.12769671 -0.32213515 -0.10174458
v -0.14024515 -0.30083263 -0.07991719
v -0.13570721 -0.44623637 -0.11730741
v -0.11695611 -0.44642219 -0.13172929
v -0.09204280 -0.44535100 -0.14302558
v -0.09105314 -0.37052789 -0.13775639
v -0.09087765 -0.39450851 -0.14305145
v -0.11430694 -0.39617807 -0.13168234
v -0.11421652 -0.37104294 -0.12667678
v -0.13196509 -0.34501016 -0.10696965
v -0.13421579 -0.37072778 -0.11101753
v -0.09006312 -0.34740120 -0.13041078
v -0.11208132 -0.34636617 -0.12071504
v -0.10784602 -0.32412073 -0.11400042
v -0.13483411 -0.39753795 -0.11480293
v -0.06165326 -0.41923574 -0.15125962
v -0.09086896 -0.42041394 -0.14521728
v -0.03183781 -0.41787988 -0.14966007
v -0.08678686 -0.32589075 -0.12211788
v -0.08200300 -0.30639654 -0.11362661
v -0.07627850 -0.28785989 -0.10592996
v -0.06390545 -0.22837920 -0.09680521
v -0.11666244 -0.70926458 0.06546418
v -0.00098863 -0.53057432 0.01142438
v -0.00121650 -0.52235013 -0.01546251
v -0.18068333 -0.43960649 0.04331833
v -0.18710595 -0.45722297 -0.03165927
v -0.17575459 -0.45008603 -0.06053240
v -0.02850769 -0.53035802 0.07644292
v -0.01187914 -0.53608388 0.05480333
v -0.16282535 -0.44858643 0.07067426
v -0.10998223 -0.49767244 0.10034575
v -0.00345209 -0.53535521 0.03333559
v -0.15156993 -0.42182651 -0.09784265
v -0.13556935 -0.42353791 -0.11701886
v -0.11534780 -0.42265081 -0.13325399
v -0.06243000 -0.44336936 -0.14877813
v -0.03134131 -0.44034326 -0.14711447
v -0.02214702 -0.47812963 0.10402364
v -0.01792708 -0.46793863 0.10884821
v -0.00952393 -0.47037864 0.10850774
v -0.00990767 -0.48481151 0.10053441
v -0.10257283 -0.34780136 0.09903263
v -0.08115447 -0.35475099 0.11224043
v -0.03850125 -0.36329961 0.12865731
v -0.01850698 -0.36528406 0.13196149
v -0.15656163 -0.32126236 0.04463422
v -0.05943477 -0.35988584 0.12230685
v -0.14228702 -0.33060926 0.06568576
v -0.12310697 -0.33971018 0.08374317
v -0.07203887 -1.15074575 -0.05767374
v -0.07272394 -1.17958367 -0.05351375
v -0.07356105 -1.17773700 -0.06889618
v -0.07029729 -1.14853251 -0.07288656
v -0.08761211 -1.14404500 -0.10111509
v -0.07591558 -1.14602196 -0.09313225
v -0.10285830 -1.14373362 -0.10284960
v -0.10017580 -1.17360556 -0.10190212
v -0.11146819 -1.17434049 -0.09472531
v -0.11639787 -1.14498723 -0.09748523
v -0.12469690 -1.14589441 -0.08806723
v -0.12824547 -1.17658317 -0.05653116
v -0.13381419 -1.14854479 -0.05707269
v -0.13049711 -1.14669371 -0.07615557
v -0.12637214 -1.17586184 -0.07465066
v -0.12775023 -1.15257251 -0.03726095
v -0.12276254 -1.17954147 -0.03682573
v -0.11252720 -1.15559661 -0.02639110
v -0.07755581 -1.15371835 -0.04206046
v -0.07635640 -1.18161500 -0.03671073
v -0.08633603 -1.17377985 -0.10047449
v -0.07679909 -1.17574763 -0.09060863
v -0.07073457 -1.14756870 -0.08340427
v -0.07516534 -1.17660642 -0.07975238
v -0.07197720 -1.20740747 -0.06442150
v -0.06512135 -1.20775712 -0.04835357
v -0.08488538 -1.20331705 -0.10063808
v -0.07928809 -1.20498037 -0.08763114
v -0.10721734 -1.20329857 -0.09233648
v -0.09761782 -1.20254600 -0.10316633
v -0.12684643 -1.20415628 -0.07383208
v -0.11979465 -1.17505109 -0.08518009
v -0.11745444 -1.20372701 -0.08315799
v -0.12788212 -1.20406115 -0.05630388
v -0.12193922 -1.20572317 -0.03297395
v -0.07135090 -1.20783961 -0.02963971
v -0.07603100 -1.20662808 -0.07622502
v -0.12335324 -1.29220355 0.12472517
v -0.12784526 -1.29216921 0.12380143
v -0.12936054 -1.29660165 0.12445647
v -0.12247846 -1.29742229 0.12581408
v -0.07896429 -1.28852570 0.13643818
v -0.08760041 -1.28684342 0.13843538
v -0.08972029 -1.29589128 0.13653974
v -0.07787898 -1.29827905 0.13441662
v -0.11392803 -1.30076551 0.13119020
v -0.10899251 -1.30068171 0.13167277
v -0.10796307 -1.29696894 0.13535571
v -0.11598312 -1.29684782 0.13457860
v -0.15432520 -1.29746079 0.08971958
v -0.15018384 -1.29775035 0.09117993
v -0.15003581 -1.29324138 0.09368945
v -0.15536101 -1.29371643 0.09098349
v -0.14142589 -1.30072320 0.10761700
v -0.13758199 -1.30130756 0.10906937
v -0.13717614 -1.29697609 0.11206292
v -0.14314114 -1.29728496 0.10957234
v -0.09034001 -1.28257024 0.11442126
v -0.08999518 -1.28345239 0.12888630
v -0.07680370 -1.28600705 0.12658550
v -0.07559305 -1.28150880 0.11188083
v -0.07038264 -1.29531229 0.12268926
v -0.07804743 -1.30079448 0.12005576
v -0.07663510 -1.30118918 0.10544916
v -0.06898534 -1.29276538 0.10667979
v -0.09069644 -1.30099094 0.12227997
v -0.09048585 -1.30061722 0.10893437
v -0.09746510 -1.29199541 0.11338930
v -0.09914692 -1.29231513 0.12782057
v -0.11723692 -1.29190171 0.11406745
v -0.12050131 -1.29426754 0.12622967
v -0.11423826 -1.28845596 0.12759176
v -0.11192579 -1.28427505 0.11506867
v -0.10607041 -1.28881299 0.12877098
v -0.10108480 -1.28499782 0.11677659
v -0.09778551 -1.29459035 0.11571286
v -0.10032277 -1.29565179 0.12893640
v -0.10581327 -1.30096936 0.12504423
v -0.10267479 -1.30000830 0.11205085
v -0.11205636 -1.29899907 0.11145623
v -0.11500283 -1.30078733 0.12382830
v -0.12142551 -1.29060340 0.11889002
v -0.11902356 -1.28594732 0.10952944
v -0.12937808 -1.28476036 0.10724535
v -0.12890762 -1.29002237 0.11789684
v -0.12101226 -1.29995048 0.10679960
v -0.11579728 -1.29539442 0.10953854
v -0.11730390 -1.29770613 0.11908750
v -0.12256611 -1.30149782 0.11720860
v -0.13001899 -1.30129158 0.11641970
v -0.13023868 -1.29889834 0.10547128
v -0.13413614 -1.29179406 0.10700309
v -0.13395442 -1.29539537 0.11751450
v -0.14386761 -1.29009783 0.10380684
v -0.14527537 -1.28460348 0.09395777
v -0.14882866 -1.29163456 0.09293356
v -0.14678077 -1.29596841 0.10246814
v -0.13734747 -1.28539252 0.09761573
v -0.13804221 -1.28942716 0.10568196
v -0.13697566 -1.29899204 0.09587577
v -0.13431990 -1.29174268 0.09945337
v -0.13342130 -1.29429626 0.10634327
v -0.13596489 -1.30113280 0.10385724
v -0.14323650 -1.30129743 0.10206848
v -0.14491257 -1.29893064 0.09232748
v -0.15917763 -1.29244864 0.08422196
v -0.15742414 -1.28669596 0.08583279
v -0.15862878 -1.28395724 0.07697060
v -0.15994774 -1.29096663 0.07405790
v -0.15188669 -1.28367770 0.08185938
v -0.15128452 -1.28640151 0.08821778
v -0.14963257 -1.29717588 0.07998714
v -0.14943489 -1.28974211 0.08324742
v -0.14762534 -1.29148233 0.08836506
v -0.14869654 -1.29814839 0.08626790
v -0.15547872 -1.29834199 0.08412991
v -0.15592256 -1.29664588 0.07559615
v -0.07562643 -1.27804792 0.09738665
v -0.09419050 -1.28173327 0.10032908
v -0.08067951 -1.30050325 0.12950684
v -0.06945312 -1.29125535 0.09190232
v -0.08766594 -1.30035901 0.13063326
v -0.09465016 -1.30013585 0.09621455
v -0.07748391 -1.29995275 0.09071896
v -0.09653892 -1.29223001 0.10674395
v -0.11404831 -1.29159641 0.13410367
v -0.11475538 -1.29266453 0.10439034
v -0.11476293 -1.29973483 0.09479506
v -0.10920464 -1.29167545 0.13462014
v -0.11323494 -1.28153324 0.09837975
v -0.13124323 -1.28223979 0.08949107
v -0.12440461 -1.30107391 0.12306867
v -0.12842143 -1.30072379 0.12268160
v -0.13327339 -1.29942191 0.08803929
v -0.13450190 -1.29052413 0.09748576
v -0.14243317 -1.29288447 0.10926421
v -0.14973512 -1.28959024 0.08333758
v -0.14758182 -1.29844165 0.07674652
v -0.13891207 -1.29246747 0.11029527
v -0.14761774 -1.28091085 0.07784019
v -0.15440348 -1.29008889 0.09012309
v -0.15683867 -1.29762101 0.06482685
v -0.16176420 -1.28986931 0.06183431
v -0.15158843 -1.28937876 0.09197190
v -0.15904216 -1.28117967 0.06635629
v -0.08601142 -1.15629995 -0.03027485
v -0.08467125 -1.18292236 -0.02509863
v -0.09778163 -1.15729094 -0.02488185
v -0.10922377 -1.18230176 -0.02451103
v -0.09635615 -1.18360317 -0.02089181
v -0.08205785 -1.20789766 -0.01616466
v -0.10861400 -1.20800459 -0.01849003
v -0.09532553 -1.20778859 -0.01275565
v -0.12849241 -1.22577894 -0.07610507
v -0.13186961 -1.22636318 -0.05823054
v -0.11628494 -1.22539890 -0.08592035
v -0.09657645 -1.22484374 -0.10665600
v -0.10676007 -1.22513247 -0.09668665
v -0.08050836 -1.22691655 -0.00545452
v -0.07061993 -1.22912204 -0.02316518
v -0.09575414 -1.22514534 -0.00000182
v -0.11136276 -1.22602487 -0.00778792
v -0.07139760 -1.27277303 0.08064232
v -0.07166065 -1.27126122 0.05951990
v -0.08664507 -1.26102245 0.06283759
v -0.09058975 -1.27056098 0.08209297
v -0.10581788 -1.26120949 0.05939964
v -0.10918128 -1.27287555 0.07848602
v -0.12290012 -1.26502562 0.05149885
v -0.12673903 -1.27444828 0.07078598
v -0.13864481 -1.26875710 0.04214366
v -0.14334983 -1.27550793 0.06083073
v -0.15211456 -1.27508092 0.03238463
v -0.15711559 -1.27842700 0.05136357
v -0.15979433 -1.28531802 0.02715714
v -0.16350043 -1.28806353 0.04657195
v -0.06535464 -1.28966784 0.07478648
v -0.06717212 -1.28720760 0.05371404
v -0.07623618 -1.30161071 0.07186527
v -0.07735824 -1.30068088 0.05096529
v -0.09416238 -1.30192435 0.07093710
v -0.09412939 -1.30155015 0.04939650
v -0.15589675 -1.29770112 0.02876382
v -0.15770754 -1.29921496 0.04885602
v -0.11327341 -1.30089986 0.06686933
v -0.11253315 -1.29993975 0.04514418
v -0.13073716 -1.30170488 0.06085937
v -0.12953006 -1.30068886 0.03923522
v -0.14554617 -1.30166566 0.05433395
v -0.14410812 -1.30102587 0.03318934
v -0.08211614 -1.25322723 0.03991126
v -0.10174954 -1.24796665 0.03875475
v -0.11839328 -1.25262392 0.02975182
v -0.13315220 -1.25991023 0.01910462
v -0.14521240 -1.27039564 0.00928144
v -0.15454122 -1.28139710 0.00451052
v -0.13188954 -1.24784267 -0.00917153
v -0.13941595 -1.26747906 -0.01697198
v -0.14642613 -1.28023744 -0.01893689
v -0.13532361 -1.26544440 -0.04316817
v -0.13967170 -1.27887702 -0.04321481
v -0.12591487 -1.26509917 -0.08534429
v -0.13125403 -1.27982903 -0.08714660
v -0.13551825 -1.27787209 -0.06726454
v -0.13041744 -1.26453805 -0.06674947
v -0.13132030 -1.24712706 -0.03817889
v -0.12843780 -1.24601626 -0.06244218
v -0.12298732 -1.24508524 -0.08019011
v -0.12501566 -1.28063095 -0.10065148
v -0.12075455 -1.26528966 -0.09890018
v -0.11272153 -1.26457477 -0.11090304
v -0.11465018 -1.28054154 -0.11075962
v -0.09582398 -1.26550341 -0.11795076
v -0.09750430 -1.28213727 -0.11595574
v -0.08032386 -1.26814389 -0.10848511
v -0.08097850 -1.28399479 -0.10769799
v -0.10905658 -1.24425602 -0.10343304
v -0.11582702 -1.24538100 -0.09208608
v -0.09654392 -1.24427330 -0.11146647
v -0.08253349 -1.24638104 -0.10384429
v -0.07811578 -1.24798238 -0.08639602
v -0.07473774 -1.26949227 -0.08858722
v -0.07280079 -1.28481710 -0.08969184
v -0.07277237 -1.26933694 0.03477059
v -0.07226402 -1.28278053 0.02981582
v -0.11573550 -1.23826218 0.00975033
v -0.09782296 -1.23573196 0.01799804
v -0.07844170 -1.24384236 0.01092790
v -0.07025538 -1.26615095 0.00769473
v -0.07453784 -1.28107548 0.00316834
v -0.07464850 -1.28110552 -0.02091881
v -0.06872144 -1.26767147 -0.01839597
v -0.08055441 -1.29362893 0.02655106
v -0.08350457 -1.28817165 0.00056710
v -0.08290309 -1.28804278 -0.02318278
v -0.07250398 -1.28241253 -0.04241005
v -0.06854795 -1.26887560 -0.04056372
v -0.07192998 -1.28321588 -0.05980207
v -0.07135180 -1.26869297 -0.05868680
v -0.07319704 -1.26898658 -0.07309140
v -0.07144547 -1.28412664 -0.07426904
v -0.07212461 -1.24903512 -0.05967252
v -0.07507192 -1.24822760 -0.07260510
v -0.06883886 -1.24989772 -0.04101678
v -0.06925290 -1.24810314 -0.01753316
v -0.15159260 -1.29401684 0.00525431
v -0.14554214 -1.29084194 -0.01833676
v -0.13826093 -1.28848600 -0.04183958
v -0.13299198 -1.28937852 -0.06536186
v -0.12712882 -1.29121292 -0.08417879
v -0.12077537 -1.29189944 -0.09582972
v -0.09775266 -1.29153061 -0.10791802
v -0.11173806 -1.29164839 -0.10481460
v -0.08545574 -1.29248655 -0.10246827
v -0.07988408 -1.29443252 -0.08806501
v -0.07768641 -1.29495752 -0.07474510
v -0.07987271 -1.29117906 -0.04450992
v -0.07801160 -1.29406488 -0.06118897
v -0.06389967 -1.23041558 -0.04447013
v -0.06910127 -1.22946477 -0.06201268
v -0.07443327 -1.22838891 -0.07387546
v -0.08368755 -1.22587752 -0.10078166
v -0.07912745 -1.22732675 -0.08547551
v -0.09476679 -1.29732907 0.02390080
v -0.11195207 -1.29690254 0.01955722
v -0.12791872 -1.29754734 0.01405830
v -0.14118183 -1.29766810 0.00908346
v -0.13689549 -1.29481828 -0.01544389
v -0.12497865 -1.29512370 -0.01179068
v -0.10991318 -1.29514575 -0.00724032
v -0.09496932 -1.29249692 -0.00249058
v -0.13064820 -1.29343987 -0.03879686
v -0.12021101 -1.29460692 -0.03528837
v -0.10605194 -1.29507232 -0.03177479
v -0.09325190 -1.29311538 -0.02654092
v -0.08929756 -1.29602909 -0.04804833
v -0.10036079 -1.29681635 -0.05348024
v -0.11385302 -1.29583299 -0.05678556
v -0.12384555 -1.29421782 -0.06122684
v -0.11816444 -1.29487002 -0.07868540
v -0.10849072 -1.29601359 -0.07354056
v -0.09681158 -1.29725301 -0.06988324
v -0.08703247 -1.29707992 -0.06478048
v -0.11313958 -1.29491544 -0.08873074
v -0.09868087 -1.29483259 -0.09977930
v -0.10709497 -1.29477704 -0.09614719
v -0.09038453 -1.29568064 -0.09693523
v -0.08729255 -1.29662371 -0.08682433
v -0.08655728 -1.29718411 -0.07622334
v -0.09513108 -1.29671204 -0.07929128
v -0.09438563 -1.29627395 -0.08693103
v -0.10551141 -1.29588377 -0.08298729
v -0.10223174 -1.29538894 -0.08995581
v -0.09433053 -1.29577780 -0.09294606
v -0.09866092 -1.29531252 -0.09433331
v -0.12334272 -1.22883689 -0.02920512
v -0.09487525 -0.87748456 0.01572413
v -0.08000354 -0.87446910 0.01070972
v -0.11145522 -0.87529093 0.01642065
v -0.13757926 -0.45860922 0.08960498
v -0.08452350 -0.22195999 0.10986918
v -0.08898383 -0.17766468 0.10440334
v -0.08639220 -0.19997665 0.10713322
v -0.13954929 -0.48939449 0.09145455
v -0.13615155 -0.15349951 0.04940290
v -0.11388628 0.00717324 0.08674754
v 0.13172543 -1.28030562 -0.08734243
v 0.13586147 -1.27829313 -0.06738076
v 0.13078709 -1.26483095 -0.06689524
v -0.00671369 0.28196934 0.09332881
v -0.06734870 0.25386947 0.02607150
v -0.06651347 0.24599172 0.01910145
v -0.06307217 0.23493701 0.02616202
v -0.06439982 0.24382114 0.03380021
v -0.05798413 0.22486100 0.03402187
v -0.06109254 0.23533881 0.03989773
v -0.05195088 0.21694688 0.04306656
v -0.05654383 0.22759159 0.04704438
v -0.04696519 0.21238954 0.05292640
v -0.05176842 0.22260810 0.05528980
v -0.03260515 0.20949331 0.07433663
v -0.03078319 0.20403756 0.07094003
v -0.02429118 0.20178260 0.07821661
v -0.02506662 0.20606034 0.08211762
v -0.01715813 0.19988295 0.08476046
v -0.01786242 0.20391743 0.08853126
v -0.00930210 0.19915746 0.08844396
v -0.00941093 0.20287837 0.09246093
v -0.00004942 0.19898979 0.08997203
v -0.00004931 0.20281096 0.09402061
v -0.00003134 0.21239911 0.09699853
v -0.00878229 0.21235971 0.09603533
v -0.00923766 0.20748954 0.09503075
v -0.00005945 0.20714252 0.09612493
v -0.01628394 0.21308775 0.09224269
v -0.01745721 0.20810020 0.09086854
v -0.02280344 0.21545652 0.08698148
v -0.02446385 0.21053408 0.08492919
v -0.03067717 0.21960121 0.08033891
v -0.03242237 0.21441118 0.07744437
v -0.03686844 0.22479777 0.07645553
v -0.03978511 0.22144404 0.07212998
v -0.00828797 0.19583870 0.08245893
v -0.00001045 0.19586551 0.08474265
v -0.01543529 0.19646673 0.07903083
v -0.02203322 0.19777855 0.07360307
v -0.02751747 0.19931464 0.06706239
v -0.04041335 0.20935115 0.06255171
v -0.03370165 0.20127894 0.05889034
v -0.04121726 0.20549360 0.05031087
v -0.04677421 0.20989083 0.03947829
v -0.05418537 0.21820284 0.02895730
v -0.06098187 0.22896518 0.01926353
v -0.06484484 0.24110065 0.01171388
v -0.06803068 0.25385252 0.01362253
v -0.01529717 0.21750726 0.09228607
v -0.00829013 0.21701515 0.09569576
v -0.02140975 0.21935262 0.08778207
v -0.02847503 0.22372943 0.08243334
v -0.03389025 0.22842696 0.07946189
v -0.03883096 0.24029854 0.07883948
v -0.03753060 0.23407556 0.07852384
v -0.03725872 0.25268883 0.08162635
v -0.03853936 0.24659401 0.08003163
v -0.04521276 0.25940669 0.07692889
v -0.04683242 0.25055155 0.07375596
v -0.04271314 0.24798372 0.07718437
v -0.04137783 0.25555485 0.07946613
v -0.04878145 0.26494366 0.07401725
v -0.05088694 0.25483403 0.06985642
v -0.00733085 0.19312407 0.07709186
v 0.00003963 0.19297604 0.07825515
v -0.01358230 0.19354673 0.07381386
v -0.01903420 0.19397940 0.06847575
v -0.02318352 0.19433965 0.06194474
v -0.02780935 0.19526881 0.05441400
v -0.03356884 0.19719684 0.04570992
v -0.04077510 0.20156655 0.03545848
v -0.04974839 0.21024664 0.02395535
v -0.05848647 0.22390772 0.01320411
v -0.06285872 0.23665541 0.00571232
v -0.01979723 0.18717977 0.04818499
v -0.01604204 0.18820293 0.05480167
v -0.01291537 0.18910600 0.06032977
v -0.00996760 0.18966603 0.06475616
v -0.00568281 0.18864042 0.06418738
v 0.00022722 0.18818869 0.06396168
v -0.00490645 0.18536675 0.05619635
v 0.00036855 0.18533044 0.05653718
v -0.00708348 0.18237972 0.05131440
v 0.00052479 0.18177302 0.05148479
v -0.00898240 0.17914385 0.04734250
v 0.00051939 0.17718256 0.04659493
v -0.04128280 0.23190233 0.07511845
v -0.04511867 0.23075525 0.07053578
v -0.04701328 0.24080427 0.07124773
v -0.05133942 0.24361539 0.06619138
v -0.04955024 0.23144327 0.06458817
v -0.04291355 0.23987491 0.07556528
v -0.05489459 0.23489887 0.05718144
v -0.05591962 0.24812002 0.06047916
v -0.05487411 0.26047704 0.06566152
v -0.05928401 0.25344282 0.05543581
v -0.05913395 0.24053761 0.05017520
v -0.05842303 0.26478019 0.06099158
v -0.06134152 0.26885030 0.05658452
v -0.06173899 0.25821710 0.05101239
v -0.06191621 0.24666844 0.04538647
v -0.04372178 0.21822348 0.06560868
v -0.06422796 0.25286967 0.04008191
v -0.06361736 0.27307665 0.05203666
v -0.06387676 0.26333895 0.04602597
v -0.06585779 0.27866954 0.04636157
v -0.06657121 0.26936868 0.03838605
v -0.06692623 0.26073393 0.03169518
v -0.06961271 0.26230171 0.01736521
v -0.00001162 0.21713048 0.09686287
v 0.13156927 -1.24729359 -0.03836571
v 0.12828064 -1.24668396 -0.06274986
v 0.12286836 -1.24572325 -0.08049831
v 0.12563321 -1.28102767 -0.10091786
v 0.12107565 -1.26580739 -0.09916302
v 0.11320629 -1.26498640 -0.11125147
v 0.11528971 -1.28094077 -0.11107500
v 0.09634755 -1.26594305 -0.11816997
v 0.09817433 -1.28259313 -0.11611916
v 0.08080540 -1.26858461 -0.10859114
v 0.08165271 -1.28443921 -0.10780735
v 0.10949659 -1.24438214 -0.10371868
v 0.11638995 -1.24535453 -0.09224827
v 0.09703966 -1.24439526 -0.11172664
v 0.08332704 -1.24624169 -0.10406545
v 0.07864533 -1.24780130 -0.08659838
v 0.07542136 -1.26959753 -0.08874085
v 0.07341908 -1.28520405 -0.08976327
v 0.07300186 -1.26930594 0.03486121
v 0.07256492 -1.28268528 0.02997760
v 0.11543480 -1.23882174 0.00952714
v 0.09782142 -1.23612523 0.01777215
v 0.07852911 -1.24417329 0.01086050
v 0.07044964 -1.26635242 0.00773267
v 0.07478261 -1.28127015 0.00321751
v 0.07490940 -1.28144336 -0.02099028
v 0.06880885 -1.26801860 -0.01846290
v 0.08071473 -1.29356432 0.02670713
v 0.08372644 -1.28837073 0.00054671
v 0.08320422 -1.28830457 -0.02327298
v 0.07283776 -1.28274465 -0.04251137
v 0.06878607 -1.26924443 -0.04068923
v 0.07232203 -1.28356111 -0.05993276
v 0.07190967 -1.26874721 -0.05888780
v 0.07397456 -1.26886928 -0.07329568
v 0.07204328 -1.28440499 -0.07439286
v 0.07267772 -1.24881995 -0.05994496
v 0.07560053 -1.24798453 -0.07286650
v 0.06965386 -1.24946821 -0.04119461
v 0.06979796 -1.24801326 -0.01764280
v 0.15151215 -1.29435074 0.00515506
v 0.14560197 -1.29114556 -0.01839218
v 0.13840997 -1.28879142 -0.04190179
v 0.13341367 -1.28979552 -0.06545466
v 0.12766898 -1.29161763 -0.08430449
v 0.12139920 -1.29231322 -0.09599088
v 0.09866488 -1.29212856 -0.10808735
v 0.11257065 -1.29219353 -0.10503077
v 0.08636566 -1.29310143 -0.10260140
v 0.08052848 -1.29488719 -0.08817573
v 0.07866706 -1.29555404 -0.07483397
v 0.08028039 -1.29146349 -0.04461340
v 0.07856654 -1.29439247 -0.06129570
v 0.06441637 -1.23014700 -0.04468987
v 0.06931010 -1.22955716 -0.06234036
v 0.07482389 -1.22842717 -0.07417510
v 0.08402632 -1.22610784 -0.10104527
v 0.07927469 -1.22764027 -0.08562252
v 0.09476242 -1.29734504 0.02394778
v 0.11187738 -1.29704916 0.01948446
v 0.12783010 -1.29774249 0.01396052
v 0.14110394 -1.29791522 0.00898162
v 0.13698325 -1.29506731 -0.01550729
v 0.12510297 -1.29532933 -0.01184802
v 0.11007264 -1.29539549 -0.00732731
v 0.09515940 -1.29272568 -0.00256329
v 0.13084684 -1.29370141 -0.03887135
v 0.12043813 -1.29488206 -0.03535979
v 0.10633822 -1.29533076 -0.03185378
v 0.09356736 -1.29333830 -0.02664479
v 0.08998844 -1.29651499 -0.04814580
v 0.10120778 -1.29736269 -0.05356886
v 0.11446150 -1.29629874 -0.05685975
v 0.12423377 -1.29456162 -0.06131242
v 0.11866651 -1.29527068 -0.07879039
v 0.10923979 -1.29652202 -0.07363313
v 0.09740313 -1.29764199 -0.06997196
v 0.08801660 -1.29768682 -0.06487681
v 0.11393449 -1.29545283 -0.08883744
v 0.09966875 -1.29548216 -0.09992486
v 0.10817445 -1.29543424 -0.09627327
v 0.09152220 -1.29635978 -0.09707873
v 0.08837154 -1.29729283 -0.08695783
v 0.08759488 -1.29780972 -0.07634279
v 0.09611617 -1.29733407 -0.07940882
v 0.09542833 -1.29692924 -0.08705790
v 0.10613731 -1.29627907 -0.08309295
v -0.06353677 0.25184500 -0.01070619
v -0.02136929 0.25954014 0.08887728
v -0.01629801 0.26181591 0.09147576
v 0.10325045 -1.29602492 -0.09008389
v 0.09544881 -1.29645145 -0.09308645
v -0.01136407 0.26272008 0.09472475
v -0.00747329 0.26313925 0.09714366
v -0.00362889 0.26299396 0.09862107
v 0.09969179 -1.29593480 -0.09446895
v 0.12334405 -1.22901404 -0.02963353
v 0.09554122 -0.87777185 0.01660899
v 0.08083106 -0.87487596 0.01163298
v 0.00069763 0.16583511 0.04112472
v -0.00000060 0.33229384 0.08714092
v 0.00067404 0.17247266 0.04446237
v -0.00006934 0.22988059 0.08147973
v 0.00011424 0.41676667 0.00491147
v -0.00000147 0.22202104 0.09636014
v -0.00003969 0.23462076 0.08385538
v -0.00004407 0.29242384 0.10816832
v 0.00007208 0.22683528 0.09520123
v 0.00005167 0.23762020 0.09910837
v 0.00005992 0.24337178 0.09716227
v 0.00015982 0.36876914 0.07604466
v 0.00005901 0.24091466 0.09870564
v -0.00000781 0.26532000 0.09880912
v -0.00005664 0.28849739 0.11151904
v 0.00005609 0.24481805 0.09567010
v 0.00058811 0.23675059 -0.07609718
v 0.00004535 0.23416649 0.09768414
v 0.00002580 0.24102165 0.08831149
v 0.00005241 0.24459973 0.09362828
v 0.00004580 0.24868949 0.08249626
v 0.00001688 0.26258412 0.09855346
v -0.00006158 0.30909163 0.09382246
v 0.00056118 0.27141318 -0.10293983
v -0.00005963 0.30622676 0.09631316
v 0.00017925 0.39370602 0.05705556
v 0.00011832 0.37903443 0.06985113
v -0.00006019 0.29622588 0.10481678
v 0.00011018 0.33284053 -0.12370968
v 0.00023786 0.35140711 -0.12437804
v 0.00009351 0.35174486 0.08269054
v 0.00011641 0.41288382 -0.06027447
v -0.00007107 0.28468186 0.11392562
v -0.00002745 0.27044037 0.10429163
v 0.00019037 0.41042402 0.03084947
v 0.00038820 0.29961818 -0.11466745
v 0.00013092 0.40082857 -0.08575986
v 0.00006343 0.24648921 0.09799533
v 0.00018223 0.41407129 0.01844944
v 0.00006612 0.24482121 0.09511188
v -0.00001439 0.27426183 0.11152197
v 0.00035279 0.28339145 -0.10911294
v 0.00023717 0.31266811 -0.11822988
v 0.00006200 0.25608358 0.09917712
v 0.00002903 0.25997517 0.09842281
v 0.00016886 0.40809581 -0.07349797
v 0.00001154 0.33881962 0.08610252
v 0.00007234 0.25383011 0.10027429
v -0.00005994 0.31777397 0.08839053
v 0.00007810 0.25118008 0.10063890
v 0.00068045 0.15968244 0.03771580
v 0.00019043 0.37744790 -0.10811113
v 0.00006698 0.24869633 0.09947085
v 0.00004992 0.24593432 0.09006160
v -0.00006632 0.29989955 0.10164728
v 0.00005008 0.24721774 0.08551878
v 0.00014017 0.35923463 0.08001548
v -0.00004221 0.26794425 0.10006803
v -0.00005043 0.26868442 0.10067552
v -0.00007200 0.31478608 0.08953990
v 0.00030620 0.38679439 0.06355402
v -0.00004057 0.32064945 0.08789222
v -0.00002511 0.26710942 0.09949619
v 0.00026998 0.36787856 -0.11635832
v 0.00012920 0.41731924 -0.04229076
v 0.00014410 0.41861892 -0.02880619
v -0.00005851 0.31181890 0.09137929
v -0.00005878 0.30336460 0.09878913
v 0.00044635 0.22921835 -0.07364796
v -0.00003078 0.27788344 0.11392708
v -0.00005642 0.28084946 0.11463817
v 0.00017508 0.40548861 0.04137986
v 0.00032392 0.26224080 -0.09691151
v 0.00009474 0.41848332 -0.01101864
v 0.00011415 0.39981124 0.04982905
v 0.00034474 0.24614635 -0.08378077
v 0.00027184 0.25508818 -0.09156898
v -0.00000710 0.27287388 0.10991635
v -0.00001921 0.32413173 0.08765556
v -0.00001196 0.27137473 0.10687017
v 0.00011463 0.39138395 -0.09676068
v -0.00004172 0.26955527 0.10212746
v 0.11220407 -0.87557727 0.01733502
v 0.13724427 -0.45797592 0.08885875
v 0.08413313 -0.21943405 0.10898454
v 0.08706462 -0.17515245 0.10334718
v 0.08518554 -0.19742708 0.10605659
v 0.13880090 -0.48855624 0.09050833
v 0.13259281 -0.15024658 0.04798131
v 0.11131280 0.00641717 0.08581316
v 0.00670731 0.28206798 0.09329621
v 0.06725919 0.25397292 0.02606526
v 0.06649961 0.24616143 0.01914639
v 0.06303076 0.23527229 0.02626541
v 0.06432202 0.24395250 0.03380926
v 0.05798226 0.22531298 0.03414221
v 0.06100914 0.23552758 0.03991935
v 0.05214817 0.21744263 0.04328895
v 0.05654258 0.22777791 0.04715104
v -0.00438934 0.27408385 0.10909346
v -0.00338272 0.27252802 0.10665473
v 0.04710941 0.21278332 0.05315720
v 0.05176223 0.22291753 0.05543356
v -0.01565928 0.30935895 0.07314353
v -0.00833435 0.27116936 0.09683408
v -0.00685280 0.29361254 0.10122009
v -0.01432749 0.30944926 0.07369502
v 0.03275998 0.20972537 0.07446106
v 0.03104908 0.20431864 0.07111613
v 0.02437904 0.20197776 0.07827596
v 0.02511912 0.20624469 0.08211783
v -0.01054421 0.27136165 0.09549639
v 0.01716121 0.20005625 0.08470873
v 0.01785241 0.20406470 0.08845822
v 0.00925212 0.19923955 0.08837323
v 0.00937551 0.20294172 0.09238692
v -0.00639182 0.30028331 0.09573027
v -0.00827470 0.30853882 0.08303226
v 0.00877149 0.21237580 0.09589343
v 0.00922146 0.20754051 0.09490740
v -0.00658066 0.29698905 0.09861917
v -0.01564798 0.27400771 0.09598002
v -0.01406786 0.27137983 0.09474695
v -0.00686043 0.28026572 0.11131047
v -0.00772234 0.28306156 0.11013376
v 0.01630093 0.21315305 0.09210951
v -0.00764306 0.27695057 0.10964019
v -0.00495342 0.27529606 0.11013232
v 0.01748283 0.20821038 0.09077509
v -0.01725858 0.30925435 0.07355652
v -0.02774006 0.31061760 0.06722598
v -0.00611482 0.27822170 0.11127079
v -0.00324650 0.27618384 0.11192530
v -0.02046925 0.31017354 0.07115345
v -0.01662414 0.30928209 0.07338288
v -0.01184627 0.27839953 0.10462676
v -0.00692249 0.30763111 0.08724551
v 0.02281344 0.21552287 0.08692133
v 0.02451243 0.21070129 0.08490821
v 0.03073464 0.21965574 0.08037330
v 0.03256037 0.21456166 0.07750861
v -0.01441055 0.27671391 0.10029066
v 0.03698677 0.22483973 0.07650234
v 0.03990212 0.22157273 0.07218650
v 0.00838108 0.19592822 0.08249313
v -0.01811447 0.30941570 0.07345130
v -0.01868167 0.30961916 0.07320642
v -0.00751017 0.28990960 0.10429718
v 0.01554399 0.19665731 0.07904106
v 0.02220265 0.19802058 0.07368456
v 0.02775997 0.19953690 0.06720195
v 0.04061855 0.20971791 0.06265589
v -0.02294443 0.31038249 0.07127120
v -0.00308214 0.27086335 0.10185240
v -0.01008787 0.27781525 0.10705351
v -0.00875533 0.27732110 0.10853329
v -0.00364141 0.27029085 0.09988579
v 0.03412060 0.20172587 0.05907255
v 0.04160021 0.20600808 0.05058906
v -0.01205635 0.30916432 0.07614745
v 0.04730496 0.21053670 0.03978786
v -0.00659743 0.30557638 0.09081159
v -0.00647088 0.30306417 0.09363326
v 0.05444061 0.21885155 0.02922038
v 0.06105982 0.22962347 0.01947120
v -0.00299501 0.27163306 0.10423033
v 0.06468698 0.24161305 0.01181202
v 0.06815492 0.25382912 0.01370939
v 0.01528682 0.21753742 0.09213775
v 0.00826675 0.21702467 0.09560094
v 0.02147445 0.21939524 0.08773044
v -0.00794599 0.28637442 0.10773096
v 0.02856139 0.22377235 0.08246465
v 0.03400050 0.22845846 0.07952249
v 0.03895920 0.24025132 0.07897455
v -0.00605707 0.27084821 0.09833870
v 0.03760599 0.23405260 0.07859336
v 0.03741568 0.25266266 0.08173981
v 0.03872801 0.24655329 0.08015045
v 0.04529596 0.25939494 0.07688018
v 0.04686617 0.25052807 0.07374077
v 0.04278916 0.24795620 0.07721767
v -0.00002046 0.27589446 0.11284576
v -0.00548260 0.27657738 0.11081306
v 0.04150080 0.25554323 0.07948947
v 0.04879876 0.26494020 0.07389180
v 0.05085079 0.25481769 0.06977816
v 0.00749806 0.19323124 0.07713405
v -0.02964561 0.32398370 0.07805844
v -0.02970795 0.32132483 0.07655595
v 0.01372412 0.19376771 0.07384171
v 0.01940075 0.19431661 0.06857222
v 0.02372483 0.19472501 0.06209286
v 0.02843177 0.19578515 0.05456075
v 0.03439330 0.19789140 0.04607831
v 0.04179696 0.20232704 0.03596926
v -0.02241293 0.32774174 0.08219503
v -0.00457407 0.32815474 0.08680224
v -0.00963695 0.32827970 0.08575984
v 0.05031000 0.21107419 0.02437660
v -0.02995211 0.31721747 0.07516245
v -0.03017331 0.31514499 0.07383385
v -0.02956027 0.31917402 0.07499610
v -0.03023746 0.31555152 0.07534174
v -0.03024629 0.31634271 0.07573648
v 0.05883374 0.22479270 0.01349877
v -0.02931901 0.31846204 0.07405516
v 0.06303322 0.23739466 0.00578823
v -0.02939786 0.31825924 0.07397038
v 0.02103843 0.18773831 0.04845123
v -0.02753747 0.32671031 0.07987300
v 0.01694062 0.18862551 0.05500152
v 0.01350504 0.18942490 0.06049542
v -0.02956959 0.31792200 0.07438389
v -0.03038866 0.31465405 0.07205650
v 0.01043245 0.18990193 0.06493758
v -0.03126356 0.31273630 0.06759191
v 0.00620353 0.18875559 0.06432275
v -0.00000283 0.32810763 0.08737363
v -0.02117809 0.33894265 0.08425205
v -0.05155148 0.33677033 0.06309760
v 0.00585027 0.18555641 0.05627539
v -0.05451170 0.33117849 0.06054896
v 0.00821743 0.18268502 0.05136890
v -0.04808355 0.29515839 0.06840342
v -0.05067736 0.29609814 0.06575932
v -0.01836438 0.33269283 0.08540909
v 0.01044682 0.17953184 0.04744982
v 0.04131208 0.23186333 0.07510012
v 0.04505089 0.23080544 0.07043410
v 0.04700609 0.24080797 0.07120391
v 0.05133560 0.24361558 0.06621356
v -0.02667602 0.35866588 0.07483695
v -0.03099616 0.40404192 0.02370521
v -0.02493181 0.35143921 0.07816570
v -0.03943194 0.34325641 0.07304020
v 0.04952909 0.23158030 0.06460093
v -0.03128017 0.40002978 0.03327002
v 0.04291696 0.23983414 0.07555416
v 0.05488969 0.23506100 0.05723520
v 0.05585613 0.24814746 0.06043625
v 0.05482544 0.26048592 0.06555845
v 0.05922466 0.25348487 0.05536959
v -0.04691795 0.34141132 0.06716984
v 0.05899703 0.24063215 0.05014334
v -0.05554542 0.30122831 0.05827408
v -0.00635432 0.34502834 0.08459500
v -0.05707071 0.30672559 0.05566282
v 0.05835897 0.26481080 0.06087193
v -0.01440498 0.34505647 0.08394770
v -0.02718923 0.41173619 -0.04079096
v 0.06127205 0.26886466 0.05647621
v 0.06164495 0.25826788 0.05091521
v 0.06176066 0.24675958 0.04531005
v 0.04379598 0.21850735 0.06565678
v -0.01317545 0.32406864 0.08323650
v 0.06402664 0.25292450 0.03997252
v -0.03839890 0.29599592 0.07378837
v -0.04142117 0.29557467 0.07244409
v 0.06352693 0.27303597 0.05192434
v -0.03086780 0.41122949 -0.02926967
v -0.05443189 0.29887617 0.06052753
v -0.03015676 0.37687364 0.06307893
v -0.00948760 0.31728151 0.08124474
v -0.01093412 0.32030901 0.08143543
v -0.03091180 0.38382339 0.05611442
v 0.06377885 0.26332909 0.04591491
v 0.06585998 0.27856395 0.04626968
v 0.06655565 0.26928502 0.03826868
v -0.03132277 0.38999292 0.04897847
v 0.06689335 0.26076180 0.03165851
v 0.06972329 0.26217899 0.01742900
v -0.03108608 0.40721735 0.01255510
v -0.02152610 0.29928488 0.07660531
v 0.06354069 0.25215781 -0.01053793
v 0.02145946 0.25958741 0.08901411
v 0.01635229 0.26183814 0.09153817
v -0.05669666 0.32490325 0.05834031
v -0.05771695 0.31840259 0.05673029
v -0.03142167 0.41092223 -0.01501285
v -0.03106304 0.29694599 0.07593210
v -0.05772241 0.31239051 0.05575320
v -0.01549630 0.41383788 -0.04910670
v 0.01142472 0.26275876 0.09474842
v -0.05296475 0.29715031 0.06310181
v 0.00752903 0.26319775 0.09717801
v 0.00364928 0.26301154 0.09862761
v -0.03183338 0.34437612 0.07753438
v -0.03486835 0.29634330 0.07490022
v -0.00892124 0.31405035 0.08057845
v -0.01692364 0.30149350 0.07690266
v -0.01362244 0.30436179 0.07753280
v -0.03131997 0.39528292 0.04154753
v -0.01114218 0.30714220 0.07856340
v -0.00925368 0.31064022 0.07993628
v -0.02621914 0.29777041 0.07661197
v -0.02869332 0.36772624 0.07023007
v -0.03114302 0.40961120 -0.00056961
v -0.04475744 0.29533628 0.07065043
v 0.00009569 0.41499913 -0.05214155
v 0.00002635 0.34493285 0.08460403
v -0.01000566 0.30882356 0.07942058
v -0.01570712 0.32818693 0.08431893
v -0.02322662 0.34490713 0.08154625
v 0.00004032 0.23067997 0.09596999
v -0.02656944 0.24874042 0.08697116
v -0.02796626 0.24647318 0.08550680
v -0.02755592 0.24021216 0.08372737
v -0.01938259 0.25423717 0.09215176
v -0.02373390 0.25132862 0.08915219
v -0.01803377 0.23294611 0.09060173
v -0.02854180 0.24438798 0.08452792
v -0.01254576 0.23151287 0.09376007
v -0.02848057 0.24223855 0.08384684
v -0.00669619 0.23082283 0.09549016
v 0.00003833 0.25809422 0.09883073
v -0.00922309 0.25822276 0.09761556
v -0.00454606 0.25852218 0.09900887
v -0.01421662 0.25677106 0.09512577
v -0.02570290 0.23786554 0.08464528
v -0.02282641 0.23538308 0.08680927
v 0.00433351 0.27408141 0.10905243
v 0.00332727 0.27253532 0.10663107
v 0.01566410 0.30944058 0.07327146
v 0.00826169 0.27120459 0.09685230
v 0.00680686 0.29358158 0.10119937
v 0.01433646 0.30950496 0.07384102
v 0.01045707 0.27138284 0.09549105
v 0.00634624 0.30027124 0.09575396
v 0.00822620 0.30853307 0.08311949
v 0.00650097 0.29696181 0.09860881
v 0.01554391 0.27396277 0.09597406
v 0.01397230 0.27135432 0.09475292
v 0.00672431 0.28021079 0.11122402
v 0.00760092 0.28299358 0.11006711
v 0.00757115 0.27690127 0.10957373
v 0.00488142 0.27528143 0.11007781
v 0.01726809 0.30934775 0.07366002
v 0.02770437 0.31072664 0.06735273
v 0.00600684 0.27817592 0.11119060
v 0.00316523 0.27617130 0.11188638
v 0.02047322 0.31029257 0.07127208
v 0.01663474 0.30937523 0.07350016
v 0.01182349 0.27836382 0.10460984
v 0.00684068 0.30759138 0.08730682
v 0.01435143 0.27666762 0.10028153
v 0.01813053 0.30952781 0.07354554
v 0.01870507 0.30973530 0.07332689
v 0.00747508 0.28987950 0.10427500
v 0.02293951 0.31050253 0.07140089
v 0.00300650 0.27088529 0.10185658
v 0.01006924 0.27776963 0.10701583
v 0.00870578 0.27727789 0.10846868
v 0.00356715 0.27032337 0.09990163
v 0.01208638 0.30923426 0.07631767
v 0.00651494 0.30552742 0.09083343
v 0.00640633 0.30305040 0.09366469
v 0.00292216 0.27165759 0.10420809
v 0.00789316 0.28635332 0.10772020
v 0.00599606 0.27087179 0.09836237
v 0.00538160 0.27655634 0.11072768
v 0.02968016 0.32402802 0.07822614
v 0.02974802 0.32138777 0.07668105
v 0.02245353 0.32770094 0.08222672
v 0.00456072 0.32811716 0.08679588
v 0.00965954 0.32821521 0.08580893
v 0.02998987 0.31729829 0.07531167
v 0.03017888 0.31526101 0.07394051
v 0.02957576 0.31922263 0.07509701
v 0.03026109 0.31567070 0.07542541
v 0.03028333 0.31642520 0.07581758
v 0.02934490 0.31851235 0.07416007
v 0.02942356 0.31831777 0.07409336
v 0.02756546 0.32675308 0.07988574
v 0.02959955 0.31799078 0.07452657
v 0.03038086 0.31471369 0.07221203
v 0.03119785 0.31281918 0.06773873
v 0.02123137 0.33894131 0.08417647
v 0.05141270 0.33667496 0.06278327
v 0.05436428 0.33110356 0.06031389
v 0.04812315 0.29519549 0.06837896
v 0.05071861 0.29612762 0.06571291
v 0.01843378 0.33265570 0.08541013
v 0.02678903 0.35869271 0.07445944
v 0.03128938 0.40392116 0.02357304
v 0.02500447 0.35148552 0.07826884
v 0.03944915 0.34327254 0.07289059
v 0.03157385 0.39994165 0.03308628
v 0.04677962 0.34136519 0.06681664
v 0.05543629 0.30120856 0.05821500
v 0.00644061 0.34504202 0.08445580
v 0.05687456 0.30674323 0.05550910
v 0.01447868 0.34506667 0.08374381
v 0.02741002 0.41144377 -0.04080185
v 0.01319331 0.32403010 0.08331663
v 0.03840026 0.29603386 0.07380363
v 0.04143365 0.29562309 0.07246865
v 0.03113599 0.41111925 -0.02928054
v 0.05442582 0.29883298 0.06052984
v 0.03035028 0.37672266 0.06286745
v 0.00949803 0.31721348 0.08131111
v 0.01092416 0.32027793 0.08149718
v 0.03105502 0.38360459 0.05588432
v 0.03146574 0.38979536 0.04889927
v 0.03149423 0.40726262 0.01248809
v 0.02148415 0.29926446 0.07666512
v 0.05654284 0.32484517 0.05817132
v 0.05752421 0.31842658 0.05664311
v 0.03177261 0.41096872 -0.01507012
v 0.03106112 0.29697385 0.07593205
v 0.05751489 0.31242344 0.05560681
v 0.01570413 0.41352621 -0.04905407
v 0.05298859 0.29717931 0.06305891
v 0.03189763 0.34442016 0.07766424
v 0.03485846 0.29636756 0.07491379
v 0.00899987 0.31403610 0.08076459
v 0.01686881 0.30148304 0.07696737
v 0.01357143 0.30438447 0.07761146
v 0.03164943 0.39528608 0.04141541
v 0.01112355 0.30718049 0.07868061
v 0.00931662 0.31066722 0.08011127
v 0.02617792 0.29778013 0.07667037
v 0.02885375 0.36768341 0.06989483
v 0.03155044 0.40967301 -0.00064215
v 0.04478800 0.29537344 0.07064056
v 0.01001928 0.30886501 0.07955986
v 0.01574437 0.32813177 0.08438889
v 0.02328601 0.34491453 0.08166637
v 0.02681241 0.24871750 0.08708533
v 0.02821802 0.24645816 0.08566053
v 0.02775208 0.24024729 0.08389291
v 0.01948272 0.25425160 0.09213806
v 0.02388903 0.25132516 0.08920015
v 0.01813176 0.23300357 0.09058838
v 0.02876539 0.24439630 0.08464482
v 0.01261234 0.23157802 0.09375623
v 0.02868396 0.24226283 0.08398706
v 0.00671993 0.23084547 0.09543528
v 0.00931052 0.25824809 0.09761661
v 0.00464556 0.25853667 0.09901197
v 0.01430786 0.25678959 0.09512496
v 0.02590445 0.23789635 0.08477952
v 0.02299956 0.23543997 0.08690432
v 0.03142244 0.31104639 0.06235825
v -0.03152519 0.31093764 0.06220395
v 0.03001363 0.31141508 0.07515065
v 0.02844769 0.31141627 0.07468315
v 0.02700264 0.31140703 0.07392324
v 0.02578959 0.31138840 0.07293958
v 0.03004852 0.31173190 0.07514286
v 0.02851392 0.31203920 0.07466779
v 0.02709902 0.31231058 0.07390140
v 0.02591236 0.31252778 0.07291131
v 0.03014262 0.31203729 0.07513603
v 0.02870096 0.31263521 0.07465288
v 0.02737028 0.31317690 0.07387951
v 0.02625356 0.31361941 0.07288409
v 0.03029494 0.31231639 0.07512896
v 0.02900031 0.31318444 0.07463930
v 0.02780485 0.31397355 0.07385981
v 0.02680167 0.31462395 0.07285869
v 0.03050010 0.31256047 0.07512255
v 0.02940171 0.31366333 0.07462717
v 0.02838694 0.31466973 0.07384171
v 0.02753495 0.31550252 0.07283664
v 0.03074774 0.31276104 0.07511713
v 0.02988764 0.31405535 0.07461657
v 0.02909353 0.31523889 0.07382633
v 0.02842697 0.31621957 0.07281726
v 0.03102996 0.31290832 0.07511301
v 0.03044200 0.31434467 0.07460883
v 0.02989789 0.31565872 0.07381517
v 0.02944100 0.31674930 0.07280321
v 0.03133640 0.31299844 0.07511094
v 0.03104161 0.31452101 0.07460403
v 0.03076890 0.31591392 0.07380814
v 0.03053880 0.31707013 0.07279344
v 0.03165393 0.31302607 0.07510974
v 0.03166479 0.31457558 0.07460170
v 0.03167363 0.31599334 0.07380473
v 0.03167961 0.31717172 0.07279012
v 0.03197034 0.31299177 0.07511032
v 0.03228723 0.31450772 0.07460249
v 0.03257677 0.31589490 0.07380595
v 0.03281825 0.31704694 0.07279118
v 0.03227586 0.31289509 0.07511135
v 0.03288360 0.31431979 0.07460576
v 0.03344348 0.31562191 0.07381106
v 0.03391040 0.31670341 0.07279787
v 0.03255554 0.31274235 0.07511441
v 0.03343295 0.31401861 0.07461221
v 0.03424093 0.31518573 0.07382030
v 0.03491606 0.31615293 0.07281014
v 0.03279987 0.31253675 0.07511891
v 0.03391287 0.31361663 0.07462133
v 0.03493803 0.31460187 0.07383381
v 0.03579658 0.31541753 0.07282683
v 0.03300099 0.31228846 0.07512473
v 0.03430592 0.31312916 0.07463262
v 0.03550853 0.31389415 0.07385032
v 0.03651532 0.31452346 0.07284733
v 0.03314884 0.31200558 0.07513155
v 0.03459639 0.31257406 0.07464537
v 0.03593034 0.31308845 0.07386919
v 0.03704743 0.31350765 0.07287154
v 0.03323972 0.31169885 0.07513945
v 0.03477425 0.31197414 0.07466041
v 0.03618777 0.31221667 0.07389028
v 0.03737077 0.31240895 0.07289808
v 0.03326776 0.31138149 0.07514673
v 0.03482997 0.31135070 0.07467594
v 0.03626974 0.31131154 0.07391248
v 0.03747604 0.31126758 0.07292700
v 0.03323457 0.31106400 0.07515422
v 0.03476420 0.31072709 0.07468995
v 0.03617334 0.31040788 0.07393318
v 0.03735325 0.31012893 0.07295296
v 0.03313886 0.31075916 0.07516092
v 0.03457694 0.31013140 0.07470375
v 0.03590202 0.30954123 0.07395391
v 0.03701237 0.30903614 0.07297927
v 0.03298671 0.31047922 0.07516716
v 0.03427770 0.30958200 0.07471692
v 0.03546741 0.30874425 0.07397343
v 0.03646330 0.30803186 0.07300320
v 0.03278128 0.31023550 0.07517309
v 0.03387645 0.30910346 0.07472803
v 0.03488566 0.30804816 0.07398994
v 0.03573005 0.30715275 0.07302514
v 0.03253375 0.31003547 0.07517774
v 0.03339035 0.30871123 0.07473779
v 0.03417869 0.30747929 0.07400432
v 0.03483785 0.30643547 0.07304266
v 0.03225150 0.30988783 0.07518240
v 0.03283592 0.30842161 0.07474583
v 0.03337397 0.30705941 0.07401566
v 0.03382339 0.30590582 0.07305682
v 0.03194487 0.30979809 0.07518522
v 0.03223655 0.30824575 0.07475118
v 0.03250324 0.30680397 0.07402310
v 0.03272583 0.30558467 0.07306609
v 0.03162773 0.30977023 0.07518621
v 0.03161320 0.30819091 0.07475365
v 0.03159836 0.30672425 0.07402670
v 0.03158488 0.30548301 0.07307075
v 0.03131102 0.30980426 0.07518622
v 0.03099072 0.30825812 0.07475312
v 0.03069550 0.30682197 0.07402606
v 0.03044628 0.30560786 0.07306946
v 0.03100574 0.30990034 0.07518473
v 0.03039457 0.30844611 0.07475030
v 0.02982849 0.30709496 0.07402104
v 0.02935409 0.30595070 0.07306270
v 0.03072599 0.31005281 0.07518200
v 0.02984488 0.30874649 0.07474424
v 0.02903136 0.30753106 0.07401176
v 0.02834846 0.30650133 0.07305105
v 0.03048168 0.31025860 0.07517726
v 0.02936514 0.30914858 0.07473499
v 0.02833407 0.30811453 0.07399876
v 0.02746832 0.30723625 0.07303526
v 0.03028069 0.31050700 0.07517144
v 0.02897203 0.30963644 0.07472401
v 0.02776384 0.30882284 0.07398297
v 0.02674942 0.30813044 0.07301497
v 0.03164132 0.31140214 0.07530624
v 0.03013327 0.31079122 0.07516472
v 0.02868149 0.31019148 0.07471114
v 0.02734191 0.30962849 0.07396440
v 0.02621729 0.30914646 0.07299145
v 0.03004330 0.31109771 0.07515845
v 0.02850445 0.31079286 0.07469744
v 0.02708482 0.31050223 0.07394478
v 0.02589420 0.31024703 0.07296647
v 0.02460785 0.31137341 0.07209449
v 0.02277980 0.31134635 0.07066091
v 0.02121697 0.31130242 0.06878635
v 0.02005336 0.31124577 0.06664706
v 0.01933397 0.31117898 0.06432367
v 0.01908427 0.31110480 0.06190825
v 0.01931613 0.31102535 0.05949199
v 0.02001834 0.31094423 0.05716845
v 0.02116586 0.31086409 0.05502567
v 0.02271404 0.31078893 0.05314776
v 0.02460238 0.31072038 0.05160512
v 0.02676071 0.31066218 0.05045822
v 0.02910332 0.31061590 0.04975146
v 0.02475387 0.31274262 0.07206080
v 0.02296356 0.31307042 0.07061902
v 0.02143333 0.31333023 0.06873723
v 0.02029329 0.31349841 0.06659219
v 0.01958817 0.31357047 0.06426562
v 0.01934485 0.31354284 0.06184879
v 0.01957051 0.31341633 0.05943385
v 0.02025831 0.31319696 0.05711389
v 0.02138200 0.31289199 0.05497605
v 0.02289795 0.31251261 0.05310545
v 0.02474754 0.31207538 0.05157216
v 0.02685893 0.31159547 0.05043557
v 0.02915393 0.31109157 0.04974008
v 0.02516500 0.31405613 0.07202801
v 0.02348003 0.31472605 0.07057832
v 0.02204122 0.31527576 0.06868904
v 0.02096899 0.31566021 0.06653782
v 0.02030522 0.31586641 0.06420907
v 0.02007484 0.31588346 0.06179108
v 0.02028677 0.31571236 0.05937732
v 0.02093389 0.31535843 0.05706016
v 0.02198991 0.31483749 0.05492843
v 0.02341425 0.31416801 0.05306499
v 0.02515278 0.31337488 0.05154006
v 0.02713918 0.31249088 0.05041320
v 0.02929663 0.31154799 0.04972884
v 0.02582263 0.31526381 0.07199805
v 0.02430966 0.31624690 0.07053968
v 0.02301688 0.31706452 0.06864419
v 0.02205333 0.31764796 0.06648813
v 0.02145599 0.31797558 0.06415626
v 0.02124821 0.31803420 0.06173712
v 0.02143803 0.31782147 0.05932444
v 0.02201772 0.31734663 0.05701062
v 0.02296492 0.31662610 0.05488348
v 0.02424311 0.31568941 0.05302729
v 0.02580427 0.31457081 0.05151006
v 0.02758793 0.31331348 0.05039310
v 0.02952497 0.31196785 0.04971844
v 0.02670476 0.31631929 0.07197059
v 0.02542063 0.31757572 0.07050523
v 0.02432270 0.31862754 0.06860413
v 0.02350453 0.31938484 0.06644380
v 0.02299698 0.31981921 0.06410912
v 0.02281927 0.31991425 0.06168953
v 0.02297867 0.31966543 0.05927765
v 0.02346862 0.31908309 0.05696647
v 0.02427043 0.31818965 0.05484397
v 0.02535427 0.31701848 0.05299356
v 0.02667687 0.31561530 0.05148380
v 0.02818855 0.31403375 0.05037489
v 0.02983163 0.31233424 0.04970908
v 0.02777596 0.31718138 0.07194822
v 0.02676964 0.31866243 0.07047714
v 0.02590889 0.31990466 0.06857067
v 0.02526697 0.32080460 0.06640679
v 0.02486792 0.32132694 0.06406987
v 0.02472654 0.32145146 0.06164939
v 0.02484976 0.32117286 0.05923820
v 0.02523081 0.32050285 0.05692976
v 0.02585652 0.31946683 0.05481107
v 0.02670242 0.31810516 0.05296528
v 0.02773642 0.31646848 0.05146145
v 0.02891940 0.31462136 0.05035965
v 0.03020323 0.31263450 0.04970162
v 0.02899522 0.31781694 0.07193047
v 0.02830559 0.31946370 0.07045503
v 0.02771455 0.32084772 0.06854523
v 0.02727338 0.32185233 0.06637833
v 0.02699699 0.32243934 0.06404032
v 0.02689840 0.32258540 0.06161885
v 0.02697809 0.32228565 0.05920868
v 0.02723684 0.32155085 0.05690156
v 0.02766166 0.32040974 0.05478564
v 0.02823797 0.31890666 0.05294345
v 0.02894347 0.31709871 0.05144472
v 0.02974983 0.31505552 0.05034784
v 0.03062672 0.31285509 0.04969539
v 0.03031521 0.31820351 0.07191876
v 0.02996935 0.31994978 0.07044066
v 0.02967034 0.32142004 0.06852829
v 0.02944644 0.32248840 0.06635986
v 0.02930426 0.32311413 0.06402051
v 0.02924985 0.32327285 0.06159912
v 0.02928553 0.32296064 0.05918915
v 0.02940972 0.32218674 0.05688327
v 0.02961732 0.32098210 0.05476902
v 0.02990154 0.31939295 0.05292971
v 0.03024936 0.31748044 0.05143359
v 0.03064961 0.31531939 0.05034011
v 0.03108602 0.31298926 0.04969153
v 0.03168620 0.31832427 0.07191442
v 0.03169564 0.32010239 0.07043508
v 0.03170076 0.32159922 0.06852118
v 0.03170183 0.32268724 0.06635185
v 0.03169850 0.32332462 0.06401213
v 0.03169097 0.32348868 0.06159051
v 0.03167997 0.32317114 0.05918065
v 0.03166501 0.32238591 0.05687541
v 0.03164735 0.32116145 0.05476202
v 0.03162749 0.31954524 0.05292365
v 0.03160613 0.31760073 0.05142908
v 0.03158385 0.31540158 0.05033702
v 0.03156202 0.31303146 0.04968974
v 0.03305496 0.31817529 0.07191578
v 0.03341882 0.31991491 0.07043704
v 0.03372806 0.32137841 0.06852374
v 0.03395354 0.32244217 0.06635480
v 0.03408917 0.32306525 0.06401518
v 0.03412879 0.32322320 0.06159373
v 0.03407035 0.32291129 0.05918388
v 0.03391662 0.32214096 0.05687867
v 0.03367434 0.32094067 0.05476470
v 0.03335071 0.31935772 0.05292576
v 0.03296043 0.31745309 0.05143094
v 0.03251717 0.31530002 0.05033813
v 0.03203787 0.31297979 0.04969029
v 0.03436864 0.31776178 0.07192407
v 0.03507438 0.31939474 0.07044718
v 0.03567408 0.32076624 0.06853621
v 0.03611604 0.32176197 0.06636848
v 0.03638519 0.32234377 0.06402972
v 0.03646972 0.32248774 0.06160846
v 0.03636625 0.32218978 0.05919867
v 0.03607896 0.32146060 0.05689196
v 0.03561996 0.32032880 0.05477704
v 0.03500599 0.31883761 0.05293635
v 0.03426023 0.31704450 0.05143917
v 0.03341271 0.31501788 0.05034380
v 0.03249435 0.31283605 0.04969337
v 0.03557727 0.31710139 0.07193898
v 0.03659716 0.31856182 0.07046601
v 0.03746410 0.31978676 0.06855777
v 0.03810520 0.32067358 0.06639234
v 0.03849549 0.32118756 0.06405488
v 0.03862162 0.32130933 0.06163454
v 0.03847621 0.32103381 0.05922369
v 0.03806783 0.32037166 0.05691590
v 0.03740982 0.31934917 0.05479838
v 0.03652843 0.31800470 0.05295471
v 0.03545654 0.31639022 0.05145309
v 0.03423592 0.31456760 0.05035363
v 0.03291474 0.31260651 0.04969859
v 0.03663434 0.31621692 0.07195913
v 0.03792798 0.31744784 0.07049116
v 0.03902927 0.31847739 0.06858735
v 0.03984447 0.31921816 0.06642543
v 0.04034222 0.31964236 0.06408991
v 0.04050413 0.31973362 0.06167049
v 0.04032301 0.31948861 0.05925877
v 0.03980681 0.31891665 0.05694910
v 0.03897473 0.31803963 0.05482807
v 0.03785897 0.31689060 0.05297980
v 0.03650212 0.31551507 0.05147298
v 0.03495675 0.31396475 0.05036733
v 0.03328092 0.31229883 0.04970552
v 0.03749906 0.31514388 0.07198424
v 0.03901771 0.31609601 0.07052284
v 0.04030982 0.31688741 0.06862430
v 0.04126713 0.31745201 0.06646658
v 0.04185293 0.31776679 0.06413385
v 0.04204464 0.31782195 0.06171474
v 0.04183421 0.31761318 0.05930234
v 0.04122943 0.31715038 0.05698968
v 0.04025469 0.31644991 0.05486499
v 0.03894818 0.31553882 0.05301137
v 0.03735767 0.31445289 0.05149760
v 0.03554606 0.31323236 0.05038456
v 0.03358191 0.31192651 0.04971401
v 0.03813741 0.31392297 0.07201276
v 0.03982275 0.31455827 0.07055935
v 0.04125619 0.31507924 0.06866764
v 0.04231902 0.31544238 0.06651467
v 0.04296939 0.31563449 0.06418432
v 0.04318279 0.31564638 0.06176599
v 0.04295072 0.31548110 0.05935255
v 0.04228107 0.31514060 0.05703715
v 0.04120127 0.31464145 0.05490754
v 0.03975267 0.31400108 0.05304754
v 0.03799000 0.31324393 0.05152599
v 0.03598092 0.31240040 0.05040362
v 0.03380372 0.31150180 0.04972427
v 0.03852740 0.31260160 0.07204498
v 0.04031367 0.31289244 0.07060064
v 0.04183345 0.31312141 0.06871482
v 0.04296058 0.31326702 0.06656853
v 0.04364933 0.31332493 0.06423963
v 0.04387459 0.31329277 0.06182247
v 0.04363001 0.31317109 0.05940787
v 0.04292174 0.31296512 0.05708896
v 0.04177718 0.31268391 0.05495425
v 0.04024182 0.31233537 0.05308694
v 0.03837411 0.31193656 0.05155738
v 0.03624668 0.31149969 0.05042540
v 0.03393876 0.31104252 0.04973491
v 0.03865295 0.31122884 0.07208072
v 0.04047092 0.31116429 0.07064375
v 0.04201890 0.31108847 0.06876578
v 0.04316487 0.31100890 0.06662324
v 0.04386556 0.31092900 0.06429806
v 0.04409589 0.31084937 0.06188117
v 0.04384515 0.31077486 0.05946553
v 0.04312506 0.31070840 0.05714350
v 0.04196123 0.31065196 0.05500325
v 0.04039786 0.31060830 0.05312872
v 0.03849725 0.31057894 0.05159020
v 0.03633125 0.31056428 0.05044772
v 0.03398224 0.31056592 0.04974642
v 0.03850659 0.30986083 0.07211276
v 0.04028741 0.30944121 0.07068592
v 0.04180243 0.30906171 0.06881490
v 0.04292490 0.30875736 0.06667803
v 0.04361115 0.30853716 0.06435610
v 0.04383516 0.30841124 0.06194053
v 0.04359091 0.30838364 0.05952374
v 0.04288485 0.30845591 0.05719843
v 0.04174425 0.30862448 0.05505246
v 0.04021387 0.30888441 0.05317074
v 0.03835219 0.30922368 0.05162313
v 0.03623182 0.30963099 0.05047065
v 0.03393131 0.31009048 0.04975793
v 0.03809483 0.30854756 0.07214400
v 0.03976928 0.30778614 0.07072525
v 0.04119283 0.30711651 0.06886154
v 0.04224847 0.30659565 0.06673064
v 0.04289398 0.30624181 0.06441242
v 0.04310552 0.30607072 0.06199814
v 0.04287443 0.30608806 0.05958043
v 0.04220967 0.30629402 0.05725170
v 0.04113710 0.30667901 0.05510067
v 0.03969732 0.30722937 0.05321120
v 0.03794662 0.30792445 0.05165540
v 0.03595150 0.30873561 0.05049269
v 0.03378859 0.30963355 0.04976922
v 0.03743665 0.30734026 0.07217315
v 0.03893900 0.30626532 0.07076187
v 0.04021692 0.30532810 0.06890538
v 0.04116425 0.30460787 0.06677940
v 0.04174285 0.30413276 0.06446461
v 0.04193201 0.30391991 0.06205171
v 0.04172333 0.30397901 0.05963302
v 0.04112579 0.30430663 0.05730136
v 0.04016141 0.30489042 0.05514511
v 0.03886856 0.30570802 0.05324907
v 0.03729511 0.30672836 0.05168521
v 0.03550282 0.30791274 0.05051330
v 0.03356029 0.30921352 0.04977977
v 0.03655431 0.30628487 0.07219913
v 0.03782703 0.30493599 0.07079436
v 0.03891098 0.30376512 0.06894410
v 0.03971265 0.30287123 0.06682313
v 0.04020207 0.30228913 0.06451076
v 0.04036121 0.30204001 0.06209921
v 0.04018268 0.30213517 0.05967920
v 0.03967459 0.30256951 0.05734516
v 0.03885591 0.30332711 0.05518482
v 0.03775791 0.30437884 0.05328313
v 0.03642278 0.30568388 0.05171166
v 0.03490220 0.30719247 0.05053150
v 0.03325323 0.30884764 0.04978912
v 0.03548304 0.30542251 0.07222120
v 0.03647806 0.30384949 0.07082205
v 0.03732440 0.30248773 0.06897649
v 0.03795008 0.30145156 0.06685916
v 0.03833063 0.30078134 0.06454937
v 0.03845389 0.30050313 0.06213873
v 0.03831150 0.30062744 0.05971823
v 0.03791226 0.30115020 0.05738180
v 0.03726950 0.30204993 0.05521784
v 0.03640924 0.30329219 0.05331083
v 0.03536295 0.30483043 0.05173367
v 0.03417127 0.30660489 0.05054665
v 0.03288191 0.30854762 0.04979696
v 0.03154163 0.31058326 0.04951063
v 0.03426372 0.30478686 0.07223695
v 0.03494221 0.30304825 0.07084268
v 0.03551851 0.30154499 0.06900185
v 0.03594290 0.30040354 0.06688688
v 0.03620187 0.29966855 0.06457911
v 0.03628231 0.29936889 0.06216868
v 0.03618262 0.29951495 0.05974775
v 0.03590566 0.30010200 0.05740980
v 0.03546460 0.30110681 0.05524298
v 0.03487396 0.30249038 0.05333232
v 0.03415617 0.30420044 0.05175019
v 0.03334110 0.30617148 0.05055818
v 0.03245814 0.30832654 0.04980285
v 0.03294358 0.30439979 0.07224859
v 0.03327814 0.30256212 0.07085659
v 0.03356302 0.30097273 0.06901792
v 0.03377015 0.29976776 0.06690493
v 0.03389458 0.29899392 0.06459805
v 0.03393009 0.29868165 0.06218817
v 0.03387559 0.29884005 0.05976739
v 0.03373292 0.29946581 0.05742776
v 0.03350918 0.30053419 0.05525923
v 0.03320987 0.30200440 0.05334650
v 0.03285029 0.30381864 0.05176122
v 0.03244080 0.30590716 0.05056584
v 0.03199911 0.30819228 0.04980623
v 0.03157271 0.30427864 0.07225399
v 0.03155238 0.30240929 0.07086302
v 0.03153251 0.30079311 0.06902480
v 0.03151504 0.29956862 0.06691255
v 0.03150000 0.29878318 0.06460622
v 0.03148857 0.29846525 0.06219712
v 0.03148090 0.29862946 0.05977533
v 0.03147784 0.29926682 0.05743586
v 0.03147887 0.30035496 0.05526645
v 0.03148397 0.30185166 0.05335236
v 0.03149351 0.30369836 0.05176579
v 0.03150657 0.30582559 0.05056927
v 0.03152281 0.30815014 0.04980824
v 0.03020384 0.30442774 0.07225184
v 0.02982926 0.30259699 0.07086043
v 0.02950530 0.30101362 0.06902211
v 0.02926330 0.29981339 0.06690957
v 0.02910954 0.29904261 0.06460332
v 0.02905104 0.29873118 0.06219383
v 0.02909050 0.29888883 0.05977253
v 0.02922646 0.29951179 0.05743281
v 0.02945214 0.30057585 0.05526383
v 0.02976073 0.30203933 0.05335004
v 0.03013897 0.30384630 0.05176436
v 0.03057326 0.30592617 0.05056795
v 0.03104730 0.30820185 0.04980751
v 0.02889043 0.30484119 0.07224400
v 0.02817324 0.30311698 0.07085016
v 0.02755950 0.30162588 0.06901034
v 0.02710089 0.30049363 0.06689620
v 0.02681361 0.29976410 0.06458922
v 0.02671160 0.29946643 0.06217885
v 0.02679486 0.29961064 0.05975816
v 0.02706416 0.30019215 0.05741908
v 0.02750612 0.30118793 0.05525174
v 0.02810566 0.30255944 0.05333994
v 0.02883970 0.30425462 0.05175570
v 0.02967817 0.30620861 0.05056225
v 0.03059049 0.30834559 0.04980472
v 0.02768159 0.30550128 0.07223056
v 0.02665115 0.30395001 0.07083298
v 0.02576949 0.30260542 0.06898943
v 0.02511168 0.30158263 0.06687274
v 0.02470300 0.30092016 0.06456397
v 0.02455810 0.30064458 0.06215356
v 0.02468466 0.30076683 0.05973296
v 0.02507520 0.30128086 0.05739560
v 0.02571649 0.30216721 0.05523002
v 0.02658362 0.30339265 0.05332169
v 0.02764308 0.30490938 0.05174204
v 0.02885465 0.30665863 0.05055268
v 0.03017039 0.30857477 0.04979970
v 0.02662454 0.30638567 0.07221097
v 0.02532009 0.30506358 0.07080809
v 0.02420400 0.30391455 0.06896003
v 0.02337257 0.30303746 0.06684019
v 0.02285680 0.30246571 0.06452947
v 0.02267618 0.30222055 0.06211815
v 0.02283825 0.30231172 0.05969793
v 0.02333628 0.30273628 0.05736288
v 0.02415136 0.30347678 0.05520042
v 0.02525284 0.30450639 0.05329666
v 0.02659729 0.30578411 0.05172201
v 0.02813366 0.30726174 0.05053902
v 0.02980394 0.30888301 0.04979302
v 0.02575996 0.30745885 0.07218633
v 0.02423079 0.30641514 0.07077725
v 0.02292402 0.30550423 0.06892365
v 0.02194988 0.30480406 0.06679971
v 0.02134584 0.30434102 0.06448621
v 0.02113572 0.30413198 0.06207388
v 0.02132785 0.30418724 0.05965500
v 0.02191375 0.30450210 0.05732200
v 0.02287152 0.30506653 0.05516375
v 0.02416392 0.30585817 0.05326516
v 0.02574180 0.30684623 0.05169750
v 0.02754488 0.30799389 0.05052185
v 0.02950297 0.30925524 0.04978407
v 0.02512171 0.30867991 0.07215767
v 0.02342592 0.30795309 0.07074142
v 0.02197750 0.30731297 0.06888124
v 0.02089788 0.30681339 0.06675274
v 0.02022922 0.30647317 0.06443633
v 0.01999749 0.30630738 0.06202274
v 0.02021117 0.30631924 0.05960478
v 0.02086206 0.30651179 0.05727458
v 0.02192527 0.30687493 0.05512153
v 0.02335946 0.30739594 0.05322905
v 0.02511002 0.30805516 0.05166932
v 0.02710951 0.30882576 0.05050200
v 0.02928152 0.30967957 0.04977413
v 0.02473206 0.31000167 0.07212668
v 0.02293612 0.30961916 0.07070176
v 0.02140118 0.30927062 0.06883492
v 0.02025739 0.30898869 0.06670119
v 0.01954975 0.30878285 0.06438151
v 0.01930560 0.30866149 0.06196686
v 0.01953156 0.30862942 0.05954968
v 0.02022206 0.30868742 0.05722282
v 0.02134921 0.30883303 0.05507469
v 0.02287008 0.30906159 0.05318967
v 0.02472561 0.30936253 0.05163787
v 0.02684378 0.30972680 0.05048105
v 0.02914619 0.31013882 0.04976314
v -0.03259476 0.31121296 0.07537404
v -0.03418112 0.31121400 0.07496910
v -0.03565929 0.31120476 0.07426573
v -0.03691464 0.31118643 0.07332891
v -0.03256173 0.31152824 0.07536424
v -0.03411613 0.31183311 0.07494931
v -0.03556368 0.31210360 0.07423694
v -0.03679225 0.31232008 0.07329180
v -0.03246656 0.31183159 0.07535235
v -0.03392927 0.31242663 0.07492528
v -0.03529289 0.31296590 0.07420181
v -0.03645203 0.31340665 0.07324763
v -0.03231444 0.31211013 0.07533831
v -0.03363014 0.31297314 0.07489819
v -0.03485858 0.31375915 0.07416226
v -0.03590427 0.31440678 0.07319722
v -0.03210934 0.31235296 0.07532293
v -0.03322955 0.31345022 0.07486811
v -0.03427730 0.31445202 0.07411909
v -0.03517167 0.31528202 0.07314292
v -0.03186180 0.31255284 0.07530763
v -0.03274330 0.31384072 0.07483736
v -0.03357106 0.31501898 0.07407361
v -0.03427941 0.31599641 0.07308555
v -0.03157949 0.31269911 0.07529168
v -0.03218893 0.31412932 0.07480606
v -0.03276628 0.31543723 0.07402834
v -0.03326474 0.31652424 0.07302804
v -0.03127231 0.31278911 0.07527667
v -0.03158922 0.31430444 0.07477607
v -0.03189476 0.31569174 0.07398494
v -0.03216642 0.31684455 0.07297275
v -0.03095505 0.31281707 0.07526226
v -0.03096517 0.31435958 0.07474783
v -0.03098925 0.31577173 0.07394388
v -0.03102491 0.31694621 0.07292192
v -0.03063766 0.31278342 0.07525036
v -0.03034223 0.31429324 0.07472391
v -0.03008504 0.31567523 0.07390866
v -0.02988465 0.31682298 0.07287608
v -0.03033228 0.31268805 0.07523990
v -0.02974481 0.31410614 0.07470328
v -0.02921710 0.31540421 0.07387874
v -0.02879086 0.31648216 0.07283920
v -0.03005207 0.31253573 0.07523177
v -0.02919430 0.31380755 0.07468819
v -0.02841837 0.31497076 0.07385655
v -0.02778393 0.31593528 0.07281107
v -0.02980735 0.31233132 0.07522663
v -0.02871393 0.31340790 0.07467831
v -0.02771999 0.31439057 0.07384275
v -0.02690222 0.31520438 0.07279384
v -0.02960577 0.31208450 0.07522500
v -0.02831955 0.31292349 0.07467474
v -0.02714792 0.31368646 0.07383763
v -0.02618167 0.31431571 0.07278673
v -0.02945754 0.31180367 0.07522628
v -0.02802817 0.31237110 0.07467688
v -0.02672509 0.31288525 0.07384111
v -0.02564827 0.31330538 0.07279170
v -0.02936792 0.31149811 0.07523043
v -0.02785010 0.31177440 0.07468584
v -0.02646671 0.31201786 0.07385392
v -0.02532315 0.31221250 0.07280745
v -0.02933777 0.31118211 0.07523759
v -0.02779313 0.31115341 0.07470025
v -0.02638391 0.31111711 0.07387433
v -0.02521751 0.31107688 0.07283416
v -0.02937224 0.31086701 0.07524753
v -0.02785918 0.31053439 0.07471937
v -0.02647950 0.31021848 0.07390271
v -0.02533887 0.30994329 0.07286859
v -0.02946577 0.31056377 0.07525903
v -0.02804488 0.30994061 0.07474202
v -0.02674967 0.30935562 0.07393591
v -0.02567912 0.30885607 0.07291166
v -0.02961783 0.31028518 0.07527258
v -0.02834404 0.30939433 0.07476941
v -0.02718431 0.30856284 0.07397512
v -0.02622719 0.30785614 0.07296157
v -0.02982291 0.31004220 0.07528791
v -0.02874513 0.30891714 0.07479888
v -0.02776563 0.30786976 0.07401828
v -0.02696025 0.30698112 0.07301631
v -0.03007060 0.30984250 0.07530388
v -0.02923134 0.30852681 0.07483020
v -0.02847245 0.30730337 0.07406355
v -0.02785225 0.30626750 0.07307281
v -0.03035283 0.30969617 0.07531978
v -0.02978612 0.30823869 0.07486141
v -0.02927686 0.30688521 0.07410908
v -0.02886702 0.30573958 0.07313032
v -0.03065972 0.30960661 0.07533529
v -0.03038562 0.30806327 0.07489151
v -0.03014869 0.30663058 0.07415342
v -0.02996515 0.30541989 0.07318611
v -0.03097711 0.30957881 0.07534920
v -0.03100936 0.30800852 0.07491963
v -0.03105367 0.30655089 0.07419390
v -0.03110650 0.30531803 0.07323761
v -0.03129406 0.30961278 0.07536171
v -0.03163246 0.30807525 0.07494425
v -0.03195800 0.30664790 0.07422975
v -0.03224677 0.30544159 0.07328241
v -0.03159966 0.30970797 0.07537224
v -0.03222947 0.30826196 0.07496443
v -0.03282534 0.30691916 0.07425913
v -0.03334023 0.30578262 0.07331996
v -0.03187985 0.30986020 0.07537983
v -0.03277992 0.30856079 0.07498001
v -0.03362423 0.30735254 0.07428169
v -0.03434728 0.30632937 0.07334812
v -0.03212451 0.31006423 0.07538542
v -0.03326032 0.30896062 0.07499009
v -0.03432273 0.30793223 0.07429595
v -0.03522912 0.30705997 0.07336716
v -0.03232603 0.31031072 0.07538743
v -0.03365412 0.30944452 0.07499424
v -0.03489409 0.30863604 0.07430217
v -0.03594918 0.30794880 0.07337355
v -0.03095831 0.31120226 0.07546495
v -0.03247412 0.31059217 0.07538611
v -0.03394529 0.30999684 0.07499190
v -0.03531694 0.30943733 0.07429866
v -0.03648300 0.30895868 0.07336963
v -0.03256528 0.31089729 0.07538236
v -0.03412345 0.31059307 0.07498387
v -0.03557512 0.31030479 0.07428648
v -0.03680738 0.31005201 0.07335440
v -0.03813313 0.31117320 0.07253242
v -0.04002345 0.31114766 0.07117003
v -0.04166410 0.31110695 0.06935198
v -0.04291580 0.31105450 0.06725079
v -0.04373044 0.31099275 0.06494705
v -0.04407859 0.31092307 0.06253103
v -0.04394494 0.31084925 0.06009467
v -0.04333742 0.31077376 0.05773178
v -0.04227687 0.31069914 0.05553228
v -0.04080353 0.31062883 0.05358195
v -0.03897630 0.31056529 0.05195424
v -0.03686420 0.31051046 0.05071269
v -0.03454736 0.31046724 0.04990606
v -0.03798654 0.31253597 0.07248679
v -0.03983941 0.31286317 0.07111389
v -0.04144762 0.31312469 0.06928594
v -0.04267699 0.31329587 0.06717966
v -0.04347798 0.31337202 0.06487127
v -0.04382011 0.31334946 0.06245425
v -0.04369324 0.31322867 0.06001957
v -0.04309949 0.31301460 0.05766113
v -0.04206184 0.31271666 0.05546841
v -0.04062112 0.31234366 0.05352750
v -0.03883247 0.31191337 0.05191167
v -0.03676538 0.31143928 0.05068363
v -0.03449666 0.31094041 0.04989116
v -0.03757616 0.31384280 0.07243340
v -0.03932256 0.31451064 0.07104552
v -0.04083993 0.31506103 0.06920706
v -0.04200199 0.31544742 0.06709064
v -0.04276237 0.31565624 0.06477872
v -0.04309189 0.31567708 0.06235994
v -0.04297839 0.31551307 0.05992701
v -0.04242546 0.31516591 0.05757400
v -0.04145575 0.31465253 0.05539013
v -0.04010628 0.31399089 0.05346125
v -0.03842825 0.31320614 0.05185910
v -0.03648576 0.31232998 0.05064730
v -0.03435456 0.31139457 0.04987307
v -0.03691906 0.31504470 0.07237317
v -0.03849375 0.31602457 0.07096893
v -0.03986545 0.31684116 0.06911657
v -0.04091858 0.31742603 0.06699017
v -0.04161213 0.31775519 0.06467239
v -0.04191959 0.31781867 0.06225166
v -0.04182860 0.31761175 0.05982102
v -0.04134253 0.31714433 0.05747395
v -0.04048100 0.31643274 0.05530018
v -0.03927787 0.31550467 0.05338492
v -0.03777708 0.31439629 0.05179904
v -0.03603796 0.31314889 0.05060647
v -0.03412623 0.31181261 0.04985164
v -0.03603733 0.31609511 0.07230680
v -0.03738270 0.31734791 0.07088534
v -0.03855974 0.31839749 0.06901859
v -0.03946779 0.31915474 0.06688102
v -0.04007170 0.31959125 0.06455635
v -0.04034879 0.31968990 0.06213381
v -0.04028790 0.31944761 0.05970517
v -0.03989213 0.31887320 0.05736518
v -0.03917601 0.31798884 0.05520213
v -0.03816738 0.31682777 0.05330132
v -0.03690477 0.31543595 0.05173358
v -0.03543710 0.31386575 0.05056113
v -0.03381929 0.31217712 0.04982891
v -0.03496623 0.31695434 0.07223782
v -0.03603403 0.31842998 0.07079866
v -0.03697361 0.31966951 0.06891663
v -0.03770511 0.32056832 0.06676739
v -0.03820000 0.32109183 0.06443574
v -0.03844099 0.32122031 0.06201043
v -0.03841631 0.32094833 0.05958421
v -0.03812972 0.32028624 0.05725138
v -0.03759006 0.31926063 0.05509974
v -0.03681900 0.31790975 0.05321447
v -0.03584513 0.31628591 0.05166523
v -0.03470664 0.31445131 0.05051398
v -0.03344814 0.31247604 0.04980499
v -0.03374654 0.31758755 0.07216804
v -0.03449735 0.31922862 0.07071075
v -0.03516742 0.32060826 0.06881363
v -0.03569792 0.32161179 0.06665313
v -0.03607058 0.32220033 0.06431468
v -0.03626960 0.32235014 0.06188665
v -0.03628727 0.32205659 0.05946345
v -0.03612290 0.32133031 0.05713703
v -0.03578401 0.32019979 0.05499710
v -0.03528284 0.31870833 0.05312700
v -0.03463797 0.31691307 0.05159694
v -0.03387590 0.31488293 0.05046682
v -0.03302399 0.31269601 0.04978058
v -0.03242560 0.31797302 0.07210140
v -0.03283256 0.31971332 0.07062685
v -0.03321051 0.32117885 0.06871434
v -0.03352343 0.32224581 0.06654297
v -0.03376197 0.32287288 0.06419758
v -0.03391585 0.32303554 0.06176743
v -0.03397870 0.32272905 0.05934622
v -0.03394862 0.32196444 0.05702715
v -0.03382779 0.32077011 0.05489775
v -0.03361831 0.31919304 0.05304241
v -0.03333106 0.31729394 0.05153061
v -0.03297543 0.31514594 0.05042092
v -0.03256495 0.31283006 0.04975711
v -0.03105350 0.31809446 0.07203998
v -0.03110531 0.31986597 0.07054910
v -0.03117834 0.32135871 0.06862269
v -0.03126624 0.32244539 0.06644095
v -0.03136547 0.32308382 0.06408940
v -0.03147218 0.32325158 0.06165708
v -0.03158256 0.32294038 0.05923780
v -0.03169160 0.32216379 0.05692484
v -0.03179583 0.32094997 0.05480602
v -0.03189106 0.31934562 0.05296452
v -0.03197352 0.31741422 0.05146915
v -0.03203991 0.31522864 0.05037886
v -0.03208807 0.31287205 0.04973569
v -0.02968324 0.31794733 0.07198485
v -0.02938001 0.31968039 0.07047996
v -0.02914901 0.32114074 0.06854184
v -0.02901226 0.32220310 0.06635115
v -0.02897268 0.32282722 0.06399394
v -0.02903244 0.32298881 0.06155970
v -0.02918954 0.32268396 0.05914253
v -0.02943769 0.32192126 0.05683515
v -0.02976708 0.32073143 0.05472507
v -0.03016611 0.31916016 0.05289580
v -0.03061764 0.31726784 0.05141491
v -0.03110622 0.31512839 0.05034145
v -0.03161227 0.31282073 0.04971682
v -0.02836816 0.31753701 0.07194027
v -0.02772228 0.31916419 0.07042330
v -0.02720058 0.32053289 0.06847521
v -0.02684721 0.32152775 0.06627682
v -0.02667398 0.32211074 0.06391530
v -0.02668969 0.32225892 0.06147919
v -0.02689068 0.32196715 0.05906360
v -0.02727280 0.32124603 0.05676068
v -0.02781872 0.32012373 0.05465831
v -0.02850874 0.31864384 0.05283853
v -0.02931655 0.31686240 0.05137032
v -0.03020977 0.31484821 0.05031079
v -0.03115474 0.31267819 0.04970107
v -0.02715763 0.31688055 0.07190690
v -0.02619751 0.31833693 0.07038100
v -0.02540783 0.31955937 0.06842507
v -0.02485521 0.32044610 0.06622119
v -0.02456019 0.32096243 0.06385573
v -0.02453352 0.32108819 0.06141875
v -0.02477758 0.32081836 0.05900396
v -0.02528125 0.32016420 0.05670484
v -0.02602653 0.31915033 0.05460809
v -0.02698426 0.31781629 0.05279611
v -0.02811822 0.31621176 0.05133658
v -0.02938533 0.31440008 0.05028785
v -0.03073427 0.31245047 0.04968954
v -0.02609880 0.31600174 0.07188533
v -0.02486407 0.31722924 0.07035378
v -0.02384002 0.31825778 0.06839341
v -0.02311304 0.31899923 0.06618616
v -0.02271081 0.31942591 0.06381837
v -0.02264819 0.31952173 0.06138077
v -0.02292807 0.31928217 0.05896676
v -0.02353932 0.31871724 0.05666936
v -0.02445864 0.31784868 0.05457607
v -0.02565164 0.31670889 0.05276921
v -0.02707089 0.31534234 0.05131546
v -0.02866274 0.31380126 0.05027318
v -0.03036693 0.31214446 0.04968177
v -0.02523227 0.31493425 0.07187750
v -0.02377265 0.31588572 0.07034398
v -0.02255701 0.31667751 0.06838170
v -0.02168729 0.31724295 0.06617283
v -0.02119668 0.31756172 0.06380433
v -0.02110448 0.31762069 0.06136603
v -0.02141425 0.31741768 0.05895239
v -0.02211371 0.31696147 0.05665589
v -0.02317600 0.31626767 0.05456393
v -0.02455983 0.31536502 0.05275879
v -0.02621351 0.31428620 0.05130718
v -0.02807269 0.31307307 0.05026761
v -0.03006555 0.31177399 0.04967896
v -0.02459236 0.31371984 0.07188261
v -0.02296546 0.31435621 0.07035118
v -0.02160797 0.31487879 0.06838976
v -0.02063256 0.31524435 0.06618176
v -0.02007713 0.31544104 0.06381395
v -0.01996292 0.31545836 0.06137584
v -0.02029418 0.31529719 0.05896198
v -0.02105929 0.31496251 0.05666486
v -0.02222739 0.31446940 0.05457209
v -0.02375348 0.31383532 0.05276540
v -0.02557966 0.31308371 0.05131282
v -0.02763618 0.31224588 0.05027088
v -0.02984347 0.31135187 0.04968098
v -0.02420084 0.31240511 0.07190185
v -0.02247373 0.31269914 0.07037492
v -0.02102939 0.31293151 0.06841767
v -0.01998903 0.31308061 0.06621377
v -0.01939456 0.31314313 0.06384677
v -0.01926795 0.31311569 0.06140963
v -0.01961230 0.31299916 0.05899508
v -0.02041591 0.31279913 0.05669631
v -0.02164851 0.31252220 0.05459982
v -0.02326199 0.31217846 0.05278893
v -0.02519380 0.31178308 0.05133144
v -0.02736919 0.31134975 0.05028399
v -0.02970756 0.31089512 0.04968746
v -0.02407561 0.31104037 0.07193352
v -0.02231603 0.31098056 0.07041453
v -0.02084333 0.31091014 0.06846419
v -0.01978317 0.31083527 0.06626572
v -0.01917645 0.31075925 0.06390160
v -0.01904423 0.31068513 0.06146598
v -0.01939399 0.31061575 0.05905018
v -0.02021007 0.31055355 0.05674800
v -0.02146296 0.31050092 0.05464673
v -0.02310401 0.31046042 0.05282887
v -0.02506917 0.31043252 0.05136266
v -0.02728511 0.31041938 0.05030541
v -0.02966424 0.31042093 0.04969812
v -0.02422045 0.30967823 0.07197583
v -0.02249854 0.30926561 0.07046797
v -0.02105851 0.30889264 0.06852762
v -0.02002139 0.30859408 0.06633630
v -0.01942861 0.30837995 0.06397703
v -0.01930281 0.30825922 0.06154235
v -0.01964599 0.30823675 0.05912523
v -0.02044810 0.30831286 0.05681881
v -0.02167724 0.30848417 0.05471043
v -0.02328633 0.30874532 0.05288342
v -0.02521303 0.30908430 0.05140528
v -0.02738248 0.30949062 0.05033495
v -0.02971431 0.30994725 0.04971329
v -0.02463057 0.30837116 0.07202818
v -0.02301398 0.30761793 0.07053459
v -0.02166486 0.30695662 0.06860550
v -0.02069550 0.30644289 0.06642286
v -0.02014362 0.30609590 0.06406908
v -0.02003088 0.30593136 0.06163621
v -0.02036106 0.30595222 0.05921756
v -0.02112167 0.30616128 0.05690562
v -0.02228344 0.30654782 0.05478891
v -0.02380140 0.30709815 0.05294964
v -0.02561748 0.30779147 0.05145774
v -0.02766213 0.30859959 0.05037050
v -0.02985665 0.30949304 0.04973161
v -0.02528792 0.30716935 0.07208855
v -0.02384284 0.30610397 0.07061046
v -0.02263961 0.30517611 0.06869520
v -0.02177876 0.30446479 0.06652255
v -0.02129344 0.30399704 0.06417476
v -0.02120299 0.30378985 0.06174421
v -0.02151098 0.30385354 0.05932362
v -0.02220469 0.30418295 0.05700562
v -0.02325789 0.30476761 0.05487846
v -0.02462970 0.30558431 0.05302596
v -0.02626821 0.30660141 0.05151756
v -0.02811039 0.30778077 0.05041213
v -0.03008477 0.30907536 0.04975276
v -0.02616961 0.30611897 0.07215442
v -0.02495352 0.30478114 0.07069339
v -0.02394474 0.30362013 0.06879277
v -0.02322935 0.30273572 0.06663100
v -0.02283389 0.30216146 0.06429019
v -0.02277358 0.30191892 0.06186193
v -0.02305096 0.30201772 0.05943870
v -0.02365505 0.30245453 0.05711444
v -0.02456282 0.30321163 0.05497629
v -0.02573986 0.30426124 0.05310941
v -0.02714046 0.30556169 0.05158296
v -0.02871073 0.30706406 0.05045740
v -0.03039164 0.30871102 0.04977610
v -0.02724087 0.30526009 0.07222318
v -0.02630245 0.30369952 0.07078025
v -0.02553122 0.30234864 0.06889490
v -0.02499180 0.30132270 0.06674431
v -0.02470491 0.30066028 0.06441050
v -0.02468072 0.30038837 0.06198490
v -0.02492206 0.30051738 0.05955937
v -0.02541735 0.30104107 0.05722798
v -0.02614897 0.30193979 0.05507871
v -0.02708857 0.30317956 0.05319630
v -0.02820024 0.30471224 0.05165156
v -0.02944139 0.30647838 0.05050454
v -0.03076297 0.30841166 0.04979975
v -0.03211638 0.31043667 0.04956262
v -0.02846060 0.30462718 0.07229145
v -0.02783827 0.30290073 0.07086670
v -0.02733735 0.30140942 0.06899739
v -0.02699894 0.30027857 0.06685843
v -0.02683462 0.29955193 0.06453186
v -0.02685372 0.29925859 0.06210805
v -0.02705144 0.29940882 0.05968066
v -0.02742423 0.29999718 0.05734181
v -0.02795467 0.30100086 0.05518172
v -0.02862437 0.30238062 0.05328372
v -0.02940764 0.30408445 0.05171961
v -0.03027237 0.30604693 0.05055150
v -0.03118689 0.30819190 0.04982387
v -0.02978130 0.30424181 0.07235818
v -0.02950352 0.30241609 0.07095111
v -0.02929385 0.30083862 0.06909619
v -0.02917323 0.29964438 0.06696843
v -0.02914324 0.29887944 0.06464855
v -0.02920601 0.29857334 0.06222774
v -0.02935970 0.29873595 0.05979767
v -0.02959839 0.29936296 0.05745225
v -0.02991145 0.30043033 0.05528072
v -0.03028863 0.30189592 0.05336778
v -0.03071404 0.30370387 0.05178639
v -0.03117237 0.30578369 0.05059722
v -0.03164623 0.30805787 0.04984710
v -0.03115337 0.30412033 0.07242075
v -0.03123076 0.30226317 0.07102941
v -0.03132590 0.30065903 0.06918811
v -0.03143034 0.29944515 0.06707034
v -0.03153937 0.29866832 0.06475657
v -0.03164933 0.29835665 0.06233820
v -0.03175578 0.29852501 0.05990560
v -0.03185515 0.29916364 0.05755432
v -0.03194309 0.30025050 0.05537254
v -0.03201593 0.30174309 0.05344593
v -0.03207189 0.30358341 0.05184743
v -0.03210787 0.30570197 0.05063961
v -0.03212285 0.30801585 0.04986881
v -0.03252349 0.30426770 0.07247481
v -0.03295553 0.30244917 0.07109784
v -0.03335517 0.30087763 0.06926906
v -0.03368412 0.29968762 0.06716048
v -0.03393247 0.29892504 0.06485225
v -0.03408936 0.29862007 0.06243502
v -0.03414905 0.29878160 0.06000149
v -0.03410890 0.29940593 0.05764391
v -0.03397210 0.30046865 0.05545335
v -0.03374085 0.30192903 0.05351492
v -0.03342778 0.30372986 0.05190158
v -0.03304160 0.30580148 0.05067677
v -0.03259888 0.30806717 0.04988731
v -0.03383873 0.30467853 0.07251944
v -0.03461337 0.30296543 0.07115471
v -0.03530344 0.30148530 0.06933634
v -0.03584873 0.30036291 0.06723512
v -0.03623130 0.29964170 0.06493165
v -0.03643290 0.29934993 0.06251574
v -0.03644761 0.29949829 0.06008018
v -0.03627355 0.30008152 0.05771861
v -0.03592036 0.30107665 0.05552044
v -0.03539873 0.30244517 0.05357176
v -0.03472890 0.30413523 0.05194626
v -0.03393848 0.30608207 0.05070744
v -0.03305617 0.30820969 0.04990358
v -0.03504928 0.30533469 0.07255478
v -0.03613823 0.30379269 0.07119837
v -0.03709645 0.30245870 0.06938659
v -0.03784158 0.30144483 0.06729121
v -0.03834471 0.30079052 0.06499091
v -0.03858895 0.30052105 0.06257674
v -0.03856110 0.30064678 0.06013973
v -0.03826581 0.30116361 0.05777471
v -0.03771225 0.30205041 0.05557091
v -0.03692312 0.30327290 0.05361453
v -0.03592702 0.30478558 0.05198028
v -0.03476267 0.30652952 0.05073068
v -0.03347691 0.30843800 0.04991545
v -0.03610827 0.30621344 0.07257646
v -0.03747175 0.30489969 0.07122578
v -0.03866475 0.30376029 0.06941909
v -0.03958403 0.30289152 0.06732727
v -0.04019476 0.30232698 0.06502882
v -0.04047447 0.30208722 0.06261535
v -0.04041105 0.30218321 0.06017715
v -0.04000802 0.30261004 0.05781002
v -0.03928052 0.30335200 0.05560274
v -0.03825626 0.30438045 0.05364200
v -0.03697458 0.30565539 0.05200157
v -0.03548534 0.30712834 0.05074542
v -0.03384403 0.30874366 0.04992269
v -0.03697507 0.30728045 0.07258493
v -0.03856426 0.30624384 0.07123697
v -0.03994806 0.30534080 0.06943200
v -0.04101063 0.30464724 0.06734115
v -0.04170909 0.30419090 0.06504385
v -0.04201799 0.30398801 0.06263005
v -0.04192489 0.30404764 0.06019202
v -0.04143396 0.30436653 0.05782377
v -0.04056329 0.30493265 0.05561481
v -0.03934766 0.30572423 0.05365191
v -0.03783177 0.30671149 0.05200973
v -0.03607543 0.30785653 0.05075098
v -0.03414568 0.30911371 0.04992545
v -0.03761473 0.30849457 0.07257985
v -0.03937142 0.30777314 0.07123090
v -0.04089778 0.30713868 0.06942484
v -0.04206558 0.30664584 0.06733302
v -0.04282927 0.30631125 0.06503490
v -0.04315991 0.30615041 0.06262045
v -0.04304487 0.30616808 0.06018260
v -0.04248864 0.30636457 0.05781473
v -0.04151256 0.30673096 0.05560680
v -0.04015381 0.30725387 0.05364512
v -0.03846561 0.30791411 0.05200444
v -0.03651201 0.30868390 0.05074721
v -0.03436770 0.30953601 0.04992360
v -0.03800679 0.30980906 0.07256214
v -0.03986554 0.30942971 0.07120936
v -0.04147820 0.30908564 0.06939820
v -0.04270947 0.30880937 0.06730260
v -0.04351211 0.30860865 0.06500207
v -0.04385471 0.30849281 0.06258696
v -0.04372690 0.30846563 0.06014955
v -0.04313122 0.30852854 0.05778378
v -0.04209069 0.30867806 0.05557870
v -0.04064558 0.30891049 0.05362171
v -0.03885175 0.30921441 0.05198556
v -0.03677885 0.30958012 0.05073446
v -0.03450365 0.30999339 0.04991711
f 4 2 1
f 8 6 5
f 13 15 14
f 17 19 18
f 32 30 29
f 36 34 33
f 37 39 38
f 21 23 20
f 25 27 24
f 41 43 42
f 48 46 45
f 52 50 49
f 53 55 54
f 60 58 57
f 29 62 61
f 66 64 63
f 67 6 68
f 72 70 69
f 76 74 73
f 77 79 78
f 81 83 82
f 59 86 85
f 88 90 89
f 96 94 93
f 100 98 97
f 101 103 102
f 106 34 87
f 108 115 107
f 117 36 118
f 124 126 125
f 131 129 128
f 132 134 133
f 142 140 139
f 148 60 147
f 144 127 124
f 149 151 150
f 156 154 153
f 159 158 157
f 116 164 105
f 171 169 168
f 174 173 172
f 179 181 180
f 186 188 187
f 194 196 195
f 199 139 198
f 206 208 207
f 213 211 210
f 202 214 201
f 96 216 54
f 92 43 44
f 97 246 100
f 250 229 228
f 252 58 253
f 258 256 255
f 260 229 259
f 110 112 113
f 114 263 109
f 265 267 266
f 56 270 269
f 274 249 250
f 185 63 64
f 280 278 276
f 285 283 157
f 288 211 212
f 141 92 46
f 289 175 176
f 148 105 106
f 312 170 171
f 238 42 43
f 318 160 317
f 310 308 307
f 241 325 324
f 160 240 317
f 47 307 308
f 108 315 164
f 345 86 119
f 348 350 349
f 356 358 357
f 355 353 352
f 363 32 362
f 149 150 176
f 364 253 365
f 366 368 367
f 183 371 63
f 163 161 160
f 209 101 208
f 378 165 166
f 379 381 380
f 383 3 4
f 284 386 385
f 387 389 388
f 391 229 249
f 73 397 396
f 405 407 406
f 203 411 410
f 414 413 412
f 1 357 4
f 277 131 275
f 254 57 58
f 358 415 351
f 417 386 408
f 401 192 420
f 419 127 143
f 421 182 422
f 103 302 409
f 428 368 174
f 380 359 356
f 62 266 323
f 140 431 430
f 357 351 348
f 356 379 380
f 415 403 434
f 437 436 435
f 438 440 439
f 188 450 449
f 452 454 453
f 265 181 421
f 224 64 225
f 237 213 427
f 275 128 458
f 281 460 459
f 50 79 461
f 73 282 281
f 468 466 465
f 390 352 359
f 482 484 483
f 489 487 486
f 493 495 494
f 472 470 469
f 502 500 499
f 220 222 223
f 512 143 66
f 518 511 80
f 513 230 286
f 205 31 244
f 189 451 188
f 163 532 8
f 533 225 251
f 446 447 412
f 335 540 334
f 544 546 545
f 329 291 292
f 199 262 238
f 385 416 550
f 532 191 247
f 363 118 243
f 236 237 250
f 578 580 579
f 573 571 570
f 561 562 272
f 241 259 240
f 590 592 591
f 545 595 594
f 503 155 504
f 606 624 623
f 478 480 479
f 646 648 647
f 590 689 684
f 564 651 650
f 728 184 727
f 714 716 715
f 692 575 693
f 541 581 578
f 346 248 400
f 161 230 160
f 128 94 95
f 698 704 703
f 574 576 575
f 290 401 328
f 630 725 726
f 733 735 734
f 755 496 493
f 759 481 760
f 757 762 761
f 764 466 467
f 768 9260 9261
f 759 488 489
f 492 475 771
f 474 769 473
f 773 465 772
f 771 486 483
f 484 775 491
f 774 489 486
f 495 764 756
f 495 761 494
f 137 784 136
f 325 797 547
f 165 51 52
f 369 29 370
f 730 568 569
f 90 301 89
f 243 516 242
f 800 806 805
f 817 808 816
f 816 823 822
f 306 447 807
f 815 809 808
f 829 828 825
f 726 501 502
f 274 424 423
f 879 881 880
f 884 879 885
f 219 217 211
f 906 904 897
f 455 205 542
f 898 830 829
f 903 880 881
f 906 897 898
f 377 519 165
f 923 948 946
f 946 951 950
f 8963 739 8961
f 900 886 880
f 225 65 144
f 182 442 422
f 809 947 824
f 954 962 961
f 927 965 966
f 885 880 886
f 925 966 967
f 343 341 340
f 965 971 968
f 968 970 969
f 972 969 973
f 963 981 978
f 336 338 339
f 992 827 828
f 810 996 959
f 1007 1002 1008
f 1012 827 1009
f 1011 1007 1008
f 294 292 291
f 907 920 919
f 1017 1019 1018
f 1020 1022 1021
f 1035 1020 1044
f 1061 1047 1046
f 1063 1046 1062
f 1044 1021 1045
f 1102 1097 1109
f 1116 1118 1117
f 1016 1014 1013
f 881 904 903
f 816 1127 817
f 1094 949 1097
f 514 167 515
f 146 81 82
f 1133 1130 1129
f 1102 1126 822
f 822 1116 816
f 1145 1148 1136
f 1076 1151 1069
f 1148 1086 1087
f 1109 1114 1136
f 1154 1156 1155
f 1153 967 1156
f 8815 463 9166
f 1144 1152 1151
f 1156 1163 1162
f 1164 1169 1165
f 1145 1176 1147
f 1114 1154 1171
f 1183 1164 1177
f 1184 1177 1185
f 1069 1062 1064
f 1023 1194 1022
f 1162 1170 1169
f 1195 1185 1191
f 1183 1176 1155
f 1201 1152 1196
f 1061 1201 1202
f 9277 843 9288
f 1203 1195 1034
f 1202 1184 1195
f 1218 1203 1217
f 1060 1202 1203
f 1225 1217 1219
f 671 694 670
f 1219 1024 1035
f 1217 1034 1024
f 1226 1015 1227
f 1243 1234 1233
f 1231 1229 1228
f 847 1233 843
f 843 1244 878
f 1233 1245 1244
f 1923 233 216
f 2100 499 500
f 9366 2135 9352
f 61 323 505
f 210 217 457
f 1299 1309 1300
f 9315 1231 9314
f 1066 1321 1322
f 1322 1228 1229
f 1060 1321 1047
f 1325 1323 1310
f 1244 1332 1330
f 1290 1242 1288
f 1337 1339 1338
f 1330 1340 1339
f 1341 1245 1294
f 1342 1332 1341
f 1343 1341 1344
f 1344 1294 1293
f 9309 1345 1346
f 1347 1342 1343
f 9308 1295 1345
f 1349 1348 1347
f 9313 1347 9305
f 9305 1343 9309
f 906 829 1353
f 905 1353 1354
f 865 1355 1357
f 1355 829 825
f 1357 825 826
f 1356 1353 1355
f 9286 1338 9285
f 866 1356 865
f 1358 1354 1356
f 9280 1337 9286
f 838 1012 841
f 1363 1338 1339
f 1368 1339 1340
f 1348 1340 1342
f 1371 9276 9281
f 524 526 523
f 528 530 527
f 1372 1369 1371
f 535 537 538
f 1367 1348 1350
f 1370 1359 1369
f 1369 9285 9276
f 1373 903 904
f 555 557 558
f 1374 910 1373
f 1373 905 1375
f 1374 1375 1376
f 1375 1354 1370
f 1378 908 1377
f 376 651 1387
f 1388 973 969
f 586 588 585
f 1390 1388 1391
f 1391 969 970
f 597 599 596
f 600 602 603
f 1392 970 979
f 608 610 607
f 612 523 611
f 614 616 613
f 617 25 24
f 620 622 619
f 1397 1391 1392
f 1398 1392 1399
f 1400 920 1378
f 1402 1165 1169
f 636 638 635
f 930 1402 929
f 641 643 644
f 929 1169 1170
f 1404 1403 1402
f 1411 1365 1406
f 1412 1415 1414
f 652 654 655
f 609 657 658
f 659 661 662
f 558 586 585
f 665 667 664
f 1413 1406 1412
f 1418 9262 9265
f 1417 1371 1416
f 1416 9281 9262
f 1419 1416 1418
f 1386 1374 1420
f 677 679 676
f 1385 1420 1421
f 1420 1376 1422
f 685 687 688
f 1421 1422 1423
f 528 691 658
f 1422 1372 1417
f 1018 747 1425
f 699 701 702
f 1424 579 1017
f 9115 1767 9112
f 700 711 712
f 1093 9206 1571
f 717 530 719
f 721 723 720
f 704 8987 8998
f 19 1426 1430
f 1429 1427 1426
f 1658 8986 8988
f 1439 1434 1438
f 1437 1435 1434
f 1426 1433 1432
f 1442 1432 1440
f 742 744 745
f 1432 1441 1440
f 751 753 750
f 1438 1403 1405
f 1446 1444 1443
f 1447 1446 1443
f 9312 1443 9300
f 1415 1445 1446
f 1414 1446 1448
f 2173 469 470
f 777 779 686
f 780 782 783
f 1676 1806 1675
f 9311 1349 9313
f 789 791 788
f 745 793 742
f 652 795 653
f 1455 1457 1456
f 1454 1350 1452
f 610 802 801
f 9283 698 703
f 1352 1045 1351
f 1015 1459 1460
f 811 813 814
f 2118 9269 2117
f 819 821 818
f 1466 1194 1190
f 1467 1465 1466
f 1182 1468 1467
f 832 833 831
f 835 837 834
f 1467 1190 1182
f 1469 1444 1445
f 840 712 690
f 1453 1469 1454
f 599 845 846
f 1226 9301 9307
f 851 853 850
f 855 856 854
f 858 860 857
f 861 863 864
f 1014 9307 9310
f 867 868 869
f 870 872 873
f 874 876 877
f 1310 1471 1309
f 1476 1427 1475
f 1461 1475 1460
f 887 889 890
f 788 892 891
f 894 896 893
f 1460 1227 1015
f 901 524 612
f 1465 1477 1464
f 1865 8944 1864
f 911 913 914
f 916 918 915
f 1850 8951 1851
f 921 895 894
f 1479 1436 1478
f 926 667 601
f 1481 563 1480
f 269 84 1482
f 931 933 916
f 934 614 869
f 936 688 937
f 938 662 939
f 1484 122 123
f 941 835 834
f 320 509 510
f 1849 8949 1850
f 84 1484 83
f 1487 1488 539
f 1757 8946 8953
f 365 1491 364
f 461 80 511
f 117 362 1496
f 1494 541 1495
f 926 957 958
f 1477 1433 1476
f 1709 1585 1700
f 119 1496 345
f 271 504 156
f 511 189 186
f 345 1492 365
f 255 344 254
f 57 299 132
f 1501 268 1500
f 267 1499 145
f 974 976 977
f 1678 1693 1676
f 9298 1807 9292
f 557 663 558
f 983 984 985
f 1443 9301 9300
f 421 268 265
f 989 991 988
f 1490 418 1504
f 279 309 310
f 997 676 679
f 998 999 875
f 1504 38 1505
f 1506 1507 1486
f 360 1508 1506
f 1506 207 360
f 939 1006 938
f 270 1483 269
f 66 546 512
f 1010 793 935
f 367 437 1509
f 244 363 243
f 1670 8978 1669
f 209 1510 226
f 235 1512 1511
f 1511 234 235
f 388 426 425
f 427 250 237
f 161 521 231
f 100 45 44
f 1025 608 1027
f 1029 1031 1028
f 939 1033 1032
f 41 594 99
f 1036 783 1037
f 702 1038 1039
f 1040 1042 1043
f 362 369 1493
f 187 477 186
f 70 539 198
f 1511 1521 234
f 1049 603 1048
f 613 869 614
f 860 1051 857
f 1005 1053 1006
f 753 1056 1054
f 1057 1059 1055
f 293 1522 292
f 288 1521 1522
f 292 1523 329
f 331 1508 1524
f 306 453 305
f 100 41 99
f 462 78 79
f 330 1524 462
f 635 1068 636
f 1485 1526 1528
f 206 1528 1510
f 1070 1072 831
f 942 1073 1074
f 916 1075 917
f 440 1530 439
f 157 1514 285
f 1529 5 1530
f 371 546 63
f 790 663 791
f 1077 857 1078
f 1403 1435 1165
f 1080 1082 1079
f 531 1529 440
f 21 1084 1085
f 272 1531 561
f 137 396 397
f 690 802 691
f 335 9011 581
f 1090 1029 1091
f 1092 794 1042
f 1533 137 138
f 661 1095 1096
f 69 445 72
f 1099 1101 1098
f 38 1536 1505
f 1104 1106 1103
f 852 1108 853
f 1377 909 1386
f 291 411 294
f 316 516 33
f 539 1533 534
f 1505 316 313
f 1110 1112 1113
f 1539 460 264
f 522 1537 1539
f 834 1120 1119
f 1122 1124 1121
f 612 1041 901
f 935 615 614
f 276 130 131
f 1686 8966 1685
f 193 1541 273
f 231 1540 287
f 556 982 557
f 365 85 345
f 190 318 1541
f 1810 9018 8972
f 9376 8956 9243
f 1132 985 1131
f 208 102 132
f 1134 662 661
f 1491 80 77
f 429 1542 147
f 1137 915 918
f 172 428 174
f 1139 1141 1142
f 549 54 55
f 1517 1518 296
f 976 1146 938
f 834 984 941
f 1543 286 115
f 1544 239 513
f 133 1544 1542
f 506 257 258
f 420 328 401
f 1158 1160 1157
f 587 1103 588
f 1513 1514 151
f 607 1027 608
f 304 1545 303
f 364 77 506
f 69 198 139
f 1006 976 938
f 700 1112 701
f 9329 8969 9239
f 1166 657 656
f 1167 858 1077
f 1300 8968 1299
f 1172 1174 1175
f 218 200 217
f 1179 1181 1178
f 372 97 98
f 89 227 88
f 1186 1188 1189
f 172 1517 1549
f 1482 81 1498
f 1090 1193 1030
f 394 353 1551
f 526 1198 1197
f 811 858 812
f 1199 1026 1025
f 606 697 696
f 1204 1206 743
f 1207 523 526
f 1209 867 613
f 914 685 936
f 1478 1441 1477
f 1029 1161 1091
f 1211 1213 1214
f 9310 1451 9311
f 844 1216 845
f 423 273 274
f 1220 1222 1083
f 22 1224 23
f 882 897 881
f 1519 173 387
f 1189 1232 1178
f 349 550 416
f 1071 1236 1072
f 1237 1239 745
f 1221 1189 1240
f 1510 1512 333
f 939 1241 1005
f 1556 5 67
f 1553 394 1551
f 404 67 347
f 1247 1249 1246
f 142 238 92
f 1251 635 1250
f 850 1253 851
f 1254 1077 1255
f 57 133 429
f 443 552 551
f 1187 1175 1188
f 1256 831 833
f 432 382 383
f 741 747 746
f 434 351 415
f 349 383 348
f 251 1481 1480
f 395 352 353
f 1518 1550 1551
f 1558 378 340
f 109 314 315
f 285 1513 407
f 395 393 392
f 202 410 1558
f 417 405 432
f 1246 1258 1247
f 3 297 2
f 1259 1261 1262
f 403 347 284
f 955 953 952
f 462 51 330
f 1096 687 1263
f 429 60 57
f 896 1265 932
f 1267 1268 1266
f 423 327 420
f 37 180 40
f 20 1187 1186
f 1256 1071 1070
f 155 156 504
f 1188 1269 1232
f 1236 1271 1262
f 1272 535 621
f 565 463 464
f 1273 745 1239
f 876 1255 1274
f 316 164 315
f 437 503 1509
f 194 1495 197
f 1275 864 863
f 624 631 630
f 1277 1137 1278
f 569 567 566
f 1481 125 366
f 324 547 326
f 1279 1107 1280
f 1525 329 1523
f 1281 1137 918
f 171 1553 1552
f 1488 396 1533
f 1557 1562 1559
f 1282 1206 1205
f 1053 1278 1281
f 778 607 1283
f 713 9010 9013
f 251 144 124
f 4 348 383
f 709 707 706
f 728 45 246
f 261 1563 544
f 789 1287 790
f 74 263 282
f 403 385 434
f 1178 1240 1189
f 1223 1289 1224
f 158 150 151
f 1220 1186 1221
f 296 354 433
f 784 1538 1566
f 1181 1291 1222
f 1269 1257 1246
f 1566 438 399
f 136 1566 1564
f 1563 169 1565
f 107 109 108
f 1297 1298 1296
f 1464 1476 1461
f 1520 507 508
f 1301 1303 1304
f 1306 1308 1305
f 175 1532 272
f 1532 200 201
f 1311 1312 1313
f 872 1315 1316
f 1317 1318 1319
f 9288 878 9280
f 1305 864 1276
f 1040 863 1320
f 1564 399 169
f 592 1575 591
f 591 1088 689
f 1581 1583 1582
f 1196 1147 1176
f 710 583 713
f 285 408 386
f 953 961 963
f 1594 1589 1593
f 1585 1587 1586
f 1592 1590 1589
f 9337 944 9351
f 1600 1598 1597
f 1604 1602 1601
f 1399 979 980
f 1589 1596 1595
f 1610 1608 1607
f 298 361 360
f 551 276 277
f 1627 9266 9271
f 859 818 860
f 1078 1328 1329
f 1555 1530 1556
f 572 680 681
f 772 776 774
f 977 918 917
f 404 392 393
f 1054 750 753
f 1644 1643 1642
f 932 1082 933
f 1067 1334 1068
f 1540 264 114
f 597 643 1336
f 471 762 470
f 1642 9283 9294
f 1644 9294 9295
f 923 950 927
f 96 548 95
f 520 522 521
f 445 443 442
f 849 848 842
f 480 755 493
f 1646 481 1639
f 311 1567 170
f 464 8941 8939
f 8941 1361 8939
f 234 236 235
f 190 192 191
f 153 152 149
f 231 286 230
f 1552 1551 1550
f 760 1648 488
f 9284 1649 9282
f 828 826 825
f 52 166 165
f 1663 1661 1660
f 287 115 286
f 668 670 669
f 634 640 639
f 553 559 554
f 118 33 516
f 492 491 490
f 8996 1651 8997
f 582 584 583
f 384 392 415
f 1381 1383 1380
f 1562 435 436
f 952 951 947
f 8973 583 584
f 1660 1667 1666
f 1394 1396 1393
f 1660 1664 1663
f 1671 1669 1668
f 1624 1673 1672
f 1407 1409 1410
f 1677 1675 1674
f 1613 1677 1625
f 1679 1676 1677
f 1626 9263 9266
f 534 198 539
f 176 150 159
f 803 734 800
f 400 191 192
f 65 143 144
f 8970 1656 8984
f 402 157 283
f 629 627 626
f 461 49 50
f 758 495 756
f 796 786 785
f 406 1513 1560
f 342 166 167
f 1694 1658 1695
f 1692 1694 1696
f 9001 1652 8996
f 9373 1703 9375
f 326 302 90
f 9368 1702 1706
f 9371 1698 1701
f 1699 9379 9370
f 1557 1560 1561
f 1127 1117 1128
f 400 289 346
f 1706 1707 1708
f 1707 1599 1600
f 1709 1708 1588
f 1714 1711 1713
f 9371 1709 1700
f 1704 1577 1703
f 1716 1713 1715
f 1559 1549 297
f 1722 1720 1719
f 1335 596 1489
f 410 377 378
f 973 1163 972
f 168 399 398
f 1571 1089 1093
f 1572 682 1571
f 749 647 754
f 1730 1723 1729
f 1594 1729 1592
f 1729 1591 1592
f 1731 1730 1583
f 1384 1377 1379
f 1732 1712 1714
f 1724 1731 1732
f 1712 1731 1580
f 1722 1732 1733
f 1721 1733 1734
f 1734 1716 1717
f 1735 1736 1697
f 1733 1714 1716
f 1663 1741 1668
f 1742 1740 1743
f 1738 1737 1735
f 1665 1666 1740
f 1665 1744 1664
f 1725 1746 1745
f 1591 1745 1590
f 1590 1747 1596
f 1745 1748 1747
f 1659 8982 8986
f 5650 8989 5617
f 1185 1182 1190
f 1664 1749 1741
f 1741 1739 1738
f 1746 1743 1748
f 1726 1742 1746
f 1153 924 925
f 1115 1153 1154
f 1654 9019 1655
f 1896 8993 1686
f 1720 1744 1726
f 1721 1749 1720
f 1750 1701 1698
f 1697 1750 1696
f 1151 1063 1062
f 1751 1670 1671
f 1695 1752 1751
f 961 986 981
f 1770 1768 1767
f 1766 1593 1765
f 1731 1579 1580
f 1579 1774 1578
f 9380 1771 9381
f 1764 9380 9369
f 1777 1775 1774
f 9214 1699 1700
f 1004 1128 1003
f 1774 1771 1772
f 987 1399 980
f 1578 1772 1764
f 1783 1781 1778
f 1597 1770 1767
f 639 9347 9336
f 9380 1769 1770
f 1793 1789 1788
f 9381 1798 1769
f 8952 9225 1806
f 1802 9376 9374
f 1788 1794 1793
f 1793 1795 1776
f 9225 1675 1806
f 1584 1783 1789
f 1771 9372 9381
f 1801 1798 1800
f 1768 1798 1799
f 1775 1797 1771
f 508 515 1520
f 1796 1802 1797
f 1800 9372 9374
f 1794 1804 1795
f 8976 1752 8991
f 485 1807 775
f 9261 1640 768
f 9289 1810 1653
f 485 1640 1808
f 1690 9222 9224
f 487 1648 1811
f 9291 1816 9274
f 9290 1648 9282
f 9291 1811 9290
f 1812 487 1811
f 1641 767 768
f 465 755 776
f 767 9275 9260
f 9274 9278 9299
f 1809 1815 767
f 9289 1651 9292
f 675 8985 8940
f 1814 1822 1821
f 1821 9273 9272
f 1824 1649 1825
f 1827 1850 1805
f 1668 1662 1663
f 1779 1848 1828
f 1790 1805 1794
f 1833 1853 1852
f 8965 693 575
f 1614 1616 1617
f 1852 8942 8945
f 1620 1622 1623
f 1855 1574 1861
f 1847 8945 8957
f 1766 1855 1782
f 1629 1631 1628
f 1633 1634 1632
f 1635 1637 1638
f 1848 1852 1847
f 1855 1863 1862
f 1803 1867 1802
f 1862 1831 1832
f 1782 1862 1781
f 9374 1865 1800
f 1873 1870 1869
f 1874 799 804
f 2045 9349 2044
f 1219 1295 1225
f 1615 1396 1395
f 9336 1877 1876
f 645 9238 9003
f 1345 1035 1346
f 634 9336 9332
f 15 1327 14
f 9362 1878 1893
f 1894 605 1893
f 8950 627 693
f 9004 645 9003
f 340 454 1558
f 1897 195 1898
f 1889 1877 1890
f 1901 129 1900
f 196 754 232
f 1705 9373 9368
f 340 166 343
f 1570 563 561
f 1904 194 1897
f 1781 1832 1780
f 1905 55 1906
f 1000 995 996
f 986 920 987
f 1191 1190 1194
f 2094 2075 2093
f 1920 1919 1915
f 453 1912 1911
f 1915 1918 1916
f 9334 2106 9353
f 1655 8975 1868
f 1916 1926 1925
f 704 9005 703
f 278 1925 1900
f 9009 1818 1820
f 1097 1115 1114
f 1927 727 1923
f 9030 9106 9210
f 1920 307 1929
f 1929 48 728
f 503 1497 1509
f 1902 787 796
f 1816 9272 9278
f 1925 1923 1924
f 1535 1568 1534
f 254 258 255
f 1509 366 367
f 119 35 36
f 219 293 294
f 141 47 431
f 542 244 245
f 1940 430 431
f 1779 1827 1790
f 1701 9367 9371
f 1661 8959 1667
f 270 754 647
f 197 749 196
f 1727 1212 1211
f 53 232 754
f 1465 1479 1478
f 1284 9306 1293
f 1951 412 413
f 168 1554 1553
f 1486 206 207
f 506 78 361
f 994 1007 993
f 951 963 964
f 1013 9313 1351
f 9278 1820 1818
f 1498 1954 1482
f 299 543 132
f 1754 1756 1753
f 1681 1683 1682
f 1696 1695 1697
f 13 738 737
f 473 475 474
f 482 768 1640
f 204 30 205
f 1761 820 819
f 611 1125 612
f 1501 1908 1909
f 1074 711 699
f 1960 82 83
f 120 1960 123
f 35 87 34
f 1773 1025 1031
f 1965 1569 1535
f 494 471 479
f 1966 1969 1968
f 446 1971 1967
f 174 125 126
f 1580 1578 1577
f 1785 1787 1784
f 1972 304 305
f 1254 875 999
f 1973 342 514
f 321 1973 509
f 1910 275 1907
f 509 514 508
f 1486 1527 1485
f 1974 804 1975
f 1977 1974 1978
f 1980 1966 1981
f 379 2 295
f 1718 1710 1701
f 884 992 883
f 1680 1678 1679
f 902 525 524
f 344 256 299
f 135 137 136
f 236 228 333
f 448 1967 1966
f 589 604 584
f 910 908 907
f 1981 1968 1987
f 1982 1987 1979
f 1988 1987 1989
f 1990 1989 1991
f 1991 1993 1992
f 322 320 319
f 992 830 883
f 1144 1086 1143
f 1995 1978 1994
f 1133 1118 1126
f 1997 1994 1996
f 870 1335 1489
f 805 1982 1998
f 727 2000 1999
f 1996 1988 1990
f 1994 1979 1988
f 1829 792 1273
f 1830 941 983
f 798 800 799
f 729 731 730
f 2011 2023 2022
f 1834 846 1159
f 402 284 347
f 2022 2024 2025
f 1838 989 988
f 810 952 809
f 1823 1840 644
f 1430 1432 1431
f 1215 1841 1079
f 149 176 177
f 1316 873 872
f 2112 1384 2106
f 1842 1844 1845
f 1159 845 1160
f 837 1846 1120
f 1971 2030 2027
f 517 370 189
f 858 833 812
f 1471 2027 1888
f 8995 626 627
f 2174 770 490
f 935 1854 1010
f 1613 1611 1618
f 1231 1225 1295
f 1856 891 892
f 1300 748 741
f 1150 1858 1859
f 1643 696 1642
f 1215 1264 1216
f 1320 902 901
f 1956 1944 1960
f 2031 669 1474
f 2034 1310 1299
f 1879 1656 1657
f 40 242 39
f 1992 2039 1456
f 888 957 889
f 1882 1996 1990
f 1078 1255 1077
f 1871 1192 1090
f 294 218 219
f 1323 2026 1471
f 123 83 1484
f 1324 2041 1323
f 384 359 352
f 1324 2038 2036
f 1883 1885 1829
f 287 114 107
f 1096 1134 661
f 915 931 916
f 806 1981 1982
f 8977 584 604
f 1425 2042 1018
f 1018 1948 1017
f 9006 740 8963
f 1948 649 646
f 1881 1990 1991
f 1900 130 278
f 992 994 993
f 923 925 924
f 9330 2047 9328
f 1643 625 606
f 2050 2051 2049
f 2045 1404 2047
f 9328 945 9337
f 1139 1079 1841
f 1037 892 982
f 2055 2057 2056
f 1198 718 717
f 1619 1612 1611
f 2058 1606 2059
f 2059 1607 2058
f 2058 1624 1605
f 71 179 37
f 405 1557 382
f 976 1006 977
f 322 1972 1911
f 2061 2063 2062
f 2066 2067 1825
f 2052 2064 2051
f 1609 2066 1647
f 1515 152 1516
f 1009 993 1007
f 1644 9267 2118
f 279 1916 278
f 1285 9314 1284
f 1647 1825 1649
f 2056 2067 2065
f 319 1953 1952
f 667 1913 1914
f 2070 625 2048
f 2052 2055 2063
f 2038 1655 1458
f 1606 2073 2072
f 1235 1270 1236
f 2072 2075 2074
f 2059 2072 2062
f 2074 2077 2076
f 1601 2078 2073
f 2049 1643 1645
f 1000 1001 994
f 1089 684 689
f 1931 1306 1930
f 1462 1021 1022
f 1932 1934 1935
f 875 1846 998
f 1936 1937 1938
f 44 46 92
f 1534 1956 120
f 1541 317 391
f 2081 2084 2083
f 146 1959 300
f 1360 1942 1361
f 985 1032 1033
f 1995 1892 2043
f 2079 2082 2081
f 2095 2076 2077
f 2081 2078 2079
f 2055 2054 2053
f 501 2095 500
f 2097 2099 2098
f 2098 2094 2083
f 2140 9345 9318
f 2141 9346 9345
f 2051 2048 2049
f 592 2101 1576
f 2071 2076 2096
f 2102 2098 2101
f 593 2102 592
f 1019 746 747
f 1950 12 1327
f 725 2096 501
f 1385 2104 1379
f 1379 2106 1384
f 2107 2100 2097
f 9360 502 9348
f 9348 499 9353
f 940 2109 944
f 928 1170 973
f 9320 684 9351
f 1962 1964 1961
f 9330 573 9349
f 2039 1968 1969
f 1389 2110 2109
f 1398 2113 1397
f 9209 9205 9195
f 9363 2107 2103
f 949 924 1115
f 260 324 326
f 1390 2113 2110
f 2070 2064 2071
f 9319 2103 593
f 2105 1421 2114
f 2114 1423 2115
f 9344 2115 9355
f 9360 2114 9344
f 554 1902 553
f 972 967 966
f 1765 1573 1574
f 1984 1986 1983
f 2053 2069 2057
f 9017 724 714
f 1625 1674 1673
f 9333 2119 2122
f 9355 2123 9356
f 56 1906 55
f 626 9331 629
f 2001 2003 2004
f 9364 2127 9359
f 2006 2008 2009
f 2127 1412 2128
f 2014 2016 2017
f 2018 2020 2021
f 1495 1947 197
f 1379 1386 1385
f 9266 1680 1618
f 2029 1884 2028
f 9354 2120 9339
f 629 9366 9324
f 682 943 1089
f 724 2121 716
f 1757 9273 9297
f 765 9296 9261
f 9303 715 9304
f 706 9322 9324
f 981 987 980
f 1457 1656 1880
f 2017 2032 2033
f 1458 1868 1457
f 1776 1792 1793
f 1959 1946 1958
f 9115 9177 9113
f 9365 2122 9302
f 1093 689 1088
f 966 968 972
f 9304 9333 9365
f 2172 2170 2171
f 670 2137 669
f 9213 1903 233
f 1429 28 1449
f 964 978 971
f 9293 1413 2127
f 1473 669 2137
f 9286 1359 1358
f 2138 1870 2137
f 1872 2137 1870
f 715 9340 9333
f 1881 1992 1880
f 9295 739 740
f 1837 8957 8958
f 253 59 85
f 1808 9292 1807
f 1647 9270 1609
f 9317 671 668
f 2112 9335 2111
f 1405 2044 1438
f 9281 1364 1366
f 273 391 249
f 576 8964 8999
f 9327 668 2031
f 1430 2140 2139
f 2136 9312 28
f 1430 18 19
f 9345 570 695
f 1442 2046 2141
f 1431 2141 2140
f 9321 9302 2136
f 9260 1817 766
f 9318 695 671
f 2142 798 2138
f 571 2142 694
f 9271 1618 1611
f 2143 2025 2142
f 694 2138 670
f 681 2144 572
f 2144 2022 2143
f 328 457 290
f 1572 2011 2144
f 630 9355 624
f 2085 2087 2088
f 2090 2092 2089
f 572 2143 571
f 1875 2153 2149
f 1873 2149 2154
f 2103 2097 2102
f 2157 2155 2156
f 2128 1414 2120
f 9326 589 582
f 9324 628 629
f 2149 2158 2159
f 2159 9357 9342
f 698 9354 705
f 9275 9279 1817
f 2158 9326 9357
f 1438 2046 1439
f 2035 2160 2161
f 2161 9341 9338
f 9323 605 589
f 9325 18 9327
f 370 61 451
f 649 413 648
f 2153 2156 2158
f 1428 1449 1450
f 1490 73 1488
f 9342 710 633
f 2155 9343 9323
f 1456 1880 1992
f 2125 2087 2124
f 2160 9342 9341
f 300 505 323
f 1064 1046 1065
f 2043 1891 2155
f 2129 2004 2003
f 2131 2133 2134
f 9300 1450 1449
f 1998 804 805
f 9331 9316 9366
f 474 490 770
f 1164 1182 1177
f 707 9361 9322
f 708 2162 707
f 2162 9338 9361
f 548 1905 458
f 1145 1114 1171
f 705 1650 704
f 2043 1977 1995
f 737 554 559
f 1034 1191 1023
f 458 1907 275
f 195 232 233
f 2040 1969 1970
f 2145 2147 2148
f 2054 2049 1645
f 9284 1639 9270
f 9 11 10
f 252 506 258
f 472 479 471
f 1865 9243 8947
f 900 910 907
f 1941 2151 1942
f 1921 1927 1919
f 2163 1898 2116
f 271 153 178
f 1904 12 9
f 282 264 460
f 1872 2154 2035
f 1326 1897 2163
f 628 693 627
f 1724 1719 1723
f 1549 436 172
f 1582 1730 1729
f 1921 1929 1928
f 9007 10 11
f 2152 1950 1949
f 475 774 771
f 769 2171 473
f 2171 476 473
f 476 772 475
f 1791 464 1760
f 2166 2168 2169
f 595 372 98
f 483 1641 482
f 762 2173 470
f 771 484 492
f 486 1809 483
f 297 1517 296
f 763 2174 762
f 776 759 489
f 184 2176 2000
f 412 303 414
f 2005 185 224
f 9263 1682 9298
f 2164 756 764
f 1472 2161 2162
f 950 964 965
f 2177 2179 2180
f 227 1510 333
f 764 467 2164
f 2182 2184 2181
f 2186 2018 2185
f 1985 2181 1986
f 214 729 1531
f 1545 1546 1569
f 865 842 866
f 849 1357 1362
f 452 1558 454
f 559 3188 737
f 16 737 3188
f 560 498 374
f 3193 3195 3194
f 3200 3198 3199
f 3211 3213 3212
f 3215 3217 3216
f 2187 2002 2001
f 3233 3235 3234
f 3223 3222 3224
f 3229 3231 3230
f 3245 3247 3246
f 2169 2189 2190
f 2192 2085 2191
f 2193 2195 2196
f 2198 2200 2197
f 1998 1979 1975
f 9116 9120 9123
f 3253 3255 3254
f 2116 1903 1902
f 1859 2009 1150
f 9356 2126 9358
f 1135 1087 1130
f 2201 2015 2014
f 1149 110 1858
f 3261 3263 3262
f 3269 3271 3270
f 3265 3267 3266
f 3229 3284 3283
f 3289 3291 3290
f 3299 3301 3300
f 3307 3264 3308
f 3293 3295 3294
f 3297 3224 3298
f 3319 3291 3320
f 3322 3318 3315
f 3314 3312 3311
f 3285 3287 3286
f 3332 3218 3215
f 3329 3330 3328
f 3324 3227 3298
f 3298 3326 3324
f 2203 2205 2206
f 579 1895 1019
f 1755 2208 1756
f 3337 3339 3338
f 9343 1893 605
f 1211 2150 1727
f 868 2210 2209
f 3347 3349 3348
f 944 930 940
f 2130 2202 2201
f 233 1898 195
f 665 750 666
f 1167 999 618
f 2211 2213 2214
f 2215 2217 2218
f 9319 590 9320
f 2220 220 2219
f 823 948 1094
f 3375 3377 3376
f 3393 3391 3390
f 3353 3357 3356
f 3363 3365 3364
f 3402 3404 3403
f 266 455 265
f 9334 2107 9335
f 2221 8963 8961
f 2223 2225 2226
f 2207 2124 2208
f 3293 3336 3286
f 673 9321 9316
f 817 996 815
f 2227 2146 2145
f 1947 646 749
f 9352 17 9325
f 2229 1638 1381
f 1679 1618 1680
f 1637 2232 2230
f 2233 1617 1616
f 2231 2236 2237
f 3406 3408 3407
f 1381 2238 1382
f 9038 2242 9039
f 3414 3341 3415
f 1630 2233 1631
f 1681 472 469
f 1408 2243 2244
f 3423 3425 3424
f 3433 3263 3307
f 3434 3430 3435
f 3440 3442 3441
f 3444 3446 3445
f 3436 3450 3439
f 3442 3456 3455
f 1637 2238 1638
f 3445 3437 3438
f 3448 3440 3449
f 1409 1634 2245
f 1380 2247 2246
f 1628 2245 1621
f 3463 3465 3464
f 3308 3462 3307
f 2249 1622 1633
f 1632 1408 2244
f 2248 1631 2250
f 3478 3480 3479
f 3509 3511 3510
f 2235 1637 1636
f 3505 3507 3506
f 3457 3199 3198
f 631 2071 725
f 515 52 49
f 782 2251 1251
f 2253 2255 2252
f 397 459 784
f 1456 2040 1455
f 2040 2036 1455
f 3434 3518 3517
f 1401 2111 1398
f 2041 1970 2026
f 3367 3338 3368
f 1535 414 1965
f 1586 2080 2079
f 2256 1132 1886
f 3528 3530 3529
f 3519 3520 3517
f 3537 3506 3538
f 3543 3545 3544
f 1700 9370 9371
f 3486 3550 3549
f 3455 3497 3563
f 3558 3559 3323
f 3456 3500 3497
f 3572 3252 3249
f 3308 3285 3569
f 3316 3574 3573
f 3575 3479 3533
f 3576 3578 3577
f 3580 3582 3581
f 3584 3586 3585
f 3505 3588 3503
f 3589 3591 3590
f 3600 3602 3601
f 3542 3595 3594
f 3604 3592 3589
f 3611 3613 3612
f 3622 3624 3623
f 3618 3620 3619
f 3626 3628 3627
f 3644 3646 3645
f 3634 3636 3635
f 3638 3641 3640
f 9267 1686 9269
f 1263 1886 1096
f 3613 3654 3614
f 598 844 599
f 2257 2259 2260
f 2258 2262 2259
f 2259 2263 2216
f 2260 2216 2215
f 1967 1970 1969
f 2212 1963 2213
f 922 2218 2217
f 1312 1101 2264
f 1307 1286 789
f 1548 1546 1972
f 2266 2268 2265
f 2265 2270 2269
f 2272 2269 2271
f 2273 2265 2272
f 2275 2277 2274
f 2278 2277 2279
f 2284 9069 9091
f 2287 2286 2281
f 2288 2283 2287
f 2290 9091 9072
f 2291 2293 2294
f 2295 2294 2279
f 2296 2291 2295
f 2297 2292 2291
f 2294 2299 2300
f 2279 2300 2278
f 2298 2302 2292
f 2292 2303 2293
f 2293 2304 2299
f 2304 2306 2299
f 2306 2300 2299
f 2308 2310 2307
f 2302 2310 2303
f 2301 2307 2302
f 2312 2307 2311
f 2313 2315 2316
f 2318 2320 2317
f 9200 2322 2323
f 2324 2273 2326
f 2313 2326 2327
f 2328 2313 2316
f 2329 2324 2328
f 2331 2333 2330
f 2330 2267 2266
f 2325 2266 2273
f 2329 2330 2325
f 2333 2335 2267
f 2336 2333 2332
f 2338 2332 2337
f 2331 2337 2332
f 2329 2339 2331
f 2328 2340 2329
f 2316 2341 2328
f 2342 2315 2343
f 2344 2346 2347
f 2341 2347 2340
f 2342 2344 2341
f 2348 2345 2344
f 2350 2352 2353
f 2339 2353 2337
f 2340 2350 2339
f 2347 2351 2350
f 2337 2354 2338
f 2353 2355 2354
f 2356 2276 2357
f 2356 2358 2359
f 2356 2296 2295
f 2279 2356 2295
f 2360 2270 2268
f 2267 2360 2268
f 2362 2364 2365
f 2362 2361 2358
f 2366 2358 2357
f 2366 2363 2362
f 2357 2368 2366
f 2366 2369 2367
f 2276 2370 2368
f 2368 2282 2369
f 2372 2374 2371
f 2375 2377 2007
f 2378 2380 2381
f 2382 2381 2383
f 2384 2378 2382
f 2385 2379 2378
f 2388 2390 2387
f 2387 2392 2391
f 2393 2387 2391
f 2394 2388 2387
f 2186 2402 2400
f 2403 2327 2326
f 2272 2326 2273
f 2271 2403 2272
f 2405 2404 2403
f 2404 2408 2327
f 2409 2411 2412
f 2409 2271 2269
f 2413 2269 2270
f 2413 2410 2409
f 2417 2416 2418
f 2417 2406 2405
f 2412 2405 2271
f 2411 2417 2412
f 2406 2407 2404
f 9013 632 713
f 2420 2397 2421
f 2420 2423 2422
f 2424 2422 2419
f 2424 2398 2420
f 2425 2392 2426
f 2421 2426 2423
f 2397 2425 2421
f 2396 2391 2425
f 2427 2315 2314
f 2427 2408 2428
f 2430 2428 2429
f 2343 2427 2430
f 2432 2430 2431
f 2431 2429 2433
f 2435 2433 2434
f 2436 2431 2435
f 2428 2407 2437
f 2422 2407 2419
f 2438 2422 2423
f 2429 2437 2438
f 2440 2433 2439
f 2441 2433 2429
f 2442 2439 2441
f 2443 2440 2439
f 2445 2444 2443
f 2447 2443 2442
f 2383 2445 2447
f 2381 2446 2445
f 2448 2423 2426
f 2449 2426 2392
f 2441 2449 2442
f 2441 2438 2448
f 2449 2390 2450
f 2450 2389 2451
f 2447 2451 2383
f 2442 2450 2447
f 2451 2453 2452
f 2452 2455 2454
f 2382 2454 2384
f 2383 2452 2382
f 2456 2373 2372
f 2459 2461 2458
f 2463 2465 2462
f 2462 2285 2284
f 2466 2284 2290
f 2467 2462 2466
f 2461 9155 9153
f 2468 2470 2471
f 2472 2471 2473
f 2474 9153 9140
f 2475 2477 2478
f 2458 2453 2479
f 2479 2389 2388
f 2395 2479 2388
f 2480 2458 2479
f 2481 2483 2478
f 2484 2485 221
f 2471 2464 2463
f 2473 2463 2467
f 2487 2466 2486
f 2486 2290 2488
f 2490 2488 2489
f 2491 2486 2490
f 2492 2467 2487
f 2493 2487 2491
f 2494 2492 2493
f 2495 2473 2492
f 9142 2474 9140
f 9143 2496 9142
f 2498 2493 2499
f 2500 2499 2501
f 9152 2498 2500
f 9139 2494 2498
f 2306 2278 2300
f 2305 2504 2306
f 2504 2507 2506
f 2506 2288 2508
f 2274 2508 2275
f 2278 2506 2274
f 9085 2489 2488
f 9072 2488 2290
f 2507 2289 2288
f 2505 2509 2507
f 2508 2287 2511
f 2511 2281 2280
f 2370 2280 2282
f 2275 2511 2370
f 2512 2489 2513
f 2514 2513 2515
f 2517 2514 2516
f 2517 2490 2512
f 2499 2491 2517
f 2499 2516 2501
f 2510 2519 2518
f 2518 2521 2520
f 9068 2520 9073
f 9084 2518 9068
f 2522 2303 2310
f 2523 2310 2309
f 2305 2522 2524
f 2524 2523 2525
f 2519 2525 2521
f 2505 2524 2519
f 2308 2527 2526
f 2526 2529 2528
f 2531 2528 2530
f 2309 2526 2531
f 1214 2151 1211
f 2419 2418 2424
f 2533 2349 2317
f 2534 2317 2320
f 2535 2533 2534
f 2536 2345 2533
f 2537 2346 2536
f 2538 2536 2535
f 2539 2537 2538
f 2540 2351 2537
f 2312 2541 2527
f 2527 2542 2529
f 2543 2434 2544
f 2545 2544 2546
f 2319 2543 2545
f 2318 2435 2543
f 2514 2548 2547
f 2547 2550 2549
f 2552 2549 2551
f 2552 2514 2547
f 2520 2554 2553
f 2553 2556 2555
f 9042 2555 9045
f 9073 2553 9042
f 2523 2531 2557
f 2557 2530 2558
f 2525 2557 2559
f 2559 2558 2560
f 2554 2560 2556
f 2521 2559 2554
f 2561 2007 2006
f 2376 2225 2377
f 2564 2566 2563
f 2563 338 2567
f 2569 2567 2568
f 2570 2563 2569
f 2572 2574 2571
f 2571 2576 2575
f 2544 2575 2546
f 2544 2572 2571
f 2578 2569 2577
f 2579 2569 2568
f 2574 2579 2576
f 2573 2577 2574
f 2581 2583 2580
f 2584 2583 2585
f 9149 2580 2584
f 9128 2580 9127
f 2582 2552 2583
f 2583 2551 2585
f 2500 2589 2588
f 2590 2589 2591
f 9145 2588 2590
f 9147 2500 2588
f 2501 2591 2589
f 2592 2594 2595
f 2386 2503 2502
f 2596 2386 2374
f 2596 2373 2597
f 2599 2597 2598
f 2599 2379 2596
f 2600 2380 2599
f 2600 2598 2601
f 2603 2601 2602
f 2603 2446 2600
f 2604 2602 2605
f 2440 2605 2434
f 2444 2604 2440
f 2606 2581 2607
f 2606 2590 2591
f 2591 2582 2606
f 9128 2456 9141
f 9141 2372 9145
f 2478 2608 2481
f 2609 2611 2199
f 2564 2613 2612
f 2612 2598 2597
f 2457 2597 2373
f 2565 2612 2457
f 2614 2570 2578
f 2615 2578 2573
f 2602 2614 2615
f 2601 2613 2614
f 2572 2605 2616
f 2616 2602 2615
f 2573 2616 2615
f 1459 1045 1021
f 1265 1079 1082
f 1612 1609 1611
f 2067 2069 2068
f 1135 1136 1148
f 1938 2618 2617
f 95 458 128
f 2058 1608 1612
f 1454 1445 1367
f 655 1048 2619
f 722 2621 723
f 3665 3634 3666
f 1131 1033 1134
f 562 366 1497
f 1723 1725 1591
f 1786 1122 1787
f 267 323 266
f 1325 1654 2038
f 1468 1435 1479
f 658 529 528
f 8 247 7
f 382 1559 3
f 3631 3680 3630
f 788 1307 789
f 940 929 928
f 911 2623 912
f 2621 655 654
f 2624 2625 2626
f 998 27 26
f 635 2626 2625
f 2627 644 1840
f 2628 1840 2629
f 1200 2627 2628
f 1199 641 2627
f 1520 49 477
f 1452 1349 1451
f 2630 1859 1858
f 644 1335 1823
f 3683 3699 3698
f 1197 717 2632
f 2632 719 1166
f 2628 1166 1200
f 2629 2632 2628
f 1762 1050 821
f 1823 873 1839
f 2634 794 652
f 1028 1027 1161
f 1042 2635 1043
f 93 1901 1924
f 2036 1458 1455
f 1527 1525 1526
f 877 1274 1277
f 134 797 1544
f 1328 931 1329
f 607 1091 1161
f 1043 2637 2636
f 2636 2639 2638
f 1275 2638 1276
f 1275 1043 2636
f 1272 2626 2640
f 2640 638 637
f 1110 2640 637
f 536 2640 2641
f 1472 1474 1473
f 2042 1951 649
f 3668 3633 3669
f 1058 1105 1059
f 2642 2643 2644
f 1192 2644 1193
f 912 2642 1192
f 9350 8970 9238
f 1049 2620 2621
f 616 1885 613
f 1331 666 750
f 990 1198 525
f 1911 321 322
f 1298 1205 2645
f 76 1504 75
f 1502 421 422
f 610 658 691
f 1146 659 938
f 2646 914 936
f 1280 1238 1279
f 975 2647 2648
f 2647 975 974
f 1453 1452 1451
f 1514 158 151
f 835 1843 1842
f 1271 1173 1289
f 2649 813 2650
f 1893 1826 1894
f 1050 1937 1051
f 2651 814 813
f 1006 1281 977
f 2653 2654 2655
f 1001 1003 1002
f 585 679 558
f 2624 621 620
f 555 2028 556
f 1207 1197 2629
f 1626 478 472
f 3729 3731 3730
f 3746 3748 3747
f 3770 3750 3753
f 426 419 1567
f 1030 1773 1031
f 9350 634 9332
f 534 138 262
f 1125 1042 1041
f 333 88 227
f 569 561 730
f 3691 3693 3692
f 1489 871 870
f 1857 620 891
f 1673 9222 9215
f 622 864 1308
f 2647 974 2657
f 619 891 620
f 261 545 262
f 393 1556 404
f 2658 2647 2657
f 1075 2657 917
f 1081 2658 1075
f 1080 2659 2658
f 2644 1141 2660
f 2660 1140 1336
f 642 1336 643
f 1193 2660 642
f 679 555 558
f 3762 3764 3763
f 1503 1500 1502
f 1318 1101 1100
f 2661 1139 1142
f 2661 2663 2662
f 2662 2659 2661
f 2662 2622 2664
f 2664 911 2646
f 2648 2646 1146
f 2648 2662 2664
f 3586 3779 3777
f 2083 2093 2081
f 1442 1437 1439
f 3732 3733 3731
f 519 330 51
f 1885 1209 613
f 799 805 804
f 1946 1952 1953
f 1302 1253 1252
f 3741 3757 3756
f 3660 3662 3661
f 566 224 533
f 1389 928 1388
f 683 681 680
f 836 1842 2665
f 2665 1845 1303
f 2666 1303 1302
f 24 2665 2666
f 831 2650 832
f 1845 1304 1303
f 2010 2012 2011
f 1051 2667 2668
f 1522 1511 1523
f 531 441 522
f 782 1251 1250
f 1250 2625 2669
f 2669 1857 1856
f 783 1856 1037
f 782 2669 783
f 720 2671 721
f 1055 1930 1056
f 1333 1251 2251
f 619 1308 1307
f 652 2619 2634
f 521 1539 1540
f 1838 537 2672
f 2672 536 2641
f 1113 2641 1110
f 1113 1838 2672
f 1016 1351 1045
f 9349 570 9346
f 226 104 101
f 9008 9279 1818
f 1036 1884 1883
f 2674 1304 2673
f 2673 1844 2675
f 1334 2675 1039
f 1333 2673 1334
f 2676 1039 2675
f 1843 2675 1844
f 942 2676 1843
f 1074 702 2676
f 811 859 858
f 752 1055 753
f 1200 656 1026
f 1120 874 2677
f 2677 877 1052
f 1241 1052 1005
f 1119 2677 1241
f 1560 151 1515
f 1208 611 523
f 215 736 214
f 1460 1462 1461
f 3717 3719 3718
f 1208 1839 873
f 854 1282 1297
f 3682 3696 3681
f 72 182 179
f 544 1565 512
f 217 456 457
f 3673 3781 3780
f 2047 930 945
f 1204 1937 2633
f 913 686 685
f 3705 3707 3706
f 840 1113 1112
f 1531 730 561
f 2678 1283 801
f 601 1914 602
f 1537 459 460
f 1819 8953 8971
f 991 862 538
f 2679 1073 1830
f 3776 3581 3582
f 2680 983 2256
f 779 2256 1263
f 778 2680 779
f 2678 1830 2680
f 180 245 40
f 1886 1131 1134
f 3766 3767 3749
f 1138 1274 1255
f 3777 3585 3586
f 1841 1140 1139
f 75 314 74
f 193 420 192
f 2681 1099 1098
f 3658 3587 3659
f 170 1565 169
f 349 417 432
f 1121 2684 2683
f 547 409 302
f 123 121 120
f 2643 1142 1141
f 1542 513 1543
f 899 907 919
f 1210 676 867
f 791 982 892
f 24 837 836
f 893 932 931
f 1860 863 862
f 535 862 861
f 3640 3683 3638
f 832 813 812
f 2650 813 832
f 1569 1547 1568
f 181 542 180
f 660 937 688
f 2013 568 2012
f 3781 3644 3782
f 887 2631 2630
f 1524 361 78
f 520 162 1529
f 2653 854 2685
f 1238 2655 2686
f 718 527 530
f 1492 518 1491
f 792 615 793
f 599 1835 596
f 290 456 175
f 312 1552 425
f 1248 1179 1249
f 153 177 178
f 1240 1222 1221
f 1257 1235 1071
f 1291 1083 1222
f 1052 1277 1053
f 743 2618 1204
f 444 430 443
f 23 1172 1187
f 2687 1180 1179
f 102 409 134
f 1283 610 801
f 373 650 651
f 1180 1084 1291
f 855 2655 1237
f 1173 1917 1174
f 2689 853 2688
f 2688 1108 1279
f 2686 1279 1238
f 2687 2688 2686
f 2691 1252 2690
f 2690 850 2689
f 1248 2689 2687
f 1248 2691 2690
f 2692 24 2666
f 2691 2666 1302
f 1247 2692 2691
f 1258 617 2692
f 394 1555 393
f 2693 1259 1223
f 1072 1262 1261
f 1257 1168 1258
f 398 1555 1554
f 871 1314 872
f 1178 1249 1179
f 1224 1173 1172
f 1010 2618 742
f 1175 1292 1269
f 2654 2686 2655
f 2694 1216 1264
f 71 1487 70
f 701 1111 1038
f 1072 2649 2650
f 1085 22 21
f 895 1264 896
f 1601 1605 1604
f 1259 1271 1289
f 21 1220 1083
f 988 538 537
f 3533 3535 3532
f 598 1336 1140
f 820 1762 821
f 1050 818 821
f 1298 1761 2652
f 1168 618 617
f 3629 3670 3628
f 858 1256 833
f 39 516 1536
f 2652 819 814
f 313 315 314
f 2026 1971 2027
f 2656 596 1835
f 814 818 811
f 2696 813 2649
f 1260 2649 1261
f 2693 2696 1260
f 2697 2651 2696
f 381 390 380
f 9270 1611 1609
f 1475 1428 1227
f 1292 1917 1235
f 1551 354 1518
f 1526 1523 1511
f 1593 1595 1573
f 1232 1246 1249
f 2695 1223 22
f 2698 1296 2697
f 2698 2693 2695
f 2685 2695 1085
f 2685 1297 2698
f 562 271 272
f 2652 1296 1298
f 1365 1364 1363
f 1958 1953 1957
f 585 2210 997
f 1561 1515 435
f 975 1146 976
f 347 68 346
f 1038 636 1068
f 2700 780 2699
f 2699 1036 1883
f 2701 1883 1829
f 851 2699 2701
f 2674 2251 2702
f 2702 781 2700
f 1253 2700 851
f 1301 2702 1253
f 1519 388 1550
f 1273 1280 2703
f 2703 1107 852
f 2701 852 851
f 1829 2703 2701
f 91 326 90
f 1784 2656 1785
f 2683 2705 2704
f 604 8943 8977
f 1669 8992 1662
f 2062 2060 2059
f 621 861 622
f 2023 732 2024
f 686 1263 687
f 857 2668 1328
f 883 882 879
f 3648 3650 3649
f 637 1111 1110
f 2668 893 1328
f 3692 3711 3691
f 2667 894 2668
f 1039 1068 1334
f 313 1504 1505
f 1911 305 453
f 1936 1964 2212
f 2707 2401 2183
f 2708 2183 2182
f 738 2116 554
f 3785 3709 3786
f 2349 2432 2436
f 2711 2020 2019
f 2400 2019 2186
f 2714 2716 2713
f 2717 2719 2720
f 2721 2723 2724
f 2726 2728 2725
f 2725 2730 2729
f 2731 2729 2709
f 2732 2725 2731
f 2734 2736 2733
f 2738 2740 2737
f 2737 2741 2742
f 2744 2746 2743
f 2745 2748 2747
f 2749 2747 2751
f 2753 2751 2752
f 2250 2246 2248
f 3417 3419 3418
f 2754 1614 2755
f 9050 2755 9061
f 9060 2747 9061
f 1617 2755 1614
f 2242 1620 2757
f 3429 3431 3430
f 2191 2760 2759
f 2761 2760 2762
f 9100 2761 9101
f 9075 2759 9100
f 3209 3354 3355
f 1395 2236 2235
f 1395 1636 1615
f 3741 3790 3740
f 1616 2229 2233
f 3410 3412 3411
f 1617 2763 2756
f 2756 9080 9060
f 2765 2234 1630
f 2766 9080 9074
f 3202 3458 3459
f 1516 435 1515
f 2768 8996 8997
f 1495 578 1424
f 2135 28 17
f 8970 2773 2774
f 1690 9378 9377
f 2778 2780 2777
f 2777 2781 2782
f 2784 2777 2783
f 8999 575 576
f 1494 9 540
f 8973 2015 9010
f 451 505 450
f 2786 2788 2785
f 2779 2785 2780
f 2789 2741 2740
f 2790 2752 2789
f 2792 2794 2791
f 2793 2796 2794
f 2796 2750 2749
f 2794 2749 2753
f 2798 1396 2754
f 9043 2754 9050
f 2798 2800 1393
f 9043 2799 2798
f 2797 2795 2801
f 2791 2753 2790
f 216 232 54
f 9256 2807 9255
f 9257 2804 9255
f 2769 9001 8996
f 183 184 97
f 2811 2775 2776
f 2804 2776 2805
f 2809 2811 2804
f 2812 2813 2814
f 9257 2816 9247
f 9248 2815 9247
f 9250 2820 2821
f 9245 2819 9250
f 2824 2735 2819
f 2823 2824 2819
f 2825 2826 2724
f 9245 2827 9244
f 9248 2826 9244
f 2713 2829 2828
f 2828 2831 2830
f 2822 2828 2830
f 2821 2713 2828
f 2832 2822 2830
f 2833 2830 2831
f 2834 2832 2833
f 2835 2827 2832
f 2837 2839 2836
f 2836 2841 2840
f 2842 2840 2727
f 2843 2836 2842
f 2840 2845 2844
f 2718 2845 2719
f 2730 2844 2718
f 2727 2844 2728
f 2846 2719 2845
f 2846 2841 2847
f 2829 2847 2831
f 2829 2716 2846
f 2847 2839 2848
f 2848 2838 2849
f 2833 2849 2834
f 2831 2848 2833
f 2850 2851 2852
f 2853 2852 2854
f 2783 2782 2855
f 2785 2853 2856
f 2780 2856 2781
f 2857 2855 2782
f 2859 2782 2781
f 2861 2842 2860
f 2860 2727 2726
f 2862 2726 2732
f 2863 2860 2862
f 2861 2858 2857
f 2843 2857 2859
f 2856 2854 2864
f 2781 2864 2859
f 2837 2859 2864
f 2838 2864 2854
f 2852 2834 2849
f 2854 2849 2838
f 2865 2818 2835
f 2851 2835 2834
f 2813 2815 2865
f 2814 2865 2851
f 2866 2814 2850
f 2788 2850 2853
f 2866 2787 2867
f 2812 2867 2775
f 1892 1890 1891
f 2720 2846 2870
f 298 256 257
f 2872 2713 2820
f 9246 2735 2734
f 2729 2874 2873
f 2846 2715 2870
f 2876 2878 2875
f 2733 2878 2734
f 9258 2879 2880
f 9258 2872 9246
f 2882 2884 2881
f 2881 2715 2714
f 2880 2714 2872
f 2879 2881 2880
f 2885 2887 2888
f 2888 2890 2885
f 2885 2892 2891
f 2893 2885 2891
f 1942 2532 2894
f 2895 2720 2870
f 2884 2870 2715
f 2883 2895 2884
f 2896 2892 2895
f 2889 2717 2890
f 2890 2720 2892
f 2897 2891 2896
f 2898 2896 2883
f 2899 2883 2882
f 2900 2882 2879
f 9249 2879 9259
f 2876 2901 2877
f 2901 2904 2903
f 1785 1835 1834
f 2905 2899 2900
f 2907 2897 2898
f 9249 2903 9251
f 632 577 633
f 8976 2867 2787
f 434 550 350
f 2768 9092 9095
f 2910 1623 2249
f 2241 2758 2242
f 9092 2913 9104
f 1623 2757 1620
f 9039 2757 9104
f 2229 1380 2250
f 2765 1629 2914
f 2915 1629 2912
f 9094 2914 2915
f 9093 2765 2914
f 2919 9094 9065
f 2918 2912 2241
f 9066 2241 9038
f 9070 9065 9122
f 8985 2180 8940
f 8965 2188 8950
f 3694 3627 3693
f 9157 714 9303
f 2925 2917 2924
f 2924 2916 2919
f 9062 2919 9070
f 9063 2924 9062
f 2926 2766 2925
f 9110 2925 9063
f 1715 1705 1710
f 785 498 796
f 1387 565 1791
f 374 1899 560
f 9017 2206 9000
f 2929 2886 2893
f 2932 2934 2931
f 1905 1908 1907
f 2930 2936 2937
f 2938 2930 2929
f 1493 517 518
f 1603 1586 1602
f 2939 2929 2908
f 2940 2908 2907
f 9117 1600 9113
f 2886 2937 2887
f 2906 2898 2899
f 2908 2893 2897
f 2942 2933 2941
f 2941 2937 2936
f 8945 2936 8957
f 8942 2941 8945
f 2943 2710 2873
f 2943 2874 2889
f 2945 2889 2888
f 2946 2943 2945
f 2932 2888 2887
f 2931 2945 2932
f 727 1929 728
f 2903 2947 2948
f 545 42 262
f 1480 533 251
f 2907 2949 2940
f 2906 2950 2949
f 1558 215 202
f 9251 2948 9253
f 2054 1644 2118
f 9157 2203 9017
f 1828 1849 1827
f 2953 2955 2952
f 2952 2957 2956
f 2956 2258 2952
f 2953 2258 2257
f 2454 2474 2496
f 9199 2959 9218
f 9199 2131 9189
f 2961 2963 2958
f 2958 2964 2959
f 222 2485 2965
f 2477 2966 2608
f 2631 2006 1859
f 2384 2496 2497
f 2967 2959 2964
f 2968 2970 2969
f 9211 2971 9236
f 9236 2960 9218
f 2972 2033 2032
f 2007 2973 2008
f 9004 2134 2133
f 1836 1832 1831
f 8950 2090 8995
f 955 959 956
f 672 674 673
f 633 713 632
f 2024 733 803
f 2025 803 798
f 425 1550 388
f 2975 888 887
f 1319 1157 2694
f 1212 2977 1213
f 889 2228 2227
f 1978 1975 1979
f 1138 1329 915
f 751 2979 2978
f 1619 1625 1624
f 2252 1728 1727
f 1157 845 1216
f 2706 1938 2617
f 2980 2254 2981
f 2982 887 2630
f 802 711 2679
f 678 2029 2028
f 527 690 528
f 1839 2629 1840
f 2983 602 1914
f 2983 1913 1331
f 2985 1331 1054
f 2986 2983 2985
f 2987 2635 2634
f 2985 2639 2986
f 2990 1318 2989
f 2991 2993 2994
f 2995 2994 2996
f 1106 2991 2995
f 1058 2992 2991
f 1415 1365 1367
f 1317 2217 2997
f 1932 2255 2980
f 926 2999 664
f 3001 2992 3000
f 3000 1057 2978
f 2999 2978 2979
f 2998 3000 2999
f 3002 2209 3003
f 3002 2996 2994
f 2993 3002 2994
f 3001 2998 3002
f 1103 2995 3004
f 3004 2996 3003
f 2209 3004 3003
f 588 3004 2210
f 295 433 381
f 2638 2988 3005
f 3005 1056 1930
f 1305 1930 1306
f 1276 3005 1305
f 1987 1993 1989
f 2633 1761 2645
f 1423 1417 1419
f 9005 739 703
f 2671 2704 2705
f 1473 2035 1472
f 922 2694 895
f 1401 1378 1384
f 556 1884 1037
f 842 9277 9288
f 1854 2617 1010
f 933 1081 1075
f 1440 1436 1437
f 529 719 530
f 1031 1027 1028
f 777 912 1871
f 2645 1204 2633
f 441 1538 1537
f 3771 3773 3772
f 790 587 586
f 2065 1610 1607
f 1860 990 902
f 60 87 59
f 1424 1948 1947
f 332 1507 331
f 261 138 135
f 187 449 507
f 1719 1726 1725
f 1931 1059 3006
f 3006 1105 1104
f 1287 1104 587
f 1286 3006 1287
f 3007 3009 3010
f 3009 653 795
f 618 26 25
f 2029 1210 1209
f 957 600 2228
f 1049 2228 600
f 2631 3011 2561
f 890 2227 3011
f 3011 2145 3012
f 2561 3012 2375
f 1026 609 608
f 2706 1961 1964
f 3013 2485 3014
f 2148 1267 3015
f 3015 1266 1311
f 2997 1101 1317
f 642 1773 1193
f 186 461 511
f 1041 1320 901
f 1121 3017 1122
f 2984 2987 3018
f 3018 2634 2619
f 1048 3018 2619
f 603 2984 3018
f 2679 801 802
f 2062 2074 2061
f 2061 2076 2064
f 414 1545 1965
f 3016 2683 3019
f 3019 2704 2670
f 3020 2670 720
f 3007 3019 3020
f 1871 1091 777
f 3021 1122 3017
f 3022 3017 3010
f 1314 3022 1315
f 1784 3021 1314
f 1316 1763 611
f 3023 3010 3009
f 3023 795 1092
f 1763 1092 1125
f 1315 3023 1763
f 3016 3010 3017
f 752 2978 1057
f 2986 2637 2987
f 3024 653 3008
f 3020 3008 3007
f 720 3024 3020
f 723 654 3024
f 2681 1268 3025
f 2671 1268 721
f 2705 3025 2671
f 1313 3027 1311
f 3026 3029 3027
f 3027 3030 3031
f 1311 3031 3015
f 2012 731 2023
f 917 974 977
f 3742 3744 3743
f 743 856 744
f 1888 2030 1425
f 2682 2684 3032
f 3032 1124 2989
f 1100 2989 1318
f 1099 3032 1100
f 1123 2989 1124
f 3033 1159 1158
f 2990 1158 1319
f 1123 3033 2990
f 1786 1834 3033
f 1054 2988 2985
f 2979 664 2999
f 2623 2663 2643
f 1095 688 687
f 3034 2261 2956
f 3036 2956 2957
f 3037 3034 3036
f 3038 3035 3034
f 3040 3026 1313
f 2263 3041 3040
f 3042 3043 3041
f 3041 3028 3026
f 3044 3043 3039
f 3046 3045 3044
f 3047 3049 3045
f 3043 3049 3028
f 3038 3051 3050
f 3050 3053 3052
f 3052 3044 3050
f 3039 3050 3044
f 3054 3039 3042
f 3042 2262 3054
f 2261 3054 2262
f 2216 2997 2217
f 2212 2667 1936
f 3056 2209 3055
f 934 1961 1854
f 2013 9209 567
f 3058 3060 3061
f 3059 3063 3060
f 3060 2213 1963
f 3061 1963 1962
f 3063 2214 2213
f 3062 3064 3063
f 3065 2260 3064
f 3064 2215 2214
f 3066 3031 3030
f 2608 3067 3066
f 2966 3068 3067
f 3031 3068 3015
f 2455 2461 2474
f 2476 2226 2477
f 8995 2089 8969
f 8970 9221 9238
f 433 355 381
f 2115 1419 2123
f 8953 2922 8971
f 9221 2131 2134
f 3069 2167 2166
f 2971 2928 2960
f 2961 2773 2962
f 3070 2478 2483
f 2610 3071 2954
f 2502 2374 2386
f 3072 2595 3073
f 2964 3052 2967
f 3048 3074 3049
f 2593 3075 3074
f 3075 3029 3074
f 3074 3028 3049
f 3072 3075 2592
f 3076 2482 2481
f 2481 3066 3076
f 3076 3030 3075
f 2967 3053 2970
f 2482 3073 2483
f 479 493 494
f 706 9325 709
f 9005 2221 8961
f 2013 9206 9207
f 8977 2016 8973
f 9006 2222 2974
f 1171 1155 1176
f 3782 3689 3783
f 2586 2565 2587
f 2982 113 2484
f 2562 3077 3068
f 2376 3012 3077
f 3012 2148 3077
f 3077 3015 3068
f 2963 3046 2964
f 3051 2970 3053
f 1683 491 775
f 9302 1447 9312
f 1986 9186 9220
f 3079 2546 2575
f 3081 2575 2576
f 1983 9220 9217
f 3082 2319 2545
f 3080 2545 2546
f 9186 3082 3080
f 9184 2323 3082
f 1309 1888 748
f 3073 2772 2771
f 2760 3084 2762
f 2760 2088 3083
f 3085 3086 3087
f 3089 3090 3088
f 3089 3084 3085
f 3092 3090 3091
f 3093 2744 2743
f 2751 2748 3093
f 3093 2752 2751
f 2742 3093 3094
f 3094 2743 3095
f 3096 3098 3087
f 3099 3087 3086
f 3097 3095 3098
f 3100 2746 3101
f 3101 3102 3100
f 2764 2927 3101
f 2745 3101 2746
f 3102 3091 3100
f 3100 3095 2743
f 2869 9044 9086
f 3102 3104 3092
f 9110 2869 9086
f 2927 3103 3102
f 3098 3091 3090
f 3087 3090 3085
f 2088 3105 3083
f 3083 3086 3084
f 2483 2771 3070
f 2401 2185 2321
f 3099 3105 3106
f 2125 3106 3105
f 3108 2742 3107
f 3107 3094 3097
f 3110 3107 3109
f 3109 3097 3096
f 3111 3096 3099
f 3112 3109 3111
f 3113 2737 3108
f 3115 2722 3114
f 3117 3114 3116
f 3119 3116 3118
f 3118 3120 3121
f 3116 3113 3120
f 3122 3111 3123
f 3122 1755 1754
f 3124 3126 3127
f 3125 3121 3126
f 3128 3118 3125
f 3129 3125 3124
f 2020 3128 3129
f 9305 1346 1352
f 1065 1047 1066
f 1814 9282 1649
f 2021 3129 3130
f 3111 3106 3123
f 3123 2207 1755
f 2377 2224 2973
f 3014 113 112
f 1756 9234 9219
f 3131 2530 2528
f 3133 2528 2529
f 1753 9219 9227
f 3134 3127 3135
f 2327 2314 2313
f 2436 2317 2349
f 2018 9163 9164
f 2534 3137 2535
f 2320 3136 2534
f 2185 9164 9223
f 3138 2542 2539
f 3134 9196 9197
f 9237 3134 9197
f 3140 2539 2538
f 2535 3140 2538
f 9163 3130 9237
f 2558 3132 3141
f 9234 3141 3132
f 2560 3141 3142
f 9212 3142 3141
f 958 2976 2981
f 1933 2980 3143
f 3714 3729 3713
f 2399 2418 2416
f 2348 2343 2432
f 2322 2319 2323
f 2718 2874 2730
f 2709 2873 2710
f 2894 1361 1942
f 3788 3720 3717
f 346 176 347
f 1876 1882 1881
f 2802 9059 9044
f 3104 3088 3092
f 2974 9101 9055
f 3089 2761 2762
f 3088 3145 3089
f 2803 9055 9059
f 9322 692 628
f 2123 1418 2126
f 1365 1368 1367
f 3346 3344 3343
f 1581 1782 1783
f 9013 2129 8964
f 8999 2002 8965
f 3146 2551 3147
f 9203 3147 9202
f 9194 3146 9203
f 3149 2585 3146
f 3196 3197 3195
f 9056 2191 9075
f 3142 2556 2560
f 9229 3150 3142
f 9098 2550 9045
f 3150 2555 2556
f 9230 3151 3150
f 9240 3152 9098
f 3153 2551 2549
f 3152 2549 2550
f 9233 3153 3152
f 9228 3147 3153
f 3148 2206 2205
f 2183 2321 2184
f 2132 2928 2133
f 3299 3321 3319
f 9136 2204 2203
f 9171 2197 9173
f 2594 2773 2951
f 2595 2951 2772
f 1870 799 1869
f 3257 3259 3258
f 9165 2178 9158
f 9158 9188 9242
f 336 9226 9174
f 339 3154 336
f 9241 3149 9194
f 9135 2584 3149
f 2963 3048 3047
f 9174 337 336
f 339 2566 2586
f 3156 2168 2167
f 2610 2167 2611
f 2954 3156 2610
f 3157 2953 2257
f 9159 2169 9161
f 2567 3159 2568
f 337 2567 338
f 9182 2166 9159
f 9216 1983 9217
f 2579 3081 2576
f 2568 3160 2579
f 9161 2190 9216
f 3065 3162 3161
f 3161 1984 2189
f 3157 2189 2168
f 2257 3161 3157
f 734 1922 806
f 3059 2708 3163
f 3163 2182 1985
f 3162 1985 1984
f 3062 3163 3162
f 3203 3205 3204
f 3806 3808 3807
f 2122 1448 1447
f 9269 1685 9264
f 139 444 69
f 1570 566 533
f 2957 3165 3036
f 2955 3164 2957
f 1912 341 1973
f 3130 3124 3134
f 1548 319 1547
f 1949 1327 1887
f 2969 3078 3167
f 3167 3169 3168
f 9176 2017 9172
f 9172 2033 9211
f 3168 3165 3170
f 3170 3164 3171
f 9231 3171 9208
f 9176 3170 9231
f 3171 3166 3172
f 3172 3071 3173
f 9204 3173 9201
f 9208 3172 9204
f 3169 3036 3165
f 2593 2962 2594
f 3173 2609 3174
f 3174 2199 2198
f 9235 2198 9171
f 9201 3174 9235
f 2190 1984 1983
f 2196 2767 3148
f 3326 3328 3327
f 2119 1414 1448
f 1464 1466 1465
f 2199 3069 2200
f 2457 2587 2565
f 2226 2562 2966
f 481 1627 1639
f 333 235 236
f 3078 3037 3169
f 3040 2997 2263
f 3351 3262 3263
f 2219 1933 2220
f 2385 2497 2503
f 221 3175 2484
f 2220 3143 3175
f 3175 2976 2975
f 2484 2975 2982
f 2954 3166 2955
f 2630 110 2982
f 1547 1952 1955
f 2091 2188 2187
f 9185 2178 2177
f 1918 1927 1926
f 9007 111 8955
f 3398 3400 3399
f 955 960 954
f 2037 112 9007
f 3143 2981 2976
f 2218 2214 2215
f 672 9239 8985
f 2152 3014 2037
f 1147 1143 1145
f 2248 1409 2245
f 1615 1635 1616
f 1410 2246 2247
f 3486 3487 3310
f 3468 3502 3501
f 3451 3452 3450
f 3177 1383 1382
f 2238 3176 1382
f 3176 2230 3178
f 1410 3179 1407
f 3179 2243 1407
f 1633 2800 2249
f 3816 3817 3814
f 1621 2758 2912
f 3642 3662 3675
f 3422 3260 3257
f 1622 2245 1634
f 2236 3181 3182
f 3793 3795 3794
f 3493 3495 3494
f 2237 3182 3183
f 3513 3515 3514
f 2250 2233 2229
f 3654 3667 3802
f 2912 1628 1621
f 3819 3821 3820
f 3432 3823 3431
f 135 1564 1563
f 1567 512 1565
f 1085 2653 2685
f 3184 868 3056
f 869 3057 934
f 3389 3387 3386
f 1266 1098 1312
f 1267 722 721
f 937 2646 936
f 2146 722 2147
f 2211 921 2667
f 1957 507 449
f 1313 2264 3040
f 1496 1493 1492
f 2681 2705 2682
f 2887 2933 2932
f 1687 1659 1694
f 145 1498 81
f 1317 1319 2694
f 3831 3830 3834
f 37 418 71
f 1935 3185 2977
f 104 301 103
f 2101 2083 2084
f 543 360 207
f 1934 3186 3185
f 234 212 237
f 9297 1822 1824
f 3825 3827 3826
f 1976 1874 1974
f 223 2219 220
f 9107 9057 9064
f 468 773 2165
f 3673 3659 3672
f 1935 1728 1932
f 3490 3840 3549
f 3362 3848 3847
f 3862 3864 3863
f 3465 3484 3868
f 3893 3525 3874
f 3352 3430 3431
f 3869 3871 3870
f 3529 3567 3564
f 3420 3922 3921
f 3304 3236 3303
f 3929 3931 3930
f 3324 3327 3561
f 3219 3939 3331
f 3220 3937 3219
f 3450 3376 3439
f 3942 3833 3941
f 3215 3454 3945
f 3946 3215 3945
f 3422 3948 3421
f 3950 3198 3196
f 3205 3957 3920
f 3261 3961 3288
f 3852 3964 3963
f 3214 3946 3958
f 3965 3214 3192
f 3797 3799 3798
f 3988 3990 3989
f 3777 3806 3822
f 3855 3447 3444
f 3737 3800 3736
f 3949 3952 3948
f 3651 3783 4000
f 4001 3787 3812
f 4019 4021 4020
f 4027 4029 4028
f 3258 4030 4027
f 4033 4035 4034
f 3424 4047 4046
f 3242 4058 4057
f 3970 3547 3971
f 3829 4057 3825
f 3333 3947 4060
f 4063 4065 4064
f 4073 4075 4074
f 3568 3443 3448
f 3981 3335 4050
f 3540 3862 3539
f 4078 4031 4032
f 3565 4088 3993
f 3442 4089 4082
f 4092 4094 4093
f 4093 4097 4096
f 3619 3623 3624
f 3660 3821 3807
f 3809 3649 3808
f 3610 3655 3613
f 3656 3623 3657
f 3621 3804 3620
f 3503 3481 3504
f 3436 3438 3437
f 3356 3427 3353
f 3628 3669 3633
f 3734 4002 3733
f 3276 3370 3369
f 3763 4107 3762
f 4006 3754 3755
f 3747 3752 3746
f 3863 4110 3992
f 3994 4003 3501
f 3653 3664 3652
f 3296 4115 3295
f 4117 4119 4118
f 3249 3251 3250
f 4127 4129 4128
f 3478 3903 3867
f 3410 3921 3922
f 3977 4038 3976
f 3216 3453 3454
f 3967 3548 3966
f 4140 4032 4039
f 3509 4149 3916
f 4151 3659 3587
f 4153 3656 3671
f 4153 3646 3672
f 4156 3645 4155
f 4139 4078 4140
f 3743 4163 4162
f 3861 3987 4166
f 3468 4067 3467
f 3306 3980 3835
f 4172 4010 4024
f 4169 3836 3835
f 4187 4189 4188
f 4213 4215 4214
f 4220 4222 4221
f 4225 4211 4204
f 4230 4232 4231
f 4240 4242 4241
f 3606 3608 3607
f 4250 4252 4251
f 4258 4260 4259
f 4077 4079 4078
f 4276 4278 4277
f 4308 4263 4309
f 4017 3872 3869
f 3196 3951 3950
f 4316 4270 4271
f 3870 4307 3869
f 4324 4326 4325
f 4333 4247 4244
f 4338 4340 4339
f 4348 4350 4349
f 4283 4289 4286
f 4356 4358 4357
f 4359 4020 4358
f 4362 4196 4197
f 4320 4279 4276
f 4370 4296 4371
f 4377 4303 4249
f 4231 4201 4178
f 4203 4331 4381
f 4037 4039 4038
f 4371 4386 4370
f 4387 4347 4314
f 3309 3294 3310
f 4099 3724 3818
f 4355 3257 4313
f 3630 3693 3627
f 4277 4302 4390
f 4350 4319 4349
f 4353 4351 4348
f 3637 3639 3638
f 4394 3827 3320
f 3311 4399 4398
f 3755 4005 4006
f 4363 4259 4260
f 3454 3919 3920
f 3446 3459 3458
f 4298 4404 4406
f 3749 3769 3766
f 3791 3756 3792
f 3643 3684 3640
f 3845 3399 3400
f 4313 3258 4312
f 4411 4408 4412
f 3843 4423 3842
f 4214 4329 4328
f 4431 4433 4432
f 3918 3798 3799
f 3927 3388 3389
f 4453 3874 3873
f 4138 4457 4456
f 3346 4459 3345
f 4100 4108 4107
f 3974 3976 3975
f 3665 3652 3664
f 3773 3993 3992
f 3945 3920 3957
f 4144 4462 4461
f 4464 4466 4465
f 3268 4479 3267
f 4484 4136 4485
f 3348 4487 3347
f 3313 3912 3913
f 3803 3617 3802
f 4086 3510 4087
f 4034 3305 4033
f 3403 4171 4489
f 4481 4492 4491
f 4177 4179 4178
f 4398 3923 3311
f 4451 4494 4450
f 4501 4076 4502
f 4509 4506 4503
f 3304 4462 4517
f 4485 3312 4484
f 3419 3349 4064
f 4356 4385 4305
f 4026 4358 4020
f 4354 4357 4358
f 3599 4091 4090
f 4341 4254 4274
f 4251 4524 4335
f 3482 3484 3483
f 3843 3544 4085
f 4295 4274 4294
f 4381 4206 4203
f 4204 4531 4225
f 4533 4535 4534
f 4542 4544 4543
f 4546 4548 4547
f 4573 4547 4548
f 4575 4577 4576
f 4221 4580 4220
f 4587 4589 4588
f 4328 4589 4214
f 4187 4563 4332
f 4595 4593 4591
f 4597 4604 4596
f 4609 4611 4610
f 4620 4622 4621
f 4612 4614 4613
f 4636 4600 4637
f 4649 4650 4648
f 4652 4654 4653
f 4662 4664 4663
f 4666 4668 4667
f 4637 4685 4684
f 4627 4700 4626
f 4684 4636 4637
f 4663 4661 4662
f 4699 4697 4696
f 4647 4703 4702
f 4709 4603 4710
f 4724 4726 4725
f 4742 4744 4743
f 3311 3924 3314
f 4698 4758 4679
f 4749 4609 4610
f 4342 4344 4343
f 4797 4799 4798
f 4490 3974 4143
f 4019 4306 3870
f 4512 4514 4513
f 3991 4508 4507
f 4692 4694 4693
f 4680 4818 4810
f 4821 4824 4823
f 4367 4243 4240
f 4833 4831 4830
f 4837 4757 4754
f 4332 4562 4561
f 4683 4819 4682
f 4845 4850 4849
f 4751 4752 4669
f 4854 4695 4692
f 4858 4718 4857
f 4822 4859 4824
f 4674 4647 4675
f 4771 4773 4772
f 4726 4537 4540
f 4714 4719 4715
f 4633 4688 4687
f 4616 4618 4617
f 4686 4842 4841
f 4869 4708 4629
f 3502 3528 3529
f 4777 4737 4745
f 4734 4779 4873
f 4883 4663 4664
f 4375 4274 4275
f 4290 4335 4524
f 4799 4826 4825
f 4816 4812 4810
f 4778 4732 4659
f 4158 4160 4159
f 4195 4197 4196
f 3860 4166 4167
f 3758 3763 3764
f 3694 4157 4156
f 4249 4391 4377
f 3467 3469 3468
f 4209 4211 4210
f 4142 4144 4143
f 3615 3617 3616
f 3479 3536 3535
f 4883 4672 4886
f 4802 4642 4643
f 3698 3638 3683
f 4105 3726 3730
f 4848 4896 4895
f 4878 4744 4837
f 4610 4748 4749
f 4036 4489 4035
f 4355 4314 4347
f 4171 4049 4048
f 3875 3216 3217
f 4868 4863 4864
f 4623 4691 4622
f 3629 4155 4154
f 4654 4898 4683
f 4012 4014 4013
f 4902 4866 4867
f 4768 4908 4906
f 4370 4385 4384
f 4888 4914 4913
f 3546 3917 3916
f 4932 4931 4919
f 3625 4151 4150
f 3804 3670 3657
f 3816 4103 4101
f 4911 4887 4912
f 4928 4927 4929
f 4925 4927 4921
f 3655 3666 3654
f 4932 4910 4911
f 4937 4912 4913
f 4939 4942 4941
f 4228 4530 4381
f 4946 4942 4947
f 4938 4923 4937
f 4942 4937 4947
f 4951 4930 4928
f 4955 4928 4954
f 4748 4615 4749
f 4914 4847 4956
f 4824 4584 4856
f 4940 4941 4943
f 4916 4960 4917
f 4909 4891 4862
f 4971 4968 4949
f 4966 4948 4944
f 4962 4953 4965
f 4940 4924 4939
f 4831 4917 4895
f 4935 4925 4924
f 4275 4261 4258
f 4679 4791 4678
f 4016 4373 4376
f 4668 4766 4795
f 4539 4727 4845
f 4929 4936 4933
f 4607 4882 4881
f 4775 4801 4802
f 4801 4742 4774
f 4732 4611 4733
f 4985 4983 4982
f 4534 4562 4533
f 4847 4645 4848
f 4788 4619 4616
f 4787 4678 4791
f 4657 4605 4597
f 4994 4878 4837
f 5006 5008 5007
f 5001 4973 4988
f 4814 4619 4785
f 5014 4974 5012
f 5003 4972 4973
f 5019 5007 5018
f 5024 5017 5025
f 5036 5035 5032
f 4990 4975 4972
f 5045 5034 5044
f 5048 5034 5035
f 5025 5014 5026
f 5046 5043 5031
f 5051 5055 5054
f 5044 5060 5059
f 5011 5021 5020
f 5013 5068 5012
f 5028 5072 5029
f 5077 5064 5065
f 5065 5079 5077
f 5083 5080 5060
f 5063 5080 5065
f 5054 5071 5078
f 4602 4711 4851
f 5058 5083 5053
f 4982 4792 4793
f 5041 5045 5061
f 3909 3278 3250
f 3471 3473 3472
f 5002 4994 4995
f 5060 5067 5059
f 4892 4862 4891
f 4891 4884 4892
f 4996 5003 5001
f 4997 5005 5000
f 4813 4614 4829
f 4618 4827 4613
f 5089 5093 5092
f 3303 3305 3304
f 5100 5102 5101
f 5107 5109 5108
f 5110 5092 5114
f 4610 4734 4874
f 5112 5100 5084
f 5088 5090 5089
f 5119 5117 5116
f 5092 5096 5089
f 3826 3829 3825
f 5108 5102 5126
f 5100 5087 5084
f 5118 5133 5138
f 3783 3690 3784
f 4444 4446 4445
f 5151 5150 5152
f 4790 4617 4813
f 4332 4190 4187
f 3266 4451 4448
f 3211 3332 3946
f 4741 4760 4652
f 4775 4777 4776
f 4764 4691 4766
f 4489 4048 4490
f 4466 4511 4497
f 4518 3930 4514
f 4786 4791 4807
f 4980 4984 4977
f 5144 5150 5143
f 5159 5148 5158
f 5121 5120 5114
f 5169 5162 5165
f 5016 4979 5017
f 5123 5179 5122
f 5181 5140 5183
f 5175 5184 5141
f 4575 4586 4534
f 4984 4976 4977
f 4596 4598 4597
f 5182 5183 5186
f 4785 4787 4786
f 5137 5122 5179
f 5167 5180 5181
f 4835 4898 4897
f 4687 4726 4633
f 4176 4170 4398
f 4760 4655 4652
f 4681 4649 4646
f 5121 5132 5131
f 5171 5178 5170
f 5174 5191 5176
f 5169 5194 5164
f 4909 5095 4907
f 5105 5112 5113
f 4767 5126 4803
f 5201 5205 5204
f 5219 5217 5216
f 5229 5200 5209
f 5234 5236 5235
f 4069 4071 4070
f 4724 4717 4713
f 5108 4768 5107
f 5103 5126 5102
f 5227 5211 5226
f 5015 4884 4885
f 4997 4892 4884
f 5197 5215 5214
f 5241 5247 5246
f 5013 5019 5018
f 5205 5232 5204
f 4969 4971 4970
f 5239 5249 5248
f 4808 5225 4809
f 5216 5199 5196
f 5253 5242 5254
f 5235 5255 5256
f 5135 5157 5134
f 5264 5267 5266
f 5245 5215 5242
f 5260 5269 5267
f 5264 5274 5265
f 5154 5173 5142
f 5287 5278 5288
f 5256 5300 5257
f 5173 5176 5175
f 4631 4629 4628
f 4781 4783 4782
f 5309 5311 5310
f 5155 5144 5145
f 4826 4827 4825
f 5291 5308 5293
f 5310 5281 5286
f 5311 5308 5288
f 4036 4176 4175
f 4641 4704 4702
f 5220 4804 5223
f 4770 5207 4905
f 5188 5175 5176
f 5180 5129 5140
f 4626 5314 5313
f 4731 5315 5317
f 5222 5210 5221
f 4728 5316 5315
f 5230 5216 5196
f 5297 5240 5241
f 5204 5208 5201
f 5318 4864 5319
f 5273 5287 5289
f 5221 5219 5230
f 4700 5321 5314
f 5313 5328 5329
f 5157 5154 5142
f 5275 5263 5265
f 5324 5318 5325
f 5323 5331 5328
f 5343 5345 5344
f 5306 5286 5282
f 5278 5311 5288
f 4882 5320 5316
f 5109 5114 5120
f 5123 5130 5129
f 5299 5284 5298
f 5240 5199 5241
f 5229 5197 5214
f 5305 5292 5293
f 5233 5225 5243
f 5192 5194 5193
f 5104 4670 4746
f 5146 5160 5145
f 5337 5347 5338
f 5347 5341 5332
f 5353 5335 5352
f 5349 5354 5352
f 5355 5357 5354
f 5358 5360 5359
f 5355 5348 5360
f 5342 5365 5364
f 5345 5362 5344
f 5332 5367 5331
f 5372 5315 5316
f 5370 5366 5369
f 5361 5354 5357
f 5364 5368 5367
f 5369 5362 5370
f 5316 5330 5372
f 5373 5371 5372
f 5341 5364 5332
f 5374 5359 5373
f 5329 5375 5330
f 5377 5379 5378
f 5377 5331 5367
f 5380 5367 5368
f 5363 5370 5362
f 5357 5374 5381
f 5381 5361 5357
f 4814 4825 4827
f 4825 4816 4799
f 4806 4747 4805
f 5119 5131 5118
f 4696 4893 5387
f 4696 5390 4699
f 5213 5388 5387
f 5393 5388 5394
f 5380 5384 5379
f 5213 4893 5212
f 4813 4908 4790
f 5390 4693 4694
f 5294 5287 5295
f 5184 5186 5183
f 5285 5253 5254
f 4769 4790 4908
f 5327 5359 5360
f 4598 4690 4656
f 4608 4733 4611
f 4627 4609 4839
f 4596 4851 4711
f 4900 4706 4707
f 4668 5395 4667
f 4863 4639 4601
f 5392 4666 4667
f 4872 4651 4807
f 4807 4758 4872
f 5348 5325 5326
f 5176 5190 5188
f 5046 5022 5023
f 4853 4869 4870
f 5346 5363 5362
f 4709 4620 4599
f 4672 4904 4886
f 4680 4651 4649
f 4841 4688 4686
f 4823 4818 4821
f 4729 4602 4851
f 4881 4851 4604
f 5360 5326 5327
f 4852 4707 4869
f 4890 4669 4666
f 5392 5389 5393
f 5189 5186 5187
f 4881 4605 4607
f 5343 5369 5366
f 4607 4625 4882
f 5056 5052 5057
f 4850 4798 4894
f 3260 5398 3259
f 4855 4899 4871
f 5339 5366 5342
f 4789 4808 4677
f 5400 3948 3952
f 3872 4046 3871
f 4018 3424 3872
f 4025 4172 4024
f 4011 4024 4010
f 4065 3900 3901
f 3413 4013 3412
f 5056 5069 5070
f 5055 5070 5071
f 4062 5399 4061
f 5269 5294 5268
f 4685 4903 4846
f 5254 5240 5296
f 4606 4658 4733
f 4729 4882 4728
f 4030 4043 4029
f 4664 4753 4883
f 3575 3904 3903
f 3413 3922 3426
f 4949 4955 4934
f 4947 4913 4914
f 4849 4894 4856
f 4143 3975 4142
f 4912 4932 4911
f 3774 3995 3994
f 3956 3342 4168
f 4871 4758 4759
f 4270 4272 4271
f 4039 5400 4140
f 3555 5402 3554
f 5403 3906 3907
f 3908 3823 3907
f 4124 5408 5407
f 3901 4046 4047
f 4120 5410 5409
f 4124 4125 4123
f 5420 5404 5421
f 5424 5425 3557
f 3400 5428 3845
f 5432 5435 3226
f 4941 4945 4944
f 4935 4949 4934
f 3895 3897 3896
f 5426 4121 5418
f 5430 3906 5420
f 4045 5398 4062
f 5395 5392 4667
f 4846 4701 4840
f 4880 4710 4879
f 4624 4608 4609
f 4656 4662 4661
f 5305 5309 5304
f 5220 5222 5221
f 4230 4327 4324
f 5030 5028 5027
f 5213 5211 5210
f 5440 3269 5441
f 4396 3980 5444
f 5447 3244 3241
f 3328 5451 5396
f 4208 4248 4207
f 4599 4621 4598
f 4528 4391 4208
f 4529 4199 4207
f 4526 4339 4528
f 4256 5452 4532
f 4532 4241 4242
f 3834 5446 3831
f 5443 5444 4050
f 4530 4334 4206
f 4754 4904 4837
f 4229 4381 4331
f 4205 4383 4531
f 4892 4987 4861
f 4039 3976 4038
f 4738 4796 4741
f 4833 4897 4832
f 4232 4200 4201
f 4194 4241 4193
f 4889 4750 4748
f 4194 4365 4368
f 4531 4195 4238
f 5043 5062 5031
f 4182 4561 4180
f 5446 3241 3831
f 5237 5248 5236
f 4206 4382 4205
f 5210 5218 5219
f 3426 3417 3425
f 4216 4192 4215
f 4219 4184 4185
f 4180 4380 4179
f 4327 4591 4326
f 4223 4231 4222
f 4215 4360 4329
f 4186 4218 4185
f 4190 4209 4189
f 4223 4595 4327
f 4326 4328 4329
f 4366 4568 4186
f 4570 4549 4569
f 4579 4548 4570
f 4563 4533 4562
f 4583 4220 4580
f 4586 4561 4562
f 4239 4363 4243
f 4572 4567 4564
f 4536 4585 4535
f 4538 4566 4541
f 4536 5453 4538
f 3573 3983 3316
f 5427 3552 3556
f 4553 4588 4552
f 4593 4555 4592
f 4368 4183 4227
f 4361 4235 4236
f 4233 4527 4232
f 4233 4324 4237
f 4212 4330 4331
f 4237 4325 4236
f 4193 5452 4361
f 4983 4885 4792
f 5002 4986 4993
f 5074 5076 5075
f 4698 5391 4759
f 5391 5390 4694
f 4871 4650 4872
f 4546 4543 4544
f 4553 4901 4574
f 4552 4555 4556
f 5223 4805 5394
f 5386 5383 5363
f 5317 5371 5327
f 3240 4429 3377
f 5384 5381 5379
f 3938 3218 3937
f 3942 5455 5454
f 5361 5386 5356
f 4542 4541 4545
f 3910 5420 3428
f 3939 4060 3940
f 3851 5351 5454
f 3838 3556 3837
f 4547 4857 4546
f 5442 4050 3335
f 3385 5428 5429
f 4257 4235 4256
f 5312 4893 4809
f 4212 4204 4211
f 3854 5461 4392
f 4226 4210 4211
f 4202 4178 4201
f 3316 3897 3315
f 5464 4432 4433
f 5465 3883 4432
f 4472 4449 4450
f 4501 4450 4494
f 4074 4080 4077
f 5473 5401 4173
f 4173 5475 5473
f 3432 3520 5413
f 3462 5504 3461
f 4075 4494 4080
f 5482 3387 3392
f 5468 5470 5469
f 3427 5422 3523
f 4498 4487 3386
f 5403 5414 4128
f 3382 5522 3873
f 3492 5511 3491
f 3429 3517 3520
f 3873 5524 4453
f 5480 3350 3347
f 3477 5505 3462
f 4507 5544 4475
f 4396 5551 4051
f 3374 5553 3373
f 3373 5554 3390
f 5479 4063 3350
f 3390 5555 3393
f 5531 5566 5565
f 3368 5567 3367
f 5556 5560 5559
f 3393 5557 5556
f 4433 5463 5464
f 5464 5458 5456
f 4435 4439 3380
f 4055 3277 3274
f 3273 3911 3370
f 3395 3358 3394
f 5486 4071 5484
f 5526 4453 5524
f 5525 5569 5566
f 5568 3527 5567
f 3527 3847 3366
f 3365 3849 5462
f 5462 3850 5459
f 4435 5571 4430
f 3378 3943 3944
f 5573 5577 5574
f 4438 3943 3379
f 5477 5579 5476
f 5582 5580 5579
f 5583 5581 5584
f 5586 5588 5587
f 4074 5586 4073
f 5583 5474 5473
f 4507 5590 3991
f 5573 4522 4520
f 3989 5596 3988
f 5594 3407 5593
f 4436 5572 5571
f 5591 3991 5590
f 4507 4476 5589
f 3990 5587 5588
f 5578 3406 5577
f 5595 5584 5581
f 5484 3358 5486
f 4441 5467 3882
f 5472 4077 4139
f 5522 5570 5524
f 5486 3353 3524
f 5481 3386 3387
f 3475 5492 3518
f 5476 3899 5477
f 5540 5606 5603
f 5542 5603 5607
f 5608 5542 5607
f 5608 5545 5544
f 5607 5609 5545
f 5599 5548 5612
f 5598 5543 5608
f 5595 5593 5596
f 5588 3989 3990
f 5626 3266 5627
f 5627 4448 5628
f 5469 4469 5468
f 4515 5625 4491
f 4503 4474 4509
f 4481 5627 4480
f 4500 5469 5470
f 3414 5466 5465
f 5594 5581 5582
f 3376 4430 5571
f 3444 3941 3855
f 5572 3444 3445
f 4273 4287 4272
f 4345 4357 4344
f 4386 4305 4385
f 4517 4463 5625
f 4352 4319 4379
f 4352 4251 4336
f 4268 4390 4388
f 4264 4320 4323
f 4346 4282 4283
f 4337 4343 4344
f 4289 4245 4288
f 4303 4287 4288
f 4343 4291 4342
f 4284 4244 4289
f 4375 4291 4294
f 4379 4271 4272
f 4337 4348 4336
f 4524 4295 4290
f 4364 4197 4279
f 4285 4390 4302
f 5206 5208 5207
f 4297 4371 4296
f 4346 4286 4273
f 4285 4333 4284
f 3571 4395 5460
f 5341 5339 5342
f 5346 5334 5335
f 5269 5273 5289
f 4510 5609 5610
f 4509 5545 5609
f 4445 5611 5546
f 5566 5568 3368
f 5349 5338 5348
f 5489 3401 3398
f 5565 3368 3338
f 5496 5417 5630
f 5523 3383 5634
f 5325 5347 5324
f 5523 5599 5522
f 5429 3401 5633
f 3887 5631 5630
f 5634 5600 5523
f 5276 5279 5277
f 5298 5257 5300
f 5087 5085 5084
f 3361 5612 5548
f 5041 5066 5040
f 5487 3383 3384
f 5101 5130 5100
f 5299 5300 5303
f 5333 5335 5334
f 5302 5304 5303
f 5234 5216 5217
f 5301 5255 5258
f 4868 5322 4867
f 5281 5277 5279
f 5323 5322 5324
f 5298 5296 5297
f 4885 4750 4792
f 5231 5196 5197
f 4625 5313 5320
f 5111 5085 5098
f 5600 5549 5548
f 5531 5563 5527
f 5165 5182 5189
f 5283 5285 5284
f 4269 4277 4268
f 5610 5603 5606
f 5127 5091 5128
f 4907 5125 4906
f 5277 5272 5262
f 5596 5592 5598
f 5212 5226 5211
f 5273 5262 5272
f 5302 5258 5292
f 5635 5645 5640
f 4250 4379 4378
f 4485 3405 3402
f 4354 4023 4351
f 4265 4304 4386
f 4388 4282 4387
f 4345 4384 4385
f 4362 4297 4259
f 4836 4612 4828
f 4360 4236 4325
f 4369 4237 4234
f 5647 3986 3573
f 5650 3192 3189
f 5337 5336 5333
f 4467 4477 4466
f 4253 4340 4252
f 4429 5457 4428
f 3997 3915 3540
f 5535 3839 3982
f 5538 4460 4456
f 3439 5571 3438
f 5570 5526 5524
f 3438 5572 3445
f 4440 3879 3876
f 3440 4407 3449
f 3886 5695 5694
f 5534 5396 5451
f 5685 3471 5684
f 4278 4301 4302
f 5628 4449 5469
f 3579 3538 3578
f 4480 5628 4500
f 4402 5517 5518
f 4279 4198 4278
f 3603 3532 3602
f 3580 4088 4090
f 4095 3531 4094
f 5248 5251 5250
f 3778 3999 3776
f 4617 4613 4614
f 4375 4372 4519
f 3411 4136 3410
f 5094 5111 5097
f 3602 3535 3605
f 4023 4350 4351
f 4349 4336 4348
f 3605 3536 3592
f 4469 4471 4470
f 4094 3593 4097
f 4248 4245 4246
f 3519 5518 5517
f 5254 5284 5285
f 4852 4795 4766
f 4265 5629 4264
f 5632 5503 5631
f 3604 3612 3601
f 5549 5502 3360
f 3653 3607 3661
f 4780 4873 4779
f 4988 4979 4976
f 4491 5626 4481
f 4837 4995 4994
f 4615 4765 4749
f 5468 4470 4504
f 3514 3467 3513
f 5491 4409 5679
f 4093 3619 4092
f 4364 5629 4297
f 3488 5509 3487
f 5606 5611 5610
f 4210 4189 4209
f 4600 4602 4601
f 5242 5198 5240
f 5073 5075 5072
f 5651 3940 4060
f 3996 3775 3998
f 5200 5202 5201
f 5525 5527 5526
f 3364 4434 3363
f 3775 3542 3581
f 3941 5485 3855
f 3731 4105 3730
f 4997 4999 4998
f 4508 5608 5544
f 4101 3818 3816
f 3728 4103 3727
f 4591 4592 4328
f 4539 4538 4537
f 4550 4552 4551
f 4541 4567 4545
f 4389 4570 4568
f 4582 4580 4576
f 4976 4978 4977
f 4705 4707 4706
f 4797 4843 4844
f 3713 3730 3726
f 4675 4702 4704
f 4977 4981 4980
f 4810 4817 4816
f 4786 4812 4785
f 4715 4628 4714
f 4978 5021 4981
f 5010 5006 4991
f 3722 4162 4161
f 4558 4560 4559
f 4568 4569 4218
f 4584 4535 4585
f 4641 4715 4716
f 5026 5012 5068
f 4776 4745 4742
f 4714 4712 4713
f 4982 5001 4985
f 4576 4560 4582
f 4564 4566 4565
f 5069 5018 5029
f 5057 5048 5047
f 4810 4811 4680
f 3710 3786 3709
f 4991 4999 5010
f 5011 5010 5004
f 5008 5022 5027
f 5066 5063 5040
f 5047 5024 5025
f 5050 5051 5053
f 5023 5016 5024
f 5045 5059 5061
f 5047 5026 5057
f 3711 3724 3721
f 5048 5037 5047
f 5042 5063 5062
f 5058 5051 5054
f 5036 5046 5037
f 3715 3700 3714
f 5235 5257 5246
f 3732 3704 3702
f 5030 5062 5064
f 5020 5023 5022
f 5263 5261 5260
f 5049 5044 5034
f 5236 5250 5255
f 5031 5027 5022
f 5043 5039 5042
f 5320 5329 5330
f 5049 5052 5051
f 5326 5317 5327
f 3264 3288 3285
f 5264 5263 5260
f 4998 4992 4987
f 5009 5020 5008
f 5036 5039 5038
f 5032 5034 5033
f 4355 3949 3422
f 4269 4374 4323
f 4253 4378 4303
f 4525 4252 4340
f 3960 4111 3866
f 4372 4258 4296
f 5681 5673 5675
f 4378 4272 4287
f 4270 4346 4273
f 3244 5644 5643
f 4899 4648 4650
f 3734 3702 3810
f 4138 3343 4137
f 4192 4361 4360
f 3813 3812 3810
f 3817 3696 3814
f 5668 5682 5674
f 5690 5687 5684
f 5499 5700 5517
f 3999 3820 3577
f 3745 4102 4106
f 5684 3472 5690
f 5702 3860 5703
f 5712 5693 5670
f 3249 4393 3572
f 5695 5715 5694
f 5694 5716 5696
f 5719 5601 5602
f 4918 4950 4952
f 4774 4743 4773
f 3844 5605 3735
f 5505 4411 5504
f 3583 3585 3582
f 3710 4157 4160
f 5513 4417 5508
f 5704 4146 5709
f 4141 4062 4049
f 5669 5688 4410
f 3898 5653 5450
f 5718 3972 5719
f 5684 5686 5685
f 3917 5717 3512
f 3463 5662 5660
f 5492 5680 5491
f 4931 4950 4919
f 5665 3441 5663
f 3788 3740 3790
f 3501 3529 3994
f 3569 3477 3308
f 5516 5727 5515
f 3564 3566 3565
f 3892 5406 3889
f 3962 5407 3961
f 4126 4123 4125
f 4116 3287 5411
f 3892 5630 5417
f 3824 5413 5414
f 4408 5680 4412
f 3969 3978 5402
f 4408 3449 4407
f 4414 3449 4413
f 3962 3262 4125
f 4425 5616 4321
f 4418 5727 4419
f 5716 5575 5696
f 5719 5717 5718
f 5698 5692 5697
f 3880 4166 3987
f 5652 5520 5619
f 5621 4167 4166
f 5679 4410 5688
f 3210 3355 5618
f 5622 5451 5657
f 5416 5497 5624
f 5729 5731 5730
f 5733 3761 3758
f 5735 5737 5736
f 5750 5751 5734
f 5744 5740 5741
f 5744 3753 5746
f 5753 5730 5731
f 5757 5736 5737
f 5731 5765 5753
f 5774 5776 5775
f 5790 5792 5791
f 5796 5787 5797
f 5817 5819 5818
f 5828 5830 5829
f 3725 3751 3747
f 4874 4873 4875
f 4700 4903 4902
f 4740 4876 4739
f 3199 3201 3200
f 4100 4099 4101
f 3749 4108 3748
f 3695 3712 3692
f 3378 3380 3379
f 5504 4412 5507
f 4405 5518 5699
f 5838 5835 5836
f 4705 4712 4708
f 5832 5828 5833
f 5697 5678 5698
f 3791 4005 3790
f 5848 5794 5850
f 3714 3701 3704
f 3995 4042 3890
f 3329 3224 3222
f 4005 3705 4004
f 4551 4763 4550
f 5855 5808 5856
f 5851 5792 5852
f 5803 5858 5847
f 5844 5840 5845
f 5762 5743 5740
f 5808 5806 5807
f 4012 3426 3423
f 5558 3467 4067
f 4550 4720 4901
f 4950 4953 4952
f 3885 5694 5696
f 5705 4081 4082
f 5508 4415 5505
f 3745 3760 3744
f 5507 5680 5506
f 3592 3588 3591
f 3895 5658 5653
f 5613 5501 5549
f 3834 4393 4055
f 5527 4455 5526
f 5775 5809 5774
f 5766 5813 5810
f 5858 5812 5859
f 5855 5811 5858
f 5863 5819 5862
f 5826 5863 5829
f 5862 5833 5828
f 5870 5837 5845
f 5782 5831 5832
f 5868 5836 5873
f 5778 5843 5844
f 5866 5845 5840
f 5785 5867 5784
f 5790 5789 5793
f 5796 5794 5795
f 5821 5819 5820
f 5657 5620 5622
f 5793 5852 5792
f 5855 5801 5798
f 5853 5786 5796
f 5804 5802 5803
f 5827 5864 5822
f 5767 5821 5813
f 5854 5776 5777
f 5860 5818 5861
f 5782 5825 5785
f 5781 5844 5834
f 5810 5815 5816
f 5867 5830 5784
f 5809 5798 5799
f 5828 5863 5862
f 5865 5838 5868
f 5801 5802 5800
f 4086 3795 4149
f 5779 5842 5843
f 5827 5829 5830
f 5839 5869 5835
f 5814 5855 5856
f 5711 3859 5702
f 4958 4917 4960
f 5861 5821 5768
f 5863 5812 5820
f 5865 5823 5824
f 5873 5837 5871
f 5872 5842 5780
f 4089 3563 5704
f 3812 3785 3811
f 5770 5787 5788
f 5789 5847 5846
f 5793 5846 5849
f 4145 4146 3498
f 5848 5790 5791
f 3953 4009 3952
f 5748 5874 5747
f 4624 4626 4625
f 4665 4752 4664
f 4775 4779 4778
f 4746 4671 4747
f 4637 4601 4639
f 4828 4613 4827
f 4704 4762 4675
f 4843 4727 4687
f 4543 4725 4542
f 4731 4863 4730
f 4723 4558 4722
f 4842 4840 4838
f 4717 4857 4718
f 4865 4867 4866
f 5841 5866 5840
f 4725 4540 4542
f 4798 4816 4817
f 4632 4634 4633
f 4720 4715 4719
f 4642 4644 4643
f 3754 5874 5876
f 4860 4644 4847
f 4674 4722 4721
f 4808 4676 4677
f 4721 4822 4821
f 5876 5877 5746
f 4836 4840 4839
f 4658 4660 4659
f 4826 4800 4838
f 4877 4743 4744
f 4948 4971 4943
f 4875 4876 4889
f 4954 4934 4955
f 5773 5788 5790
f 5825 5833 5824
f 5834 5836 5835
f 5834 5845 5837
f 3359 3361 3360
f 5732 3756 3757
f 3394 3396 3395
f 3766 5741 5742
f 5774 5799 5777
f 5805 5857 5802
f 5813 5820 5812
f 3969 3964 3968
f 5667 5674 5666
f 5729 3792 3756
f 3770 5741 3769
f 4741 4739 4738
f 4689 4660 4661
f 5772 5787 5771
f 5735 3758 3764
f 5850 5773 5848
f 5617 3965 5650
f 5799 5854 5777
f 5875 5764 5879
f 5840 5842 5841
f 5861 5769 5860
f 5807 5853 5851
f 5869 5834 5835
f 3765 5739 5738
f 5882 5761 5759
f 5881 5887 5889
f 5895 5898 5897
f 5907 5906 5908
f 5909 5908 5910
f 4234 4526 4369
f 3912 3389 3914
f 5934 8730 8729
f 8730 5930 5931
f 4920 4922 4921
f 8845 8853 8851
f 4141 3404 4174
f 3733 3706 3731
f 8849 8848 8850
f 4234 4236 4235
f 8863 5919 8862
f 3733 4004 3705
f 5908 8859 8867
f 8865 8871 8870
f 8859 8863 8864
f 5927 5925 5928
f 5911 5904 5912
f 8878 8866 8879
f 5635 5637 5636
f 5745 5746 5877
f 3552 3554 3553
f 8857 8890 8875
f 5924 8860 5923
f 3553 3556 3552
f 5919 8861 8862
f 8869 8870 8891
f 8873 8878 8876
f 8856 8875 8874
f 8862 5889 5887
f 8846 8844 8843
f 8864 8866 8865
f 8729 8883 8884
f 8848 8887 8886
f 8878 5888 8893
f 8896 8855 8897
f 8853 8896 5885
f 8841 5882 5883
f 3489 3491 3490
f 8867 8864 8868
f 5910 8867 8898
f 5914 8898 8899
f 5916 8899 8900
f 5889 8860 5890
f 8876 8893 8894
f 5918 8900 8901
f 4424 5726 4423
f 8904 8900 8899
f 8909 8904 8905
f 8908 8903 8904
f 8869 8905 8868
f 3632 3667 3635
f 3687 3689 3688
f 3636 3681 3631
f 3664 3639 3665
f 4304 4306 4305
f 8909 8891 8910
f 3681 3695 3680
f 3758 3760 3759
f 3684 3700 3683
f 3721 3723 3722
f 3941 3943 3942
f 3738 3740 3739
f 3687 3709 3690
f 3238 3938 3220
f 4249 4288 4245
f 4499 3344 4464
f 4240 4368 4367
f 3453 3951 3919
f 4401 3547 3967
f 3950 3451 3436
f 3702 3701 3703
f 3725 3727 3726
f 3194 3208 3193
f 4034 4461 4462
f 3914 3913 3912
f 3483 3533 3482
f 3191 3957 3206
f 4292 3970 4293
f 3909 3428 3356
f 3959 3866 3867
f 4017 4309 4016
f 4316 4008 3953
f 4448 4450 4449
f 4414 4417 4416
f 3435 3351 3433
f 4413 4415 4414
f 3899 3901 3900
f 3780 3648 3809
f 3474 3886 3885
f 3958 3192 3214
f 3221 3935 4427
f 3905 3907 3906
f 3913 4486 3313
f 4420 4421 4085
f 3881 3883 3882
f 4004 3790 4005
f 4271 4318 4316
f 4259 4296 4258
f 3501 4066 3468
f 5897 5900 5899
f 5901 5904 5903
f 8854 8856 8855
f 3789 3786 3720
f 3651 3781 3782
f 5924 5901 5925
f 8870 8873 8872
f 8876 8874 8873
f 5912 5918 5911
f 3805 3799 3737
f 3369 3395 3396
f 3923 3925 3924
f 3916 3512 3509
f 3641 3801 3642
f 4276 4323 4320
f 4181 4331 4330
f 4428 3377 4429
f 3495 4321 4322
f 4436 3380 3381
f 4430 4437 4435
f 3945 3958 3946
f 4065 4047 3418
f 4495 3408 4496
f 8913 8915 8914
f 8911 8917 8916
f 8889 8923 8890
f 8919 8931 8921
f 8884 8918 8885
f 8922 8931 8925
f 5852 5909 5851
f 5866 5915 5917
f 8926 8914 8915
f 8914 8883 8913
f 8886 8921 8888
f 5846 5894 5891
f 5873 5900 5868
f 8893 5764 5754
f 8894 5754 5753
f 5890 5927 8936
f 5885 5755 5758
f 5871 5902 5873
f 5763 5883 5762
f 5880 8936 5763
f 4175 4398 4399
f 4274 4255 4275
f 8883 5931 8882
f 8868 8898 8867
f 3289 3247 3292
f 3858 5485 5921
f 8850 8886 8888
f 4116 5409 4115
f 3889 4127 5415
f 3678 8938 8937
f 8857 8888 8889
f 3979 3294 3295
f 4126 3431 3823
f 3651 3679 3650
f 3460 5921 3354
f 4084 3310 3487
f 8905 8899 8898
f 3561 5397 5656
f 3213 5528 5519
f 4191 4193 4192
f 5449 5532 5533
f 4142 4031 4479
f 4060 5652 5651
f 4480 4482 4481
f 5519 3212 3213
f 5657 3330 3940
f 4473 4475 4474
f 3514 5668 5667
f 5663 5669 5665
f 8881 5926 8880
f 5734 5749 5750
f 4788 4677 4678
f 3997 3538 3506
f 3551 3310 3294
f 3577 3998 3999
f 4893 4676 4809
f 4753 4671 4672
f 8729 8885 8843
f 3813 9021 8937
f 8938 3813 8937
f 8882 5929 8881
f 4098 3820 3821
f 3399 5416 3398
f 5494 5503 4403
f 5880 5878 5881
f 4986 4861 4987
f 4999 5004 5010
f 4985 4988 4976
f 5816 5766 5810
f 4372 4384 4519
f 5688 5692 5679
f 8903 8901 8900
f 8879 5887 5888
f 8902 8880 8901
f 5919 5895 5920
f 4519 4342 4291
f 8847 8854 8853
f 5925 5903 5926
f 4021 4523 4025
f 5678 5676 4406
f 4424 4085 4421
f 5701 3577 3820
f 5928 5926 5929
f 5000 4980 5004
f 9022 3545 4113
f 9024 5409 5410
f 4008 4010 4009
f 3931 4516 4513
f 3822 3807 3821
f 8851 8844 8845
f 5728 5509 5721
f 9025 4115 5409
f 5209 5201 5208
f 4820 4653 4682
f 3988 5598 4508
f 3370 3357 3395
f 5639 5641 5640
f 5592 4477 5543
f 3378 5572 3381
f 5625 3265 5626
f 5594 5577 3406
f 3302 5645 3301
f 3274 3278 3273
f 5207 5233 5243
f 5071 5072 5075
f 4815 4785 4812
f 4796 4643 4760
f 3243 5643 5648
f 5301 5303 5300
f 5431 5655 5654
f 5251 5244 5252
f 3353 3523 3524
f 4174 3405 3411
f 3546 4113 3545
f 4002 3788 4004
f 4196 4238 4195
f 3232 5647 3231
f 4373 4266 4310
f 4867 5321 4902
f 5648 4058 3243
f 4455 3893 4453
f 5593 4511 5592
f 5275 5252 5253
f 5252 5274 5251
f 4092 3624 3597
f 3723 3743 3722
f 4780 4802 4796
f 4059 3560 5425
f 4317 4347 4270
f 5188 5192 5187
f 5570 5612 5569
f 3385 5633 3384
f 3526 5569 5612
f 3576 3608 3590
f 3581 3594 3580
f 5239 5238 5232
f 5081 5083 5082
f 4369 4528 4527
f 4325 4329 4360
f 3569 3286 3336
f 9022 4112 5709
f 3661 3801 3653
f 5074 5030 5064
f 5064 5063 5065
f 3563 3498 4146
f 3961 4119 5411
f 4854 4870 4735
f 5018 5028 5029
f 5007 5027 5028
f 5040 5039 5041
f 3240 3875 3239
f 5070 5029 5072
f 3504 3866 4111
f 3537 3591 3588
f 5033 5039 5032
f 4710 4635 4879
f 5017 4989 5014
f 5024 5046 5023
f 4991 5019 4990
f 4587 4574 4573
f 4996 4793 4878
f 5066 5059 5067
f 5221 5231 5220
f 5068 5057 5026
f 3675 3643 3642
f 3663 3675 3662
f 4722 4559 4822
f 3579 3590 3591
f 3686 3677 3678
f 4422 3499 4419
f 5142 5138 5133
f 5078 5075 5076
f 3609 3590 3608
f 3288 5411 3287
f 5424 5410 3246
f 5152 5156 5172
f 3960 5709 4112
f 4946 4957 4958
f 3867 5705 3959
f 9026 4113 5710
f 5192 5189 5187
f 5161 5194 5171
f 3637 3682 3636
f 4392 3847 3848
f 3796 4149 3795
f 4104 3727 4103
f 3594 3993 4088
f 3796 4134 5710
f 3687 4156 4157
f 3760 4164 4165
f 4464 3345 4467
f 3485 3868 3484
f 3846 5423 4130
f 3409 4496 3408
f 3767 3765 3762
f 3711 4159 4160
f 3797 4087 3510
f 4072 5562 5560
f 4502 5590 5589
f 5408 9027 4118
f 5683 5714 5682
f 5702 4110 5711
f 5623 4148 4167
f 5428 3525 3522
f 3668 3802 3667
f 4000 8938 3679
f 4221 4179 4380
f 4267 4388 4315
f 3721 4161 4159
f 3903 5706 5705
f 3583 4090 4091
f 3894 3524 3525
f 4635 4636 4634
f 4173 4009 4010
f 4890 5393 5394
f 5290 5293 5292
f 5339 5337 5333
f 5458 4438 4439
f 3251 5430 3910
f 3252 5419 3251
f 3428 5421 3427
f 3571 5418 3252
f 4583 4554 4593
f 4239 4224 4238
f 3322 5450 5449
f 5309 5306 5304
f 4109 3748 4108
f 5707 3794 3795
f 5139 5183 5140
f 5271 5290 5259
f 5280 5282 5279
f 5110 5125 5115
f 5319 4731 5317
f 5334 5339 5333
f 5423 3523 5422
f 5376 5378 5375
f 4721 4646 4674
f 3719 4159 4161
f 4853 4692 4795
f 5373 5330 5375
f 4428 5456 4437
f 5376 5328 5331
f 3337 4434 4431
f 4692 5395 4795
f 5475 4523 5476
f 5478 4068 4522
f 5421 4129 5422
f 5374 5375 5378
f 5283 5306 5282
f 5246 5234 5235
f 5154 5150 5153
f 4458 5561 4457
f 5163 5158 5168
f 5381 5378 5379
f 3397 5484 5483
f 4457 5563 5537
f 5147 5150 5149
f 4474 5544 5545
f 5325 5319 5326
f 5223 5388 5222
f 5517 3521 3519
f 4499 3347 4487
f 5404 4128 4129
f 3476 5506 3475
f 4084 5515 4083
f 3900 5477 3899
f 5536 5547 5546
f 5491 5493 5492
f 5474 4139 5401
f 4063 4522 4068
f 4459 5541 5540
f 5548 3360 3361
f 5444 5550 4396
f 3888 5415 5412
f 5546 3339 4445
f 5536 5538 5537
f 3570 5508 3477
f 4471 5589 4476
f 4280 3359 5933
f 5499 4403 5503
f 5189 5169 5165
f 5543 4478 5542
f 4051 5552 3374
f 3461 5507 3476
f 4629 4870 4869
f 5106 4909 4862
f 5286 5279 5282
f 5462 3364 3365
f 3491 5514 3840
f 5224 5231 5229
f 4478 5540 5542
f 4099 3742 3723
f 4803 4805 4804
f 4130 5422 4129
f 4470 4476 4473
f 4924 4921 4922
f 4920 4927 4926
f 4993 4987 4992
f 4887 4913 4912
f 3894 4070 4071
f 5472 5585 5586
f 3508 4134 3507
f 3603 4096 4097
f 3772 3992 4110
f 5712 5671 5672
f 3739 4162 4163
f 5683 3515 5715
f 5480 4495 5479
f 5698 5493 5498
f 3578 3996 3998
f 3645 4154 4155
f 5660 3466 3463
f 4135 5710 4134
f 5587 4073 5586
f 5687 5693 5686
f 3584 4091 4150
f 5585 5584 5588
f 4128 5415 4127
f 4257 4338 4526
f 4222 4178 4179
f 4366 4191 4216
f 5098 5091 5088
f 5761 5737 5760
f 5760 5738 5739
f 8852 5934 8844
f 8874 8855 8856
f 8895 8855 8877
f 5884 8842 8852
f 4557 4582 4560
f 8890 8917 8892
f 8918 8930 8920
f 8924 8915 8916
f 4182 4330 4190
f 3864 5711 4110
f 3574 3230 3231
f 3342 3415 3341
f 3488 3549 3840
f 4317 3953 3949
f 3672 4152 4153
f 5708 3865 5707
f 9021 3685 3686
f 3621 3616 3617
f 5728 4419 5727
f 4311 4028 4310
f 4131 3543 3841
f 4426 3842 4423
f 4518 4168 4427
f 5457 5464 5456
f 5425 3558 3837
f 5458 4437 5456
f 3416 5465 5457
f 5638 5437 5637
f 3985 5636 5637
f 5646 5636 5647
f 9023 3554 5402
f 5722 5514 5726
f 3256 3934 3255
f 4164 5734 5751
f 8885 8920 8887
f 3282 3929 3281
f 3292 3320 3291
f 3232 3300 3301
f 3303 3271 3334
f 3562 5432 3325
f 3392 3388 3391
f 3854 5350 3851
f 5463 5459 5458
f 5935 3885 5576
f 3879 3954 3878
f 3928 3391 3388
f 4137 4458 4138
f 5454 3850 3851
f 3548 3549 3550
f 4443 5470 4442
f 4452 4506 4447
f 4468 3415 3879
f 4443 3876 4483
f 3234 4515 4516
f 5434 3896 5433
f 5448 5441 5644
f 5447 5443 5442
f 4442 5471 5467
f 5550 3275 5551
f 5578 4520 3409
f 3464 5666 3463
f 4701 4839 4840
f 3259 4041 4030
f 4015 3423 4018
f 3558 3982 3839
f 4856 4823 4824
f 4741 4653 4740
f 3759 4106 3763
f 3560 3290 3559
f 9024 3557 3553
f 5438 3280 5439
f 3321 3290 3291
f 5557 4072 5560
f 5553 3396 5554
f 4045 4174 4044
f 4539 4849 4585
f 3536 3503 3588
f 5478 5574 5477
f 3800 3510 3511
f 4755 4886 4754
f 5561 5527 5563
f 5752 5732 5751
f 5752 5756 5765
f 3518 5493 5521
f 3767 4107 4108
f 3534 4097 3593
f 4395 3826 3827
f 3926 3371 3925
f 4446 5610 5611
f 4050 3980 3981
f 8887 8843 8885
f 5649 5640 5645
f 4643 4761 4760
f 3709 3784 3690
f 4778 4660 4777
f 5649 4054 5648
f 5646 3301 5645
f 3250 3910 3909
f 5884 5757 5761
f 5655 5936 5937
f 4224 4226 4225
f 4043 3412 4013
f 4286 4288 4287
f 4267 4310 4266
f 4493 4080 4494
f 3325 3226 3227
f 3925 3372 3928
f 4312 4314 4313
f 3996 3540 3541
f 8908 8912 8907
f 4023 4025 4024
f 3995 3891 3994
f 5482 5559 4137
f 4486 3921 4484
f 4300 4302 4301
f 5438 5644 5441
f 3233 3282 3270
f 3225 3227 3226
f 5446 5445 5443
f 5554 3397 5555
f 4834 4830 4772
f 4064 3350 4063
f 3596 3598 3597
f 5639 5648 5643
f 5434 5654 5658
f 4895 4830 4831
f 3674 3676 3675
f 3551 3978 3550
f 3835 3305 3306
f 3813 3702 3703
f 3691 4160 4157
f 4109 4101 4103
f 4565 4188 4564
f 3490 3547 3489
f 3672 3647 3673
f 8906 8912 8913
f 3810 3811 3734
f 4051 4397 4396
f 3566 4090 4088
f 5580 5476 5579
f 4456 5537 5538
f 5539 5546 5611
f 8844 8729 8843
f 8872 8874 8875
f 4383 4198 4195
f 4931 4927 4930
f 5529 5397 5396
f 5314 5323 5328
f 5347 5323 5324
f 4711 4599 4596
f 5387 5389 4696
f 5259 5292 5258
f 5195 4803 5126
f 5195 4746 4806
f 4639 4866 4685
f 4821 4681 4721
f 3421 5399 3260
f 4730 4601 4602
f 4807 4811 4786
f 4040 3421 3948
f 4844 4800 4797
f 3936 3929 3930
f 4894 4817 4823
f 5365 5383 5368
f 4657 4661 4658
f 5224 4770 4804
f 5368 5382 5380
f 5336 5352 5335
f 5353 5386 5363
f 4070 4454 4069
f 5396 3327 3328
f 5225 5312 4809
f 5384 5386 5385
f 5391 4695 4759
f 4735 4870 4630
f 4407 4409 4408
f 4623 4880 4706
f 5356 5352 5354
f 4578 4859 4577
f 3239 3217 3938
f 3937 3333 3939
f 4578 4534 4535
f 5467 4505 4452
f 4836 4826 4838
f 4422 5721 4421
f 3392 5556 5482
f 5564 5565 5547
f 3807 3663 3660
f 5922 4392 4281
f 3680 3692 3693
f 3630 3632 3631
f 4416 5725 4418
f 4033 3836 4176
f 3238 4168 3342
f 3466 3483 3484
f 3678 3650 3679
f 3677 3649 3650
f 3340 4431 3884
f 3562 5656 5655
f 5658 5938 5939
f 3642 3640 3641
f 3306 3334 3981
f 3256 3280 3281
f 8910 8892 8917
f 5868 5898 5859
f 8924 8922 8925
f 8935 8925 8931
f 8882 8913 8883
f 8925 8926 8924
f 8840 8936 5927
f 5852 5905 5907
f 5136 5124 5137
f 4243 4260 4242
f 5238 5228 5232
f 5642 5643 5644
f 3924 3928 3927
f 5412 5700 3888
f 3750 3751 3707
f 3746 3770 3769
f 3859 3861 3860
f 3972 3493 3494
f 5923 8861 5920
f 4945 4958 4959
f 3296 3286 3287
f 3824 3907 3823
f 3671 4154 4153
f 4137 5481 5482
f 3614 3802 3617
f 3283 3559 3290
f 4936 4934 4933
f 5511 5726 5514
f 4170 3926 3923
f 3572 3830 3826
f 3459 3858 3460
f 3496 4425 3495
f 3457 3436 3437
f 3984 3986 3985
f 3914 3386 4487
f 5512 5723 5511
f 4500 4483 4480
f 4501 4471 4472
f 4503 4505 4504
f 4143 4461 4490
f 3331 3222 3219
f 4016 4018 4017
f 3998 3776 3999
f 4114 5710 4113
f 4405 4406 4404
f 5602 5720 5719
f 4767 4804 4770
f 4929 4954 4928
f 4410 5665 5669
f 3888 5632 3887
f 4048 3977 3974
f 3947 3212 5652
f 5676 3472 3473
f 5782 5784 5783
f 4315 4311 4267
f 5699 5521 5493
f 5864 5825 5822
f 5826 5822 5823
f 5775 5805 5806
f 3236 3270 3271
f 5823 5859 5826
f 4957 4895 4917
f 8868 8865 8869
f 4281 3848 4280
f 4940 4971 4949
f 4013 4029 4043
f 3685 3701 3684
f 4339 4377 4391
f 8891 8872 8892
f 3753 3755 3754
f 4427 3220 3221
f 3809 3779 3780
f 3568 4418 3500
f 3880 3918 3805
f 3543 3842 3841
f 4646 4648 4647
f 4656 4597 4598
f 4781 4820 4784
f 4972 4974 4973
f 5101 5109 5120
f 5095 5115 5125
f 5090 5132 5093
f 5131 5134 5133
f 5134 5127 5135
f 5117 5140 5129
f 3539 3863 3595
f 4006 3792 4007
f 5128 5099 5124
f 5097 5089 5096
f 5274 5271 5259
f 4571 4569 4549
f 4225 4238 4224
f 5156 5170 5172
f 4538 4540 4537
f 4622 4665 4662
f 4981 5004 4980
f 5012 4975 5013
f 5148 5149 5157
f 5157 5133 5134
f 5161 5145 5160
f 4261 4242 4260
f 5294 5291 5268
f 4255 4532 4261
f 5274 5250 5251
f 4246 4207 4248
f 3314 3927 3912
f 4670 4672 4671
f 4995 4673 4986
f 4638 4603 4600
f 4341 4525 4340
f 5163 5165 5162
f 4834 4784 4819
f 4784 4682 4819
f 4844 4687 4688
f 5280 5275 5285
f 4217 4564 4188
f 4554 4556 4555
f 4551 4556 4594
f 4549 4544 4571
f 5141 5173 5175
f 4653 4683 4682
f 4973 4989 4988
f 4984 5015 4983
f 5177 5170 5178
f 5166 5181 5182
f 5141 5139 5138
f 5178 5151 5177
f 5244 5203 5245
f 5252 5245 5253
f 4479 4079 4493
f 4402 4404 4403
f 3500 4419 3499
f 5856 5909 5913
f 4488 3348 3349
f 8851 5885 5886
f 3607 5701 4098
f 3508 3503 3504
f 5847 5896 5894
f 4374 4309 4263
f 3380 4438 3379
f 9025 3553 3554
f 5718 4131 3973
f 3300 3283 3321
f 5551 3276 5552
f 5552 3369 5553
f 5555 5483 5557
f 5859 5896 5858
f 4133 3794 3915
f 3606 3652 3610
f 4900 4766 4691
f 4616 4789 4788
f 3738 4164 3757
f 4774 4642 4801
f 4399 3402 4175
f 5853 5795 5851
f 3936 4427 3935
f 3418 4064 4065
f 5510 3840 5514
f 3270 3279 3269
f 3274 4056 4055
f 4359 4305 4306
f 4135 3504 4111
f 3610 3609 3606
f 3837 3557 5425
f 5940 4401 5941
f 5853 5803 5847
f 5725 5515 5727
f 3246 4117 3245
f 5713 5672 5681
f 4918 4916 4915
f 4148 3771 5703
f 5106 5113 5111
f 4147 5709 4146
f 5152 5177 5151
f 9026 4111 4112
f 5104 5103 5112
f 3531 3485 3593
f 3713 3715 3714
f 3699 3815 3697
f 4467 4459 4478
f 4703 4736 4640
f 5405 3846 5406
f 3555 3963 3964
f 4120 5411 4119
f 4217 4185 4218
f 3279 5441 3269
f 4944 4959 4966
f 4353 4344 4357
f 3815 3716 4104
f 3374 4052 4051
f 4491 4516 4515
f 5865 5833 5866
f 5819 5856 5862
f 5807 5856 5808
f 3933 3281 3929
f 3208 3920 3919
f 8907 8902 8903
f 5288 5295 5287
f 3728 3747 3748
f 3309 4083 3336
f 5119 5101 5120
f 3811 3789 4002
f 3595 3992 3993
f 4106 4100 4107
f 5696 5576 3885
f 3708 3750 3707
f 3744 4165 4163
f 5905 5892 5906
f 3403 4175 3402
f 4133 3506 3507
f 4147 3544 3545
f 3561 3325 3324
f 3237 3239 3238
f 4877 4793 4794
f 3241 3243 3242
f 3597 3625 3596
f 3279 3281 3280
f 3371 3373 3372
f 3599 3567 3598
f 3975 4032 4031
f 3277 3250 3278
f 3774 3565 3773
f 3658 3780 3779
f 4961 4963 4960
f 3600 3616 4096
f 4228 4202 4199
f 4011 4318 4350
f 4307 4262 4308
f 4838 4841 4842
f 4782 4773 4743
f 4914 4946 4947
f 4839 4765 4836
f 4771 4645 4642
f 4962 4964 4963
f 4966 4963 4964
f 3601 3615 3600
f 5878 5879 5881
f 5890 5881 5889
f 3720 4158 3719
f 4755 4689 4663
f 3740 3718 3739
f 5695 5686 5714
f 5740 5742 5741
f 5733 5736 5749
f 5755 5750 5749
f 5745 5762 5740
f 5798 5800 5799
f 4706 4879 4705
f 5651 5619 5620
f 5850 5797 5772
f 5804 5806 5805
f 4087 5707 4086
f 5915 5914 5916
f 5703 4167 4148
f 5893 5896 5895
f 5892 5919 8858
f 5706 5664 4081
f 5786 5788 5787
f 3973 3841 3493
f 4831 4915 4916
f 5906 8858 8859
f 4965 4969 4964
f 4684 4846 4842
f 3589 3611 3604
f 3596 4150 4091
f 5877 5763 5745
f 4121 4123 4122
f 3469 3868 3502
f 3204 3208 3207
f 3716 3726 3727
f 5460 5426 3571
f 3465 3470 3464
f 5738 3764 3765
f 4887 4655 4888
f 4203 4205 4204
f 3959 4082 4089
f 5758 5886 5885
f 5781 5872 5780
f 4675 4723 4674
f 3757 5751 5732
f 3334 3272 3335
f 8880 5903 5911
f 5615 3473 5614
f 5759 5760 5743
f 8845 8848 8847
f 5778 5780 5779
f 8857 8849 8850
f 4132 3798 3859
f 5839 5841 5842
f 560 3187 559
f 5747 4007 3792
f 5928 8840 5927
f 5766 5768 5767
f 4848 4956 4847
f 4953 4967 4965
f 4832 4910 4915
f 5879 5888 5887
f 3598 3530 4095
f 5747 5730 5748
f 5754 5748 5730
f 5810 5812 5811
f 5758 5749 5736
f 4315 4387 4314
f 5917 5916 5918
f 5913 5910 5914
f 5930 8841 8840
f 4951 4968 4953
f 3209 3201 3202
f 4059 3246 3247
f 8731 8842 8841
f 3776 3585 3778
f 5770 5772 5771
f 5891 5893 5892
f 9028 5641 5439
f 5814 5816 5815
f 5662 5673 5661
f 3522 3524 3523
f 5630 5942 5496
f 5791 5795 5794
f 5746 3754 5876
f 5928 5931 5930
f 5743 5739 5742
f 5876 5875 5878
f 3678 9021 3686
f 4200 4207 4199
f 4114 3916 4149
f 3601 3605 3604
f 3818 3712 3817
f 3315 3317 3316
f 5899 5902 5901
f 8840 5883 8936
f 5562 5559 5560
f 4416 3448 4414
f 3189 3191 3190
f 4751 4747 4671
f 4181 4180 4177
f 3832 5454 5351
f 3362 3526 3361
f 5678 5699 5698
f 3497 3499 3498
f 448 807 447
f 647 122 270
f 5690 5677 5697
f 4183 4185 4184
f 1833 1780 1832
f 5920 5897 5923
f 510 508 507
f 4401 5944 5941
f 5656 5530 5936
f 3970 5940 4293
f 5653 5939 5946
f 5450 5946 5532
f 3384 5945 5487
f 4403 4299 5494
f 5944 3968 5949
f 3963 5951 3852
f 5614 3474 5935
f 5427 3857 5951
f 3210 1887 3201
f 1887 3200 3201
f 15 3197 3200
f 16 3195 3197
f 3195 3187 3194
f 3194 1899 3207
f 3207 375 3204
f 387 126 127
f 3189 1760 5650
f 9029 757 758
f 763 2172 2175
f 9035 9032 9033
f 9033 9031 9030
f 9046 9048 9047
f 8751 9054 8752
f 9078 9077 9079
f 9083 9051 9053
f 9088 9047 9048
f 9099 9040 9097
f 9102 9036 9099
f 9105 9032 9103
f 9105 9106 9031
f 1801 9108 9107
f 9103 9034 9102
f 9096 9047 9089
f 1767 9111 9112
f 1597 9113 1600
f 1708 9117 9116
f 9123 9119 9118
f 9118 9125 9124
f 1588 9116 1587
f 2080 9118 2082
f 2082 9124 2084
f 9126 9087 9083
f 9129 9088 9087
f 5512 5943 5947
f 5634 5488 5948
f 5724 5947 5616
f 9134 9097 9133
f 9144 9102 9138
f 9133 9096 9132
f 786 9144 785
f 9146 9103 9144
f 785 9138 497
f 497 9134 650
f 650 9133 564
f 9148 9133 9132
f 8756 9057 8753
f 9154 9130 9129
f 9151 9131 9130
f 9097 9090 9096
f 1799 9111 1768
f 5949 3964 3853
f 9160 8809 8811
f 8813 9160 8811
f 9166 564 9148
f 9067 9054 9052
f 9162 9148 9150
f 9087 9048 9051
f 9081 9079 9082
f 9049 9051 9048
f 9082 9167 9081
f 9079 9049 9046
f 9169 9175 9170
f 9167 9112 9081
f 9168 9177 9167
f 9120 9113 9177
f 9120 9169 9119
f 9119 9170 9125
f 9179 9125 9170
f 9180 9124 9125
f 9178 9170 9175
f 1576 2084 9124
f 9179 9183 9181
f 3203 1387 3190
f 3190 1791 3189
f 5618 1949 3210
f 317 259 391
f 2000 9105 9146
f 9053 9052 9054
f 9041 9036 9037
f 9029 756 2170
f 9037 9034 9035
f 9130 9089 9088
f 3204 376 3203
f 1801 9109 1799
f 9181 9180 9179
f 1575 9190 1088
f 9187 1576 9180
f 1776 1796 1775
f 1293 1290 1284
f 1326 1327 12
f 1294 1234 1290
f 878 1330 1337
f 5633 5490 5945
f 5933 3360 5502
f 5613 5948 5500
f 5604 3844 5720
f 3972 5950 5601
f 3494 4322 5950
f 4406 5615 4298
f 3492 4292 5943
f 5631 5495 5942
f 497 374 498
f 122 413 121
f 5624 3398 5416
f 9151 9156 9160
f 9058 8752 9054
f 9160 9150 9151
f 8815 9162 8813
f 9156 8794 8809
f 439 399 438
f 1512 1526 1511
f 1668 1738 1671
f 839 1362 838
f 1362 826 1012
f 3425 3418 4047
f 4905 5243 4808
f 4621 4662 4690
f 5582 5574 5577
f 4754 4756 4755
f 3902 4021 4022
f 9295 1896 9267
f 2053 2118 2117
f 9340 2120 2119
f 696 9268 9283
f 4922 4939 4924
f 4365 4186 4183
f 5105 4862 4670
f 5228 5226 5225
f 4781 4877 4794
f 5218 5238 5217
f 4990 4992 4991
f 4335 4336 4251
f 4993 4972 5002
f 4794 4792 4750
f 5886 8852 8851
f 5405 5417 5416
f 4669 4764 4668
f 4676 4698 4679
f 1826 639 640
f 9192 9181 9183
f 5232 5233 5204
f 5418 4122 5419
f 956 886 960
f 5720 3512 5717
f 4728 4730 4729
f 8879 8863 8862
f 1980 1922 807
f 4969 4966 4964
f 33 105 164
f 9028 3254 5437
f 3837 3839 3838
f 4382 4301 4383
f 3908 4122 4123
f 4290 4294 4291
f 4400 4055 4056
f 3219 3221 3220
f 8894 8877 8876
f 4640 4735 4630
f 4389 4216 4213
f 3267 4493 4451
f 3268 4463 4144
f 5097 5098 5088
f 5094 5096 5095
f 5654 5937 5938
f 4089 3960 3959
f 5159 5162 5160
f 5202 5249 5205
f 5412 5414 5413
f 5715 3516 5716
f 5723 4423 5726
f 4263 4323 4374
f 3994 3564 3774
f 1343 9308 9309
f 3470 5667 3464
f 5659 5671 5706
f 3319 4053 3299
f 9359 2128 9354
f 1766 1582 1594
f 14 2163 738
f 595 99 594
f 5703 3772 5702
f 5206 5229 5209
f 3437 3458 3457
f 5516 3487 5509
f 5122 5087 5123
f 3223 3934 3935
f 3979 5402 3978
f 3828 3320 3827
f 5663 4081 5664
f 4035 4490 4461
f 4426 5724 4425
f 3881 4447 4444
f 5407 4118 4119
f 5691 5689 5687
f 5661 5672 5671
f 5911 8901 8880
f 3902 3871 4046
f 5541 5539 5606
f 4069 5561 5562
f 3248 3292 3247
f 1346 1044 1352
f 748 1425 747
f 3297 3255 3934
f 5445 4056 5550
f 5783 5830 5831
f 4310 4376 4373
f 5857 5800 5802
f 3882 4452 3881
f 3193 3919 3951
f 3190 3206 3203
f 4266 4268 4267
f 4488 3420 4486
f 3331 3940 3330
f 4282 4284 4283
f 4606 4607 4605
f 4628 4708 4712
f 4659 4733 4658
f 4615 4829 4614
f 4718 4713 4717
f 5722 4421 5721
f 3307 3461 3433
f 4686 4634 4636
f 3966 3550 3978
f 4738 4875 4873
f 3416 3237 3341
f 4527 4208 4200
f 5093 5114 5092
f 5124 5086 5122
f 5117 5138 5139
f 4631 4640 4630
f 5166 5168 5167
f 5185 5187 5186
f 5194 5191 5171
f 3245 4118 9027
f 5214 5203 5200
f 3230 3318 3284
f 5237 5217 5238
f 5250 5258 5255
f 5113 5084 5085
f 5270 5269 5268
f 4906 5107 4768
f 5271 5267 5270
f 5276 5262 5263
f 5153 5174 5173
f 5290 5268 5291
f 5306 5303 5304
f 5147 5146 5143
f 4585 4856 4584
f 3226 5436 3225
f 4473 4504 4470
f 5765 8897 8895
f 4529 4247 4530
f 8923 8916 8917
f 5713 5682 5714
f 3315 3898 3322
f 5564 5537 5563
f 4468 4441 5466
f 3738 4163 4165
f 4577 4559 4560
f 5567 3366 3363
f 3587 4150 4151
f 5471 4504 4505
f 5860 5816 5817
f 3516 5558 5932
f 5436 5637 5437
f 5050 5083 5060
f 5547 3338 3339
f 9023 3295 4115
f 5708 4132 5711
f 4104 3814 3815
f 3718 4161 4162
f 5498 5679 5692
f 3884 4432 3883
f 3955 3877 3878
f 4049 4061 3977
f 8892 8875 8890
f 4572 4218 4569
f 4440 4442 4441
f 4497 3407 3408
f 4632 4633 4724
f 8906 8881 8902
f 5664 5670 5663
f 3751 3706 3707
f 3511 3736 3800
f 5129 5116 5117
f 5086 5098 5085
f 5135 5128 5136
f 5143 5145 5144
f 5168 5136 5137
f 5297 5246 5257
f 5164 5160 5162
f 5155 5171 5170
f 5137 5167 5168
f 5293 5307 5305
f 5513 4083 5515
f 4053 3825 4057
f 3228 3298 3227
f 3631 3635 3636
f 5689 5670 5693
f 5759 5883 5882
f 3793 3507 4134
f 4906 4891 4907
f 4719 4901 4720
f 3597 4095 4092
f 3352 4125 3262
f 9064 9058 9067
f 9076 9067 9077
f 9083 8794 9126
f 9131 9096 9089
f 9138 9099 9134
f 9154 9126 9156
f 9077 9052 9049
f 9053 8766 9083
f 9191 9187 9181
f 9082 9046 9193
f 9193 9168 9082
f 1284 1288 1285
f 9150 9132 9131
f 3841 3496 3493
f 3570 3336 4083
f 4027 4312 3258
f 4889 4781 4794
f 4041 4044 4043
f 4885 4813 4829
f 5419 3905 5430
f 4367 4227 4224
f 1778 1780 1779
f 1792 1584 1789
f 4308 3869 4307
f 4594 4762 4551
f 4767 4769 4768
f 5461 3366 3847
f 4763 4716 4720
f 4919 4915 4910
f 4300 4334 4333
f 5196 5198 5197
f 5158 5135 5136
f 5431 5433 5432
f 4545 4571 4544
f 4557 4594 4556
f 695 571 694
f 4156 3626 3694
f 4861 4670 4862
f 5681 5674 5682
f 5473 5580 5583
f 3622 4152 4151
f 5647 3574 3231
f 3674 3808 3649
f 4420 3498 3499
f 5675 5666 5674
f 3253 5439 3280
f 5870 5917 5912
f 8887 8919 8886
f 5862 5913 5915
f 3534 3485 3482
f 3313 4484 3312
f 9090 9046 9047
f 4871 4695 4855
f 3778 3822 3819
f 4889 4874 4875
f 4000 3784 4001
f 4897 4911 4910
f 3856 3838 3839
f 4772 4896 4771
f 4015 4376 4014
f 3433 3476 3435
f 4053 3302 3299
f 3367 3363 4434
f 3242 3831 3241
f 3441 4082 4081
f 4735 4855 4854
f 4756 4737 4689
f 3382 3384 3383
f 3698 3697 3682
f 4676 4678 4677
f 4948 4941 4944
f 4890 4805 4747
f 4757 4745 4737
f 4581 4380 4586
f 5716 5932 5597
f 4923 4926 4932
f 5077 5081 5076
f 5078 5058 5054
f 4009 5400 3952
f 5081 5078 5076
f 3930 4513 4514
f 4014 4028 4029
f 4025 4020 4021
f 3618 4096 3616
f 4581 4576 4580
f 4219 4188 4189
f 5440 3335 3272
f 5449 3323 3322
f 4229 4177 4202
f 4590 4214 4589
f 4227 4184 4226
f 4574 4858 4547
f 4565 5453 4563
f 4592 4588 4589
f 4590 4573 4579
f 3517 5521 3519
f 3845 3522 5423
f 4444 3884 3881
f 3982 5533 5535
f 4465 4497 4495
f 4520 4521 4496
f 4076 5591 5590
f 3635 3666 3634
f 3343 4498 5481
f 4022 3870 3871
f 3661 4098 3660
f 5691 5697 5692
f 3768 5742 5739
f 4514 3956 4518
f 3697 3814 3696
f 4394 5460 4395
f 4054 4057 4058
f 3284 3323 3559
f 4052 4169 4397
f 4447 4510 4446
f 4456 3346 4138
f 4483 3877 4482
f 4482 4512 4492
f 4492 4513 4516
f 5642 5439 5641
f 5448 5442 5440
f 5466 3882 3883
f 3340 4445 3339
f 8908 8910 8911
f 4397 3835 3980
f 5413 3521 5412
f 3234 3932 3233
f 5753 8895 8894
f 8896 5756 5755
f 8921 8889 8888
f 8915 8911 8916
f 3933 3935 3934
f 3620 3657 3623
f 3966 3968 3967
f 4905 4769 4770
f 3225 5437 3254
f 5433 3984 5435
f 5714 5693 5713
f 5435 3985 5436
f 3954 3955 3878
f 4713 4632 4724
f 4879 4632 4705
f 3983 3896 3897
f 9027 3248 3245
f 5871 5912 5904
f 5849 5891 5905
f 4702 4640 4641
f 4213 4579 4389
f 3644 3688 3689
f 9193 9040 9041
f 8920 8935 8919
f 5406 4130 4127
f 4140 5401 4139
f 5659 3904 5660
f 4772 4783 4834
f 4244 4246 4245
f 4061 4037 4038
f 3669 3803 3668
f 3459 3209 3202
f 4072 5484 4071
f 4835 4834 4819
f 5660 5661 5659
f 4262 4264 4263
f 3633 3627 3628
f 3685 3676 3686
f 4517 3235 3304
f 4145 4085 3544
f 5455 5459 3850
f 5638 5640 5641
f 3228 3254 3255
f 4044 3411 3412
f 3614 3612 3613
f 3273 3275 3274
f 4952 4961 4918
f 4959 4960 4963
f 4888 4761 4860
f 4254 4256 4255
f 4199 4201 4200
f 4499 4465 5480
f 5479 4496 4521
f 5952 5954 5955
f 5956 5958 5959
f 5959 5960 5961
f 5962 5964 5965
f 5966 5968 5969
f 5967 5971 5968
f 5963 5961 5960
f 5972 5964 5973
f 5974 5976 5977
f 5978 5980 5981
f 5982 5984 5985
f 5986 5985 5984
f 5988 5990 5991
f 5992 5994 5995
f 5996 5998 5999
f 6000 6002 6003
f 6004 6006 6007
f 6008 6010 6011
f 6012 6014 6015
f 6016 6018 6019
f 6020 6022 6023
f 6024 6026 6027
f 6028 6030 6031
f 6032 6034 6035
f 6036 6038 6039
f 6040 6013 6012
f 6042 6044 6045
f 5992 6047 5993
f 6048 6050 6051
f 6052 6054 6055
f 6056 6058 6059
f 6060 5987 5986
f 6062 6064 6065
f 6066 6068 6069
f 6070 6027 6026
f 6072 6057 6056
f 6075 6077 6074
f 6078 6080 6081
f 6082 6054 6084
f 6085 6081 6086
f 6087 5990 6088
f 6061 6089 5987
f 6089 6091 6092
f 6092 6093 6094
f 6095 5981 6096
f 6062 6084 6063
f 6097 6035 6034
f 6056 6099 6072
f 6100 6102 6103
f 6001 6104 6105
f 6107 6109 6106
f 6110 6112 6113
f 6114 6025 6115
f 6116 6118 6119
f 6120 6122 6123
f 6124 6126 6127
f 6128 6101 6100
f 6039 6131 6036
f 6132 6134 6135
f 6136 6138 6003
f 6139 6141 6142
f 6143 6145 6146
f 6148 6150 6147
f 6152 6154 6151
f 6155 6157 6158
f 6159 6161 6162
f 6163 6165 6166
f 6167 6169 6170
f 6171 6173 6174
f 6175 6104 6177
f 6178 6180 6181
f 6023 6183 6020
f 6184 6186 6187
f 6117 6188 6189
f 6190 6192 6193
f 6194 6026 6114
f 6195 6191 6190
f 6197 6199 6200
f 6201 6203 6204
f 6205 6207 6208
f 6209 6201 6204
f 6197 6211 6212
f 6212 6213 6214
f 5979 6214 6213
f 6203 6217 6204
f 6206 6198 6207
f 6218 5962 6219
f 5965 6219 5962
f 5972 3354 6221
f 6070 6222 6223
f 6224 6226 6227
f 6228 6230 6231
f 6232 6234 6235
f 6196 6236 6237
f 6071 6223 6238
f 6239 6241 6242
f 6243 6245 6246
f 6247 6248 6249
f 6250 6252 6253
f 6254 6256 6257
f 6258 6260 6261
f 6229 6263 6230
f 6264 6242 6241
f 6266 6268 6269
f 6270 6272 6273
f 6274 6276 6277
f 6195 6279 6236
f 6280 6281 6282
f 6283 6285 6286
f 6123 6287 6288
f 6289 6291 6292
f 6293 6243 6295
f 6240 6297 6241
f 6298 6267 6266
f 6300 6302 6303
f 6304 6306 6307
f 6251 6308 6309
f 6247 6311 6312
f 6313 6315 6316
f 6314 6317 6318
f 6319 6320 6321
f 6322 6088 6323
f 6216 6258 6217
f 6325 6327 6328
f 6217 6261 6329
f 6330 6238 6331
f 6071 6048 6027
f 6015 6333 6012
f 6079 6335 6080
f 6336 6240 6239
f 6294 6296 6240
f 6337 6339 6340
f 6341 6343 6344
f 6345 6347 6348
f 6266 6349 6298
f 6350 6352 6353
f 6295 6246 6354
f 6303 6356 6300
f 6357 6359 6360
f 6361 6363 6364
f 6365 6353 6366
f 6367 6369 6370
f 6371 6370 6372
f 6372 6374 6371
f 6375 6373 6376
f 6376 6378 6375
f 6379 6381 6382
f 6383 6385 6386
f 6387 6389 6390
f 6391 6393 6394
f 6395 6397 6398
f 6398 6400 6395
f 6399 6402 6400
f 6403 6401 6404
f 6405 6407 6408
f 6409 6411 6412
f 6367 6413 6414
f 6374 6415 6416
f 6417 6384 6383
f 6419 6348 6347
f 6421 6423 6424
f 6425 6400 6402
f 6426 6395 6400
f 6393 6428 6429
f 6429 6394 6393
f 6390 6431 6432
f 6433 6408 6407
f 6435 6437 6438
f 6439 6411 6438
f 6392 6441 6442
f 6397 6442 6443
f 6401 6444 6445
f 6446 6437 6404
f 6448 6450 6451
f 6452 6454 6455
f 6442 6456 6457
f 6443 6457 6458
f 6444 6460 6461
f 6445 6461 6462
f 6463 6462 6465
f 6446 6462 6464
f 6466 6468 6469
f 6448 6470 6471
f 6453 6472 6473
f 6474 6476 6477
f 6478 6480 6481
f 6482 6484 6485
f 6486 6488 6489
f 6490 6492 6493
f 6493 6494 6495
f 6496 6498 6499
f 6500 6502 6503
f 6504 6506 6507
f 6508 6509 6510
f 6511 6513 6508
f 6499 6515 6496
f 6516 6518 6519
f 6520 6522 6523
f 6524 6525 6526
f 6507 6527 6504
f 6504 6528 6510
f 6528 6508 6510
f 6529 6531 6532
f 6342 6534 6343
f 6535 6346 6536
f 6347 6537 6419
f 6434 6539 6408
f 6539 6405 6408
f 6541 6451 6450
f 6543 6470 6545
f 6546 6481 6547
f 6499 6548 6549
f 6549 6514 6499
f 6551 6553 6554
f 6555 6557 6558
f 6403 6423 6559
f 6426 6413 6416
f 6415 6428 6427
f 6430 6561 6562
f 6434 6420 6419
f 6563 6565 6566
f 6404 6445 6446
f 6459 6399 6398
f 6455 6388 6387
f 6405 6449 6406
f 6540 6450 6405
f 6567 6568 6569
f 6570 6463 6567
f 6475 6490 6465
f 6458 6571 6572
f 6573 6574 6575
f 6576 6578 6579
f 6193 6580 6581
f 6582 6584 6585
f 6583 6586 6587
f 6588 6587 6586
f 6590 6068 6591
f 6592 6594 6319
f 6251 6595 6252
f 6304 6597 6598
f 6272 6599 6273
f 3737 6558 6557
f 6600 6160 6601
f 6123 6603 6120
f 6604 6606 6607
f 6608 6208 6609
f 5972 6220 5965
f 6610 6612 6556
f 6613 6615 6616
f 6242 6618 6239
f 6226 6245 6227
f 6620 6622 6623
f 6624 6146 6625
f 6626 6211 6136
f 6627 6629 6630
f 6631 6633 6634
f 6235 6636 6232
f 6637 6639 6640
f 6641 6286 6642
f 6643 6645 6646
f 6647 6649 6650
f 6244 6294 6336
f 6336 6652 6244
f 6194 6237 6222
f 6196 6114 6191
f 6115 6191 6114
f 6653 6655 6656
f 6657 6189 6658
f 6117 6659 6118
f 6130 6156 6131
f 6133 6151 6134
f 6661 6662 6660
f 6663 6616 6552
f 6664 6273 6665
f 6418 6432 6431
f 6290 6328 6291
f 6666 6556 6612
f 6557 3805 3737
f 5971 6668 5968
f 6181 6670 6178
f 6671 6673 6674
f 6676 6672 6675
f 6675 6149 6676
f 6067 5999 5998
f 6677 6679 6680
f 6681 6683 6684
f 6087 6090 6089
f 5983 6685 6686
f 5982 6687 6685
f 6094 6688 6687
f 6211 6137 6136
f 6689 6691 6692
f 6690 3833 3832
f 6001 6686 6002
f 5978 6215 5979
f 6694 5978 6095
f 5974 6095 6695
f 6183 6696 6697
f 6698 5961 6218
f 5959 6699 5956
f 6697 6700 6701
f 6702 6703 6704
f 5968 6705 5969
f 6706 5955 5954
f 6707 6617 6708
f 6024 6709 6710
f 6402 6559 6425
f 3852 6712 3853
f 3856 6593 3857
f 5977 6694 5974
f 6713 5977 5976
f 6714 6716 6717
f 6718 6308 6250
f 6720 6254 6721
f 6722 6724 6725
f 6312 6726 6727
f 6069 6728 6729
f 6319 6730 6086
f 6731 6644 6732
f 6732 6734 6731
f 6046 6320 6047
f 3880 6666 6735
f 6736 6738 6739
f 6531 6741 6326
f 6300 6614 6613
f 6742 6325 6290
f 6743 3891 3890
f 6744 6301 6745
f 6746 6534 6533
f 6536 6579 6535
f 6535 6563 6537
f 6566 6537 6563
f 6538 6409 6539
f 6412 6539 6409
f 6412 6541 6540
f 6748 6542 6541
f 6749 6545 6542
f 6568 6547 6543
f 6751 6548 6546
f 6753 6550 6549
f 6755 6757 6758
f 6759 6761 6762
f 6763 6765 6762
f 6764 6623 6765
f 6766 6768 6769
f 6770 6772 6773
f 6774 6776 6777
f 6021 6777 6022
f 6723 6779 6724
f 6780 6782 6783
f 6784 6786 6787
f 6788 6790 6791
f 6185 6793 6186
f 6794 6725 6795
f 6729 6098 6097
f 6135 6798 6132
f 6799 6065 6800
f 6037 6802 6038
f 6005 6588 6586
f 6005 6804 6006
f 6052 6010 6805
f 6586 6803 6005
f 6092 5987 6089
f 6094 5985 6092
f 6096 6695 6095
f 6082 6799 6585
f 6657 6041 6659
f 6013 6658 6014
f 6795 6807 6808
f 6809 6811 6812
f 6813 6815 6816
f 6817 6819 6820
f 6821 6823 6824
f 6329 6204 6217
f 6202 6826 6203
f 6072 6827 6828
f 6598 6305 6304
f 6301 6613 6663
f 6830 6271 6270
f 6822 6778 6823
f 6326 6832 6327
f 6203 6833 6216
f 6027 6051 6024
f 6360 6835 6357
f 6836 6838 6839
f 6837 6841 6838
f 6362 6366 6363
f 6380 6384 6381
f 6421 6578 6842
f 6566 6410 6409
f 6394 6388 6391
f 6414 6368 6367
f 6371 6416 6413
f 6561 6378 6382
f 6382 6562 6561
f 6381 6418 6562
f 6389 6430 6431
f 6391 6454 6441
f 6441 6453 6456
f 6456 6473 6574
f 6495 6750 6568
f 6843 6485 6484
f 6844 6843 6846
f 6573 6847 6848
f 6849 6487 6486
f 6513 6752 6469
f 6517 6850 6503
f 6521 6851 6850
f 6844 6852 6853
f 6505 6510 6509
f 6753 6512 6754
f 6516 6521 6517
f 6614 6854 6615
f 6742 4003 3891
f 6708 6855 6856
f 6307 6857 6858
f 6307 6665 6304
f 6414 6425 6559
f 6416 6427 6426
f 6562 6431 6430
f 6419 6538 6434
f 6358 6839 6359
f 6059 6859 6860
f 6861 6863 6864
f 6865 6867 6868
f 6115 6869 6870
f 6871 6873 6874
f 6721 6596 6875
f 6876 6556 6555
f 6877 6552 6551
f 6551 6268 6877
f 6879 6265 6269
f 6239 6651 6336
f 6230 6619 6226
f 6171 6669 6880
f 6106 6882 6881
f 6883 6822 6821
f 6759 6187 6174
f 6725 6785 6807
f 6885 6808 6791
f 6886 6888 6031
f 6701 6756 6755
f 6884 6779 6822
f 6715 6309 6308
f 6889 6890 6891
f 6743 4042 6892
f 6270 6893 6830
f 6386 6895 6383
f 6895 6420 6896
f 6897 6417 6896
f 6897 6407 6898
f 6390 6899 6387
f 6900 6406 6449
f 6455 6901 6452
f 6902 6904 6471
f 6482 6905 6483
f 6501 6907 6502
f 6496 6908 6909
f 6532 6326 6325
f 6532 6743 6529
f 6612 6735 6666
f 6611 6910 6612
f 6626 5979 6213
f 6704 6105 6702
f 6913 6591 6914
f 6915 6795 6885
f 6229 4067 4066
f 6263 6289 6619
f 6745 6663 6877
f 6916 6757 6917
f 6885 6165 6915
f 6920 6783 6919
f 6921 6923 6924
f 6925 6924 6926
f 6927 6929 6930
f 6931 6933 6934
f 6935 6937 6938
f 6939 6941 6942
f 6943 6945 6946
f 6947 6949 6950
f 6944 6951 6952
f 6953 6955 6956
f 6957 6959 6960
f 6961 6929 6963
f 6964 6966 6967
f 6968 6970 6971
f 6969 6955 6970
f 6972 6946 6973
f 6974 6976 6977
f 6978 6980 6981
f 6940 6982 6983
f 6984 6986 6987
f 6988 6990 6991
f 6992 6989 6993
f 6994 6996 6997
f 6998 7000 7001
f 7002 7004 7005
f 7006 7008 7009
f 7010 7012 7013
f 7014 7016 7017
f 7018 6999 6998
f 7020 7022 7023
f 7024 7026 7027
f 7028 7030 7031
f 7032 7034 7035
f 7003 7036 7037
f 7038 7040 7027
f 6993 7030 7041
f 7042 7044 7045
f 7046 7007 7006
f 7011 7048 7049
f 7050 7052 7053
f 7054 7014 7055
f 7015 7056 7057
f 6621 7045 7044
f 7049 6775 6774
f 7051 6021 6020
f 7055 6701 7054
f 7054 6755 7056
f 6764 7047 7046
f 7020 7059 7013
f 7060 7062 7063
f 6958 7065 6959
f 6925 7067 6973
f 7068 6934 6926
f 7069 6991 7070
f 7071 7072 7073
f 7074 7076 7077
f 7078 7080 7081
f 7014 7082 7083
f 7084 7086 7087
f 7025 7031 7026
f 7085 7072 7088
f 7089 7087 7090
f 7055 7083 7091
f 7090 6770 6773
f 7092 7094 7095
f 7091 6697 7055
f 6770 7086 6758
f 7095 6767 6766
f 7096 6980 7097
f 7098 6940 7099
f 7058 7023 7100
f 7101 6930 7102
f 6974 7063 6967
f 7103 6971 7104
f 7105 6981 6977
f 7106 7036 7108
f 7109 7010 7110
f 7111 7018 7034
f 7098 7037 7100
f 7048 7112 6775
f 7113 7041 6997
f 6994 7115 7088
f 6965 6923 6966
f 6975 6945 6976
f 7061 7065 7062
f 6954 6933 6963
f 6763 7109 7047
f 7046 6620 6764
f 6947 7067 6956
f 6758 7056 6755
f 7118 7039 7038
f 7038 7070 7118
f 7106 7121 7122
f 7123 7053 7052
f 7123 7083 7082
f 7045 7006 7042
f 7107 7122 7009
f 7091 7052 7051
f 7091 6020 6183
f 6936 7097 6937
f 7125 6960 7102
f 6774 7050 7049
f 7119 6942 7039
f 7019 7005 6999
f 7011 7124 7012
f 7021 7040 7022
f 7114 7016 7115
f 7053 7049 7050
f 7086 7057 7056
f 6993 7127 6992
f 7075 7113 7076
f 4281 6603 7128
f 6012 7129 6040
f 7130 6584 7131
f 6797 7133 6798
f 6074 7135 6075
f 6789 6173 6790
f 6760 6776 6761
f 7136 6801 6589
f 6914 6674 6913
f 7007 7059 7008
f 7099 7003 7098
f 6984 7104 6938
f 7110 7047 7109
f 6333 6587 7129
f 5956 6667 5971
f 5957 5971 5970
f 7137 6308 6719
f 4292 6718 6250
f 6693 6668 6215
f 6215 6667 6214
f 6214 6699 6212
f 6698 6212 6699
f 6219 6198 6218
f 6207 6220 6208
f 6220 6609 6208
f 6262 4066 4003
f 7138 7140 7141
f 4298 7140 4299
f 7143 7145 7146
f 7147 7144 7149
f 7149 7151 7147
f 7150 7153 7151
f 6329 7154 7152
f 6261 7155 7154
f 7156 7157 7158
f 6598 7159 7160
f 6257 7161 7162
f 6256 4321 7161
f 6693 6706 6705
f 5954 6705 6706
f 5953 5969 5954
f 7163 5983 6912
f 7164 6138 7166
f 7167 7169 7170
f 6141 7172 6142
f 7166 7173 7164
f 6141 7174 7175
f 7176 7178 7179
f 7180 7182 7183
f 7184 7186 7187
f 6631 7183 7188
f 6218 6197 6698
f 6625 7189 6624
f 6814 7190 7191
f 6882 7193 7194
f 7195 6109 6108
f 6888 7198 7199
f 7200 7202 7203
f 7176 6630 7204
f 6029 7187 6030
f 7205 7207 7208
f 7209 7211 7212
f 7203 7213 7214
f 6886 6778 6723
f 6031 7215 6886
f 7216 7218 7219
f 7220 6880 6669
f 6076 7220 7222
f 6074 6672 6671
f 6147 6662 7223
f 7223 6111 6110
f 6810 6113 6112
f 6920 6914 6591
f 6077 6675 6672
f 6660 6076 6661
f 7222 6669 6181
f 7224 6181 6180
f 6660 6150 6675
f 7225 6794 6915
f 6783 7225 6164
f 6781 6068 6067
f 7217 7228 7218
f 6031 7199 6028
f 6887 6723 6722
f 6164 6915 6165
f 6780 6591 6068
f 7134 6671 6914
f 7229 6824 6823
f 7187 7230 7229
f 7226 6722 6794
f 7231 6169 7233
f 7201 7233 7202
f 6107 7235 7200
f 7215 6823 6778
f 6030 7229 7215
f 7236 7219 7179
f 7237 6820 6819
f 7237 7207 7238
f 7239 7241 7242
f 6739 7244 6736
f 7245 7242 7246
f 7233 6168 7247
f 7247 7202 7233
f 7195 7203 7214
f 7248 7250 6703
f 7227 7252 7228
f 7253 5998 7251
f 6067 7198 6781
f 6781 7197 6782
f 5984 6683 5986
f 7254 6678 6684
f 6679 7252 5997
f 6887 7197 6888
f 6782 7226 7225
f 7135 6163 7221
f 7221 6075 7135
f 6661 7222 7224
f 7224 6111 6661
f 6180 6112 7224
f 6179 6810 6180
f 6811 6793 6649
f 6650 6622 6769
f 6766 7044 7095
f 7095 7043 7092
f 7092 7121 7081
f 7078 7255 7033
f 7256 7257 7258
f 6768 7259 6647
f 6773 7094 7090
f 7090 7093 7089
f 7089 7080 7073
f 7071 7032 7260
f 7077 6998 7074
f 6995 7260 6996
f 7077 7261 7035
f 7035 7018 7077
f 7108 7111 7255
f 6978 7262 7001
f 7105 7264 7262
f 7263 6952 7264
f 6990 6951 7265
f 6972 7266 7265
f 7117 6950 7266
f 6948 7267 6949
f 6969 6982 7267
f 7103 6987 6983
f 7005 6986 7268
f 6999 7268 7000
f 7269 7271 7272
f 7274 7275 7273
f 7274 7276 7277
f 7278 7280 7281
f 7282 7284 7285
f 7286 7288 7289
f 7290 7292 7293
f 7294 7296 7293
f 7068 7298 7299
f 7300 7302 7303
f 7304 7305 7306
f 7307 7305 7308
f 7309 7283 7310
f 7311 7313 7314
f 7125 7306 7315
f 7285 7280 7282
f 7277 7303 7302
f 6965 7316 7317
f 7318 7316 7319
f 7320 7271 7314
f 7312 7296 7313
f 7270 7298 7322
f 7311 7322 7317
f 6961 7300 7308
f 7323 7325 7326
f 7327 7328 7329
f 7064 7325 7328
f 7287 7292 7288
f 6931 7299 7301
f 7331 7329 7319
f 7332 7334 7335
f 7336 7338 7339
f 7340 7333 7332
f 7342 7343 7344
f 7345 7347 7344
f 7348 7350 7351
f 7352 7354 7355
f 7356 7358 7359
f 7360 7362 7363
f 7365 7367 7364
f 7368 7370 7371
f 7372 7336 7374
f 7373 7337 7336
f 7367 7376 7377
f 7378 7380 7381
f 7382 7384 7385
f 7386 7385 7384
f 7388 7390 7391
f 7392 7333 7393
f 7394 7396 7397
f 7398 7400 7401
f 7402 7404 7405
f 7406 7408 7409
f 7410 7383 7382
f 7412 7414 7415
f 7385 7417 7382
f 7389 7419 7390
f 7373 7421 7375
f 7420 7372 7422
f 7369 7424 7370
f 7399 7397 7425
f 7393 7341 7342
f 7398 7357 7426
f 7358 7401 7427
f 7428 7430 7431
f 7433 7435 7432
f 7363 7436 7437
f 7383 7439 7384
f 7411 7438 7383
f 7441 7443 7444
f 7445 7339 7447
f 7374 7339 7446
f 7444 7364 7448
f 7448 7450 7449
f 7364 7451 7450
f 7451 7377 7452
f 7449 7454 7453
f 7455 7450 7451
f 7456 7451 7452
f 7410 7458 7459
f 7460 7462 7369
f 7423 7462 7463
f 7464 7466 7467
f 7468 7347 7470
f 7376 7471 7472
f 7425 7396 7473
f 7475 7477 7474
f 7478 7480 7481
f 7482 7407 7406
f 7484 7351 7486
f 7487 7488 7489
f 7490 7492 7493
f 7412 7434 7433
f 7494 7434 7415
f 7496 7391 7497
f 7440 7498 7499
f 7401 7488 7500
f 7485 7345 7501
f 7500 7427 7401
f 7395 7469 7468
f 7503 7505 7506
f 7507 7509 7510
f 7511 7513 7514
f 7511 7515 7516
f 7517 7519 7520
f 7521 7523 7355
f 7352 7525 7526
f 7415 7527 7494
f 7528 7530 7486
f 7404 7502 7500
f 7477 7496 7532
f 7512 7481 7513
f 7405 7500 7488
f 7533 7535 7536
f 7378 7510 7537
f 7532 7379 7538
f 7539 7541 7542
f 7524 7355 7523
f 7351 7501 7348
f 7414 7523 7527
f 7522 7527 7523
f 7544 7412 7545
f 7546 7547 7548
f 7526 7353 7352
f 7550 7355 7354
f 7521 7551 7548
f 7552 7548 7551
f 7546 7553 7554
f 7522 7548 7547
f 7418 7520 7555
f 7416 7554 7417
f 7457 7558 7458
f 7557 7560 7558
f 7535 7561 7562
f 7562 7563 7564
f 7564 7349 7348
f 7351 7565 7486
f 7567 7569 7566
f 7570 7520 7519
f 7419 7555 7571
f 7572 7348 7501
f 7389 7556 7418
f 7573 7493 7480
f 7552 7534 7553
f 7562 7536 7535
f 7572 7576 7574
f 7422 7578 7420
f 7423 7580 7424
f 7579 7463 7581
f 7578 7576 7582
f 7583 7381 7380
f 7586 7581 7585
f 7533 7579 7586
f 7447 7338 7587
f 7588 7531 7589
f 7590 7431 7591
f 7321 7592 7585
f 7275 7463 7273
f 7461 7276 7462
f 7279 7461 7453
f 7453 7593 7279
f 7594 7454 7455
f 7330 7498 7459
f 7459 7294 7330
f 7558 7595 7295
f 7560 7320 7595
f 7275 7585 7581
f 7462 7273 7463
f 7596 7380 7497
f 7597 7406 7409
f 7467 7599 7600
f 7601 7603 7604
f 7605 7444 7443
f 7365 7606 7366
f 7607 7494 7608
f 7513 7473 7396
f 7396 7514 7513
f 7514 7468 7515
f 7470 7515 7468
f 7610 7609 7470
f 7612 7476 7475
f 7613 7529 7614
f 7442 7615 7616
f 7343 7617 7618
f 7574 7577 7536
f 7619 7399 7491
f 7518 7509 7519
f 7491 7425 7492
f 7549 7621 7565
f 7491 7622 7619
f 7377 7440 7452
f 7379 7497 7380
f 7453 7460 7449
f 7411 7459 7498
f 7623 7391 7390
f 7625 7610 7484
f 7487 7483 7626
f 7619 7408 7489
f 7627 7620 7549
f 7538 7378 7537
f 7389 7477 7476
f 7629 7412 7433
f 7489 7407 7487
f 7628 7598 7597
f 7413 7524 7414
f 7592 7559 7630
f 7584 7632 7381
f 7569 7633 7571
f 7570 7566 7569
f 7631 7566 7632
f 7508 7519 7509
f 7614 7480 7613
f 7346 7470 7347
f 7572 7562 7564
f 7571 7634 7419
f 7346 7484 7610
f 7607 7431 7495
f 7585 7630 7586
f 7624 7497 7391
f 7635 7384 7439
f 7636 7502 7588
f 7323 7310 7289
f 7420 7582 7421
f 7637 7455 7456
f 7287 7499 7498
f 7458 7295 7294
f 7439 7472 7635
f 7599 7604 7600
f 7359 7427 7636
f 7436 7639 7437
f 7490 7640 7622
f 7481 7493 7473
f 7641 7505 7525
f 7642 7627 7644
f 7492 7473 7493
f 7517 7625 7530
f 7625 7486 7530
f 7634 7390 7419
f 7474 7532 7516
f 7448 7441 7444
f 7368 7449 7460
f 7615 7368 7371
f 7638 7602 7639
f 7575 7501 7345
f 7571 7570 7569
f 7400 7489 7488
f 7508 7632 7566
f 7503 7540 7539
f 6957 7315 7326
f 7376 7438 7377
f 7507 7381 7632
f 7499 7452 7440
f 7286 7456 7499
f 7504 7644 7505
f 7368 7460 7369
f 7645 7627 7643
f 7647 7633 7646
f 7647 7623 7634
f 7649 7623 7648
f 7650 7624 7649
f 7646 7568 7651
f 7651 7567 7652
f 7653 7567 7631
f 7651 7655 7646
f 7656 7658 7659
f 7660 7657 7661
f 7663 7656 7662
f 7664 7663 7666
f 7667 7663 7662
f 7667 7668 7655
f 7663 7661 7657
f 7670 7672 7669
f 7661 7671 7660
f 7659 7662 7656
f 7648 7668 7659
f 7648 7673 7649
f 7659 7674 7673
f 7658 7675 7674
f 7668 7646 7655
f 7660 7676 7675
f 7675 7678 7674
f 7677 7676 7679
f 7677 7681 7678
f 7682 7678 7681
f 7677 7684 7680
f 7673 7678 7683
f 7683 7649 7673
f 7685 7671 7670
f 7667 7686 7666
f 7666 7687 7664
f 7654 7686 7655
f 7689 7686 7688
f 7664 7691 7690
f 7650 7583 7596
f 7693 7631 7584
f 7584 7692 7693
f 7693 7682 7694
f 7694 7681 7695
f 7694 7653 7693
f 7650 7682 7692
f 7696 7652 7653
f 7654 7652 7697
f 7688 7697 7698
f 7699 7697 7696
f 7700 7698 7699
f 7695 7696 7694
f 7699 7702 7700
f 7689 7698 7701
f 7689 7703 7704
f 7705 7707 7703
f 7701 7705 7703
f 7704 7707 7685
f 7685 7691 7704
f 7687 7704 7691
f 7680 7695 7681
f 7684 7702 7680
f 7702 7705 7700
f 7684 7707 7706
f 7676 7707 7679
f 7665 7672 7661
f 7670 7690 7691
f 7665 7690 7669
f 7611 7474 7609
f 7510 7479 7478
f 7511 7537 7512
f 7516 7538 7511
f 7517 7613 7518
f 7537 7478 7512
f 7611 7612 7475
f 7613 7479 7518
f 7556 7517 7520
f 7516 7609 7474
f 7708 7710 7711
f 7712 7714 7715
f 7713 7717 7714
f 7719 7721 7718
f 7722 7597 7409
f 7724 7715 7725
f 7726 7728 7729
f 7731 7573 7730
f 7730 7614 7732
f 7733 7735 7736
f 7721 7724 7737
f 7731 7409 7640
f 7708 7729 7738
f 7737 7709 7739
f 7716 7736 7740
f 7742 7744 7745
f 7740 7735 7746
f 7717 7740 7747
f 7716 7720 7741
f 7748 7711 7710
f 7750 7710 7725
f 7720 7751 7741
f 7734 7728 7735
f 7709 7725 7710
f 7752 7715 7714
f 7739 7708 7738
f 7720 7712 7721
f 7749 7755 7711
f 7745 7756 7747
f 7746 7742 7745
f 7743 7755 7754
f 7727 7735 7728
f 7747 7757 7717
f 7753 7725 7715
f 7751 7620 7733
f 7757 7714 7717
f 7718 7737 7732
f 7747 7746 7745
f 7727 7755 7742
f 7726 7711 7755
f 7759 7756 7758
f 7759 7752 7757
f 7760 7753 7752
f 7761 7750 7753
f 7758 7744 7763
f 7763 7743 7764
f 7754 7764 7743
f 7763 7767 7758
f 7768 7770 7771
f 7772 7771 7773
f 7775 7772 7774
f 7776 7775 7778
f 7779 7775 7774
f 7775 7769 7768
f 7770 7781 7780
f 7782 7772 7773
f 7760 7782 7773
f 7760 7783 7761
f 7773 7784 7783
f 7770 7784 7771
f 7779 7782 7767
f 7782 7758 7767
f 7785 7780 7786
f 7785 7788 7784
f 7787 7786 7789
f 7787 7791 7788
f 7792 7788 7791
f 7787 7794 7790
f 7793 7784 7788
f 7762 7783 7793
f 7796 7780 7795
f 7795 7781 7797
f 7779 7798 7778
f 7799 7778 7798
f 7766 7798 7767
f 7800 7799 7798
f 7802 7799 7803
f 7795 7802 7803
f 7762 7748 7750
f 7805 7754 7749
f 7749 7804 7805
f 7805 7792 7806
f 7806 7791 7807
f 7806 7765 7805
f 7793 7804 7762
f 7808 7764 7765
f 7766 7764 7809
f 7766 7810 7800
f 7811 7809 7808
f 7812 7810 7811
f 7807 7808 7806
f 7811 7814 7812
f 7813 7800 7810
f 7801 7815 7816
f 7817 7819 7815
f 7813 7817 7815
f 7816 7819 7796
f 7796 7803 7816
f 7799 7816 7803
f 7790 7807 7791
f 7794 7814 7790
f 7814 7817 7812
f 7794 7819 7818
f 7786 7819 7789
f 7777 7781 7769
f 7777 7802 7797
f 7528 7718 7529
f 7729 7723 7722
f 7738 7730 7739
f 7732 7739 7730
f 7733 7628 7734
f 7722 7738 7729
f 7621 7719 7528
f 7628 7723 7734
f 7733 7741 7751
f 7732 7529 7718
f 7486 7621 7528
f 7549 7350 7353
f 7353 7349 7354
f 7354 7563 7550
f 7821 7823 7820
f 7824 7826 7827
f 7825 7829 7826
f 7830 7832 7833
f 7834 7827 7835
f 7836 7838 7839
f 7840 7406 7841
f 7841 7598 7842
f 7843 7845 7846
f 7833 7834 7847
f 7848 7836 7839
f 7847 7821 7849
f 7828 7846 7850
f 7853 7855 7852
f 7850 7845 7856
f 7829 7850 7857
f 7828 7832 7851
f 7858 7823 7822
f 7860 7822 7835
f 7831 7851 7832
f 7844 7838 7845
f 7834 7822 7821
f 7863 7827 7826
f 7849 7820 7848
f 7825 7833 7832
f 7859 7866 7823
f 7855 7867 7857
f 7837 7855 7856
f 7865 7852 7866
f 7837 7845 7838
f 7857 7868 7829
f 7864 7835 7827
f 7843 7642 7504
f 7868 7826 7829
f 7830 7847 7842
f 7857 7856 7855
f 7837 7866 7852
f 7836 7823 7866
f 7870 7867 7869
f 7870 7863 7868
f 7871 7864 7863
f 7872 7860 7864
f 7869 7854 7874
f 7874 7853 7875
f 7876 7853 7865
f 7874 7878 7869
f 7879 7881 7882
f 7883 7882 7884
f 7886 7883 7885
f 7887 7886 7889
f 7890 7886 7885
f 7886 7880 7879
f 7891 7880 7892
f 7884 7885 7883
f 7871 7893 7884
f 7871 7894 7872
f 7884 7895 7894
f 7882 7896 7895
f 7890 7893 7878
f 7893 7869 7878
f 7881 7897 7896
f 7898 7895 7896
f 7900 7896 7897
f 7901 7899 7898
f 7904 7902 7903
f 7898 7905 7901
f 7894 7899 7904
f 7904 7872 7894
f 7907 7891 7906
f 7906 7892 7908
f 7890 7909 7889
f 7910 7889 7909
f 7877 7909 7878
f 7912 7909 7911
f 7887 7914 7913
f 7906 7913 7914
f 7873 7858 7860
f 7916 7865 7859
f 7859 7915 7916
f 7916 7903 7917
f 7917 7902 7918
f 7917 7876 7916
f 7873 7903 7915
f 7919 7875 7876
f 7877 7875 7920
f 7911 7920 7921
f 7922 7920 7919
f 7923 7921 7922
f 7918 7919 7917
f 7922 7925 7923
f 7924 7911 7921
f 7912 7926 7927
f 7928 7930 7926
f 7924 7928 7926
f 7927 7930 7907
f 7907 7914 7927
f 7910 7927 7914
f 7901 7918 7902
f 7905 7925 7901
f 7925 7928 7923
f 7905 7930 7929
f 7897 7930 7900
f 7888 7892 7880
f 7888 7913 7908
f 7645 7831 7830
f 7839 7862 7931
f 7841 7848 7840
f 7842 7849 7841
f 7504 7844 7843
f 7839 7840 7848
f 7643 7861 7831
f 7503 7862 7844
f 7846 7861 7843
f 7842 7645 7830
f 7932 7934 7935
f 7936 7938 7939
f 7937 7941 7938
f 7942 7944 7945
f 7947 7949 7946
f 7950 7939 7951
f 7953 7955 7952
f 7956 7958 7959
f 7956 7540 7960
f 7962 7964 7961
f 7936 7965 7945
f 7946 7958 7957
f 7966 7952 7955
f 7965 7933 7967
f 7968 7969 7964
f 7970 7972 7973
f 7974 7964 7963
f 7941 7968 7975
f 7940 7944 7969
f 7976 7935 7934
f 7978 7934 7951
f 7943 7969 7944
f 7947 7963 7962
f 7933 7951 7934
f 7980 7939 7938
f 7967 7932 7966
f 7937 7945 7944
f 7977 7983 7935
f 7973 7984 7975
f 7953 7973 7974
f 7982 7970 7983
f 7974 7954 7953
f 7975 7985 7941
f 7981 7951 7939
f 7961 7544 7545
f 7985 7938 7941
f 7942 7965 7960
f 7975 7974 7973
f 7952 7970 7953
f 7952 7935 7983
f 7987 7984 7986
f 7987 7980 7985
f 7988 7981 7980
f 7989 7978 7981
f 7986 7972 7991
f 7991 7971 7992
f 7993 7971 7982
f 7986 7994 7995
f 7997 7999 7996
f 8000 7999 8001
f 8003 8000 8002
f 8005 8006 8004
f 8007 8003 8002
f 7996 8005 7997
f 7998 8009 8008
f 8010 8000 8001
f 7988 8010 8001
f 7988 8011 7989
f 8011 7999 8012
f 7998 8012 7999
f 8007 8010 7995
f 8010 7986 7995
f 8013 8008 8014
f 8015 8012 8013
f 8017 8013 8014
f 8018 8016 8015
f 8021 8019 8020
f 8015 8022 8018
f 8011 8016 8021
f 8021 7989 8011
f 8023 8014 8008
f 8023 8009 8025
f 8007 8026 8006
f 8026 8004 8006
f 8028 7995 7994
f 8029 8026 8028
f 8030 8027 8031
f 8023 8030 8031
f 7990 7976 7978
f 8033 7982 7977
f 7976 8033 7977
f 8034 8032 8020
f 8035 8020 8019
f 8034 7993 8033
f 7990 8020 8032
f 8036 7992 7993
f 7991 8037 7994
f 7994 8038 8028
f 8039 8037 8036
f 8040 8038 8039
f 8035 8036 8034
f 8039 8042 8040
f 8041 8028 8038
f 8029 8043 8044
f 8045 8047 8043
f 8041 8045 8043
f 8044 8047 8024
f 8024 8031 8044
f 8027 8044 8031
f 8042 8019 8018
f 8022 8042 8018
f 8042 8045 8040
f 8017 8046 8022
f 8014 8047 8017
f 8005 8009 7997
f 8005 8030 8025
f 7506 7943 7942
f 7954 7946 7955
f 7967 7957 7956
f 7960 7967 7956
f 7948 7962 8048
f 7955 7957 7966
f 7641 7979 7943
f 7969 7961 7964
f 7960 7506 7942
f 7362 8050 7436
f 8052 7464 8051
f 8051 7467 8053
f 8054 7600 7604
f 8056 7618 8052
f 7436 8057 7638
f 8049 7361 8056
f 8057 7603 7638
f 8055 7467 7600
f 8058 7604 7603
f 8059 8058 8057
f 8060 8054 8058
f 8061 8055 8054
f 8062 8053 8055
f 8059 8050 8064
f 8064 8049 8065
f 8056 8065 8049
f 8059 8067 8068
f 8069 8071 8072
f 8073 8072 8074
f 8075 8073 8076
f 8077 8075 8076
f 8075 8070 8069
f 8079 8081 8070
f 8082 8070 8081
f 8083 8073 8074
f 8061 8083 8074
f 8061 8084 8062
f 8074 8085 8084
f 8072 8086 8085
f 8077 8083 8068
f 8083 8059 8068
f 8071 8087 8086
f 8088 8085 8086
f 8090 8086 8087
f 8091 8089 8088
f 8094 8092 8093
f 8088 8095 8091
f 8084 8089 8094
f 8094 8062 8084
f 8097 8082 8096
f 8096 8081 8080
f 8077 8098 8078
f 8099 8078 8098
f 8101 8068 8067
f 8102 8098 8101
f 8100 8104 8103
f 8096 8103 8104
f 8075 8100 8079
f 8079 8103 8080
f 8105 8053 8063
f 8066 8052 8106
f 8051 8106 8052
f 8107 8105 8093
f 8108 8093 8092
f 8107 8066 8106
f 8063 8093 8105
f 8109 8065 8066
f 8064 8110 8067
f 8067 8111 8101
f 8112 8110 8109
f 8113 8111 8112
f 8108 8109 8107
f 8112 8115 8113
f 8114 8101 8111
f 8102 8116 8117
f 8118 8120 8116
f 8114 8118 8116
f 8117 8120 8097
f 8097 8104 8117
f 8099 8117 8104
f 8091 8108 8092
f 8095 8115 8091
f 8115 8118 8113
f 8095 8120 8119
f 8087 8120 8090
f 7550 7561 7551
f 7552 7561 7535
f 7931 7539 7542
f 7640 7408 7622
f 7549 7644 7627
f 7525 7544 7641
f 7931 7482 7840
f 7483 7542 7541
f 7626 7405 7487
f 7629 7432 8121
f 7629 7949 7948
f 8122 7949 8121
f 8123 8121 7432
f 8124 7432 7435
f 7434 8125 7435
f 8125 8124 7435
f 8124 7429 8126
f 8123 8126 8127
f 8122 8127 8128
f 7541 7959 8128
f 7404 8129 7531
f 8125 7431 7430
f 7526 7505 7644
f 7626 7541 8128
f 7959 8122 8128
f 7961 8048 7962
f 7629 8048 7545
f 8127 7626 8128
f 7402 8126 7403
f 8129 8126 7429
f 7428 8129 7429
f 7589 7428 7590
f 7471 7366 7606
f 7334 7426 7357
f 7335 7357 7356
f 7616 7446 7445
f 7392 7398 7426
f 7393 7397 7392
f 7342 7394 7393
f 7344 7469 7342
f 7343 7361 7360
f 7360 7344 7343
f 7363 7345 7360
f 7437 7575 7363
f 7582 7437 7639
f 7421 7639 7602
f 7375 7602 7601
f 7599 7375 7601
f 7465 7618 7617
f 7332 7587 7340
f 7447 7335 7445
f 7445 7356 7616
f 7359 7616 7356
f 7636 7442 7359
f 7588 7443 7636
f 7589 7605 7588
f 7590 7606 7589
f 7471 7591 7472
f 7446 7371 7374
f 7371 7372 7374
f 7422 7370 7424
f 7577 7424 7580
f 7536 7580 7533
f 7591 7635 7472
f 7607 7386 7635
f 7543 7494 7527
f 7547 7543 7522
f 7608 7387 7386
f 7387 7416 7385
f 7457 7382 7417
f 7557 7417 7554
f 7559 7554 7553
f 7630 7553 7534
f 7534 7586 7630
f 7466 7337 7599
f 7465 7338 7466
f 7617 7587 7465
f 7341 7617 7343
f 8130 6090 8131
f 6023 8132 8133
f 6182 8133 6784
f 6623 6792 6185
f 6787 6182 6784
f 8134 6696 6787
f 6917 6756 8135
f 6762 7112 6763
f 6762 6184 6759
f 6765 6185 6184
f 6650 6768 6647
f 6772 6916 7259
f 6777 6789 6788
f 6022 6788 8132
f 6756 8134 8135
f 6758 6771 6770
f 6761 6775 7112
f 6769 6621 6766
f 6772 6767 6773
f 6174 6760 6759
f 6187 6178 6670
f 6811 6648 6812
f 6786 6724 6779
f 6791 6918 6885
f 6186 6179 6178
f 6808 8133 8132
f 6884 8135 8134
f 6174 6670 6171
f 6807 6784 8133
f 6791 8132 6788
f 6786 8134 6787
f 6790 6172 6918
f 6649 6792 6650
f 6316 8136 6717
f 8137 6654 8138
f 8139 6601 6160
f 6656 6580 6870
f 6868 8142 6865
f 6316 6711 6313
f 6864 8144 6861
f 6864 8145 6860
f 6868 6869 6710
f 6656 6866 6653
f 8146 8148 8149
f 8139 8151 6640
f 8152 6866 6865
f 8154 8138 6654
f 6874 8156 8157
f 8158 8159 6805
f 8160 6865 8142
f 8161 6313 6711
f 6161 8162 8163
f 8164 6654 6653
f 8153 6653 6866
f 8165 8167 8168
f 8166 8169 8167
f 5989 8170 8169
f 5988 8171 8170
f 8172 6043 6042
f 8174 6032 6035
f 8174 6098 8176
f 8176 6796 8177
f 8177 8178 8179
f 7132 6728 7133
f 6589 8180 7136
f 8180 6004 8181
f 8181 6007 8182
f 6334 6731 6734
f 6079 6645 6731
f 6078 6646 6645
f 6085 8184 6646
f 6091 8185 6093
f 6086 8183 6085
f 6950 7118 7070
f 6952 6992 7127
f 6983 6968 7103
f 6987 7004 7099
f 7001 6979 6978
f 7001 7074 6998
f 7262 7075 7074
f 7264 7127 7075
f 7265 6943 6972
f 7265 6991 6990
f 7266 7070 6991
f 6949 7119 7118
f 7267 6939 7119
f 6983 7099 6940
f 7268 6985 8186
f 7000 8186 6979
f 6938 6985 6984
f 6946 6922 6921
f 6956 6948 6947
f 6971 6928 6927
f 6970 6954 6928
f 6973 6921 6925
f 6977 7263 7105
f 6981 7061 7060
f 6973 7117 6972
f 7097 6979 8186
f 7104 6927 7101
f 6977 7060 6974
f 6976 6944 7263
f 6956 7066 6953
f 6937 8186 6985
f 6938 7101 6935
f 6924 7116 7297
f 6926 7297 7068
f 6930 6962 7304
f 6934 6953 7066
f 6960 6936 6935
f 6963 6928 6954
f 6967 6975 6974
f 7063 7327 7331
f 6959 7096 6936
f 6926 7066 6925
f 7102 7304 7125
f 6967 7331 6964
f 6966 6922 6975
f 7062 7064 7327
f 6963 6932 6961
f 7102 6935 7101
f 7299 7269 8187
f 7301 6932 6931
f 7306 7285 7284
f 7308 6962 6961
f 7315 7284 7309
f 7317 7312 7311
f 7319 6964 7331
f 7322 7297 7116
f 7317 7116 6965
f 7308 7303 7307
f 7326 6958 6957
f 7329 7291 7290
f 7328 7324 7291
f 7301 8187 7302
f 7319 7290 7318
f 7326 7309 7323
f 7272 7321 7275
f 7272 8187 7269
f 7274 7302 8187
f 7281 7307 7303
f 7283 7593 7594
f 7289 7324 7323
f 7293 7330 7294
f 7293 7318 7290
f 7310 7594 7637
f 7314 7595 7320
f 7282 7279 7593
f 7278 7277 7276
f 7314 7270 7311
f 7313 7295 7595
f 7288 7291 7324
f 7289 7637 7286
f 6003 6626 6136
f 6003 7165 6000
f 6690 8189 6691
f 6686 5981 5980
f 6685 6096 5981
f 6687 6806 6096
f 6002 5980 6626
f 6606 5351 5350
f 7164 8190 8191
f 8192 7174 8193
f 6015 8153 8152
f 6189 8155 8154
f 8157 6284 6283
f 6332 8152 8160
f 6593 6317 8161
f 6658 8154 8164
f 6014 8164 8153
f 6332 7131 6333
f 6805 6321 6052
f 6146 8162 6625
f 6607 8195 6604
f 8196 6125 8197
f 8198 7168 8199
f 8199 6633 8200
f 7177 8201 7178
f 8202 8204 8205
f 7208 7185 7205
f 7237 7186 7208
f 6819 7230 7237
f 6818 6824 6819
f 8206 6821 6818
f 8207 8135 8208
f 6917 8209 6916
f 8209 7259 6916
f 8210 6647 7259
f 6812 8212 7258
f 6809 7258 7257
f 6809 8213 6113
f 6113 8214 6110
f 7235 6110 8214
f 7223 7234 6147
f 6147 8215 6148
f 6148 8216 6153
f 8218 6158 8217
f 8219 6116 6119
f 6284 6116 6285
f 6188 8156 8155
f 8155 6873 8138
f 8138 6872 8137
f 8137 8148 6581
f 6193 6281 6190
f 6190 6278 6195
f 8220 8222 8223
f 8224 7139 7138
f 6223 8226 8227
f 6237 8228 8229
f 6238 8227 8230
f 6249 8231 8232
f 6253 8233 8234
f 6236 8221 8228
f 6331 8230 8235
f 6252 8236 8233
f 6222 8229 8226
f 6828 8237 8238
f 6280 8240 8241
f 8208 6883 8206
f 6648 8211 8212
f 6143 8242 8243
f 6624 8244 8242
f 8245 8247 8248
f 8249 8251 8252
f 7195 8254 7196
f 7214 8253 7195
f 8256 7214 7213
f 7243 8257 7244
f 7210 8257 7211
f 8259 6102 8260
f 8261 6121 8262
f 8178 8263 8179
f 7132 8264 8263
f 6797 8265 8264
f 6135 8266 8265
f 6134 8267 8266
f 6151 8268 8267
f 6154 8270 8268
f 8269 8272 8270
f 7194 8273 8274
f 7193 8275 8273
f 8249 8260 8276
f 8248 8278 8245
f 6129 8279 8280
f 7169 8197 6125
f 8198 8192 8197
f 7171 7175 7173
f 6589 7129 6587
f 6801 6040 7129
f 6037 6041 6040
f 6036 6659 6041
f 6131 6118 6659
f 6156 6119 6118
f 8218 6119 6155
f 8219 6815 6642
f 7191 6641 6814
f 8246 7189 7191
f 8245 8281 8282
f 8280 6288 6287
f 6125 7170 7169
f 6288 6602 6123
f 6126 6604 8195
f 8196 6605 6604
f 7174 6691 8189
f 6691 6139 6692
f 7171 8283 7172
f 7172 8284 6142
f 6139 8284 6692
f 8285 8287 8288
f 8211 8289 8286
f 8290 8292 8289
f 8293 8291 8290
f 8293 8208 8295
f 8296 8298 8295
f 6818 8296 8206
f 8285 7258 8212
f 7243 7212 7211
f 7243 8300 8299
f 8301 6739 6738
f 8302 7213 7247
f 8303 7247 6168
f 8304 6168 6167
f 6738 8297 8301
f 8288 6167 6170
f 8304 8291 8305
f 8305 8294 6737
f 6737 8306 8305
f 6736 8307 8306
f 8243 8308 8309
f 8242 8282 8308
f 8247 7191 7190
f 7196 8251 7192
f 8253 8311 8254
f 8255 8310 8253
f 8313 8255 8256
f 7244 8313 8307
f 8313 8258 8312
f 8312 8314 8310
f 8315 8310 8314
f 8311 8316 8252
f 8282 8317 8308
f 8308 8261 8309
f 8309 8262 8318
f 8248 8275 8276
f 8282 8246 8245
f 8307 8256 8302
f 8306 8302 8303
f 8305 8303 8304
f 8298 6737 8294
f 8287 8304 6167
f 7253 7199 7198
f 8319 6028 7199
f 8320 6029 6028
f 8321 7184 6029
f 8322 7185 7184
f 8203 7205 7185
f 8202 7206 7205
f 7239 7210 7209
f 7251 8319 7253
f 7227 8320 8319
f 7217 8321 8320
f 7216 8322 8321
f 7236 8203 8322
f 6175 8200 7204
f 7165 8191 6177
f 6137 7166 6138
f 6200 8283 6137
f 6199 8284 8283
f 8284 6205 6692
f 6205 6689 6692
f 6689 5485 3833
f 7009 8323 7107
f 7013 7021 7020
f 7017 7029 7028
f 7013 7110 7010
f 7073 7084 7089
f 7081 7093 7092
f 7082 7028 7025
f 7088 6995 6994
f 7088 7057 7085
f 7122 7043 7042
f 7124 7024 7126
f 7082 7024 7123
f 7009 7042 7006
f 7012 7126 7021
f 7115 7015 7057
f 7008 7058 8323
f 7081 7120 7078
f 7073 7079 7071
f 6997 7076 7113
f 7023 6942 6941
f 7027 7069 7038
f 7031 6989 6988
f 7079 7033 7032
f 7037 7107 8323
f 7027 7126 7024
f 7041 7029 7114
f 7026 6988 7069
f 7100 6941 7098
f 7108 7002 7019
f 7100 8323 7058
f 6997 7114 6994
f 7022 7039 6942
f 7111 7033 7255
f 7035 7260 7032
f 7261 6996 7260
f 7108 7120 7106
f 7245 8258 7210
f 7246 8314 7245
f 7181 8316 7182
f 8277 6129 8278
f 8278 8280 8281
f 6287 8281 8280
f 6122 8317 6287
f 5487 6144 5488
f 5489 6162 5490
f 6637 8325 8326
f 8326 8225 8224
f 5494 8225 5495
f 6160 8150 8139
f 5496 8151 5497
f 8163 6162 6161
f 6146 8327 8163
f 8243 6144 6143
f 8328 8309 8318
f 8318 5501 5500
f 8262 5502 5501
f 8329 8331 8332
f 8333 8335 8336
f 8338 6007 8337
f 8329 8339 8340
f 8341 6734 8330
f 6006 8337 6007
f 8342 6804 6800
f 6065 8339 8343
f 5995 8341 8340
f 6918 6166 6165
f 7221 6166 6880
f 6172 6880 6166
f 8344 5955 6713
f 5519 5975 5520
f 6806 8346 6695
f 6646 8347 6643
f 8165 8349 6323
f 6322 8131 6090
f 8345 6688 8351
f 6695 5975 5974
f 5976 5528 6713
f 5529 8131 5530
f 6643 8352 8168
f 8183 5532 8184
f 5534 8130 5529
f 6730 5533 8183
f 8351 6093 8185
f 5535 6594 3856
f 8353 6652 6651
f 8354 8355 8356
f 8357 6825 6202
f 8359 6202 6201
f 6224 8356 8360
f 6275 8362 6276
f 6201 7143 8359
f 7146 8359 7143
f 8357 8363 8364
f 8355 8366 8367
f 8361 8368 8362
f 8356 8367 8369
f 8370 8372 7142
f 8220 7145 8374
f 6275 6228 6231
f 5558 6228 6274
f 8375 8367 8366
f 8362 8376 8377
f 8378 8380 8381
f 8363 8382 8383
f 8384 8381 8385
f 8382 8386 8385
f 8383 8364 8363
f 6226 6231 6230
f 6231 8361 6275
f 6636 8389 8379
f 6635 8388 6636
f 8390 5576 5575
f 8379 6232 6636
f 8378 6233 6232
f 8384 8371 6233
f 8372 8393 7141
f 7138 8239 8224
f 8224 8394 8326
f 8146 8394 6282
f 6638 8326 8394
f 6340 6299 6298
f 6747 6577 6576
f 6344 6346 6345
f 6342 6355 6303
f 6353 6349 6297
f 6337 6369 8395
f 6360 6328 6327
f 6358 6386 6385
f 6364 6293 6295
f 6362 6376 6373
f 6366 6297 6296
f 6350 6372 6370
f 6533 6303 6302
f 6534 6346 6343
f 6744 6533 6302
f 6536 6747 6576
f 6357 6894 6386
f 6341 6832 6355
f 6839 6292 6291
f 6837 6380 6379
f 6838 6354 6292
f 6361 6377 6376
f 6363 6296 6293
f 6365 6373 6372
f 6359 6291 6328
f 6836 6385 6380
f 6481 6902 6544
f 6484 6501 6500
f 6477 6487 6474
f 6849 6492 6491
f 6494 6467 6466
f 6547 6544 6543
f 6750 6546 6547
f 6494 6751 6750
f 6843 6500 6846
f 6845 6575 6843
f 6489 6847 6853
f 6474 6491 6490
f 6483 6906 6501
f 6493 6465 6490
f 6471 6544 6902
f 6472 6485 6473
f 6476 6461 6460
f 6470 6542 6545
f 6570 6569 6749
f 6495 6463 6493
f 6475 6462 6461
f 6572 6477 6476
f 6574 6457 6456
f 6569 6543 6545
f 6575 6473 6485
f 6471 6901 6448
f 6469 6508 6513
f 6498 6479 6478
f 6503 6518 6517
f 6489 6505 6486
f 6467 6509 6468
f 6546 6498 6478
f 6549 6752 6753
f 6752 6466 6469
f 6503 6846 6500
f 6850 6844 6846
f 6507 6852 6525
f 6486 6509 6849
f 6502 6909 6518
f 6858 6664 6307
f 8396 6611 6610
f 6833 6324 6216
f 8399 6825 8400
f 6831 8401 8402
f 6707 6826 8399
f 8398 6890 6324
f 6858 8404 6554
f 8405 6610 6876
f 6830 6553 8401
f 8397 6911 6611
f 8400 8358 8365
f 8358 8364 8406
f 8406 8387 8407
f 8389 8380 8379
f 8389 8409 8377
f 8388 8410 8409
f 5575 8410 8390
f 6665 8411 6875
f 8412 6720 6721
f 8413 5601 6720
f 8411 8413 8412
f 6262 6290 6263
f 5602 8414 5604
f 6599 3735 5605
f 7141 7142 8372
f 8393 8241 8240
f 8227 7147 7151
f 8229 8374 7148
f 8230 7151 7153
f 8232 8415 8416
f 8234 8417 8418
f 8221 8374 8228
f 8235 7153 8419
f 8233 8420 8417
f 8226 7148 7147
f 8238 8421 8422
f 7141 8240 7138
f 6581 6655 8137
f 6640 8140 8139
f 6710 8141 6868
f 6717 6712 6316
f 6860 8143 6864
f 6870 6867 6656
f 6717 6726 6714
f 6870 6192 6115
f 6860 6050 6059
f 6710 6025 6024
f 6639 6871 8140
f 6640 8324 6637
f 6581 8147 6193
f 5615 6234 8370
f 7144 8374 7145
f 7144 6210 7149
f 7150 6210 6209
f 7152 6209 6329
f 7152 8419 7153
f 7154 8421 8419
f 7158 8415 8422
f 7160 8420 8416
f 7162 8418 8417
f 7161 5616 8418
f 8370 6233 8371
f 8373 7146 7145
f 8392 8386 8223
f 8391 8372 8371
f 5617 6713 5528
f 5973 3355 5972
f 8345 5619 8346
f 3880 6910 5621
f 8351 5620 8345
f 8346 5520 5975
f 5621 6911 5623
f 5622 8185 5534
f 8150 5497 8151
f 8423 8425 8426
f 8427 6519 8428
f 8429 8431 8432
f 6523 8433 6526
f 8434 8436 8437
f 8438 8434 8439
f 8438 6511 6528
f 8441 8424 8423
f 8427 8430 8429
f 8444 8445 8446
f 8447 8424 8448
f 8449 8444 8450
f 8451 8430 8452
f 8453 8454 8455
f 8456 8437 8453
f 8439 8456 8457
f 8448 8442 8458
f 8452 8443 8449
f 8425 8459 8446
f 8460 8462 8463
f 8464 8466 8467
f 8468 8470 8471
f 8472 8474 8475
f 8476 8478 8479
f 8480 8482 8483
f 8484 8486 8487
f 8485 8489 8486
f 8490 8481 8480
f 8492 8494 8495
f 8495 8496 8497
f 8498 8500 8501
f 8502 8500 8503
f 8504 8506 8507
f 8508 8510 8511
f 8513 8511 8512
f 8507 8514 8515
f 8516 8518 8519
f 8520 8516 8521
f 8522 8524 8525
f 8526 8522 8525
f 8528 8530 8531
f 8532 8529 8533
f 8534 8536 8537
f 8538 8534 8537
f 8464 8481 8465
f 8483 8541 8480
f 8542 8484 8467
f 8487 8540 8483
f 8488 8542 8544
f 8545 8486 8489
f 8481 8466 8465
f 8547 8489 8490
f 8548 8493 8471
f 8549 8502 8492
f 8551 8494 8548
f 8497 8552 8495
f 8469 8499 8470
f 8547 8497 8498
f 8469 8503 8500
f 8501 8550 8545
f 8460 8507 8461
f 8552 8506 8505
f 8554 8510 8463
f 8549 8505 8509
f 8554 8512 8511
f 8513 8550 8508
f 8461 8515 8462
f 8557 8513 8514
f 8558 8519 8479
f 8559 8527 8518
f 8521 8558 8561
f 8553 8517 8520
f 8477 8524 8478
f 8520 8557 8553
f 8476 8525 8477
f 8527 8556 8522
f 8563 8528 8475
f 8564 8531 8565
f 8533 8563 8566
f 8562 8530 8532
f 8473 8536 8474
f 8559 8532 8535
f 8472 8537 8473
f 8560 8539 8564
f 8463 8555 8554
f 8544 8467 8466
f 8470 8548 8471
f 8475 8566 8563
f 8479 8561 8558
f 8484 8483 8482
f 8490 8488 8491
f 8503 8492 8502
f 8498 8496 8499
f 8504 8509 8505
f 8515 8513 8512
f 8519 8527 8526
f 8521 8523 8520
f 8528 8539 8538
f 8533 8535 8532
f 8467 8482 8464
f 8487 8546 8543
f 8544 8491 8488
f 8480 8547 8490
f 8493 8468 8471
f 8495 8549 8492
f 8551 8499 8496
f 8501 8547 8498
f 8460 8510 8504
f 8508 8549 8509
f 8555 8515 8512
f 8506 8557 8514
f 8519 8476 8479
f 8517 8559 8518
f 8561 8524 8521
f 8522 8557 8523
f 8475 8538 8472
f 8567 8531 8530
f 8566 8536 8533
f 8560 8535 8534
f 8442 8568 8569
f 6512 8568 6754
f 8570 8571 8572
f 8426 6514 8423
f 8428 8443 8427
f 6522 8432 6523
f 8437 8433 8454
f 6524 8435 6527
f 6528 8435 8438
f 8423 6550 8441
f 8429 6516 8427
f 6515 8445 6908
f 8441 6754 8568
f 8570 8569 8568
f 8440 6512 6511
f 8569 8458 8442
f 8574 8572 8571
f 8572 8573 8569
f 8453 8577 8456
f 8576 8455 8578
f 8452 8580 8451
f 8573 8582 8458
f 8575 8581 8573
f 8584 8575 8574
f 8571 8457 8574
f 8439 8440 8438
f 8585 8587 8588
f 8587 8590 8588
f 8589 8592 8590
f 8591 8594 8592
f 8593 8596 8594
f 8595 8598 8596
f 8599 8586 8585
f 8601 8600 8599
f 8603 8602 8601
f 8605 8598 8597
f 8607 8604 8603
f 8609 8608 8607
f 8611 8610 8609
f 8606 8612 8611
f 8613 8589 8587
f 8614 8591 8589
f 8615 8593 8591
f 8616 8595 8593
f 8617 8597 8595
f 8619 8617 8616
f 8620 8618 8617
f 8620 8623 8621
f 8624 8626 8627
f 8626 8622 8627
f 8620 8628 8622
f 8622 8629 8627
f 8627 8630 8624
f 8632 8634 8631
f 8636 8633 8635
f 8637 8636 8635
f 8639 8632 8640
f 8633 8641 8635
f 8635 8642 8637
f 8642 8644 8637
f 8645 8637 8644
f 8586 8613 8587
f 8600 8646 8586
f 8616 8648 8619
f 8615 8649 8648
f 8613 8649 8614
f 8651 8613 8646
f 8647 8651 8646
f 8652 8654 8651
f 8602 8647 8600
f 8655 8652 8647
f 8656 8653 8652
f 8653 8659 8654
f 8658 8661 8659
f 8644 8663 8645
f 8664 8662 8665
f 8661 8666 8659
f 8666 8654 8659
f 8667 8651 8654
f 8668 8597 8618
f 8669 8618 8621
f 8670 8621 8623
f 8671 8623 8626
f 8671 8625 8672
f 8625 8673 8672
f 8636 8675 8634
f 8638 8674 8636
f 8645 8676 8638
f 8645 8678 8677
f 8679 8660 8658
f 8657 8658 8653
f 8583 8648 8649
f 8650 8583 8649
f 8667 8581 8650
f 8666 8582 8667
f 8664 8681 8666
f 8682 8665 8683
f 8684 8643 8642
f 8684 8641 8579
f 8639 8579 8641
f 8580 8640 8578
f 8629 8576 8630
f 8604 8655 8602
f 8608 8686 8604
f 8610 8687 8608
f 8612 8688 8610
f 8605 8689 8612
f 8690 8668 8669
f 8691 8689 8690
f 8692 8688 8691
f 8693 8687 8692
f 8656 8686 8693
f 8694 8669 8670
f 8695 8690 8694
f 8696 8691 8695
f 8697 8692 8696
f 8657 8693 8697
f 8697 8679 8657
f 8696 8698 8697
f 8696 8700 8699
f 8694 8700 8695
f 8670 8701 8694
f 8702 8671 8672
f 8701 8703 8700
f 8703 8699 8700
f 8699 8705 8698
f 8698 8680 8679
f 8672 8706 8702
f 8675 8707 8708
f 8674 8709 8707
f 8709 8677 8710
f 8677 8711 8710
f 8712 8710 8711
f 8702 8714 8703
f 8713 8714 8715
f 8707 8716 8717
f 8717 8713 8715
f 8710 8716 8709
f 8708 8717 8715
f 8546 8599 8543
f 8546 8603 8601
f 8550 8603 8545
f 8556 8607 8550
f 8560 8609 8556
f 8564 8611 8560
f 8565 8606 8564
f 8565 8596 8598
f 8567 8594 8596
f 8562 8592 8594
f 8553 8590 8592
f 8590 8541 8588
f 8540 8588 8541
f 8543 8585 8540
f 8684 8450 8685
f 8579 8449 8684
f 8682 8448 8681
f 8447 8683 8459
f 8681 8458 8582
f 8628 8619 8718
f 8584 8619 8648
f 8628 8577 8629
f 8457 8577 8718
f 8574 8718 8584
f 7134 6919 7135
f 6164 6919 6783
f 5485 6609 5921
f 3832 8188 6690
f 5921 6221 3354
f 5922 7128 6607
f 6439 8720 6440
f 8720 6570 6749
f 6570 8721 6464
f 6439 8721 8719
f 6727 6057 6312
f 6312 6073 6247
f 6828 6073 6072
f 6877 6267 6745
f 6745 6299 6744
f 6891 6305 6889
f 6338 6746 6339
f 6438 6410 6435
f 6412 6440 6748
f 6564 6424 6565
f 6842 6577 8395
f 6889 6829 7156
f 6579 6564 6563
f 6435 6565 6424
f 8722 6306 6891
f 8723 6058 6727
f 6269 6878 6879
f 7160 6829 6598
f 8724 8143 8725
f 8238 6248 6828
f 6339 6744 6299
f 8395 6338 6337
f 6879 8404 8726
f 8422 8231 8238
f 8725 6859 8723
f 8416 7157 7160
f 6059 6049 6056
f 6330 6049 6048
f 7156 6259 6889
f 6269 6264 6266
f 6297 6264 6241
f 6340 6351 6337
f 6368 8395 6369
f 6422 6559 6423
f 6436 6404 6437
f 6447 6438 6437
f 6424 6436 6435
f 6331 6099 6330
f 6422 6842 6368
f 8722 6856 8726
f 8141 6862 8142
f 6265 6617 6242
f 6324 6259 6258
f 7158 6260 7156
f 6709 6863 8141
f 8235 6827 6331
f 6298 6352 6340
f 6370 6351 6350
f 6891 8403 8722
f 8419 8237 8235
f 6051 8145 6709
f 8422 7155 7158
f 8721 6446 6464
f 6748 8720 6749
f 8727 6011 8194
f 8158 8144 8724
f 6009 6861 8144
f 6008 6862 6861
f 8142 8727 8160
f 6554 6893 6858
f 6833 6708 8398
f 6708 8403 8398
f 5623 6892 4042
f 8406 8365 8358
f 8407 8366 8406
f 8377 8408 8389
f 8397 6530 6529
f 6651 8400 8353
f 8402 6616 6615
f 6618 8399 6651
f 6554 6878 6551
f 8396 6854 6530
f 8401 6552 6616
f 6892 6529 6743
f 8353 8365 8355
f 8377 6276 8362
f 8409 6277 6276
f 8410 5932 6277
f 8726 6857 8722
f 8726 6855 6879
f 7234 6106 8215
f 8279 6127 6288
f 8354 6227 6652
f 6246 6619 6289
f 8239 6282 8394
f 8162 6286 6625
f 6292 6246 6289
f 6382 6377 6379
f 6392 6396 6393
f 6396 6427 6428
f 6398 6443 6459
f 6459 6458 6460
f 6525 6523 6526
f 6558 6271 6555
f 6429 6560 6561
f 6460 6572 6476
f 6272 3736 3735
f 7128 6602 8195
f 6227 6244 6652
f 7180 6634 6103
f 6642 6285 8219
f 6356 6740 6614
f 6816 8218 8217
f 6820 8301 6817
f 6355 6741 6356
f 6344 6834 6341
f 6364 6840 6361
f 6375 6560 6415
f 6848 6488 6477
f 6853 6506 6489
f 6530 6740 6531
f 8140 6874 6601
f 6555 6831 6876
f 8215 6881 8216
f 6348 6894 6345
f 6383 6896 6417
f 6433 6896 6420
f 6432 6898 6390
f 6406 6898 6407
f 6900 6387 6899
f 6900 6448 6901
f 6472 6903 6482
f 6480 6903 6902
f 6497 6906 6479
f 6908 6518 6909
f 4280 6120 6603
f 6100 7170 6128
f 6632 7188 8201
f 7235 7201 7200
f 7206 7212 7207
f 8213 7232 7231
f 8214 7231 7201
f 6108 7200 7203
f 7238 8300 6820
f 7207 8299 7238
f 8205 7240 8202
f 6170 7232 7256
f 6638 8149 6639
f 6601 8157 6600
f 6600 6283 8162
f 8392 8222 8393
f 6278 8241 6279
f 6816 8274 6813
f 6642 6814 6641
f 6128 6124 8279
f 8195 6127 6126
f 8212 8286 8285
f 8292 8286 8289
f 8290 8210 8209
f 8207 8290 8209
f 8294 8295 8298
f 8206 8295 8208
f 6817 8297 8296
f 8288 7256 8285
f 7209 7240 7239
f 6225 8360 8361
f 8369 8360 8356
f 8375 8368 8369
f 8381 8387 8383
f 8385 8383 8382
f 8385 8391 8384
f 8147 6282 6281
f 6345 6835 6344
f 6327 6834 6360
f 6295 6841 6364
f 6379 6840 6837
f 6853 6845 6844
f 6479 6905 6480
f 6848 6571 6573
f 6452 6904 6472
f 6525 6851 6520
f 6496 6907 6497
f 8402 6876 6831
f 8408 8387 8380
f 6279 8222 8221
f 6872 8149 8148
f 8223 8373 8220
f 6526 8436 6524
f 8446 8426 8425
f 8455 8431 8451
f 8446 8450 8444
f 8454 8432 8431
f 6908 8428 6519
f 8578 8451 8580
f 8632 8625 8624
f 8640 8624 8630
f 8660 8662 8661
f 8662 8643 8665
f 8675 8631 8634
f 8680 8663 8660
f 8683 8643 8685
f 8578 8630 8576
f 8673 8708 8706
f 8678 8705 8711
f 8711 8704 8712
f 8706 8715 8714
f 8703 8712 8704
f 8459 8685 8450
f 8407 8376 8375
f 6615 8405 8402
f 5993 6335 5994
f 6060 6018 5991
f 5993 6081 6080
f 6105 6176 6702
f 6177 6000 7165
f 6309 6310 6251
f 8725 6314 8724
f 8724 6318 8158
f 6321 6053 6052
f 6249 6310 6247
f 6596 6257 6597
f 8188 6605 8189
f 5986 6682 6060
f 6714 6311 6309
f 6047 6086 6081
f 6875 6304 6665
f 6001 6912 5983
f 7162 6597 6257
f 7254 6912 6704
f 6684 7163 7254
f 8723 6315 8725
f 6592 6318 6317
f 8332 8171 8728
f 6607 5350 5922
f 8191 8198 8199
f 8197 8193 8196
f 8159 6319 6321
f 8232 6595 6249
f 8192 7173 7175
f 8189 8193 7174
f 6177 8199 6175
f 6733 8330 6734
f 8340 8330 8329
f 8341 6335 6334
f 8412 6875 8411
f 8414 6273 6599
f 8416 8236 8232
f 6727 8136 8723
f 8417 7159 7162
f 6277 5558 6274
f 5935 6635 6235
f 5991 6061 6060
f 6019 6682 6681
f 5999 6033 5996
f 6045 6677 6680
f 6055 6083 7130
f 5995 6063 5992
f 6084 6053 6046
f 6088 5989 8166
f 6063 6046 5992
f 6066 6034 5999
f 6103 7181 7180
f 6673 6133 6132
f 6149 6153 6152
f 6323 8166 8165
f 6585 6083 6082
f 6630 6702 6176
f 6634 7168 7167
f 6676 6152 6133
f 6703 6628 7248
f 6796 6728 8178
f 6069 6097 6066
f 6132 6674 6673
f 6803 6800 6804
f 6011 6055 7130
f 6799 6582 6585
f 7194 6881 6882
f 7131 6583 6333
f 6798 6913 6674
f 7179 8204 7236
f 7183 7246 7242
f 7188 7242 7241
f 6109 7192 6882
f 7204 6176 6175
f 7219 6628 6627
f 7218 7248 6628
f 7179 6627 7176
f 7250 6704 6703
f 7228 7249 7248
f 6678 7249 6679
f 5997 7251 5998
f 8168 6644 6643
f 8167 6732 6644
f 8169 6733 6732
f 8170 8331 6733
f 8336 8173 8172
f 8182 8175 8174
f 8182 8176 8181
f 8181 8177 8180
f 8180 8179 7136
f 7133 6590 6913
f 7130 8194 6011
f 8200 6632 7177
f 7178 8205 8204
f 8269 6153 8216
f 8254 8252 8251
f 8260 6101 8277
f 8179 6802 7136
f 8263 6038 6802
f 8264 6039 6038
f 8265 6130 6039
f 8266 6157 6130
f 8267 6158 6157
f 8268 8217 6158
f 8270 6816 8217
f 6813 8273 7190
f 8273 8247 7190
f 8276 8277 8248
f 7192 8250 7193
f 8252 8259 8249
f 8276 8250 8249
f 7204 7177 7176
f 7182 8315 7246
f 8343 8334 8333
f 8333 8342 8343
f 8343 6800 6065
f 8340 6064 5995
f 6323 8350 6322
f 8168 8348 8165
f 8349 5936 8350
f 8352 5938 8348
f 6103 7167 6100
f 8271 8216 6881
f 8201 7241 8205
f 8274 8271 7194
f 5991 6017 5988
f 8728 6017 6016
f 5997 6680 6679
f 5996 6045 6680
f 6033 6042 6045
f 6042 8175 8172
f 8172 8338 8336
f 8336 8337 8333
f 6684 6677 6681
f 6681 6044 6019
f 6019 6043 6016
f 6016 8173 8728
f 8728 8335 8332
f 8332 8334 8329
f 8194 8160 8727
f 6805 6009 8158
f 5940 7137 6719
f 8324 5942 8325
f 8325 5495 8225
f 6253 4292 6250
f 7137 5944 6715
f 8348 5937 8349
f 8350 5530 8131
f 5624 6159 5489
f 6718 5940 6719
f 8327 5490 6162
f 8347 5939 8352
f 5933 6121 6120
f 8184 5946 8347
f 7142 5615 8370
f 6145 5945 8327
f 8234 5943 6253
f 8328 5488 6144
f 8318 5948 8328
f 7139 4299 7140
f 8418 5947 8234
f 5604 6599 5605
f 5949 6712 6716
f 5944 6716 6715
f 6720 5950 6255
f 6255 4322 6256
f 5614 6235 6234
f 6711 5951 8161
f 8161 3857 6593
f 5973 2965 3013
f 2965 5963 222
f 222 5960 223
f 223 5958 3186
f 5958 3185 3186
f 5957 2977 3185
f 5970 1213 2977
f 5967 1214 1213
f 2532 5966 5953
f 2894 5953 5952
f 2871 5952 8344
f 5510 5721 5509
f 5822 5824 5823
f 3511 3844 3735
f 3887 3889 3888
f 3876 3878 3877
f 3356 3911 3909
f 3372 3390 3391
f 3849 3851 3850
f 3481 3867 3866
f 3873 3385 3382
f 3875 3450 3452
f 3915 3865 3862
f 3657 3671 3656
f 5618 3013 2152
f 1997 1889 1892
f 1237 744 855
f 1535 120 121
f 1531 201 214
f 1119 1032 984
f 946 824 947
f 163 5 162
f 9041 9175 9193
f 1155 1162 1164
f 427 327 424
f 553 796 498
f 8732 2231 2237
f 8732 2230 2232
f 2237 3180 8732
f 8734 8736 8733
f 8735 8738 8736
f 8737 8740 8738
f 8739 8742 8740
f 8743 8745 8746
f 8746 8747 8748
f 8749 8748 8747
f 8751 8750 8749
f 8754 8756 8753
f 8757 8755 8754
f 8759 8758 8757
f 8761 8760 8759
f 8763 8762 8761
f 8766 8749 8765
f 8765 8747 8767
f 8767 8745 8768
f 8768 8744 8769
f 8744 8771 8769
f 8770 8772 8771
f 8741 8773 8772
f 8739 8774 8773
f 8737 8775 8774
f 8735 8776 8775
f 8776 8777 3184
f 2904 8779 2947
f 8780 2904 2902
f 8781 2902 2876
f 2875 8781 2876
f 8783 2733 2736
f 2825 8786 2824
f 8788 8790 8787
f 8792 8787 8791
f 2724 8785 2825
f 8787 3115 3117
f 8791 3117 3119
f 8794 8765 8793
f 8793 8767 8795
f 8795 8768 8796
f 8796 8769 8797
f 8797 8771 8798
f 8771 8799 8798
f 8772 8800 8799
f 8773 8801 8800
f 8774 8802 8801
f 8775 8803 8802
f 8776 3056 8803
f 8802 2253 2252
f 8801 2252 1727
f 8800 1727 2150
f 8799 2150 1941
f 8804 8799 1941
f 8805 8798 8804
f 8806 8797 8805
f 8807 8796 8806
f 8793 8807 8808
f 8794 8808 8809
f 8810 8809 8808
f 8808 8806 8810
f 8810 8805 8812
f 8813 8810 8812
f 8812 8804 8814
f 8815 8812 8814
f 8814 1941 1360
f 8755 8752 8756
f 8758 8750 8755
f 8760 8748 8758
f 8762 8746 8760
f 8816 8764 8763
f 8818 8820 8817
f 8816 8782 8784
f 8821 8817 8816
f 8789 8783 8786
f 8818 8789 8788
f 8819 8788 8792
f 8822 8819 8823
f 8823 8792 8824
f 8824 8791 2712
f 2712 3119 3128
f 8826 8823 8825
f 8825 8824 8827
f 8827 2712 2711
f 8828 2711 2400
f 8829 8827 8828
f 8830 8825 8829
f 8743 8764 8831
f 8817 8831 8764
f 8770 8743 8831
f 8741 8831 8742
f 8820 8742 8831
f 8740 8822 8826
f 8738 8826 8830
f 8736 8830 8832
f 8833 2400 2402
f 8834 8828 8833
f 8832 8829 8834
f 8835 2402 2707
f 3058 2707 2708
f 3061 8835 3058
f 8836 8833 8835
f 8733 8832 8837
f 8837 8834 8836
f 8777 8733 8838
f 8838 8837 1962
f 8837 3061 1962
f 1961 8838 1962
f 3057 8777 8838
f 8779 8753 8839
f 8778 8754 8779
f 8780 8757 8778
f 8781 8759 8780
f 8782 8761 8781
f 8821 8784 8783
f 8785 8789 8786
f 2723 8790 8785
f 2875 8784 8782
f 2736 8786 8783
f 2947 8839 8944
f 8815 1360 8941
f 1900 1924 1901
f 1736 1718 1750
f 1955 1943 1956
f 1671 1735 1751
f 1696 1698 1692
f 1800 1864 1801
f 2063 2056 2060
f 1737 1717 1736
f 1751 1697 1695
f 943 9351 684
f 9108 8753 9057
f 1577 1764 1703
f 9369 1599 9375
f 1945 82 1944
f 68 7 248
f 147 1543 148
f 1109 1133 1102
f 1503 1907 1908
f 1499 1909 1498
f 452 735 215
f 1824 9287 9297
f 1825 2068 1824
f 1463 1022 1194
f 841 1009 1011
f 1568 1955 1534
f 1926 1927 1923
f 1910 1502 1939
f 1939 422 442
f 309 1940 308
f 1804 1866 1803
f 269 1954 56
f 2065 2060 2056
f 9264 1758 9287
f 280 552 1940
f 1875 1869 1874
f 1739 1734 1737
f 5923 5899 5924
f 1778 1790 1788
f 310 1915 279
f 1909 1906 1954
f 1789 1778 1788
f 978 980 979
f 1584 1731 1583
f 425 311 312
f 148 115 116
f 2044 9346 2046
f 277 1939 551
f 1943 1945 1944
f 1461 1463 1464
f 2253 3056 3055
f 2981 8927 958
f 2209 8927 3055
f 2254 3055 8927
f 2998 958 8927
f 2826 2721 2724
f 8928 2721 2817
f 2816 8928 2817
f 2334 2296 2335
f 2298 2334 2336
f 2301 2336 2338
f 2311 2338 2354
f 2312 2354 2355
f 2359 2361 2360
f 2335 2359 2360
f 2414 2365 2364
f 2413 2361 2365
f 2355 2540 2541
f 2541 2539 2542
f 2722 2739 2738
f 3114 2738 3113
f 3110 3121 3120
f 3108 3120 3113
f 3122 3127 3126
f 3112 3126 3121
f 3127 1753 3135
f 3139 2529 2542
f 9196 3133 3139
f 8928 2740 2739
f 8929 2789 8928
f 228 91 88
f 245 243 242
f 248 247 191
f 2 296 295
f 145 300 267
f 327 210 328
f 329 331 330
f 250 228 236
f 239 240 230
f 373 375 374
f 178 176 175
f 1218 1228 1321
f 9314 1295 9306
f 808 824 823
f 9310 1013 1014
f 9265 1411 1413
f 2154 2159 2160
f 9297 1758 1757
f 306 1922 452
f 2157 1976 1977
f 708 2031 1474
f 1450 1227 1428
f 1672 1605 1624
f 1813 1821 1816
f 1717 1715 1718
f 176 402 347
f 1710 9368 9367
f 1712 1577 1711
f 1705 1711 1704
f 3435 3475 3434
f 971 979 970
f 822 1094 1102
f 2909 2793 2792
f 2810 2795 2793
f 2799 2249 2800
f 9114 2910 2799
f 2769 2801 2795
f 3177 3178 3179
f 3178 3180 3179
f 3181 1393 2800
f 3181 1632 3182
f 3182 2244 3183
f 3183 2243 3180
f 8932 2790 8929
f 2808 8929 2816
f 2239 9016 2240
f 1149 9015 9014
f 1150 9011 9015
f 2202 9010 2015
f 2921 9009 2923
f 9012 2133 2928
f 1777 1759 1792
f 1201 1183 1184
f 9005 2195 2194
f 8997 2770 2768
f 9379 1687 1692
f 1516 154 503
f 8993 2974 2803
f 8994 2779 2778
f 2771 9019 8990
f 3070 8990 9002
f 8991 2775 2867
f 1376 1370 1372
f 2767 9000 2206
f 2195 8987 2767
f 2775 8986 2776
f 8344 8989 2871
f 9256 8983 2806
f 2776 8982 2805
f 2240 8979 2920
f 2920 9121 9071
f 8992 2786 2779
f 1805 1851 1804
f 8978 2787 2786
f 2951 8984 8975
f 2772 8975 9019
f 2973 8974 8980
f 2224 8981 8974
f 1957 320 510
f 306 304 303
f 2770 8972 2913
f 2913 9018 2239
f 2923 8971 2922
f 308 431 47
f 207 132 543
f 1879 1881 1880
f 9185 8969 2089
f 2475 9002 8968
f 2476 8968 8967
f 2223 8967 8981
f 8966 2803 2802
f 2037 11 1950
f 1959 450 505
f 2003 8964 2129
f 9 334 540
f 2009 8962 9011
f 2008 8980 8962
f 9329 673 9331
f 8959 2778 2784
f 2935 8957 2936
f 111 9014 8955
f 3238 3341 3237
f 8954 2935 2938
f 683 9337 943
f 8952 2810 2909
f 736 732 729
f 1795 1803 1796
f 8949 2938 2939
f 8951 2939 2940
f 2950 8948 2949
f 2940 8948 8951
f 9253 8956 2950
f 2868 8946 2869
f 2869 8966 2802
f 1024 1023 1020
f 8944 2948 2947
f 551 442 443
f 2972 9012 2928
f 2032 8943 2972
f 216 1924 1923
f 3532 3482 3533
f 203 201 200
f 3539 3541 3540
f 1828 1847 1837
f 1958 449 450
f 272 178 175
f 2871 8939 1361
f 9071 9008 2921
f 2801 9095 9114
f 2005 9106 2176
f 960 899 962
f 9109 9064 9076
f 9232 9098 3151
f 3151 9045 2555
f 2193 9075 2194
f 9059 3145 3144
f 9055 2761 3145
f 9044 3144 3104
f 2926 9086 3103
f 9086 3104 3103
f 9207 9198 9205
f 566 9210 2005
f 8839 1864 8944
f 1602 2079 2078
f 2868 9063 2922
f 2922 9062 2923
f 2923 9070 2921
f 9122 2918 9066
f 9071 9066 2920
f 2921 9122 9071
f 2920 9038 2240
f 9065 2915 2918
f 2917 9074 9093
f 2916 9093 9094
f 2239 9104 2913
f 2911 9104 2757
f 9095 2911 2910
f 2797 9114 9043
f 2797 9050 2750
f 9074 2763 2765
f 9060 2764 2745
f 2194 9100 2221
f 2221 9101 2222
f 2756 9061 2755
f 2750 9061 2747
f 9121 1817 9279
f 9215 1691 1699
f 2515 9042 2548
f 2548 9045 2550
f 2513 9084 9068
f 2513 9073 2515
f 2509 9072 2289
f 2510 9085 2509
f 2289 9091 2283
f 2283 9069 2286
f 2240 9039 2239
f 9111 9076 9078
f 716 9339 9340
f 727 9213 1923
f 2165 2170 2164
f 9112 9078 9081
f 9195 9030 9209
f 2175 769 770
f 2100 2095 2099
f 9210 9209 9030
f 640 9012 1826
f 1653 8997 1651
f 1895 8974 746
f 746 8981 741
f 1653 8972 9020
f 9214 1604 1672
f 2093 2073 2078
f 959 995 884
f 962 919 986
f 1400 1398 1399
f 1000 1127 1004
f 956 884 885
f 1662 8994 1661
f 2034 8990 1654
f 9378 8983 9254
f 8979 766 1817
f 9016 765 766
f 334 9015 335
f 1868 8984 1656
f 1684 1652 1678
f 1682 775 1807
f 1585 9214 1700
f 9215 1672 1673
f 2173 490 491
f 1658 8991 1752
f 9000 1650 724
f 1571 2010 1572
f 1587 9123 2080
f 2099 2077 2094
f 787 1999 786
f 2000 786 1999
f 3155 9149 9135
f 9165 9135 9241
f 2180 9137 9136
f 8940 9136 9157
f 1684 9292 1651
f 1760 8939 8989
f 2607 9145 2590
f 2581 9141 2607
f 2371 9152 9147
f 2371 9145 2372
f 2587 9127 2586
f 2586 9149 339
f 2497 9139 2503
f 2502 9139 9152
f 2494 9142 2495
f 9142 2472 2495
f 9140 2468 2472
f 9153 2469 2468
f 726 9344 630
f 581 8962 580
f 10 9014 334
f 1837 8954 1849
f 741 8967 1300
f 1299 9002 2034
f 1851 8948 1866
f 8971 1820 1819
f 580 8980 1895
f 1758 8966 8946
f 1693 8952 1806
f 8948 1867 1866
f 1894 9012 8943
f 2126 9265 9293
f 9358 9293 9364
f 2113 9319 2110
f 2179 9241 9137
f 624 9356 623
f 2192 9240 9232
f 2177 9239 9185
f 1364 9285 1338
f 9310 1470 1453
f 3135 9227 9196
f 2069 9287 2068
f 1351 9305 1352
f 2108 9353 499
f 2089 9188 9185
f 9280 1358 866
f 2001 9235 2187
f 2187 9171 2091
f 2130 9204 2004
f 2004 9201 2001
f 2014 9231 2201
f 2201 9208 2130
f 3167 9211 2969
f 3168 9172 3167
f 3159 9216 3160
f 3160 9217 3081
f 9182 3158 337
f 3158 9161 3159
f 2200 9182 9174
f 9137 9194 2204
f 9174 2197 2200
f 9242 2092 9173
f 9226 9173 2197
f 3154 9242 9226
f 3155 9158 3154
f 2091 9173 2092
f 2196 9202 9228
f 2193 9228 9233
f 9056 9233 9240
f 2086 9232 9230
f 2087 9230 9229
f 2204 9203 2205
f 2205 9202 3148
f 9361 574 692
f 2124 9229 9212
f 2208 9212 9234
f 9163 3140 3137
f 9237 3138 3140
f 9197 3139 3138
f 9223 3136 2322
f 9164 3137 3136
f 9227 3131 3133
f 9219 3132 3131
f 1813 9290 1814
f 1293 9308 1344
f 2184 9200 9184
f 2181 9184 9186
f 9217 3079 3081
f 9220 3080 3079
f 709 9327 2031
f 2774 9189 9221
f 9238 2134 9003
f 9261 766 765
f 2968 9218 2959
f 2969 9236 2968
f 2958 9189 2961
f 2132 9218 2960
f 2321 9223 9200
f 9312 1449 28
f 9357 582 710
f 9338 577 574
f 9299 1818 9279
f 705 9339 2121
f 9268 9359 698
f 2111 9363 2113
f 9262 1366 1411
f 1812 9274 1815
f 675 9304 674
f 8940 9303 675
f 2110 9320 2109
f 2104 9353 2106
f 2109 9351 944
f 9294 703 739
f 1680 9298 1684
f 1639 9271 9270
f 623 9358 697
f 2139 9318 9317
f 1808 9296 9289
f 9272 1819 1820
f 9324 9352 706
f 1646 9282 1648
f 9341 633 577
f 2139 9327 18
f 2156 9323 9326
f 674 9365 9321
f 2117 9264 2069
f 1815 9299 9275
f 9307 1444 1470
f 697 9364 9268
f 866 9288 9280
f 9316 2136 2135
f 9037 9178 9041
f 9035 9183 9037
f 9205 9190 9191
f 9192 9033 9195
f 1088 9198 1093
f 9191 9195 9205
f 2791 8933 2792
f 8932 2807 8933
f 2792 8934 2909
f 8933 2806 8934
f 8952 8934 8960
f 8960 2806 8983
f 2948 9243 9253
f 2105 9348 2104
f 8982 9256 2805
f 680 9328 683
f 1891 9362 9343
f 2905 9253 2950
f 2900 9251 2905
f 2901 9259 2877
f 2734 9258 9246
f 2877 9258 2878
f 2820 9246 2872
f 2818 9244 2827
f 2823 9244 2826
f 2822 9250 2821
f 2819 9252 9250
f 2817 9247 2816
f 2809 9247 2815
f 2808 9255 2807
f 2805 9255 2804
f 1702 9375 1599
f 9374 1797 1802
f 9367 1706 1709
f 9370 1692 1698
f 1657 9332 1879
f 1890 9347 9362
f 9224 1674 1675
f 1689 9224 9225
f 9378 8982 1688
f 8960 1689 9225
f 9369 1703 1764
f 1598 9380 1770
f 9332 1876 1879
f 1691 9377 9379
f 9377 1688 1687
f 1117 1118 9382
f 1066 1322 9382
f 1243 847 9382
f 9277 848 9382
f 1128 1117 9382
f 1129 1130 9382
f 841 1011 9382
f 1230 9315 9382
f 1242 1243 9382
f 1322 1229 9382
f 1064 1065 9382
f 1003 1128 9382
f 1229 1230 9382
f 9315 1285 9382
f 1285 1288 9382
f 848 839 9382
f 847 9277 9382
f 1118 1129 9382
f 1065 1066 9382
f 1087 1086 9382
f 1008 1002 9382
f 1011 1008 9382
f 1002 1003 9382
f 1076 1069 9382
f 838 841 9382
f 839 838 9382
f 1288 1242 9382
f 1130 1087 9382
f 1086 1076 9382
f 1069 1064 9382
f 2410 2414 9383
f 2411 2410 9383
f 9069 2285 9383
f 2394 2393 9383
f 2393 2396 9383
f 2281 2286 9383
f 2282 2280 9383
f 2398 2399 9383
f 2465 2464 9383
f 2396 2397 9383
f 2470 2469 9383
f 2399 2416 9383
f 2480 2395 9383
f 2459 2480 9383
f 2369 2282 9383
f 2460 2459 9383
f 2415 2411 9383
f 2416 2415 9383
f 2364 2363 9383
f 2286 9069 9383
f 2464 2470 9383
f 2469 9155 9383
f 2285 2465 9383
f 2414 2364 9383
f 2395 2394 9383
f 2363 2367 9383
f 2397 2398 9383
f 2280 2281 9383
f 9155 2460 9383
f 2367 2369 9383
f 9386 9389 9390
f 9386 9391 9387
f 9384 9389 9385
f 9390 9395 9391
f 9389 9392 9393
f 9389 9394 9390
f 9394 9399 9395
f 9393 9396 9397
f 9394 9397 9398
f 9399 9402 9403
f 9396 9401 9397
f 9397 9402 9398
f 9402 9407 9403
f 9401 9404 9405
f 9402 9405 9406
f 9407 9410 9411
f 9405 9408 9409
f 9405 9410 9406
f 9411 9414 9415
f 9409 9412 9413
f 9410 9413 9414
f 9414 9419 9415
f 9412 9417 9413
f 9413 9418 9414
f 9418 9423 9419
f 9417 9420 9421
f 9418 9421 9422
f 9422 9427 9423
f 9420 9425 9421
f 9421 9426 9422
f 9426 9431 9427
f 9425 9428 9429
f 9426 9429 9430
f 9431 9434 9435
f 9428 9433 9429
f 9429 9434 9430
f 9434 9439 9435
f 9433 9436 9437
f 9434 9437 9438
f 9439 9442 9443
f 9436 9441 9437
f 9437 9442 9438
f 9443 9446 9447
f 9441 9444 9445
f 9442 9445 9446
f 9447 9450 9451
f 9444 9449 9445
f 9445 9450 9446
f 9450 9455 9451
f 9449 9452 9453
f 9450 9453 9454
f 9454 9459 9455
f 9452 9457 9453
f 9453 9458 9454
f 9458 9463 9459
f 9457 9460 9461
f 9458 9461 9462
f 9463 9466 9467
f 9460 9465 9461
f 9461 9466 9462
f 9466 9471 9467
f 9465 9468 9469
f 9466 9469 9470
f 9471 9474 9475
f 9468 9473 9469
f 9469 9474 9470
f 9475 9478 9479
f 9473 9476 9477
f 9474 9477 9478
f 9479 9482 9483
f 9476 9481 9477
f 9477 9482 9478
f 9483 9486 9487
f 9481 9484 9485
f 9482 9485 9486
f 9486 9491 9487
f 9484 9489 9485
f 9485 9490 9486
f 9490 9495 9491
f 9489 9492 9493
f 9490 9493 9494
f 9495 9498 9499
f 9492 9497 9493
f 9493 9498 9494
f 9498 9503 9499
f 9497 9500 9501
f 9498 9501 9502
f 9503 9507 9508
f 9500 9506 9501
f 9501 9507 9502
f 9508 9511 9512
f 9505 9510 9506
f 9507 9510 9511
f 9384 9504 9388
f 9388 9504 9392
f 9392 9504 9396
f 9396 9504 9400
f 9400 9504 9404
f 9404 9504 9408
f 9408 9504 9412
f 9412 9504 9416
f 9416 9504 9420
f 9420 9504 9424
f 9424 9504 9428
f 9428 9504 9432
f 9432 9504 9436
f 9436 9504 9440
f 9440 9504 9444
f 9444 9504 9448
f 9448 9504 9452
f 9452 9504 9456
f 9456 9504 9460
f 9460 9504 9464
f 9464 9504 9468
f 9468 9504 9472
f 9472 9504 9476
f 9476 9504 9480
f 9480 9504 9484
f 9484 9504 9488
f 9488 9504 9492
f 9492 9504 9496
f 9496 9504 9500
f 9500 9504 9505
f 9505 9504 9509
f 9512 9386 9387
f 9510 9384 9385
f 9510 9386 9511
f 9509 9504 9384
f 9521 9533 9534
f 9518 9532 9519
f 9517 9529 9530
f 9515 9527 9528
f 9523 9537 9524
f 9521 9535 9522
f 9519 9533 9520
f 9518 9530 9531
f 9515 9529 9516
f 9513 9527 9514
f 9524 9538 9525
f 9523 9535 9536
f 9528 9542 9529
f 9526 9540 9527
f 9538 9550 9551
f 9535 9549 9536
f 9534 9546 9547
f 9531 9545 9532
f 9530 9542 9543
f 9528 9540 9541
f 9537 9549 9550
f 9534 9548 9535
f 9532 9546 9533
f 9531 9543 9544
f 9541 9555 9542
f 9540 9552 9553
f 9550 9564 9551
f 9548 9562 9549
f 9547 9559 9560
f 9544 9558 9545
f 9542 9556 9543
f 9541 9553 9554
f 9549 9563 9550
f 9547 9561 9548
f 9546 9558 9559
f 9544 9556 9557
f 9555 9567 9568
f 9552 9566 9553
f 9564 9576 9577
f 9562 9574 9575
f 9559 9573 9560
f 9557 9571 9558
f 9555 9569 9556
f 9553 9567 9554
f 9562 9576 9563
f 9561 9573 9574
f 9559 9571 9572
f 9557 9569 9570
f 9567 9581 9568
f 9566 9578 9579
f 9576 9590 9577
f 9575 9587 9588
f 9572 9586 9573
f 9571 9583 9584
f 9569 9581 9582
f 9566 9580 9567
f 9576 9588 9589
f 9574 9586 9587
f 9571 9585 9572
f 9569 9583 9570
f 9581 9593 9594
f 9578 9592 9579
f 9590 9602 9603
f 9588 9600 9601
f 9585 9599 9586
f 9583 9597 9584
f 9582 9594 9595
f 9579 9593 9580
f 9589 9601 9602
f 9587 9599 9600
f 9584 9598 9585
f 9583 9595 9596
f 9594 9606 9607
f 9592 9604 9605
f 9602 9616 9603
f 9601 9613 9614
f 9598 9612 9599
f 9596 9610 9597
f 9594 9608 9595
f 9592 9606 9593
f 9601 9615 9602
f 9600 9612 9613
f 9598 9610 9611
f 9596 9608 9609
f 9607 9619 9620
f 9605 9617 9618
f 9615 9629 9616
f 9613 9627 9614
f 9611 9625 9612
f 9610 9622 9623
f 9607 9621 9608
f 9605 9619 9606
f 9615 9627 9628
f 9613 9625 9626
f 9611 9623 9624
f 9608 9622 9609
f 9619 9633 9620
f 9617 9631 9618
f 9628 9642 9629
f 9627 9639 9640
f 9625 9637 9638
f 9622 9636 9623
f 9621 9633 9634
f 9619 9631 9632
f 9627 9641 9628
f 9625 9639 9626
f 9623 9637 9624
f 9622 9634 9635
f 9632 9646 9633
f 9630 9644 9631
f 9642 9654 9655
f 9639 9653 9640
f 9638 9650 9651
f 9635 9649 9636
f 9634 9646 9647
f 9632 9644 9645
f 9641 9653 9654
f 9638 9652 9639
f 9636 9650 9637
f 9635 9647 9648
f 9645 9659 9646
f 9644 9656 9657
f 9654 9668 9655
f 9652 9666 9653
f 9651 9663 9664
f 9648 9662 9649
f 9646 9660 9647
f 9645 9657 9658
f 9653 9667 9654
f 9651 9665 9652
f 9650 9662 9663
f 9648 9660 9661
f 9659 9671 9672
f 9656 9670 9657
f 9668 9680 9681
f 9665 9679 9666
f 9663 9677 9664
f 9661 9675 9662
f 9659 9673 9660
f 9657 9671 9658
f 9666 9680 9667
f 9665 9677 9678
f 9663 9675 9676
f 9661 9673 9674
f 9671 9685 9672
f 9670 9682 9683
f 9680 9694 9681
f 9678 9692 9679
f 9677 9689 9690
f 9675 9687 9688
f 9673 9685 9686
f 9670 9684 9671
f 9680 9692 9693
f 9678 9690 9691
f 9675 9689 9676
f 9673 9687 9674
f 9685 9697 9698
f 9682 9696 9683
f 9694 9706 9707
f 9692 9704 9705
f 9689 9703 9690
f 9687 9701 9688
f 9686 9698 9699
f 9683 9697 9684
f 9693 9705 9706
f 9691 9703 9704
f 9688 9702 9689
f 9687 9699 9700
f 9698 9710 9711
f 9696 9708 9709
f 9706 9720 9707
f 9705 9717 9718
f 9702 9716 9703
f 9700 9714 9701
f 9698 9712 9699
f 9696 9710 9697
f 9705 9719 9706
f 9704 9716 9717
f 9702 9714 9715
f 9700 9712 9713
f 9711 9723 9724
f 9709 9721 9722
f 9719 9733 9720
f 9717 9731 9718
f 9715 9729 9716
f 9714 9726 9727
f 9711 9725 9712
f 9709 9723 9710
f 9718 9732 9719
f 9717 9729 9730
f 9715 9727 9728
f 9712 9726 9713
f 9723 9737 9724
f 9721 9735 9722
f 9733 9745 9746
f 9731 9743 9744
f 9729 9741 9742
f 9726 9740 9727
f 9725 9737 9738
f 9723 9735 9736
f 9732 9744 9745
f 9729 9743 9730
f 9727 9741 9728
f 9726 9738 9739
f 9736 9750 9737
f 9734 9748 9735
f 9746 9758 9759
f 9743 9757 9744
f 9742 9754 9755
f 9739 9753 9740
f 9738 9750 9751
f 9736 9748 9749
f 9745 9757 9758
f 9742 9756 9743
f 9740 9754 9741
f 9739 9751 9752
f 9749 9763 9750
f 9748 9760 9761
f 9758 9772 9759
f 9756 9770 9757
f 9755 9767 9768
f 9752 9766 9753
f 9750 9764 9751
f 9749 9761 9762
f 9757 9771 9758
f 9756 9768 9769
f 9754 9766 9767
f 9752 9764 9765
f 9762 9776 9763
f 9760 9774 9761
f 9772 9784 9785
f 9770 9782 9783
f 9768 9780 9781
f 9765 9779 9766
f 9763 9777 9764
f 9762 9774 9775
f 9770 9784 9771
f 9768 9782 9769
f 9767 9779 9780
f 9764 9778 9765
f 9775 9789 9776
f 9774 9786 9787
f 9784 9798 9785
f 9782 9796 9783
f 9781 9793 9794
f 9779 9791 9792
f 9777 9789 9790
f 9774 9788 9775
f 9784 9796 9797
f 9782 9794 9795
f 9779 9793 9780
f 9777 9791 9778
f 9789 9802 9803
f 9786 9801 9787
f 9798 9811 9812
f 9796 9809 9810
f 9793 9808 9794
f 9792 9805 9806
f 9790 9803 9804
f 9787 9802 9788
f 9797 9810 9811
f 9795 9808 9809
f 9792 9807 9793
f 9790 9805 9791
f 9803 9815 9816
f 9801 9813 9814
f 9811 9825 9812
f 9810 9822 9823
f 9807 9821 9808
f 9806 9818 9819
f 9803 9817 9804
f 9801 9815 9802
f 9810 9824 9811
f 9809 9821 9822
f 9807 9819 9820
f 9804 9818 9805
f 9816 9828 9829
f 9814 9826 9827
f 9825 9837 9838
f 9822 9836 9823
f 9820 9834 9821
f 9819 9831 9832
f 9816 9830 9817
f 9814 9828 9815
f 9824 9836 9837
f 9822 9834 9835
f 9820 9832 9833
f 9817 9831 9818
f 9828 9842 9829
f 9826 9840 9827
f 9837 9851 9838
f 9836 9848 9849
f 9834 9846 9847
f 9831 9845 9832
f 9830 9842 9843
f 9828 9840 9841
f 9836 9850 9837
f 9834 9848 9835
f 9832 9846 9833
f 9831 9843 9844
f 9841 9855 9842
f 9839 9853 9840
f 9851 9863 9864
f 9848 9862 9849
f 9847 9859 9860
f 9845 9857 9858
f 9843 9855 9856
f 9841 9853 9854
f 9850 9862 9863
f 9847 9861 9848
f 9845 9859 9846
f 9843 9857 9844
f 9854 9868 9855
f 9853 9865 9866
f 9863 9877 9864
f 9861 9875 9862
f 9860 9872 9873
f 9858 9870 9871
f 9855 9869 9856
f 9854 9866 9867
f 9862 9876 9863
f 9860 9874 9861
f 9859 9871 9872
f 9856 9870 9857
f 9868 9880 9881
f 9865 9879 9866
f 9877 9889 9890
f 9875 9887 9888
f 9873 9885 9886
f 9870 9884 9871
f 9868 9882 9869
f 9867 9879 9880
f 9875 9889 9876
f 9873 9887 9874
f 9872 9884 9885
f 9870 9882 9883
f 9880 9894 9881
f 9878 9892 9879
f 9889 9903 9890
f 9887 9901 9888
f 9886 9898 9899
f 9884 9896 9897
f 9882 9894 9895
f 9879 9893 9880
f 9889 9901 9902
f 9887 9899 9900
f 9884 9898 9885
f 9882 9896 9883
f 9894 9906 9907
f 9891 9905 9892
f 9903 9915 9916
f 9901 9913 9914
f 9898 9912 9899
f 9896 9910 9897
f 9895 9907 9908
f 9892 9906 9893
f 9902 9914 9915
f 9899 9913 9900
f 9897 9911 9898
f 9896 9908 9909
f 9907 9919 9920
f 9905 9917 9918
f 9915 9929 9916
f 9914 9926 9927
f 9911 9925 9912
f 9909 9923 9910
f 9907 9921 9908
f 9905 9919 9906
f 9914 9928 9915
f 9913 9925 9926
f 9911 9923 9924
f 9909 9921 9922
f 9799 9525 9538
f 9799 9538 9551
f 9799 9551 9564
f 9799 9564 9577
f 9799 9577 9590
f 9799 9590 9603
f 9799 9603 9616
f 9799 9616 9629
f 9799 9629 9642
f 9799 9642 9655
f 9799 9655 9668
f 9799 9668 9681
f 9799 9681 9694
f 9799 9694 9707
f 9799 9707 9720
f 9799 9720 9733
f 9799 9733 9746
f 9799 9746 9759
f 9799 9759 9772
f 9799 9772 9785
f 9799 9785 9798
f 9799 9798 9812
f 9799 9812 9825
f 9799 9825 9838
f 9799 9838 9851
f 9799 9851 9864
f 9799 9864 9877
f 9799 9877 9890
f 9799 9890 9903
f 9799 9903 9916
f 9799 9916 9929
f 9920 9515 9516
f 9918 9513 9514
f 9929 9524 9525
f 9926 9523 9927
f 9924 9521 9925
f 9923 9518 9519
f 9920 9517 9921
f 9918 9515 9919
f 9799 9929 9525
f 9928 9523 9524
f 9926 9521 9522
f 9924 9519 9520
f 9921 9518 9922
f 9387 9917 9512
f 9917 9508 9512
f 9904 9503 9508
f 9891 9499 9503
f 9499 9865 9495
f 9495 9852 9491
f 9491 9839 9487
f 9839 9483 9487
f 9483 9813 9479
f 9813 9475 9479
f 9800 9471 9475
f 9786 9467 9471
f 9467 9760 9463
f 9463 9747 9459
f 9459 9734 9455
f 9734 9451 9455
f 9451 9708 9447
f 9708 9443 9447
f 9695 9439 9443
f 9682 9435 9439
f 9435 9656 9431
f 9431 9643 9427
f 9427 9630 9423
f 9630 9419 9423
f 9419 9604 9415
f 9604 9411 9415
f 9591 9407 9411
f 9578 9403 9407
f 9403 9552 9399
f 9399 9539 9395
f 9395 9526 9391
f 9526 9387 9391
f 9932 9935 9936
f 9932 9937 9933
f 9931 9934 9935
f 9936 9941 9937
f 9934 9939 9935
f 9935 9940 9936
f 9940 9945 9941
f 9939 9942 9943
f 9940 9943 9944
f 9945 9948 9949
f 9942 9947 9943
f 9943 9948 9944
f 9948 9953 9949
f 9947 9950 9951
f 9948 9951 9952
f 9953 9956 9957
f 9950 9955 9951
f 9951 9956 9952
f 9957 9960 9961
f 9955 9958 9959
f 9956 9959 9960
f 9961 9964 9965
f 9958 9963 9959
f 9959 9964 9960
f 9965 9968 9969
f 9963 9966 9967
f 9964 9967 9968
f 9968 9973 9969
f 9966 9971 9967
f 9967 9972 9968
f 9972 9977 9973
f 9970 9975 9971
f 9972 9975 9976
f 9977 9980 9981
f 9974 9979 9975
f 9975 9980 9976
f 9980 9985 9981
f 9979 9982 9983
f 9980 9983 9984
f 9985 9988 9989
f 9982 9987 9983
f 9983 9988 9984
f 9989 9992 9993
f 9986 9991 9987
f 9988 9991 9992
f 9993 9996 9997
f 9991 9994 9995
f 9991 9996 9992
f 9996 10001 9997
f 9994 9999 9995
f 9996 9999 10000
f 10000 10005 10001
f 9999 10002 10003
f 9999 10004 10000
f 10004 10009 10005
f 10003 10006 10007
f 10004 10007 10008
f 10009 10012 10013
f 10006 10011 10007
f 10007 10012 10008
f 10012 10017 10013
f 10011 10014 10015
f 10012 10015 10016
f 10017 10020 10021
f 10014 10019 10015
f 10015 10020 10016
f 10021 10024 10025
f 10019 10022 10023
f 10020 10023 10024
f 10024 10029 10025
f 10022 10027 10023
f 10023 10028 10024
f 10028 10033 10029
f 10027 10030 10031
f 10028 10031 10032
f 10032 10037 10033
f 10030 10035 10031
f 10031 10036 10032
f 10036 10041 10037
f 10035 10038 10039
f 10036 10039 10040
f 10041 10044 10045
f 10038 10043 10039
f 10039 10044 10040
f 10044 10049 10045
f 10043 10046 10047
f 10044 10047 10048
f 10049 10053 10054
f 10046 10052 10047
f 10047 10053 10048
f 10054 10057 10058
f 10052 10055 10056
f 10053 10056 10057
f 9930 10050 9934
f 9934 10050 9938
f 9938 10050 9942
f 9942 10050 9946
f 9946 10050 9950
f 9950 10050 9954
f 9954 10050 9958
f 9958 10050 9962
f 9962 10050 9966
f 9966 10050 9970
f 9970 10050 9974
f 9974 10050 9978
f 9978 10050 9982
f 9982 10050 9986
f 9986 10050 9990
f 9990 10050 9994
f 9994 10050 9998
f 9998 10050 10002
f 10002 10050 10006
f 10006 10050 10010
f 10010 10050 10014
f 10014 10050 10018
f 10018 10050 10022
f 10022 10050 10026
f 10026 10050 10030
f 10030 10050 10034
f 10034 10050 10038
f 10038 10050 10042
f 10042 10050 10046
f 10046 10050 10051
f 10051 10050 10055
f 10058 9932 9933
f 10055 9931 10056
f 10056 9932 10057
f 10055 10050 9930
f 10067 10079 10080
f 10064 10078 10065
f 10063 10075 10076
f 10061 10073 10074
f 10070 10082 10083
f 10067 10081 10068
f 10065 10079 10066
f 10064 10076 10077
f 10061 10075 10062
f 10059 10073 10060
f 10071 10083 10084
f 10069 10081 10082
f 10074 10088 10075
f 10072 10086 10073
f 10084 10096 10097
f 10081 10095 10082
f 10080 10092 10093
f 10078 10090 10091
f 10076 10088 10089
f 10074 10086 10087
f 10083 10095 10096
f 10080 10094 10081
f 10078 10092 10079
f 10076 10090 10077
f 10087 10101 10088
f 10086 10098 10099
f 10096 10110 10097
f 10094 10108 10095
f 10093 10105 10106
f 10091 10103 10104
f 10088 10102 10089
f 10087 10099 10100
f 10095 10109 10096
f 10094 10106 10107
f 10092 10104 10105
f 10089 10103 10090
f 10100 10114 10101
f 10098 10112 10099
f 10110 10122 10123
f 10108 10120 10121
f 10105 10119 10106
f 10103 10117 10104
f 10101 10115 10102
f 10100 10112 10113
f 10108 10122 10109
f 10106 10120 10107
f 10105 10117 10118
f 10103 10115 10116
f 10113 10127 10114
f 10112 10124 10125
f 10122 10136 10123
f 10120 10134 10121
f 10119 10131 10132
f 10117 10129 10130
f 10115 10127 10128
f 10113 10125 10126
f 10122 10134 10135
f 10119 10133 10120
f 10117 10131 10118
f 10115 10129 10116
f 10127 10139 10140
f 10124 10138 10125
f 10136 10148 10149
f 10134 10146 10147
f 10131 10145 10132
f 10130 10142 10143
f 10128 10140 10141
f 10125 10139 10126
f 10135 10147 10148
f 10133 10145 10146
f 10130 10144 10131
f 10128 10142 10129
f 10140 10152 10153
f 10138 10150 10151
f 10148 10162 10149
f 10147 10159 10160
f 10144 10158 10145
f 10143 10155 10156
f 10140 10154 10141
f 10138 10152 10139
f 10147 10161 10148
f 10146 10158 10159
f 10144 10156 10157
f 10141 10155 10142
f 10153 10165 10166
f 10151 10163 10164
f 10162 10174 10175
f 10159 10173 10160
f 10157 10171 10158
f 10156 10168 10169
f 10153 10167 10154
f 10151 10165 10152
f 10161 10173 10174
f 10159 10171 10172
f 10157 10169 10170
f 10154 10168 10155
f 10165 10179 10166
f 10163 10177 10164
f 10175 10187 10188
f 10173 10185 10186
f 10171 10183 10184
f 10168 10182 10169
f 10167 10179 10180
f 10165 10177 10178
f 10173 10187 10174
f 10171 10185 10172
f 10169 10183 10170
f 10168 10180 10181
f 10178 10192 10179
f 10176 10190 10177
f 10188 10200 10201
f 10185 10199 10186
f 10184 10196 10197
f 10182 10194 10195
f 10180 10192 10193
f 10178 10190 10191
f 10187 10199 10200
f 10184 10198 10185
f 10182 10196 10183
f 10180 10194 10181
f 10191 10205 10192
f 10190 10202 10203
f 10200 10214 10201
f 10198 10212 10199
f 10197 10209 10210
f 10195 10207 10208
f 10192 10206 10193
f 10191 10203 10204
f 10199 10213 10200
f 10197 10211 10198
f 10196 10208 10209
f 10193 10207 10194
f 10205 10217 10218
f 10202 10216 10203
f 10214 10226 10227
f 10211 10225 10212
f 10210 10222 10223
f 10207 10221 10208
f 10205 10219 10206
f 10204 10216 10217
f 10212 10226 10213
f 10210 10224 10211
f 10209 10221 10222
f 10207 10219 10220
f 10217 10231 10218
f 10216 10228 10229
f 10226 10240 10227
f 10224 10238 10225
f 10223 10235 10236
f 10221 10233 10234
f 10219 10231 10232
f 10217 10229 10230
f 10226 10238 10239
f 10223 10237 10224
f 10221 10235 10222
f 10219 10233 10220
f 10231 10243 10244
f 10228 10242 10229
f 10240 10252 10253
f 10238 10250 10251
f 10235 10249 10236
f 10234 10246 10247
f 10232 10244 10245
f 10229 10243 10230
f 10239 10251 10252
f 10237 10249 10250
f 10234 10248 10235
f 10232 10246 10233
f 10244 10256 10257
f 10242 10254 10255
f 10252 10266 10253
f 10251 10263 10264
f 10248 10262 10249
f 10247 10259 10260
f 10244 10258 10245
f 10242 10256 10243
f 10251 10265 10252
f 10250 10262 10263
f 10248 10260 10261
f 10245 10259 10246
f 10257 10269 10270
f 10255 10267 10268
f 10266 10278 10279
f 10263 10277 10264
f 10261 10275 10262
f 10260 10272 10273
f 10257 10271 10258
f 10255 10269 10256
f 10265 10277 10278
f 10263 10275 10276
f 10261 10273 10274
f 10258 10272 10259
f 10269 10283 10270
f 10267 10281 10268
f 10278 10292 10279
f 10277 10289 10290
f 10275 10287 10288
f 10272 10286 10273
f 10271 10283 10284
f 10269 10281 10282
f 10277 10291 10278
f 10275 10289 10276
f 10273 10287 10274
f 10272 10284 10285
f 10282 10296 10283
f 10280 10294 10281
f 10292 10304 10305
f 10289 10303 10290
f 10288 10300 10301
f 10286 10298 10299
f 10284 10296 10297
f 10282 10294 10295
f 10291 10303 10304
f 10288 10302 10289
f 10286 10300 10287
f 10284 10298 10285
f 10295 10309 10296
f 10294 10306 10307
f 10304 10318 10305
f 10302 10316 10303
f 10301 10313 10314
f 10299 10311 10312
f 10296 10310 10297
f 10295 10307 10308
f 10303 10317 10304
f 10301 10315 10302
f 10300 10312 10313
f 10297 10311 10298
f 10309 10321 10322
f 10307 10319 10320
f 10318 10330 10331
f 10316 10328 10329
f 10314 10326 10327
f 10311 10325 10312
f 10309 10323 10310
f 10308 10320 10321
f 10316 10330 10317
f 10314 10328 10315
f 10313 10325 10326
f 10311 10323 10324
f 10321 10335 10322
f 10320 10332 10333
f 10330 10344 10331
f 10329 10341 10342
f 10326 10340 10327
f 10325 10337 10338
f 10323 10335 10336
f 10320 10334 10321
f 10330 10342 10343
f 10328 10340 10341
f 10325 10339 10326
f 10323 10337 10324
f 10335 10348 10349
f 10332 10347 10333
f 10344 10357 10358
f 10342 10355 10356
f 10339 10354 10340
f 10337 10352 10338
f 10336 10349 10350
f 10333 10348 10334
f 10343 10356 10357
f 10341 10354 10355
f 10338 10353 10339
f 10337 10350 10351
f 10349 10361 10362
f 10347 10359 10360
f 10357 10371 10358
f 10356 10368 10369
f 10353 10367 10354
f 10351 10365 10352
f 10349 10363 10350
f 10347 10361 10348
f 10356 10370 10357
f 10355 10367 10368
f 10353 10365 10366
f 10351 10363 10364
f 10362 10374 10375
f 10360 10372 10373
f 10371 10383 10384
f 10368 10382 10369
f 10366 10380 10367
f 10365 10377 10378
f 10362 10376 10363
f 10360 10374 10361
f 10370 10382 10383
f 10368 10380 10381
f 10366 10378 10379
f 10363 10377 10364
f 10374 10388 10375
f 10372 10386 10373
f 10383 10397 10384
f 10382 10394 10395
f 10380 10392 10393
f 10377 10391 10378
f 10376 10388 10389
f 10374 10386 10387
f 10382 10396 10383
f 10380 10394 10381
f 10378 10392 10379
f 10377 10389 10390
f 10387 10401 10388
f 10385 10399 10386
f 10397 10409 10410
f 10394 10408 10395
f 10393 10405 10406
f 10390 10404 10391
f 10389 10401 10402
f 10387 10399 10400
f 10396 10408 10409
f 10393 10407 10394
f 10391 10405 10392
f 10390 10402 10403
f 10400 10414 10401
f 10399 10411 10412
f 10409 10423 10410
f 10407 10421 10408
f 10406 10418 10419
f 10403 10417 10404
f 10401 10415 10402
f 10400 10412 10413
f 10408 10422 10409
f 10406 10420 10407
f 10405 10417 10418
f 10403 10415 10416
f 10414 10426 10427
f 10411 10425 10412
f 10423 10435 10436
f 10420 10434 10421
f 10418 10432 10419
f 10416 10430 10417
f 10414 10428 10415
f 10412 10426 10413
f 10421 10435 10422
f 10419 10433 10420
f 10418 10430 10431
f 10416 10428 10429
f 10427 10439 10440
f 10425 10437 10438
f 10435 10449 10436
f 10433 10447 10434
f 10431 10445 10432
f 10430 10442 10443
f 10428 10440 10441
f 10425 10439 10426
f 10435 10447 10448
f 10433 10445 10446
f 10430 10444 10431
f 10428 10442 10429
f 10440 10452 10453
f 10437 10451 10438
f 10449 10461 10462
f 10447 10459 10460
f 10444 10458 10445
f 10443 10455 10456
f 10441 10453 10454
f 10438 10452 10439
f 10448 10460 10461
f 10446 10458 10459
f 10443 10457 10444
f 10441 10455 10442
f 10453 10465 10466
f 10451 10463 10464
f 10461 10475 10462
f 10460 10472 10473
f 10457 10471 10458
f 10456 10468 10469
f 10453 10467 10454
f 10451 10465 10452
f 10460 10474 10461
f 10459 10471 10472
f 10457 10469 10470
f 10454 10468 10455
f 10345 10071 10084
f 10345 10084 10097
f 10345 10097 10110
f 10345 10110 10123
f 10345 10123 10136
f 10345 10136 10149
f 10345 10149 10162
f 10345 10162 10175
f 10345 10175 10188
f 10345 10188 10201
f 10345 10201 10214
f 10345 10214 10227
f 10345 10227 10240
f 10345 10240 10253
f 10345 10253 10266
f 10345 10266 10279
f 10345 10279 10292
f 10345 10292 10305
f 10345 10305 10318
f 10345 10318 10331
f 10345 10331 10344
f 10345 10344 10358
f 10345 10358 10371
f 10345 10371 10384
f 10345 10384 10397
f 10345 10397 10410
f 10345 10410 10423
f 10345 10423 10436
f 10345 10436 10449
f 10345 10449 10462
f 10345 10462 10475
f 10466 10061 10062
f 10464 10059 10060
f 10474 10071 10475
f 10472 10069 10473
f 10470 10067 10471
f 10469 10064 10065
f 10466 10063 10467
f 10464 10061 10465
f 10345 10475 10071
f 10473 10070 10474
f 10472 10067 10068
f 10470 10065 10066
f 10467 10064 10468
f 9933 10463 10058
f 10463 10054 10058
f 10450 10049 10054
f 10437 10045 10049
f 10045 10411 10041
f 10041 10398 10037
f 10037 10385 10033
f 10385 10029 10033
f 10029 10359 10025
f 10359 10021 10025
f 10346 10017 10021
f 10332 10013 10017
f 10013 10306 10009
f 10009 10293 10005
f 10005 10280 10001
f 10280 9997 10001
f 9997 10254 9993
f 10254 9989 9993
f 10241 9985 9989
f 10228 9981 9985
f 9981 10202 9977
f 9977 10189 9973
f 9973 10176 9969
f 10176 9965 9969
f 9965 10150 9961
f 10150 9957 9961
f 10137 9953 9957
f 10124 9949 9953
f 9949 10098 9945
f 9945 10085 9941
f 9941 10072 9937
f 10072 9933 9937
f 4 3 2
f 8 7 6
f 13 16 15
f 17 28 19
f 32 31 30
f 36 35 34
f 37 40 39
f 21 22 23
f 25 26 27
f 41 44 43
f 48 47 46
f 52 51 50
f 53 56 55
f 60 59 58
f 29 30 62
f 66 65 64
f 67 5 6
f 72 71 70
f 76 75 74
f 77 80 79
f 81 84 83
f 59 87 86
f 88 91 90
f 96 95 94
f 100 99 98
f 101 104 103
f 106 105 34
f 108 116 115
f 117 119 36
f 124 127 126
f 131 130 129
f 132 102 134
f 142 141 140
f 148 106 60
f 144 143 127
f 149 152 151
f 156 155 154
f 159 150 158
f 116 108 164
f 171 170 169
f 174 126 173
f 179 182 181
f 186 189 188
f 194 197 196
f 199 142 139
f 206 209 208
f 213 212 211
f 202 215 214
f 96 93 216
f 92 238 43
f 97 184 246
f 250 249 229
f 252 254 58
f 258 257 256
f 260 91 229
f 110 111 112
f 114 264 263
f 265 268 267
f 56 53 270
f 274 273 249
f 185 183 63
f 280 279 278
f 285 284 283
f 288 219 211
f 141 142 92
f 289 290 175
f 148 116 105
f 312 311 170
f 238 262 42
f 318 163 160
f 310 309 308
f 241 239 325
f 160 230 240
f 47 48 307
f 108 109 315
f 345 85 86
f 348 351 350
f 356 359 358
f 355 354 353
f 363 31 32
f 364 252 253
f 366 125 368
f 183 372 371
f 163 162 161
f 209 226 101
f 378 377 165
f 379 295 381
f 383 382 3
f 284 285 386
f 387 127 389
f 391 259 229
f 73 281 397
f 405 408 407
f 203 218 411
f 414 121 413
f 1 356 357
f 277 276 131
f 254 344 57
f 358 384 415
f 417 416 386
f 401 400 192
f 419 389 127
f 421 181 182
f 103 301 302
f 428 367 368
f 380 390 359
f 62 204 266
f 140 141 431
f 357 358 351
f 356 1 379
f 415 392 403
f 437 428 436
f 438 441 440
f 188 451 450
f 265 455 181
f 224 185 64
f 237 212 213
f 275 131 128
f 281 282 460
f 50 462 79
f 73 74 282
f 468 467 466
f 390 355 352
f 482 485 484
f 489 488 487
f 493 496 495
f 472 471 470
f 502 501 500
f 220 221 222
f 512 419 143
f 518 517 511
f 513 239 230
f 205 30 31
f 189 370 451
f 163 318 532
f 533 224 225
f 446 448 447
f 335 541 540
f 544 512 546
f 329 519 291
f 199 534 262
f 385 386 416
f 532 190 191
f 363 117 118
f 578 581 580
f 573 572 571
f 561 563 562
f 241 260 259
f 590 593 592
f 545 546 595
f 503 154 155
f 606 625 624
f 478 481 480
f 646 649 648
f 590 591 689
f 564 565 651
f 728 246 184
f 714 724 716
f 692 574 575
f 541 335 581
f 346 68 248
f 161 231 230
f 128 129 94
f 698 705 704
f 574 577 576
f 290 289 401
f 630 631 725
f 733 736 735
f 755 466 496
f 759 480 481
f 757 763 762
f 764 496 466
f 768 767 9260
f 759 760 488
f 492 474 475
f 474 770 769
f 773 468 465
f 771 774 486
f 484 485 775
f 774 776 489
f 495 496 764
f 495 757 761
f 137 397 784
f 325 239 797
f 165 519 51
f 369 32 29
f 730 731 568
f 90 302 301
f 243 118 516
f 800 734 806
f 817 815 808
f 816 808 823
f 306 303 447
f 815 810 809
f 829 830 828
f 726 725 501
f 274 427 424
f 879 882 881
f 884 883 879
f 219 218 217
f 906 905 904
f 455 204 205
f 898 882 830
f 903 900 880
f 377 291 519
f 923 949 948
f 946 947 951
f 8963 740 739
f 900 899 886
f 225 64 65
f 182 445 442
f 809 952 947
f 954 960 962
f 927 950 965
f 885 879 880
f 925 927 966
f 343 342 341
f 965 964 971
f 968 971 970
f 972 968 969
f 963 961 981
f 336 337 338
f 992 993 827
f 810 815 996
f 1007 1001 1002
f 1012 826 827
f 1011 1009 1007
f 294 293 292
f 907 908 920
f 1017 579 1019
f 1020 1023 1022
f 1035 1024 1020
f 1061 1060 1047
f 1063 1061 1046
f 1044 1020 1021
f 1102 1094 1097
f 1116 1126 1118
f 1016 1015 1014
f 881 897 904
f 816 1116 1127
f 1094 948 949
f 514 342 167
f 146 145 81
f 1133 1135 1130
f 1102 1133 1126
f 822 1126 1116
f 1145 1143 1148
f 1076 1144 1151
f 1148 1143 1086
f 1109 1097 1114
f 1154 1153 1156
f 1153 925 967
f 8815 8941 463
f 1144 1147 1152
f 1156 967 1163
f 1164 1162 1169
f 1145 1171 1176
f 1114 1115 1154
f 1183 1155 1164
f 1184 1183 1177
f 1069 1151 1062
f 1023 1191 1194
f 1162 1163 1170
f 1195 1184 1185
f 1183 1196 1176
f 1201 1063 1152
f 1061 1063 1201
f 9277 847 843
f 1203 1202 1195
f 1202 1201 1184
f 1218 1060 1203
f 1060 1061 1202
f 1225 1218 1217
f 671 695 694
f 1219 1217 1024
f 1217 1203 1034
f 1226 1014 1015
f 1243 1242 1234
f 1231 1230 1229
f 847 1243 1233
f 843 1233 1244
f 1233 1234 1245
f 1923 9213 233
f 2100 2108 499
f 9366 9316 2135
f 61 62 323
f 210 211 217
f 1299 1310 1309
f 9315 1230 1231
f 1066 1047 1321
f 1322 1321 1228
f 1060 1218 1321
f 1325 1324 1323
f 1244 1245 1332
f 1290 1234 1242
f 1337 1330 1339
f 1330 1332 1340
f 1341 1332 1245
f 1342 1340 1332
f 1343 1342 1341
f 1344 1341 1294
f 9309 9308 1345
f 1347 1348 1342
f 9308 9306 1295
f 1349 1350 1348
f 9313 1349 1347
f 9305 1347 1343
f 906 898 829
f 905 906 1353
f 865 1356 1355
f 1355 1353 829
f 1357 1355 825
f 1356 1354 1353
f 9286 1337 1338
f 866 1358 1356
f 1358 1359 1354
f 9280 878 1337
f 838 1362 1012
f 1363 1364 1338
f 1368 1363 1339
f 1348 1368 1340
f 1371 1369 9276
f 524 525 526
f 528 529 530
f 1372 1370 1369
f 535 536 537
f 1367 1368 1348
f 1370 1354 1359
f 1369 1359 9285
f 1373 910 903
f 555 556 557
f 1374 909 910
f 1373 904 905
f 1374 1373 1375
f 1375 905 1354
f 1378 920 908
f 376 373 651
f 1388 928 973
f 586 587 588
f 1390 1389 1388
f 1391 1388 969
f 597 598 599
f 600 601 602
f 1392 1391 970
f 608 609 610
f 612 524 523
f 614 615 616
f 617 618 25
f 620 621 622
f 1397 1390 1391
f 1398 1397 1392
f 1400 987 920
f 1402 1403 1165
f 636 637 638
f 930 1404 1402
f 641 642 643
f 929 1402 1169
f 1404 1405 1403
f 1411 1366 1365
f 1412 1406 1415
f 652 653 654
f 609 656 657
f 659 660 661
f 558 663 586
f 665 666 667
f 1413 1411 1406
f 1418 1416 9262
f 1417 1372 1371
f 1416 1371 9281
f 1419 1417 1416
f 1386 909 1374
f 677 678 679
f 1385 1386 1420
f 1420 1374 1376
f 685 686 687
f 1421 1420 1422
f 528 690 691
f 1422 1376 1372
f 1018 1019 747
f 699 700 701
f 1424 578 579
f 9115 1597 1767
f 700 699 711
f 1093 9198 9206
f 717 718 530
f 721 722 723
f 704 1650 8987
f 19 1429 1426
f 1429 1428 1427
f 1658 1659 8986
f 1439 1437 1434
f 1437 1436 1435
f 1426 1427 1433
f 1442 1431 1432
f 742 743 744
f 1432 1433 1441
f 751 752 753
f 1438 1434 1403
f 1446 1445 1444
f 1447 1448 1446
f 9312 1447 1443
f 1415 1367 1445
f 1414 1415 1446
f 2173 1683 469
f 777 778 779
f 780 781 782
f 1676 1693 1806
f 9311 1451 1349
f 789 790 791
f 745 792 793
f 652 794 795
f 1455 1458 1457
f 1454 1367 1350
f 610 691 802
f 9283 9268 698
f 1352 1044 1045
f 1015 1016 1459
f 811 812 813
f 2118 9267 9269
f 819 820 821
f 1466 1463 1194
f 1467 1468 1465
f 1182 1165 1468
f 832 812 833
f 835 836 837
f 1467 1466 1190
f 1469 1470 1444
f 840 700 712
f 1453 1470 1469
f 599 844 845
f 1226 1450 9301
f 851 852 853
f 855 744 856
f 858 859 860
f 861 862 863
f 1014 1226 9307
f 867 676 868
f 870 871 872
f 874 875 876
f 1310 1323 1471
f 1476 1433 1427
f 1461 1476 1475
f 887 888 889
f 788 791 892
f 894 895 896
f 1460 1475 1227
f 901 902 524
f 1465 1478 1477
f 1865 8947 8944
f 911 912 913
f 916 917 918
f 1850 8949 8951
f 921 922 895
f 1479 1435 1436
f 926 664 667
f 1481 562 563
f 269 1483 84
f 931 932 933
f 934 935 614
f 936 685 688
f 938 659 662
f 1484 270 122
f 941 942 835
f 320 321 509
f 1849 8954 8949
f 84 1483 1484
f 1487 1490 1488
f 1757 1758 8946
f 365 1492 1491
f 461 79 80
f 117 363 362
f 1494 540 541
f 926 601 957
f 1477 1441 1433
f 1709 1588 1585
f 119 117 1496
f 271 1497 504
f 511 517 189
f 345 1496 1492
f 57 344 299
f 1501 1499 268
f 267 268 1499
f 974 975 976
f 1678 1652 1693
f 9298 1682 1807
f 557 982 663
f 983 941 984
f 1443 1444 9301
f 421 1500 268
f 989 990 991
f 1490 1487 418
f 279 280 309
f 997 868 676
f 998 26 999
f 1504 418 38
f 1506 1508 1507
f 360 361 1508
f 1506 1486 207
f 939 1005 1006
f 270 1484 1483
f 66 63 546
f 1010 742 793
f 367 428 437
f 244 31 363
f 1670 8976 8978
f 209 206 1510
f 388 389 426
f 427 274 250
f 161 520 521
f 100 246 45
f 1025 1026 608
f 1029 1030 1031
f 939 662 1033
f 41 42 594
f 1036 780 783
f 702 701 1038
f 1040 1041 1042
f 362 32 369
f 187 1520 477
f 70 1487 539
f 1049 600 603
f 613 867 869
f 860 1050 1051
f 1005 1052 1053
f 753 1055 1056
f 1057 1058 1059
f 293 288 1522
f 288 212 1521
f 292 1522 1523
f 331 1507 1508
f 306 452 453
f 100 44 41
f 462 1524 78
f 330 331 1524
f 635 1067 1068
f 1485 1527 1526
f 206 1485 1528
f 1070 1071 1072
f 942 941 1073
f 916 933 1075
f 440 1529 1530
f 157 158 1514
f 1529 162 5
f 371 595 546
f 790 586 663
f 1077 858 857
f 1403 1434 1435
f 1080 1081 1082
f 531 520 1529
f 21 1083 1084
f 272 1532 1531
f 690 712 802
f 335 9015 9011
f 1090 1030 1029
f 1092 795 794
f 1533 396 137
f 661 660 1095
f 69 444 445
f 1099 1100 1101
f 38 39 1536
f 1104 1105 1106
f 852 1107 1108
f 1377 908 909
f 291 377 411
f 316 1536 516
f 539 1488 1533
f 1505 1536 316
f 1110 1111 1112
f 1539 1537 460
f 522 441 1537
f 834 837 1120
f 1122 1123 1124
f 612 1125 1041
f 935 793 615
f 276 278 130
f 1686 8993 8966
f 193 190 1541
f 231 521 1540
f 556 1037 982
f 365 253 85
f 190 532 318
f 1810 765 9018
f 9376 1867 8956
f 1132 983 985
f 208 101 102
f 1134 1033 662
f 1491 518 80
f 429 133 1542
f 1137 1138 915
f 172 436 428
f 1139 1140 1141
f 549 96 54
f 1517 1519 1518
f 834 1119 984
f 1543 513 286
f 1544 797 239
f 133 134 1544
f 506 361 257
f 420 327 328
f 1158 1159 1160
f 587 1104 1103
f 607 1161 1027
f 304 1546 1545
f 364 1491 77
f 69 70 198
f 700 840 1112
f 9329 626 8969
f 1166 719 657
f 1167 1168 858
f 1300 8967 8968
f 1172 1173 1174
f 218 203 200
f 1179 1180 1181
f 372 183 97
f 89 104 227
f 1186 1187 1188
f 172 173 1517
f 1482 84 81
f 1090 1192 1193
f 394 395 353
f 526 525 1198
f 1199 1200 1026
f 606 623 697
f 1204 1205 1206
f 1207 1208 523
f 1209 1210 867
f 914 913 685
f 1478 1436 1441
f 1029 1028 1161
f 1211 1212 1213
f 9310 1453 1451
f 844 1215 1216
f 423 193 273
f 1220 1221 1222
f 22 1223 1224
f 882 898 897
f 1519 1517 173
f 1189 1188 1232
f 349 350 550
f 1071 1235 1236
f 1237 1238 1239
f 1221 1186 1189
f 1510 1528 1512
f 939 1032 1241
f 1556 1530 5
f 1553 1554 394
f 404 1556 67
f 1247 1248 1249
f 142 199 238
f 1251 1067 635
f 850 1252 1253
f 1254 1167 1077
f 57 132 133
f 443 430 552
f 1187 1172 1175
f 1256 1070 831
f 432 405 382
f 741 748 747
f 434 350 351
f 349 432 383
f 251 124 1481
f 395 384 352
f 1518 1519 1550
f 1558 410 378
f 109 263 314
f 285 1514 1513
f 395 394 393
f 202 203 410
f 417 408 405
f 1246 1257 1258
f 3 1559 297
f 1259 1260 1261
f 403 404 347
f 955 954 953
f 462 50 51
f 1096 1095 687
f 429 147 60
f 896 1264 1265
f 1267 721 1268
f 423 424 327
f 37 179 180
f 20 23 1187
f 1256 1168 1071
f 1188 1175 1269
f 1236 1270 1271
f 1272 536 535
f 565 564 463
f 1273 792 745
f 876 1254 1255
f 316 33 164
f 437 1516 503
f 194 1494 1495
f 1275 1276 864
f 624 625 631
f 1277 1274 1137
f 569 568 567
f 1481 124 125
f 324 325 547
f 1279 1108 1107
f 1525 332 329
f 1281 1278 1137
f 171 168 1553
f 1488 73 396
f 1557 1561 1562
f 1282 856 1206
f 1053 1277 1278
f 778 777 607
f 713 583 9010
f 251 225 144
f 4 357 348
f 709 708 707
f 728 48 45
f 261 135 1563
f 789 1286 1287
f 74 314 263
f 403 284 385
f 1178 1181 1240
f 1223 1259 1289
f 1220 20 1186
f 296 1518 354
f 784 459 1538
f 1181 1180 1291
f 1269 1292 1257
f 1566 1538 438
f 136 784 1566
f 1563 1564 169
f 107 114 109
f 1297 1282 1298
f 1464 1477 1476
f 1520 187 507
f 1301 1302 1303
f 1306 1307 1308
f 175 456 1532
f 1532 456 200
f 1311 1266 1312
f 872 1314 1315
f 9288 843 878
f 1305 1308 864
f 1040 1275 863
f 1564 1566 399
f 592 1576 1575
f 591 1575 1088
f 1581 1584 1583
f 1196 1152 1147
f 710 582 583
f 285 407 408
f 953 954 961
f 1594 1592 1589
f 1585 1588 1587
f 1592 1591 1590
f 9337 945 944
f 1600 1599 1598
f 1604 1603 1602
f 1399 1392 979
f 1589 1590 1596
f 1610 1609 1608
f 298 257 361
f 551 552 276
f 1627 1626 9266
f 859 811 818
f 1078 857 1328
f 1555 439 1530
f 572 573 680
f 772 465 776
f 977 1281 918
f 404 403 392
f 1054 1331 750
f 1644 1645 1643
f 932 1265 1082
f 1067 1333 1334
f 1540 1539 264
f 597 1335 643
f 471 761 762
f 1642 696 9283
f 1644 1642 9294
f 923 946 950
f 96 549 548
f 520 531 522
f 445 444 443
f 849 839 848
f 480 759 755
f 1646 760 481
f 311 426 1567
f 464 463 8941
f 8941 1360 1361
f 234 237 236
f 190 193 192
f 153 154 152
f 231 287 286
f 1552 1553 1551
f 760 1646 1648
f 9284 1647 1649
f 828 827 826
f 52 167 166
f 1663 1662 1661
f 287 107 115
f 668 671 670
f 634 645 640
f 553 560 559
f 118 36 33
f 492 484 491
f 8996 1652 1651
f 582 589 584
f 384 395 392
f 1381 1382 1383
f 1562 1561 435
f 952 953 951
f 8973 9010 583
f 1660 1661 1667
f 1394 1395 1396
f 1660 1665 1664
f 1671 1670 1669
f 1624 1625 1673
f 1407 1408 1409
f 1677 1676 1675
f 1613 1679 1677
f 1679 1678 1676
f 1626 1681 9263
f 534 199 198
f 803 733 734
f 400 248 191
f 65 66 143
f 8970 1657 1656
f 402 159 157
f 629 628 627
f 461 477 49
f 758 757 495
f 796 787 786
f 406 407 1513
f 342 343 166
f 1694 1659 1658
f 1692 1687 1694
f 9001 1693 1652
f 9373 1704 1703
f 326 547 302
f 9368 9373 1702
f 9371 9370 1698
f 1699 1691 9379
f 1557 406 1560
f 1127 1116 1117
f 400 401 289
f 1706 1702 1707
f 1707 1702 1599
f 1709 1706 1708
f 1714 1712 1711
f 9371 9367 1709
f 1704 1711 1577
f 1716 1714 1713
f 1559 1562 1549
f 1722 1721 1720
f 1335 597 596
f 410 411 377
f 973 1170 1163
f 168 169 399
f 1571 682 1089
f 1572 681 682
f 749 646 647
f 1730 1724 1723
f 1594 1582 1729
f 1729 1723 1591
f 1384 1378 1377
f 1732 1731 1712
f 1724 1730 1731
f 1722 1724 1732
f 1721 1722 1733
f 1734 1733 1716
f 1735 1737 1736
f 1733 1732 1714
f 1663 1664 1741
f 1742 1665 1740
f 1738 1739 1737
f 1665 1660 1666
f 1665 1742 1744
f 1725 1726 1746
f 1591 1725 1745
f 1590 1745 1747
f 1745 1746 1748
f 1659 1688 8982
f 5650 1760 8989
f 1185 1177 1182
f 1664 1744 1749
f 1741 1749 1739
f 1746 1742 1743
f 1726 1744 1742
f 1115 924 1153
f 1654 8990 9019
f 1896 9006 8993
f 1720 1749 1744
f 1721 1739 1749
f 1750 1718 1701
f 1697 1736 1750
f 1151 1152 1063
f 1751 1752 1670
f 1695 1658 1752
f 961 962 986
f 1770 1769 1768
f 1766 1594 1593
f 1731 1759 1579
f 1579 1777 1774
f 9380 1772 1771
f 1764 1772 9380
f 1777 1776 1775
f 9214 9215 1699
f 1004 1127 1128
f 1774 1775 1771
f 987 1400 1399
f 1578 1774 1772
f 1783 1782 1781
f 1597 1598 1770
f 639 1878 9347
f 9380 9381 1769
f 1793 1792 1789
f 9381 9372 1798
f 8952 8960 9225
f 1802 1867 9376
f 1788 1790 1794
f 1793 1794 1795
f 9225 9224 1675
f 1584 1581 1783
f 1771 1797 9372
f 1801 1799 1798
f 1768 1769 1798
f 1775 1796 1797
f 508 514 515
f 1796 1803 1802
f 1800 1798 9372
f 1794 1805 1804
f 8976 1670 1752
f 485 1808 1807
f 9261 9296 1640
f 9289 9296 1810
f 485 482 1640
f 1690 1691 9222
f 487 488 1648
f 9291 1813 1816
f 9290 1811 1648
f 9291 1812 1811
f 1812 1809 487
f 1641 1809 767
f 465 466 755
f 767 1815 9275
f 9274 1816 9278
f 1809 1812 1815
f 9289 1653 1651
f 675 672 8985
f 1814 1649 1822
f 1821 1822 9273
f 1824 1822 1649
f 1827 1849 1850
f 1668 1669 1662
f 1779 1780 1848
f 1790 1827 1805
f 1833 1836 1853
f 8965 8950 693
f 1614 1615 1616
f 1852 1853 8942
f 1620 1621 1622
f 1855 1765 1574
f 1847 1852 8945
f 1766 1765 1855
f 1629 1630 1631
f 1633 1622 1634
f 1635 1636 1637
f 1848 1833 1852
f 1855 1861 1863
f 1803 1866 1867
f 1862 1863 1831
f 1782 1855 1862
f 9374 9376 1865
f 1873 1872 1870
f 1874 1869 799
f 2045 9330 9349
f 1219 1345 1295
f 1615 1614 1396
f 9336 9347 1877
f 645 9350 9238
f 1345 1219 1035
f 634 639 9336
f 15 1887 1327
f 9362 9347 1878
f 1894 604 605
f 8950 8995 627
f 9004 640 645
f 340 341 454
f 1897 194 195
f 1889 1882 1877
f 1901 94 129
f 196 749 754
f 1705 1704 9373
f 340 378 166
f 1570 1480 563
f 1904 1494 194
f 1781 1862 1832
f 1905 549 55
f 1000 994 995
f 986 919 920
f 1191 1185 1190
f 2094 2077 2075
f 1920 1921 1919
f 453 454 1912
f 1915 1919 1918
f 9334 2112 2106
f 1655 9019 8975
f 1916 1918 1926
f 704 8998 9005
f 278 1916 1925
f 9009 9008 1818
f 1097 949 1115
f 1927 1928 727
f 9030 9031 9106
f 1920 310 307
f 1929 307 48
f 503 504 1497
f 1902 1903 787
f 1816 1821 9272
f 1925 1926 1923
f 1535 1569 1568
f 254 252 258
f 1509 1497 366
f 119 86 35
f 219 288 293
f 141 46 47
f 542 205 244
f 1940 552 430
f 1779 1828 1827
f 1701 1710 9367
f 1661 8994 8959
f 270 53 754
f 197 1947 749
f 1727 1728 1212
f 53 54 232
f 1465 1468 1479
f 1284 9314 9306
f 1951 446 412
f 168 398 1554
f 1486 1485 206
f 506 77 78
f 994 1001 1007
f 951 953 963
f 1013 9311 9313
f 9278 9272 1820
f 1498 1909 1954
f 299 298 543
f 1754 1755 1756
f 1681 469 1683
f 1696 1694 1695
f 13 14 738
f 473 476 475
f 482 1641 768
f 204 62 30
f 1761 1762 820
f 611 1763 1125
f 1501 1503 1908
f 1074 1073 711
f 1960 1944 82
f 120 1956 1960
f 35 86 87
f 1773 1199 1025
f 1965 1545 1569
f 494 761 471
f 1966 1967 1969
f 446 1951 1971
f 174 368 125
f 1580 1579 1578
f 1785 1786 1787
f 1972 1546 304
f 1254 876 875
f 1973 341 342
f 321 1912 1973
f 1910 277 275
f 509 1973 514
f 1486 1507 1527
f 1974 1874 804
f 1977 1976 1974
f 1980 448 1966
f 379 1 2
f 1718 1715 1710
f 884 995 992
f 1680 1684 1678
f 902 990 525
f 344 255 256
f 135 138 137
f 448 446 1967
f 589 605 604
f 910 909 908
f 1981 1966 1968
f 1982 1981 1987
f 1988 1979 1987
f 1990 1988 1989
f 1991 1989 1993
f 322 321 320
f 992 828 830
f 1144 1076 1086
f 1995 1977 1978
f 1133 1129 1118
f 1997 1995 1994
f 870 1823 1335
f 805 806 1982
f 727 184 2000
f 1996 1994 1988
f 1994 1978 1979
f 1829 616 792
f 1830 1073 941
f 798 803 800
f 729 732 731
f 2011 2012 2023
f 1834 1835 846
f 402 283 284
f 2022 2023 2024
f 1838 718 989
f 810 955 952
f 1823 1839 1840
f 1430 1426 1432
f 1215 844 1841
f 1316 1208 873
f 2112 1401 1384
f 1842 1843 1844
f 1159 846 845
f 837 27 1846
f 1971 1951 2030
f 517 369 370
f 1471 2026 2027
f 8995 8969 626
f 2174 2175 770
f 935 934 1854
f 1613 1619 1611
f 1231 1228 1225
f 1856 1857 891
f 1300 1309 748
f 1150 1149 1858
f 1643 606 696
f 1215 1265 1264
f 1320 1860 902
f 1956 1943 1944
f 2031 668 669
f 2034 1325 1310
f 1879 1880 1656
f 40 245 242
f 1992 1993 2039
f 888 958 957
f 1882 1889 1996
f 1078 1138 1255
f 1871 912 1192
f 294 411 218
f 1323 2041 2026
f 123 1960 83
f 1324 2036 2041
f 384 358 359
f 1324 1325 2038
f 1883 1884 1885
f 287 1540 114
f 1096 1886 1134
f 915 1329 931
f 806 1980 1981
f 8977 8973 584
f 1425 2030 2042
f 1018 2042 1948
f 9006 1896 740
f 1948 2042 649
f 1881 1882 1990
f 1900 129 130
f 992 995 994
f 923 927 925
f 9330 2045 2047
f 1643 2048 625
f 2050 2052 2051
f 2045 1405 1404
f 9328 2047 945
f 1139 1080 1079
f 1037 1856 892
f 2055 2053 2057
f 1198 989 718
f 1619 2058 1612
f 2058 1605 1606
f 2059 2060 1607
f 2058 1619 1624
f 71 72 179
f 405 406 1557
f 322 1548 1972
f 2061 2052 2063
f 2066 2065 2067
f 2052 2061 2064
f 1609 1610 2066
f 1515 151 152
f 1009 827 993
f 1644 9295 9267
f 279 1915 1916
f 1285 9315 9314
f 1647 2066 1825
f 2056 2057 2067
f 319 320 1953
f 667 666 1913
f 2070 631 625
f 2052 2050 2055
f 2038 1654 1655
f 1606 1601 2073
f 1235 1917 1270
f 2072 2073 2075
f 2059 1606 2072
f 2074 2075 2077
f 1601 1602 2078
f 2049 2048 1643
f 1000 1004 1001
f 1089 943 684
f 1931 1286 1306
f 1462 1459 1021
f 1932 1933 1934
f 875 874 1846
f 1936 1051 1937
f 44 45 46
f 1534 1955 1956
f 1541 318 317
f 2081 2082 2084
f 146 1945 1959
f 1360 1941 1942
f 985 984 1032
f 1995 1997 1892
f 2079 2080 2082
f 2095 2096 2076
f 2081 2093 2078
f 2055 2050 2054
f 501 2096 2095
f 2097 2100 2099
f 2098 2099 2094
f 2140 2141 9345
f 2141 2046 9346
f 2051 2070 2048
f 592 2102 2101
f 2071 2064 2076
f 2102 2097 2098
f 593 2103 2102
f 1019 1895 746
f 1950 11 12
f 725 2071 2096
f 1385 2105 2104
f 1379 2104 2106
f 2107 2108 2100
f 9360 726 502
f 9348 502 499
f 940 1389 2109
f 928 929 1170
f 9320 590 684
f 1962 1963 1964
f 9330 680 573
f 2039 1993 1968
f 1389 1390 2110
f 1398 2111 2113
f 9209 9207 9205
f 9363 9335 2107
f 949 923 924
f 260 241 324
f 1390 1397 2113
f 2070 2051 2064
f 9319 9363 2103
f 2105 1385 1421
f 2114 1421 1423
f 9344 2114 2115
f 9360 2105 2114
f 554 2116 1902
f 972 1163 967
f 1765 1593 1573
f 1984 1985 1986
f 2053 2117 2069
f 9017 9000 724
f 1625 1677 1674
f 9333 9340 2119
f 9355 2115 2123
f 56 1954 1906
f 626 9329 9331
f 2001 2002 2003
f 9364 9293 2127
f 2006 2007 2008
f 2127 1413 1412
f 2014 2015 2016
f 2018 2019 2020
f 1495 1424 1947
f 1379 1377 1386
f 9266 9263 1680
f 2029 1885 1884
f 9354 2128 2120
f 629 9331 9366
f 682 683 943
f 724 1650 2121
f 1757 1819 9273
f 765 1810 9296
f 9303 714 715
f 706 707 9322
f 981 986 987
f 1457 1868 1656
f 2017 2016 2032
f 1458 1655 1868
f 1776 1777 1792
f 1959 1945 1946
f 9115 9167 9177
f 9365 9333 2122
f 1093 1089 689
f 966 965 968
f 9304 715 9333
f 2172 9029 2170
f 670 2138 2137
f 9213 787 1903
f 1429 19 28
f 964 963 978
f 9293 9265 1413
f 1473 1474 669
f 9286 9285 1359
f 2138 798 1870
f 1872 1473 2137
f 715 716 9340
f 1881 1991 1992
f 9295 9294 739
f 1837 1847 8957
f 253 58 59
f 1808 9289 9292
f 1647 9284 9270
f 9317 9318 671
f 2112 9334 9335
f 1405 2045 2044
f 9281 9276 1364
f 273 1541 391
f 576 632 8964
f 9327 9317 668
f 1430 1431 2140
f 2136 9302 9312
f 1430 2139 18
f 9345 9346 570
f 1442 1439 2046
f 1431 1442 2141
f 9321 9365 9302
f 9260 9275 1817
f 9318 9345 695
f 2142 2025 798
f 571 2143 2142
f 9271 9266 1618
f 2143 2022 2025
f 694 2142 2138
f 681 1572 2144
f 2144 2011 2022
f 328 210 457
f 1572 2010 2011
f 630 9344 9355
f 2085 2086 2087
f 2090 2091 2092
f 572 2144 2143
f 1875 1976 2153
f 1873 1875 2149
f 2103 2107 2097
f 2157 2043 2155
f 2128 1412 1414
f 9326 9323 589
f 9324 9322 628
f 2149 2153 2158
f 2159 2158 9357
f 698 9359 9354
f 9275 9299 9279
f 2158 2156 9326
f 1438 2044 2046
f 2035 2154 2160
f 2161 2160 9341
f 9323 9343 605
f 9325 17 18
f 370 29 61
f 649 1951 413
f 2153 2157 2156
f 1428 1429 1449
f 1490 76 73
f 9342 9357 710
f 2155 1891 9343
f 1456 1457 1880
f 2125 2088 2087
f 2160 2159 9342
f 300 1959 505
f 1064 1062 1046
f 2043 1892 1891
f 2129 2130 2004
f 2131 2132 2133
f 9300 9301 1450
f 1998 1975 804
f 9331 673 9316
f 474 492 490
f 1164 1165 1182
f 707 2162 9361
f 708 1472 2162
f 2162 2161 9338
f 548 549 1905
f 1145 1136 1114
f 705 2121 1650
f 2043 2157 1977
f 737 738 554
f 1034 1195 1191
f 458 1905 1907
f 195 196 232
f 2040 2039 1969
f 2145 2146 2147
f 2054 2050 2049
f 9284 1646 1639
f 9 12 11
f 252 364 506
f 472 478 479
f 1865 9376 9243
f 900 903 910
f 1941 2150 2151
f 1921 1928 1927
f 2163 1897 1898
f 271 156 153
f 1904 1326 12
f 282 263 264
f 1872 1873 2154
f 1326 1904 1897
f 628 692 693
f 1724 1722 1719
f 1549 1562 436
f 1582 1583 1730
f 1921 1920 1929
f 9007 8955 10
f 2152 2037 1950
f 475 772 774
f 769 2172 2171
f 2171 2165 476
f 476 773 772
f 1791 565 464
f 2166 2167 2168
f 595 371 372
f 483 1809 1641
f 762 2174 2173
f 771 483 484
f 486 487 1809
f 297 1549 1517
f 763 2175 2174
f 776 755 759
f 184 185 2176
f 412 447 303
f 2005 2176 185
f 9263 1681 1682
f 2164 2170 756
f 1472 2035 2161
f 950 951 964
f 2177 2178 2179
f 227 226 1510
f 2182 2183 2184
f 2186 2019 2018
f 1985 2182 2181
f 214 736 729
f 865 849 842
f 849 865 1357
f 559 3187 3188
f 16 13 737
f 560 553 498
f 3193 3196 3195
f 3200 3197 3198
f 3211 3214 3213
f 3215 3218 3217
f 2187 2188 2002
f 3233 3236 3235
f 3223 3221 3222
f 3229 3232 3231
f 3245 3248 3247
f 2169 2168 2189
f 2192 2086 2085
f 2193 2194 2195
f 2198 2199 2200
f 1998 1982 1979
f 9116 9117 9120
f 3253 3256 3255
f 2116 1898 1903
f 1859 2006 2009
f 9356 2123 2126
f 1135 1148 1087
f 2201 2202 2015
f 1149 111 110
f 3261 3264 3263
f 3269 3272 3271
f 3265 3268 3267
f 3229 3230 3284
f 3289 3292 3291
f 3299 3302 3301
f 3307 3263 3264
f 3293 3296 3295
f 3297 3223 3224
f 3319 3321 3291
f 3322 3323 3318
f 3314 3313 3312
f 3285 3288 3287
f 3332 3333 3218
f 3329 3331 3330
f 3324 3325 3227
f 3298 3224 3326
f 2203 2204 2205
f 579 580 1895
f 1755 2207 2208
f 3337 3340 3339
f 9343 9362 1893
f 1211 2151 2150
f 868 997 2210
f 3347 3350 3349
f 944 945 930
f 2130 2129 2202
f 233 1903 1898
f 665 751 750
f 1167 1254 999
f 2211 2212 2213
f 2215 2216 2217
f 9319 593 590
f 2220 221 220
f 823 824 948
f 3375 3240 3377
f 3393 3392 3391
f 3353 3358 3357
f 3363 3366 3365
f 3402 3405 3404
f 266 204 455
f 9334 2108 2107
f 2221 2222 8963
f 2223 2224 2225
f 2207 2125 2124
f 3293 3309 3336
f 673 674 9321
f 817 1000 996
f 2227 2228 2146
f 1947 1948 646
f 9352 2135 17
f 2229 1635 1638
f 1679 1613 1618
f 1637 2231 2232
f 2233 2234 1617
f 2231 2235 2236
f 3406 3409 3408
f 1381 1638 2238
f 9038 2241 2242
f 3414 3416 3341
f 1630 2234 2233
f 1681 1626 472
f 1408 1407 2243
f 3423 3426 3425
f 3433 3351 3263
f 3434 3429 3430
f 3440 3443 3442
f 3444 3447 3446
f 3436 3451 3450
f 3442 3443 3456
f 1637 2230 2238
f 3445 3446 3437
f 3448 3443 3440
f 1409 1408 1634
f 1380 1383 2247
f 1628 2248 2245
f 3463 3466 3465
f 3308 3477 3462
f 2249 1623 1622
f 1632 1634 1408
f 2248 1628 1631
f 3478 3481 3480
f 3509 3512 3511
f 2235 2231 1637
f 3505 3508 3507
f 3457 3458 3199
f 631 2070 2071
f 515 167 52
f 782 781 2251
f 2253 2254 2255
f 397 281 459
f 1456 2039 2040
f 2040 2041 2036
f 3434 3475 3518
f 1401 2112 2111
f 2041 2040 1970
f 3367 3337 3338
f 1535 121 414
f 1586 1587 2080
f 2256 983 1132
f 3528 3531 3530
f 3519 3521 3520
f 3537 3505 3506
f 3543 3546 3545
f 1700 1699 9370
f 3486 3551 3550
f 3455 3456 3497
f 3558 3560 3559
f 3456 3568 3500
f 3572 3571 3252
f 3308 3264 3285
f 3316 3317 3574
f 3575 3478 3479
f 3576 3579 3578
f 3580 3583 3582
f 3584 3587 3586
f 3505 3537 3588
f 3589 3592 3591
f 3600 3603 3602
f 3542 3539 3595
f 3604 3605 3592
f 3611 3610 3613
f 3622 3625 3624
f 3618 3621 3620
f 3626 3629 3628
f 3644 3647 3646
f 3634 3637 3636
f 3638 3639 3641
f 9267 1896 1686
f 1263 2256 1886
f 3613 3655 3654
f 598 1841 844
f 2257 2258 2259
f 2258 2261 2262
f 2259 2262 2263
f 2260 2259 2216
f 1967 1971 1970
f 2212 1964 1963
f 922 921 2218
f 1312 1098 1101
f 1307 1306 1286
f 1548 1569 1546
f 2266 2267 2268
f 2265 2268 2270
f 2272 2265 2269
f 2273 2266 2265
f 2275 2276 2277
f 2278 2274 2277
f 2284 2285 9069
f 2287 2283 2286
f 2288 2289 2283
f 2290 2284 9091
f 2291 2292 2293
f 2295 2291 2294
f 2296 2297 2291
f 2297 2298 2292
f 2294 2293 2299
f 2279 2294 2300
f 2298 2301 2302
f 2292 2302 2303
f 2293 2303 2304
f 2304 2305 2306
f 2308 2309 2310
f 2302 2307 2310
f 2301 2311 2307
f 2312 2308 2307
f 2313 2314 2315
f 2318 2319 2320
f 9200 9223 2322
f 2324 2325 2273
f 2313 2324 2326
f 2328 2324 2313
f 2329 2325 2324
f 2331 2332 2333
f 2330 2333 2267
f 2325 2330 2266
f 2329 2331 2330
f 2333 2334 2335
f 2336 2334 2333
f 2338 2336 2332
f 2331 2339 2337
f 2329 2340 2339
f 2328 2341 2340
f 2316 2342 2341
f 2342 2316 2315
f 2344 2345 2346
f 2341 2344 2347
f 2342 2348 2344
f 2348 2349 2345
f 2350 2351 2352
f 2339 2350 2353
f 2340 2347 2350
f 2347 2346 2351
f 2337 2353 2354
f 2353 2352 2355
f 2356 2277 2276
f 2356 2357 2358
f 2356 2359 2296
f 2279 2277 2356
f 2360 2361 2270
f 2267 2335 2360
f 2362 2363 2364
f 2362 2365 2361
f 2366 2362 2358
f 2366 2367 2363
f 2357 2276 2368
f 2366 2368 2369
f 2276 2275 2370
f 2368 2370 2282
f 2372 2373 2374
f 2375 2376 2377
f 2378 2379 2380
f 2382 2378 2381
f 2384 2385 2378
f 2385 2386 2379
f 2388 2389 2390
f 2387 2390 2392
f 2393 2394 2387
f 2394 2395 2388
f 2186 2401 2402
f 2403 2404 2327
f 2272 2403 2326
f 2271 2405 2403
f 2405 2406 2404
f 2404 2407 2408
f 2409 2410 2411
f 2409 2412 2271
f 2413 2409 2269
f 2413 2414 2410
f 2417 2415 2416
f 2417 2418 2406
f 2412 2417 2405
f 2411 2415 2417
f 2406 2419 2407
f 9013 8964 632
f 2420 2398 2397
f 2420 2421 2423
f 2424 2420 2422
f 2424 2399 2398
f 2425 2391 2392
f 2421 2425 2426
f 2397 2396 2425
f 2396 2393 2391
f 2427 2314 2408
f 2430 2427 2428
f 2343 2315 2427
f 2432 2343 2430
f 2431 2430 2429
f 2435 2431 2433
f 2436 2432 2431
f 2428 2408 2407
f 2422 2437 2407
f 2438 2437 2422
f 2429 2428 2437
f 2440 2434 2433
f 2441 2439 2433
f 2442 2443 2439
f 2443 2444 2440
f 2445 2446 2444
f 2447 2445 2443
f 2383 2381 2445
f 2381 2380 2446
f 2448 2438 2423
f 2449 2448 2426
f 2441 2448 2449
f 2441 2429 2438
f 2449 2392 2390
f 2450 2390 2389
f 2447 2450 2451
f 2442 2449 2450
f 2451 2389 2453
f 2452 2453 2455
f 2382 2452 2454
f 2383 2451 2452
f 2456 2457 2373
f 2459 2460 2461
f 2463 2464 2465
f 2462 2465 2285
f 2466 2462 2284
f 2467 2463 2462
f 2461 2460 9155
f 2468 2469 2470
f 2472 2468 2471
f 2474 2461 9153
f 2475 2476 2477
f 2458 2455 2453
f 2479 2453 2389
f 2395 2480 2479
f 2480 2459 2458
f 2481 2482 2483
f 2484 113 2485
f 2471 2470 2464
f 2473 2471 2463
f 2487 2467 2466
f 2486 2466 2290
f 2490 2486 2488
f 2491 2487 2486
f 2492 2473 2467
f 2493 2492 2487
f 2494 2495 2492
f 2495 2472 2473
f 9142 2496 2474
f 9143 2497 2496
f 2498 2494 2493
f 2500 2498 2499
f 9152 9139 2498
f 9139 9143 2494
f 2306 2504 2278
f 2305 2505 2504
f 2504 2505 2507
f 2506 2507 2288
f 2274 2506 2508
f 2278 2504 2506
f 9085 9084 2489
f 9072 9085 2488
f 2507 2509 2289
f 2505 2510 2509
f 2508 2288 2287
f 2511 2287 2281
f 2370 2511 2280
f 2275 2508 2511
f 2512 2490 2489
f 2514 2512 2513
f 2517 2512 2514
f 2517 2491 2490
f 2499 2493 2491
f 2499 2517 2516
f 2510 2505 2519
f 2518 2519 2521
f 9068 2518 2520
f 9084 2510 2518
f 2522 2304 2303
f 2523 2522 2310
f 2305 2304 2522
f 2524 2522 2523
f 2519 2524 2525
f 2505 2305 2524
f 2308 2312 2527
f 2526 2527 2529
f 2531 2526 2528
f 2309 2308 2526
f 1214 2532 2151
f 2419 2406 2418
f 2533 2345 2349
f 2534 2533 2317
f 2535 2536 2533
f 2536 2346 2345
f 2537 2351 2346
f 2538 2537 2536
f 2539 2540 2537
f 2540 2352 2351
f 2312 2355 2541
f 2527 2541 2542
f 2543 2435 2434
f 2545 2543 2544
f 2319 2318 2543
f 2318 2436 2435
f 2514 2515 2548
f 2547 2548 2550
f 2552 2547 2549
f 2552 2516 2514
f 2520 2521 2554
f 2553 2554 2556
f 9042 2553 2555
f 9073 2520 2553
f 2523 2309 2531
f 2557 2531 2530
f 2525 2523 2557
f 2559 2557 2558
f 2554 2559 2560
f 2521 2525 2559
f 2561 2375 2007
f 2376 2562 2225
f 2564 2565 2566
f 2563 2566 338
f 2569 2563 2567
f 2570 2564 2563
f 2572 2573 2574
f 2571 2574 2576
f 2544 2571 2575
f 2544 2434 2572
f 2578 2570 2569
f 2579 2577 2569
f 2574 2577 2579
f 2573 2578 2577
f 2581 2582 2583
f 2584 2580 2583
f 9149 9127 2580
f 9128 2581 2580
f 2582 2516 2552
f 2583 2552 2551
f 2500 2501 2589
f 2590 2588 2589
f 9145 9147 2588
f 9147 9152 2500
f 2501 2516 2591
f 2592 2593 2594
f 2386 2385 2503
f 2596 2379 2386
f 2596 2374 2373
f 2599 2596 2597
f 2599 2380 2379
f 2600 2446 2380
f 2600 2599 2598
f 2603 2600 2601
f 2603 2444 2446
f 2604 2603 2602
f 2440 2604 2605
f 2444 2603 2604
f 2606 2582 2581
f 2606 2607 2590
f 2591 2516 2582
f 9128 2587 2456
f 9141 2456 2372
f 2478 2477 2608
f 2609 2610 2611
f 2564 2570 2613
f 2612 2613 2598
f 2457 2612 2597
f 2565 2564 2612
f 2614 2613 2570
f 2615 2614 2578
f 2602 2601 2614
f 2601 2598 2613
f 2572 2434 2605
f 2616 2605 2602
f 2573 2572 2616
f 1459 1016 1045
f 1265 1215 1079
f 1612 1608 1609
f 2067 2057 2069
f 1135 1109 1136
f 1938 1937 2618
f 95 548 458
f 2058 1607 1608
f 1454 1469 1445
f 655 2620 1048
f 722 1049 2621
f 3665 3639 3634
f 1131 985 1033
f 562 1481 366
f 1723 1719 1725
f 1786 1123 1122
f 267 300 323
f 1325 2034 1654
f 1468 1165 1435
f 658 657 529
f 8 532 247
f 382 1557 1559
f 3631 3681 3680
f 788 619 1307
f 940 930 929
f 911 2622 2623
f 2621 2620 655
f 2624 1857 2625
f 998 1846 27
f 635 638 2626
f 2627 641 644
f 2628 2627 1840
f 1200 1199 2627
f 1199 1773 641
f 1520 515 49
f 1452 1350 1349
f 2630 2631 1859
f 644 643 1335
f 3683 3700 3699
f 1197 1198 717
f 2632 717 719
f 2628 2632 1166
f 2629 1197 2632
f 1762 2633 1050
f 1823 870 873
f 2634 2635 794
f 1042 794 2635
f 93 94 1901
f 2036 2038 1458
f 1527 332 1525
f 877 876 1274
f 134 409 797
f 1328 893 931
f 607 777 1091
f 1043 2635 2637
f 2636 2637 2639
f 1275 2636 2638
f 1275 1040 1043
f 1272 2624 2626
f 2640 2626 638
f 1110 2641 2640
f 536 1272 2640
f 1472 708 1474
f 2042 2030 1951
f 3668 3632 3633
f 1058 1106 1105
f 2642 2623 2643
f 1192 2642 2644
f 912 2623 2642
f 9350 1657 8970
f 1049 1048 2620
f 616 1829 1885
f 1331 1913 666
f 990 989 1198
f 1911 1912 321
f 1298 1282 1205
f 76 1490 1504
f 1502 1500 421
f 610 609 658
f 1146 937 659
f 2646 911 914
f 1280 1239 1238
f 1453 1454 1452
f 835 942 1843
f 1271 1270 1173
f 1893 1878 1826
f 1050 2633 1937
f 2651 2652 814
f 1006 1053 1281
f 2653 1084 2654
f 1001 1004 1003
f 585 997 679
f 2624 1272 621
f 555 678 2028
f 1207 526 1197
f 1626 1627 478
f 3729 3732 3731
f 3746 3749 3748
f 3770 3752 3750
f 426 389 419
f 1030 1193 1773
f 9350 645 634
f 534 1533 138
f 1125 1092 1042
f 333 228 88
f 569 1570 561
f 3691 3694 3693
f 1489 2656 871
f 1857 2624 620
f 1673 1674 9222
f 622 861 864
f 619 788 891
f 261 544 545
f 393 1555 1556
f 2658 2659 2647
f 1075 2658 2657
f 1081 1080 2658
f 1080 1139 2659
f 2644 2643 1141
f 2660 1141 1140
f 642 2660 1336
f 1193 2644 2660
f 679 678 555
f 3762 3765 3764
f 1503 1501 1500
f 1318 1317 1101
f 2661 2659 1139
f 2661 1142 2663
f 2662 2647 2659
f 2662 2663 2622
f 2664 2622 911
f 2648 2664 2646
f 2648 2647 2662
f 3586 3658 3779
f 2083 2094 2093
f 1442 1440 1437
f 3732 3734 3733
f 519 329 330
f 1885 2029 1209
f 799 800 805
f 1946 1943 1952
f 1302 1301 1253
f 3741 3738 3757
f 3660 3663 3662
f 566 2005 224
f 1389 940 928
f 683 682 681
f 836 835 1842
f 2665 1842 1845
f 2666 2665 1303
f 24 836 2665
f 831 1072 2650
f 1845 1844 1304
f 2010 2013 2012
f 1051 1936 2667
f 1522 1521 1511
f 531 440 441
f 1250 635 2625
f 2669 2625 1857
f 783 2669 1856
f 782 1250 2669
f 720 2670 2671
f 1055 1931 1930
f 1333 1067 1251
f 619 622 1308
f 652 655 2619
f 521 522 1539
f 1838 988 537
f 2672 537 536
f 1113 2672 2641
f 1113 527 1838
f 1016 1013 1351
f 9349 573 570
f 226 227 104
f 9008 9121 9279
f 1036 1037 1884
f 2674 1301 1304
f 2673 1304 1844
f 1334 2673 2675
f 1333 2674 2673
f 2676 702 1039
f 1843 2676 2675
f 942 1074 2676
f 1074 699 702
f 752 1057 1055
f 1200 1166 656
f 1120 1846 874
f 2677 874 877
f 1241 2677 1052
f 1119 1120 2677
f 1560 1513 151
f 1208 1316 611
f 215 735 736
f 1460 1459 1462
f 3717 3720 3719
f 1208 1207 1839
f 854 856 1282
f 3682 3697 3696
f 72 445 182
f 544 1563 1565
f 217 200 456
f 3673 3647 3781
f 2047 1404 930
f 1204 2618 1937
f 913 777 686
f 3705 3708 3707
f 840 527 1113
f 1531 729 730
f 2678 778 1283
f 601 667 1914
f 1537 1538 459
f 1819 1757 8953
f 991 1860 862
f 2679 711 1073
f 3776 3775 3581
f 2680 1830 983
f 779 2680 2256
f 778 2678 2680
f 2678 2679 1830
f 180 542 245
f 1886 1132 1131
f 3766 3768 3767
f 1138 1137 1274
f 3777 3778 3585
f 1841 598 1140
f 75 313 314
f 193 423 420
f 2681 2682 1099
f 3658 3586 3587
f 170 1567 1565
f 349 416 417
f 1121 1124 2684
f 547 797 409
f 123 122 121
f 2643 2663 1142
f 1542 1544 513
f 899 900 907
f 1210 677 676
f 791 663 982
f 24 27 837
f 893 896 932
f 1860 1320 863
f 535 538 862
f 3640 3684 3683
f 1569 1548 1547
f 181 455 542
f 660 659 937
f 2013 567 568
f 3781 3647 3644
f 887 890 2631
f 1524 1508 361
f 520 161 162
f 2653 855 854
f 1238 1237 2655
f 718 1838 527
f 1492 1493 518
f 792 616 615
f 599 846 1835
f 290 457 456
f 312 171 1552
f 1248 2687 1179
f 153 149 177
f 1240 1181 1222
f 1257 1292 1235
f 1291 1084 1083
f 1052 877 1277
f 743 742 2618
f 444 140 430
f 23 1224 1172
f 2687 2654 1180
f 102 103 409
f 1283 607 610
f 373 497 650
f 1180 2654 1084
f 855 2653 2655
f 1173 1270 1917
f 2689 850 853
f 2688 853 1108
f 2686 2688 1279
f 2687 2689 2688
f 2691 1302 1252
f 2690 1252 850
f 1248 2690 2689
f 1248 1247 2691
f 2692 617 24
f 2691 2692 2666
f 1247 1258 2692
f 1258 1168 617
f 394 1554 1555
f 2693 1260 1259
f 1072 1236 1262
f 1257 1071 1168
f 398 439 1555
f 871 1784 1314
f 1178 1232 1249
f 1224 1289 1173
f 1010 2617 2618
f 1175 1174 1292
f 2654 2687 2686
f 2694 1157 1216
f 71 418 1487
f 701 1112 1111
f 1072 1261 2649
f 1085 2695 22
f 895 2694 1264
f 1601 1606 1605
f 1259 1262 1271
f 21 20 1220
f 988 991 538
f 3533 3479 3535
f 598 597 1336
f 1050 860 818
f 1298 2645 1761
f 1168 1167 618
f 3629 3671 3670
f 858 1168 1256
f 39 242 516
f 2652 1761 819
f 313 316 315
f 2026 1970 1971
f 2656 1489 596
f 814 819 818
f 2696 2651 813
f 1260 2696 2649
f 2693 2697 2696
f 2697 1296 2651
f 381 355 390
f 9270 9271 1611
f 1475 1427 1428
f 1292 1174 1917
f 1551 353 354
f 1526 1525 1523
f 1593 1589 1595
f 1232 1269 1246
f 2695 2693 1223
f 2698 1297 1296
f 2698 2697 2693
f 2685 2698 2695
f 2685 854 1297
f 562 1497 271
f 2652 2651 1296
f 1365 1366 1364
f 1958 1946 1953
f 585 588 2210
f 1561 1560 1515
f 975 2648 1146
f 347 67 68
f 1038 1111 636
f 2700 781 780
f 2699 780 1036
f 2701 2699 1883
f 851 2700 2699
f 2674 1333 2251
f 2702 2251 781
f 1253 2702 2700
f 1301 2674 2702
f 1519 387 388
f 1273 1239 1280
f 2703 1280 1107
f 2701 2703 852
f 1829 1273 2703
f 91 260 326
f 1784 871 2656
f 2683 2684 2705
f 604 1894 8943
f 1669 8978 8992
f 2062 2063 2060
f 621 535 861
f 2023 731 732
f 686 779 1263
f 857 1051 2668
f 883 830 882
f 3648 3651 3650
f 637 636 1111
f 2668 894 893
f 3692 3712 3711
f 2667 921 894
f 1039 1038 1068
f 313 75 1504
f 1911 1972 305
f 1936 2706 1964
f 2707 2402 2401
f 2708 2707 2183
f 738 2163 2116
f 3785 3787 3709
f 2349 2348 2432
f 2711 2712 2020
f 2400 2711 2019
f 2714 2715 2716
f 2717 2718 2719
f 2721 2722 2723
f 2726 2727 2728
f 2725 2728 2730
f 2731 2725 2729
f 2732 2726 2725
f 2734 2735 2736
f 2738 2739 2740
f 2737 2740 2741
f 2744 2745 2746
f 2745 2744 2748
f 2749 2750 2747
f 2753 2749 2751
f 2250 1380 2246
f 3417 3420 3419
f 2754 1396 1614
f 9050 2754 2755
f 9060 2745 2747
f 1617 2756 2755
f 2242 2758 1620
f 3429 3432 3431
f 2191 2085 2760
f 2761 2759 2760
f 9100 2759 2761
f 9075 2191 2759
f 3209 3460 3354
f 1395 1394 2236
f 1395 2235 1636
f 3741 3791 3790
f 1616 1635 2229
f 3410 3413 3412
f 1617 2234 2763
f 2756 2763 9080
f 2765 2763 2234
f 2766 2764 9080
f 3202 3199 3458
f 1516 437 435
f 2768 2769 8996
f 1495 541 578
f 2135 2136 28
f 8970 8984 2773
f 1690 1689 9378
f 2778 2779 2780
f 2777 2780 2781
f 2784 2778 2777
f 8999 8965 575
f 1494 1904 9
f 8973 2016 2015
f 451 61 505
f 2786 2787 2788
f 2779 2786 2785
f 2789 2752 2741
f 2790 2753 2752
f 2792 2793 2794
f 2793 2795 2796
f 2796 2797 2750
f 2794 2796 2749
f 2798 1393 1396
f 9043 2798 2754
f 2798 2799 2800
f 9043 9114 2799
f 2797 2796 2795
f 2791 2794 2753
f 216 233 232
f 9256 2806 2807
f 9257 2809 2804
f 2769 2810 9001
f 183 185 184
f 2811 2812 2775
f 2804 2811 2776
f 2809 2813 2811
f 2812 2811 2813
f 9257 2808 2816
f 9248 2818 2815
f 9250 9252 2820
f 9245 2823 2819
f 2824 2736 2735
f 2823 2825 2824
f 2825 2823 2826
f 9245 2822 2827
f 9248 2817 2826
f 2713 2716 2829
f 2828 2829 2831
f 2822 2821 2828
f 2821 2820 2713
f 2832 2827 2822
f 2833 2832 2830
f 2834 2835 2832
f 2835 2818 2827
f 2837 2838 2839
f 2836 2839 2841
f 2842 2836 2840
f 2843 2837 2836
f 2840 2841 2845
f 2718 2844 2845
f 2730 2728 2844
f 2727 2840 2844
f 2846 2845 2841
f 2829 2846 2847
f 2847 2841 2839
f 2848 2839 2838
f 2833 2848 2849
f 2831 2847 2848
f 2850 2814 2851
f 2853 2850 2852
f 2783 2777 2782
f 2785 2788 2853
f 2780 2785 2856
f 2857 2858 2855
f 2859 2857 2782
f 2861 2843 2842
f 2860 2842 2727
f 2862 2860 2726
f 2863 2861 2860
f 2861 2863 2858
f 2843 2861 2857
f 2856 2853 2854
f 2781 2856 2864
f 2837 2843 2859
f 2838 2837 2864
f 2852 2851 2834
f 2854 2852 2849
f 2865 2815 2818
f 2851 2865 2835
f 2813 2809 2815
f 2814 2813 2865
f 2866 2812 2814
f 2788 2866 2850
f 2866 2788 2787
f 2812 2866 2867
f 1892 1889 1890
f 2720 2719 2846
f 298 299 256
f 2872 2714 2713
f 9246 9252 2735
f 2729 2730 2874
f 2846 2716 2715
f 2876 2877 2878
f 2733 2875 2878
f 9258 9259 2879
f 9258 2880 2872
f 2882 2883 2884
f 2881 2884 2715
f 2880 2881 2714
f 2879 2882 2881
f 2885 2886 2887
f 2888 2889 2890
f 2885 2890 2892
f 2893 2886 2885
f 1942 2151 2532
f 2895 2892 2720
f 2884 2895 2870
f 2883 2896 2895
f 2896 2891 2892
f 2889 2874 2717
f 2890 2717 2720
f 2897 2893 2891
f 2898 2897 2896
f 2899 2898 2883
f 2900 2899 2882
f 9249 2900 2879
f 2876 2902 2901
f 2901 2902 2904
f 1785 2656 1835
f 2905 2906 2899
f 2907 2908 2897
f 9249 2901 2903
f 632 576 577
f 8976 8991 2867
f 434 385 550
f 2768 2770 9092
f 2910 2911 1623
f 2241 2912 2758
f 9092 2770 2913
f 1623 2911 2757
f 9039 2242 2757
f 2229 1381 1380
f 2765 1630 1629
f 2915 2914 1629
f 9094 9093 2914
f 9093 9074 2765
f 2919 2916 9094
f 2918 2915 2912
f 9066 2918 2241
f 9070 2919 9065
f 8985 2177 2180
f 8965 2002 2188
f 3694 3626 3627
f 9157 9017 714
f 2925 2766 2917
f 2924 2917 2916
f 9062 2924 2919
f 9063 2925 2924
f 2926 2927 2766
f 9110 2926 2925
f 1715 1713 1705
f 785 497 498
f 1387 651 565
f 374 375 1899
f 9017 2203 2206
f 2929 2930 2886
f 2932 2933 2934
f 1905 1906 1908
f 2930 2935 2936
f 2938 2935 2930
f 1493 369 517
f 1603 1585 1586
f 2939 2938 2929
f 2940 2939 2908
f 9117 1707 1600
f 2886 2930 2937
f 2906 2907 2898
f 2908 2929 2893
f 2942 2934 2933
f 2941 2933 2937
f 8945 2941 2936
f 8942 2942 2941
f 2943 2944 2710
f 2943 2873 2874
f 2945 2943 2889
f 2946 2944 2943
f 2932 2945 2888
f 2931 2946 2945
f 727 1928 1929
f 2903 2904 2947
f 545 594 42
f 1480 1570 533
f 2907 2906 2949
f 2906 2905 2950
f 1558 452 215
f 9251 2903 2948
f 2054 1645 1644
f 9157 9136 2203
f 1828 1837 1849
f 2953 2954 2955
f 2952 2955 2957
f 2956 2261 2258
f 2953 2952 2258
f 2454 2455 2474
f 9199 2958 2959
f 9199 2132 2131
f 2961 2962 2963
f 2958 2963 2964
f 222 221 2485
f 2477 2226 2966
f 2631 2561 2006
f 2384 2454 2496
f 2967 2968 2959
f 2968 2967 2970
f 9211 2033 2971
f 9236 2971 2960
f 2972 2971 2033
f 2007 2377 2973
f 9004 9003 2134
f 1836 1833 1832
f 8950 2188 2090
f 955 810 959
f 672 675 674
f 633 710 713
f 2024 732 733
f 2025 2024 803
f 425 1552 1550
f 2975 2976 888
f 1319 1158 1157
f 1212 1935 2977
f 889 957 2228
f 1978 1974 1975
f 1138 1078 1329
f 751 665 2979
f 1619 1613 1625
f 2252 2255 1728
f 1157 1160 845
f 2706 1936 1938
f 2980 2255 2254
f 2982 2975 887
f 802 712 711
f 678 677 2029
f 527 840 690
f 1839 1207 2629
f 2983 2984 602
f 2983 1914 1913
f 2985 2983 1331
f 2986 2984 2983
f 2987 2637 2635
f 2985 2988 2639
f 2990 1319 1318
f 2991 2992 2993
f 2995 2991 2994
f 1106 1058 2991
f 1058 1057 2992
f 1415 1406 1365
f 1317 922 2217
f 1932 1728 2255
f 926 2998 2999
f 3001 2993 2992
f 3000 2992 1057
f 2999 3000 2978
f 2998 3001 3000
f 3002 2998 2209
f 3002 3003 2996
f 2993 3001 3002
f 1103 1106 2995
f 3004 2995 2996
f 2209 2210 3004
f 588 1103 3004
f 295 296 433
f 2638 2639 2988
f 3005 2988 1056
f 1305 3005 1930
f 1276 2638 3005
f 1987 1968 1993
f 2633 1762 1761
f 1423 1422 1417
f 9005 8961 739
f 2671 2670 2704
f 1473 1872 2035
f 922 1317 2694
f 1401 1400 1378
f 556 2028 1884
f 842 848 9277
f 1854 2706 2617
f 933 1082 1081
f 1440 1441 1436
f 529 657 719
f 1031 1025 1027
f 777 913 912
f 2645 1205 1204
f 441 438 1538
f 3771 3774 3773
f 790 1287 587
f 2065 2066 1610
f 1860 991 990
f 60 106 87
f 1424 1017 1948
f 332 1527 1507
f 261 262 138
f 187 188 449
f 1719 1720 1726
f 1931 1055 1059
f 3006 1059 1105
f 1287 3006 1104
f 1286 1931 3006
f 3007 3008 3009
f 3009 3008 653
f 618 999 26
f 2029 677 1210
f 957 601 600
f 1049 2146 2228
f 2631 890 3011
f 890 889 2227
f 3011 2227 2145
f 2561 3011 3012
f 1026 656 609
f 2706 1854 1961
f 3013 2965 2485
f 2148 2147 1267
f 3015 1267 1266
f 2997 2264 1101
f 642 641 1773
f 186 477 461
f 1041 1040 1320
f 1121 3016 3017
f 2984 2986 2987
f 3018 2987 2634
f 1048 603 3018
f 603 602 2984
f 2679 2678 801
f 2062 2072 2074
f 2061 2074 2076
f 414 303 1545
f 3016 1121 2683
f 3019 2683 2704
f 3020 3019 2670
f 3007 3016 3019
f 1871 1090 1091
f 3021 1787 1122
f 3022 3021 3017
f 1314 3021 3022
f 1784 1787 3021
f 1316 1315 1763
f 3023 3022 3010
f 3023 3009 795
f 1763 3023 1092
f 1315 3022 3023
f 3016 3007 3010
f 752 751 2978
f 2986 2639 2637
f 3024 654 653
f 3020 3024 3008
f 720 723 3024
f 723 2621 654
f 2681 1098 1268
f 2671 3025 1268
f 2705 2681 3025
f 1313 3026 3027
f 3026 3028 3029
f 3027 3029 3030
f 1311 3027 3031
f 2012 568 731
f 917 2657 974
f 3742 3745 3744
f 743 1206 856
f 1888 2027 2030
f 2682 2705 2684
f 3032 2684 1124
f 1100 3032 2989
f 1099 2682 3032
f 1123 2990 2989
f 3033 1834 1159
f 2990 3033 1158
f 1123 1786 3033
f 1786 1785 1834
f 1054 1056 2988
f 2979 665 664
f 2623 2622 2663
f 1095 660 688
f 3034 3035 2261
f 3036 3034 2956
f 3037 3038 3034
f 3038 3039 3035
f 3040 3041 3026
f 2263 3042 3041
f 3042 3039 3043
f 3041 3043 3028
f 3044 3045 3043
f 3046 3047 3045
f 3047 3048 3049
f 3043 3045 3049
f 3038 3037 3051
f 3050 3051 3053
f 3052 3046 3044
f 3039 3038 3050
f 3054 3035 3039
f 3042 2263 2262
f 2261 3035 3054
f 2216 2263 2997
f 2212 2211 2667
f 3056 868 2209
f 934 3057 1961
f 2013 9207 9209
f 3058 3059 3060
f 3059 3062 3063
f 3060 3063 2213
f 3061 3060 1963
f 3063 3064 2214
f 3062 3065 3064
f 3065 2257 2260
f 3064 2260 2215
f 3066 3067 3031
f 2608 2966 3067
f 2966 2562 3068
f 3031 3067 3068
f 2455 2458 2461
f 2476 2223 2226
f 8995 2090 2089
f 8970 2774 9221
f 433 354 355
f 2115 1423 1419
f 8953 2868 2922
f 9221 9189 2131
f 3069 2611 2167
f 2971 2972 2928
f 2961 2774 2773
f 3070 2475 2478
f 2610 2609 3071
f 2502 2371 2374
f 3072 2592 2595
f 2964 3046 3052
f 3048 2593 3074
f 2593 2592 3075
f 3075 3030 3029
f 3074 3029 3028
f 3072 3076 3075
f 3076 3072 2482
f 2481 2608 3066
f 3076 3066 3030
f 2967 3052 3053
f 2482 3072 3073
f 479 480 493
f 706 9352 9325
f 9005 2194 2221
f 2013 2010 9206
f 8977 2032 2016
f 9006 8963 2222
f 1171 1154 1155
f 3782 3644 3689
f 2586 2566 2565
f 2982 110 113
f 2562 2376 3077
f 2376 2375 3012
f 3012 2145 2148
f 3077 2148 3015
f 2963 3047 3046
f 3051 3078 2970
f 1683 2173 491
f 9302 2122 1447
f 1986 2181 9186
f 3079 3080 2546
f 3081 3079 2575
f 1983 1986 9220
f 3082 2323 2319
f 3080 3082 2545
f 9186 9184 3082
f 9184 9200 2323
f 1309 1471 1888
f 3073 2595 2772
f 2760 3083 3084
f 2760 2085 2088
f 3085 3084 3086
f 3089 3085 3090
f 3089 2762 3084
f 3092 3088 3090
f 3093 2748 2744
f 2751 2747 2748
f 3093 2741 2752
f 2742 2741 3093
f 3094 3093 2743
f 3096 3097 3098
f 3099 3096 3087
f 3097 3094 3095
f 3100 2743 2746
f 3101 2927 3102
f 2764 2766 2927
f 2745 2764 3101
f 3102 3092 3091
f 3100 3091 3095
f 2869 2802 9044
f 3102 3103 3104
f 9110 2868 2869
f 2927 2926 3103
f 3098 3095 3091
f 3087 3098 3090
f 2088 2125 3105
f 3083 3105 3086
f 2483 3073 2771
f 2401 2186 2185
f 3099 3086 3105
f 2125 2207 3106
f 3108 2737 2742
f 3107 2742 3094
f 3110 3108 3107
f 3109 3107 3097
f 3111 3109 3096
f 3112 3110 3109
f 3113 2738 2737
f 3115 2723 2722
f 3117 3115 3114
f 3119 3117 3116
f 3118 3116 3120
f 3116 3114 3113
f 3122 3112 3111
f 3122 3123 1755
f 3124 3125 3126
f 3125 3118 3121
f 3128 3119 3118
f 3129 3128 3125
f 2020 2712 3128
f 9305 9309 1346
f 1065 1046 1047
f 1814 9290 9282
f 2021 2020 3129
f 3111 3099 3106
f 3123 3106 2207
f 2377 2225 2224
f 3014 2485 113
f 1756 2208 9234
f 3131 3132 2530
f 3133 3131 2528
f 1753 1756 9219
f 3134 3124 3127
f 2327 2408 2314
f 2436 2318 2317
f 2018 2021 9163
f 2534 3136 3137
f 2320 2322 3136
f 2185 2018 9164
f 3138 3139 2542
f 3134 3135 9196
f 9237 3130 3134
f 3140 3138 2539
f 2535 3137 3140
f 9163 2021 3130
f 2558 2530 3132
f 9234 9212 3141
f 2560 2558 3141
f 9212 9229 3142
f 958 888 2976
f 1933 1932 2980
f 3714 3704 3729
f 2399 2424 2418
f 2348 2342 2343
f 2322 2320 2319
f 2718 2717 2874
f 2709 2729 2873
f 2894 2871 1361
f 3788 3789 3720
f 346 289 176
f 1876 1877 1882
f 2802 2803 9059
f 3104 3144 3088
f 2974 2222 9101
f 3089 3145 2761
f 3088 3144 3145
f 2803 2974 9055
f 9322 9361 692
f 2123 1419 1418
f 1365 1363 1368
f 3346 3345 3344
f 1581 1766 1782
f 9013 2202 2129
f 8999 2003 2002
f 3146 2585 2551
f 9203 3146 3147
f 9194 3149 3146
f 3149 2584 2585
f 3196 3198 3197
f 9056 2192 2191
f 3142 3150 2556
f 9229 9230 3150
f 9098 3152 2550
f 3150 3151 2555
f 9230 9232 3151
f 9240 9233 3152
f 3153 3147 2551
f 3152 3153 2549
f 9233 9228 3153
f 9228 9202 3147
f 3148 2767 2206
f 2183 2401 2321
f 2132 2960 2928
f 3299 3300 3321
f 9136 9137 2204
f 9171 2198 2197
f 2594 2962 2773
f 2595 2594 2951
f 1870 798 799
f 3257 3260 3259
f 9165 2179 2178
f 9158 2178 9188
f 336 3154 9226
f 339 3155 3154
f 9241 9135 3149
f 9135 9149 2584
f 2963 2962 3048
f 9174 9182 337
f 339 338 2566
f 3156 3157 2168
f 2610 3156 2167
f 2954 2953 3156
f 3157 3156 2953
f 9159 2166 2169
f 2567 3158 3159
f 337 3158 2567
f 9182 3069 2166
f 9216 2190 1983
f 2579 3160 3081
f 2568 3159 3160
f 9161 2169 2190
f 3065 3062 3162
f 3161 3162 1984
f 3157 3161 2189
f 2257 3065 3161
f 734 735 1922
f 3059 3058 2708
f 3163 2708 2182
f 3162 3163 1985
f 3062 3059 3163
f 3203 3206 3205
f 3806 3809 3808
f 2122 2119 1448
f 9269 1686 1685
f 139 140 444
f 1570 569 566
f 2957 3164 3165
f 2955 3166 3164
f 1912 454 341
f 3130 3129 3124
f 1548 322 319
f 1949 1950 1327
f 2969 2970 3078
f 3167 3078 3169
f 9176 2014 2017
f 9172 2017 2033
f 3168 3169 3165
f 3170 3165 3164
f 9231 3170 3171
f 9176 3168 3170
f 3171 3164 3166
f 3172 3166 3071
f 9204 3172 3173
f 9208 3171 3172
f 3169 3037 3036
f 2593 3048 2962
f 3173 3071 2609
f 3174 2609 2199
f 9235 3174 2198
f 9201 3173 3174
f 2190 2189 1984
f 2196 2195 2767
f 3326 3329 3328
f 2119 2120 1414
f 1464 1463 1466
f 2199 2611 3069
f 2457 2456 2587
f 2226 2225 2562
f 481 478 1627
f 333 1512 235
f 3078 3051 3037
f 3040 2264 2997
f 3351 3352 3262
f 2219 1934 1933
f 2385 2384 2497
f 221 2220 3175
f 2220 1933 3143
f 3175 3143 2976
f 2484 3175 2975
f 2954 3071 3166
f 2630 1858 110
f 1547 319 1952
f 2091 2090 2188
f 9185 9188 2178
f 1918 1919 1927
f 9007 112 111
f 3398 3401 3400
f 955 956 960
f 2037 3014 112
f 3143 2980 2981
f 2218 2211 2214
f 672 9329 9239
f 2152 3013 3014
f 1147 1144 1143
f 2248 2246 1409
f 1615 1636 1635
f 1410 1409 2246
f 3486 3488 3487
f 3468 3469 3502
f 3451 3453 3452
f 1382 3176 3177
f 3177 1410 2247
f 2247 1383 3177
f 3176 2238 2230
f 1410 3177 3179
f 3179 3180 2243
f 1633 3181 2800
f 3816 3818 3817
f 1621 1620 2758
f 3642 3801 3662
f 3422 3421 3260
f 1622 1621 2245
f 2236 1394 3181
f 3793 3796 3795
f 3493 3496 3495
f 2237 2236 3182
f 3513 3516 3515
f 2250 1631 2233
f 3654 3666 3667
f 2912 1629 1628
f 3819 3822 3821
f 3432 3824 3823
f 135 136 1564
f 1567 419 512
f 1085 1084 2653
f 3184 869 868
f 869 3184 3057
f 3389 3388 3387
f 1266 1268 1098
f 1267 2147 722
f 937 1146 2646
f 2146 1049 722
f 2211 2218 921
f 1957 510 507
f 1313 1312 2264
f 1496 362 1493
f 2887 2937 2933
f 1687 1688 1659
f 145 1499 1498
f 3831 3829 3830
f 37 38 418
f 1935 1934 3185
f 104 89 301
f 2101 2098 2083
f 543 298 360
f 1934 2219 3186
f 234 1521 212
f 9297 9273 1822
f 3825 3828 3827
f 1976 1875 1874
f 223 3186 2219
f 9107 9108 9057
f 2165 2164 467
f 467 468 2165
f 773 476 2165
f 3673 3658 3659
f 1935 1212 1728
f 3490 3491 3840
f 3362 3359 3848
f 3862 3865 3864
f 3465 3466 3484
f 3893 3894 3525
f 3352 3351 3430
f 3869 3872 3871
f 3529 3530 3567
f 3420 3417 3922
f 3304 3235 3236
f 3929 3932 3931
f 3324 3326 3327
f 3219 3937 3939
f 3220 3938 3937
f 3450 3375 3376
f 3942 3832 3833
f 3215 3216 3454
f 3946 3332 3215
f 3422 3949 3948
f 3950 3457 3198
f 3205 3206 3957
f 3261 3962 3961
f 3852 3853 3964
f 3214 3211 3946
f 3965 3213 3214
f 3797 3800 3799
f 3988 3991 3990
f 3777 3779 3806
f 3855 3858 3447
f 3737 3799 3800
f 3949 3953 3952
f 3651 3782 3783
f 4001 3784 3787
f 4019 4022 4021
f 4027 4030 4029
f 3258 3259 4030
f 4033 4036 4035
f 3424 3425 4047
f 3242 3243 4058
f 3970 3489 3547
f 3829 3242 4057
f 3333 3332 3947
f 4063 4068 4065
f 4073 4076 4075
f 3568 3456 3443
f 3981 3334 3335
f 3540 3915 3862
f 4078 4079 4031
f 3565 3566 4088
f 3442 3455 4089
f 4092 4095 4094
f 4093 4094 4097
f 3619 3620 3623
f 3660 4098 3821
f 3809 3648 3649
f 3610 3652 3655
f 3656 3622 3623
f 3621 3803 3804
f 3503 3480 3481
f 3436 3439 3438
f 3356 3428 3427
f 3628 3670 3669
f 3734 3811 4002
f 3276 3273 3370
f 3763 4106 4107
f 4006 4007 3754
f 3747 3751 3752
f 3863 3864 4110
f 3994 3891 4003
f 3653 3801 3664
f 3296 4116 4115
f 4117 4120 4119
f 3249 3252 3251
f 4127 4130 4129
f 3478 3575 3903
f 3410 4136 3921
f 3977 4061 4038
f 3216 3452 3453
f 3967 3547 3548
f 4140 4078 4032
f 3509 4086 4149
f 4151 4152 3659
f 4153 4152 3656
f 4153 4154 3646
f 4156 3688 3645
f 4139 4077 4078
f 3743 3744 4163
f 3861 3918 3987
f 3468 4066 4067
f 3306 3981 3980
f 4172 4173 4010
f 4169 4170 3836
f 4187 4190 4189
f 4213 4216 4215
f 4220 4223 4222
f 4225 4226 4211
f 4230 4233 4232
f 4240 4243 4242
f 3606 3609 3608
f 4250 4253 4252
f 4258 4261 4260
f 4077 4080 4079
f 4276 4279 4278
f 4308 4262 4263
f 4017 4018 3872
f 3196 3193 3951
f 4316 4317 4270
f 3870 4306 4307
f 4324 4327 4326
f 4333 4334 4247
f 4338 4341 4340
f 4348 4351 4350
f 4283 4284 4289
f 4356 4359 4358
f 4359 4019 4020
f 4362 4363 4196
f 4320 4364 4279
f 4370 4372 4296
f 4377 4253 4303
f 4231 4232 4201
f 4203 4212 4331
f 4037 4040 4039
f 4371 4265 4386
f 4387 4346 4347
f 3309 3293 3294
f 4099 3723 3724
f 4355 3422 3257
f 3630 3680 3693
f 4277 4278 4302
f 4350 4318 4319
f 4353 4354 4351
f 3637 3634 3639
f 4394 4395 3827
f 3311 3312 4399
f 3755 3708 4005
f 4363 4362 4259
f 3454 3453 3919
f 3446 3447 3459
f 4298 4299 4404
f 3749 3746 3769
f 3791 3741 3756
f 3643 3685 3684
f 3845 3846 3399
f 4313 3257 3258
f 4411 4413 4408
f 3843 4424 4423
f 4214 4215 4329
f 4431 4434 4433
f 3918 3861 3798
f 3927 3928 3388
f 4453 3893 3874
f 4138 4458 4457
f 3346 4460 4459
f 4100 4109 4108
f 3974 3977 3976
f 3665 3655 3652
f 3773 3565 3993
f 3945 3454 3920
f 4144 4463 4462
f 4464 4467 4466
f 3268 4142 4479
f 4484 3921 4136
f 3348 3914 4487
f 3313 3314 3912
f 3803 3621 3617
f 4086 3509 3510
f 4034 3304 3305
f 3403 3404 4171
f 4481 4482 4492
f 4177 4180 4179
f 4398 4170 3923
f 4451 4493 4494
f 4501 4075 4076
f 4509 4510 4506
f 3304 4034 4462
f 4485 4399 3312
f 3419 4488 3349
f 4356 4345 4385
f 4026 4354 4358
f 4354 4353 4357
f 3599 3596 4091
f 4341 4338 4254
f 4251 4252 4524
f 3482 3485 3484
f 3843 3543 3544
f 4295 4341 4274
f 4381 4530 4206
f 4204 4205 4531
f 4533 4536 4535
f 4542 4545 4544
f 4546 4549 4548
f 4573 4574 4547
f 4575 4578 4577
f 4221 4581 4580
f 4587 4590 4589
f 4328 4592 4589
f 4187 4565 4563
f 4595 4583 4593
f 4597 4605 4604
f 4609 4608 4611
f 4620 4623 4622
f 4612 4615 4614
f 4636 4638 4600
f 4649 4651 4650
f 4652 4655 4654
f 4662 4665 4664
f 4666 4669 4668
f 4637 4639 4685
f 4627 4701 4700
f 4684 4686 4636
f 4663 4689 4661
f 4699 4698 4697
f 4647 4648 4703
f 4709 4711 4603
f 4724 4633 4726
f 4742 4745 4744
f 3311 3923 3924
f 4698 4759 4758
f 4749 4765 4609
f 4342 4345 4344
f 4797 4800 4799
f 4490 4048 3974
f 4019 4359 4306
f 4512 3955 4514
f 3991 3988 4508
f 4692 4695 4694
f 4680 4681 4818
f 4821 4822 4824
f 4367 4239 4243
f 4833 4832 4831
f 4837 4744 4757
f 4332 4563 4562
f 4683 4835 4819
f 4845 4843 4850
f 4751 4753 4752
f 4854 4855 4695
f 4858 4719 4718
f 4822 4559 4859
f 4674 4646 4647
f 4771 4774 4773
f 4726 4727 4537
f 4714 4718 4719
f 4633 4634 4688
f 4616 4619 4618
f 4686 4684 4842
f 4869 4707 4708
f 3502 3868 3528
f 4777 4660 4737
f 4734 4732 4779
f 4883 4755 4663
f 4375 4294 4274
f 4290 4343 4335
f 4816 4815 4812
f 4778 4779 4732
f 4158 3710 4160
f 4195 4198 4197
f 3860 3861 4166
f 3758 3759 3763
f 3694 3691 4157
f 4249 4248 4391
f 3467 3470 3469
f 4209 4212 4211
f 4142 3268 4144
f 3615 3614 3617
f 3479 3480 3536
f 4883 4753 4672
f 4802 4801 4642
f 3698 3637 3638
f 4105 3725 3726
f 4848 4645 4896
f 4878 4877 4744
f 4610 4874 4748
f 4036 3403 4489
f 4355 4313 4314
f 4171 4141 4049
f 3875 3452 3216
f 4868 4865 4863
f 4623 4900 4691
f 3629 3626 4155
f 4654 4887 4898
f 4012 4015 4014
f 4902 4903 4866
f 4768 4769 4908
f 4370 4386 4385
f 4888 4860 4914
f 3546 3543 3917
f 4932 4926 4931
f 3625 3622 4151
f 3804 3669 3670
f 3816 4104 4103
f 4911 4898 4887
f 4928 4930 4927
f 4925 4929 4927
f 3655 3665 3666
f 4932 4919 4910
f 4937 4923 4912
f 4939 4938 4942
f 4228 4529 4530
f 4946 4945 4942
f 4938 4922 4923
f 4942 4938 4937
f 4951 4950 4930
f 4955 4951 4928
f 4748 4750 4615
f 4914 4860 4847
f 4824 4859 4584
f 4940 4939 4941
f 4916 4961 4960
f 4909 4907 4891
f 4971 4967 4968
f 4966 4970 4948
f 4962 4952 4953
f 4940 4935 4924
f 4831 4916 4917
f 4935 4936 4925
f 4275 4255 4261
f 4679 4758 4791
f 4016 4309 4373
f 4668 4764 4766
f 4539 4537 4727
f 4929 4925 4936
f 4775 4776 4801
f 4801 4776 4742
f 4732 4734 4611
f 4985 4984 4983
f 4534 4586 4562
f 4847 4644 4645
f 4788 4787 4619
f 4787 4788 4678
f 4657 4606 4605
f 4994 4996 4878
f 5006 5009 5008
f 5001 5003 4973
f 4814 4618 4619
f 5014 4989 4974
f 5003 5002 4972
f 5019 5006 5007
f 5024 5016 5017
f 5036 5037 5035
f 4990 5019 4975
f 5045 5033 5034
f 5048 5049 5034
f 5025 5017 5014
f 5046 5038 5043
f 5051 5052 5055
f 5044 5050 5060
f 5011 4981 5021
f 5013 5069 5068
f 5028 5073 5072
f 5077 5074 5064
f 5065 5080 5079
f 5083 5079 5080
f 5063 5067 5080
f 5054 5055 5071
f 4602 4603 4711
f 5058 5082 5083
f 4982 4983 4792
f 5041 5033 5045
f 3909 3911 3278
f 3471 3474 3473
f 5002 5003 4994
f 5060 5080 5067
f 4892 4861 4862
f 4891 4813 4884
f 4996 4994 5003
f 4997 5015 5005
f 4813 4617 4614
f 4618 4814 4827
f 5089 5090 5093
f 3303 3306 3305
f 5100 5103 5102
f 5107 5110 5109
f 5110 5115 5092
f 4610 4611 4734
f 5112 5103 5100
f 5088 5091 5090
f 5119 5118 5117
f 5092 5115 5096
f 3826 3830 3829
f 5108 5109 5102
f 5100 5130 5087
f 5118 5131 5133
f 3783 3689 3690
f 4444 4447 4446
f 5151 5153 5150
f 4790 4616 4617
f 4332 4182 4190
f 3266 3267 4451
f 3211 3947 3332
f 4741 4796 4760
f 4775 4778 4777
f 4764 4665 4691
f 4489 4171 4048
f 4466 4477 4511
f 4518 3936 3930
f 4786 4787 4791
f 4980 5005 4984
f 5144 5152 5150
f 5159 5146 5148
f 5121 5119 5120
f 5169 5164 5162
f 5016 4978 4979
f 5123 5180 5179
f 5181 5180 5140
f 5175 5185 5184
f 4575 4581 4586
f 4984 4985 4976
f 4596 4599 4598
f 5182 5181 5183
f 4785 4619 4787
f 5137 5124 5122
f 5167 5179 5180
f 4835 4683 4898
f 4687 4727 4726
f 4176 3836 4170
f 4760 4761 4655
f 4681 4680 4649
f 5121 5093 5132
f 5171 5191 5178
f 5174 5178 5191
f 5169 5193 5194
f 4909 5094 5095
f 5105 5104 5112
f 4767 5108 5126
f 5201 5202 5205
f 5219 5218 5217
f 5229 5214 5200
f 5234 5237 5236
f 4069 4072 4071
f 4724 4725 4717
f 5108 4767 4768
f 5103 5195 5126
f 5227 5218 5211
f 5015 4997 4884
f 4997 4998 4892
f 5197 5198 5215
f 5241 5199 5247
f 5013 4975 5019
f 5205 5239 5232
f 4969 4967 4971
f 5239 5205 5249
f 4808 5243 5225
f 5216 5247 5199
f 5253 5245 5242
f 5235 5236 5255
f 5135 5148 5157
f 5264 5260 5267
f 5245 5203 5215
f 5260 5261 5269
f 5264 5266 5274
f 5154 5153 5173
f 5287 5272 5278
f 5256 5301 5300
f 5173 5174 5176
f 4631 4630 4629
f 4781 4784 4783
f 5309 5307 5311
f 5155 5156 5144
f 4826 4828 4827
f 5291 5295 5308
f 5310 5311 5281
f 5311 5307 5308
f 4036 4033 4176
f 4641 4716 4704
f 5220 5224 4804
f 4770 5206 5207
f 5188 5185 5175
f 5180 5123 5129
f 4626 4700 5314
f 4731 4728 5315
f 5222 5213 5210
f 4728 4882 5316
f 5230 5219 5216
f 5297 5296 5240
f 5204 5233 5208
f 5318 4868 4864
f 5273 5272 5287
f 5221 5210 5219
f 4700 4902 5321
f 5313 5314 5328
f 5157 5149 5154
f 5275 5276 5263
f 5324 5322 5318
f 5323 5332 5331
f 5343 5334 5345
f 5306 5310 5286
f 5278 5281 5311
f 4882 4625 5320
f 5109 5110 5114
f 5123 5087 5130
f 5299 5283 5284
f 5240 5198 5199
f 5229 5231 5197
f 5305 5302 5292
f 5233 5228 5225
f 5192 5190 5194
f 5104 5105 4670
f 5146 5159 5160
f 5337 5340 5347
f 5347 5340 5341
f 5353 5346 5335
f 5349 5355 5354
f 5355 5358 5357
f 5358 5355 5360
f 5355 5349 5348
f 5342 5366 5365
f 5345 5346 5362
f 5332 5364 5367
f 5372 5371 5315
f 5370 5365 5366
f 5361 5356 5354
f 5364 5365 5368
f 5369 5344 5362
f 5316 5320 5330
f 5373 5359 5371
f 5341 5342 5364
f 5374 5358 5359
f 5329 5376 5375
f 5377 5380 5379
f 5377 5376 5331
f 5380 5377 5367
f 5363 5383 5370
f 5357 5358 5374
f 5381 5385 5361
f 4814 4815 4825
f 4825 4815 4816
f 4806 4746 4747
f 5119 5121 5131
f 4696 4697 4893
f 4696 5389 5390
f 5213 5222 5388
f 5393 5389 5388
f 5380 5382 5384
f 5213 5387 4893
f 4813 4891 4908
f 5390 5392 4693
f 5294 5289 5287
f 5184 5185 5186
f 5285 5275 5253
f 4769 4789 4790
f 5327 5371 5359
f 4598 4621 4690
f 4608 4606 4733
f 4627 4624 4609
f 4596 4604 4851
f 4900 4623 4706
f 4668 4795 5395
f 4863 4865 4639
f 5392 5393 4666
f 4872 4650 4651
f 4807 4791 4758
f 5348 5338 5325
f 5176 5191 5190
f 5046 5031 5022
f 4853 4852 4869
f 5346 5353 5363
f 4709 4880 4620
f 4672 4673 4904
f 4680 4811 4651
f 4841 4844 4688
f 4823 4817 4818
f 4729 4730 4602
f 4881 4729 4851
f 5360 5348 5326
f 4852 4900 4707
f 4890 4751 4669
f 5392 5390 5389
f 5189 5182 5186
f 4881 4604 4605
f 5343 5344 5369
f 4607 4624 4625
f 5056 5055 5052
f 4850 4797 4798
f 3260 5399 5398
f 4855 4736 4899
f 5339 5343 5366
f 4789 4905 4808
f 5400 4040 3948
f 3872 3424 4046
f 4018 3423 3424
f 4025 4523 4172
f 4011 4023 4024
f 4065 4068 3900
f 3413 4012 4013
f 5056 5068 5069
f 5055 5056 5070
f 4062 5398 5399
f 5269 5289 5294
f 4685 4866 4903
f 5254 5242 5240
f 4606 4657 4658
f 4729 4881 4882
f 4030 4041 4043
f 4664 4752 4753
f 3575 3483 3904
f 3413 3410 3922
f 4949 4968 4955
f 4947 4937 4913
f 4849 4850 4894
f 4143 3974 3975
f 4912 4923 4932
f 3774 3771 3995
f 3956 3954 3342
f 4871 4872 4758
f 4270 4273 4272
f 4039 4040 5400
f 3555 3969 5402
f 5403 5404 3906
f 3908 4126 3823
f 4124 4121 5408
f 3901 3902 4046
f 4120 4117 5410
f 4124 3962 4125
f 5420 3906 5404
f 5424 4059 5425
f 3400 5429 5428
f 5432 5433 5435
f 4941 4942 4945
f 4935 4940 4949
f 3895 3898 3897
f 5426 5408 4121
f 5430 3905 3906
f 4045 4041 5398
f 5395 4693 5392
f 4846 4903 4701
f 4880 4709 4710
f 4624 4607 4608
f 4656 4690 4662
f 5305 5307 5309
f 5220 5223 5222
f 4230 4223 4327
f 5030 5073 5028
f 5213 5212 5211
f 5440 3272 3269
f 4396 4397 3980
f 5447 5448 3244
f 3328 3330 5451
f 4208 4391 4248
f 4599 4620 4621
f 4528 4339 4391
f 4529 4228 4199
f 4526 4338 4339
f 4256 4235 5452
f 4532 5452 4241
f 3834 4400 5446
f 5443 5445 5444
f 4530 4247 4334
f 4754 4886 4904
f 4229 4228 4381
f 4205 4382 4383
f 4892 4998 4987
f 4039 4032 3976
f 4738 4780 4796
f 4833 4835 4897
f 4232 4527 4200
f 4194 4240 4241
f 4889 4794 4750
f 4194 4191 4365
f 4531 4383 4195
f 5043 5042 5062
f 4182 4332 4561
f 5446 5447 3241
f 5237 5239 5248
f 4206 4334 4382
f 5210 5211 5218
f 3426 3922 3417
f 4216 4191 4192
f 4219 4210 4184
f 4180 4561 4380
f 4327 4595 4591
f 4223 4230 4231
f 4215 4192 4360
f 4186 4568 4218
f 4190 4330 4209
f 4223 4220 4595
f 4326 4591 4328
f 4366 4389 4568
f 4570 4548 4549
f 4579 4573 4548
f 4563 5453 4533
f 4583 4595 4220
f 4586 4380 4561
f 4239 4196 4363
f 4572 4571 4567
f 4536 4539 4585
f 4538 5453 4566
f 4536 4533 5453
f 3573 3986 3983
f 5427 3963 3552
f 4553 4587 4588
f 4593 4554 4555
f 4368 4365 4183
f 4361 5452 4235
f 4233 4369 4527
f 4233 4230 4324
f 4212 4209 4330
f 4237 4324 4325
f 4193 4241 5452
f 4983 5015 4885
f 5002 4995 4986
f 5074 5077 5076
f 4698 4699 5391
f 5391 4699 5390
f 4871 4899 4650
f 4546 4857 4543
f 4553 4550 4901
f 4552 4588 4555
f 5223 4804 4805
f 5386 5382 5383
f 5317 5315 5371
f 3240 3237 4429
f 5384 5385 5381
f 3938 3217 3218
f 3942 3943 5455
f 5361 5385 5386
f 4542 4540 4541
f 3910 5430 5420
f 3939 3333 4060
f 3851 5350 5351
f 3838 5427 3556
f 4547 4858 4857
f 5442 5443 4050
f 3385 3874 5428
f 4257 4234 4235
f 5312 5212 4893
f 4212 4203 4204
f 3854 3849 5461
f 4226 4184 4210
f 4202 4177 4178
f 3316 3983 3897
f 5464 5465 4432
f 5465 5466 3883
f 4472 4469 4449
f 4501 4472 4450
f 4074 4075 4080
f 5473 5474 5401
f 4173 4172 5475
f 3432 3429 3520
f 3462 5505 5504
f 4075 4501 4494
f 5482 5481 3387
f 5468 5471 5470
f 3427 5421 5422
f 4498 4499 4487
f 5403 3824 5414
f 3382 5523 5522
f 3492 5512 5511
f 3429 3434 3517
f 3873 5522 5524
f 5480 5479 3350
f 3477 5508 5505
f 4507 4508 5544
f 4396 5550 5551
f 3374 5552 5553
f 3373 5553 5554
f 5479 4521 4063
f 3390 5554 5555
f 5531 5525 5566
f 3368 5568 5567
f 5556 5557 5560
f 3393 5555 5557
f 4433 3364 5463
f 5464 5463 5458
f 4435 4437 4439
f 4055 4393 3277
f 3273 3278 3911
f 3395 3357 3358
f 5486 3894 4071
f 5526 4455 4453
f 5525 5570 5569
f 5568 3526 3527
f 3527 3362 3847
f 3365 5461 3849
f 5462 3849 3850
f 4435 4436 5571
f 3378 3379 3943
f 5573 5578 5577
f 4438 5455 3943
f 5477 5574 5579
f 5582 5581 5580
f 5583 5580 5581
f 5586 5585 5588
f 4074 5472 5586
f 5583 5585 5474
f 4507 5589 5590
f 5573 5478 4522
f 3989 5595 5596
f 5594 3406 3407
f 4436 3381 5572
f 5591 3990 3991
f 4507 4475 4476
f 3990 5591 5587
f 5578 3409 3406
f 5595 3989 5584
f 5484 3394 3358
f 4441 4442 5467
f 5472 4074 4077
f 5522 5599 5570
f 5486 3358 3353
f 5481 4498 3386
f 3475 5506 5492
f 5476 4523 3899
f 5540 5541 5606
f 5542 5540 5603
f 5608 5543 5542
f 5608 5607 5545
f 5607 5603 5609
f 5599 5600 5548
f 5598 5592 5543
f 5595 5594 5593
f 5588 5584 3989
f 5626 3265 3266
f 5627 3266 4448
f 5469 4449 4469
f 4515 4517 5625
f 4503 4473 4474
f 4481 5626 5627
f 4500 5628 5469
f 3414 4468 5466
f 5594 5595 5581
f 3376 3377 4430
f 3444 3944 3941
f 5572 3944 3444
f 4273 4286 4287
f 4345 4356 4357
f 4386 4304 4305
f 4517 4462 4463
f 4352 4349 4319
f 4352 4250 4251
f 4268 4277 4390
f 4264 5629 4320
f 4346 4387 4282
f 4337 4335 4343
f 4289 4244 4245
f 4303 4378 4287
f 4343 4290 4291
f 4284 4333 4244
f 4375 4519 4291
f 4379 4319 4271
f 4337 4353 4348
f 4524 4525 4295
f 4364 4362 4197
f 4285 4282 4390
f 5206 5209 5208
f 4297 5629 4371
f 4346 4283 4286
f 4285 4300 4333
f 3571 3572 4395
f 5341 5340 5339
f 5346 5345 5334
f 5269 5261 5273
f 4510 4509 5609
f 4509 4474 5545
f 4445 4446 5611
f 5566 5569 5568
f 5349 5336 5338
f 5489 5490 3401
f 5565 5566 3368
f 5496 5497 5417
f 5523 3382 3383
f 5325 5338 5347
f 5523 5600 5599
f 5429 3400 3401
f 3887 5632 5631
f 5634 5613 5600
f 5276 5280 5279
f 5298 5297 5257
f 5087 5086 5085
f 3361 3526 5612
f 5041 5061 5066
f 5487 5488 3383
f 5101 5116 5130
f 5299 5298 5300
f 5333 5336 5335
f 5302 5305 5304
f 5234 5247 5216
f 5301 5256 5255
f 4868 5318 5322
f 5281 5278 5277
f 5323 5321 5322
f 5298 5284 5296
f 4885 4829 4750
f 5231 5230 5196
f 4625 4626 5313
f 5111 5113 5085
f 5600 5613 5549
f 5531 5564 5563
f 5165 5166 5182
f 5283 5280 5285
f 4269 4276 4277
f 5610 5609 5603
f 5127 5090 5091
f 4907 5095 5125
f 5277 5278 5272
f 5596 5593 5592
f 5212 5312 5226
f 5273 5261 5262
f 5302 5301 5258
f 5635 5646 5645
f 4250 4352 4379
f 4485 4136 3405
f 4354 4026 4023
f 4265 4262 4304
f 4388 4390 4282
f 4345 4342 4384
f 4362 4364 4297
f 4836 4765 4612
f 4360 4361 4236
f 4369 4233 4237
f 5647 5636 3986
f 5650 3965 3192
f 5337 5338 5336
f 4467 4478 4477
f 4253 4377 4340
f 4429 3416 5457
f 3997 4133 3915
f 5535 3856 3839
f 5538 5541 4460
f 3439 3376 5571
f 5570 5525 5526
f 3438 5571 5572
f 4440 4468 3879
f 3440 5665 4407
f 3886 5685 5695
f 5534 5529 5396
f 5685 3886 3471
f 4278 4198 4301
f 5628 4448 4449
f 3579 3537 3538
f 4480 5627 5628
f 4402 5499 5517
f 4279 4197 4198
f 3603 3534 3532
f 3580 3594 4088
f 4095 3530 3531
f 5248 5249 5251
f 3778 3819 3999
f 4617 4618 4613
f 4375 4275 4372
f 3411 3405 4136
f 5094 5106 5111
f 3602 3532 3535
f 4023 4011 4350
f 4349 4352 4336
f 3605 3535 3536
f 4469 4472 4471
f 4094 3531 3593
f 4248 4249 4245
f 3519 5521 5518
f 5254 5296 5284
f 4852 4853 4795
f 4265 4371 5629
f 5632 5499 5503
f 3604 3611 3612
f 5549 5501 5502
f 3653 3606 3607
f 4780 4738 4873
f 4988 4989 4979
f 4491 5625 5626
f 4837 4904 4995
f 4615 4612 4765
f 5468 4469 4470
f 3514 3470 3467
f 5491 5680 4409
f 4093 3618 3619
f 4364 4320 5629
f 3488 5510 5509
f 5606 5539 5611
f 4210 4219 4189
f 4600 4603 4602
f 5242 5215 5198
f 5073 5074 5075
f 5651 5657 3940
f 3996 3541 3775
f 5200 5203 5202
f 5525 5531 5527
f 3364 4433 4434
f 3775 3541 3542
f 3941 3833 5485
f 3731 3706 4105
f 4997 5000 4999
f 4508 5598 5608
f 4101 4099 3818
f 3728 4109 4103
f 4591 4593 4592
f 4539 4536 4538
f 4550 4553 4552
f 4541 4566 4567
f 4389 4579 4570
f 4582 4583 4580
f 4976 4979 4978
f 4705 4708 4707
f 4797 4850 4843
f 3713 3729 3730
f 4675 4647 4702
f 4977 4978 4981
f 4810 4818 4817
f 4786 4811 4812
f 4715 4631 4628
f 4978 5016 5021
f 5010 5009 5006
f 3722 3743 4162
f 4558 4557 4560
f 4568 4570 4569
f 4584 4578 4535
f 4641 4631 4715
f 5026 5014 5012
f 4776 4777 4745
f 4714 4628 4712
f 4982 4996 5001
f 4576 4577 4560
f 4564 4567 4566
f 5069 5013 5018
f 5057 5052 5048
f 4810 4812 4811
f 3710 4158 3786
f 4991 4992 4999
f 5011 5009 5010
f 5008 5020 5022
f 5066 5067 5063
f 5047 5037 5024
f 5050 5049 5051
f 5023 5021 5016
f 5045 5044 5059
f 5047 5025 5026
f 3711 3712 3724
f 5048 5035 5037
f 5042 5040 5063
f 5058 5053 5051
f 5036 5038 5046
f 3715 3699 3700
f 5235 5256 5257
f 3732 3729 3704
f 5030 5031 5062
f 5020 5021 5023
f 5263 5262 5261
f 5049 5050 5044
f 5236 5248 5250
f 5031 5030 5027
f 5043 5038 5039
f 5320 5313 5329
f 5049 5048 5052
f 5326 5319 5317
f 3264 3261 3288
f 5264 5265 5263
f 4998 4999 4992
f 5009 5011 5020
f 5036 5032 5039
f 5032 5035 5034
f 4355 4317 3949
f 4269 4266 4374
f 4253 4250 4378
f 4525 4524 4252
f 3960 4112 4111
f 4372 4275 4258
f 5681 5672 5673
f 4378 4379 4272
f 4270 4347 4346
f 3244 5448 5644
f 4899 4703 4648
f 3734 3732 3702
f 4138 3346 3343
f 4192 4193 4361
f 3813 4001 3812
f 3817 3695 3696
f 5668 5683 5682
f 5690 5691 5687
f 5499 5632 5700
f 3999 3819 3820
f 3745 3742 4102
f 5684 3471 3472
f 5702 3859 3860
f 5712 5713 5693
f 3249 3277 4393
f 5695 5683 5715
f 5694 5715 5716
f 5719 3972 5601
f 4918 4919 4950
f 4774 4742 4743
f 5505 4415 4411
f 3583 3584 3585
f 3710 3687 4157
f 5513 5725 4417
f 5704 3563 4146
f 4141 4045 4062
f 5669 5689 5688
f 3898 3895 5653
f 5718 3973 3972
f 5684 5687 5686
f 3917 4131 5717
f 3463 5666 5662
f 5492 5506 5680
f 4931 4930 4950
f 5665 3440 3441
f 3788 3717 3740
f 3501 3502 3529
f 3569 3570 3477
f 5516 5728 5727
f 3564 3567 3566
f 3892 5405 5406
f 3962 4124 5407
f 4126 3908 4123
f 4116 3296 3287
f 3892 3887 5630
f 3824 3432 5413
f 4408 4409 5680
f 3969 3966 3978
f 4408 4413 3449
f 4414 3448 3449
f 3962 3261 3262
f 4425 5724 5616
f 4418 5725 5727
f 5716 5597 5575
f 5719 5720 5717
f 5698 5498 5692
f 3880 5621 4166
f 5652 3212 5520
f 5621 5623 4167
f 5679 4409 4410
f 3210 3209 3355
f 5622 5534 5451
f 5416 5417 5497
f 5729 5732 5731
f 5733 5734 3761
f 5735 5738 5737
f 5750 5752 5751
f 5744 5745 5740
f 5744 3770 3753
f 5753 5754 5730
f 5757 5758 5736
f 5731 5752 5765
f 5774 5777 5776
f 5790 5793 5792
f 5796 5786 5787
f 5817 5814 5819
f 5828 5831 5830
f 3725 4105 3751
f 4874 4734 4873
f 4700 4701 4903
f 4740 4820 4876
f 3199 3202 3201
f 4100 4102 4099
f 3749 3767 4108
f 3695 3817 3712
f 3378 3381 3380
f 5504 4411 4412
f 4405 4402 5518
f 5838 5839 5835
f 4705 4632 4712
f 5832 5831 5828
f 5697 5677 5678
f 3791 4006 4005
f 5848 5791 5794
f 3714 3700 3701
f 3995 4148 4042
f 3329 3326 3224
f 4005 3708 3705
f 4551 4762 4763
f 5855 5798 5808
f 5851 5795 5792
f 5803 5801 5858
f 5844 5843 5840
f 5762 5759 5743
f 5808 5809 5806
f 4012 3413 3426
f 5558 3513 3467
f 4550 4763 4720
f 4950 4951 4953
f 3885 3886 5694
f 5705 5706 4081
f 5508 4417 4415
f 3745 3759 3760
f 5507 4412 5680
f 3592 3536 3588
f 3895 5434 5658
f 5613 5500 5501
f 3834 3830 4393
f 5527 4454 4455
f 5775 5806 5809
f 5766 5767 5813
f 5858 5811 5812
f 5855 5815 5811
f 5863 5820 5819
f 5826 5859 5863
f 5862 5866 5833
f 5870 5871 5837
f 5782 5783 5831
f 5868 5838 5836
f 5778 5779 5843
f 5866 5870 5845
f 5785 5864 5867
f 5790 5788 5789
f 5796 5797 5794
f 5821 5818 5819
f 5657 5651 5620
f 5793 5849 5852
f 5855 5858 5801
f 5853 5847 5786
f 5804 5805 5802
f 5827 5867 5864
f 5767 5768 5821
f 5854 5857 5776
f 5860 5817 5818
f 5782 5832 5825
f 5781 5778 5844
f 5810 5811 5815
f 5867 5827 5830
f 5809 5808 5798
f 5828 5829 5863
f 5865 5841 5838
f 5801 5803 5802
f 4086 5707 3795
f 5779 5780 5842
f 5827 5826 5829
f 5839 5872 5869
f 5814 5815 5855
f 5711 4132 3859
f 4958 4957 4917
f 5861 5818 5821
f 5863 5859 5812
f 5865 5868 5823
f 5873 5836 5837
f 5872 5839 5842
f 4089 3455 3563
f 3812 3787 3785
f 5770 5771 5787
f 5789 5786 5847
f 5793 5789 5846
f 4145 4147 4146
f 5848 5773 5790
f 3953 4008 4009
f 5748 5875 5874
f 4624 4627 4626
f 4665 4764 4752
f 4775 4780 4779
f 4746 4670 4671
f 4637 4600 4601
f 4828 4612 4613
f 4704 4763 4762
f 4843 4845 4727
f 4543 4717 4725
f 4731 4864 4863
f 4723 4594 4558
f 4842 4846 4840
f 4717 4543 4857
f 4865 4868 4867
f 5841 5865 5866
f 4725 4726 4540
f 4798 4799 4816
f 4632 4635 4634
f 4720 4716 4715
f 4642 4645 4644
f 3754 4007 5874
f 4860 4761 4644
f 4674 4723 4722
f 4808 4809 4676
f 4721 4722 4822
f 5876 5878 5877
f 4836 4838 4840
f 4658 4661 4660
f 4826 4799 4800
f 4877 4782 4743
f 4948 4970 4971
f 4875 4739 4876
f 4954 4933 4934
f 5773 5770 5788
f 5825 5832 5833
f 5834 5837 5836
f 5834 5844 5845
f 3359 3362 3361
f 5732 5729 3756
f 3394 3397 3396
f 3766 3769 5741
f 5774 5809 5799
f 5805 5776 5857
f 5813 5821 5820
f 3969 3555 3964
f 5667 5668 5674
f 5729 5747 3792
f 3770 5744 5741
f 4741 4740 4739
f 4689 4737 4660
f 5772 5797 5787
f 5735 5733 3758
f 5850 5772 5773
f 5617 5528 3965
f 5799 5800 5854
f 5875 5748 5764
f 5840 5843 5842
f 5861 5768 5769
f 5807 5804 5853
f 5869 5781 5834
f 3765 3768 5739
f 5882 5884 5761
f 5881 5879 5887
f 5895 5896 5898
f 5907 5905 5906
f 5909 5907 5908
f 4234 4257 4526
f 3912 3927 3389
f 5934 8731 8730
f 8730 8731 5930
f 4920 4923 4922
f 8845 8847 8853
f 4141 4171 3404
f 3733 3705 3706
f 8849 8847 8848
f 4234 4237 4236
f 8863 8858 5919
f 3733 4002 4004
f 5908 5906 8859
f 8865 8866 8871
f 8859 8858 8863
f 5927 5924 5925
f 5911 5903 5904
f 8878 8871 8866
f 5635 5638 5637
f 5745 5744 5746
f 3552 3555 3554
f 8857 8889 8890
f 5924 5927 8860
f 3553 3557 3556
f 5919 5920 8861
f 8869 8865 8870
f 8873 8871 8878
f 8856 8857 8875
f 8862 8861 5889
f 8846 8845 8844
f 8864 8863 8866
f 8729 8730 8883
f 8848 8846 8887
f 8878 8879 5888
f 8896 8854 8855
f 8853 8854 8896
f 8841 8842 5882
f 3489 3492 3491
f 8867 8859 8864
f 5910 5908 8867
f 5914 5910 8898
f 5916 5914 8899
f 5889 8861 8860
f 8876 8878 8893
f 5918 5916 8900
f 4424 5722 5726
f 8904 8903 8900
f 8909 8908 8904
f 8908 8907 8903
f 8869 8909 8905
f 3632 3668 3667
f 3687 3690 3689
f 3636 3682 3681
f 3664 3641 3639
f 4304 4307 4306
f 8909 8869 8891
f 3681 3696 3695
f 3758 3761 3760
f 3684 3701 3700
f 3721 3724 3723
f 3941 3944 3943
f 3738 3741 3740
f 3687 3710 3709
f 3238 3239 3938
f 4249 4303 4288
f 4499 4498 3344
f 4240 4194 4368
f 3453 3451 3951
f 4401 3971 3547
f 3950 3951 3451
f 3702 3704 3701
f 3725 3728 3727
f 3194 3207 3208
f 4034 4035 4461
f 3914 3348 3913
f 3483 3575 3533
f 3191 3958 3957
f 4292 3489 3970
f 3909 3910 3428
f 3959 3960 3866
f 4017 4308 4309
f 4316 4318 4008
f 4448 4451 4450
f 4414 4415 4417
f 3435 3430 3351
f 4413 4411 4415
f 3899 3902 3901
f 3780 3781 3648
f 3474 3471 3886
f 3958 3191 3192
f 3221 3223 3935
f 3905 3908 3907
f 3913 4488 4486
f 4420 4422 4421
f 3881 3884 3883
f 4004 3788 3790
f 4271 4319 4318
f 4259 4297 4296
f 3501 4003 4066
f 5897 5898 5900
f 5901 5902 5904
f 8854 8849 8856
f 3789 3785 3786
f 3651 3648 3781
f 5924 5899 5901
f 8870 8871 8873
f 8876 8877 8874
f 5912 5917 5918
f 3805 3918 3799
f 3369 3370 3395
f 3923 3926 3925
f 3916 3917 3512
f 3641 3664 3801
f 4276 4269 4323
f 4181 4229 4331
f 4428 4430 3377
f 3495 4425 4321
f 4436 4435 3380
f 4430 4428 4437
f 3945 3957 3958
f 4065 3901 4047
f 4495 4497 3408
f 8913 8912 8915
f 8911 8910 8917
f 8889 8922 8923
f 8919 8935 8931
f 8884 8914 8918
f 8922 8921 8931
f 5852 5907 5909
f 5866 5862 5915
f 8926 8918 8914
f 8914 8884 8883
f 8886 8919 8921
f 5846 5847 5894
f 5873 5902 5900
f 8893 5888 5764
f 8894 8893 5754
f 5890 8860 5927
f 5885 8896 5755
f 5871 5904 5902
f 5763 8936 5883
f 5880 5890 8936
f 4175 4176 4398
f 4274 4254 4255
f 8883 8730 5931
f 8868 8905 8898
f 3289 4059 3247
f 3858 3855 5485
f 8850 8848 8886
f 4116 4120 5409
f 3889 5406 4127
f 3678 3679 8938
f 8857 8850 8888
f 3979 3551 3294
f 4126 3352 3431
f 3651 4000 3679
f 3460 3858 5921
f 4084 3309 3310
f 8905 8904 8899
f 3561 3327 5397
f 3213 3965 5528
f 4191 4194 4193
f 5449 5450 5532
f 4142 3975 4031
f 4060 3947 5652
f 4480 4483 4482
f 5519 5520 3212
f 5657 5451 3330
f 4473 4476 4475
f 3514 3515 5668
f 5663 5670 5669
f 8881 5929 5926
f 5734 5733 5749
f 4788 4789 4677
f 3997 3996 3538
f 3551 3486 3310
f 3577 3578 3998
f 4893 4697 4676
f 4753 4751 4671
f 8729 8884 8885
f 3813 3703 9021
f 8938 4001 3813
f 8882 5931 5929
f 4098 5701 3820
f 3399 5405 5416
f 5494 5495 5503
f 5880 5877 5878
f 4986 4673 4861
f 4999 5000 5004
f 4985 5001 4988
f 5816 5769 5766
f 4372 4370 4384
f 5688 5691 5692
f 8903 8902 8901
f 8879 8862 5887
f 8902 8881 8880
f 5919 5893 5895
f 4519 4384 4342
f 8847 8849 8854
f 5925 5901 5903
f 4021 3899 4523
f 5678 5677 5676
f 4424 3843 4085
f 5701 3576 3577
f 5928 5925 5926
f 5000 5005 4980
f 9022 4147 3545
f 9024 9025 5409
f 4008 4011 4010
f 3931 3234 4516
f 3822 3806 3807
f 8851 8852 8844
f 5728 5516 5509
f 9025 9023 4115
f 5209 5200 5201
f 4820 4740 4653
f 3988 5596 5598
f 3370 3911 3357
f 5639 5642 5641
f 5592 4511 4477
f 3378 3944 5572
f 5625 4463 3265
f 5594 5582 5577
f 3302 5649 5645
f 3274 3277 3278
f 5207 5208 5233
f 5071 5070 5072
f 4815 4814 4785
f 4796 4802 4643
f 3243 3244 5643
f 5301 5302 5303
f 5431 3562 5655
f 5251 5249 5244
f 3353 3427 3523
f 4174 3404 3405
f 3546 4114 4113
f 4002 3789 3788
f 4196 4239 4238
f 3232 5646 5647
f 4373 4374 4266
f 4867 5322 5321
f 5648 4054 4058
f 4455 4070 3893
f 5593 3407 4511
f 5275 5265 5252
f 5252 5265 5274
f 4092 3619 3624
f 3723 3742 3743
f 4780 4775 4802
f 4059 3289 3560
f 4317 4355 4347
f 5188 5190 5192
f 5570 5599 5612
f 3385 5429 5633
f 3526 5568 5569
f 3576 5701 3608
f 3581 3542 3594
f 5239 5237 5238
f 5081 5079 5083
f 4369 4526 4528
f 4325 4326 4329
f 3569 3285 3286
f 9022 9026 4112
f 3661 3662 3801
f 5074 5073 5030
f 5064 5062 5063
f 3563 3497 3498
f 3961 5407 4119
f 4854 4853 4870
f 5018 5007 5028
f 5007 5008 5027
f 5040 5042 5039
f 3240 3375 3875
f 5070 5069 5029
f 3504 3481 3866
f 3537 3579 3591
f 5033 5041 5039
f 4710 4638 4635
f 5017 4979 4989
f 5024 5037 5046
f 4991 5006 5019
f 4587 4553 4574
f 4996 4982 4793
f 5066 5061 5059
f 5221 5230 5231
f 5068 5056 5057
f 3675 3676 3643
f 3663 3674 3675
f 4722 4558 4559
f 3579 3576 3590
f 3686 3676 3677
f 4422 4420 3499
f 5142 5141 5138
f 5078 5071 5075
f 3609 3589 3590
f 3288 3961 5411
f 5424 9024 5410
f 5152 5144 5156
f 3960 5704 5709
f 4946 4956 4957
f 3867 3903 5705
f 9026 9022 4113
f 5192 5193 5189
f 5161 5164 5194
f 3637 3698 3682
f 4392 5461 3847
f 3796 4114 4149
f 4104 3716 3727
f 3594 3595 3993
f 3796 3793 4134
f 3687 3688 4156
f 3760 3761 4164
f 4464 3344 3345
f 3485 3528 3868
f 3846 3845 5423
f 3409 4520 4496
f 3767 3768 3765
f 3711 3721 4159
f 3797 4132 4087
f 4072 4069 5562
f 4502 4076 5590
f 5408 5426 9027
f 5683 5695 5714
f 5702 3772 4110
f 5623 4042 4148
f 5428 3874 3525
f 3668 3803 3802
f 4000 4001 8938
f 4221 4222 4179
f 4267 4268 4388
f 3721 3722 4161
f 3903 5659 5706
f 3583 3580 4090
f 3894 5486 3524
f 4635 4638 4636
f 4173 5401 4009
f 4890 4666 5393
f 5290 5291 5293
f 5339 5340 5337
f 5458 5459 4438
f 3251 5419 5430
f 3252 5418 5419
f 3428 5420 5421
f 3571 5426 5418
f 4583 4582 4554
f 4239 4367 4224
f 3322 3898 5450
f 5309 5310 5306
f 4109 3728 3748
f 5707 3865 3794
f 5139 5184 5183
f 5271 5270 5290
f 5280 5283 5282
f 5110 5107 5125
f 5319 4864 4731
f 5334 5343 5339
f 5423 3522 3523
f 5376 5377 5378
f 4721 4681 4646
f 3719 4158 4159
f 4853 4854 4692
f 5373 5372 5330
f 4428 5457 5456
f 5376 5329 5328
f 3337 3367 4434
f 4692 4693 5395
f 5475 4172 4523
f 5478 3900 4068
f 5421 5404 4129
f 5374 5373 5375
f 5283 5299 5306
f 5246 5247 5234
f 5154 5149 5150
f 4458 5562 5561
f 5163 5159 5158
f 5381 5374 5378
f 3397 3394 5484
f 4457 5561 5563
f 5147 5143 5150
f 4474 4475 5544
f 5325 5318 5319
f 5223 5394 5388
f 5517 5700 3521
f 4499 5480 3347
f 5404 5403 4128
f 3476 5507 5506
f 4084 5516 5515
f 3900 5478 5477
f 5536 5564 5547
f 5491 5498 5493
f 5474 5472 4139
f 4063 4521 4522
f 4459 4460 5541
f 5548 5549 3360
f 5444 5445 5550
f 3888 3889 5415
f 5546 5547 3339
f 5536 5539 5538
f 3570 5513 5508
f 4471 4502 5589
f 4280 3848 3359
f 5499 4402 4403
f 5189 5193 5169
f 5543 4477 4478
f 4051 5551 5552
f 3461 5504 5507
f 4629 4630 4870
f 5106 5094 4909
f 5286 5281 5279
f 5462 5463 3364
f 3491 5511 5514
f 5224 5220 5231
f 4478 4459 5540
f 4099 4102 3742
f 4803 4806 4805
f 4130 5423 5422
f 4470 4471 4476
f 4924 4925 4921
f 4920 4921 4927
f 4993 4986 4987
f 4887 4888 4913
f 3894 3893 4070
f 5472 5474 5585
f 3508 4135 4134
f 3603 3600 4096
f 3772 3773 3992
f 5712 5664 5671
f 3739 3718 4162
f 5683 5668 3515
f 5480 4465 4495
f 5698 5699 5493
f 3578 3538 3996
f 3645 3646 4154
f 5660 3904 3466
f 4135 9026 5710
f 5587 5591 4073
f 5687 5689 5693
f 3584 3583 4091
f 5585 5583 5584
f 4128 5414 5415
f 4257 4254 4338
f 4222 4231 4178
f 4366 4365 4191
f 5098 5099 5091
f 5761 5757 5737
f 5760 5737 5738
f 8852 8842 5934
f 8874 8877 8855
f 8895 8897 8855
f 5884 5882 8842
f 4557 4554 4582
f 8890 8923 8917
f 8918 8926 8930
f 8924 8926 8915
f 4182 4181 4330
f 3864 5708 5711
f 3574 3317 3230
f 3342 3954 3415
f 3488 3486 3549
f 4317 4316 3953
f 3672 3659 4152
f 5708 3864 3865
f 9021 3703 3685
f 3621 3618 3616
f 5728 4422 4419
f 4311 4027 4028
f 4131 3917 3543
f 4426 3496 3842
f 4518 3956 4168
f 5457 5465 5464
f 5425 3560 3558
f 5458 4439 4437
f 3416 3414 5465
f 5638 9028 5437
f 3985 3986 5636
f 5646 5635 5636
f 9023 9025 3554
f 5722 5510 5514
f 3256 3933 3934
f 4164 3761 5734
f 8885 8918 8920
f 3282 3932 3929
f 3292 4394 3320
f 3232 3229 3300
f 3303 3236 3271
f 3562 5431 5432
f 3392 3387 3388
f 3854 5922 5350
f 5463 5462 5459
f 5935 3474 3885
f 3879 3415 3954
f 3928 3372 3391
f 4137 5559 4458
f 5454 5455 3850
f 3548 3490 3549
f 4443 4500 5470
f 4452 4505 4506
f 4468 3414 3415
f 4443 4440 3876
f 3234 3235 4515
f 5434 3895 3896
f 5448 5440 5441
f 5447 5446 5443
f 4442 5470 5471
f 5550 4056 3275
f 5578 5573 4520
f 3464 5667 5666
f 4701 4627 4839
f 3259 5398 4041
f 4015 4012 3423
f 3558 3323 3982
f 4856 4894 4823
f 4741 4652 4653
f 3759 3745 4106
f 3560 3289 3290
f 9024 5424 3557
f 5438 3279 3280
f 3321 3283 3290
f 5557 5483 4072
f 5553 3369 3396
f 4045 4141 4174
f 4539 4845 4849
f 3536 3480 3503
f 5478 5573 5574
f 3800 3797 3510
f 4755 4883 4886
f 5561 4454 5527
f 5752 5731 5732
f 5752 5750 5756
f 3518 5492 5493
f 3767 3762 4107
f 3534 3603 4097
f 4395 3572 3826
f 3926 4052 3371
f 4446 4510 5610
f 4050 5444 3980
f 8887 8846 8843
f 5649 5639 5640
f 4643 4644 4761
f 3709 3787 3784
f 4778 4659 4660
f 5649 3302 4054
f 5646 3232 3301
f 3250 3251 3910
f 5884 5886 5757
f 5655 5656 5936
f 4224 4227 4226
f 4043 4044 3412
f 4286 4289 4288
f 4267 4311 4310
f 4493 4079 4080
f 3325 5432 3226
f 3925 3371 3372
f 4312 4315 4314
f 3996 3997 3540
f 8908 8911 8912
f 4023 4026 4025
f 3995 3890 3891
f 5482 5556 5559
f 4486 3420 3921
f 4300 4285 4302
f 5438 5642 5644
f 3233 3932 3282
f 3225 3228 3227
f 5446 4400 5445
f 5554 3396 3397
f 4834 4833 4830
f 4064 3349 3350
f 3596 3599 3598
f 5639 5649 5648
f 5434 5431 5654
f 4895 4896 4830
f 3674 3677 3676
f 3551 3979 3978
f 3835 3836 3305
f 3813 3810 3702
f 3691 3711 4160
f 4109 4100 4101
f 4565 4187 4188
f 3490 3548 3547
f 3672 3646 3647
f 8906 8907 8912
f 3810 3812 3811
f 4051 4052 4397
f 3566 3599 4090
f 5580 5475 5476
f 4456 4457 5537
f 5539 5536 5546
f 8844 5934 8729
f 8872 8873 8874
f 4383 4301 4198
f 4931 4926 4927
f 5529 5530 5397
f 5314 5321 5323
f 5347 5332 5323
f 4711 4709 4599
f 5387 5388 5389
f 5259 5290 5292
f 5195 4806 4803
f 5195 5104 4746
f 4639 4865 4866
f 4821 4818 4681
f 3421 4037 5399
f 4730 4863 4601
f 4807 4651 4811
f 4040 4037 3421
f 4844 4841 4800
f 3936 3933 3929
f 4894 4798 4817
f 5365 5370 5383
f 4657 4656 4661
f 5224 5206 4770
f 5368 5383 5382
f 5336 5349 5352
f 5353 5356 5386
f 4070 4455 4454
f 5396 5397 3327
f 5225 5226 5312
f 5384 5382 5386
f 5391 4694 4695
f 4407 4410 4409
f 4623 4620 4880
f 5356 5353 5352
f 4578 4584 4859
f 3239 3875 3217
f 3937 3218 3333
f 4578 4575 4534
f 5467 5471 4505
f 4836 4828 4826
f 4422 5728 5721
f 3392 3393 5556
f 5564 5531 5565
f 3807 3808 3663
f 5922 3854 4392
f 3680 3695 3692
f 3630 3633 3632
f 4416 4417 5725
f 4033 3305 3836
f 3238 3220 4168
f 3466 3904 3483
f 3678 3677 3650
f 3677 3674 3649
f 3340 3337 4431
f 3562 3561 5656
f 5658 5654 5938
f 3642 3643 3640
f 3306 3303 3334
f 3256 3253 3280
f 8910 8891 8892
f 5868 5900 5898
f 8924 8923 8922
f 8935 8930 8925
f 8882 8906 8913
f 8925 8930 8926
f 5852 5849 5905
f 5136 5128 5124
f 4243 4363 4260
f 5238 5227 5228
f 5642 5639 5643
f 3924 3925 3928
f 5412 3521 5700
f 3750 3752 3751
f 3746 3752 3770
f 3859 3798 3861
f 3972 3973 3493
f 5923 8860 8861
f 4945 4946 4958
f 3296 3293 3286
f 3824 5403 3907
f 3671 3629 4154
f 4137 3343 5481
f 3614 3654 3802
f 3283 3284 3559
f 4936 4935 4934
f 5511 5723 5726
f 4170 4169 3926
f 3572 4393 3830
f 3459 3447 3858
f 3496 4426 4425
f 3457 3950 3436
f 3984 3983 3986
f 3914 3389 3386
f 5512 5724 5723
f 4500 4443 4483
f 4501 4502 4471
f 4503 4506 4505
f 4143 4144 4461
f 3331 3329 3222
f 4016 4015 4018
f 3998 3775 3776
f 4114 3796 5710
f 4405 5678 4406
f 5602 5604 5720
f 4767 4803 4804
f 4929 4933 4954
f 4410 4407 5665
f 3888 5700 5632
f 4048 4049 3977
f 3947 3211 3212
f 5676 5677 3472
f 5782 5785 5784
f 4315 4312 4311
f 5699 5518 5521
f 5864 5785 5825
f 5826 5827 5822
f 5775 5776 5805
f 3236 3233 3270
f 5823 5868 5859
f 4957 4848 4895
f 8868 8864 8865
f 4281 4392 3848
f 4940 4943 4971
f 4013 4014 4029
f 3685 3703 3701
f 4339 4340 4377
f 8891 8870 8872
f 3753 3750 3755
f 4427 4168 3220
f 3809 3806 3779
f 3568 4416 4418
f 3880 3987 3918
f 3543 3843 3842
f 4646 4649 4648
f 4656 4657 4597
f 4781 4876 4820
f 4972 4975 4974
f 5101 5102 5109
f 5095 5096 5115
f 5090 5127 5132
f 5131 5132 5134
f 5134 5132 5127
f 5117 5139 5140
f 3539 3862 3863
f 4006 3791 3792
f 5128 5091 5099
f 5097 5088 5089
f 5274 5266 5271
f 4571 4572 4569
f 4225 4531 4238
f 5156 5155 5170
f 4538 4541 4540
f 4622 4691 4665
f 4981 5011 5004
f 5012 4974 4975
f 5148 5147 5149
f 5157 5142 5133
f 5161 5155 5145
f 4261 4532 4242
f 5294 5295 5291
f 4255 4256 4532
f 5274 5259 5250
f 4246 4529 4207
f 3314 3924 3927
f 4670 4673 4672
f 4995 4904 4673
f 4638 4710 4603
f 4341 4295 4525
f 5163 5166 5165
f 4834 4783 4784
f 4784 4820 4682
f 4844 4843 4687
f 5280 5276 5275
f 4217 4572 4564
f 4554 4557 4556
f 4551 4552 4556
f 4549 4546 4544
f 5141 5142 5173
f 4653 4654 4683
f 4973 4974 4989
f 4984 5005 5015
f 5177 5172 5170
f 5166 5167 5181
f 5141 5184 5139
f 5178 5174 5151
f 5244 5202 5203
f 5252 5244 5245
f 4479 4031 4079
f 4402 4405 4404
f 3500 4418 4419
f 5856 5851 5909
f 4488 3913 3348
f 8851 8853 5885
f 3607 3608 5701
f 3508 3505 3503
f 5847 5858 5896
f 4374 4373 4309
f 3380 4439 4438
f 9025 9024 3553
f 5718 5717 4131
f 3300 3229 3283
f 5551 3275 3276
f 5552 3276 3369
f 5555 3397 5483
f 5859 5898 5896
f 4133 3793 3794
f 3606 3653 3652
f 4900 4852 4766
f 4616 4790 4789
f 3738 4165 4164
f 4774 4771 4642
f 4399 4485 3402
f 5853 5796 5795
f 3936 4518 4427
f 3418 3419 4064
f 5510 3488 3840
f 3270 3282 3279
f 3274 3275 4056
f 4359 4356 4305
f 4135 3508 3504
f 3610 3611 3609
f 3837 3556 3557
f 5940 3971 4401
f 5853 5804 5803
f 5725 5513 5515
f 3246 5410 4117
f 5713 5712 5672
f 4918 4961 4916
f 4148 3995 3771
f 5106 5105 5113
f 4147 9022 5709
f 5152 5172 5177
f 9026 4135 4111
f 5104 5195 5103
f 3531 3528 3485
f 3713 3716 3715
f 3699 3715 3815
f 4467 3345 4459
f 4703 4899 4736
f 5405 3399 3846
f 3555 3552 3963
f 4120 4116 5411
f 4217 4219 4185
f 3279 5438 5441
f 4944 4945 4959
f 4353 4337 4344
f 3815 3715 3716
f 3374 3371 4052
f 4491 4492 4516
f 5865 5824 5833
f 5819 5814 5856
f 5807 5851 5856
f 3933 3256 3281
f 3208 3205 3920
f 8907 8906 8902
f 5288 5308 5295
f 3728 3725 3747
f 3309 4084 4083
f 5119 5116 5101
f 3811 3785 3789
f 3595 3863 3992
f 4106 4102 4100
f 5696 5575 5576
f 3708 3755 3750
f 3744 3760 4165
f 5905 5891 5892
f 3403 4036 4175
f 4133 3997 3506
f 4147 4145 3544
f 3561 3562 3325
f 3237 3240 3239
f 4877 4878 4793
f 3241 3244 3243
f 3597 3624 3625
f 3279 3282 3281
f 3371 3374 3373
f 3599 3566 3567
f 3975 3976 4032
f 3277 3249 3250
f 3774 3564 3565
f 3658 3673 3780
f 4961 4962 4963
f 3600 3615 3616
f 4228 4229 4202
f 4011 4008 4318
f 4307 4304 4262
f 4838 4800 4841
f 4782 4783 4773
f 4914 4956 4946
f 4839 4609 4765
f 4771 4896 4645
f 4962 4965 4964
f 4966 4959 4963
f 3601 3612 3615
f 5878 5875 5879
f 5890 5880 5881
f 3720 3786 4158
f 4755 4756 4689
f 3740 3717 3718
f 5695 5685 5686
f 5740 5743 5742
f 5733 5735 5736
f 5755 5756 5750
f 5745 5763 5762
f 5798 5801 5800
f 4706 4880 4879
f 5651 5652 5619
f 5850 5794 5797
f 5804 5807 5806
f 4087 5708 5707
f 5915 5913 5914
f 5703 3860 4167
f 5893 5894 5896
f 5892 5893 5919
f 5706 5671 5664
f 5786 5789 5788
f 3973 4131 3841
f 4831 4832 4915
f 5906 5892 8858
f 4965 4967 4969
f 4684 4685 4846
f 3589 3609 3611
f 3596 3625 4150
f 5877 5880 5763
f 4121 4124 4123
f 3469 3465 3868
f 3204 3205 3208
f 3716 3713 3726
f 5460 9027 5426
f 3465 3469 3470
f 5738 5735 3764
f 4887 4654 4655
f 4203 4206 4205
f 3959 5705 4082
f 5758 5757 5886
f 5781 5869 5872
f 4675 4762 4723
f 3757 4164 5751
f 3334 3271 3272
f 8880 5926 5903
f 5615 5676 3473
f 5759 5761 5760
f 8845 8846 8848
f 5778 5781 5780
f 8857 8856 8849
f 4132 3797 3798
f 5839 5838 5841
f 560 1899 3187
f 5747 5874 4007
f 5928 5930 8840
f 5766 5769 5768
f 4848 4957 4956
f 4953 4968 4967
f 4832 4897 4910
f 5879 5764 5888
f 3598 3567 3530
f 5747 5729 5730
f 5754 5764 5748
f 5810 5813 5812
f 5758 5755 5749
f 4315 4388 4387
f 5917 5915 5916
f 5913 5909 5910
f 5930 8731 8841
f 4951 4955 4968
f 3209 3210 3201
f 4059 5424 3246
f 8731 5934 8842
f 3776 3582 3585
f 5770 5773 5772
f 5891 5894 5893
f 9028 5638 5641
f 5814 5817 5816
f 5662 5675 5673
f 3522 3525 3524
f 5630 5631 5942
f 5791 5792 5795
f 5746 3753 3754
f 5928 5929 5931
f 5743 5760 5739
f 5876 5874 5875
f 3678 8937 9021
f 4200 4208 4207
f 4114 3546 3916
f 3601 3602 3605
f 3818 3724 3712
f 3315 3318 3317
f 5899 5900 5902
f 8840 8841 5883
f 5562 4458 5559
f 4416 3568 3448
f 3189 3192 3191
f 4751 4890 4747
f 4181 4182 4180
f 3832 3942 5454
f 3362 3527 3526
f 5678 4405 5699
f 3497 3500 3499
f 448 1980 807
f 647 648 122
f 5690 3472 5677
f 4183 4186 4185
f 1833 1848 1780
f 5920 5895 5897
f 510 509 508
f 4401 3967 5944
f 5656 5397 5530
f 3970 3971 5940
f 5653 5658 5939
f 5450 5653 5946
f 3384 5633 5945
f 4403 4404 4299
f 5944 3967 3968
f 3963 5427 5951
f 5614 3473 3474
f 5427 3838 3857
f 3210 1949 1887
f 1887 15 3200
f 15 16 3197
f 16 3188 3195
f 3195 3188 3187
f 3194 3187 1899
f 3207 1899 375
f 387 173 126
f 3189 1791 1760
f 9029 763 757
f 763 9029 2172
f 9035 9034 9032
f 9033 9032 9031
f 9046 9049 9048
f 8751 9053 9054
f 9078 9076 9077
f 9083 9087 9051
f 9088 9089 9047
f 9099 9036 9040
f 9102 9034 9036
f 9105 9031 9032
f 9105 2176 9106
f 1801 1864 9108
f 9103 9032 9034
f 9096 9090 9047
f 1767 1768 9111
f 1597 9115 9113
f 1708 1707 9117
f 9123 9120 9119
f 9118 9119 9125
f 1588 1708 9116
f 2080 9123 9118
f 2082 9118 9124
f 9126 9129 9087
f 9129 9130 9088
f 5512 3492 5943
f 5634 3383 5488
f 5724 5512 5947
f 9134 9099 9097
f 9144 9103 9102
f 9133 9097 9096
f 786 9146 9144
f 9146 9105 9103
f 785 9144 9138
f 497 9138 9134
f 650 9134 9133
f 9148 564 9133
f 8756 9058 9057
f 9154 9151 9130
f 9151 9150 9131
f 9097 9040 9090
f 1799 9109 9111
f 5949 3968 3964
f 9160 9156 8809
f 8813 9162 9160
f 9166 463 564
f 9067 9058 9054
f 9162 9166 9148
f 9087 9088 9048
f 9081 9078 9079
f 9049 9052 9051
f 9082 9168 9167
f 9079 9077 9049
f 9169 9168 9175
f 9167 9115 9112
f 9168 9169 9177
f 9120 9117 9113
f 9120 9177 9169
f 9119 9169 9170
f 9179 9180 9125
f 9180 1576 9124
f 9178 9179 9170
f 1576 2101 2084
f 9179 9178 9183
f 3203 376 1387
f 3190 1387 1791
f 5618 2152 1949
f 317 240 259
f 2000 2176 9105
f 9053 9051 9052
f 9041 9040 9036
f 9029 758 756
f 9037 9036 9034
f 9130 9131 9089
f 3204 375 376
f 1801 9107 9109
f 9181 9187 9180
f 1575 9187 9190
f 9187 1575 1576
f 1776 1795 1796
f 1293 1294 1290
f 1326 14 1327
f 1294 1245 1234
f 878 1244 1330
f 5633 3401 5490
f 5933 3359 3360
f 5613 5634 5948
f 5604 5605 3844
f 3972 3494 5950
f 3494 3495 4322
f 4406 5676 5615
f 3492 3489 4292
f 5631 5503 5495
f 497 373 374
f 122 648 413
f 5624 5489 3398
f 9151 9154 9156
f 9058 8756 8752
f 9160 9162 9150
f 8815 9166 9162
f 9156 9126 8794
f 439 398 399
f 1512 1528 1526
f 1668 1741 1738
f 839 849 1362
f 1362 1357 826
f 3425 3417 3418
f 4905 5207 5243
f 4621 4622 4662
f 5582 5579 5574
f 4754 4757 4756
f 3902 3899 4021
f 9295 740 1896
f 2053 2054 2118
f 9340 9339 2120
f 696 697 9268
f 4922 4938 4939
f 4365 4366 4186
f 5105 5106 4862
f 5228 5227 5226
f 4781 4782 4877
f 5218 5227 5238
f 4990 4993 4992
f 4335 4337 4336
f 4993 4990 4972
f 4794 4793 4792
f 5886 5884 8852
f 5405 3892 5417
f 4669 4752 4764
f 4676 4697 4698
f 1826 1878 639
f 9192 9191 9181
f 5232 5228 5233
f 5418 4121 4122
f 956 885 886
f 5720 3844 3512
f 4728 4731 4730
f 8879 8866 8863
f 1980 806 1922
f 4969 4970 4966
f 33 34 105
f 9028 3253 3254
f 3837 3558 3839
f 4382 4300 4301
f 3908 3905 4122
f 4290 4295 4294
f 4400 3834 4055
f 3219 3222 3221
f 8894 8895 8877
f 4640 4736 4735
f 4389 4366 4216
f 3267 4479 4493
f 3268 3265 4463
f 5097 5111 5098
f 5094 5097 5096
f 5654 5655 5937
f 4089 5704 3960
f 5159 5163 5162
f 5202 5244 5249
f 5412 5415 5414
f 5715 3515 3516
f 5723 4426 4423
f 4263 4264 4323
f 3994 3529 3564
f 1343 1344 9308
f 3470 3514 5667
f 5659 5661 5671
f 3319 3828 4053
f 9359 2127 2128
f 1766 1581 1582
f 14 1326 2163
f 595 98 99
f 5703 3771 3772
f 5206 5224 5229
f 3437 3446 3458
f 5516 4084 3487
f 5122 5086 5087
f 3223 3297 3934
f 3979 9023 5402
f 3828 3319 3320
f 5663 3441 4081
f 4035 4489 4490
f 4426 5723 5724
f 3881 4452 4447
f 5407 5408 4118
f 5691 5688 5689
f 5661 5673 5672
f 5911 5918 8901
f 3902 4022 3871
f 5541 5538 5539
f 4069 4454 5561
f 3248 4394 3292
f 1346 1035 1044
f 748 1888 1425
f 3297 3228 3255
f 5445 4400 4056
f 5783 5784 5830
f 4310 4028 4376
f 5857 5854 5800
f 3882 5467 4452
f 3193 3208 3919
f 3190 3191 3206
f 4266 4269 4268
f 4488 3419 3420
f 3331 3939 3940
f 4282 4285 4284
f 4606 4608 4607
f 4628 4629 4708
f 4659 4732 4733
f 4615 4750 4829
f 4718 4714 4713
f 5722 4424 4421
f 3307 3462 3461
f 4686 4688 4634
f 3966 3548 3550
f 4738 4739 4875
f 3416 4429 3237
f 4527 4528 4208
f 5093 5121 5114
f 5124 5099 5086
f 5117 5118 5138
f 4631 4641 4640
f 5166 5163 5168
f 5185 5188 5187
f 5194 5190 5191
f 3245 4117 4118
f 5214 5215 5203
f 3230 3317 3318
f 5237 5234 5217
f 5250 5259 5258
f 5113 5112 5084
f 5270 5267 5269
f 4906 5125 5107
f 5271 5266 5267
f 5276 5277 5262
f 5153 5151 5174
f 5290 5270 5268
f 5306 5299 5303
f 5147 5148 5146
f 4585 4849 4856
f 3226 5435 5436
f 4473 4503 4504
f 5765 5756 8897
f 4529 4246 4247
f 8923 8924 8916
f 5713 5681 5682
f 3315 3897 3898
f 5564 5536 5537
f 4468 4440 4441
f 3738 3739 4163
f 4577 4859 4559
f 5567 3527 3366
f 3587 3584 4150
f 5471 5468 4504
f 5860 5769 5816
f 3516 3513 5558
f 5436 3985 5637
f 5050 5053 5083
f 5547 5565 3338
f 9023 3979 3295
f 5708 4087 4132
f 4104 3816 3814
f 3718 3719 4161
f 5498 5491 5679
f 3884 4431 4432
f 3955 4512 3877
f 4049 4062 4061
f 8892 8872 8875
f 4572 4217 4218
f 4440 4443 4442
f 4497 4511 3407
f 8906 8882 8881
f 5664 5712 5670
f 3751 4105 3706
f 3511 3735 3736
f 5129 5130 5116
f 5086 5099 5098
f 5135 5127 5128
f 5143 5146 5145
f 5168 5158 5136
f 5297 5241 5246
f 5164 5161 5160
f 5155 5161 5171
f 5137 5179 5167
f 5293 5308 5307
f 5513 3570 4083
f 4053 3828 3825
f 3228 3297 3298
f 3631 3632 3635
f 5689 5669 5670
f 5759 5762 5883
f 3793 4133 3507
f 4906 4908 4891
f 4719 4858 4901
f 3597 3598 4095
f 3352 4126 4125
f 9064 9057 9058
f 9076 9064 9067
f 9083 8766 8794
f 9131 9132 9096
f 9138 9102 9099
f 9154 9129 9126
f 9077 9067 9052
f 9053 8751 8766
f 9191 9190 9187
f 9082 9079 9046
f 9193 9175 9168
f 1284 1290 1288
f 9150 9148 9132
f 3841 3842 3496
f 3570 3569 3336
f 4027 4311 4312
f 4889 4876 4781
f 4041 4045 4044
f 4885 4884 4813
f 5419 4122 3905
f 4367 4368 4227
f 1778 1781 1780
f 1792 1759 1584
f 4308 4017 3869
f 4594 4723 4762
f 4767 4770 4769
f 5461 3365 3366
f 4763 4704 4716
f 4919 4918 4915
f 4300 4382 4334
f 5196 5199 5198
f 5158 5148 5135
f 5431 5434 5433
f 4545 4567 4571
f 4557 4558 4594
f 695 570 571
f 4156 4155 3626
f 4861 4673 4670
f 5681 5675 5674
f 5473 5475 5580
f 3622 3656 4152
f 5647 3573 3574
f 3674 3663 3808
f 4420 4145 3498
f 5675 5662 5666
f 3253 9028 5439
f 5870 5866 5917
f 8887 8920 8919
f 5862 5856 5913
f 3534 3593 3485
f 3313 4486 4484
f 9090 9193 9046
f 4871 4759 4695
f 3778 3777 3822
f 4889 4748 4874
f 4000 3783 3784
f 4897 4898 4911
f 3856 3857 3838
f 4772 4830 4896
f 4015 4016 4376
f 3433 3461 3476
f 4053 4054 3302
f 3367 5567 3363
f 3242 3829 3831
f 3441 3442 4082
f 4735 4736 4855
f 4756 4757 4737
f 3382 3385 3384
f 3698 3699 3697
f 4676 4679 4678
f 4948 4943 4941
f 4890 5394 4805
f 4757 4744 4745
f 4581 4221 4380
f 5716 3516 5932
f 4923 4920 4926
f 5077 5079 5081
f 5078 5082 5058
f 4009 5401 5400
f 5081 5082 5078
f 3930 3931 4513
f 4014 4376 4028
f 4025 4026 4020
f 3618 4093 4096
f 4581 4575 4576
f 4219 4217 4188
f 5440 5442 3335
f 5449 3982 3323
f 4229 4181 4177
f 4590 4213 4214
f 4227 4183 4184
f 4574 4901 4858
f 4565 4566 5453
f 4592 4555 4588
f 4590 4587 4573
f 3517 3518 5521
f 3845 5428 3522
f 4444 3340 3884
f 3982 5449 5533
f 4465 4466 4497
f 4520 4522 4521
f 4076 4073 5591
f 3635 3667 3666
f 3343 3344 4498
f 4022 4019 3870
f 3661 3607 4098
f 5691 5690 5697
f 3768 3766 5742
f 4514 3955 3956
f 3697 3815 3814
f 4394 3248 5460
f 4054 4053 4057
f 3284 3318 3323
f 4052 3926 4169
f 4447 4506 4510
f 4456 4460 3346
f 4483 3876 3877
f 4482 3877 4512
f 4492 4512 4513
f 5642 5438 5439
f 5448 5447 5442
f 5466 4441 3882
f 3340 4444 4445
f 8908 8909 8910
f 4397 4169 3835
f 5413 3520 3521
f 3234 3931 3932
f 5753 5765 8895
f 8896 8897 5756
f 8921 8922 8889
f 8915 8912 8911
f 3933 3936 3935
f 3620 3804 3657
f 3966 3969 3968
f 4905 4789 4769
f 3225 5436 5437
f 5433 3896 3984
f 5714 5686 5693
f 5435 3984 3985
f 3954 3956 3955
f 4713 4712 4632
f 4879 4635 4632
f 3983 3984 3896
f 9027 5460 3248
f 5871 5870 5912
f 5849 5846 5891
f 4702 4703 4640
f 4213 4590 4579
f 3644 3645 3688
f 9193 9090 9040
f 8920 8930 8935
f 5406 3846 4130
f 4140 5400 5401
f 5659 3903 3904
f 4772 4773 4783
f 4244 4247 4246
f 4061 5399 4037
f 3669 3804 3803
f 3459 3460 3209
f 4072 5483 5484
f 4835 4833 4834
f 5660 5662 5661
f 4262 4265 4264
f 3633 3630 3627
f 3685 3643 3676
f 4517 4515 3235
f 4145 4420 4085
f 5455 4438 5459
f 5638 5635 5640
f 3228 3225 3254
f 4044 4174 3411
f 3614 3615 3612
f 3273 3276 3275
f 4952 4962 4961
f 4959 4958 4960
f 4888 4655 4761
f 4254 4257 4256
f 4199 4202 4201
f 4499 4464 4465
f 5479 4495 4496
f 5952 5953 5954
f 5956 5957 5958
f 5959 5958 5960
f 5962 5963 5964
f 5966 5967 5968
f 5967 5970 5971
f 5963 5962 5961
f 5972 5965 5964
f 5974 5975 5976
f 5978 5979 5980
f 5982 5983 5984
f 5986 5987 5985
f 5988 5989 5990
f 5992 5993 5994
f 5996 5997 5998
f 6000 6001 6002
f 6004 6005 6006
f 6008 6009 6010
f 6012 6013 6014
f 6016 6017 6018
f 6020 6021 6022
f 6024 6025 6026
f 6028 6029 6030
f 6032 6033 6034
f 6036 6037 6038
f 6040 6041 6013
f 6042 6043 6044
f 5992 6046 6047
f 6048 6049 6050
f 6052 6053 6054
f 6056 6057 6058
f 6060 6061 5987
f 6062 6063 6064
f 6066 6067 6068
f 6070 6071 6027
f 6072 6073 6057
f 6075 6076 6077
f 6078 6079 6080
f 6082 6083 6054
f 6085 6078 6081
f 6087 6061 5990
f 6061 6087 6089
f 6089 6090 6091
f 6092 6091 6093
f 6095 5978 5981
f 6062 6082 6084
f 6097 6098 6035
f 6056 6049 6099
f 6100 6101 6102
f 6001 6000 6104
f 6107 6108 6109
f 6110 6111 6112
f 6114 6026 6025
f 6116 6117 6118
f 6120 6121 6122
f 6124 6125 6126
f 6128 6129 6101
f 6039 6130 6131
f 6132 6133 6134
f 6136 6137 6138
f 6139 6140 6141
f 6143 6144 6145
f 6148 6149 6150
f 6152 6153 6154
f 6155 6156 6157
f 6159 6160 6161
f 6163 6164 6165
f 6167 6168 6169
f 6171 6172 6173
f 6175 6176 6104
f 6178 6179 6180
f 6023 6182 6183
f 6184 6185 6186
f 6117 6116 6188
f 6190 6191 6192
f 6194 6070 6026
f 6195 6196 6191
f 6197 6198 6199
f 6201 6202 6203
f 6205 6206 6207
f 6209 6210 6201
f 6197 6200 6211
f 6212 6211 6213
f 5979 6215 6214
f 6203 6216 6217
f 6206 6199 6198
f 6218 5961 5962
f 5965 6220 6219
f 5972 3355 3354
f 6070 6194 6222
f 6224 6225 6226
f 6228 6229 6230
f 6232 6233 6234
f 6196 6195 6236
f 6071 6070 6223
f 6239 6240 6241
f 6243 6244 6245
f 6247 6073 6248
f 6250 6251 6252
f 6254 6255 6256
f 6258 6259 6260
f 6229 6262 6263
f 6264 6265 6242
f 6266 6267 6268
f 6270 6271 6272
f 6274 6275 6276
f 6195 6278 6279
f 6280 6278 6281
f 6283 6284 6285
f 6123 6122 6287
f 6289 6290 6291
f 6293 6294 6243
f 6240 6296 6297
f 6298 6299 6267
f 6300 6301 6302
f 6304 6305 6306
f 6251 6250 6308
f 6247 6310 6311
f 6313 6314 6315
f 6314 6313 6317
f 6319 6086 6320
f 6322 6087 6088
f 6216 6324 6258
f 6325 6326 6327
f 6217 6258 6261
f 6330 6071 6238
f 6071 6330 6048
f 6015 6332 6333
f 6079 6334 6335
f 6336 6294 6240
f 6294 6293 6296
f 6337 6338 6339
f 6341 6342 6343
f 6345 6346 6347
f 6266 6264 6349
f 6350 6351 6352
f 6295 6243 6246
f 6303 6355 6356
f 6357 6358 6359
f 6361 6362 6363
f 6365 6350 6353
f 6367 6368 6369
f 6371 6367 6370
f 6372 6373 6374
f 6375 6374 6373
f 6376 6377 6378
f 6379 6380 6381
f 6383 6384 6385
f 6387 6388 6389
f 6391 6392 6393
f 6395 6396 6397
f 6398 6399 6400
f 6399 6401 6402
f 6403 6402 6401
f 6405 6406 6407
f 6409 6410 6411
f 6367 6371 6413
f 6374 6375 6415
f 6417 6418 6384
f 6419 6420 6348
f 6421 6422 6423
f 6425 6426 6400
f 6426 6427 6395
f 6393 6396 6428
f 6429 6430 6394
f 6390 6389 6431
f 6433 6434 6408
f 6435 6436 6437
f 6439 6440 6411
f 6392 6391 6441
f 6397 6392 6442
f 6401 6399 6444
f 6446 6447 6437
f 6448 6449 6450
f 6452 6453 6454
f 6442 6441 6456
f 6443 6442 6457
f 6444 6459 6460
f 6445 6444 6461
f 6463 6464 6462
f 6446 6445 6462
f 6466 6467 6468
f 6448 6451 6470
f 6453 6452 6472
f 6474 6475 6476
f 6478 6479 6480
f 6482 6483 6484
f 6486 6487 6488
f 6490 6491 6492
f 6493 6492 6494
f 6496 6497 6498
f 6500 6501 6502
f 6504 6505 6506
f 6508 6468 6509
f 6511 6512 6513
f 6499 6514 6515
f 6516 6517 6518
f 6520 6521 6522
f 6524 6507 6525
f 6507 6524 6527
f 6504 6527 6528
f 6528 6511 6508
f 6529 6530 6531
f 6342 6533 6534
f 6535 6347 6346
f 6347 6535 6537
f 6434 6538 6539
f 6539 6540 6405
f 6541 6542 6451
f 6543 6544 6470
f 6546 6478 6481
f 6499 6498 6548
f 6549 6550 6514
f 6551 6552 6553
f 6555 6556 6557
f 6403 6436 6423
f 6426 6425 6413
f 6415 6560 6428
f 6430 6429 6561
f 6434 6433 6420
f 6563 6564 6565
f 6404 6401 6445
f 6459 6444 6399
f 6455 6454 6388
f 6405 6450 6449
f 6540 6541 6450
f 6567 6495 6568
f 6570 6464 6463
f 6475 6474 6490
f 6458 6457 6571
f 6573 6571 6574
f 6576 6577 6578
f 6193 6192 6580
f 6582 6583 6584
f 6583 6582 6586
f 6588 6589 6587
f 6590 6069 6068
f 6592 6593 6594
f 6251 6310 6595
f 6304 6596 6597
f 6272 3735 6599
f 3737 3736 6558
f 6600 6161 6160
f 6123 6602 6603
f 6604 6605 6606
f 6608 6205 6208
f 5972 6221 6220
f 6610 6611 6612
f 6613 6614 6615
f 6242 6617 6618
f 6226 6619 6245
f 6620 6621 6622
f 6624 6143 6146
f 6626 6213 6211
f 6627 6628 6629
f 6631 6632 6633
f 6235 6635 6636
f 6637 6638 6639
f 6641 6625 6286
f 6643 6644 6645
f 6647 6648 6649
f 6244 6243 6294
f 6336 6651 6652
f 6194 6196 6237
f 6196 6194 6114
f 6115 6192 6191
f 6653 6654 6655
f 6657 6117 6189
f 6117 6657 6659
f 6130 6157 6156
f 6133 6152 6151
f 6661 6111 6662
f 6663 6613 6616
f 6664 6270 6273
f 6418 6417 6432
f 6290 6325 6328
f 6666 6557 6556
f 6557 6666 3805
f 5971 6667 6668
f 6181 6669 6670
f 6671 6672 6673
f 6676 6673 6672
f 6675 6150 6149
f 6067 6066 5999
f 6677 6678 6679
f 6681 6682 6683
f 6087 6322 6090
f 5983 5982 6685
f 5982 6094 6687
f 6094 6093 6688
f 6211 6200 6137
f 6689 6690 6691
f 6690 6689 3833
f 6001 5983 6686
f 5978 6693 6215
f 6694 6693 5978
f 5974 6694 6095
f 6183 6182 6696
f 6698 5959 5961
f 5959 6698 6699
f 6697 6696 6700
f 6702 6629 6703
f 5968 6668 6705
f 6706 5977 5955
f 6707 6618 6617
f 6024 6051 6709
f 6402 6403 6559
f 3852 6711 6712
f 3856 6594 6593
f 5977 6706 6694
f 6713 5955 5977
f 6714 6715 6716
f 6718 6719 6308
f 6720 6255 6254
f 6722 6723 6724
f 6312 6311 6726
f 6069 6590 6728
f 6319 6594 6730
f 6731 6645 6644
f 6732 6733 6734
f 6046 6053 6320
f 3880 3805 6666
f 6736 6737 6738
f 6531 6740 6741
f 6300 6356 6614
f 6742 6532 6325
f 6743 6742 3891
f 6744 6302 6301
f 6746 6747 6534
f 6536 6576 6579
f 6535 6579 6563
f 6566 6538 6537
f 6538 6566 6409
f 6412 6540 6539
f 6412 6748 6541
f 6748 6749 6542
f 6749 6569 6545
f 6568 6750 6547
f 6751 6752 6548
f 6753 6754 6550
f 6755 6756 6757
f 6759 6760 6761
f 6763 6764 6765
f 6764 6620 6623
f 6766 6767 6768
f 6770 6771 6772
f 6774 6775 6776
f 6021 6774 6777
f 6723 6778 6779
f 6780 6781 6782
f 6784 6785 6786
f 6788 6789 6790
f 6185 6792 6793
f 6794 6722 6725
f 6729 6796 6098
f 6135 6797 6798
f 6799 6062 6065
f 6037 6801 6802
f 6005 6004 6588
f 6005 6803 6804
f 6052 6055 6010
f 6586 6582 6803
f 6092 5985 5987
f 6094 5982 5985
f 6096 6806 6695
f 6082 6062 6799
f 6657 6013 6041
f 6013 6657 6658
f 6795 6725 6807
f 6809 6810 6811
f 6813 6814 6815
f 6817 6818 6819
f 6821 6822 6823
f 6329 6209 6204
f 6202 6825 6826
f 6072 6099 6827
f 6598 6829 6305
f 6301 6300 6613
f 6830 6831 6271
f 6822 6779 6778
f 6326 6741 6832
f 6203 6826 6833
f 6027 6048 6051
f 6360 6834 6835
f 6836 6837 6838
f 6837 6840 6841
f 6362 6365 6366
f 6380 6385 6384
f 6421 6564 6578
f 6566 6565 6410
f 6394 6389 6388
f 6414 6422 6368
f 6371 6374 6416
f 6561 6560 6378
f 6382 6381 6562
f 6381 6384 6418
f 6389 6394 6430
f 6391 6388 6454
f 6441 6454 6453
f 6456 6453 6473
f 6495 6494 6750
f 6843 6575 6485
f 6844 6845 6843
f 6573 6845 6847
f 6849 6491 6487
f 6513 6753 6752
f 6517 6521 6850
f 6521 6520 6851
f 6844 6851 6852
f 6505 6504 6510
f 6753 6513 6512
f 6516 6522 6521
f 6614 6740 6854
f 6742 6262 4003
f 6708 6617 6855
f 6307 6306 6857
f 6307 6664 6665
f 6414 6413 6425
f 6416 6415 6427
f 6562 6418 6431
f 6419 6537 6538
f 6358 6836 6839
f 6059 6058 6859
f 6861 6862 6863
f 6865 6866 6867
f 6115 6025 6869
f 6871 6872 6873
f 6721 6254 6596
f 6876 6610 6556
f 6877 6663 6552
f 6551 6878 6268
f 6879 6855 6265
f 6239 6618 6651
f 6230 6263 6619
f 6171 6670 6669
f 6106 6109 6882
f 6883 6884 6822
f 6759 6184 6187
f 6725 6724 6785
f 6885 6795 6808
f 6886 6887 6888
f 6701 6700 6756
f 6884 6786 6779
f 6715 6714 6309
f 6889 6259 6890
f 6743 3890 4042
f 6270 6664 6893
f 6386 6894 6895
f 6895 6348 6420
f 6897 6432 6417
f 6897 6433 6407
f 6390 6898 6899
f 6900 6899 6406
f 6455 6900 6901
f 6902 6903 6904
f 6482 6903 6905
f 6501 6906 6907
f 6496 6515 6908
f 6532 6531 6326
f 6532 6742 6743
f 6612 6910 6735
f 6611 6911 6910
f 6626 5980 5979
f 6704 6912 6105
f 6913 6590 6591
f 6915 6794 6795
f 6229 6228 4067
f 6263 6290 6289
f 6745 6301 6663
f 6916 6771 6757
f 6885 6918 6165
f 6920 6780 6783
f 6921 6922 6923
f 6925 6921 6924
f 6927 6928 6929
f 6931 6932 6933
f 6935 6936 6937
f 6939 6940 6941
f 6943 6944 6945
f 6947 6948 6949
f 6944 6943 6951
f 6953 6954 6955
f 6957 6958 6959
f 6961 6962 6929
f 6964 6965 6966
f 6968 6969 6970
f 6969 6948 6955
f 6972 6943 6946
f 6974 6975 6976
f 6978 6979 6980
f 6940 6939 6982
f 6984 6985 6986
f 6988 6989 6990
f 6992 6990 6989
f 6994 6995 6996
f 6998 6999 7000
f 7002 7003 7004
f 7006 7007 7008
f 7010 7011 7012
f 7014 7015 7016
f 7018 7019 6999
f 7020 7021 7022
f 7024 7025 7026
f 7028 7029 7030
f 7032 7033 7034
f 7003 7002 7036
f 7038 7039 7040
f 6993 6989 7030
f 7042 7043 7044
f 7046 7047 7007
f 7011 7010 7048
f 7050 7051 7052
f 7054 7015 7014
f 7015 7054 7056
f 6621 6620 7045
f 7049 7048 6775
f 7051 7050 6021
f 7055 6697 6701
f 7054 6701 6755
f 6764 6763 7047
f 7020 7058 7059
f 7060 7061 7062
f 6958 7064 7065
f 6925 7066 7067
f 7068 6931 6934
f 7069 6988 6991
f 7071 6995 7072
f 7074 7075 7076
f 7078 7079 7080
f 7014 7017 7082
f 7084 7085 7086
f 7025 7028 7031
f 7085 7084 7072
f 7089 7084 7087
f 7055 7014 7083
f 7090 7087 6770
f 7092 7093 7094
f 7091 6183 6697
f 6770 7087 7086
f 7095 7094 6767
f 7096 7061 6980
f 7098 6941 6940
f 7058 7020 7023
f 7101 6927 6930
f 6974 7060 7063
f 7103 6968 6971
f 7105 6978 6981
f 7106 7107 7036
f 7109 7048 7010
f 7111 7019 7018
f 7098 7003 7037
f 7048 7109 7112
f 7113 6993 7041
f 6994 7114 7115
f 6965 7116 6923
f 6975 6922 6945
f 7061 7096 7065
f 6954 6953 6933
f 6763 7112 7109
f 7046 7045 6620
f 6947 7117 7067
f 6758 7086 7056
f 7118 7119 7039
f 7038 7069 7070
f 7106 7120 7121
f 7123 7124 7053
f 7123 7052 7083
f 7045 7046 7006
f 7107 7106 7122
f 7091 7083 7052
f 7091 7051 6020
f 6936 7096 7097
f 7125 6957 6960
f 6774 6021 7050
f 7119 6939 6942
f 7019 7002 7005
f 7011 7053 7124
f 7021 7126 7040
f 7114 7029 7016
f 7053 7011 7049
f 7086 7085 7057
f 6993 7113 7127
f 7075 7127 7113
f 4281 4280 6603
f 6012 6333 7129
f 7130 6083 6584
f 6797 7132 7133
f 6074 7134 7135
f 6789 6760 6173
f 6760 6789 6776
f 7136 6802 6801
f 6914 6671 6674
f 7007 7110 7059
f 7099 7004 7003
f 6984 7103 7104
f 7110 7007 7047
f 6333 6583 6587
f 5956 6699 6667
f 5957 5956 5971
f 7137 6715 6308
f 4292 4293 6718
f 6693 6705 6668
f 6215 6668 6667
f 6214 6667 6699
f 6698 6197 6212
f 6219 6207 6198
f 6207 6219 6220
f 6220 6221 6609
f 6262 6229 4066
f 7138 7139 7140
f 4298 7142 7140
f 7143 7144 7145
f 7147 7148 7144
f 7149 7150 7151
f 7150 7152 7153
f 6329 6261 7154
f 6261 6260 7155
f 7156 6829 7157
f 6598 6597 7159
f 6257 6256 7161
f 6256 4322 4321
f 6693 6694 6706
f 5954 5969 6705
f 5953 5966 5969
f 7163 5984 5983
f 7164 7165 6138
f 7167 7168 7169
f 6141 7171 7172
f 7166 7171 7173
f 6141 6140 7174
f 7176 7177 7178
f 7180 7181 7182
f 7184 7185 7186
f 6631 7180 7183
f 6218 6198 6197
f 6625 6641 7189
f 6814 6813 7190
f 6882 7192 7193
f 7195 7196 6109
f 6888 7197 7198
f 7200 7201 7202
f 7176 6627 6630
f 6029 7184 7187
f 7205 7206 7207
f 7209 7210 7211
f 7203 7202 7213
f 6886 7215 6778
f 6031 6030 7215
f 7216 7217 7218
f 7220 7221 6880
f 6076 6075 7220
f 6074 6077 6672
f 6147 6150 6662
f 7223 6662 6111
f 6810 6809 6113
f 6920 7134 6914
f 6077 6660 6675
f 6660 6077 6076
f 7222 7220 6669
f 7224 7222 6181
f 6660 6662 6150
f 7225 7226 6794
f 6783 6782 7225
f 6781 6780 6068
f 7217 7227 7228
f 6031 6888 7199
f 6887 6886 6723
f 6164 7225 6915
f 6780 6920 6591
f 7134 6074 6671
f 7229 7230 6824
f 7187 7186 7230
f 7226 6887 6722
f 7231 7232 6169
f 7201 7231 7233
f 6107 7234 7235
f 7215 7229 6823
f 6030 7187 7229
f 7236 7216 7219
f 7237 7238 6820
f 7237 7208 7207
f 7239 7240 7241
f 6739 7243 7244
f 7245 7239 7242
f 7233 6169 6168
f 7247 7213 7202
f 7195 6108 7203
f 7248 7249 7250
f 7227 7251 7252
f 7253 6067 5998
f 6067 7253 7198
f 6781 7198 7197
f 5984 7163 6683
f 7254 7250 6678
f 6679 7249 7252
f 6887 7226 7197
f 6782 7197 7226
f 7135 6919 6163
f 7221 7220 6075
f 6661 6076 7222
f 7224 6112 6111
f 6180 6810 6112
f 6179 6811 6810
f 6811 6179 6793
f 6650 6792 6622
f 6766 6621 7044
f 7095 7044 7043
f 7092 7043 7121
f 7078 7120 7255
f 7256 7232 7257
f 6768 6772 7259
f 6773 6767 7094
f 7090 7094 7093
f 7089 7093 7080
f 7071 7079 7032
f 7077 7018 6998
f 6995 7071 7260
f 7077 7076 7261
f 7035 7034 7018
f 7108 7019 7111
f 6978 7105 7262
f 7105 7263 7264
f 7263 6944 6952
f 6990 6992 6951
f 6972 7117 7266
f 7117 6947 6950
f 6948 6969 7267
f 6969 6968 6982
f 7103 6984 6987
f 7005 7004 6986
f 6999 7005 7268
f 7269 7270 7271
f 7274 7272 7275
f 7274 7273 7276
f 7278 7279 7280
f 7282 7283 7284
f 7286 7287 7288
f 7290 7291 7292
f 7294 7295 7296
f 7068 7297 7298
f 7300 7301 7302
f 7304 6962 7305
f 7307 7285 7305
f 7309 7284 7283
f 7311 7312 7313
f 7125 7304 7306
f 7285 7307 7280
f 7277 7281 7303
f 6965 6964 7316
f 7318 7312 7316
f 7320 7321 7271
f 7312 7318 7296
f 7270 7269 7298
f 7311 7270 7322
f 6961 6932 7300
f 7323 7324 7325
f 7327 7064 7328
f 7064 6958 7325
f 7287 7330 7292
f 6931 7068 7299
f 7331 7327 7329
f 7332 7333 7334
f 7336 7337 7338
f 7340 7341 7333
f 7342 7341 7343
f 7345 7346 7347
f 7348 7349 7350
f 7352 7353 7354
f 7356 7357 7358
f 7360 7361 7362
f 7365 7366 7367
f 7368 7369 7370
f 7372 7373 7336
f 7373 7375 7337
f 7367 7366 7376
f 7378 7379 7380
f 7382 7383 7384
f 7386 7387 7385
f 7388 7389 7390
f 7392 7334 7333
f 7394 7395 7396
f 7398 7399 7400
f 7402 7403 7404
f 7406 7407 7408
f 7410 7411 7383
f 7412 7413 7414
f 7385 7416 7417
f 7389 7418 7419
f 7373 7420 7421
f 7420 7373 7372
f 7369 7423 7424
f 7399 7398 7397
f 7393 7333 7341
f 7398 7358 7357
f 7358 7398 7401
f 7428 7429 7430
f 7433 7434 7435
f 7363 7362 7436
f 7383 7438 7439
f 7411 7440 7438
f 7441 7442 7443
f 7445 7446 7339
f 7374 7336 7339
f 7444 7365 7364
f 7448 7364 7450
f 7364 7367 7451
f 7451 7367 7377
f 7449 7450 7454
f 7455 7454 7450
f 7456 7455 7451
f 7410 7457 7458
f 7460 7461 7462
f 7423 7369 7462
f 7464 7465 7466
f 7468 7469 7347
f 7376 7366 7471
f 7425 7397 7396
f 7475 7476 7477
f 7478 7479 7480
f 7482 7483 7407
f 7484 7485 7351
f 7487 7405 7488
f 7490 7491 7492
f 7412 7415 7434
f 7494 7495 7434
f 7496 7388 7391
f 7440 7411 7498
f 7401 7400 7488
f 7485 7346 7345
f 7500 7502 7427
f 7395 7394 7469
f 7503 7504 7505
f 7507 7508 7509
f 7511 7512 7513
f 7511 7514 7515
f 7517 7518 7519
f 7521 7522 7523
f 7352 7524 7525
f 7415 7414 7527
f 7528 7529 7530
f 7404 7531 7502
f 7477 7388 7496
f 7512 7478 7481
f 7405 7404 7500
f 7533 7534 7535
f 7378 7507 7510
f 7532 7496 7379
f 7539 7540 7541
f 7524 7352 7355
f 7351 7485 7501
f 7414 7524 7523
f 7522 7543 7527
f 7544 7413 7412
f 7546 7416 7547
f 7526 7549 7353
f 7550 7521 7355
f 7521 7550 7551
f 7552 7546 7548
f 7546 7552 7553
f 7522 7521 7548
f 7418 7556 7520
f 7416 7546 7554
f 7457 7557 7558
f 7557 7559 7560
f 7562 7561 7563
f 7564 7563 7349
f 7351 7350 7565
f 7567 7568 7569
f 7570 7555 7520
f 7419 7418 7555
f 7572 7564 7348
f 7389 7476 7556
f 7573 7490 7493
f 7552 7535 7534
f 7562 7574 7536
f 7572 7575 7576
f 7422 7577 7578
f 7423 7579 7580
f 7579 7423 7463
f 7578 7574 7576
f 7583 7584 7381
f 7586 7579 7581
f 7533 7580 7579
f 7447 7339 7338
f 7588 7502 7531
f 7590 7428 7431
f 7321 7320 7592
f 7275 7581 7463
f 7461 7278 7276
f 7279 7278 7461
f 7453 7454 7593
f 7594 7593 7454
f 7330 7287 7498
f 7459 7458 7294
f 7558 7560 7595
f 7560 7592 7320
f 7275 7321 7585
f 7462 7276 7273
f 7596 7583 7380
f 7597 7598 7406
f 7467 7466 7599
f 7601 7602 7603
f 7605 7365 7444
f 7365 7605 7606
f 7607 7495 7494
f 7513 7481 7473
f 7396 7395 7514
f 7514 7395 7468
f 7470 7609 7515
f 7610 7611 7609
f 7612 7556 7476
f 7613 7530 7529
f 7442 7441 7615
f 7574 7578 7577
f 7619 7400 7399
f 7518 7479 7509
f 7491 7399 7425
f 7549 7620 7621
f 7491 7490 7622
f 7377 7438 7440
f 7379 7496 7497
f 7453 7461 7460
f 7411 7410 7459
f 7623 7624 7391
f 7625 7611 7610
f 7487 7407 7483
f 7619 7622 7408
f 7627 7628 7620
f 7538 7379 7378
f 7389 7388 7477
f 7629 7545 7412
f 7489 7408 7407
f 7628 7627 7598
f 7413 7525 7524
f 7592 7560 7559
f 7584 7631 7632
f 7569 7568 7633
f 7570 7508 7566
f 7631 7567 7566
f 7508 7570 7519
f 7614 7573 7480
f 7346 7610 7470
f 7572 7574 7562
f 7571 7633 7634
f 7346 7485 7484
f 7607 7591 7431
f 7585 7592 7630
f 7624 7596 7497
f 7635 7386 7384
f 7636 7427 7502
f 7323 7309 7310
f 7420 7578 7582
f 7637 7594 7455
f 7287 7286 7499
f 7458 7558 7295
f 7439 7376 7472
f 7599 7601 7604
f 7359 7358 7427
f 7436 7638 7639
f 7490 7573 7640
f 7481 7480 7493
f 7641 7506 7505
f 7642 7643 7627
f 7492 7425 7473
f 7517 7612 7625
f 7625 7484 7486
f 7634 7623 7390
f 7474 7477 7532
f 7448 7368 7441
f 7368 7448 7449
f 7615 7441 7368
f 7638 7603 7602
f 7575 7572 7501
f 7571 7555 7570
f 7400 7619 7489
f 7508 7507 7632
f 7503 7506 7540
f 6957 7125 7315
f 7376 7439 7438
f 7507 7378 7381
f 7499 7456 7452
f 7286 7637 7456
f 7504 7642 7644
f 7645 7598 7627
f 7647 7634 7633
f 7647 7648 7623
f 7649 7624 7623
f 7650 7596 7624
f 7646 7633 7568
f 7651 7568 7567
f 7653 7652 7567
f 7651 7654 7655
f 7656 7657 7658
f 7660 7658 7657
f 7663 7657 7656
f 7664 7665 7663
f 7667 7666 7663
f 7667 7662 7668
f 7663 7665 7661
f 7670 7671 7672
f 7661 7672 7671
f 7659 7668 7662
f 7648 7647 7668
f 7648 7659 7673
f 7659 7658 7674
f 7658 7660 7675
f 7668 7647 7646
f 7660 7671 7676
f 7675 7677 7678
f 7677 7675 7676
f 7677 7680 7681
f 7682 7683 7678
f 7677 7679 7684
f 7673 7674 7678
f 7683 7650 7649
f 7685 7676 7671
f 7667 7655 7686
f 7666 7686 7687
f 7654 7688 7686
f 7689 7687 7686
f 7664 7687 7691
f 7650 7692 7583
f 7693 7653 7631
f 7584 7583 7692
f 7693 7692 7682
f 7694 7682 7681
f 7694 7696 7653
f 7650 7683 7682
f 7696 7697 7652
f 7654 7651 7652
f 7688 7654 7697
f 7699 7698 7697
f 7700 7701 7698
f 7695 7699 7696
f 7699 7695 7702
f 7689 7688 7698
f 7689 7701 7703
f 7705 7706 7707
f 7701 7700 7705
f 7704 7703 7707
f 7685 7670 7691
f 7687 7689 7704
f 7680 7702 7695
f 7684 7706 7702
f 7702 7706 7705
f 7684 7679 7707
f 7676 7685 7707
f 7665 7669 7672
f 7670 7669 7690
f 7665 7664 7690
f 7611 7475 7474
f 7510 7509 7479
f 7511 7538 7537
f 7516 7532 7538
f 7517 7530 7613
f 7537 7510 7478
f 7611 7625 7612
f 7613 7480 7479
f 7556 7612 7517
f 7516 7515 7609
f 7708 7709 7710
f 7712 7713 7714
f 7713 7716 7717
f 7719 7720 7721
f 7722 7723 7597
f 7724 7712 7715
f 7726 7727 7728
f 7731 7640 7573
f 7730 7573 7614
f 7733 7734 7735
f 7721 7712 7724
f 7731 7722 7409
f 7708 7726 7729
f 7737 7724 7709
f 7716 7741 7736
f 7742 7743 7744
f 7740 7736 7735
f 7717 7716 7740
f 7716 7713 7720
f 7748 7749 7711
f 7750 7748 7710
f 7720 7719 7751
f 7734 7723 7728
f 7709 7724 7725
f 7752 7753 7715
f 7739 7709 7708
f 7720 7713 7712
f 7749 7754 7755
f 7745 7744 7756
f 7746 7727 7742
f 7743 7742 7755
f 7727 7746 7735
f 7747 7756 7757
f 7753 7750 7725
f 7751 7621 7620
f 7757 7752 7714
f 7718 7721 7737
f 7747 7740 7746
f 7727 7726 7755
f 7726 7708 7711
f 7759 7757 7756
f 7759 7760 7752
f 7760 7761 7753
f 7761 7762 7750
f 7758 7756 7744
f 7763 7744 7743
f 7754 7765 7764
f 7763 7766 7767
f 7768 7769 7770
f 7772 7768 7771
f 7775 7768 7772
f 7776 7777 7775
f 7779 7778 7775
f 7775 7777 7769
f 7770 7769 7781
f 7782 7774 7772
f 7760 7759 7782
f 7760 7773 7783
f 7773 7771 7784
f 7770 7785 7784
f 7779 7774 7782
f 7782 7759 7758
f 7785 7770 7780
f 7785 7787 7788
f 7787 7785 7786
f 7787 7790 7791
f 7792 7793 7788
f 7787 7789 7794
f 7793 7783 7784
f 7762 7761 7783
f 7796 7786 7780
f 7795 7780 7781
f 7779 7767 7798
f 7799 7776 7778
f 7766 7800 7798
f 7800 7801 7799
f 7802 7776 7799
f 7795 7797 7802
f 7762 7804 7748
f 7805 7765 7754
f 7749 7748 7804
f 7805 7804 7792
f 7806 7792 7791
f 7806 7808 7765
f 7793 7792 7804
f 7808 7809 7764
f 7766 7763 7764
f 7766 7809 7810
f 7811 7810 7809
f 7812 7813 7810
f 7807 7811 7808
f 7811 7807 7814
f 7813 7801 7800
f 7801 7813 7815
f 7817 7818 7819
f 7813 7812 7817
f 7816 7815 7819
f 7796 7795 7803
f 7799 7801 7816
f 7790 7814 7807
f 7794 7818 7814
f 7814 7818 7817
f 7794 7789 7819
f 7786 7796 7819
f 7777 7797 7781
f 7777 7776 7802
f 7528 7719 7718
f 7729 7728 7723
f 7738 7731 7730
f 7732 7737 7739
f 7733 7620 7628
f 7722 7731 7738
f 7621 7751 7719
f 7628 7597 7723
f 7733 7736 7741
f 7732 7614 7529
f 7486 7565 7621
f 7549 7565 7350
f 7353 7350 7349
f 7354 7349 7563
f 7821 7822 7823
f 7824 7825 7826
f 7825 7828 7829
f 7830 7831 7832
f 7834 7824 7827
f 7836 7837 7838
f 7840 7482 7406
f 7841 7406 7598
f 7843 7844 7845
f 7833 7824 7834
f 7848 7820 7836
f 7847 7834 7821
f 7828 7851 7846
f 7853 7854 7855
f 7850 7846 7845
f 7829 7828 7850
f 7828 7825 7832
f 7858 7859 7823
f 7860 7858 7822
f 7831 7861 7851
f 7844 7862 7838
f 7834 7835 7822
f 7863 7864 7827
f 7849 7821 7820
f 7825 7824 7833
f 7859 7865 7866
f 7855 7854 7867
f 7837 7852 7855
f 7865 7853 7852
f 7837 7856 7845
f 7857 7867 7868
f 7864 7860 7835
f 7843 7861 7642
f 7868 7863 7826
f 7830 7833 7847
f 7857 7850 7856
f 7837 7836 7866
f 7836 7820 7823
f 7870 7868 7867
f 7870 7871 7863
f 7871 7872 7864
f 7872 7873 7860
f 7869 7867 7854
f 7874 7854 7853
f 7876 7875 7853
f 7874 7877 7878
f 7879 7880 7881
f 7883 7879 7882
f 7886 7879 7883
f 7887 7888 7886
f 7890 7889 7886
f 7886 7888 7880
f 7891 7881 7880
f 7884 7893 7885
f 7871 7870 7893
f 7871 7884 7894
f 7884 7882 7895
f 7882 7881 7896
f 7890 7885 7893
f 7893 7870 7869
f 7881 7891 7897
f 7898 7899 7895
f 7900 7898 7896
f 7901 7902 7899
f 7904 7899 7902
f 7898 7900 7905
f 7894 7895 7899
f 7904 7873 7872
f 7907 7897 7891
f 7906 7891 7892
f 7890 7878 7909
f 7910 7887 7889
f 7877 7911 7909
f 7912 7910 7909
f 7887 7910 7914
f 7906 7908 7913
f 7873 7915 7858
f 7916 7876 7865
f 7859 7858 7915
f 7916 7915 7903
f 7917 7903 7902
f 7917 7919 7876
f 7873 7904 7903
f 7919 7920 7875
f 7877 7874 7875
f 7911 7877 7920
f 7922 7921 7920
f 7923 7924 7921
f 7918 7922 7919
f 7922 7918 7925
f 7924 7912 7911
f 7912 7924 7926
f 7928 7929 7930
f 7924 7923 7928
f 7927 7926 7930
f 7907 7906 7914
f 7910 7912 7927
f 7901 7925 7918
f 7905 7929 7925
f 7925 7929 7928
f 7905 7900 7930
f 7897 7907 7930
f 7888 7908 7892
f 7888 7887 7913
f 7645 7643 7831
f 7839 7838 7862
f 7841 7849 7848
f 7842 7847 7849
f 7504 7503 7844
f 7839 7931 7840
f 7643 7642 7861
f 7503 7539 7862
f 7846 7851 7861
f 7842 7598 7645
f 7932 7933 7934
f 7936 7937 7938
f 7937 7940 7941
f 7942 7943 7944
f 7947 7948 7949
f 7950 7936 7939
f 7953 7954 7955
f 7956 7957 7958
f 7956 7959 7540
f 7962 7963 7964
f 7936 7950 7965
f 7946 7949 7958
f 7966 7932 7952
f 7965 7950 7933
f 7968 7940 7969
f 7970 7971 7972
f 7974 7968 7964
f 7941 7940 7968
f 7940 7937 7944
f 7976 7977 7935
f 7978 7976 7934
f 7943 7979 7969
f 7947 7954 7963
f 7933 7950 7951
f 7980 7981 7939
f 7967 7933 7932
f 7937 7936 7945
f 7977 7982 7983
f 7973 7972 7984
f 7953 7970 7973
f 7982 7971 7970
f 7974 7963 7954
f 7975 7984 7985
f 7981 7978 7951
f 7961 7979 7544
f 7985 7980 7938
f 7942 7945 7965
f 7975 7968 7974
f 7952 7983 7970
f 7952 7932 7935
f 7987 7985 7984
f 7987 7988 7980
f 7988 7989 7981
f 7989 7990 7978
f 7986 7984 7972
f 7991 7972 7971
f 7993 7992 7971
f 7986 7991 7994
f 7997 7998 7999
f 8000 7996 7999
f 8003 7996 8000
f 8005 8003 8006
f 8007 8006 8003
f 7996 8003 8005
f 7998 7997 8009
f 8010 8002 8000
f 7988 7987 8010
f 7988 8001 8011
f 8011 8001 7999
f 7998 8013 8012
f 8007 8002 8010
f 8010 7987 7986
f 8013 7998 8008
f 8015 8016 8012
f 8017 8015 8013
f 8018 8019 8016
f 8021 8016 8019
f 8015 8017 8022
f 8011 8012 8016
f 8021 7990 7989
f 8023 8024 8014
f 8023 8008 8009
f 8007 7995 8026
f 8026 8027 8004
f 8028 8026 7995
f 8029 8027 8026
f 8030 8004 8027
f 8023 8025 8030
f 7990 8032 7976
f 8033 7993 7982
f 7976 8032 8033
f 8034 8033 8032
f 8035 8034 8020
f 8034 8036 7993
f 7990 8021 8020
f 8036 8037 7992
f 7991 7992 8037
f 7994 8037 8038
f 8039 8038 8037
f 8040 8041 8038
f 8035 8039 8036
f 8039 8035 8042
f 8041 8029 8028
f 8029 8041 8043
f 8045 8046 8047
f 8041 8040 8045
f 8044 8043 8047
f 8024 8023 8031
f 8027 8029 8044
f 8042 8035 8019
f 8022 8046 8042
f 8042 8046 8045
f 8017 8047 8046
f 8014 8024 8047
f 8005 8025 8009
f 8005 8004 8030
f 7506 7641 7943
f 7954 7947 7946
f 7967 7966 7957
f 7960 7965 7967
f 7948 7947 7962
f 7955 7946 7957
f 7641 7544 7979
f 7969 7979 7961
f 7960 7540 7506
f 7362 8049 8050
f 8052 7618 7464
f 8051 7464 7467
f 8054 8055 7600
f 8056 7361 7618
f 7436 8050 8057
f 8049 7362 7361
f 8057 8058 7603
f 8055 8053 7467
f 8058 8054 7604
f 8059 8060 8058
f 8060 8061 8054
f 8061 8062 8055
f 8062 8063 8053
f 8059 8057 8050
f 8064 8050 8049
f 8056 8066 8065
f 8059 8064 8067
f 8069 8070 8071
f 8073 8069 8072
f 8075 8069 8073
f 8077 8078 8075
f 8075 8079 8070
f 8079 8080 8081
f 8082 8071 8070
f 8083 8076 8073
f 8061 8060 8083
f 8061 8074 8084
f 8074 8072 8085
f 8072 8071 8086
f 8077 8076 8083
f 8083 8060 8059
f 8071 8082 8087
f 8088 8089 8085
f 8090 8088 8086
f 8091 8092 8089
f 8094 8089 8092
f 8088 8090 8095
f 8084 8085 8089
f 8094 8063 8062
f 8097 8087 8082
f 8096 8082 8081
f 8077 8068 8098
f 8099 8100 8078
f 8101 8098 8068
f 8102 8099 8098
f 8100 8099 8104
f 8096 8080 8103
f 8075 8078 8100
f 8079 8100 8103
f 8105 8051 8053
f 8066 8056 8052
f 8051 8105 8106
f 8107 8106 8105
f 8108 8107 8093
f 8107 8109 8066
f 8063 8094 8093
f 8109 8110 8065
f 8064 8065 8110
f 8067 8110 8111
f 8112 8111 8110
f 8113 8114 8111
f 8108 8112 8109
f 8112 8108 8115
f 8114 8102 8101
f 8102 8114 8116
f 8118 8119 8120
f 8114 8113 8118
f 8117 8116 8120
f 8097 8096 8104
f 8099 8102 8117
f 8091 8115 8108
f 8095 8119 8115
f 8115 8119 8118
f 8095 8090 8120
f 8087 8097 8120
f 7550 7563 7561
f 7552 7551 7561
f 7931 7862 7539
f 7640 7409 7408
f 7549 7526 7644
f 7525 7413 7544
f 7931 7542 7482
f 7483 7482 7542
f 7626 7402 7405
f 7629 7433 7432
f 7629 8121 7949
f 8122 7958 7949
f 8123 8122 8121
f 8124 8123 7432
f 7434 7495 8125
f 8125 7430 8124
f 8124 7430 7429
f 8123 8124 8126
f 8122 8123 8127
f 7541 7540 7959
f 7404 7403 8129
f 8125 7495 7431
f 7526 7525 7505
f 7626 7483 7541
f 7959 7958 8122
f 7961 7545 8048
f 7629 7948 8048
f 8127 7402 7626
f 7402 8127 8126
f 8129 7403 8126
f 7428 7531 8129
f 7589 7531 7428
f 7334 7392 7426
f 7335 7334 7357
f 7616 7615 7446
f 7392 7397 7398
f 7393 7394 7397
f 7342 7469 7394
f 7344 7347 7469
f 7343 7618 7361
f 7360 7345 7344
f 7363 7575 7345
f 7437 7576 7575
f 7582 7576 7437
f 7421 7582 7639
f 7375 7421 7602
f 7599 7337 7375
f 7465 7464 7618
f 7332 7447 7587
f 7447 7332 7335
f 7445 7335 7356
f 7359 7442 7616
f 7636 7443 7442
f 7588 7605 7443
f 7589 7606 7605
f 7590 7471 7606
f 7471 7590 7591
f 7446 7615 7371
f 7371 7370 7372
f 7422 7372 7370
f 7577 7422 7424
f 7536 7577 7580
f 7591 7607 7635
f 7607 7608 7386
f 7543 7608 7494
f 7547 7387 7543
f 7608 7543 7387
f 7387 7547 7416
f 7457 7410 7382
f 7557 7457 7417
f 7559 7557 7554
f 7630 7559 7553
f 7534 7533 7586
f 7466 7338 7337
f 7465 7587 7338
f 7617 7340 7587
f 7341 7340 7617
f 8130 6091 6090
f 6023 6022 8132
f 6182 6023 8133
f 6623 6622 6792
f 6787 6696 6182
f 8134 6700 6696
f 6917 6757 6756
f 6762 6761 7112
f 6762 6765 6184
f 6765 6623 6185
f 6650 6769 6768
f 6772 6771 6916
f 6777 6776 6789
f 6022 6777 6788
f 6756 6700 8134
f 6758 6757 6771
f 6761 6776 6775
f 6769 6622 6621
f 6772 6768 6767
f 6174 6173 6760
f 6187 6186 6178
f 6811 6649 6648
f 6786 6785 6724
f 6791 6790 6918
f 6186 6793 6179
f 6808 6807 8133
f 6884 6883 8135
f 6174 6187 6670
f 6807 6785 6784
f 6791 6808 8132
f 6786 6884 8134
f 6790 6173 6172
f 6649 6793 6792
f 6316 6315 8136
f 8137 6655 6654
f 8139 8140 6601
f 6656 6655 6580
f 6868 8141 8142
f 6316 6712 6711
f 6864 8143 8144
f 6864 6863 8145
f 6868 6867 6869
f 6656 6867 6866
f 8146 8147 8148
f 8139 8150 8151
f 8152 8153 6866
f 8154 8155 8138
f 6874 6873 8156
f 8158 6318 8159
f 8160 8152 6865
f 8161 6317 6313
f 6161 6600 8162
f 8164 8154 6654
f 8153 8164 6653
f 8165 8166 8167
f 8166 5989 8169
f 5989 5988 8170
f 5988 6017 8171
f 8172 8173 6043
f 8174 8175 6032
f 8174 6035 6098
f 8176 6098 6796
f 8177 6796 8178
f 7132 8178 6728
f 6589 6588 8180
f 8180 6588 6004
f 8181 6004 6007
f 6334 6079 6731
f 6079 6078 6645
f 6078 6085 6646
f 6085 8183 8184
f 6091 8130 8185
f 6086 6730 8183
f 6950 6949 7118
f 6952 6951 6992
f 6983 6982 6968
f 6987 6986 7004
f 7001 7000 6979
f 7001 7262 7074
f 7262 7264 7075
f 7264 6952 7127
f 7265 6951 6943
f 7265 7266 6991
f 7266 6950 7070
f 6949 7267 7119
f 7267 6982 6939
f 6983 6987 7099
f 7268 6986 6985
f 7000 7268 8186
f 6938 6937 6985
f 6946 6945 6922
f 6956 6955 6948
f 6971 6970 6928
f 6970 6955 6954
f 6973 6946 6921
f 6977 6976 7263
f 6981 6980 7061
f 6973 7067 7117
f 7097 6980 6979
f 7104 6971 6927
f 6977 6981 7060
f 6976 6945 6944
f 6956 7067 7066
f 6937 7097 8186
f 6938 7104 7101
f 6924 6923 7116
f 6926 6924 7297
f 6930 6929 6962
f 6934 6933 6953
f 6960 6959 6936
f 6963 6929 6928
f 6967 6966 6975
f 7063 7062 7327
f 6959 7065 7096
f 6926 6934 7066
f 7102 6930 7304
f 6967 7063 7331
f 6966 6923 6922
f 7062 7065 7064
f 6963 6933 6932
f 7102 6960 6935
f 7299 7298 7269
f 7301 7300 6932
f 7306 7305 7285
f 7308 7305 6962
f 7315 7306 7284
f 7317 7316 7312
f 7319 7316 6964
f 7322 7298 7297
f 7317 7322 7116
f 7308 7300 7303
f 7326 7325 6958
f 7329 7328 7291
f 7328 7325 7324
f 7301 7299 8187
f 7319 7329 7290
f 7326 7315 7309
f 7272 7271 7321
f 7272 7274 8187
f 7274 7277 7302
f 7281 7280 7307
f 7283 7282 7593
f 7289 7288 7324
f 7293 7292 7330
f 7293 7296 7318
f 7310 7283 7594
f 7314 7313 7595
f 7282 7280 7279
f 7278 7281 7277
f 7314 7271 7270
f 7313 7296 7295
f 7288 7292 7291
f 7289 7310 7637
f 6003 6002 6626
f 6003 6138 7165
f 6690 8188 8189
f 6686 6685 5981
f 6685 6687 6096
f 6687 6688 6806
f 6002 6686 5980
f 6606 8188 5351
f 7164 7173 8190
f 8192 7175 7174
f 6015 6014 8153
f 6189 6188 8155
f 8157 8156 6284
f 6332 6015 8152
f 6593 6592 6317
f 6658 6189 8154
f 6014 6658 8164
f 6332 8194 7131
f 6805 8159 6321
f 6146 8163 8162
f 6607 7128 8195
f 8196 6126 6125
f 8198 7169 7168
f 8199 7168 6633
f 7177 6632 8201
f 8202 8203 8204
f 7208 7186 7185
f 7237 7230 7186
f 6819 6824 7230
f 6818 6821 6824
f 8206 6883 6821
f 8207 6917 8135
f 6917 8207 8209
f 8209 8210 7259
f 8210 8211 6647
f 6812 6648 8212
f 6809 6812 7258
f 6809 7257 8213
f 6113 8213 8214
f 7235 7223 6110
f 7223 7235 7234
f 6147 7234 8215
f 6148 8215 8216
f 8218 6155 6158
f 8219 6285 6116
f 6284 6188 6116
f 6188 6284 8156
f 8155 8156 6873
f 8138 6873 6872
f 8137 6872 8148
f 6193 8147 6281
f 6190 6281 6278
f 8220 8221 8222
f 8224 8225 7139
f 6223 6222 8226
f 6237 6236 8228
f 6238 6223 8227
f 6249 6248 8231
f 6253 6252 8233
f 6236 6279 8221
f 6331 6238 8230
f 6252 6595 8236
f 6222 6237 8229
f 6828 6827 8237
f 6280 8239 8240
f 8208 8135 6883
f 6648 6647 8211
f 6143 6624 8242
f 6624 7189 8244
f 8245 8246 8247
f 8249 8250 8251
f 7195 8253 8254
f 7214 8255 8253
f 8256 8255 7214
f 7243 7211 8257
f 7210 8258 8257
f 8259 7181 6102
f 8261 6122 6121
f 8178 7132 8263
f 7132 6797 8264
f 6797 6135 8265
f 6135 6134 8266
f 6134 6151 8267
f 6151 6154 8268
f 6154 8269 8270
f 8269 8271 8272
f 7194 7193 8273
f 7193 8250 8275
f 8249 8259 8260
f 8248 8277 8278
f 6129 6128 8279
f 7169 8198 8197
f 8198 8190 8192
f 7171 6141 7175
f 6589 6801 7129
f 6801 6037 6040
f 6037 6036 6041
f 6036 6131 6659
f 6131 6156 6118
f 6156 6155 6119
f 8218 8219 6119
f 8219 8218 6815
f 7191 7189 6641
f 8246 8244 7189
f 8245 8278 8281
f 8280 8279 6288
f 6125 6124 7170
f 6288 6127 6602
f 6126 8196 6604
f 8196 8193 6605
f 7174 6140 6691
f 6691 6140 6139
f 7171 7166 8283
f 7172 8283 8284
f 6139 6142 8284
f 8285 8286 8287
f 8211 8210 8289
f 8290 8291 8292
f 8293 8294 8291
f 8293 8207 8208
f 8296 8297 8298
f 6818 6817 8296
f 8285 7256 7258
f 7243 8299 7212
f 7243 6739 8300
f 8301 8300 6739
f 8302 8256 7213
f 8303 8302 7247
f 8304 8303 6168
f 6738 8298 8297
f 8288 8287 6167
f 8304 8292 8291
f 8305 8291 8294
f 6737 6736 8306
f 6736 7244 8307
f 8243 8242 8308
f 8242 8244 8282
f 8247 8246 7191
f 7196 8254 8251
f 8253 8310 8311
f 8255 8312 8310
f 8313 8312 8255
f 7244 8257 8313
f 8313 8257 8258
f 8312 8258 8314
f 8315 8311 8310
f 8311 8315 8316
f 8282 8281 8317
f 8308 8317 8261
f 8309 8261 8262
f 8248 8247 8275
f 8282 8244 8246
f 8307 8313 8256
f 8306 8307 8302
f 8305 8306 8303
f 8298 6738 6737
f 8287 8292 8304
f 7253 8319 7199
f 8319 8320 6028
f 8320 8321 6029
f 8321 8322 7184
f 8322 8203 7185
f 8203 8202 7205
f 8202 7240 7206
f 7239 7245 7210
f 7251 7227 8319
f 7227 7217 8320
f 7217 7216 8321
f 7216 7236 8322
f 7236 8204 8203
f 6175 8199 8200
f 7165 7164 8191
f 6137 8283 7166
f 6200 6199 8283
f 6199 6206 8284
f 8284 6206 6205
f 6205 6608 6689
f 6689 6608 5485
f 7009 7008 8323
f 7013 7012 7021
f 7017 7016 7029
f 7013 7059 7110
f 7073 7072 7084
f 7081 7080 7093
f 7082 7017 7028
f 7088 7072 6995
f 7088 7115 7057
f 7122 7121 7043
f 7124 7123 7024
f 7082 7025 7024
f 7009 7122 7042
f 7012 7124 7126
f 7115 7016 7015
f 7008 7059 7058
f 7081 7121 7120
f 7073 7080 7079
f 6997 6996 7076
f 7023 7022 6942
f 7027 7026 7069
f 7031 7030 6989
f 7079 7078 7033
f 7037 7036 7107
f 7027 7040 7126
f 7041 7030 7029
f 7026 7031 6988
f 7100 7023 6941
f 7108 7036 7002
f 7100 7037 8323
f 6997 7041 7114
f 7022 7040 7039
f 7111 7034 7033
f 7035 7261 7260
f 7261 7076 6996
f 7108 7255 7120
f 7245 8314 8258
f 7246 8315 8314
f 7181 8259 8316
f 8277 6101 6129
f 8278 6129 8280
f 6287 8317 8281
f 6122 8261 8317
f 5487 6145 6144
f 5489 6159 6162
f 6637 8324 8325
f 8326 8325 8225
f 5494 7139 8225
f 6160 6159 8150
f 5496 8324 8151
f 8163 8327 6162
f 6146 6145 8327
f 8243 8328 6144
f 8328 8243 8309
f 8318 8262 5501
f 8262 6121 5502
f 8329 8330 8331
f 8333 8334 8335
f 8338 8182 6007
f 8329 8334 8339
f 8341 6334 6734
f 6006 8342 8337
f 8342 6006 6804
f 6065 6064 8339
f 5995 5994 8341
f 6918 6172 6166
f 7221 6163 6166
f 6172 6171 6880
f 8344 5952 5955
f 5519 5976 5975
f 6806 8345 8346
f 6646 8184 8347
f 8165 8348 8349
f 6322 8350 8131
f 8345 6806 6688
f 6695 8346 5975
f 5976 5519 5528
f 5529 8130 8131
f 6643 8347 8352
f 8183 5533 5532
f 5534 8185 8130
f 6730 5535 5533
f 8351 6688 6093
f 5535 6730 6594
f 8353 8354 6652
f 8354 8353 8355
f 8357 8358 6825
f 8359 8357 6202
f 6224 8354 8356
f 6275 8361 8362
f 6201 6210 7143
f 7146 8363 8359
f 8357 8359 8363
f 8355 8365 8366
f 8361 8360 8368
f 8356 8355 8367
f 8370 8371 8372
f 8220 8373 7145
f 6275 6274 6228
f 5558 4067 6228
f 8375 8369 8367
f 8362 8368 8376
f 8378 8379 8380
f 8363 7146 8382
f 8384 8378 8381
f 8382 8373 8386
f 8383 8387 8364
f 6226 6225 6231
f 6231 6225 8361
f 6636 8388 8389
f 6635 8390 8388
f 8390 6635 5576
f 8379 8378 6232
f 8378 8384 6233
f 8384 8391 8371
f 8372 8392 8393
f 7138 8240 8239
f 8224 8239 8394
f 8146 6638 8394
f 6638 6637 8326
f 6340 6339 6299
f 6747 6338 6577
f 6344 6343 6346
f 6342 6341 6355
f 6353 6352 6349
f 6337 6351 6369
f 6360 6359 6328
f 6358 6357 6386
f 6364 6363 6293
f 6362 6361 6376
f 6366 6353 6297
f 6350 6365 6372
f 6533 6342 6303
f 6534 6536 6346
f 6744 6746 6533
f 6536 6534 6747
f 6357 6835 6894
f 6341 6834 6832
f 6839 6838 6292
f 6837 6836 6380
f 6838 6841 6354
f 6361 6840 6377
f 6363 6366 6296
f 6365 6362 6373
f 6359 6839 6291
f 6836 6358 6385
f 6481 6480 6902
f 6484 6483 6501
f 6477 6488 6487
f 6849 6467 6492
f 6494 6492 6467
f 6547 6481 6544
f 6750 6751 6546
f 6494 6466 6751
f 6843 6484 6500
f 6845 6573 6575
f 6489 6488 6847
f 6474 6487 6491
f 6483 6905 6906
f 6493 6463 6465
f 6471 6470 6544
f 6472 6482 6485
f 6476 6475 6461
f 6470 6451 6542
f 6570 6567 6569
f 6495 6567 6463
f 6475 6465 6462
f 6572 6848 6477
f 6574 6571 6457
f 6569 6568 6543
f 6575 6574 6473
f 6471 6904 6901
f 6469 6468 6508
f 6498 6497 6479
f 6503 6502 6518
f 6489 6506 6505
f 6467 6849 6509
f 6546 6548 6498
f 6549 6548 6752
f 6752 6751 6466
f 6503 6850 6846
f 6850 6851 6844
f 6507 6506 6852
f 6486 6505 6509
f 6502 6907 6909
f 6858 6893 6664
f 8396 8397 6611
f 6833 8398 6324
f 8399 6826 6825
f 6831 6830 8401
f 6707 6833 6826
f 8398 8403 6890
f 6858 6857 8404
f 8405 8396 6610
f 6830 6893 6553
f 8397 6892 6911
f 8400 6825 8358
f 8358 8357 8364
f 8406 8364 8387
f 8389 8408 8380
f 8389 8388 8409
f 8388 8390 8410
f 5575 5597 8410
f 6665 6273 8411
f 8412 8413 6720
f 8413 5602 5601
f 8411 8414 8413
f 6262 6742 6290
f 5602 8413 8414
f 7141 7140 7142
f 8393 8222 8241
f 8227 8226 7147
f 8229 8228 8374
f 8230 8227 7151
f 8232 8231 8415
f 8234 8233 8417
f 8221 8220 8374
f 8235 8230 7153
f 8233 8236 8420
f 8226 8229 7148
f 8238 8237 8421
f 7141 8393 8240
f 6581 6580 6655
f 6640 6639 8140
f 6710 6709 8141
f 6717 6716 6712
f 6860 6859 8143
f 6870 6869 6867
f 6717 8136 6726
f 6870 6580 6192
f 6860 8145 6050
f 6710 6869 6025
f 6639 8149 6871
f 6640 8151 8324
f 6581 8148 8147
f 5615 5614 6234
f 7144 7148 8374
f 7144 7143 6210
f 7150 7149 6210
f 7152 7150 6209
f 7152 7154 8419
f 7154 7155 8421
f 7158 7157 8415
f 7160 7159 8420
f 7162 7161 8418
f 7161 4321 5616
f 8370 6234 6233
f 8373 8382 7146
f 8392 8391 8386
f 8391 8392 8372
f 5617 8344 6713
f 5973 5618 3355
f 8345 5620 5619
f 3880 6735 6910
f 8351 5622 5620
f 8346 5619 5520
f 5621 6910 6911
f 5622 8351 8185
f 8150 5624 5497
f 8423 8424 8425
f 8427 6516 6519
f 8429 8430 8431
f 6523 8432 8433
f 8434 8435 8436
f 8438 8435 8434
f 8438 8440 6511
f 8441 8442 8424
f 8427 8443 8430
f 8444 8428 8445
f 8447 8425 8424
f 8449 8443 8444
f 8451 8431 8430
f 8453 8437 8454
f 8456 8434 8437
f 8439 8434 8456
f 8448 8424 8442
f 8452 8430 8443
f 8425 8447 8459
f 8460 8461 8462
f 8464 8465 8466
f 8468 8469 8470
f 8472 8473 8474
f 8476 8477 8478
f 8480 8481 8482
f 8484 8485 8486
f 8485 8488 8489
f 8490 8491 8481
f 8492 8493 8494
f 8495 8494 8496
f 8498 8499 8500
f 8502 8501 8500
f 8504 8505 8506
f 8508 8509 8510
f 8513 8508 8511
f 8507 8506 8514
f 8516 8517 8518
f 8520 8517 8516
f 8522 8523 8524
f 8526 8527 8522
f 8528 8529 8530
f 8532 8530 8529
f 8534 8535 8536
f 8538 8539 8534
f 8464 8482 8481
f 8483 8540 8541
f 8542 8485 8484
f 8487 8543 8540
f 8488 8485 8542
f 8545 8546 8486
f 8481 8491 8466
f 8547 8545 8489
f 8548 8494 8493
f 8549 8550 8502
f 8551 8496 8494
f 8497 8541 8552
f 8469 8500 8499
f 8547 8541 8497
f 8469 8468 8503
f 8501 8502 8550
f 8460 8504 8507
f 8552 8553 8506
f 8554 8511 8510
f 8549 8552 8505
f 8554 8555 8512
f 8513 8556 8550
f 8461 8507 8515
f 8557 8556 8513
f 8558 8516 8519
f 8559 8560 8527
f 8521 8516 8558
f 8553 8562 8517
f 8477 8525 8524
f 8520 8523 8557
f 8476 8526 8525
f 8527 8560 8556
f 8563 8529 8528
f 8564 8539 8531
f 8533 8529 8563
f 8562 8567 8530
f 8473 8537 8536
f 8559 8562 8532
f 8472 8538 8537
f 8560 8534 8539
f 8463 8462 8555
f 8544 8542 8467
f 8470 8551 8548
f 8475 8474 8566
f 8479 8478 8561
f 8484 8487 8483
f 8490 8489 8488
f 8503 8493 8492
f 8498 8497 8496
f 8504 8510 8509
f 8515 8514 8513
f 8519 8518 8527
f 8521 8524 8523
f 8528 8531 8539
f 8533 8536 8535
f 8467 8484 8482
f 8487 8486 8546
f 8544 8466 8491
f 8480 8541 8547
f 8493 8503 8468
f 8495 8552 8549
f 8551 8470 8499
f 8501 8545 8547
f 8460 8463 8510
f 8508 8550 8549
f 8555 8462 8515
f 8506 8553 8557
f 8519 8526 8476
f 8517 8562 8559
f 8561 8478 8524
f 8522 8556 8557
f 8475 8528 8538
f 8567 8565 8531
f 8566 8474 8536
f 8560 8559 8535
f 8442 8441 8568
f 6512 8570 8568
f 8570 8440 8571
f 8426 6515 6514
f 8428 8444 8443
f 6522 8429 8432
f 8437 8436 8433
f 6524 8436 8435
f 6528 6527 8435
f 8423 6514 6550
f 8429 6522 6516
f 6515 8426 8445
f 8441 6550 6754
f 8570 8572 8569
f 8440 8570 6512
f 8569 8573 8458
f 8574 8575 8572
f 8572 8575 8573
f 8453 8576 8577
f 8576 8453 8455
f 8452 8579 8580
f 8573 8581 8582
f 8575 8583 8581
f 8584 8583 8575
f 8571 8439 8457
f 8439 8571 8440
f 8585 8586 8587
f 8587 8589 8590
f 8589 8591 8592
f 8591 8593 8594
f 8593 8595 8596
f 8595 8597 8598
f 8599 8600 8586
f 8601 8602 8600
f 8603 8604 8602
f 8605 8606 8598
f 8607 8608 8604
f 8609 8610 8608
f 8611 8612 8610
f 8606 8605 8612
f 8613 8614 8589
f 8614 8615 8591
f 8615 8616 8593
f 8616 8617 8595
f 8617 8618 8597
f 8619 8620 8617
f 8620 8621 8618
f 8620 8622 8623
f 8624 8625 8626
f 8626 8623 8622
f 8620 8619 8628
f 8622 8628 8629
f 8627 8629 8630
f 8632 8633 8634
f 8636 8634 8633
f 8637 8638 8636
f 8639 8633 8632
f 8633 8639 8641
f 8635 8641 8642
f 8642 8643 8644
f 8645 8638 8637
f 8586 8646 8613
f 8600 8647 8646
f 8616 8615 8648
f 8615 8614 8649
f 8613 8650 8649
f 8651 8650 8613
f 8647 8652 8651
f 8652 8653 8654
f 8602 8655 8647
f 8655 8656 8652
f 8656 8657 8653
f 8653 8658 8659
f 8658 8660 8661
f 8644 8662 8663
f 8664 8661 8662
f 8661 8664 8666
f 8666 8667 8654
f 8667 8650 8651
f 8668 8605 8597
f 8669 8668 8618
f 8670 8669 8621
f 8671 8670 8623
f 8671 8626 8625
f 8625 8631 8673
f 8636 8674 8675
f 8638 8676 8674
f 8645 8677 8676
f 8645 8663 8678
f 8679 8680 8660
f 8657 8679 8658
f 8583 8584 8648
f 8650 8581 8583
f 8667 8582 8581
f 8666 8681 8582
f 8664 8682 8681
f 8682 8664 8665
f 8684 8685 8643
f 8684 8642 8641
f 8639 8580 8579
f 8580 8639 8640
f 8629 8577 8576
f 8604 8686 8655
f 8608 8687 8686
f 8610 8688 8687
f 8612 8689 8688
f 8605 8668 8689
f 8690 8689 8668
f 8691 8688 8689
f 8692 8687 8688
f 8693 8686 8687
f 8656 8655 8686
f 8694 8690 8669
f 8695 8691 8690
f 8696 8692 8691
f 8697 8693 8692
f 8657 8656 8693
f 8697 8698 8679
f 8696 8699 8698
f 8696 8695 8700
f 8694 8701 8700
f 8670 8671 8701
f 8702 8701 8671
f 8701 8702 8703
f 8703 8704 8699
f 8699 8704 8705
f 8698 8705 8680
f 8672 8673 8706
f 8675 8674 8707
f 8674 8676 8709
f 8709 8676 8677
f 8677 8678 8711
f 8712 8713 8710
f 8702 8706 8714
f 8713 8712 8714
f 8707 8709 8716
f 8717 8716 8713
f 8710 8713 8716
f 8708 8707 8717
f 8546 8601 8599
f 8546 8545 8603
f 8550 8607 8603
f 8556 8609 8607
f 8560 8611 8609
f 8564 8606 8611
f 8565 8598 8606
f 8565 8567 8596
f 8567 8562 8594
f 8562 8553 8592
f 8553 8552 8590
f 8590 8552 8541
f 8540 8585 8588
f 8543 8599 8585
f 8684 8449 8450
f 8579 8452 8449
f 8682 8447 8448
f 8447 8682 8683
f 8681 8448 8458
f 8584 8718 8619
f 8628 8718 8577
f 8457 8456 8577
f 8574 8457 8718
f 7134 6920 6919
f 6164 6163 6919
f 5485 6608 6609
f 3832 5351 8188
f 5921 6609 6221
f 5922 4281 7128
f 6439 8719 8720
f 8720 8719 6570
f 6570 8719 8721
f 6439 6447 8721
f 6727 6058 6057
f 6312 6057 6073
f 6828 6248 6073
f 6877 6268 6267
f 6745 6267 6299
f 6891 6306 6305
f 6338 6747 6746
f 6438 6411 6410
f 6412 6411 6440
f 6564 6421 6424
f 6842 6578 6577
f 6889 6305 6829
f 6579 6578 6564
f 6435 6410 6565
f 8722 6857 6306
f 8723 6859 6058
f 6269 6268 6878
f 7160 7157 6829
f 8724 8144 8143
f 8238 8231 6248
f 6339 6746 6744
f 8395 6577 6338
f 6879 6878 8404
f 8422 8415 8231
f 8725 8143 6859
f 8416 8415 7157
f 6059 6050 6049
f 6330 6099 6049
f 7156 6260 6259
f 6269 6265 6264
f 6297 6349 6264
f 6340 6352 6351
f 6368 6842 8395
f 6422 6414 6559
f 6436 6403 6404
f 6447 6439 6438
f 6424 6423 6436
f 6331 6827 6099
f 6422 6421 6842
f 8722 8403 6856
f 8141 6863 6862
f 6265 6855 6617
f 6324 6890 6259
f 7158 7155 6260
f 6709 8145 6863
f 8235 8237 6827
f 6298 6349 6352
f 6370 6369 6351
f 6891 6890 8403
f 8419 8421 8237
f 6051 6050 8145
f 8422 8421 7155
f 8721 6447 6446
f 6748 6440 8720
f 8727 6008 6011
f 8158 6009 8144
f 6009 6008 6861
f 6008 8727 6862
f 8142 6862 8727
f 6554 6553 6893
f 6833 6707 6708
f 6708 6856 8403
f 5623 6911 6892
f 8406 8366 8365
f 8407 8375 8366
f 8377 8376 8408
f 8397 8396 6530
f 6651 8399 8400
f 8402 8401 6616
f 6618 6707 8399
f 6554 8404 6878
f 8396 8405 6854
f 8401 6553 6552
f 6892 8397 6529
f 8353 8400 8365
f 8377 8409 6276
f 8409 8410 6277
f 8410 5597 5932
f 8726 8404 6857
f 8726 6856 6855
f 7234 6107 6106
f 8279 6124 6127
f 8354 6224 6227
f 6246 6245 6619
f 8239 6280 6282
f 8162 6283 6286
f 6292 6354 6246
f 6382 6378 6377
f 6392 6397 6396
f 6396 6395 6427
f 6398 6397 6443
f 6459 6443 6458
f 6525 6520 6523
f 6558 6272 6271
f 6429 6428 6560
f 6460 6458 6572
f 6272 6558 3736
f 7128 6603 6602
f 6227 6245 6244
f 7180 6631 6634
f 6642 6286 6285
f 6356 6741 6740
f 6816 6815 8218
f 6820 8300 8301
f 6355 6832 6741
f 6344 6835 6834
f 6364 6841 6840
f 6375 6378 6560
f 6848 6847 6488
f 6853 6852 6506
f 6530 6854 6740
f 8140 6871 6874
f 6555 6271 6831
f 8215 6106 6881
f 6348 6895 6894
f 6383 6895 6896
f 6433 6897 6896
f 6432 6897 6898
f 6406 6899 6898
f 6900 6455 6387
f 6900 6449 6448
f 6472 6904 6903
f 6480 6905 6903
f 6497 6907 6906
f 6908 6519 6518
f 4280 5933 6120
f 6100 7167 7170
f 6632 6631 7188
f 7235 8214 7201
f 7206 7209 7212
f 8213 7257 7232
f 8214 8213 7231
f 6108 6107 7200
f 7238 8299 8300
f 7207 7212 8299
f 8205 7241 7240
f 6170 6169 7232
f 6638 8146 8149
f 6601 6874 8157
f 6600 8157 6283
f 8392 8223 8222
f 6278 6280 8241
f 6816 8272 8274
f 6642 6815 6814
f 6128 7170 6124
f 8195 6602 6127
f 8212 8211 8286
f 8292 8287 8286
f 8290 8289 8210
f 8207 8293 8290
f 8294 8293 8295
f 8206 8296 8295
f 6817 8301 8297
f 8288 6170 7256
f 7209 7206 7240
f 6225 6224 8360
f 8369 8368 8360
f 8375 8376 8368
f 8381 8380 8387
f 8385 8381 8383
f 8385 8386 8391
f 8147 8146 6282
f 6345 6894 6835
f 6327 6832 6834
f 6295 6354 6841
f 6379 6377 6840
f 6853 6847 6845
f 6479 6906 6905
f 6848 6572 6571
f 6452 6901 6904
f 6525 6852 6851
f 6496 6909 6907
f 8402 8405 6876
f 8408 8407 8387
f 6279 8241 8222
f 6872 6871 8149
f 8223 8386 8373
f 6526 8433 8436
f 8446 8445 8426
f 8455 8454 8431
f 8446 8459 8450
f 8454 8433 8432
f 6908 8445 8428
f 8578 8455 8451
f 8632 8631 8625
f 8640 8632 8624
f 8660 8663 8662
f 8662 8644 8643
f 8675 8673 8631
f 8680 8678 8663
f 8683 8665 8643
f 8578 8640 8630
f 8673 8675 8708
f 8678 8680 8705
f 8711 8705 8704
f 8706 8708 8715
f 8703 8714 8712
f 8459 8683 8685
f 8407 8408 8376
f 6615 6854 8405
f 5993 6080 6335
f 6060 6682 6018
f 5993 6047 6081
f 6105 6104 6176
f 6177 6104 6000
f 6309 6311 6310
f 8725 6315 6314
f 8724 6314 6318
f 6321 6320 6053
f 6249 6595 6310
f 6596 6254 6257
f 8188 6606 6605
f 5986 6683 6682
f 6714 6726 6311
f 6047 6320 6086
f 6875 6596 6304
f 6001 6105 6912
f 7162 7159 6597
f 7254 7163 6912
f 6684 6683 7163
f 8723 8136 6315
f 6592 8159 6318
f 8332 8331 8171
f 6607 6606 5350
f 8191 8190 8198
f 8197 8192 8193
f 8159 6592 6319
f 8232 8236 6595
f 8192 8190 7173
f 8189 6605 8193
f 6177 8191 8199
f 6733 8331 8330
f 8340 8341 8330
f 8341 5994 6335
f 8412 6721 6875
f 8414 8411 6273
f 8416 8420 8236
f 6727 6726 8136
f 8417 8420 7159
f 6277 5932 5558
f 5935 5576 6635
f 5991 5990 6061
f 6019 6018 6682
f 5999 6034 6033
f 6045 6044 6677
f 6055 6054 6083
f 5995 6064 6063
f 6084 6054 6053
f 6088 5990 5989
f 6063 6084 6046
f 6066 6097 6034
f 6103 6102 7181
f 6673 6676 6133
f 6149 6148 6153
f 6323 6088 8166
f 6585 6584 6083
f 6630 6629 6702
f 6634 6633 7168
f 6676 6149 6152
f 6703 6629 6628
f 6796 6729 6728
f 6069 6729 6097
f 6132 6798 6674
f 6803 6799 6800
f 6011 6010 6055
f 6799 6803 6582
f 7194 8271 6881
f 7131 6584 6583
f 6798 7133 6913
f 7179 7178 8204
f 7183 7182 7246
f 7188 7183 7242
f 6109 7196 7192
f 7204 6630 6176
f 7219 7218 6628
f 7218 7228 7248
f 7179 7219 6627
f 7250 7254 6704
f 7228 7252 7249
f 6678 7250 7249
f 5997 7252 7251
f 8168 8167 6644
f 8167 8169 6732
f 8169 8170 6733
f 8170 8171 8331
f 8336 8335 8173
f 8182 8338 8175
f 8182 8174 8176
f 8181 8176 8177
f 8180 8177 8179
f 7133 6728 6590
f 7130 7131 8194
f 8200 6633 6632
f 7178 8201 8205
f 8269 6154 6153
f 8254 8311 8252
f 8260 6102 6101
f 8179 8263 6802
f 8263 8264 6038
f 8264 8265 6039
f 8265 8266 6130
f 8266 8267 6157
f 8267 8268 6158
f 8268 8270 8217
f 8270 8272 6816
f 6813 8274 8273
f 8273 8275 8247
f 8276 8260 8277
f 7192 8251 8250
f 8252 8316 8259
f 8276 8275 8250
f 7204 8200 7177
f 7182 8316 8315
f 8343 8339 8334
f 8333 8337 8342
f 8343 8342 6800
f 8340 8339 6064
f 6323 8349 8350
f 8168 8352 8348
f 8349 5937 5936
f 8352 5939 5938
f 6103 6634 7167
f 8271 8269 8216
f 8201 7188 7241
f 8274 8272 8271
f 5991 6018 6017
f 8728 8171 6017
f 5997 5996 6680
f 5996 6033 6045
f 6033 6032 6042
f 6042 6032 8175
f 8172 8175 8338
f 8336 8338 8337
f 6684 6678 6677
f 6681 6677 6044
f 6019 6044 6043
f 6016 6043 8173
f 8728 8173 8335
f 8332 8335 8334
f 8194 6332 8160
f 6805 6010 6009
f 5940 5941 7137
f 8324 5496 5942
f 8325 5942 5495
f 6253 5943 4292
f 7137 5941 5944
f 8348 5938 5937
f 8350 5936 5530
f 5624 8150 6159
f 6718 4293 5940
f 8327 5945 5490
f 8347 5946 5939
f 5933 5502 6121
f 8184 5532 5946
f 7142 4298 5615
f 6145 5487 5945
f 8234 5947 5943
f 8328 5948 5488
f 8318 5500 5948
f 7139 5494 4299
f 8418 5616 5947
f 5604 8414 6599
f 5949 3853 6712
f 5944 5949 6716
f 6720 5601 5950
f 6255 5950 4322
f 5614 5935 6235
f 6711 3852 5951
f 8161 5951 3857
f 5973 5964 2965
f 2965 5964 5963
f 222 5963 5960
f 223 5960 5958
f 5958 5957 3185
f 5957 5970 2977
f 5970 5967 1213
f 5967 5966 1214
f 2532 1214 5966
f 2894 2532 5953
f 2871 2894 5952
f 5510 5722 5721
f 5822 5825 5824
f 3511 3512 3844
f 3887 3892 3889
f 3876 3879 3878
f 3356 3357 3911
f 3372 3373 3390
f 3849 3854 3851
f 3481 3478 3867
f 3873 3874 3385
f 3875 3375 3450
f 3915 3794 3865
f 3657 3670 3671
f 5618 5973 3013
f 1997 1996 1889
f 1237 745 744
f 1535 1534 120
f 1531 1532 201
f 1119 1241 1032
f 946 948 824
f 163 8 5
f 9041 9178 9175
f 1155 1156 1162
f 427 213 327
f 553 1902 796
f 8732 2232 2231
f 8732 3178 2230
f 2237 3183 3180
f 8734 8735 8736
f 8735 8737 8738
f 8737 8739 8740
f 8739 8741 8742
f 8743 8744 8745
f 8746 8745 8747
f 8749 8750 8748
f 8751 8752 8750
f 8754 8755 8756
f 8757 8758 8755
f 8759 8760 8758
f 8761 8762 8760
f 8763 8764 8762
f 8766 8751 8749
f 8765 8749 8747
f 8767 8747 8745
f 8768 8745 8744
f 8744 8770 8771
f 8770 8741 8772
f 8741 8739 8773
f 8739 8737 8774
f 8737 8735 8775
f 8735 8734 8776
f 8776 8734 8777
f 2904 8778 8779
f 8780 8778 2904
f 8781 8780 2902
f 2875 8782 8781
f 8783 8784 2733
f 2825 8785 8786
f 8788 8789 8790
f 8792 8788 8787
f 2724 2723 8785
f 8787 8790 3115
f 8791 8787 3117
f 8794 8766 8765
f 8793 8765 8767
f 8795 8767 8768
f 8796 8768 8769
f 8797 8769 8771
f 8771 8772 8799
f 8772 8773 8800
f 8773 8774 8801
f 8774 8775 8802
f 8775 8776 8803
f 8776 3184 3056
f 8802 8803 2253
f 8801 8802 2252
f 8800 8801 1727
f 8799 8800 2150
f 8804 8798 8799
f 8805 8797 8798
f 8806 8796 8797
f 8807 8795 8796
f 8793 8795 8807
f 8794 8793 8808
f 8810 8811 8809
f 8808 8807 8806
f 8810 8806 8805
f 8813 8811 8810
f 8812 8805 8804
f 8815 8813 8812
f 8814 8804 1941
f 8755 8750 8752
f 8758 8748 8750
f 8760 8746 8748
f 8762 8743 8746
f 8816 8817 8764
f 8818 8819 8820
f 8816 8763 8782
f 8821 8818 8817
f 8789 8821 8783
f 8818 8821 8789
f 8819 8818 8788
f 8822 8820 8819
f 8823 8819 8792
f 8824 8792 8791
f 2712 8791 3119
f 8826 8822 8823
f 8825 8823 8824
f 8827 8824 2712
f 8828 8827 2711
f 8829 8825 8827
f 8830 8826 8825
f 8743 8762 8764
f 8817 8820 8831
f 8770 8744 8743
f 8741 8770 8831
f 8820 8822 8742
f 8740 8742 8822
f 8738 8740 8826
f 8736 8738 8830
f 8833 8828 2400
f 8834 8829 8828
f 8832 8830 8829
f 8835 8833 2402
f 3058 8835 2707
f 3061 8836 8835
f 8836 8834 8833
f 8733 8736 8832
f 8837 8832 8834
f 8777 8734 8733
f 8838 8733 8837
f 8837 8836 3061
f 1961 3057 8838
f 3057 3184 8777
f 8779 8754 8753
f 8778 8757 8754
f 8780 8759 8757
f 8781 8761 8759
f 8782 8763 8761
f 8821 8816 8784
f 8785 8790 8789
f 2723 3115 8790
f 2875 2733 8784
f 2736 2824 8786
f 2947 8779 8839
f 8815 8814 1360
f 1900 1925 1924
f 1736 1717 1718
f 1955 1952 1943
f 1671 1738 1735
f 1696 1750 1698
f 1800 1865 1864
f 2063 2055 2056
f 1737 1734 1717
f 1751 1735 1697
f 943 9337 9351
f 9108 8839 8753
f 1577 1578 1764
f 9369 1598 1599
f 1945 146 82
f 68 6 7
f 147 1542 1543
f 1109 1135 1133
f 1503 1910 1907
f 1499 1501 1909
f 452 1922 735
f 1824 2068 9287
f 1825 2067 2068
f 1463 1462 1022
f 841 1012 1009
f 1568 1547 1955
f 1910 1503 1502
f 1939 1502 422
f 309 280 1940
f 1804 1851 1866
f 269 1482 1954
f 2065 1607 2060
f 9264 1685 1758
f 280 276 552
f 1875 1873 1869
f 1739 1721 1734
f 5923 5897 5899
f 1778 1779 1790
f 310 1920 1915
f 1909 1908 1906
f 1789 1783 1778
f 978 981 980
f 1584 1759 1731
f 425 426 311
f 148 1543 115
f 2044 9349 9346
f 277 1910 1939
f 1943 1946 1945
f 1461 1462 1463
f 2253 8803 3056
f 2981 2254 8927
f 2209 2998 8927
f 2254 2253 3055
f 2998 926 958
f 2826 2817 2721
f 8928 2739 2721
f 2816 8929 8928
f 2334 2297 2296
f 2298 2297 2334
f 2301 2298 2336
f 2311 2301 2338
f 2312 2311 2354
f 2359 2358 2361
f 2335 2296 2359
f 2414 2413 2365
f 2413 2270 2361
f 2355 2352 2540
f 2541 2540 2539
f 2722 2721 2739
f 3114 2722 2738
f 3110 3112 3121
f 3108 3110 3120
f 3122 1754 3127
f 3112 3122 3126
f 3127 1754 1753
f 3139 3133 2529
f 9196 9227 3133
f 8928 2789 2740
f 8929 2790 2789
f 228 229 91
f 245 244 243
f 248 7 247
f 2 297 296
f 145 146 300
f 327 213 210
f 329 332 331
f 239 241 240
f 373 376 375
f 178 177 176
f 1218 1225 1228
f 9314 1231 1295
f 808 809 824
f 9310 9311 1013
f 9265 9262 1411
f 2154 2149 2159
f 9297 9287 1758
f 306 807 1922
f 2157 2153 1976
f 708 709 2031
f 1450 1226 1227
f 1672 1604 1605
f 1813 1814 1821
f 1717 1716 1715
f 176 159 402
f 1710 1705 9368
f 1712 1580 1577
f 1705 1713 1711
f 3435 3476 3475
f 971 978 979
f 822 823 1094
f 2909 2810 2793
f 2810 2769 2795
f 2799 2910 2249
f 9114 9095 2910
f 2769 2768 2801
f 3177 3176 3178
f 3178 8732 3180
f 3181 1394 1393
f 3181 1633 1632
f 3182 1632 2244
f 3183 2244 2243
f 8932 2791 2790
f 2808 8932 8929
f 2239 9018 9016
f 1149 1150 9015
f 1150 2009 9011
f 2202 9013 9010
f 2921 9008 9009
f 9012 9004 2133
f 1777 1579 1759
f 1201 1196 1183
f 9005 8998 2195
f 8997 9020 2770
f 9379 9377 1687
f 1516 152 154
f 8993 9006 2974
f 8994 8992 2779
f 2771 2772 9019
f 3070 2771 8990
f 8991 8988 2775
f 1376 1375 1370
f 2767 8987 9000
f 2195 8998 8987
f 2775 8988 8986
f 8344 5617 8989
f 9256 9254 8983
f 2776 8986 8982
f 2240 9016 8979
f 2920 8979 9121
f 8992 8978 2786
f 1805 1850 1851
f 8978 8976 2787
f 2951 2773 8984
f 2772 2951 8975
f 2973 2224 8974
f 2224 2223 8981
f 1957 1953 320
f 306 305 304
f 2770 9020 8972
f 2913 8972 9018
f 2923 9009 8971
f 308 1940 431
f 207 208 132
f 1879 1876 1881
f 9185 9239 8969
f 2475 3070 9002
f 2476 2475 8968
f 2223 2476 8967
f 8966 8993 2803
f 2037 9007 11
f 1959 1958 450
f 2003 8999 8964
f 9 10 334
f 2009 2008 8962
f 2008 2973 8980
f 9329 672 673
f 8959 8994 2778
f 2935 8958 8957
f 111 1149 9014
f 3238 3342 3341
f 8954 8958 2935
f 683 9328 9337
f 8952 9001 2810
f 736 733 732
f 1795 1804 1803
f 8949 8954 2938
f 8951 8949 2939
f 2950 8956 8948
f 2940 2949 8948
f 9253 9243 8956
f 2868 8953 8946
f 2869 8946 8966
f 1024 1034 1023
f 8944 8947 2948
f 551 1939 442
f 2972 8943 9012
f 2032 8977 8943
f 216 93 1924
f 3532 3534 3482
f 203 202 201
f 3539 3542 3541
f 1828 1848 1847
f 1958 1957 449
f 272 271 178
f 2871 8989 8939
f 9071 9121 9008
f 2801 2768 9095
f 2005 9210 9106
f 960 886 899
f 9109 9107 9064
f 9232 9240 9098
f 3151 9098 9045
f 2193 9056 9075
f 9059 9055 3145
f 9055 9101 2761
f 9044 9059 3144
f 2926 9110 9086
f 9086 9044 3104
f 9207 9206 9198
f 566 567 9210
f 8839 9108 1864
f 1602 1586 2079
f 2868 9110 9063
f 2922 9063 9062
f 2923 9062 9070
f 9122 9065 2918
f 9071 9122 9066
f 2921 9070 9122
f 2920 9066 9038
f 9065 9094 2915
f 2917 2766 9074
f 2916 2917 9093
f 2239 9039 9104
f 2911 9092 9104
f 9095 9092 2911
f 2797 2801 9114
f 2797 9043 9050
f 9074 9080 2763
f 9060 9080 2764
f 2194 9075 9100
f 2221 9100 9101
f 2756 9060 9061
f 2750 9050 9061
f 9121 8979 1817
f 9215 9222 1691
f 2515 9073 9042
f 2548 9042 9045
f 2513 2489 9084
f 2513 9068 9073
f 2509 9085 9072
f 2510 9084 9085
f 2289 9072 9091
f 2283 9091 9069
f 2240 9038 9039
f 9111 9109 9076
f 716 2121 9339
f 727 1999 9213
f 2165 2171 2170
f 9112 9111 9078
f 9195 9033 9030
f 2175 2172 769
f 2100 500 2095
f 9210 567 9209
f 640 9004 9012
f 1653 9020 8997
f 1895 8980 8974
f 746 8974 8981
f 1653 1810 8972
f 9214 1603 1604
f 2093 2075 2073
f 959 996 995
f 962 899 919
f 1400 1401 1398
f 1000 817 1127
f 956 959 884
f 1662 8992 8994
f 2034 9002 8990
f 9378 1689 8983
f 8979 9016 766
f 9016 9018 765
f 334 9014 9015
f 1868 8975 8984
f 1684 1651 1652
f 1682 1683 775
f 1585 1603 9214
f 9215 9214 1672
f 2173 2174 490
f 1658 8988 8991
f 9000 8987 1650
f 1571 9206 2010
f 1587 9116 9123
f 2099 2095 2077
f 787 9213 1999
f 2000 9146 786
f 3155 339 9149
f 9165 3155 9135
f 2180 2179 9137
f 8940 2180 9136
f 1684 9298 9292
f 1760 464 8939
f 2607 9141 9145
f 2581 9128 9141
f 2371 2502 9152
f 2371 9147 9145
f 2587 9128 9127
f 2586 9127 9149
f 2497 9143 9139
f 2502 2503 9139
f 2494 9143 9142
f 9142 9140 2472
f 9140 9153 2468
f 9153 9155 2469
f 726 9360 9344
f 581 9011 8962
f 10 8955 9014
f 1837 8958 8954
f 741 8981 8967
f 1299 8968 9002
f 1851 8951 8948
f 8971 9009 1820
f 580 8962 8980
f 1758 1685 8966
f 1693 9001 8952
f 8948 8956 1867
f 1894 1826 9012
f 2126 1418 9265
f 9358 2126 9293
f 2113 9363 9319
f 2179 9165 9241
f 624 9355 9356
f 2192 9056 9240
f 2177 8985 9239
f 1364 9276 9285
f 9310 9307 1470
f 3135 1753 9227
f 2069 9264 9287
f 1351 9313 9305
f 2108 9334 9353
f 2089 2092 9188
f 9280 9286 1358
f 2001 9201 9235
f 2187 9235 9171
f 2130 9208 9204
f 2004 9204 9201
f 2014 9176 9231
f 2201 9231 9208
f 3167 9172 9211
f 3168 9176 9172
f 3159 9161 9216
f 3160 9216 9217
f 9182 9159 3158
f 3158 9159 9161
f 2200 3069 9182
f 9137 9241 9194
f 9174 9226 2197
f 9242 9188 2092
f 9226 9242 9173
f 3154 9158 9242
f 3155 9165 9158
f 2091 9171 9173
f 2196 3148 9202
f 2193 2196 9228
f 9056 2193 9233
f 2086 2192 9232
f 2087 2086 9230
f 2204 9194 9203
f 2205 9203 9202
f 9361 9338 574
f 2124 2087 9229
f 2208 2124 9212
f 9163 9237 3140
f 9237 9197 3138
f 9197 9196 3139
f 9223 9164 3136
f 9164 9163 3137
f 9227 9219 3131
f 9219 9234 3132
f 1813 9291 9290
f 1293 9306 9308
f 2184 2321 9200
f 2181 2184 9184
f 9217 9220 3079
f 9220 9186 3080
f 709 9325 9327
f 2774 2961 9189
f 9238 9221 2134
f 9261 9260 766
f 2968 9236 9218
f 2969 9211 9236
f 2958 9199 9189
f 2132 9199 9218
f 2321 2185 9223
f 9312 9300 1449
f 9357 9326 582
f 9338 9341 577
f 9299 9278 1818
f 705 9354 9339
f 9268 9364 9359
f 2111 9335 9363
f 9262 9281 1366
f 1812 9291 9274
f 675 9303 9304
f 8940 9157 9303
f 2110 9319 9320
f 2104 9348 9353
f 2109 9320 9351
f 9294 9283 703
f 1680 9263 9298
f 1639 1627 9271
f 623 9356 9358
f 2139 2140 9318
f 1808 1640 9296
f 9272 9273 1819
f 9324 9366 9352
f 1646 9284 9282
f 9341 9342 633
f 2139 9317 9327
f 2156 2155 9323
f 674 9304 9365
f 2117 9269 9264
f 1815 9274 9299
f 9307 9301 1444
f 697 9358 9364
f 866 842 9288
f 9316 9321 2136
f 9037 9183 9178
f 9035 9192 9183
f 9205 9198 9190
f 9192 9035 9033
f 1088 9190 9198
f 9191 9192 9195
f 2791 8932 8933
f 8932 2808 2807
f 2792 8933 8934
f 8933 2807 2806
f 8952 2909 8934
f 8960 8934 2806
f 2948 8947 9243
f 2105 9360 9348
f 8982 9254 9256
f 680 9330 9328
f 1891 1890 9362
f 2905 9251 9253
f 2900 9249 9251
f 2901 9249 9259
f 2734 2878 9258
f 2877 9259 9258
f 2820 9252 9246
f 2818 9248 9244
f 2823 9245 9244
f 2822 9245 9250
f 2819 2735 9252
f 2817 9248 9247
f 2809 9257 9247
f 2808 9257 9255
f 2805 9256 9255
f 1702 9373 9375
f 9374 9372 1797
f 9367 9368 1706
f 9370 9379 1692
f 1657 9350 9332
f 1890 1877 9347
f 9224 9222 1674
f 1689 1690 9224
f 9378 9254 8982
f 8960 8983 1689
f 9369 9375 1703
f 1598 9369 9380
f 9332 9336 1876
f 1691 1690 9377
f 9377 9378 1688
f 9386 9385 9389
f 9386 9390 9391
f 9384 9388 9389
f 9390 9394 9395
f 9389 9388 9392
f 9389 9393 9394
f 9394 9398 9399
f 9393 9392 9396
f 9394 9393 9397
f 9399 9398 9402
f 9396 9400 9401
f 9397 9401 9402
f 9402 9406 9407
f 9401 9400 9404
f 9402 9401 9405
f 9407 9406 9410
f 9405 9404 9408
f 9405 9409 9410
f 9411 9410 9414
f 9409 9408 9412
f 9410 9409 9413
f 9414 9418 9419
f 9412 9416 9417
f 9413 9417 9418
f 9418 9422 9423
f 9417 9416 9420
f 9418 9417 9421
f 9422 9426 9427
f 9420 9424 9425
f 9421 9425 9426
f 9426 9430 9431
f 9425 9424 9428
f 9426 9425 9429
f 9431 9430 9434
f 9428 9432 9433
f 9429 9433 9434
f 9434 9438 9439
f 9433 9432 9436
f 9434 9433 9437
f 9439 9438 9442
f 9436 9440 9441
f 9437 9441 9442
f 9443 9442 9446
f 9441 9440 9444
f 9442 9441 9445
f 9447 9446 9450
f 9444 9448 9449
f 9445 9449 9450
f 9450 9454 9455
f 9449 9448 9452
f 9450 9449 9453
f 9454 9458 9459
f 9452 9456 9457
f 9453 9457 9458
f 9458 9462 9463
f 9457 9456 9460
f 9458 9457 9461
f 9463 9462 9466
f 9460 9464 9465
f 9461 9465 9466
f 9466 9470 9471
f 9465 9464 9468
f 9466 9465 9469
f 9471 9470 9474
f 9468 9472 9473
f 9469 9473 9474
f 9475 9474 9478
f 9473 9472 9476
f 9474 9473 9477
f 9479 9478 9482
f 9476 9480 9481
f 9477 9481 9482
f 9483 9482 9486
f 9481 9480 9484
f 9482 9481 9485
f 9486 9490 9491
f 9484 9488 9489
f 9485 9489 9490
f 9490 9494 9495
f 9489 9488 9492
f 9490 9489 9493
f 9495 9494 9498
f 9492 9496 9497
f 9493 9497 9498
f 9498 9502 9503
f 9497 9496 9500
f 9498 9497 9501
f 9503 9502 9507
f 9500 9505 9506
f 9501 9506 9507
f 9508 9507 9511
f 9505 9509 9510
f 9507 9506 9510
f 9512 9511 9386
f 9510 9509 9384
f 9510 9385 9386
f 9521 9520 9533
f 9518 9531 9532
f 9517 9516 9529
f 9515 9514 9527
f 9523 9536 9537
f 9521 9534 9535
f 9519 9532 9533
f 9518 9517 9530
f 9515 9528 9529
f 9513 9526 9527
f 9524 9537 9538
f 9523 9522 9535
f 9528 9541 9542
f 9526 9539 9540
f 9538 9537 9550
f 9535 9548 9549
f 9534 9533 9546
f 9531 9544 9545
f 9530 9529 9542
f 9528 9527 9540
f 9537 9536 9549
f 9534 9547 9548
f 9532 9545 9546
f 9531 9530 9543
f 9541 9554 9555
f 9540 9539 9552
f 9550 9563 9564
f 9548 9561 9562
f 9547 9546 9559
f 9544 9557 9558
f 9542 9555 9556
f 9541 9540 9553
f 9549 9562 9563
f 9547 9560 9561
f 9546 9545 9558
f 9544 9543 9556
f 9555 9554 9567
f 9552 9565 9566
f 9564 9563 9576
f 9562 9561 9574
f 9559 9572 9573
f 9557 9570 9571
f 9555 9568 9569
f 9553 9566 9567
f 9562 9575 9576
f 9561 9560 9573
f 9559 9558 9571
f 9557 9556 9569
f 9567 9580 9581
f 9566 9565 9578
f 9576 9589 9590
f 9575 9574 9587
f 9572 9585 9586
f 9571 9570 9583
f 9569 9568 9581
f 9566 9579 9580
f 9576 9575 9588
f 9574 9573 9586
f 9571 9584 9585
f 9569 9582 9583
f 9581 9580 9593
f 9578 9591 9592
f 9590 9589 9602
f 9588 9587 9600
f 9585 9598 9599
f 9583 9596 9597
f 9582 9581 9594
f 9579 9592 9593
f 9589 9588 9601
f 9587 9586 9599
f 9584 9597 9598
f 9583 9582 9595
f 9594 9593 9606
f 9592 9591 9604
f 9602 9615 9616
f 9601 9600 9613
f 9598 9611 9612
f 9596 9609 9610
f 9594 9607 9608
f 9592 9605 9606
f 9601 9614 9615
f 9600 9599 9612
f 9598 9597 9610
f 9596 9595 9608
f 9607 9606 9619
f 9605 9604 9617
f 9615 9628 9629
f 9613 9626 9627
f 9611 9624 9625
f 9610 9609 9622
f 9607 9620 9621
f 9605 9618 9619
f 9615 9614 9627
f 9613 9612 9625
f 9611 9610 9623
f 9608 9621 9622
f 9619 9632 9633
f 9617 9630 9631
f 9628 9641 9642
f 9627 9626 9639
f 9625 9624 9637
f 9622 9635 9636
f 9621 9620 9633
f 9619 9618 9631
f 9627 9640 9641
f 9625 9638 9639
f 9623 9636 9637
f 9622 9621 9634
f 9632 9645 9646
f 9630 9643 9644
f 9642 9641 9654
f 9639 9652 9653
f 9638 9637 9650
f 9635 9648 9649
f 9634 9633 9646
f 9632 9631 9644
f 9641 9640 9653
f 9638 9651 9652
f 9636 9649 9650
f 9635 9634 9647
f 9645 9658 9659
f 9644 9643 9656
f 9654 9667 9668
f 9652 9665 9666
f 9651 9650 9663
f 9648 9661 9662
f 9646 9659 9660
f 9645 9644 9657
f 9653 9666 9667
f 9651 9664 9665
f 9650 9649 9662
f 9648 9647 9660
f 9659 9658 9671
f 9656 9669 9670
f 9668 9667 9680
f 9665 9678 9679
f 9663 9676 9677
f 9661 9674 9675
f 9659 9672 9673
f 9657 9670 9671
f 9666 9679 9680
f 9665 9664 9677
f 9663 9662 9675
f 9661 9660 9673
f 9671 9684 9685
f 9670 9669 9682
f 9680 9693 9694
f 9678 9691 9692
f 9677 9676 9689
f 9675 9674 9687
f 9673 9672 9685
f 9670 9683 9684
f 9680 9679 9692
f 9678 9677 9690
f 9675 9688 9689
f 9673 9686 9687
f 9685 9684 9697
f 9682 9695 9696
f 9694 9693 9706
f 9692 9691 9704
f 9689 9702 9703
f 9687 9700 9701
f 9686 9685 9698
f 9683 9696 9697
f 9693 9692 9705
f 9691 9690 9703
f 9688 9701 9702
f 9687 9686 9699
f 9698 9697 9710
f 9696 9695 9708
f 9706 9719 9720
f 9705 9704 9717
f 9702 9715 9716
f 9700 9713 9714
f 9698 9711 9712
f 9696 9709 9710
f 9705 9718 9719
f 9704 9703 9716
f 9702 9701 9714
f 9700 9699 9712
f 9711 9710 9723
f 9709 9708 9721
f 9719 9732 9733
f 9717 9730 9731
f 9715 9728 9729
f 9714 9713 9726
f 9711 9724 9725
f 9709 9722 9723
f 9718 9731 9732
f 9717 9716 9729
f 9715 9714 9727
f 9712 9725 9726
f 9723 9736 9737
f 9721 9734 9735
f 9733 9732 9745
f 9731 9730 9743
f 9729 9728 9741
f 9726 9739 9740
f 9725 9724 9737
f 9723 9722 9735
f 9732 9731 9744
f 9729 9742 9743
f 9727 9740 9741
f 9726 9725 9738
f 9736 9749 9750
f 9734 9747 9748
f 9746 9745 9758
f 9743 9756 9757
f 9742 9741 9754
f 9739 9752 9753
f 9738 9737 9750
f 9736 9735 9748
f 9745 9744 9757
f 9742 9755 9756
f 9740 9753 9754
f 9739 9738 9751
f 9749 9762 9763
f 9748 9747 9760
f 9758 9771 9772
f 9756 9769 9770
f 9755 9754 9767
f 9752 9765 9766
f 9750 9763 9764
f 9749 9748 9761
f 9757 9770 9771
f 9756 9755 9768
f 9754 9753 9766
f 9752 9751 9764
f 9762 9775 9776
f 9760 9773 9774
f 9772 9771 9784
f 9770 9769 9782
f 9768 9767 9780
f 9765 9778 9779
f 9763 9776 9777
f 9762 9761 9774
f 9770 9783 9784
f 9768 9781 9782
f 9767 9766 9779
f 9764 9777 9778
f 9775 9788 9789
f 9774 9773 9786
f 9784 9797 9798
f 9782 9795 9796
f 9781 9780 9793
f 9779 9778 9791
f 9777 9776 9789
f 9774 9787 9788
f 9784 9783 9796
f 9782 9781 9794
f 9779 9792 9793
f 9777 9790 9791
f 9789 9788 9802
f 9786 9800 9801
f 9798 9797 9811
f 9796 9795 9809
f 9793 9807 9808
f 9792 9791 9805
f 9790 9789 9803
f 9787 9801 9802
f 9797 9796 9810
f 9795 9794 9808
f 9792 9806 9807
f 9790 9804 9805
f 9803 9802 9815
f 9801 9800 9813
f 9811 9824 9825
f 9810 9809 9822
f 9807 9820 9821
f 9806 9805 9818
f 9803 9816 9817
f 9801 9814 9815
f 9810 9823 9824
f 9809 9808 9821
f 9807 9806 9819
f 9804 9817 9818
f 9816 9815 9828
f 9814 9813 9826
f 9825 9824 9837
f 9822 9835 9836
f 9820 9833 9834
f 9819 9818 9831
f 9816 9829 9830
f 9814 9827 9828
f 9824 9823 9836
f 9822 9821 9834
f 9820 9819 9832
f 9817 9830 9831
f 9828 9841 9842
f 9826 9839 9840
f 9837 9850 9851
f 9836 9835 9848
f 9834 9833 9846
f 9831 9844 9845
f 9830 9829 9842
f 9828 9827 9840
f 9836 9849 9850
f 9834 9847 9848
f 9832 9845 9846
f 9831 9830 9843
f 9841 9854 9855
f 9839 9852 9853
f 9851 9850 9863
f 9848 9861 9862
f 9847 9846 9859
f 9845 9844 9857
f 9843 9842 9855
f 9841 9840 9853
f 9850 9849 9862
f 9847 9860 9861
f 9845 9858 9859
f 9843 9856 9857
f 9854 9867 9868
f 9853 9852 9865
f 9863 9876 9877
f 9861 9874 9875
f 9860 9859 9872
f 9858 9857 9870
f 9855 9868 9869
f 9854 9853 9866
f 9862 9875 9876
f 9860 9873 9874
f 9859 9858 9871
f 9856 9869 9870
f 9868 9867 9880
f 9865 9878 9879
f 9877 9876 9889
f 9875 9874 9887
f 9873 9872 9885
f 9870 9883 9884
f 9868 9881 9882
f 9867 9866 9879
f 9875 9888 9889
f 9873 9886 9887
f 9872 9871 9884
f 9870 9869 9882
f 9880 9893 9894
f 9878 9891 9892
f 9889 9902 9903
f 9887 9900 9901
f 9886 9885 9898
f 9884 9883 9896
f 9882 9881 9894
f 9879 9892 9893
f 9889 9888 9901
f 9887 9886 9899
f 9884 9897 9898
f 9882 9895 9896
f 9894 9893 9906
f 9891 9904 9905
f 9903 9902 9915
f 9901 9900 9913
f 9898 9911 9912
f 9896 9909 9910
f 9895 9894 9907
f 9892 9905 9906
f 9902 9901 9914
f 9899 9912 9913
f 9897 9910 9911
f 9896 9895 9908
f 9907 9906 9919
f 9905 9904 9917
f 9915 9928 9929
f 9914 9913 9926
f 9911 9924 9925
f 9909 9922 9923
f 9907 9920 9921
f 9905 9918 9919
f 9914 9927 9928
f 9913 9912 9925
f 9911 9910 9923
f 9909 9908 9921
f 9920 9919 9515
f 9918 9917 9513
f 9929 9928 9524
f 9926 9522 9523
f 9924 9520 9521
f 9923 9922 9518
f 9920 9516 9517
f 9918 9514 9515
f 9928 9927 9523
f 9926 9925 9521
f 9924 9923 9519
f 9921 9517 9518
f 9387 9513 9917
f 9917 9904 9508
f 9904 9891 9503
f 9891 9878 9499
f 9499 9878 9865
f 9495 9865 9852
f 9491 9852 9839
f 9839 9826 9483
f 9483 9826 9813
f 9813 9800 9475
f 9800 9786 9471
f 9786 9773 9467
f 9467 9773 9760
f 9463 9760 9747
f 9459 9747 9734
f 9734 9721 9451
f 9451 9721 9708
f 9708 9695 9443
f 9695 9682 9439
f 9682 9669 9435
f 9435 9669 9656
f 9431 9656 9643
f 9427 9643 9630
f 9630 9617 9419
f 9419 9617 9604
f 9604 9591 9411
f 9591 9578 9407
f 9578 9565 9403
f 9403 9565 9552
f 9399 9552 9539
f 9395 9539 9526
f 9526 9513 9387
f 9932 9931 9935
f 9932 9936 9937
f 9931 9930 9934
f 9936 9940 9941
f 9934 9938 9939
f 9935 9939 9940
f 9940 9944 9945
f 9939 9938 9942
f 9940 9939 9943
f 9945 9944 9948
f 9942 9946 9947
f 9943 9947 9948
f 9948 9952 9953
f 9947 9946 9950
f 9948 9947 9951
f 9953 9952 9956
f 9950 9954 9955
f 9951 9955 9956
f 9957 9956 9960
f 9955 9954 9958
f 9956 9955 9959
f 9961 9960 9964
f 9958 9962 9963
f 9959 9963 9964
f 9965 9964 9968
f 9963 9962 9966
f 9964 9963 9967
f 9968 9972 9973
f 9966 9970 9971
f 9967 9971 9972
f 9972 9976 9977
f 9970 9974 9975
f 9972 9971 9975
f 9977 9976 9980
f 9974 9978 9979
f 9975 9979 9980
f 9980 9984 9985
f 9979 9978 9982
f 9980 9979 9983
f 9985 9984 9988
f 9982 9986 9987
f 9983 9987 9988
f 9989 9988 9992
f 9986 9990 9991
f 9988 9987 9991
f 9993 9992 9996
f 9991 9990 9994
f 9991 9995 9996
f 9996 10000 10001
f 9994 9998 9999
f 9996 9995 9999
f 10000 10004 10005
f 9999 9998 10002
f 9999 10003 10004
f 10004 10008 10009
f 10003 10002 10006
f 10004 10003 10007
f 10009 10008 10012
f 10006 10010 10011
f 10007 10011 10012
f 10012 10016 10017
f 10011 10010 10014
f 10012 10011 10015
f 10017 10016 10020
f 10014 10018 10019
f 10015 10019 10020
f 10021 10020 10024
f 10019 10018 10022
f 10020 10019 10023
f 10024 10028 10029
f 10022 10026 10027
f 10023 10027 10028
f 10028 10032 10033
f 10027 10026 10030
f 10028 10027 10031
f 10032 10036 10037
f 10030 10034 10035
f 10031 10035 10036
f 10036 10040 10041
f 10035 10034 10038
f 10036 10035 10039
f 10041 10040 10044
f 10038 10042 10043
f 10039 10043 10044
f 10044 10048 10049
f 10043 10042 10046
f 10044 10043 10047
f 10049 10048 10053
f 10046 10051 10052
f 10047 10052 10053
f 10054 10053 10057
f 10052 10051 10055
f 10053 10052 10056
f 10058 10057 9932
f 10055 9930 9931
f 10056 9931 9932
f 10067 10066 10079
f 10064 10077 10078
f 10063 10062 10075
f 10061 10060 10073
f 10070 10069 10082
f 10067 10080 10081
f 10065 10078 10079
f 10064 10063 10076
f 10061 10074 10075
f 10059 10072 10073
f 10071 10070 10083
f 10069 10068 10081
f 10074 10087 10088
f 10072 10085 10086
f 10084 10083 10096
f 10081 10094 10095
f 10080 10079 10092
f 10078 10077 10090
f 10076 10075 10088
f 10074 10073 10086
f 10083 10082 10095
f 10080 10093 10094
f 10078 10091 10092
f 10076 10089 10090
f 10087 10100 10101
f 10086 10085 10098
f 10096 10109 10110
f 10094 10107 10108
f 10093 10092 10105
f 10091 10090 10103
f 10088 10101 10102
f 10087 10086 10099
f 10095 10108 10109
f 10094 10093 10106
f 10092 10091 10104
f 10089 10102 10103
f 10100 10113 10114
f 10098 10111 10112
f 10110 10109 10122
f 10108 10107 10120
f 10105 10118 10119
f 10103 10116 10117
f 10101 10114 10115
f 10100 10099 10112
f 10108 10121 10122
f 10106 10119 10120
f 10105 10104 10117
f 10103 10102 10115
f 10113 10126 10127
f 10112 10111 10124
f 10122 10135 10136
f 10120 10133 10134
f 10119 10118 10131
f 10117 10116 10129
f 10115 10114 10127
f 10113 10112 10125
f 10122 10121 10134
f 10119 10132 10133
f 10117 10130 10131
f 10115 10128 10129
f 10127 10126 10139
f 10124 10137 10138
f 10136 10135 10148
f 10134 10133 10146
f 10131 10144 10145
f 10130 10129 10142
f 10128 10127 10140
f 10125 10138 10139
f 10135 10134 10147
f 10133 10132 10145
f 10130 10143 10144
f 10128 10141 10142
f 10140 10139 10152
f 10138 10137 10150
f 10148 10161 10162
f 10147 10146 10159
f 10144 10157 10158
f 10143 10142 10155
f 10140 10153 10154
f 10138 10151 10152
f 10147 10160 10161
f 10146 10145 10158
f 10144 10143 10156
f 10141 10154 10155
f 10153 10152 10165
f 10151 10150 10163
f 10162 10161 10174
f 10159 10172 10173
f 10157 10170 10171
f 10156 10155 10168
f 10153 10166 10167
f 10151 10164 10165
f 10161 10160 10173
f 10159 10158 10171
f 10157 10156 10169
f 10154 10167 10168
f 10165 10178 10179
f 10163 10176 10177
f 10175 10174 10187
f 10173 10172 10185
f 10171 10170 10183
f 10168 10181 10182
f 10167 10166 10179
f 10165 10164 10177
f 10173 10186 10187
f 10171 10184 10185
f 10169 10182 10183
f 10168 10167 10180
f 10178 10191 10192
f 10176 10189 10190
f 10188 10187 10200
f 10185 10198 10199
f 10184 10183 10196
f 10182 10181 10194
f 10180 10179 10192
f 10178 10177 10190
f 10187 10186 10199
f 10184 10197 10198
f 10182 10195 10196
f 10180 10193 10194
f 10191 10204 10205
f 10190 10189 10202
f 10200 10213 10214
f 10198 10211 10212
f 10197 10196 10209
f 10195 10194 10207
f 10192 10205 10206
f 10191 10190 10203
f 10199 10212 10213
f 10197 10210 10211
f 10196 10195 10208
f 10193 10206 10207
f 10205 10204 10217
f 10202 10215 10216
f 10214 10213 10226
f 10211 10224 10225
f 10210 10209 10222
f 10207 10220 10221
f 10205 10218 10219
f 10204 10203 10216
f 10212 10225 10226
f 10210 10223 10224
f 10209 10208 10221
f 10207 10206 10219
f 10217 10230 10231
f 10216 10215 10228
f 10226 10239 10240
f 10224 10237 10238
f 10223 10222 10235
f 10221 10220 10233
f 10219 10218 10231
f 10217 10216 10229
f 10226 10225 10238
f 10223 10236 10237
f 10221 10234 10235
f 10219 10232 10233
f 10231 10230 10243
f 10228 10241 10242
f 10240 10239 10252
f 10238 10237 10250
f 10235 10248 10249
f 10234 10233 10246
f 10232 10231 10244
f 10229 10242 10243
f 10239 10238 10251
f 10237 10236 10249
f 10234 10247 10248
f 10232 10245 10246
f 10244 10243 10256
f 10242 10241 10254
f 10252 10265 10266
f 10251 10250 10263
f 10248 10261 10262
f 10247 10246 10259
f 10244 10257 10258
f 10242 10255 10256
f 10251 10264 10265
f 10250 10249 10262
f 10248 10247 10260
f 10245 10258 10259
f 10257 10256 10269
f 10255 10254 10267
f 10266 10265 10278
f 10263 10276 10277
f 10261 10274 10275
f 10260 10259 10272
f 10257 10270 10271
f 10255 10268 10269
f 10265 10264 10277
f 10263 10262 10275
f 10261 10260 10273
f 10258 10271 10272
f 10269 10282 10283
f 10267 10280 10281
f 10278 10291 10292
f 10277 10276 10289
f 10275 10274 10287
f 10272 10285 10286
f 10271 10270 10283
f 10269 10268 10281
f 10277 10290 10291
f 10275 10288 10289
f 10273 10286 10287
f 10272 10271 10284
f 10282 10295 10296
f 10280 10293 10294
f 10292 10291 10304
f 10289 10302 10303
f 10288 10287 10300
f 10286 10285 10298
f 10284 10283 10296
f 10282 10281 10294
f 10291 10290 10303
f 10288 10301 10302
f 10286 10299 10300
f 10284 10297 10298
f 10295 10308 10309
f 10294 10293 10306
f 10304 10317 10318
f 10302 10315 10316
f 10301 10300 10313
f 10299 10298 10311
f 10296 10309 10310
f 10295 10294 10307
f 10303 10316 10317
f 10301 10314 10315
f 10300 10299 10312
f 10297 10310 10311
f 10309 10308 10321
f 10307 10306 10319
f 10318 10317 10330
f 10316 10315 10328
f 10314 10313 10326
f 10311 10324 10325
f 10309 10322 10323
f 10308 10307 10320
f 10316 10329 10330
f 10314 10327 10328
f 10313 10312 10325
f 10311 10310 10323
f 10321 10334 10335
f 10320 10319 10332
f 10330 10343 10344
f 10329 10328 10341
f 10326 10339 10340
f 10325 10324 10337
f 10323 10322 10335
f 10320 10333 10334
f 10330 10329 10342
f 10328 10327 10340
f 10325 10338 10339
f 10323 10336 10337
f 10335 10334 10348
f 10332 10346 10347
f 10344 10343 10357
f 10342 10341 10355
f 10339 10353 10354
f 10337 10351 10352
f 10336 10335 10349
f 10333 10347 10348
f 10343 10342 10356
f 10341 10340 10354
f 10338 10352 10353
f 10337 10336 10350
f 10349 10348 10361
f 10347 10346 10359
f 10357 10370 10371
f 10356 10355 10368
f 10353 10366 10367
f 10351 10364 10365
f 10349 10362 10363
f 10347 10360 10361
f 10356 10369 10370
f 10355 10354 10367
f 10353 10352 10365
f 10351 10350 10363
f 10362 10361 10374
f 10360 10359 10372
f 10371 10370 10383
f 10368 10381 10382
f 10366 10379 10380
f 10365 10364 10377
f 10362 10375 10376
f 10360 10373 10374
f 10370 10369 10382
f 10368 10367 10380
f 10366 10365 10378
f 10363 10376 10377
f 10374 10387 10388
f 10372 10385 10386
f 10383 10396 10397
f 10382 10381 10394
f 10380 10379 10392
f 10377 10390 10391
f 10376 10375 10388
f 10374 10373 10386
f 10382 10395 10396
f 10380 10393 10394
f 10378 10391 10392
f 10377 10376 10389
f 10387 10400 10401
f 10385 10398 10399
f 10397 10396 10409
f 10394 10407 10408
f 10393 10392 10405
f 10390 10403 10404
f 10389 10388 10401
f 10387 10386 10399
f 10396 10395 10408
f 10393 10406 10407
f 10391 10404 10405
f 10390 10389 10402
f 10400 10413 10414
f 10399 10398 10411
f 10409 10422 10423
f 10407 10420 10421
f 10406 10405 10418
f 10403 10416 10417
f 10401 10414 10415
f 10400 10399 10412
f 10408 10421 10422
f 10406 10419 10420
f 10405 10404 10417
f 10403 10402 10415
f 10414 10413 10426
f 10411 10424 10425
f 10423 10422 10435
f 10420 10433 10434
f 10418 10431 10432
f 10416 10429 10430
f 10414 10427 10428
f 10412 10425 10426
f 10421 10434 10435
f 10419 10432 10433
f 10418 10417 10430
f 10416 10415 10428
f 10427 10426 10439
f 10425 10424 10437
f 10435 10448 10449
f 10433 10446 10447
f 10431 10444 10445
f 10430 10429 10442
f 10428 10427 10440
f 10425 10438 10439
f 10435 10434 10447
f 10433 10432 10445
f 10430 10443 10444
f 10428 10441 10442
f 10440 10439 10452
f 10437 10450 10451
f 10449 10448 10461
f 10447 10446 10459
f 10444 10457 10458
f 10443 10442 10455
f 10441 10440 10453
f 10438 10451 10452
f 10448 10447 10460
f 10446 10445 10458
f 10443 10456 10457
f 10441 10454 10455
f 10453 10452 10465
f 10451 10450 10463
f 10461 10474 10475
f 10460 10459 10472
f 10457 10470 10471
f 10456 10455 10468
f 10453 10466 10467
f 10451 10464 10465
f 10460 10473 10474
f 10459 10458 10471
f 10457 10456 10469
f 10454 10467 10468
f 10466 10465 10061
f 10464 10463 10059
f 10474 10070 10071
f 10472 10068 10069
f 10470 10066 10067
f 10469 10468 10064
f 10466 10062 10063
f 10464 10060 10061
f 10473 10069 10070
f 10472 10471 10067
f 10470 10469 10065
f 10467 10063 10064
f 9933 10059 10463
f 10463 10450 10054
f 10450 10437 10049
f 10437 10424 10045
f 10045 10424 10411
f 10041 10411 10398
f 10037 10398 10385
f 10385 10372 10029
f 10029 10372 10359
f 10359 10346 10021
f 10346 10332 10017
f 10332 10319 10013
f 10013 10319 10306
f 10009 10306 10293
f 10005 10293 10280
f 10280 10267 9997
f 9997 10267 10254
f 10254 10241 9989
f 10241 10228 9985
f 10228 10215 9981
f 9981 10215 10202
f 9977 10202 10189
f 9973 10189 10176
f 10176 10163 9965
f 9965 10163 10150
f 10150 10137 9957
f 10137 10124 9953
f 10124 10111 9949
f 9949 10111 10098
f 9945 10098 10085
f 9941 10085 10072
f 10072 10059 9933

