# https://github.com/mikedh/trimesh
v 0.05786455 0.27025700 -0.00579936
v 0.06200550 0.26935577 -0.00479980
v 0.06266828 0.27084476 -0.00467463
v 0.05841564 0.27160060 -0.00552808
v 0.07034507 0.27104861 -0.01529773
v 0.07017816 0.27469373 -0.01168402
v 0.06955368 0.27745414 -0.01167796
v 0.06928594 0.27720502 -0.01449965
v 0.02642198 0.23371845 -0.06803411
v 0.01255154 0.23318647 -0.07275512
v 0.01211101 0.22420518 -0.06912562
v 0.02473512 0.22244060 -0.06396692
v 0.04182633 0.20061806 -0.04574984
v 0.03740695 0.20758380 -0.05070168
v 0.03516157 0.19748560 -0.05508569
v 0.04317186 0.19416167 -0.04637516
v 0.03808567 0.33051705 0.07855360
v 0.04540215 0.32891965 0.07332676
v 0.04405398 0.32269761 0.07696006
v -0.05786519 0.27025515 -0.00580125
v -0.06200637 0.26935375 -0.00480170
v -0.06266925 0.27084258 -0.00467676
v -0.05841510 0.27159917 -0.00553060
v -0.07034479 0.27104700 -0.01530008
v -0.07017685 0.27469230 -0.01168660
v -0.06955315 0.27745202 -0.01168048
v -0.06928473 0.27720296 -0.01450216
v 0.03711773 0.32366061 0.08109304
v 0.08859122 0.29325536 -0.02764719
v 0.08834727 0.29059619 -0.02871399
v 0.08847675 0.28912950 -0.02679297
v 0.08846665 0.29154807 -0.02590852
v 0.08423057 0.27462527 -0.02530511
v 0.08422180 0.28210327 -0.02713653
v 0.08563583 0.28474364 -0.02804610
v 0.08564482 0.28259653 -0.02708300
v 0.08439563 0.26414457 -0.02189264
v 0.08344666 0.26474255 -0.02132540
v 0.08489203 0.26936719 -0.02335598
v 0.08583810 0.26909196 -0.02411912
v 0.07086902 0.24549095 0.00184643
v 0.07322847 0.24763440 -0.00020023
v 0.07378709 0.24531910 -0.00138323
v 0.06948018 0.24406017 0.00022908
v 0.06659766 0.24543926 -0.00066816
v 0.07087342 0.24460056 -0.00490643
v 0.07025032 0.24766609 -0.00589213
v 0.06681057 0.24791045 -0.00248348
v 0.08420778 0.30355853 -0.01355127
v 0.08434794 0.30021027 -0.01299313
v 0.08269787 0.29938093 -0.01067440
v 0.08251548 0.30277354 -0.01085068
v 0.07071067 0.27026266 -0.02161029
v 0.06916162 0.26381901 -0.01944220
v 0.07530540 0.26843497 -0.02260206
v 0.07563288 0.27121580 -0.02317951
v 0.08191152 0.29292506 -0.02031939
v 0.08269724 0.29369217 -0.02389565
v 0.08312548 0.29145294 -0.02493558
v 0.08210589 0.28995347 -0.02216477
v 0.08520481 0.29499185 -0.02882859
v 0.08519360 0.29192436 -0.03000648
v 0.06937241 0.25450838 0.00362278
v 0.06848972 0.25809419 0.00431043
v 0.06892068 0.25964028 0.00295323
v 0.06926287 0.25860354 0.00161619
v 0.06919895 0.27095836 -0.01189691
v 0.07068358 0.27532977 -0.01031919
v 0.08076332 0.25404665 -0.01634600
v 0.08057349 0.25587198 -0.01551123
v 0.08263430 0.25971487 -0.01906162
v 0.08284185 0.25845271 -0.02015031
v 0.07773852 0.25837871 -0.01347306
v 0.07972664 0.26082680 -0.01712754
v 0.08078758 0.26132229 -0.01896376
v 0.07979637 0.25929180 -0.01682566
v 0.08481451 0.29599699 -0.02015856
v 0.08304649 0.29836220 -0.01550362
v 0.08389139 0.29791394 -0.01535195
v 0.08567661 0.29544416 -0.02008522
v 0.07751725 0.28325990 -0.02317706
v 0.07624753 0.28828168 -0.02167251
v 0.07529914 0.28767687 -0.02153455
v 0.07639885 0.28326923 -0.02297945
v 0.08499383 0.29257506 -0.02674752
v 0.08522224 0.28988120 -0.02768295
v 0.08345723 0.28875011 -0.02610978
v 0.07193383 0.29060805 -0.00873399
v 0.07277962 0.29153520 -0.00993988
v 0.07317639 0.28984019 -0.01039366
v 0.07266515 0.28858772 -0.00938072
v 0.07330975 0.24437033 -0.00478192
v 0.06722608 0.25492451 -0.01308544
v 0.06893506 0.25541803 -0.01469763
v 0.07159515 0.25951406 -0.01778325
v 0.07029143 0.26065418 -0.01814247
v 0.06698348 0.24724938 0.00396674
v 0.06991174 0.24748787 0.00402136
v 0.07047061 0.24615970 0.00290553
v 0.06758536 0.24565953 0.00239863
v 0.07508020 0.29509667 -0.01023912
v 0.07748873 0.29444727 -0.01244996
v 0.07556275 0.29340479 -0.01167583
v 0.07398607 0.29375044 -0.00990831
v 0.08300214 0.28022480 -0.02532174
v 0.08219102 0.28705180 -0.02367059
v 0.08275785 0.27103838 -0.01959641
v 0.08263844 0.27109084 -0.02254091
v 0.08200172 0.26705387 -0.02094645
v -0.02642693 0.23371549 -0.06803484
v -0.01255596 0.23318508 -0.07275502
v -0.01211596 0.22420317 -0.06912599
v -0.02474153 0.22243698 -0.06396747
v 0.08235293 0.26707512 -0.01808410
v 0.08242719 0.27925035 -0.01975485
v 0.08253834 0.27917540 -0.02317404
v 0.08612902 0.28835145 -0.02542876
v 0.08608784 0.28216705 -0.02561880
v 0.08577739 0.28887349 -0.02641103
v 0.07458122 0.29148015 -0.01969791
v 0.07514776 0.29449537 -0.02397146
v 0.07417575 0.28776953 -0.02520607
v 0.07473733 0.28902903 -0.02083548
v 0.06941371 0.26349539 0.00231259
v 0.07063171 0.26555866 0.00088259
v 0.06953608 0.26322007 -0.00037500
v 0.06882609 0.26112470 0.00023538
v 0.07217672 0.25756875 -0.01637686
v 0.06962252 0.25443289 -0.01380913
v 0.07008808 0.25399011 -0.01304126
v 0.07273947 0.25583947 -0.01483746
v 0.07996545 0.29567507 -0.01465684
v 0.08002186 0.29035282 -0.01531776
v 0.07839653 0.29033852 -0.01379296
v 0.07439756 0.26024199 -0.00521004
v 0.07515328 0.26151770 -0.00704382
v 0.07611233 0.25830948 -0.00884597
v 0.07532718 0.25638080 -0.00726459
v 0.07718601 0.24781130 -0.01017120
v 0.07487348 0.24756198 -0.01087976
v 0.07284257 0.24570599 -0.00761813
v 0.07522477 0.24554329 -0.00729997
v 0.06903747 0.26017869 0.00100059
v 0.06912315 0.26098168 0.00261233
v 0.07912955 0.28352389 -0.02514619
v 0.07824088 0.28958720 -0.02330990
v 0.08140463 0.28839365 -0.01979297
v 0.08170463 0.28585333 -0.02104316
v 0.07158121 0.27595583 -0.00366018
v 0.06907799 0.27646068 -0.00485088
v 0.06902378 0.27568835 -0.00479195
v 0.07217674 0.27435008 -0.00348116
v 0.07212280 0.27588153 -0.00238637
v 0.07261047 0.27426681 -0.00223512
v 0.07227206 0.27409023 -0.00104322
v 0.07193353 0.27501512 -0.00091909
v 0.06817088 0.27671090 -0.00529998
v 0.06848279 0.27644452 -0.00502302
v 0.06880488 0.27697024 -0.00533719
v 0.07228682 0.27926779 -0.01734542
v 0.07368124 0.27125970 -0.01893833
v 0.07181679 0.27097231 -0.01781225
v 0.07026379 0.27814615 -0.01625642
v 0.08319452 0.27218586 -0.02426161
v 0.07943929 0.29899403 -0.00656031
v 0.07805359 0.30114707 -0.00661806
v 0.08058110 0.30454722 -0.01101726
v 0.06991024 0.26255417 -0.00916488
v 0.07253768 0.26372156 -0.00647872
v 0.07115629 0.26346949 -0.00490022
v 0.06949916 0.26232368 -0.00746736
v 0.06881639 0.26738983 -0.00319047
v 0.06694428 0.26407430 -0.00235644
v 0.07101881 0.26583380 -0.00173185
v 0.07195860 0.28182137 -0.00252750
v 0.07038353 0.27803761 -0.00483695
v 0.07129830 0.27693558 -0.00348470
v 0.07177569 0.27732813 -0.00227027
v 0.08440410 0.26348603 -0.02314777
v 0.08574364 0.26869148 -0.02562250
v 0.08416098 0.26854259 -0.02713501
v 0.08291165 0.26306066 -0.02455379
v 0.06774712 0.25096244 0.00549338
v 0.06459885 0.24832802 0.00236872
v 0.06708424 0.25403821 0.00595227
v 0.08797032 0.30010334 -0.02262963
v 0.08475777 0.30231580 -0.02313827
v 0.08502799 0.30013657 -0.02545880
v 0.08837373 0.29805934 -0.02477171
v 0.06856877 0.28293383 -0.01090796
v 0.06870604 0.28087619 -0.01040575
v 0.06905565 0.28231937 -0.00915798
v 0.06880809 0.28433558 -0.00939914
v 0.04953262 0.24680680 -0.05231865
v 0.05784015 0.24811630 -0.03305536
v 0.06230943 0.26043823 -0.04220245
v 0.05550308 0.25862327 -0.05869888
v 0.07804967 0.25047952 -0.00964421
v 0.07718295 0.24848983 -0.00700789
v 0.07332865 0.28946912 -0.00191241
v 0.07321281 0.29130468 -0.00066122
v 0.07422972 0.29671472 -0.00250012
v 0.07463276 0.29351771 -0.00237944
v 0.08534314 0.28383389 -0.03097940
v 0.08798487 0.28321773 -0.02931071
v 0.07456789 0.29551187 -0.00869422
v 0.07813162 0.29900092 -0.01191402
v 0.07607467 0.29656953 -0.01079265
v 0.07426931 0.29506835 -0.00892453
v 0.07436971 0.28696737 -0.00671853
v 0.07503100 0.28825048 -0.00647493
v 0.07310555 0.28921655 -0.00663691
v 0.07211392 0.28781185 -0.00668107
v 0.07331005 0.29601571 0.00031798
v 0.07451606 0.30081585 -0.00350056
v 0.06566116 0.25464150 -0.01241945
v 0.07470826 0.28836939 -0.00422315
v 0.07562441 0.29095435 -0.00408579
v 0.07598359 0.28984970 -0.00635397
v -0.04182981 0.20061347 -0.04574698
v -0.03741036 0.20758012 -0.05069890
v -0.03516460 0.19748187 -0.05508378
v -0.04317548 0.19415686 -0.04637253
v 0.06792438 0.25892997 0.00626758
v 0.06860251 0.26062241 0.00418684
v 0.07354207 0.29410183 -0.00875678
v 0.07283325 0.29285786 -0.00868549
v 0.07138654 0.28902364 -0.00784342
v 0.07187857 0.28696820 -0.00924001
v 0.07831024 0.28044510 -0.01630064
v 0.08040866 0.27174038 -0.01750663
v 0.06541020 0.26167625 -0.02785759
v 0.06161467 0.24872436 -0.01259299
v 0.07184766 0.28957215 -0.00679909
v 0.07173599 0.28990287 -0.00698657
v 0.07095819 0.28903380 -0.00722009
v 0.07095230 0.28844377 -0.00696684
v 0.07614502 0.24687946 -0.00458895
v 0.07701865 0.28687426 -0.01377099
v 0.07403594 0.28488460 -0.01172210
v 0.07477539 0.28712916 -0.01109306
v 0.08584567 0.27404919 -0.02446706
v 0.08704627 0.28213635 -0.02550052
v 0.08836413 0.28251886 -0.02716592
v 0.08697683 0.27391854 -0.02578105
v 0.06516352 0.24683493 0.00097575
v 0.06865197 0.28005749 -0.01123814
v 0.07009545 0.27846384 -0.01046772
v 0.06940752 0.28560928 -0.00981070
v 0.06988753 0.28731290 -0.00786956
v 0.06879638 0.26360738 0.00438625
v 0.08416174 0.29669735 -0.02400296
v 0.08469081 0.29478237 -0.02544369
v 0.08264128 0.29537597 -0.02254502
v 0.08238758 0.29663053 -0.02093805
v 0.08172084 0.29846796 -0.01787717
v 0.08179899 0.29985350 -0.01745240
v 0.08342601 0.29843259 -0.02197107
v 0.07279210 0.28587681 -0.01040136
v 0.07381593 0.28757623 -0.01001892
v 0.07369386 0.25909108 -0.00395601
v 0.07425778 0.25306541 -0.00473976
v 0.08107505 0.26366016 -0.01847976
v 0.08109668 0.26444027 -0.01558620
v 0.08149690 0.27435637 -0.02822244
v 0.08136471 0.28349069 -0.02906420
v 0.08016171 0.28338307 -0.02691464
v 0.08054802 0.27473655 -0.02679250
v 0.07564162 0.27707648 -0.02335913
v 0.07248279 0.27781481 -0.02323872
v 0.07153174 0.27605817 -0.00052104
v 0.07106888 0.27991399 0.00122336
v 0.06911440 0.28497264 -0.00964962
v 0.06951284 0.28666759 -0.00790632
v 0.07620940 0.26014799 -0.01902073
v 0.07224277 0.25310761 -0.01128701
v 0.07612745 0.25803113 -0.01716218
v 0.06825556 0.25257748 -0.00912176
v 0.06794358 0.25177309 -0.00671046
v 0.07041736 0.25159532 -0.00840020
v 0.07813210 0.26038134 -0.01249968
v 0.07977148 0.26145223 -0.01538394
v 0.06779662 0.27647528 -0.00586187
v 0.06633484 0.27487519 -0.00695260
v 0.06676942 0.27620074 -0.00530116
v 0.08122179 0.27968809 -0.01764563
v 0.08228739 0.27146775 -0.01786643
v 0.07467683 0.29044190 -0.00686537
v 0.07294583 0.28046992 -0.00687613
v 0.07394705 0.28397927 -0.00516766
v 0.07824392 0.29381263 -0.00665725
v 0.07639693 0.29221028 -0.00714387
v 0.07571891 0.29128695 -0.00701533
v 0.07698317 0.29172879 -0.00630628
v 0.06088719 0.26674446 -0.00531197
v 0.06425145 0.26512772 -0.00378736
v 0.06580710 0.26836389 -0.00373705
v 0.08079030 0.29961303 -0.01572973
v 0.08114126 0.29759294 -0.01685828
v 0.07944804 0.29018021 -0.02498933
v 0.07361317 0.29181641 -0.01093150
v 0.07411546 0.29023138 -0.01176773
v 0.07727510 0.30271924 -0.01908731
v 0.07638108 0.30101007 -0.01539160
v 0.07637922 0.30128142 -0.01408125
v 0.07738328 0.30511948 -0.01465581
v 0.06722216 0.24930179 -0.00349356
v 0.06980695 0.24945666 -0.00623388
v 0.06960748 0.25061360 -0.00671298
v 0.06760334 0.25064713 -0.00475264
v 0.07052220 0.26311427 -0.00423020
v 0.06927947 0.26215956 -0.00648921
v 0.08213229 0.26480204 -0.02138508
v 0.08142229 0.26401880 -0.02031444
v 0.08251554 0.26795214 -0.02259843
v 0.08348861 0.26917228 -0.02347744
v 0.06935178 0.28361338 -0.01327433
v 0.06873571 0.28249815 -0.01293251
v 0.07616499 0.29540211 -0.01617340
v 0.07813739 0.29769108 -0.01760670
v 0.07724520 0.30051476 -0.01418672
v 0.07581018 0.29844236 -0.01394084
v 0.08062772 0.29091492 -0.02720144
v 0.07416020 0.28878248 -0.01132944
v 0.07481344 0.28895232 -0.01240049
v 0.07370734 0.28920993 -0.01086903
v 0.07141628 0.28687117 -0.00684705
v 0.07364585 0.28575426 -0.00715324
v 0.07736885 0.29400510 -0.00805787
v 0.08098457 0.29746345 -0.01135700
v 0.07992487 0.29761180 -0.01144809
v 0.07666780 0.29480579 -0.00823821
v 0.07210471 0.29155377 -0.00772347
v 0.01387474 0.24249722 -0.07997178
v 0.01592606 0.25060016 -0.08828069
v -0.03808729 0.33051592 0.07855105
v -0.04540377 0.32891837 0.07332402
v -0.04405527 0.32269612 0.07695729
v -0.03711891 0.32365918 0.08109047
v 0.07622851 0.30106944 -0.00658488
v 0.07702567 0.30268207 -0.01058738
v 0.07785074 0.30365753 -0.01090799
v 0.07668427 0.30190521 -0.00750372
v 0.08213990 0.29543993 -0.02035775
v 0.08569698 0.29146588 -0.02559895
v 0.07147971 0.27702919 -0.00882600
v 0.06833435 0.27409565 -0.00850502
v 0.05818827 0.27287814 -0.00696544
v 0.05854592 0.27410170 -0.00700362
v 0.05905833 0.27366003 -0.00817948
v 0.05869278 0.27233389 -0.00836977
v 0.06155366 0.26762986 -0.00890165
v 0.06440468 0.26671001 -0.00752129
v 0.06370579 0.26477242 -0.00601623
v 0.06088951 0.26545841 -0.00811840
v 0.05762730 0.26972279 -0.00724629
v 0.05791986 0.27136791 -0.00698749
v 0.05853682 0.27063960 -0.00855132
v 0.05828993 0.26872143 -0.00911163
v 0.08019210 0.29951316 -0.01359544
v 0.08207066 0.29937562 -0.01542929
v 0.08697908 0.29055843 -0.02443807
v 0.08702008 0.28835091 -0.02523790
v 0.08524741 0.29552582 -0.02286457
v 0.08557782 0.29365924 -0.02430404
v 0.07098030 0.26817209 0.00081445
v 0.07199433 0.26831603 -0.00093090
v 0.07157533 0.26672056 -0.00080757
v 0.08818626 0.29370669 -0.02469656
v 0.08861550 0.29566240 -0.02631640
v 0.07009936 0.25116444 0.00414597
v 0.06916109 0.24969256 0.00498907
v 0.04334318 0.18215199 0.01750312
v 0.05154911 0.18788619 0.00568078
v 0.05086780 0.17870067 0.00535461
v 0.04266431 0.17334627 0.01667238
v 0.07810546 0.29645857 -0.00522133
v 0.07698000 0.29898462 -0.00508561
v 0.05764452 0.26807538 -0.00644704
v 0.05749067 0.26720002 -0.00780680
v 0.06034547 0.26569441 -0.00672815
v 0.06304726 0.27237016 -0.00487198
v 0.05877928 0.27295706 -0.00562331
v 0.06184957 0.26943922 -0.00877807
v 0.06271890 0.27455664 -0.00772536
v 0.06301721 0.27569872 -0.00637045
v 0.06617790 0.26183987 -0.00329716
v 0.06779969 0.26125744 -0.00531108
v 0.06936077 0.26132438 -0.00210755
v 0.05829884 0.26671654 -0.00893879
v 0.06940872 0.28463790 -0.01129354
v 0.06502799 0.27028969 -0.00833582
v 0.06784447 0.26776102 -0.01010810
v 0.06765168 0.26564616 -0.00908228
v 0.06481466 0.26835540 -0.00811297
v 0.07646377 0.25768304 -0.01060421
v 0.07683173 0.25952598 -0.01045315
v 0.07046338 0.26312307 -0.01126105
v 0.07383589 0.26356196 -0.00921589
v 0.07080477 0.27990705 -0.00957804
v 0.07244175 0.28315443 -0.00810192
v 0.06830715 0.27664584 -0.00603812
v 0.06553990 0.27246913 -0.00787948
v 0.06799479 0.27018610 -0.00978949
v 0.06326861 0.27368179 -0.00518044
v 0.06707739 0.27377439 -0.00445171
v 0.06682495 0.27486339 -0.00470499
v 0.06322762 0.27466324 -0.00549839
v 0.07664856 0.29029354 -0.01298520
v 0.07575106 0.29677814 -0.00363710
v 0.07692043 0.29378280 -0.00439972
v 0.07830624 0.30624762 -0.03188517
v 0.07622799 0.29815358 -0.03636211
v 0.07671621 0.29963443 -0.02285478
v 0.06200426 0.27130032 -0.00864622
v 0.05915537 0.27501363 -0.00688566
v 0.05963032 0.27457225 -0.00603141
v 0.08179195 0.26084375 -0.01880329
v 0.07014155 0.26098371 -0.00181545
v 0.07010323 0.28494510 -0.00747120
v 0.08113946 0.26916164 -0.02645370
v 0.08005884 0.26394928 -0.02417322
v 0.06941142 0.28617185 -0.00787430
v 0.07015823 0.28731620 -0.00737029
v 0.06868246 0.26158535 -0.00603277
v 0.07011031 0.26222345 -0.00327106
v 0.07039663 0.28771877 -0.00720494
v 0.07165314 0.26776278 -0.00214172
v 0.08148298 0.28998104 -0.01853570
v 0.07327265 0.24992523 -0.01143371
v 0.07161175 0.24863499 -0.00837414
v 0.05925452 0.27396670 -0.00571060
v 0.06296598 0.26501241 -0.00534636
v 0.06241456 0.27300298 -0.00825687
v 0.06984512 0.27157244 -0.00376569
v 0.06941678 0.26942179 -0.00332801
v 0.07200338 0.26999679 -0.00228485
v 0.07510503 0.26393521 -0.01100298
v 0.07115483 0.26467195 -0.01357944
v 0.07218992 0.26540551 -0.01589191
v 0.07676651 0.26457745 -0.01277197
v 0.07870388 0.25912678 -0.02152643
v 0.07702100 0.25492087 -0.01794234
v 0.07935277 0.25346199 -0.01752220
v 0.08141454 0.25782779 -0.02142106
v 0.07827699 0.32079029 -0.04131606
v 0.07944738 0.31212354 -0.02520531
v 0.07982326 0.32785439 -0.02997206
v 0.08028781 0.29911068 -0.02273176
v 0.08033263 0.29666749 -0.02434324
v 0.08506875 0.29765600 -0.02740825
v 0.07614011 0.30354238 -0.00879279
v 0.07632036 0.30121097 -0.01238581
v 0.07654779 0.30212298 -0.01031379
v 0.08467702 0.27394691 -0.02932193
v 0.07254203 0.28569001 -0.00197424
v 0.07419265 0.28611603 -0.00447862
v 0.07535305 0.26130843 -0.01994034
v 0.07713126 0.26286668 -0.01074404
v 0.07923621 0.26325125 -0.01288076
v 0.08565459 0.30007091 -0.01571599
v 0.08257065 0.29827413 -0.01319860
v 0.00935805 0.17118245 0.04166061
v 0.00944727 0.16556416 0.03759700
v 0.00790142 0.27448800 0.09859282
v 0.00935839 0.27427772 0.09710857
v 0.00806163 0.27616283 0.09600684
v 0.00742156 0.27620414 0.09675327
v 0.00832027 0.26526061 0.09759197
v 0.00769456 0.26682514 0.09641755
v 0.00869294 0.26650944 0.09547204
v 0.00955613 0.26519331 0.09667936
v 0.00504494 0.27584404 0.09597042
v 0.00364545 0.27330661 0.09859485
v 0.00514857 0.27424809 0.10003927
v 0.00614153 0.27641094 0.09669904
v 0.08573695 0.30331150 -0.01672326
v 0.01170370 0.26495603 0.09727682
v 0.01069657 0.26678053 0.09600373
v 0.01136620 0.26730141 0.09784354
v 0.01296128 0.26579159 0.09896431
v 0.00456298 0.26618093 0.10531420
v 0.00558995 0.26828313 0.10541182
v 0.00447504 0.26744714 0.10315126
v 0.00454194 0.26545286 0.10284164
v 0.00729273 0.26870081 0.10475977
v 0.00915144 0.26827589 0.10650474
v 0.01084011 0.26817015 0.10492299
v 0.00869432 0.26849806 0.10328261
v 0.00408516 0.26963151 0.09816196
v 0.00547031 0.26774877 0.09965502
v 0.00336869 0.26988029 0.10172044
v 0.01163031 0.26959336 0.09585664
v 0.01030775 0.26852366 0.09447297
v 0.00915171 0.27229795 0.09373723
v 0.01040449 0.27311337 0.09459522
v 0.04723282 0.19771871 0.01933980
v 0.05328728 0.20045356 0.00540645
v 0.03477405 0.28708664 0.07950306
v 0.03418466 0.28438637 0.08088771
v 0.02988967 0.28548250 0.08138431
v 0.03069208 0.28787681 0.08023824
v 0.07272284 0.27227429 -0.00170843
v 0.07220899 0.27309856 -0.00058801
v 0.08018713 0.29392818 -0.02591492
v 0.08460022 0.29711449 -0.02076989
v 0.08027228 0.30096895 -0.02061302
v 0.07924273 0.30308625 -0.01589040
v 0.07801721 0.30172402 -0.01498512
v 0.07890015 0.29924938 -0.01896672
v 0.08753346 0.29719087 -0.02120379
v 0.07121406 0.25971633 -0.00157502
v 0.07920872 0.28610721 -0.01555116
v 0.07861055 0.30360296 -0.01336086
v 0.08179585 0.30521029 -0.01401626
v 0.08499049 0.27407357 -0.02439467
v 0.08795638 0.29564795 -0.02311777
v 0.08614127 0.29421526 -0.02187493
v 0.07962169 0.29596952 -0.00740209
v 0.07348832 0.26793757 -0.01828068
v 0.07988848 0.26815435 -0.01616658
v 0.07853579 0.26571169 -0.01442672
v -0.08859070 0.29325354 -0.02765095
v -0.08834695 0.29059422 -0.02871786
v -0.08847646 0.28912741 -0.02679648
v -0.08846638 0.29154602 -0.02591205
v -0.08422925 0.27462351 -0.02530922
v -0.08422118 0.28210127 -0.02714049
v -0.08563551 0.28474167 -0.02804988
v -0.08564442 0.28259453 -0.02708685
v 0.07298631 0.26620218 -0.01713021
v 0.06853371 0.28144366 -0.01236470
v 0.06872542 0.26441437 0.00668131
v 0.07615089 0.25328788 -0.00797978
v -0.08439478 0.26414207 -0.02189630
v -0.08344615 0.26474017 -0.02132886
v -0.08489125 0.26936498 -0.02335999
v -0.08583719 0.26908949 -0.02412328
v 0.07703749 0.25421038 -0.01041034
v 0.02998796 0.24369864 -0.07438426
v 0.03360783 0.25258243 -0.08190643
v 0.08669587 0.27388623 -0.02773702
v 0.08012191 0.29918000 -0.01459019
v 0.07285382 0.25927585 -0.00291688
v 0.07208965 0.25347415 -0.00202649
v 0.07100676 0.25396892 0.00002237
v 0.07453315 0.28938994 -0.01214812
v 0.07482119 0.26243994 -0.02012078
v 0.07496939 0.26474693 -0.02129185
v 0.05940452 0.27438071 -0.00785422
v 0.07635753 0.25658381 -0.01736005
v 0.07283124 0.25151667 -0.01138164
v 0.05602544 0.20405643 -0.00848911
v 0.05289244 0.20708777 -0.02367509
v -0.07086951 0.24548788 0.00184446
v -0.07322914 0.24763148 -0.00020189
v -0.07378761 0.24531592 -0.00138484
v -0.06948093 0.24405648 0.00022738
v 0.05312603 0.19680452 -0.02222516
v 0.05512078 0.19259839 -0.00803444
v 0.07041482 0.27821609 0.00490026
v 0.07042921 0.27091447 0.00266665
v 0.06986009 0.26989272 0.00457565
v 0.02358198 0.17928687 0.03855944
v 0.02016730 0.16896652 0.03364835
v 0.06914985 0.26505455 0.01058743
v 0.06930481 0.26458213 0.02146813
v 0.07065306 0.28031090 0.02094274
v 0.07019309 0.27471823 0.01080901
v 0.05929708 0.31218204 0.05531489
v 0.06118865 0.31278512 0.05075938
v 0.06171012 0.30326381 0.05137087
v 0.05950580 0.30451065 0.05505817
v 0.01990241 0.37143746 0.06930804
v 0.00964652 0.37210944 0.07177794
v 0.00990753 0.37989819 0.06515430
v 0.02031972 0.37892169 0.06251580
v 0.03558525 0.26049769 -0.08744764
v 0.03680098 0.27097592 -0.09296647
v 0.01789111 0.26697782 -0.10035817
v 0.01694687 0.25740933 -0.09397437
v 0.02071792 0.39642084 0.03939283
v 0.01012038 0.39813715 0.04219935
v 0.01018783 0.40269503 0.03162454
v -0.06659898 0.24543539 -0.00066968
v -0.07087394 0.24459723 -0.00490778
v -0.07025095 0.24766260 -0.00589343
v -0.06681221 0.24790673 -0.00248459
v 0.02093210 0.40078077 0.02918224
v 0.05319952 0.28489715 0.07013613
v 0.05549761 0.27888399 0.07053697
v 0.05186245 0.27841604 0.07440875
v 0.05002316 0.28440648 0.07324637
v 0.07238602 0.24899682 0.00097134
v 0.07151244 0.24992652 0.00230665
v -0.08420705 0.30355680 -0.01355507
v -0.08434714 0.30020869 -0.01299698
v -0.08269697 0.29937923 -0.01067864
v -0.08251461 0.30277178 -0.01085463
v -0.07071192 0.27025992 -0.02161172
v -0.06916288 0.26381555 -0.01944408
v -0.07530671 0.26843163 -0.02260452
v -0.07563399 0.27121302 -0.02318110
v 0.01033232 0.40641016 0.01928473
v 0.02121699 0.40421990 0.01724886
v 0.01194440 0.29352352 0.08530778
v -0.08191004 0.29292342 -0.02032347
v -0.08269593 0.29369071 -0.02389983
v -0.08312497 0.29145110 -0.02493936
v -0.08210522 0.28995165 -0.02216855
v -0.08520449 0.29499003 -0.02883219
v -0.08519311 0.29192239 -0.03001036
v -0.06937309 0.25450543 0.00362040
v -0.06849114 0.25809136 0.00430818
v -0.06892164 0.25963759 0.00295072
v -0.06926311 0.25860086 0.00161359
v -0.06919818 0.27095693 -0.01189911
v -0.07068338 0.27532777 -0.01032161
v -0.08076204 0.25404385 -0.01634932
v -0.08057236 0.25586927 -0.01551455
v -0.08263340 0.25971222 -0.01906509
v -0.08284083 0.25844976 -0.02015400
v 0.01247434 0.29546481 0.08274660
v 0.01631211 0.29242691 0.08171269
v 0.01588888 0.29041132 0.08381891
v 0.00728635 0.34476402 0.08514460
v 0.00829240 0.35267061 0.08253209
v 0.01733225 0.35251224 0.08085062
v 0.01562020 0.34468201 0.08383219
v 0.02095917 0.29015642 0.08100532
v 0.02007308 0.28815874 0.08248539
v 0.00999800 0.38683814 0.05842802
v 0.02059639 0.38569751 0.05550972
v 0.02049473 0.40828833 -0.03468483
v -0.07773775 0.25837648 -0.01347617
v -0.07972614 0.26082453 -0.01713088
v -0.08078741 0.26131991 -0.01896688
v -0.07979574 0.25928950 -0.01682879
v 0.02084172 0.40857181 -0.02582723
v 0.00979608 0.41132540 -0.02641035
v -0.08481402 0.29599571 -0.02016249
v -0.08304589 0.29836076 -0.01550749
v -0.08389089 0.29791245 -0.01535602
v -0.08567624 0.29544258 -0.02008897
v 0.01088592 0.41020656 -0.03931458
v 0.06783970 0.27749112 -0.05177695
v 0.07100320 0.27727774 -0.03556350
v 0.07383820 0.28911394 -0.03789002
v 0.07159153 0.29373887 -0.05581148
v 0.03457916 0.18606462 0.03093244
v 0.03179768 0.17473978 0.02671751
v -0.07751896 0.28325707 -0.02317836
v -0.07624827 0.28827938 -0.02167424
v -0.07529980 0.28767467 -0.02153605
v -0.07639987 0.28326684 -0.02298087
v -0.08499317 0.29257309 -0.02675125
v -0.08522177 0.28987923 -0.02768670
v -0.08345680 0.28874823 -0.02611360
v -0.07193378 0.29060611 -0.00873734
v -0.07277928 0.29153261 -0.00994301
v -0.07317618 0.28983781 -0.01039698
v -0.07266442 0.28858554 -0.00938409
v -0.07331061 0.24436668 -0.00478348
v -0.06722742 0.25492036 -0.01308734
v -0.06893655 0.25541356 -0.01469995
v -0.07159581 0.25951013 -0.01778607
v -0.07029223 0.26065052 -0.01814494
v 0.05247860 0.33479616 0.06139969
v 0.05438287 0.34003878 0.05643435
v 0.05768564 0.33273593 0.05331684
v 0.05567947 0.32838443 0.05862415
v 0.00576024 0.33165359 0.08839182
v 0.01300030 0.33164188 0.08767984
v 0.01114467 0.32520047 0.08853501
v 0.00505767 0.32499406 0.08918925
v -0.06698503 0.24724564 0.00396428
v -0.06991272 0.24748461 0.00401905
v -0.07047141 0.24615642 0.00290361
v -0.06758635 0.24565558 0.00239662
v 0.05934488 0.29716772 0.05604757
v 0.06200739 0.29424077 0.05352861
v 0.06130106 0.28643692 0.05890070
v 0.05828726 0.29041100 0.06034610
v 0.05557422 0.28610387 0.06677167
v -0.07508003 0.29509449 -0.01024264
v -0.07748836 0.29444528 -0.01245401
v -0.07556248 0.29340279 -0.01167969
v -0.07398609 0.29374832 -0.00991168
v 0.05813629 0.28034762 0.06678707
v -0.08300178 0.28022283 -0.02532544
v -0.08219024 0.28705010 -0.02367452
v 0.01881053 0.36184552 0.07626934
v 0.00906857 0.36236411 0.07825313
v 0.05997867 0.32320255 0.05115718
v 0.05803432 0.32049218 0.05661605
v 0.00898643 0.29657623 0.08750609
v 0.00982354 0.29805839 0.08425243
v 0.00715457 0.30236661 0.08607507
v -0.08275770 0.27103665 -0.01960009
v -0.08263807 0.27108905 -0.02254470
v -0.08200137 0.26705208 -0.02095015
v -0.08235230 0.26707333 -0.01808753
v 0.00343494 0.30202821 0.09126340
v 0.00348042 0.30612922 0.08987513
v 0.00669400 0.30600226 0.08651493
v 0.03347584 0.34382898 0.07661161
v 0.03534272 0.35097876 0.07280155
v 0.04272070 0.34912989 0.06703233
v 0.04103712 0.34251475 0.07133688
v 0.02073588 0.39139614 0.04805172
v -0.08242707 0.27924845 -0.01975846
v -0.08253809 0.27917343 -0.02317756
v 0.01008008 0.39287737 0.05100102
v 0.00406172 0.31617856 0.08895402
v 0.00830043 0.31624886 0.08760060
v 0.00730327 0.31237805 0.08658239
v -0.08612888 0.28834951 -0.02543236
v -0.08608755 0.28216496 -0.02562257
v -0.08577716 0.28887179 -0.02641498
v -0.07458259 0.29147792 -0.01969933
v -0.07514977 0.29449317 -0.02397298
v -0.07417748 0.28776714 -0.02520694
v -0.07473885 0.28902647 -0.02083655
v 0.00388441 0.31258669 0.08865584
v 0.02499726 0.28660372 0.08197075
v 0.02578721 0.28875241 0.08082999
v 0.06465355 0.24961732 -0.00232018
v 0.06562151 0.24850439 -0.00182588
v 0.07208883 0.29581466 0.00702017
v 0.07074986 0.28522310 0.00950142
v 0.07140414 0.29356930 0.01926962
v 0.07075144 0.30642959 0.01593915
v 0.07374009 0.31777000 0.01182290
v 0.07629429 0.32667106 0.00546207
v 0.07620572 0.31065083 -0.00093633
v 0.07376663 0.30464786 0.00393097
v 0.04821309 0.19959784 -0.03489969
v 0.04592318 0.20855041 -0.03764596
v 0.00362689 0.29903468 0.09373759
v 0.00365377 0.29627186 0.09619541
v 0.01919090 0.30812645 -0.11830459
v -0.06941490 0.26349288 0.00230971
v -0.07063251 0.26555619 0.00087965
v -0.06953718 0.26321772 -0.00037802
v -0.06882644 0.26112244 0.00023256
v 0.01854802 0.29565182 -0.11256857
v 0.03775398 0.30029830 -0.10415732
v 0.03691480 0.31287798 -0.10736682
v 0.06450605 0.26718956 -0.04695864
v -0.07217744 0.25756469 -0.01637974
v -0.06962375 0.25442874 -0.01381123
v -0.07008930 0.25398609 -0.01304331
v -0.07274091 0.25583509 -0.01483985
v 0.06817542 0.26886210 -0.03199058
v 0.01022543 0.27110365 0.09912071
v 0.00691035 0.27551171 0.09411772
v 0.00714979 0.27205363 0.09375104
v 0.00679669 0.27468622 0.09390796
v 0.01018174 0.26807958 0.10112433
v 0.01248061 0.26742446 0.10248424
v 0.00795444 0.26821682 0.09417906
v 0.00706496 0.26845253 0.09473002
v 0.00636723 0.27236566 0.09402316
v 0.00804233 0.27595925 0.09480358
v 0.00185227 0.26463029 0.10757344
v 0.00241927 0.26618856 0.11036337
v 0.00619488 0.26729676 0.10922308
v 0.00470886 0.26583153 0.10725327
v 0.00492234 0.27497029 0.09541543
v 0.00390055 0.27276340 0.09637241
v 0.00472789 0.27081335 0.10371639
v 0.00652158 0.27446747 0.09964979
v 0.00680691 0.27640098 0.09683979
v 0.00653337 0.27138752 0.10288916
v 0.00572065 0.26539326 0.10033499
v 0.00831435 0.27147248 0.10131665
v -0.07996426 0.29567310 -0.01466117
v -0.08002085 0.29035118 -0.01532161
v -0.07839569 0.29033679 -0.01379684
v -0.07439663 0.26023999 -0.00521274
v -0.07515258 0.26151586 -0.00704645
v -0.07611144 0.25830734 -0.00884888
v -0.07532631 0.25637847 -0.00726748
v 0.07580346 0.26227728 -0.00890996
v 0.05635872 0.21715222 0.01160716
v 0.06049006 0.23103593 0.00420345
v 0.05908994 0.23043007 -0.00144879
v -0.07718545 0.24780807 -0.01017374
v -0.07487395 0.24755818 -0.01088210
v -0.07284366 0.24570242 -0.00761991
v -0.07522509 0.24553967 -0.00730206
v -0.06903773 0.26017621 0.00099799
v -0.06912419 0.26097921 0.00260966
v -0.07913036 0.28352121 -0.02514842
v -0.07824093 0.28958508 -0.02331255
v 0.05628822 0.21564814 0.00237240
v 0.07694741 0.28864914 -0.01349289
v 0.06567299 0.33889043 0.03469894
v 0.06768244 0.35041526 0.02417764
v 0.07363839 0.33857191 0.01346178
v -0.08140358 0.28839216 -0.01979701
v -0.08170391 0.28585163 -0.02104689
v 0.07202433 0.32775161 0.01976323
v 0.06776147 0.35958865 0.01542496
v 0.07389224 0.34880516 0.00543064
v 0.07778008 0.33650234 -0.00358105
v 0.07947426 0.31573170 -0.01665835
v 0.04209958 0.29986161 0.07387810
v 0.04241588 0.29961190 0.07401425
v 0.04087024 0.29933333 0.07533191
v -0.07158219 0.27595326 -0.00366266
v -0.06907895 0.27645817 -0.00485323
v -0.06902476 0.27568588 -0.00479432
v -0.07217780 0.27434748 -0.00348368
v 0.04087619 0.29948789 0.07515717
v 0.04157613 0.29995289 0.07331222
v 0.04030661 0.29941455 0.07437717
v -0.07212398 0.27587891 -0.00238896
v -0.07261162 0.27426410 -0.00223774
v -0.07227322 0.27408761 -0.00104591
v -0.07193472 0.27501249 -0.00092183
v 0.04245673 0.30032888 0.07230727
v 0.04301985 0.30015826 0.07277741
v 0.04329959 0.29992652 0.07290100
v 0.02474195 0.30054548 0.07722432
v 0.02542592 0.30085012 0.07653260
v 0.02806417 0.29996836 0.07687641
v 0.02738216 0.29995137 0.07796164
v 0.02452581 0.30024928 0.07762899
v 0.02734980 0.29964027 0.07835361
v -0.06817187 0.27670848 -0.00530211
v -0.06848375 0.27644214 -0.00502530
v -0.06880584 0.27696776 -0.00533936
v -0.07228590 0.27926633 -0.01734930
v -0.07368013 0.27125829 -0.01894176
v -0.07181612 0.27097073 -0.01781535
v -0.07026248 0.27814463 -0.01625998
v 0.02851488 0.30241945 0.07093244
v 0.02801382 0.30269301 0.07083857
v -0.08319337 0.27218410 -0.02426539
v 0.02938000 0.30207402 0.07112288
v 0.02303560 0.30237699 0.07495192
v 0.02307817 0.30333322 0.07512344
v -0.07943901 0.29899219 -0.00656383
v -0.07805334 0.30114484 -0.00662130
v -0.08058045 0.30454522 -0.01102048
v 0.02783805 0.30336753 0.07104827
v 0.02783534 0.30290532 0.07087855
v 0.02323787 0.30194846 0.07507332
v -0.06990992 0.26255253 -0.00916746
v -0.07253751 0.26371968 -0.00648117
v -0.07115696 0.26346740 -0.00490247
v -0.06949922 0.26232198 -0.00746975
v -0.06881771 0.26738739 -0.00319318
v -0.06694563 0.26407194 -0.00235914
v -0.07101985 0.26583135 -0.00173471
v -0.07195894 0.28181890 -0.00253068
v -0.07038432 0.27803516 -0.00483967
v -0.07129942 0.27693295 -0.00348727
v -0.07177685 0.27732548 -0.00227294
v -0.08440299 0.26348323 -0.02315171
v -0.08574243 0.26868874 -0.02562673
v -0.08415990 0.26853967 -0.02713946
v -0.08291078 0.26305753 -0.02455792
v 0.02167084 0.30169961 0.07515007
v 0.02085302 0.30197340 0.07483806
v -0.06774860 0.25095898 0.00549119
v -0.06460159 0.24832386 0.00236636
v -0.06708623 0.25403512 0.00595013
v -0.08796979 0.30010176 -0.02263346
v -0.08475755 0.30231395 -0.02314165
v -0.08502778 0.30013475 -0.02546212
v -0.08837324 0.29805779 -0.02477558
v -0.06856836 0.28293195 -0.01091102
v -0.06870563 0.28087422 -0.01040876
v -0.06905528 0.28231770 -0.00916116
v -0.06880783 0.28433368 -0.00940215
v 0.02090717 0.30326572 0.07511370
v 0.03257566 0.29862392 0.07847925
v 0.03279138 0.29782370 0.07855098
v 0.02805536 0.29815760 0.07875147
v 0.02765227 0.29904902 0.07862705
v 0.03235761 0.29908925 0.07829490
v 0.03579669 0.29918498 0.07739574
v 0.03589943 0.29867852 0.07756653
v 0.03604332 0.29789621 0.07755879
v -0.04953590 0.24680437 -0.05231602
v -0.05784498 0.24811164 -0.03305301
v -0.06231230 0.26043501 -0.04220084
v -0.05550596 0.25862101 -0.05869700
v -0.07804898 0.25047657 -0.00964687
v -0.07718267 0.24848683 -0.00701019
v -0.07332882 0.28946650 -0.00191601
v -0.07321344 0.29130211 -0.00066421
v -0.07423028 0.29671222 -0.00250294
v -0.07463289 0.29351529 -0.00238292
v 0.02473250 0.29908600 0.07851615
v 0.02462824 0.29993367 0.07809915
v 0.03609652 0.29717159 0.07748680
v 0.03303757 0.29711047 0.07845431
v -0.08534192 0.28383178 -0.03098395
v -0.08798368 0.28321570 -0.02931494
v 0.02827026 0.29743981 0.07872625
v 0.02471619 0.29858768 0.07856281
v 0.02191066 0.29973263 0.07781857
v 0.02304870 0.30003276 0.07788114
v 0.03312739 0.29629961 0.07825004
v 0.03305360 0.29536596 0.07814568
v 0.02823804 0.29563293 0.07868130
v 0.02832035 0.29657841 0.07867131
v -0.07456778 0.29550990 -0.00869799
v -0.07813092 0.29899883 -0.01191833
v -0.07607421 0.29656774 -0.01079673
v -0.07426921 0.29506645 -0.00892793
v -0.07436950 0.28696525 -0.00672179
v -0.07503062 0.28824863 -0.00647846
v -0.07310524 0.28921446 -0.00664036
v -0.07211369 0.28780982 -0.00668436
v 0.03616862 0.29641107 0.07718255
v 0.03614541 0.29549709 0.07703752
v -0.07331113 0.29601309 0.00031539
v -0.07451589 0.30081347 -0.00350329
v 0.04441647 0.29994091 0.07112321
v 0.04488061 0.30036849 0.07014553
v 0.04488755 0.29983321 0.07027023
v -0.06566207 0.25463796 -0.01242054
v 0.04461268 0.29943302 0.07080611
v 0.04743363 0.29703504 0.06752483
v 0.04822256 0.29823482 0.06640069
v 0.04985830 0.29748744 0.06508144
v -0.07470794 0.28836703 -0.00422687
v -0.07562421 0.29095194 -0.00408966
v -0.07598314 0.28984770 -0.00635792
v -0.06792671 0.25892696 0.00626526
v -0.06860411 0.26061964 0.00418437
v -0.07354195 0.29409972 -0.00876028
v -0.07283329 0.29285568 -0.00868884
v -0.07138643 0.28902149 -0.00784671
v -0.07187800 0.28696585 -0.00924346
v 0.04883406 0.29618374 0.06653726
v -0.07830840 0.28044415 -0.01630480
v -0.08040767 0.27173886 -0.01750991
v 0.05724232 0.28767934 0.06350641
v 0.05125104 0.29335800 0.06616639
v 0.05251877 0.29468793 0.06402534
v 0.04395516 0.29974493 0.07198200
v 0.04332456 0.29949093 0.07295162
v 0.04385804 0.30009890 0.07193600
v 0.04428231 0.30037540 0.07094540
v 0.04416472 0.29906070 0.07164412
v 0.04344478 0.29881218 0.07278557
v 0.04248563 0.29923904 0.07406007
v 0.04259702 0.29844782 0.07402021
v 0.04098709 0.29814449 0.07538406
v 0.04086808 0.29892832 0.07540477
v 0.03875606 0.29876250 0.07649752
v -0.06541298 0.26167256 -0.02785748
v -0.06161722 0.24872036 -0.01259197
v 0.03903199 0.29925823 0.07628307
v 0.03888964 0.29796427 0.07646197
v 0.04112563 0.29749727 0.07514474
v 0.03902340 0.29729798 0.07634546
v 0.04265108 0.29778174 0.07363386
v 0.04358028 0.29823440 0.07237775
v 0.04433284 0.29859069 0.07116745
v 0.04492088 0.29898214 0.07029659
v 0.04530980 0.29958573 0.06965218
v 0.04466622 0.29802960 0.07055592
v 0.04533312 0.29726070 0.06970965
v 0.04413799 0.29677829 0.07118399
v 0.04377271 0.29764810 0.07189123
v 0.04543728 0.29852694 0.06955276
v 0.04626360 0.29786089 0.06855840
v -0.07184728 0.28957006 -0.00680262
v -0.07173570 0.28990093 -0.00699019
v -0.07095809 0.28903154 -0.00722336
v -0.07095201 0.28844172 -0.00697027
v 0.04273501 0.29728240 0.07319094
v 0.04281358 0.29650986 0.07274089
v 0.04117447 0.29604390 0.07431409
v 0.04118998 0.29681146 0.07474787
v -0.07614550 0.24687645 -0.00459091
v -0.07701719 0.28687292 -0.01377506
v -0.07403524 0.28488323 -0.01172587
v -0.07477518 0.28712717 -0.01109636
v 0.03909612 0.29659259 0.07600752
v 0.03921410 0.29571617 0.07562590
v -0.08584415 0.27404732 -0.02447104
v -0.08704571 0.28213421 -0.02550421
v -0.08836353 0.28251654 -0.02716939
v -0.08697508 0.27391657 -0.02578521
v 0.03227047 0.29921576 0.07804710
v 0.03196326 0.29926327 0.07691697
v 0.03547266 0.29904994 0.07632348
v 0.03581964 0.29929921 0.07711536
v 0.03905234 0.29934999 0.07610875
v -0.06516543 0.24683093 0.00097418
v -0.06865147 0.28005543 -0.01124114
v -0.07009499 0.27846155 -0.01047054
v 0.03844690 0.29908949 0.07537656
v 0.03533912 0.29897800 0.07521176
v 0.03361112 0.30111715 0.07102793
v 0.03497365 0.30112800 0.07065175
v 0.03801540 0.29900903 0.07439442
v -0.06940665 0.28560662 -0.00981419
v -0.06988729 0.28731063 -0.00787266
v 0.03217533 0.29928687 0.07572438
v 0.03207104 0.30130750 0.07128465
v 0.02886190 0.30010834 0.07573493
v -0.06879775 0.26360491 0.00438360
v 0.03055588 0.30167899 0.07131838
v 0.02619879 0.30088115 0.07580537
v 0.03364135 0.31103906 0.07758292
v 0.03368858 0.31119499 0.07771416
v 0.03828527 0.31062180 0.07706211
v 0.03788770 0.31037989 0.07680462
v 0.04940106 0.27477509 -0.08304210
v 0.05015330 0.28955686 -0.08941831
v 0.03770397 0.28442505 -0.09902187
v 0.04091030 0.30808517 0.07590870
v 0.04085819 0.30893588 0.07544216
v 0.04327782 0.30760330 0.07405979
v 0.04312151 0.30681691 0.07423913
v 0.04090964 0.30715707 0.07634566
v -0.08416113 0.29669535 -0.02400676
v -0.08469012 0.29478043 -0.02544743
v -0.08264089 0.29537410 -0.02254879
v -0.08238724 0.29662859 -0.02094185
v -0.08172006 0.29846597 -0.01788076
v -0.08179825 0.29985192 -0.01745612
v -0.08342554 0.29843056 -0.02197492
v -0.07279153 0.28587481 -0.01040488
v -0.07381579 0.28757399 -0.01002206
v 0.04288682 0.30582491 0.07443626
v 0.03818213 0.30841300 0.07810467
v -0.07369275 0.25908893 -0.00395881
v -0.07425765 0.25306284 -0.00474220
v -0.08107503 0.26365802 -0.01848319
v -0.08109562 0.26443851 -0.01558953
v -0.08149488 0.27435380 -0.02822682
v -0.08136386 0.28348815 -0.02906794
v -0.08016150 0.28338045 -0.02691780
v -0.08054671 0.27473396 -0.02679642
v 0.03816696 0.30946338 0.07757286
v 0.03798313 0.31017813 0.07696552
v 0.04211346 0.30442429 0.07037178
v 0.04137003 0.30537570 0.07104904
v -0.07564302 0.27707386 -0.02336060
v -0.07248402 0.27781221 -0.02323970
v -0.07153314 0.27605557 -0.00052381
v -0.07107004 0.27991143 0.00122010
v -0.06911402 0.28497046 -0.00965264
v -0.06951270 0.28666529 -0.00790940
v -0.07620998 0.26014414 -0.01902382
v -0.07224368 0.25310346 -0.01128932
v -0.07612786 0.25802734 -0.01716525
v -0.06825686 0.25257349 -0.00912344
v -0.06794500 0.25176916 -0.00671195
v -0.07041848 0.25159132 -0.00840205
v 0.04194994 0.30522057 0.07245319
v 0.04297872 0.30443290 0.07121083
v 0.04274472 0.30373093 0.06977011
v 0.04361476 0.30370498 0.07031291
v 0.03752684 0.30356461 0.06828375
v 0.03718562 0.30394313 0.06858401
v 0.03664524 0.30440816 0.06900316
v -0.07813093 0.26037943 -0.01250300
v -0.07977075 0.26145020 -0.01538707
v 0.03770140 0.30324709 0.06809502
v -0.06779748 0.27647278 -0.00586405
v -0.06633434 0.27487323 -0.00695516
v -0.06677042 0.27619848 -0.00530322
v -0.08121970 0.27968708 -0.01764987
v -0.08228663 0.27146617 -0.01787005
v -0.07467648 0.29044005 -0.00686925
v 0.03777820 0.30296588 0.06799679
v -0.07294574 0.28046754 -0.00687932
v -0.07394680 0.28397691 -0.00517113
v -0.07824393 0.29381049 -0.00666119
v -0.07639702 0.29220822 -0.00714777
v -0.07571854 0.29128507 -0.00701931
v -0.07698266 0.29172680 -0.00631040
v -0.06088796 0.26674241 -0.00531382
v -0.06425243 0.26512560 -0.00378929
v -0.06580817 0.26836169 -0.00373915
v 0.03775664 0.30269977 0.06802145
v 0.03764415 0.30245185 0.06816695
v 0.06051105 0.27180618 0.06462305
v 0.05998527 0.28274319 0.06298054
v -0.08078942 0.29961103 -0.01573404
v -0.08114030 0.29759088 -0.01686254
v -0.07944802 0.29017812 -0.02499228
v 0.06264004 0.27472827 0.06027319
v 0.04354559 0.30039015 0.07175586
v -0.07361288 0.29181391 -0.01093460
v -0.07411520 0.29022899 -0.01177110
v 0.04401221 0.30071884 0.07081261
v -0.07727636 0.30271712 -0.01908930
v -0.07638181 0.30100796 -0.01539365
v -0.07637951 0.30127916 -0.01408350
v -0.07738303 0.30511719 -0.01465803
v 0.04294328 0.30064186 0.07139559
v -0.06722362 0.24929790 -0.00349475
v -0.06980824 0.24945289 -0.00623542
v -0.06960873 0.25060973 -0.00671462
v -0.06760473 0.25064307 -0.00475389
v -0.07052300 0.26311216 -0.00423240
v -0.06927972 0.26215783 -0.00649158
v 0.04339610 0.30100915 0.07058881
v -0.08213215 0.26479977 -0.02138838
v -0.08142225 0.26401654 -0.02031764
v -0.08251499 0.26795024 -0.02260213
v -0.08348803 0.26917022 -0.02348144
v 0.04452320 0.30118698 0.06990494
v 0.04490190 0.30095467 0.06985583
v 0.04093735 0.29990241 0.07258277
v 0.03654329 0.30156758 0.06971751
v 0.03697702 0.30181089 0.06923643
v -0.06935044 0.28361189 -0.01327800
v -0.06873502 0.28249663 -0.01293592
v -0.07616568 0.29540008 -0.01617575
v -0.07813745 0.29768902 -0.01760945
v -0.07724506 0.30051261 -0.01418945
v -0.07581053 0.29844034 -0.01394308
v -0.08062737 0.29091278 -0.02720483
v 0.04164740 0.30047062 0.07165851
v 0.03973659 0.29933974 0.07348851
v 0.03592417 0.30129465 0.07019290
v 0.03719477 0.30203843 0.06885950
v 0.03740300 0.30227467 0.06853301
v -0.07416007 0.28878042 -0.01133273
v -0.07481325 0.28895032 -0.01240386
v 0.04195579 0.30081156 0.07093076
v -0.07370720 0.28920776 -0.01087229
v 0.04240943 0.30119708 0.07017793
v 0.04376465 0.30157611 0.06998467
v -0.07141607 0.28686923 -0.00685023
v -0.07364573 0.28575227 -0.00715634
v -0.07736886 0.29400301 -0.00806195
v -0.08098443 0.29746148 -0.01136135
v -0.07992434 0.29761010 -0.01145257
v -0.07666755 0.29480380 -0.00824227
v 0.04303691 0.30210757 0.06926578
v 0.04310878 0.30260316 0.06922917
v 0.04404638 0.30201390 0.06974845
v -0.07210454 0.29155153 -0.00772698
v 0.04410573 0.30250171 0.06965952
v 0.04283762 0.30162990 0.06955983
v -0.01387848 0.24249572 -0.07997285
v -0.01592953 0.25059932 -0.08828154
v 0.04301244 0.30314615 0.06939491
v 0.04395986 0.30303547 0.06986721
v 0.04516111 0.30046320 0.06969768
v 0.04516076 0.30121854 0.06941920
v 0.04575301 0.30211908 0.06884760
v 0.04560238 0.30042410 0.06916415
v -0.07622817 0.30106711 -0.00658777
v -0.07702535 0.30267975 -0.01059004
v -0.07785029 0.30365539 -0.01091090
v -0.07668384 0.30190298 -0.00750670
v -0.08213870 0.29543820 -0.02036184
v 0.04628952 0.30034804 0.06841314
v 0.04591157 0.29923645 0.06881091
v 0.04676626 0.30263054 0.06839881
v 0.04811301 0.30295694 0.06754747
v -0.08569659 0.29146433 -0.02560326
v -0.07147975 0.27702704 -0.00882894
v -0.06833357 0.27409390 -0.00850753
v 0.04760550 0.30014282 0.06723911
v 0.04694046 0.29883912 0.06769524
v 0.04479724 0.30168688 0.06945597
v -0.05818774 0.27287635 -0.00696793
v -0.05854543 0.27409986 -0.00700622
v -0.05905777 0.27365819 -0.00818195
v -0.05869209 0.27233213 -0.00837225
v 0.04504149 0.30226415 0.06925031
v 0.04618115 0.30368102 0.06974392
v -0.06155378 0.26762831 -0.00890283
v -0.06440545 0.26670834 -0.00752276
v -0.06370673 0.26477051 -0.00601805
v -0.06089025 0.26545677 -0.00811975
v 0.04699170 0.30447182 0.06952863
v 0.04547799 0.30319828 0.06987479
v 0.04497831 0.30391580 0.07114464
v 0.04546493 0.30459601 0.07112549
v -0.05762638 0.26972130 -0.00724865
v -0.05791919 0.27136621 -0.00699002
v -0.05853608 0.27063805 -0.00855350
v -0.05829003 0.26871952 -0.00911349
v 0.04607597 0.30529535 0.07100414
v 0.04449405 0.30556729 0.07264408
v -0.08019167 0.29951158 -0.01359960
v -0.08206952 0.29937419 -0.01543342
v 0.04489229 0.30636916 0.07258548
v 0.04416499 0.30472064 0.07265525
v 0.04484221 0.30304310 0.06987559
v -0.08697898 0.29055643 -0.02444148
v -0.08701992 0.28834888 -0.02524150
v -0.08524691 0.29552436 -0.02286880
v -0.08557744 0.29365775 -0.02430839
v 0.04435464 0.30370972 0.07084692
v 0.04361428 0.30443206 0.07215055
v 0.04253775 0.30507535 0.07400963
v -0.07098132 0.26816961 0.00081158
v -0.07199530 0.26831353 -0.00093367
v -0.07157624 0.26671806 -0.00081041
v -0.08818612 0.29370475 -0.02469978
v -0.08861497 0.29566073 -0.02632014
v -0.07010036 0.25116107 0.00414389
v -0.06916224 0.24968916 0.00498685
v -0.04333653 0.18214653 0.01750792
v -0.05154473 0.18788041 0.00568602
v -0.05086163 0.17869432 0.00536017
v -0.04265511 0.17334099 0.01667733
v -0.07810531 0.29645649 -0.00522501
v -0.07697999 0.29898235 -0.00508886
v 0.04065512 0.30625099 0.07597528
v 0.03992472 0.30620977 0.07409646
v 0.03794720 0.30755287 0.07771634
v -0.05764509 0.26807347 -0.00644881
v -0.05749082 0.26719785 -0.00780881
v -0.06034606 0.26569220 -0.00672979
v -0.06304826 0.27236789 -0.00487412
v -0.05878018 0.27295512 -0.00562545
v 0.03712190 0.30716428 0.07569160
v 0.03426759 0.31179553 0.07875954
v 0.03926355 0.31143266 0.07803143
v 0.03677377 0.30710748 0.07388102
v 0.03429622 0.30520636 0.07030991
v 0.03271732 0.30533445 0.07086932
v 0.03348528 0.30721340 0.07492051
v -0.06184889 0.26943794 -0.00877981
v 0.02367363 0.30404270 0.07558206
v 0.02449550 0.30487978 0.07596289
v -0.06271836 0.27455479 -0.00772771
v -0.06301807 0.27569643 -0.00637240
v -0.06617861 0.26183763 -0.00330002
v -0.06780002 0.26125568 -0.00531361
v -0.06936111 0.26132223 -0.00211016
v -0.05829898 0.26671499 -0.00894079
v -0.06940779 0.28463596 -0.01129742
v 0.02844896 0.30410942 0.07132859
v 0.02806816 0.30370349 0.07118785
v 0.02220455 0.30407408 0.07619590
v 0.02355997 0.30488035 0.07681103
v -0.06502731 0.27028829 -0.00833754
v -0.06784456 0.26775956 -0.01010966
v -0.06765188 0.26564464 -0.00908409
v -0.06481399 0.26835409 -0.00811475
v -0.07646274 0.25768086 -0.01060728
v -0.07683062 0.25952396 -0.01045636
v -0.07046283 0.26312143 -0.01126390
v -0.07383520 0.26356024 -0.00921900
v -0.07080449 0.27990514 -0.00958122
v -0.07244177 0.28315249 -0.00810518
v -0.06830795 0.27664340 -0.00604039
v -0.06553942 0.27246761 -0.00788154
v -0.06799399 0.27018476 -0.00979152
v -0.06326961 0.27367952 -0.00518264
v -0.06707841 0.27377194 -0.00445394
v -0.06682593 0.27486104 -0.00470716
v -0.06322856 0.27466103 -0.00550045
v -0.07664842 0.29029143 -0.01298877
v -0.07575100 0.29677585 -0.00364047
v -0.07691989 0.29378068 -0.00440376
v -0.07830838 0.30624527 -0.03188633
v -0.07622983 0.29815146 -0.03636256
v -0.07671887 0.29963219 -0.02285613
v -0.06200359 0.27129892 -0.00864766
v -0.05915492 0.27501175 -0.00688786
v -0.05963125 0.27457014 -0.00603349
v -0.08179153 0.26084125 -0.01880645
v -0.07014166 0.26098138 -0.00181798
v -0.07010302 0.28494319 -0.00747425
v -0.08113855 0.26915839 -0.02645807
v -0.08005815 0.26394567 -0.02417753
v -0.06941123 0.28616992 -0.00787751
v -0.07015801 0.28731433 -0.00737359
v -0.06868262 0.26158354 -0.00603519
v -0.07011131 0.26222128 -0.00327339
v -0.07039637 0.28771678 -0.00720828
v -0.07165428 0.26776034 -0.00214453
v -0.08148164 0.28997949 -0.01853967
v 0.02776931 0.30664158 0.07608842
v 0.02989376 0.30501077 0.07150041
v -0.07327318 0.24992126 -0.01143610
v -0.07161277 0.24863125 -0.00837591
v 0.02903783 0.30455288 0.07144244
v -0.05925545 0.27396467 -0.00571281
v 0.02610753 0.30574661 0.07590694
v -0.06296678 0.26501030 -0.00534816
v -0.06241401 0.27300122 -0.00825888
v 0.02714643 0.30711481 0.07790359
v 0.02489321 0.30587143 0.07725337
v 0.03366471 0.30768389 0.07688154
v -0.06984635 0.27156991 -0.00376836
v -0.06941810 0.26941925 -0.00333068
v -0.07200444 0.26999429 -0.00228757
v 0.02134501 0.34567237 -0.12080081
v 0.02108665 0.32824081 -0.12324856
v -0.07510401 0.26393333 -0.01100635
v -0.07115370 0.26467037 -0.01358271
v -0.07218890 0.26540393 -0.01589538
v -0.07676546 0.26457575 -0.01277547
v -0.07870332 0.25912291 -0.02153050
v -0.07702066 0.25491691 -0.01794592
v -0.07935290 0.25345799 -0.01752526
v -0.08141394 0.25782442 -0.02142477
v 0.03625486 0.33130646 -0.10829123
v 0.03614262 0.34479126 -0.10599038
v -0.07827964 0.32078782 -0.04131701
v -0.07944900 0.31212154 -0.02520674
v -0.07982668 0.32785189 -0.02997366
v -0.08028748 0.29910892 -0.02273490
v -0.08033239 0.29666564 -0.02434643
v -0.08506761 0.29765460 -0.02741217
v -0.07613997 0.30353969 -0.00879523
v -0.07632031 0.30120835 -0.01238809
v -0.07654728 0.30212063 -0.01031607
v -0.08467510 0.27394450 -0.02932654
v 0.03929571 0.30635586 0.07256440
v 0.03564354 0.30485907 0.06966202
v 0.04592378 0.34624019 -0.09628368
v 0.04529805 0.35507894 -0.09357718
v 0.03700905 0.35667497 -0.10079309
v 0.03375040 0.22096084 -0.05533839
v 0.02483543 0.21111584 -0.06215242
v -0.07254191 0.28568751 -0.00197792
v -0.07419232 0.28611359 -0.00448214
v 0.02008823 0.30383551 0.07724135
v -0.07535370 0.26130462 -0.01994340
v 0.02181410 0.30519468 0.07760946
v -0.07713021 0.26286489 -0.01074726
v -0.07923480 0.26324967 -0.01288445
v -0.08565376 0.30006951 -0.01571989
v -0.08256973 0.29827243 -0.01320298
v 0.01896285 0.30263945 0.07696208
v 0.01831872 0.30238703 0.07711427
v 0.01937514 0.30380824 0.07731158
v 0.02085051 0.30524912 0.07762912
v 0.02384785 0.30643639 0.07809724
v 0.02311006 0.30669144 0.07846814
v 0.02655531 0.30823725 0.07944934
v 0.02668257 0.30758199 0.07913445
v 0.03398379 0.30830690 0.07881553
v 0.03407096 0.30915776 0.07917865
v 0.02605092 0.30887854 0.07882085
v 0.02253708 0.30700627 0.07793818
v 0.02549030 0.30950758 0.07808825
v 0.02234830 0.30781195 0.07752579
v 0.03374301 0.31078762 0.07796057
v 0.03402388 0.31010357 0.07863934
v 0.02172654 0.30064529 0.07732560
v 0.01951116 0.30083784 0.07709344
v 0.02223262 0.30103087 0.07713187
v 0.01982826 0.30118540 0.07680470
v 0.02336533 0.30135182 0.07605606
v 0.01914750 0.30156234 0.07674307
v 0.01836868 0.30130842 0.07695346
v -0.00934634 0.17118132 0.04166165
v -0.00943431 0.16556278 0.03759856
v 0.02419862 0.30147955 0.07554615
v 0.01868148 0.30375072 0.07701216
v 0.01744133 0.30213723 0.07711023
v 0.01757547 0.30401883 0.07632390
v 0.01671687 0.30221257 0.07668939
v 0.01975810 0.30625704 0.07668310
v 0.02015170 0.30538389 0.07703639
v 0.01742023 0.30105999 0.07691215
v 0.01800877 0.30062494 0.07698844
v 0.01676333 0.30093175 0.07685609
v 0.01736977 0.30035487 0.07694675
v 0.02450728 0.29784560 0.07860734
v 0.02430931 0.29706481 0.07859179
v 0.02117723 0.29907817 0.07785763
v 0.02063094 0.29854798 0.07778422
v 0.03285725 0.29435122 0.07809737
v 0.03599666 0.29446697 0.07691659
v 0.03250679 0.29319638 0.07812663
v -0.00790060 0.27448764 0.09859147
v -0.00935762 0.27427733 0.09710721
v -0.00806093 0.27616242 0.09600536
v -0.00742086 0.27620381 0.09675191
v 0.03589979 0.29318914 0.07692840
v 0.02756662 0.29358882 0.07883221
v 0.02799407 0.29464501 0.07873780
v 0.03154270 0.16767368 0.02510961
v 0.04624581 0.29623097 0.06900696
v 0.04730947 0.29512367 0.06844521
v 0.04572073 0.29437414 0.07032224
v 0.04480825 0.29573658 0.07055519
v 0.04319364 0.29534331 0.07223561
v -0.00831933 0.26526025 0.09759063
v -0.00769353 0.26682472 0.09641607
v -0.00869195 0.26650894 0.09547044
v -0.00955518 0.26519293 0.09667795
v 0.04367961 0.29390118 0.07221669
v 0.04136961 0.29355502 0.07407009
v 0.04117267 0.29495573 0.07403024
v 0.03919884 0.29469034 0.07540785
v 0.03904371 0.29321679 0.07554282
v 0.04917276 0.29966879 0.06567530
v 0.05044748 0.30281934 0.06533320
v 0.05095760 0.29912099 0.06406935
v 0.05257771 0.30263346 0.06310219
v 0.01604035 0.30474460 0.07637131
v -0.00504429 0.27584383 0.09596913
v -0.00364469 0.27330634 0.09859336
v -0.00514773 0.27424771 0.10003795
v -0.00614099 0.27641067 0.09669777
v 0.01560842 0.30244339 0.07631329
v 0.01441940 0.30534005 0.07720433
v 0.01408235 0.30267259 0.07690574
v 0.01566863 0.30831823 0.07806928
v 0.01754342 0.30746448 0.07702433
v 0.01590267 0.30074918 0.07670294
v 0.01665052 0.29999226 0.07688688
v 0.01461829 0.30061898 0.07687283
v 0.01566767 0.29928806 0.07705744
v 0.02383295 0.29620001 0.07862692
v 0.02335750 0.29524550 0.07868454
v 0.02006568 0.29791155 0.07781725
v 0.01922779 0.29705247 0.07796706
v 0.04841544 0.26397532 -0.07714979
v 0.05040843 0.30503148 -0.09378019
v 0.04660751 0.31592423 0.07504109
v 0.04447309 0.31286409 0.07607806
v 0.04087245 0.31399542 0.07837510
v 0.04264525 0.31780457 0.07803132
v 0.04918318 0.32000017 0.07260820
v 0.05161510 0.31630009 0.07005147
v 0.04928828 0.31343406 0.07223523
v 0.04710442 0.31111333 0.07370427
v 0.05106224 0.30568093 0.06621360
v 0.04931404 0.30559513 0.06804564
v 0.04928942 0.30739498 0.06942623
v 0.05104946 0.30805367 0.06787363
v 0.05331631 0.30578795 0.06412337
v 0.05349396 0.30896676 0.06580581
v 0.05045575 0.31049794 0.07009108
v 0.04841658 0.30911317 0.07142261
v 0.05297080 0.31226364 0.06811152
v 0.02348337 0.31312302 0.08022007
v 0.02422632 0.31141055 0.07907494
v 0.02101699 0.30951366 0.07798049
v 0.01968627 0.31026724 0.07830047
v 0.02212432 0.31485054 0.08129396
v 0.01752586 0.31134674 0.07928392
v 0.03607422 0.31824282 0.08099055
v 0.03532204 0.31475949 0.08014537
v 0.02519062 0.30989116 0.07772981
v 0.02307260 0.30880117 0.07753605
v 0.02502071 0.31004778 0.07770342
v 0.02242721 0.30859274 0.07735278
v 0.05456601 0.36771688 -0.07534355
v 0.05746237 0.37468740 -0.06276463
v 0.04205130 0.38638201 -0.07093121
v 0.04040416 0.37731132 -0.08335093
v 0.04086907 0.30926448 0.07538629
v 0.04142980 0.30966413 0.07565473
v 0.04395350 0.30839270 0.07421278
v 0.04341009 0.30796850 0.07410482
v 0.04524481 0.30685622 0.07260511
v 0.04586980 0.30731091 0.07257295
v 0.04707463 0.30624536 0.07078733
v 0.04652851 0.30592060 0.07108773
v 0.04716009 0.30518940 0.06988348
v 0.04776390 0.30517220 0.06935039
v 0.02276124 0.30947199 0.07776816
v 0.02494499 0.31036329 0.07808502
v 0.04757162 0.33451527 -0.09745011
v 0.04458271 0.35628971 0.06106229
v 0.05138367 0.35234296 0.05464742
v 0.04931642 0.34609661 0.06092529
v 0.04255591 0.31054807 0.07630550
v 0.04515225 0.30930224 0.07439476
v 0.04688882 0.30808023 0.07230637
v 0.04791195 0.30689561 0.07039060
v 0.04838178 0.30592269 0.06922423
v 0.06928555 0.26707032 0.00479261
v 0.06965052 0.26697826 0.00301030
v 0.07726829 0.27640232 -0.02338355
v 0.07546559 0.28313935 -0.02270949
v 0.07443365 0.28666049 -0.02180832
v 0.07518043 0.29554296 -0.00832544
v 0.07860329 0.29867265 -0.01137931
v 0.07995372 0.25779977 -0.01568313
v 0.07684118 0.25617081 -0.01159894
v -0.08573647 0.30331004 -0.01672701
v 0.07986052 0.25864422 -0.01618325
v 0.08537320 0.29449159 -0.02211850
v 0.08569794 0.29276523 -0.02345207
v 0.08662830 0.29251093 -0.02313553
v 0.04079491 0.24503924 -0.06442091
v 0.04617251 0.25547764 -0.07184045
v 0.08599275 0.29070655 -0.02466344
v 0.07160656 0.27151400 0.00021926
v 0.07828566 0.27574423 -0.02372466
v 0.07973482 0.27509344 -0.02553192
v 0.08031967 0.26984200 -0.02540624
v 0.07985190 0.27047175 -0.02451598
v 0.07952256 0.26487875 -0.02319152
v 0.07918231 0.26577181 -0.02265795
v 0.08138401 0.26115981 -0.01891839
v 0.08290005 0.26479837 -0.02134159
v 0.07984947 0.29907730 -0.01269494
v 0.07924436 0.29819766 -0.01135118
v 0.08078202 0.29890040 -0.01298774
v 0.07229979 0.27027255 -0.00108058
v 0.07332498 0.29361397 -0.00799805
v 0.07291243 0.29130933 -0.00695924
v 0.07251016 0.29171535 -0.00738284
v 0.06825971 0.27525064 -0.00464027
v 0.06824790 0.27612248 -0.00492345
v 0.06971548 0.27369165 -0.00445848
v 0.07235719 0.27224410 -0.00302199
v 0.06592544 0.26458016 -0.00284826
v 0.06535180 0.26330325 -0.00465199
v 0.06594534 0.26240101 -0.00396105
v 0.08298187 0.30514938 -0.01716590
v 0.07314257 0.29031914 -0.00665528
v 0.07453229 0.29143313 -0.00685341
v 0.07498913 0.29267234 -0.00704779
v 0.08167847 0.29836419 -0.01330065
v 0.07525676 0.29364580 -0.00735428
v 0.07433541 0.29357803 -0.00734359
v 0.07596941 0.29528856 -0.00823602
v 0.07369616 0.29360729 -0.00758491
v 0.07193038 0.26777270 -0.01708251
v 0.07059004 0.26769748 -0.01486588
v 0.07133321 0.28781953 0.00294142
v 0.07160154 0.28560004 0.00068066
v 0.07600966 0.25573981 -0.00933042
v 0.07457884 0.29344529 -0.01838006
v 0.07502831 0.29627952 -0.01997177
v 0.08420971 0.26938757 -0.02329096
v 0.07817309 0.26430508 -0.01250873
v 0.07609485 0.26379865 -0.01060303
v 0.08005626 0.26528391 -0.01443129
v 0.08157976 0.26777735 -0.01640418
v 0.06899808 0.28391618 -0.01115151
v 0.08012075 0.28811076 -0.01623020
v 0.08055089 0.28584203 -0.01742224
v 0.07863203 0.28828412 -0.01461584
v 0.07606255 0.29974619 -0.01829019
v 0.07569771 0.29982948 -0.01589030
v 0.07526676 0.29483026 -0.01638562
v 0.07512238 0.29806343 -0.01512088
v 0.06775210 0.26805431 -0.00326192
v 0.06756677 0.26202288 -0.00623661
v 0.06725943 0.26382616 -0.00725243
v 0.06870174 0.26204893 -0.00710060
v 0.06871188 0.26285070 -0.00863979
v 0.06909329 0.26425034 -0.01033817
v 0.06947845 0.26601085 -0.01180530
v 0.06952304 0.26841828 -0.01238704
v 0.06714167 0.27216920 -0.00413695
v 0.07550672 0.29977313 -0.00534077
v 0.06666747 0.27034044 -0.00382712
v 0.06861303 0.27384537 -0.00437740
v 0.06879801 0.27204788 -0.00393666
v 0.06849305 0.27011552 -0.00340426
v 0.07322409 0.26140484 -0.00436887
v 0.07397518 0.26292348 -0.00671376
v 0.07194943 0.26206061 -0.00362819
v 0.07478328 0.26327386 -0.00880655
v 0.07085836 0.26224232 -0.00321970
v 0.07503949 0.29470879 -0.01716768
v 0.07525974 0.29788923 -0.01721625
v 0.06969767 0.27059856 0.00656766
v 0.06435794 0.27974209 0.05516665
v 0.06545539 0.28895745 0.04913634
v 0.02675546 0.23063631 0.07441967
v 0.02601801 0.22746548 0.07491568
v 0.05760705 0.26928505 0.06920043
v 0.05346529 0.26680985 0.07474246
v 0.02544012 0.23651728 0.08616653
v 0.02459646 0.23583280 0.08631768
v 0.02370869 0.23639603 0.08649011
v 0.02454945 0.23671463 0.08615658
v 0.02245783 0.23682812 0.08476485
v 0.02331934 0.23671752 0.08403651
v 0.02345998 0.23678093 0.08497144
v 0.02266860 0.23686294 0.08565482
v 0.02909022 0.25208628 0.08842175
v 0.03306731 0.25607955 0.08801274
v 0.03606426 0.25168243 0.08648862
v 0.03216416 0.24835560 0.08736158
v 0.02522891 0.23533033 0.07669514
v 0.02495415 0.23697169 0.07710576
v 0.02382856 0.23691697 0.08101160
v 0.02416046 0.23624338 0.08060560
v 0.02507173 0.23278353 0.07688646
v 0.02404042 0.23496810 0.08024154
v 0.02681917 0.23458910 0.07422166
v 0.02628784 0.23713280 0.07451417
v 0.03463856 0.23029111 0.08267687
v 0.03091488 0.23245868 0.08415938
v 0.03189751 0.23551388 0.08463961
v 0.03562825 0.23491839 0.08315641
v 0.02582014 0.26337934 0.08885087
v 0.02972845 0.25970626 0.08863137
v 0.02632538 0.25570127 0.08885453
v 0.02247317 0.25982931 0.08885072
v 0.01850080 0.26457927 0.08930717
v 0.02168041 0.26727569 0.08881582
v 0.01648927 0.27195120 0.09235500
v 0.01686000 0.26830757 0.09333088
v 0.01626351 0.26745000 0.09642874
v 0.01654320 0.26950642 0.09537265
v 0.01472724 0.26358813 0.09486174
v 0.01695434 0.26608837 0.09190795
v 0.01089262 0.26260078 0.09515686
v -0.01170289 0.26495576 0.09727550
v -0.01069567 0.26678023 0.09600236
v -0.01136538 0.26730117 0.09784223
v -0.01296050 0.26579157 0.09896306
v 0.01066755 0.26329470 0.09604125
v 0.01486329 0.26304314 0.09355463
v -0.00456178 0.26618052 0.10531332
v -0.00558871 0.26828259 0.10541072
v -0.00447382 0.26744679 0.10315013
v -0.00454099 0.26545250 0.10284082
v 0.01518756 0.26233384 0.09181922
v 0.01123658 0.26192972 0.09409533
v 0.01008307 0.26425722 0.09678935
v 0.01280797 0.26408231 0.09698009
v -0.00729149 0.26870015 0.10475851
v -0.00915022 0.26827535 0.10650366
v -0.01083904 0.26816982 0.10492182
v -0.00869325 0.26849756 0.10328133
v -0.00408419 0.26963121 0.09816068
v -0.00546920 0.26774842 0.09965390
v -0.00336766 0.26988000 0.10171913
v -0.01162941 0.26959297 0.09585524
v -0.01030686 0.26852322 0.09447149
v -0.00915088 0.27229762 0.09373561
v -0.01040361 0.27311298 0.09459369
v 0.01429855 0.26598218 0.09842867
v 0.00408275 0.26507720 0.10506565
v 0.00522197 0.26638049 0.10698057
v 0.00900674 0.29454646 0.09028670
v 0.01192948 0.29121163 0.08776917
v 0.00905096 0.29209700 0.09250316
v 0.01187407 0.28907242 0.08989525
v 0.01354680 0.26817811 0.10197787
v 0.01466373 0.26993373 0.10048909
v 0.01120382 0.26947561 0.10560264
v 0.01202991 0.27194834 0.10510746
v 0.00364519 0.30941272 0.08900275
v 0.00199877 0.26166028 0.10104369
v 0.00222601 0.26089552 0.10056884
v 0.00169537 0.26273784 0.10286777
v 0.02071621 0.36933219 -0.10444837
v 0.02145058 0.38288444 -0.09248879
v 0.02132841 0.39963418 -0.06840125
v 0.01942177 0.40491289 -0.05545955
v 0.00561278 0.24523517 0.10155190
v 0.00523561 0.24783775 0.10146672
v 0.01313970 0.24084263 0.08477847
v 0.00750214 0.24104634 0.08647711
v 0.00708332 0.23924722 0.09115110
v 0.01248706 0.23916905 0.08972910
v 0.01660725 0.23897906 0.08748272
v 0.01759624 0.24038786 0.08264398
v 0.01354401 0.24213575 0.08210880
v 0.00764494 0.24234939 0.08370902
v 0.01196607 0.23823908 0.09420434
v 0.00668910 0.23854722 0.09647707
v 0.00651738 0.24024533 0.09915786
v 0.01196786 0.23969077 0.09642090
v 0.01812361 0.25783029 0.09056961
v 0.01380070 0.25854051 0.09263778
v 0.00952884 0.25877714 0.09582461
v 0.00629129 0.25868562 0.09831440
v 0.00569456 0.26071411 0.09869600
v 0.00817138 0.26128909 0.09656276
v 0.00549323 0.26154956 0.09910741
v 0.00794120 0.26207146 0.09717736
v 0.00791618 0.26290029 0.09770579
v 0.00833499 0.26424345 0.09792821
v 0.00649444 0.26415464 0.09916614
v 0.00692227 0.26532391 0.09872028
v 0.00549094 0.26243177 0.09938452
v 0.00386716 0.28702822 0.10417747
v 0.00366181 0.29038137 0.10132147
v 0.00980912 0.24924906 0.09925707
v 0.00497469 0.24975990 0.10064341
v 0.00415653 0.25346613 0.09982587
v 0.00846268 0.25340176 0.09839475
v 0.01304648 0.25258797 0.09611037
v 0.01482314 0.24742417 0.09662642
v 0.00253128 0.26010182 0.10017799
v 0.01021039 0.24712414 0.09961183
v 0.01062820 0.24462508 0.09948739
v 0.01538060 0.24511980 0.09678708
v 0.01573084 0.24290036 0.09647030
v 0.01959983 0.24480648 0.09339499
v 0.01847978 0.25057623 0.09335556
v 0.02433061 0.24843071 0.09007078
v 0.02366056 0.24199301 0.09019077
v 0.03171916 0.23865589 0.08544609
v 0.02684370 0.23623924 0.08600112
v 0.02694007 0.23754917 0.08641653
v 0.02660757 0.23877305 0.08726872
v 0.03077815 0.24176338 0.08658266
v 0.03537095 0.23950483 0.08424572
v 0.03424306 0.24406803 0.08564528
v 0.02862815 0.24492672 0.08816724
v 0.02572935 0.24016833 0.08835719
v 0.02557578 0.23728041 0.08663135
v 0.02465226 0.23706476 0.08644141
v 0.02529887 0.23799568 0.08741472
v 0.02437299 0.23741415 0.08712092
v 0.02467902 0.23870468 0.08843279
v 0.02386262 0.23776720 0.08797266
v 0.02283063 0.23844483 0.08928441
v 0.02333579 0.23990840 0.08993861
v 0.02257608 0.23701972 0.08494224
v 0.02156514 0.23712817 0.08601681
v 0.02162912 0.23711795 0.08731663
v 0.02259282 0.23697205 0.08615017
v 0.02325278 0.23687993 0.08425431
v 0.02315178 0.23690191 0.08548623
v 0.02326235 0.23749764 0.08179019
v 0.02224611 0.23775588 0.08259860
v -0.04722960 0.19771370 0.01934485
v -0.05328547 0.20044841 0.00541101
v 0.02382470 0.23669882 0.08352277
v 0.02379934 0.23678872 0.08459751
v 0.02376635 0.23690648 0.08600780
v 0.02362882 0.23706317 0.08642805
v 0.02310004 0.23722482 0.08716635
v 0.02216845 0.23750973 0.08828626
v 0.01586972 0.24088567 0.09545048
v 0.01947798 0.24081129 0.09307335
v 0.01929444 0.23914750 0.09180419
v 0.01583439 0.23881055 0.09353089
v 0.01896682 0.23795228 0.09031121
v 0.01822899 0.24147795 0.08020183
v 0.01563098 0.23788634 0.09172749
v 0.02134678 0.23933628 0.08016708
v 0.02238251 0.24034801 0.07765244
v 0.02021086 0.23829959 0.08451838
v 0.02434407 0.23810026 0.07802767
v 0.02330884 0.23831265 0.07854693
v 0.02536595 0.23894662 0.07553665
v 0.02412324 0.23951128 0.07647873
v 0.01890910 0.23736709 0.08852097
v 0.01966433 0.24262349 0.09346392
v 0.01120201 0.24215576 0.09836296
v 0.00600821 0.24280703 0.10060649
v -0.03477409 0.28708565 0.07949972
v -0.03418483 0.28438541 0.08088464
v -0.02988996 0.28548217 0.08138203
v -0.03069223 0.28787637 0.08023550
v 0.00463083 0.27989426 0.11063733
v 0.00422702 0.28371620 0.10729075
v 0.02307007 0.23676686 0.08640847
v 0.00966038 0.16073987 0.03495110
v -0.07272395 0.27227166 -0.00171115
v -0.07221010 0.27309600 -0.00059075
v -0.08018615 0.29392666 -0.02591857
v 0.02600210 0.23507865 0.08598551
v 0.02447355 0.23041087 0.07701164
v 0.02322368 0.23397692 0.08067953
v 0.03146022 0.22588643 0.08295831
v 0.02678410 0.22191383 0.08538654
v 0.02458212 0.22599399 0.08696114
v 0.02839635 0.22912456 0.08457439
v 0.02175466 0.23193434 0.08917387
v 0.02443601 0.23369531 0.08701014
v -0.08459980 0.29711339 -0.02077416
v 0.02321579 0.23498926 0.08765799
v 0.02072386 0.23399433 0.08985383
v 0.01994598 0.23557787 0.09024905
v 0.02230517 0.23602648 0.08776319
v 0.01816947 0.23733844 0.08880007
v 0.01366391 0.23782843 0.09171500
v 0.01324643 0.23414403 0.08692952
v 0.01802029 0.23364000 0.08447500
v 0.02205715 0.23366825 0.08190992
v 0.02145606 0.23701304 0.08570539
v -0.08027206 0.30096713 -0.02061617
v -0.07924204 0.30308440 -0.01589351
v -0.07801677 0.30172205 -0.01498819
v -0.07889976 0.29924744 -0.01896982
v 0.01875453 0.23739071 0.08962373
v 0.02160386 0.23703985 0.08669975
v 0.01421181 0.23793538 0.09286837
v 0.02024409 0.16326493 0.03118889
v 0.02186993 0.23678835 0.08746624
v 0.01917985 0.23694095 0.08993945
v 0.01489937 0.23712076 0.09356005
v 0.01581973 0.23519547 0.09406443
v 0.01655798 0.23295039 0.09417316
v 0.01729239 0.23017165 0.09337732
v 0.01930927 0.22302298 0.09090097
v 0.02072709 0.21793850 0.08984535
v 0.01328014 0.22130139 0.09426084
v 0.01436417 0.21627280 0.09400655
v 0.01221144 0.22891249 0.09713826
v 0.01182977 0.23237911 0.09842113
v 0.01115699 0.23504412 0.09788474
v 0.01052616 0.23725452 0.09691494
v 0.00307105 0.25841394 0.09972497
v 0.00529043 0.26410970 0.10045396
v 0.00421182 0.26435012 0.10267642
v 0.00737823 0.26780307 0.10776059
v 0.00163200 0.26360041 0.10506047
v 0.00978123 0.26932946 0.10726449
v 0.00819703 0.26884860 0.10867477
v 0.00878790 0.27042904 0.10951926
v 0.00988686 0.27102759 0.10830268
v 0.00680240 0.26829833 0.10989027
v 0.00795412 0.27026299 0.11045239
v 0.00281808 0.26742792 0.11161843
v 0.00362372 0.27087200 0.11339437
v 0.00451093 0.27637479 0.11283513
v 0.00397826 0.27305773 0.11372306
v 0.00918622 0.27211869 0.10988525
v 0.01048744 0.27389207 0.10813314
v -0.08753268 0.29718933 -0.02120749
v 0.01061879 0.27686778 0.10589553
v 0.01251356 0.27453610 0.10262138
v 0.01040127 0.41102764 -0.01004733
v 0.00981190 0.23832817 0.09590454
v 0.00885445 0.23822869 0.09400462
v -0.07121373 0.25971380 -0.00157756
v -0.07920691 0.28610605 -0.01555555
v 0.01316732 0.22336432 0.08046786
v 0.01314937 0.22813715 0.08272353
v 0.00830004 0.22810011 0.08429996
v -0.07860995 0.30360100 -0.01336385
v -0.08179517 0.30520856 -0.01401967
v 0.00828534 0.22355705 0.08218753
v 0.00489156 0.23829928 0.09493782
v -0.08498975 0.27407154 -0.02439881
v -0.08795597 0.29564622 -0.02312127
v -0.08614101 0.29421356 -0.02187856
v -0.07962116 0.29596761 -0.00740621
v -0.07348726 0.26793596 -0.01828422
v -0.07988758 0.26815268 -0.01617005
v -0.07853471 0.26570991 -0.01443040
v -0.07298543 0.26620057 -0.01713378
v -0.06853325 0.28144181 -0.01236774
v 0.00467626 0.23441686 0.08964904
v 0.00845536 0.23440377 0.08885812
v 0.00518047 0.23851706 0.09724669
v 0.00567813 0.23734120 0.09864427
v 0.00620695 0.23504673 0.10000215
v 0.00445776 0.22796395 0.08516587
v 0.00455358 0.22333825 0.08299938
v -0.06872753 0.26441181 0.00667880
v 0.02281343 0.22896792 0.07812409
v -0.07615047 0.25328508 -0.00798243
v -0.07703688 0.25420755 -0.01041314
v -0.02999295 0.24369653 -0.07438497
v -0.03361252 0.25258136 -0.08190714
v -0.08669399 0.27388415 -0.02774154
v 0.02350038 0.22502647 0.07620106
v 0.01814582 0.22798400 0.08068176
v 0.01860005 0.22385582 0.07861771
v 0.00784251 0.21579395 0.09692934
v 0.00708492 0.22074413 0.09650562
v 0.00651373 0.23178945 0.10037398
v 0.00664675 0.22784631 0.09910705
v 0.02172317 0.39235377 -0.08088985
v 0.06220415 0.35783109 0.03105972
v 0.06056177 0.35099736 0.03940940
v -0.08012083 0.29917797 -0.01459414
v 0.05394340 0.35879856 0.04582253
v 0.05568648 0.36427489 0.03819588
v 0.06266002 0.36521259 0.02243896
v 0.05626346 0.37069213 0.03018899
v 0.03892470 0.40096486 -0.02965098
v 0.03946837 0.40078476 -0.01508584
v 0.02138499 0.40840384 -0.01126594
v 0.03426911 0.40149680 -0.04435080
v 0.04583352 0.39202002 -0.05331840
v 0.04787814 0.39467815 -0.03324449
v 0.04782731 0.39496773 -0.01764601
v -0.07285307 0.25927347 -0.00291955
v -0.07208947 0.25347161 -0.00202884
v -0.07100699 0.25396612 0.00001985
v -0.07453296 0.28938782 -0.01215152
v 0.02411406 0.20088433 -0.06319893
v 0.04949687 0.31739485 -0.09631590
v 0.04664468 0.39456192 -0.00362187
v 0.03896004 0.39959240 -0.00094297
v 0.03867286 0.39725608 0.01187372
v 0.04550151 0.39298591 0.00838925
v 0.02132207 0.40679398 0.00369021
v 0.01036733 0.40917408 0.00559853
v 0.01850370 0.27960867 -0.10655708
v 0.00357104 0.29358315 0.09857941
v 0.04444642 0.23238832 -0.04602275
v 0.05448302 0.23117836 -0.02820800
v 0.05466181 0.18377732 -0.00828730
v 0.06733724 0.25316402 -0.01006564
v 0.06706814 0.25371292 -0.01095679
v 0.05717659 0.21727797 -0.00986553
v 0.05888736 0.23019643 -0.01054939
v 0.03588888 0.23299177 -0.05781597
v 0.07654362 0.26429054 -0.02146484
v 0.07722661 0.26802969 -0.02276564
v 0.07760181 0.26338542 -0.02109938
v 0.07838516 0.26735198 -0.02269213
v 0.07848009 0.27158192 -0.02353982
v 0.07803167 0.26161832 -0.02024662
v 0.07581916 0.29988474 -0.01314725
v 0.07698435 0.30148238 -0.01236491
v -0.07482247 0.26243603 -0.02012350
v -0.07497089 0.26474318 -0.02129430
v 0.06675199 0.25185418 -0.00562765
v 0.06656888 0.25244281 -0.00734566
v -0.05940394 0.27437875 -0.00785652
v 0.06609596 0.25218689 -0.00641949
v 0.06590113 0.25172785 -0.00508969
v 0.06657363 0.25098458 -0.00400631
v 0.06586795 0.25118423 -0.00388045
v 0.07835063 0.31567144 -0.00745717
v 0.06471720 0.25163811 -0.00744634
v 0.06636710 0.25339583 -0.01026959
v 0.06632537 0.25281784 -0.00868578
v 0.06552879 0.25232092 -0.00720433
v 0.06546410 0.25121710 -0.00512422
v 0.06547403 0.25042826 -0.00331981
v 0.06613014 0.24983634 -0.00292622
v -0.07635758 0.25657997 -0.01736331
v -0.07283191 0.25151262 -0.01138405
v -0.05602728 0.20405030 -0.00848446
v -0.05289712 0.20708206 -0.02367181
v -0.05313005 0.19679846 -0.02222178
v -0.05512067 0.19259195 -0.00802921
v -0.07041705 0.27821329 0.00489747
v -0.07043058 0.27091202 0.00266372
v -0.06986154 0.26989034 0.00457281
v 0.07814532 0.26049805 -0.02064112
v 0.07107669 0.25032026 -0.00854786
v -0.02357407 0.17928308 0.03856295
v -0.02015627 0.16896348 0.03365174
v 0.07606817 0.29222393 -0.01897460
v 0.07603792 0.29044449 -0.02031367
v 0.07812669 0.29203448 -0.02190184
v 0.07805191 0.29425120 -0.02057938
v 0.05819895 0.26621228 -0.06376010
v 0.06004722 0.27675647 -0.07014103
v 0.01188937 0.20190454 -0.06774446
v 0.01208902 0.21344055 -0.06768446
v 0.07383680 0.31022424 -0.05634405
v 0.07602594 0.29386631 -0.01755945
v 0.07809431 0.29602602 -0.01916237
v 0.07752967 0.27218339 -0.02346834
v 0.07523203 0.29324043 -0.01754371
v 0.07533769 0.29158205 -0.01888749
v 0.07897577 0.29765493 -0.02075762
v 0.07904480 0.29546410 -0.02235243
v 0.07897961 0.29301965 -0.02377200
v 0.07532176 0.28976837 -0.02018157
v -0.06915254 0.26505187 0.01058488
v -0.06930786 0.26457942 0.02146522
v -0.07065637 0.28030789 0.02093962
v -0.07019627 0.27471536 0.01080619
v 0.07608620 0.29821375 -0.02014265
v 0.07818525 0.34130913 -0.03322802
v 0.07651692 0.33465147 -0.04726386
v 0.07368824 0.35756192 -0.03752380
v 0.07216853 0.35170391 -0.05273720
v 0.06727524 0.34488219 -0.06894824
v 0.07165461 0.32659158 -0.06352990
v 0.07558919 0.29968691 -0.01446406
v 0.07763512 0.30246252 -0.01279693
v 0.06253418 0.37086993 0.01403061
v 0.06745944 0.36532104 0.00704528
v 0.05612604 0.37608314 0.02263148
v 0.05547704 0.38079470 0.01541943
v 0.06119839 0.37626216 0.00649804
v 0.06837852 0.36877531 -0.00517445
v 0.07969185 0.33345312 -0.01761979
v 0.07741216 0.34756210 -0.01913100
v 0.07487080 0.35237077 -0.00570547
v -0.05929914 0.31218061 0.05531210
v -0.06119068 0.31278354 0.05075672
v -0.06171146 0.30326211 0.05136792
v -0.05950715 0.30450886 0.05505512
v 0.07247093 0.36341229 -0.02223513
v 0.06375824 0.37758502 -0.01227908
v 0.06725330 0.37325811 -0.02660844
v 0.05712265 0.38621858 -0.01676385
v 0.05911559 0.38373914 -0.03136021
v 0.05877100 0.38068929 -0.04753860
v 0.06844132 0.36867753 -0.04162879
v 0.05907473 0.38138214 -0.00016848
v 0.05353628 0.38509187 0.00952724
v 0.05428226 0.38779363 -0.00408749
v 0.05121344 0.38882747 0.00465182
v 0.07278908 0.35452148 0.00149431
v 0.06219825 0.24606465 -0.00263943
v 0.06397358 0.24572565 0.00229843
v -0.01990438 0.37143669 0.06930739
v -0.00964829 0.37210914 0.07177820
v -0.00990905 0.37989768 0.06515462
v -0.02032197 0.37892064 0.06251492
v 0.06800761 0.25648347 0.00942580
v -0.03559008 0.26049682 -0.08744834
v -0.03680582 0.27097416 -0.09296609
v -0.01789583 0.26697874 -0.10035896
v -0.01695047 0.25740954 -0.09397539
v 0.06790974 0.28205511 0.04289642
v 0.06776840 0.29449281 0.03976874
v 0.07035695 0.28643626 0.02977447
v 0.06913496 0.27163881 0.03205582
v -0.02072115 0.39642000 0.03939216
v -0.01012334 0.39813659 0.04219895
v -0.01019095 0.40269431 0.03162418
v -0.02093533 0.40077955 0.02918165
v -0.05319934 0.28489536 0.07013246
v -0.05549744 0.27888206 0.07053316
v -0.05186217 0.27841437 0.07440480
v -0.05002292 0.28440487 0.07324249
v 0.06640679 0.30803004 0.03728006
v 0.06974211 0.30048728 0.02754131
v 0.06920219 0.31464028 0.02435134
v 0.06591471 0.32266948 0.03543673
v 0.05837938 0.33861697 -0.08494960
v 0.06126686 0.32210699 -0.08267434
v -0.07238689 0.24899372 0.00096965
v -0.07151335 0.24992324 0.00230466
v 0.06237917 0.30978099 -0.07971845
v 0.04776357 0.34022254 0.06546946
v -0.01033568 0.40640944 0.01928449
v -0.02122053 0.40421918 0.01724852
v 0.02057677 0.35977960 -0.11234272
v 0.04682975 0.36356199 0.05299838
v 0.05055578 0.35927540 -0.08619730
v -0.00000272 0.21393706 -0.06909106
v 0.03826059 0.36513183 -0.09474523
v 0.06697202 0.36296147 -0.05651657
v 0.06320873 0.35677910 -0.07008491
v 0.05505067 0.34955168 -0.08554453
v 0.06166542 0.29416069 -0.07627555
v 0.04645238 0.38972229 0.01642159
v 0.05581981 0.30579701 0.06098565
v 0.05502874 0.30128676 0.06031968
v 0.05592064 0.31060094 0.06229563
v 0.05343591 0.29665241 0.06219953
v 0.01561944 0.28835386 0.08586515
v 0.01512724 0.28629175 0.08770180
v 0.01483850 0.28389579 0.08977202
v 0.01863804 0.28381464 0.08602485
v 0.01804895 0.28089947 0.08797916
v 0.01133912 0.28414989 0.09435421
v 0.01174944 0.28670898 0.09208114
v 0.01411757 0.28139710 0.09157364
v 0.01350607 0.27829671 0.09334777
v 0.01120540 0.28119156 0.09666421
v 0.01773368 0.26601291 0.09020436
v 0.01906528 0.27072784 0.08915900
v 0.01632285 0.27484599 0.09057060
v 0.02201751 0.27822840 0.08725233
v 0.02079359 0.27483764 0.08855799
v 0.01723024 0.27819067 0.08944180
v 0.02309616 0.28153256 0.08518749
v 0.01426806 0.27481723 0.09562185
v 0.01514429 0.27171597 0.09835890
v 0.01176936 0.27783582 0.09961830
v 0.01005059 0.28004533 0.10261562
v 0.00940289 0.28353181 0.09956297
v 0.01931868 0.28606269 0.08433644
v 0.02420020 0.28408882 0.08364581
v 0.02447560 0.27145588 0.08858284
v 0.02916189 0.26815048 0.08857969
v 0.02676711 0.27588430 0.08698656
v 0.03123009 0.27320346 0.08697396
v 0.02784580 0.27949560 0.08502909
v 0.03254273 0.27710524 0.08493451
v 0.03344736 0.26457226 0.08830094
v 0.03706928 0.26059306 0.08727469
v 0.04035755 0.25563318 0.08544227
v 0.04009324 0.26574117 0.08569536
v 0.04388990 0.26030329 0.08378194
v 0.04200774 0.27081782 0.08361459
v 0.04648868 0.26584369 0.08165578
v -0.01194493 0.29352370 0.08530656
v -0.01247509 0.29546490 0.08274537
v -0.01631265 0.29242676 0.08171108
v -0.01588929 0.29041129 0.08381747
v -0.00728747 0.34476382 0.08514401
v -0.00829375 0.35267040 0.08253154
v -0.01733358 0.35251176 0.08084942
v -0.01562121 0.34468132 0.08383084
v 0.03603160 0.26982427 0.08666163
v 0.03762605 0.27418122 0.08452205
v 0.03357119 0.28081167 0.08277823
v 0.02895433 0.28260070 0.08313308
v 0.04269615 0.28187186 0.07915361
v 0.04282168 0.27645773 0.08144787
v 0.03829933 0.27876800 0.08223767
v 0.03854829 0.28317046 0.08005023
v 0.04784136 0.27265027 0.07928481
v 0.04720853 0.28022200 0.07740826
v 0.04608205 0.28504637 0.07559182
v 0.03186674 0.29129419 0.07883400
v 0.02704207 0.29187784 0.07948148
v 0.03547210 0.29102600 0.07778190
v 0.04208019 0.28573173 0.07731846
v 0.03860470 0.28636506 0.07853929
v 0.04934612 0.29230726 0.06848191
v 0.04720358 0.29148260 0.07082780
v 0.04167249 0.29089439 0.07508940
v 0.03883556 0.29089507 0.07657785
v 0.04462152 0.29110831 0.07311604
v 0.02245309 0.29348594 0.07934035
v 0.01779137 0.29536313 0.07913882
v 0.05298515 0.21908370 -0.02558117
v 0.00922273 0.28670797 0.09723269
v 0.00913341 0.28953913 0.09483357
v 0.01473593 0.31178197 0.08105825
v 0.01290880 0.30868739 0.08001275
v 0.00679119 0.30925912 0.08649281
v 0.01874352 0.31598198 0.08345763
v 0.01443187 0.29768267 0.07897998
v -0.02095967 0.29015613 0.08100341
v -0.02007354 0.28815845 0.08248378
v 0.01257387 0.30000722 0.07896395
v 0.01185920 0.30247173 0.07909779
v 0.01181780 0.30554879 0.07944465
v -0.01000031 0.38683790 0.05842794
v -0.02059925 0.38569680 0.05550949
v -0.02049876 0.40828750 -0.03468526
v -0.02084582 0.40857118 -0.02582776
v -0.00980014 0.41132498 -0.02641069
v -0.01088992 0.41020614 -0.03931482
v 0.02950240 0.33110601 0.08323986
v 0.02623935 0.32450661 0.08550365
v 0.05744667 0.34463066 0.04888048
v 0.06107422 0.33589685 0.04581724
v 0.05018697 0.32546446 0.06922495
v 0.05326913 0.32095119 0.06658126
v 0.05523227 0.31578612 0.06422850
v 0.06273343 0.32415843 0.04399140
v 0.06375945 0.31152013 0.04441166
v 0.06480612 0.29979557 0.04598502
v -0.06784265 0.27748841 -0.05177598
v -0.07100569 0.27727520 -0.03556355
v -0.07384110 0.28911129 -0.03788988
v -0.07159470 0.29373682 -0.05581131
v 0.04841394 0.37574360 0.03851442
v -0.03457399 0.18605934 0.03093677
v -0.03178834 0.17473499 0.02672180
v -0.00000200 0.20135288 -0.06935066
v 0.04818819 0.38113672 0.03134097
v 0.04795905 0.36973876 0.04573826
v 0.03877310 0.39401826 0.02185086
v 0.03911716 0.39023629 0.03077082
v 0.04753769 0.38585430 0.02398993
v 0.03981327 0.38548487 0.03852606
v 0.04015555 0.37990800 0.04548452
v 0.03963976 0.37381884 0.05266161
v 0.03869604 0.36729762 0.05973085
v 0.03700611 0.35909110 0.06760298
v 0.04263490 0.22005145 -0.04314156
v 0.00733199 0.27620044 0.09520350
v 0.00663348 0.27640510 0.09595030
v -0.05248087 0.33479488 0.06139703
v -0.05438554 0.34003747 0.05643202
v -0.05768814 0.33273461 0.05331456
v -0.05568191 0.32838294 0.05862176
v 0.00624564 0.27580282 0.09462117
v 0.00554449 0.27598250 0.09535272
v 0.00541332 0.27459833 0.09484632
v 0.00655000 0.26726505 0.09777415
v 0.00506457 0.26915029 0.09637937
v 0.00474756 0.27261004 0.09510233
v 0.06690838 0.24999624 0.00764778
v -0.00576060 0.33165327 0.08839081
v -0.01300077 0.33164120 0.08767806
v -0.01114497 0.32519993 0.08853369
v -0.00505787 0.32499382 0.08918873
v -0.05934511 0.29716575 0.05604413
v -0.06200763 0.29423863 0.05352507
v -0.06130101 0.28643471 0.05889740
v -0.05828724 0.29040897 0.06034278
v -0.05557416 0.28610209 0.06676794
v -0.05813632 0.28034541 0.06678337
v -0.01881221 0.36184493 0.07626832
v -0.00906993 0.36236396 0.07825308
v -0.05998124 0.32320121 0.05115471
v -0.05803671 0.32049069 0.05661346
v -0.00898680 0.29657635 0.08750510
v -0.00982432 0.29805848 0.08425141
v -0.00715454 0.30236644 0.08607440
v -0.00343329 0.30202785 0.09126215
v -0.00347836 0.30612886 0.08987363
v -0.00669310 0.30600184 0.08651389
v -0.03347779 0.34382787 0.07660939
v -0.03534515 0.35097775 0.07279961
v -0.04272312 0.34912881 0.06703024
v -0.04103918 0.34251386 0.07133445
v -0.02073881 0.39139551 0.04805096
v -0.01008284 0.39287716 0.05100084
v -0.00406126 0.31617829 0.08895356
v -0.00830052 0.31624833 0.08760000
v -0.00730284 0.31237751 0.08658148
v -0.00388333 0.31258646 0.08865482
v -0.02499805 0.28660336 0.08196913
v -0.02578806 0.28875193 0.08082800
v -0.06465615 0.24961342 -0.00232099
v -0.06562369 0.24850048 -0.00182687
v -0.07208968 0.29581216 0.00701719
v -0.07075207 0.28522035 0.00949836
v -0.07140537 0.29356703 0.01926613
v -0.07075234 0.30642739 0.01593556
v -0.07373980 0.31776753 0.01181985
v -0.07629450 0.32666859 0.00545928
v -0.07620484 0.31064814 -0.00093940
v -0.07376687 0.30464527 0.00392779
v -0.04821753 0.19959225 -0.03489679
v -0.04592739 0.20854537 -0.03764307
v -0.00362488 0.29903418 0.09373676
v -0.00365154 0.29627138 0.09619473
v -0.01919612 0.30812562 -0.11830533
v -0.01855378 0.29564974 -0.11257012
v -0.03775887 0.30029649 -0.10415782
v -0.03691881 0.31287619 -0.10736629
v -0.06450835 0.26718736 -0.04695769
v -0.06817812 0.26885912 -0.03199035
v -0.01022455 0.27110326 0.09911937
v -0.00690958 0.27551126 0.09411614
v -0.00714894 0.27205324 0.09374942
v -0.00679621 0.27468607 0.09390638
v -0.01018085 0.26807931 0.10112304
v -0.01247968 0.26742432 0.10248307
v -0.00795349 0.26821643 0.09417753
v -0.00706400 0.26845211 0.09472851
v -0.00636637 0.27236524 0.09402161
v -0.00804162 0.27595884 0.09480203
v -0.00185093 0.26463014 0.10757322
v -0.00241753 0.26618859 0.11036301
v -0.00619329 0.26729643 0.10922232
v -0.00470746 0.26583120 0.10725255
v -0.00492180 0.27496994 0.09541387
v -0.00389975 0.27276316 0.09637105
v -0.00472678 0.27081284 0.10371514
v -0.00652076 0.27446711 0.09964848
v -0.00680627 0.27640069 0.09683848
v -0.00653234 0.27138701 0.10288788
v -0.00571971 0.26539293 0.10033394
v -0.00831339 0.27147207 0.10131540
v -0.07580265 0.26227546 -0.00891287
v -0.05636013 0.21714695 0.01160950
v -0.06049470 0.23103085 0.00420460
v -0.05909334 0.23042516 -0.00144670
v -0.05628908 0.21564274 0.00237489
v -0.07694724 0.28864715 -0.01349633
v -0.06567533 0.33888862 0.03469614
v -0.06768566 0.35041353 0.02417528
v -0.07364014 0.33857027 0.01345892
v -0.07202474 0.32774967 0.01976010
v -0.06776586 0.35958713 0.01542322
v -0.07389596 0.34880343 0.00542891
v -0.07778208 0.33650011 -0.00358327
v -0.07947452 0.31572941 -0.01666062
v -0.04210069 0.29986054 0.07387499
v -0.04241662 0.29961091 0.07401104
v -0.04087099 0.29933241 0.07532873
v -0.04087697 0.29948696 0.07515395
v -0.04157737 0.29995182 0.07330915
v -0.04030741 0.29941365 0.07437394
v -0.04245806 0.30032778 0.07230422
v -0.04302113 0.30015716 0.07277437
v -0.04330079 0.29992536 0.07289797
v -0.02474255 0.30054468 0.07722100
v -0.02542662 0.30084935 0.07652935
v -0.02806490 0.29996765 0.07687303
v -0.02738280 0.29995069 0.07795831
v -0.02452632 0.30024850 0.07762574
v -0.02735035 0.29963958 0.07835025
v -0.02851562 0.30241856 0.07092883
v -0.02801456 0.30269217 0.07083499
v -0.02938094 0.30207306 0.07111957
v -0.02303637 0.30237639 0.07494857
v -0.02307899 0.30333278 0.07512008
v -0.02783898 0.30336690 0.07104492
v -0.02783625 0.30290458 0.07087521
v -0.02323848 0.30194774 0.07506973
v -0.02167134 0.30169886 0.07514648
v -0.02085365 0.30197287 0.07483470
v -0.02090790 0.30326536 0.07511041
v -0.03257621 0.29862311 0.07847581
v -0.03279190 0.29782292 0.07854757
v -0.02805584 0.29815686 0.07874816
v -0.02765277 0.29904827 0.07862374
v -0.03235820 0.29908851 0.07829139
v -0.03579727 0.29918417 0.07739241
v -0.03589999 0.29867768 0.07756326
v -0.03604387 0.29789540 0.07755544
v -0.02473296 0.29908532 0.07851303
v -0.02462872 0.29993302 0.07809596
v -0.03609711 0.29717076 0.07748330
v -0.03303807 0.29710966 0.07845077
v -0.02827072 0.29743907 0.07872289
v -0.02471664 0.29858702 0.07855983
v -0.02191102 0.29973197 0.07781502
v -0.02304908 0.30003208 0.07787778
v -0.03312781 0.29629886 0.07824661
v -0.03305396 0.29536521 0.07814228
v -0.02823837 0.29563233 0.07867799
v -0.02832076 0.29657778 0.07866802
v -0.03616918 0.29641017 0.07717908
v -0.03614595 0.29549614 0.07703409
v -0.04441773 0.29993975 0.07112026
v -0.04488191 0.30036730 0.07014261
v -0.04488883 0.29983205 0.07026731
v -0.04461392 0.29943186 0.07080322
v -0.04743445 0.29703385 0.06752189
v -0.04822355 0.29823357 0.06639774
v -0.04985920 0.29748592 0.06507833
v -0.04883498 0.29618233 0.06653420
v -0.05724246 0.28767747 0.06350312
v -0.05125146 0.29335639 0.06616320
v -0.05251916 0.29468629 0.06402215
v -0.04395636 0.29974377 0.07197902
v -0.04332572 0.29948974 0.07294860
v -0.04385930 0.30009776 0.07193299
v -0.04428362 0.30037424 0.07094245
v -0.04416588 0.29905954 0.07164128
v -0.04344591 0.29881105 0.07278258
v -0.04248639 0.29923803 0.07405687
v -0.04259764 0.29844683 0.07401703
v -0.04098772 0.29814360 0.07538091
v -0.04086873 0.29892743 0.07540159
v -0.03875664 0.29876164 0.07649426
v -0.03903264 0.29925740 0.07627982
v -0.03889022 0.29796341 0.07645877
v -0.04112627 0.29749629 0.07514163
v -0.03902400 0.29729703 0.07634231
v -0.04265175 0.29778069 0.07363065
v -0.04358139 0.29823318 0.07237477
v -0.04433401 0.29858947 0.07116463
v -0.04492214 0.29898098 0.07029374
v -0.04531113 0.29958454 0.06964930
v -0.04466743 0.29802838 0.07055315
v -0.04533431 0.29725945 0.06970694
v -0.04413918 0.29677704 0.07118125
v -0.04377390 0.29764682 0.07188833
v -0.04543858 0.29852575 0.06954993
v -0.04626486 0.29785964 0.06855556
v -0.04273612 0.29728121 0.07318795
v -0.04281474 0.29650858 0.07273798
v -0.04117519 0.29604277 0.07431095
v -0.04119067 0.29681033 0.07474469
v -0.03909685 0.29659155 0.07600418
v -0.03921482 0.29571506 0.07562251
v -0.03227112 0.29921505 0.07804351
v -0.03196398 0.29926255 0.07691341
v -0.03547336 0.29904914 0.07632010
v -0.03582031 0.29929844 0.07711203
v -0.03905309 0.29934916 0.07610550
v -0.03844766 0.29908857 0.07537326
v -0.03533990 0.29897702 0.07520828
v -0.03361205 0.30111608 0.07102421
v -0.03497455 0.30112702 0.07064821
v -0.03801619 0.29900807 0.07439109
v -0.03217607 0.29928577 0.07572076
v -0.03207187 0.30130655 0.07128102
v -0.02886270 0.30010754 0.07573163
v -0.03055677 0.30167812 0.07131518
v -0.02619958 0.30088034 0.07580207
v -0.03364244 0.31103835 0.07757992
v -0.03368961 0.31119421 0.07771116
v -0.03828664 0.31062096 0.07705935
v -0.03788913 0.31037906 0.07680187
v -0.04940518 0.27477330 -0.08304101
v -0.05015730 0.28955510 -0.08941759
v -0.03770836 0.28442410 -0.09902171
v -0.04091191 0.30808428 0.07590598
v -0.04085979 0.30893502 0.07543930
v -0.04327943 0.30760229 0.07405671
v -0.04312310 0.30681583 0.07423604
v -0.04091122 0.30715618 0.07634290
v -0.04288852 0.30582380 0.07443339
v -0.03818375 0.30841225 0.07810193
v -0.03816858 0.30946261 0.07757014
v -0.03798466 0.31017736 0.07696275
v -0.04211452 0.30442333 0.07036847
v -0.04137114 0.30537477 0.07104562
v -0.04195109 0.30521959 0.07244983
v -0.04297977 0.30443189 0.07120749
v -0.04274576 0.30372998 0.06976706
v -0.04361581 0.30370390 0.07030962
v -0.03752787 0.30356371 0.06828076
v -0.03718665 0.30394229 0.06858095
v -0.03664628 0.30440742 0.06899975
v -0.03770244 0.30324620 0.06809203
v -0.03777928 0.30296496 0.06799378
v -0.03775766 0.30269888 0.06801850
v -0.03764521 0.30245095 0.06816389
v -0.06051118 0.27180359 0.06461929
v -0.05998553 0.28274092 0.06297705
v -0.06264035 0.27472565 0.06026978
v -0.04354690 0.30038902 0.07175286
v -0.04401356 0.30071768 0.07080966
v -0.04294463 0.30064076 0.07139261
v -0.04339748 0.30100802 0.07058589
v -0.04452455 0.30118585 0.06990202
v -0.04490328 0.30095345 0.06985290
v -0.04093862 0.29990137 0.07257973
v -0.03654462 0.30156657 0.06971447
v -0.03697838 0.30180988 0.06923341
v -0.04164872 0.30046958 0.07165550
v -0.03973742 0.29933882 0.07348527
v -0.03592511 0.30129373 0.07018964
v -0.03719614 0.30203745 0.06885651
v -0.03740438 0.30227366 0.06852984
v -0.04195713 0.30081043 0.07092780
v -0.04241082 0.30119598 0.07017498
v -0.04376604 0.30157492 0.06998176
v -0.04303792 0.30210656 0.06926287
v -0.04310983 0.30260211 0.06922620
v -0.04404740 0.30201289 0.06974556
v -0.04410679 0.30250069 0.06965660
v -0.04283869 0.30162889 0.06955689
v -0.04301349 0.30314514 0.06939194
v -0.04396093 0.30303445 0.06986419
v -0.04516246 0.30046201 0.06969478
v -0.04516209 0.30121741 0.06941633
v -0.04575402 0.30211797 0.06884474
v -0.04560374 0.30042288 0.06916118
v -0.04629084 0.30034682 0.06841006
v -0.04591288 0.29923528 0.06880791
v -0.04676730 0.30262938 0.06839592
v -0.04811424 0.30295566 0.06754436
v -0.04760651 0.30014160 0.06723603
v -0.04694150 0.29883793 0.06769226
v -0.04479864 0.30168572 0.06945308
v -0.04504252 0.30226305 0.06924742
v -0.04618226 0.30367994 0.06974086
v -0.04699278 0.30447063 0.06952550
v -0.04547906 0.30319721 0.06987155
v -0.04497940 0.30391476 0.07114133
v -0.04546624 0.30459484 0.07112239
v -0.04607717 0.30529425 0.07100109
v -0.04449569 0.30556613 0.07264113
v -0.04489386 0.30636805 0.07258239
v -0.04416636 0.30471945 0.07265212
v -0.04484327 0.30304208 0.06987235
v -0.04435571 0.30370867 0.07084362
v -0.04361536 0.30443099 0.07214721
v -0.04253905 0.30507430 0.07400637
v -0.04065672 0.30625010 0.07597226
v -0.03992607 0.30620888 0.07409334
v -0.03794872 0.30755195 0.07771339
v -0.03712337 0.30716339 0.07568854
v -0.03426856 0.31179455 0.07875671
v -0.03926492 0.31143168 0.07802881
v -0.03677499 0.30710670 0.07387780
v -0.03429736 0.30520564 0.07030660
v -0.03271841 0.30533376 0.07086612
v -0.03348632 0.30721277 0.07491731
v -0.02367452 0.30404234 0.07557868
v -0.02449643 0.30487946 0.07595947
v -0.02844996 0.30410880 0.07132521
v -0.02806913 0.30370289 0.07118448
v -0.02220538 0.30407378 0.07619254
v -0.02356086 0.30488005 0.07680759
v -0.02777036 0.30664098 0.07608517
v -0.02989480 0.30501008 0.07149718
v -0.02903889 0.30455226 0.07143905
v -0.02610856 0.30574614 0.07590353
v -0.02714746 0.30711427 0.07790034
v -0.02489401 0.30587107 0.07724993
v -0.03366583 0.30768323 0.07687842
v -0.02134862 0.34567025 -0.12079849
v -0.02109306 0.32824036 -0.12324905
v -0.03625775 0.33130449 -0.10829028
v -0.03614409 0.34478834 -0.10598861
v -0.03929685 0.30635500 0.07256101
v -0.03564461 0.30485830 0.06965856
v -0.04592656 0.34623757 -0.09628289
v -0.04530098 0.35507646 -0.09357657
v -0.03701118 0.35667190 -0.10079174
v -0.03375528 0.22095670 -0.05533675
v -0.02484054 0.21111327 -0.06215099
v -0.02008903 0.30383521 0.07723817
v -0.02181500 0.30519429 0.07760621
v -0.01896355 0.30263907 0.07695892
v -0.01831946 0.30238664 0.07711123
v -0.01937596 0.30380788 0.07730859
v -0.02085144 0.30524871 0.07762608
v -0.02384878 0.30643597 0.07809401
v -0.02311103 0.30669093 0.07846510
v -0.02655635 0.30823660 0.07944628
v -0.02668356 0.30758151 0.07913125
v -0.03398496 0.30830625 0.07881249
v -0.03407208 0.30915710 0.07917571
v -0.02605200 0.30887777 0.07881778
v -0.02253806 0.30700564 0.07793526
v -0.02549135 0.30950689 0.07808516
v -0.02234929 0.30781135 0.07752275
v -0.03374428 0.31078693 0.07795773
v -0.03402513 0.31010300 0.07863652
v -0.02172696 0.30064470 0.07732216
v -0.01951160 0.30083728 0.07708980
v -0.02223305 0.30103013 0.07712838
v -0.01982870 0.30118480 0.07680109
v -0.02336585 0.30135101 0.07605247
v -0.01914810 0.30156192 0.07673972
v -0.01836916 0.30130795 0.07695004
v -0.02419924 0.30147874 0.07554251
v -0.01868234 0.30375037 0.07700922
v -0.01744209 0.30213696 0.07710738
v -0.01757636 0.30401856 0.07632118
v -0.01671767 0.30221230 0.07668677
v -0.01975906 0.30625662 0.07668017
v -0.02015263 0.30538350 0.07703346
v -0.01742074 0.30105960 0.07690890
v -0.01800920 0.30062446 0.07698490
v -0.01676392 0.30093139 0.07685305
v -0.01737027 0.30035445 0.07694352
v -0.02450772 0.29784495 0.07860436
v -0.02430969 0.29706421 0.07858877
v -0.02117759 0.29907754 0.07785402
v -0.02063132 0.29854748 0.07778075
v -0.03285751 0.29435053 0.07809401
v -0.03599707 0.29446605 0.07691309
v -0.03250683 0.29319584 0.07812311
v -0.03590002 0.29318824 0.07692500
v -0.02756695 0.29358825 0.07882914
v -0.02799426 0.29464447 0.07873446
v -0.03153107 0.16766974 0.02511374
v -0.04624664 0.29622984 0.06900412
v -0.04731038 0.29512233 0.06844223
v -0.04572133 0.29437301 0.07031924
v -0.04480905 0.29573545 0.07055234
v -0.04319451 0.29534215 0.07223246
v -0.04368025 0.29390001 0.07221387
v -0.04137010 0.29355392 0.07406718
v -0.04117334 0.29495460 0.07402710
v -0.03919948 0.29468921 0.07540447
v -0.03904406 0.29321581 0.07553968
v -0.04917384 0.29966742 0.06567229
v -0.05044873 0.30281785 0.06532983
v -0.05095837 0.29911953 0.06406624
v -0.05257905 0.30263177 0.06309888
v -0.01604122 0.30474442 0.07636886
v -0.01560930 0.30244321 0.07631084
v -0.01442034 0.30533975 0.07720274
v -0.01408324 0.30267233 0.07690381
v -0.01566940 0.30831787 0.07806759
v -0.01754433 0.30746409 0.07702179
v -0.01590328 0.30074888 0.07670017
v -0.01665110 0.29999188 0.07688390
v -0.01461906 0.30061874 0.07687042
v -0.01566840 0.29928786 0.07705482
v -0.02383338 0.29619950 0.07862388
v -0.02335801 0.29524505 0.07868165
v -0.02006608 0.29791117 0.07781401
v -0.01922839 0.29705220 0.07796439
v -0.04842006 0.26397321 -0.07714900
v -0.05041241 0.30502951 -0.09377987
v -0.04660860 0.31592271 0.07503808
v -0.04447434 0.31286284 0.07607501
v -0.04087381 0.31399423 0.07837230
v -0.04264644 0.31780317 0.07802856
v -0.04918459 0.31999865 0.07260531
v -0.05161702 0.31629845 0.07004900
v -0.04928964 0.31343272 0.07223248
v -0.04710565 0.31111217 0.07370142
v -0.05106355 0.30567938 0.06621034
v -0.04931489 0.30559379 0.06804239
v -0.04929027 0.30739367 0.06942303
v -0.05105084 0.30805218 0.06787098
v -0.05331770 0.30578634 0.06412014
v -0.05349541 0.30896530 0.06580317
v -0.05045717 0.31049654 0.07008842
v -0.04841784 0.30911192 0.07141982
v -0.05297244 0.31226209 0.06810901
v -0.02348424 0.31312209 0.08021775
v -0.02422723 0.31140983 0.07907199
v -0.02101785 0.30951312 0.07797763
v -0.01968712 0.31026655 0.07829802
v -0.02212514 0.31484953 0.08129216
v -0.01752663 0.31134605 0.07928208
v -0.03607528 0.31824166 0.08098800
v -0.03532316 0.31475845 0.08014287
v -0.02519158 0.30989048 0.07772675
v -0.02307354 0.30880055 0.07753306
v -0.02502164 0.31004715 0.07770033
v -0.02242810 0.30859211 0.07734987
v -0.05457029 0.36771494 -0.07534344
v -0.05746658 0.37468547 -0.06276516
v -0.04205556 0.38638011 -0.07093141
v -0.04040790 0.37730908 -0.08335071
v -0.04087057 0.30926365 0.07538344
v -0.04143119 0.30966318 0.07565193
v -0.04395500 0.30839166 0.07420960
v -0.04341165 0.30796748 0.07410174
v -0.04524633 0.30685511 0.07260202
v -0.04587129 0.30730978 0.07256979
v -0.04707571 0.30624419 0.07078417
v -0.04652968 0.30591947 0.07108469
v -0.04716118 0.30518821 0.06988038
v -0.04776488 0.30517101 0.06934720
v -0.02276207 0.30947140 0.07776516
v -0.02494586 0.31036267 0.07808194
v -0.04757527 0.33451262 -0.09744972
v -0.04458545 0.35628861 0.06105968
v -0.05138661 0.35234168 0.05464526
v -0.04931923 0.34609556 0.06092311
v -0.04255723 0.31054702 0.07630266
v -0.04515360 0.30930111 0.07439152
v -0.04689010 0.30807903 0.07230309
v -0.04791282 0.30689442 0.07038736
v -0.04838268 0.30592138 0.06922105
v -0.06928710 0.26706791 0.00478991
v -0.06965142 0.26697594 0.00300745
v -0.07726944 0.27639961 -0.02338536
v -0.07546671 0.28313696 -0.02271083
v -0.07443471 0.28665814 -0.02180945
v -0.07518024 0.29554099 -0.00832917
v -0.07860292 0.29867083 -0.01138346
v -0.07995295 0.25779733 -0.01568620
v -0.07684023 0.25616845 -0.01160206
v -0.07985981 0.25864187 -0.01618645
v -0.08537285 0.29448992 -0.02212226
v -0.08569764 0.29276347 -0.02345577
v -0.08662806 0.29250908 -0.02313901
v -0.04079973 0.24503697 -0.06442038
v -0.04617648 0.25547603 -0.07183944
v -0.08599251 0.29070473 -0.02466713
v -0.07160763 0.27151150 0.00021635
v -0.07828630 0.27574155 -0.02372709
v -0.07973472 0.27509072 -0.02553509
v -0.08031886 0.26983896 -0.02541032
v -0.07985176 0.27046877 -0.02451943
v -0.07952249 0.26487517 -0.02319521
v -0.07918280 0.26576838 -0.02266107
v -0.08138376 0.26115736 -0.01892159
v -0.08289981 0.26479602 -0.02134524
v -0.07984895 0.29907560 -0.01269915
v -0.07924382 0.29819596 -0.01135557
v -0.08078091 0.29889882 -0.01299197
v -0.07230070 0.27027005 -0.00108347
v -0.07332511 0.29361203 -0.00800145
v -0.07291207 0.29130748 -0.00696313
v -0.07250975 0.29171342 -0.00738666
v -0.06826070 0.27524823 -0.00464256
v -0.06824888 0.27612010 -0.00492572
v -0.06971662 0.27368909 -0.00446105
v -0.07235834 0.27224144 -0.00302460
v -0.06592666 0.26457793 -0.00285059
v -0.06535278 0.26330107 -0.00465422
v -0.06594644 0.26239899 -0.00396379
v -0.08298153 0.30514747 -0.01716928
v -0.07314222 0.29031727 -0.00665911
v -0.07453191 0.29143122 -0.00685740
v -0.07498914 0.29267031 -0.00705161
v -0.08167758 0.29836267 -0.01330485
v -0.07525657 0.29364371 -0.00735818
v -0.07433537 0.29357609 -0.00734730
v -0.07596920 0.29528660 -0.00823988
v -0.07369612 0.29360536 -0.00758851
v -0.07192995 0.26777115 -0.01708538
v -0.07059018 0.26769593 -0.01486835
v -0.07133391 0.28781688 0.00293826
v -0.07160211 0.28559738 0.00067715
v -0.07600881 0.25573745 -0.00933342
v -0.07458036 0.29344368 -0.01838185
v -0.07502965 0.29627779 -0.01997393
v -0.08420941 0.26938537 -0.02329507
v -0.07817192 0.26430342 -0.01251231
v -0.07609377 0.26379701 -0.01060631
v -0.08005511 0.26528215 -0.01443477
v -0.08157887 0.26777568 -0.01640770
v -0.06899761 0.28391433 -0.01115475
v -0.08011962 0.28810936 -0.01623414
v -0.08054907 0.28584078 -0.01742671
v -0.07863108 0.28828263 -0.01461964
v -0.07606424 0.29974413 -0.01829194
v -0.07569867 0.29982743 -0.01589222
v -0.07526821 0.29482821 -0.01638743
v -0.07512312 0.29806143 -0.01512285
v -0.06775326 0.26805189 -0.00326435
v -0.06756707 0.26202098 -0.00623913
v -0.06725994 0.26382449 -0.00725439
v -0.06870200 0.26204723 -0.00710290
v -0.06871220 0.26284915 -0.00864192
v -0.06909329 0.26424882 -0.01034030
v -0.06947830 0.26600927 -0.01180737
v -0.06952235 0.26841691 -0.01238903
v -0.06714275 0.27216679 -0.00413928
v -0.07550725 0.29977044 -0.00534335
v -0.06666853 0.27033815 -0.00382937
v -0.06861409 0.27384293 -0.00437979
v -0.06879915 0.27204546 -0.00393914
v -0.06849422 0.27011311 -0.00340674
v -0.07322355 0.26140285 -0.00437142
v -0.07397465 0.26292169 -0.00671638
v -0.07194977 0.26205838 -0.00363058
v -0.07478239 0.26327220 -0.00880964
v -0.07085891 0.26224008 -0.00322204
v -0.07504099 0.29470724 -0.01716922
v -0.07526106 0.29788733 -0.01721789
v -0.06969977 0.27059612 0.00656490
v -0.06435845 0.27973950 0.05516287
v -0.06545590 0.28895524 0.04913282
v -0.02675369 0.23063500 0.07441926
v -0.02601632 0.22746390 0.07491529
v -0.05760710 0.26928276 0.06919676
v -0.05346502 0.26680800 0.07473902
v -0.02543831 0.23651643 0.08616529
v -0.02459451 0.23583180 0.08631653
v -0.02370693 0.23639503 0.08648910
v -0.02454771 0.23671386 0.08615552
v -0.02245626 0.23682712 0.08476403
v -0.02331770 0.23671655 0.08403572
v -0.02345832 0.23678002 0.08497069
v -0.02266703 0.23686191 0.08565397
v -0.02908944 0.25208560 0.08841906
v -0.03306675 0.25607869 0.08800933
v -0.03606320 0.25168154 0.08648535
v -0.03216297 0.24835488 0.08735879
v -0.02522773 0.23532915 0.07669449
v -0.02495306 0.23697074 0.07710508
v -0.02382727 0.23691618 0.08101080
v -0.02415919 0.23624241 0.08060480
v -0.02507022 0.23278229 0.07688592
v -0.02403907 0.23496705 0.08024077
v -0.02681767 0.23458789 0.07422117
v -0.02628667 0.23713171 0.07451362
v -0.03463592 0.23028997 0.08267389
v -0.03091251 0.23245767 0.08415656
v -0.03189560 0.23551300 0.08463714
v -0.03562611 0.23491740 0.08315364
v -0.02581998 0.26337880 0.08884785
v -0.02972802 0.25970551 0.08862792
v -0.02632477 0.25570068 0.08885175
v -0.02247275 0.25982890 0.08884825
v -0.01850092 0.26457900 0.08930562
v -0.02168070 0.26727527 0.08881341
v -0.01649028 0.27195120 0.09235404
v -0.01686045 0.26830754 0.09332996
v -0.01626334 0.26744992 0.09642771
v -0.01654350 0.26950639 0.09537173
v -0.01472699 0.26358798 0.09486073
v -0.01695475 0.26608825 0.09190708
v -0.01089216 0.26260069 0.09515583
v -0.01066697 0.26329446 0.09604018
v -0.01486328 0.26304302 0.09355358
v -0.01518753 0.26233363 0.09181812
v -0.01123612 0.26192963 0.09409419
v -0.01008223 0.26425695 0.09678809
v -0.01280728 0.26408222 0.09697890
v -0.01429784 0.26598209 0.09842747
v -0.00408165 0.26507679 0.10506505
v -0.00522065 0.26638007 0.10697969
v -0.00900659 0.29454654 0.09028585
v -0.01192971 0.29121172 0.08776812
v -0.00905074 0.29209709 0.09250243
v -0.01187420 0.28907245 0.08989429
v -0.01354592 0.26817790 0.10197683
v -0.01466327 0.26993355 0.10048824
v -0.01120277 0.26947528 0.10560168
v -0.01202918 0.27194804 0.10510664
v -0.00364352 0.30941242 0.08900143
v -0.00199795 0.26166013 0.10104340
v -0.00222518 0.26089546 0.10056853
v -0.00169445 0.26273769 0.10286761
v -0.02071824 0.36932942 -0.10444679
v -0.02145308 0.38288158 -0.09248728
v -0.02133134 0.39963144 -0.06840087
v -0.01942542 0.40491095 -0.05545980
v -0.00561058 0.24523513 0.10155122
v -0.00523382 0.24783756 0.10146596
v -0.01313786 0.24084237 0.08477860
v -0.00750036 0.24104625 0.08647716
v -0.00708142 0.23924705 0.09115107
v -0.01248529 0.23916896 0.08972903
v -0.01660552 0.23897904 0.08748244
v -0.01759480 0.24038787 0.08264358
v -0.01354244 0.24213582 0.08210857
v -0.00764323 0.24234925 0.08370905
v -0.01196407 0.23823906 0.09420417
v -0.00668685 0.23854725 0.09647712
v -0.00651503 0.24024554 0.09915746
v -0.01196582 0.23969090 0.09642044
v -0.01812325 0.25782996 0.09056816
v -0.01380030 0.25854036 0.09263683
v -0.00952827 0.25877702 0.09582373
v -0.00629047 0.25868556 0.09831365
v -0.00569374 0.26071396 0.09869526
v -0.00817068 0.26128897 0.09656179
v -0.00549240 0.26154947 0.09910676
v -0.00794049 0.26207134 0.09717642
v -0.00791537 0.26290011 0.09770484
v -0.00833408 0.26424316 0.09792691
v -0.00649349 0.26415437 0.09916502
v -0.00692130 0.26532358 0.09871901
v -0.00549007 0.26243156 0.09938390
v -0.00386497 0.28702772 0.10417669
v -0.00365966 0.29038090 0.10132074
v -0.00980751 0.24924874 0.09925633
v -0.00497355 0.24975955 0.10064254
v -0.00415560 0.25346598 0.09982521
v -0.00846187 0.25340164 0.09839402
v -0.01304577 0.25258780 0.09610967
v -0.01482185 0.24742414 0.09662569
v -0.00253043 0.26010180 0.10017756
v -0.01020861 0.24712406 0.09961112
v -0.01062612 0.24462500 0.09948651
v -0.01537911 0.24511972 0.09678632
v -0.01572921 0.24290037 0.09646957
v -0.01959861 0.24480636 0.09339428
v -0.01847895 0.25057587 0.09335454
v -0.02432961 0.24843043 0.09006941
v -0.02365933 0.24199270 0.09018980
v -0.03171767 0.23865514 0.08544392
v -0.02684201 0.23623836 0.08599944
v -0.02693838 0.23754844 0.08641496
v -0.02660599 0.23877245 0.08726727
v -0.03077685 0.24176274 0.08658049
v -0.03536929 0.23950389 0.08424316
v -0.03424172 0.24406716 0.08564264
v -0.02862707 0.24492618 0.08816518
v -0.02572798 0.24016787 0.08835590
v -0.02557401 0.23727971 0.08663018
v -0.02465054 0.23706406 0.08644036
v -0.02529719 0.23799510 0.08741368
v -0.02437130 0.23741357 0.08711994
v -0.02467742 0.23870414 0.08843183
v -0.02386096 0.23776671 0.08797176
v -0.02282905 0.23844443 0.08928365
v -0.02333428 0.23990804 0.08993779
v -0.02257442 0.23701921 0.08494164
v -0.02156349 0.23712781 0.08601629
v -0.02162744 0.23711757 0.08731605
v -0.02259114 0.23697157 0.08614951
v -0.02325119 0.23687918 0.08425367
v -0.02315010 0.23690128 0.08548556
v -0.02326096 0.23749700 0.08178940
v -0.02224467 0.23775537 0.08259791
v -0.02382311 0.23669793 0.08352194
v -0.02379772 0.23678793 0.08459681
v -0.02376465 0.23690574 0.08600701
v -0.02362715 0.23706254 0.08642722
v -0.02309835 0.23722436 0.08716556
v -0.02216678 0.23750930 0.08828560
v -0.01586800 0.24088578 0.09544984
v -0.01947638 0.24081109 0.09307273
v -0.01929272 0.23914728 0.09180366
v -0.01583254 0.23881060 0.09353040
v -0.01896503 0.23795211 0.09031074
v -0.01822777 0.24147797 0.08020141
v -0.01562917 0.23788637 0.09172722
v -0.02134540 0.23933598 0.08016645
v -0.02238128 0.24034761 0.07765178
v -0.02020922 0.23829940 0.08451793
v -0.02434288 0.23809938 0.07802701
v -0.02330750 0.23831207 0.07854623
v -0.02536493 0.23894569 0.07553612
v -0.02412224 0.23951054 0.07647813
v -0.01890729 0.23736696 0.08852055
v -0.01966287 0.24262331 0.09346327
v -0.01120010 0.24215588 0.09836226
v -0.00600589 0.24280709 0.10060593
v -0.00462836 0.27989373 0.11063649
v -0.00422487 0.28371575 0.10729003
v -0.02306846 0.23676579 0.08640753
v -0.00964644 0.16073859 0.03495316
v -0.02600028 0.23507760 0.08598406
v -0.02447173 0.23040959 0.07701108
v -0.02322228 0.23397586 0.08067882
v -0.03145714 0.22588521 0.08295581
v -0.02678114 0.22191252 0.08538529
v -0.02457959 0.22599287 0.08696000
v -0.02839398 0.22912335 0.08457220
v -0.02175331 0.23193303 0.08917321
v -0.02443426 0.23369411 0.08700892
v -0.02321415 0.23498805 0.08765702
v -0.02072259 0.23399299 0.08985317
v -0.01994467 0.23557658 0.09024842
v -0.02230361 0.23602541 0.08776233
v -0.01816807 0.23733751 0.08879948
v -0.01366253 0.23782761 0.09171457
v -0.01324443 0.23414333 0.08692916
v -0.01801862 0.23363914 0.08447448
v -0.02205560 0.23366721 0.08190919
v -0.02145450 0.23701210 0.08570459
v -0.01875311 0.23738962 0.08962309
v -0.02160231 0.23703882 0.08669896
v -0.01421028 0.23793449 0.09286788
v -0.02023135 0.16326228 0.03119211
v -0.02186844 0.23678729 0.08746538
v -0.01917852 0.23693983 0.08993883
v -0.01489780 0.23711976 0.09355944
v -0.01581812 0.23519443 0.09406374
v -0.01655636 0.23294921 0.09417254
v -0.01729069 0.23017040 0.09337683
v -0.01930648 0.22302191 0.09089999
v -0.02072349 0.21793741 0.08984422
v -0.01327683 0.22130062 0.09425972
v -0.01435981 0.21627195 0.09400541
v -0.01220908 0.22891165 0.09713732
v -0.01182793 0.23237836 0.09841990
v -0.01115506 0.23504317 0.09788374
v -0.01052430 0.23725346 0.09691416
v -0.00307019 0.25841391 0.09972443
v -0.00528956 0.26410934 0.10045313
v -0.00421095 0.26434967 0.10267581
v -0.00737686 0.26780257 0.10775962
v -0.00163088 0.26360020 0.10506032
v -0.00978006 0.26932901 0.10726356
v -0.00819559 0.26884812 0.10867386
v -0.00878649 0.27042866 0.10951848
v -0.00988568 0.27102721 0.10830184
v -0.00680068 0.26829800 0.10988945
v -0.00795237 0.27026263 0.11045165
v -0.00281603 0.26742795 0.11161797
v -0.00362119 0.27087191 0.11339381
v -0.00450811 0.27637434 0.11283418
v -0.00397551 0.27305758 0.11372231
v -0.00918468 0.27211827 0.10988455
v -0.01048618 0.27389166 0.10813236
v -0.01061787 0.27686751 0.10589473
v -0.01251326 0.27453589 0.10262059
v -0.01040514 0.41102687 -0.01004776
v -0.00981015 0.23832725 0.09590406
v -0.00885281 0.23822804 0.09400444
v -0.01316459 0.22336350 0.08046752
v -0.01314692 0.22813644 0.08272316
v -0.00829758 0.22809963 0.08429962
v -0.00828229 0.22355646 0.08218735
v -0.00488993 0.23829900 0.09493780
v -0.00467492 0.23441663 0.08964907
v -0.00845402 0.23440340 0.08885785
v -0.00517870 0.23851664 0.09724650
v -0.00567609 0.23734048 0.09864374
v -0.00620465 0.23504589 0.10000133
v -0.00445600 0.22796379 0.08516556
v -0.00455115 0.22333795 0.08299930
v -0.02281173 0.22896661 0.07812347
v -0.02349795 0.22502518 0.07620038
v -0.01814390 0.22798297 0.08068126
v -0.01859773 0.22385472 0.07861713
v -0.00783805 0.21579334 0.09692807
v -0.00708119 0.22074375 0.09650423
v -0.00651124 0.23178902 0.10037259
v -0.00664465 0.22784594 0.09910606
v -0.02172589 0.39235091 -0.08088835
v -0.06220728 0.35782936 0.03105761
v -0.06056464 0.35099548 0.03940699
v -0.05394647 0.35879704 0.04582079
v -0.05568932 0.36427328 0.03819386
v -0.06266428 0.36521116 0.02243736
v -0.05626701 0.37069088 0.03018769
v -0.03892884 0.40096319 -0.02965182
v -0.03947248 0.40078330 -0.01508686
v -0.02138904 0.40840325 -0.01126647
v -0.03427336 0.40149510 -0.04435130
v -0.04583798 0.39201829 -0.05331890
v -0.04788247 0.39467636 -0.03324553
v -0.04783137 0.39496595 -0.01764712
v -0.02411713 0.20088106 -0.06319795
v -0.04950093 0.31739265 -0.09631571
v -0.04664889 0.39456037 -0.00362296
v -0.03896434 0.39959145 -0.00094392
v -0.03867709 0.39725521 0.01187264
v -0.04550571 0.39298454 0.00838804
v -0.02132592 0.40679333 0.00368974
v -0.01037089 0.40917325 0.00559819
v -0.01850907 0.27960718 -0.10655899
v -0.00356884 0.29358271 0.09857876
v -0.04444936 0.23238486 -0.04601955
v -0.05448695 0.23117369 -0.02820547
v -0.05465985 0.18377103 -0.00828162
v -0.06733856 0.25316000 -0.01006736
v -0.06706942 0.25370875 -0.01095867
v -0.05717907 0.21727219 -0.00986274
v -0.05889058 0.23019153 -0.01054703
v -0.03589344 0.23298822 -0.05781467
v -0.07654486 0.26428691 -0.02146749
v -0.07722758 0.26802644 -0.02276804
v -0.07760270 0.26338166 -0.02110232
v -0.07838567 0.26734877 -0.02269500
v -0.07848044 0.27157906 -0.02354266
v -0.07803226 0.26161450 -0.02024986
v -0.07581925 0.29988271 -0.01314953
v -0.07698411 0.30148008 -0.01236724
v -0.06675369 0.25185022 -0.00562888
v -0.06657046 0.25243908 -0.00734708
v -0.06609796 0.25218287 -0.00642060
v -0.06590308 0.25172380 -0.00509079
v -0.06657545 0.25098050 -0.00400746
v -0.06587001 0.25117999 -0.00388150
v -0.07835030 0.31566879 -0.00745999
v -0.06471871 0.25163478 -0.00744712
v -0.06636878 0.25339168 -0.01027101
v -0.06632706 0.25281391 -0.00868706
v -0.06553081 0.25231704 -0.00720529
v -0.06546545 0.25121343 -0.00512520
v -0.06547555 0.25042456 -0.00332077
v -0.06613212 0.24983232 -0.00292722
v -0.07814535 0.26049426 -0.02064474
v -0.07107770 0.25031641 -0.00854976
v -0.07606887 0.29222202 -0.01897689
v -0.07603862 0.29044244 -0.02031562
v -0.07812668 0.29203254 -0.02190463
v -0.07805189 0.29424933 -0.02058202
v -0.05820233 0.26620990 -0.06375845
v -0.06005193 0.27675378 -0.07014061
v -0.01189427 0.20190273 -0.06774455
v -0.01209532 0.21343863 -0.06768513
v -0.07383987 0.31022161 -0.05634410
v -0.07602657 0.29386434 -0.01756177
v -0.07809419 0.29602417 -0.01916507
v -0.07753062 0.27218059 -0.02347047
v -0.07523338 0.29323828 -0.01754539
v -0.07533915 0.29157981 -0.01888907
v -0.07897505 0.29765326 -0.02076070
v -0.07904411 0.29546240 -0.02235554
v -0.07897918 0.29301783 -0.02377524
v -0.07532329 0.28976607 -0.02018315
v -0.07608828 0.29821175 -0.02014422
v -0.07818872 0.34130660 -0.03322948
v -0.07652057 0.33464894 -0.04726505
v -0.07369161 0.35755956 -0.03752511
v -0.07217215 0.35170156 -0.05273831
v -0.06727924 0.34487945 -0.06894870
v -0.07165810 0.32658908 -0.06353049
v -0.07558975 0.29968476 -0.01446622
v -0.07763467 0.30246040 -0.01279968
v -0.06253850 0.37086862 0.01402920
v -0.06746390 0.36531946 0.00704368
v -0.05612988 0.37608194 0.02263013
v -0.05548122 0.38079354 0.01541814
v -0.06120256 0.37626073 0.00649677
v -0.06838266 0.36877355 -0.00517588
v -0.07969488 0.33345050 -0.01762159
v -0.07741524 0.34755984 -0.01913270
v -0.07487425 0.35236880 -0.00570708
v -0.07247467 0.36341044 -0.02223658
v -0.06376229 0.37758330 -0.01228035
v -0.06725721 0.37325627 -0.02660973
v -0.05712700 0.38621706 -0.01676491
v -0.05912017 0.38373765 -0.03136129
v -0.05877554 0.38068768 -0.04753971
v -0.06844487 0.36867538 -0.04163006
v -0.05907898 0.38138068 -0.00016956
v -0.05354062 0.38509077 0.00952612
v -0.05428643 0.38779220 -0.00408843
v -0.05121775 0.38882622 0.00465082
v -0.07279310 0.35451972 0.00149262
v -0.06220268 0.24606080 -0.00263920
v -0.06397884 0.24572159 0.00229764
v -0.06801032 0.25648031 0.00942356
v -0.06791092 0.28205201 0.04289250
v -0.06776988 0.29449081 0.03976532
v -0.07035870 0.28643352 0.02977101
v -0.06913716 0.27163586 0.03205285
v -0.06640870 0.30802861 0.03727719
v -0.06974336 0.30048510 0.02753747
v -0.06920324 0.31463820 0.02434834
v -0.06591655 0.32266748 0.03543371
v -0.05838268 0.33861420 -0.08494920
v -0.06127024 0.32210428 -0.08267392
v -0.06238265 0.30977845 -0.07971867
v -0.04776572 0.34022146 0.06546681
v -0.02057905 0.35977691 -0.11234111
v -0.04683270 0.36356056 0.05299629
v -0.05055942 0.35927323 -0.08619672
v -0.03826360 0.36512932 -0.09474458
v -0.06697556 0.36295927 -0.05651755
v -0.06321277 0.35677686 -0.07008516
v -0.05505415 0.34954929 -0.08554421
v -0.06166950 0.29415837 -0.07627565
v -0.04645661 0.38972116 0.01642030
v -0.05582095 0.30579537 0.06098244
v -0.05502952 0.30128506 0.06031632
v -0.05592214 0.31059954 0.06229302
v -0.05343638 0.29665077 0.06219625
v -0.01561975 0.28835380 0.08586381
v -0.01512744 0.28629166 0.08770058
v -0.01483877 0.28389564 0.08977050
v -0.01863822 0.28381431 0.08602315
v -0.01804913 0.28089911 0.08797719
v -0.01133933 0.28414991 0.09435333
v -0.01174966 0.28670901 0.09207999
v -0.01411809 0.28139713 0.09157222
v -0.01350706 0.27829692 0.09334665
v -0.01120604 0.28119183 0.09666342
v -0.01773448 0.26601267 0.09020334
v -0.01906612 0.27072766 0.08915723
v -0.01632387 0.27484599 0.09056933
v -0.02201761 0.27822790 0.08724983
v -0.02079405 0.27483726 0.08855563
v -0.01723073 0.27819046 0.08944000
v -0.02309630 0.28153211 0.08518544
v -0.01426879 0.27481729 0.09562089
v -0.01514429 0.27171585 0.09835809
v -0.01176967 0.27783594 0.09961743
v -0.01005019 0.28004533 0.10261487
v -0.00940279 0.28353190 0.09956238
v -0.01931901 0.28606245 0.08433481
v -0.02420058 0.28408855 0.08364404
v -0.02447598 0.27145538 0.08857995
v -0.02916186 0.26814973 0.08857631
v -0.02676718 0.27588362 0.08698357
v -0.03123001 0.27320272 0.08697062
v -0.02784594 0.27949503 0.08502668
v -0.03254273 0.27710444 0.08493141
v -0.03344706 0.26457125 0.08829727
v -0.03706880 0.26059189 0.08727095
v -0.04035664 0.25563204 0.08543877
v -0.04009267 0.26574010 0.08569151
v -0.04388916 0.26030195 0.08377832
v -0.04200732 0.27081668 0.08361073
v -0.04648802 0.26584226 0.08165205
v -0.03603125 0.26982337 0.08665789
v -0.03762587 0.27418026 0.08451836
v -0.03357129 0.28081077 0.08277539
v -0.02895472 0.28260040 0.08313122
v -0.04269581 0.28187034 0.07914965
v -0.04282125 0.27645636 0.08144400
v -0.03829915 0.27876678 0.08223400
v -0.03854814 0.28316903 0.08004638
v -0.04784086 0.27264875 0.07928099
v -0.04720802 0.28022048 0.07740423
v -0.04608177 0.28504491 0.07558799
v -0.03186679 0.29129368 0.07883060
v -0.02704252 0.29187727 0.07947872
v -0.03547219 0.29102507 0.07777855
v -0.04207997 0.28573033 0.07731459
v -0.03860460 0.28636369 0.07853550
v -0.04934667 0.29230571 0.06847861
v -0.04720379 0.29148135 0.07082447
v -0.04167275 0.29089317 0.07508603
v -0.03883566 0.29089397 0.07657441
v -0.04462181 0.29110709 0.07311289
v -0.02245357 0.29348549 0.07933765
v -0.01779201 0.29536298 0.07913654
v -0.05298941 0.21907885 -0.02557916
v -0.00922231 0.28670794 0.09723209
v -0.00913317 0.28953916 0.09483288
v -0.01473660 0.31178123 0.08105710
v -0.01290954 0.30868682 0.08001201
v -0.00679024 0.30925861 0.08649171
v -0.01874418 0.31598109 0.08345610
v -0.01443268 0.29768267 0.07897781
v -0.01257501 0.30000722 0.07896241
v -0.01186045 0.30247158 0.07909701
v -0.01181892 0.30554840 0.07944401
v -0.02950339 0.33110499 0.08323756
v -0.02624009 0.32450533 0.08550123
v -0.05744942 0.34462917 0.04887838
v -0.06107645 0.33589533 0.04581467
v -0.05018887 0.32546306 0.06922234
v -0.05327125 0.32094970 0.06657867
v -0.05523413 0.31578460 0.06422582
v -0.06273605 0.32415691 0.04398891
v -0.06376156 0.31151870 0.04440882
v -0.06480744 0.29979384 0.04598225
v -0.04841711 0.37574223 0.03851274
v -0.04819176 0.38113546 0.03133946
v -0.04796203 0.36973721 0.04573623
v -0.03877704 0.39401722 0.02184964
v -0.03912085 0.39023528 0.03076942
v -0.04754174 0.38585329 0.02398856
v -0.03981661 0.38548380 0.03852440
v -0.04015876 0.37990686 0.04548267
v -0.03964271 0.37381771 0.05265971
v -0.03869906 0.36729652 0.05972855
v -0.03700887 0.35909018 0.06760129
v -0.04263822 0.22004770 -0.04313938
v -0.00733137 0.27620009 0.09520205
v -0.00663293 0.27640474 0.09594895
v -0.00624496 0.27580246 0.09461974
v -0.00554386 0.27598223 0.09535138
v -0.00541274 0.27459797 0.09484478
v -0.00654900 0.26726475 0.09777283
v -0.00506358 0.26915002 0.09637805
v -0.00474686 0.27260965 0.09510085
v -0.06691097 0.24999267 0.00764626
v -0.05338041 0.18800248 -0.02257961
v -0.04926036 0.19133012 -0.03569724
v 0.05337766 0.18800853 -0.02258405
v 0.04925602 0.19133571 -0.03570122
v 0.02049451 0.15812621 0.02950231
v 0.03195920 0.16157059 0.02390664
v 0.03295908 0.15425946 0.02279994
v 0.02116379 0.15141435 0.02831245
v 0.05707605 0.17255470 -0.02771351
v 0.05420128 0.18011628 -0.02506783
v 0.05102457 0.18365581 -0.03841667
v 0.05513903 0.17669354 -0.04268110
v 0.04457049 0.18618037 -0.05007380
v 0.04907359 0.17833090 -0.05566029
v 0.03871964 0.17867754 -0.06533623
v 0.03523742 0.18778917 -0.05909666
v 0.02383325 0.18983358 -0.06583371
v 0.02572184 0.17973125 -0.07206173
v 0.04295403 0.16635188 0.01543128
v 0.05097704 0.17131694 0.00405487
v 0.05290115 0.16370182 0.00107903
v 0.04438552 0.15834016 0.01340664
v 0.05498039 0.17580907 -0.01014706
v 0.05663030 0.16816081 -0.01304624
v 0.01303317 0.18011807 -0.07632770
v 0.01188547 0.18990146 -0.06973892
v 0.02289111 0.13549620 0.02783696
v 0.01089564 0.13374345 0.02989812
v 0.01077616 0.14201356 0.02983305
v 0.02240783 0.14326334 0.02734379
v 0.05337924 0.13516243 0.01050707
v 0.06843437 0.14287323 -0.00072459
v 0.07586374 0.13720961 0.00172809
v 0.05944104 0.12817210 0.01429269
v 0.07028064 0.10685354 0.03353018
v 0.09413319 0.11789959 0.01807811
v 0.09149934 0.09641557 0.03981016
v 0.07228015 0.08898056 0.04719478
v 0.08997456 0.07797340 0.05814092
v 0.07283886 0.07176550 0.06254960
v 0.08756398 0.02778502 0.10392666
v 0.07043752 0.02631191 0.10832749
v 0.07100428 0.04158854 0.09377073
v 0.08792092 0.04334451 0.08902235
v 0.10599253 -0.06928944 0.14179747
v 0.09112898 -0.06359644 0.14881483
v 0.09984544 -0.04690776 0.15045464
v 0.11290976 -0.04952047 0.14471942
v 0.15010473 0.05171904 0.05307393
v 0.15090638 0.07092488 0.04296070
v 0.16161603 0.05889225 0.04216604
v 0.15935093 0.03972074 0.04961511
v 0.11055040 0.15299769 -0.03305863
v 0.10487808 0.13955759 -0.00828303
v 0.09437672 0.14137033 -0.01269546
v 0.10014789 0.15381855 -0.03507525
v 0.15992922 -0.03977670 0.08405094
v 0.15642884 -0.05239708 0.09391377
v 0.15219839 -0.04139066 0.10359525
v 0.15395379 -0.02917137 0.09481206
v 0.12418962 -0.13989949 0.07490641
v 0.10913794 -0.14032041 0.09417087
v 0.10716549 -0.12121265 0.09166346
v 0.12148179 -0.12082100 0.07380670
v 0.15309860 -0.10615492 0.00337605
v 0.15217061 -0.10729449 -0.02463546
v 0.15258503 -0.12067464 -0.02713453
v 0.15365486 -0.11953894 0.00094965
v 0.11635736 0.02739796 0.09173603
v 0.10292396 0.02810340 0.09822629
v 0.10353963 0.04407668 0.08380757
v 0.11750007 0.04426267 0.07814028
v 0.33595392 0.07330023 -0.00468649
v 0.33821627 0.05420633 -0.00341005
v 0.31373170 0.05879885 -0.00096547
v 0.31129992 0.07803024 -0.00236944
v 0.16451511 -0.20990229 0.01327689
v 0.16382465 -0.20622133 -0.01537344
v 0.16499279 -0.22408277 -0.01233196
v 0.16493270 -0.22807246 0.01565152
v 0.18760496 0.12243291 0.00889555
v 0.18870835 0.14127918 -0.01264594
v 0.19999923 0.13697310 -0.01181198
v 0.20128885 0.11736760 0.00812981
v 0.14564738 0.01923029 0.07113893
v 0.14791988 0.03495343 0.06236780
v 0.15595478 0.02453430 0.05665644
v 0.15320945 0.01129898 0.06403344
v 0.16580038 -0.08075020 -0.02895000
v 0.16809323 -0.07953700 -0.00286925
v 0.17160286 -0.06293245 -0.00886477
v 0.16998632 -0.06402577 -0.03267111
v 0.16223605 -0.09452444 0.00163111
v 0.15988837 -0.09585784 -0.02592941
v 0.13750409 0.02355522 0.07771910
v 0.12782162 0.02582781 0.08482688
v 0.12923506 0.04391633 0.07228896
v 0.13898882 0.04224204 0.06685159
v 0.09839509 -0.08609800 0.13040924
v 0.08113466 -0.07905632 0.14019518
v 0.15818943 -0.23290646 0.04299071
v 0.14649749 -0.23772091 0.06734166
v 0.14671004 -0.21904486 0.06569921
v 0.15845667 -0.21448418 0.04120666
v 0.08827886 -0.10531231 0.10218698
v 0.09124306 -0.09645627 0.11354362
v 0.10747830 -0.09879880 0.10311006
v 0.10323109 -0.10685454 0.08946913
v 0.13117151 -0.24191041 0.08885084
v 0.11316617 -0.24678670 0.10928778
v 0.11247838 -0.22674859 0.10622757
v 0.13059400 -0.22313549 0.08680329
v 0.08863293 0.06028980 0.07422536
v 0.07201292 0.05666582 0.07892335
v 0.13196830 -0.07081835 0.12289186
v 0.11981371 -0.07125638 0.13296556
v 0.12561370 -0.05087168 0.13633376
v 0.13623892 -0.05121963 0.12649035
v 0.16755296 0.02461880 0.04258835
v 0.17536002 0.04282489 0.03554475
v 0.18066864 0.01964624 0.02370954
v 0.17111383 0.00901001 0.03032156
v 0.16686037 -0.23955090 -0.01118361
v 0.16674332 -0.24402627 0.01649847
v 0.13384342 -0.26049209 0.09120049
v 0.11519957 -0.26616657 0.11214606
v 0.19632107 0.00093210 -0.03511216
v 0.20515929 0.00860588 -0.03964690
v 0.20656624 0.00525142 -0.05303248
v 0.19830644 -0.00139941 -0.05001776
v 0.05659292 -0.04411102 0.15166923
v 0.07302997 -0.03537629 0.15279509
v 0.07921324 -0.05213249 0.15317976
v 0.06538089 -0.06509212 0.14852335
v 0.12759601 -0.08792054 0.11012743
v 0.12218285 -0.09861229 0.09249047
v 0.11392062 -0.08863541 0.12033264
v 0.03949739 -0.05341214 0.14640307
v 0.04923588 -0.07837342 0.13519534
v 0.05418555 0.05163202 0.08231519
v 0.05310069 0.03839324 0.09739994
v 0.05414050 0.06657190 0.06756505
v 0.03543203 0.06175509 0.07243340
v 0.03386411 0.07798830 0.05949254
v 0.05272396 0.08262970 0.05422218
v 0.03153710 0.09469794 0.04906748
v 0.04998411 0.09964020 0.04274934
v 0.03737164 0.12993659 0.02056276
v 0.04125081 0.12168629 0.02476604
v 0.16250835 0.01185828 0.04873076
v 0.15965971 0.00025053 0.05509273
v 0.14917982 -0.25513673 0.06868718
v 0.11794620 0.07933725 -0.12665635
v 0.11492728 0.06202502 -0.13206087
v 0.13151392 0.06576166 -0.12416239
v 0.13397533 0.08277354 -0.11840224
v 0.11972735 0.15448618 -0.03190876
v 0.11718882 0.14189577 -0.00625618
v 0.17149436 0.00229846 -0.09529702
v 0.18261237 0.00695766 -0.09175003
v 0.18225776 0.01513402 -0.09640062
v 0.16980734 0.01157247 -0.10061939
v 0.20877147 0.01415776 -0.08106713
v 0.20824364 0.00789298 -0.07393452
v 0.22661217 0.01479793 -0.07809635
v 0.22625823 0.02154060 -0.08591522
v 0.15822710 -0.22035520 -0.03852338
v 0.15605009 -0.20277999 -0.04254261
v 0.12635970 -0.09734594 -0.09584574
v 0.00000067 0.16976899 -0.08699617
v -0.00000114 0.17932922 -0.07881612
v 0.13738173 -0.10366423 -0.07372527
v 0.14775927 -0.08937564 -0.07486986
v 0.13786611 -0.08131227 -0.09515544
v 0.01843226 0.05037178 -0.13197923
v 0.01830573 0.03371231 -0.13478136
v 0.03777376 0.03869345 -0.13878785
v 0.03774848 0.05489903 -0.13555932
v 0.08036526 0.08473304 -0.13161749
v 0.08163939 0.09993511 -0.12578814
v 0.05845641 0.09170130 -0.12786151
v 0.05799250 0.07718947 -0.13290918
v 0.09899336 0.07424141 -0.13295160
v 0.09643540 0.05693675 -0.13764580
v 0.16725288 -0.06212463 -0.05403869
v 0.16116267 -0.07862338 -0.05281362
v 0.17810422 -0.02858047 -0.04220683
v 0.17666967 -0.02773098 -0.05900145
v 0.17376193 -0.03678470 -0.05792952
v 0.17578807 -0.03746829 -0.03974585
v 0.09015822 0.15742886 -0.03667950
v 0.08801503 0.16307753 -0.06078092
v 0.09932014 0.16001049 -0.05910915
v 0.05218456 0.13947898 -0.10470499
v 0.05291230 0.13363986 -0.10836122
v 0.06611096 0.13968791 -0.10326385
v 0.06285927 0.14450045 -0.09976020
v 0.04014100 -0.03188452 -0.14671201
v 0.01936401 -0.03143805 -0.14695744
v 0.01955469 -0.05522252 -0.14408642
v 0.04137844 -0.05680469 -0.14299899
v 0.18463314 -0.00595868 -0.08027199
v 0.17589657 -0.01240688 -0.08203884
v 0.17832646 -0.01746345 -0.07237013
v 0.18582915 -0.01079363 -0.07200569
v 0.17018218 -0.03343528 -0.07273930
v 0.17365959 -0.02463139 -0.07255153
v 0.17017357 -0.01938486 -0.08358324
v 0.16540664 -0.02786185 -0.08534157
v 0.14728327 -0.06542198 -0.09184708
v 0.15512390 -0.07292933 -0.07371718
v 0.16230021 -0.05728508 -0.07282335
v 0.15577903 -0.05075888 -0.08967675
v 0.01771866 -0.12324589 -0.12348226
v 0.03598855 -0.12546898 -0.12454993
v 0.03692662 -0.10483357 -0.13021448
v 0.01805156 -0.10415243 -0.13240986
v 0.21892963 0.02944590 -0.01634312
v 0.21930857 0.03835141 -0.00081766
v 0.23272307 0.03851047 -0.00448992
v 0.23536792 0.02846936 -0.02057553
v 0.24115354 0.05924281 -0.10629360
v 0.23092934 0.05356943 -0.10478708
v 0.23270646 0.04561472 -0.10279845
v 0.24263844 0.05202045 -0.10523510
v 0.25903425 0.01588819 -0.03819762
v 0.25405481 0.02484976 -0.02333645
v 0.27560148 0.02034302 -0.02586058
v 0.27976924 0.01183460 -0.04170408
v 0.13174029 0.15373655 -0.06181988
v 0.12985331 0.15466154 -0.03190891
v 0.12236479 0.15626566 -0.06065276
v 0.26146802 0.00897025 -0.06592620
v 0.26026762 0.01226700 -0.07876708
v 0.24290456 0.01203738 -0.07310772
v 0.24360566 0.01055814 -0.06080529
v 0.30942154 0.09633330 -0.01221508
v 0.33387601 0.09141472 -0.01441953
v 0.30401239 0.00521831 -0.05951585
v 0.30461904 0.00806220 -0.07436241
v 0.28277808 0.00758115 -0.07058889
v 0.28281227 0.00649022 -0.05650465
v 0.11700633 -0.11116519 -0.09424032
v 0.13179983 -0.11682861 -0.07508742
v 0.12947905 -0.21526127 -0.08036653
v 0.14599560 -0.21740359 -0.06156348
v 0.14191648 -0.19923984 -0.06615882
v 0.12454573 -0.19674021 -0.08463804
v 0.15968621 -0.23617330 -0.03684944
v 0.13168755 -0.23236483 -0.07735129
v 0.14751640 -0.23371576 -0.05900903
v 0.06966361 0.16769023 -0.05552810
v 0.05867493 0.16718464 -0.07199072
v 0.06690910 0.16296121 -0.07652543
v 0.07809506 0.16609247 -0.05868279
v 0.20562914 -0.35475355 -0.04671659
v 0.20595545 -0.38519195 -0.05244041
v 0.21059036 -0.38660687 -0.01698107
v 0.20858589 -0.35807267 -0.01222197
v 0.03454484 0.15231705 -0.09724590
v 0.05148546 0.15692678 -0.08909866
v 0.04421482 0.16379310 -0.08297673
v 0.03098427 0.16046336 -0.09118780
v 0.20635653 -0.33149013 -0.01152445
v 0.20336170 -0.32547769 -0.04430603
v 0.08100928 0.16027455 -0.03633045
v 0.07198360 0.16252670 -0.03481542
v 0.07881752 0.15080677 -0.01712905
v 0.06930126 0.15567431 -0.01694851
v 0.06091826 0.14894420 -0.00207395
v 0.20718859 -0.39271331 0.01589652
v 0.20371827 -0.36604410 0.01779628
v 0.05555772 0.17227527 -0.06220136
v 0.04382177 0.17156979 -0.07293487
v 0.02906733 0.17028795 -0.08164262
v 0.01370096 0.16929919 -0.08635040
v 0.16926357 -0.25152960 -0.03943565
v 0.17565224 -0.25543034 -0.01192836
v 0.14093140 -0.49634725 -0.12797216
v 0.10974152 -0.49949285 -0.13739553
v 0.10707531 -0.51434737 -0.12431654
v 0.14483126 -0.51235342 -0.11594352
v 0.03057235 -0.48883891 -0.14242241
v 0.02546155 -0.50465101 -0.12230140
v 0.06614794 -0.51143837 -0.12568863
v 0.07280055 -0.49672163 -0.14192194
v 0.07224026 -0.35590035 -0.16742194
v 0.07427752 -0.33237740 -0.15925927
v 0.03984016 -0.33264685 -0.16029175
v 0.03808106 -0.35622823 -0.16751336
v 0.14125721 -0.24767135 -0.08243138
v 0.15718612 -0.24913773 -0.06304679
v 0.17449543 -0.26011828 0.01747605
v 0.21600176 -0.52959812 -0.01979371
v 0.20693593 -0.56614673 -0.02344370
v 0.20097622 -0.57019144 0.01896159
v 0.20779431 -0.53311211 0.02621619
v 0.16873437 -0.56243348 -0.09042937
v 0.17676158 -0.53228939 -0.09292603
v 0.14000063 -0.53399402 -0.11049191
v 0.13175452 -0.56093138 -0.10679533
v 0.09451163 -0.27137113 0.13045149
v 0.11778633 -0.28665221 0.11379636
v 0.09662740 -0.29263344 0.13257203
v 0.02766737 -0.28317210 0.16034362
v 0.05207155 -0.27969059 0.15390810
v 0.05114759 -0.30199277 0.15786129
v 0.02624376 -0.30545500 0.16367963
v 0.03222484 -0.41839087 0.12699509
v 0.01452376 -0.41672161 0.12910302
v 0.01759832 -0.39663422 0.14008558
v 0.03883391 -0.39697036 0.13777152
v 0.19140549 -0.37415799 0.04680370
v 0.17332739 -0.38186893 0.07219954
v 0.17105754 -0.35981444 0.07202096
v 0.18851432 -0.35079893 0.04661765
v 0.02081886 -0.51484936 -0.09797952
v 0.05786782 -0.52280307 -0.10536183
v 0.18172808 -0.57364452 0.06076433
v 0.18543422 -0.53542829 0.06713039
v 0.14986849 -0.57929385 0.09166478
v 0.11220214 -0.58043027 0.10534663
v 0.11626119 -0.54626238 0.10946050
v 0.15442950 -0.54147679 0.09527054
v 0.03012851 -0.48384780 0.08516666
v 0.01085128 -0.49968463 0.06065713
v 0.01174772 -0.48995557 0.06229868
v 0.02766610 -0.47210196 0.08803064
v 0.03340585 -0.47095993 -0.15615670
v 0.07152659 -0.47829494 -0.15479225
v 0.07030157 -0.45728558 -0.16440150
v 0.03401552 -0.45142907 -0.16524577
v 0.11353985 -0.23144138 -0.09124731
v 0.12221710 -0.24759126 -0.09797192
v 0.09398203 -0.23067498 -0.10083631
v 0.11039400 -0.21357217 -0.09418809
v 0.08963172 -0.21184918 -0.10277271
v 0.08204691 -0.09634741 -0.12398269
v 0.10037998 -0.10494269 -0.11070158
v 0.11073164 -0.08968592 -0.11433126
v 0.09259399 -0.07793781 -0.12840679
v 0.05768682 0.04501218 -0.14107497
v 0.05785982 0.06172238 -0.13745338
v 0.08857924 -0.55230170 -0.11078852
v 0.04287051 -0.53504276 -0.09471456
v 0.05193007 -0.57599884 -0.09847400
v 0.09199199 -0.58358562 -0.10647894
v 0.18615976 -0.59537375 -0.06267627
v 0.19589582 -0.56286776 -0.06194509
v 0.16079122 -0.59276092 -0.08825359
v 0.19792785 -0.60046256 -0.02630635
v 0.19307551 -0.60523558 0.01610979
v 0.14474943 -0.61425489 0.08717711
v 0.10763376 -0.61467874 0.09909977
v 0.01696324 -0.57694823 0.06541810
v 0.04082549 -0.57988888 0.08752633
v 0.03722650 -0.60674578 0.07720168
v 0.01604016 -0.60151029 0.05365864
v 0.07962868 -0.42640930 0.11536439
v 0.11930877 -0.40802723 0.10648067
v 0.11998875 -0.42923504 0.10584056
v 0.08617892 -0.44655207 0.10937071
v 0.03254016 -0.26283783 0.15615132
v 0.05216384 -0.25879940 0.15073189
v 0.07318158 -0.27593043 0.14455917
v 0.07208404 -0.25505653 0.14197131
v 0.09309603 -0.25119764 0.12788078
v 0.05030137 -0.16226996 0.14445370
v 0.07306796 -0.16184038 0.13299164
v 0.07190924 -0.18544358 0.13700444
v 0.04937425 -0.18676361 0.14867614
v 0.05143460 -0.13725384 0.13898559
v 0.07437886 -0.13779786 0.12826180
v 0.04909151 -0.09475057 0.11980347
v 0.07177145 -0.09045537 0.12441655
v 0.07043503 -0.10079818 0.11279792
v 0.03584781 0.04641574 0.08599651
v 0.03525477 0.03326688 0.09981152
v 0.19668894 -0.39863721 0.04641433
v 0.01131453 -0.54307848 -0.06492969
v 0.00102723 -0.55351782 -0.03098629
v 0.00392350 -0.58064836 -0.04339623
v 0.02038649 -0.57522064 -0.07578734
v 0.20097180 -0.34102550 0.01892799
v 0.16043448 -0.24963130 0.04393216
v 0.16707486 -0.26644555 0.04556385
v 0.14659101 -0.11725713 0.02900224
v 0.14662895 -0.10173499 0.03722754
v 0.08740044 -0.03007047 0.15071312
v 0.08885229 -0.04269018 0.15280299
v 0.20512895 -0.52854830 -0.06109847
v 0.13353424 -0.67857128 0.07529336
v 0.09804062 -0.67915493 0.08320168
v 0.10357389 -0.64740062 0.09138194
v 0.13878697 -0.64737368 0.08129466
v 0.00702332 -0.62387401 0.01108178
v 0.01655332 -0.62925524 0.04092570
v 0.01819907 -0.65938544 0.02877720
v 0.01067814 -0.65445751 -0.00093270
v 0.01426393 -0.68553919 -0.01121849
v 0.01977104 -0.69145358 0.01928302
v 0.02066006 -0.72114140 0.00613897
v 0.01682005 -0.71567738 -0.02182477
v 0.17386650 -0.61101246 0.05739785
v 0.17595325 -0.67053360 0.01449724
v 0.16094595 -0.67583323 0.04984332
v 0.16662484 -0.64441818 0.05364098
v 0.18310641 -0.63855720 0.01586824
v 0.12916912 -0.59001756 -0.10234948
v 0.00409560 -0.59579605 0.02432449
v 0.00314387 -0.57278460 0.03737657
v 0.02058998 -0.64753926 -0.05943123
v 0.03841024 -0.64584541 -0.08438203
v 0.02987460 -0.61187500 -0.08072069
v 0.01200635 -0.61397600 -0.05232659
v 0.15736233 -0.65202755 -0.08280594
v 0.17651868 -0.65734172 -0.05692698
v 0.18074265 -0.62652689 -0.05886114
v 0.15897721 -0.62245876 -0.08446797
v 0.18234146 -0.66363639 -0.02350101
v 0.18911690 -0.63221097 -0.02377072
v 0.16502216 -0.73132128 0.01184759
v 0.14842014 -0.73596627 0.04203890
v 0.15507302 -0.70650941 0.04617702
v 0.17011444 -0.70164460 0.01315510
v 0.17333411 -0.72418237 -0.02398679
v 0.17771818 -0.69409418 -0.02397794
v 0.17355517 -0.68711060 -0.05605683
v 0.17000116 -0.71673065 -0.05473778
v 0.15419419 -0.71057254 -0.07912895
v 0.15622313 -0.68133360 -0.08149353
v 0.13144356 -0.67801303 -0.09803838
v 0.13197905 -0.70654845 -0.09553226
v 0.10244489 -0.67590404 -0.10411867
v 0.07188746 -0.67553198 -0.10038863
v 0.07743948 -0.70398581 -0.09992211
v 0.10596874 -0.70435011 -0.10151939
v 0.03244082 -0.70795566 -0.07257490
v 0.05195118 -0.70549995 -0.09087777
v 0.04522453 -0.67676514 -0.08795080
v 0.02697431 -0.67890429 -0.06595778
v 0.05421460 -0.81904185 -0.09391727
v 0.07705741 -0.81659257 -0.09524651
v 0.06973428 -0.78803921 -0.09691750
v 0.04709573 -0.79040676 -0.09124994
v 0.09749388 -0.81407046 -0.09895021
v 0.11954081 -0.81406212 -0.09949058
v 0.11405284 -0.78632349 -0.09650381
v 0.09264549 -0.78689736 -0.09586935
v 0.14804406 -0.79214388 -0.07105219
v 0.13404535 -0.78775877 -0.08904476
v 0.13837910 -0.81550092 -0.09018894
v 0.14984314 -0.81965750 -0.07120133
v 0.16139321 -0.82541770 -0.04901707
v 0.16192336 -0.79853427 -0.04925834
v 0.16024595 -0.83136076 -0.02471946
v 0.16418231 -0.80581903 -0.02283871
v 0.14833608 -0.81126964 0.00253765
v 0.14266071 -0.83543295 -0.00125283
v 0.02585473 -0.83292025 -0.03891469
v 0.02573705 -0.82678473 -0.06273813
v 0.02016858 -0.79840499 -0.05420087
v 0.02281589 -0.80501735 -0.03082103
v 0.05316103 -0.81404716 0.01336595
v 0.07397167 -0.81562579 0.03418234
v 0.07238865 -0.84110373 0.02184668
v 0.05429925 -0.84063482 -0.00056764
v 0.16915666 -0.75207067 -0.02382452
v 0.16038494 -0.75995320 0.01069012
v 0.15145019 -0.73864102 -0.07595626
v 0.16616724 -0.74481636 -0.05286716
v 0.03730258 -0.73556650 -0.07908858
v 0.05814072 -0.73301101 -0.09319873
v 0.02091249 -0.74967593 -0.00691844
v 0.01771764 -0.74388766 -0.03309557
v 0.11291997 -0.76419771 0.05368792
v 0.14185965 -0.76373070 0.03820708
v 0.13388239 -0.78996348 0.03365892
v 0.10673406 -0.79103029 0.04813192
v 0.16565821 -0.77951992 -0.02327778
v 0.16308135 -0.77178395 -0.05077331
v 0.14914164 -0.76535541 -0.07298509
v 0.13237727 -0.76126927 -0.08973007
v 0.11135292 -0.75954103 -0.09613863
v 0.08788363 -0.75927931 -0.09621882
v 0.06364029 -0.76020795 -0.09540083
v 0.04209807 -0.76254290 -0.08559334
v 0.01884199 -0.77126563 -0.04412919
v 0.02217191 -0.77766412 -0.01965655
v 0.10149056 -0.81698602 0.04082238
v 0.12734634 -0.81446344 0.02503000
v 0.12655860 -0.83792233 0.01856531
v 0.09785186 -0.83989924 0.02867166
v 0.09633560 -0.86332279 0.01835494
v 0.07246927 -0.86462462 0.01181263
v 0.10382221 -0.84352839 -0.10143191
v 0.12273446 -0.84274220 -0.09986848
v 0.14050126 -0.84408557 -0.09079577
v 0.16279592 -0.85175884 -0.05139970
v 0.15598738 -0.85818434 -0.02454203
v 0.13975635 -0.86273217 -0.00155301
v 0.12214800 -0.86129856 0.01367386
v 0.04044886 -0.88245243 -0.06841581
v 0.03417526 -0.85342062 -0.06485949
v 0.03243794 -0.85744673 -0.04423225
v 0.03906536 -0.88656121 -0.04741847
v 0.06492179 -0.87755740 -0.09911291
v 0.08551738 -0.87481612 -0.10858145
v 0.08310036 -0.84526294 -0.09376107
v 0.06387725 -0.84904051 -0.09005806
v 0.10763340 -0.87293267 -0.11228935
v 0.12927487 -0.87223220 -0.10768410
v 0.14802125 -0.87229246 -0.09744538
v 0.15503255 -0.84632748 -0.07442511
v 0.16143614 -0.87488538 -0.07869126
v 0.16289091 -0.88026440 -0.05257478
v 0.15386304 -0.88696271 -0.02046527
v 0.13259687 -0.92426145 -0.00252665
v 0.12903455 -0.89165354 -0.00142541
v 0.15623622 -0.91875988 -0.02082841
v 0.10575946 -1.02911627 -0.01974755
v 0.13317052 -1.02485931 -0.01957611
v 0.13020185 -1.06095326 -0.02607156
v 0.10617355 -1.06547391 -0.02569263
v 0.04242813 -0.91743332 -0.05156296
v 0.04259948 -0.91537666 -0.07620946
v 0.06572892 -0.91069090 -0.11025804
v 0.08813301 -0.90717673 -0.12040413
v 0.17041078 -0.94364220 -0.05842886
v 0.16665809 -0.91126972 -0.05243209
v 0.16563830 -0.90581709 -0.08129325
v 0.16822127 -0.93885654 -0.08696825
v 0.04554749 -1.02022254 -0.06720963
v 0.04572752 -1.01911139 -0.08987033
v 0.04327517 -0.98380327 -0.08763175
v 0.04348691 -0.98524898 -0.06288067
v 0.06473870 -0.94574779 -0.11723747
v 0.06528256 -0.98064220 -0.12163977
v 0.08518587 -0.97753638 -0.13272336
v 0.08643601 -0.94208223 -0.12842996
v 0.16727023 -1.01553881 -0.06598274
v 0.17061381 -0.97826213 -0.06292034
v 0.16896544 -0.97480571 -0.09077680
v 0.16599247 -1.01300979 -0.09306904
v 0.15958582 -0.95023268 -0.02702037
v 0.15973595 -0.98310924 -0.03349521
v 0.13585515 -0.98972028 -0.01382249
v 0.13425460 -0.95635206 -0.00725732
v 0.10590198 -0.99286139 -0.01306069
v 0.10271038 -0.95897371 -0.00670213
v 0.00000169 -0.48432222 0.06822677
v 0.00000118 -0.49534705 0.04629594
v 0.00000062 -0.49959567 0.02927349
v 0.05876227 -1.09487247 -0.09030284
v 0.05172431 -1.05602467 -0.09061194
v 0.05168906 -1.05884719 -0.06943870
v 0.05941967 -1.09897113 -0.07101005
v 0.08756004 -1.01455796 -0.13328627
v 0.06813891 -1.01597190 -0.12336268
v 0.07243123 -1.05396402 -0.12040200
v 0.09098852 -1.05284929 -0.12942250
v 0.15499994 -1.09526980 -0.07149989
v 0.16190979 -1.05475044 -0.06895419
v 0.16005133 -1.05337405 -0.09393073
v 0.15222093 -1.09380305 -0.09453958
v 0.12823977 -1.10023606 -0.03287216
v 0.15246066 -1.05677688 -0.04182416
v 0.14789598 -1.09706938 -0.04800167
v 0.12295542 -1.13978958 -0.03726146
v 0.10326672 -1.14334631 -0.03662473
v 0.10527535 -1.10418212 -0.03181485
v 0.06582224 -1.13643026 -0.07170162
v 0.06380440 -1.13333833 -0.08880352
v 0.09281404 -1.12793922 -0.12125608
v 0.09339981 -1.09071386 -0.12443063
v 0.07644565 -1.09281278 -0.11628999
v 0.07757991 -1.13051283 -0.11297353
v 0.13025671 -1.09357297 -0.12153950
v 0.11231653 -1.09142327 -0.12632781
v 0.11098663 -1.12809968 -0.12271269
v 0.12740362 -1.13020337 -0.11738482
v 0.14362121 -1.13029933 -0.09346573
v 0.14371802 -1.09383726 -0.11060903
v 0.13708894 -1.13066196 -0.10737927
v 0.14796689 -1.13136256 -0.07235236
v 0.14215121 -1.13504326 -0.05051199
v 0.00371923 -0.51728773 -0.03399313
v -0.00023687 -0.52787346 -0.00190324
v 0.00123101 -0.53709871 -0.01589159
v 0.00919893 -0.52402884 -0.04842442
v 0.03717007 -0.63593924 0.06748543
v 0.03577222 -0.66817659 0.05632690
v 0.03494465 -0.72752380 0.03167034
v 0.03684741 -0.69954062 0.04580425
v 0.03448344 -0.75575876 0.01788292
v 0.03492183 -0.78359467 0.00455111
v 0.03457412 -0.81181157 -0.00843569
v 0.03633910 -0.83796751 -0.01937310
v 0.04222371 -0.86361963 -0.02471972
v 0.04699805 -0.89180863 -0.02565688
v 0.05327074 -0.95224607 -0.03282245
v 0.04315646 -0.95082152 -0.05781847
v 0.05116514 -0.92125720 -0.02772413
v 0.05636147 -1.02310622 -0.04334704
v 0.05440553 -0.98647428 -0.03813265
v 0.06240972 -1.06326842 -0.04822132
v 0.06838620 -1.10330033 -0.05270334
v 0.07438435 -1.14013660 -0.05551348
v 0.08241589 -0.52058691 0.11072298
v 0.04866982 -0.52922225 0.10065000
v 0.05320696 -0.50641745 0.10344754
v 0.08593324 -0.49283180 0.11102651
v 0.00469010 -0.50608468 0.04073415
v 0.00165176 -0.50838298 0.02391014
v 0.00246800 -0.50290257 0.02803834
v 0.00609602 -0.49832731 0.04368004
v 0.15558942 -0.78632271 0.00807944
v 0.13165011 -0.73450512 -0.09212355
v 0.10855090 -0.73213625 -0.09801543
v 0.08298502 -0.73168683 -0.09810678
v 0.00000051 -0.50136358 0.01440754
v 0.05433697 -0.76026320 0.03975386
v 0.08124506 -0.76293069 0.05351226
v 0.07695750 -0.79000413 0.04496289
v 0.05264843 -0.78783256 0.02747509
v 0.09835705 -0.93041533 -0.00279155
v 0.07419559 -0.95684481 -0.01500849
v 0.07121925 -0.92641860 -0.00994903
v 0.09649199 -0.90354735 0.00107150
v 0.13565686 -0.90298349 -0.11668435
v 0.15416738 -0.90302944 -0.10361105
v 0.13684626 -0.93625093 -0.12545627
v 0.11315775 -0.90396202 -0.12203861
v 0.11218813 -0.93836921 -0.13109681
v 0.06173791 -0.70656681 0.06512611
v 0.09207706 -0.70887190 0.07389726
v 0.08637561 -0.73660952 0.06385629
v 0.05766834 -0.73354810 0.05290109
v 0.13381004 -0.18171018 -0.06926754
v 0.11709861 -0.17837207 -0.08694617
v 0.15028742 -0.07676408 0.08879597
v 0.14849591 -0.08881783 0.06635735
v 0.13608192 -0.09585801 0.07974332
v 0.13937765 -0.08471642 0.09931812
v 0.15826882 -0.06622496 0.07950357
v 0.15790962 -0.07858211 0.05761588
v 0.16351566 -0.05344842 0.07020317
v 0.00000286 0.12522493 -0.11082494
v 0.00000258 0.13646942 -0.10691054
v 0.16451715 -0.06598923 0.04965363
v 0.17612225 -0.00143024 0.01308870
v 0.18274277 0.00661944 0.00573356
v 0.05148579 -0.11371244 0.13093330
v 0.02649385 -0.11449399 0.13671772
v 0.02554686 -0.09491293 0.12562163
v 0.07442307 -0.29787001 0.14789751
v 0.05265469 -0.42165923 0.12255554
v 0.06293463 -0.39687005 0.13240445
v 0.09059568 -0.39379188 0.12323855
v 0.00927255 -0.47375992 0.08415627
v 0.05670795 -0.10829969 -0.12646833
v 0.05561388 -0.12910964 -0.12247629
v 0.03805236 0.07090666 -0.13168760
v 0.01849857 0.06639261 -0.12864260
v 0.03772747 0.09792930 -0.12363259
v 0.03714094 0.10970982 -0.11953048
v 0.01810730 0.10516279 -0.11879501
v -0.00000013 -0.16617507 0.15176690
v -0.00000085 -0.18889754 0.15615182
v 0.01852705 0.09351537 -0.12207844
v 0.01753636 0.14864963 -0.10180907
v 0.00000234 -0.09708075 0.12831253
v 0.00000206 -0.11821984 0.13781241
v 0.01618306 0.15979840 -0.09475639
v 0.00063673 -0.51461947 0.01926267
v -0.00029351 -0.51075399 -0.00466438
v 0.00005569 -0.50769430 0.00574291
v 0.01967227 -0.55513752 0.07528270
v 0.00409927 -0.55375642 0.04891236
v 0.00593293 -0.53804523 0.05732576
v 0.02259084 -0.53589380 0.08233202
v 0.21193323 -0.49539089 0.03398994
v 0.22182034 -0.49188367 -0.01124091
v 0.09903724 -0.52970701 -0.11457555
v 0.35205752 0.00903727 -0.07792481
v 0.35299560 0.01901206 -0.09006805
v 0.32851538 0.01745371 -0.08929802
v 0.32787454 0.00813579 -0.07647590
v 0.06364903 -0.03164035 -0.14606689
v 0.07034548 -0.05997904 -0.13985738
v 0.08542309 0.14654489 -0.01547027
v 0.14946403 0.15350449 -0.02828641
v 0.14585154 0.14323409 -0.00343818
v 0.13715670 0.14420958 -0.00633352
v 0.13962974 0.15433560 -0.03077664
v 0.00000042 -0.50134933 0.00031057
v 0.14837036 0.10227119 -0.10541120
v 0.14896683 0.11967041 -0.09437575
v 0.13817345 0.11855442 -0.09988164
v 0.13634929 0.10024608 -0.11124216
v 0.03578901 -0.38144496 -0.17220002
v 0.06994884 -0.38115388 -0.17287621
v 0.04018676 -0.18552354 -0.10976685
v 0.06206673 -0.18907298 -0.11013850
v 0.05808748 -0.16951229 -0.11341880
v 0.00000107 -0.50154853 -0.05971464
v 0.00000022 -0.49860719 -0.07112346
v 0.03745971 -0.16587912 -0.11388430
v 0.09415484 -0.04583687 -0.13653779
v 0.10859478 -0.06228667 -0.12627935
v 0.03475537 -0.00986557 0.13637683
v 0.05254450 -0.00618690 0.13690992
v 0.05372845 -0.02359892 0.14690672
v 0.03575963 -0.02920364 0.14474413
v 0.29220054 0.05037979 -0.10449731
v 0.27281085 0.03847075 -0.10240750
v 0.27905259 0.02448630 -0.09496257
v 0.30107123 0.02926555 -0.09818466
v 0.21005571 -0.48764330 -0.06090504
v 0.18036507 -0.50451589 -0.09779604
v 0.14559224 -0.15322080 -0.05400826
v 0.13211960 -0.15074196 -0.07901134
v 0.12929451 -0.16676232 -0.07289951
v 0.14340635 -0.16943112 -0.04944706
v 0.14590226 -0.10671329 -0.04999666
v 0.14415236 -0.11991061 -0.05259834
v 0.15475549 -0.09434726 -0.05147770
v 0.19861172 -0.00091396 -0.06258415
v 0.20765589 0.00434035 -0.06469959
v 0.19853573 0.00221408 -0.07179085
v 0.04423502 -0.55363566 0.09537902
v 0.05680958 -0.46576527 0.10243399
v 0.05184963 -0.45254147 0.10566148
v 0.00120129 -0.50375962 0.01236049
v 0.06173033 0.16072138 -0.01503076
v 0.05546029 0.15533219 -0.00085028
v 0.24258289 0.01347908 -0.04767665
v 0.26164386 0.01055804 -0.05245489
v 0.18733206 -0.00986480 -0.03038239
v 0.18818161 -0.01330974 -0.04693349
v 0.18204620 -0.02087209 -0.04454936
v 0.18163548 -0.01766456 -0.02620506
v 0.18745553 -0.01339793 -0.06092680
v 0.18086579 -0.02060129 -0.05999651
v 0.13066259 0.06358700 0.05948152
v 0.13131420 0.08284020 0.04553108
v 0.14135279 0.07858048 0.04364996
v 0.14081444 0.05996052 0.05570728
v 0.11868855 0.06323744 0.06416132
v 0.10454247 0.06198295 0.06903094
v 0.10587257 0.08115492 0.05309186
v 0.12011065 0.08298773 0.04902973
v 0.06530967 0.12016000 0.02280416
v 0.08288465 0.12912352 0.00760043
v 0.04582573 0.11279536 0.03341179
v 0.02838052 0.10803434 0.04085529
v 0.01843473 0.13770361 -0.10691943
v 0.01922925 0.12722516 -0.11142989
v 0.03651514 0.13053353 -0.11057860
v 0.03930407 0.14182226 -0.10395177
v 0.04830226 0.14403009 0.00991553
v 0.03557929 0.13833819 0.02013392
v 0.02348967 0.12656049 0.02942834
v 0.30932891 0.10769618 -0.02674230
v 0.33344141 0.10163734 -0.02786552
v 0.06272782 0.17075229 -0.04776679
v 0.06416195 0.16602406 -0.03114510
v 0.30938753 0.11202573 -0.04476849
v 0.33365208 0.10571576 -0.04538177
v 0.12773480 0.14314649 -0.00663261
v 0.13471265 0.12339496 0.01226945
v 0.12534669 0.12262054 0.01429148
v 0.04575039 0.15130159 0.01147711
v 0.03458470 0.14596453 0.02092940
v 0.22014594 -0.45416334 0.00104917
v 0.20944789 -0.45793349 0.04126982
v 0.15576938 -0.19539377 0.03767958
v 0.16013813 -0.19173332 0.00966390
v 0.02571485 -0.16392225 0.15053925
v 0.02468407 -0.18893197 0.15516083
v 0.01018631 0.15010722 0.03127722
v 0.04995038 -0.23652542 0.15099449
v 0.02541255 -0.24164987 0.15597473
v 0.02506829 -0.21479322 0.15700211
v 0.04930677 -0.21159278 0.15117331
v 0.01515200 -0.27616388 0.16111307
v 0.01647739 -0.26568669 0.15879276
v 0.01306544 -0.43391269 0.11860924
v 0.02717598 -0.43587056 0.11712091
v 0.23385060 0.09238186 0.01133511
v 0.22959082 0.11218889 0.00245138
v 0.24609172 0.11000162 -0.00175877
v 0.24968974 0.09058329 0.00746058
v 0.07175604 -0.23277335 0.14130329
v 0.09315204 -0.22974586 0.12553498
v 0.17132229 -0.01150049 0.01918085
v 0.16662435 -0.00161063 0.03660988
v 0.02451206 -0.07981147 0.13255274
v 0.07094214 -0.01843098 0.14656647
v 0.07021368 -0.00281627 0.13597843
v 0.08716590 -0.00052865 0.13258642
v 0.08717486 -0.01482472 0.14367092
v 0.00099244 -0.50398350 0.00224866
v 0.22214469 0.08829766 -0.10431994
v 0.23294194 0.09294907 -0.10284877
v 0.22871068 0.10402150 -0.09849691
v 0.21817090 0.10075679 -0.10035557
v -0.00058855 -0.54807824 0.01741599
v -0.00048468 -0.56509262 0.00429203
v 0.01681096 -0.51724297 -0.07225183
v 0.00494216 -0.50930488 -0.05489640
v 0.06926229 -0.61222190 0.09433507
v 0.07429163 -0.58040696 0.10266103
v 0.06634293 -0.64448404 0.08497366
v 0.06386398 -0.67652369 0.07556869
v 0.05815360 -0.86659300 -0.00743126
v 0.06799392 -0.89541197 -0.00517467
v 0.07719035 -0.99071282 -0.02200325
v 0.00000084 -0.50173432 -0.09162603
v 0.07938901 -1.02731836 -0.02869743
v 0.08263271 -1.06603682 -0.03455153
v 0.08450769 -1.10626817 -0.04025559
v 0.08724081 -1.14312756 -0.04361504
v 0.33468127 0.10264099 -0.06373160
v 0.30946022 0.10803816 -0.06515588
v 0.31328776 0.09681435 -0.08247192
v 0.33868507 0.09319574 -0.07911130
v 0.30186898 0.00813618 -0.04379641
v 0.29858679 0.01625986 -0.02770120
v 0.32144704 0.01190897 -0.02921662
v 0.32388496 0.00527087 -0.04549294
v 0.34695649 0.00264580 -0.04743643
v 0.34963155 0.00301428 -0.06332248
v 0.32584888 0.00413141 -0.06175771
v 0.35094428 0.03393095 -0.09837876
v 0.34824511 0.05050958 -0.10088781
v 0.32232890 0.05019351 -0.10315979
v 0.32661694 0.03095857 -0.09870605
v 0.34202796 0.08024714 -0.09097430
v 0.31774831 0.08240500 -0.09433643
v 0.32044849 0.06675835 -0.10131564
v 0.34553099 0.06551781 -0.09836929
v 0.34027022 0.03601710 -0.00851964
v 0.34267506 0.01972050 -0.01753539
v 0.31866211 0.02447703 -0.01575650
v 0.31614986 0.04082187 -0.00630760
v 0.22656232 0.12954125 -0.01434217
v 0.24344784 0.12561151 -0.01769769
v 0.19348711 0.02993393 0.01247806
v 0.19176601 0.04383171 0.02497079
v 0.20660980 0.04881436 0.01786174
v 0.20222658 0.03299367 0.00415969
v 0.28564203 0.10145845 -0.00895709
v 0.26442328 0.10617076 -0.00506595
v 0.26293653 0.12024277 -0.02063525
v 0.28574952 0.11378913 -0.02364455
v 0.29259884 0.04418154 -0.00340474
v 0.00000093 -0.50101256 -0.04653030
v 0.29553926 0.02852216 -0.01364368
v 0.27176118 0.03232687 -0.01077600
v 0.26970461 0.04724061 0.00088930
v 0.30442011 0.01621442 -0.08733188
v 0.28157613 0.01401780 -0.08385305
v 0.23613371 0.07185153 0.01456911
v 0.25184748 0.06943135 0.01007912
v 0.16530235 -0.01289085 0.04244973
v 0.17581411 -0.03524855 -0.01838308
v 0.17800605 -0.02577640 -0.02209791
v 0.14205988 -0.06789373 0.11281500
v 0.14405094 -0.05068867 0.11700162
v 0.16602944 -0.07466675 0.02437465
v 0.17011039 -0.05919215 0.01706451
v 0.15007013 -0.06188573 0.10333228
v 0.14915541 -0.05051240 0.10905368
v 0.09196359 -0.11957335 0.10805551
v 0.02535385 0.11784013 0.03372253
v 0.26707971 0.08689167 0.00386895
v 0.26850447 0.06611013 0.00564896
v 0.24048719 0.02642097 -0.09273285
v 0.24133326 0.01815765 -0.08388098
v 0.25879923 0.02103669 -0.09038942
v -0.00000082 -0.49392530 -0.11174021
v -0.00000057 -0.47977880 -0.13120484
v 0.25589526 0.03219552 -0.09856947
v 0.12877989 -0.02043944 -0.12481718
v 0.11337679 -0.03328358 -0.13099231
v 0.12490949 -0.04702930 -0.12124874
v 0.13817960 -0.03270596 -0.11550406
v 0.22701734 0.12158064 -0.08572782
v 0.23059702 0.12848568 -0.07509338
v 0.21571401 0.13087261 -0.07440422
v 0.21464220 0.12231433 -0.08631953
v 0.23516572 0.13363747 -0.05944389
v 0.24039075 0.13363320 -0.03892961
v 0.22306712 0.13831812 -0.03681087
v 0.21832082 0.13733514 -0.05801501
v 0.20674725 -0.41458064 -0.06134126
v 0.21475984 -0.41681412 -0.02608653
v 0.15438265 -0.27362493 0.07049613
v 0.13729070 -0.28030708 0.09306979
v 0.12173696 -0.38301831 0.10984982
v 0.02804805 -0.50077909 0.08706661
v 0.00847328 -0.51214063 0.06141672
v 0.00112661 -0.58873415 -0.00891490
v 0.21394897 -0.42028716 0.01018427
v 0.00636390 -0.61864167 -0.02024937
v 0.01228006 -0.65045547 -0.03029956
v 0.06681497 -0.64547020 -0.09977550
v 0.09895127 -0.64678949 -0.10495566
v 0.09558582 -0.61613345 -0.10562678
v 0.06036393 -0.61284828 -0.09941644
v 0.13030612 -0.64897239 -0.09910102
v 0.12954192 -0.61955196 -0.10016416
v 0.12011308 -0.73654169 0.06054486
v 0.11058739 -0.97515607 -0.13591990
v 0.13457195 -1.01297665 -0.13011181
v 0.13608819 -0.97275257 -0.12998959
v 0.11095534 -1.01387966 -0.13573737
v 0.15623575 -0.97263044 -0.11430642
v 0.15591946 -0.93600267 -0.11051439
v 0.15670602 -1.01851952 -0.03742501
v 0.11261479 -1.05252767 -0.13184714
v 0.13325429 -1.05362511 -0.12627490
v 0.14968801 -1.05282593 -0.11335979
v 0.15428014 -1.01182342 -0.11515012
v -0.00023372 -0.53547668 0.02828810
v 0.18677147 -0.49852464 0.07190406
v 0.18468410 -0.46505827 0.07608534
v 0.12140811 -0.45330083 0.10855833
v 0.08755886 -0.46789581 0.10991352
v 0.11150303 -0.20607525 0.10298444
v 0.12953447 -0.20335737 0.08374448
v 0.12547359 -0.16070178 0.07669143
v 0.13988575 -0.15866889 0.05564627
v 0.14206971 -0.17922984 0.05872136
v 0.12726907 -0.18239895 0.07995287
v 0.15461662 -0.15545918 0.00273490
v 0.15348688 -0.15445194 -0.02645267
v 0.15308279 -0.17171369 -0.02288953
v 0.15569481 -0.17367986 0.00572055
v 0.15803450 -0.18841347 -0.01928193
v 0.14858004 -0.18557304 -0.04613679
v 0.07592461 -0.15393126 -0.11269497
v 0.09521133 -0.15863405 -0.10401782
v 0.09548683 -0.14027184 -0.11077593
v 0.07554208 -0.13441011 -0.11809485
v 0.04064256 -0.44216353 0.11241025
v 0.00261940 -0.51544458 0.03913607
v 0.07896154 -0.54980338 0.10809078
v 0.11962387 -0.51247728 0.11145660
v 0.15544222 -0.50591701 0.09833383
v 0.23938745 0.01994454 -0.03454930
v 0.16279984 -0.00331291 -0.09960813
v 0.15997109 0.00715025 -0.10521691
v 0.25531211 0.12695220 -0.06190041
v 0.26065165 0.12773375 -0.04173734
v 0.25046650 0.04993978 0.00576978
v 0.21506791 0.11404511 0.00615619
v 0.21908957 0.09266825 0.01549665
v 0.20365399 0.09359419 0.02034523
v 0.14947577 -0.39365420 0.09134341
v 0.17846495 -0.40607849 0.07399110
v 0.15187040 -0.41658270 0.09379833
v 0.00174027 -0.50720382 -0.03896351
v 0.05658945 -0.48458186 0.10345828
v 0.01631323 -0.68184716 -0.03944536
v 0.01993374 -0.71127373 -0.04870087
v 0.02318850 -0.73910415 -0.05788923
v 0.02604830 -0.76652592 -0.06681907
v 0.02960845 -0.79373825 -0.07539708
v 0.03621349 -0.82116717 -0.08192848
v 0.04565893 -0.85040897 -0.08128548
v 0.04985943 -0.87985379 -0.08652637
v 0.04279410 -0.94901752 -0.08277525
v 0.05062366 -0.94711697 -0.10219411
v 0.05059822 -0.91244018 -0.09554520
v 0.05128208 -0.98258257 -0.10643394
v 0.05428316 -1.01794863 -0.10790134
v 0.05939568 -1.05501008 -0.10677860
v 0.06854155 -1.13083303 -0.10233307
v 0.06531300 -1.09306574 -0.10477592
v 0.00056370 -0.50400466 -0.00993080
v 0.00074509 -0.50572622 -0.02364764
v 0.11340407 0.12119641 0.01671558
v 0.17963378 -0.01031132 -0.00660728
v 0.18472995 -0.00335829 -0.01264374
v 0.23442344 0.05174865 0.01029164
v 0.29524726 0.08261528 -0.09775782
v 0.28970903 0.09940864 -0.08659513
v 0.24990478 0.03580670 -0.00756829
v 0.19949231 0.02135818 -0.01089794
v 0.19211492 0.01724662 -0.00236508
v 0.53370351 0.08462226 -0.04224318
v 0.53203768 0.08912170 -0.05539559
v 0.55274874 0.08600513 -0.05376476
v 0.55383766 0.08079723 -0.04171243
v 0.53476071 0.07475138 -0.03204411
v 0.55442697 0.07076421 -0.03289027
v 0.53491330 0.01340450 -0.05109967
v 0.53424656 0.02170845 -0.03903449
v 0.55421174 0.02250412 -0.04339968
v 0.55498606 0.01519050 -0.05554585
v 0.57358950 0.05493424 -0.02993548
v 0.57326406 0.04281271 -0.03155877
v 0.55389553 0.04476399 -0.02873283
v 0.55434757 0.05826603 -0.02832707
v 0.53358257 0.01524634 -0.08082283
v 0.53154725 0.02469208 -0.09140550
v 0.51194507 0.02026909 -0.08871981
v 0.51425463 0.01100442 -0.07687251
v 0.45407853 0.01646578 -0.02817026
v 0.45626616 0.00609616 -0.03954635
v 0.44067493 0.00735316 -0.03257615
v 0.43842340 0.01916964 -0.02242123
v 0.49273860 0.09246101 -0.04314833
v 0.48957524 0.09418520 -0.05814692
v 0.51083195 0.09179743 -0.05683392
v 0.51325190 0.08829197 -0.04261875
v 0.49340776 0.05267408 -0.02082737
v 0.49288097 0.03649966 -0.02291259
v 0.47148606 0.03980476 -0.02047072
v 0.47166276 0.05661685 -0.02012978
v 0.47115412 0.09625803 -0.04499120
v 0.46853557 0.09542646 -0.05976849
v 0.53421116 0.04731584 -0.02581040
v 0.53381538 0.03341807 -0.03037565
v 0.51357681 0.03457309 -0.02633537
v 0.51420581 0.04970506 -0.02294758
v 0.57257611 0.02275751 -0.08454021
v 0.57100886 0.03258977 -0.09212661
v 0.55130821 0.02887077 -0.09233140
v 0.55318010 0.01919079 -0.08331256
v 0.57318014 0.03249887 -0.03809277
v 0.57370740 0.02374308 -0.04758610
v 0.55365908 0.03271873 -0.03434528
v 0.57062578 0.07857013 -0.07788324
v 0.57181531 0.08268300 -0.06501540
v 0.55067772 0.08480748 -0.06748110
v 0.54918128 0.07950654 -0.08096554
v 0.49397579 0.01264215 -0.04098613
v 0.49305341 0.02290392 -0.03007425
v 0.51386690 0.02180026 -0.03454997
v 0.51454598 0.01263085 -0.04626600
v 0.49368685 0.08329261 -0.03058205
v 0.51452768 0.07860743 -0.03114631
v 0.52835953 0.07995173 -0.08366184
v 0.52931231 0.08705007 -0.06998351
v 0.50818628 0.08832128 -0.07188965
v 0.50657278 0.07954178 -0.08547425
v 0.48604733 0.06251217 -0.09411744
v 0.48732099 0.04520164 -0.09461084
v 0.50731951 0.04967172 -0.09613406
v 0.50646877 0.06571221 -0.09384171
v 0.47327563 0.01413024 -0.03485596
v 0.47496772 0.00575909 -0.04809401
v 0.49453539 0.00727569 -0.07169637
v 0.49228069 0.01578548 -0.08460165
v 0.47302648 0.01118035 -0.07915416
v 0.47518224 0.00405744 -0.06476974
v 0.43437469 0.08080265 -0.02434581
v 0.43451339 0.09316523 -0.03467725
v 0.45147523 0.09204424 -0.03309603
v 0.45174775 0.07846148 -0.02347566
v 0.45006758 0.09824727 -0.04728172
v 0.43092379 0.09889523 -0.05016640
v 0.40417013 0.09180523 -0.06925243
v 0.40469891 0.08066820 -0.07819732
v 0.41579923 0.08031835 -0.07613049
v 0.41630709 0.09235693 -0.06757551
v 0.44797924 0.05191737 -0.09334832
v 0.44865927 0.03325835 -0.09021052
v 0.46767312 0.03953435 -0.09256686
v 0.46652398 0.05790629 -0.09397157
v 0.43621066 0.01122470 -0.07991586
v 0.44087517 0.00153833 -0.06692666
v 0.45534992 0.00594833 -0.07314157
v 0.45136982 0.01727184 -0.08466869
v 0.39014935 0.00334047 -0.06637135
v 0.38942549 -0.00092205 -0.05118774
v 0.40388438 -0.00139716 -0.05191819
v 0.40447608 0.00452422 -0.06645453
v 0.38488892 0.01288722 -0.02039177
v 0.38312370 0.02827763 -0.01155821
v 0.39774954 0.02552084 -0.01198017
v 0.39948085 0.01089913 -0.02100204
v 0.38037738 0.09283849 -0.02801379
v 0.37860796 0.09859125 -0.04578126
v 0.39178047 0.09857594 -0.04263062
v 0.39385566 0.09042114 -0.02626918
v 0.43293315 0.04695155 -0.09205782
v 0.43093219 0.02695321 -0.08753018
v 0.41326591 0.00977803 -0.02319346
v 0.41087183 0.02328051 -0.01372968
v 0.42385471 0.02147556 -0.01713447
v 0.42646271 0.00866425 -0.02689243
v 0.00000165 0.06371146 -0.12596293
v 0.00000238 0.07759944 -0.12292160
v 0.40655747 0.05694493 -0.01315578
v 0.40694782 0.07229284 -0.01671275
v 0.41981319 0.06875661 -0.01854233
v 0.42118207 0.05200651 -0.01533777
v 0.40632871 0.08763015 -0.02486412
v 0.40494737 0.09723248 -0.03870409
v 0.41838515 0.09539180 -0.03642626
v 0.41958490 0.08426844 -0.02434416
v 0.41473588 0.05550560 -0.08691609
v 0.41678378 0.04281814 -0.09080820
v -0.00000127 -0.28945947 0.16341572
v -0.00000155 -0.27801406 0.16136710
v 0.42353803 0.04557902 -0.09109912
v 0.42215329 0.05834911 -0.08684005
v 0.42536646 0.00795499 -0.07361032
v 0.42888874 -0.00076044 -0.05999533
v 0.00000279 -0.28310311 -0.13858293
v 0.00000320 -0.26108247 -0.12757944
v 0.43390259 0.04899487 -0.01885198
v 0.43690181 0.03283763 -0.01737893
v 0.42228591 0.03673062 -0.01316295
v 0.41665286 0.09862806 -0.05234950
v 0.39082471 0.01145962 -0.07887411
v 0.39062715 0.02169613 -0.08913698
v 0.37493712 0.02059066 -0.09006052
v 0.37512365 0.01016382 -0.07897974
v 0.37424937 0.00295866 -0.06531965
v 0.37234226 0.00069391 -0.04979150
v 0.36641327 0.01615181 -0.01929083
v 0.36410522 0.03181714 -0.01055797
v 0.36218163 0.05027774 -0.00642412
v 0.35978755 0.06928401 -0.00784719
v 0.37956777 0.06636421 -0.01100200
v 0.38125128 0.04710289 -0.00852001
v 0.35774010 0.10117306 -0.04578533
v 0.35732606 0.09685989 -0.02829220
v 0.35936159 0.09832475 -0.06286407
v 0.37850690 0.09693810 -0.06121238
v 0.41547158 0.00041216 -0.03751441
v 0.00000023 -0.37477797 0.15144762
v 0.00000102 -0.39696291 0.14050014
v 0.40200597 0.00102085 -0.03513807
v 0.52724218 0.06787699 -0.09255461
v 0.52771026 0.05324938 -0.09623919
v 0.54834729 0.05577912 -0.09510060
v 0.54823309 0.06921589 -0.09035967
v 0.56964892 0.04490749 -0.09453429
v 0.54952240 0.04182261 -0.09587689
v 0.53477859 0.06180269 -0.02641651
v 0.51475918 0.06519769 -0.02439796
v 0.57345331 0.06711692 -0.03359100
v 0.43351552 0.06509423 -0.02085203
v 0.45002431 0.06116030 -0.02097953
v 0.40506822 0.06700935 -0.08272559
v 0.39361420 0.08035498 -0.08064165
v 0.39533600 0.06689782 -0.08658183
v 0.44725993 0.07001101 -0.08745271
v 0.44702253 0.08493038 -0.07510465
v 0.42940816 0.07805469 -0.07632250
v 0.43229195 0.06347594 -0.08701307
v 0.40990248 0.04009933 -0.09109945
v 0.40722141 0.05402752 -0.08888413
v 0.39827934 0.05280461 -0.09174152
v 0.40078244 0.03779189 -0.09289665
v 0.39457172 0.07632279 -0.01605828
v 0.37980536 0.08088264 -0.01648954
v 0.38135800 0.07947293 -0.08322641
v 0.38008314 0.08985250 -0.07371052
v 0.36308557 0.08996864 -0.07667455
v 0.36516437 0.07879004 -0.08700126
v 0.39258534 0.09082101 -0.07121762
v 0.38366750 0.06641029 -0.09029195
v 0.36766759 0.06608046 -0.09446441
v 0.35801291 0.08551167 -0.01534550
v 0.38878152 0.03626214 -0.09486306
v 0.38643256 0.05196562 -0.09480002
v 0.37034988 0.05134335 -0.09787777
v 0.37291762 0.03516894 -0.09676583
v 0.52928972 0.03819845 -0.09592904
v 0.50924557 0.03405175 -0.09466999
v 0.44254804 -0.00008961 -0.04900198
v 0.45735559 0.00105382 -0.05665234
v 0.42905259 -0.00004715 -0.04221411
v 0.53488743 0.01091315 -0.06640974
v 0.55453372 0.01391487 -0.07022009
v 0.49500838 0.00644235 -0.05547002
v 0.51504123 0.00816659 -0.06146532
v 0.48605916 0.07802489 -0.08677422
v 0.41411060 0.01586974 -0.07879209
v 0.41604024 0.00606229 -0.06834754
v 0.42162684 0.01927740 -0.08215304
v 0.36869520 0.00522432 -0.03286649
v 0.38751575 0.00228423 -0.03414573
v 0.42336649 0.03372971 -0.08993260
v 0.34515065 0.00855437 -0.03111050
v 0.42919123 0.09353991 -0.06564595
v 0.40386021 0.09845149 -0.05497213
v 0.39159322 0.09750327 -0.05804562
v 0.57289249 0.08289853 -0.05219856
v 0.49409387 0.06900643 -0.02301885
v 0.45027813 0.04427620 -0.01965123
v 0.45199221 0.02916314 -0.02143459
v 0.41189626 0.02663446 -0.08728597
v 0.40296665 0.02369841 -0.08778993
v 0.40399775 0.01343810 -0.07800807
v 0.39373252 0.06210742 -0.01215714
v 0.39611849 0.04319507 -0.00924826
v 0.57380641 0.01702742 -0.07285061
v 0.40958774 0.03968157 -0.01038483
v 0.44910854 0.09489417 -0.06252254
v 0.01824885 0.08031555 -0.12522848
v 0.15878884 -0.08851553 0.03087670
v 0.11740023 -0.10605818 0.07573666
v 0.13148718 -0.10482208 0.05906561
v 0.17310540 -0.02996981 0.00410839
v 0.17589813 -0.01882692 -0.00126719
v 0.19322185 0.00686091 -0.01889052
v 0.20159322 0.01272364 -0.02549804
v 0.16815954 -0.05227888 0.04101905
v 0.01406210 -0.25458264 0.15660089
v 0.05586027 -0.24677114 -0.11794383
v 0.02836650 -0.24470387 -0.11693906
v 0.03189231 -0.26438934 -0.12920833
v 0.06217330 -0.26674899 -0.12888888
v 0.03596317 -0.28711125 -0.13995175
v 0.19227433 -0.32597092 -0.07651004
v 0.18783581 -0.30161095 -0.07405779
v 0.17000565 -0.30331725 -0.10084192
v 0.17409953 -0.32895228 -0.10512276
v 0.19171804 -0.28421104 -0.04355165
v 0.17991416 -0.28180206 -0.07164021
v 0.19887276 -0.30279431 -0.04330070
v 0.20221478 -0.30859593 -0.01167951
v 0.19573158 -0.28908479 -0.01221883
v 0.19735338 -0.31771389 0.01886276
v 0.19172069 -0.29653716 0.01867521
v 0.18555483 -0.32802027 0.04662265
v 0.16874774 -0.33779806 0.07189915
v 0.14892830 -0.37032765 0.09263542
v 0.12347768 -0.35733077 0.11287107
v 0.14771384 -0.34761563 0.09420800
v 0.06990516 -0.37109879 0.14077535
v 0.09677553 -0.36575478 0.12886362
v 0.02086035 -0.37434110 0.15101090
v 0.04458277 -0.37355000 0.14786181
v 0.10840482 0.10097864 0.03595347
v 0.10269633 0.15206613 -0.08172792
v 0.11084744 0.15734792 -0.05927986
v 0.08898250 0.15643233 -0.08042733
v 0.12085731 0.09693111 -0.11920825
v 0.12394099 0.11564866 -0.10844835
v 0.10470347 0.10862725 -0.11844758
v 0.10226675 0.09165677 -0.12654899
v 0.07865463 0.14787433 -0.09435742
v 0.07219044 0.14994891 -0.09293596
v 0.08842770 0.14264652 -0.09773914
v 0.05550872 0.12572710 -0.11295611
v 0.07323884 0.13309935 -0.10748107
v 0.15105073 0.14954400 -0.05613381
v 0.15020645 0.13624921 -0.07863834
v 0.15929399 0.13561752 -0.07395831
v 0.16135180 0.14814417 -0.05172580
v 0.14724196 0.08501000 -0.11264042
v 0.14545749 0.06852690 -0.11711833
v 0.15698464 0.07145732 -0.11328445
v 0.15793450 0.08774456 -0.10897067
v 0.18742791 0.14612699 -0.03796250
v 0.18439659 0.13862871 -0.06026430
v 0.19382523 0.13987774 -0.05808429
v 0.19750564 0.14442721 -0.03611454
v 0.15808146 0.10434641 -0.10125405
v 0.08548657 -0.02448400 -0.14236042
v 0.12120313 -0.00665824 -0.13114521
v 0.10450757 -0.01552453 -0.13703091
v 0.15755862 0.01807751 -0.10973834
v 0.14777623 0.01263643 -0.11586257
v 0.15115106 0.00020423 -0.11115712
v 0.17968726 0.02506396 -0.10181607
v 0.16774563 0.02188065 -0.10552923
v 0.20644984 0.07025102 0.02404990
v 0.19046547 0.06921301 0.03103242
v 0.18858042 0.09595799 0.02360978
v 0.19595638 0.01927951 -0.08908913
v 0.20734395 0.02559569 -0.08977912
v 0.20560504 0.03114611 -0.09279361
v 0.19365090 0.02484890 -0.09282783
v 0.14093290 0.15103418 -0.05966524
v 0.18329728 0.12653537 -0.07690258
v 0.18217702 0.11558279 -0.08968007
v 0.19165671 0.11961044 -0.08803820
v 0.19312470 0.12947662 -0.07476425
v 0.18507969 0.10102219 -0.09949080
v 0.18640593 0.08593342 -0.10474534
v 0.19694865 0.09157208 -0.10305979
v 0.19486807 0.10594375 -0.09749573
v 0.20423803 0.03881872 -0.09640428
v 0.19071700 0.03233280 -0.09644975
v 0.21259266 0.13303581 -0.01235872
v 0.16862957 0.14945495 -0.01983062
v 0.16378354 0.13539037 0.00485546
v 0.15435551 0.14024602 0.00077984
v 0.15949142 0.15179767 -0.02463149
v 0.22339712 0.01363260 -0.04367893
v 0.22015056 0.01964600 -0.03054634
v 0.22554222 0.00946463 -0.05643831
v 0.19841126 0.00874990 -0.07952576
v 0.22648329 0.00998821 -0.06821419
v 0.22015697 0.05175471 0.01376725
v 0.22152387 0.07135830 0.01846893
v 0.16008875 0.10991061 0.02090158
v 0.15054569 0.11648885 0.01721227
v 0.20914814 0.14184389 -0.03559691
v 0.20497686 0.13944502 -0.05746365
v 0.22350103 0.03281696 -0.09541462
v 0.23526309 0.03963549 -0.10087152
v 0.22127867 0.03815718 -0.09832356
v 0.18372592 0.00009958 -0.08680852
v 0.19768903 0.01465078 -0.08508079
v 0.17047830 0.14877068 -0.04663363
v 0.20256658 0.13125607 -0.07435237
v 0.20258620 0.12109723 -0.08771542
v 0.17601205 0.09590475 -0.10231666
v 0.17425923 0.11088316 -0.09318829
v 0.16615929 0.10729904 -0.09716365
v 0.16716239 0.09153730 -0.10548241
v 0.20759936 0.09713014 -0.10216360
v 0.21081783 0.08212891 -0.10522946
v 0.17676879 0.08028213 -0.10703864
v 0.16720566 0.07542816 -0.11001190
v 0.21921504 0.04602824 -0.10147552
v 0.14261192 0.12116919 0.01380070
v 0.14170493 0.09919515 0.02918891
v 0.13285756 0.10260806 0.02976187
v 0.16091253 0.08451019 0.03447799
v 0.15007697 0.09294008 0.03108022
v 0.17523949 0.07427888 0.03554019
v 0.12235969 0.10258739 0.03306728
v 0.41911444 0.03043178 -0.08847400
v 0.24629745 0.04713475 -0.10426274
v 0.23847616 0.03442260 -0.09819077
v 0.25106895 0.04093686 -0.10251867
v 0.29597285 0.06772710 -0.10282615
v 0.41419438 0.06718034 -0.08006351
v 0.42176455 0.06714164 -0.07996797
v 0.46593764 0.07498705 -0.08748928
v 0.48693800 0.08901242 -0.07343422
v 0.46675265 0.08806922 -0.07435179
v 0.47274858 0.08800186 -0.03100955
v 0.47241265 0.07388245 -0.02251418
v 0.47209516 0.02559264 -0.02571313
v 0.46975434 0.02362140 -0.08877508
v 0.61200231 0.07081642 -0.03776364
v 0.61229300 0.07820757 -0.04738097
v 0.63212252 0.07558721 -0.04465894
v 0.63157439 0.06732216 -0.03617628
v 0.64968920 0.05386469 -0.03281030
v 0.63104612 0.05685667 -0.03249336
v 0.65092635 0.06422316 -0.03448307
v 0.64829832 0.04464584 -0.03515455
v 0.63018698 0.04698562 -0.03379348
v 0.64733905 0.03750928 -0.04156649
v 0.64737427 0.03245952 -0.05034166
v 0.62981069 0.03293770 -0.04778160
v 0.62965381 0.03862034 -0.03928361
v 0.63039708 0.02898884 -0.05761435
v 0.63095737 0.02623142 -0.06778937
v 0.61215585 0.02277288 -0.06539315
v 0.61151236 0.02726578 -0.05457424
v 0.64859778 0.03723776 -0.08555049
v 0.64841491 0.04564986 -0.08869871
v 0.62986571 0.04294579 -0.08974438
v 0.63026482 0.03358806 -0.08600737
v 0.61029071 0.06193102 -0.08757755
v 0.60992932 0.05071460 -0.09093931
v 0.63020104 0.05361924 -0.08911613
v 0.63034070 0.06427439 -0.08524261
v 0.64903897 0.06643008 -0.08366255
v 0.64963216 0.07368454 -0.07576112
v 0.63127309 0.07237167 -0.07805193
v 0.57339406 0.07718284 -0.04105532
v 0.59266573 0.07405714 -0.03962439
v 0.59257603 0.06366680 -0.03318129
v 0.59206533 0.04107435 -0.03451817
v 0.59224814 0.05193538 -0.03160084
v 0.61131281 0.04923109 -0.03262363
v 0.61104125 0.03957293 -0.03683627
v 0.57405806 0.01762277 -0.05947957
v 0.59251112 0.02544233 -0.05140474
v 0.59315056 0.02008513 -0.06262673
v 0.61111236 0.03266224 -0.04468325
v 0.59211916 0.03243107 -0.04171710
v 0.61196125 0.02348471 -0.07663449
v 0.63074821 0.02757966 -0.07795229
v 0.61248070 0.08019014 -0.05900084
v 0.61199546 0.07748849 -0.07069750
v 0.63207799 0.07728779 -0.06757750
v 0.63244450 0.07921457 -0.05591116
v 0.59302670 0.02019146 -0.07471800
v 0.59167862 0.07785469 -0.07418995
v 0.59234333 0.08128814 -0.06206064
v 0.61128789 0.07129516 -0.08083963
v 0.59094745 0.07040019 -0.08412066
v 0.65140319 0.07742806 -0.05323032
v 0.65192354 0.07296091 -0.04212563
v 0.59258860 0.08047660 -0.04992996
v 0.61123997 0.02965849 -0.08585863
v 0.61029541 0.03949942 -0.09080297
v 0.59082758 0.03613306 -0.09140835
v 0.59201521 0.02620212 -0.08518067
v 0.56880468 0.05804206 -0.09287813
v 0.58961886 0.04791472 -0.09264356
v 0.58964980 0.05979924 -0.09019922
v 0.64870906 0.05585194 -0.08791182
v 0.57000935 0.06967029 -0.08754402
v 0.72893298 0.02436465 -0.04336569
v 0.73789394 0.02753286 -0.04257553
v 0.73269802 0.03014791 -0.04926265
v 0.72285169 0.02922167 -0.04848040
v 0.70397681 0.00912758 -0.03420596
v 0.71567541 0.00483130 -0.02970605
v 0.72169954 0.00529599 -0.03733768
v 0.71142089 0.01076792 -0.04284453
v 0.73421448 0.02025582 -0.03856495
v 0.74193484 0.02615184 -0.03686947
v 0.74981755 0.03128948 -0.03491152
v 0.74089259 0.02644129 -0.03305136
v 0.74956715 0.03683340 -0.03098283
v 0.74435067 0.04695236 -0.03008730
v 0.75707757 0.04987095 -0.03366727
v 0.75753671 0.04114333 -0.03131042
v 0.73807526 0.06064130 -0.05288167
v 0.73514611 0.06082225 -0.06356823
v 0.75073671 0.05943264 -0.06499682
v 0.75314629 0.05832727 -0.05408547
v 0.74173445 0.05433932 -0.08270048
v 0.74720109 0.05667608 -0.07364577
v 0.73165536 0.05899985 -0.07168787
v 0.72749746 0.05688084 -0.07971416
v 0.71831387 0.03208999 -0.05569079
v 0.72833908 0.03163710 -0.05659237
v 0.72657579 0.03125078 -0.06222742
v 0.71618599 0.03134487 -0.06197438
v 0.74027008 0.03218231 -0.02894724
v 0.74146646 0.01847950 -0.02930900
v 0.74073625 0.02125809 -0.02599587
v 0.73547965 0.03457491 -0.02495985
v 0.67980695 0.02594154 -0.06407885
v 0.69072616 0.02363581 -0.06671285
v 0.69152462 0.02243793 -0.07362937
v 0.67950779 0.02493544 -0.07218333
v 0.67931330 0.02565359 -0.04447821
v 0.67428905 0.03450248 -0.03413966
v 0.68210799 0.02962289 -0.03020327
v 0.68600994 0.01958932 -0.04109051
v 0.69106394 0.02254281 -0.02716239
v 0.70104873 0.01578795 -0.02486862
v 0.69443822 0.01388887 -0.03792728
v 0.71396607 0.01079188 -0.02248882
v 0.68682599 0.02575309 -0.08559173
v 0.67817223 0.02939467 -0.08257743
v 0.78945184 0.01832244 -0.04267065
v 0.79028368 0.01942414 -0.03729944
v 0.79277241 0.01705784 -0.03785671
v 0.79199547 0.01614171 -0.04324690
v 0.67952710 0.05405900 -0.08890676
v 0.67842746 0.04462710 -0.09058860
v 0.68535078 0.04469638 -0.09183194
v 0.68678015 0.05402484 -0.08888589
v 0.69437927 0.04436140 -0.09415518
v 0.69621563 0.05403730 -0.08955157
v 0.79769599 0.02513999 -0.03387117
v 0.80121446 0.02809465 -0.03602567
v 0.80411935 0.02260530 -0.03598526
v 0.80020517 0.02045900 -0.03415962
v 0.74250799 0.02982010 -0.04873960
v 0.74701339 0.02847556 -0.04128645
v 0.75546157 0.02939966 -0.03917199
v 0.76238889 0.03047923 -0.03775121
v 0.76339805 0.02860869 -0.04346202
v 0.75386769 0.02900723 -0.04751957
v 0.73954225 0.03102705 -0.05933758
v 0.75047064 0.02971313 -0.05931588
v 0.74601412 0.03028021 -0.06611290
v 0.73555338 0.03104001 -0.06609023
v 0.73986179 0.02616427 -0.08366107
v 0.73168814 0.02551471 -0.08263401
v 0.73202783 0.02780582 -0.07711662
v 0.74186981 0.02825706 -0.07756846
v 0.76767218 0.02923428 -0.07774885
v 0.75938565 0.02900491 -0.07760605
v 0.76105124 0.02981613 -0.07270803
v 0.76893324 0.03002068 -0.07306569
v 0.67254990 0.05525563 -0.08887085
v 0.67169982 0.04550016 -0.09017737
v 0.73707694 0.03759989 -0.10738622
v 0.74224907 0.04582760 -0.10285446
v 0.73221016 0.04688443 -0.09862258
v 0.72690576 0.04012798 -0.10318482
v 0.68959832 0.06149733 -0.08231911
v 0.68180031 0.06244156 -0.08263657
v 0.80416232 0.02977988 -0.04070939
v 0.80644333 0.02415395 -0.04086980
v 0.70152998 0.02919981 -0.01950908
v 0.71566695 0.01965386 -0.01751195
v 0.69026208 0.03773180 -0.02356698
v 0.67499143 0.04731616 -0.02986541
v 0.68244272 0.04328899 -0.02725075
v 0.75832844 0.02897876 -0.05203546
v 0.73648942 0.03126414 -0.05537263
v 0.72486430 0.03041842 -0.06639769
v 0.71592015 0.02237069 -0.08382451
v 0.72270399 0.02289727 -0.08639483
v 0.72004247 0.02241920 -0.09315721
v 0.71215421 0.02251860 -0.09283997
v 0.73381871 0.02491040 -0.10143450
v 0.73393667 0.02971063 -0.10656461
v 0.72519588 0.03092442 -0.10384547
v 0.72652900 0.02503686 -0.09999089
v 0.73974651 0.02203288 -0.02087756
v 0.73060644 0.03335746 -0.01977420
v 0.67834711 0.03557355 -0.08847134
v 0.68543839 0.03433290 -0.09142991
v 0.67098576 0.03795164 -0.08669748
v 0.69155324 0.02381950 -0.05672402
v 0.70446539 0.02901392 -0.06043041
v 0.70321983 0.02771361 -0.06468818
v 0.69034731 0.02451648 -0.06195598
v 0.71342343 0.02381526 -0.04918540
v 0.70240420 0.01605320 -0.04717050
v 0.72068596 0.01805187 -0.04495840
v 0.67932028 0.02656075 -0.05602574
v 0.67060316 0.02994199 -0.05330942
v 0.67075723 0.02939769 -0.06261291
v 0.67080116 0.02955465 -0.07207662
v 0.67098325 0.03292388 -0.08096752
v 0.66101205 0.03148843 -0.05181021
v 0.66171813 0.03031779 -0.06120688
v 0.66214788 0.03076487 -0.07111482
v 0.66246837 0.03361872 -0.07966148
v 0.67354059 0.06463197 -0.08274876
v 0.66330534 0.06623763 -0.08318166
v 0.66277069 0.05594269 -0.08849898
v 0.67109370 0.03190446 -0.04368840
v 0.66141647 0.03568856 -0.04308814
v 0.66333652 0.04161165 -0.03518802
v 0.66467488 0.05210304 -0.03234897
v 0.73732948 0.00470262 -0.03271601
v 0.73304808 0.00789484 -0.03592296
v 0.72796196 0.00310617 -0.03240971
v 0.73376924 0.00058725 -0.02823295
v 0.76345938 0.03491841 -0.03346897
v 0.75666827 0.03431126 -0.03369845
v 0.76559418 0.04155419 -0.03234629
v 0.70024079 0.02185496 -0.07900179
v 0.69590074 0.02414293 -0.08921140
v 0.76552165 0.02883238 -0.04846752
v 0.78020209 0.03535545 -0.03294914
v 0.78386176 0.04037318 -0.03510438
v 0.79560894 0.03321269 -0.03579960
v 0.79209018 0.02925089 -0.03342876
v 0.77665865 0.02650857 -0.04756421
v 0.78054971 0.03002033 -0.05159055
v 0.77422160 0.03152528 -0.05196912
v 0.77106392 0.02881576 -0.04749847
v 0.76320910 0.02672696 -0.08360362
v 0.75611389 0.02689017 -0.08347041
v 0.76751924 0.05544012 -0.04347937
v 0.75474799 0.05722205 -0.04219334
v 0.76752013 0.05277693 -0.05486249
v 0.75108951 0.02858280 -0.07772586
v 0.74352705 0.02957930 -0.07219796
v 0.75272131 0.02941090 -0.07266665
v 0.76494813 0.03042668 -0.05765626
v 0.75807929 0.02955409 -0.05897838
v 0.76138765 0.02935988 -0.05426322
v 0.76686323 0.03012566 -0.05263563
v 0.71566272 0.04217681 -0.09984164
v 0.71399087 0.03023931 -0.10123907
v 0.79359138 0.02189916 -0.03420098
v 0.79599702 0.01847464 -0.03487134
v 0.66240513 0.04581858 -0.08905438
v 0.66271490 0.03835453 -0.08574950
v 0.73325390 0.02982743 -0.07148875
v 0.74068540 0.05775950 -0.04064833
v 0.72315913 0.02892965 -0.07082715
v 0.76275277 0.03204712 -0.09350321
v 0.76540458 0.03805286 -0.09254553
v 0.75812632 0.04267684 -0.09251980
v 0.75634944 0.03448407 -0.09546505
v 0.79136020 0.01966944 -0.04760892
v 0.79526180 0.02255645 -0.05089826
v 0.79033816 0.02605757 -0.05098321
v 0.78699303 0.02243304 -0.04757385
v 0.77493310 0.02666014 -0.03762165
v 0.77495563 0.02525866 -0.04274443
v 0.76869649 0.02815703 -0.04288612
v 0.76814902 0.02954894 -0.03774993
v 0.76965570 0.03369030 -0.03421266
v 0.77694947 0.03076056 -0.03413650
v 0.78647524 0.04149425 -0.04799106
v 0.78488714 0.03600270 -0.05219585
v 0.79500496 0.03058770 -0.05182401
v 0.79821736 0.03403556 -0.04727844
v 0.71397817 0.06007188 -0.07734297
v 0.71071291 0.05698887 -0.08517503
v 0.72394359 0.05356636 -0.08802254
v 0.73721749 0.05034544 -0.09119238
v 0.74919206 0.04678812 -0.09397008
v 0.75469208 0.05266008 -0.08547222
v 0.72010475 0.04962559 -0.09430902
v 0.77520263 0.04597232 -0.05848037
v 0.77492249 0.04010861 -0.05692870
v 0.77693814 0.04593670 -0.05074082
v 0.72123528 0.02641014 -0.07723000
v 0.78827047 0.02537462 -0.03396133
v 0.68679410 0.06518704 -0.03858705
v 0.68722039 0.07028122 -0.05082549
v 0.69729906 0.06797038 -0.05172696
v 0.69582021 0.06236670 -0.03678189
v 0.78535396 0.02089396 -0.04255618
v 0.78541511 0.02180791 -0.03726347
v 0.76180726 0.02688560 -0.09289461
v 0.75596106 0.02565560 -0.09403954
v 0.75452065 0.02564964 -0.08942237
v 0.76160175 0.02578525 -0.08870293
v 0.70761585 0.05283633 -0.09128559
v 0.74850893 0.04146037 -0.10582096
v 0.74388385 0.03159970 -0.10971131
v 0.69228435 0.06604151 -0.07313634
v 0.69898993 0.05988294 -0.08307884
v 0.70192647 0.06338909 -0.07497676
v 0.76264179 0.05201274 -0.07481348
v 0.71753919 0.06171929 -0.06994998
v 0.70468408 0.06473137 -0.06771319
v 0.69416595 0.06799433 -0.06441426
v 0.68540871 0.07069152 -0.06278178
v 0.68382239 0.06839501 -0.07235263
v 0.80376327 0.02852851 -0.04727169
v 0.79814345 0.03521931 -0.04059120
v 0.67447001 0.07091632 -0.07221887
v 0.66351736 0.07317365 -0.07373052
v 0.67621285 0.07302435 -0.06228290
v 0.66502434 0.07515038 -0.06342256
v 0.70775110 0.06559281 -0.05929887
v 0.70996171 0.06468446 -0.04937023
v 0.72063041 0.06290545 -0.06198212
v 0.72395176 0.06243603 -0.05212391
v 0.76496953 0.05731863 -0.06566069
v 0.79860044 0.01840127 -0.05111102
v 0.80336034 0.01145524 -0.05170049
v 0.80735338 0.01260984 -0.05043153
v 0.80306172 0.02007151 -0.05065927
v 0.79980767 0.02549571 -0.05112143
v 0.80603343 0.02279675 -0.04714627
v 0.72650939 0.05891988 -0.03857715
v 0.77164048 0.03174984 -0.05705684
v 0.71034282 0.05776738 -0.03256691
v 0.73182619 0.04981758 -0.02720928
v 0.72132212 0.04684441 -0.02208175
v 0.69276667 0.05147588 -0.02584991
v 0.70380163 0.04407347 -0.02003538
v 0.67698282 0.05839897 -0.03215901
v 0.68472487 0.05547908 -0.03006546
v 0.66639632 0.06157461 -0.03374242
v 0.71647602 0.03313737 -0.01623148
v 0.79533631 0.01103610 -0.03936342
v 0.79508674 0.01060855 -0.04503649
v 0.66696000 0.07013249 -0.04061957
v 0.67839086 0.06719160 -0.03953214
v 0.72819102 0.01214148 -0.04041782
v 0.71329302 0.02817749 -0.06972285
v 0.71176416 0.02550281 -0.07462636
v 0.70872974 0.02209478 -0.08157107
v 0.70446151 0.02302374 -0.09178692
v 0.66611212 0.07503736 -0.05167609
v 0.64811862 0.03000928 -0.05996950
v 0.64868617 0.02947731 -0.06987390
v 0.65060306 0.07686089 -0.06515513
v 0.79875100 0.01218903 -0.03584157
v 0.77330494 0.03395939 -0.07559036
v 0.77268696 0.03415135 -0.07762705
v 0.72413009 0.00321675 -0.02593920
v 0.73148382 0.00134008 -0.02234513
v 0.72367245 0.00814136 -0.01951604
v 0.72600669 0.01557236 -0.01583426
v 0.73504394 0.01161005 -0.01537272
v 0.73255002 0.00518537 -0.01809658
v 0.70287323 0.02588560 -0.06830309
v 0.70244634 0.02403291 -0.07284728
v 0.70341349 0.03215515 -0.09856806
v 0.70450610 0.04394401 -0.09689576
v 0.77246267 0.03916520 -0.03306093
v 0.76747018 0.04876275 -0.03527023
v 0.77477199 0.04488327 -0.03591795
v 0.78544837 0.04346341 -0.04094406
v 0.77804291 0.03762759 -0.05326030
v 0.77535129 0.03576145 -0.05594781
v 0.69587356 0.02066693 -0.05184888
v 0.70785654 0.02811284 -0.05472998
v 0.73678428 0.01618370 -0.03523850
v 0.73981714 0.01240627 -0.03307934
v 0.75469869 0.02979223 -0.06583622
v 0.77437162 0.04649341 -0.07259006
v 0.77477002 0.05069099 -0.06545573
v 0.76256150 0.03045638 -0.06540176
v 0.80748177 0.01404047 -0.03657786
v 0.80303085 0.01285636 -0.03495811
v 0.77621871 0.04913096 -0.04229069
v 0.74830937 0.02679755 -0.08384869
v 0.76985461 0.04437247 -0.07859461
v 0.77497590 0.04026237 -0.07535711
v 0.73913163 0.02746150 -0.10692923
v 0.67795241 0.07238212 -0.05064964
v 0.79770911 0.01083827 -0.04995343
v 0.79403400 0.01663977 -0.04855309
v 0.80947244 0.01435417 -0.04701213
v 0.80948091 0.01536715 -0.04154098
v 0.69374883 0.03348709 -0.09517451
v 0.71455789 0.02992446 -0.06602492
v 0.64870632 0.03178268 -0.07880992
v 0.73749548 0.01845016 -0.01625617
v 0.72769046 0.02425267 -0.01647192
v 0.76888227 0.03076635 -0.06517669
v 0.75320071 0.03937486 -0.09947921
v 0.77066553 0.04304352 -0.08781970
v 0.77440321 0.04170713 -0.08136865
v 0.76312822 0.04788843 -0.08674517
v 0.77544457 0.03693497 -0.07899360
v 0.81197006 0.00721586 -0.04713718
v 0.81193477 0.00799060 -0.04189749
v 0.80948043 0.00693876 -0.03690581
v 0.80476266 0.00691766 -0.03562791
v 0.80040812 0.00696760 -0.03688046
v 0.80964279 0.00616038 -0.05052887
v 0.80562818 0.00558114 -0.05173134
v 0.79983020 0.00618935 -0.05031194
v 0.81003565 0.00054288 -0.05079523
v 0.81288868 -0.00003642 -0.04731784
v 0.81166422 -0.00372761 -0.03955736
v 0.81152755 -0.00770414 -0.03954488
v 0.80909699 -0.00659299 -0.03733540
v 0.81030548 -0.00062323 -0.03746706
v 0.80892062 -0.01172370 -0.03845179
v 0.81187832 -0.01236987 -0.04021673
v 0.81309646 -0.00236171 -0.04221557
v 0.81366962 -0.00730151 -0.04298977
v 0.81350648 -0.01185858 -0.04739983
v 0.81406504 -0.01244205 -0.04372630
v 0.81302148 -0.00690138 -0.04671968
v 0.81311423 -0.00297934 -0.04554521
v 0.81309140 0.00154507 -0.04185212
v 0.81393993 -0.01660597 -0.04425046
v 0.81108928 -0.01804143 -0.04488169
v 0.80956131 -0.01598650 -0.04060477
v 0.81219029 -0.01560849 -0.04105751
v 0.80539548 0.00113547 -0.03619245
v 0.80563319 -0.00565535 -0.03724142
v 0.80570990 -0.01126796 -0.03900257
v 0.80648935 -0.01546997 -0.04152758
v 0.80321789 -0.01103848 -0.04095188
v 0.80233431 -0.00555748 -0.03895806
v 0.80431378 -0.01429474 -0.04334346
v 0.80197710 -0.01103657 -0.04376864
v 0.80019695 -0.00584608 -0.04233599
v 0.79864502 0.00201041 -0.04094804
v 0.80132163 0.00206620 -0.03752381
v 0.80330849 -0.01330185 -0.04477886
v 0.80829537 -0.01722479 -0.04579046
v 0.81220299 -0.00560546 -0.04950876
v 0.81200027 -0.01111144 -0.04990163
v 0.81002539 -0.00541532 -0.05139980
v 0.80995739 -0.01079232 -0.05131938
v 0.81385428 -0.01535606 -0.04755612
v 0.81189770 -0.01589096 -0.04905272
v 0.79707265 0.00667202 -0.04043770
v 0.79716825 0.00649923 -0.04603342
v 0.79857022 0.00195229 -0.04632325
v 0.80016136 -0.00575489 -0.04720606
v 0.80149329 0.00159091 -0.05037552
v 0.80640334 0.00066698 -0.05186834
v 0.80689692 -0.00571495 -0.05199409
v 0.80316615 -0.00531775 -0.05103509
v 0.80434948 -0.01066822 -0.05046029
v 0.80706304 -0.01077533 -0.05153615
v 0.80238438 -0.01099205 -0.04736907
v 0.80675459 -0.01427281 -0.04996415
v 0.80936193 -0.01533771 -0.04985867
v 0.80503076 -0.01321197 -0.04945220
v 0.80411184 -0.01361948 -0.04712867
v 0.80578154 -0.01549649 -0.04668299
v 0.79461557 0.02082047 -0.06908374
v 0.79580170 0.02224928 -0.06463680
v 0.79844928 0.01640892 -0.06496993
v 0.79676765 0.01494682 -0.06966266
v 0.80282891 0.02790725 -0.06215860
v 0.80691862 0.03152114 -0.06489285
v 0.80978632 0.02387816 -0.06501581
v 0.80530477 0.02053314 -0.06249375
v 0.80799919 0.03326225 -0.07167953
v 0.81060141 0.02567285 -0.07157096
v 0.78351772 0.03686285 -0.05865115
v 0.78530049 0.04224020 -0.06058151
v 0.80008185 0.03709254 -0.06332126
v 0.79680836 0.03261152 -0.06073663
v 0.77756804 0.02888080 -0.07226415
v 0.77990663 0.03154725 -0.07622708
v 0.79867220 0.02467477 -0.06240645
v 0.80125260 0.01812112 -0.06279428
v 0.79453981 0.02086967 -0.07371882
v 0.79682755 0.02230918 -0.07776153
v 0.79176438 0.02746785 -0.07703944
v 0.78975081 0.02504221 -0.07320176
v 0.77874964 0.02950418 -0.06012318
v 0.77749687 0.02850321 -0.06617358
v 0.78123879 0.03284594 -0.05828784
v 0.78518009 0.04278523 -0.07382086
v 0.78323770 0.03732869 -0.07715067
v 0.79544294 0.03141785 -0.07883392
v 0.79905158 0.03606540 -0.07657288
v 0.79340851 0.02916676 -0.06110853
v 0.78959477 0.02465701 -0.06794242
v 0.79085386 0.02610976 -0.06322109
v 0.80510110 0.02917007 -0.07777710
v 0.80032086 0.03920546 -0.06984698
v 0.79937226 0.01572597 -0.07840048
v 0.80293292 0.00768572 -0.07881667
v 0.80702662 0.00943398 -0.07901486
v 0.80347168 0.01772439 -0.07921296
v 0.80062670 0.02488053 -0.07900707
v 0.80769086 0.02138507 -0.07747648
v 0.80102932 0.00737846 -0.06604616
v 0.79933882 0.00655216 -0.07097551
v 0.80410767 0.00850999 -0.06356195
v 0.78601521 0.04581177 -0.06665976
v 0.81249809 0.01264733 -0.06576484
v 0.80797851 0.01021087 -0.06351583
v 0.79950094 0.00655305 -0.07571216
v 0.79666173 0.01487273 -0.07450733
v 0.81079257 0.01181799 -0.07707672
v 0.81318295 0.01415372 -0.07150788
v 0.81255496 0.00395620 -0.07691421
v 0.81508005 0.00522411 -0.07199339
v 0.81426305 0.00423831 -0.06663047
v 0.80954480 0.00358647 -0.06429811
v 0.80559617 0.00325543 -0.06450585
v 0.80916321 0.00244832 -0.07883706
v 0.80525583 0.00177008 -0.07872057
v 0.80153543 0.00169617 -0.07598512
v 0.80888891 -0.00442863 -0.07865706
v 0.81254554 -0.00456470 -0.07698154
v 0.81322032 -0.01151586 -0.06865491
v 0.81313407 -0.01677608 -0.06843619
v 0.81092983 -0.01592278 -0.06634083
v 0.81200981 -0.01010191 -0.06607752
v 0.81395775 -0.00760019 -0.06924017
v 0.81382883 -0.00425011 -0.06718220
v 0.81409752 -0.00716472 -0.07229400
v 0.81418514 -0.01162481 -0.07257262
v 0.81210309 -0.01740974 -0.07568522
v 0.81417209 -0.01787788 -0.07244073
v 0.81201231 -0.01190114 -0.07535701
v 0.81268346 -0.00780779 -0.07493289
v 0.81051224 -0.02107829 -0.06799133
v 0.81297606 -0.02084482 -0.06869371
v 0.81527472 -0.00270349 -0.07239957
v 0.80972046 -0.00210595 -0.06479886
v 0.80895150 -0.00906229 -0.06471662
v 0.80797040 -0.01546818 -0.06571320
v 0.80751038 -0.02041715 -0.06810975
v 0.80501413 -0.01512653 -0.06635366
v 0.80525339 -0.00882471 -0.06508434
v 0.80525333 -0.01911986 -0.06884687
v 0.80278742 -0.01502025 -0.06862012
v 0.80190134 -0.00894105 -0.06747973
v 0.80261511 -0.00123495 -0.06746611
v 0.80576682 -0.00128275 -0.06497590
v 0.80387831 -0.01789719 -0.06976917
v 0.81093085 -0.02400655 -0.07183851
v 0.80782926 -0.02283925 -0.07182822
v 0.81418133 -0.02313614 -0.07209024
v 0.81024247 -0.01126039 -0.07673058
v 0.80986345 -0.01714629 -0.07649265
v 0.80824822 -0.01119238 -0.07816280
v 0.80800986 -0.01717389 -0.07745521
v 0.81240958 -0.02163851 -0.07537958
v 0.81034195 -0.02207065 -0.07567950
v 0.80267859 0.00267947 -0.06701627
v 0.80096555 0.00209641 -0.07149725
v 0.80076373 -0.00162417 -0.07185978
v 0.80052930 -0.00928557 -0.07209316
v 0.80165565 -0.00221151 -0.07623686
v 0.80520868 -0.00364929 -0.07847233
v 0.80538201 -0.01046318 -0.07804437
v 0.80213016 -0.00973064 -0.07617751
v 0.80324274 -0.01536041 -0.07561371
v 0.80583185 -0.01632166 -0.07710654
v 0.80194014 -0.01515019 -0.07221827
v 0.80584973 -0.02007091 -0.07527415
v 0.80798733 -0.02155596 -0.07569611
v 0.80411863 -0.01838881 -0.07458013
v 0.80372471 -0.01857144 -0.07208386
v 0.80555189 -0.02091312 -0.07190767
v 0.78213167 0.01569849 -0.08824822
v 0.78528655 0.01753497 -0.08462556
v 0.78605795 0.01340526 -0.08419664
v 0.78230453 0.01151913 -0.08788036
v 0.79246771 0.02244061 -0.08458906
v 0.79448146 0.02515227 -0.08735450
v 0.79545724 0.01764554 -0.08757643
v 0.79361856 0.01611775 -0.08477060
v 0.79409921 0.02573615 -0.09339228
v 0.79509544 0.01741016 -0.09241077
v 0.77948385 0.03317425 -0.08077002
v 0.78059208 0.03741494 -0.08343795
v 0.79021627 0.03104135 -0.08595793
v 0.78860486 0.02745271 -0.08300129
v 0.78890002 0.01978534 -0.08361194
v 0.79026276 0.01466340 -0.08360633
v 0.78080761 0.01477885 -0.09246816
v 0.78171575 0.01540619 -0.09578948
v 0.77756721 0.01978943 -0.09512319
v 0.77705252 0.01895514 -0.09175280
v 0.76926601 0.02462801 -0.08513061
v 0.77248919 0.02658933 -0.08135662
v 0.77616173 0.02954611 -0.08020124
v 0.77430767 0.03434026 -0.09464639
v 0.77041698 0.02906257 -0.09522766
v 0.78065586 0.02314314 -0.09754561
v 0.78529930 0.02828088 -0.09713297
v 0.78516984 0.02398863 -0.08246627
v 0.77829796 0.01884866 -0.08700811
v 0.78139126 0.02119827 -0.08346324
v 0.78993851 0.02200174 -0.09777689
v 0.78854299 0.03189310 -0.09178164
v 0.78228581 0.01136214 -0.09614728
v 0.78561318 0.00258040 -0.09534267
v 0.78968364 0.00308698 -0.09634352
v 0.78669178 0.01286697 -0.09785640
v 0.78487903 0.01812971 -0.09807280
v 0.79148549 0.01555169 -0.09677905
v 0.78697050 0.00523531 -0.08352762
v 0.78376329 0.00400382 -0.08733408
v 0.79136926 0.00580859 -0.08302259
v 0.77860689 0.03836027 -0.08936217
v 0.76772094 0.02471513 -0.09352225
v 0.79751933 0.00658876 -0.08656353
v 0.79491735 0.00625896 -0.08399177
v 0.78307426 0.00307798 -0.09211050
v 0.78095043 0.01089370 -0.09242898
v 0.79428124 0.00483131 -0.09529132
v 0.79752433 0.00684881 -0.09124176
v 0.79554081 -0.00276965 -0.09414950
v 0.79872990 -0.00138730 -0.09005135
v 0.79876864 -0.00129598 -0.08533394
v 0.79556906 -0.00055397 -0.08310869
v 0.79199922 0.00008118 -0.08245489
v 0.79057300 -0.00354546 -0.09481376
v 0.78713632 -0.00304240 -0.09370890
v 0.78471458 -0.00131226 -0.09108868
v 0.79006231 -0.00804156 -0.09374842
v 0.79450208 -0.00903225 -0.09202760
v 0.79591048 -0.01443779 -0.08326241
v 0.79548907 -0.01921648 -0.08203462
v 0.79467022 -0.01835924 -0.08026552
v 0.79578817 -0.01336592 -0.08149606
v 0.79717070 -0.01104563 -0.08471802
v 0.79783148 -0.00817114 -0.08403546
v 0.79700726 -0.01097190 -0.08763471
v 0.79629338 -0.01535940 -0.08677918
v 0.79276615 -0.01967210 -0.08853400
v 0.79574013 -0.02018082 -0.08558476
v 0.79329503 -0.01494205 -0.08960173
v 0.79499704 -0.01148605 -0.09016037
v 0.79404473 -0.02265096 -0.08030221
v 0.79533613 -0.02260357 -0.08163446
v 0.79797083 -0.00750262 -0.08852503
v 0.79536355 -0.00599247 -0.08164588
v 0.79382324 -0.01185232 -0.07996094
v 0.79255664 -0.01723284 -0.07898393
v 0.79132217 -0.02140152 -0.07957524
v 0.78969872 -0.01599997 -0.07913956
v 0.79063857 -0.01061463 -0.07984388
v 0.78887039 -0.01967359 -0.07991025
v 0.78715616 -0.01528054 -0.08042404
v 0.78733790 -0.00988144 -0.08092275
v 0.78831708 -0.00373930 -0.08261687
v 0.79186714 -0.00459105 -0.08139634
v 0.78736728 -0.01819837 -0.08081317
v 0.79291308 -0.02496749 -0.08359668
v 0.78976822 -0.02366537 -0.08312163
v 0.79524148 -0.02424663 -0.08452708
v 0.79145551 -0.01426417 -0.09129032
v 0.79067492 -0.01929468 -0.08965251
v 0.78863215 -0.01343393 -0.09173340
v 0.78829825 -0.01862782 -0.08982703
v 0.79311782 -0.02298522 -0.08746633
v 0.79132867 -0.02306265 -0.08768114
v 0.78823090 0.00041384 -0.08366492
v 0.78530502 -0.00004345 -0.08699843
v 0.78557700 -0.00360936 -0.08574051
v 0.78453398 -0.01002109 -0.08405158
v 0.78470933 -0.00467229 -0.08970281
v 0.78660691 -0.00716484 -0.09218502
v 0.78565031 -0.01267332 -0.09032783
v 0.78383338 -0.01123589 -0.08784765
v 0.78445292 -0.01620102 -0.08667552
v 0.78598815 -0.01751065 -0.08878171
v 0.78491098 -0.01553941 -0.08310720
v 0.78665072 -0.02062321 -0.08634669
v 0.78868914 -0.02232248 -0.08724245
v 0.78539968 -0.01898378 -0.08541027
v 0.78612155 -0.01898080 -0.08284330
v 0.78750765 -0.02135813 -0.08281091
v 0.76782918 0.02432743 -0.08958126
v 0.76113600 0.01258281 -0.10676733
v 0.76418537 0.01376641 -0.10410222
v 0.76439178 0.01061654 -0.10438558
v 0.76113832 0.01000845 -0.10693276
v 0.77110565 0.01797450 -0.10529298
v 0.77258730 0.01937848 -0.10903525
v 0.77273446 0.01314473 -0.10943073
v 0.77155733 0.01232451 -0.10565880
v 0.77056026 0.01906499 -0.11422247
v 0.77065605 0.01309496 -0.11405194
v 0.75981045 0.02935308 -0.09943654
v 0.75929505 0.03310004 -0.10263164
v 0.76887637 0.02509159 -0.10697362
v 0.76778489 0.02293831 -0.10328129
v 0.75000036 0.01764143 -0.10556225
v 0.74906957 0.01933274 -0.10970803
v 0.74369466 0.02298403 -0.10720219
v 0.74295729 0.02233925 -0.10269426
v 0.76780480 0.01605451 -0.10357353
v 0.76820886 0.01138109 -0.10414517
v 0.75904685 0.01197723 -0.10993865
v 0.75839597 0.01184338 -0.11349946
v 0.75654703 0.01496419 -0.11298537
v 0.75699729 0.01438794 -0.10886410
v 0.75449026 0.02064818 -0.09857934
v 0.75253236 0.01793221 -0.10206027
v 0.74524868 0.02154867 -0.09825287
v 0.75004143 0.02314345 -0.09539799
v 0.75765896 0.02413858 -0.09879418
v 0.75197279 0.02796662 -0.11282355
v 0.74975044 0.02285093 -0.11235422
v 0.75826436 0.01771685 -0.11575404
v 0.76258183 0.02146682 -0.11592761
v 0.76554418 0.01952624 -0.10251975
v 0.75880611 0.01561654 -0.10535553
v 0.76251841 0.01655623 -0.10312933
v 0.76546550 0.01608682 -0.11668035
v 0.76675236 0.02547586 -0.11218071
v 0.75840688 0.00866896 -0.11410615
v 0.75930214 0.00242841 -0.11410531
v 0.76186728 0.00220454 -0.11637175
v 0.76118910 0.00929469 -0.11696640
v 0.76095784 0.01317942 -0.11624864
v 0.76581323 0.01070487 -0.11708874
v 0.76513135 0.00434542 -0.10405508
v 0.76147997 0.00421470 -0.10661155
v 0.76877058 0.00446671 -0.10402641
v 0.75628436 0.03394854 -0.10816313
v 0.77328598 0.00444400 -0.10905695
v 0.77184361 0.00434458 -0.10561299
v 0.75944901 0.00338876 -0.11026549
v 0.75902414 0.00912988 -0.11027148
v 0.76611602 0.00277597 -0.11643490
v 0.77101851 0.00430077 -0.11345756
v 0.76659214 -0.00357097 -0.11553708
v 0.77194136 -0.00216126 -0.11307031
v 0.77370358 -0.00128281 -0.10854542
v 0.77232707 -0.00018936 -0.10536975
v 0.76956439 0.00048518 -0.10387540
v 0.76204824 -0.00343359 -0.11517674
v 0.76006496 -0.00240970 -0.11282384
v 0.76054597 -0.00077331 -0.10964823
v 0.76250005 -0.00779188 -0.11340544
v 0.76705188 -0.00857258 -0.11375865
v 0.77289206 -0.01133722 -0.10607553
v 0.77322328 -0.01471299 -0.10452306
v 0.77288949 -0.01417315 -0.10269284
v 0.77319717 -0.01018077 -0.10424215
v 0.77292204 -0.00845820 -0.10811210
v 0.77333415 -0.00599688 -0.10744399
v 0.77149117 -0.00868273 -0.11089122
v 0.77192134 -0.01243496 -0.10921139
v 0.76865387 -0.01713109 -0.10969102
v 0.77239358 -0.01631951 -0.10780561
v 0.76852858 -0.01343668 -0.11174446
v 0.76902074 -0.01032627 -0.11241010
v 0.77260232 -0.01792645 -0.10239705
v 0.77340424 -0.01757950 -0.10406330
v 0.77146232 -0.00617605 -0.11180341
v 0.77238780 -0.00412238 -0.10456219
v 0.77230626 -0.00915575 -0.10251021
v 0.77181411 -0.01407820 -0.10089019
v 0.77058804 -0.01789445 -0.10113013
v 0.76964819 -0.01312262 -0.10043198
v 0.77010596 -0.00803620 -0.10170481
v 0.76863098 -0.01660281 -0.10091603
v 0.76728284 -0.01233977 -0.10095340
v 0.76709515 -0.00726807 -0.10204577
v 0.76655716 -0.00228316 -0.10338825
v 0.76988125 -0.00287861 -0.10330757
v 0.76730478 -0.01527709 -0.10100445
v 0.77067804 -0.02044100 -0.10472369
v 0.76857626 -0.01972997 -0.10325104
v 0.77237684 -0.01954180 -0.10664892
v 0.76594245 -0.01332116 -0.11204103
v 0.76629555 -0.01752090 -0.10961908
v 0.76324636 -0.01232612 -0.11132693
v 0.76431859 -0.01686954 -0.10844705
v 0.76953435 -0.01952153 -0.10837182
v 0.76795077 -0.02012175 -0.10731229
v 0.76590252 0.00073212 -0.10382807
v 0.76244605 0.00038356 -0.10616937
v 0.76309359 -0.00286144 -0.10530004
v 0.76383901 -0.00760096 -0.10364336
v 0.76086497 -0.00430316 -0.10841018
v 0.76053739 -0.00612295 -0.11137506
v 0.76160014 -0.01110715 -0.10929632
v 0.76155436 -0.00929868 -0.10646445
v 0.76317739 -0.01397067 -0.10453615
v 0.76323175 -0.01560324 -0.10663906
v 0.76476371 -0.01265061 -0.10237256
v 0.76531899 -0.01788408 -0.10433191
v 0.76628315 -0.01938319 -0.10567120
v 0.76481676 -0.01634485 -0.10344201
v 0.76602000 -0.01602948 -0.10213688
v 0.76705879 -0.01811242 -0.10242161
v 0.74526584 0.02536134 -0.10972039
v 0.74989039 0.01495200 -0.02568905
v 0.74953920 0.01553498 -0.02080972
v 0.74364591 0.00025538 -0.03103496
v 0.74667621 0.00637362 -0.03196773
v 0.74123472 -0.00362392 -0.02617322
v 0.74229091 0.00024232 -0.01626131
v 0.74099219 -0.00291605 -0.02057292
v 0.74890274 0.01161800 -0.02942190
v 0.74799854 0.01306271 -0.01641221
v 0.74479920 0.00646094 -0.01430041
v 0.75661659 0.00613782 -0.01401073
v 0.75366765 -0.00015474 -0.01291384
v 0.74995381 -0.00654188 -0.01571944
v 0.74774581 -0.00798300 -0.02090918
v 0.74658406 -0.00703572 -0.02625990
v 0.75715178 0.01066094 -0.01901478
v 0.75648689 0.01120600 -0.02408251
v 0.75417912 0.00852429 -0.02861722
v 0.76463151 0.00515893 -0.01736152
v 0.76739389 -0.00114312 -0.01369488
v 0.76568997 -0.01466929 -0.01597714
v 0.76955414 -0.01695567 -0.01573679
v 0.76800472 -0.01803034 -0.01972979
v 0.76325607 -0.01585918 -0.01938814
v 0.76372206 -0.01208947 -0.01584363
v 0.75945473 -0.01206302 -0.01758155
v 0.76919192 -0.01083951 -0.01281592
v 0.76630360 -0.00858516 -0.01372728
v 0.76909518 -0.00538817 -0.01300031
v 0.77241087 -0.00618028 -0.01272160
v 0.77296138 -0.01367304 -0.01206878
v 0.77623814 -0.01559262 -0.01353967
v 0.77307409 -0.01814126 -0.01567131
v 0.77293390 -0.01829789 -0.01890251
v 0.76322269 -0.00646799 -0.01336440
v 0.75416219 -0.01219107 -0.02247813
v 0.76085305 -0.01566700 -0.02367365
v 0.00000446 0.10352622 -0.11716817
v 0.00000508 0.11483253 -0.11436448
v 0.76725024 -0.01738393 -0.02395242
v 0.77288568 -0.01687737 -0.02306491
v 0.76732469 -0.01429451 -0.02778423
v 0.76017463 -0.01308297 -0.02839279
v 0.77224672 -0.01355513 -0.02595028
v 0.76837218 -0.01037753 -0.02945867
v 0.76169741 -0.00831304 -0.03096810
v 0.75250983 -0.00474559 -0.03093478
v 0.75196368 -0.00984200 -0.02752581
v 0.77174008 -0.01114593 -0.02764896
v 0.77780908 -0.01544564 -0.01713893
v 0.77701616 -0.01322892 -0.02107140
v 0.77291191 -0.00263853 -0.01490933
v 0.77677590 -0.00556203 -0.01537788
v 0.77566326 -0.00855614 -0.01251146
v 0.77196366 0.00072668 -0.01827499
v 0.77655905 -0.00351823 -0.01907074
v 0.77784747 -0.01146927 -0.01282376
v 0.77891076 -0.00983977 -0.01578662
v 0.74790835 -0.00274277 -0.03073928
v 0.75091916 0.00332581 -0.03130543
v 0.75552166 0.00140486 -0.03077197
v 0.76403737 -0.00249735 -0.02990800
v 0.75973588 0.00607962 -0.02760342
v 0.76294053 0.00752511 -0.02219534
v 0.77051020 0.00219909 -0.02257404
v 0.76754594 0.00130714 -0.02702868
v 0.77270836 -0.00339619 -0.02600965
v 0.77508616 -0.00276322 -0.02295372
v 0.77033025 -0.00628702 -0.02826038
v 0.77653080 -0.00708074 -0.02321824
v 0.77835023 -0.00822538 -0.01988393
v 0.77459514 -0.00645446 -0.02520111
v 0.77346313 -0.00875752 -0.02629966
v 0.77535236 -0.01079131 -0.02424124
v 0.73899806 0.02406883 -0.10203850
v 0.74150777 0.02327774 -0.09651323
v 0.73581749 0.02400471 -0.09572413
v 0.72837359 0.02281093 -0.09460028
v 0.71975392 0.02445009 -0.09852418
v 0.73042345 0.02355460 -0.08839030
v 0.73819274 0.02464840 -0.08984841
v 0.74654299 0.02445502 -0.09074952
v 0.72528696 0.02467943 -0.08191500
v 0.01681160 0.07458505 0.06391181
v 0.01755050 0.05719615 0.07653898
v 0.29003853 0.06265123 0.00172774
v 0.28772786 0.08216357 0.00036628
v 0.28446835 0.11964005 -0.04339773
v 0.27955347 0.11600108 -0.06845407
v 0.07165407 -0.20894653 0.13996010
v 0.11301446 -0.16337374 -0.09110451
v 0.11474982 -0.14612289 -0.09841944
v 0.03604634 -0.14571981 -0.11940087
v 0.05592431 -0.14963593 -0.11798274
v 0.15176634 -0.17642602 0.03391070
v 0.14995873 -0.15683308 0.03086507
v 0.10998873 -0.18476230 0.09934245
v 0.10940578 -0.16233549 0.09622748
v 0.14504860 -0.19960062 0.06263021
v 0.08498231 -0.19141535 -0.10585788
v 0.10520872 -0.19440956 -0.09769707
v 0.09855615 -0.17584062 -0.09954643
v 0.07887492 -0.17268197 -0.10819187
v 0.01745881 -0.14220546 -0.11611456
v 0.01771755 -0.16172342 -0.10878330
v 0.15594713 -0.13671824 0.00123812
v 0.15469198 -0.13683620 -0.02820410
v 0.13267517 -0.13315131 -0.07985583
v 0.11506511 -0.12776351 -0.09846731
v 0.09583189 -0.12124628 -0.11103384
v 0.07639663 -0.11466724 -0.12004283
v 0.09348413 -0.13920254 0.11276364
v 0.07372559 -0.11647532 0.12125393
v 0.15015745 -0.13680179 0.02977396
v 0.02655597 -0.13871521 0.14450651
v 0.06102385 -0.08599275 -0.13331023
v 0.03897944 -0.08192130 -0.13690352
v 0.14641005 -0.13597430 -0.05553138
v 0.03398497 0.02104276 0.11305137
v 0.05250698 0.02387431 0.11106031
v 0.05241429 0.00911273 0.12464274
v 0.03421949 0.00539285 0.12564512
v 0.07025594 0.01163218 0.12279217
v 0.08745880 0.01322646 0.11890545
v 0.10295450 0.01354497 0.11316041
v 0.13680570 0.00799324 0.09034751
v 0.12747966 0.01073243 0.09846280
v 0.15228108 -0.00087857 0.07284496
v 0.14507885 0.00470988 0.08179670
v 0.15963435 -0.01191912 0.06304380
v 0.16571824 -0.02539258 0.05003528
v 0.16993910 -0.02415620 0.02504884
v 0.16973990 -0.03843481 0.03290379
v 0.16577831 -0.03960719 0.05977361
v 0.16062459 -0.02555896 0.07330326
v 0.15346625 -0.01498451 0.08406860
v 0.02016129 -0.05861237 0.14269270
v 0.01793320 -0.03508135 0.14311284
v 0.01520886 0.09083451 0.05297483
v 0.48906332 0.02930846 -0.09216255
v 0.61184150 0.06040502 -0.03240766
v 0.01795643 0.11603981 -0.11552086
v 0.03737132 0.12058642 -0.11580482
v 0.09963904 0.13548301 -0.10186522
v 0.11392947 0.14681260 -0.08426706
v 0.07917013 0.12502523 -0.11257592
v 0.05752123 0.11583051 -0.11825906
v 0.13533255 -0.11893272 0.05369714
v 0.03779136 0.08486532 -0.12767673
v 0.05886468 0.10463492 -0.12312285
v 0.08118372 0.11355898 -0.11925513
v 0.10382310 0.12476405 -0.10879624
v 0.12538956 0.13745290 -0.09021987
v 0.13971552 0.13659720 -0.08321401
v 0.15798396 0.12055709 -0.08989748
v 0.17336494 0.12499920 -0.08074486
v 0.17523159 0.13768341 -0.06431114
v 0.16727930 0.13625591 -0.06909578
v 0.16530696 0.12248660 -0.08525106
v 0.24588004 0.12367408 -0.07761598
v 0.27068490 0.10020659 -0.09227040
v 0.26153272 0.11365554 -0.08296189
v 0.27574566 0.08400737 -0.10051259
v 0.27683166 0.07106838 -0.10430253
v 0.27310759 0.05847726 -0.10564034
v 0.26308358 0.04862399 -0.10523423
v 0.22555903 0.02830528 -0.09240530
v 0.20926882 0.02118255 -0.08697704
v 0.17354617 -0.00594210 -0.08919060
v 0.16657107 -0.01223510 -0.09251083
v 0.14774285 -0.04279853 -0.10377004
v 0.13627520 -0.05740318 -0.10776999
v 0.00000269 0.14722019 -0.10262819
v 0.12401798 -0.07356726 -0.11241829
v -0.00000210 -0.05337575 -0.14521301
v -0.00000169 -0.03016153 -0.14756396
v 0.00000043 -0.11981951 -0.11966857
v -0.00000184 -0.10365745 -0.13368994
v 0.14213872 -0.28393278 -0.11444961
v 0.13382146 -0.26522833 -0.10549704
v 0.11139086 -0.26685849 -0.11822168
v 0.00000168 -0.24286351 -0.11443279
v 0.00000116 -0.22629932 -0.09881934
v 0.00000148 -0.17880692 -0.09794498
v 0.00000117 -0.15833177 -0.10177365
v 0.11990882 -0.28607136 -0.12713678
v 0.05071218 -0.22818655 -0.10754198
v 0.00000040 0.00260776 -0.14465599
v 0.00000051 0.01254820 -0.13372424
v 0.00000088 0.03103821 -0.13139836
v 0.02520189 -0.22714464 -0.10464358
v 0.18154655 -0.26752257 -0.04254498
v 0.18690178 -0.27181017 -0.01250076
v 0.15276666 -0.26427123 -0.08898583
v 0.16913129 -0.26509511 -0.06848569
v 0.18434271 -0.27756104 0.01836165
v 0.12068734 -0.30886701 0.11500338
v 0.09851912 -0.31569609 0.13373931
v 0.05024085 -0.32559696 0.15857467
v 0.02502753 -0.32813936 0.16361651
v 0.17527549 -0.28534430 0.04687180
v 0.07486163 -0.32149053 0.14872912
v 0.16048878 -0.29356799 0.07198180
v 0.14145721 -0.30144671 0.09438540
v 0.07319696 -0.22959575 -0.10622167
v 0.07935999 -0.24760419 -0.11523096
v 0.00000782 0.14199577 0.03065212
v 0.00000748 0.13399979 0.03015891
v 0.10120238 -0.24799179 -0.10890453
v 0.05897708 -0.00863002 -0.14813174
v 0.03805079 -0.01010978 -0.14886145
v 0.08015735 -0.00475391 -0.14493670
v 0.09616756 0.02037454 -0.14138481
v 0.09836559 0.00244619 -0.14047135
v 0.11623979 0.00952117 -0.13491252
v 0.00000741 0.15066914 0.03262315
v 0.00000508 0.07260425 0.06635080
v 0.00000472 0.05444631 0.07841401
v 0.11385152 0.02707590 -0.13612579
v 0.00000237 -0.03804469 0.14281070
v 0.00000167 -0.06201968 0.14193489
v 0.00000550 0.08958461 0.05436964
v 0.00000086 -0.08191283 0.13165919
v 0.14378370 0.03837388 -0.12050822
v 0.14529093 0.02498415 -0.11907141
v 0.15584293 0.02956538 -0.11301193
v 0.15495284 0.04210746 -0.11496462
v 0.17762902 0.03676746 -0.10507150
v 0.16622198 0.03271251 -0.10908923
v 0.18888286 0.04251856 -0.09958193
v 0.20280463 0.04871127 -0.10034028
v 0.19840787 0.07706544 -0.10522469
v 0.18707539 0.07002435 -0.10602511
v 0.14375392 0.05307460 -0.11972403
v 0.12975098 0.04929993 -0.12781605
v 0.03788484 0.02115168 -0.14172703
v 0.01890677 0.01586192 -0.13750747
v 0.17196369 -0.04452288 0.01034066
v 0.17325659 -0.04848370 -0.01424417
v 0.17247310 -0.04977413 -0.03659931
v 0.16902640 -0.04829638 -0.05587093
v 0.16663706 -0.04444588 -0.07293003
v 0.16116548 -0.03825746 -0.08747914
v 0.16031106 -0.02055649 -0.09606407
v 0.15457807 -0.03021223 -0.09980826
v -0.00000061 -0.46320710 -0.14746585
v 0.15573876 -0.01088883 -0.10462496
v 0.14805193 -0.02050667 -0.10974029
v 0.13581604 0.00341901 -0.12378712
v 0.14142120 -0.00960558 -0.11781575
v 0.13200468 0.01830815 -0.12756519
v 0.12986396 0.03362523 -0.12898900
v 0.11311474 0.04455630 -0.13529707
v 0.09557746 0.03858687 -0.14065348
v 0.07842086 0.06850161 -0.13650015
v 0.07745687 0.05111663 -0.14062630
v 0.07709311 0.03242822 -0.14399756
v 0.07755148 0.01404754 -0.14544420
v 0.07476746 0.15788369 -0.08300801
v 0.05747589 0.15053098 -0.09509616
v 0.25541523 0.05399901 -0.10601319
v 0.26058388 0.06219419 -0.10642757
v -0.00000179 -0.40643245 -0.16872075
v -0.00000054 -0.38242507 -0.16931418
v 0.25101560 0.06273779 -0.10673217
v 0.25006294 0.05663732 -0.10630581
v 0.26188782 0.07215553 -0.10568932
v 0.26012543 0.08496303 -0.10309619
v 0.24861853 0.08366888 -0.10473021
v 0.25023696 0.07141524 -0.10676137
v 0.25568321 0.09879595 -0.09738615
v 0.24378820 0.09647015 -0.10094809
v 0.24826135 0.11049675 -0.09130039
v 0.23828651 0.11840743 -0.08717784
v 0.23430516 0.11379109 -0.09232944
v 0.23875348 0.10705385 -0.09624925
v 0.20507596 0.10986356 -0.09615589
v 0.21609525 0.11247374 -0.09460035
v 0.22674106 0.11353143 -0.09304860
v 0.21700868 0.05579771 -0.10387933
v 0.22899488 0.06376145 -0.10617131
v 0.23948942 0.06925624 -0.10693937
v 0.23697519 0.08122318 -0.10588602
v 0.22622587 0.07545982 -0.10618423
v -0.00000140 -0.42817855 -0.16447484
v 0.21416157 0.06800231 -0.10541174
v 0.05703987 0.01045932 -0.14836669
v 0.03759553 0.00604074 -0.14747538
v 0.00000152 -0.43460202 0.11843491
v 0.00000169 -0.44894019 0.10820435
v 0.17627162 0.04945397 -0.10693193
v 0.00000252 -0.46167284 0.09658816
v 0.00000237 -0.47358543 0.08322559
v 0.16611256 0.04566979 -0.11130949
v 0.18683264 0.05483223 -0.10277427
v 0.20032427 0.06166671 -0.10350673
v 0.17645715 0.06465620 -0.10807520
v 0.16636908 0.06004316 -0.11162084
v 0.15537225 0.05628240 -0.11514159
v 0.05733115 0.02658336 -0.14457838
v 0.01882733 0.00316469 -0.14579731
v 0.00000013 -0.33207080 -0.16013291
v 0.00000164 -0.30708855 -0.15066865
v -0.00000055 -0.35210791 0.15939941
v 0.00000830 0.15633993 0.03428942
v -0.00000230 0.18951471 -0.07136433
v 0.00000816 0.12411290 0.03011536
v 0.00000792 0.11356463 0.03533363
v 0.00000051 -0.50226784 -0.01542994
v 0.00000738 0.10284044 0.04421283
v 0.00000065 -0.50240529 -0.03029666
v 0.00000113 -0.13779464 -0.10957498
v 0.17262292 0.10261389 0.02379027
v 0.17466725 0.12909257 0.00781415
v 0.17833896 0.14544149 -0.01528585
v 0.17808643 0.14766937 -0.04193309
v 0.41666034 -0.00102152 -0.05449274
v 0.01894556 -0.18171579 -0.10458398
v 0.02159320 -0.20359698 -0.10256080
v 0.04452792 -0.20690681 -0.10680400
v 0.01876553 -0.08050591 -0.13935477
v 0.01867057 -0.01050035 -0.14898625
v 0.11617550 -0.01479243 0.13302369
v 0.10260452 -0.01395895 0.13919617
v 0.10270940 0.00003386 0.12729618
v 0.11619692 -0.00095653 0.12062061
v 0.13798396 -0.01862282 0.11508894
v 0.12838358 -0.01658759 0.12447226
v 0.12783335 -0.00284609 0.11229112
v 0.13765863 -0.00554413 0.10327574
v 0.14652342 -0.02249142 0.10503616
v 0.14585087 -0.00912460 0.09382541
v 0.12768960 -0.03205016 0.13339147
v 0.11560506 -0.03068967 0.14167829
v 0.10207203 -0.02963711 0.14764218
v 0.14572674 -0.03623466 0.11355907
v 0.13773856 -0.03369889 0.12370106
v 0.00991583 0.15625547 0.03291928
v 0.01204453 0.11498336 0.03595703
v 0.01099989 0.12488833 0.03096248
v 0.01699014 -0.01511142 0.13689709
v 0.01638360 0.01760256 0.11561777
v 0.01729807 0.02568636 0.10073151
v 0.01766950 0.03949176 0.08842927
v 0.01403488 0.10378496 0.04389691
v 0.01650181 0.00178956 0.12720713
v 0.19212769 -0.46903846 -0.09077997
v 0.17002580 -0.48660433 -0.11170641
v 0.17745303 -0.45897743 -0.11084857
v 0.16035448 -0.47206247 -0.12500086
v 0.19334240 -0.38543677 -0.08446120
v 0.19207639 -0.41307637 -0.09146599
v 0.19385895 -0.35567570 -0.07998669
v 0.13700859 -0.47944230 -0.13874941
v 0.10763365 -0.48169589 -0.14865765
v 0.10465907 -0.46041521 -0.15782802
v 0.17591384 -0.35748604 -0.10835624
v 0.17534675 -0.38612053 -0.11196840
v 0.18739595 -0.43861383 -0.10031947
v 0.17097481 -0.43719220 -0.12029976
v 0.16763897 -0.45294142 -0.12239683
v 0.13308062 -0.46055865 -0.14683679
v 0.15429065 -0.45812485 -0.13346556
v 0.04068474 -0.30942729 -0.15086024
v 0.07399046 -0.31005228 -0.14950004
v 0.06898321 -0.28857562 -0.13921905
v 0.14867105 -0.30508879 -0.12094557
v 0.16303670 -0.28218248 -0.09539717
v 0.15301457 -0.43940151 -0.13677582
v 0.13071762 -0.43833637 -0.15194525
v 0.10182462 -0.43592563 -0.16430406
v 0.10291550 -0.35631585 -0.16071481
v 0.10054123 -0.38160011 -0.16608387
v 0.12788442 -0.38444170 -0.15369676
v 0.13033301 -0.35750645 -0.14849886
v 0.15272504 -0.33042139 -0.12655978
v 0.15436651 -0.35789326 -0.13110258
v 0.10360041 -0.33175096 -0.15320206
v 0.12938336 -0.33117750 -0.14226380
v 0.12565175 -0.30685413 -0.13506334
v 0.15349859 -0.38676074 -0.13517097
v 0.06670457 -0.40752518 -0.17492381
v 0.09941740 -0.40994081 -0.16778818
v 0.03340445 -0.40603819 -0.17328179
v 0.10061647 -0.30860355 -0.14455943
v 0.09607852 -0.28734398 -0.13481922
v 0.08753236 -0.26684108 -0.12537588
v 0.06704082 -0.21022961 -0.10677621
v 0.12742831 -0.70856971 0.06841083
v -0.00042959 -0.52099395 0.01112434
v 0.00054541 -0.51402944 -0.01759166
v 0.20294526 -0.42645532 0.04653374
v 0.21686947 -0.44984001 -0.03939994
v 0.20373864 -0.44322845 -0.07361664
v 0.02566525 -0.51817584 0.08645616
v 0.00738257 -0.52468640 0.06121055
v 0.18318062 -0.43396059 0.07645238
v 0.12140861 -0.48098031 0.11097267
v 0.00018615 -0.52481312 0.03564659
v 0.17366783 -0.41341248 -0.11635746
v 0.15320343 -0.41487950 -0.13687915
v 0.12880690 -0.41266671 -0.15428713
v 0.06820580 -0.43329129 -0.17167601
v 0.03342904 -0.42940030 -0.17108969
v 0.02664887 -0.45583850 0.10307424
v 0.02224370 -0.44638935 0.11009301
v 0.01171298 -0.44769856 0.10904390
v 0.01196734 -0.46059281 0.09834430
v 0.12264103 -0.33254892 0.11473249
v 0.09857435 -0.34016508 0.13239855
v 0.04813665 -0.34939405 0.15485148
v 0.02333746 -0.35112882 0.15892458
v 0.18108290 -0.30599931 0.04687439
v 0.07336052 -0.34585062 0.14625660
v 0.16551434 -0.31518355 0.07217699
v 0.14515100 -0.32419223 0.09509020
v 0.07123039 -1.16902637 -0.07034224
v 0.07418835 -1.19839549 -0.06733514
v 0.07388765 -1.19614744 -0.08355343
v 0.06913420 -1.16665244 -0.08654561
v 0.09086000 -1.16131365 -0.11829554
v 0.07681451 -1.16390979 -0.10906605
v 0.10778546 -1.16071165 -0.12027065
v 0.10451465 -1.19146395 -0.11873475
v 0.11704557 -1.19204187 -0.11270773
v 0.12251078 -1.16196823 -0.11462204
v 0.13043077 -1.16238856 -0.10426322
v 0.13596790 -1.19260097 -0.07158967
v 0.14179808 -1.16342854 -0.07158266
v 0.13622189 -1.16233194 -0.09096948
v 0.13121375 -1.19243300 -0.08990486
v 0.13472928 -1.16817093 -0.05145817
v 0.12828632 -1.19678402 -0.05210371
v 0.11766967 -1.17299008 -0.03972685
v 0.07823473 -1.17222559 -0.05417999
v 0.07910106 -1.20090377 -0.05065188
v 0.08896626 -1.19214582 -0.11606520
v 0.07779600 -1.19440341 -0.10539185
v 0.07028098 -1.16561460 -0.09812515
v 0.07536131 -1.19496250 -0.09474999
v 0.07563046 -1.22633147 -0.07965484
v 0.07125530 -1.22662747 -0.06435655
v 0.08818115 -1.22197640 -0.11549307
v 0.08051217 -1.22370660 -0.10303109
v 0.11364295 -1.22135234 -0.11138061
v 0.10220768 -1.22091234 -0.11949130
v 0.13079271 -1.22161877 -0.08981113
v 0.12451353 -1.19237697 -0.10168302
v 0.12183084 -1.22155499 -0.10015915
v 0.13269566 -1.22101128 -0.07251938
v 0.12627104 -1.22383380 -0.05034427
v 0.07662715 -1.22740614 -0.04564057
v 0.07758764 -1.22530711 -0.09156775
v 0.12856510 -1.31021655 0.10445087
v 0.13284425 -1.31026840 0.10350780
v 0.13449915 -1.31433642 0.10408752
v 0.12793046 -1.31513536 0.10544028
v 0.08664583 -1.30669618 0.11565320
v 0.09475318 -1.30515587 0.11755014
v 0.09669892 -1.31368554 0.11581289
v 0.08548772 -1.31584382 0.11392705
v 0.11984599 -1.31788039 0.11040371
v 0.11511805 -1.31777787 0.11095491
v 0.11427163 -1.31423032 0.11461158
v 0.12149691 -1.31423247 0.11356762
v 0.15928946 -1.31486166 0.07107413
v 0.15512687 -1.31517839 0.07262333
v 0.15526292 -1.31081045 0.07505226
v 0.16013500 -1.31160188 0.07241189
v 0.14591208 -1.31832755 0.08833937
v 0.14217563 -1.31875813 0.08984964
v 0.14185134 -1.31467271 0.09273017
v 0.14774527 -1.31507468 0.09028642
v 0.09743548 -1.30067325 0.09430616
v 0.09709751 -1.30190039 0.10812566
v 0.08516861 -1.30449438 0.10597862
v 0.08330146 -1.29965413 0.09183604
v 0.07841709 -1.31290495 0.10233830
v 0.08539829 -1.31815064 0.09984597
v 0.08369140 -1.31856620 0.08573223
v 0.07682234 -1.31041098 0.08682048
v 0.09760063 -1.31846559 0.10202297
v 0.09719123 -1.31802893 0.08915929
v 0.10420062 -1.30971670 0.09331667
v 0.10593238 -1.31028712 0.10722553
v 0.12304813 -1.30947495 0.09402452
v 0.12581360 -1.31183255 0.10557052
v 0.12005622 -1.30622530 0.10689846
v 0.11783390 -1.30209982 0.09493780
v 0.11231039 -1.30640411 0.10821232
v 0.10733710 -1.30268896 0.09680780
v 0.10399173 -1.31196010 0.09588592
v 0.10660641 -1.31297314 0.10860502
v 0.11176275 -1.31810689 0.10474397
v 0.10869287 -1.31731606 0.09228168
v 0.11779001 -1.31637847 0.09165426
v 0.12067778 -1.31790197 0.10332771
v 0.12668620 -1.30869210 0.09884457
v 0.12451653 -1.30393732 0.08981148
v 0.13458562 -1.30289197 0.08753411
v 0.13397388 -1.30813515 0.09781068
v 0.12642357 -1.31721556 0.08711899
v 0.12134312 -1.31285012 0.08982723
v 0.12270261 -1.31534731 0.09909903
v 0.12792929 -1.31881762 0.09713469
v 0.13520275 -1.31873226 0.09633004
v 0.13574511 -1.31624091 0.08577732
v 0.13956267 -1.30947697 0.08726344
v 0.13906042 -1.31322658 0.09738721
v 0.14830959 -1.30823779 0.08464356
v 0.15006998 -1.30269897 0.07488461
v 0.15374078 -1.30944586 0.07380462
v 0.15085998 -1.31417990 0.08333441
v 0.14226067 -1.30329704 0.07850153
v 0.14288177 -1.30723345 0.08646318
v 0.14207986 -1.31628335 0.07675260
v 0.13934782 -1.30941939 0.08032572
v 0.13835172 -1.31180966 0.08707764
v 0.14093727 -1.31831145 0.08457710
v 0.14785327 -1.31870937 0.08287925
v 0.15007773 -1.31626487 0.07318756
v 0.16436839 -1.30989158 0.06540530
v 0.16270958 -1.30428445 0.06701419
v 0.16318552 -1.30222344 0.05837316
v 0.16488394 -1.30892229 0.05542526
v 0.15656231 -1.30183876 0.06320908
v 0.15612544 -1.30444539 0.06958291
v 0.15481712 -1.31452298 0.06139893
v 0.15476635 -1.30735219 0.06454877
v 0.15279210 -1.30911827 0.06969851
v 0.15394454 -1.31534016 0.06765620
v 0.16026196 -1.31578135 0.06551378
v 0.16091974 -1.31417918 0.05699413
v 0.08282657 -1.29621816 0.07788197
v 0.10091223 -1.29942846 0.08080300
v 0.08791869 -1.31794786 0.10906869
v 0.07641512 -1.30902255 0.07263953
v 0.09463632 -1.31787789 0.11014050
v 0.10052731 -1.31755233 0.07694738
v 0.08386690 -1.31751084 0.07153938
v 0.10307653 -1.30980051 0.08702792
v 0.11955737 -1.30925977 0.11304656
v 0.12033700 -1.31017315 0.08486226
v 0.12010167 -1.31717527 0.07554585
v 0.11529037 -1.30911243 0.11355566
v 0.11914226 -1.29911399 0.07909401
v 0.13681050 -1.29970872 0.07046515
v 0.12994812 -1.31826854 0.10273589
v 0.13385114 -1.31791365 0.10234410
v 0.13858381 -1.31679022 0.06896974
v 0.13959004 -1.30832505 0.07822181
v 0.14713986 -1.31076884 0.08999551
v 0.15445405 -1.30762208 0.06456460
v 0.15256816 -1.31609809 0.05802146
v 0.14356773 -1.31030548 0.09102426
v 0.15273000 -1.29877973 0.05911400
v 0.15918872 -1.30811012 0.07149263
v 0.16140513 -1.31584585 0.04639011
v 0.16667572 -1.30824804 0.04331957
v 0.15648353 -1.30738556 0.07341623
v 0.16394794 -1.29947007 0.04794574
v 0.08826651 -1.17517400 -0.04283600
v 0.08838378 -1.20222163 -0.03971405
v 0.10139160 -1.17643809 -0.03810583
v 0.11378968 -1.20066202 -0.04006425
v 0.09991118 -1.20352483 -0.03662658
v 0.08662631 -1.22692049 -0.03228969
v 0.11269214 -1.22752142 -0.03577939
v 0.10060858 -1.22763968 -0.03017071
v 0.13284604 -1.24323058 -0.09227054
v 0.13715522 -1.24419188 -0.07434586
v 0.12329821 -1.24293923 -0.10372160
v 0.10038687 -1.24382627 -0.12265605
v 0.11395591 -1.24327493 -0.11534970
v 0.08523502 -1.24656892 -0.02244440
v 0.07453905 -1.24875653 -0.03900431
v 0.10164060 -1.24520874 -0.01775533
v 0.11556026 -1.24613369 -0.02528265
v 0.07832372 -1.29133999 0.06174565
v 0.07796994 -1.28974712 0.04135682
v 0.09304742 -1.27991080 0.04445178
v 0.09716019 -1.28878856 0.06325508
v 0.11181708 -1.27941263 0.04121544
v 0.11520537 -1.29027951 0.06014314
v 0.12837422 -1.28312933 0.03346188
v 0.13223927 -1.29184699 0.05258937
v 0.14387599 -1.28669310 0.02430001
v 0.14844684 -1.29321110 0.04274160
v 0.15706511 -1.29362929 0.01447914
v 0.16193461 -1.29674602 0.03322070
v 0.16439280 -1.30401576 0.00910757
v 0.16815174 -1.30673313 0.02816358
v 0.07205977 -1.30751657 0.05625255
v 0.07377014 -1.30527020 0.03585096
v 0.08230304 -1.31922472 0.05332635
v 0.08355889 -1.31847572 0.03314339
v 0.09958813 -1.31943250 0.05250728
v 0.09969461 -1.31932187 0.03152012
v 0.16050301 -1.31625986 0.01075449
v 0.16229226 -1.31774414 0.03057201
v 0.11833591 -1.31849539 0.04846220
v 0.11776922 -1.31785274 0.02718697
v 0.13557588 -1.31963801 0.04254445
v 0.13459934 -1.31885421 0.02121330
v 0.15023087 -1.31994045 0.03607995
v 0.14899032 -1.31944335 0.01512991
v 0.08824391 -1.27255118 0.02178923
v 0.10809946 -1.26718128 0.02063954
v 0.00000214 0.15956144 -0.09575119
v 0.00000302 0.09089569 -0.12005644
v 0.12403689 -1.27164471 0.01182694
v 0.13824554 -1.27897024 0.00139681
v 0.15054098 -1.28906441 -0.00818024
v 0.15866813 -1.30014336 -0.01291146
v 0.13650578 -1.26773286 -0.02654687
v 0.14525440 -1.28603852 -0.03415770
v 0.15134013 -1.29866350 -0.03596779
v 0.14159901 -1.28346825 -0.06018355
v 0.14532281 -1.29702210 -0.05996243
v -0.00000084 -0.44675612 -0.15754423
v 0.00000148 0.04840068 -0.12829231
v 0.13246325 -1.28278112 -0.10234172
v 0.00000013 -0.35729682 -0.16625063
v 0.00000437 0.03369389 0.08852484
v 0.00000494 0.02100595 0.10137460
v 0.00000481 0.01613102 0.11787187
v 0.00000489 -0.00029473 0.12855789
v -0.00000188 -0.26649374 0.15986565
v -0.00000202 -0.25389180 0.15575925
v 0.00000151 -0.20075779 -0.09558605
v -0.00000158 -0.30803856 0.16499157
v -0.00000195 -0.23735055 0.15710625
v -0.00000253 -0.07890341 -0.14097753
v 0.00000328 -0.01814003 0.13766167
v -0.00000158 -0.32969716 0.16441566
v -0.00000086 -0.01020545 -0.14921606
v -0.00000191 -0.21252424 0.15857539
v 0.00000143 -0.41722259 0.12922733
v 0.00000087 -0.14190441 0.14542113
v -0.02048030 0.15812333 0.02950590
v -0.03194601 0.16156653 0.02391125
v -0.03294615 0.15425526 0.02280402
v -0.02114953 0.15141143 0.02831540
v -0.05707403 0.17254919 -0.02770903
v -0.05420235 0.18011017 -0.02506251
v -0.05102694 0.18364993 -0.03841245
v -0.05513845 0.17668886 -0.04267780
v -0.04457320 0.18617561 -0.05007080
v -0.04907247 0.17832693 -0.05565727
v -0.03871934 0.17867495 -0.06533492
v -0.03523976 0.18778573 -0.05909530
v -0.02383636 0.18983074 -0.06583346
v -0.02572376 0.17972925 -0.07206130
v -0.04294357 0.16634656 0.01543740
v -0.05097009 0.17131047 0.00406180
v -0.05289320 0.16369572 0.00108610
v -0.04437462 0.15833490 0.01341250
v -0.05497766 0.17580287 -0.01014005
v -0.05662540 0.16815493 -0.01303995
v -0.01303631 0.18011625 -0.07632700
v -0.01189008 0.18989918 -0.06973799
v -0.02287716 0.13549459 0.02783932
v -0.01088038 0.13374273 0.02989844
v -0.01076030 0.14201201 0.02983369
v -0.02239274 0.14326067 0.02734623
v -0.05336797 0.13516000 0.01050925
v -0.06842444 0.14287104 -0.00072243
v -0.07585371 0.13720888 0.00173108
v -0.05942997 0.12817131 0.01429385
v -0.07027157 0.10685460 0.03352949
v -0.09412725 0.11789901 0.01807913
v -0.09149177 0.09641506 0.03981025
v -0.07227086 0.08898094 0.04719235
v -0.08996622 0.07797409 0.05813950
v -0.07282989 0.07176593 0.06254586
v -0.08755730 0.02778723 0.10392097
v -0.07043061 0.02631430 0.10832226
v -0.07099614 0.04159062 0.09376619
v -0.08791303 0.04334623 0.08901750
v -0.10598738 -0.06928177 0.14178878
v -0.09112455 -0.06358921 0.14880472
v -0.09983876 -0.04690125 0.15044467
v -0.11290255 -0.04951426 0.14471047
v -0.15010163 0.05171290 0.05307015
v -0.15090597 0.07091806 0.04295789
v -0.16161707 0.05888584 0.04216179
v -0.15934774 0.03971532 0.04961003
v -0.11054371 0.15299889 -0.03305408
v -0.10487191 0.13955759 -0.00827919
v -0.09437087 0.14136997 -0.01269130
v -0.10014322 0.15381949 -0.03506966
v -0.15992789 -0.03977233 0.08404819
v -0.15642664 -0.05239252 0.09391141
v -0.15219590 -0.04138624 0.10359123
v -0.15395179 -0.02916751 0.09480763
v -0.12418883 -0.13989411 0.07490373
v -0.10913507 -0.14031589 0.09416614
v -0.10716245 -0.12120854 0.09165955
v -0.12147988 -0.12081635 0.07380426
v -0.15310122 -0.10614745 0.00337537
v -0.15218110 -0.10728986 -0.02463687
v -0.15259603 -0.12066812 -0.02713452
v -0.15366212 -0.11953154 0.00095032
v -0.11635055 0.02739949 0.09173044
v -0.10291628 0.02810550 0.09822065
v -0.10353159 0.04407762 0.08380306
v -0.11749268 0.04426251 0.07813583
v -0.33595228 0.07329763 -0.00468293
v -0.33821326 0.05420411 -0.00340531
v -0.31372902 0.05879918 -0.00096227
v -0.31129822 0.07802940 -0.00236766
v -0.16451208 -0.20989603 0.01327257
v -0.16382194 -0.20621470 -0.01537727
v -0.16498885 -0.22407728 -0.01233494
v -0.16492769 -0.22806643 0.01564642
v -0.18760630 0.12243529 0.00888938
v -0.18870927 0.14128098 -0.01265177
v -0.19999871 0.13697562 -0.01181812
v -0.20128778 0.11737075 0.00812505
v -0.14564186 0.01922856 0.07113345
v -0.14791490 0.03494917 0.06236278
v -0.15594971 0.02453065 0.05665051
v -0.15320434 0.01129755 0.06402729
v -0.16580866 -0.08074719 -0.02895176
v -0.16809379 -0.07953189 -0.00287094
v -0.17160277 -0.06292855 -0.00886763
v -0.16999187 -0.06402294 -0.03267423
v -0.16223614 -0.09451808 0.00163016
v -0.15989682 -0.09585461 -0.02593053
v -0.13749784 0.02355458 0.07771377
v -0.12781484 0.02582829 0.08482169
v -0.12922826 0.04391430 0.07228470
v -0.13898268 0.04223865 0.06684695
v -0.09839189 -0.08609016 0.13040218
v -0.08113175 -0.07904872 0.14018641
v -0.15818492 -0.23290105 0.04298425
v -0.14649417 -0.23771696 0.06733470
v -0.14670758 -0.21903968 0.06569289
v -0.15845355 -0.21447833 0.04120112
v -0.08827621 -0.10530887 0.10218355
v -0.09124061 -0.09644994 0.11353864
v -0.10747630 -0.09879325 0.10310633
v -0.10322857 -0.10685083 0.08946604
v -0.13116917 -0.24190803 0.08884344
v -0.11316498 -0.24678490 0.10927937
v -0.11247811 -0.22674522 0.10622106
v -0.13059281 -0.22313128 0.08679727
v -0.08862431 0.06029126 0.07422210
v -0.07200414 0.05666740 0.07891915
v -0.13196409 -0.07081062 0.12288626
v -0.11980898 -0.07124843 0.13295862
v -0.12560695 -0.05086552 0.13632709
v -0.13623218 -0.05121369 0.12648553
v -0.16754933 0.02461576 0.04258239
v -0.17536008 0.04282142 0.03553972
v -0.18066533 0.01964452 0.02370409
v -0.17110965 0.00900901 0.03031543
v -0.16685420 -0.23954391 -0.01118610
v -0.16673701 -0.24401893 0.01649368
v -0.13384119 -0.26049027 0.09119142
v -0.11519801 -0.26616538 0.11213610
v -0.19632339 0.00093374 -0.03511328
v -0.20516241 0.00860823 -0.03964768
v -0.20656930 0.00525363 -0.05303393
v -0.19830850 -0.00139860 -0.05002026
v -0.05659120 -0.04410749 0.15165937
v -0.07302783 -0.03537242 0.15278463
v -0.07921049 -0.05212691 0.15316892
v -0.06537938 -0.06508650 0.14851290
v -0.12759286 -0.08791391 0.11012277
v -0.12218206 -0.09860727 0.09248789
v -0.11391722 -0.08862839 0.12032681
v -0.03949657 -0.05340964 0.14639498
v -0.04923382 -0.07836930 0.13518988
v -0.05417696 0.05163347 0.08231071
v -0.05309273 0.03839584 0.09739567
v -0.05413127 0.06657151 0.06756197
v -0.03542216 0.06175597 0.07243036
v -0.03385336 0.07798906 0.05949084
v -0.05271354 0.08263073 0.05421928
v -0.03152410 0.09469897 0.04906640
v -0.04997203 0.09964108 0.04274834
v -0.03735889 0.12993495 0.02056539
v -0.04123805 0.12168574 0.02476745
v -0.16250290 0.01185630 0.04872432
v -0.15965581 0.00025023 0.05508659
v -0.14917587 -0.25513306 0.06867911
v -0.11794173 0.07933974 -0.12665662
v -0.11492368 0.06202766 -0.13206142
v -0.13151066 0.06576309 -0.12416514
v -0.13397212 0.08277415 -0.11840441
v -0.11972229 0.15448722 -0.03190500
v -0.11718453 0.14189532 -0.00625269
v -0.17149539 0.00230082 -0.09530580
v -0.18261214 0.00695897 -0.09175856
v -0.18225697 0.01513446 -0.09640919
v -0.16980661 0.01157350 -0.10062827
v -0.20877264 0.01416038 -0.08107058
v -0.20824465 0.00789540 -0.07393710
v -0.22661251 0.01479966 -0.07809944
v -0.22625957 0.02154228 -0.08591961
v -0.15822327 -0.22034824 -0.03852487
v -0.15604627 -0.20277281 -0.04254501
v -0.12636757 -0.09734351 -0.09584876
v -0.13738982 -0.10366062 -0.07372706
v -0.14776778 -0.08937270 -0.07487199
v -0.13787526 -0.08131058 -0.09515908
v -0.01842976 0.05037336 -0.13198145
v -0.01830414 0.03371392 -0.13478430
v -0.03777236 0.03869534 -0.13878997
v -0.03774678 0.05490207 -0.13556015
v -0.08035961 0.08473425 -0.13161370
v -0.08163313 0.09993713 -0.12578388
v -0.05845183 0.09170368 -0.12785746
v -0.05798923 0.07719136 -0.13290647
v -0.09898838 0.07424395 -0.13294968
v -0.09643350 0.05693915 -0.13764411
v -0.16726041 -0.06212216 -0.05404285
v -0.16117261 -0.07861967 -0.05281634
v -0.17810993 -0.02857800 -0.04221110
v -0.17667387 -0.02772867 -0.05900604
v -0.17376925 -0.03678274 -0.05793454
v -0.17579387 -0.03746647 -0.03975028
v -0.09014975 0.15743114 -0.03667429
v -0.08800661 0.16307965 -0.06077460
v -0.09931124 0.16001332 -0.05910163
v -0.05217756 0.13948064 -0.10470171
v -0.05290418 0.13364170 -0.10835720
v -0.06610468 0.13969029 -0.10325865
v -0.06285223 0.14450268 -0.09975564
v -0.04014371 -0.03188363 -0.14671500
v -0.01936774 -0.03143812 -0.14695878
v -0.01955945 -0.05522282 -0.14408834
v -0.04138260 -0.05680447 -0.14300264
v -0.18463649 -0.00595526 -0.08027896
v -0.17589977 -0.01240385 -0.08204571
v -0.17833045 -0.01746063 -0.07237602
v -0.18583357 -0.01078991 -0.07201150
v -0.17018877 -0.03343349 -0.07274511
v -0.17366487 -0.02462927 -0.07255736
v -0.17017785 -0.01938215 -0.08358957
v -0.16541280 -0.02785924 -0.08534743
v -0.14729163 -0.06541978 -0.09185154
v -0.15513325 -0.07292701 -0.07372108
v -0.16231018 -0.05728346 -0.07282712
v -0.15578926 -0.05075801 -0.08968171
v -0.01771814 -0.12324531 -0.12348504
v -0.03598939 -0.12546761 -0.12455432
v -0.03692874 -0.10483243 -0.13021736
v -0.01805365 -0.10415161 -0.13241127
v -0.21893151 0.02944900 -0.01634264
v -0.21930946 0.03835315 -0.00081700
v -0.23272325 0.03851403 -0.00449012
v -0.23536877 0.02847261 -0.02057594
v -0.24115659 0.05924622 -0.10629712
v -0.23093215 0.05357264 -0.10479181
v -0.23270899 0.04561730 -0.10280332
v -0.24264106 0.05202297 -0.10523868
v -0.25903353 0.01589055 -0.03819744
v -0.25405425 0.02485339 -0.02333702
v -0.27559882 0.02034607 -0.02585947
v -0.27976781 0.01183565 -0.04170252
v -0.13173752 0.15373495 -0.06181563
v -0.12985106 0.15466043 -0.03190602
v -0.12235953 0.15626608 -0.06064712
v -0.26146525 0.00897249 -0.06592695
v -0.26026550 0.01226745 -0.07876915
v -0.24290390 0.01203941 -0.07311045
v -0.24360515 0.01055990 -0.06080644
v -0.30942136 0.09633071 -0.01221432
v -0.33387551 0.09141102 -0.01441669
v -0.30400902 0.00521879 -0.05951241
v -0.30461562 0.00806140 -0.07435948
v -0.28277516 0.00758327 -0.07058670
v -0.28280988 0.00649179 -0.05650270
v -0.11701564 -0.11116145 -0.09424461
v -0.13180980 -0.11682393 -0.07509070
v -0.12947637 -0.21525413 -0.08036683
v -0.14599200 -0.21739581 -0.06156328
v -0.14191280 -0.19923200 -0.06615968
v -0.12454317 -0.19673333 -0.08463985
v -0.15967907 -0.23616733 -0.03684919
v -0.13168073 -0.23235925 -0.07734812
v -0.14750905 -0.23370993 -0.05900643
v -0.06965356 0.16769192 -0.05552431
v -0.05866584 0.16718563 -0.07198852
v -0.06690188 0.16296262 -0.07652190
v -0.07808734 0.16609332 -0.05867798
v -0.20562997 -0.35474926 -0.04672340
v -0.20595877 -0.38518813 -0.05244706
v -0.21059659 -0.38660300 -0.01698701
v -0.20858718 -0.35806829 -0.01222951
v -0.03453944 0.15231825 -0.09724573
v -0.05148073 0.15692855 -0.08909720
v -0.04421006 0.16379413 -0.08297563
v -0.03098237 0.16046432 -0.09118792
v -0.20635739 -0.33148512 -0.01153258
v -0.20336124 -0.32547331 -0.04431199
v -0.08100265 0.16027600 -0.03632645
v -0.07198324 0.16252449 -0.03481328
v -0.07880836 0.15080541 -0.01712559
v -0.06929277 0.15567109 -0.01694520
v -0.06090839 0.14894021 -0.00207091
v -0.20719284 -0.39271006 0.01588966
v -0.20372002 -0.36604035 0.01778903
v -0.05555426 0.17227389 -0.06219815
v -0.04381907 0.17156871 -0.07293333
v -0.02906584 0.17028676 -0.08164123
v -0.01370020 0.16929726 -0.08635044
v -0.16925624 -0.25152254 -0.03943408
v -0.17564617 -0.25542265 -0.01192961
v -0.14093511 -0.49634594 -0.12797889
v -0.10974517 -0.49949217 -0.13740221
v -0.10707927 -0.51434791 -0.12432297
v -0.14483616 -0.51235396 -0.11595063
v -0.03057468 -0.48883638 -0.14242388
v -0.02546324 -0.50464898 -0.12230258
v -0.06615038 -0.51143801 -0.12569290
v -0.07280347 -0.49671984 -0.14192745
v -0.07224088 -0.35589775 -0.16742286
v -0.07427584 -0.33237383 -0.15925986
v -0.03983777 -0.33264554 -0.16029277
v -0.03808217 -0.35622665 -0.16751432
v -0.14125012 -0.24766602 -0.08242731
v -0.15717871 -0.24913251 -0.06304372
v -0.17449045 -0.26011115 0.01747119
v -0.21600655 -0.52959526 -0.01979806
v -0.20694053 -0.56614459 -0.02344784
v -0.20097733 -0.57018846 0.01895680
v -0.20779561 -0.53310937 0.02621089
v -0.16873935 -0.56243390 -0.09043286
v -0.17676556 -0.53228927 -0.09293006
v -0.14000534 -0.53399694 -0.11049722
v -0.13176005 -0.56093448 -0.10679853
v -0.09451132 -0.27137038 0.13044116
v -0.11778599 -0.28665116 0.11378654
v -0.09662828 -0.29263261 0.13256219
v -0.02767161 -0.28317264 0.16033904
v -0.05207431 -0.27969092 0.15390088
v -0.05115117 -0.30199242 0.15785429
v -0.02624804 -0.30545509 0.16367488
v -0.03222324 -0.41838887 0.12699173
v -0.01452160 -0.41672015 0.12910025
v -0.01759698 -0.39663255 0.14008197
v -0.03883314 -0.39696869 0.13776606
v -0.19140986 -0.37415347 0.04679666
v -0.17333107 -0.38186601 0.07219269
v -0.17106004 -0.35981113 0.07201328
v -0.18851611 -0.35079488 0.04661099
v -0.02082046 -0.51484686 -0.09797785
v -0.05786861 -0.52280402 -0.10536698
v -0.18172817 -0.57364416 0.06075967
v -0.18543483 -0.53542739 0.06712455
v -0.14986844 -0.57929158 0.09166058
v -0.11220050 -0.58042848 0.10534362
v -0.11625745 -0.54626089 0.10945746
v -0.15442622 -0.54147875 0.09526607
v -0.03012435 -0.48384506 0.08516477
v -0.01084858 -0.49968329 0.06065590
v -0.01174714 -0.48995411 0.06229672
v -0.02766295 -0.47210097 0.08802776
v -0.03340800 -0.47095764 -0.15615796
v -0.07152924 -0.47829244 -0.15479775
v -0.07030427 -0.45728335 -0.16440462
v -0.03401773 -0.45142770 -0.16524692
v -0.11353502 -0.23143716 -0.09124444
v -0.12221147 -0.24758647 -0.09796780
v -0.09397753 -0.23067138 -0.10083374
v -0.11039005 -0.21356779 -0.09419023
v -0.08962910 -0.21184486 -0.10277455
v -0.08205336 -0.09634637 -0.12398802
v -0.10038829 -0.10494043 -0.11070697
v -0.11073842 -0.08968496 -0.11433623
v -0.09259960 -0.07793730 -0.12841219
v -0.05768526 0.04501572 -0.14107539
v -0.05785770 0.06172592 -0.13745232
v -0.08858245 -0.55230623 -0.11079270
v -0.04287069 -0.53504920 -0.09471978
v -0.05193489 -0.57600278 -0.09847420
v -0.09199720 -0.58358866 -0.10648015
v -0.18616378 -0.59537286 -0.06267966
v -0.19590063 -0.56286675 -0.06194798
v -0.16079600 -0.59276074 -0.08825549
v -0.19793338 -0.60046107 -0.02630902
v -0.19307707 -0.60523295 0.01610574
v -0.14475289 -0.61425102 0.08717208
v -0.10763517 -0.61467749 0.09909706
v -0.01696057 -0.57694805 0.06541739
v -0.04082276 -0.57989019 0.08752728
v -0.03722304 -0.60674530 0.07720244
v -0.01603836 -0.60150999 0.05365802
v -0.07962692 -0.42640948 0.11535823
v -0.11930738 -0.40802771 0.10647303
v -0.11998685 -0.42923564 0.10583577
v -0.08617572 -0.44655183 0.10936624
v -0.03254339 -0.26283824 0.15614757
v -0.05216603 -0.25879917 0.15072581
v -0.07318264 -0.27592969 0.14454991
v -0.07208480 -0.25505573 0.14196298
v -0.09309541 -0.25119624 0.12787162
v -0.05029861 -0.16226889 0.14445050
v -0.07306419 -0.16183856 0.13298690
v -0.07190710 -0.18544266 0.13699941
v -0.04937373 -0.18676311 0.14867212
v -0.05143032 -0.13725214 0.13898298
v -0.07437395 -0.13779527 0.12825710
v -0.04908801 -0.09474766 0.11980189
v -0.07176939 -0.09044960 0.12441038
v -0.07043204 -0.10079435 0.11279481
v -0.03583917 0.04641677 0.08599299
v -0.03524648 0.03326928 0.09980825
v -0.19669375 -0.39863393 0.04640983
v -0.01131641 -0.54308313 -0.06493353
v -0.00102570 -0.55351895 -0.03098922
v -0.00392550 -0.58065122 -0.04339840
v -0.02038948 -0.57522559 -0.07578886
v -0.20097250 -0.34102064 0.01892134
v -0.16042942 -0.24962576 0.04392547
v -0.16707061 -0.26644018 0.04555722
v -0.14659430 -0.11725036 0.02900317
v -0.14662941 -0.10172785 0.03722783
v -0.08739538 -0.03006467 0.15070289
v -0.08884783 -0.04268400 0.15279233
v -0.20513341 -0.52854669 -0.06110173
v -0.13353801 -0.67856818 0.07528995
v -0.09804007 -0.67915303 0.08319990
v -0.10357378 -0.64739841 0.09138002
v -0.13878898 -0.64737207 0.08129046
v -0.00702622 -0.62387431 0.01107979
v -0.01655374 -0.62925571 0.04092460
v -0.01820164 -0.65938783 0.02877676
v -0.01068209 -0.65445828 -0.00093446
v -0.01426888 -0.68554044 -0.01121940
v -0.01977545 -0.69145435 0.01928250
v -0.02066455 -0.72114450 0.00613817
v -0.01682666 -0.71568006 -0.02182553
v -0.17386791 -0.61101013 0.05739383
v -0.17595786 -0.67053008 0.01449494
v -0.16095123 -0.67582941 0.04984007
v -0.16662708 -0.64441586 0.05363762
v -0.18311003 -0.63855404 0.01586528
v -0.12917438 -0.59001958 -0.10235093
v -0.00409555 -0.59579635 0.02432232
v -0.00314253 -0.57278436 0.03737406
v -0.02059474 -0.64754194 -0.05943149
v -0.03841558 -0.64584810 -0.08438116
v -0.02987905 -0.61187851 -0.08072062
v -0.01200988 -0.61397922 -0.05232783
v -0.15736704 -0.65202695 -0.08280503
v -0.17652397 -0.65733844 -0.05692704
v -0.18074703 -0.62652642 -0.05886220
v -0.15898250 -0.62245858 -0.08446839
v -0.18234698 -0.66363329 -0.02350281
v -0.18912204 -0.63221002 -0.02377287
v -0.16502957 -0.73132002 0.01184716
v -0.14842497 -0.73596638 0.04203781
v -0.15507925 -0.70650578 0.04617406
v -0.17012084 -0.70164245 0.01315350
v -0.17334241 -0.72417986 -0.02398685
v -0.17772488 -0.69409233 -0.02397905
v -0.17355992 -0.68710887 -0.05605640
v -0.17000711 -0.71672946 -0.05473620
v -0.15419944 -0.71057159 -0.07912679
v -0.15622786 -0.68133199 -0.08149201
v -0.13144897 -0.67801219 -0.09803651
v -0.13198487 -0.70654786 -0.09553020
v -0.10245055 -0.67590439 -0.10411642
v -0.07189398 -0.67553282 -0.10038657
v -0.07744624 -0.70398635 -0.09991921
v -0.10597545 -0.70434999 -0.10151666
v -0.03244611 -0.70795691 -0.07257492
v -0.05195748 -0.70550084 -0.09087661
v -0.04522968 -0.67676663 -0.08795001
v -0.02697840 -0.67890620 -0.06595790
v -0.05422324 -0.81904054 -0.09391611
v -0.07706624 -0.81659180 -0.09524382
v -0.06974360 -0.78803867 -0.09691510
v -0.04710440 -0.79040629 -0.09124917
v -0.09750310 -0.81407070 -0.09894603
v -0.11954606 -0.81406087 -0.09948372
v -0.11406215 -0.78632396 -0.09649902
v -0.09265464 -0.78689808 -0.09586573
v -0.14805210 -0.79214507 -0.07104725
v -0.13405488 -0.78775984 -0.08903909
v -0.13838528 -0.81550068 -0.09018175
v -0.14985098 -0.81965959 -0.07119428
v -0.16139847 -0.82541901 -0.04900977
v -0.16193084 -0.79853606 -0.04925163
v -0.16025525 -0.83136284 -0.02471300
v -0.16419277 -0.80582279 -0.02283382
v -0.14834426 -0.81127155 0.00254054
v -0.14266828 -0.83543575 -0.00124888
v -0.02586316 -0.83291799 -0.03891446
v -0.02574531 -0.82678509 -0.06273707
v -0.02017597 -0.79840326 -0.05420117
v -0.02282457 -0.80501682 -0.03082080
v -0.05316535 -0.81404787 0.01336574
v -0.07397316 -0.81562561 0.03418261
v -0.07239041 -0.84110421 0.02184781
v -0.05430240 -0.84063309 -0.00056852
v -0.16916515 -0.75207084 -0.02382294
v -0.16039310 -0.75995231 0.01069058
v -0.15145668 -0.73864079 -0.07595359
v -0.16617374 -0.74481583 -0.05286445
v -0.03730948 -0.73556679 -0.07908767
v -0.05814781 -0.73301113 -0.09319675
v -0.02091802 -0.74967706 -0.00691948
v -0.01772434 -0.74388850 -0.03309664
v -0.11292256 -0.76419717 0.05368660
v -0.14186415 -0.76372969 0.03820607
v -0.13388737 -0.78996247 0.03365785
v -0.10673865 -0.79103017 0.04813035
v -0.16566743 -0.77952188 -0.02327356
v -0.16308863 -0.77178496 -0.05076870
v -0.14915031 -0.76535630 -0.07298036
v -0.13238616 -0.76126975 -0.08972564
v -0.11136197 -0.75954139 -0.09613488
v -0.08789136 -0.75927943 -0.09621538
v -0.06364758 -0.76020765 -0.09539855
v -0.04210621 -0.76254302 -0.08559252
v -0.01884983 -0.77126497 -0.04413055
v -0.02217865 -0.77766293 -0.01965782
v -0.10149303 -0.81698710 0.04082100
v -0.12735157 -0.81446528 0.02503024
v -0.12656447 -0.83792502 0.01856745
v -0.09785430 -0.83989978 0.02867159
v -0.09633897 -0.86332333 0.01835641
v -0.07247336 -0.86462593 0.01181440
v -0.10382887 -0.84352672 -0.10142720
v -0.12273981 -0.84274185 -0.09986123
v -0.14050445 -0.84408641 -0.09078935
v -0.16280364 -0.85176194 -0.05139022
v -0.15599686 -0.85818630 -0.02453525
v -0.13976102 -0.86273253 -0.00154779
v -0.12215062 -0.86129934 0.01367729
v -0.04045535 -0.88244861 -0.06841939
v -0.03418117 -0.85341758 -0.06486028
v -0.03244715 -0.85744494 -0.04423400
v -0.03907434 -0.88655847 -0.04742118
v -0.06492861 -0.87755489 -0.09911428
v -0.08552257 -0.87481332 -0.10857908
v -0.08310881 -0.84526169 -0.09375993
v -0.06388208 -0.84903568 -0.09005744
v -0.10763829 -0.87293243 -0.11228397
v -0.12928075 -0.87223268 -0.10767528
v -0.14802556 -0.87229353 -0.09743652
v -0.15503693 -0.84632903 -0.07441637
v -0.16144070 -0.87488681 -0.07868253
v -0.16290021 -0.88026571 -0.05256617
v -0.15386951 -0.88696235 -0.02045879
v -0.13260019 -0.92426109 -0.00252113
v -0.12903835 -0.89165246 -0.00141909
v -0.15624151 -0.91876036 -0.02082245
v -0.10575853 -1.02911580 -0.01974649
v -0.13317092 -1.02485991 -0.01957319
v -0.13020128 -1.06095350 -0.02606945
v -0.10617198 -1.06547320 -0.02569242
v -0.04243674 -0.91742975 -0.05156614
v -0.04260465 -0.91537249 -0.07621534
v -0.06573545 -0.91068959 -0.11026064
v -0.08813815 -0.90717518 -0.12040234
v -0.17041740 -0.94364369 -0.05842160
v -0.16666585 -0.91127074 -0.05242427
v -0.16564293 -0.90581846 -0.08128551
v -0.16822496 -0.93885803 -0.08696162
v -0.04555226 -1.02021980 -0.06721523
v -0.04573021 -1.01910901 -0.08987783
v -0.04327954 -0.98380035 -0.08763963
v -0.04349314 -0.98524559 -0.06288566
v -0.06474648 -0.94574654 -0.11724243
v -0.06528803 -0.98064065 -0.12164357
v -0.08519246 -0.97753555 -0.13272378
v -0.08644447 -0.94208241 -0.12842982
v -0.16727476 -1.01554048 -0.06597843
v -0.17061967 -0.97826362 -0.06291453
v -0.16896842 -0.97480696 -0.09077130
v -0.16599488 -1.01301086 -0.09306486
v -0.15959114 -0.95023310 -0.02701494
v -0.15974088 -0.98310989 -0.03349047
v -0.13585724 -0.98972052 -0.01381847
v -0.13425748 -0.95635200 -0.00725318
v -0.10590218 -0.99286121 -0.01305871
v -0.10271171 -0.95897299 -0.00670063
v -0.05876271 -1.09487128 -0.09030978
v -0.05172582 -1.05602300 -0.09061915
v -0.05169265 -1.05884504 -0.06944502
v -0.05942225 -1.09896910 -0.07101530
v -0.08756469 -1.01455760 -0.13328654
v -0.06814481 -1.01596928 -0.12336658
v -0.07243390 -1.05396307 -0.12040492
v -0.09099141 -1.05284917 -0.12942278
v -0.15500076 -1.09527147 -0.07149599
v -0.16191263 -1.05475187 -0.06895055
v -0.16005200 -1.05337536 -0.09392788
v -0.15222035 -1.09380472 -0.09453731
v -0.12823829 -1.10023630 -0.03287100
v -0.15246281 -1.05677795 -0.04182151
v -0.14789647 -1.09707069 -0.04799939
v -0.12295053 -1.13979018 -0.03726117
v -0.10326191 -1.14334643 -0.03662505
v -0.10527299 -1.10418117 -0.03181544
v -0.06582230 -1.13642943 -0.07170610
v -0.06380254 -1.13333809 -0.08880953
v -0.09281383 -1.12794018 -0.12125873
v -0.09340057 -1.09071422 -0.12443207
v -0.07644610 -1.09281290 -0.11629391
v -0.07757890 -1.13051319 -0.11297803
v -0.13025695 -1.09357440 -0.12153833
v -0.11231762 -1.09142423 -0.12632728
v -0.11098620 -1.12810147 -0.12271345
v -0.12740242 -1.13020539 -0.11738439
v -0.14361933 -1.13030112 -0.09346376
v -0.14371845 -1.09383929 -0.11060742
v -0.13708769 -1.13066399 -0.10737803
v -0.14796422 -1.13136375 -0.07234864
v -0.14215003 -1.13504434 -0.05051021
v -0.00371774 -0.51728690 -0.03399247
v 0.00023991 -0.52787310 -0.00190308
v -0.00122826 -0.53709871 -0.01589279
v -0.00919643 -0.52402902 -0.04842661
v -0.03716826 -0.63593888 0.06748515
v -0.03577124 -0.66817534 0.05632500
v -0.03494613 -0.72752380 0.03166918
v -0.03684829 -0.69953996 0.04580316
v -0.03448899 -0.75576097 0.01788267
v -0.03492902 -0.78359741 0.00455073
v -0.03458123 -0.81181258 -0.00843517
v -0.03634623 -0.83796704 -0.01937257
v -0.04222912 -0.86361706 -0.02472139
v -0.04700363 -0.89180642 -0.02565884
v -0.05327464 -0.95224357 -0.03282503
v -0.04316319 -0.95081872 -0.05782317
v -0.05116986 -0.92125499 -0.02772625
v -0.05636303 -1.02310419 -0.04335167
v -0.05440777 -0.98647237 -0.03813602
v -0.06241018 -1.06326723 -0.04822621
v -0.06838671 -1.10329854 -0.05270735
v -0.07438181 -1.14013588 -0.05551554
v -0.08241113 -0.52058685 0.11072358
v -0.04866369 -0.52922231 0.10065185
v -0.05320075 -0.50641668 0.10344951
v -0.08592850 -0.49283129 0.11102691
v -0.00468696 -0.50608385 0.04073345
v -0.00164950 -0.50838208 0.02391062
v -0.00246749 -0.50290209 0.02803773
v -0.00609544 -0.49832609 0.04367829
v -0.15559602 -0.78632420 0.00808142
v -0.13165686 -0.73450410 -0.09212072
v -0.10855774 -0.73213607 -0.09801243
v -0.08299249 -0.73168677 -0.09810352
v -0.05433954 -0.76026428 0.03975358
v -0.08124679 -0.76293164 0.05351194
v -0.07696210 -0.79000574 0.04496330
v -0.05265100 -0.78783387 0.02747484
v -0.09835844 -0.93041438 -0.00279013
v -0.07419785 -0.95684290 -0.01500924
v -0.07122163 -0.92641681 -0.00994902
v -0.09649357 -0.90354609 0.00107338
v -0.13565993 -0.90298492 -0.11667602
v -0.15417121 -0.90303099 -0.10360305
v -0.13685030 -0.93625331 -0.12544906
v -0.11316456 -0.90396017 -0.12203234
v -0.11219197 -0.93836898 -0.13109137
v -0.06173867 -0.70656627 0.06512590
v -0.09207808 -0.70887107 0.07389639
v -0.08637653 -0.73660952 0.06385537
v -0.05767109 -0.73354840 0.05290103
v -0.13380745 -0.18170422 -0.06927051
v -0.11709710 -0.17836489 -0.08694974
v -0.15028548 -0.07675960 0.08879490
v -0.14849554 -0.08881342 0.06635749
v -0.13608059 -0.09585211 0.07974245
v -0.13937443 -0.08470972 0.09931615
v -0.15826762 -0.06622149 0.07950330
v -0.15790989 -0.07857881 0.05761611
v -0.16351551 -0.05344518 0.07020234
v -0.16451760 -0.06598583 0.04965311
v -0.17612004 -0.00142991 0.01308303
v -0.18274197 0.00661966 0.00572873
v -0.05148117 -0.11371059 0.13093072
v -0.02648906 -0.11449283 0.13671724
v -0.02554239 -0.09491176 0.12562168
v -0.07442505 -0.29786932 0.14788796
v -0.05265293 -0.42165801 0.12255016
v -0.06293344 -0.39686862 0.13239624
v -0.09059460 -0.39379025 0.12322987
v -0.00926953 -0.47375861 0.08415519
v -0.05671090 -0.10829776 -0.12647313
v -0.05561577 -0.12910715 -0.12248227
v -0.03804921 0.07090946 -0.13168739
v -0.01849623 0.06639612 -0.12864371
v -0.03772075 0.09793100 -0.12362980
v -0.03713343 0.10971157 -0.11952752
v -0.01810101 0.10516454 -0.11879407
v -0.01852142 0.09351709 -0.12207756
v -0.01753155 0.14865063 -0.10180887
v -0.01617816 0.15979804 -0.09475660
v -0.00063394 -0.51461887 0.01926341
v 0.00029564 -0.51075327 -0.00466285
v -0.00005342 -0.50769395 0.00574386
v -0.01966758 -0.55513722 0.07528251
v -0.00409741 -0.55375624 0.04891150
v -0.00593028 -0.53804457 0.05732526
v -0.02258506 -0.53589308 0.08233288
v -0.21193387 -0.49538910 0.03398606
v -0.22182550 -0.49188089 -0.01124534
v -0.09904049 -0.52971059 -0.11458229
v -0.35205564 0.00903776 -0.07792109
v -0.35299566 0.01901148 -0.09006382
v -0.32851443 0.01745374 -0.08929437
v -0.32787165 0.00813445 -0.07647217
v -0.06365224 -0.03163875 -0.14607051
v -0.07034989 -0.05997837 -0.13986239
v -0.08541445 0.14654502 -0.01546636
v -0.14946410 0.15350263 -0.02828500
v -0.14585111 0.14323130 -0.00343735
v -0.13715683 0.14420664 -0.00633169
v -0.13962992 0.15433355 -0.03077443
v -0.14836827 0.10227138 -0.10541352
v -0.14896567 0.11967007 -0.09437772
v -0.13817063 0.11855573 -0.09988146
v -0.13634606 0.10024738 -0.11124300
v -0.03578961 -0.38144433 -0.17220050
v -0.06995139 -0.38115034 -0.17287691
v -0.04017982 -0.18552282 -0.10976927
v -0.06205955 -0.18907088 -0.11014269
v -0.05808611 -0.16950944 -0.11342428
v -0.03745829 -0.16587776 -0.11388937
v -0.09415974 -0.04583487 -0.13654260
v -0.10860161 -0.06228562 -0.12628511
v -0.03475008 -0.00986333 0.13637075
v -0.05253915 -0.00618330 0.13690244
v -0.05372717 -0.02359726 0.14689863
v -0.03575601 -0.02920048 0.14473668
v -0.29220444 0.05038023 -0.10449509
v -0.27281359 0.03847123 -0.10240722
v -0.27905148 0.02448906 -0.09496295
v -0.30107284 0.02926544 -0.09818222
v -0.21006162 -0.48763895 -0.06090765
v -0.18036962 -0.50451404 -0.09780112
v -0.14559844 -0.15321387 -0.05401128
v -0.13212541 -0.15073542 -0.07901605
v -0.12929860 -0.16675738 -0.07290552
v -0.14341021 -0.16942552 -0.04945133
v -0.14591219 -0.10670798 -0.04999807
v -0.14416328 -0.11990357 -0.05259955
v -0.15476510 -0.09434296 -0.05147915
v -0.19861466 -0.00091117 -0.06258784
v -0.20765784 0.00434288 -0.06470150
v -0.19853827 0.00221746 -0.07179514
v -0.04423010 -0.55363512 0.09537946
v -0.05680548 -0.46576399 0.10243186
v -0.05184688 -0.45254099 0.10565805
v -0.00120027 -0.50375915 0.01236068
v -0.06172314 0.16071603 -0.01502571
v -0.05545093 0.15532672 -0.00084489
v -0.24258354 0.01348087 -0.04767694
v -0.26164275 0.01056015 -0.05245465
v -0.18733449 -0.00986261 -0.03038516
v -0.18818575 -0.01330685 -0.04693685
v -0.18204924 -0.02086974 -0.04455336
v -0.18163666 -0.01766264 -0.02620891
v -0.18746023 -0.01339470 -0.06093122
v -0.18087068 -0.02059866 -0.06000125
v -0.13065733 0.06358283 0.05947890
v -0.13131049 0.08283543 0.04552957
v -0.14135028 0.07857442 0.04364787
v -0.14081040 0.05995509 0.05570418
v -0.11868207 0.06323531 0.06415836
v -0.10453439 0.06198275 0.06902799
v -0.10586578 0.08115374 0.05309124
v -0.12010565 0.08298460 0.04902905
v -0.06529952 0.12016031 0.02280573
v -0.08287684 0.12912391 0.00760374
v -0.04581315 0.11279609 0.03341256
v -0.02836650 0.10803448 0.04085604
v -0.01842041 0.13770182 -0.10691901
v -0.01922035 0.12722568 -0.11142834
v -0.03651685 0.13053721 -0.11057682
v -0.03929899 0.14182408 -0.10395047
v -0.04829086 0.14402632 0.00991923
v -0.03556655 0.13833539 0.02013746
v -0.02347524 0.12655963 0.02943095
v -0.30933034 0.10769268 -0.02674153
v -0.33344269 0.10163291 -0.02786267
v -0.06272337 0.17074999 -0.04776268
v -0.06415663 0.16601983 -0.03114072
v -0.30938974 0.11202361 -0.04476855
v -0.33365420 0.10571209 -0.04538042
v -0.12773374 0.14314488 -0.00663022
v -0.13471092 0.12339245 0.01227074
v -0.12534355 0.12261938 0.01429372
v -0.04573894 0.15129690 0.01148254
v -0.03457136 0.14596094 0.02093355
v -0.22014946 -0.45416117 0.00104465
v -0.20944913 -0.45793140 0.04126446
v -0.15576905 -0.19538702 0.03767560
v -0.16013776 -0.19172676 0.00966009
v -0.02571332 -0.16392152 0.15053898
v -0.02468501 -0.18893155 0.15516046
v -0.01016991 0.15010561 0.03127938
v -0.04995271 -0.23652409 0.15098958
v -0.02541665 -0.24164942 0.15597415
v -0.02507070 -0.21479268 0.15700194
v -0.04930820 -0.21159214 0.15116894
v -0.01515567 -0.27616483 0.16110899
v -0.01648110 -0.26568756 0.15879002
v -0.01306313 -0.43391180 0.11860751
v -0.02717395 -0.43586966 0.11711990
v -0.23384967 0.09238502 0.01133203
v -0.22958875 0.11219174 0.00244746
v -0.24609046 0.11000369 -0.00176189
v -0.24968845 0.09058619 0.00745857
v -0.07175625 -0.23277192 0.14129581
v -0.09315115 -0.22974396 0.12552693
v -0.17132112 -0.01149931 0.01917514
v -0.16662093 -0.00161074 0.03660358
v -0.02450884 -0.07981011 0.13255167
v -0.07093684 -0.01842682 0.14655733
v -0.07020912 -0.00281342 0.13597074
v -0.08716037 -0.00052529 0.13257860
v -0.08717047 -0.01482075 0.14366202
v -0.00099025 -0.50398344 0.00224890
v -0.22214736 0.08830157 -0.10432333
v -0.23294525 0.09295304 -0.10285117
v -0.22871363 0.10402498 -0.09849967
v -0.21817321 0.10076002 -0.10035902
v 0.00059141 -0.54807812 0.01741500
v 0.00048670 -0.56509292 0.00428970
v -0.01681010 -0.51724279 -0.07225527
v -0.00494204 -0.50930423 -0.05489599
v -0.06925788 -0.61222196 0.09433457
v -0.07428733 -0.58040714 0.10266033
v -0.06633990 -0.64448482 0.08497264
v -0.06386258 -0.67652529 0.07556760
v -0.05815804 -0.86659199 -0.00743116
v -0.06799606 -0.89541060 -0.00517425
v -0.07719161 -0.99071133 -0.02200406
v -0.07938883 -1.02731740 -0.02869965
v -0.08263244 -1.06603527 -0.03455406
v -0.08450533 -1.10626745 -0.04025875
v -0.08723574 -1.14312863 -0.04361661
v -0.33468431 0.10264082 -0.06372954
v -0.30946392 0.10803983 -0.06515558
v -0.31329206 0.09681596 -0.08247051
v -0.33868942 0.09319488 -0.07910914
v -0.30186656 0.00813700 -0.04379268
v -0.29858410 0.01626078 -0.02769792
v -0.32144359 0.01190819 -0.02921117
v -0.32388198 0.00527015 -0.04548762
v -0.34695435 0.00264453 -0.04742993
v -0.34962896 0.00301288 -0.06331649
v -0.32584596 0.00412968 -0.06175324
v -0.35094625 0.03393018 -0.09837496
v -0.34824747 0.05050952 -0.10088484
v -0.32233199 0.05019355 -0.10315658
v -0.32661840 0.03095836 -0.09870213
v -0.34203094 0.08024742 -0.09097280
v -0.31775278 0.08240743 -0.09433538
v -0.32045236 0.06676045 -0.10131421
v -0.34553349 0.06551814 -0.09836736
v -0.34026718 0.03601373 -0.00851362
v -0.34267256 0.01971762 -0.01752915
v -0.31865832 0.02447596 -0.01575095
v -0.31614709 0.04082122 -0.00630303
v -0.22656141 0.12954345 -0.01434709
v -0.24344751 0.12561157 -0.01770256
v -0.19348824 0.02993577 0.01247522
v -0.19176731 0.04383276 0.02496745
v -0.20661111 0.04881674 0.01786052
v -0.20222841 0.03299690 0.00415975
v -0.28564218 0.10145775 -0.00895776
v -0.26442331 0.10617148 -0.00506788
v -0.26293752 0.12024252 -0.02063782
v -0.28575191 0.11378668 -0.02364541
v -0.29259768 0.04418095 -0.00340244
v -0.29553723 0.02852267 -0.01364100
v -0.27175897 0.03232904 -0.01077467
v -0.26970220 0.04724223 0.00089150
v -0.30441877 0.01621618 -0.08733006
v -0.28157461 0.01401977 -0.08385207
v -0.23613317 0.07185489 0.01456818
v -0.25184682 0.06943452 0.01007831
v -0.16529967 -0.01288942 0.04244392
v -0.17581454 -0.03524601 -0.01838726
v -0.17800716 -0.02577413 -0.02210200
v -0.14205581 -0.06788803 0.11280991
v -0.14404640 -0.05068351 0.11699673
v -0.16602923 -0.07466118 0.02437294
v -0.17010961 -0.05918797 0.01706225
v -0.15006724 -0.06188076 0.10332839
v -0.14915179 -0.05050755 0.10904957
v -0.09195945 -0.11957005 0.10805056
v -0.02533970 0.11783952 0.03372374
v -0.26707882 0.08689260 0.00386781
v -0.26850250 0.06611161 0.00564926
v -0.24048831 0.02642206 -0.09273700
v -0.24133378 0.01815837 -0.08388421
v -0.25879896 0.02103731 -0.09039187
v -0.25589678 0.03219607 -0.09857239
v -0.12878397 -0.02043824 -0.12482300
v -0.11337917 -0.03327933 -0.13099772
v -0.12491433 -0.04702646 -0.12125533
v -0.13818684 -0.03270552 -0.11551039
v -0.22701934 0.12158272 -0.08573101
v -0.23060019 0.12848821 -0.07509763
v -0.21571580 0.13087462 -0.07440913
v -0.21464366 0.12231528 -0.08632281
v -0.23516802 0.13364120 -0.05944788
v -0.24039046 0.13363513 -0.03893436
v -0.22306606 0.13832134 -0.03681703
v -0.21832216 0.13733891 -0.05802116
v -0.20675015 -0.41457745 -0.06134711
v -0.21476442 -0.41681033 -0.02609433
v -0.15437920 -0.27362123 0.07048813
v -0.13728863 -0.28030518 0.09306064
v -0.12173782 -0.38301602 0.10984084
v -0.02804214 -0.50077724 0.08706794
v -0.00846955 -0.51213980 0.06141676
v -0.00112713 -0.58873534 -0.00891712
v -0.21395148 -0.42028341 0.01017671
v -0.00636728 -0.61864340 -0.02025106
v -0.01228491 -0.65045714 -0.03030069
v -0.06682068 -0.64547265 -0.09977406
v -0.09895680 -0.64679098 -0.10495404
v -0.09559073 -0.61613655 -0.10562640
v -0.06036912 -0.61285198 -0.09941596
v -0.13031177 -0.64897263 -0.09909960
v -0.12954657 -0.61955357 -0.10016399
v -0.12011228 -0.73654354 0.06054277
v -0.11059270 -0.97515643 -0.13591608
v -0.13457565 -1.01297748 -0.13010761
v -0.13609236 -0.97275388 -0.12998396
v -0.11095980 -1.01387990 -0.13573438
v -0.15623929 -0.97263157 -0.11430153
v -0.15592432 -0.93600404 -0.11050739
v -0.15670937 -1.01852071 -0.03742142
v -0.11261769 -1.05252814 -0.13184495
v -0.13325731 -1.05362558 -0.12627202
v -0.14968960 -1.05282700 -0.11335713
v -0.15428312 -1.01182437 -0.11514612
v 0.00023692 -0.53547591 0.02828771
v -0.18677205 -0.49852449 0.07189859
v -0.18468583 -0.46505806 0.07607933
v -0.12140529 -0.45330194 0.10855582
v -0.08755463 -0.46789560 0.10991323
v -0.11150315 -0.20607175 0.10298020
v -0.12953447 -0.20335281 0.08374028
v -0.12547335 -0.16069600 0.07668804
v -0.13988669 -0.15866211 0.05564420
v -0.14206979 -0.17922364 0.05871838
v -0.12726910 -0.18239368 0.07994951
v -0.15462103 -0.15545158 0.00273293
v -0.15349348 -0.15444453 -0.02645486
v -0.15308566 -0.17170741 -0.02289272
v -0.15569717 -0.17367235 0.00571741
v -0.15803309 -0.18840693 -0.01928483
v -0.14857766 -0.18556848 -0.04613963
v -0.07592624 -0.15392758 -0.11270221
v -0.09521437 -0.15862978 -0.10402610
v -0.09549161 -0.14026667 -0.11078345
v -0.07554538 -0.13440599 -0.11810204
v -0.04064016 -0.44216299 0.11240828
v -0.00261622 -0.51544392 0.03913690
v -0.07895699 -0.54980415 0.10809042
v -0.11962166 -0.51247776 0.11145413
v -0.15544178 -0.50591743 0.09832902
v -0.23938881 0.01994551 -0.03454906
v -0.16280188 -0.00330996 -0.09961577
v -0.15997179 0.00715270 -0.10522475
v -0.25531492 0.12695488 -0.06190476
v -0.26065317 0.12773365 -0.04174270
v -0.25046512 0.04994148 0.00577005
v -0.21506634 0.11404811 0.00615164
v -0.21908869 0.09267188 0.01549342
v -0.20365348 0.09359739 0.02034214
v -0.14947753 -0.39365330 0.09133688
v -0.17846839 -0.40607697 0.07398621
v -0.15187091 -0.41658351 0.09379414
v -0.00173920 -0.50720358 -0.03896311
v -0.05658349 -0.48458004 0.10345877
v -0.01631725 -0.68184894 -0.03944598
v -0.01993839 -0.71127534 -0.04870133
v -0.02319479 -0.73910481 -0.05788948
v -0.02605558 -0.76652497 -0.06681829
v -0.02961482 -0.79373652 -0.07539548
v -0.03621968 -0.82116479 -0.08192610
v -0.04566552 -0.85040694 -0.08128467
v -0.04986565 -0.87984997 -0.08652907
v -0.04279967 -0.94901425 -0.08278273
v -0.05062904 -0.94711518 -0.10220046
v -0.05060448 -0.91243839 -0.09555040
v -0.05128514 -0.98258108 -0.10644017
v -0.05428653 -1.01794744 -0.10790700
v -0.05939656 -1.05500901 -0.10678349
v -0.06853777 -1.13083518 -0.10233748
v -0.06531181 -1.09306562 -0.10478105
v -0.00056159 -0.50400418 -0.00992965
v -0.00074359 -0.50572598 -0.02364654
v -0.11339994 0.12119526 0.01671830
v -0.17963390 -0.01030960 -0.00661148
v -0.18473102 -0.00335685 -0.01264689
v -0.23442310 0.05175219 0.01029171
v -0.29524976 0.08262049 -0.09775817
v -0.28971082 0.09941271 -0.08659527
v -0.24990408 0.03581028 -0.00756866
v -0.19949450 0.02136092 -0.01089686
v -0.19211748 0.01724926 -0.00236666
v -0.53370059 0.08462032 -0.04224101
v -0.53203523 0.08912174 -0.05539490
v -0.55274642 0.08600456 -0.05376378
v -0.55383486 0.08079550 -0.04171059
v -0.53475869 0.07474906 -0.03204135
v -0.55442464 0.07076202 -0.03288795
v -0.53491253 0.01339992 -0.05109743
v -0.53424543 0.02170329 -0.03903120
v -0.55421013 0.02250012 -0.04339714
v -0.55498457 0.01518718 -0.05554447
v -0.57358712 0.05493130 -0.02993222
v -0.57326174 0.04280895 -0.03155465
v -0.55389351 0.04475981 -0.02872892
v -0.55434537 0.05826294 -0.02832396
v -0.53358155 0.01524659 -0.08082377
v -0.53154624 0.02469324 -0.09140744
v -0.51194429 0.02026957 -0.08872158
v -0.51425439 0.01100370 -0.07687300
v -0.45407984 0.01645903 -0.02816708
v -0.45626646 0.00609016 -0.03954346
v -0.44067517 0.00734683 -0.03257155
v -0.43842244 0.01916250 -0.02241623
v -0.49273673 0.09245880 -0.04314603
v -0.48957437 0.09418520 -0.05814530
v -0.51082945 0.09179771 -0.05683346
v -0.51324946 0.08828975 -0.04261668
v -0.49340722 0.05266961 -0.02082386
v -0.49288124 0.03649425 -0.02290882
v -0.47148573 0.03979908 -0.02046652
v -0.47166061 0.05661348 -0.02012683
v -0.47114962 0.09625718 -0.04499014
v -0.46853399 0.09542609 -0.05976708
v -0.53420973 0.04731136 -0.02580644
v -0.53381413 0.03341307 -0.03037207
v -0.51357609 0.03456796 -0.02633178
v -0.51420462 0.04970064 -0.02294408
v -0.57257473 0.02275889 -0.08454103
v -0.57100767 0.03259176 -0.09212828
v -0.55130726 0.02887241 -0.09233288
v -0.55317909 0.01919158 -0.08331330
v -0.57317799 0.03249540 -0.03808945
v -0.57370561 0.02373997 -0.04758358
v -0.55365735 0.03271403 -0.03434170
v -0.57062382 0.07857370 -0.07788391
v -0.57181358 0.08268513 -0.06501504
v -0.55067515 0.08480997 -0.06748112
v -0.54917884 0.07950997 -0.08096632
v -0.49397600 0.01263617 -0.04098383
v -0.49305332 0.02289770 -0.03007092
v -0.51386636 0.02179437 -0.03454663
v -0.51454544 0.01262627 -0.04626398
v -0.49368340 0.08329073 -0.03057851
v -0.51452571 0.07860465 -0.03114302
v -0.52835977 0.07995410 -0.08366279
v -0.52930903 0.08705328 -0.06998388
v -0.50818431 0.08832331 -0.07188952
v -0.50657022 0.07954391 -0.08547454
v -0.48604566 0.06251276 -0.09411825
v -0.48732010 0.04520184 -0.09461117
v -0.50731742 0.04967341 -0.09613533
v -0.50646675 0.06571391 -0.09384288
v -0.47327611 0.01412357 -0.03485378
v -0.47496793 0.00575350 -0.04809261
v -0.49453557 0.00727329 -0.07169642
v -0.49228013 0.01578518 -0.08460297
v -0.47302678 0.01117853 -0.07915352
v -0.47518256 0.00405372 -0.06476866
v -0.43436623 0.08080161 -0.02434475
v -0.43451020 0.09316225 -0.03467558
v -0.45147419 0.09204116 -0.03309349
v -0.45174727 0.07845725 -0.02347195
v -0.45006520 0.09824407 -0.04727975
v -0.43092045 0.09889211 -0.05016572
v -0.40416935 0.09180133 -0.06925097
v -0.40470046 0.08066431 -0.07819618
v -0.41580036 0.08031390 -0.07612977
v -0.41630688 0.09235245 -0.06757449
v -0.44797966 0.05191494 -0.09334755
v -0.44866025 0.03325634 -0.09020803
v -0.46767321 0.03953354 -0.09256586
v -0.46652338 0.05790555 -0.09397160
v -0.43621254 0.01122129 -0.07991222
v -0.44087645 0.00153361 -0.06692273
v -0.45535132 0.00594519 -0.07313939
v -0.45137155 0.01726888 -0.08466638
v -0.39014709 0.00333987 -0.06636267
v -0.38942280 -0.00092321 -0.05117909
v -0.40388170 -0.00139799 -0.05191059
v -0.40447465 0.00452334 -0.06644668
v -0.38488635 0.01288372 -0.02038452
v -0.38312188 0.02827204 -0.01155094
v -0.39774832 0.02551349 -0.01197198
v -0.39947933 0.01089488 -0.02099508
v -0.38037702 0.09283154 -0.02801116
v -0.37860861 0.09858681 -0.04577987
v -0.39177865 0.09857092 -0.04263024
v -0.39385334 0.09041353 -0.02626743
v -0.43293428 0.04694806 -0.09205627
v -0.43093404 0.02695067 -0.08752736
v -0.41326448 0.00977333 -0.02318653
v -0.41086876 0.02327419 -0.01372169
v -0.42385387 0.02146833 -0.01712836
v -0.42646167 0.00865737 -0.02688614
v -0.40655270 0.05693800 -0.01315034
v -0.40694135 0.07228617 -0.01671015
v -0.41980958 0.06875008 -0.01853923
v -0.42117983 0.05199845 -0.01533136
v -0.40632540 0.08762273 -0.02486218
v -0.40494525 0.09722603 -0.03870283
v -0.41838157 0.09538526 -0.03642573
v -0.41958055 0.08426208 -0.02434262
v -0.41473728 0.05550067 -0.08691423
v -0.41678628 0.04281309 -0.09080630
v -0.42353991 0.04557443 -0.09109723
v -0.42215520 0.05834326 -0.08683682
v -0.42536768 0.00795123 -0.07360615
v -0.42888871 -0.00076451 -0.05998993
v -0.43390414 0.04898780 -0.01884836
v -0.43690228 0.03283056 -0.01737398
v -0.42228818 0.03672173 -0.01315606
v -0.41664940 0.09862337 -0.05234971
v -0.39082479 0.01145826 -0.07886668
v -0.39062881 0.02169384 -0.08913054
v -0.37493843 0.02058841 -0.09005491
v -0.37512377 0.01016183 -0.07897319
v -0.37424654 0.00295826 -0.06531293
v -0.37233934 0.00069378 -0.04978411
v -0.36641121 0.01614722 -0.01928435
v -0.36410326 0.03181243 -0.01055151
v -0.36217958 0.05027236 -0.00641829
v -0.35978571 0.06927861 -0.00784250
v -0.37956560 0.06635792 -0.01099714
v -0.38124874 0.04709773 -0.00851300
v -0.35774073 0.10117067 -0.04578391
v -0.35732606 0.09685495 -0.02828916
v -0.35936365 0.09832425 -0.06286220
v -0.37850779 0.09693579 -0.06121067
v -0.41546974 0.00040707 -0.03750773
v -0.40200406 0.00101810 -0.03513089
v -0.52723986 0.06787987 -0.09255581
v -0.52770793 0.05325250 -0.09624071
v -0.54834461 0.05578292 -0.09510212
v -0.54822958 0.06921970 -0.09036063
v -0.56964719 0.04491055 -0.09453600
v -0.54952109 0.04182530 -0.09587814
v -0.53477669 0.06179950 -0.02641356
v -0.51475763 0.06519461 -0.02439498
v -0.57345152 0.06711493 -0.03358741
v -0.43351489 0.06508805 -0.02085041
v -0.45002359 0.06115596 -0.02097690
v -0.40507033 0.06700594 -0.08272499
v -0.39361602 0.08035255 -0.08064030
v -0.39533904 0.06689514 -0.08658058
v -0.44725919 0.07000843 -0.08745036
v -0.44701737 0.08492944 -0.07510220
v -0.42940819 0.07805127 -0.07632075
v -0.43229246 0.06347186 -0.08700964
v -0.40990502 0.04009492 -0.09109634
v -0.40722337 0.05402333 -0.08888248
v -0.39828202 0.05280111 -0.09173862
v -0.40078464 0.03778849 -0.09289224
v -0.39456892 0.07631460 -0.01605554
v -0.37980372 0.08087586 -0.01648641
v -0.38136011 0.07947039 -0.08322439
v -0.38008466 0.08984958 -0.07370826
v -0.36308867 0.08996683 -0.07667223
v -0.36516705 0.07878835 -0.08699942
v -0.39258537 0.09081788 -0.07121567
v -0.38367030 0.06640802 -0.09028996
v -0.36767039 0.06607912 -0.09446198
v -0.35801163 0.08550676 -0.01534214
v -0.38878354 0.03626037 -0.09485808
v -0.38643488 0.05196331 -0.09479645
v -0.37035245 0.05134191 -0.09787401
v -0.37291935 0.03516787 -0.09676111
v -0.52928835 0.03820061 -0.09593005
v -0.50924474 0.03405307 -0.09467091
v -0.44254926 -0.00009516 -0.04899811
v -0.45735702 0.00104837 -0.05664985
v -0.42905316 -0.00005260 -0.04220833
v -0.53488672 0.01091054 -0.06640930
v -0.55453265 0.01391319 -0.07022005
v -0.49500856 0.00643747 -0.05546900
v -0.51504099 0.00816290 -0.06146415
v -0.48605892 0.07802550 -0.08677448
v -0.41411233 0.01586604 -0.07878704
v -0.41604060 0.00605910 -0.06834105
v -0.42162922 0.01927336 -0.08214976
v -0.36869216 0.00522343 -0.03285967
v -0.38751245 0.00228075 -0.03413741
v -0.42336902 0.03372510 -0.08993101
v -0.34514815 0.00855347 -0.03110412
v -0.42918441 0.09353904 -0.06564556
v -0.40385795 0.09844707 -0.05497069
v -0.39159286 0.09749901 -0.05804459
v -0.57289082 0.08289764 -0.05219688
v -0.49409315 0.06900290 -0.02301522
v -0.45028040 0.04426903 -0.01964650
v -0.45199400 0.02915579 -0.02143054
v -0.41189834 0.02663064 -0.08728201
v -0.40296802 0.02369665 -0.08778442
v -0.40399814 0.01343664 -0.07800148
v -0.39373037 0.06210019 -0.01215144
v -0.39611661 0.04318819 -0.00924044
v -0.57380527 0.01702674 -0.07285029
v -0.40958694 0.03967232 -0.01037734
v -0.44910648 0.09489454 -0.06252221
v -0.01824364 0.08031732 -0.12522851
v -0.15878861 -0.08850893 0.03087598
v -0.11739884 -0.10605223 0.07573438
v -0.13148610 -0.10481527 0.05906424
v -0.17310721 -0.02996678 0.00410280
v -0.17589940 -0.01882402 -0.00127282
v -0.19322383 0.00686406 -0.01889159
v -0.20159532 0.01272710 -0.02549728
v -0.16816008 -0.05227594 0.04101681
v -0.01406448 -0.25458294 0.15660097
v -0.05585476 -0.24676979 -0.11794327
v -0.02835972 -0.24470082 -0.11693970
v -0.03188517 -0.26438868 -0.12920929
v -0.06216777 -0.26674765 -0.12888893
v -0.03595567 -0.28710964 -0.13995257
v -0.19227171 -0.32596514 -0.07651398
v -0.18783116 -0.30160475 -0.07405975
v -0.17000087 -0.30331224 -0.10084274
v -0.17409663 -0.32894859 -0.10512618
v -0.19171393 -0.28420451 -0.04355371
v -0.17990837 -0.28179672 -0.07164095
v -0.19887024 -0.30278802 -0.04330501
v -0.20221348 -0.30858976 -0.01168706
v -0.19572937 -0.28907815 -0.01222419
v -0.19735233 -0.31770879 0.01885482
v -0.19171880 -0.29653156 0.01866789
v -0.18555497 -0.32801569 0.04661513
v -0.16874805 -0.33779499 0.07189035
v -0.14892890 -0.37032446 0.09262734
v -0.12347692 -0.35732833 0.11286077
v -0.14771329 -0.34761313 0.09419803
v -0.06990471 -0.37109667 0.14076555
v -0.09677472 -0.36575210 0.12885332
v -0.02086059 -0.37434000 0.15100604
v -0.04458313 -0.37354872 0.14785430
v -0.10840029 0.10097734 0.03595406
v -0.10269230 0.15206806 -0.08172055
v -0.11084072 0.15734974 -0.05927396
v -0.08897848 0.15643422 -0.08042107
v -0.12085339 0.09693307 -0.11920697
v -0.12393606 0.11565056 -0.10844591
v -0.10469976 0.10863095 -0.11844215
v -0.10226347 0.09166018 -0.12654500
v -0.07864982 0.14787632 -0.09435131
v -0.07218497 0.14995095 -0.09293126
v -0.08842193 0.14264907 -0.09773233
v -0.05550832 0.12573084 -0.11295178
v -0.07322802 0.13310160 -0.10747550
v -0.15104930 0.14954078 -0.05613308
v -0.15020411 0.13624832 -0.07863882
v -0.15929328 0.13561767 -0.07395961
v -0.16135038 0.14814331 -0.05172595
v -0.14723924 0.08500972 -0.11264392
v -0.14545447 0.06852666 -0.11712294
v -0.15698186 0.07145669 -0.11329135
v -0.15793204 0.08774446 -0.10897585
v -0.18743020 0.14612827 -0.03796840
v -0.18439813 0.13862865 -0.06026995
v -0.19382666 0.13987902 -0.05809072
v -0.19750717 0.14442945 -0.03612167
v -0.15807991 0.10434645 -0.10125772
v -0.08548938 -0.02448005 -0.14236368
v -0.12120613 -0.00665516 -0.13115020
v -0.10451061 -0.01552114 -0.13703512
v -0.15755825 0.01807917 -0.10974602
v -0.14777747 0.01263907 -0.11586910
v -0.15115328 0.00020730 -0.11116444
v -0.17968623 0.02506379 -0.10182470
v -0.16774383 0.02188087 -0.10553823
v -0.20645088 0.07025248 0.02404571
v -0.19046843 0.06921406 0.03102887
v -0.18858294 0.09595977 0.02360657
v -0.19595754 0.01928050 -0.08909599
v -0.20734575 0.02559801 -0.08978412
v -0.20560694 0.03114767 -0.09279957
v -0.19365194 0.02484926 -0.09283619
v -0.14093192 0.15103073 -0.05966330
v -0.18329856 0.12653330 -0.07690758
v -0.18217900 0.11558072 -0.08968444
v -0.19165812 0.11960950 -0.08804158
v -0.19312677 0.12947494 -0.07476912
v -0.18508077 0.10102086 -0.09949660
v -0.18640776 0.08593288 -0.10475304
v -0.19695044 0.09157261 -0.10306646
v -0.19486909 0.10594388 -0.09750102
v -0.20424050 0.03881960 -0.09641173
v -0.19071868 0.03233199 -0.09645931
v -0.21259221 0.13303800 -0.01236401
v -0.16862994 0.14945310 -0.01983129
v -0.16378506 0.13538818 0.00485318
v -0.15435587 0.14024299 0.00077898
v -0.15948865 0.15179661 -0.02462964
v -0.22340000 0.01363521 -0.04367878
v -0.22015229 0.01964796 -0.03054535
v -0.22554481 0.00946690 -0.05643894
v -0.19841363 0.00875444 -0.07953113
v -0.22648527 0.00999187 -0.06821635
v -0.22015740 0.05175885 0.01376699
v -0.22152390 0.07136164 0.01846678
v -0.16009173 0.10990746 0.02089923
v -0.15054630 0.11648495 0.01721173
v -0.20914869 0.14184675 -0.03560430
v -0.20497869 0.13944791 -0.05747034
v -0.22350331 0.03281884 -0.09542065
v -0.23526600 0.03963686 -0.10087622
v -0.22128133 0.03815900 -0.09832987
v -0.18372701 0.00010175 -0.08681685
v -0.19769043 0.01465140 -0.08508613
v -0.17047945 0.14877096 -0.04663533
v -0.20257090 0.13125584 -0.07435859
v -0.20258816 0.12109714 -0.08771929
v -0.17601351 0.09590326 -0.10232226
v -0.17426012 0.11088178 -0.09319268
v -0.16616011 0.10729813 -0.09716811
v -0.16716285 0.09153556 -0.10548893
v -0.20760302 0.09713048 -0.10216851
v -0.21082035 0.08213163 -0.10523450
v -0.17677006 0.08028080 -0.10704697
v -0.16720524 0.07542624 -0.11001989
v -0.21921784 0.04603063 -0.10148139
v -0.14261092 0.12116590 0.01380137
v -0.14170323 0.09918968 0.02918792
v -0.13285530 0.10260362 0.02976178
v -0.16091560 0.08450668 0.03447617
v -0.15007731 0.09293564 0.03107873
v -0.17524336 0.07427763 0.03553779
v -0.12235627 0.10258485 0.03306809
v -0.41911742 0.03042709 -0.08847121
v -0.24629983 0.04713770 -0.10426620
v -0.23847808 0.03442413 -0.09819524
v -0.25107080 0.04093926 -0.10252194
v -0.29597703 0.06772896 -0.10282495
v -0.41419667 0.06717527 -0.08006217
v -0.42176595 0.06713679 -0.07996526
v -0.46593633 0.07498614 -0.08748844
v -0.48693511 0.08901421 -0.07343418
v -0.46675077 0.08806911 -0.07435057
v -0.47274405 0.08799990 -0.03100646
v -0.47240791 0.07388093 -0.02251133
v -0.47209510 0.02558567 -0.02570963
v -0.46975419 0.02362032 -0.08877469
v -0.61199993 0.07081628 -0.03776036
v -0.61229074 0.07820795 -0.04737838
v -0.63212013 0.07558789 -0.04465663
v -0.63157177 0.06732174 -0.03617288
v -0.64968735 0.05386290 -0.03280607
v -0.63104385 0.05685486 -0.03248907
v -0.65092355 0.06422199 -0.03447966
v -0.64829665 0.04464421 -0.03515062
v -0.63018507 0.04698339 -0.03378929
v -0.64733690 0.03750809 -0.04156388
v -0.64737213 0.03245857 -0.05033924
v -0.62980837 0.03293627 -0.04777893
v -0.62965173 0.03861826 -0.03928044
v -0.63039488 0.02898771 -0.05761250
v -0.63095540 0.02623070 -0.06778857
v -0.61215413 0.02277148 -0.06539261
v -0.61151022 0.02726423 -0.05457227
v -0.64859724 0.03723858 -0.08555125
v -0.64841449 0.04565108 -0.08870039
v -0.62986493 0.04294806 -0.08974601
v -0.63026375 0.03359044 -0.08600806
v -0.61029088 0.06193403 -0.08757946
v -0.60992903 0.05071743 -0.09094115
v -0.63019955 0.05362236 -0.08911832
v -0.63034046 0.06427743 -0.08524490
v -0.64903867 0.06643260 -0.08366527
v -0.64963156 0.07368743 -0.07576337
v -0.63127166 0.07237577 -0.07805368
v -0.57339203 0.07718134 -0.04105244
v -0.59266371 0.07405684 -0.03962108
v -0.59257400 0.06366556 -0.03317772
v -0.59206319 0.04107125 -0.03451405
v -0.59224588 0.05193289 -0.03159702
v -0.61131054 0.04922879 -0.03261949
v -0.61103916 0.03957028 -0.03683234
v -0.57405710 0.01762001 -0.05947824
v -0.59250921 0.02543995 -0.05140260
v -0.59314901 0.02008309 -0.06262613
v -0.61111009 0.03266029 -0.04468030
v -0.59211719 0.03242799 -0.04171393
v -0.61195940 0.02348583 -0.07663496
v -0.63074660 0.02758122 -0.07795218
v -0.61247832 0.08019183 -0.05899985
v -0.61199343 0.07749207 -0.07069770
v -0.63207632 0.07729199 -0.06757857
v -0.63244247 0.07921650 -0.05591056
v -0.59302545 0.02019145 -0.07471805
v -0.59167659 0.07785817 -0.07419026
v -0.59234118 0.08129004 -0.06206005
v -0.61128587 0.07129862 -0.08084077
v -0.59094596 0.07040352 -0.08412188
v -0.65140104 0.07742847 -0.05323003
v -0.65192133 0.07296064 -0.04212339
v -0.59258616 0.08047595 -0.04992765
v -0.61123836 0.02966108 -0.08585957
v -0.61029458 0.03950208 -0.09080419
v -0.59082627 0.03613578 -0.09140999
v -0.59201390 0.02620412 -0.08518166
v -0.56880218 0.05804558 -0.09288008
v -0.58961684 0.04791837 -0.09264518
v -0.58964771 0.05980327 -0.09020104
v -0.64870638 0.05585466 -0.08791387
v -0.57000858 0.06967342 -0.08754540
v -0.72893333 0.02436561 -0.04336377
v -0.73789465 0.02753468 -0.04257366
v -0.73269796 0.03014912 -0.04926132
v -0.72285128 0.02922226 -0.04847848
v -0.70397431 0.00912535 -0.03420601
v -0.71567303 0.00482914 -0.02970617
v -0.72169828 0.00529364 -0.03733896
v -0.71141934 0.01076603 -0.04284450
v -0.73421448 0.02025741 -0.03856277
v -0.74193537 0.02615386 -0.03686724
v -0.74981868 0.03129117 -0.03490905
v -0.74089211 0.02644277 -0.03304966
v -0.74956810 0.03683471 -0.03098034
v -0.74435091 0.04695366 -0.03008601
v -0.75707877 0.04987294 -0.03366540
v -0.75753832 0.04114482 -0.03130746
v -0.73807561 0.06064254 -0.05288237
v -0.73514652 0.06082410 -0.06357010
v -0.75073725 0.05943505 -0.06499837
v -0.75314695 0.05832886 -0.05408525
v -0.74173605 0.05434282 -0.08270358
v -0.74720228 0.05667970 -0.07364842
v -0.73165643 0.05900274 -0.07169048
v -0.72749877 0.05688391 -0.07971694
v -0.71831256 0.03208997 -0.05568960
v -0.72833848 0.03163766 -0.05659143
v -0.72657514 0.03125062 -0.06222700
v -0.71618497 0.03134392 -0.06197394
v -0.74026918 0.03218320 -0.02894603
v -0.74146551 0.01848076 -0.02930881
v -0.74073452 0.02125840 -0.02599600
v -0.73547804 0.03457479 -0.02495924
v -0.67980605 0.02593958 -0.06407929
v -0.69072568 0.02363389 -0.06671404
v -0.69152385 0.02243555 -0.07363081
v -0.67950749 0.02493375 -0.07218442
v -0.67931098 0.02565273 -0.04447734
v -0.67428601 0.03450159 -0.03413728
v -0.68210465 0.02962162 -0.03020134
v -0.68600714 0.01958878 -0.04108953
v -0.69106048 0.02254018 -0.02716067
v -0.70104539 0.01578386 -0.02486813
v -0.69443589 0.01388692 -0.03792696
v -0.71396291 0.01078815 -0.02248907
v -0.68682516 0.02575209 -0.08559317
v -0.67817277 0.02939322 -0.08257868
v -0.78945458 0.01832455 -0.04266864
v -0.79028332 0.01942432 -0.03729747
v -0.79277307 0.01705897 -0.03785442
v -0.79198849 0.01613605 -0.04324711
v -0.67952633 0.05406090 -0.08890891
v -0.67842722 0.04462767 -0.09059040
v -0.68535054 0.04469704 -0.09183290
v -0.68677974 0.05402646 -0.08888769
v -0.69437820 0.04436277 -0.09415565
v -0.69621605 0.05403871 -0.08955338
v -0.79769528 0.02514130 -0.03386940
v -0.80121309 0.02809626 -0.03602449
v -0.80411851 0.02260351 -0.03598392
v -0.80021036 0.02047604 -0.03415490
v -0.74250811 0.02982231 -0.04873844
v -0.74701405 0.02847806 -0.04128475
v -0.75546265 0.02940184 -0.03917010
v -0.76238990 0.03048119 -0.03774957
v -0.76339871 0.02861138 -0.04346159
v -0.75386822 0.02900987 -0.04751869
v -0.73954189 0.03102839 -0.05933712
v -0.75047046 0.02971565 -0.05931586
v -0.74601376 0.03028140 -0.06611346
v -0.73555297 0.03103980 -0.06609052
v -0.73986232 0.02616263 -0.08366284
v -0.73168874 0.02551229 -0.08263546
v -0.73202807 0.02780351 -0.07711762
v -0.74187016 0.02825620 -0.07756989
v -0.76767230 0.02923591 -0.07775117
v -0.75938559 0.02900611 -0.07760829
v -0.76105088 0.02981810 -0.07270969
v -0.76893288 0.03002255 -0.07306762
v -0.67254949 0.05525775 -0.08887337
v -0.67169821 0.04550166 -0.09017936
v -0.73707861 0.03760076 -0.10738799
v -0.74225086 0.04582957 -0.10285673
v -0.73221195 0.04688678 -0.09862491
v -0.72690737 0.04012895 -0.10318655
v -0.68959850 0.06149867 -0.08232111
v -0.68180048 0.06244314 -0.08263882
v -0.80416048 0.02978691 -0.04070816
v -0.80644262 0.02416384 -0.04086795
v -0.70152670 0.02919592 -0.01950824
v -0.71566361 0.01965049 -0.01751216
v -0.69025838 0.03772860 -0.02356501
v -0.67498857 0.04731348 -0.02986126
v -0.68243897 0.04328648 -0.02724794
v -0.75832862 0.02898201 -0.05203510
v -0.73648906 0.03126531 -0.05537169
v -0.72486389 0.03041703 -0.06639773
v -0.71591961 0.02236748 -0.08382598
v -0.72270411 0.02289448 -0.08639663
v -0.72004217 0.02241664 -0.09315914
v -0.71215296 0.02251590 -0.09284212
v -0.73381907 0.02490903 -0.10143718
v -0.73393714 0.02970997 -0.10656737
v -0.72519636 0.03092396 -0.10384796
v -0.72652912 0.02503536 -0.09999350
v -0.73974442 0.02203157 -0.02087827
v -0.73060435 0.03335618 -0.01977428
v -0.67834437 0.03557414 -0.08847348
v -0.68543595 0.03433335 -0.09143164
v -0.67098522 0.03795186 -0.08669896
v -0.69155282 0.02381900 -0.05672407
v -0.70446455 0.02901319 -0.06043010
v -0.70321959 0.02771184 -0.06468841
v -0.69034725 0.02451519 -0.06195660
v -0.71342218 0.02381518 -0.04918379
v -0.70240241 0.01605251 -0.04716966
v -0.72068554 0.01805110 -0.04495732
v -0.67931932 0.02655881 -0.05602565
v -0.67060179 0.02994042 -0.05330829
v -0.67075664 0.02939615 -0.06261238
v -0.67080057 0.02955357 -0.07207689
v -0.67098242 0.03292432 -0.08096810
v -0.66101074 0.03148765 -0.05180761
v -0.66171700 0.03031677 -0.06120442
v -0.66214675 0.03076429 -0.07111268
v -0.66246808 0.03361879 -0.07966032
v -0.67354119 0.06463436 -0.08275158
v -0.66330498 0.06623971 -0.08318468
v -0.66277057 0.05594308 -0.08850067
v -0.67109185 0.03190352 -0.04368682
v -0.66141498 0.03568786 -0.04308549
v -0.66333479 0.04161120 -0.03518458
v -0.66467363 0.05209975 -0.03234542
v -0.73732972 0.00470300 -0.03271554
v -0.73304749 0.00789403 -0.03592223
v -0.72796124 0.00310472 -0.03240968
v -0.73377001 0.00058679 -0.02823332
v -0.76346052 0.03491972 -0.03346696
v -0.75666976 0.03431271 -0.03369541
v -0.76559526 0.04155577 -0.03234497
v -0.70023888 0.02185206 -0.07900333
v -0.69589877 0.02414171 -0.08921294
v -0.76552218 0.02883521 -0.04846790
v -0.78020227 0.03535622 -0.03294848
v -0.78386343 0.04037008 -0.03510453
v -0.79560840 0.03321397 -0.03579921
v -0.79208964 0.02925199 -0.03342759
v -0.77665901 0.02650902 -0.04756529
v -0.78054976 0.03002086 -0.05159185
v -0.77422208 0.03152686 -0.05197064
v -0.77106440 0.02881727 -0.04749984
v -0.76320934 0.02672790 -0.08360634
v -0.75611383 0.02689046 -0.08347316
v -0.76751983 0.05544084 -0.04347898
v -0.75474882 0.05722375 -0.04219240
v -0.76752031 0.05277840 -0.05486220
v -0.75108975 0.02858313 -0.07772779
v -0.74352700 0.02957922 -0.07219897
v -0.75272119 0.02941210 -0.07266804
v -0.76494807 0.03042996 -0.05765661
v -0.75807881 0.02955742 -0.05897863
v -0.76138771 0.02936331 -0.05426313
v -0.76686382 0.03012815 -0.05263606
v -0.71566319 0.04217799 -0.09984341
v -0.71399027 0.03023878 -0.10124131
v -0.79359084 0.02190018 -0.03419853
v -0.79599535 0.01847309 -0.03486914
v -0.66240424 0.04581858 -0.08905548
v -0.66271454 0.03835427 -0.08574973
v -0.73325372 0.02982612 -0.07148941
v -0.74068558 0.05776080 -0.04064813
v -0.72315884 0.02892734 -0.07082757
v -0.76275349 0.03204772 -0.09350600
v -0.76540560 0.03805432 -0.09254853
v -0.75812727 0.04267810 -0.09252346
v -0.75635028 0.03448391 -0.09546768
v -0.79135478 0.01966503 -0.04761023
v -0.79526633 0.02256456 -0.05089599
v -0.79033870 0.02605948 -0.05098317
v -0.78699034 0.02242947 -0.04757517
v -0.77493370 0.02666125 -0.03762144
v -0.77495617 0.02525976 -0.04274496
v -0.76869732 0.02815856 -0.04288699
v -0.76814967 0.02955039 -0.03774992
v -0.76965630 0.03369123 -0.03421245
v -0.77695000 0.03076091 -0.03413557
v -0.78647423 0.04149529 -0.04799243
v -0.78488666 0.03600067 -0.05219766
v -0.79500496 0.03059345 -0.05182377
v -0.79821575 0.03404051 -0.04727820
v -0.71397889 0.06007389 -0.07734512
v -0.71071345 0.05699112 -0.08517731
v -0.72394484 0.05356918 -0.08802522
v -0.73721921 0.05034874 -0.09119536
v -0.74919403 0.04679078 -0.09397362
v -0.75469345 0.05266235 -0.08547541
v -0.72010577 0.04962786 -0.09431161
v -0.77520275 0.04597399 -0.05848002
v -0.77492273 0.04010996 -0.05692855
v -0.77693796 0.04593757 -0.05074149
v -0.72123605 0.02640664 -0.07723062
v -0.78827071 0.02537501 -0.03395977
v -0.68679243 0.06518339 -0.03858588
v -0.68721980 0.07027690 -0.05082507
v -0.69729757 0.06796720 -0.05172731
v -0.69581831 0.06236392 -0.03678207
v -0.78535849 0.02089888 -0.04255449
v -0.78541601 0.02180824 -0.03726258
v -0.76180762 0.02688566 -0.09289730
v -0.75596136 0.02565511 -0.09404242
v -0.75452113 0.02564910 -0.08942538
v -0.76160204 0.02578531 -0.08870579
v -0.70761609 0.05283824 -0.09128793
v -0.74851036 0.04146072 -0.10582234
v -0.74388456 0.03159933 -0.10971209
v -0.69228292 0.06604280 -0.07313795
v -0.69898951 0.05988487 -0.08308080
v -0.70192599 0.06339070 -0.07497851
v -0.76264262 0.05201561 -0.07481611
v -0.71753949 0.06172096 -0.06995201
v -0.70468444 0.06473158 -0.06771475
v -0.69416541 0.06799303 -0.06441511
v -0.68540764 0.07069007 -0.06278233
v -0.68382198 0.06839581 -0.07235434
v -0.80376148 0.02853346 -0.04727082
v -0.79814231 0.03522146 -0.04059121
v -0.67446899 0.07091870 -0.07222098
v -0.66351521 0.07317704 -0.07373364
v -0.67621309 0.07302319 -0.06228317
v -0.66502321 0.07515076 -0.06342408
v -0.70774990 0.06559180 -0.05930006
v -0.70996034 0.06468312 -0.04937088
v -0.72063005 0.06290586 -0.06198383
v -0.72395128 0.06243592 -0.05212491
v -0.76496989 0.05732096 -0.06566144
v -0.79860204 0.01840472 -0.05110978
v -0.80338842 0.01150507 -0.05169144
v -0.80739987 0.01273280 -0.05041575
v -0.80310380 0.02019686 -0.05064236
v -0.79980969 0.02550870 -0.05111926
v -0.80602717 0.02275592 -0.04714908
v -0.72650850 0.05892013 -0.03857709
v -0.77164066 0.03175248 -0.05705742
v -0.71034014 0.05776558 -0.03256700
v -0.73182541 0.04981748 -0.02720859
v -0.72132051 0.04684318 -0.02208136
v -0.69276226 0.05147342 -0.02584908
v -0.70379806 0.04407072 -0.02003466
v -0.67698002 0.05839588 -0.03215572
v -0.68472117 0.05547610 -0.03006363
v -0.66639400 0.06157106 -0.03374041
v -0.71647334 0.03313455 -0.01623143
v -0.79532027 0.01101851 -0.03936478
v -0.79507726 0.01059949 -0.04503674
v -0.66695708 0.07013083 -0.04061774
v -0.67838836 0.06718860 -0.03952939
v -0.72819102 0.01214085 -0.04041691
v -0.71329254 0.02817489 -0.06972318
v -0.71176344 0.02549966 -0.07462722
v -0.70872843 0.02209131 -0.08157256
v -0.70445961 0.02302163 -0.09178869
v -0.66610968 0.07503576 -0.05167616
v -0.64811635 0.03000826 -0.05996748
v -0.64868397 0.02947698 -0.06987270
v -0.65060109 0.07686315 -0.06515665
v -0.79875004 0.01218802 -0.03583865
v -0.77330476 0.03396122 -0.07559262
v -0.77268726 0.03415290 -0.07762966
v -0.72412872 0.00321414 -0.02593961
v -0.73148394 0.00133896 -0.02234493
v -0.72367007 0.00813824 -0.01951565
v -0.72600460 0.01556871 -0.01583493
v -0.73504281 0.01160807 -0.01537251
v -0.73254901 0.00518397 -0.01809548
v -0.70287216 0.02588356 -0.06830370
v -0.70244503 0.02403006 -0.07284837
v -0.70341247 0.03215487 -0.09856956
v -0.70450574 0.04394547 -0.09689689
v -0.77246314 0.03916569 -0.03306090
v -0.76747060 0.04876380 -0.03527036
v -0.77477199 0.04488435 -0.03591872
v -0.78544760 0.04346490 -0.04094491
v -0.77804273 0.03762881 -0.05326185
v -0.77535164 0.03576297 -0.05594818
v -0.69587171 0.02066697 -0.05184796
v -0.70785487 0.02811302 -0.05472855
v -0.73678398 0.01618454 -0.03523682
v -0.73981684 0.01240728 -0.03307894
v -0.75469834 0.02979448 -0.06583697
v -0.77437168 0.04649553 -0.07259215
v -0.77477020 0.05069290 -0.06545635
v -0.76256102 0.03045903 -0.06540262
v -0.80748296 0.01404685 -0.03657449
v -0.80303210 0.01286018 -0.03495418
v -0.77621806 0.04913181 -0.04229217
v -0.74830979 0.02679710 -0.08385113
v -0.76985496 0.04437394 -0.07859728
v -0.77497590 0.04026416 -0.07535984
v -0.73913199 0.02746050 -0.10693158
v -0.67794997 0.07237938 -0.05064842
v -0.79769862 0.01082671 -0.04995419
v -0.79402471 0.01663154 -0.04855450
v -0.80948234 0.01439512 -0.04700625
v -0.80947697 0.01534986 -0.04154007
v -0.69374800 0.03348615 -0.09517603
v -0.71455795 0.02992233 -0.06602497
v -0.64870489 0.03178339 -0.07880934
v -0.73749346 0.01844826 -0.01625676
v -0.72768766 0.02425018 -0.01647267
v -0.76888204 0.03076892 -0.06517790
v -0.75320220 0.03937539 -0.09948123
v -0.77066594 0.04304522 -0.08782225
v -0.77440321 0.04170877 -0.08137134
v -0.76312882 0.04788981 -0.08674826
v -0.77544451 0.03693646 -0.07899632
v -0.81198293 0.00725490 -0.04713125
v -0.81195122 0.00804490 -0.04188954
v -0.80947846 0.00693446 -0.03690344
v -0.80476058 0.00691497 -0.03562459
v -0.80038059 0.00692958 -0.03688348
v -0.80966419 0.00621063 -0.05052130
v -0.80565536 0.00562847 -0.05172354
v -0.79979128 0.00614357 -0.05031863
v -0.81006742 0.00060809 -0.05078705
v -0.81290537 0.00000501 -0.04731217
v -0.81168294 -0.00368744 -0.03955089
v -0.81155193 -0.00765663 -0.03953746
v -0.80911410 -0.00656223 -0.03732927
v -0.81031823 -0.00059503 -0.03746153
v -0.80895466 -0.01166958 -0.03844322
v -0.81192034 -0.01229519 -0.04020667
v -0.81312215 -0.00230032 -0.04220739
v -0.81371069 -0.00721383 -0.04297913
v -0.81350648 -0.01185846 -0.04739632
v -0.81406510 -0.01244140 -0.04372251
v -0.81307745 -0.00678611 -0.04670659
v -0.81314540 -0.00290704 -0.04553612
v -0.81310463 0.00158000 -0.04184670
v -0.81393999 -0.01660538 -0.04424627
v -0.81108922 -0.01804072 -0.04487764
v -0.80956131 -0.01598525 -0.04060090
v -0.81219041 -0.01560742 -0.04105349
v -0.80539346 0.00113386 -0.03618990
v -0.80565774 -0.00561804 -0.03723411
v -0.80575114 -0.01121038 -0.03899309
v -0.80656552 -0.01536679 -0.04151398
v -0.80327809 -0.01096380 -0.04094069
v -0.80232382 -0.00556898 -0.03895667
v -0.80440569 -0.01417994 -0.04332829
v -0.80206192 -0.01093805 -0.04375479
v -0.80017161 -0.00587219 -0.04233760
v -0.79862839 0.00199413 -0.04094921
v -0.80131161 0.00205523 -0.03752301
v -0.80340958 -0.01318008 -0.04476288
v -0.80818021 -0.01738465 -0.04580137
v -0.81220269 -0.00560558 -0.04950627
v -0.81200683 -0.01109970 -0.04989743
v -0.81008518 -0.00530732 -0.05138721
v -0.80994511 -0.01081169 -0.05131839
v -0.81396449 -0.01515740 -0.04753640
v -0.81203151 -0.01567096 -0.04903062
v -0.79706329 0.00666219 -0.04043709
v -0.79714721 0.00647867 -0.04603571
v -0.79852545 0.00190747 -0.04633014
v -0.80010474 -0.00581419 -0.04721253
v -0.80143893 0.00152588 -0.05038462
v -0.80636966 0.00061303 -0.05187386
v -0.80696785 -0.00560707 -0.05198081
v -0.80311346 -0.00538254 -0.05104146
v -0.80446255 -0.01052457 -0.05044224
v -0.80717748 -0.01061207 -0.05151719
v -0.80249000 -0.01086849 -0.04735256
v -0.80690271 -0.01407170 -0.04994143
v -0.80951357 -0.01511151 -0.04983489
v -0.80516589 -0.01303923 -0.04943150
v -0.80423588 -0.01346666 -0.04710968
v -0.80590844 -0.01533169 -0.04666343
v -0.79461551 0.02082247 -0.06908485
v -0.79580235 0.02225131 -0.06463713
v -0.79844952 0.01641017 -0.06497055
v -0.79675686 0.01493841 -0.06966243
v -0.80282950 0.02790883 -0.06215842
v -0.80691904 0.03152293 -0.06489357
v -0.80978668 0.02388513 -0.06501622
v -0.80530500 0.02053428 -0.06249355
v -0.80799913 0.03326437 -0.07168130
v -0.81060064 0.02567524 -0.07157291
v -0.78351784 0.03686392 -0.05865020
v -0.78530067 0.04224092 -0.06058072
v -0.80008191 0.03709400 -0.06332158
v -0.79680872 0.03261334 -0.06073578
v -0.77756751 0.02888229 -0.07226597
v -0.77990627 0.03154901 -0.07622896
v -0.79867285 0.02467659 -0.06240588
v -0.80125284 0.01812238 -0.06279394
v -0.79455894 0.02089465 -0.07372240
v -0.79684061 0.02233344 -0.07776461
v -0.79177678 0.02749816 -0.07704145
v -0.78976250 0.02506247 -0.07320435
v -0.77874959 0.02950585 -0.06012397
v -0.77749658 0.02850476 -0.06617486
v -0.78123873 0.03284711 -0.05828769
v -0.78517985 0.04278713 -0.07382311
v -0.78323728 0.03733042 -0.07715295
v -0.79544896 0.03145382 -0.07883485
v -0.79905128 0.03606793 -0.07657515
v -0.79340732 0.02916464 -0.06110814
v -0.78958845 0.02465108 -0.06794325
v -0.79085088 0.02610749 -0.06322159
v -0.80510283 0.02919531 -0.07777786
v -0.80032057 0.03920731 -0.06984845
v -0.79935908 0.01571113 -0.07840154
v -0.80289412 0.00763190 -0.07881531
v -0.80701530 0.00941443 -0.07901637
v -0.80347908 0.01774335 -0.07921535
v -0.80063319 0.02490377 -0.07900930
v -0.80769134 0.02139330 -0.07747857
v -0.80099869 0.00734508 -0.06604314
v -0.79929250 0.00650501 -0.07097094
v -0.80410635 0.00850838 -0.06356157
v -0.78601521 0.04581299 -0.06666079
v -0.81250125 0.01265711 -0.06576540
v -0.80797935 0.01021194 -0.06351551
v -0.79943204 0.00647867 -0.07570557
v -0.79662991 0.01484352 -0.07450502
v -0.81078911 0.01181138 -0.07707864
v -0.81318343 0.01415777 -0.07150941
v -0.81252134 0.00387555 -0.07691523
v -0.81507373 0.00520736 -0.07199475
v -0.81425571 0.00421822 -0.06663050
v -0.80952698 0.00355440 -0.06429612
v -0.80556142 0.00320876 -0.06450233
v -0.80910951 0.00234884 -0.07883539
v -0.80516362 0.00163698 -0.07871369
v -0.80142951 0.00157565 -0.07597423
v -0.80877304 -0.00461978 -0.07864621
v -0.81246972 -0.00471592 -0.07697599
v -0.81320667 -0.01154023 -0.06865339
v -0.81310928 -0.01681685 -0.06843327
v -0.81090832 -0.01595515 -0.06633735
v -0.81200451 -0.01011246 -0.06607623
v -0.81394351 -0.00762850 -0.06923899
v -0.81382358 -0.00426275 -0.06718138
v -0.81406617 -0.00722790 -0.07229182
v -0.81414580 -0.01169825 -0.07256803
v -0.81200671 -0.01756674 -0.07567270
v -0.81412345 -0.01796079 -0.07243507
v -0.81193936 -0.01202691 -0.07534909
v -0.81262630 -0.00791574 -0.07492809
v -0.81046003 -0.02115178 -0.06798333
v -0.81293619 -0.02090669 -0.06868845
v -0.81525362 -0.00275332 -0.07239915
v -0.80970943 -0.00212544 -0.06479611
v -0.80894142 -0.00907826 -0.06471364
v -0.80793631 -0.01551282 -0.06570712
v -0.80744249 -0.02050275 -0.06809852
v -0.80495608 -0.01519328 -0.06634378
v -0.80521393 -0.00887173 -0.06507720
v -0.80515343 -0.01923645 -0.06883042
v -0.80265522 -0.01516175 -0.06859869
v -0.80178940 -0.00905561 -0.06746235
v -0.80252182 -0.00133514 -0.06745420
v -0.80572438 -0.00133681 -0.06496963
v -0.80373645 -0.01805627 -0.06974615
v -0.81074393 -0.02427775 -0.07180938
v -0.80769497 -0.02301317 -0.07180670
v -0.81403691 -0.02337420 -0.07206957
v -0.81013048 -0.01144218 -0.07671754
v -0.80971438 -0.01737082 -0.07647212
v -0.80810219 -0.01141125 -0.07814470
v -0.80783099 -0.01742560 -0.07742947
v -0.81229824 -0.02181423 -0.07536401
v -0.81020343 -0.02227300 -0.07565899
v -0.80262071 0.00261372 -0.06701016
v -0.80090189 0.00202870 -0.07149047
v -0.80060542 -0.00178415 -0.07183978
v -0.80031508 -0.00949925 -0.07206097
v -0.80148482 -0.00240129 -0.07621664
v -0.80506176 -0.00385028 -0.07845667
v -0.80517417 -0.01073754 -0.07801670
v -0.80187523 -0.01001590 -0.07614104
v -0.80297256 -0.01567268 -0.07557222
v -0.80558622 -0.01663959 -0.07707000
v -0.80167240 -0.01543623 -0.07217582
v -0.80553043 -0.02047396 -0.07522374
v -0.80768192 -0.02197182 -0.07564834
v -0.80379415 -0.01877207 -0.07452872
v -0.80346525 -0.01886719 -0.07204196
v -0.80530620 -0.02121109 -0.07186778
v -0.78213191 0.01569951 -0.08825123
v -0.78528655 0.01753592 -0.08462813
v -0.78605628 0.01340538 -0.08419837
v -0.78228235 0.01149750 -0.08787374
v -0.79246747 0.02244204 -0.08459038
v -0.79448199 0.02515382 -0.08735584
v -0.79545748 0.01765084 -0.08757782
v -0.79361749 0.01611859 -0.08477134
v -0.79410028 0.02573818 -0.09339434
v -0.79509300 0.01738846 -0.09240879
v -0.77948391 0.03317565 -0.08077276
v -0.78059214 0.03741670 -0.08344060
v -0.79021621 0.03104350 -0.08596079
v -0.78860497 0.02745473 -0.08300409
v -0.78889978 0.01978624 -0.08361365
v -0.79026139 0.01466388 -0.08360742
v -0.78080744 0.01477927 -0.09247117
v -0.78171521 0.01540643 -0.09579282
v -0.77756733 0.01978987 -0.09512641
v -0.77705234 0.01895586 -0.09175581
v -0.76926595 0.02462909 -0.08513339
v -0.77248937 0.02659082 -0.08135939
v -0.77616179 0.02954751 -0.08020405
v -0.77430832 0.03434178 -0.09464914
v -0.77041769 0.02906367 -0.09523070
v -0.78065652 0.02314422 -0.09754889
v -0.78529990 0.02828267 -0.09713617
v -0.78516996 0.02399045 -0.08246943
v -0.77829820 0.01885006 -0.08701133
v -0.78139150 0.02119994 -0.08346656
v -0.78993964 0.02200329 -0.09777965
v -0.78854311 0.03189516 -0.09178465
v -0.78221226 0.01126420 -0.09611648
v -0.78551114 0.00243628 -0.09529755
v -0.78971517 0.00314808 -0.09636125
v -0.78665578 0.01278698 -0.09783933
v -0.78487986 0.01813048 -0.09807596
v -0.79147446 0.01550043 -0.09677210
v -0.78693891 0.00519931 -0.08351538
v -0.78370285 0.00394028 -0.08730988
v -0.79135686 0.00579149 -0.08301783
v -0.77860713 0.03836215 -0.08936495
v -0.76772118 0.02471548 -0.09352556
v -0.79751861 0.00658953 -0.08656332
v -0.79491389 0.00625515 -0.08399063
v -0.78300261 0.00299782 -0.09208147
v -0.78088653 0.01082742 -0.09240443
v -0.79429734 0.00487590 -0.09530160
v -0.79751825 0.00682813 -0.09123799
v -0.79551744 -0.00282508 -0.09413648
v -0.79872358 -0.00140440 -0.09004697
v -0.79876643 -0.00129974 -0.08533210
v -0.79554641 -0.00059229 -0.08309758
v -0.79196298 0.00003117 -0.08243892
v -0.79053986 -0.00360346 -0.09479776
v -0.78698581 -0.00324720 -0.09363973
v -0.78458023 -0.00146389 -0.09103128
v -0.78987730 -0.00833654 -0.09365529
v -0.79449630 -0.00904524 -0.09202263
v -0.79588044 -0.01448840 -0.08324406
v -0.79551405 -0.01917470 -0.08204424
v -0.79467100 -0.01835620 -0.08026287
v -0.79577714 -0.01338243 -0.08148825
v -0.79715192 -0.01108122 -0.08470589
v -0.79783237 -0.00816846 -0.08403441
v -0.79701555 -0.01095539 -0.08763689
v -0.79625416 -0.01543289 -0.08675495
v -0.79287732 -0.01949215 -0.08858910
v -0.79571790 -0.02021897 -0.08556902
v -0.79333872 -0.01486742 -0.08962235
v -0.79500777 -0.01146686 -0.09016415
v -0.79409176 -0.02257985 -0.08032277
v -0.79539108 -0.02251536 -0.08165923
v -0.79797059 -0.00750417 -0.08852279
v -0.79536378 -0.00598979 -0.08164567
v -0.79382360 -0.01184928 -0.07996002
v -0.79255879 -0.01722753 -0.07898307
v -0.79135472 -0.02135688 -0.07958862
v -0.78970110 -0.01599526 -0.07913947
v -0.79063892 -0.01061213 -0.07984382
v -0.78887117 -0.01967114 -0.07990852
v -0.78715676 -0.01527840 -0.08042365
v -0.78733820 -0.00987953 -0.08092341
v -0.78831625 -0.00373822 -0.08261767
v -0.79186863 -0.00458694 -0.08139762
v -0.78736800 -0.01819623 -0.08081210
v -0.79279304 -0.02514476 -0.08352956
v -0.78974003 -0.02370185 -0.08310378
v -0.79524374 -0.02424288 -0.08452362
v -0.79147756 -0.01422960 -0.09129992
v -0.79070002 -0.01925749 -0.08966258
v -0.78860921 -0.01346815 -0.09172100
v -0.78830779 -0.01861554 -0.08982956
v -0.79314232 -0.02294677 -0.08747497
v -0.79132360 -0.02307075 -0.08767459
v -0.78816712 0.00033855 -0.08363783
v -0.78520685 -0.00014931 -0.08695737
v -0.78543031 -0.00376111 -0.08567655
v -0.78439683 -0.01015800 -0.08398885
v -0.78450513 -0.00489259 -0.08961204
v -0.78656799 -0.00721598 -0.09216732
v -0.78568935 -0.01262641 -0.09034720
v -0.78387111 -0.01119530 -0.08786610
v -0.78455973 -0.01608247 -0.08672607
v -0.78607655 -0.01740235 -0.08882365
v -0.78491169 -0.01553774 -0.08310696
v -0.78665245 -0.02062106 -0.08634529
v -0.78869206 -0.02231908 -0.08724087
v -0.78540099 -0.01898211 -0.08540925
v -0.78612244 -0.01897895 -0.08284220
v -0.78750867 -0.02135611 -0.08280897
v -0.76782906 0.02432787 -0.08958411
v -0.76113546 0.01258096 -0.10676879
v -0.76418602 0.01376647 -0.10410434
v -0.76439291 0.01061726 -0.10438916
v -0.76113331 0.01000041 -0.10693032
v -0.77110666 0.01797467 -0.10529384
v -0.77258873 0.01937902 -0.10903522
v -0.77273679 0.01316977 -0.10943967
v -0.77155900 0.01233011 -0.10566249
v -0.77056187 0.01906580 -0.11422187
v -0.77065682 0.01311481 -0.11405697
v -0.75981045 0.02935350 -0.09943704
v -0.75929570 0.03310046 -0.10263166
v -0.76887715 0.02509251 -0.10697281
v -0.76778483 0.02293921 -0.10328135
v -0.74999952 0.01764107 -0.10556355
v -0.74906892 0.01933271 -0.10970870
v -0.74369425 0.02298313 -0.10720360
v -0.74295694 0.02233782 -0.10269662
v -0.76780558 0.01605457 -0.10357529
v -0.76821023 0.01138324 -0.10414872
v -0.75904715 0.01197693 -0.10994092
v -0.75839621 0.01184303 -0.11350101
v -0.75654662 0.01496449 -0.11298639
v -0.75699663 0.01438829 -0.10886559
v -0.75448978 0.02064735 -0.09858125
v -0.75253147 0.01793209 -0.10206194
v -0.74524844 0.02154727 -0.09825547
v -0.75004196 0.02314229 -0.09540077
v -0.75765884 0.02413835 -0.09879565
v -0.75197363 0.02796718 -0.11282185
v -0.74975073 0.02285171 -0.11235411
v -0.75826466 0.01771751 -0.11575381
v -0.76258302 0.02146783 -0.11592628
v -0.76554382 0.01952702 -0.10252056
v -0.75880551 0.01561710 -0.10535729
v -0.76251757 0.01655662 -0.10313074
v -0.76546651 0.01608726 -0.11667901
v -0.76675361 0.02547702 -0.11217919
v -0.75840515 0.00866538 -0.11410636
v -0.75927782 0.00239098 -0.11408135
v -0.76185232 0.00217307 -0.11635381
v -0.76119196 0.00930113 -0.11697069
v -0.76095891 0.01317954 -0.11624908
v -0.76581705 0.01072609 -0.11709651
v -0.76513159 0.00434595 -0.10405803
v -0.76148272 0.00421792 -0.10661706
v -0.76877081 0.00446707 -0.10402840
v -0.75628543 0.03394920 -0.10816215
v -0.77328849 0.00445330 -0.10906059
v -0.77184391 0.00434554 -0.10561422
v -0.75944352 0.00338107 -0.11026245
v -0.75900704 0.00910592 -0.11025658
v -0.76613188 0.00282562 -0.11645776
v -0.77102494 0.00432909 -0.11346850
v -0.76660490 -0.00354093 -0.11555156
v -0.77195168 -0.00212842 -0.11308366
v -0.77370799 -0.00127053 -0.10855022
v -0.77232766 -0.00018793 -0.10537031
v -0.76956463 0.00048649 -0.10387710
v -0.76202196 -0.00348175 -0.11514664
v -0.76002967 -0.00246179 -0.11278778
v -0.76052237 -0.00080407 -0.10962641
v -0.76247764 -0.00783271 -0.11337852
v -0.76704156 -0.00859892 -0.11374253
v -0.77289546 -0.01133215 -0.10607558
v -0.77322555 -0.01471108 -0.10452110
v -0.77289176 -0.01417124 -0.10269117
v -0.77319968 -0.01017791 -0.10424167
v -0.77292919 -0.00844347 -0.10811782
v -0.77334154 -0.00598007 -0.10745066
v -0.77150601 -0.00864708 -0.11090663
v -0.77193904 -0.01239663 -0.10922834
v -0.76865220 -0.01713771 -0.10968408
v -0.77240407 -0.01630068 -0.10781229
v -0.76854199 -0.01341081 -0.11175686
v -0.76901841 -0.01033443 -0.11240333
v -0.77260482 -0.01792455 -0.10239479
v -0.77340686 -0.01757771 -0.10406089
v -0.77146769 -0.00616354 -0.11180708
v -0.77238888 -0.00412154 -0.10456213
v -0.77230775 -0.00915408 -0.10250947
v -0.77181619 -0.01407629 -0.10088855
v -0.77059036 -0.01789260 -0.10112801
v -0.76964980 -0.01312089 -0.10043088
v -0.77010727 -0.00803494 -0.10170466
v -0.76863277 -0.01660097 -0.10091415
v -0.76728427 -0.01233852 -0.10095295
v -0.76709616 -0.00726730 -0.10204637
v -0.76655668 -0.00228399 -0.10338891
v -0.76988173 -0.00287813 -0.10330817
v -0.76730645 -0.01527554 -0.10100350
v -0.77068079 -0.02043933 -0.10472116
v -0.76857877 -0.01972830 -0.10324904
v -0.77237964 -0.01954019 -0.10664627
v -0.76595473 -0.01330012 -0.11205098
v -0.76627600 -0.01755834 -0.10959265
v -0.76324475 -0.01233089 -0.11132234
v -0.76428336 -0.01692742 -0.10840526
v -0.76953578 -0.01952273 -0.10836789
v -0.76794672 -0.02013236 -0.10730252
v -0.76590192 0.00073171 -0.10382965
v -0.76244068 0.00037676 -0.10616627
v -0.76307833 -0.00288111 -0.10528612
v -0.76383221 -0.00761014 -0.10363650
v -0.76081407 -0.00436884 -0.10835895
v -0.76048607 -0.00619715 -0.11132064
v -0.76156557 -0.01115769 -0.10925859
v -0.76151580 -0.00934839 -0.10642439
v -0.76316774 -0.01398438 -0.10452437
v -0.76320410 -0.01564401 -0.10660735
v -0.76476574 -0.01264876 -0.10237318
v -0.76531982 -0.01788485 -0.10432917
v -0.76628160 -0.01938820 -0.10566500
v -0.76481813 -0.01634425 -0.10344079
v -0.76602185 -0.01602811 -0.10213605
v -0.76706094 -0.01811093 -0.10242018
v -0.74526614 0.02536115 -0.10972106
v -0.74988931 0.01495346 -0.02569002
v -0.74953789 0.01553521 -0.02081083
v -0.74367505 0.00015737 -0.03116477
v -0.74667650 0.00637525 -0.03196843
v -0.74123675 -0.00362379 -0.02617514
v -0.74229366 0.00023697 -0.01626527
v -0.74099404 -0.00291511 -0.02057323
v -0.74891102 0.01158723 -0.02946070
v -0.74799752 0.01306223 -0.01641290
v -0.74479920 0.00646012 -0.01430029
v -0.75661343 0.00614747 -0.01400265
v -0.75366861 -0.00015437 -0.01291271
v -0.74995571 -0.00654149 -0.01571777
v -0.74774861 -0.00798176 -0.02090906
v -0.74658656 -0.00703535 -0.02626114
v -0.75715166 0.01066197 -0.01901521
v -0.75650644 0.01115251 -0.02414343
v -0.75420684 0.00843866 -0.02873512
v -0.76463068 0.00516520 -0.01735839
v -0.76738095 -0.00109920 -0.01366055
v -0.76569229 -0.01466743 -0.01597464
v -0.76955700 -0.01695359 -0.01573402
v -0.76800805 -0.01802877 -0.01972875
v -0.76325876 -0.01585682 -0.01938608
v -0.76372397 -0.01208798 -0.01584119
v -0.75945699 -0.01206148 -0.01757959
v -0.76919341 -0.01083591 -0.01281172
v -0.76630533 -0.00858332 -0.01372489
v -0.76909119 -0.00536729 -0.01298276
v -0.77240974 -0.00616734 -0.01271132
v -0.77296412 -0.01367051 -0.01206666
v -0.77627409 -0.01571418 -0.01365519
v -0.77308369 -0.01816485 -0.01569584
v -0.77296734 -0.01843876 -0.01906249
v -0.76322031 -0.00645288 -0.01335040
v -0.75416434 -0.01218949 -0.02247715
v -0.76085550 -0.01566424 -0.02367193
v -0.76725495 -0.01739255 -0.02396637
v -0.77292156 -0.01705600 -0.02329111
v -0.76734376 -0.01441684 -0.02797014
v -0.76017731 -0.01308822 -0.02840427
v -0.77228487 -0.01376523 -0.02623728
v -0.76837415 -0.01037423 -0.02945814
v -0.76169831 -0.00831091 -0.03096816
v -0.75250530 -0.00471309 -0.03087285
v -0.75196391 -0.00983464 -0.02751455
v -0.77174276 -0.01114237 -0.02764809
v -0.77788401 -0.01574488 -0.01744857
v -0.77707374 -0.01347596 -0.02135199
v -0.77291083 -0.00262630 -0.01490051
v -0.77680767 -0.00565622 -0.01546198
v -0.77566773 -0.00856050 -0.01251599
v -0.77197391 0.00070428 -0.01829782
v -0.77659714 -0.00363693 -0.01918715
v -0.77789283 -0.01161540 -0.01295334
v -0.77897930 -0.01007642 -0.01600835
v -0.74790972 -0.00274227 -0.03074029
v -0.75093246 0.00328282 -0.03137459
v -0.75553864 0.00132924 -0.03091186
v -0.76406837 -0.00266833 -0.03018397
v -0.75975615 0.00601543 -0.02769855
v -0.76297557 0.00743343 -0.02229446
v -0.77054119 0.00210707 -0.02267483
v -0.76758552 0.00115816 -0.02722862
v -0.77275574 -0.00358925 -0.02625719
v -0.77513677 -0.00294239 -0.02315450
v -0.77036977 -0.00649308 -0.02855635
v -0.77658576 -0.00730028 -0.02347362
v -0.77840769 -0.00843624 -0.02010366
v -0.77464700 -0.00667691 -0.02548128
v -0.77350903 -0.00898042 -0.02659738
v -0.77540177 -0.01101842 -0.02452391
v -0.73899847 0.02406744 -0.10204121
v -0.74150825 0.02327644 -0.09651615
v -0.73581809 0.02400297 -0.09572668
v -0.72837377 0.02280882 -0.09460256
v -0.71975374 0.02444878 -0.09852672
v -0.73042399 0.02355231 -0.08839221
v -0.73819345 0.02464687 -0.08985078
v -0.74654359 0.02445404 -0.09075245
v -0.72528726 0.02467651 -0.08191627
v -0.01680105 0.07458353 0.06391247
v -0.01754093 0.05719509 0.07653809
v -0.29003859 0.06264912 0.00172905
v -0.28772739 0.08216287 0.00036671
v -0.28447187 0.11963848 -0.04339981
v -0.27956024 0.11600219 -0.06845444
v -0.07165334 -0.20894609 0.13995337
v -0.11301813 -0.16336952 -0.09111281
v -0.11475550 -0.14611736 -0.09842637
v -0.03604569 -0.14571850 -0.11940583
v -0.05592443 -0.14963314 -0.11798879
v -0.15176764 -0.17641927 0.03390765
v -0.14996091 -0.15682612 0.03086370
v -0.10998813 -0.18475960 0.09933872
v -0.10940415 -0.16233154 0.09622318
v -0.14504801 -0.19959548 0.06262577
v -0.08497957 -0.19141169 -0.10586128
v -0.10520688 -0.19440317 -0.09769960
v -0.09855442 -0.17583627 -0.09955102
v -0.07887357 -0.17267801 -0.10819719
v -0.01745721 -0.14220512 -0.11611778
v -0.01771713 -0.16172399 -0.10878683
v -0.15595293 -0.13671105 0.00123834
v -0.15470071 -0.13682912 -0.02820421
v -0.13268350 -0.13314533 -0.07985961
v -0.11507303 -0.12775847 -0.09847332
v -0.09583794 -0.12124243 -0.11104040
v -0.07640114 -0.11466450 -0.12004953
v -0.09347968 -0.13919890 0.11275811
v -0.07372093 -0.11647221 0.12124972
v -0.15016054 -0.13679473 0.02977430
v -0.02655265 -0.13871391 0.14450660
v -0.06102978 -0.08599269 -0.13331492
v -0.03898250 -0.08192097 -0.13690688
v -0.14641899 -0.13596763 -0.05553328
v -0.03397825 0.02104490 0.11304805
v -0.05249998 0.02387695 0.11105574
v -0.05240870 0.00911531 0.12463719
v -0.03421457 0.00539389 0.12564151
v -0.07024993 0.01163508 0.12278575
v -0.08745248 0.01322943 0.11889862
v -0.10294801 0.01354809 0.11315381
v -0.13679880 0.00799535 0.09034260
v -0.12747350 0.01073487 0.09845693
v -0.15227778 -0.00087750 0.07283913
v -0.14507450 0.00471111 0.08179086
v -0.15963219 -0.01191729 0.06303836
v -0.16571760 -0.02538986 0.05003059
v -0.16993889 -0.02415394 0.02504357
v -0.16974047 -0.03843188 0.03290001
v -0.16577817 -0.03960416 0.05977086
v -0.16062383 -0.02555585 0.07329895
v -0.15346445 -0.01498155 0.08406349
v -0.02016061 -0.05861139 0.14268956
v -0.01793131 -0.03508050 0.14310873
v -0.01519846 0.09083402 0.05297543
v -0.48906264 0.02930888 -0.09216304
v -0.61183888 0.06040308 -0.03240422
v -0.01794963 0.11604211 -0.11551926
v -0.03736357 0.12058740 -0.11580233
v -0.09963362 0.13548484 -0.10185904
v -0.11392559 0.14681372 -0.08426044
v -0.07916653 0.12502818 -0.11256969
v -0.05751677 0.11583322 -0.11825401
v -0.13533287 -0.11892742 0.05369667
v -0.03778776 0.08486859 -0.12767433
v -0.05886040 0.10463751 -0.12311832
v -0.08117430 0.11356074 -0.11925022
v -0.10381513 0.12476680 -0.10879134
v -0.12538555 0.13745436 -0.09021574
v -0.13971367 0.13659646 -0.08321270
v -0.15798236 0.12055784 -0.08989982
v -0.17336576 0.12499617 -0.08074898
v -0.17523374 0.13768256 -0.06431569
v -0.16727984 0.13625556 -0.06909810
v -0.16530758 0.12248556 -0.08525387
v -0.24588178 0.12367696 -0.07761966
v -0.27069119 0.10020820 -0.09227066
v -0.26153675 0.11365782 -0.08296327
v -0.27575135 0.08400904 -0.10051283
v -0.27683511 0.07107294 -0.10430346
v -0.27311140 0.05848035 -0.10564091
v -0.26308632 0.04862577 -0.10523534
v -0.22556083 0.02830708 -0.09241039
v -0.20927073 0.02118414 -0.08698126
v -0.17354788 -0.00593878 -0.08919896
v -0.16657431 -0.01223161 -0.09251834
v -0.14775212 -0.04279954 -0.10377637
v -0.13628471 -0.05740320 -0.10777536
v -0.12402654 -0.07356603 -0.11242347
v -0.14213279 -0.28392729 -0.11444835
v -0.13381545 -0.26522318 -0.10549354
v -0.11138570 -0.26685402 -0.11821815
v -0.11990461 -0.28606558 -0.12713443
v -0.05070847 -0.22818346 -0.10754026
v -0.02519439 -0.22714148 -0.10464241
v -0.18153962 -0.26751637 -0.04254507
v -0.18689726 -0.27180383 -0.01250348
v -0.15275930 -0.26426512 -0.08898263
v -0.16912350 -0.26508981 -0.06848460
v -0.18433897 -0.27755556 0.01835617
v -0.12068754 -0.30886605 0.11499292
v -0.09852029 -0.31569475 0.13372861
v -0.05024441 -0.32559565 0.15856749
v -0.02503139 -0.32813856 0.16361195
v -0.17527299 -0.28534025 0.04686468
v -0.07486423 -0.32148901 0.14871900
v -0.16048706 -0.29356506 0.07197366
v -0.14145635 -0.30144501 0.09437569
v -0.07319111 -0.22959442 -0.10622019
v -0.07935402 -0.24760236 -0.11522948
v -0.10119637 -0.24798828 -0.10890203
v -0.05897831 -0.00862840 -0.14813410
v -0.03805217 -0.01010792 -0.14886367
v -0.08015884 -0.00475110 -0.14493841
v -0.09616762 0.02037838 -0.14138572
v -0.09836788 0.00245036 -0.14047366
v -0.11624129 0.00952452 -0.13491532
v -0.11385181 0.02707934 -0.13612804
v -0.14378199 0.03837543 -0.12051417
v -0.14529049 0.02498665 -0.11907741
v -0.15584135 0.02956564 -0.11301943
v -0.15495008 0.04210687 -0.11497213
v -0.17762893 0.03676593 -0.10508139
v -0.16622004 0.03271144 -0.10909788
v -0.18888594 0.04251820 -0.09959231
v -0.20280778 0.04871242 -0.10034686
v -0.19841033 0.07706678 -0.10523126
v -0.18707724 0.07002399 -0.10603441
v -0.14375128 0.05307471 -0.11972955
v -0.12974861 0.04930139 -0.12781884
v -0.03788427 0.02115507 -0.14172958
v -0.01890641 0.01586533 -0.13751046
v -0.17196453 -0.04451999 0.01033658
v -0.17325856 -0.04848129 -0.01424881
v -0.17247967 -0.04977224 -0.03660401
v -0.16903128 -0.04829455 -0.05587508
v -0.16664617 -0.04444483 -0.07293531
v -0.16117388 -0.03825625 -0.08748467
v -0.16031758 -0.02055249 -0.09607061
v -0.15458600 -0.03021055 -0.09981454
v -0.15574205 -0.01088568 -0.10463209
v -0.14805773 -0.02050465 -0.10974702
v -0.13581842 0.00342201 -0.12379236
v -0.14142504 -0.00960311 -0.11782181
v -0.13200556 0.01831109 -0.12756942
v -0.12986274 0.03362775 -0.12899263
v -0.11311296 0.04455964 -0.13529830
v -0.09557741 0.03859048 -0.14065297
v -0.07841950 0.06850483 -0.13649666
v -0.07745745 0.05112134 -0.14062400
v -0.07709288 0.03242977 -0.14399716
v -0.07755142 0.01404886 -0.14544542
v -0.07476243 0.15788577 -0.08300312
v -0.05747209 0.15053362 -0.09509317
v -0.25541967 0.05399992 -0.10601464
v -0.26058868 0.06219591 -0.10642883
v -0.25102082 0.06273968 -0.10673410
v -0.25006753 0.05663852 -0.10630787
v -0.26189238 0.07215950 -0.10569169
v -0.26013070 0.08496596 -0.10309814
v -0.24862131 0.08367487 -0.10473328
v -0.25024274 0.07141746 -0.10676467
v -0.25568765 0.09879927 -0.09738793
v -0.24379236 0.09647340 -0.10095054
v -0.24826437 0.11049993 -0.09130286
v -0.23828854 0.11841034 -0.08718135
v -0.23430732 0.11379330 -0.09233304
v -0.23875666 0.10705645 -0.09625208
v -0.20507890 0.10986366 -0.09616027
v -0.21609794 0.11247466 -0.09460485
v -0.22674401 0.11353316 -0.09305286
v -0.21701196 0.05579998 -0.10388473
v -0.22899854 0.06376455 -0.10617544
v -0.23949322 0.06926087 -0.10694341
v -0.23697887 0.08122804 -0.10588988
v -0.22622888 0.07546380 -0.10618792
v -0.21416476 0.06800511 -0.10541687
v -0.05704011 0.01046241 -0.14836878
v -0.03759536 0.00604418 -0.14747749
v -0.17627247 0.04945158 -0.10694285
v -0.16611093 0.04566776 -0.11131857
v -0.18683526 0.05483175 -0.10278466
v -0.20032723 0.06166814 -0.10351348
v -0.17645833 0.06465496 -0.10808553
v -0.16636771 0.06004154 -0.11163006
v -0.15536925 0.05628170 -0.11514916
v -0.05732946 0.02658566 -0.14457993
v -0.01882691 0.00316809 -0.14579956
v -0.17262691 0.10261294 0.02378620
v -0.17467095 0.12909129 0.00780936
v -0.17834190 0.14544067 -0.01528956
v -0.17808934 0.14766952 -0.04193720
v -0.41665882 -0.00102574 -0.05448544
v -0.01894044 -0.18171291 -0.10458475
v -0.02158551 -0.20359504 -0.10255959
v -0.04451957 -0.20690444 -0.10680390
v -0.01876948 -0.08050567 -0.13935640
v -0.01867181 -0.01049775 -0.14898707
v -0.11616951 -0.01478813 0.13301629
v -0.10259924 -0.01395477 0.13918754
v -0.10270380 0.00003703 0.12728874
v -0.11619117 -0.00095364 0.12061380
v -0.13797989 -0.01861866 0.11508299
v -0.12837851 -0.01658310 0.12446576
v -0.12782848 -0.00284276 0.11228456
v -0.13765405 -0.00554084 0.10326998
v -0.14651985 -0.02248742 0.10503133
v -0.14584705 -0.00912140 0.09382015
v -0.12768373 -0.03204478 0.13338467
v -0.11559932 -0.03068438 0.14166951
v -0.10206733 -0.02963126 0.14763203
v -0.14572158 -0.03622959 0.11355489
v -0.13773276 -0.03369341 0.12369583
v -0.00990076 0.15625429 0.03292232
v -0.01202986 0.11498340 0.03595824
v -0.01098512 0.12488758 0.03096387
v -0.01698476 -0.01511114 0.13689458
v -0.01637509 0.01760295 0.11561632
v -0.01729007 0.02568657 0.10072887
v -0.01766127 0.03949130 0.08842684
v -0.01402204 0.10378387 0.04389825
v -0.01649511 0.00179071 0.12720618
v -0.19213103 -0.46903554 -0.09078548
v -0.17003059 -0.48660260 -0.11171168
v -0.17745626 -0.45897472 -0.11085474
v -0.16035809 -0.47206008 -0.12500639
v -0.19334368 -0.38543332 -0.08446714
v -0.19207980 -0.41307309 -0.09147137
v -0.19385754 -0.35567164 -0.07999200
v -0.13701266 -0.47944033 -0.13875589
v -0.10763709 -0.48169377 -0.14866382
v -0.10466129 -0.46041217 -0.15783331
v -0.17591247 -0.35748208 -0.10836042
v -0.17534760 -0.38611692 -0.11197405
v -0.18739879 -0.43861035 -0.10032532
v -0.17097849 -0.43718889 -0.12030572
v -0.16764255 -0.45293835 -0.12240306
v -0.13308464 -0.46055570 -0.14684284
v -0.15429458 -0.45812201 -0.13347162
v -0.04068206 -0.30942452 -0.15086095
v -0.07398883 -0.31004742 -0.14949912
v -0.06897736 -0.28857335 -0.13921908
v -0.14866745 -0.30508116 -0.12094341
v -0.16303062 -0.28217691 -0.09539659
v -0.15301867 -0.43939775 -0.13678117
v -0.13072154 -0.43833154 -0.15195021
v -0.10182923 -0.43592206 -0.16430739
v -0.10291664 -0.35631099 -0.16071580
v -0.10054396 -0.38159490 -0.16608554
v -0.12788771 -0.38443598 -0.15369859
v -0.13033414 -0.35750034 -0.14850092
v -0.15272354 -0.33041409 -0.12656063
v -0.15436694 -0.35788646 -0.13110501
v -0.10359980 -0.33174542 -0.15320241
v -0.12938255 -0.33117098 -0.14226434
v -0.12564871 -0.30684769 -0.13506159
v -0.15350063 -0.38675475 -0.13517457
v -0.06670689 -0.40752342 -0.17492557
v -0.09941864 -0.40993905 -0.16779186
v -0.03340482 -0.40603900 -0.17328201
v -0.10061309 -0.30859870 -0.14455847
v -0.09607299 -0.28734002 -0.13481779
v -0.08752673 -0.26683724 -0.12537460
v -0.06703536 -0.21022762 -0.10677737
v -0.12743028 -0.70856953 0.06840785
v 0.00043227 -0.52099371 0.01112508
v -0.00054318 -0.51402885 -0.01759099
v -0.20294710 -0.42645299 0.04652912
v -0.21687376 -0.44983804 -0.03940656
v -0.20374177 -0.44322565 -0.07362272
v -0.02565924 -0.51817495 0.08645744
v -0.00737942 -0.52468598 0.06121003
v -0.18318187 -0.43396086 0.07644690
v -0.12140530 -0.48098031 0.11097063
v -0.00018355 -0.52481341 0.03564655
v -0.17367066 -0.41340822 -0.11636446
v -0.15320730 -0.41487300 -0.13688426
v -0.12881052 -0.41266152 -0.15429042
v -0.06820745 -0.43328881 -0.17167766
v -0.03343111 -0.42939872 -0.17108983
v -0.02664577 -0.45583841 0.10307303
v -0.02224121 -0.44638905 0.11009237
v -0.01170962 -0.44769821 0.10904295
v -0.01196360 -0.46059281 0.09834347
v -0.12264128 -0.33254737 0.11472247
v -0.09857466 -0.34016296 0.13238773
v -0.04813930 -0.34939170 0.15484357
v -0.02334043 -0.35112712 0.15891923
v -0.18108159 -0.30599579 0.04686751
v -0.07336195 -0.34584808 0.14624608
v -0.16551426 -0.31518075 0.07216899
v -0.14515163 -0.32419071 0.09508118
v -0.07123028 -1.16902566 -0.07034606
v -0.07418821 -1.19839561 -0.06733899
v -0.07388931 -1.19614685 -0.08355837
v -0.06913482 -1.16665256 -0.08655082
v -0.09085801 -1.16131508 -0.11829881
v -0.07680970 -1.16391194 -0.10907064
v -0.10778353 -1.16071379 -0.12027203
v -0.10450898 -1.19146800 -0.11873684
v -0.11703940 -1.19204640 -0.11270873
v -0.12250781 -1.16197085 -0.11462217
v -0.13042758 -1.16239107 -0.10426244
v -0.13596061 -1.19260263 -0.07158650
v -0.14179300 -1.16342962 -0.07157949
v -0.13621736 -1.16233361 -0.09096760
v -0.13120617 -1.19243646 -0.08990335
v -0.13472766 -1.16817176 -0.05145691
v -0.12828425 -1.19678557 -0.05210243
v -0.11766475 -1.17298973 -0.03972843
v -0.07823349 -1.17222357 -0.05418107
v -0.07909967 -1.20090246 -0.05065440
v -0.08895969 -1.19214940 -0.11606929
v -0.07778993 -1.19440484 -0.10539715
v -0.07027439 -1.16561639 -0.09812932
v -0.07535954 -1.19496298 -0.09475517
v -0.07563044 -1.22633111 -0.07966000
v -0.07125170 -1.22662818 -0.06436183
v -0.08817185 -1.22198021 -0.11549906
v -0.08050592 -1.22370934 -0.10303710
v -0.11363430 -1.22135687 -0.11138121
v -0.10219835 -1.22091746 -0.11949468
v -0.13078369 -1.22162199 -0.08981019
v -0.12450724 -1.19238114 -0.10168333
v -0.12182309 -1.22155881 -0.10016025
v -0.13269040 -1.22101343 -0.07251544
v -0.12626858 -1.22383380 -0.05034385
v -0.07662515 -1.22740436 -0.04564490
v -0.07758947 -1.22530544 -0.09157337
v -0.12856631 -1.31021488 0.10444914
v -0.13284595 -1.31026661 0.10350624
v -0.13450190 -1.31433415 0.10408586
v -0.12793265 -1.31513309 0.10543853
v -0.08664437 -1.30669200 0.11564962
v -0.09475246 -1.30515230 0.11754635
v -0.09669841 -1.31368196 0.11580895
v -0.08548637 -1.31584024 0.11392345
v -0.11984832 -1.31787920 0.11040045
v -0.11512006 -1.31777680 0.11095133
v -0.11427329 -1.31422949 0.11460760
v -0.12149896 -1.31423175 0.11356417
v -0.15929395 -1.31485975 0.07107595
v -0.15513012 -1.31517673 0.07262450
v -0.15526670 -1.31080866 0.07505386
v -0.16013677 -1.31160140 0.07241289
v -0.14591677 -1.31832564 0.08833990
v -0.14218046 -1.31875622 0.08985004
v -0.14185528 -1.31467116 0.09273058
v -0.14775185 -1.31507111 0.09028762
v -0.09743644 -1.30066895 0.09430407
v -0.09709783 -1.30189586 0.10812309
v -0.08516829 -1.30449104 0.10597581
v -0.08330166 -1.29965019 0.09183350
v -0.07841593 -1.31290174 0.10233498
v -0.08539787 -1.31814814 0.09984276
v -0.08369187 -1.31856310 0.08572928
v -0.07682297 -1.31040704 0.08681767
v -0.09760083 -1.31846285 0.10202038
v -0.09719231 -1.31802619 0.08915655
v -0.10420237 -1.30971301 0.09331456
v -0.10593327 -1.31028378 0.10722336
v -0.12305112 -1.30947268 0.09402218
v -0.12581646 -1.31183171 0.10556778
v -0.12005783 -1.30622399 0.10689545
v -0.11783564 -1.30209696 0.09493525
v -0.11231282 -1.30640244 0.10820908
v -0.10733891 -1.30268610 0.09680535
v -0.10399365 -1.31195772 0.09588255
v -0.10660787 -1.31297159 0.10860114
v -0.11176435 -1.31810546 0.10474050
v -0.10869472 -1.31731391 0.09227857
v -0.11779181 -1.31637692 0.09165145
v -0.12068080 -1.31790042 0.10332486
v -0.12668750 -1.30869019 0.09884273
v -0.12451748 -1.30393565 0.08980963
v -0.13458705 -1.30289054 0.08753306
v -0.13397501 -1.30813384 0.09780906
v -0.12642589 -1.31721330 0.08711717
v -0.12134467 -1.31284785 0.08982502
v -0.12270311 -1.31534588 0.09909668
v -0.12793051 -1.31881583 0.09713264
v -0.13520490 -1.31873047 0.09632841
v -0.13574874 -1.31623840 0.08577646
v -0.13956623 -1.30947483 0.08726282
v -0.13906121 -1.31322575 0.09738556
v -0.14831199 -1.30823672 0.08464381
v -0.15007308 -1.30269694 0.07488550
v -0.15374650 -1.30944312 0.07380636
v -0.15086436 -1.31417823 0.08333486
v -0.14226332 -1.30329514 0.07850184
v -0.14288218 -1.30723310 0.08646315
v -0.14208445 -1.31628072 0.07675316
v -0.13935079 -1.30941772 0.08032588
v -0.13835508 -1.31180823 0.08707799
v -0.14094214 -1.31830907 0.08457768
v -0.14785984 -1.31870604 0.08288013
v -0.15008263 -1.31626248 0.07318874
v -0.16437173 -1.30989027 0.06540730
v -0.16271271 -1.30428326 0.06701621
v -0.16318773 -1.30222237 0.05837440
v -0.16488372 -1.30892241 0.05542632
v -0.15656467 -1.30183721 0.06321049
v -0.15612799 -1.30444431 0.06958438
v -0.15482016 -1.31452155 0.06140010
v -0.15476954 -1.30735064 0.06455027
v -0.15279661 -1.30911613 0.06970018
v -0.15394787 -1.31533909 0.06765752
v -0.16026768 -1.31577861 0.06551567
v -0.16092205 -1.31417811 0.05699550
v -0.08282712 -1.29621327 0.07788013
v -0.10091376 -1.29942477 0.08080158
v -0.08791773 -1.31794512 0.10906519
v -0.07641573 -1.30901778 0.07263757
v -0.09463583 -1.31787479 0.11013717
v -0.10052878 -1.31754935 0.07694454
v -0.08386789 -1.31750715 0.07153716
v -0.10307842 -1.30979729 0.08702537
v -0.11955953 -1.30925941 0.11304305
v -0.12033935 -1.31017089 0.08486009
v -0.12010360 -1.31717312 0.07554386
v -0.11529350 -1.30911148 0.11355212
v -0.11914460 -1.29911137 0.07909237
v -0.13681470 -1.29970503 0.07046545
v -0.12995103 -1.31826603 0.10273421
v -0.13385484 -1.31791103 0.10234261
v -0.13858795 -1.31678748 0.06896965
v -0.13959266 -1.30832303 0.07822168
v -0.14714271 -1.31076741 0.08999588
v -0.15445714 -1.30762017 0.06456562
v -0.15257205 -1.31609571 0.05802253
v -0.14357163 -1.31030321 0.09102495
v -0.15273409 -1.29877627 0.05911576
v -0.15919092 -1.30810940 0.07149380
v -0.16140598 -1.31584477 0.04639106
v -0.16667537 -1.30824697 0.04332059
v -0.15648583 -1.30738473 0.07341747
v -0.16394894 -1.29946852 0.04794702
v -0.08826225 -1.17517364 -0.04283684
v -0.08838168 -1.20221901 -0.03971554
v -0.10138631 -1.17643785 -0.03810733
v -0.11378459 -1.20066166 -0.04006772
v -0.09990534 -1.20352495 -0.03662995
v -0.08662611 -1.22691596 -0.03229179
v -0.11268787 -1.22752094 -0.03578248
v -0.10060750 -1.22763777 -0.03017548
v -0.13283941 -1.24323237 -0.09227049
v -0.13714805 -1.24419379 -0.07434258
v -0.12329141 -1.24294090 -0.10372236
v -0.10037943 -1.24382842 -0.12266010
v -0.11394824 -1.24327731 -0.11535127
v -0.08523698 -1.24656272 -0.02244575
v -0.07453954 -1.24875128 -0.03900687
v -0.10164107 -1.24520671 -0.01775914
v -0.11556090 -1.24613130 -0.02528491
v -0.07832480 -1.29133451 0.06174417
v -0.07797118 -1.28974116 0.04135597
v -0.09304898 -1.27990568 0.04445062
v -0.09716155 -1.28878498 0.06325331
v -0.11181934 -1.27940941 0.04121435
v -0.11520786 -1.29027665 0.06014168
v -0.12837647 -1.28312504 0.03346183
v -0.13224170 -1.29184294 0.05258913
v -0.14387767 -1.28668833 0.02430078
v -0.14844884 -1.29320657 0.04274254
v -0.15706426 -1.29362774 0.01447951
v -0.16193424 -1.29674399 0.03322135
v -0.16439170 -1.30401564 0.00910729
v -0.16815063 -1.30673218 0.02816390
v -0.07206109 -1.30751121 0.05625133
v -0.07377192 -1.30526423 0.03585075
v -0.08230430 -1.31922007 0.05332518
v -0.08356094 -1.31847072 0.03314329
v -0.09958972 -1.31942928 0.05250562
v -0.09969634 -1.31931770 0.03151965
v -0.16050206 -1.31625903 0.01075448
v -0.16229199 -1.31774282 0.03057237
v -0.11833766 -1.31849265 0.04846098
v -0.11777034 -1.31784892 0.02718684
v -0.13557734 -1.31963575 0.04254390
v -0.13459994 -1.31885147 0.02121335
v -0.15023181 -1.31993866 0.03608007
v -0.14899009 -1.31944156 0.01513009
v -0.08824527 -1.27254558 0.02178878
v -0.10810177 -1.26717806 0.02063816
v -0.12403937 -1.27164030 0.01182673
v -0.13824631 -1.27896655 0.00139741
v -0.15053774 -1.28906429 -0.00818018
v -0.15866527 -1.30014443 -0.01291210
v -0.13650441 -1.26773095 -0.02654605
v -0.14524783 -1.28603995 -0.03415744
v -0.15133557 -1.29866552 -0.03596850
v -0.14159085 -1.28347075 -0.06018296
v -0.14531584 -1.29702520 -0.05996279
v -0.13245463 -1.28278565 -0.10234234
v -0.13757655 -1.29770875 -0.10388835
v -0.14138012 -1.29572117 -0.08390128
v -0.13671745 -1.28227162 -0.08376648
v -0.13720986 -1.26666105 -0.05468202
v -0.13482559 -1.26434016 -0.07914580
v -0.13000724 -1.26310122 -0.09763487
v -0.13154139 -1.29830968 -0.11731523
v -0.12709542 -1.28316438 -0.11573058
v -0.11866001 -1.28245223 -0.12749086
v -0.12121753 -1.29802525 -0.12737575
v -0.10189453 -1.28338146 -0.13463867
v -0.10397871 -1.29981816 -0.13298254
v -0.08671820 -1.28672159 -0.12526760
v -0.08771208 -1.30203056 -0.12455109
v -0.11475584 -1.26278269 -0.12057021
v -0.12288354 -1.26338780 -0.11000063
v -0.10082218 -1.26307642 -0.12802866
v -0.08775795 -1.26566625 -0.12009712
v -0.08203744 -1.26703894 -0.10240430
v -0.08099108 -1.28847444 -0.10488947
v -0.07967053 -1.30288553 -0.10617852
v -0.07960150 -1.28815615 0.01735709
v -0.07956656 -1.30128491 0.01267553
v -0.12101465 -1.25824142 -0.00819393
v -0.10409872 -1.25598109 -0.00002461
v -0.08424295 -1.26291633 -0.00614557
v -0.07743802 -1.28491545 -0.00888361
v -0.08193064 -1.29967344 -0.01337490
v -0.08205266 -1.29943585 -0.03697788
v -0.07613146 -1.28634775 -0.03448405
v -0.08719904 -1.31182969 0.00937021
v -0.09028460 -1.30654848 -0.01606821
v -0.08982971 -1.30604863 -0.03929365
v -0.07963068 -1.30056143 -0.05817349
v -0.07553819 -1.28755605 -0.05633359
v -0.07892100 -1.30138552 -0.07565051
v -0.07745115 -1.28749633 -0.07434015
v -0.07919570 -1.28774762 -0.08903874
v -0.07856277 -1.30214763 -0.09035708
v -0.07645707 -1.26803946 -0.07572895
v -0.07943300 -1.26694453 -0.08857140
v -0.07468800 -1.26874352 -0.05699347
v -0.07515582 -1.26713443 -0.03343608
v -0.15612637 -1.31241238 -0.01212503
v -0.15038779 -1.30893922 -0.03517762
v -0.14381506 -1.30650163 -0.05845008
v -0.13915095 -1.30712533 -0.08198386
v -0.13341431 -1.30877721 -0.10069209
v -0.12729746 -1.30929947 -0.11236080
v -0.10456424 -1.30924606 -0.12451414
v -0.11844422 -1.30910695 -0.12144359
v -0.09240759 -1.31027687 -0.11894333
v -0.08679448 -1.31200278 -0.10442837
v -0.08514945 -1.31273723 -0.09082864
v -0.08680265 -1.30892611 -0.06038581
v -0.08507049 -1.31162739 -0.07720443
v -0.06932929 -1.24965286 -0.06067564
v -0.07303018 -1.24848485 -0.07812802
v -0.07817078 -1.24695373 -0.08986907
v -0.08798070 -1.24462461 -0.11633354
v -0.08153845 -1.24562943 -0.10144699
v -0.10075643 -1.31535459 0.00658444
v -0.11764154 -1.31495786 0.00205410
v -0.13338901 -1.31566453 -0.00356459
v -0.14623328 -1.31593716 -0.00847763
v -0.14219978 -1.31280053 -0.03235090
v -0.13067837 -1.31301320 -0.02874953
v -0.11588044 -1.31311202 -0.02412924
v -0.10123748 -1.31065047 -0.01923634
v -0.13634746 -1.31122744 -0.05526285
v -0.12623304 -1.31233644 -0.05164906
v -0.11224005 -1.31275034 -0.04821249
v -0.09970393 -1.31092298 -0.04277546
v -0.09636211 -1.31374741 -0.06399719
v -0.10728592 -1.31446564 -0.06971385
v -0.12042596 -1.31351876 -0.07274217
v -0.12993854 -1.31183720 -0.07758886
v -0.12458774 -1.31230962 -0.09504958
v -0.11527690 -1.31351638 -0.08963041
v -0.10331204 -1.31446457 -0.08623264
v -0.09432014 -1.31466722 -0.08084454
v -0.12005521 -1.31243360 -0.10503680
v -0.10579249 -1.31237423 -0.11608354
v -0.11414281 -1.31227064 -0.11260465
v -0.09747975 -1.31325006 -0.11325498
v -0.09457138 -1.31418467 -0.10297723
v -0.09378583 -1.31471622 -0.09240985
v -0.10226314 -1.31421590 -0.09550456
v -0.10161814 -1.31379116 -0.10315923
v -0.11210950 -1.31314802 -0.09934039
v -0.10943742 -1.31291592 -0.10623138
v -0.10147669 -1.31329119 -0.10922788
v -0.10573987 -1.31276906 -0.11063186
v -0.12916519 -1.24831557 -0.04597529
v -0.09624140 -0.88222402 0.00709482
v -0.07998152 -0.88055009 0.00421622
v -0.11499379 -0.87890422 0.00666113
v -0.15419611 -0.44233304 0.09798562
v -0.09307913 -0.20759489 0.12253854
v -0.09299143 -0.16220176 0.11589684
v -0.09247037 -0.18528149 0.11908801
v -0.15491983 -0.47257811 0.09941037
v -0.13878177 -0.13837263 0.05451491
v -0.11627193 0.01257374 0.10629676
v 0.13758546 -1.29770279 -0.10388681
v 0.14138952 -1.29571712 -0.08390118
v 0.13672662 -1.28226840 -0.08376701
v -0.00657505 0.27452224 0.09402376
v -0.06653982 0.24811803 0.02897098
v -0.06572932 0.24049243 0.02183926
v -0.06232697 0.22975820 0.02871383
v -0.06379341 0.23824286 0.03662673
v -0.05753181 0.21993433 0.03630123
v -0.06082182 0.22992679 0.04254739
v -0.05234659 0.21182118 0.04517625
v -0.05690038 0.22212544 0.04952044
v -0.04797308 0.20699497 0.05480197
v -0.05275736 0.21706279 0.05760337
v -0.03292085 0.20442985 0.07537356
v -0.03112195 0.19928592 0.07162857
v -0.02412092 0.19701049 0.07876625
v -0.02488664 0.20108254 0.08288495
v -0.01695030 0.19492169 0.08545512
v -0.01770465 0.19865604 0.08953603
v -0.00921911 0.19370848 0.08947580
v -0.00935546 0.19720894 0.09384999
v 0.00000362 0.19322304 0.09130248
v 0.00000361 0.19692141 0.09574085
v 0.00000296 0.20659854 0.09900926
v -0.00878440 0.20652229 0.09772915
v -0.00922673 0.20172167 0.09658207
v 0.00000324 0.20130290 0.09805802
v -0.01634597 0.20742542 0.09365509
v -0.01740467 0.20257539 0.09207591
v -0.02297566 0.20983386 0.08827613
v -0.02438252 0.20521204 0.08593214
v -0.03098578 0.21394034 0.08160072
v -0.03269121 0.20914523 0.07861574
v -0.03748892 0.21896224 0.07808136
v -0.04064763 0.21585062 0.07377714
v -0.00818029 0.19062150 0.08303779
v 0.00000338 0.19024803 0.08556443
v -0.01531007 0.19158542 0.07947142
v -0.02210053 0.19294967 0.07402399
v -0.02795788 0.19433109 0.06751365
v -0.04148569 0.20408820 0.06396005
v -0.03466310 0.19631822 0.05969395
v -0.04228642 0.20042130 0.05171855
v -0.04741217 0.20503367 0.04131537
v -0.05386305 0.21360105 0.03107194
v -0.06014353 0.22433934 0.02169364
v -0.06392324 0.23600963 0.01438078
v -0.06726009 0.24815178 0.01650642
v -0.01543819 0.21171752 0.09405016
v -0.00838872 0.21113496 0.09763254
v -0.02172266 0.21355155 0.08942062
v -0.02883394 0.21794151 0.08378053
v -0.03443230 0.22252604 0.08095869
v -0.03961745 0.23417519 0.08081285
v -0.03818215 0.22807530 0.08028044
v -0.03829147 0.24635364 0.08437493
v -0.03941227 0.24049488 0.08225342
v -0.04669589 0.25307462 0.08061848
v -0.04813453 0.24439178 0.07680440
v -0.04385131 0.24181630 0.07982245
v -0.04267597 0.24922349 0.08271421
v -0.05029599 0.25863340 0.07798474
v -0.05223000 0.24866486 0.07329914
v -0.00732102 0.18769024 0.07759586
v 0.00000345 0.18717469 0.07878187
v -0.01366368 0.18828106 0.07433186
v -0.01944937 0.18874027 0.06895472
v -0.02387784 0.18914002 0.06238824
v -0.02882228 0.19025756 0.05476154
v -0.03469794 0.19261210 0.04639933
v -0.04147293 0.19727300 0.03694026
v -0.04980388 0.20605268 0.02595783
v -0.05782482 0.21963033 0.01548390
v -0.06202754 0.23200369 0.00814871
v -0.02094202 0.18231085 0.04827115
v -0.01705056 0.18257692 0.05507148
v -0.01355256 0.18314825 0.06086103
v -0.01032265 0.18369000 0.06552031
v -0.00594480 0.18232749 0.06484976
v 0.00000463 0.18171097 0.06446720
v -0.00543885 0.17923307 0.05650313
v 0.00000548 0.17908515 0.05684548
v -0.00791412 0.17708333 0.05101889
v 0.00000616 0.17633809 0.05121864
v -0.00962737 0.17494306 0.04629976
v 0.00000579 0.17339060 0.04536641
v -0.04208073 0.22591719 0.07698425
v -0.04612488 0.22500004 0.07257418
v -0.04813887 0.23484732 0.07369976
v -0.05254887 0.23762900 0.06907272
v -0.05072715 0.22563219 0.06698761
v -0.04384862 0.23388584 0.07758085
v -0.05583418 0.22912562 0.05986863
v -0.05680440 0.24213716 0.06361340
v -0.05603965 0.25427875 0.06934831
v -0.05979520 0.24744873 0.05876051
v -0.05944573 0.23481332 0.05299286
v -0.05925062 0.25858843 0.06470582
v -0.06191034 0.26261991 0.06025589
v -0.06186380 0.25218210 0.05440551
v -0.06170094 0.24091884 0.04837899
v -0.04484546 0.21263763 0.06746835
v -0.06355963 0.24696891 0.04311075
v -0.06391993 0.26675147 0.05559830
v -0.06362831 0.25719044 0.04935419
v -0.06593930 0.27230877 0.04978129
v -0.06614064 0.26315075 0.04157247
v -0.06614326 0.25465661 0.03471888
v -0.06865253 0.25630683 0.02030516
v 0.00000261 0.21118017 0.09887773
v 0.13721605 -1.26665974 -0.05468479
v 0.13483536 -1.26433611 -0.07914712
v 0.13001648 -1.26309693 -0.09763410
v 0.13154951 -1.29830325 -0.11731230
v 0.12710461 -1.28315866 -0.11572869
v 0.11866898 -1.28244746 -0.12748890
v 0.12122551 -1.29801953 -0.12737246
v 0.10190365 -1.28337836 -0.13463564
v 0.10398703 -1.29981434 -0.13298078
v 0.08672732 -1.28671956 -0.12526216
v 0.08772088 -1.30202806 -0.12454765
v 0.11476427 -1.26277888 -0.12056784
v 0.12289169 -1.26338375 -0.10999829
v 0.10083070 -1.26307392 -0.12802432
v 0.08776674 -1.26566482 -0.12009121
v 0.08203774 -1.26703954 -0.10239868
v 0.08099093 -1.28847325 -0.10488509
v 0.07967459 -1.30288458 -0.10617603
v 0.07959996 -1.28816128 0.01735752
v 0.07956523 -1.30128968 0.01267488
v 0.12101305 -1.25824475 -0.00819270
v 0.10409743 -1.25598395 -0.00002272
v 0.08424227 -1.26292109 -0.00614478
v 0.07743706 -1.28491998 -0.00888354
v 0.08193042 -1.29967690 -0.01337591
v 0.08205340 -1.29943824 -0.03697877
v 0.07613111 -1.28635108 -0.03448402
v 0.08719794 -1.31183362 0.00936946
v 0.09028457 -1.30655122 -0.01606924
v 0.08983082 -1.30605042 -0.03929447
v 0.07963154 -1.30056298 -0.05817368
v 0.07553755 -1.28755856 -0.05633301
v 0.07892192 -1.30138636 -0.07564962
v 0.07745035 -1.28749752 -0.07433835
v 0.07919486 -1.28774798 -0.08903551
v 0.07856334 -1.30214787 -0.09035516
v 0.07645538 -1.26804125 -0.07572530
v 0.07943217 -1.26694524 -0.08856688
v 0.07468619 -1.26874757 -0.05699097
v 0.07515344 -1.26714003 -0.03343499
v 0.15612902 -1.31241238 -0.01212475
v 0.15039188 -1.30893767 -0.03517720
v 0.14382090 -1.30649877 -0.05844942
v 0.13915867 -1.30712128 -0.08198311
v 0.13342172 -1.30877221 -0.10069048
v 0.12730455 -1.30929387 -0.11235851
v 0.10457057 -1.30924201 -0.12451255
v 0.11845112 -1.30910122 -0.12144118
v 0.09241349 -1.31027389 -0.11894165
v 0.08679944 -1.31200135 -0.10442729
v 0.08515152 -1.31273603 -0.09082836
v 0.08680473 -1.30892670 -0.06038637
v 0.08507280 -1.31162739 -0.07720408
v 0.06933061 -1.24965572 -0.06067060
v 0.07303239 -1.24848545 -0.07812197
v 0.07817068 -1.24695444 -0.08986362
v 0.08798872 -1.24462378 -0.11632690
v 0.08154306 -1.24562895 -0.10144109
v 0.10075545 -1.31535816 0.00658377
v 0.11764102 -1.31496060 0.00205368
v 0.13338923 -1.31566632 -0.00356485
v 0.14623469 -1.31593800 -0.00847770
v 0.14220279 -1.31279969 -0.03235066
v 0.13068037 -1.31301320 -0.02874962
v 0.11588152 -1.31311285 -0.02412991
v 0.10123773 -1.31065261 -0.01923726
v 0.13635194 -1.31122506 -0.05526235
v 0.12623669 -1.31233478 -0.05164900
v 0.11224303 -1.31274927 -0.04821290
v 0.09970577 -1.31092358 -0.04277629
v 0.09636445 -1.31374598 -0.06399816
v 0.10728930 -1.31446338 -0.06971429
v 0.12043048 -1.31351602 -0.07274221
v 0.12994476 -1.31183386 -0.07758814
v 0.12459441 -1.31230557 -0.09504861
v 0.11528234 -1.31351316 -0.08963002
v 0.10331719 -1.31446290 -0.08623229
v 0.09432320 -1.31466556 -0.08084486
v 0.12006130 -1.31242871 -0.10503571
v 0.10579859 -1.31236982 -0.11608239
v 0.11414966 -1.31226587 -0.11260310
v 0.09748629 -1.31324685 -0.11325380
v 0.09457682 -1.31418192 -0.10297669
v 0.09379020 -1.31471431 -0.09240966
v 0.10226836 -1.31421316 -0.09550432
v 0.10162392 -1.31378794 -0.10315871
v 0.11211628 -1.31314468 -0.09933946
v -0.06168260 0.24728878 -0.00754701
v -0.02154019 0.25267872 0.09069981
v -0.01628118 0.25486055 0.09294014
v 0.10944355 -1.31291175 -0.10623054
v 0.10148308 -1.31328773 -0.10922690
v -0.01121776 0.25569034 0.09595831
v -0.00729298 0.25607732 0.09828673
v -0.00352518 0.25590226 0.09974718
v 0.10574667 -1.31276512 -0.11063072
v 0.12916507 -1.24831700 -0.04597633
v 0.09623989 -0.88222498 0.00709319
v 0.07997908 -0.88055056 0.00421439
v 0.00000685 0.16470799 0.03880544
v -0.00000006 0.32454163 0.08946516
v 0.00000644 0.17015326 0.04235039
v 0.00000119 0.22338136 0.08335876
v -0.00000174 0.41010579 0.00685871
v 0.00000219 0.21588400 0.09843327
v 0.00000126 0.22832099 0.08558909
v 0.00000119 0.28444874 0.10869138
v 0.00000179 0.22054052 0.09736148
v 0.00000137 0.23133604 0.10105438
v 0.00000120 0.23717740 0.09905225
v -0.00000066 0.36211565 0.07935472
v 0.00000127 0.23470153 0.10061082
v 0.00000038 0.25817221 0.09988174
v 0.00000141 0.28080618 0.11208186
v 0.00000106 0.23855940 0.09745673
v -0.00000254 0.23294125 -0.07367513
v 0.00000149 0.22773509 0.09985092
v 0.00000058 0.23470126 0.09011192
v 0.00000083 0.23833078 0.09541311
v 0.00000108 0.24230257 0.08416431
v 0.00000042 0.25550362 0.09972520
v 0.00000115 0.30051923 0.09492446
v -0.00000194 0.26565513 -0.10201071
v 0.00000122 0.29768908 0.09729176
v -0.00000100 0.38687888 0.05955297
v -0.00000059 0.37214261 0.07278356
v 0.00000121 0.28801316 0.10543703
v -0.00000303 0.32519928 -0.13083924
v -0.00000224 0.34569308 -0.13290943
v -0.00000040 0.34474844 0.08555472
v -0.00000163 0.40666661 -0.05888063
v 0.00000156 0.27708238 0.11446173
v 0.00000052 0.26321551 0.10517290
v -0.00000150 0.40331656 0.03291525
v -0.00000272 0.29347765 -0.11504371
v -0.00000151 0.39394444 -0.08513313
v 0.00000119 0.23995045 0.09979308
v -0.00000168 0.40715340 0.02044998
v 0.00000115 0.23835078 0.09693158
v 0.00000100 0.26702684 0.11220729
v -0.00000289 0.27891397 -0.10865082
v -0.00000194 0.30613688 -0.12101059
v 0.00000054 0.24940951 0.10054716
v 0.00000046 0.25298741 0.09969717
v -0.00000155 0.40143856 -0.07245590
v -0.00000018 0.33127838 0.08852260
v 0.00000071 0.24726653 0.10172806
v 0.00000094 0.30943689 0.08999409
v 0.00000112 0.24468349 0.10215952
v 0.00000744 0.16051489 0.03645371
v -0.00000117 0.37148106 -0.11015714
v 0.00000115 0.24218541 0.10114799
v 0.00000091 0.23941840 0.09183794
v 0.00000124 0.29149875 0.10237908
v 0.00000105 0.24079588 0.08723466
v -0.00000055 0.35245788 0.08325139
v 0.00000037 0.26067701 0.10111921
v 0.00000040 0.26139477 0.10168072
v 0.00000112 0.30637294 0.09103165
v -0.00000072 0.37981200 0.06627877
v 0.00000073 0.31243145 0.08966959
v 0.00000039 0.25988737 0.10056632
v -0.00000221 0.36263594 -0.12150542
v -0.00000200 0.41135043 -0.04059313
v -0.00000202 0.41252822 -0.02700639
v 0.00000115 0.30328774 0.09263968
v 0.00000129 0.29484668 0.09958960
v -0.00000256 0.22536333 -0.07093345
v 0.00000132 0.27048418 0.11456354
v 0.00000149 0.27333397 0.11521953
v -0.00000136 0.39859015 0.04366050
v -0.00000142 0.25681710 -0.09502599
v -0.00000187 0.41220230 -0.00918368
v -0.00000124 0.39312327 0.05235694
v -0.00000233 0.24199547 -0.08145165
v -0.00000234 0.25024831 -0.08956441
v 0.00000083 0.26571095 0.11063265
v 0.00000040 0.31603065 0.08962359
v 0.00000062 0.26418200 0.10768172
v -0.00000132 0.38479415 -0.09713686
v 0.00000044 0.26230142 0.10305999
v 0.11499160 -0.87890476 0.00665788
v 0.15419795 -0.44233155 0.09799055
v 0.09308169 -0.20759687 0.12254418
v 0.09299529 -0.16220452 0.11590191
v 0.09247329 -0.18528339 0.11909202
v 0.15492220 -0.47257742 0.09941512
v 0.13878079 -0.13837877 0.05451634
v 0.11627921 0.01257061 0.10630292
v 0.00657563 0.27452251 0.09402527
v 0.06653805 0.24812128 0.02897342
v 0.06572650 0.24049649 0.02184129
v 0.06232512 0.22976258 0.02871509
v 0.06379271 0.23824649 0.03662874
v 0.05753116 0.21993944 0.03630198
v 0.06082192 0.22993055 0.04254898
v 0.05234744 0.21182708 0.04517646
v 0.05690141 0.22212954 0.04952168
v -0.00431736 0.26674163 0.10981001
v -0.00327661 0.26521692 0.10742728
v 0.04797643 0.20699944 0.05480208
v 0.05275993 0.21706648 0.05760448
v -0.01565875 0.30161047 0.07644398
v -0.00813121 0.26377857 0.09791807
v -0.00661610 0.28556845 0.10218148
v -0.01429786 0.30160558 0.07682312
v 0.03292632 0.20443249 0.07537403
v 0.03112787 0.19928902 0.07162818
v 0.02412640 0.19701324 0.07876558
v 0.02489204 0.20108482 0.08288479
v -0.01033843 0.26392746 0.09662500
v 0.01695638 0.19492330 0.08545490
v 0.01771067 0.19865735 0.08953618
v 0.00922576 0.19370909 0.08947587
v 0.00936217 0.19720930 0.09385056
v -0.00618737 0.29202706 0.09692482
v -0.00807822 0.30036771 0.08532029
v 0.00878998 0.20652269 0.09773032
v 0.00923330 0.20172197 0.09658300
v -0.00640170 0.28878948 0.09962222
v -0.01533789 0.26648745 0.09720312
v -0.01383101 0.26388928 0.09599097
v -0.00663963 0.27262923 0.11185659
v -0.00747089 0.27530447 0.11070602
v 0.01635111 0.20742641 0.09365593
v -0.00749542 0.26943523 0.11027735
v -0.00486071 0.26791072 0.11079617
v 0.01741045 0.20257661 0.09207626
v -0.01724637 0.30159584 0.07700651
v -0.02773723 0.30310193 0.07091558
v -0.00594422 0.27068353 0.11182845
v -0.00318264 0.26879814 0.11256425
v -0.02050242 0.30261111 0.07479104
v -0.01663743 0.30160728 0.07678826
v -0.01163932 0.27086759 0.10551235
v -0.00653715 0.29928166 0.08913758
v 0.02298051 0.20983540 0.08827680
v 0.02438782 0.20521392 0.08593240
v 0.03099003 0.21394220 0.08160200
v 0.03269641 0.20914745 0.07861666
v -0.01413996 0.26917627 0.10135370
v 0.03749278 0.21896401 0.07808360
v 0.04065180 0.21585293 0.07377884
v 0.00818732 0.19062242 0.08303741
v -0.01812695 0.30180091 0.07696958
v -0.01870976 0.30203497 0.07678346
v -0.00718244 0.28203660 0.10520436
v 0.01531684 0.19158746 0.07947055
v 0.02210700 0.19295274 0.07402305
v 0.02796416 0.19433470 0.06751288
v 0.04149105 0.20409130 0.06396033
v -0.02296703 0.30283728 0.07495042
v -0.00294594 0.26355991 0.10275627
v -0.00990907 0.27025986 0.10783120
v -0.00858479 0.26977566 0.10923415
v -0.00345230 0.26297402 0.10086410
v 0.03466920 0.19632226 0.05969311
v 0.04229049 0.20042630 0.05171742
v -0.01208650 0.30124253 0.07909048
v 0.04741348 0.20504017 0.04131428
v -0.00624060 0.29715401 0.09231696
v -0.00621487 0.29462904 0.09485281
v 0.05386281 0.21360675 0.03107143
v 0.06014138 0.22434421 0.02169408
v -0.00286138 0.26433420 0.10506636
v 0.06391895 0.23601408 0.01438215
v 0.06725683 0.24815556 0.01650875
v 0.01544305 0.21171851 0.09405116
v 0.00839380 0.21113561 0.09763368
v 0.02172720 0.21355294 0.08942157
v -0.00768824 0.27856046 0.10843420
v 0.02883775 0.21794307 0.08378179
v 0.03443591 0.22252741 0.08096110
v 0.03961973 0.23417647 0.08081561
v -0.00586074 0.26351246 0.09936231
v 0.03818530 0.22807659 0.08028314
v 0.03829275 0.24635476 0.08437793
v 0.03941391 0.24049611 0.08225627
v 0.04669680 0.25307614 0.08062153
v 0.04813565 0.24439356 0.07680712
v 0.04385274 0.24181779 0.07982530
v 0.00000122 0.26855242 0.11348567
v -0.00534700 0.26912880 0.11141086
v 0.04267718 0.24922475 0.08271730
v 0.05029664 0.25863507 0.07798791
v 0.05223079 0.24866684 0.07330191
v 0.00732848 0.18769115 0.07759538
v -0.02952971 0.31615472 0.08135073
v -0.02967731 0.31344661 0.08008376
v 0.01367107 0.18828288 0.07433098
v 0.01945703 0.18874335 0.06895380
v 0.02388541 0.18914384 0.06238689
v 0.02882967 0.19026187 0.05475966
v 0.03470379 0.19261740 0.04639719
v 0.04147640 0.19727904 0.03693789
v -0.02225713 0.31993046 0.08475258
v -0.00452644 0.32026553 0.08910009
v -0.00955682 0.32044733 0.08809810
v 0.04980573 0.20605786 0.02595564
v -0.02999778 0.30951133 0.07882900
v -0.03016593 0.30760419 0.07750744
v -0.02950109 0.31130201 0.07858358
v -0.03025221 0.30796650 0.07902730
v -0.03027940 0.30869007 0.07939216
v 0.05782299 0.21963583 0.01548320
v -0.02927364 0.31062815 0.07770465
v 0.06202294 0.23200877 0.00814893
v -0.02934351 0.31049553 0.07769316
v 0.02095152 0.18231423 0.04826971
v -0.02737575 0.31892142 0.08268001
v 0.01705995 0.18257971 0.05507043
v 0.01356170 0.18315063 0.06086035
v -0.02956207 0.31018287 0.07809363
v -0.03035359 0.30715373 0.07573465
v 0.01033129 0.18369177 0.06551993
v -0.03118445 0.30527875 0.07128544
v 0.00595376 0.18232857 0.06484953
v 0.00000014 0.32016703 0.08957432
v -0.02090402 0.33147568 0.08623639
v -0.05108211 0.32974079 0.06555694
v 0.00544974 0.17923392 0.05650300
v -0.05419295 0.32412767 0.06321144
v 0.00792606 0.17708451 0.05101882
v -0.04845818 0.28833666 0.07192300
v -0.05092793 0.28929257 0.06920493
v -0.01817944 0.32507426 0.08758130
v 0.00963985 0.17494445 0.04629936
v 0.04208360 0.22591896 0.07698650
v 0.04612764 0.22500218 0.07257612
v 0.04814074 0.23484920 0.07370207
v 0.05255000 0.23763128 0.06907494
v -0.02660131 0.35188723 0.07763302
v -0.03079865 0.39761347 0.02585508
v -0.02474197 0.34445831 0.08103748
v -0.03897570 0.33608860 0.07546767
v 0.05072943 0.22563481 0.06698941
v -0.03105666 0.39351934 0.03547889
v 0.04385062 0.23388749 0.07758339
v 0.05583559 0.22912872 0.05987040
v 0.05680501 0.24213971 0.06361577
v 0.05603985 0.25428104 0.06935115
v 0.05979529 0.24745159 0.05876311
v -0.04634814 0.33437338 0.06954577
v 0.05944626 0.23481658 0.05299478
v -0.05535423 0.29424363 0.06137326
v -0.00630496 0.33780277 0.08704942
v -0.05673445 0.29969287 0.05851591
v 0.05925068 0.25859103 0.06470898
v -0.01424825 0.33775684 0.08610587
v -0.02707368 0.40544987 -0.03913093
v 0.06191030 0.26262259 0.06025933
v 0.06186360 0.25218499 0.05440837
v 0.06170094 0.24092194 0.04838130
v 0.04485000 0.21264048 0.06746963
v -0.01309531 0.31613904 0.08569825
v 0.06355908 0.24697194 0.04311337
v -0.03876781 0.28891343 0.07738866
v -0.04178518 0.28855661 0.07604024
v 0.06391949 0.26675418 0.05560172
v -0.03066909 0.40511960 -0.02740780
v -0.05443149 0.29196933 0.06383028
v -0.02984014 0.36991283 0.06543191
v -0.00950362 0.30901334 0.08352140
v -0.01090094 0.31220180 0.08386616
v -0.03053229 0.37688261 0.05831257
v 0.06362767 0.25719324 0.04935739
v 0.06593835 0.27231151 0.04978482
v 0.06613951 0.26315358 0.04157571
v -0.03101303 0.38331708 0.05132681
v 0.06614204 0.25465944 0.03472175
v 0.06865027 0.25630999 0.02030784
v -0.03092717 0.40094131 0.01464025
v -0.02171201 0.29183552 0.07990216
v 0.06167953 0.24729250 -0.00754767
v 0.02154081 0.25267905 0.09070123
v 0.01628174 0.25486076 0.09294103
v -0.05635238 0.31779963 0.06105173
v -0.05731082 0.31130823 0.05948276
v -0.03127082 0.40483662 -0.01310184
v -0.03133193 0.28973439 0.07941910
v -0.05732209 0.30535117 0.05855536
v -0.01551368 0.40753588 -0.04749107
v 0.01121833 0.25569040 0.09595904
v -0.05309748 0.29039776 0.06647607
v 0.00729386 0.25607732 0.09828744
v 0.00352607 0.25590223 0.09974775
v -0.03145105 0.33714804 0.07999990
v -0.03520677 0.28920609 0.07847883
v -0.00898117 0.30579215 0.08299056
v -0.01699031 0.29392964 0.08000470
v -0.01356142 0.29662928 0.08042210
v -0.03109645 0.38875118 0.04385567
v -0.01107798 0.29925746 0.08131271
v -0.00929803 0.30248037 0.08247299
v -0.02644693 0.29043821 0.08003218
v -0.02843862 0.36085600 0.07270598
v -0.03096554 0.40343624 0.00141899
v -0.04514422 0.28834808 0.07418799
v -0.00000180 0.40897581 -0.05053646
v -0.00000027 0.33765045 0.08720183
v -0.00998333 0.30079871 0.08206357
v -0.01556818 0.32039949 0.08669465
v -0.02293815 0.33761901 0.08392064
v 0.00000166 0.22426008 0.09817564
v -0.02685842 0.24221642 0.08839391
v -0.02835164 0.24004090 0.08703465
v -0.02798223 0.23405510 0.08530915
v -0.01937067 0.24755099 0.09336144
v -0.02384284 0.24469219 0.09042858
v -0.01815863 0.22681479 0.09217469
v -0.02892970 0.23802683 0.08609998
v -0.01267623 0.22540557 0.09569258
v -0.02890234 0.23598294 0.08545756
v -0.00674261 0.22454914 0.09762277
v 0.00000047 0.25125027 0.10016681
v -0.00912749 0.25143877 0.09884664
v -0.00450741 0.25167960 0.10025196
v -0.01415244 0.25003386 0.09637308
v -0.02598301 0.23173709 0.08597425
v -0.02299785 0.22925901 0.08808498
v 0.00431909 0.26674172 0.10981061
v 0.00327798 0.26521716 0.10742773
v 0.01565795 0.30161077 0.07644650
v 0.00813205 0.26377878 0.09791916
v 0.00661742 0.28556868 0.10218214
v 0.01429701 0.30160582 0.07682528
v 0.01033915 0.26392770 0.09662613
v 0.00618855 0.29202732 0.09692557
v 0.00807770 0.30036774 0.08532115
v 0.00640317 0.28878975 0.09962294
v 0.01533839 0.26648754 0.09720425
v 0.01383154 0.26388940 0.09599205
v 0.00664178 0.27262959 0.11185740
v 0.00747284 0.27530488 0.11070678
v 0.00749719 0.26943558 0.11027814
v 0.00486261 0.26791087 0.11079678
v 0.01724572 0.30159619 0.07700954
v 0.02773633 0.30310258 0.07091892
v 0.00594638 0.27068380 0.11182919
v 0.00318495 0.26879820 0.11256476
v 0.02050181 0.30261150 0.07479438
v 0.01663669 0.30160758 0.07679105
v 0.01164022 0.27086785 0.10551327
v 0.00653735 0.29928169 0.08913845
v 0.01414061 0.26917645 0.10135463
v 0.01812625 0.30180126 0.07697272
v 0.01870912 0.30203533 0.07678670
v 0.00718357 0.28203681 0.10520509
v 0.02296629 0.30283776 0.07495378
v 0.00294689 0.26356018 0.10275664
v 0.00991029 0.27026021 0.10783212
v 0.00858626 0.26977605 0.10923503
v 0.00345317 0.26297432 0.10086468
v 0.01208534 0.30124247 0.07909169
v 0.00624156 0.29715425 0.09231787
v 0.00621630 0.29462934 0.09485362
v 0.00286248 0.26433459 0.10506671
v 0.00768986 0.27856088 0.10843495
v 0.00586162 0.26351273 0.09936317
v 0.00534909 0.26912898 0.11141157
v 0.02952880 0.31615585 0.08135306
v 0.02967636 0.31344756 0.08008638
v 0.02225654 0.31993169 0.08475454
v 0.00452641 0.32026586 0.08910033
v 0.00955648 0.32044789 0.08809887
v 0.02999665 0.30951196 0.07883190
v 0.03016488 0.30760485 0.07751064
v 0.02950015 0.31130284 0.07858665
v 0.03025113 0.30796716 0.07903037
v 0.03027828 0.30869067 0.07939512
v 0.02927263 0.31062883 0.07770780
v 0.02934239 0.31049624 0.07769622
v 0.02737488 0.31892282 0.08268213
v 0.02956095 0.31018367 0.07809673
v 0.03035253 0.30715442 0.07573786
v 0.03118338 0.30527949 0.07128865
v 0.02090340 0.33147669 0.08623871
v 0.05108004 0.32974216 0.06555967
v 0.05419070 0.32412919 0.06321403
v 0.04845830 0.28833815 0.07192668
v 0.05092781 0.28929421 0.06920842
v 0.01817904 0.32507521 0.08758342
v 0.02659977 0.35188830 0.07763499
v 0.03079512 0.39761454 0.02585594
v 0.02474081 0.34445933 0.08103930
v 0.03897368 0.33608970 0.07546987
v 0.03105333 0.39352044 0.03547999
v 0.04634621 0.33437449 0.06954826
v 0.05535411 0.29424542 0.06137668
v 0.00630435 0.33780313 0.08705027
v 0.05673401 0.29969469 0.05851940
v 0.01424751 0.33775759 0.08610757
v 0.02706966 0.40545115 -0.03913043
v 0.01309486 0.31613979 0.08569927
v 0.03876786 0.28891459 0.07739234
v 0.04178519 0.28855786 0.07604391
v 0.03066500 0.40512091 -0.02740713
v 0.05443137 0.29197118 0.06383359
v 0.02983773 0.36991391 0.06543329
v 0.00950350 0.30901399 0.08352206
v 0.01090060 0.31220251 0.08386683
v 0.03052964 0.37688369 0.05831407
v 0.03101044 0.38331822 0.05132874
v 0.03092319 0.40094182 0.01464104
v 0.02171156 0.29183584 0.07990450
v 0.05635009 0.31780109 0.06105449
v 0.05730888 0.31130964 0.05948545
v 0.03126666 0.40483737 -0.01310105
v 0.03133188 0.28973487 0.07942224
v 0.05732087 0.30535284 0.05855856
v 0.01550986 0.40753686 -0.04749074
v 0.05309734 0.29039943 0.06647962
v 0.03144949 0.33714911 0.08000182
v 0.03520674 0.28920704 0.07848226
v 0.00898055 0.30579266 0.08299097
v 0.01698970 0.29392982 0.08000665
v 0.01356058 0.29662925 0.08042371
v 0.03109335 0.38875201 0.04385705
v 0.01107694 0.29925743 0.08131386
v 0.00929707 0.30248061 0.08247351
v 0.02644622 0.29043874 0.08003458
v 0.02843641 0.36085710 0.07270698
v 0.03096127 0.40343657 0.00141970
v 0.04514424 0.28834942 0.07419159
v 0.00998231 0.30079868 0.08206443
v 0.01556774 0.32040036 0.08669615
v 0.02293727 0.33761999 0.08392242
v 0.02685965 0.24221687 0.08839546
v 0.02835307 0.24004146 0.08703639
v 0.02798421 0.23405607 0.08531134
v 0.01937181 0.24755110 0.09336236
v 0.02384393 0.24469249 0.09042971
v 0.01816060 0.22681595 0.09217517
v 0.02893118 0.23802759 0.08610179
v 0.01267908 0.22540644 0.09569364
v 0.02890412 0.23598380 0.08545966
v 0.00674543 0.22454943 0.09762408
v 0.00912870 0.25143889 0.09884751
v 0.00450839 0.25167984 0.10025272
v 0.01415345 0.25003403 0.09637386
v 0.02598509 0.23173821 0.08597578
v 0.02299972 0.22926027 0.08808573
v 0.03138234 0.30351549 0.06594189
v -0.03138354 0.30351466 0.06593863
v 0.02974072 0.30392709 0.07903749
v 0.02819006 0.30389243 0.07854260
v 0.02676545 0.30384511 0.07775762
v 0.02557548 0.30379006 0.07675410
v 0.02977140 0.30424052 0.07902381
v 0.02824772 0.30450836 0.07851426
v 0.02684889 0.30473825 0.07771702
v 0.02568159 0.30491599 0.07670302
v 0.02986131 0.30454358 0.07901130
v 0.02842561 0.30510017 0.07848945
v 0.02710690 0.30559844 0.07768144
v 0.02600664 0.30600011 0.07665753
v 0.03000912 0.30482191 0.07900021
v 0.02871618 0.30564708 0.07846945
v 0.02752858 0.30639282 0.07765193
v 0.02653816 0.30700114 0.07662014
v 0.03021014 0.30506650 0.07899236
v 0.02910902 0.30612752 0.07845357
v 0.02809834 0.30709037 0.07762913
v 0.02725629 0.30788192 0.07659160
v 0.03045399 0.30526909 0.07898740
v 0.02958794 0.30652374 0.07844327
v 0.02879442 0.30766508 0.07761405
v 0.02813486 0.30860570 0.07657321
v 0.03073303 0.30541947 0.07898517
v 0.03013598 0.30681917 0.07843937
v 0.02958967 0.30809399 0.07760803
v 0.02913708 0.30914700 0.07656575
v 0.03103662 0.30551389 0.07898677
v 0.03073035 0.30700389 0.07844166
v 0.03045364 0.30836210 0.07761174
v 0.03022626 0.30948398 0.07656950
v 0.03135287 0.30554730 0.07899025
v 0.03135070 0.30706948 0.07844937
v 0.03135358 0.30845699 0.07762317
v 0.03136100 0.30960497 0.07658480
v 0.03166825 0.30551937 0.07899809
v 0.03197162 0.30701384 0.07846382
v 0.03225452 0.30837661 0.07764359
v 0.03249650 0.30950284 0.07660942
v 0.03197415 0.30542943 0.07900733
v 0.03256824 0.30683950 0.07848245
v 0.03312153 0.30812359 0.07767097
v 0.03358907 0.30918396 0.07664412
v 0.03225498 0.30528402 0.07901932
v 0.03311933 0.30655253 0.07850564
v 0.03392190 0.30770776 0.07770428
v 0.03459827 0.30865926 0.07668674
v 0.03250115 0.30508611 0.07903273
v 0.03360315 0.30616474 0.07853261
v 0.03462399 0.30714437 0.07774353
v 0.03548590 0.30794975 0.07673588
v 0.03270493 0.30484462 0.07904757
v 0.03400117 0.30569139 0.07856199
v 0.03520190 0.30645657 0.07778605
v 0.03621433 0.30708089 0.07678929
v 0.03285586 0.30456838 0.07906368
v 0.03429789 0.30514839 0.07859214
v 0.03563346 0.30566934 0.07783040
v 0.03675755 0.30608788 0.07684523
v 0.03295046 0.30426738 0.07907954
v 0.03448356 0.30455974 0.07862324
v 0.03590167 0.30481347 0.07787532
v 0.03709548 0.30501008 0.07690211
v 0.03298246 0.30395436 0.07909366
v 0.03454730 0.30394527 0.07865354
v 0.03599584 0.30392182 0.07791840
v 0.03721539 0.30388519 0.07695734
v 0.03295441 0.30363959 0.07910749
v 0.03449124 0.30332828 0.07867928
v 0.03591241 0.30302751 0.07795669
v 0.03710924 0.30275908 0.07700548
v 0.03286334 0.30333707 0.07911895
v 0.03431232 0.30273709 0.07870299
v 0.03565407 0.30216748 0.07799087
v 0.03678420 0.30167449 0.07704837
v 0.03271567 0.30305839 0.07912922
v 0.03402181 0.30218935 0.07872263
v 0.03523241 0.30137318 0.07801919
v 0.03625166 0.30067345 0.07708447
v 0.03251474 0.30281365 0.07913684
v 0.03362946 0.30170962 0.07873724
v 0.03466260 0.30067539 0.07804070
v 0.03553383 0.29979259 0.07711168
v 0.03227083 0.30261189 0.07914075
v 0.03315074 0.30131423 0.07874610
v 0.03396671 0.30010137 0.07805470
v 0.03465537 0.29906809 0.07712903
v 0.03199182 0.30246076 0.07914305
v 0.03260267 0.30101827 0.07875014
v 0.03317087 0.29967186 0.07806057
v 0.03365263 0.29852751 0.07713633
v 0.03168763 0.30236694 0.07914197
v 0.03200828 0.30083337 0.07874785
v 0.03230770 0.29940388 0.07805709
v 0.03256413 0.29819050 0.07713280
v 0.03137224 0.30233353 0.07913751
v 0.03138830 0.30076781 0.07874082
v 0.03140735 0.29930896 0.07804612
v 0.03142894 0.29806927 0.07711836
v 0.03105635 0.30236149 0.07913142
v 0.03076754 0.30082282 0.07872687
v 0.03050717 0.29938924 0.07802644
v 0.03029360 0.29817134 0.07709374
v 0.03075109 0.30245072 0.07912204
v 0.03017091 0.30099750 0.07870861
v 0.02963958 0.29964271 0.07800032
v 0.02920117 0.29848957 0.07705995
v 0.03047044 0.30259576 0.07911064
v 0.02961948 0.30128354 0.07868603
v 0.02883990 0.30005813 0.07796713
v 0.02819204 0.29901454 0.07701802
v 0.03022418 0.30279431 0.07909724
v 0.02913617 0.30167183 0.07866006
v 0.02813742 0.30062082 0.07792831
v 0.02730495 0.29972300 0.07697008
v 0.03002040 0.30303562 0.07908262
v 0.02873776 0.30214557 0.07863114
v 0.02755936 0.30130893 0.07788698
v 0.02657661 0.30059248 0.07691773
v 0.03136049 0.30394667 0.07922231
v 0.02986968 0.30331361 0.07906737
v 0.02844058 0.30268797 0.07860171
v 0.02712826 0.30209622 0.07784380
v 0.02603243 0.30158472 0.07686251
v 0.02977539 0.30361474 0.07905317
v 0.02825518 0.30327836 0.07857163
v 0.02685940 0.30295372 0.07780049
v 0.02569554 0.30266559 0.07680731
v 0.02441434 0.30374050 0.07588874
v 0.02262037 0.30365825 0.07442428
v 0.02109880 0.30355832 0.07252610
v 0.01997996 0.30344886 0.07037108
v 0.01930670 0.30333453 0.06804045
v 0.01910281 0.30321980 0.06562681
v 0.01937786 0.30310935 0.06322180
v 0.02012066 0.30300710 0.06091777
v 0.02130265 0.30291691 0.05880212
v 0.02287979 0.30284268 0.05695766
v 0.02478958 0.30278611 0.05545398
v 0.02696027 0.30275109 0.05434958
v 0.02930669 0.30273750 0.05368828
v 0.02454125 0.30509415 0.07582721
v 0.02277958 0.30536291 0.07434811
v 0.02128694 0.30556291 0.07243548
v 0.02018761 0.30567575 0.07027127
v 0.01952649 0.30569884 0.06793429
v 0.01932795 0.30563051 0.06551882
v 0.01959771 0.30547324 0.06311607
v 0.02032791 0.30523464 0.06081809
v 0.02149002 0.30492193 0.05871194
v 0.02303901 0.30454654 0.05688107
v 0.02491500 0.30412576 0.05539398
v 0.02704545 0.30367410 0.05430883
v 0.02935081 0.30320823 0.05366718
v 0.02493209 0.30639806 0.07577330
v 0.02327116 0.30700600 0.07428005
v 0.02186489 0.30749345 0.07235622
v 0.02083053 0.30782136 0.07018121
v 0.02020810 0.30797768 0.06784093
v 0.02002227 0.30795348 0.06542334
v 0.02027938 0.30775222 0.06302232
v 0.02097106 0.30737975 0.06072948
v 0.02206869 0.30685258 0.05863288
v 0.02353013 0.30618954 0.05681390
v 0.02530078 0.30541578 0.05534114
v 0.02731208 0.30456227 0.05427191
v 0.02948654 0.30366063 0.05364909
v 0.02557065 0.30760154 0.07572878
v 0.02407623 0.30852202 0.07422306
v 0.02281153 0.30927721 0.07228974
v 0.02188249 0.30980241 0.07010791
v 0.02132497 0.31007984 0.06776305
v 0.02116074 0.31009731 0.06534388
v 0.02139613 0.30985427 0.06294435
v 0.02202234 0.30936125 0.06065609
v 0.02301448 0.30863512 0.05856667
v 0.02433477 0.30770633 0.05675797
v 0.02593300 0.30660811 0.05529645
v 0.02774721 0.30538246 0.05424218
v 0.02970809 0.30407947 0.05363304
v 0.02643400 0.30865920 0.07569409
v 0.02516421 0.30985391 0.07418045
v 0.02409002 0.31084308 0.07223952
v 0.02330330 0.31154293 0.07005244
v 0.02283379 0.31192738 0.06770342
v 0.02269910 0.31198102 0.06528402
v 0.02290501 0.31170249 0.06288525
v 0.02344304 0.31110135 0.06060064
v 0.02429282 0.31020224 0.05851634
v 0.02542283 0.30903810 0.05671529
v 0.02678711 0.30765429 0.05526312
v 0.02833556 0.30610394 0.05421905
v 0.03000807 0.30444646 0.05362158
v 0.02748874 0.30952978 0.07567229
v 0.02649241 0.31095091 0.07415317
v 0.02565196 0.31213242 0.07220785
v 0.02503863 0.31297642 0.07001656
v 0.02467625 0.31344903 0.06766557
v 0.02457710 0.31353271 0.06524489
v 0.02474731 0.31322345 0.06284679
v 0.02517824 0.31253418 0.06056472
v 0.02585462 0.31149149 0.05848444
v 0.02675027 0.31013465 0.05668777
v 0.02783005 0.30851543 0.05524155
v 0.02905495 0.30669728 0.05420397
v 0.03037431 0.30474991 0.05361440
v 0.02869404 0.31017935 0.07566292
v 0.02801033 0.31177008 0.07414158
v 0.02743703 0.31309584 0.07219438
v 0.02702230 0.31404665 0.07000153
v 0.02678064 0.31458554 0.06765059
v 0.02672447 0.31469131 0.06522883
v 0.02685182 0.31436071 0.06283197
v 0.02716172 0.31360519 0.06054978
v 0.02763953 0.31245515 0.05847125
v 0.02826797 0.31095386 0.05667637
v 0.02902394 0.30915955 0.05523346
v 0.02987590 0.30714062 0.05419770
v 0.03079266 0.30497503 0.05361078
v 0.03000355 0.31058538 0.07566725
v 0.02966075 0.31228000 0.07414731
v 0.02937658 0.31369665 0.07220049
v 0.02917749 0.31471390 0.07000884
v 0.02906899 0.31529331 0.06765764
v 0.02905640 0.31541300 0.06523645
v 0.02914004 0.31506905 0.06283885
v 0.02931678 0.31427252 0.06055768
v 0.02957877 0.31305543 0.05847733
v 0.02991816 0.31146452 0.05668175
v 0.03031916 0.30955988 0.05523730
v 0.03076862 0.30741778 0.05420040
v 0.03124851 0.30511555 0.05361231
v 0.03136718 0.31072944 0.07568520
v 0.03137746 0.31246206 0.07416994
v 0.03139603 0.31391025 0.07222664
v 0.03142074 0.31495178 0.07003756
v 0.03145073 0.31554529 0.06768818
v 0.03148495 0.31567025 0.06526743
v 0.03152162 0.31532028 0.06286934
v 0.03156000 0.31451038 0.06058567
v 0.03159821 0.31326970 0.05850346
v 0.03163487 0.31164604 0.05670394
v 0.03166862 0.30970347 0.05525495
v 0.03169756 0.30751577 0.05421263
v 0.03172166 0.30516592 0.05361797
v 0.03273247 0.31060752 0.07571488
v 0.03309650 0.31230822 0.07420690
v 0.03341795 0.31372938 0.07227080
v 0.03366661 0.31475103 0.07008678
v 0.03383513 0.31533340 0.06774049
v 0.03391613 0.31545311 0.06532098
v 0.03390610 0.31510797 0.06292161
v 0.03380579 0.31430954 0.06063551
v 0.03361991 0.31308883 0.05854757
v 0.03335358 0.31149220 0.05674152
v 0.03301906 0.30958280 0.05528407
v 0.03262875 0.30743259 0.05423277
v 0.03219652 0.30512398 0.05362888
v 0.03404653 0.31022406 0.07575668
v 0.03475213 0.31182575 0.07425912
v 0.03536440 0.31316125 0.07233228
v 0.03582951 0.31411934 0.07015456
v 0.03613158 0.31466335 0.06781252
v 0.03625748 0.31477088 0.06539456
v 0.03620252 0.31443793 0.06299427
v 0.03596863 0.31367800 0.06070273
v 0.03556561 0.31252062 0.05860895
v 0.03500901 0.31100956 0.05679332
v 0.03431952 0.30920333 0.05532527
v 0.03352456 0.30717084 0.05426108
v 0.03265284 0.30499047 0.05364310
v 0.03525959 0.30959424 0.07580783
v 0.03628038 0.31103176 0.07432343
v 0.03716055 0.31222776 0.07240763
v 0.03782575 0.31308195 0.07023885
v 0.03824886 0.31356126 0.06790139
v 0.03841680 0.31364724 0.06548530
v 0.03831983 0.31333637 0.06308249
v 0.03796466 0.31264001 0.06078682
v 0.03736238 0.31158653 0.05868446
v 0.03653704 0.31021568 0.05685775
v 0.03551970 0.30857953 0.05537511
v 0.03435069 0.30674154 0.05429606
v 0.03307500 0.30477163 0.05366139
v 0.03632454 0.30874053 0.07586622
v 0.03762095 0.30995676 0.07439708
v 0.03873785 0.31096405 0.07249427
v 0.03957804 0.31167805 0.07033555
v 0.04010997 0.31207007 0.06800391
v 0.04031364 0.31212679 0.06559007
v 0.04017999 0.31184512 0.06318535
v 0.03971677 0.31123582 0.06088321
v 0.03893879 0.31032336 0.05877071
v 0.03787721 0.30914050 0.05693166
v 0.03657341 0.30773526 0.05543315
v 0.03507651 0.30615970 0.05433625
v 0.03344364 0.30447495 0.05368116
v 0.03720020 0.30769762 0.07593093
v 0.03872516 0.30864316 0.07447816
v 0.04003485 0.30941904 0.07258964
v 0.04101941 0.30996105 0.07044090
v 0.04164019 0.31024739 0.06811662
v 0.04187441 0.31026861 0.06570376
v 0.04171120 0.31002238 0.06329717
v 0.04115804 0.30951959 0.06098840
v 0.04023553 0.30877808 0.05886557
v 0.03898106 0.30782697 0.05701229
v 0.03743989 0.30670258 0.05549625
v 0.03567392 0.30544800 0.05437983
v 0.03374857 0.30411294 0.05370317
v 0.03785302 0.30650470 0.07599792
v 0.03954820 0.30714053 0.07456356
v 0.04100231 0.30765238 0.07268948
v 0.04209455 0.30799785 0.07055141
v 0.04278190 0.30816403 0.06823370
v 0.04303782 0.30814287 0.06582339
v 0.04285306 0.30793893 0.06341457
v 0.04223282 0.30755556 0.06109868
v 0.04120301 0.30701086 0.05896512
v 0.03980362 0.30632424 0.05709638
v 0.03808682 0.30552158 0.05556256
v 0.03611829 0.30463523 0.05442474
v 0.03397563 0.30369788 0.05372691
v 0.03825973 0.30520797 0.07606607
v 0.04005989 0.30550563 0.07464945
v 0.04160375 0.30573088 0.07278946
v 0.04276306 0.30586246 0.07066438
v 0.04349130 0.30589715 0.06835134
v 0.04375971 0.30583319 0.06594349
v 0.04356176 0.30567208 0.06353252
v 0.04290132 0.30542085 0.06121033
v 0.04180411 0.30509001 0.05906459
v 0.04031362 0.30468953 0.05718089
v 0.03848719 0.30423868 0.05562967
v 0.03639543 0.30375144 0.05447118
v 0.03411617 0.30324706 0.05374992
v 0.03840327 0.30385512 0.07613308
v 0.04024050 0.30380315 0.07473274
v 0.04181666 0.30372810 0.07288758
v 0.04299758 0.30363849 0.07077199
v 0.04373916 0.30353731 0.06846552
v 0.04401413 0.30342600 0.06605923
v 0.04380910 0.30331153 0.06364621
v 0.04313500 0.30319747 0.06131748
v 0.04201566 0.30308822 0.05916186
v 0.04049373 0.30298850 0.05726355
v 0.03862862 0.30290133 0.05569433
v 0.03649326 0.30283010 0.05451531
v 0.03416640 0.30277783 0.05377262
v 0.03827586 0.30250326 0.07619148
v 0.04008099 0.30210000 0.07480807
v 0.04162890 0.30172455 0.07297674
v 0.04279008 0.30141222 0.07087143
v 0.04351969 0.30117235 0.06857161
v 0.04378831 0.30101547 0.06616782
v 0.04358919 0.30094719 0.06375220
v 0.04292719 0.30097064 0.06141705
v 0.04182789 0.30108380 0.05925160
v 0.04033455 0.30128404 0.05734022
v 0.03850381 0.30156106 0.05575432
v 0.03640695 0.30190709 0.05455730
v 0.03412234 0.30230767 0.05379359
v 0.03788353 0.30119988 0.07624389
v 0.03958759 0.30045730 0.07487443
v 0.04104930 0.29979420 0.07305490
v 0.04214676 0.29926670 0.07095888
v 0.04283709 0.29889417 0.06866516
v 0.04309447 0.29869282 0.06626331
v 0.04290762 0.29866910 0.06384616
v 0.04228529 0.29882517 0.06150529
v 0.04125033 0.29915324 0.05933116
v 0.03984286 0.29964164 0.05740737
v 0.03811739 0.30027163 0.05580771
v 0.03614035 0.30101815 0.05459294
v 0.03398654 0.30185404 0.05381238
v 0.03724516 0.29999596 0.07628725
v 0.03878261 0.29894140 0.07492898
v 0.04010277 0.29801166 0.07312046
v 0.04109506 0.29728588 0.07103171
v 0.04172019 0.29679212 0.06874233
v 0.04195590 0.29654914 0.06634261
v 0.04179072 0.29656711 0.06392401
v 0.04123327 0.29684415 0.06157916
v 0.04030396 0.29737005 0.05939669
v 0.03903878 0.29812488 0.05746323
v 0.03748518 0.29907948 0.05585188
v 0.03570521 0.30019817 0.05462392
v 0.03376504 0.30143529 0.05382776
v 0.03638200 0.29893872 0.07632080
v 0.03769382 0.29760936 0.07497085
v 0.03882373 0.29644531 0.07316929
v 0.03967392 0.29554537 0.07108723
v 0.04021175 0.29494464 0.06880098
v 0.04041737 0.29466534 0.06640285
v 0.04028244 0.29471904 0.06398225
v 0.03981261 0.29510367 0.06163459
v 0.03902561 0.29580352 0.05944686
v 0.03795121 0.29679310 0.05750636
v 0.03663099 0.29803330 0.05588503
v 0.03511686 0.29947662 0.05464695
v 0.03346445 0.30106887 0.05383983
v 0.03532743 0.29806802 0.07634258
v 0.03636619 0.29651272 0.07499792
v 0.03726166 0.29515564 0.07320160
v 0.03793821 0.29411256 0.07112195
v 0.03836850 0.29342291 0.06883834
v 0.03853932 0.29311424 0.06644116
v 0.03844002 0.29319730 0.06402048
v 0.03807664 0.29367056 0.06167028
v 0.03746318 0.29451427 0.05947926
v 0.03662325 0.29569584 0.05753330
v 0.03558815 0.29717153 0.05590668
v 0.03439676 0.29888332 0.05466201
v 0.03309879 0.30076599 0.05384751
v 0.03174007 0.30274588 0.05349282
v 0.03412201 0.29741856 0.07635025
v 0.03484748 0.29569361 0.07500849
v 0.03547686 0.29419261 0.07321453
v 0.03595410 0.29304138 0.07113646
v 0.03626449 0.29228553 0.06885412
v 0.03639250 0.29195485 0.06645627
v 0.03633553 0.29206061 0.06403571
v 0.03609331 0.29259956 0.06168434
v 0.03567886 0.29355067 0.05949251
v 0.03510544 0.29487669 0.05754470
v 0.03439486 0.29652792 0.05591480
v 0.03357643 0.29844028 0.05466760
v 0.03267987 0.30054030 0.05385043
v 0.03281276 0.29701251 0.07634585
v 0.03319722 0.29518333 0.07500290
v 0.03353723 0.29359224 0.07320762
v 0.03379933 0.29237401 0.07112905
v 0.03397616 0.29157761 0.06884566
v 0.03405933 0.29123345 0.06644823
v 0.03404712 0.29135254 0.06402846
v 0.03393878 0.29193223 0.06167707
v 0.03373948 0.29294971 0.05948571
v 0.03345472 0.29436657 0.05753896
v 0.03309961 0.29612759 0.05591087
v 0.03268319 0.29816332 0.05466482
v 0.03222461 0.30039909 0.05384847
v 0.03144922 0.29686823 0.07632938
v 0.03148101 0.29500121 0.07498140
v 0.03151773 0.29337713 0.07318226
v 0.03155594 0.29213676 0.07109980
v 0.03159443 0.29132581 0.06881526
v 0.03163150 0.29097492 0.06641781
v 0.03166493 0.29110047 0.06399672
v 0.03169473 0.29169419 0.06164892
v 0.03172014 0.29273596 0.05946017
v 0.03173796 0.29418454 0.05751693
v 0.03175014 0.29598334 0.05589331
v 0.03175423 0.29806569 0.05465323
v 0.03175086 0.30034876 0.05384272
v 0.03008403 0.29699025 0.07629904
v 0.02976211 0.29515484 0.07494356
v 0.02949586 0.29355788 0.07313798
v 0.02931003 0.29233685 0.07105143
v 0.02920991 0.29153806 0.06876306
v 0.02920019 0.29119325 0.06636439
v 0.02928107 0.29131243 0.06394578
v 0.02944954 0.29189506 0.06159907
v 0.02969833 0.29291689 0.05941543
v 0.03001924 0.29433832 0.05747944
v 0.03039904 0.29610458 0.05586395
v 0.03082306 0.29814795 0.05463260
v 0.03127661 0.30039138 0.05383191
v 0.02876993 0.29737365 0.07625823
v 0.02810595 0.29563719 0.07489243
v 0.02754928 0.29412648 0.07307763
v 0.02714712 0.29296824 0.07098338
v 0.02691334 0.29220819 0.06869203
v 0.02685972 0.29187581 0.06629074
v 0.02698450 0.29198319 0.06387337
v 0.02728670 0.29252669 0.06153162
v 0.02775212 0.29348508 0.05935479
v 0.02836375 0.29482096 0.05742757
v 0.02909910 0.29648346 0.05582299
v 0.02992774 0.29841024 0.05460424
v 0.03081970 0.30052495 0.05381827
v 0.02755688 0.29800296 0.07620893
v 0.02657823 0.29643142 0.07482907
v 0.02575300 0.29506046 0.07300259
v 0.02515091 0.29400629 0.07090057
v 0.02479557 0.29330987 0.06860306
v 0.02469894 0.29299903 0.06620098
v 0.02486674 0.29308546 0.06378485
v 0.02529078 0.29356492 0.06144831
v 0.02595592 0.29441854 0.05927959
v 0.02683635 0.29561546 0.05736328
v 0.02789835 0.29710782 0.05577315
v 0.02910099 0.29883903 0.05456997
v 0.03039811 0.30074313 0.05380073
v 0.02649181 0.29885572 0.07615077
v 0.02523707 0.29750583 0.07475574
v 0.02417601 0.29632351 0.07291585
v 0.02339866 0.29541036 0.07080504
v 0.02293518 0.29480153 0.06850106
v 0.02280256 0.29451939 0.06609709
v 0.02300658 0.29457608 0.06368219
v 0.02353873 0.29496887 0.06135186
v 0.02437898 0.29568246 0.05919264
v 0.02549553 0.29669005 0.05729008
v 0.02684470 0.29795161 0.05571522
v 0.02837525 0.29942068 0.05452982
v 0.03002889 0.30104029 0.05378010
v 0.02561611 0.29989937 0.07608735
v 0.02413334 0.29881936 0.07467566
v 0.02287868 0.29786801 0.07282211
v 0.02195728 0.29712719 0.07069946
v 0.02140445 0.29662445 0.06838965
v 0.02124188 0.29637766 0.06598300
v 0.02147660 0.29639882 0.06357111
v 0.02209748 0.29668531 0.06124689
v 0.02308225 0.29722765 0.05909767
v 0.02439231 0.29800361 0.05720882
v 0.02597823 0.29898494 0.05565220
v 0.02777838 0.30013257 0.05448625
v 0.02972400 0.30140245 0.05375761
v 0.02496347 0.30109170 0.07602082
v 0.02331047 0.30032226 0.07459207
v 0.02191092 0.29963589 0.07272291
v 0.02088187 0.29909047 0.07058930
v 0.02026277 0.29870769 0.06827295
v 0.02007793 0.29850325 0.06586346
v 0.02033487 0.29848227 0.06345397
v 0.02102223 0.29864922 0.06113600
v 0.02211471 0.29899421 0.05899885
v 0.02356981 0.29950634 0.05712477
v 0.02533185 0.30016592 0.05558567
v 0.02733357 0.30094531 0.05444015
v 0.02949750 0.30181691 0.05373446
v 0.02455703 0.30238920 0.07595346
v 0.02279976 0.30195707 0.07450648
v 0.02131033 0.30155689 0.07262291
v 0.02021421 0.30122542 0.07047850
v 0.01955420 0.30097377 0.06815476
v 0.01935691 0.30081323 0.06574307
v 0.01962574 0.30074954 0.06333584
v 0.02035491 0.30078450 0.06102505
v 0.02151377 0.30091625 0.05889874
v 0.02305921 0.30114102 0.05704017
v 0.02493088 0.30144885 0.05551864
v 0.02705638 0.30182976 0.05439486
v 0.02935638 0.30226773 0.05371084
v -0.03298264 0.30395398 0.07909377
v -0.03454749 0.30394483 0.07865371
v -0.03599606 0.30392131 0.07791862
v -0.03721563 0.30388466 0.07695758
v -0.03295064 0.30426696 0.07907966
v -0.03448376 0.30455932 0.07862342
v -0.03590190 0.30481303 0.07787555
v -0.03709574 0.30500957 0.07690237
v -0.03285605 0.30456799 0.07906380
v -0.03429811 0.30514801 0.07859232
v -0.03563371 0.30566892 0.07783064
v -0.03675784 0.30608749 0.07684550
v -0.03270512 0.30484423 0.07904769
v -0.03400139 0.30569106 0.07856217
v -0.03520216 0.30645618 0.07778629
v -0.03621463 0.30708051 0.07678954
v -0.03250135 0.30508575 0.07903283
v -0.03360337 0.30616441 0.07853278
v -0.03462427 0.30714405 0.07774375
v -0.03548623 0.30794942 0.07673612
v -0.03225518 0.30528370 0.07901941
v -0.03311957 0.30655223 0.07850578
v -0.03392219 0.30770746 0.07770447
v -0.03459861 0.30865899 0.07668696
v -0.03197436 0.30542910 0.07900741
v -0.03256848 0.30683923 0.07848259
v -0.03312183 0.30812332 0.07767114
v -0.03358941 0.30918372 0.07664430
v -0.03166846 0.30551904 0.07899816
v -0.03197187 0.30701360 0.07846393
v -0.03225482 0.30837640 0.07764371
v -0.03249686 0.30950266 0.07660955
v -0.03135309 0.30554697 0.07899032
v -0.03135095 0.30706924 0.07844945
v -0.03135388 0.30845681 0.07762327
v -0.03136136 0.30960485 0.07658489
v -0.03103683 0.30551362 0.07898681
v -0.03073060 0.30700368 0.07844171
v -0.03045394 0.30836195 0.07761179
v -0.03022662 0.30948389 0.07656953
v -0.03073324 0.30541921 0.07898521
v -0.03013623 0.30681899 0.07843939
v -0.02958996 0.30809385 0.07760802
v -0.02913743 0.30914691 0.07656573
v -0.03045419 0.30526879 0.07898741
v -0.02958819 0.30652356 0.07844325
v -0.02879471 0.30766496 0.07761400
v -0.02813520 0.30860564 0.07657313
v -0.03021034 0.30506626 0.07899236
v -0.02910926 0.30612731 0.07845352
v -0.02809863 0.30709022 0.07762904
v -0.02725662 0.30788189 0.07659147
v -0.03000932 0.30482164 0.07900020
v -0.02871641 0.30564690 0.07846937
v -0.02752885 0.30639267 0.07765178
v -0.02653847 0.30700111 0.07661994
v -0.02986150 0.30454329 0.07901126
v -0.02842583 0.30509996 0.07848935
v -0.02710716 0.30559832 0.07768127
v -0.02600693 0.30599999 0.07665729
v -0.02977158 0.30424023 0.07902376
v -0.02824793 0.30450812 0.07851413
v -0.02684913 0.30473807 0.07771681
v -0.02568187 0.30491588 0.07670273
v -0.02974091 0.30392677 0.07903744
v -0.02819026 0.30389217 0.07854245
v -0.02676567 0.30384493 0.07775739
v -0.02557574 0.30378991 0.07675377
v -0.02977556 0.30361441 0.07905311
v -0.02825537 0.30327809 0.07857147
v -0.02685961 0.30295348 0.07780024
v -0.02569577 0.30266541 0.07680697
v -0.02986985 0.30331329 0.07906730
v -0.02844075 0.30268764 0.07860155
v -0.02712845 0.30209592 0.07784355
v -0.02603264 0.30158448 0.07686216
v -0.03002056 0.30303529 0.07908256
v -0.02873792 0.30214521 0.07863098
v -0.02755953 0.30130860 0.07788673
v -0.02657680 0.30059218 0.07691739
v -0.03022434 0.30279395 0.07909718
v -0.02913632 0.30167148 0.07865991
v -0.02813758 0.30062047 0.07792807
v -0.02730513 0.29972267 0.07696974
v -0.03047059 0.30259538 0.07911058
v -0.02961962 0.30128315 0.07868589
v -0.02884004 0.30005774 0.07796691
v -0.02819220 0.29901409 0.07701772
v -0.03075124 0.30245033 0.07912201
v -0.03017105 0.30099705 0.07870849
v -0.02963972 0.29964226 0.07800014
v -0.02920132 0.29848909 0.07705967
v -0.03105650 0.30236110 0.07913139
v -0.03076767 0.30082235 0.07872678
v -0.03050730 0.29938874 0.07802628
v -0.03029374 0.29817080 0.07709350
v -0.03137239 0.30233309 0.07913749
v -0.03138843 0.30076733 0.07874075
v -0.03140748 0.29930842 0.07804599
v -0.03142907 0.29806870 0.07711818
v -0.03168778 0.30236650 0.07914197
v -0.03200841 0.30083287 0.07874781
v -0.03230783 0.29940331 0.07805701
v -0.03256426 0.29818994 0.07713267
v -0.03199197 0.30246031 0.07914307
v -0.03260281 0.30101779 0.07875014
v -0.03317101 0.29967129 0.07806055
v -0.03365277 0.29852691 0.07713627
v -0.03227098 0.30261147 0.07914079
v -0.03315088 0.30131373 0.07874613
v -0.03396685 0.30010077 0.07805472
v -0.03465552 0.29906750 0.07712902
v -0.03251489 0.30281320 0.07913689
v -0.03362961 0.30170909 0.07873731
v -0.03466275 0.30067483 0.07804076
v -0.03553400 0.29979196 0.07711174
v -0.03271583 0.30305794 0.07912929
v -0.03402197 0.30218887 0.07872273
v -0.03523257 0.30137265 0.07801931
v -0.03625184 0.30067286 0.07708458
v -0.03136067 0.30394632 0.07922234
v -0.03286351 0.30333662 0.07911903
v -0.03431249 0.30273661 0.07870311
v -0.03565425 0.30216691 0.07799102
v -0.03678440 0.30167389 0.07704853
v -0.03295459 0.30363914 0.07910758
v -0.03449142 0.30332783 0.07867943
v -0.03591261 0.30302700 0.07795688
v -0.03710947 0.30275851 0.07700569
v -0.03840354 0.30385455 0.07613335
v -0.04024081 0.30380252 0.07473304
v -0.04181703 0.30372748 0.07288790
v -0.04299801 0.30363780 0.07077231
v -0.04373966 0.30353665 0.06846580
v -0.04401471 0.30342534 0.06605945
v -0.04380976 0.30331096 0.06364635
v -0.04313573 0.30319691 0.06131751
v -0.04201647 0.30308771 0.05916177
v -0.04049460 0.30298808 0.05726333
v -0.03862954 0.30290094 0.05569398
v -0.03649422 0.30282980 0.05451482
v -0.03416738 0.30277759 0.05377201
v -0.03826002 0.30520749 0.07606635
v -0.04006024 0.30550513 0.07464979
v -0.04160415 0.30573034 0.07278982
v -0.04276353 0.30586189 0.07066473
v -0.04349185 0.30589658 0.06835166
v -0.04376034 0.30583262 0.06594375
v -0.04356247 0.30567157 0.06353270
v -0.04290209 0.30542037 0.06121039
v -0.04180495 0.30508953 0.05906453
v -0.04031451 0.30468917 0.05718071
v -0.03848814 0.30423838 0.05562934
v -0.03639641 0.30375117 0.05447071
v -0.03411716 0.30324689 0.05374931
v -0.03785334 0.30650428 0.07599822
v -0.03954858 0.30714005 0.07456391
v -0.04100275 0.30765194 0.07268985
v -0.04209508 0.30799738 0.07055178
v -0.04278250 0.30816358 0.06823403
v -0.04303849 0.30814245 0.06582367
v -0.04285382 0.30793852 0.06341477
v -0.04223363 0.30755517 0.06109876
v -0.04120389 0.30701053 0.05896509
v -0.03980455 0.30632395 0.05709621
v -0.03808779 0.30552131 0.05556224
v -0.03611928 0.30463502 0.05442427
v -0.03397663 0.30369768 0.05372630
v -0.03720054 0.30769724 0.07593121
v -0.03872557 0.30864280 0.07447851
v -0.04003533 0.30941868 0.07259000
v -0.04101997 0.30996069 0.07044126
v -0.04164083 0.31024706 0.06811696
v -0.04187512 0.31026828 0.06570403
v -0.04171199 0.31002206 0.06329735
v -0.04115889 0.30951932 0.06098848
v -0.04023645 0.30877784 0.05886553
v -0.03898202 0.30782676 0.05701211
v -0.03744088 0.30670238 0.05549593
v -0.03567493 0.30544782 0.05437937
v -0.03374958 0.30411279 0.05370257
v -0.03632490 0.30874020 0.07586649
v -0.03762138 0.30995649 0.07439740
v -0.03873836 0.31096378 0.07249460
v -0.03957862 0.31167781 0.07033589
v -0.04011064 0.31206986 0.06800421
v -0.04031440 0.31212658 0.06559031
v -0.04018082 0.31184494 0.06318551
v -0.03971767 0.31123564 0.06088326
v -0.03893974 0.31032321 0.05877064
v -0.03787819 0.30914038 0.05693146
v -0.03657442 0.30773512 0.05543282
v -0.03507753 0.30615959 0.05433578
v -0.03344465 0.30447480 0.05368055
v -0.03525997 0.30959401 0.07580807
v -0.03628083 0.31103158 0.07432371
v -0.03716108 0.31222761 0.07240793
v -0.03782637 0.31308180 0.07023913
v -0.03824957 0.31356111 0.06790163
v -0.03841759 0.31364715 0.06548548
v -0.03832069 0.31333631 0.06308259
v -0.03796558 0.31263995 0.06078682
v -0.03736336 0.31158647 0.05868435
v -0.03653805 0.31021565 0.05685751
v -0.03552073 0.30857944 0.05537475
v -0.03435173 0.30674145 0.05429556
v -0.03307602 0.30477154 0.05366077
v -0.03404693 0.31022388 0.07575687
v -0.03475260 0.31182563 0.07425934
v -0.03536496 0.31316116 0.07233251
v -0.03583015 0.31411931 0.07015478
v -0.03613231 0.31466338 0.06781270
v -0.03625829 0.31477091 0.06539467
v -0.03620341 0.31443799 0.06299430
v -0.03596958 0.31367806 0.06070266
v -0.03556661 0.31252065 0.05860878
v -0.03501004 0.31100959 0.05679304
v -0.03432056 0.30920333 0.05532486
v -0.03352560 0.30717081 0.05426056
v -0.03265386 0.30499035 0.05364247
v -0.03273287 0.31060740 0.07571503
v -0.03309698 0.31230819 0.07420707
v -0.03341852 0.31372941 0.07227094
v -0.03366727 0.31475109 0.07008691
v -0.03383588 0.31533352 0.06774057
v -0.03391695 0.31545326 0.06532099
v -0.03390700 0.31510809 0.06292155
v -0.03380675 0.31430969 0.06063536
v -0.03362092 0.31308898 0.05854732
v -0.03335462 0.31149229 0.05674117
v -0.03302011 0.30958289 0.05528361
v -0.03262980 0.30743259 0.05423221
v -0.03219755 0.30512393 0.05362822
v -0.03136758 0.31072938 0.07568529
v -0.03137795 0.31246209 0.07417002
v -0.03139661 0.31391031 0.07222670
v -0.03142141 0.31495193 0.07003758
v -0.03145149 0.31554547 0.06768816
v -0.03148578 0.31567046 0.06526734
v -0.03152252 0.31532052 0.06286918
v -0.03156097 0.31451061 0.06058542
v -0.03159922 0.31326991 0.05850312
v -0.03163591 0.31164622 0.05670351
v -0.03166968 0.30970356 0.05525443
v -0.03169861 0.30751580 0.05421203
v -0.03172269 0.30516586 0.05361729
v -0.03000396 0.31058538 0.07566727
v -0.02966124 0.31228006 0.07414731
v -0.02937716 0.31369677 0.07220046
v -0.02917815 0.31471407 0.07000875
v -0.02906974 0.31529358 0.06765750
v -0.02905723 0.31541330 0.06523624
v -0.02914095 0.31506938 0.06283857
v -0.02931774 0.31427282 0.06055732
v -0.02957978 0.31305566 0.05847689
v -0.02991921 0.31146473 0.05668123
v -0.03032021 0.30956003 0.05523672
v -0.03076967 0.30741784 0.05419975
v -0.03124954 0.30511549 0.05361161
v -0.02869445 0.31017935 0.07566287
v -0.02801081 0.31177017 0.07414149
v -0.02743760 0.31309602 0.07219425
v -0.02702296 0.31404689 0.07000133
v -0.02678138 0.31458583 0.06765033
v -0.02672529 0.31469163 0.06522849
v -0.02685272 0.31436104 0.06283156
v -0.02716268 0.31360549 0.06054930
v -0.02764054 0.31245545 0.05847070
v -0.02826901 0.31095409 0.05667576
v -0.02902499 0.30915973 0.05523281
v -0.02987695 0.30714068 0.05419700
v -0.03079369 0.30497500 0.05361006
v -0.02748913 0.30952981 0.07567217
v -0.02649288 0.31095102 0.07415299
v -0.02565251 0.31213263 0.07220760
v -0.02503926 0.31297672 0.07001624
v -0.02467698 0.31344935 0.06766518
v -0.02457790 0.31353307 0.06524443
v -0.02474819 0.31322381 0.06284627
v -0.02517918 0.31253454 0.06056412
v -0.02585561 0.31149179 0.05848379
v -0.02675130 0.31013489 0.05668708
v -0.02783109 0.30851561 0.05524083
v -0.02905599 0.30669737 0.05420323
v -0.03037534 0.30474988 0.05361366
v -0.02643437 0.30865920 0.07569390
v -0.02516466 0.30985403 0.07418019
v -0.02409055 0.31084329 0.07223918
v -0.02330391 0.31154323 0.07005201
v -0.02283449 0.31192771 0.06770291
v -0.02269988 0.31198138 0.06528344
v -0.02290587 0.31170285 0.06288459
v -0.02344395 0.31110168 0.06059994
v -0.02429379 0.31020254 0.05851559
v -0.02542383 0.30903837 0.05671451
v -0.02678813 0.30765447 0.05526232
v -0.02833658 0.30610403 0.05421826
v -0.03000909 0.30444643 0.05362081
v -0.02557100 0.30760154 0.07572853
v -0.02407665 0.30852214 0.07422272
v -0.02281203 0.30927742 0.07228930
v -0.02188308 0.30980268 0.07010739
v -0.02132563 0.31008017 0.06776243
v -0.02116148 0.31009766 0.06534319
v -0.02139694 0.30985463 0.06294359
v -0.02202322 0.30936158 0.06065527
v -0.02301542 0.30863541 0.05856583
v -0.02433575 0.30770656 0.05675711
v -0.02593401 0.30660829 0.05529559
v -0.02774823 0.30538252 0.05424134
v -0.02970910 0.30407947 0.05363224
v -0.02493243 0.30639806 0.07577299
v -0.02327155 0.30700609 0.07427964
v -0.02186535 0.30749363 0.07235570
v -0.02083107 0.30782160 0.07018059
v -0.02020872 0.30797797 0.06784020
v -0.02002297 0.30795377 0.06542253
v -0.02028015 0.30775255 0.06302146
v -0.02097190 0.30738005 0.06072857
v -0.02206959 0.30685288 0.05863194
v -0.02353108 0.30618975 0.05681296
v -0.02530176 0.30541596 0.05534023
v -0.02731309 0.30456233 0.05427104
v -0.02948755 0.30366060 0.05364828
v -0.02454156 0.30509409 0.07582685
v -0.02277994 0.30536291 0.07434763
v -0.02128737 0.30556303 0.07243489
v -0.02018811 0.30567592 0.07027057
v -0.01952706 0.30569902 0.06793348
v -0.01932861 0.30563071 0.06551793
v -0.01959844 0.30547348 0.06311512
v -0.02032872 0.30523485 0.06081710
v -0.02149088 0.30492216 0.05871094
v -0.02303993 0.30454671 0.05688007
v -0.02491596 0.30412588 0.05539302
v -0.02704643 0.30367410 0.05430792
v -0.02935180 0.30320817 0.05366635
v -0.02441463 0.30374038 0.07588834
v -0.02262070 0.30365819 0.07442376
v -0.02109919 0.30355835 0.07252544
v -0.01998042 0.30344892 0.07037032
v -0.01930723 0.30333465 0.06803959
v -0.01910342 0.30321994 0.06562586
v -0.01937855 0.30310953 0.06322079
v -0.02012142 0.30300727 0.06091673
v -0.02130348 0.30291706 0.05880106
v -0.02288068 0.30284277 0.05695662
v -0.02479052 0.30278617 0.05545298
v -0.02696123 0.30275109 0.05434865
v -0.02930768 0.30273741 0.05368744
v -0.02455729 0.30238903 0.07595304
v -0.02280005 0.30195695 0.07450593
v -0.02131068 0.30155683 0.07262222
v -0.02021462 0.30122542 0.07047769
v -0.01955469 0.30097383 0.06815384
v -0.01935748 0.30081326 0.06574207
v -0.01962638 0.30074960 0.06333479
v -0.02035563 0.30078459 0.06102397
v -0.02151456 0.30091634 0.05889764
v -0.02306006 0.30114105 0.05703910
v -0.02493179 0.30144888 0.05551761
v -0.02705733 0.30182973 0.05439391
v -0.02935736 0.30226764 0.05370999
v -0.02496371 0.30109146 0.07602039
v -0.02331073 0.30032206 0.07459150
v -0.02191124 0.29963574 0.07272220
v -0.02088224 0.29909039 0.07058848
v -0.02026322 0.29870760 0.06827202
v -0.02007844 0.29850319 0.06586245
v -0.02033547 0.29848224 0.06345290
v -0.02102290 0.29864919 0.06113489
v -0.02211546 0.29899421 0.05899773
v -0.02357063 0.29950628 0.05712368
v -0.02533273 0.30016586 0.05558464
v -0.02733450 0.30094522 0.05443919
v -0.02949846 0.30181676 0.05373360
v -0.02561632 0.29989907 0.07608692
v -0.02413358 0.29881909 0.07467509
v -0.02287896 0.29786777 0.07282141
v -0.02195762 0.29712695 0.07069863
v -0.02140486 0.29662424 0.06838872
v -0.02124236 0.29637748 0.06598199
v -0.02147716 0.29639867 0.06357004
v -0.02209812 0.29668519 0.06124579
v -0.02308297 0.29722753 0.05909656
v -0.02439310 0.29800346 0.05720774
v -0.02597909 0.29898486 0.05565117
v -0.02777929 0.30013245 0.05448529
v -0.02972496 0.30140233 0.05375675
v -0.02649199 0.29885539 0.07615036
v -0.02523728 0.29750547 0.07475519
v -0.02417626 0.29632315 0.07291518
v -0.02339896 0.29541001 0.07080425
v -0.02293555 0.29480127 0.06850016
v -0.02280300 0.29451910 0.06609610
v -0.02300710 0.29457581 0.06368115
v -0.02353933 0.29496863 0.06135079
v -0.02437967 0.29568222 0.05919155
v -0.02549630 0.29668987 0.05728902
v -0.02684554 0.29795143 0.05571421
v -0.02837616 0.29942054 0.05452887
v -0.03002985 0.30104014 0.05377925
v -0.02755705 0.29800251 0.07620855
v -0.02657842 0.29643101 0.07482856
v -0.02575322 0.29506001 0.07300196
v -0.02515118 0.29400584 0.07089984
v -0.02479590 0.29330945 0.06860220
v -0.02469935 0.29299864 0.06620005
v -0.02486723 0.29308507 0.06378385
v -0.02529136 0.29356453 0.06144728
v -0.02595659 0.29441825 0.05927856
v -0.02683710 0.29561517 0.05736226
v -0.02789917 0.29710758 0.05577217
v -0.02910188 0.29883882 0.05456904
v -0.03039906 0.30074295 0.05379989
v -0.03174106 0.30274573 0.05349208
v -0.02877009 0.29737318 0.07625789
v -0.02810612 0.29563665 0.07489198
v -0.02754948 0.29412591 0.07307706
v -0.02714737 0.29296771 0.07098270
v -0.02691364 0.29220766 0.06869125
v -0.02686011 0.29187527 0.06628989
v -0.02698497 0.29198271 0.06387246
v -0.02728725 0.29252625 0.06153066
v -0.02775275 0.29348466 0.05935382
v -0.02836447 0.29482058 0.05742660
v -0.02909991 0.29648313 0.05582205
v -0.02992862 0.29841000 0.05460334
v -0.03082064 0.30052474 0.05381745
v -0.03008418 0.29698971 0.07629874
v -0.02976227 0.29515424 0.07494318
v -0.02949605 0.29355726 0.07313748
v -0.02931026 0.29233623 0.07105084
v -0.02921020 0.29153743 0.06876238
v -0.02920056 0.29119262 0.06636363
v -0.02928152 0.29131183 0.06394495
v -0.02945007 0.29189450 0.06159820
v -0.02969895 0.29291639 0.05941453
v -0.03001996 0.29433784 0.05747853
v -0.03039984 0.29610419 0.05586306
v -0.03082394 0.29814765 0.05463174
v -0.03127755 0.30039114 0.05383110
v -0.03144936 0.29686767 0.07632916
v -0.03148117 0.29500058 0.07498109
v -0.03151791 0.29337648 0.07318186
v -0.03155616 0.29213604 0.07109932
v -0.03159472 0.29132506 0.06881469
v -0.03163185 0.29097420 0.06641717
v -0.03166537 0.29109982 0.06399601
v -0.03169525 0.29169357 0.06164815
v -0.03172075 0.29273540 0.05945937
v -0.03173867 0.29418403 0.05751611
v -0.03175093 0.29598293 0.05589247
v -0.03175510 0.29806539 0.05465241
v -0.03175180 0.30034852 0.05384193
v -0.03281291 0.29701188 0.07634568
v -0.03319738 0.29518262 0.07500267
v -0.03353741 0.29359150 0.07320731
v -0.03379956 0.29237324 0.07112867
v -0.03397644 0.29157680 0.06884520
v -0.03405969 0.29123268 0.06644771
v -0.03404756 0.29135182 0.06402787
v -0.03393931 0.29193151 0.06167641
v -0.03374010 0.29294905 0.05948500
v -0.03345542 0.29436600 0.05753821
v -0.03310041 0.29612717 0.05591010
v -0.03268406 0.29816297 0.05466405
v -0.03222555 0.30039886 0.05384771
v -0.03412215 0.29741794 0.07635016
v -0.03484764 0.29569286 0.07500836
v -0.03547705 0.29419184 0.07321434
v -0.03595434 0.29304054 0.07113619
v -0.03626479 0.29228470 0.06885378
v -0.03639288 0.29195398 0.06645587
v -0.03633599 0.29205981 0.06403524
v -0.03609385 0.29259884 0.06168380
v -0.03567949 0.29354998 0.05949190
v -0.03510616 0.29487610 0.05754405
v -0.03439565 0.29652745 0.05591410
v -0.03357730 0.29843995 0.05466688
v -0.03268081 0.30054003 0.05384970
v -0.03532759 0.29806736 0.07634256
v -0.03636636 0.29651198 0.07499787
v -0.03726187 0.29515484 0.07320151
v -0.03793847 0.29411173 0.07112180
v -0.03836882 0.29342204 0.06883813
v -0.03853971 0.29311341 0.06644089
v -0.03844049 0.29319647 0.06402013
v -0.03807720 0.29366982 0.06166986
v -0.03746383 0.29451355 0.05947876
v -0.03662398 0.29569525 0.05753274
v -0.03558896 0.29717106 0.05590606
v -0.03439764 0.29888293 0.05466133
v -0.03309973 0.30076572 0.05384679
v -0.03638218 0.29893804 0.07632085
v -0.03769401 0.29760858 0.07497089
v -0.03882395 0.29644451 0.07316931
v -0.03967420 0.29554453 0.07108720
v -0.04021209 0.29494375 0.06880089
v -0.04041778 0.29466450 0.06640270
v -0.04028293 0.29471824 0.06398202
v -0.03981319 0.29510292 0.06163428
v -0.03902628 0.29580280 0.05944647
v -0.03795196 0.29679251 0.05750588
v -0.03663182 0.29803279 0.05588447
v -0.03511775 0.29947621 0.05464633
v -0.03346540 0.30106860 0.05383913
v -0.03724536 0.29999527 0.07628737
v -0.03878283 0.29894069 0.07492910
v -0.04010303 0.29801086 0.07312057
v -0.04109537 0.29728505 0.07103179
v -0.04172056 0.29679129 0.06874236
v -0.04195635 0.29654828 0.06634257
v -0.04179125 0.29656631 0.06392389
v -0.04123388 0.29684338 0.06157896
v -0.04030465 0.29736936 0.05939639
v -0.03903955 0.29812428 0.05746283
v -0.03748603 0.29907900 0.05585138
v -0.03570611 0.30019775 0.05462334
v -0.03376599 0.30143505 0.05382709
v -0.03788375 0.30119926 0.07624407
v -0.03958784 0.30045661 0.07487463
v -0.04104960 0.29979342 0.07305510
v -0.04214711 0.29926592 0.07095906
v -0.04283750 0.29889336 0.06866528
v -0.04309497 0.29869205 0.06626337
v -0.04290819 0.29866832 0.06384614
v -0.04228594 0.29882443 0.06150518
v -0.04125105 0.29915258 0.05933095
v -0.03984366 0.29964107 0.05740704
v -0.03811826 0.30027118 0.05580728
v -0.03614128 0.30101779 0.05459239
v -0.03398750 0.30185378 0.05381174
v -0.03827610 0.30250269 0.07619171
v -0.04008126 0.30209935 0.07480834
v -0.04162923 0.30172384 0.07297701
v -0.04279047 0.30141148 0.07087167
v -0.04352015 0.30117160 0.06857183
v -0.04378884 0.30101475 0.06616797
v -0.04358980 0.30094647 0.06375227
v -0.04292788 0.30096999 0.06141701
v -0.04182865 0.30108324 0.05925146
v -0.04033538 0.30128354 0.05733996
v -0.03850470 0.30156064 0.05575394
v -0.03640789 0.30190676 0.05455679
v -0.03412332 0.30230746 0.05379296
f 4 2 1
f 8 6 5
f 13 15 14
f 17 19 18
f 32 30 29
f 36 34 33
f 37 39 38
f 21 23 20
f 25 27 24
f 41 43 42
f 48 46 45
f 52 50 49
f 53 55 54
f 60 58 57
f 29 62 61
f 66 64 63
f 67 6 68
f 72 70 69
f 76 74 73
f 77 79 78
f 81 83 82
f 59 86 85
f 88 90 89
f 96 94 93
f 100 98 97
f 101 103 102
f 106 34 87
f 108 115 107
f 117 36 118
f 124 126 125
f 131 129 128
f 132 134 133
f 142 140 139
f 148 60 147
f 144 127 124
f 149 151 150
f 156 154 153
f 159 158 157
f 116 164 105
f 171 169 168
f 174 173 172
f 179 181 180
f 186 188 187
f 194 196 195
f 199 139 198
f 206 208 207
f 213 211 210
f 202 214 201
f 96 216 54
f 92 43 44
f 97 246 100
f 250 229 228
f 252 58 253
f 258 256 255
f 260 229 259
f 110 112 113
f 114 263 109
f 265 267 266
f 56 270 269
f 274 249 250
f 185 63 64
f 280 278 276
f 285 283 157
f 288 211 212
f 141 92 46
f 289 175 176
f 148 105 106
f 312 170 171
f 238 42 43
f 318 160 317
f 310 308 307
f 241 325 324
f 160 240 317
f 47 307 308
f 108 315 164
f 345 86 119
f 348 350 349
f 356 358 357
f 355 353 352
f 363 32 362
f 149 150 176
f 364 253 365
f 366 368 367
f 183 371 63
f 163 161 160
f 209 101 208
f 378 165 166
f 379 381 380
f 383 3 4
f 284 386 385
f 387 389 388
f 391 229 249
f 73 397 396
f 405 407 406
f 203 411 410
f 414 413 412
f 1 357 4
f 277 131 275
f 254 57 58
f 358 415 351
f 417 386 408
f 401 192 420
f 419 127 143
f 421 182 422
f 103 302 409
f 428 368 174
f 380 359 356
f 62 266 323
f 140 431 430
f 357 351 348
f 356 379 380
f 415 403 434
f 437 436 435
f 438 440 439
f 188 450 449
f 452 454 453
f 265 181 421
f 224 64 225
f 237 213 427
f 275 128 458
f 281 460 459
f 50 79 461
f 73 282 281
f 468 466 465
f 390 352 359
f 482 484 483
f 489 487 486
f 493 495 494
f 472 470 469
f 502 500 499
f 220 222 223
f 512 143 66
f 518 511 80
f 513 230 286
f 205 31 244
f 189 451 188
f 163 532 8
f 533 225 251
f 446 447 412
f 335 540 334
f 544 546 545
f 329 291 292
f 199 262 238
f 385 416 550
f 532 191 247
f 363 118 243
f 236 237 250
f 578 580 579
f 573 571 570
f 561 562 272
f 241 259 240
f 590 592 591
f 545 595 594
f 503 155 504
f 606 624 623
f 478 480 479
f 646 648 647
f 590 689 684
f 564 651 650
f 728 184 727
f 714 716 715
f 692 575 693
f 541 581 578
f 346 248 400
f 161 230 160
f 128 94 95
f 698 704 703
f 574 576 575
f 290 401 328
f 630 725 726
f 733 735 734
f 755 496 493
f 759 481 760
f 757 762 761
f 764 466 467
f 768 9260 9261
f 759 488 489
f 492 475 771
f 474 769 473
f 773 465 772
f 771 486 483
f 484 775 491
f 774 489 486
f 495 764 756
f 495 761 494
f 137 784 136
f 325 797 547
f 165 51 52
f 369 29 370
f 730 568 569
f 90 301 89
f 243 516 242
f 800 806 805
f 817 808 816
f 816 823 822
f 306 447 807
f 815 809 808
f 829 828 825
f 726 501 502
f 274 424 423
f 879 881 880
f 884 879 885
f 219 217 211
f 906 904 897
f 455 205 542
f 898 830 829
f 903 880 881
f 906 897 898
f 377 519 165
f 923 948 946
f 946 951 950
f 8963 739 8961
f 900 886 880
f 225 65 144
f 182 442 422
f 809 947 824
f 954 962 961
f 927 965 966
f 885 880 886
f 925 966 967
f 343 341 340
f 965 971 968
f 968 970 969
f 972 969 973
f 963 981 978
f 336 338 339
f 992 827 828
f 810 996 959
f 1007 1002 1008
f 1012 827 1009
f 1011 1007 1008
f 294 292 291
f 907 920 919
f 1017 1019 1018
f 1020 1022 1021
f 1035 1020 1044
f 1061 1047 1046
f 1063 1046 1062
f 1044 1021 1045
f 1102 1097 1109
f 1116 1118 1117
f 1016 1014 1013
f 881 904 903
f 816 1127 817
f 1094 949 1097
f 514 167 515
f 146 81 82
f 1133 1130 1129
f 1102 1126 822
f 822 1116 816
f 1145 1148 1136
f 1076 1151 1069
f 1148 1086 1087
f 1109 1114 1136
f 1154 1156 1155
f 1153 967 1156
f 8815 463 9166
f 1144 1152 1151
f 1156 1163 1162
f 1164 1169 1165
f 1145 1176 1147
f 1114 1154 1171
f 1183 1164 1177
f 1184 1177 1185
f 1069 1062 1064
f 1023 1194 1022
f 1162 1170 1169
f 1195 1185 1191
f 1183 1176 1155
f 1201 1152 1196
f 1061 1201 1202
f 9277 843 9288
f 1203 1195 1034
f 1202 1184 1195
f 1218 1203 1217
f 1060 1202 1203
f 1225 1217 1219
f 671 694 670
f 1219 1024 1035
f 1217 1034 1024
f 1226 1015 1227
f 1243 1234 1233
f 1231 1229 1228
f 847 1233 843
f 843 1244 878
f 1233 1245 1244
f 1923 233 216
f 2100 499 500
f 9366 2135 9352
f 61 323 505
f 210 217 457
f 1299 1309 1300
f 9315 1231 9314
f 1066 1321 1322
f 1322 1228 1229
f 1060 1321 1047
f 1325 1323 1310
f 1244 1332 1330
f 1290 1242 1288
f 1337 1339 1338
f 1330 1340 1339
f 1341 1245 1294
f 1342 1332 1341
f 1343 1341 1344
f 1344 1294 1293
f 9309 1345 1346
f 1347 1342 1343
f 9308 1295 1345
f 1349 1348 1347
f 9313 1347 9305
f 9305 1343 9309
f 906 829 1353
f 905 1353 1354
f 865 1355 1357
f 1355 829 825
f 1357 825 826
f 1356 1353 1355
f 9286 1338 9285
f 866 1356 865
f 1358 1354 1356
f 9280 1337 9286
f 838 1012 841
f 1363 1338 1339
f 1368 1339 1340
f 1348 1340 1342
f 1371 9276 9281
f 524 526 523
f 528 530 527
f 1372 1369 1371
f 535 537 538
f 1367 1348 1350
f 1370 1359 1369
f 1369 9285 9276
f 1373 903 904
f 555 557 558
f 1374 910 1373
f 1373 905 1375
f 1374 1375 1376
f 1375 1354 1370
f 1378 908 1377
f 376 651 1387
f 1388 973 969
f 586 588 585
f 1390 1388 1391
f 1391 969 970
f 597 599 596
f 600 602 603
f 1392 970 979
f 608 610 607
f 612 523 611
f 614 616 613
f 617 25 24
f 620 622 619
f 1397 1391 1392
f 1398 1392 1399
f 1400 920 1378
f 1402 1165 1169
f 636 638 635
f 930 1402 929
f 641 643 644
f 929 1169 1170
f 1404 1403 1402
f 1411 1365 1406
f 1412 1415 1414
f 652 654 655
f 609 657 658
f 659 661 662
f 558 586 585
f 665 667 664
f 1413 1406 1412
f 1418 9262 9265
f 1417 1371 1416
f 1416 9281 9262
f 1419 1416 1418
f 1386 1374 1420
f 677 679 676
f 1385 1420 1421
f 1420 1376 1422
f 685 687 688
f 1421 1422 1423
f 528 691 658
f 1422 1372 1417
f 1018 747 1425
f 699 701 702
f 1424 579 1017
f 9115 1767 9112
f 700 711 712
f 1093 9206 1571
f 717 530 719
f 721 723 720
f 704 8987 8998
f 19 1426 1430
f 1429 1427 1426
f 1658 8986 8988
f 1439 1434 1438
f 1437 1435 1434
f 1426 1433 1432
f 1442 1432 1440
f 742 744 745
f 1432 1441 1440
f 751 753 750
f 1438 1403 1405
f 1446 1444 1443
f 1447 1446 1443
f 9312 1443 9300
f 1415 1445 1446
f 1414 1446 1448
f 2173 469 470
f 777 779 686
f 780 782 783
f 1676 1806 1675
f 9311 1349 9313
f 789 791 788
f 745 793 742
f 652 795 653
f 1455 1457 1456
f 1454 1350 1452
f 610 802 801
f 9283 698 703
f 1352 1045 1351
f 1015 1459 1460
f 811 813 814
f 2118 9269 2117
f 819 821 818
f 1466 1194 1190
f 1467 1465 1466
f 1182 1468 1467
f 832 833 831
f 835 837 834
f 1467 1190 1182
f 1469 1444 1445
f 840 712 690
f 1453 1469 1454
f 599 845 846
f 1226 9301 9307
f 851 853 850
f 855 856 854
f 858 860 857
f 861 863 864
f 1014 9307 9310
f 867 868 869
f 870 872 873
f 874 876 877
f 1310 1471 1309
f 1476 1427 1475
f 1461 1475 1460
f 887 889 890
f 788 892 891
f 894 896 893
f 1460 1227 1015
f 901 524 612
f 1465 1477 1464
f 1865 8944 1864
f 911 913 914
f 916 918 915
f 1850 8951 1851
f 921 895 894
f 1479 1436 1478
f 926 667 601
f 1481 563 1480
f 269 84 1482
f 931 933 916
f 934 614 869
f 936 688 937
f 938 662 939
f 1484 122 123
f 941 835 834
f 320 509 510
f 1849 8949 1850
f 84 1484 83
f 1487 1488 539
f 1757 8946 8953
f 365 1491 364
f 461 80 511
f 117 362 1496
f 1494 541 1495
f 926 957 958
f 1477 1433 1476
f 1709 1585 1700
f 119 1496 345
f 271 504 156
f 511 189 186
f 345 1492 365
f 255 344 254
f 57 299 132
f 1501 268 1500
f 267 1499 145
f 974 976 977
f 1678 1693 1676
f 9298 1807 9292
f 557 663 558
f 983 984 985
f 1443 9301 9300
f 421 268 265
f 989 991 988
f 1490 418 1504
f 279 309 310
f 997 676 679
f 998 999 875
f 1504 38 1505
f 1506 1507 1486
f 360 1508 1506
f 1506 207 360
f 939 1006 938
f 270 1483 269
f 66 546 512
f 1010 793 935
f 367 437 1509
f 244 363 243
f 1670 8978 1669
f 209 1510 226
f 235 1512 1511
f 1511 234 235
f 388 426 425
f 427 250 237
f 161 521 231
f 100 45 44
f 1025 608 1027
f 1029 1031 1028
f 939 1033 1032
f 41 594 99
f 1036 783 1037
f 702 1038 1039
f 1040 1042 1043
f 362 369 1493
f 187 477 186
f 70 539 198
f 1511 1521 234
f 1049 603 1048
f 613 869 614
f 860 1051 857
f 1005 1053 1006
f 753 1056 1054
f 1057 1059 1055
f 293 1522 292
f 288 1521 1522
f 292 1523 329
f 331 1508 1524
f 306 453 305
f 100 41 99
f 462 78 79
f 330 1524 462
f 635 1068 636
f 1485 1526 1528
f 206 1528 1510
f 1070 1072 831
f 942 1073 1074
f 916 1075 917
f 440 1530 439
f 157 1514 285
f 1529 5 1530
f 371 546 63
f 790 663 791
f 1077 857 1078
f 1403 1435 1165
f 1080 1082 1079
f 531 1529 440
f 21 1084 1085
f 272 1531 561
f 137 396 397
f 690 802 691
f 335 9011 581
f 1090 1029 1091
f 1092 794 1042
f 1533 137 138
f 661 1095 1096
f 69 445 72
f 1099 1101 1098
f 38 1536 1505
f 1104 1106 1103
f 852 1108 853
f 1377 909 1386
f 291 411 294
f 316 516 33
f 539 1533 534
f 1505 316 313
f 1110 1112 1113
f 1539 460 264
f 522 1537 1539
f 834 1120 1119
f 1122 1124 1121
f 612 1041 901
f 935 615 614
f 276 130 131
f 1686 8966 1685
f 193 1541 273
f 231 1540 287
f 556 982 557
f 365 85 345
f 190 318 1541
f 1810 9018 8972
f 9376 8956 9243
f 1132 985 1131
f 208 102 132
f 1134 662 661
f 1491 80 77
f 429 1542 147
f 1137 915 918
f 172 428 174
f 1139 1141 1142
f 549 54 55
f 1517 1518 296
f 976 1146 938
f 834 984 941
f 1543 286 115
f 1544 239 513
f 133 1544 1542
f 506 257 258
f 420 328 401
f 1158 1160 1157
f 587 1103 588
f 1513 1514 151
f 607 1027 608
f 304 1545 303
f 364 77 506
f 69 198 139
f 1006 976 938
f 700 1112 701
f 9329 8969 9239
f 1166 657 656
f 1167 858 1077
f 1300 8968 1299
f 1172 1174 1175
f 218 200 217
f 1179 1181 1178
f 372 97 98
f 89 227 88
f 1186 1188 1189
f 172 1517 1549
f 1482 81 1498
f 1090 1193 1030
f 394 353 1551
f 526 1198 1197
f 811 858 812
f 1199 1026 1025
f 606 697 696
f 1204 1206 743
f 1207 523 526
f 1209 867 613
f 914 685 936
f 1478 1441 1477
f 1029 1161 1091
f 1211 1213 1214
f 9310 1451 9311
f 844 1216 845
f 423 273 274
f 1220 1222 1083
f 22 1224 23
f 882 897 881
f 1519 173 387
f 1189 1232 1178
f 349 550 416
f 1071 1236 1072
f 1237 1239 745
f 1221 1189 1240
f 1510 1512 333
f 939 1241 1005
f 1556 5 67
f 1553 394 1551
f 404 67 347
f 1247 1249 1246
f 142 238 92
f 1251 635 1250
f 850 1253 851
f 1254 1077 1255
f 57 133 429
f 443 552 551
f 1187 1175 1188
f 1256 831 833
f 432 382 383
f 741 747 746
f 434 351 415
f 349 383 348
f 251 1481 1480
f 395 352 353
f 1518 1550 1551
f 1558 378 340
f 109 314 315
f 285 1513 407
f 395 393 392
f 202 410 1558
f 417 405 432
f 1246 1258 1247
f 3 297 2
f 1259 1261 1262
f 403 347 284
f 955 953 952
f 462 51 330
f 1096 687 1263
f 429 60 57
f 896 1265 932
f 1267 1268 1266
f 423 327 420
f 37 180 40
f 20 1187 1186
f 1256 1071 1070
f 155 156 504
f 1188 1269 1232
f 1236 1271 1262
f 1272 535 621
f 565 463 464
f 1273 745 1239
f 876 1255 1274
f 316 164 315
f 437 503 1509
f 194 1495 197
f 1275 864 863
f 624 631 630
f 1277 1137 1278
f 569 567 566
f 1481 125 366
f 324 547 326
f 1279 1107 1280
f 1525 329 1523
f 1281 1137 918
f 171 1553 1552
f 1488 396 1533
f 1557 1562 1559
f 1282 1206 1205
f 1053 1278 1281
f 778 607 1283
f 713 9010 9013
f 251 144 124
f 4 348 383
f 709 707 706
f 728 45 246
f 261 1563 544
f 789 1287 790
f 74 263 282
f 403 385 434
f 1178 1240 1189
f 1223 1289 1224
f 158 150 151
f 1220 1186 1221
f 296 354 433
f 784 1538 1566
f 1181 1291 1222
f 1269 1257 1246
f 1566 438 399
f 136 1566 1564
f 1563 169 1565
f 107 109 108
f 1297 1298 1296
f 1464 1476 1461
f 1520 507 508
f 1301 1303 1304
f 1306 1308 1305
f 175 1532 272
f 1532 200 201
f 1311 1312 1313
f 872 1315 1316
f 1317 1318 1319
f 9288 878 9280
f 1305 864 1276
f 1040 863 1320
f 1564 399 169
f 592 1575 591
f 591 1088 689
f 1581 1583 1582
f 1196 1147 1176
f 710 583 713
f 285 408 386
f 953 961 963
f 1594 1589 1593
f 1585 1587 1586
f 1592 1590 1589
f 9337 944 9351
f 1600 1598 1597
f 1604 1602 1601
f 1399 979 980
f 1589 1596 1595
f 1610 1608 1607
f 298 361 360
f 551 276 277
f 1627 9266 9271
f 859 818 860
f 1078 1328 1329
f 1555 1530 1556
f 572 680 681
f 772 776 774
f 977 918 917
f 404 392 393
f 1054 750 753
f 1644 1643 1642
f 932 1082 933
f 1067 1334 1068
f 1540 264 114
f 597 643 1336
f 471 762 470
f 1642 9283 9294
f 1644 9294 9295
f 923 950 927
f 96 548 95
f 520 522 521
f 445 443 442
f 849 848 842
f 480 755 493
f 1646 481 1639
f 311 1567 170
f 464 8941 8939
f 8941 1361 8939
f 234 236 235
f 190 192 191
f 153 152 149
f 231 286 230
f 1552 1551 1550
f 760 1648 488
f 9284 1649 9282
f 828 826 825
f 52 166 165
f 1663 1661 1660
f 287 115 286
f 668 670 669
f 634 640 639
f 553 559 554
f 118 33 516
f 492 491 490
f 8996 1651 8997
f 582 584 583
f 384 392 415
f 1381 1383 1380
f 1562 435 436
f 952 951 947
f 8973 583 584
f 1660 1667 1666
f 1394 1396 1393
f 1660 1664 1663
f 1671 1669 1668
f 1624 1673 1672
f 1407 1409 1410
f 1677 1675 1674
f 1613 1677 1625
f 1679 1676 1677
f 1626 9263 9266
f 534 198 539
f 176 150 159
f 803 734 800
f 400 191 192
f 65 143 144
f 8970 1656 8984
f 402 157 283
f 629 627 626
f 461 49 50
f 758 495 756
f 796 786 785
f 406 1513 1560
f 342 166 167
f 1694 1658 1695
f 1692 1694 1696
f 9001 1652 8996
f 9373 1703 9375
f 326 302 90
f 9368 1702 1706
f 9371 1698 1701
f 1699 9379 9370
f 1557 1560 1561
f 1127 1117 1128
f 400 289 346
f 1706 1707 1708
f 1707 1599 1600
f 1709 1708 1588
f 1714 1711 1713
f 9371 1709 1700
f 1704 1577 1703
f 1716 1713 1715
f 1559 1549 297
f 1722 1720 1719
f 1335 596 1489
f 410 377 378
f 973 1163 972
f 168 399 398
f 1571 1089 1093
f 1572 682 1571
f 749 647 754
f 1730 1723 1729
f 1594 1729 1592
f 1729 1591 1592
f 1731 1730 1583
f 1384 1377 1379
f 1732 1712 1714
f 1724 1731 1732
f 1712 1731 1580
f 1722 1732 1733
f 1721 1733 1734
f 1734 1716 1717
f 1735 1736 1697
f 1733 1714 1716
f 1663 1741 1668
f 1742 1740 1743
f 1738 1737 1735
f 1665 1666 1740
f 1665 1744 1664
f 1725 1746 1745
f 1591 1745 1590
f 1590 1747 1596
f 1745 1748 1747
f 1659 8982 8986
f 5650 8989 5617
f 1185 1182 1190
f 1664 1749 1741
f 1741 1739 1738
f 1746 1743 1748
f 1726 1742 1746
f 1153 924 925
f 1115 1153 1154
f 1654 9019 1655
f 1896 8993 1686
f 1720 1744 1726
f 1721 1749 1720
f 1750 1701 1698
f 1697 1750 1696
f 1151 1063 1062
f 1751 1670 1671
f 1695 1752 1751
f 961 986 981
f 1770 1768 1767
f 1766 1593 1765
f 1731 1579 1580
f 1579 1774 1578
f 9380 1771 9381
f 1764 9380 9369
f 1777 1775 1774
f 9214 1699 1700
f 1004 1128 1003
f 1774 1771 1772
f 987 1399 980
f 1578 1772 1764
f 1783 1781 1778
f 1597 1770 1767
f 639 9347 9336
f 9380 1769 1770
f 1793 1789 1788
f 9381 1798 1769
f 8952 9225 1806
f 1802 9376 9374
f 1788 1794 1793
f 1793 1795 1776
f 9225 1675 1806
f 1584 1783 1789
f 1771 9372 9381
f 1801 1798 1800
f 1768 1798 1799
f 1775 1797 1771
f 508 515 1520
f 1796 1802 1797
f 1800 9372 9374
f 1794 1804 1795
f 8976 1752 8991
f 485 1807 775
f 9261 1640 768
f 9289 1810 1653
f 485 1640 1808
f 1690 9222 9224
f 487 1648 1811
f 9291 1816 9274
f 9290 1648 9282
f 9291 1811 9290
f 1812 487 1811
f 1641 767 768
f 465 755 776
f 767 9275 9260
f 9274 9278 9299
f 1809 1815 767
f 9289 1651 9292
f 675 8985 8940
f 1814 1822 1821
f 1821 9273 9272
f 1824 1649 1825
f 1827 1850 1805
f 1668 1662 1663
f 1779 1848 1828
f 1790 1805 1794
f 1833 1853 1852
f 8965 693 575
f 1614 1616 1617
f 1852 8942 8945
f 1620 1622 1623
f 1855 1574 1861
f 1847 8945 8957
f 1766 1855 1782
f 1629 1631 1628
f 1633 1634 1632
f 1635 1637 1638
f 1848 1852 1847
f 1855 1863 1862
f 1803 1867 1802
f 1862 1831 1832
f 1782 1862 1781
f 9374 1865 1800
f 1873 1870 1869
f 1874 799 804
f 2045 9349 2044
f 1219 1295 1225
f 1615 1396 1395
f 9336 1877 1876
f 645 9238 9003
f 1345 1035 1346
f 634 9336 9332
f 15 1327 14
f 9362 1878 1893
f 1894 605 1893
f 8950 627 693
f 9004 645 9003
f 340 454 1558
f 1897 195 1898
f 1889 1877 1890
f 1901 129 1900
f 196 754 232
f 1705 9373 9368
f 340 166 343
f 1570 563 561
f 1904 194 1897
f 1781 1832 1780
f 1905 55 1906
f 1000 995 996
f 986 920 987
f 1191 1190 1194
f 2094 2075 2093
f 1920 1919 1915
f 453 1912 1911
f 1915 1918 1916
f 9334 2106 9353
f 1655 8975 1868
f 1916 1926 1925
f 704 9005 703
f 278 1925 1900
f 9009 1818 1820
f 1097 1115 1114
f 1927 727 1923
f 9030 9106 9210
f 1920 307 1929
f 1929 48 728
f 503 1497 1509
f 1902 787 796
f 1816 9272 9278
f 1925 1923 1924
f 1535 1568 1534
f 254 258 255
f 1509 366 367
f 119 35 36
f 219 293 294
f 141 47 431
f 542 244 245
f 1940 430 431
f 1779 1827 1790
f 1701 9367 9371
f 1661 8959 1667
f 270 754 647
f 197 749 196
f 1727 1212 1211
f 53 232 754
f 1465 1479 1478
f 1284 9306 1293
f 1951 412 413
f 168 1554 1553
f 1486 206 207
f 506 78 361
f 994 1007 993
f 951 963 964
f 1013 9313 1351
f 9278 1820 1818
f 1498 1954 1482
f 299 543 132
f 1754 1756 1753
f 1681 1683 1682
f 1696 1695 1697
f 13 738 737
f 473 475 474
f 482 768 1640
f 204 30 205
f 1761 820 819
f 611 1125 612
f 1501 1908 1909
f 1074 711 699
f 1960 82 83
f 120 1960 123
f 35 87 34
f 1773 1025 1031
f 1965 1569 1535
f 494 471 479
f 1966 1969 1968
f 446 1971 1967
f 174 125 126
f 1580 1578 1577
f 1785 1787 1784
f 1972 304 305
f 1254 875 999
f 1973 342 514
f 321 1973 509
f 1910 275 1907
f 509 514 508
f 1486 1527 1485
f 1974 804 1975
f 1977 1974 1978
f 1980 1966 1981
f 379 2 295
f 1718 1710 1701
f 884 992 883
f 1680 1678 1679
f 902 525 524
f 344 256 299
f 135 137 136
f 236 228 333
f 448 1967 1966
f 589 604 584
f 910 908 907
f 1981 1968 1987
f 1982 1987 1979
f 1988 1987 1989
f 1990 1989 1991
f 1991 1993 1992
f 322 320 319
f 992 830 883
f 1144 1086 1143
f 1995 1978 1994
f 1133 1118 1126
f 1997 1994 1996
f 870 1335 1489
f 805 1982 1998
f 727 2000 1999
f 1996 1988 1990
f 1994 1979 1988
f 1829 792 1273
f 1830 941 983
f 798 800 799
f 729 731 730
f 2011 2023 2022
f 1834 846 1159
f 402 284 347
f 2022 2024 2025
f 1838 989 988
f 810 952 809
f 1823 1840 644
f 1430 1432 1431
f 1215 1841 1079
f 149 176 177
f 1316 873 872
f 2112 1384 2106
f 1842 1844 1845
f 1159 845 1160
f 837 1846 1120
f 1971 2030 2027
f 517 370 189
f 858 833 812
f 1471 2027 1888
f 8995 626 627
f 2174 770 490
f 935 1854 1010
f 1613 1611 1618
f 1231 1225 1295
f 1856 891 892
f 1300 748 741
f 1150 1858 1859
f 1643 696 1642
f 1215 1264 1216
f 1320 902 901
f 1956 1944 1960
f 2031 669 1474
f 2034 1310 1299
f 1879 1656 1657
f 40 242 39
f 1992 2039 1456
f 888 957 889
f 1882 1996 1990
f 1078 1255 1077
f 1871 1192 1090
f 294 218 219
f 1323 2026 1471
f 123 83 1484
f 1324 2041 1323
f 384 359 352
f 1324 2038 2036
f 1883 1885 1829
f 287 114 107
f 1096 1134 661
f 915 931 916
f 806 1981 1982
f 8977 584 604
f 1425 2042 1018
f 1018 1948 1017
f 9006 740 8963
f 1948 649 646
f 1881 1990 1991
f 1900 130 278
f 992 994 993
f 923 925 924
f 9330 2047 9328
f 1643 625 606
f 2050 2051 2049
f 2045 1404 2047
f 9328 945 9337
f 1139 1079 1841
f 1037 892 982
f 2055 2057 2056
f 1198 718 717
f 1619 1612 1611
f 2058 1606 2059
f 2059 1607 2058
f 2058 1624 1605
f 71 179 37
f 405 1557 382
f 976 1006 977
f 322 1972 1911
f 2061 2063 2062
f 2066 2067 1825
f 2052 2064 2051
f 1609 2066 1647
f 1515 152 1516
f 1009 993 1007
f 1644 9267 2118
f 279 1916 278
f 1285 9314 1284
f 1647 1825 1649
f 2056 2067 2065
f 319 1953 1952
f 667 1913 1914
f 2070 625 2048
f 2052 2055 2063
f 2038 1655 1458
f 1606 2073 2072
f 1235 1270 1236
f 2072 2075 2074
f 2059 2072 2062
f 2074 2077 2076
f 1601 2078 2073
f 2049 1643 1645
f 1000 1001 994
f 1089 684 689
f 1931 1306 1930
f 1462 1021 1022
f 1932 1934 1935
f 875 1846 998
f 1936 1937 1938
f 44 46 92
f 1534 1956 120
f 1541 317 391
f 2081 2084 2083
f 146 1959 300
f 1360 1942 1361
f 985 1032 1033
f 1995 1892 2043
f 2079 2082 2081
f 2095 2076 2077
f 2081 2078 2079
f 2055 2054 2053
f 501 2095 500
f 2097 2099 2098
f 2098 2094 2083
f 2140 9345 9318
f 2141 9346 9345
f 2051 2048 2049
f 592 2101 1576
f 2071 2076 2096
f 2102 2098 2101
f 593 2102 592
f 1019 746 747
f 1950 12 1327
f 725 2096 501
f 1385 2104 1379
f 1379 2106 1384
f 2107 2100 2097
f 9360 502 9348
f 9348 499 9353
f 940 2109 944
f 928 1170 973
f 9320 684 9351
f 1962 1964 1961
f 9330 573 9349
f 2039 1968 1969
f 1389 2110 2109
f 1398 2113 1397
f 9209 9205 9195
f 9363 2107 2103
f 949 924 1115
f 260 324 326
f 1390 2113 2110
f 2070 2064 2071
f 9319 2103 593
f 2105 1421 2114
f 2114 1423 2115
f 9344 2115 9355
f 9360 2114 9344
f 554 1902 553
f 972 967 966
f 1765 1573 1574
f 1984 1986 1983
f 2053 2069 2057
f 9017 724 714
f 1625 1674 1673
f 9333 2119 2122
f 9355 2123 9356
f 56 1906 55
f 626 9331 629
f 2001 2003 2004
f 9364 2127 9359
f 2006 2008 2009
f 2127 1412 2128
f 2014 2016 2017
f 2018 2020 2021
f 1495 1947 197
f 1379 1386 1385
f 9266 1680 1618
f 2029 1884 2028
f 9354 2120 9339
f 629 9366 9324
f 682 943 1089
f 724 2121 716
f 1757 9273 9297
f 765 9296 9261
f 9303 715 9304
f 706 9322 9324
f 981 987 980
f 1457 1656 1880
f 2017 2032 2033
f 1458 1868 1457
f 1776 1792 1793
f 1959 1946 1958
f 9115 9177 9113
f 9365 2122 9302
f 1093 689 1088
f 966 968 972
f 9304 9333 9365
f 2172 2170 2171
f 670 2137 669
f 9213 1903 233
f 1429 28 1449
f 964 978 971
f 9293 1413 2127
f 1473 669 2137
f 9286 1359 1358
f 2138 1870 2137
f 1872 2137 1870
f 715 9340 9333
f 1881 1992 1880
f 9295 739 740
f 1837 8957 8958
f 253 59 85
f 1808 9292 1807
f 1647 9270 1609
f 9317 671 668
f 2112 9335 2111
f 1405 2044 1438
f 9281 1364 1366
f 273 391 249
f 576 8964 8999
f 9327 668 2031
f 1430 2140 2139
f 2136 9312 28
f 1430 18 19
f 9345 570 695
f 1442 2046 2141
f 1431 2141 2140
f 9321 9302 2136
f 9260 1817 766
f 9318 695 671
f 2142 798 2138
f 571 2142 694
f 9271 1618 1611
f 2143 2025 2142
f 694 2138 670
f 681 2144 572
f 2144 2022 2143
f 328 457 290
f 1572 2011 2144
f 630 9355 624
f 2085 2087 2088
f 2090 2092 2089
f 572 2143 571
f 1875 2153 2149
f 1873 2149 2154
f 2103 2097 2102
f 2157 2155 2156
f 2128 1414 2120
f 9326 589 582
f 9324 628 629
f 2149 2158 2159
f 2159 9357 9342
f 698 9354 705
f 9275 9279 1817
f 2158 9326 9357
f 1438 2046 1439
f 2035 2160 2161
f 2161 9341 9338
f 9323 605 589
f 9325 18 9327
f 370 61 451
f 649 413 648
f 2153 2156 2158
f 1428 1449 1450
f 1490 73 1488
f 9342 710 633
f 2155 9343 9323
f 1456 1880 1992
f 2125 2087 2124
f 2160 9342 9341
f 300 505 323
f 1064 1046 1065
f 2043 1891 2155
f 2129 2004 2003
f 2131 2133 2134
f 9300 1450 1449
f 1998 804 805
f 9331 9316 9366
f 474 490 770
f 1164 1182 1177
f 707 9361 9322
f 708 2162 707
f 2162 9338 9361
f 548 1905 458
f 1145 1114 1171
f 705 1650 704
f 2043 1977 1995
f 737 554 559
f 1034 1191 1023
f 458 1907 275
f 195 232 233
f 2040 1969 1970
f 2145 2147 2148
f 2054 2049 1645
f 9284 1639 9270
f 9 11 10
f 252 506 258
f 472 479 471
f 1865 9243 8947
f 900 910 907
f 1941 2151 1942
f 1921 1927 1919
f 2163 1898 2116
f 271 153 178
f 1904 12 9
f 282 264 460
f 1872 2154 2035
f 1326 1897 2163
f 628 693 627
f 1724 1719 1723
f 1549 436 172
f 1582 1730 1729
f 1921 1929 1928
f 9007 10 11
f 2152 1950 1949
f 475 774 771
f 769 2171 473
f 2171 476 473
f 476 772 475
f 1791 464 1760
f 2166 2168 2169
f 595 372 98
f 483 1641 482
f 762 2173 470
f 771 484 492
f 486 1809 483
f 297 1517 296
f 763 2174 762
f 776 759 489
f 184 2176 2000
f 412 303 414
f 2005 185 224
f 9263 1682 9298
f 2164 756 764
f 1472 2161 2162
f 950 964 965
f 2177 2179 2180
f 227 1510 333
f 764 467 2164
f 2182 2184 2181
f 2186 2018 2185
f 1985 2181 1986
f 214 729 1531
f 1545 1546 1569
f 865 842 866
f 849 1357 1362
f 452 1558 454
f 559 3188 737
f 16 737 3188
f 560 498 374
f 3193 3195 3194
f 3200 3198 3199
f 3211 3213 3212
f 3215 3217 3216
f 2187 2002 2001
f 3233 3235 3234
f 3223 3222 3224
f 3229 3231 3230
f 3245 3247 3246
f 2169 2189 2190
f 2192 2085 2191
f 2193 2195 2196
f 2198 2200 2197
f 1998 1979 1975
f 9116 9120 9123
f 3253 3255 3254
f 2116 1903 1902
f 1859 2009 1150
f 9356 2126 9358
f 1135 1087 1130
f 2201 2015 2014
f 1149 110 1858
f 3261 3263 3262
f 3269 3271 3270
f 3265 3267 3266
f 3229 3284 3283
f 3289 3291 3290
f 3299 3301 3300
f 3307 3264 3308
f 3293 3295 3294
f 3297 3224 3298
f 3319 3291 3320
f 3322 3318 3315
f 3314 3312 3311
f 3285 3287 3286
f 3332 3218 3215
f 3329 3330 3328
f 3324 3227 3298
f 3298 3326 3324
f 2203 2205 2206
f 579 1895 1019
f 1755 2208 1756
f 3337 3339 3338
f 9343 1893 605
f 1211 2150 1727
f 868 2210 2209
f 3347 3349 3348
f 944 930 940
f 2130 2202 2201
f 233 1898 195
f 665 750 666
f 1167 999 618
f 2211 2213 2214
f 2215 2217 2218
f 9319 590 9320
f 2220 220 2219
f 823 948 1094
f 3375 3377 3376
f 3393 3391 3390
f 3353 3357 3356
f 3363 3365 3364
f 3402 3404 3403
f 266 455 265
f 9334 2107 9335
f 2221 8963 8961
f 2223 2225 2226
f 2207 2124 2208
f 3293 3336 3286
f 673 9321 9316
f 817 996 815
f 2227 2146 2145
f 1947 646 749
f 9352 17 9325
f 2229 1638 1381
f 1679 1618 1680
f 1637 2232 2230
f 2233 1617 1616
f 2231 2236 2237
f 3406 3408 3407
f 1381 2238 1382
f 9038 2242 9039
f 3414 3341 3415
f 1630 2233 1631
f 1681 472 469
f 1408 2243 2244
f 3423 3425 3424
f 3433 3263 3307
f 3434 3430 3435
f 3440 3442 3441
f 3444 3446 3445
f 3436 3450 3439
f 3442 3456 3455
f 1637 2238 1638
f 3445 3437 3438
f 3448 3440 3449
f 1409 1634 2245
f 1380 2247 2246
f 1628 2245 1621
f 3463 3465 3464
f 3308 3462 3307
f 2249 1622 1633
f 1632 1408 2244
f 2248 1631 2250
f 3478 3480 3479
f 3509 3511 3510
f 2235 1637 1636
f 3505 3507 3506
f 3457 3199 3198
f 631 2071 725
f 515 52 49
f 782 2251 1251
f 2253 2255 2252
f 397 459 784
f 1456 2040 1455
f 2040 2036 1455
f 3434 3518 3517
f 1401 2111 1398
f 2041 1970 2026
f 3367 3338 3368
f 1535 414 1965
f 1586 2080 2079
f 2256 1132 1886
f 3528 3530 3529
f 3519 3520 3517
f 3537 3506 3538
f 3543 3545 3544
f 1700 9370 9371
f 3486 3550 3549
f 3455 3497 3563
f 3558 3559 3323
f 3456 3500 3497
f 3572 3252 3249
f 3308 3285 3569
f 3316 3574 3573
f 3575 3479 3533
f 3576 3578 3577
f 3580 3582 3581
f 3584 3586 3585
f 3505 3588 3503
f 3589 3591 3590
f 3600 3602 3601
f 3542 3595 3594
f 3604 3592 3589
f 3611 3613 3612
f 3622 3624 3623
f 3618 3620 3619
f 3626 3628 3627
f 3644 3646 3645
f 3634 3636 3635
f 3638 3641 3640
f 9267 1686 9269
f 1263 1886 1096
f 3613 3654 3614
f 598 844 599
f 2257 2259 2260
f 2258 2262 2259
f 2259 2263 2216
f 2260 2216 2215
f 1967 1970 1969
f 2212 1963 2213
f 922 2218 2217
f 1312 1101 2264
f 1307 1286 789
f 1548 1546 1972
f 2266 2268 2265
f 2265 2270 2269
f 2272 2269 2271
f 2273 2265 2272
f 2275 2277 2274
f 2278 2277 2279
f 2284 9069 9091
f 2287 2286 2281
f 2288 2283 2287
f 2290 9091 9072
f 2291 2293 2294
f 2295 2294 2279
f 2296 2291 2295
f 2297 2292 2291
f 2294 2299 2300
f 2279 2300 2278
f 2298 2302 2292
f 2292 2303 2293
f 2293 2304 2299
f 2304 2306 2299
f 2306 2300 2299
f 2308 2310 2307
f 2302 2310 2303
f 2301 2307 2302
f 2312 2307 2311
f 2313 2315 2316
f 2318 2320 2317
f 9200 2322 2323
f 2324 2273 2326
f 2313 2326 2327
f 2328 2313 2316
f 2329 2324 2328
f 2331 2333 2330
f 2330 2267 2266
f 2325 2266 2273
f 2329 2330 2325
f 2333 2335 2267
f 2336 2333 2332
f 2338 2332 2337
f 2331 2337 2332
f 2329 2339 2331
f 2328 2340 2329
f 2316 2341 2328
f 2342 2315 2343
f 2344 2346 2347
f 2341 2347 2340
f 2342 2344 2341
f 2348 2345 2344
f 2350 2352 2353
f 2339 2353 2337
f 2340 2350 2339
f 2347 2351 2350
f 2337 2354 2338
f 2353 2355 2354
f 2356 2276 2357
f 2356 2358 2359
f 2356 2296 2295
f 2279 2356 2295
f 2360 2270 2268
f 2267 2360 2268
f 2362 2364 2365
f 2362 2361 2358
f 2366 2358 2357
f 2366 2363 2362
f 2357 2368 2366
f 2366 2369 2367
f 2276 2370 2368
f 2368 2282 2369
f 2372 2374 2371
f 2375 2377 2007
f 2378 2380 2381
f 2382 2381 2383
f 2384 2378 2382
f 2385 2379 2378
f 2388 2390 2387
f 2387 2392 2391
f 2393 2387 2391
f 2394 2388 2387
f 2186 2402 2400
f 2403 2327 2326
f 2272 2326 2273
f 2271 2403 2272
f 2405 2404 2403
f 2404 2408 2327
f 2409 2411 2412
f 2409 2271 2269
f 2413 2269 2270
f 2413 2410 2409
f 2417 2416 2418
f 2417 2406 2405
f 2412 2405 2271
f 2411 2417 2412
f 2406 2407 2404
f 9013 632 713
f 2420 2397 2421
f 2420 2423 2422
f 2424 2422 2419
f 2424 2398 2420
f 2425 2392 2426
f 2421 2426 2423
f 2397 2425 2421
f 2396 2391 2425
f 2427 2315 2314
f 2427 2408 2428
f 2430 2428 2429
f 2343 2427 2430
f 2432 2430 2431
f 2431 2429 2433
f 2435 2433 2434
f 2436 2431 2435
f 2428 2407 2437
f 2422 2407 2419
f 2438 2422 2423
f 2429 2437 2438
f 2440 2433 2439
f 2441 2433 2429
f 2442 2439 2441
f 2443 2440 2439
f 2445 2444 2443
f 2447 2443 2442
f 2383 2445 2447
f 2381 2446 2445
f 2448 2423 2426
f 2449 2426 2392
f 2441 2449 2442
f 2441 2438 2448
f 2449 2390 2450
f 2450 2389 2451
f 2447 2451 2383
f 2442 2450 2447
f 2451 2453 2452
f 2452 2455 2454
f 2382 2454 2384
f 2383 2452 2382
f 2456 2373 2372
f 2459 2461 2458
f 2463 2465 2462
f 2462 2285 2284
f 2466 2284 2290
f 2467 2462 2466
f 2461 9155 9153
f 2468 2470 2471
f 2472 2471 2473
f 2474 9153 9140
f 2475 2477 2478
f 2458 2453 2479
f 2479 2389 2388
f 2395 2479 2388
f 2480 2458 2479
f 2481 2483 2478
f 2484 2485 221
f 2471 2464 2463
f 2473 2463 2467
f 2487 2466 2486
f 2486 2290 2488
f 2490 2488 2489
f 2491 2486 2490
f 2492 2467 2487
f 2493 2487 2491
f 2494 2492 2493
f 2495 2473 2492
f 9142 2474 9140
f 9143 2496 9142
f 2498 2493 2499
f 2500 2499 2501
f 9152 2498 2500
f 9139 2494 2498
f 2306 2278 2300
f 2305 2504 2306
f 2504 2507 2506
f 2506 2288 2508
f 2274 2508 2275
f 2278 2506 2274
f 9085 2489 2488
f 9072 2488 2290
f 2507 2289 2288
f 2505 2509 2507
f 2508 2287 2511
f 2511 2281 2280
f 2370 2280 2282
f 2275 2511 2370
f 2512 2489 2513
f 2514 2513 2515
f 2517 2514 2516
f 2517 2490 2512
f 2499 2491 2517
f 2499 2516 2501
f 2510 2519 2518
f 2518 2521 2520
f 9068 2520 9073
f 9084 2518 9068
f 2522 2303 2310
f 2523 2310 2309
f 2305 2522 2524
f 2524 2523 2525
f 2519 2525 2521
f 2505 2524 2519
f 2308 2527 2526
f 2526 2529 2528
f 2531 2528 2530
f 2309 2526 2531
f 1214 2151 1211
f 2419 2418 2424
f 2533 2349 2317
f 2534 2317 2320
f 2535 2533 2534
f 2536 2345 2533
f 2537 2346 2536
f 2538 2536 2535
f 2539 2537 2538
f 2540 2351 2537
f 2312 2541 2527
f 2527 2542 2529
f 2543 2434 2544
f 2545 2544 2546
f 2319 2543 2545
f 2318 2435 2543
f 2514 2548 2547
f 2547 2550 2549
f 2552 2549 2551
f 2552 2514 2547
f 2520 2554 2553
f 2553 2556 2555
f 9042 2555 9045
f 9073 2553 9042
f 2523 2531 2557
f 2557 2530 2558
f 2525 2557 2559
f 2559 2558 2560
f 2554 2560 2556
f 2521 2559 2554
f 2561 2007 2006
f 2376 2225 2377
f 2564 2566 2563
f 2563 338 2567
f 2569 2567 2568
f 2570 2563 2569
f 2572 2574 2571
f 2571 2576 2575
f 2544 2575 2546
f 2544 2572 2571
f 2578 2569 2577
f 2579 2569 2568
f 2574 2579 2576
f 2573 2577 2574
f 2581 2583 2580
f 2584 2583 2585
f 9149 2580 2584
f 9128 2580 9127
f 2582 2552 2583
f 2583 2551 2585
f 2500 2589 2588
f 2590 2589 2591
f 9145 2588 2590
f 9147 2500 2588
f 2501 2591 2589
f 2592 2594 2595
f 2386 2503 2502
f 2596 2386 2374
f 2596 2373 2597
f 2599 2597 2598
f 2599 2379 2596
f 2600 2380 2599
f 2600 2598 2601
f 2603 2601 2602
f 2603 2446 2600
f 2604 2602 2605
f 2440 2605 2434
f 2444 2604 2440
f 2606 2581 2607
f 2606 2590 2591
f 2591 2582 2606
f 9128 2456 9141
f 9141 2372 9145
f 2478 2608 2481
f 2609 2611 2199
f 2564 2613 2612
f 2612 2598 2597
f 2457 2597 2373
f 2565 2612 2457
f 2614 2570 2578
f 2615 2578 2573
f 2602 2614 2615
f 2601 2613 2614
f 2572 2605 2616
f 2616 2602 2615
f 2573 2616 2615
f 1459 1045 1021
f 1265 1079 1082
f 1612 1609 1611
f 2067 2069 2068
f 1135 1136 1148
f 1938 2618 2617
f 95 458 128
f 2058 1608 1612
f 1454 1445 1367
f 655 1048 2619
f 722 2621 723
f 3665 3634 3666
f 1131 1033 1134
f 562 366 1497
f 1723 1725 1591
f 1786 1122 1787
f 267 323 266
f 1325 1654 2038
f 1468 1435 1479
f 658 529 528
f 8 247 7
f 382 1559 3
f 3631 3680 3630
f 788 1307 789
f 940 929 928
f 911 2623 912
f 2621 655 654
f 2624 2625 2626
f 998 27 26
f 635 2626 2625
f 2627 644 1840
f 2628 1840 2629
f 1200 2627 2628
f 1199 641 2627
f 1520 49 477
f 1452 1349 1451
f 2630 1859 1858
f 644 1335 1823
f 3683 3699 3698
f 1197 717 2632
f 2632 719 1166
f 2628 1166 1200
f 2629 2632 2628
f 1762 1050 821
f 1823 873 1839
f 2634 794 652
f 1028 1027 1161
f 1042 2635 1043
f 93 1901 1924
f 2036 1458 1455
f 1527 1525 1526
f 877 1274 1277
f 134 797 1544
f 1328 931 1329
f 607 1091 1161
f 1043 2637 2636
f 2636 2639 2638
f 1275 2638 1276
f 1275 1043 2636
f 1272 2626 2640
f 2640 638 637
f 1110 2640 637
f 536 2640 2641
f 1472 1474 1473
f 2042 1951 649
f 3668 3633 3669
f 1058 1105 1059
f 2642 2643 2644
f 1192 2644 1193
f 912 2642 1192
f 9350 8970 9238
f 1049 2620 2621
f 616 1885 613
f 1331 666 750
f 990 1198 525
f 1911 321 322
f 1298 1205 2645
f 76 1504 75
f 1502 421 422
f 610 658 691
f 1146 659 938
f 2646 914 936
f 1280 1238 1279
f 975 2647 2648
f 2647 975 974
f 1453 1452 1451
f 1514 158 151
f 835 1843 1842
f 1271 1173 1289
f 2649 813 2650
f 1893 1826 1894
f 1050 1937 1051
f 2651 814 813
f 1006 1281 977
f 2653 2654 2655
f 1001 1003 1002
f 585 679 558
f 2624 621 620
f 555 2028 556
f 1207 1197 2629
f 1626 478 472
f 3729 3731 3730
f 3746 3748 3747
f 3770 3750 3753
f 426 419 1567
f 1030 1773 1031
f 9350 634 9332
f 534 138 262
f 1125 1042 1041
f 333 88 227
f 569 561 730
f 3691 3693 3692
f 1489 871 870
f 1857 620 891
f 1673 9222 9215
f 622 864 1308
f 2647 974 2657
f 619 891 620
f 261 545 262
f 393 1556 404
f 2658 2647 2657
f 1075 2657 917
f 1081 2658 1075
f 1080 2659 2658
f 2644 1141 2660
f 2660 1140 1336
f 642 1336 643
f 1193 2660 642
f 679 555 558
f 3762 3764 3763
f 1503 1500 1502
f 1318 1101 1100
f 2661 1139 1142
f 2661 2663 2662
f 2662 2659 2661
f 2662 2622 2664
f 2664 911 2646
f 2648 2646 1146
f 2648 2662 2664
f 3586 3779 3777
f 2083 2093 2081
f 1442 1437 1439
f 3732 3733 3731
f 519 330 51
f 1885 1209 613
f 799 805 804
f 1946 1952 1953
f 1302 1253 1252
f 3741 3757 3756
f 3660 3662 3661
f 566 224 533
f 1389 928 1388
f 683 681 680
f 836 1842 2665
f 2665 1845 1303
f 2666 1303 1302
f 24 2665 2666
f 831 2650 832
f 1845 1304 1303
f 2010 2012 2011
f 1051 2667 2668
f 1522 1511 1523
f 531 441 522
f 782 1251 1250
f 1250 2625 2669
f 2669 1857 1856
f 783 1856 1037
f 782 2669 783
f 720 2671 721
f 1055 1930 1056
f 1333 1251 2251
f 619 1308 1307
f 652 2619 2634
f 521 1539 1540
f 1838 537 2672
f 2672 536 2641
f 1113 2641 1110
f 1113 1838 2672
f 1016 1351 1045
f 9349 570 9346
f 226 104 101
f 9008 9279 1818
f 1036 1884 1883
f 2674 1304 2673
f 2673 1844 2675
f 1334 2675 1039
f 1333 2673 1334
f 2676 1039 2675
f 1843 2675 1844
f 942 2676 1843
f 1074 702 2676
f 811 859 858
f 752 1055 753
f 1200 656 1026
f 1120 874 2677
f 2677 877 1052
f 1241 1052 1005
f 1119 2677 1241
f 1560 151 1515
f 1208 611 523
f 215 736 214
f 1460 1462 1461
f 3717 3719 3718
f 1208 1839 873
f 854 1282 1297
f 3682 3696 3681
f 72 182 179
f 544 1565 512
f 217 456 457
f 3673 3781 3780
f 2047 930 945
f 1204 1937 2633
f 913 686 685
f 3705 3707 3706
f 840 1113 1112
f 1531 730 561
f 2678 1283 801
f 601 1914 602
f 1537 459 460
f 1819 8953 8971
f 991 862 538
f 2679 1073 1830
f 3776 3581 3582
f 2680 983 2256
f 779 2256 1263
f 778 2680 779
f 2678 1830 2680
f 180 245 40
f 1886 1131 1134
f 3766 3767 3749
f 1138 1274 1255
f 3777 3585 3586
f 1841 1140 1139
f 75 314 74
f 193 420 192
f 2681 1099 1098
f 3658 3587 3659
f 170 1565 169
f 349 417 432
f 1121 2684 2683
f 547 409 302
f 123 121 120
f 2643 1142 1141
f 1542 513 1543
f 899 907 919
f 1210 676 867
f 791 982 892
f 24 837 836
f 893 932 931
f 1860 863 862
f 535 862 861
f 3640 3683 3638
f 832 813 812
f 2650 813 832
f 1569 1547 1568
f 181 542 180
f 660 937 688
f 2013 568 2012
f 3781 3644 3782
f 887 2631 2630
f 1524 361 78
f 520 162 1529
f 2653 854 2685
f 1238 2655 2686
f 718 527 530
f 1492 518 1491
f 792 615 793
f 599 1835 596
f 290 456 175
f 312 1552 425
f 1248 1179 1249
f 153 177 178
f 1240 1222 1221
f 1257 1235 1071
f 1291 1083 1222
f 1052 1277 1053
f 743 2618 1204
f 444 430 443
f 23 1172 1187
f 2687 1180 1179
f 102 409 134
f 1283 610 801
f 373 650 651
f 1180 1084 1291
f 855 2655 1237
f 1173 1917 1174
f 2689 853 2688
f 2688 1108 1279
f 2686 1279 1238
f 2687 2688 2686
f 2691 1252 2690
f 2690 850 2689
f 1248 2689 2687
f 1248 2691 2690
f 2692 24 2666
f 2691 2666 1302
f 1247 2692 2691
f 1258 617 2692
f 394 1555 393
f 2693 1259 1223
f 1072 1262 1261
f 1257 1168 1258
f 398 1555 1554
f 871 1314 872
f 1178 1249 1179
f 1224 1173 1172
f 1010 2618 742
f 1175 1292 1269
f 2654 2686 2655
f 2694 1216 1264
f 71 1487 70
f 701 1111 1038
f 1072 2649 2650
f 1085 22 21
f 895 1264 896
f 1601 1605 1604
f 1259 1271 1289
f 21 1220 1083
f 988 538 537
f 3533 3535 3532
f 598 1336 1140
f 820 1762 821
f 1050 818 821
f 1298 1761 2652
f 1168 618 617
f 3629 3670 3628
f 858 1256 833
f 39 516 1536
f 2652 819 814
f 313 315 314
f 2026 1971 2027
f 2656 596 1835
f 814 818 811
f 2696 813 2649
f 1260 2649 1261
f 2693 2696 1260
f 2697 2651 2696
f 381 390 380
f 9270 1611 1609
f 1475 1428 1227
f 1292 1917 1235
f 1551 354 1518
f 1526 1523 1511
f 1593 1595 1573
f 1232 1246 1249
f 2695 1223 22
f 2698 1296 2697
f 2698 2693 2695
f 2685 2695 1085
f 2685 1297 2698
f 562 271 272
f 2652 1296 1298
f 1365 1364 1363
f 1958 1953 1957
f 585 2210 997
f 1561 1515 435
f 975 1146 976
f 347 68 346
f 1038 636 1068
f 2700 780 2699
f 2699 1036 1883
f 2701 1883 1829
f 851 2699 2701
f 2674 2251 2702
f 2702 781 2700
f 1253 2700 851
f 1301 2702 1253
f 1519 388 1550
f 1273 1280 2703
f 2703 1107 852
f 2701 852 851
f 1829 2703 2701
f 91 326 90
f 1784 2656 1785
f 2683 2705 2704
f 604 8943 8977
f 1669 8992 1662
f 2062 2060 2059
f 621 861 622
f 2023 732 2024
f 686 1263 687
f 857 2668 1328
f 883 882 879
f 3648 3650 3649
f 637 1111 1110
f 2668 893 1328
f 3692 3711 3691
f 2667 894 2668
f 1039 1068 1334
f 313 1504 1505
f 1911 305 453
f 1936 1964 2212
f 2707 2401 2183
f 2708 2183 2182
f 738 2116 554
f 3785 3709 3786
f 2349 2432 2436
f 2711 2020 2019
f 2400 2019 2186
f 2714 2716 2713
f 2717 2719 2720
f 2721 2723 2724
f 2726 2728 2725
f 2725 2730 2729
f 2731 2729 2709
f 2732 2725 2731
f 2734 2736 2733
f 2738 2740 2737
f 2737 2741 2742
f 2744 2746 2743
f 2745 2748 2747
f 2749 2747 2751
f 2753 2751 2752
f 2250 2246 2248
f 3417 3419 3418
f 2754 1614 2755
f 9050 2755 9061
f 9060 2747 9061
f 1617 2755 1614
f 2242 1620 2757
f 3429 3431 3430
f 2191 2760 2759
f 2761 2760 2762
f 9100 2761 9101
f 9075 2759 9100
f 3209 3354 3355
f 1395 2236 2235
f 1395 1636 1615
f 3741 3790 3740
f 1616 2229 2233
f 3410 3412 3411
f 1617 2763 2756
f 2756 9080 9060
f 2765 2234 1630
f 2766 9080 9074
f 3202 3458 3459
f 1516 435 1515
f 2768 8996 8997
f 1495 578 1424
f 2135 28 17
f 8970 2773 2774
f 1690 9378 9377
f 2778 2780 2777
f 2777 2781 2782
f 2784 2777 2783
f 8999 575 576
f 1494 9 540
f 8973 2015 9010
f 451 505 450
f 2786 2788 2785
f 2779 2785 2780
f 2789 2741 2740
f 2790 2752 2789
f 2792 2794 2791
f 2793 2796 2794
f 2796 2750 2749
f 2794 2749 2753
f 2798 1396 2754
f 9043 2754 9050
f 2798 2800 1393
f 9043 2799 2798
f 2797 2795 2801
f 2791 2753 2790
f 216 232 54
f 9256 2807 9255
f 9257 2804 9255
f 2769 9001 8996
f 183 184 97
f 2811 2775 2776
f 2804 2776 2805
f 2809 2811 2804
f 2812 2813 2814
f 9257 2816 9247
f 9248 2815 9247
f 9250 2820 2821
f 9245 2819 9250
f 2824 2735 2819
f 2823 2824 2819
f 2825 2826 2724
f 9245 2827 9244
f 9248 2826 9244
f 2713 2829 2828
f 2828 2831 2830
f 2822 2828 2830
f 2821 2713 2828
f 2832 2822 2830
f 2833 2830 2831
f 2834 2832 2833
f 2835 2827 2832
f 2837 2839 2836
f 2836 2841 2840
f 2842 2840 2727
f 2843 2836 2842
f 2840 2845 2844
f 2718 2845 2719
f 2730 2844 2718
f 2727 2844 2728
f 2846 2719 2845
f 2846 2841 2847
f 2829 2847 2831
f 2829 2716 2846
f 2847 2839 2848
f 2848 2838 2849
f 2833 2849 2834
f 2831 2848 2833
f 2850 2851 2852
f 2853 2852 2854
f 2783 2782 2855
f 2785 2853 2856
f 2780 2856 2781
f 2857 2855 2782
f 2859 2782 2781
f 2861 2842 2860
f 2860 2727 2726
f 2862 2726 2732
f 2863 2860 2862
f 2861 2858 2857
f 2843 2857 2859
f 2856 2854 2864
f 2781 2864 2859
f 2837 2859 2864
f 2838 2864 2854
f 2852 2834 2849
f 2854 2849 2838
f 2865 2818 2835
f 2851 2835 2834
f 2813 2815 2865
f 2814 2865 2851
f 2866 2814 2850
f 2788 2850 2853
f 2866 2787 2867
f 2812 2867 2775
f 1892 1890 1891
f 2720 2846 2870
f 298 256 257
f 2872 2713 2820
f 9246 2735 2734
f 2729 2874 2873
f 2846 2715 2870
f 2876 2878 2875
f 2733 2878 2734
f 9258 2879 2880
f 9258 2872 9246
f 2882 2884 2881
f 2881 2715 2714
f 2880 2714 2872
f 2879 2881 2880
f 2885 2887 2888
f 2888 2890 2885
f 2885 2892 2891
f 2893 2885 2891
f 1942 2532 2894
f 2895 2720 2870
f 2884 2870 2715
f 2883 2895 2884
f 2896 2892 2895
f 2889 2717 2890
f 2890 2720 2892
f 2897 2891 2896
f 2898 2896 2883
f 2899 2883 2882
f 2900 2882 2879
f 9249 2879 9259
f 2876 2901 2877
f 2901 2904 2903
f 1785 1835 1834
f 2905 2899 2900
f 2907 2897 2898
f 9249 2903 9251
f 632 577 633
f 8976 2867 2787
f 434 550 350
f 2768 9092 9095
f 2910 1623 2249
f 2241 2758 2242
f 9092 2913 9104
f 1623 2757 1620
f 9039 2757 9104
f 2229 1380 2250
f 2765 1629 2914
f 2915 1629 2912
f 9094 2914 2915
f 9093 2765 2914
f 2919 9094 9065
f 2918 2912 2241
f 9066 2241 9038
f 9070 9065 9122
f 8985 2180 8940
f 8965 2188 8950
f 3694 3627 3693
f 9157 714 9303
f 2925 2917 2924
f 2924 2916 2919
f 9062 2919 9070
f 9063 2924 9062
f 2926 2766 2925
f 9110 2925 9063
f 1715 1705 1710
f 785 498 796
f 1387 565 1791
f 374 1899 560
f 9017 2206 9000
f 2929 2886 2893
f 2932 2934 2931
f 1905 1908 1907
f 2930 2936 2937
f 2938 2930 2929
f 1493 517 518
f 1603 1586 1602
f 2939 2929 2908
f 2940 2908 2907
f 9117 1600 9113
f 2886 2937 2887
f 2906 2898 2899
f 2908 2893 2897
f 2942 2933 2941
f 2941 2937 2936
f 8945 2936 8957
f 8942 2941 8945
f 2943 2710 2873
f 2943 2874 2889
f 2945 2889 2888
f 2946 2943 2945
f 2932 2888 2887
f 2931 2945 2932
f 727 1929 728
f 2903 2947 2948
f 545 42 262
f 1480 533 251
f 2907 2949 2940
f 2906 2950 2949
f 1558 215 202
f 9251 2948 9253
f 2054 1644 2118
f 9157 2203 9017
f 1828 1849 1827
f 2953 2955 2952
f 2952 2957 2956
f 2956 2258 2952
f 2953 2258 2257
f 2454 2474 2496
f 9199 2959 9218
f 9199 2131 9189
f 2961 2963 2958
f 2958 2964 2959
f 222 2485 2965
f 2477 2966 2608
f 2631 2006 1859
f 2384 2496 2497
f 2967 2959 2964
f 2968 2970 2969
f 9211 2971 9236
f 9236 2960 9218
f 2972 2033 2032
f 2007 2973 2008
f 9004 2134 2133
f 1836 1832 1831
f 8950 2090 8995
f 955 959 956
f 672 674 673
f 633 713 632
f 2024 733 803
f 2025 803 798
f 425 1550 388
f 2975 888 887
f 1319 1157 2694
f 1212 2977 1213
f 889 2228 2227
f 1978 1975 1979
f 1138 1329 915
f 751 2979 2978
f 1619 1625 1624
f 2252 1728 1727
f 1157 845 1216
f 2706 1938 2617
f 2980 2254 2981
f 2982 887 2630
f 802 711 2679
f 678 2029 2028
f 527 690 528
f 1839 2629 1840
f 2983 602 1914
f 2983 1913 1331
f 2985 1331 1054
f 2986 2983 2985
f 2987 2635 2634
f 2985 2639 2986
f 2990 1318 2989
f 2991 2993 2994
f 2995 2994 2996
f 1106 2991 2995
f 1058 2992 2991
f 1415 1365 1367
f 1317 2217 2997
f 1932 2255 2980
f 926 2999 664
f 3001 2992 3000
f 3000 1057 2978
f 2999 2978 2979
f 2998 3000 2999
f 3002 2209 3003
f 3002 2996 2994
f 2993 3002 2994
f 3001 2998 3002
f 1103 2995 3004
f 3004 2996 3003
f 2209 3004 3003
f 588 3004 2210
f 295 433 381
f 2638 2988 3005
f 3005 1056 1930
f 1305 1930 1306
f 1276 3005 1305
f 1987 1993 1989
f 2633 1761 2645
f 1423 1417 1419
f 9005 739 703
f 2671 2704 2705
f 1473 2035 1472
f 922 2694 895
f 1401 1378 1384
f 556 1884 1037
f 842 9277 9288
f 1854 2617 1010
f 933 1081 1075
f 1440 1436 1437
f 529 719 530
f 1031 1027 1028
f 777 912 1871
f 2645 1204 2633
f 441 1538 1537
f 3771 3773 3772
f 790 587 586
f 2065 1610 1607
f 1860 990 902
f 60 87 59
f 1424 1948 1947
f 332 1507 331
f 261 138 135
f 187 449 507
f 1719 1726 1725
f 1931 1059 3006
f 3006 1105 1104
f 1287 1104 587
f 1286 3006 1287
f 3007 3009 3010
f 3009 653 795
f 618 26 25
f 2029 1210 1209
f 957 600 2228
f 1049 2228 600
f 2631 3011 2561
f 890 2227 3011
f 3011 2145 3012
f 2561 3012 2375
f 1026 609 608
f 2706 1961 1964
f 3013 2485 3014
f 2148 1267 3015
f 3015 1266 1311
f 2997 1101 1317
f 642 1773 1193
f 186 461 511
f 1041 1320 901
f 1121 3017 1122
f 2984 2987 3018
f 3018 2634 2619
f 1048 3018 2619
f 603 2984 3018
f 2679 801 802
f 2062 2074 2061
f 2061 2076 2064
f 414 1545 1965
f 3016 2683 3019
f 3019 2704 2670
f 3020 2670 720
f 3007 3019 3020
f 1871 1091 777
f 3021 1122 3017
f 3022 3017 3010
f 1314 3022 1315
f 1784 3021 1314
f 1316 1763 611
f 3023 3010 3009
f 3023 795 1092
f 1763 1092 1125
f 1315 3023 1763
f 3016 3010 3017
f 752 2978 1057
f 2986 2637 2987
f 3024 653 3008
f 3020 3008 3007
f 720 3024 3020
f 723 654 3024
f 2681 1268 3025
f 2671 1268 721
f 2705 3025 2671
f 1313 3027 1311
f 3026 3029 3027
f 3027 3030 3031
f 1311 3031 3015
f 2012 731 2023
f 917 974 977
f 3742 3744 3743
f 743 856 744
f 1888 2030 1425
f 2682 2684 3032
f 3032 1124 2989
f 1100 2989 1318
f 1099 3032 1100
f 1123 2989 1124
f 3033 1159 1158
f 2990 1158 1319
f 1123 3033 2990
f 1786 1834 3033
f 1054 2988 2985
f 2979 664 2999
f 2623 2663 2643
f 1095 688 687
f 3034 2261 2956
f 3036 2956 2957
f 3037 3034 3036
f 3038 3035 3034
f 3040 3026 1313
f 2263 3041 3040
f 3042 3043 3041
f 3041 3028 3026
f 3044 3043 3039
f 3046 3045 3044
f 3047 3049 3045
f 3043 3049 3028
f 3038 3051 3050
f 3050 3053 3052
f 3052 3044 3050
f 3039 3050 3044
f 3054 3039 3042
f 3042 2262 3054
f 2261 3054 2262
f 2216 2997 2217
f 2212 2667 1936
f 3056 2209 3055
f 934 1961 1854
f 2013 9209 567
f 3058 3060 3061
f 3059 3063 3060
f 3060 2213 1963
f 3061 1963 1962
f 3063 2214 2213
f 3062 3064 3063
f 3065 2260 3064
f 3064 2215 2214
f 3066 3031 3030
f 2608 3067 3066
f 2966 3068 3067
f 3031 3068 3015
f 2455 2461 2474
f 2476 2226 2477
f 8995 2089 8969
f 8970 9221 9238
f 433 355 381
f 2115 1419 2123
f 8953 2922 8971
f 9221 2131 2134
f 3069 2167 2166
f 2971 2928 2960
f 2961 2773 2962
f 3070 2478 2483
f 2610 3071 2954
f 2502 2374 2386
f 3072 2595 3073
f 2964 3052 2967
f 3048 3074 3049
f 2593 3075 3074
f 3075 3029 3074
f 3074 3028 3049
f 3072 3075 2592
f 3076 2482 2481
f 2481 3066 3076
f 3076 3030 3075
f 2967 3053 2970
f 2482 3073 2483
f 479 493 494
f 706 9325 709
f 9005 2221 8961
f 2013 9206 9207
f 8977 2016 8973
f 9006 2222 2974
f 1171 1155 1176
f 3782 3689 3783
f 2586 2565 2587
f 2982 113 2484
f 2562 3077 3068
f 2376 3012 3077
f 3012 2148 3077
f 3077 3015 3068
f 2963 3046 2964
f 3051 2970 3053
f 1683 491 775
f 9302 1447 9312
f 1986 9186 9220
f 3079 2546 2575
f 3081 2575 2576
f 1983 9220 9217
f 3082 2319 2545
f 3080 2545 2546
f 9186 3082 3080
f 9184 2323 3082
f 1309 1888 748
f 3073 2772 2771
f 2760 3084 2762
f 2760 2088 3083
f 3085 3086 3087
f 3089 3090 3088
f 3089 3084 3085
f 3092 3090 3091
f 3093 2744 2743
f 2751 2748 3093
f 3093 2752 2751
f 2742 3093 3094
f 3094 2743 3095
f 3096 3098 3087
f 3099 3087 3086
f 3097 3095 3098
f 3100 2746 3101
f 3101 3102 3100
f 2764 2927 3101
f 2745 3101 2746
f 3102 3091 3100
f 3100 3095 2743
f 2869 9044 9086
f 3102 3104 3092
f 9110 2869 9086
f 2927 3103 3102
f 3098 3091 3090
f 3087 3090 3085
f 2088 3105 3083
f 3083 3086 3084
f 2483 2771 3070
f 2401 2185 2321
f 3099 3105 3106
f 2125 3106 3105
f 3108 2742 3107
f 3107 3094 3097
f 3110 3107 3109
f 3109 3097 3096
f 3111 3096 3099
f 3112 3109 3111
f 3113 2737 3108
f 3115 2722 3114
f 3117 3114 3116
f 3119 3116 3118
f 3118 3120 3121
f 3116 3113 3120
f 3122 3111 3123
f 3122 1755 1754
f 3124 3126 3127
f 3125 3121 3126
f 3128 3118 3125
f 3129 3125 3124
f 2020 3128 3129
f 9305 1346 1352
f 1065 1047 1066
f 1814 9282 1649
f 2021 3129 3130
f 3111 3106 3123
f 3123 2207 1755
f 2377 2224 2973
f 3014 113 112
f 1756 9234 9219
f 3131 2530 2528
f 3133 2528 2529
f 1753 9219 9227
f 3134 3127 3135
f 2327 2314 2313
f 2436 2317 2349
f 2018 9163 9164
f 2534 3137 2535
f 2320 3136 2534
f 2185 9164 9223
f 3138 2542 2539
f 3134 9196 9197
f 9237 3134 9197
f 3140 2539 2538
f 2535 3140 2538
f 9163 3130 9237
f 2558 3132 3141
f 9234 3141 3132
f 2560 3141 3142
f 9212 3142 3141
f 958 2976 2981
f 1933 2980 3143
f 3714 3729 3713
f 2399 2418 2416
f 2348 2343 2432
f 2322 2319 2323
f 2718 2874 2730
f 2709 2873 2710
f 2894 1361 1942
f 3788 3720 3717
f 346 176 347
f 1876 1882 1881
f 2802 9059 9044
f 3104 3088 3092
f 2974 9101 9055
f 3089 2761 2762
f 3088 3145 3089
f 2803 9055 9059
f 9322 692 628
f 2123 1418 2126
f 1365 1368 1367
f 3346 3344 3343
f 1581 1782 1783
f 9013 2129 8964
f 8999 2002 8965
f 3146 2551 3147
f 9203 3147 9202
f 9194 3146 9203
f 3149 2585 3146
f 3196 3197 3195
f 9056 2191 9075
f 3142 2556 2560
f 9229 3150 3142
f 9098 2550 9045
f 3150 2555 2556
f 9230 3151 3150
f 9240 3152 9098
f 3153 2551 2549
f 3152 2549 2550
f 9233 3153 3152
f 9228 3147 3153
f 3148 2206 2205
f 2183 2321 2184
f 2132 2928 2133
f 3299 3321 3319
f 9136 2204 2203
f 9171 2197 9173
f 2594 2773 2951
f 2595 2951 2772
f 1870 799 1869
f 3257 3259 3258
f 9165 2178 9158
f 9158 9188 9242
f 336 9226 9174
f 339 3154 336
f 9241 3149 9194
f 9135 2584 3149
f 2963 3048 3047
f 9174 337 336
f 339 2566 2586
f 3156 2168 2167
f 2610 2167 2611
f 2954 3156 2610
f 3157 2953 2257
f 9159 2169 9161
f 2567 3159 2568
f 337 2567 338
f 9182 2166 9159
f 9216 1983 9217
f 2579 3081 2576
f 2568 3160 2579
f 9161 2190 9216
f 3065 3162 3161
f 3161 1984 2189
f 3157 2189 2168
f 2257 3161 3157
f 734 1922 806
f 3059 2708 3163
f 3163 2182 1985
f 3162 1985 1984
f 3062 3163 3162
f 3203 3205 3204
f 3806 3808 3807
f 2122 1448 1447
f 9269 1685 9264
f 139 444 69
f 1570 566 533
f 2957 3165 3036
f 2955 3164 2957
f 1912 341 1973
f 3130 3124 3134
f 1548 319 1547
f 1949 1327 1887
f 2969 3078 3167
f 3167 3169 3168
f 9176 2017 9172
f 9172 2033 9211
f 3168 3165 3170
f 3170 3164 3171
f 9231 3171 9208
f 9176 3170 9231
f 3171 3166 3172
f 3172 3071 3173
f 9204 3173 9201
f 9208 3172 9204
f 3169 3036 3165
f 2593 2962 2594
f 3173 2609 3174
f 3174 2199 2198
f 9235 2198 9171
f 9201 3174 9235
f 2190 1984 1983
f 2196 2767 3148
f 3326 3328 3327
f 2119 1414 1448
f 1464 1466 1465
f 2199 3069 2200
f 2457 2587 2565
f 2226 2562 2966
f 481 1627 1639
f 333 235 236
f 3078 3037 3169
f 3040 2997 2263
f 3351 3262 3263
f 2219 1933 2220
f 2385 2497 2503
f 221 3175 2484
f 2220 3143 3175
f 3175 2976 2975
f 2484 2975 2982
f 2954 3166 2955
f 2630 110 2982
f 1547 1952 1955
f 2091 2188 2187
f 9185 2178 2177
f 1918 1927 1926
f 9007 111 8955
f 3398 3400 3399
f 955 960 954
f 2037 112 9007
f 3143 2981 2976
f 2218 2214 2215
f 672 9239 8985
f 2152 3014 2037
f 1147 1143 1145
f 2248 1409 2245
f 1615 1635 1616
f 1410 2246 2247
f 3486 3487 3310
f 3468 3502 3501
f 3451 3452 3450
f 3177 1383 1382
f 2238 3176 1382
f 3176 2230 3178
f 1410 3179 1407
f 3179 2243 1407
f 1633 2800 2249
f 3816 3817 3814
f 1621 2758 2912
f 3642 3662 3675
f 3422 3260 3257
f 1622 2245 1634
f 2236 3181 3182
f 3793 3795 3794
f 3493 3495 3494
f 2237 3182 3183
f 3513 3515 3514
f 2250 2233 2229
f 3654 3667 3802
f 2912 1628 1621
f 3819 3821 3820
f 3432 3823 3431
f 135 1564 1563
f 1567 512 1565
f 1085 2653 2685
f 3184 868 3056
f 869 3057 934
f 3389 3387 3386
f 1266 1098 1312
f 1267 722 721
f 937 2646 936
f 2146 722 2147
f 2211 921 2667
f 1957 507 449
f 1313 2264 3040
f 1496 1493 1492
f 2681 2705 2682
f 2887 2933 2932
f 1687 1659 1694
f 145 1498 81
f 1317 1319 2694
f 3831 3830 3834
f 37 418 71
f 1935 3185 2977
f 104 301 103
f 2101 2083 2084
f 543 360 207
f 1934 3186 3185
f 234 212 237
f 9297 1822 1824
f 3825 3827 3826
f 1976 1874 1974
f 223 2219 220
f 9107 9057 9064
f 468 773 2165
f 3673 3659 3672
f 1935 1728 1932
f 3490 3840 3549
f 3362 3848 3847
f 3862 3864 3863
f 3465 3484 3868
f 3893 3525 3874
f 3352 3430 3431
f 3869 3871 3870
f 3529 3567 3564
f 3420 3922 3921
f 3304 3236 3303
f 3929 3931 3930
f 3324 3327 3561
f 3219 3939 3331
f 3220 3937 3219
f 3450 3376 3439
f 3942 3833 3941
f 3215 3454 3945
f 3946 3215 3945
f 3422 3948 3421
f 3950 3198 3196
f 3205 3957 3920
f 3261 3961 3288
f 3852 3964 3963
f 3214 3946 3958
f 3965 3214 3192
f 3797 3799 3798
f 3988 3990 3989
f 3777 3806 3822
f 3855 3447 3444
f 3737 3800 3736
f 3949 3952 3948
f 3651 3783 4000
f 4001 3787 3812
f 4019 4021 4020
f 4027 4029 4028
f 3258 4030 4027
f 4033 4035 4034
f 3424 4047 4046
f 3242 4058 4057
f 3970 3547 3971
f 3829 4057 3825
f 3333 3947 4060
f 4063 4065 4064
f 4073 4075 4074
f 3568 3443 3448
f 3981 3335 4050
f 3540 3862 3539
f 4078 4031 4032
f 3565 4088 3993
f 3442 4089 4082
f 4092 4094 4093
f 4093 4097 4096
f 3619 3623 3624
f 3660 3821 3807
f 3809 3649 3808
f 3610 3655 3613
f 3656 3623 3657
f 3621 3804 3620
f 3503 3481 3504
f 3436 3438 3437
f 3356 3427 3353
f 3628 3669 3633
f 3734 4002 3733
f 3276 3370 3369
f 3763 4107 3762
f 4006 3754 3755
f 3747 3752 3746
f 3863 4110 3992
f 3994 4003 3501
f 3653 3664 3652
f 3296 4115 3295
f 4117 4119 4118
f 3249 3251 3250
f 4127 4129 4128
f 3478 3903 3867
f 3410 3921 3922
f 3977 4038 3976
f 3216 3453 3454
f 3967 3548 3966
f 4140 4032 4039
f 3509 4149 3916
f 4151 3659 3587
f 4153 3656 3671
f 4153 3646 3672
f 4156 3645 4155
f 4139 4078 4140
f 3743 4163 4162
f 3861 3987 4166
f 3468 4067 3467
f 3306 3980 3835
f 4172 4010 4024
f 4169 3836 3835
f 4187 4189 4188
f 4213 4215 4214
f 4220 4222 4221
f 4225 4211 4204
f 4230 4232 4231
f 4240 4242 4241
f 3606 3608 3607
f 4250 4252 4251
f 4258 4260 4259
f 4077 4079 4078
f 4276 4278 4277
f 4308 4263 4309
f 4017 3872 3869
f 3196 3951 3950
f 4316 4270 4271
f 3870 4307 3869
f 4324 4326 4325
f 4333 4247 4244
f 4338 4340 4339
f 4348 4350 4349
f 4283 4289 4286
f 4356 4358 4357
f 4359 4020 4358
f 4362 4196 4197
f 4320 4279 4276
f 4370 4296 4371
f 4377 4303 4249
f 4231 4201 4178
f 4203 4331 4381
f 4037 4039 4038
f 4371 4386 4370
f 4387 4347 4314
f 3309 3294 3310
f 4099 3724 3818
f 4355 3257 4313
f 3630 3693 3627
f 4277 4302 4390
f 4350 4319 4349
f 4353 4351 4348
f 3637 3639 3638
f 4394 3827 3320
f 3311 4399 4398
f 3755 4005 4006
f 4363 4259 4260
f 3454 3919 3920
f 3446 3459 3458
f 4298 4404 4406
f 3749 3769 3766
f 3791 3756 3792
f 3643 3684 3640
f 3845 3399 3400
f 4313 3258 4312
f 4411 4408 4412
f 3843 4423 3842
f 4214 4329 4328
f 4431 4433 4432
f 3918 3798 3799
f 3927 3388 3389
f 4453 3874 3873
f 4138 4457 4456
f 3346 4459 3345
f 4100 4108 4107
f 3974 3976 3975
f 3665 3652 3664
f 3773 3993 3992
f 3945 3920 3957
f 4144 4462 4461
f 4464 4466 4465
f 3268 4479 3267
f 4484 4136 4485
f 3348 4487 3347
f 3313 3912 3913
f 3803 3617 3802
f 4086 3510 4087
f 4034 3305 4033
f 3403 4171 4489
f 4481 4492 4491
f 4177 4179 4178
f 4398 3923 3311
f 4451 4494 4450
f 4501 4076 4502
f 4509 4506 4503
f 3304 4462 4517
f 4485 3312 4484
f 3419 3349 4064
f 4356 4385 4305
f 4026 4358 4020
f 4354 4357 4358
f 3599 4091 4090
f 4341 4254 4274
f 4251 4524 4335
f 3482 3484 3483
f 3843 3544 4085
f 4295 4274 4294
f 4381 4206 4203
f 4204 4531 4225
f 4533 4535 4534
f 4542 4544 4543
f 4546 4548 4547
f 4573 4547 4548
f 4575 4577 4576
f 4221 4580 4220
f 4587 4589 4588
f 4328 4589 4214
f 4187 4563 4332
f 4595 4593 4591
f 4597 4604 4596
f 4609 4611 4610
f 4620 4622 4621
f 4612 4614 4613
f 4636 4600 4637
f 4649 4650 4648
f 4652 4654 4653
f 4662 4664 4663
f 4666 4668 4667
f 4637 4685 4684
f 4627 4700 4626
f 4684 4636 4637
f 4663 4661 4662
f 4699 4697 4696
f 4647 4703 4702
f 4709 4603 4710
f 4724 4726 4725
f 4742 4744 4743
f 3311 3924 3314
f 4698 4758 4679
f 4749 4609 4610
f 4342 4344 4343
f 4797 4799 4798
f 4490 3974 4143
f 4019 4306 3870
f 4512 4514 4513
f 3991 4508 4507
f 4692 4694 4693
f 4680 4818 4810
f 4821 4824 4823
f 4367 4243 4240
f 4833 4831 4830
f 4837 4757 4754
f 4332 4562 4561
f 4683 4819 4682
f 4845 4850 4849
f 4751 4752 4669
f 4854 4695 4692
f 4858 4718 4857
f 4822 4859 4824
f 4674 4647 4675
f 4771 4773 4772
f 4726 4537 4540
f 4714 4719 4715
f 4633 4688 4687
f 4616 4618 4617
f 4686 4842 4841
f 4869 4708 4629
f 3502 3528 3529
f 4777 4737 4745
f 4734 4779 4873
f 4883 4663 4664
f 4375 4274 4275
f 4290 4335 4524
f 4799 4826 4825
f 4816 4812 4810
f 4778 4732 4659
f 4158 4160 4159
f 4195 4197 4196
f 3860 4166 4167
f 3758 3763 3764
f 3694 4157 4156
f 4249 4391 4377
f 3467 3469 3468
f 4209 4211 4210
f 4142 4144 4143
f 3615 3617 3616
f 3479 3536 3535
f 4883 4672 4886
f 4802 4642 4643
f 3698 3638 3683
f 4105 3726 3730
f 4848 4896 4895
f 4878 4744 4837
f 4610 4748 4749
f 4036 4489 4035
f 4355 4314 4347
f 4171 4049 4048
f 3875 3216 3217
f 4868 4863 4864
f 4623 4691 4622
f 3629 4155 4154
f 4654 4898 4683
f 4012 4014 4013
f 4902 4866 4867
f 4768 4908 4906
f 4370 4385 4384
f 4888 4914 4913
f 3546 3917 3916
f 4932 4931 4919
f 3625 4151 4150
f 3804 3670 3657
f 3816 4103 4101
f 4911 4887 4912
f 4928 4927 4929
f 4925 4927 4921
f 3655 3666 3654
f 4932 4910 4911
f 4937 4912 4913
f 4939 4942 4941
f 4228 4530 4381
f 4946 4942 4947
f 4938 4923 4937
f 4942 4937 4947
f 4951 4930 4928
f 4955 4928 4954
f 4748 4615 4749
f 4914 4847 4956
f 4824 4584 4856
f 4940 4941 4943
f 4916 4960 4917
f 4909 4891 4862
f 4971 4968 4949
f 4966 4948 4944
f 4962 4953 4965
f 4940 4924 4939
f 4831 4917 4895
f 4935 4925 4924
f 4275 4261 4258
f 4679 4791 4678
f 4016 4373 4376
f 4668 4766 4795
f 4539 4727 4845
f 4929 4936 4933
f 4607 4882 4881
f 4775 4801 4802
f 4801 4742 4774
f 4732 4611 4733
f 4985 4983 4982
f 4534 4562 4533
f 4847 4645 4848
f 4788 4619 4616
f 4787 4678 4791
f 4657 4605 4597
f 4994 4878 4837
f 5006 5008 5007
f 5001 4973 4988
f 4814 4619 4785
f 5014 4974 5012
f 5003 4972 4973
f 5019 5007 5018
f 5024 5017 5025
f 5036 5035 5032
f 4990 4975 4972
f 5045 5034 5044
f 5048 5034 5035
f 5025 5014 5026
f 5046 5043 5031
f 5051 5055 5054
f 5044 5060 5059
f 5011 5021 5020
f 5013 5068 5012
f 5028 5072 5029
f 5077 5064 5065
f 5065 5079 5077
f 5083 5080 5060
f 5063 5080 5065
f 5054 5071 5078
f 4602 4711 4851
f 5058 5083 5053
f 4982 4792 4793
f 5041 5045 5061
f 3909 3278 3250
f 3471 3473 3472
f 5002 4994 4995
f 5060 5067 5059
f 4892 4862 4891
f 4891 4884 4892
f 4996 5003 5001
f 4997 5005 5000
f 4813 4614 4829
f 4618 4827 4613
f 5089 5093 5092
f 3303 3305 3304
f 5100 5102 5101
f 5107 5109 5108
f 5110 5092 5114
f 4610 4734 4874
f 5112 5100 5084
f 5088 5090 5089
f 5119 5117 5116
f 5092 5096 5089
f 3826 3829 3825
f 5108 5102 5126
f 5100 5087 5084
f 5118 5133 5138
f 3783 3690 3784
f 4444 4446 4445
f 5151 5150 5152
f 4790 4617 4813
f 4332 4190 4187
f 3266 4451 4448
f 3211 3332 3946
f 4741 4760 4652
f 4775 4777 4776
f 4764 4691 4766
f 4489 4048 4490
f 4466 4511 4497
f 4518 3930 4514
f 4786 4791 4807
f 4980 4984 4977
f 5144 5150 5143
f 5159 5148 5158
f 5121 5120 5114
f 5169 5162 5165
f 5016 4979 5017
f 5123 5179 5122
f 5181 5140 5183
f 5175 5184 5141
f 4575 4586 4534
f 4984 4976 4977
f 4596 4598 4597
f 5182 5183 5186
f 4785 4787 4786
f 5137 5122 5179
f 5167 5180 5181
f 4835 4898 4897
f 4687 4726 4633
f 4176 4170 4398
f 4760 4655 4652
f 4681 4649 4646
f 5121 5132 5131
f 5171 5178 5170
f 5174 5191 5176
f 5169 5194 5164
f 4909 5095 4907
f 5105 5112 5113
f 4767 5126 4803
f 5201 5205 5204
f 5219 5217 5216
f 5229 5200 5209
f 5234 5236 5235
f 4069 4071 4070
f 4724 4717 4713
f 5108 4768 5107
f 5103 5126 5102
f 5227 5211 5226
f 5015 4884 4885
f 4997 4892 4884
f 5197 5215 5214
f 5241 5247 5246
f 5013 5019 5018
f 5205 5232 5204
f 4969 4971 4970
f 5239 5249 5248
f 4808 5225 4809
f 5216 5199 5196
f 5253 5242 5254
f 5235 5255 5256
f 5135 5157 5134
f 5264 5267 5266
f 5245 5215 5242
f 5260 5269 5267
f 5264 5274 5265
f 5154 5173 5142
f 5287 5278 5288
f 5256 5300 5257
f 5173 5176 5175
f 4631 4629 4628
f 4781 4783 4782
f 5309 5311 5310
f 5155 5144 5145
f 4826 4827 4825
f 5291 5308 5293
f 5310 5281 5286
f 5311 5308 5288
f 4036 4176 4175
f 4641 4704 4702
f 5220 4804 5223
f 4770 5207 4905
f 5188 5175 5176
f 5180 5129 5140
f 4626 5314 5313
f 4731 5315 5317
f 5222 5210 5221
f 4728 5316 5315
f 5230 5216 5196
f 5297 5240 5241
f 5204 5208 5201
f 5318 4864 5319
f 5273 5287 5289
f 5221 5219 5230
f 4700 5321 5314
f 5313 5328 5329
f 5157 5154 5142
f 5275 5263 5265
f 5324 5318 5325
f 5323 5331 5328
f 5343 5345 5344
f 5306 5286 5282
f 5278 5311 5288
f 4882 5320 5316
f 5109 5114 5120
f 5123 5130 5129
f 5299 5284 5298
f 5240 5199 5241
f 5229 5197 5214
f 5305 5292 5293
f 5233 5225 5243
f 5192 5194 5193
f 5104 4670 4746
f 5146 5160 5145
f 5337 5347 5338
f 5347 5341 5332
f 5353 5335 5352
f 5349 5354 5352
f 5355 5357 5354
f 5358 5360 5359
f 5355 5348 5360
f 5342 5365 5364
f 5345 5362 5344
f 5332 5367 5331
f 5372 5315 5316
f 5370 5366 5369
f 5361 5354 5357
f 5364 5368 5367
f 5369 5362 5370
f 5316 5330 5372
f 5373 5371 5372
f 5341 5364 5332
f 5374 5359 5373
f 5329 5375 5330
f 5377 5379 5378
f 5377 5331 5367
f 5380 5367 5368
f 5363 5370 5362
f 5357 5374 5381
f 5381 5361 5357
f 4814 4825 4827
f 4825 4816 4799
f 4806 4747 4805
f 5119 5131 5118
f 4696 4893 5387
f 4696 5390 4699
f 5213 5388 5387
f 5393 5388 5394
f 5380 5384 5379
f 5213 4893 5212
f 4813 4908 4790
f 5390 4693 4694
f 5294 5287 5295
f 5184 5186 5183
f 5285 5253 5254
f 4769 4790 4908
f 5327 5359 5360
f 4598 4690 4656
f 4608 4733 4611
f 4627 4609 4839
f 4596 4851 4711
f 4900 4706 4707
f 4668 5395 4667
f 4863 4639 4601
f 5392 4666 4667
f 4872 4651 4807
f 4807 4758 4872
f 5348 5325 5326
f 5176 5190 5188
f 5046 5022 5023
f 4853 4869 4870
f 5346 5363 5362
f 4709 4620 4599
f 4672 4904 4886
f 4680 4651 4649
f 4841 4688 4686
f 4823 4818 4821
f 4729 4602 4851
f 4881 4851 4604
f 5360 5326 5327
f 4852 4707 4869
f 4890 4669 4666
f 5392 5389 5393
f 5189 5186 5187
f 4881 4605 4607
f 5343 5369 5366
f 4607 4625 4882
f 5056 5052 5057
f 4850 4798 4894
f 3260 5398 3259
f 4855 4899 4871
f 5339 5366 5342
f 4789 4808 4677
f 5400 3948 3952
f 3872 4046 3871
f 4018 3424 3872
f 4025 4172 4024
f 4011 4024 4010
f 4065 3900 3901
f 3413 4013 3412
f 5056 5069 5070
f 5055 5070 5071
f 4062 5399 4061
f 5269 5294 5268
f 4685 4903 4846
f 5254 5240 5296
f 4606 4658 4733
f 4729 4882 4728
f 4030 4043 4029
f 4664 4753 4883
f 3575 3904 3903
f 3413 3922 3426
f 4949 4955 4934
f 4947 4913 4914
f 4849 4894 4856
f 4143 3975 4142
f 4912 4932 4911
f 3774 3995 3994
f 3956 3342 4168
f 4871 4758 4759
f 4270 4272 4271
f 4039 5400 4140
f 3555 5402 3554
f 5403 3906 3907
f 3908 3823 3907
f 4124 5408 5407
f 3901 4046 4047
f 4120 5410 5409
f 4124 4125 4123
f 5420 5404 5421
f 5424 5425 3557
f 3400 5428 3845
f 5432 5435 3226
f 4941 4945 4944
f 4935 4949 4934
f 3895 3897 3896
f 5426 4121 5418
f 5430 3906 5420
f 4045 5398 4062
f 5395 5392 4667
f 4846 4701 4840
f 4880 4710 4879
f 4624 4608 4609
f 4656 4662 4661
f 5305 5309 5304
f 5220 5222 5221
f 4230 4327 4324
f 5030 5028 5027
f 5213 5211 5210
f 5440 3269 5441
f 4396 3980 5444
f 5447 3244 3241
f 3328 5451 5396
f 4208 4248 4207
f 4599 4621 4598
f 4528 4391 4208
f 4529 4199 4207
f 4526 4339 4528
f 4256 5452 4532
f 4532 4241 4242
f 3834 5446 3831
f 5443 5444 4050
f 4530 4334 4206
f 4754 4904 4837
f 4229 4381 4331
f 4205 4383 4531
f 4892 4987 4861
f 4039 3976 4038
f 4738 4796 4741
f 4833 4897 4832
f 4232 4200 4201
f 4194 4241 4193
f 4889 4750 4748
f 4194 4365 4368
f 4531 4195 4238
f 5043 5062 5031
f 4182 4561 4180
f 5446 3241 3831
f 5237 5248 5236
f 4206 4382 4205
f 5210 5218 5219
f 3426 3417 3425
f 4216 4192 4215
f 4219 4184 4185
f 4180 4380 4179
f 4327 4591 4326
f 4223 4231 4222
f 4215 4360 4329
f 4186 4218 4185
f 4190 4209 4189
f 4223 4595 4327
f 4326 4328 4329
f 4366 4568 4186
f 4570 4549 4569
f 4579 4548 4570
f 4563 4533 4562
f 4583 4220 4580
f 4586 4561 4562
f 4239 4363 4243
f 4572 4567 4564
f 4536 4585 4535
f 4538 4566 4541
f 4536 5453 4538
f 3573 3983 3316
f 5427 3552 3556
f 4553 4588 4552
f 4593 4555 4592
f 4368 4183 4227
f 4361 4235 4236
f 4233 4527 4232
f 4233 4324 4237
f 4212 4330 4331
f 4237 4325 4236
f 4193 5452 4361
f 4983 4885 4792
f 5002 4986 4993
f 5074 5076 5075
f 4698 5391 4759
f 5391 5390 4694
f 4871 4650 4872
f 4546 4543 4544
f 4553 4901 4574
f 4552 4555 4556
f 5223 4805 5394
f 5386 5383 5363
f 5317 5371 5327
f 3240 4429 3377
f 5384 5381 5379
f 3938 3218 3937
f 3942 5455 5454
f 5361 5386 5356
f 4542 4541 4545
f 3910 5420 3428
f 3939 4060 3940
f 3851 5351 5454
f 3838 3556 3837
f 4547 4857 4546
f 5442 4050 3335
f 3385 5428 5429
f 4257 4235 4256
f 5312 4893 4809
f 4212 4204 4211
f 3854 5461 4392
f 4226 4210 4211
f 4202 4178 4201
f 3316 3897 3315
f 5464 4432 4433
f 5465 3883 4432
f 4472 4449 4450
f 4501 4450 4494
f 4074 4080 4077
f 5473 5401 4173
f 4173 5475 5473
f 3432 3520 5413
f 3462 5504 3461
f 4075 4494 4080
f 5482 3387 3392
f 5468 5470 5469
f 3427 5422 3523
f 4498 4487 3386
f 5403 5414 4128
f 3382 5522 3873
f 3492 5511 3491
f 3429 3517 3520
f 3873 5524 4453
f 5480 3350 3347
f 3477 5505 3462
f 4507 5544 4475
f 4396 5551 4051
f 3374 5553 3373
f 3373 5554 3390
f 5479 4063 3350
f 3390 5555 3393
f 5531 5566 5565
f 3368 5567 3367
f 5556 5560 5559
f 3393 5557 5556
f 4433 5463 5464
f 5464 5458 5456
f 4435 4439 3380
f 4055 3277 3274
f 3273 3911 3370
f 3395 3358 3394
f 5486 4071 5484
f 5526 4453 5524
f 5525 5569 5566
f 5568 3527 5567
f 3527 3847 3366
f 3365 3849 5462
f 5462 3850 5459
f 4435 5571 4430
f 3378 3943 3944
f 5573 5577 5574
f 4438 3943 3379
f 5477 5579 5476
f 5582 5580 5579
f 5583 5581 5584
f 5586 5588 5587
f 4074 5586 4073
f 5583 5474 5473
f 4507 5590 3991
f 5573 4522 4520
f 3989 5596 3988
f 5594 3407 5593
f 4436 5572 5571
f 5591 3991 5590
f 4507 4476 5589
f 3990 5587 5588
f 5578 3406 5577
f 5595 5584 5581
f 5484 3358 5486
f 4441 5467 3882
f 5472 4077 4139
f 5522 5570 5524
f 5486 3353 3524
f 5481 3386 3387
f 3475 5492 3518
f 5476 3899 5477
f 5540 5606 5603
f 5542 5603 5607
f 5608 5542 5607
f 5608 5545 5544
f 5607 5609 5545
f 5599 5548 5612
f 5598 5543 5608
f 5595 5593 5596
f 5588 3989 3990
f 5626 3266 5627
f 5627 4448 5628
f 5469 4469 5468
f 4515 5625 4491
f 4503 4474 4509
f 4481 5627 4480
f 4500 5469 5470
f 3414 5466 5465
f 5594 5581 5582
f 3376 4430 5571
f 3444 3941 3855
f 5572 3444 3445
f 4273 4287 4272
f 4345 4357 4344
f 4386 4305 4385
f 4517 4463 5625
f 4352 4319 4379
f 4352 4251 4336
f 4268 4390 4388
f 4264 4320 4323
f 4346 4282 4283
f 4337 4343 4344
f 4289 4245 4288
f 4303 4287 4288
f 4343 4291 4342
f 4284 4244 4289
f 4375 4291 4294
f 4379 4271 4272
f 4337 4348 4336
f 4524 4295 4290
f 4364 4197 4279
f 4285 4390 4302
f 5206 5208 5207
f 4297 4371 4296
f 4346 4286 4273
f 4285 4333 4284
f 3571 4395 5460
f 5341 5339 5342
f 5346 5334 5335
f 5269 5273 5289
f 4510 5609 5610
f 4509 5545 5609
f 4445 5611 5546
f 5566 5568 3368
f 5349 5338 5348
f 5489 3401 3398
f 5565 3368 3338
f 5496 5417 5630
f 5523 3383 5634
f 5325 5347 5324
f 5523 5599 5522
f 5429 3401 5633
f 3887 5631 5630
f 5634 5600 5523
f 5276 5279 5277
f 5298 5257 5300
f 5087 5085 5084
f 3361 5612 5548
f 5041 5066 5040
f 5487 3383 3384
f 5101 5130 5100
f 5299 5300 5303
f 5333 5335 5334
f 5302 5304 5303
f 5234 5216 5217
f 5301 5255 5258
f 4868 5322 4867
f 5281 5277 5279
f 5323 5322 5324
f 5298 5296 5297
f 4885 4750 4792
f 5231 5196 5197
f 4625 5313 5320
f 5111 5085 5098
f 5600 5549 5548
f 5531 5563 5527
f 5165 5182 5189
f 5283 5285 5284
f 4269 4277 4268
f 5610 5603 5606
f 5127 5091 5128
f 4907 5125 4906
f 5277 5272 5262
f 5596 5592 5598
f 5212 5226 5211
f 5273 5262 5272
f 5302 5258 5292
f 5635 5645 5640
f 4250 4379 4378
f 4485 3405 3402
f 4354 4023 4351
f 4265 4304 4386
f 4388 4282 4387
f 4345 4384 4385
f 4362 4297 4259
f 4836 4612 4828
f 4360 4236 4325
f 4369 4237 4234
f 5647 3986 3573
f 5650 3192 3189
f 5337 5336 5333
f 4467 4477 4466
f 4253 4340 4252
f 4429 5457 4428
f 3997 3915 3540
f 5535 3839 3982
f 5538 4460 4456
f 3439 5571 3438
f 5570 5526 5524
f 3438 5572 3445
f 4440 3879 3876
f 3440 4407 3449
f 3886 5695 5694
f 5534 5396 5451
f 5685 3471 5684
f 4278 4301 4302
f 5628 4449 5469
f 3579 3538 3578
f 4480 5628 4500
f 4402 5517 5518
f 4279 4198 4278
f 3603 3532 3602
f 3580 4088 4090
f 4095 3531 4094
f 5248 5251 5250
f 3778 3999 3776
f 4617 4613 4614
f 4375 4372 4519
f 3411 4136 3410
f 5094 5111 5097
f 3602 3535 3605
f 4023 4350 4351
f 4349 4336 4348
f 3605 3536 3592
f 4469 4471 4470
f 4094 3593 4097
f 4248 4245 4246
f 3519 5518 5517
f 5254 5284 5285
f 4852 4795 4766
f 4265 5629 4264
f 5632 5503 5631
f 3604 3612 3601
f 5549 5502 3360
f 3653 3607 3661
f 4780 4873 4779
f 4988 4979 4976
f 4491 5626 4481
f 4837 4995 4994
f 4615 4765 4749
f 5468 4470 4504
f 3514 3467 3513
f 5491 4409 5679
f 4093 3619 4092
f 4364 5629 4297
f 3488 5509 3487
f 5606 5611 5610
f 4210 4189 4209
f 4600 4602 4601
f 5242 5198 5240
f 5073 5075 5072
f 5651 3940 4060
f 3996 3775 3998
f 5200 5202 5201
f 5525 5527 5526
f 3364 4434 3363
f 3775 3542 3581
f 3941 5485 3855
f 3731 4105 3730
f 4997 4999 4998
f 4508 5608 5544
f 4101 3818 3816
f 3728 4103 3727
f 4591 4592 4328
f 4539 4538 4537
f 4550 4552 4551
f 4541 4567 4545
f 4389 4570 4568
f 4582 4580 4576
f 4976 4978 4977
f 4705 4707 4706
f 4797 4843 4844
f 3713 3730 3726
f 4675 4702 4704
f 4977 4981 4980
f 4810 4817 4816
f 4786 4812 4785
f 4715 4628 4714
f 4978 5021 4981
f 5010 5006 4991
f 3722 4162 4161
f 4558 4560 4559
f 4568 4569 4218
f 4584 4535 4585
f 4641 4715 4716
f 5026 5012 5068
f 4776 4745 4742
f 4714 4712 4713
f 4982 5001 4985
f 4576 4560 4582
f 4564 4566 4565
f 5069 5018 5029
f 5057 5048 5047
f 4810 4811 4680
f 3710 3786 3709
f 4991 4999 5010
f 5011 5010 5004
f 5008 5022 5027
f 5066 5063 5040
f 5047 5024 5025
f 5050 5051 5053
f 5023 5016 5024
f 5045 5059 5061
f 5047 5026 5057
f 3711 3724 3721
f 5048 5037 5047
f 5042 5063 5062
f 5058 5051 5054
f 5036 5046 5037
f 3715 3700 3714
f 5235 5257 5246
f 3732 3704 3702
f 5030 5062 5064
f 5020 5023 5022
f 5263 5261 5260
f 5049 5044 5034
f 5236 5250 5255
f 5031 5027 5022
f 5043 5039 5042
f 5320 5329 5330
f 5049 5052 5051
f 5326 5317 5327
f 3264 3288 3285
f 5264 5263 5260
f 4998 4992 4987
f 5009 5020 5008
f 5036 5039 5038
f 5032 5034 5033
f 4355 3949 3422
f 4269 4374 4323
f 4253 4378 4303
f 4525 4252 4340
f 3960 4111 3866
f 4372 4258 4296
f 5681 5673 5675
f 4378 4272 4287
f 4270 4346 4273
f 3244 5644 5643
f 4899 4648 4650
f 3734 3702 3810
f 4138 3343 4137
f 4192 4361 4360
f 3813 3812 3810
f 3817 3696 3814
f 5668 5682 5674
f 5690 5687 5684
f 5499 5700 5517
f 3999 3820 3577
f 3745 4102 4106
f 5684 3472 5690
f 5702 3860 5703
f 5712 5693 5670
f 3249 4393 3572
f 5695 5715 5694
f 5694 5716 5696
f 5719 5601 5602
f 4918 4950 4952
f 4774 4743 4773
f 3844 5605 3735
f 5505 4411 5504
f 3583 3585 3582
f 3710 4157 4160
f 5513 4417 5508
f 5704 4146 5709
f 4141 4062 4049
f 5669 5688 4410
f 3898 5653 5450
f 5718 3972 5719
f 5684 5686 5685
f 3917 5717 3512
f 3463 5662 5660
f 5492 5680 5491
f 4931 4950 4919
f 5665 3441 5663
f 3788 3740 3790
f 3501 3529 3994
f 3569 3477 3308
f 5516 5727 5515
f 3564 3566 3565
f 3892 5406 3889
f 3962 5407 3961
f 4126 4123 4125
f 4116 3287 5411
f 3892 5630 5417
f 3824 5413 5414
f 4408 5680 4412
f 3969 3978 5402
f 4408 3449 4407
f 4414 3449 4413
f 3962 3262 4125
f 4425 5616 4321
f 4418 5727 4419
f 5716 5575 5696
f 5719 5717 5718
f 5698 5692 5697
f 3880 4166 3987
f 5652 5520 5619
f 5621 4167 4166
f 5679 4410 5688
f 3210 3355 5618
f 5622 5451 5657
f 5416 5497 5624
f 5729 5731 5730
f 5733 3761 3758
f 5735 5737 5736
f 5750 5751 5734
f 5744 5740 5741
f 5744 3753 5746
f 5753 5730 5731
f 5757 5736 5737
f 5731 5765 5753
f 5774 5776 5775
f 5790 5792 5791
f 5796 5787 5797
f 5817 5819 5818
f 5828 5830 5829
f 3725 3751 3747
f 4874 4873 4875
f 4700 4903 4902
f 4740 4876 4739
f 3199 3201 3200
f 4100 4099 4101
f 3749 4108 3748
f 3695 3712 3692
f 3378 3380 3379
f 5504 4412 5507
f 4405 5518 5699
f 5838 5835 5836
f 4705 4712 4708
f 5832 5828 5833
f 5697 5678 5698
f 3791 4005 3790
f 5848 5794 5850
f 3714 3701 3704
f 3995 4042 3890
f 3329 3224 3222
f 4005 3705 4004
f 4551 4763 4550
f 5855 5808 5856
f 5851 5792 5852
f 5803 5858 5847
f 5844 5840 5845
f 5762 5743 5740
f 5808 5806 5807
f 4012 3426 3423
f 5558 3467 4067
f 4550 4720 4901
f 4950 4953 4952
f 3885 5694 5696
f 5705 4081 4082
f 5508 4415 5505
f 3745 3760 3744
f 5507 5680 5506
f 3592 3588 3591
f 3895 5658 5653
f 5613 5501 5549
f 3834 4393 4055
f 5527 4455 5526
f 5775 5809 5774
f 5766 5813 5810
f 5858 5812 5859
f 5855 5811 5858
f 5863 5819 5862
f 5826 5863 5829
f 5862 5833 5828
f 5870 5837 5845
f 5782 5831 5832
f 5868 5836 5873
f 5778 5843 5844
f 5866 5845 5840
f 5785 5867 5784
f 5790 5789 5793
f 5796 5794 5795
f 5821 5819 5820
f 5657 5620 5622
f 5793 5852 5792
f 5855 5801 5798
f 5853 5786 5796
f 5804 5802 5803
f 5827 5864 5822
f 5767 5821 5813
f 5854 5776 5777
f 5860 5818 5861
f 5782 5825 5785
f 5781 5844 5834
f 5810 5815 5816
f 5867 5830 5784
f 5809 5798 5799
f 5828 5863 5862
f 5865 5838 5868
f 5801 5802 5800
f 4086 3795 4149
f 5779 5842 5843
f 5827 5829 5830
f 5839 5869 5835
f 5814 5855 5856
f 5711 3859 5702
f 4958 4917 4960
f 5861 5821 5768
f 5863 5812 5820
f 5865 5823 5824
f 5873 5837 5871
f 5872 5842 5780
f 4089 3563 5704
f 3812 3785 3811
f 5770 5787 5788
f 5789 5847 5846
f 5793 5846 5849
f 4145 4146 3498
f 5848 5790 5791
f 3953 4009 3952
f 5748 5874 5747
f 4624 4626 4625
f 4665 4752 4664
f 4775 4779 4778
f 4746 4671 4747
f 4637 4601 4639
f 4828 4613 4827
f 4704 4762 4675
f 4843 4727 4687
f 4543 4725 4542
f 4731 4863 4730
f 4723 4558 4722
f 4842 4840 4838
f 4717 4857 4718
f 4865 4867 4866
f 5841 5866 5840
f 4725 4540 4542
f 4798 4816 4817
f 4632 4634 4633
f 4720 4715 4719
f 4642 4644 4643
f 3754 5874 5876
f 4860 4644 4847
f 4674 4722 4721
f 4808 4676 4677
f 4721 4822 4821
f 5876 5877 5746
f 4836 4840 4839
f 4658 4660 4659
f 4826 4800 4838
f 4877 4743 4744
f 4948 4971 4943
f 4875 4876 4889
f 4954 4934 4955
f 5773 5788 5790
f 5825 5833 5824
f 5834 5836 5835
f 5834 5845 5837
f 3359 3361 3360
f 5732 3756 3757
f 3394 3396 3395
f 3766 5741 5742
f 5774 5799 5777
f 5805 5857 5802
f 5813 5820 5812
f 3969 3964 3968
f 5667 5674 5666
f 5729 3792 3756
f 3770 5741 3769
f 4741 4739 4738
f 4689 4660 4661
f 5772 5787 5771
f 5735 3758 3764
f 5850 5773 5848
f 5617 3965 5650
f 5799 5854 5777
f 5875 5764 5879
f 5840 5842 5841
f 5861 5769 5860
f 5807 5853 5851
f 5869 5834 5835
f 3765 5739 5738
f 5882 5761 5759
f 5881 5887 5889
f 5895 5898 5897
f 5907 5906 5908
f 5909 5908 5910
f 4234 4526 4369
f 3912 3389 3914
f 5934 8730 8729
f 8730 5930 5931
f 4920 4922 4921
f 8845 8853 8851
f 4141 3404 4174
f 3733 3706 3731
f 8849 8848 8850
f 4234 4236 4235
f 8863 5919 8862
f 3733 4004 3705
f 5908 8859 8867
f 8865 8871 8870
f 8859 8863 8864
f 5927 5925 5928
f 5911 5904 5912
f 8878 8866 8879
f 5635 5637 5636
f 5745 5746 5877
f 3552 3554 3553
f 8857 8890 8875
f 5924 8860 5923
f 3553 3556 3552
f 5919 8861 8862
f 8869 8870 8891
f 8873 8878 8876
f 8856 8875 8874
f 8862 5889 5887
f 8846 8844 8843
f 8864 8866 8865
f 8729 8883 8884
f 8848 8887 8886
f 8878 5888 8893
f 8896 8855 8897
f 8853 8896 5885
f 8841 5882 5883
f 3489 3491 3490
f 8867 8864 8868
f 5910 8867 8898
f 5914 8898 8899
f 5916 8899 8900
f 5889 8860 5890
f 8876 8893 8894
f 5918 8900 8901
f 4424 5726 4423
f 8904 8900 8899
f 8909 8904 8905
f 8908 8903 8904
f 8869 8905 8868
f 3632 3667 3635
f 3687 3689 3688
f 3636 3681 3631
f 3664 3639 3665
f 4304 4306 4305
f 8909 8891 8910
f 3681 3695 3680
f 3758 3760 3759
f 3684 3700 3683
f 3721 3723 3722
f 3941 3943 3942
f 3738 3740 3739
f 3687 3709 3690
f 3238 3938 3220
f 4249 4288 4245
f 4499 3344 4464
f 4240 4368 4367
f 3453 3951 3919
f 4401 3547 3967
f 3950 3451 3436
f 3702 3701 3703
f 3725 3727 3726
f 3194 3208 3193
f 4034 4461 4462
f 3914 3913 3912
f 3483 3533 3482
f 3191 3957 3206
f 4292 3970 4293
f 3909 3428 3356
f 3959 3866 3867
f 4017 4309 4016
f 4316 4008 3953
f 4448 4450 4449
f 4414 4417 4416
f 3435 3351 3433
f 4413 4415 4414
f 3899 3901 3900
f 3780 3648 3809
f 3474 3886 3885
f 3958 3192 3214
f 3221 3935 4427
f 3905 3907 3906
f 3913 4486 3313
f 4420 4421 4085
f 3881 3883 3882
f 4004 3790 4005
f 4271 4318 4316
f 4259 4296 4258
f 3501 4066 3468
f 5897 5900 5899
f 5901 5904 5903
f 8854 8856 8855
f 3789 3786 3720
f 3651 3781 3782
f 5924 5901 5925
f 8870 8873 8872
f 8876 8874 8873
f 5912 5918 5911
f 3805 3799 3737
f 3369 3395 3396
f 3923 3925 3924
f 3916 3512 3509
f 3641 3801 3642
f 4276 4323 4320
f 4181 4331 4330
f 4428 3377 4429
f 3495 4321 4322
f 4436 3380 3381
f 4430 4437 4435
f 3945 3958 3946
f 4065 4047 3418
f 4495 3408 4496
f 8913 8915 8914
f 8911 8917 8916
f 8889 8923 8890
f 8919 8931 8921
f 8884 8918 8885
f 8922 8931 8925
f 5852 5909 5851
f 5866 5915 5917
f 8926 8914 8915
f 8914 8883 8913
f 8886 8921 8888
f 5846 5894 5891
f 5873 5900 5868
f 8893 5764 5754
f 8894 5754 5753
f 5890 5927 8936
f 5885 5755 5758
f 5871 5902 5873
f 5763 5883 5762
f 5880 8936 5763
f 4175 4398 4399
f 4274 4255 4275
f 8883 5931 8882
f 8868 8898 8867
f 3289 3247 3292
f 3858 5485 5921
f 8850 8886 8888
f 4116 5409 4115
f 3889 4127 5415
f 3678 8938 8937
f 8857 8888 8889
f 3979 3294 3295
f 4126 3431 3823
f 3651 3679 3650
f 3460 5921 3354
f 4084 3310 3487
f 8905 8899 8898
f 3561 5397 5656
f 3213 5528 5519
f 4191 4193 4192
f 5449 5532 5533
f 4142 4031 4479
f 4060 5652 5651
f 4480 4482 4481
f 5519 3212 3213
f 5657 3330 3940
f 4473 4475 4474
f 3514 5668 5667
f 5663 5669 5665
f 8881 5926 8880
f 5734 5749 5750
f 4788 4677 4678
f 3997 3538 3506
f 3551 3310 3294
f 3577 3998 3999
f 4893 4676 4809
f 4753 4671 4672
f 8729 8885 8843
f 3813 9021 8937
f 8938 3813 8937
f 8882 5929 8881
f 4098 3820 3821
f 3399 5416 3398
f 5494 5503 4403
f 5880 5878 5881
f 4986 4861 4987
f 4999 5004 5010
f 4985 4988 4976
f 5816 5766 5810
f 4372 4384 4519
f 5688 5692 5679
f 8903 8901 8900
f 8879 5887 5888
f 8902 8880 8901
f 5919 5895 5920
f 4519 4342 4291
f 8847 8854 8853
f 5925 5903 5926
f 4021 4523 4025
f 5678 5676 4406
f 4424 4085 4421
f 5701 3577 3820
f 5928 5926 5929
f 5000 4980 5004
f 9022 3545 4113
f 9024 5409 5410
f 4008 4010 4009
f 3931 4516 4513
f 3822 3807 3821
f 8851 8844 8845
f 5728 5509 5721
f 9025 4115 5409
f 5209 5201 5208
f 4820 4653 4682
f 3988 5598 4508
f 3370 3357 3395
f 5639 5641 5640
f 5592 4477 5543
f 3378 5572 3381
f 5625 3265 5626
f 5594 5577 3406
f 3302 5645 3301
f 3274 3278 3273
f 5207 5233 5243
f 5071 5072 5075
f 4815 4785 4812
f 4796 4643 4760
f 3243 5643 5648
f 5301 5303 5300
f 5431 5655 5654
f 5251 5244 5252
f 3353 3523 3524
f 4174 3405 3411
f 3546 4113 3545
f 4002 3788 4004
f 4196 4238 4195
f 3232 5647 3231
f 4373 4266 4310
f 4867 5321 4902
f 5648 4058 3243
f 4455 3893 4453
f 5593 4511 5592
f 5275 5252 5253
f 5252 5274 5251
f 4092 3624 3597
f 3723 3743 3722
f 4780 4802 4796
f 4059 3560 5425
f 4317 4347 4270
f 5188 5192 5187
f 5570 5612 5569
f 3385 5633 3384
f 3526 5569 5612
f 3576 3608 3590
f 3581 3594 3580
f 5239 5238 5232
f 5081 5083 5082
f 4369 4528 4527
f 4325 4329 4360
f 3569 3286 3336
f 9022 4112 5709
f 3661 3801 3653
f 5074 5030 5064
f 5064 5063 5065
f 3563 3498 4146
f 3961 4119 5411
f 4854 4870 4735
f 5018 5028 5029
f 5007 5027 5028
f 5040 5039 5041
f 3240 3875 3239
f 5070 5029 5072
f 3504 3866 4111
f 3537 3591 3588
f 5033 5039 5032
f 4710 4635 4879
f 5017 4989 5014
f 5024 5046 5023
f 4991 5019 4990
f 4587 4574 4573
f 4996 4793 4878
f 5066 5059 5067
f 5221 5231 5220
f 5068 5057 5026
f 3675 3643 3642
f 3663 3675 3662
f 4722 4559 4822
f 3579 3590 3591
f 3686 3677 3678
f 4422 3499 4419
f 5142 5138 5133
f 5078 5075 5076
f 3609 3590 3608
f 3288 5411 3287
f 5424 5410 3246
f 5152 5156 5172
f 3960 5709 4112
f 4946 4957 4958
f 3867 5705 3959
f 9026 4113 5710
f 5192 5189 5187
f 5161 5194 5171
f 3637 3682 3636
f 4392 3847 3848
f 3796 4149 3795
f 4104 3727 4103
f 3594 3993 4088
f 3796 4134 5710
f 3687 4156 4157
f 3760 4164 4165
f 4464 3345 4467
f 3485 3868 3484
f 3846 5423 4130
f 3409 4496 3408
f 3767 3765 3762
f 3711 4159 4160
f 3797 4087 3510
f 4072 5562 5560
f 4502 5590 5589
f 5408 9027 4118
f 5683 5714 5682
f 5702 4110 5711
f 5623 4148 4167
f 5428 3525 3522
f 3668 3802 3667
f 4000 8938 3679
f 4221 4179 4380
f 4267 4388 4315
f 3721 4161 4159
f 3903 5706 5705
f 3583 4090 4091
f 3894 3524 3525
f 4635 4636 4634
f 4173 4009 4010
f 4890 5393 5394
f 5290 5293 5292
f 5339 5337 5333
f 5458 4438 4439
f 3251 5430 3910
f 3252 5419 3251
f 3428 5421 3427
f 3571 5418 3252
f 4583 4554 4593
f 4239 4224 4238
f 3322 5450 5449
f 5309 5306 5304
f 4109 3748 4108
f 5707 3794 3795
f 5139 5183 5140
f 5271 5290 5259
f 5280 5282 5279
f 5110 5125 5115
f 5319 4731 5317
f 5334 5339 5333
f 5423 3523 5422
f 5376 5378 5375
f 4721 4646 4674
f 3719 4159 4161
f 4853 4692 4795
f 5373 5330 5375
f 4428 5456 4437
f 5376 5328 5331
f 3337 4434 4431
f 4692 5395 4795
f 5475 4523 5476
f 5478 4068 4522
f 5421 4129 5422
f 5374 5375 5378
f 5283 5306 5282
f 5246 5234 5235
f 5154 5150 5153
f 4458 5561 4457
f 5163 5158 5168
f 5381 5378 5379
f 3397 5484 5483
f 4457 5563 5537
f 5147 5150 5149
f 4474 5544 5545
f 5325 5319 5326
f 5223 5388 5222
f 5517 3521 3519
f 4499 3347 4487
f 5404 4128 4129
f 3476 5506 3475
f 4084 5515 4083
f 3900 5477 3899
f 5536 5547 5546
f 5491 5493 5492
f 5474 4139 5401
f 4063 4522 4068
f 4459 5541 5540
f 5548 3360 3361
f 5444 5550 4396
f 3888 5415 5412
f 5546 3339 4445
f 5536 5538 5537
f 3570 5508 3477
f 4471 5589 4476
f 4280 3359 5933
f 5499 4403 5503
f 5189 5169 5165
f 5543 4478 5542
f 4051 5552 3374
f 3461 5507 3476
f 4629 4870 4869
f 5106 4909 4862
f 5286 5279 5282
f 5462 3364 3365
f 3491 5514 3840
f 5224 5231 5229
f 4478 5540 5542
f 4099 3742 3723
f 4803 4805 4804
f 4130 5422 4129
f 4470 4476 4473
f 4924 4921 4922
f 4920 4927 4926
f 4993 4987 4992
f 4887 4913 4912
f 3894 4070 4071
f 5472 5585 5586
f 3508 4134 3507
f 3603 4096 4097
f 3772 3992 4110
f 5712 5671 5672
f 3739 4162 4163
f 5683 3515 5715
f 5480 4495 5479
f 5698 5493 5498
f 3578 3996 3998
f 3645 4154 4155
f 5660 3466 3463
f 4135 5710 4134
f 5587 4073 5586
f 5687 5693 5686
f 3584 4091 4150
f 5585 5584 5588
f 4128 5415 4127
f 4257 4338 4526
f 4222 4178 4179
f 4366 4191 4216
f 5098 5091 5088
f 5761 5737 5760
f 5760 5738 5739
f 8852 5934 8844
f 8874 8855 8856
f 8895 8855 8877
f 5884 8842 8852
f 4557 4582 4560
f 8890 8917 8892
f 8918 8930 8920
f 8924 8915 8916
f 4182 4330 4190
f 3864 5711 4110
f 3574 3230 3231
f 3342 3415 3341
f 3488 3549 3840
f 4317 3953 3949
f 3672 4152 4153
f 5708 3865 5707
f 9021 3685 3686
f 3621 3616 3617
f 5728 4419 5727
f 4311 4028 4310
f 4131 3543 3841
f 4426 3842 4423
f 4518 4168 4427
f 5457 5464 5456
f 5425 3558 3837
f 5458 4437 5456
f 3416 5465 5457
f 5638 5437 5637
f 3985 5636 5637
f 5646 5636 5647
f 9023 3554 5402
f 5722 5514 5726
f 3256 3934 3255
f 4164 5734 5751
f 8885 8920 8887
f 3282 3929 3281
f 3292 3320 3291
f 3232 3300 3301
f 3303 3271 3334
f 3562 5432 3325
f 3392 3388 3391
f 3854 5350 3851
f 5463 5459 5458
f 5935 3885 5576
f 3879 3954 3878
f 3928 3391 3388
f 4137 4458 4138
f 5454 3850 3851
f 3548 3549 3550
f 4443 5470 4442
f 4452 4506 4447
f 4468 3415 3879
f 4443 3876 4483
f 3234 4515 4516
f 5434 3896 5433
f 5448 5441 5644
f 5447 5443 5442
f 4442 5471 5467
f 5550 3275 5551
f 5578 4520 3409
f 3464 5666 3463
f 4701 4839 4840
f 3259 4041 4030
f 4015 3423 4018
f 3558 3982 3839
f 4856 4823 4824
f 4741 4653 4740
f 3759 4106 3763
f 3560 3290 3559
f 9024 3557 3553
f 5438 3280 5439
f 3321 3290 3291
f 5557 4072 5560
f 5553 3396 5554
f 4045 4174 4044
f 4539 4849 4585
f 3536 3503 3588
f 5478 5574 5477
f 3800 3510 3511
f 4755 4886 4754
f 5561 5527 5563
f 5752 5732 5751
f 5752 5756 5765
f 3518 5493 5521
f 3767 4107 4108
f 3534 4097 3593
f 4395 3826 3827
f 3926 3371 3925
f 4446 5610 5611
f 4050 3980 3981
f 8887 8843 8885
f 5649 5640 5645
f 4643 4761 4760
f 3709 3784 3690
f 4778 4660 4777
f 5649 4054 5648
f 5646 3301 5645
f 3250 3910 3909
f 5884 5757 5761
f 5655 5936 5937
f 4224 4226 4225
f 4043 3412 4013
f 4286 4288 4287
f 4267 4310 4266
f 4493 4080 4494
f 3325 3226 3227
f 3925 3372 3928
f 4312 4314 4313
f 3996 3540 3541
f 8908 8912 8907
f 4023 4025 4024
f 3995 3891 3994
f 5482 5559 4137
f 4486 3921 4484
f 4300 4302 4301
f 5438 5644 5441
f 3233 3282 3270
f 3225 3227 3226
f 5446 5445 5443
f 5554 3397 5555
f 4834 4830 4772
f 4064 3350 4063
f 3596 3598 3597
f 5639 5648 5643
f 5434 5654 5658
f 4895 4830 4831
f 3674 3676 3675
f 3551 3978 3550
f 3835 3305 3306
f 3813 3702 3703
f 3691 4160 4157
f 4109 4101 4103
f 4565 4188 4564
f 3490 3547 3489
f 3672 3647 3673
f 8906 8912 8913
f 3810 3811 3734
f 4051 4397 4396
f 3566 4090 4088
f 5580 5476 5579
f 4456 5537 5538
f 5539 5546 5611
f 8844 8729 8843
f 8872 8874 8875
f 4383 4198 4195
f 4931 4927 4930
f 5529 5397 5396
f 5314 5323 5328
f 5347 5323 5324
f 4711 4599 4596
f 5387 5389 4696
f 5259 5292 5258
f 5195 4803 5126
f 5195 4746 4806
f 4639 4866 4685
f 4821 4681 4721
f 3421 5399 3260
f 4730 4601 4602
f 4807 4811 4786
f 4040 3421 3948
f 4844 4800 4797
f 3936 3929 3930
f 4894 4817 4823
f 5365 5383 5368
f 4657 4661 4658
f 5224 4770 4804
f 5368 5382 5380
f 5336 5352 5335
f 5353 5386 5363
f 4070 4454 4069
f 5396 3327 3328
f 5225 5312 4809
f 5384 5386 5385
f 5391 4695 4759
f 4735 4870 4630
f 4407 4409 4408
f 4623 4880 4706
f 5356 5352 5354
f 4578 4859 4577
f 3239 3217 3938
f 3937 3333 3939
f 4578 4534 4535
f 5467 4505 4452
f 4836 4826 4838
f 4422 5721 4421
f 3392 5556 5482
f 5564 5565 5547
f 3807 3663 3660
f 5922 4392 4281
f 3680 3692 3693
f 3630 3632 3631
f 4416 5725 4418
f 4033 3836 4176
f 3238 4168 3342
f 3466 3483 3484
f 3678 3650 3679
f 3677 3649 3650
f 3340 4431 3884
f 3562 5656 5655
f 5658 5938 5939
f 3642 3640 3641
f 3306 3334 3981
f 3256 3280 3281
f 8910 8892 8917
f 5868 5898 5859
f 8924 8922 8925
f 8935 8925 8931
f 8882 8913 8883
f 8925 8926 8924
f 8840 8936 5927
f 5852 5905 5907
f 5136 5124 5137
f 4243 4260 4242
f 5238 5228 5232
f 5642 5643 5644
f 3924 3928 3927
f 5412 5700 3888
f 3750 3751 3707
f 3746 3770 3769
f 3859 3861 3860
f 3972 3493 3494
f 5923 8861 5920
f 4945 4958 4959
f 3296 3286 3287
f 3824 3907 3823
f 3671 4154 4153
f 4137 5481 5482
f 3614 3802 3617
f 3283 3559 3290
f 4936 4934 4933
f 5511 5726 5514
f 4170 3926 3923
f 3572 3830 3826
f 3459 3858 3460
f 3496 4425 3495
f 3457 3436 3437
f 3984 3986 3985
f 3914 3386 4487
f 5512 5723 5511
f 4500 4483 4480
f 4501 4471 4472
f 4503 4505 4504
f 4143 4461 4490
f 3331 3222 3219
f 4016 4018 4017
f 3998 3776 3999
f 4114 5710 4113
f 4405 4406 4404
f 5602 5720 5719
f 4767 4804 4770
f 4929 4954 4928
f 4410 5665 5669
f 3888 5632 3887
f 4048 3977 3974
f 3947 3212 5652
f 5676 3472 3473
f 5782 5784 5783
f 4315 4311 4267
f 5699 5521 5493
f 5864 5825 5822
f 5826 5822 5823
f 5775 5805 5806
f 3236 3270 3271
f 5823 5859 5826
f 4957 4895 4917
f 8868 8865 8869
f 4281 3848 4280
f 4940 4971 4949
f 4013 4029 4043
f 3685 3701 3684
f 4339 4377 4391
f 8891 8872 8892
f 3753 3755 3754
f 4427 3220 3221
f 3809 3779 3780
f 3568 4418 3500
f 3880 3918 3805
f 3543 3842 3841
f 4646 4648 4647
f 4656 4597 4598
f 4781 4820 4784
f 4972 4974 4973
f 5101 5109 5120
f 5095 5115 5125
f 5090 5132 5093
f 5131 5134 5133
f 5134 5127 5135
f 5117 5140 5129
f 3539 3863 3595
f 4006 3792 4007
f 5128 5099 5124
f 5097 5089 5096
f 5274 5271 5259
f 4571 4569 4549
f 4225 4238 4224
f 5156 5170 5172
f 4538 4540 4537
f 4622 4665 4662
f 4981 5004 4980
f 5012 4975 5013
f 5148 5149 5157
f 5157 5133 5134
f 5161 5145 5160
f 4261 4242 4260
f 5294 5291 5268
f 4255 4532 4261
f 5274 5250 5251
f 4246 4207 4248
f 3314 3927 3912
f 4670 4672 4671
f 4995 4673 4986
f 4638 4603 4600
f 4341 4525 4340
f 5163 5165 5162
f 4834 4784 4819
f 4784 4682 4819
f 4844 4687 4688
f 5280 5275 5285
f 4217 4564 4188
f 4554 4556 4555
f 4551 4556 4594
f 4549 4544 4571
f 5141 5173 5175
f 4653 4683 4682
f 4973 4989 4988
f 4984 5015 4983
f 5177 5170 5178
f 5166 5181 5182
f 5141 5139 5138
f 5178 5151 5177
f 5244 5203 5245
f 5252 5245 5253
f 4479 4079 4493
f 4402 4404 4403
f 3500 4419 3499
f 5856 5909 5913
f 4488 3348 3349
f 8851 5885 5886
f 3607 5701 4098
f 3508 3503 3504
f 5847 5896 5894
f 4374 4309 4263
f 3380 4438 3379
f 9025 3553 3554
f 5718 4131 3973
f 3300 3283 3321
f 5551 3276 5552
f 5552 3369 5553
f 5555 5483 5557
f 5859 5896 5858
f 4133 3794 3915
f 3606 3652 3610
f 4900 4766 4691
f 4616 4789 4788
f 3738 4164 3757
f 4774 4642 4801
f 4399 3402 4175
f 5853 5795 5851
f 3936 4427 3935
f 3418 4064 4065
f 5510 3840 5514
f 3270 3279 3269
f 3274 4056 4055
f 4359 4305 4306
f 4135 3504 4111
f 3610 3609 3606
f 3837 3557 5425
f 5940 4401 5941
f 5853 5803 5847
f 5725 5515 5727
f 3246 4117 3245
f 5713 5672 5681
f 4918 4916 4915
f 4148 3771 5703
f 5106 5113 5111
f 4147 5709 4146
f 5152 5177 5151
f 9026 4111 4112
f 5104 5103 5112
f 3531 3485 3593
f 3713 3715 3714
f 3699 3815 3697
f 4467 4459 4478
f 4703 4736 4640
f 5405 3846 5406
f 3555 3963 3964
f 4120 5411 4119
f 4217 4185 4218
f 3279 5441 3269
f 4944 4959 4966
f 4353 4344 4357
f 3815 3716 4104
f 3374 4052 4051
f 4491 4516 4515
f 5865 5833 5866
f 5819 5856 5862
f 5807 5856 5808
f 3933 3281 3929
f 3208 3920 3919
f 8907 8902 8903
f 5288 5295 5287
f 3728 3747 3748
f 3309 4083 3336
f 5119 5101 5120
f 3811 3789 4002
f 3595 3992 3993
f 4106 4100 4107
f 5696 5576 3885
f 3708 3750 3707
f 3744 4165 4163
f 5905 5892 5906
f 3403 4175 3402
f 4133 3506 3507
f 4147 3544 3545
f 3561 3325 3324
f 3237 3239 3238
f 4877 4793 4794
f 3241 3243 3242
f 3597 3625 3596
f 3279 3281 3280
f 3371 3373 3372
f 3599 3567 3598
f 3975 4032 4031
f 3277 3250 3278
f 3774 3565 3773
f 3658 3780 3779
f 4961 4963 4960
f 3600 3616 4096
f 4228 4202 4199
f 4011 4318 4350
f 4307 4262 4308
f 4838 4841 4842
f 4782 4773 4743
f 4914 4946 4947
f 4839 4765 4836
f 4771 4645 4642
f 4962 4964 4963
f 4966 4963 4964
f 3601 3615 3600
f 5878 5879 5881
f 5890 5881 5889
f 3720 4158 3719
f 4755 4689 4663
f 3740 3718 3739
f 5695 5686 5714
f 5740 5742 5741
f 5733 5736 5749
f 5755 5750 5749
f 5745 5762 5740
f 5798 5800 5799
f 4706 4879 4705
f 5651 5619 5620
f 5850 5797 5772
f 5804 5806 5805
f 4087 5707 4086
f 5915 5914 5916
f 5703 4167 4148
f 5893 5896 5895
f 5892 5919 8858
f 5706 5664 4081
f 5786 5788 5787
f 3973 3841 3493
f 4831 4915 4916
f 5906 8858 8859
f 4965 4969 4964
f 4684 4846 4842
f 3589 3611 3604
f 3596 4150 4091
f 5877 5763 5745
f 4121 4123 4122
f 3469 3868 3502
f 3204 3208 3207
f 3716 3726 3727
f 5460 5426 3571
f 3465 3470 3464
f 5738 3764 3765
f 4887 4655 4888
f 4203 4205 4204
f 3959 4082 4089
f 5758 5886 5885
f 5781 5872 5780
f 4675 4723 4674
f 3757 5751 5732
f 3334 3272 3335
f 8880 5903 5911
f 5615 3473 5614
f 5759 5760 5743
f 8845 8848 8847
f 5778 5780 5779
f 8857 8849 8850
f 4132 3798 3859
f 5839 5841 5842
f 560 3187 559
f 5747 4007 3792
f 5928 8840 5927
f 5766 5768 5767
f 4848 4956 4847
f 4953 4967 4965
f 4832 4910 4915
f 5879 5888 5887
f 3598 3530 4095
f 5747 5730 5748
f 5754 5748 5730
f 5810 5812 5811
f 5758 5749 5736
f 4315 4387 4314
f 5917 5916 5918
f 5913 5910 5914
f 5930 8841 8840
f 4951 4968 4953
f 3209 3201 3202
f 4059 3246 3247
f 8731 8842 8841
f 3776 3585 3778
f 5770 5772 5771
f 5891 5893 5892
f 9028 5641 5439
f 5814 5816 5815
f 5662 5673 5661
f 3522 3524 3523
f 5630 5942 5496
f 5791 5795 5794
f 5746 3754 5876
f 5928 5931 5930
f 5743 5739 5742
f 5876 5875 5878
f 3678 9021 3686
f 4200 4207 4199
f 4114 3916 4149
f 3601 3605 3604
f 3818 3712 3817
f 3315 3317 3316
f 5899 5902 5901
f 8840 5883 8936
f 5562 5559 5560
f 4416 3448 4414
f 3189 3191 3190
f 4751 4747 4671
f 4181 4180 4177
f 3832 5454 5351
f 3362 3526 3361
f 5678 5699 5698
f 3497 3499 3498
f 448 807 447
f 647 122 270
f 5690 5677 5697
f 4183 4185 4184
f 1833 1780 1832
f 5920 5897 5923
f 510 508 507
f 4401 5944 5941
f 5656 5530 5936
f 3970 5940 4293
f 5653 5939 5946
f 5450 5946 5532
f 3384 5945 5487
f 4403 4299 5494
f 5944 3968 5949
f 3963 5951 3852
f 5614 3474 5935
f 5427 3857 5951
f 3210 1887 3201
f 1887 3200 3201
f 15 3197 3200
f 16 3195 3197
f 3195 3187 3194
f 3194 1899 3207
f 3207 375 3204
f 387 126 127
f 3189 1760 5650
f 9029 757 758
f 763 2172 2175
f 9035 9032 9033
f 9033 9031 9030
f 9046 9048 9047
f 8751 9054 8752
f 9078 9077 9079
f 9083 9051 9053
f 9088 9047 9048
f 9099 9040 9097
f 9102 9036 9099
f 9105 9032 9103
f 9105 9106 9031
f 1801 9108 9107
f 9103 9034 9102
f 9096 9047 9089
f 1767 9111 9112
f 1597 9113 1600
f 1708 9117 9116
f 9123 9119 9118
f 9118 9125 9124
f 1588 9116 1587
f 2080 9118 2082
f 2082 9124 2084
f 9126 9087 9083
f 9129 9088 9087
f 5512 5943 5947
f 5634 5488 5948
f 5724 5947 5616
f 9134 9097 9133
f 9144 9102 9138
f 9133 9096 9132
f 786 9144 785
f 9146 9103 9144
f 785 9138 497
f 497 9134 650
f 650 9133 564
f 9148 9133 9132
f 8756 9057 8753
f 9154 9130 9129
f 9151 9131 9130
f 9097 9090 9096
f 1799 9111 1768
f 5949 3964 3853
f 9160 8809 8811
f 8813 9160 8811
f 9166 564 9148
f 9067 9054 9052
f 9162 9148 9150
f 9087 9048 9051
f 9081 9079 9082
f 9049 9051 9048
f 9082 9167 9081
f 9079 9049 9046
f 9169 9175 9170
f 9167 9112 9081
f 9168 9177 9167
f 9120 9113 9177
f 9120 9169 9119
f 9119 9170 9125
f 9179 9125 9170
f 9180 9124 9125
f 9178 9170 9175
f 1576 2084 9124
f 9179 9183 9181
f 3203 1387 3190
f 3190 1791 3189
f 5618 1949 3210
f 317 259 391
f 2000 9105 9146
f 9053 9052 9054
f 9041 9036 9037
f 9029 756 2170
f 9037 9034 9035
f 9130 9089 9088
f 3204 376 3203
f 1801 9109 1799
f 9181 9180 9179
f 1575 9190 1088
f 9187 1576 9180
f 1776 1796 1775
f 1293 1290 1284
f 1326 1327 12
f 1294 1234 1290
f 878 1330 1337
f 5633 5490 5945
f 5933 3360 5502
f 5613 5948 5500
f 5604 3844 5720
f 3972 5950 5601
f 3494 4322 5950
f 4406 5615 4298
f 3492 4292 5943
f 5631 5495 5942
f 497 374 498
f 122 413 121
f 5624 3398 5416
f 9151 9156 9160
f 9058 8752 9054
f 9160 9150 9151
f 8815 9162 8813
f 9156 8794 8809
f 439 399 438
f 1512 1526 1511
f 1668 1738 1671
f 839 1362 838
f 1362 826 1012
f 3425 3418 4047
f 4905 5243 4808
f 4621 4662 4690
f 5582 5574 5577
f 4754 4756 4755
f 3902 4021 4022
f 9295 1896 9267
f 2053 2118 2117
f 9340 2120 2119
f 696 9268 9283
f 4922 4939 4924
f 4365 4186 4183
f 5105 4862 4670
f 5228 5226 5225
f 4781 4877 4794
f 5218 5238 5217
f 4990 4992 4991
f 4335 4336 4251
f 4993 4972 5002
f 4794 4792 4750
f 5886 8852 8851
f 5405 5417 5416
f 4669 4764 4668
f 4676 4698 4679
f 1826 639 640
f 9192 9181 9183
f 5232 5233 5204
f 5418 4122 5419
f 956 886 960
f 5720 3512 5717
f 4728 4730 4729
f 8879 8863 8862
f 1980 1922 807
f 4969 4966 4964
f 33 105 164
f 9028 3254 5437
f 3837 3839 3838
f 4382 4301 4383
f 3908 4122 4123
f 4290 4294 4291
f 4400 4055 4056
f 3219 3221 3220
f 8894 8877 8876
f 4640 4735 4630
f 4389 4216 4213
f 3267 4493 4451
f 3268 4463 4144
f 5097 5098 5088
f 5094 5096 5095
f 5654 5937 5938
f 4089 3960 3959
f 5159 5162 5160
f 5202 5249 5205
f 5412 5414 5413
f 5715 3516 5716
f 5723 4423 5726
f 4263 4323 4374
f 3994 3564 3774
f 1343 9308 9309
f 3470 5667 3464
f 5659 5671 5706
f 3319 4053 3299
f 9359 2128 9354
f 1766 1582 1594
f 14 2163 738
f 595 99 594
f 5703 3772 5702
f 5206 5229 5209
f 3437 3458 3457
f 5516 3487 5509
f 5122 5087 5123
f 3223 3934 3935
f 3979 5402 3978
f 3828 3320 3827
f 5663 4081 5664
f 4035 4490 4461
f 4426 5724 4425
f 3881 4447 4444
f 5407 4118 4119
f 5691 5689 5687
f 5661 5672 5671
f 5911 8901 8880
f 3902 3871 4046
f 5541 5539 5606
f 4069 5561 5562
f 3248 3292 3247
f 1346 1044 1352
f 748 1425 747
f 3297 3255 3934
f 5445 4056 5550
f 5783 5830 5831
f 4310 4376 4373
f 5857 5800 5802
f 3882 4452 3881
f 3193 3919 3951
f 3190 3206 3203
f 4266 4268 4267
f 4488 3420 4486
f 3331 3940 3330
f 4282 4284 4283
f 4606 4607 4605
f 4628 4708 4712
f 4659 4733 4658
f 4615 4829 4614
f 4718 4713 4717
f 5722 4421 5721
f 3307 3461 3433
f 4686 4634 4636
f 3966 3550 3978
f 4738 4875 4873
f 3416 3237 3341
f 4527 4208 4200
f 5093 5114 5092
f 5124 5086 5122
f 5117 5138 5139
f 4631 4640 4630
f 5166 5168 5167
f 5185 5187 5186
f 5194 5191 5171
f 3245 4118 9027
f 5214 5203 5200
f 3230 3318 3284
f 5237 5217 5238
f 5250 5258 5255
f 5113 5084 5085
f 5270 5269 5268
f 4906 5107 4768
f 5271 5267 5270
f 5276 5262 5263
f 5153 5174 5173
f 5290 5268 5291
f 5306 5303 5304
f 5147 5146 5143
f 4585 4856 4584
f 3226 5436 3225
f 4473 4504 4470
f 5765 8897 8895
f 4529 4247 4530
f 8923 8916 8917
f 5713 5682 5714
f 3315 3898 3322
f 5564 5537 5563
f 4468 4441 5466
f 3738 4163 4165
f 4577 4559 4560
f 5567 3366 3363
f 3587 4150 4151
f 5471 4504 4505
f 5860 5816 5817
f 3516 5558 5932
f 5436 5637 5437
f 5050 5083 5060
f 5547 3338 3339
f 9023 3295 4115
f 5708 4132 5711
f 4104 3814 3815
f 3718 4161 4162
f 5498 5679 5692
f 3884 4432 3883
f 3955 3877 3878
f 4049 4061 3977
f 8892 8875 8890
f 4572 4218 4569
f 4440 4442 4441
f 4497 3407 3408
f 4632 4633 4724
f 8906 8881 8902
f 5664 5670 5663
f 3751 3706 3707
f 3511 3736 3800
f 5129 5116 5117
f 5086 5098 5085
f 5135 5128 5136
f 5143 5145 5144
f 5168 5136 5137
f 5297 5246 5257
f 5164 5160 5162
f 5155 5171 5170
f 5137 5167 5168
f 5293 5307 5305
f 5513 4083 5515
f 4053 3825 4057
f 3228 3298 3227
f 3631 3635 3636
f 5689 5670 5693
f 5759 5883 5882
f 3793 3507 4134
f 4906 4891 4907
f 4719 4901 4720
f 3597 4095 4092
f 3352 4125 3262
f 9064 9058 9067
f 9076 9067 9077
f 9083 8794 9126
f 9131 9096 9089
f 9138 9099 9134
f 9154 9126 9156
f 9077 9052 9049
f 9053 8766 9083
f 9191 9187 9181
f 9082 9046 9193
f 9193 9168 9082
f 1284 1288 1285
f 9150 9132 9131
f 3841 3496 3493
f 3570 3336 4083
f 4027 4312 3258
f 4889 4781 4794
f 4041 4044 4043
f 4885 4813 4829
f 5419 3905 5430
f 4367 4227 4224
f 1778 1780 1779
f 1792 1584 1789
f 4308 3869 4307
f 4594 4762 4551
f 4767 4769 4768
f 5461 3366 3847
f 4763 4716 4720
f 4919 4915 4910
f 4300 4334 4333
f 5196 5198 5197
f 5158 5135 5136
f 5431 5433 5432
f 4545 4571 4544
f 4557 4594 4556
f 695 571 694
f 4156 3626 3694
f 4861 4670 4862
f 5681 5674 5682
f 5473 5580 5583
f 3622 4152 4151
f 5647 3574 3231
f 3674 3808 3649
f 4420 3498 3499
f 5675 5666 5674
f 3253 5439 3280
f 5870 5917 5912
f 8887 8919 8886
f 5862 5913 5915
f 3534 3485 3482
f 3313 4484 3312
f 9090 9046 9047
f 4871 4695 4855
f 3778 3822 3819
f 4889 4874 4875
f 4000 3784 4001
f 4897 4911 4910
f 3856 3838 3839
f 4772 4896 4771
f 4015 4376 4014
f 3433 3476 3435
f 4053 3302 3299
f 3367 3363 4434
f 3242 3831 3241
f 3441 4082 4081
f 4735 4855 4854
f 4756 4737 4689
f 3382 3384 3383
f 3698 3697 3682
f 4676 4678 4677
f 4948 4941 4944
f 4890 4805 4747
f 4757 4745 4737
f 4581 4380 4586
f 5716 5932 5597
f 4923 4926 4932
f 5077 5081 5076
f 5078 5058 5054
f 4009 5400 3952
f 5081 5078 5076
f 3930 4513 4514
f 4014 4028 4029
f 4025 4020 4021
f 3618 4096 3616
f 4581 4576 4580
f 4219 4188 4189
f 5440 3335 3272
f 5449 3323 3322
f 4229 4177 4202
f 4590 4214 4589
f 4227 4184 4226
f 4574 4858 4547
f 4565 5453 4563
f 4592 4588 4589
f 4590 4573 4579
f 3517 5521 3519
f 3845 3522 5423
f 4444 3884 3881
f 3982 5533 5535
f 4465 4497 4495
f 4520 4521 4496
f 4076 5591 5590
f 3635 3666 3634
f 3343 4498 5481
f 4022 3870 3871
f 3661 4098 3660
f 5691 5697 5692
f 3768 5742 5739
f 4514 3956 4518
f 3697 3814 3696
f 4394 5460 4395
f 4054 4057 4058
f 3284 3323 3559
f 4052 4169 4397
f 4447 4510 4446
f 4456 3346 4138
f 4483 3877 4482
f 4482 4512 4492
f 4492 4513 4516
f 5642 5439 5641
f 5448 5442 5440
f 5466 3882 3883
f 3340 4445 3339
f 8908 8910 8911
f 4397 3835 3980
f 5413 3521 5412
f 3234 3932 3233
f 5753 8895 8894
f 8896 5756 5755
f 8921 8889 8888
f 8915 8911 8916
f 3933 3935 3934
f 3620 3657 3623
f 3966 3968 3967
f 4905 4769 4770
f 3225 5437 3254
f 5433 3984 5435
f 5714 5693 5713
f 5435 3985 5436
f 3954 3955 3878
f 4713 4632 4724
f 4879 4632 4705
f 3983 3896 3897
f 9027 3248 3245
f 5871 5912 5904
f 5849 5891 5905
f 4702 4640 4641
f 4213 4579 4389
f 3644 3688 3689
f 9193 9040 9041
f 8920 8935 8919
f 5406 4130 4127
f 4140 5401 4139
f 5659 3904 5660
f 4772 4783 4834
f 4244 4246 4245
f 4061 4037 4038
f 3669 3803 3668
f 3459 3209 3202
f 4072 5484 4071
f 4835 4834 4819
f 5660 5661 5659
f 4262 4264 4263
f 3633 3627 3628
f 3685 3676 3686
f 4517 3235 3304
f 4145 4085 3544
f 5455 5459 3850
f 5638 5640 5641
f 3228 3254 3255
f 4044 3411 3412
f 3614 3612 3613
f 3273 3275 3274
f 4952 4961 4918
f 4959 4960 4963
f 4888 4761 4860
f 4254 4256 4255
f 4199 4201 4200
f 4499 4465 5480
f 5479 4496 4521
f 5952 5954 5955
f 5956 5958 5959
f 5959 5960 5961
f 5962 5964 5965
f 5966 5968 5969
f 5967 5971 5968
f 5963 5961 5960
f 5972 5964 5973
f 5974 5976 5977
f 5978 5980 5981
f 5982 5984 5985
f 5986 5985 5984
f 5988 5990 5991
f 5992 5994 5995
f 5996 5998 5999
f 6000 6002 6003
f 6004 6006 6007
f 6008 6010 6011
f 6012 6014 6015
f 6016 6018 6019
f 6020 6022 6023
f 6024 6026 6027
f 6028 6030 6031
f 6032 6034 6035
f 6036 6038 6039
f 6040 6013 6012
f 6042 6044 6045
f 5992 6047 5993
f 6048 6050 6051
f 6052 6054 6055
f 6056 6058 6059
f 6060 5987 5986
f 6062 6064 6065
f 6066 6068 6069
f 6070 6027 6026
f 6072 6057 6056
f 6075 6077 6074
f 6078 6080 6081
f 6082 6054 6084
f 6085 6081 6086
f 6087 5990 6088
f 6061 6089 5987
f 6089 6091 6092
f 6092 6093 6094
f 6095 5981 6096
f 6062 6084 6063
f 6097 6035 6034
f 6056 6099 6072
f 6100 6102 6103
f 6001 6104 6105
f 6107 6109 6106
f 6110 6112 6113
f 6114 6025 6115
f 6116 6118 6119
f 6120 6122 6123
f 6124 6126 6127
f 6128 6101 6100
f 6039 6131 6036
f 6132 6134 6135
f 6136 6138 6003
f 6139 6141 6142
f 6143 6145 6146
f 6148 6150 6147
f 6152 6154 6151
f 6155 6157 6158
f 6159 6161 6162
f 6163 6165 6166
f 6167 6169 6170
f 6171 6173 6174
f 6175 6104 6177
f 6178 6180 6181
f 6023 6183 6020
f 6184 6186 6187
f 6117 6188 6189
f 6190 6192 6193
f 6194 6026 6114
f 6195 6191 6190
f 6197 6199 6200
f 6201 6203 6204
f 6205 6207 6208
f 6209 6201 6204
f 6197 6211 6212
f 6212 6213 6214
f 5979 6214 6213
f 6203 6217 6204
f 6206 6198 6207
f 6218 5962 6219
f 5965 6219 5962
f 5972 3354 6221
f 6070 6222 6223
f 6224 6226 6227
f 6228 6230 6231
f 6232 6234 6235
f 6196 6236 6237
f 6071 6223 6238
f 6239 6241 6242
f 6243 6245 6246
f 6247 6248 6249
f 6250 6252 6253
f 6254 6256 6257
f 6258 6260 6261
f 6229 6263 6230
f 6264 6242 6241
f 6266 6268 6269
f 6270 6272 6273
f 6274 6276 6277
f 6195 6279 6236
f 6280 6281 6282
f 6283 6285 6286
f 6123 6287 6288
f 6289 6291 6292
f 6293 6243 6295
f 6240 6297 6241
f 6298 6267 6266
f 6300 6302 6303
f 6304 6306 6307
f 6251 6308 6309
f 6247 6311 6312
f 6313 6315 6316
f 6314 6317 6318
f 6319 6320 6321
f 6322 6088 6323
f 6216 6258 6217
f 6325 6327 6328
f 6217 6261 6329
f 6330 6238 6331
f 6071 6048 6027
f 6015 6333 6012
f 6079 6335 6080
f 6336 6240 6239
f 6294 6296 6240
f 6337 6339 6340
f 6341 6343 6344
f 6345 6347 6348
f 6266 6349 6298
f 6350 6352 6353
f 6295 6246 6354
f 6303 6356 6300
f 6357 6359 6360
f 6361 6363 6364
f 6365 6353 6366
f 6367 6369 6370
f 6371 6370 6372
f 6372 6374 6371
f 6375 6373 6376
f 6376 6378 6375
f 6379 6381 6382
f 6383 6385 6386
f 6387 6389 6390
f 6391 6393 6394
f 6395 6397 6398
f 6398 6400 6395
f 6399 6402 6400
f 6403 6401 6404
f 6405 6407 6408
f 6409 6411 6412
f 6367 6413 6414
f 6374 6415 6416
f 6417 6384 6383
f 6419 6348 6347
f 6421 6423 6424
f 6425 6400 6402
f 6426 6395 6400
f 6393 6428 6429
f 6429 6394 6393
f 6390 6431 6432
f 6433 6408 6407
f 6435 6437 6438
f 6439 6411 6438
f 6392 6441 6442
f 6397 6442 6443
f 6401 6444 6445
f 6446 6437 6404
f 6448 6450 6451
f 6452 6454 6455
f 6442 6456 6457
f 6443 6457 6458
f 6444 6460 6461
f 6445 6461 6462
f 6463 6462 6465
f 6446 6462 6464
f 6466 6468 6469
f 6448 6470 6471
f 6453 6472 6473
f 6474 6476 6477
f 6478 6480 6481
f 6482 6484 6485
f 6486 6488 6489
f 6490 6492 6493
f 6493 6494 6495
f 6496 6498 6499
f 6500 6502 6503
f 6504 6506 6507
f 6508 6509 6510
f 6511 6513 6508
f 6499 6515 6496
f 6516 6518 6519
f 6520 6522 6523
f 6524 6525 6526
f 6507 6527 6504
f 6504 6528 6510
f 6528 6508 6510
f 6529 6531 6532
f 6342 6534 6343
f 6535 6346 6536
f 6347 6537 6419
f 6434 6539 6408
f 6539 6405 6408
f 6541 6451 6450
f 6543 6470 6545
f 6546 6481 6547
f 6499 6548 6549
f 6549 6514 6499
f 6551 6553 6554
f 6555 6557 6558
f 6403 6423 6559
f 6426 6413 6416
f 6415 6428 6427
f 6430 6561 6562
f 6434 6420 6419
f 6563 6565 6566
f 6404 6445 6446
f 6459 6399 6398
f 6455 6388 6387
f 6405 6449 6406
f 6540 6450 6405
f 6567 6568 6569
f 6570 6463 6567
f 6475 6490 6465
f 6458 6571 6572
f 6573 6574 6575
f 6576 6578 6579
f 6193 6580 6581
f 6582 6584 6585
f 6583 6586 6587
f 6588 6587 6586
f 6590 6068 6591
f 6592 6594 6319
f 6251 6595 6252
f 6304 6597 6598
f 6272 6599 6273
f 3737 6558 6557
f 6600 6160 6601
f 6123 6603 6120
f 6604 6606 6607
f 6608 6208 6609
f 5972 6220 5965
f 6610 6612 6556
f 6613 6615 6616
f 6242 6618 6239
f 6226 6245 6227
f 6620 6622 6623
f 6624 6146 6625
f 6626 6211 6136
f 6627 6629 6630
f 6631 6633 6634
f 6235 6636 6232
f 6637 6639 6640
f 6641 6286 6642
f 6643 6645 6646
f 6647 6649 6650
f 6244 6294 6336
f 6336 6652 6244
f 6194 6237 6222
f 6196 6114 6191
f 6115 6191 6114
f 6653 6655 6656
f 6657 6189 6658
f 6117 6659 6118
f 6130 6156 6131
f 6133 6151 6134
f 6661 6662 6660
f 6663 6616 6552
f 6664 6273 6665
f 6418 6432 6431
f 6290 6328 6291
f 6666 6556 6612
f 6557 3805 3737
f 5971 6668 5968
f 6181 6670 6178
f 6671 6673 6674
f 6676 6672 6675
f 6675 6149 6676
f 6067 5999 5998
f 6677 6679 6680
f 6681 6683 6684
f 6087 6090 6089
f 5983 6685 6686
f 5982 6687 6685
f 6094 6688 6687
f 6211 6137 6136
f 6689 6691 6692
f 6690 3833 3832
f 6001 6686 6002
f 5978 6215 5979
f 6694 5978 6095
f 5974 6095 6695
f 6183 6696 6697
f 6698 5961 6218
f 5959 6699 5956
f 6697 6700 6701
f 6702 6703 6704
f 5968 6705 5969
f 6706 5955 5954
f 6707 6617 6708
f 6024 6709 6710
f 6402 6559 6425
f 3852 6712 3853
f 3856 6593 3857
f 5977 6694 5974
f 6713 5977 5976
f 6714 6716 6717
f 6718 6308 6250
f 6720 6254 6721
f 6722 6724 6725
f 6312 6726 6727
f 6069 6728 6729
f 6319 6730 6086
f 6731 6644 6732
f 6732 6734 6731
f 6046 6320 6047
f 3880 6666 6735
f 6736 6738 6739
f 6531 6741 6326
f 6300 6614 6613
f 6742 6325 6290
f 6743 3891 3890
f 6744 6301 6745
f 6746 6534 6533
f 6536 6579 6535
f 6535 6563 6537
f 6566 6537 6563
f 6538 6409 6539
f 6412 6539 6409
f 6412 6541 6540
f 6748 6542 6541
f 6749 6545 6542
f 6568 6547 6543
f 6751 6548 6546
f 6753 6550 6549
f 6755 6757 6758
f 6759 6761 6762
f 6763 6765 6762
f 6764 6623 6765
f 6766 6768 6769
f 6770 6772 6773
f 6774 6776 6777
f 6021 6777 6022
f 6723 6779 6724
f 6780 6782 6783
f 6784 6786 6787
f 6788 6790 6791
f 6185 6793 6186
f 6794 6725 6795
f 6729 6098 6097
f 6135 6798 6132
f 6799 6065 6800
f 6037 6802 6038
f 6005 6588 6586
f 6005 6804 6006
f 6052 6010 6805
f 6586 6803 6005
f 6092 5987 6089
f 6094 5985 6092
f 6096 6695 6095
f 6082 6799 6585
f 6657 6041 6659
f 6013 6658 6014
f 6795 6807 6808
f 6809 6811 6812
f 6813 6815 6816
f 6817 6819 6820
f 6821 6823 6824
f 6329 6204 6217
f 6202 6826 6203
f 6072 6827 6828
f 6598 6305 6304
f 6301 6613 6663
f 6830 6271 6270
f 6822 6778 6823
f 6326 6832 6327
f 6203 6833 6216
f 6027 6051 6024
f 6360 6835 6357
f 6836 6838 6839
f 6837 6841 6838
f 6362 6366 6363
f 6380 6384 6381
f 6421 6578 6842
f 6566 6410 6409
f 6394 6388 6391
f 6414 6368 6367
f 6371 6416 6413
f 6561 6378 6382
f 6382 6562 6561
f 6381 6418 6562
f 6389 6430 6431
f 6391 6454 6441
f 6441 6453 6456
f 6456 6473 6574
f 6495 6750 6568
f 6843 6485 6484
f 6844 6843 6846
f 6573 6847 6848
f 6849 6487 6486
f 6513 6752 6469
f 6517 6850 6503
f 6521 6851 6850
f 6844 6852 6853
f 6505 6510 6509
f 6753 6512 6754
f 6516 6521 6517
f 6614 6854 6615
f 6742 4003 3891
f 6708 6855 6856
f 6307 6857 6858
f 6307 6665 6304
f 6414 6425 6559
f 6416 6427 6426
f 6562 6431 6430
f 6419 6538 6434
f 6358 6839 6359
f 6059 6859 6860
f 6861 6863 6864
f 6865 6867 6868
f 6115 6869 6870
f 6871 6873 6874
f 6721 6596 6875
f 6876 6556 6555
f 6877 6552 6551
f 6551 6268 6877
f 6879 6265 6269
f 6239 6651 6336
f 6230 6619 6226
f 6171 6669 6880
f 6106 6882 6881
f 6883 6822 6821
f 6759 6187 6174
f 6725 6785 6807
f 6885 6808 6791
f 6886 6888 6031
f 6701 6756 6755
f 6884 6779 6822
f 6715 6309 6308
f 6889 6890 6891
f 6743 4042 6892
f 6270 6893 6830
f 6386 6895 6383
f 6895 6420 6896
f 6897 6417 6896
f 6897 6407 6898
f 6390 6899 6387
f 6900 6406 6449
f 6455 6901 6452
f 6902 6904 6471
f 6482 6905 6483
f 6501 6907 6502
f 6496 6908 6909
f 6532 6326 6325
f 6532 6743 6529
f 6612 6735 6666
f 6611 6910 6612
f 6626 5979 6213
f 6704 6105 6702
f 6913 6591 6914
f 6915 6795 6885
f 6229 4067 4066
f 6263 6289 6619
f 6745 6663 6877
f 6916 6757 6917
f 6885 6165 6915
f 6920 6783 6919
f 6921 6923 6924
f 6925 6924 6926
f 6927 6929 6930
f 6931 6933 6934
f 6935 6937 6938
f 6939 6941 6942
f 6943 6945 6946
f 6947 6949 6950
f 6944 6951 6952
f 6953 6955 6956
f 6957 6959 6960
f 6961 6929 6963
f 6964 6966 6967
f 6968 6970 6971
f 6969 6955 6970
f 6972 6946 6973
f 6974 6976 6977
f 6978 6980 6981
f 6940 6982 6983
f 6984 6986 6987
f 6988 6990 6991
f 6992 6989 6993
f 6994 6996 6997
f 6998 7000 7001
f 7002 7004 7005
f 7006 7008 7009
f 7010 7012 7013
f 7014 7016 7017
f 7018 6999 6998
f 7020 7022 7023
f 7024 7026 7027
f 7028 7030 7031
f 7032 7034 7035
f 7003 7036 7037
f 7038 7040 7027
f 6993 7030 7041
f 7042 7044 7045
f 7046 7007 7006
f 7011 7048 7049
f 7050 7052 7053
f 7054 7014 7055
f 7015 7056 7057
f 6621 7045 7044
f 7049 6775 6774
f 7051 6021 6020
f 7055 6701 7054
f 7054 6755 7056
f 6764 7047 7046
f 7020 7059 7013
f 7060 7062 7063
f 6958 7065 6959
f 6925 7067 6973
f 7068 6934 6926
f 7069 6991 7070
f 7071 7072 7073
f 7074 7076 7077
f 7078 7080 7081
f 7014 7082 7083
f 7084 7086 7087
f 7025 7031 7026
f 7085 7072 7088
f 7089 7087 7090
f 7055 7083 7091
f 7090 6770 6773
f 7092 7094 7095
f 7091 6697 7055
f 6770 7086 6758
f 7095 6767 6766
f 7096 6980 7097
f 7098 6940 7099
f 7058 7023 7100
f 7101 6930 7102
f 6974 7063 6967
f 7103 6971 7104
f 7105 6981 6977
f 7106 7036 7108
f 7109 7010 7110
f 7111 7018 7034
f 7098 7037 7100
f 7048 7112 6775
f 7113 7041 6997
f 6994 7115 7088
f 6965 6923 6966
f 6975 6945 6976
f 7061 7065 7062
f 6954 6933 6963
f 6763 7109 7047
f 7046 6620 6764
f 6947 7067 6956
f 6758 7056 6755
f 7118 7039 7038
f 7038 7070 7118
f 7106 7121 7122
f 7123 7053 7052
f 7123 7083 7082
f 7045 7006 7042
f 7107 7122 7009
f 7091 7052 7051
f 7091 6020 6183
f 6936 7097 6937
f 7125 6960 7102
f 6774 7050 7049
f 7119 6942 7039
f 7019 7005 6999
f 7011 7124 7012
f 7021 7040 7022
f 7114 7016 7115
f 7053 7049 7050
f 7086 7057 7056
f 6993 7127 6992
f 7075 7113 7076
f 4281 6603 7128
f 6012 7129 6040
f 7130 6584 7131
f 6797 7133 6798
f 6074 7135 6075
f 6789 6173 6790
f 6760 6776 6761
f 7136 6801 6589
f 6914 6674 6913
f 7007 7059 7008
f 7099 7003 7098
f 6984 7104 6938
f 7110 7047 7109
f 6333 6587 7129
f 5956 6667 5971
f 5957 5971 5970
f 7137 6308 6719
f 4292 6718 6250
f 6693 6668 6215
f 6215 6667 6214
f 6214 6699 6212
f 6698 6212 6699
f 6219 6198 6218
f 6207 6220 6208
f 6220 6609 6208
f 6262 4066 4003
f 7138 7140 7141
f 4298 7140 4299
f 7143 7145 7146
f 7147 7144 7149
f 7149 7151 7147
f 7150 7153 7151
f 6329 7154 7152
f 6261 7155 7154
f 7156 7157 7158
f 6598 7159 7160
f 6257 7161 7162
f 6256 4321 7161
f 6693 6706 6705
f 5954 6705 6706
f 5953 5969 5954
f 7163 5983 6912
f 7164 6138 7166
f 7167 7169 7170
f 6141 7172 6142
f 7166 7173 7164
f 6141 7174 7175
f 7176 7178 7179
f 7180 7182 7183
f 7184 7186 7187
f 6631 7183 7188
f 6218 6197 6698
f 6625 7189 6624
f 6814 7190 7191
f 6882 7193 7194
f 7195 6109 6108
f 6888 7198 7199
f 7200 7202 7203
f 7176 6630 7204
f 6029 7187 6030
f 7205 7207 7208
f 7209 7211 7212
f 7203 7213 7214
f 6886 6778 6723
f 6031 7215 6886
f 7216 7218 7219
f 7220 6880 6669
f 6076 7220 7222
f 6074 6672 6671
f 6147 6662 7223
f 7223 6111 6110
f 6810 6113 6112
f 6920 6914 6591
f 6077 6675 6672
f 6660 6076 6661
f 7222 6669 6181
f 7224 6181 6180
f 6660 6150 6675
f 7225 6794 6915
f 6783 7225 6164
f 6781 6068 6067
f 7217 7228 7218
f 6031 7199 6028
f 6887 6723 6722
f 6164 6915 6165
f 6780 6591 6068
f 7134 6671 6914
f 7229 6824 6823
f 7187 7230 7229
f 7226 6722 6794
f 7231 6169 7233
f 7201 7233 7202
f 6107 7235 7200
f 7215 6823 6778
f 6030 7229 7215
f 7236 7219 7179
f 7237 6820 6819
f 7237 7207 7238
f 7239 7241 7242
f 6739 7244 6736
f 7245 7242 7246
f 7233 6168 7247
f 7247 7202 7233
f 7195 7203 7214
f 7248 7250 6703
f 7227 7252 7228
f 7253 5998 7251
f 6067 7198 6781
f 6781 7197 6782
f 5984 6683 5986
f 7254 6678 6684
f 6679 7252 5997
f 6887 7197 6888
f 6782 7226 7225
f 7135 6163 7221
f 7221 6075 7135
f 6661 7222 7224
f 7224 6111 6661
f 6180 6112 7224
f 6179 6810 6180
f 6811 6793 6649
f 6650 6622 6769
f 6766 7044 7095
f 7095 7043 7092
f 7092 7121 7081
f 7078 7255 7033
f 7256 7257 7258
f 6768 7259 6647
f 6773 7094 7090
f 7090 7093 7089
f 7089 7080 7073
f 7071 7032 7260
f 7077 6998 7074
f 6995 7260 6996
f 7077 7261 7035
f 7035 7018 7077
f 7108 7111 7255
f 6978 7262 7001
f 7105 7264 7262
f 7263 6952 7264
f 6990 6951 7265
f 6972 7266 7265
f 7117 6950 7266
f 6948 7267 6949
f 6969 6982 7267
f 7103 6987 6983
f 7005 6986 7268
f 6999 7268 7000
f 7269 7271 7272
f 7274 7275 7273
f 7274 7276 7277
f 7278 7280 7281
f 7282 7284 7285
f 7286 7288 7289
f 7290 7292 7293
f 7294 7296 7293
f 7068 7298 7299
f 7300 7302 7303
f 7304 7305 7306
f 7307 7305 7308
f 7309 7283 7310
f 7311 7313 7314
f 7125 7306 7315
f 7285 7280 7282
f 7277 7303 7302
f 6965 7316 7317
f 7318 7316 7319
f 7320 7271 7314
f 7312 7296 7313
f 7270 7298 7322
f 7311 7322 7317
f 6961 7300 7308
f 7323 7325 7326
f 7327 7328 7329
f 7064 7325 7328
f 7287 7292 7288
f 6931 7299 7301
f 7331 7329 7319
f 7332 7334 7335
f 7336 7338 7339
f 7340 7333 7332
f 7342 7343 7344
f 7345 7347 7344
f 7348 7350 7351
f 7352 7354 7355
f 7356 7358 7359
f 7360 7362 7363
f 7365 7367 7364
f 7368 7370 7371
f 7372 7336 7374
f 7373 7337 7336
f 7367 7376 7377
f 7378 7380 7381
f 7382 7384 7385
f 7386 7385 7384
f 7388 7390 7391
f 7392 7333 7393
f 7394 7396 7397
f 7398 7400 7401
f 7402 7404 7405
f 7406 7408 7409
f 7410 7383 7382
f 7412 7414 7415
f 7385 7417 7382
f 7389 7419 7390
f 7373 7421 7375
f 7420 7372 7422
f 7369 7424 7370
f 7399 7397 7425
f 7393 7341 7342
f 7398 7357 7426
f 7358 7401 7427
f 7428 7430 7431
f 7433 7435 7432
f 7363 7436 7437
f 7383 7439 7384
f 7411 7438 7383
f 7441 7443 7444
f 7445 7339 7447
f 7374 7339 7446
f 7444 7364 7448
f 7448 7450 7449
f 7364 7451 7450
f 7451 7377 7452
f 7449 7454 7453
f 7455 7450 7451
f 7456 7451 7452
f 7410 7458 7459
f 7460 7462 7369
f 7423 7462 7463
f 7464 7466 7467
f 7468 7347 7470
f 7376 7471 7472
f 7425 7396 7473
f 7475 7477 7474
f 7478 7480 7481
f 7482 7407 7406
f 7484 7351 7486
f 7487 7488 7489
f 7490 7492 7493
f 7412 7434 7433
f 7494 7434 7415
f 7496 7391 7497
f 7440 7498 7499
f 7401 7488 7500
f 7485 7345 7501
f 7500 7427 7401
f 7395 7469 7468
f 7503 7505 7506
f 7507 7509 7510
f 7511 7513 7514
f 7511 7515 7516
f 7517 7519 7520
f 7521 7523 7355
f 7352 7525 7526
f 7415 7527 7494
f 7528 7530 7486
f 7404 7502 7500
f 7477 7496 7532
f 7512 7481 7513
f 7405 7500 7488
f 7533 7535 7536
f 7378 7510 7537
f 7532 7379 7538
f 7539 7541 7542
f 7524 7355 7523
f 7351 7501 7348
f 7414 7523 7527
f 7522 7527 7523
f 7544 7412 7545
f 7546 7547 7548
f 7526 7353 7352
f 7550 7355 7354
f 7521 7551 7548
f 7552 7548 7551
f 7546 7553 7554
f 7522 7548 7547
f 7418 7520 7555
f 7416 7554 7417
f 7457 7558 7458
f 7557 7560 7558
f 7535 7561 7562
f 7562 7563 7564
f 7564 7349 7348
f 7351 7565 7486
f 7567 7569 7566
f 7570 7520 7519
f 7419 7555 7571
f 7572 7348 7501
f 7389 7556 7418
f 7573 7493 7480
f 7552 7534 7553
f 7562 7536 7535
f 7572 7576 7574
f 7422 7578 7420
f 7423 7580 7424
f 7579 7463 7581
f 7578 7576 7582
f 7583 7381 7380
f 7586 7581 7585
f 7533 7579 7586
f 7447 7338 7587
f 7588 7531 7589
f 7590 7431 7591
f 7321 7592 7585
f 7275 7463 7273
f 7461 7276 7462
f 7279 7461 7453
f 7453 7593 7279
f 7594 7454 7455
f 7330 7498 7459
f 7459 7294 7330
f 7558 7595 7295
f 7560 7320 7595
f 7275 7585 7581
f 7462 7273 7463
f 7596 7380 7497
f 7597 7406 7409
f 7467 7599 7600
f 7601 7603 7604
f 7605 7444 7443
f 7365 7606 7366
f 7607 7494 7608
f 7513 7473 7396
f 7396 7514 7513
f 7514 7468 7515
f 7470 7515 7468
f 7610 7609 7470
f 7612 7476 7475
f 7613 7529 7614
f 7442 7615 7616
f 7343 7617 7618
f 7574 7577 7536
f 7619 7399 7491
f 7518 7509 7519
f 7491 7425 7492
f 7549 7621 7565
f 7491 7622 7619
f 7377 7440 7452
f 7379 7497 7380
f 7453 7460 7449
f 7411 7459 7498
f 7623 7391 7390
f 7625 7610 7484
f 7487 7483 7626
f 7619 7408 7489
f 7627 7620 7549
f 7538 7378 7537
f 7389 7477 7476
f 7629 7412 7433
f 7489 7407 7487
f 7628 7598 7597
f 7413 7524 7414
f 7592 7559 7630
f 7584 7632 7381
f 7569 7633 7571
f 7570 7566 7569
f 7631 7566 7632
f 7508 7519 7509
f 7614 7480 7613
f 7346 7470 7347
f 7572 7562 7564
f 7571 7634 7419
f 7346 7484 7610
f 7607 7431 7495
f 7585 7630 7586
f 7624 7497 7391
f 7635 7384 7439
f 7636 7502 7588
f 7323 7310 7289
f 7420 7582 7421
f 7637 7455 7456
f 7287 7499 7498
f 7458 7295 7294
f 7439 7472 7635
f 7599 7604 7600
f 7359 7427 7636
f 7436 7639 7437
f 7490 7640 7622
f 7481 7493 7473
f 7641 7505 7525
f 7642 7627 7644
f 7492 7473 7493
f 7517 7625 7530
f 7625 7486 7530
f 7634 7390 7419
f 7474 7532 7516
f 7448 7441 7444
f 7368 7449 7460
f 7615 7368 7371
f 7638 7602 7639
f 7575 7501 7345
f 7571 7570 7569
f 7400 7489 7488
f 7508 7632 7566
f 7503 7540 7539
f 6957 7315 7326
f 7376 7438 7377
f 7507 7381 7632
f 7499 7452 7440
f 7286 7456 7499
f 7504 7644 7505
f 7368 7460 7369
f 7645 7627 7643
f 7647 7633 7646
f 7647 7623 7634
f 7649 7623 7648
f 7650 7624 7649
f 7646 7568 7651
f 7651 7567 7652
f 7653 7567 7631
f 7651 7655 7646
f 7656 7658 7659
f 7660 7657 7661
f 7663 7656 7662
f 7664 7663 7666
f 7667 7663 7662
f 7667 7668 7655
f 7663 7661 7657
f 7670 7672 7669
f 7661 7671 7660
f 7659 7662 7656
f 7648 7668 7659
f 7648 7673 7649
f 7659 7674 7673
f 7658 7675 7674
f 7668 7646 7655
f 7660 7676 7675
f 7675 7678 7674
f 7677 7676 7679
f 7677 7681 7678
f 7682 7678 7681
f 7677 7684 7680
f 7673 7678 7683
f 7683 7649 7673
f 7685 7671 7670
f 7667 7686 7666
f 7666 7687 7664
f 7654 7686 7655
f 7689 7686 7688
f 7664 7691 7690
f 7650 7583 7596
f 7693 7631 7584
f 7584 7692 7693
f 7693 7682 7694
f 7694 7681 7695
f 7694 7653 7693
f 7650 7682 7692
f 7696 7652 7653
f 7654 7652 7697
f 7688 7697 7698
f 7699 7697 7696
f 7700 7698 7699
f 7695 7696 7694
f 7699 7702 7700
f 7689 7698 7701
f 7689 7703 7704
f 7705 7707 7703
f 7701 7705 7703
f 7704 7707 7685
f 7685 7691 7704
f 7687 7704 7691
f 7680 7695 7681
f 7684 7702 7680
f 7702 7705 7700
f 7684 7707 7706
f 7676 7707 7679
f 7665 7672 7661
f 7670 7690 7691
f 7665 7690 7669
f 7611 7474 7609
f 7510 7479 7478
f 7511 7537 7512
f 7516 7538 7511
f 7517 7613 7518
f 7537 7478 7512
f 7611 7612 7475
f 7613 7479 7518
f 7556 7517 7520
f 7516 7609 7474
f 7708 7710 7711
f 7712 7714 7715
f 7713 7717 7714
f 7719 7721 7718
f 7722 7597 7409
f 7724 7715 7725
f 7726 7728 7729
f 7731 7573 7730
f 7730 7614 7732
f 7733 7735 7736
f 7721 7724 7737
f 7731 7409 7640
f 7708 7729 7738
f 7737 7709 7739
f 7716 7736 7740
f 7742 7744 7745
f 7740 7735 7746
f 7717 7740 7747
f 7716 7720 7741
f 7748 7711 7710
f 7750 7710 7725
f 7720 7751 7741
f 7734 7728 7735
f 7709 7725 7710
f 7752 7715 7714
f 7739 7708 7738
f 7720 7712 7721
f 7749 7755 7711
f 7745 7756 7747
f 7746 7742 7745
f 7743 7755 7754
f 7727 7735 7728
f 7747 7757 7717
f 7753 7725 7715
f 7751 7620 7733
f 7757 7714 7717
f 7718 7737 7732
f 7747 7746 7745
f 7727 7755 7742
f 7726 7711 7755
f 7759 7756 7758
f 7759 7752 7757
f 7760 7753 7752
f 7761 7750 7753
f 7758 7744 7763
f 7763 7743 7764
f 7754 7764 7743
f 7763 7767 7758
f 7768 7770 7771
f 7772 7771 7773
f 7775 7772 7774
f 7776 7775 7778
f 7779 7775 7774
f 7775 7769 7768
f 7770 7781 7780
f 7782 7772 7773
f 7760 7782 7773
f 7760 7783 7761
f 7773 7784 7783
f 7770 7784 7771
f 7779 7782 7767
f 7782 7758 7767
f 7785 7780 7786
f 7785 7788 7784
f 7787 7786 7789
f 7787 7791 7788
f 7792 7788 7791
f 7787 7794 7790
f 7793 7784 7788
f 7762 7783 7793
f 7796 7780 7795
f 7795 7781 7797
f 7779 7798 7778
f 7799 7778 7798
f 7766 7798 7767
f 7800 7799 7798
f 7802 7799 7803
f 7795 7802 7803
f 7762 7748 7750
f 7805 7754 7749
f 7749 7804 7805
f 7805 7792 7806
f 7806 7791 7807
f 7806 7765 7805
f 7793 7804 7762
f 7808 7764 7765
f 7766 7764 7809
f 7766 7810 7800
f 7811 7809 7808
f 7812 7810 7811
f 7807 7808 7806
f 7811 7814 7812
f 7813 7800 7810
f 7801 7815 7816
f 7817 7819 7815
f 7813 7817 7815
f 7816 7819 7796
f 7796 7803 7816
f 7799 7816 7803
f 7790 7807 7791
f 7794 7814 7790
f 7814 7817 7812
f 7794 7819 7818
f 7786 7819 7789
f 7777 7781 7769
f 7777 7802 7797
f 7528 7718 7529
f 7729 7723 7722
f 7738 7730 7739
f 7732 7739 7730
f 7733 7628 7734
f 7722 7738 7729
f 7621 7719 7528
f 7628 7723 7734
f 7733 7741 7751
f 7732 7529 7718
f 7486 7621 7528
f 7549 7350 7353
f 7353 7349 7354
f 7354 7563 7550
f 7821 7823 7820
f 7824 7826 7827
f 7825 7829 7826
f 7830 7832 7833
f 7834 7827 7835
f 7836 7838 7839
f 7840 7406 7841
f 7841 7598 7842
f 7843 7845 7846
f 7833 7834 7847
f 7848 7836 7839
f 7847 7821 7849
f 7828 7846 7850
f 7853 7855 7852
f 7850 7845 7856
f 7829 7850 7857
f 7828 7832 7851
f 7858 7823 7822
f 7860 7822 7835
f 7831 7851 7832
f 7844 7838 7845
f 7834 7822 7821
f 7863 7827 7826
f 7849 7820 7848
f 7825 7833 7832
f 7859 7866 7823
f 7855 7867 7857
f 7837 7855 7856
f 7865 7852 7866
f 7837 7845 7838
f 7857 7868 7829
f 7864 7835 7827
f 7843 7642 7504
f 7868 7826 7829
f 7830 7847 7842
f 7857 7856 7855
f 7837 7866 7852
f 7836 7823 7866
f 7870 7867 7869
f 7870 7863 7868
f 7871 7864 7863
f 7872 7860 7864
f 7869 7854 7874
f 7874 7853 7875
f 7876 7853 7865
f 7874 7878 7869
f 7879 7881 7882
f 7883 7882 7884
f 7886 7883 7885
f 7887 7886 7889
f 7890 7886 7885
f 7886 7880 7879
f 7891 7880 7892
f 7884 7885 7883
f 7871 7893 7884
f 7871 7894 7872
f 7884 7895 7894
f 7882 7896 7895
f 7890 7893 7878
f 7893 7869 7878
f 7881 7897 7896
f 7898 7895 7896
f 7900 7896 7897
f 7901 7899 7898
f 7904 7902 7903
f 7898 7905 7901
f 7894 7899 7904
f 7904 7872 7894
f 7907 7891 7906
f 7906 7892 7908
f 7890 7909 7889
f 7910 7889 7909
f 7877 7909 7878
f 7912 7909 7911
f 7887 7914 7913
f 7906 7913 7914
f 7873 7858 7860
f 7916 7865 7859
f 7859 7915 7916
f 7916 7903 7917
f 7917 7902 7918
f 7917 7876 7916
f 7873 7903 7915
f 7919 7875 7876
f 7877 7875 7920
f 7911 7920 7921
f 7922 7920 7919
f 7923 7921 7922
f 7918 7919 7917
f 7922 7925 7923
f 7924 7911 7921
f 7912 7926 7927
f 7928 7930 7926
f 7924 7928 7926
f 7927 7930 7907
f 7907 7914 7927
f 7910 7927 7914
f 7901 7918 7902
f 7905 7925 7901
f 7925 7928 7923
f 7905 7930 7929
f 7897 7930 7900
f 7888 7892 7880
f 7888 7913 7908
f 7645 7831 7830
f 7839 7862 7931
f 7841 7848 7840
f 7842 7849 7841
f 7504 7844 7843
f 7839 7840 7848
f 7643 7861 7831
f 7503 7862 7844
f 7846 7861 7843
f 7842 7645 7830
f 7932 7934 7935
f 7936 7938 7939
f 7937 7941 7938
f 7942 7944 7945
f 7947 7949 7946
f 7950 7939 7951
f 7953 7955 7952
f 7956 7958 7959
f 7956 7540 7960
f 7962 7964 7961
f 7936 7965 7945
f 7946 7958 7957
f 7966 7952 7955
f 7965 7933 7967
f 7968 7969 7964
f 7970 7972 7973
f 7974 7964 7963
f 7941 7968 7975
f 7940 7944 7969
f 7976 7935 7934
f 7978 7934 7951
f 7943 7969 7944
f 7947 7963 7962
f 7933 7951 7934
f 7980 7939 7938
f 7967 7932 7966
f 7937 7945 7944
f 7977 7983 7935
f 7973 7984 7975
f 7953 7973 7974
f 7982 7970 7983
f 7974 7954 7953
f 7975 7985 7941
f 7981 7951 7939
f 7961 7544 7545
f 7985 7938 7941
f 7942 7965 7960
f 7975 7974 7973
f 7952 7970 7953
f 7952 7935 7983
f 7987 7984 7986
f 7987 7980 7985
f 7988 7981 7980
f 7989 7978 7981
f 7986 7972 7991
f 7991 7971 7992
f 7993 7971 7982
f 7986 7994 7995
f 7997 7999 7996
f 8000 7999 8001
f 8003 8000 8002
f 8005 8006 8004
f 8007 8003 8002
f 7996 8005 7997
f 7998 8009 8008
f 8010 8000 8001
f 7988 8010 8001
f 7988 8011 7989
f 8011 7999 8012
f 7998 8012 7999
f 8007 8010 7995
f 8010 7986 7995
f 8013 8008 8014
f 8015 8012 8013
f 8017 8013 8014
f 8018 8016 8015
f 8021 8019 8020
f 8015 8022 8018
f 8011 8016 8021
f 8021 7989 8011
f 8023 8014 8008
f 8023 8009 8025
f 8007 8026 8006
f 8026 8004 8006
f 8028 7995 7994
f 8029 8026 8028
f 8030 8027 8031
f 8023 8030 8031
f 7990 7976 7978
f 8033 7982 7977
f 7976 8033 7977
f 8034 8032 8020
f 8035 8020 8019
f 8034 7993 8033
f 7990 8020 8032
f 8036 7992 7993
f 7991 8037 7994
f 7994 8038 8028
f 8039 8037 8036
f 8040 8038 8039
f 8035 8036 8034
f 8039 8042 8040
f 8041 8028 8038
f 8029 8043 8044
f 8045 8047 8043
f 8041 8045 8043
f 8044 8047 8024
f 8024 8031 8044
f 8027 8044 8031
f 8042 8019 8018
f 8022 8042 8018
f 8042 8045 8040
f 8017 8046 8022
f 8014 8047 8017
f 8005 8009 7997
f 8005 8030 8025
f 7506 7943 7942
f 7954 7946 7955
f 7967 7957 7956
f 7960 7967 7956
f 7948 7962 8048
f 7955 7957 7966
f 7641 7979 7943
f 7969 7961 7964
f 7960 7506 7942
f 7362 8050 7436
f 8052 7464 8051
f 8051 7467 8053
f 8054 7600 7604
f 8056 7618 8052
f 7436 8057 7638
f 8049 7361 8056
f 8057 7603 7638
f 8055 7467 7600
f 8058 7604 7603
f 8059 8058 8057
f 8060 8054 8058
f 8061 8055 8054
f 8062 8053 8055
f 8059 8050 8064
f 8064 8049 8065
f 8056 8065 8049
f 8059 8067 8068
f 8069 8071 8072
f 8073 8072 8074
f 8075 8073 8076
f 8077 8075 8076
f 8075 8070 8069
f 8079 8081 8070
f 8082 8070 8081
f 8083 8073 8074
f 8061 8083 8074
f 8061 8084 8062
f 8074 8085 8084
f 8072 8086 8085
f 8077 8083 8068
f 8083 8059 8068
f 8071 8087 8086
f 8088 8085 8086
f 8090 8086 8087
f 8091 8089 8088
f 8094 8092 8093
f 8088 8095 8091
f 8084 8089 8094
f 8094 8062 8084
f 8097 8082 8096
f 8096 8081 8080
f 8077 8098 8078
f 8099 8078 8098
f 8101 8068 8067
f 8102 8098 8101
f 8100 8104 8103
f 8096 8103 8104
f 8075 8100 8079
f 8079 8103 8080
f 8105 8053 8063
f 8066 8052 8106
f 8051 8106 8052
f 8107 8105 8093
f 8108 8093 8092
f 8107 8066 8106
f 8063 8093 8105
f 8109 8065 8066
f 8064 8110 8067
f 8067 8111 8101
f 8112 8110 8109
f 8113 8111 8112
f 8108 8109 8107
f 8112 8115 8113
f 8114 8101 8111
f 8102 8116 8117
f 8118 8120 8116
f 8114 8118 8116
f 8117 8120 8097
f 8097 8104 8117
f 8099 8117 8104
f 8091 8108 8092
f 8095 8115 8091
f 8115 8118 8113
f 8095 8120 8119
f 8087 8120 8090
f 7550 7561 7551
f 7552 7561 7535
f 7931 7539 7542
f 7640 7408 7622
f 7549 7644 7627
f 7525 7544 7641
f 7931 7482 7840
f 7483 7542 7541
f 7626 7405 7487
f 7629 7432 8121
f 7629 7949 7948
f 8122 7949 8121
f 8123 8121 7432
f 8124 7432 7435
f 7434 8125 7435
f 8125 8124 7435
f 8124 7429 8126
f 8123 8126 8127
f 8122 8127 8128
f 7541 7959 8128
f 7404 8129 7531
f 8125 7431 7430
f 7526 7505 7644
f 7626 7541 8128
f 7959 8122 8128
f 7961 8048 7962
f 7629 8048 7545
f 8127 7626 8128
f 7402 8126 7403
f 8129 8126 7429
f 7428 8129 7429
f 7589 7428 7590
f 7471 7366 7606
f 7334 7426 7357
f 7335 7357 7356
f 7616 7446 7445
f 7392 7398 7426
f 7393 7397 7392
f 7342 7394 7393
f 7344 7469 7342
f 7343 7361 7360
f 7360 7344 7343
f 7363 7345 7360
f 7437 7575 7363
f 7582 7437 7639
f 7421 7639 7602
f 7375 7602 7601
f 7599 7375 7601
f 7465 7618 7617
f 7332 7587 7340
f 7447 7335 7445
f 7445 7356 7616
f 7359 7616 7356
f 7636 7442 7359
f 7588 7443 7636
f 7589 7605 7588
f 7590 7606 7589
f 7471 7591 7472
f 7446 7371 7374
f 7371 7372 7374
f 7422 7370 7424
f 7577 7424 7580
f 7536 7580 7533
f 7591 7635 7472
f 7607 7386 7635
f 7543 7494 7527
f 7547 7543 7522
f 7608 7387 7386
f 7387 7416 7385
f 7457 7382 7417
f 7557 7417 7554
f 7559 7554 7553
f 7630 7553 7534
f 7534 7586 7630
f 7466 7337 7599
f 7465 7338 7466
f 7617 7587 7465
f 7341 7617 7343
f 8130 6090 8131
f 6023 8132 8133
f 6182 8133 6784
f 6623 6792 6185
f 6787 6182 6784
f 8134 6696 6787
f 6917 6756 8135
f 6762 7112 6763
f 6762 6184 6759
f 6765 6185 6184
f 6650 6768 6647
f 6772 6916 7259
f 6777 6789 6788
f 6022 6788 8132
f 6756 8134 8135
f 6758 6771 6770
f 6761 6775 7112
f 6769 6621 6766
f 6772 6767 6773
f 6174 6760 6759
f 6187 6178 6670
f 6811 6648 6812
f 6786 6724 6779
f 6791 6918 6885
f 6186 6179 6178
f 6808 8133 8132
f 6884 8135 8134
f 6174 6670 6171
f 6807 6784 8133
f 6791 8132 6788
f 6786 8134 6787
f 6790 6172 6918
f 6649 6792 6650
f 6316 8136 6717
f 8137 6654 8138
f 8139 6601 6160
f 6656 6580 6870
f 6868 8142 6865
f 6316 6711 6313
f 6864 8144 6861
f 6864 8145 6860
f 6868 6869 6710
f 6656 6866 6653
f 8146 8148 8149
f 8139 8151 6640
f 8152 6866 6865
f 8154 8138 6654
f 6874 8156 8157
f 8158 8159 6805
f 8160 6865 8142
f 8161 6313 6711
f 6161 8162 8163
f 8164 6654 6653
f 8153 6653 6866
f 8165 8167 8168
f 8166 8169 8167
f 5989 8170 8169
f 5988 8171 8170
f 8172 6043 6042
f 8174 6032 6035
f 8174 6098 8176
f 8176 6796 8177
f 8177 8178 8179
f 7132 6728 7133
f 6589 8180 7136
f 8180 6004 8181
f 8181 6007 8182
f 6334 6731 6734
f 6079 6645 6731
f 6078 6646 6645
f 6085 8184 6646
f 6091 8185 6093
f 6086 8183 6085
f 6950 7118 7070
f 6952 6992 7127
f 6983 6968 7103
f 6987 7004 7099
f 7001 6979 6978
f 7001 7074 6998
f 7262 7075 7074
f 7264 7127 7075
f 7265 6943 6972
f 7265 6991 6990
f 7266 7070 6991
f 6949 7119 7118
f 7267 6939 7119
f 6983 7099 6940
f 7268 6985 8186
f 7000 8186 6979
f 6938 6985 6984
f 6946 6922 6921
f 6956 6948 6947
f 6971 6928 6927
f 6970 6954 6928
f 6973 6921 6925
f 6977 7263 7105
f 6981 7061 7060
f 6973 7117 6972
f 7097 6979 8186
f 7104 6927 7101
f 6977 7060 6974
f 6976 6944 7263
f 6956 7066 6953
f 6937 8186 6985
f 6938 7101 6935
f 6924 7116 7297
f 6926 7297 7068
f 6930 6962 7304
f 6934 6953 7066
f 6960 6936 6935
f 6963 6928 6954
f 6967 6975 6974
f 7063 7327 7331
f 6959 7096 6936
f 6926 7066 6925
f 7102 7304 7125
f 6967 7331 6964
f 6966 6922 6975
f 7062 7064 7327
f 6963 6932 6961
f 7102 6935 7101
f 7299 7269 8187
f 7301 6932 6931
f 7306 7285 7284
f 7308 6962 6961
f 7315 7284 7309
f 7317 7312 7311
f 7319 6964 7331
f 7322 7297 7116
f 7317 7116 6965
f 7308 7303 7307
f 7326 6958 6957
f 7329 7291 7290
f 7328 7324 7291
f 7301 8187 7302
f 7319 7290 7318
f 7326 7309 7323
f 7272 7321 7275
f 7272 8187 7269
f 7274 7302 8187
f 7281 7307 7303
f 7283 7593 7594
f 7289 7324 7323
f 7293 7330 7294
f 7293 7318 7290
f 7310 7594 7637
f 7314 7595 7320
f 7282 7279 7593
f 7278 7277 7276
f 7314 7270 7311
f 7313 7295 7595
f 7288 7291 7324
f 7289 7637 7286
f 6003 6626 6136
f 6003 7165 6000
f 6690 8189 6691
f 6686 5981 5980
f 6685 6096 5981
f 6687 6806 6096
f 6002 5980 6626
f 6606 5351 5350
f 7164 8190 8191
f 8192 7174 8193
f 6015 8153 8152
f 6189 8155 8154
f 8157 6284 6283
f 6332 8152 8160
f 6593 6317 8161
f 6658 8154 8164
f 6014 8164 8153
f 6332 7131 6333
f 6805 6321 6052
f 6146 8162 6625
f 6607 8195 6604
f 8196 6125 8197
f 8198 7168 8199
f 8199 6633 8200
f 7177 8201 7178
f 8202 8204 8205
f 7208 7185 7205
f 7237 7186 7208
f 6819 7230 7237
f 6818 6824 6819
f 8206 6821 6818
f 8207 8135 8208
f 6917 8209 6916
f 8209 7259 6916
f 8210 6647 7259
f 6812 8212 7258
f 6809 7258 7257
f 6809 8213 6113
f 6113 8214 6110
f 7235 6110 8214
f 7223 7234 6147
f 6147 8215 6148
f 6148 8216 6153
f 8218 6158 8217
f 8219 6116 6119
f 6284 6116 6285
f 6188 8156 8155
f 8155 6873 8138
f 8138 6872 8137
f 8137 8148 6581
f 6193 6281 6190
f 6190 6278 6195
f 8220 8222 8223
f 8224 7139 7138
f 6223 8226 8227
f 6237 8228 8229
f 6238 8227 8230
f 6249 8231 8232
f 6253 8233 8234
f 6236 8221 8228
f 6331 8230 8235
f 6252 8236 8233
f 6222 8229 8226
f 6828 8237 8238
f 6280 8240 8241
f 8208 6883 8206
f 6648 8211 8212
f 6143 8242 8243
f 6624 8244 8242
f 8245 8247 8248
f 8249 8251 8252
f 7195 8254 7196
f 7214 8253 7195
f 8256 7214 7213
f 7243 8257 7244
f 7210 8257 7211
f 8259 6102 8260
f 8261 6121 8262
f 8178 8263 8179
f 7132 8264 8263
f 6797 8265 8264
f 6135 8266 8265
f 6134 8267 8266
f 6151 8268 8267
f 6154 8270 8268
f 8269 8272 8270
f 7194 8273 8274
f 7193 8275 8273
f 8249 8260 8276
f 8248 8278 8245
f 6129 8279 8280
f 7169 8197 6125
f 8198 8192 8197
f 7171 7175 7173
f 6589 7129 6587
f 6801 6040 7129
f 6037 6041 6040
f 6036 6659 6041
f 6131 6118 6659
f 6156 6119 6118
f 8218 6119 6155
f 8219 6815 6642
f 7191 6641 6814
f 8246 7189 7191
f 8245 8281 8282
f 8280 6288 6287
f 6125 7170 7169
f 6288 6602 6123
f 6126 6604 8195
f 8196 6605 6604
f 7174 6691 8189
f 6691 6139 6692
f 7171 8283 7172
f 7172 8284 6142
f 6139 8284 6692
f 8285 8287 8288
f 8211 8289 8286
f 8290 8292 8289
f 8293 8291 8290
f 8293 8208 8295
f 8296 8298 8295
f 6818 8296 8206
f 8285 7258 8212
f 7243 7212 7211
f 7243 8300 8299
f 8301 6739 6738
f 8302 7213 7247
f 8303 7247 6168
f 8304 6168 6167
f 6738 8297 8301
f 8288 6167 6170
f 8304 8291 8305
f 8305 8294 6737
f 6737 8306 8305
f 6736 8307 8306
f 8243 8308 8309
f 8242 8282 8308
f 8247 7191 7190
f 7196 8251 7192
f 8253 8311 8254
f 8255 8310 8253
f 8313 8255 8256
f 7244 8313 8307
f 8313 8258 8312
f 8312 8314 8310
f 8315 8310 8314
f 8311 8316 8252
f 8282 8317 8308
f 8308 8261 8309
f 8309 8262 8318
f 8248 8275 8276
f 8282 8246 8245
f 8307 8256 8302
f 8306 8302 8303
f 8305 8303 8304
f 8298 6737 8294
f 8287 8304 6167
f 7253 7199 7198
f 8319 6028 7199
f 8320 6029 6028
f 8321 7184 6029
f 8322 7185 7184
f 8203 7205 7185
f 8202 7206 7205
f 7239 7210 7209
f 7251 8319 7253
f 7227 8320 8319
f 7217 8321 8320
f 7216 8322 8321
f 7236 8203 8322
f 6175 8200 7204
f 7165 8191 6177
f 6137 7166 6138
f 6200 8283 6137
f 6199 8284 8283
f 8284 6205 6692
f 6205 6689 6692
f 6689 5485 3833
f 7009 8323 7107
f 7013 7021 7020
f 7017 7029 7028
f 7013 7110 7010
f 7073 7084 7089
f 7081 7093 7092
f 7082 7028 7025
f 7088 6995 6994
f 7088 7057 7085
f 7122 7043 7042
f 7124 7024 7126
f 7082 7024 7123
f 7009 7042 7006
f 7012 7126 7021
f 7115 7015 7057
f 7008 7058 8323
f 7081 7120 7078
f 7073 7079 7071
f 6997 7076 7113
f 7023 6942 6941
f 7027 7069 7038
f 7031 6989 6988
f 7079 7033 7032
f 7037 7107 8323
f 7027 7126 7024
f 7041 7029 7114
f 7026 6988 7069
f 7100 6941 7098
f 7108 7002 7019
f 7100 8323 7058
f 6997 7114 6994
f 7022 7039 6942
f 7111 7033 7255
f 7035 7260 7032
f 7261 6996 7260
f 7108 7120 7106
f 7245 8258 7210
f 7246 8314 7245
f 7181 8316 7182
f 8277 6129 8278
f 8278 8280 8281
f 6287 8281 8280
f 6122 8317 6287
f 5487 6144 5488
f 5489 6162 5490
f 6637 8325 8326
f 8326 8225 8224
f 5494 8225 5495
f 6160 8150 8139
f 5496 8151 5497
f 8163 6162 6161
f 6146 8327 8163
f 8243 6144 6143
f 8328 8309 8318
f 8318 5501 5500
f 8262 5502 5501
f 8329 8331 8332
f 8333 8335 8336
f 8338 6007 8337
f 8329 8339 8340
f 8341 6734 8330
f 6006 8337 6007
f 8342 6804 6800
f 6065 8339 8343
f 5995 8341 8340
f 6918 6166 6165
f 7221 6166 6880
f 6172 6880 6166
f 8344 5955 6713
f 5519 5975 5520
f 6806 8346 6695
f 6646 8347 6643
f 8165 8349 6323
f 6322 8131 6090
f 8345 6688 8351
f 6695 5975 5974
f 5976 5528 6713
f 5529 8131 5530
f 6643 8352 8168
f 8183 5532 8184
f 5534 8130 5529
f 6730 5533 8183
f 8351 6093 8185
f 5535 6594 3856
f 8353 6652 6651
f 8354 8355 8356
f 8357 6825 6202
f 8359 6202 6201
f 6224 8356 8360
f 6275 8362 6276
f 6201 7143 8359
f 7146 8359 7143
f 8357 8363 8364
f 8355 8366 8367
f 8361 8368 8362
f 8356 8367 8369
f 8370 8372 7142
f 8220 7145 8374
f 6275 6228 6231
f 5558 6228 6274
f 8375 8367 8366
f 8362 8376 8377
f 8378 8380 8381
f 8363 8382 8383
f 8384 8381 8385
f 8382 8386 8385
f 8383 8364 8363
f 6226 6231 6230
f 6231 8361 6275
f 6636 8389 8379
f 6635 8388 6636
f 8390 5576 5575
f 8379 6232 6636
f 8378 6233 6232
f 8384 8371 6233
f 8372 8393 7141
f 7138 8239 8224
f 8224 8394 8326
f 8146 8394 6282
f 6638 8326 8394
f 6340 6299 6298
f 6747 6577 6576
f 6344 6346 6345
f 6342 6355 6303
f 6353 6349 6297
f 6337 6369 8395
f 6360 6328 6327
f 6358 6386 6385
f 6364 6293 6295
f 6362 6376 6373
f 6366 6297 6296
f 6350 6372 6370
f 6533 6303 6302
f 6534 6346 6343
f 6744 6533 6302
f 6536 6747 6576
f 6357 6894 6386
f 6341 6832 6355
f 6839 6292 6291
f 6837 6380 6379
f 6838 6354 6292
f 6361 6377 6376
f 6363 6296 6293
f 6365 6373 6372
f 6359 6291 6328
f 6836 6385 6380
f 6481 6902 6544
f 6484 6501 6500
f 6477 6487 6474
f 6849 6492 6491
f 6494 6467 6466
f 6547 6544 6543
f 6750 6546 6547
f 6494 6751 6750
f 6843 6500 6846
f 6845 6575 6843
f 6489 6847 6853
f 6474 6491 6490
f 6483 6906 6501
f 6493 6465 6490
f 6471 6544 6902
f 6472 6485 6473
f 6476 6461 6460
f 6470 6542 6545
f 6570 6569 6749
f 6495 6463 6493
f 6475 6462 6461
f 6572 6477 6476
f 6574 6457 6456
f 6569 6543 6545
f 6575 6473 6485
f 6471 6901 6448
f 6469 6508 6513
f 6498 6479 6478
f 6503 6518 6517
f 6489 6505 6486
f 6467 6509 6468
f 6546 6498 6478
f 6549 6752 6753
f 6752 6466 6469
f 6503 6846 6500
f 6850 6844 6846
f 6507 6852 6525
f 6486 6509 6849
f 6502 6909 6518
f 6858 6664 6307
f 8396 6611 6610
f 6833 6324 6216
f 8399 6825 8400
f 6831 8401 8402
f 6707 6826 8399
f 8398 6890 6324
f 6858 8404 6554
f 8405 6610 6876
f 6830 6553 8401
f 8397 6911 6611
f 8400 8358 8365
f 8358 8364 8406
f 8406 8387 8407
f 8389 8380 8379
f 8389 8409 8377
f 8388 8410 8409
f 5575 8410 8390
f 6665 8411 6875
f 8412 6720 6721
f 8413 5601 6720
f 8411 8413 8412
f 6262 6290 6263
f 5602 8414 5604
f 6599 3735 5605
f 7141 7142 8372
f 8393 8241 8240
f 8227 7147 7151
f 8229 8374 7148
f 8230 7151 7153
f 8232 8415 8416
f 8234 8417 8418
f 8221 8374 8228
f 8235 7153 8419
f 8233 8420 8417
f 8226 7148 7147
f 8238 8421 8422
f 7141 8240 7138
f 6581 6655 8137
f 6640 8140 8139
f 6710 8141 6868
f 6717 6712 6316
f 6860 8143 6864
f 6870 6867 6656
f 6717 6726 6714
f 6870 6192 6115
f 6860 6050 6059
f 6710 6025 6024
f 6639 6871 8140
f 6640 8324 6637
f 6581 8147 6193
f 5615 6234 8370
f 7144 8374 7145
f 7144 6210 7149
f 7150 6210 6209
f 7152 6209 6329
f 7152 8419 7153
f 7154 8421 8419
f 7158 8415 8422
f 7160 8420 8416
f 7162 8418 8417
f 7161 5616 8418
f 8370 6233 8371
f 8373 7146 7145
f 8392 8386 8223
f 8391 8372 8371
f 5617 6713 5528
f 5973 3355 5972
f 8345 5619 8346
f 3880 6910 5621
f 8351 5620 8345
f 8346 5520 5975
f 5621 6911 5623
f 5622 8185 5534
f 8150 5497 8151
f 8423 8425 8426
f 8427 6519 8428
f 8429 8431 8432
f 6523 8433 6526
f 8434 8436 8437
f 8438 8434 8439
f 8438 6511 6528
f 8441 8424 8423
f 8427 8430 8429
f 8444 8445 8446
f 8447 8424 8448
f 8449 8444 8450
f 8451 8430 8452
f 8453 8454 8455
f 8456 8437 8453
f 8439 8456 8457
f 8448 8442 8458
f 8452 8443 8449
f 8425 8459 8446
f 8460 8462 8463
f 8464 8466 8467
f 8468 8470 8471
f 8472 8474 8475
f 8476 8478 8479
f 8480 8482 8483
f 8484 8486 8487
f 8485 8489 8486
f 8490 8481 8480
f 8492 8494 8495
f 8495 8496 8497
f 8498 8500 8501
f 8502 8500 8503
f 8504 8506 8507
f 8508 8510 8511
f 8513 8511 8512
f 8507 8514 8515
f 8516 8518 8519
f 8520 8516 8521
f 8522 8524 8525
f 8526 8522 8525
f 8528 8530 8531
f 8532 8529 8533
f 8534 8536 8537
f 8538 8534 8537
f 8464 8481 8465
f 8483 8541 8480
f 8542 8484 8467
f 8487 8540 8483
f 8488 8542 8544
f 8545 8486 8489
f 8481 8466 8465
f 8547 8489 8490
f 8548 8493 8471
f 8549 8502 8492
f 8551 8494 8548
f 8497 8552 8495
f 8469 8499 8470
f 8547 8497 8498
f 8469 8503 8500
f 8501 8550 8545
f 8460 8507 8461
f 8552 8506 8505
f 8554 8510 8463
f 8549 8505 8509
f 8554 8512 8511
f 8513 8550 8508
f 8461 8515 8462
f 8557 8513 8514
f 8558 8519 8479
f 8559 8527 8518
f 8521 8558 8561
f 8553 8517 8520
f 8477 8524 8478
f 8520 8557 8553
f 8476 8525 8477
f 8527 8556 8522
f 8563 8528 8475
f 8564 8531 8565
f 8533 8563 8566
f 8562 8530 8532
f 8473 8536 8474
f 8559 8532 8535
f 8472 8537 8473
f 8560 8539 8564
f 8463 8555 8554
f 8544 8467 8466
f 8470 8548 8471
f 8475 8566 8563
f 8479 8561 8558
f 8484 8483 8482
f 8490 8488 8491
f 8503 8492 8502
f 8498 8496 8499
f 8504 8509 8505
f 8515 8513 8512
f 8519 8527 8526
f 8521 8523 8520
f 8528 8539 8538
f 8533 8535 8532
f 8467 8482 8464
f 8487 8546 8543
f 8544 8491 8488
f 8480 8547 8490
f 8493 8468 8471
f 8495 8549 8492
f 8551 8499 8496
f 8501 8547 8498
f 8460 8510 8504
f 8508 8549 8509
f 8555 8515 8512
f 8506 8557 8514
f 8519 8476 8479
f 8517 8559 8518
f 8561 8524 8521
f 8522 8557 8523
f 8475 8538 8472
f 8567 8531 8530
f 8566 8536 8533
f 8560 8535 8534
f 8442 8568 8569
f 6512 8568 6754
f 8570 8571 8572
f 8426 6514 8423
f 8428 8443 8427
f 6522 8432 6523
f 8437 8433 8454
f 6524 8435 6527
f 6528 8435 8438
f 8423 6550 8441
f 8429 6516 8427
f 6515 8445 6908
f 8441 6754 8568
f 8570 8569 8568
f 8440 6512 6511
f 8569 8458 8442
f 8574 8572 8571
f 8572 8573 8569
f 8453 8577 8456
f 8576 8455 8578
f 8452 8580 8451
f 8573 8582 8458
f 8575 8581 8573
f 8584 8575 8574
f 8571 8457 8574
f 8439 8440 8438
f 8585 8587 8588
f 8587 8590 8588
f 8589 8592 8590
f 8591 8594 8592
f 8593 8596 8594
f 8595 8598 8596
f 8599 8586 8585
f 8601 8600 8599
f 8603 8602 8601
f 8605 8598 8597
f 8607 8604 8603
f 8609 8608 8607
f 8611 8610 8609
f 8606 8612 8611
f 8613 8589 8587
f 8614 8591 8589
f 8615 8593 8591
f 8616 8595 8593
f 8617 8597 8595
f 8619 8617 8616
f 8620 8618 8617
f 8620 8623 8621
f 8624 8626 8627
f 8626 8622 8627
f 8620 8628 8622
f 8622 8629 8627
f 8627 8630 8624
f 8632 8634 8631
f 8636 8633 8635
f 8637 8636 8635
f 8639 8632 8640
f 8633 8641 8635
f 8635 8642 8637
f 8642 8644 8637
f 8645 8637 8644
f 8586 8613 8587
f 8600 8646 8586
f 8616 8648 8619
f 8615 8649 8648
f 8613 8649 8614
f 8651 8613 8646
f 8647 8651 8646
f 8652 8654 8651
f 8602 8647 8600
f 8655 8652 8647
f 8656 8653 8652
f 8653 8659 8654
f 8658 8661 8659
f 8644 8663 8645
f 8664 8662 8665
f 8661 8666 8659
f 8666 8654 8659
f 8667 8651 8654
f 8668 8597 8618
f 8669 8618 8621
f 8670 8621 8623
f 8671 8623 8626
f 8671 8625 8672
f 8625 8673 8672
f 8636 8675 8634
f 8638 8674 8636
f 8645 8676 8638
f 8645 8678 8677
f 8679 8660 8658
f 8657 8658 8653
f 8583 8648 8649
f 8650 8583 8649
f 8667 8581 8650
f 8666 8582 8667
f 8664 8681 8666
f 8682 8665 8683
f 8684 8643 8642
f 8684 8641 8579
f 8639 8579 8641
f 8580 8640 8578
f 8629 8576 8630
f 8604 8655 8602
f 8608 8686 8604
f 8610 8687 8608
f 8612 8688 8610
f 8605 8689 8612
f 8690 8668 8669
f 8691 8689 8690
f 8692 8688 8691
f 8693 8687 8692
f 8656 8686 8693
f 8694 8669 8670
f 8695 8690 8694
f 8696 8691 8695
f 8697 8692 8696
f 8657 8693 8697
f 8697 8679 8657
f 8696 8698 8697
f 8696 8700 8699
f 8694 8700 8695
f 8670 8701 8694
f 8702 8671 8672
f 8701 8703 8700
f 8703 8699 8700
f 8699 8705 8698
f 8698 8680 8679
f 8672 8706 8702
f 8675 8707 8708
f 8674 8709 8707
f 8709 8677 8710
f 8677 8711 8710
f 8712 8710 8711
f 8702 8714 8703
f 8713 8714 8715
f 8707 8716 8717
f 8717 8713 8715
f 8710 8716 8709
f 8708 8717 8715
f 8546 8599 8543
f 8546 8603 8601
f 8550 8603 8545
f 8556 8607 8550
f 8560 8609 8556
f 8564 8611 8560
f 8565 8606 8564
f 8565 8596 8598
f 8567 8594 8596
f 8562 8592 8594
f 8553 8590 8592
f 8590 8541 8588
f 8540 8588 8541
f 8543 8585 8540
f 8684 8450 8685
f 8579 8449 8684
f 8682 8448 8681
f 8447 8683 8459
f 8681 8458 8582
f 8628 8619 8718
f 8584 8619 8648
f 8628 8577 8629
f 8457 8577 8718
f 8574 8718 8584
f 7134 6919 7135
f 6164 6919 6783
f 5485 6609 5921
f 3832 8188 6690
f 5921 6221 3354
f 5922 7128 6607
f 6439 8720 6440
f 8720 6570 6749
f 6570 8721 6464
f 6439 8721 8719
f 6727 6057 6312
f 6312 6073 6247
f 6828 6073 6072
f 6877 6267 6745
f 6745 6299 6744
f 6891 6305 6889
f 6338 6746 6339
f 6438 6410 6435
f 6412 6440 6748
f 6564 6424 6565
f 6842 6577 8395
f 6889 6829 7156
f 6579 6564 6563
f 6435 6565 6424
f 8722 6306 6891
f 8723 6058 6727
f 6269 6878 6879
f 7160 6829 6598
f 8724 8143 8725
f 8238 6248 6828
f 6339 6744 6299
f 8395 6338 6337
f 6879 8404 8726
f 8422 8231 8238
f 8725 6859 8723
f 8416 7157 7160
f 6059 6049 6056
f 6330 6049 6048
f 7156 6259 6889
f 6269 6264 6266
f 6297 6264 6241
f 6340 6351 6337
f 6368 8395 6369
f 6422 6559 6423
f 6436 6404 6437
f 6447 6438 6437
f 6424 6436 6435
f 6331 6099 6330
f 6422 6842 6368
f 8722 6856 8726
f 8141 6862 8142
f 6265 6617 6242
f 6324 6259 6258
f 7158 6260 7156
f 6709 6863 8141
f 8235 6827 6331
f 6298 6352 6340
f 6370 6351 6350
f 6891 8403 8722
f 8419 8237 8235
f 6051 8145 6709
f 8422 7155 7158
f 8721 6446 6464
f 6748 8720 6749
f 8727 6011 8194
f 8158 8144 8724
f 6009 6861 8144
f 6008 6862 6861
f 8142 8727 8160
f 6554 6893 6858
f 6833 6708 8398
f 6708 8403 8398
f 5623 6892 4042
f 8406 8365 8358
f 8407 8366 8406
f 8377 8408 8389
f 8397 6530 6529
f 6651 8400 8353
f 8402 6616 6615
f 6618 8399 6651
f 6554 6878 6551
f 8396 6854 6530
f 8401 6552 6616
f 6892 6529 6743
f 8353 8365 8355
f 8377 6276 8362
f 8409 6277 6276
f 8410 5932 6277
f 8726 6857 8722
f 8726 6855 6879
f 7234 6106 8215
f 8279 6127 6288
f 8354 6227 6652
f 6246 6619 6289
f 8239 6282 8394
f 8162 6286 6625
f 6292 6246 6289
f 6382 6377 6379
f 6392 6396 6393
f 6396 6427 6428
f 6398 6443 6459
f 6459 6458 6460
f 6525 6523 6526
f 6558 6271 6555
f 6429 6560 6561
f 6460 6572 6476
f 6272 3736 3735
f 7128 6602 8195
f 6227 6244 6652
f 7180 6634 6103
f 6642 6285 8219
f 6356 6740 6614
f 6816 8218 8217
f 6820 8301 6817
f 6355 6741 6356
f 6344 6834 6341
f 6364 6840 6361
f 6375 6560 6415
f 6848 6488 6477
f 6853 6506 6489
f 6530 6740 6531
f 8140 6874 6601
f 6555 6831 6876
f 8215 6881 8216
f 6348 6894 6345
f 6383 6896 6417
f 6433 6896 6420
f 6432 6898 6390
f 6406 6898 6407
f 6900 6387 6899
f 6900 6448 6901
f 6472 6903 6482
f 6480 6903 6902
f 6497 6906 6479
f 6908 6518 6909
f 4280 6120 6603
f 6100 7170 6128
f 6632 7188 8201
f 7235 7201 7200
f 7206 7212 7207
f 8213 7232 7231
f 8214 7231 7201
f 6108 7200 7203
f 7238 8300 6820
f 7207 8299 7238
f 8205 7240 8202
f 6170 7232 7256
f 6638 8149 6639
f 6601 8157 6600
f 6600 6283 8162
f 8392 8222 8393
f 6278 8241 6279
f 6816 8274 6813
f 6642 6814 6641
f 6128 6124 8279
f 8195 6127 6126
f 8212 8286 8285
f 8292 8286 8289
f 8290 8210 8209
f 8207 8290 8209
f 8294 8295 8298
f 8206 8295 8208
f 6817 8297 8296
f 8288 7256 8285
f 7209 7240 7239
f 6225 8360 8361
f 8369 8360 8356
f 8375 8368 8369
f 8381 8387 8383
f 8385 8383 8382
f 8385 8391 8384
f 8147 6282 6281
f 6345 6835 6344
f 6327 6834 6360
f 6295 6841 6364
f 6379 6840 6837
f 6853 6845 6844
f 6479 6905 6480
f 6848 6571 6573
f 6452 6904 6472
f 6525 6851 6520
f 6496 6907 6497
f 8402 6876 6831
f 8408 8387 8380
f 6279 8222 8221
f 6872 8149 8148
f 8223 8373 8220
f 6526 8436 6524
f 8446 8426 8425
f 8455 8431 8451
f 8446 8450 8444
f 8454 8432 8431
f 6908 8428 6519
f 8578 8451 8580
f 8632 8625 8624
f 8640 8624 8630
f 8660 8662 8661
f 8662 8643 8665
f 8675 8631 8634
f 8680 8663 8660
f 8683 8643 8685
f 8578 8630 8576
f 8673 8708 8706
f 8678 8705 8711
f 8711 8704 8712
f 8706 8715 8714
f 8703 8712 8704
f 8459 8685 8450
f 8407 8376 8375
f 6615 8405 8402
f 5993 6335 5994
f 6060 6018 5991
f 5993 6081 6080
f 6105 6176 6702
f 6177 6000 7165
f 6309 6310 6251
f 8725 6314 8724
f 8724 6318 8158
f 6321 6053 6052
f 6249 6310 6247
f 6596 6257 6597
f 8188 6605 8189
f 5986 6682 6060
f 6714 6311 6309
f 6047 6086 6081
f 6875 6304 6665
f 6001 6912 5983
f 7162 6597 6257
f 7254 6912 6704
f 6684 7163 7254
f 8723 6315 8725
f 6592 6318 6317
f 8332 8171 8728
f 6607 5350 5922
f 8191 8198 8199
f 8197 8193 8196
f 8159 6319 6321
f 8232 6595 6249
f 8192 7173 7175
f 8189 8193 7174
f 6177 8199 6175
f 6733 8330 6734
f 8340 8330 8329
f 8341 6335 6334
f 8412 6875 8411
f 8414 6273 6599
f 8416 8236 8232
f 6727 8136 8723
f 8417 7159 7162
f 6277 5558 6274
f 5935 6635 6235
f 5991 6061 6060
f 6019 6682 6681
f 5999 6033 5996
f 6045 6677 6680
f 6055 6083 7130
f 5995 6063 5992
f 6084 6053 6046
f 6088 5989 8166
f 6063 6046 5992
f 6066 6034 5999
f 6103 7181 7180
f 6673 6133 6132
f 6149 6153 6152
f 6323 8166 8165
f 6585 6083 6082
f 6630 6702 6176
f 6634 7168 7167
f 6676 6152 6133
f 6703 6628 7248
f 6796 6728 8178
f 6069 6097 6066
f 6132 6674 6673
f 6803 6800 6804
f 6011 6055 7130
f 6799 6582 6585
f 7194 6881 6882
f 7131 6583 6333
f 6798 6913 6674
f 7179 8204 7236
f 7183 7246 7242
f 7188 7242 7241
f 6109 7192 6882
f 7204 6176 6175
f 7219 6628 6627
f 7218 7248 6628
f 7179 6627 7176
f 7250 6704 6703
f 7228 7249 7248
f 6678 7249 6679
f 5997 7251 5998
f 8168 6644 6643
f 8167 6732 6644
f 8169 6733 6732
f 8170 8331 6733
f 8336 8173 8172
f 8182 8175 8174
f 8182 8176 8181
f 8181 8177 8180
f 8180 8179 7136
f 7133 6590 6913
f 7130 8194 6011
f 8200 6632 7177
f 7178 8205 8204
f 8269 6153 8216
f 8254 8252 8251
f 8260 6101 8277
f 8179 6802 7136
f 8263 6038 6802
f 8264 6039 6038
f 8265 6130 6039
f 8266 6157 6130
f 8267 6158 6157
f 8268 8217 6158
f 8270 6816 8217
f 6813 8273 7190
f 8273 8247 7190
f 8276 8277 8248
f 7192 8250 7193
f 8252 8259 8249
f 8276 8250 8249
f 7204 7177 7176
f 7182 8315 7246
f 8343 8334 8333
f 8333 8342 8343
f 8343 6800 6065
f 8340 6064 5995
f 6323 8350 6322
f 8168 8348 8165
f 8349 5936 8350
f 8352 5938 8348
f 6103 7167 6100
f 8271 8216 6881
f 8201 7241 8205
f 8274 8271 7194
f 5991 6017 5988
f 8728 6017 6016
f 5997 6680 6679
f 5996 6045 6680
f 6033 6042 6045
f 6042 8175 8172
f 8172 8338 8336
f 8336 8337 8333
f 6684 6677 6681
f 6681 6044 6019
f 6019 6043 6016
f 6016 8173 8728
f 8728 8335 8332
f 8332 8334 8329
f 8194 8160 8727
f 6805 6009 8158
f 5940 7137 6719
f 8324 5942 8325
f 8325 5495 8225
f 6253 4292 6250
f 7137 5944 6715
f 8348 5937 8349
f 8350 5530 8131
f 5624 6159 5489
f 6718 5940 6719
f 8327 5490 6162
f 8347 5939 8352
f 5933 6121 6120
f 8184 5946 8347
f 7142 5615 8370
f 6145 5945 8327
f 8234 5943 6253
f 8328 5488 6144
f 8318 5948 8328
f 7139 4299 7140
f 8418 5947 8234
f 5604 6599 5605
f 5949 6712 6716
f 5944 6716 6715
f 6720 5950 6255
f 6255 4322 6256
f 5614 6235 6234
f 6711 5951 8161
f 8161 3857 6593
f 5973 2965 3013
f 2965 5963 222
f 222 5960 223
f 223 5958 3186
f 5958 3185 3186
f 5957 2977 3185
f 5970 1213 2977
f 5967 1214 1213
f 2532 5966 5953
f 2894 5953 5952
f 2871 5952 8344
f 5510 5721 5509
f 5822 5824 5823
f 3511 3844 3735
f 3887 3889 3888
f 3876 3878 3877
f 3356 3911 3909
f 3372 3390 3391
f 3849 3851 3850
f 3481 3867 3866
f 3873 3385 3382
f 3875 3450 3452
f 3915 3865 3862
f 3657 3671 3656
f 5618 3013 2152
f 1997 1889 1892
f 1237 744 855
f 1535 120 121
f 1531 201 214
f 1119 1032 984
f 946 824 947
f 163 5 162
f 9041 9175 9193
f 1155 1162 1164
f 427 327 424
f 553 796 498
f 8732 2231 2237
f 8732 2230 2232
f 2237 3180 8732
f 8734 8736 8733
f 8735 8738 8736
f 8737 8740 8738
f 8739 8742 8740
f 8743 8745 8746
f 8746 8747 8748
f 8749 8748 8747
f 8751 8750 8749
f 8754 8756 8753
f 8757 8755 8754
f 8759 8758 8757
f 8761 8760 8759
f 8763 8762 8761
f 8766 8749 8765
f 8765 8747 8767
f 8767 8745 8768
f 8768 8744 8769
f 8744 8771 8769
f 8770 8772 8771
f 8741 8773 8772
f 8739 8774 8773
f 8737 8775 8774
f 8735 8776 8775
f 8776 8777 3184
f 2904 8779 2947
f 8780 2904 2902
f 8781 2902 2876
f 2875 8781 2876
f 8783 2733 2736
f 2825 8786 2824
f 8788 8790 8787
f 8792 8787 8791
f 2724 8785 2825
f 8787 3115 3117
f 8791 3117 3119
f 8794 8765 8793
f 8793 8767 8795
f 8795 8768 8796
f 8796 8769 8797
f 8797 8771 8798
f 8771 8799 8798
f 8772 8800 8799
f 8773 8801 8800
f 8774 8802 8801
f 8775 8803 8802
f 8776 3056 8803
f 8802 2253 2252
f 8801 2252 1727
f 8800 1727 2150
f 8799 2150 1941
f 8804 8799 1941
f 8805 8798 8804
f 8806 8797 8805
f 8807 8796 8806
f 8793 8807 8808
f 8794 8808 8809
f 8810 8809 8808
f 8808 8806 8810
f 8810 8805 8812
f 8813 8810 8812
f 8812 8804 8814
f 8815 8812 8814
f 8814 1941 1360
f 8755 8752 8756
f 8758 8750 8755
f 8760 8748 8758
f 8762 8746 8760
f 8816 8764 8763
f 8818 8820 8817
f 8816 8782 8784
f 8821 8817 8816
f 8789 8783 8786
f 8818 8789 8788
f 8819 8788 8792
f 8822 8819 8823
f 8823 8792 8824
f 8824 8791 2712
f 2712 3119 3128
f 8826 8823 8825
f 8825 8824 8827
f 8827 2712 2711
f 8828 2711 2400
f 8829 8827 8828
f 8830 8825 8829
f 8743 8764 8831
f 8817 8831 8764
f 8770 8743 8831
f 8741 8831 8742
f 8820 8742 8831
f 8740 8822 8826
f 8738 8826 8830
f 8736 8830 8832
f 8833 2400 2402
f 8834 8828 8833
f 8832 8829 8834
f 8835 2402 2707
f 3058 2707 2708
f 3061 8835 3058
f 8836 8833 8835
f 8733 8832 8837
f 8837 8834 8836
f 8777 8733 8838
f 8838 8837 1962
f 8837 3061 1962
f 1961 8838 1962
f 3057 8777 8838
f 8779 8753 8839
f 8778 8754 8779
f 8780 8757 8778
f 8781 8759 8780
f 8782 8761 8781
f 8821 8784 8783
f 8785 8789 8786
f 2723 8790 8785
f 2875 8784 8782
f 2736 8786 8783
f 2947 8839 8944
f 8815 1360 8941
f 1900 1924 1901
f 1736 1718 1750
f 1955 1943 1956
f 1671 1735 1751
f 1696 1698 1692
f 1800 1864 1801
f 2063 2056 2060
f 1737 1717 1736
f 1751 1697 1695
f 943 9351 684
f 9108 8753 9057
f 1577 1764 1703
f 9369 1599 9375
f 1945 82 1944
f 68 7 248
f 147 1543 148
f 1109 1133 1102
f 1503 1907 1908
f 1499 1909 1498
f 452 735 215
f 1824 9287 9297
f 1825 2068 1824
f 1463 1022 1194
f 841 1009 1011
f 1568 1955 1534
f 1926 1927 1923
f 1910 1502 1939
f 1939 422 442
f 309 1940 308
f 1804 1866 1803
f 269 1954 56
f 2065 2060 2056
f 9264 1758 9287
f 280 552 1940
f 1875 1869 1874
f 1739 1734 1737
f 5923 5899 5924
f 1778 1790 1788
f 310 1915 279
f 1909 1906 1954
f 1789 1778 1788
f 978 980 979
f 1584 1731 1583
f 425 311 312
f 148 115 116
f 2044 9346 2046
f 277 1939 551
f 1943 1945 1944
f 1461 1463 1464
f 2253 3056 3055
f 2981 8927 958
f 2209 8927 3055
f 2254 3055 8927
f 2998 958 8927
f 2826 2721 2724
f 8928 2721 2817
f 2816 8928 2817
f 2334 2296 2335
f 2298 2334 2336
f 2301 2336 2338
f 2311 2338 2354
f 2312 2354 2355
f 2359 2361 2360
f 2335 2359 2360
f 2414 2365 2364
f 2413 2361 2365
f 2355 2540 2541
f 2541 2539 2542
f 2722 2739 2738
f 3114 2738 3113
f 3110 3121 3120
f 3108 3120 3113
f 3122 3127 3126
f 3112 3126 3121
f 3127 1753 3135
f 3139 2529 2542
f 9196 3133 3139
f 8928 2740 2739
f 8929 2789 8928
f 228 91 88
f 245 243 242
f 248 247 191
f 2 296 295
f 145 300 267
f 327 210 328
f 329 331 330
f 250 228 236
f 239 240 230
f 373 375 374
f 178 176 175
f 1218 1228 1321
f 9314 1295 9306
f 808 824 823
f 9310 1013 1014
f 9265 1411 1413
f 2154 2159 2160
f 9297 1758 1757
f 306 1922 452
f 2157 1976 1977
f 708 2031 1474
f 1450 1227 1428
f 1672 1605 1624
f 1813 1821 1816
f 1717 1715 1718
f 176 402 347
f 1710 9368 9367
f 1712 1577 1711
f 1705 1711 1704
f 3435 3475 3434
f 971 979 970
f 822 1094 1102
f 2909 2793 2792
f 2810 2795 2793
f 2799 2249 2800
f 9114 2910 2799
f 2769 2801 2795
f 3177 3178 3179
f 3178 3180 3179
f 3181 1393 2800
f 3181 1632 3182
f 3182 2244 3183
f 3183 2243 3180
f 8932 2790 8929
f 2808 8929 2816
f 2239 9016 2240
f 1149 9015 9014
f 1150 9011 9015
f 2202 9010 2015
f 2921 9009 2923
f 9012 2133 2928
f 1777 1759 1792
f 1201 1183 1184
f 9005 2195 2194
f 8997 2770 2768
f 9379 1687 1692
f 1516 154 503
f 8993 2974 2803
f 8994 2779 2778
f 2771 9019 8990
f 3070 8990 9002
f 8991 2775 2867
f 1376 1370 1372
f 2767 9000 2206
f 2195 8987 2767
f 2775 8986 2776
f 8344 8989 2871
f 9256 8983 2806
f 2776 8982 2805
f 2240 8979 2920
f 2920 9121 9071
f 8992 2786 2779
f 1805 1851 1804
f 8978 2787 2786
f 2951 8984 8975
f 2772 8975 9019
f 2973 8974 8980
f 2224 8981 8974
f 1957 320 510
f 306 304 303
f 2770 8972 2913
f 2913 9018 2239
f 2923 8971 2922
f 308 431 47
f 207 132 543
f 1879 1881 1880
f 9185 8969 2089
f 2475 9002 8968
f 2476 8968 8967
f 2223 8967 8981
f 8966 2803 2802
f 2037 11 1950
f 1959 450 505
f 2003 8964 2129
f 9 334 540
f 2009 8962 9011
f 2008 8980 8962
f 9329 673 9331
f 8959 2778 2784
f 2935 8957 2936
f 111 9014 8955
f 3238 3341 3237
f 8954 2935 2938
f 683 9337 943
f 8952 2810 2909
f 736 732 729
f 1795 1803 1796
f 8949 2938 2939
f 8951 2939 2940
f 2950 8948 2949
f 2940 8948 8951
f 9253 8956 2950
f 2868 8946 2869
f 2869 8966 2802
f 1024 1023 1020
f 8944 2948 2947
f 551 442 443
f 2972 9012 2928
f 2032 8943 2972
f 216 1924 1923
f 3532 3482 3533
f 203 201 200
f 3539 3541 3540
f 1828 1847 1837
f 1958 449 450
f 272 178 175
f 2871 8939 1361
f 9071 9008 2921
f 2801 9095 9114
f 2005 9106 2176
f 960 899 962
f 9109 9064 9076
f 9232 9098 3151
f 3151 9045 2555
f 2193 9075 2194
f 9059 3145 3144
f 9055 2761 3145
f 9044 3144 3104
f 2926 9086 3103
f 9086 3104 3103
f 9207 9198 9205
f 566 9210 2005
f 8839 1864 8944
f 1602 2079 2078
f 2868 9063 2922
f 2922 9062 2923
f 2923 9070 2921
f 9122 2918 9066
f 9071 9066 2920
f 2921 9122 9071
f 2920 9038 2240
f 9065 2915 2918
f 2917 9074 9093
f 2916 9093 9094
f 2239 9104 2913
f 2911 9104 2757
f 9095 2911 2910
f 2797 9114 9043
f 2797 9050 2750
f 9074 2763 2765
f 9060 2764 2745
f 2194 9100 2221
f 2221 9101 2222
f 2756 9061 2755
f 2750 9061 2747
f 9121 1817 9279
f 9215 1691 1699
f 2515 9042 2548
f 2548 9045 2550
f 2513 9084 9068
f 2513 9073 2515
f 2509 9072 2289
f 2510 9085 2509
f 2289 9091 2283
f 2283 9069 2286
f 2240 9039 2239
f 9111 9076 9078
f 716 9339 9340
f 727 9213 1923
f 2165 2170 2164
f 9112 9078 9081
f 9195 9030 9209
f 2175 769 770
f 2100 2095 2099
f 9210 9209 9030
f 640 9012 1826
f 1653 8997 1651
f 1895 8974 746
f 746 8981 741
f 1653 8972 9020
f 9214 1604 1672
f 2093 2073 2078
f 959 995 884
f 962 919 986
f 1400 1398 1399
f 1000 1127 1004
f 956 884 885
f 1662 8994 1661
f 2034 8990 1654
f 9378 8983 9254
f 8979 766 1817
f 9016 765 766
f 334 9015 335
f 1868 8984 1656
f 1684 1652 1678
f 1682 775 1807
f 1585 9214 1700
f 9215 1672 1673
f 2173 490 491
f 1658 8991 1752
f 9000 1650 724
f 1571 2010 1572
f 1587 9123 2080
f 2099 2077 2094
f 787 1999 786
f 2000 786 1999
f 3155 9149 9135
f 9165 9135 9241
f 2180 9137 9136
f 8940 9136 9157
f 1684 9292 1651
f 1760 8939 8989
f 2607 9145 2590
f 2581 9141 2607
f 2371 9152 9147
f 2371 9145 2372
f 2587 9127 2586
f 2586 9149 339
f 2497 9139 2503
f 2502 9139 9152
f 2494 9142 2495
f 9142 2472 2495
f 9140 2468 2472
f 9153 2469 2468
f 726 9344 630
f 581 8962 580
f 10 9014 334
f 1837 8954 1849
f 741 8967 1300
f 1299 9002 2034
f 1851 8948 1866
f 8971 1820 1819
f 580 8980 1895
f 1758 8966 8946
f 1693 8952 1806
f 8948 1867 1866
f 1894 9012 8943
f 2126 9265 9293
f 9358 9293 9364
f 2113 9319 2110
f 2179 9241 9137
f 624 9356 623
f 2192 9240 9232
f 2177 9239 9185
f 1364 9285 1338
f 9310 1470 1453
f 3135 9227 9196
f 2069 9287 2068
f 1351 9305 1352
f 2108 9353 499
f 2089 9188 9185
f 9280 1358 866
f 2001 9235 2187
f 2187 9171 2091
f 2130 9204 2004
f 2004 9201 2001
f 2014 9231 2201
f 2201 9208 2130
f 3167 9211 2969
f 3168 9172 3167
f 3159 9216 3160
f 3160 9217 3081
f 9182 3158 337
f 3158 9161 3159
f 2200 9182 9174
f 9137 9194 2204
f 9174 2197 2200
f 9242 2092 9173
f 9226 9173 2197
f 3154 9242 9226
f 3155 9158 3154
f 2091 9173 2092
f 2196 9202 9228
f 2193 9228 9233
f 9056 9233 9240
f 2086 9232 9230
f 2087 9230 9229
f 2204 9203 2205
f 2205 9202 3148
f 9361 574 692
f 2124 9229 9212
f 2208 9212 9234
f 9163 3140 3137
f 9237 3138 3140
f 9197 3139 3138
f 9223 3136 2322
f 9164 3137 3136
f 9227 3131 3133
f 9219 3132 3131
f 1813 9290 1814
f 1293 9308 1344
f 2184 9200 9184
f 2181 9184 9186
f 9217 3079 3081
f 9220 3080 3079
f 709 9327 2031
f 2774 9189 9221
f 9238 2134 9003
f 9261 766 765
f 2968 9218 2959
f 2969 9236 2968
f 2958 9189 2961
f 2132 9218 2960
f 2321 9223 9200
f 9312 1449 28
f 9357 582 710
f 9338 577 574
f 9299 1818 9279
f 705 9339 2121
f 9268 9359 698
f 2111 9363 2113
f 9262 1366 1411
f 1812 9274 1815
f 675 9304 674
f 8940 9303 675
f 2110 9320 2109
f 2104 9353 2106
f 2109 9351 944
f 9294 703 739
f 1680 9298 1684
f 1639 9271 9270
f 623 9358 697
f 2139 9318 9317
f 1808 9296 9289
f 9272 1819 1820
f 9324 9352 706
f 1646 9282 1648
f 9341 633 577
f 2139 9327 18
f 2156 9323 9326
f 674 9365 9321
f 2117 9264 2069
f 1815 9299 9275
f 9307 1444 1470
f 697 9364 9268
f 866 9288 9280
f 9316 2136 2135
f 9037 9178 9041
f 9035 9183 9037
f 9205 9190 9191
f 9192 9033 9195
f 1088 9198 1093
f 9191 9195 9205
f 2791 8933 2792
f 8932 2807 8933
f 2792 8934 2909
f 8933 2806 8934
f 8952 8934 8960
f 8960 2806 8983
f 2948 9243 9253
f 2105 9348 2104
f 8982 9256 2805
f 680 9328 683
f 1891 9362 9343
f 2905 9253 2950
f 2900 9251 2905
f 2901 9259 2877
f 2734 9258 9246
f 2877 9258 2878
f 2820 9246 2872
f 2818 9244 2827
f 2823 9244 2826
f 2822 9250 2821
f 2819 9252 9250
f 2817 9247 2816
f 2809 9247 2815
f 2808 9255 2807
f 2805 9255 2804
f 1702 9375 1599
f 9374 1797 1802
f 9367 1706 1709
f 9370 1692 1698
f 1657 9332 1879
f 1890 9347 9362
f 9224 1674 1675
f 1689 9224 9225
f 9378 8982 1688
f 8960 1689 9225
f 9369 1703 1764
f 1598 9380 1770
f 9332 1876 1879
f 1691 9377 9379
f 9377 1688 1687
f 1117 1118 9382
f 1066 1322 9382
f 1243 847 9382
f 9277 848 9382
f 1128 1117 9382
f 1129 1130 9382
f 841 1011 9382
f 1230 9315 9382
f 1242 1243 9382
f 1322 1229 9382
f 1064 1065 9382
f 1003 1128 9382
f 1229 1230 9382
f 9315 1285 9382
f 1285 1288 9382
f 848 839 9382
f 847 9277 9382
f 1118 1129 9382
f 1065 1066 9382
f 1087 1086 9382
f 1008 1002 9382
f 1011 1008 9382
f 1002 1003 9382
f 1076 1069 9382
f 838 841 9382
f 839 838 9382
f 1288 1242 9382
f 1130 1087 9382
f 1086 1076 9382
f 1069 1064 9382
f 2410 2414 9383
f 2411 2410 9383
f 9069 2285 9383
f 2394 2393 9383
f 2393 2396 9383
f 2281 2286 9383
f 2282 2280 9383
f 2398 2399 9383
f 2465 2464 9383
f 2396 2397 9383
f 2470 2469 9383
f 2399 2416 9383
f 2480 2395 9383
f 2459 2480 9383
f 2369 2282 9383
f 2460 2459 9383
f 2415 2411 9383
f 2416 2415 9383
f 2364 2363 9383
f 2286 9069 9383
f 2464 2470 9383
f 2469 9155 9383
f 2285 2465 9383
f 2414 2364 9383
f 2395 2394 9383
f 2363 2367 9383
f 2397 2398 9383
f 2280 2281 9383
f 9155 2460 9383
f 2367 2369 9383
f 9386 9389 9390
f 9386 9391 9387
f 9384 9389 9385
f 9390 9395 9391
f 9389 9392 9393
f 9389 9394 9390
f 9394 9399 9395
f 9393 9396 9397
f 9394 9397 9398
f 9399 9402 9403
f 9396 9401 9397
f 9397 9402 9398
f 9402 9407 9403
f 9401 9404 9405
f 9402 9405 9406
f 9407 9410 9411
f 9405 9408 9409
f 9405 9410 9406
f 9411 9414 9415
f 9409 9412 9413
f 9410 9413 9414
f 9414 9419 9415
f 9412 9417 9413
f 9413 9418 9414
f 9418 9423 9419
f 9417 9420 9421
f 9418 9421 9422
f 9422 9427 9423
f 9420 9425 9421
f 9421 9426 9422
f 9426 9431 9427
f 9425 9428 9429
f 9426 9429 9430
f 9431 9434 9435
f 9428 9433 9429
f 9429 9434 9430
f 9434 9439 9435
f 9433 9436 9437
f 9434 9437 9438
f 9439 9442 9443
f 9436 9441 9437
f 9437 9442 9438
f 9443 9446 9447
f 9441 9444 9445
f 9442 9445 9446
f 9447 9450 9451
f 9444 9449 9445
f 9445 9450 9446
f 9450 9455 9451
f 9449 9452 9453
f 9450 9453 9454
f 9454 9459 9455
f 9452 9457 9453
f 9453 9458 9454
f 9458 9463 9459
f 9457 9460 9461
f 9458 9461 9462
f 9463 9466 9467
f 9460 9465 9461
f 9461 9466 9462
f 9466 9471 9467
f 9465 9468 9469
f 9466 9469 9470
f 9471 9474 9475
f 9468 9473 9469
f 9469 9474 9470
f 9475 9478 9479
f 9473 9476 9477
f 9474 9477 9478
f 9479 9482 9483
f 9476 9481 9477
f 9477 9482 9478
f 9483 9486 9487
f 9481 9484 9485
f 9482 9485 9486
f 9486 9491 9487
f 9484 9489 9485
f 9485 9490 9486
f 9490 9495 9491
f 9489 9492 9493
f 9490 9493 9494
f 9495 9498 9499
f 9492 9497 9493
f 9493 9498 9494
f 9498 9503 9499
f 9497 9500 9501
f 9498 9501 9502
f 9503 9507 9508
f 9500 9506 9501
f 9501 9507 9502
f 9508 9511 9512
f 9505 9510 9506
f 9507 9510 9511
f 9384 9504 9388
f 9388 9504 9392
f 9392 9504 9396
f 9396 9504 9400
f 9400 9504 9404
f 9404 9504 9408
f 9408 9504 9412
f 9412 9504 9416
f 9416 9504 9420
f 9420 9504 9424
f 9424 9504 9428
f 9428 9504 9432
f 9432 9504 9436
f 9436 9504 9440
f 9440 9504 9444
f 9444 9504 9448
f 9448 9504 9452
f 9452 9504 9456
f 9456 9504 9460
f 9460 9504 9464
f 9464 9504 9468
f 9468 9504 9472
f 9472 9504 9476
f 9476 9504 9480
f 9480 9504 9484
f 9484 9504 9488
f 9488 9504 9492
f 9492 9504 9496
f 9496 9504 9500
f 9500 9504 9505
f 9505 9504 9509
f 9512 9386 9387
f 9510 9384 9385
f 9510 9386 9511
f 9509 9504 9384
f 9521 9533 9534
f 9518 9532 9519
f 9517 9529 9530
f 9515 9527 9528
f 9523 9537 9524
f 9521 9535 9522
f 9519 9533 9520
f 9518 9530 9531
f 9515 9529 9516
f 9513 9527 9514
f 9524 9538 9525
f 9523 9535 9536
f 9528 9542 9529
f 9526 9540 9527
f 9538 9550 9551
f 9535 9549 9536
f 9534 9546 9547
f 9531 9545 9532
f 9530 9542 9543
f 9528 9540 9541
f 9537 9549 9550
f 9534 9548 9535
f 9532 9546 9533
f 9531 9543 9544
f 9541 9555 9542
f 9540 9552 9553
f 9550 9564 9551
f 9548 9562 9549
f 9547 9559 9560
f 9544 9558 9545
f 9542 9556 9543
f 9541 9553 9554
f 9549 9563 9550
f 9547 9561 9548
f 9546 9558 9559
f 9544 9556 9557
f 9555 9567 9568
f 9552 9566 9553
f 9564 9576 9577
f 9562 9574 9575
f 9559 9573 9560
f 9557 9571 9558
f 9555 9569 9556
f 9553 9567 9554
f 9562 9576 9563
f 9561 9573 9574
f 9559 9571 9572
f 9557 9569 9570
f 9567 9581 9568
f 9566 9578 9579
f 9576 9590 9577
f 9575 9587 9588
f 9572 9586 9573
f 9571 9583 9584
f 9569 9581 9582
f 9566 9580 9567
f 9576 9588 9589
f 9574 9586 9587
f 9571 9585 9572
f 9569 9583 9570
f 9581 9593 9594
f 9578 9592 9579
f 9590 9602 9603
f 9588 9600 9601
f 9585 9599 9586
f 9583 9597 9584
f 9582 9594 9595
f 9579 9593 9580
f 9589 9601 9602
f 9587 9599 9600
f 9584 9598 9585
f 9583 9595 9596
f 9594 9606 9607
f 9592 9604 9605
f 9602 9616 9603
f 9601 9613 9614
f 9598 9612 9599
f 9596 9610 9597
f 9594 9608 9595
f 9592 9606 9593
f 9601 9615 9602
f 9600 9612 9613
f 9598 9610 9611
f 9596 9608 9609
f 9607 9619 9620
f 9605 9617 9618
f 9615 9629 9616
f 9613 9627 9614
f 9611 9625 9612
f 9610 9622 9623
f 9607 9621 9608
f 9605 9619 9606
f 9615 9627 9628
f 9613 9625 9626
f 9611 9623 9624
f 9608 9622 9609
f 9619 9633 9620
f 9617 9631 9618
f 9628 9642 9629
f 9627 9639 9640
f 9625 9637 9638
f 9622 9636 9623
f 9621 9633 9634
f 9619 9631 9632
f 9627 9641 9628
f 9625 9639 9626
f 9623 9637 9624
f 9622 9634 9635
f 9632 9646 9633
f 9630 9644 9631
f 9642 9654 9655
f 9639 9653 9640
f 9638 9650 9651
f 9635 9649 9636
f 9634 9646 9647
f 9632 9644 9645
f 9641 9653 9654
f 9638 9652 9639
f 9636 9650 9637
f 9635 9647 9648
f 9645 9659 9646
f 9644 9656 9657
f 9654 9668 9655
f 9652 9666 9653
f 9651 9663 9664
f 9648 9662 9649
f 9646 9660 9647
f 9645 9657 9658
f 9653 9667 9654
f 9651 9665 9652
f 9650 9662 9663
f 9648 9660 9661
f 9659 9671 9672
f 9656 9670 9657
f 9668 9680 9681
f 9665 9679 9666
f 9663 9677 9664
f 9661 9675 9662
f 9659 9673 9660
f 9657 9671 9658
f 9666 9680 9667
f 9665 9677 9678
f 9663 9675 9676
f 9661 9673 9674
f 9671 9685 9672
f 9670 9682 9683
f 9680 9694 9681
f 9678 9692 9679
f 9677 9689 9690
f 9675 9687 9688
f 9673 9685 9686
f 9670 9684 9671
f 9680 9692 9693
f 9678 9690 9691
f 9675 9689 9676
f 9673 9687 9674
f 9685 9697 9698
f 9682 9696 9683
f 9694 9706 9707
f 9692 9704 9705
f 9689 9703 9690
f 9687 9701 9688
f 9686 9698 9699
f 9683 9697 9684
f 9693 9705 9706
f 9691 9703 9704
f 9688 9702 9689
f 9687 9699 9700
f 9698 9710 9711
f 9696 9708 9709
f 9706 9720 9707
f 9705 9717 9718
f 9702 9716 9703
f 9700 9714 9701
f 9698 9712 9699
f 9696 9710 9697
f 9705 9719 9706
f 9704 9716 9717
f 9702 9714 9715
f 9700 9712 9713
f 9711 9723 9724
f 9709 9721 9722
f 9719 9733 9720
f 9717 9731 9718
f 9715 9729 9716
f 9714 9726 9727
f 9711 9725 9712
f 9709 9723 9710
f 9718 9732 9719
f 9717 9729 9730
f 9715 9727 9728
f 9712 9726 9713
f 9723 9737 9724
f 9721 9735 9722
f 9733 9745 9746
f 9731 9743 9744
f 9729 9741 9742
f 9726 9740 9727
f 9725 9737 9738
f 9723 9735 9736
f 9732 9744 9745
f 9729 9743 9730
f 9727 9741 9728
f 9726 9738 9739
f 9736 9750 9737
f 9734 9748 9735
f 9746 9758 9759
f 9743 9757 9744
f 9742 9754 9755
f 9739 9753 9740
f 9738 9750 9751
f 9736 9748 9749
f 9745 9757 9758
f 9742 9756 9743
f 9740 9754 9741
f 9739 9751 9752
f 9749 9763 9750
f 9748 9760 9761
f 9758 9772 9759
f 9756 9770 9757
f 9755 9767 9768
f 9752 9766 9753
f 9750 9764 9751
f 9749 9761 9762
f 9757 9771 9758
f 9756 9768 9769
f 9754 9766 9767
f 9752 9764 9765
f 9762 9776 9763
f 9760 9774 9761
f 9772 9784 9785
f 9770 9782 9783
f 9768 9780 9781
f 9765 9779 9766
f 9763 9777 9764
f 9762 9774 9775
f 9770 9784 9771
f 9768 9782 9769
f 9767 9779 9780
f 9764 9778 9765
f 9775 9789 9776
f 9774 9786 9787
f 9784 9798 9785
f 9782 9796 9783
f 9781 9793 9794
f 9779 9791 9792
f 9777 9789 9790
f 9774 9788 9775
f 9784 9796 9797
f 9782 9794 9795
f 9779 9793 9780
f 9777 9791 9778
f 9789 9802 9803
f 9786 9801 9787
f 9798 9811 9812
f 9796 9809 9810
f 9793 9808 9794
f 9792 9805 9806
f 9790 9803 9804
f 9787 9802 9788
f 9797 9810 9811
f 9795 9808 9809
f 9792 9807 9793
f 9790 9805 9791
f 9803 9815 9816
f 9801 9813 9814
f 9811 9825 9812
f 9810 9822 9823
f 9807 9821 9808
f 9806 9818 9819
f 9803 9817 9804
f 9801 9815 9802
f 9810 9824 9811
f 9809 9821 9822
f 9807 9819 9820
f 9804 9818 9805
f 9816 9828 9829
f 9814 9826 9827
f 9825 9837 9838
f 9822 9836 9823
f 9820 9834 9821
f 9819 9831 9832
f 9816 9830 9817
f 9814 9828 9815
f 9824 9836 9837
f 9822 9834 9835
f 9820 9832 9833
f 9817 9831 9818
f 9828 9842 9829
f 9826 9840 9827
f 9837 9851 9838
f 9836 9848 9849
f 9834 9846 9847
f 9831 9845 9832
f 9830 9842 9843
f 9828 9840 9841
f 9836 9850 9837
f 9834 9848 9835
f 9832 9846 9833
f 9831 9843 9844
f 9841 9855 9842
f 9839 9853 9840
f 9851 9863 9864
f 9848 9862 9849
f 9847 9859 9860
f 9845 9857 9858
f 9843 9855 9856
f 9841 9853 9854
f 9850 9862 9863
f 9847 9861 9848
f 9845 9859 9846
f 9843 9857 9844
f 9854 9868 9855
f 9853 9865 9866
f 9863 9877 9864
f 9861 9875 9862
f 9860 9872 9873
f 9858 9870 9871
f 9855 9869 9856
f 9854 9866 9867
f 9862 9876 9863
f 9860 9874 9861
f 9859 9871 9872
f 9856 9870 9857
f 9868 9880 9881
f 9865 9879 9866
f 9877 9889 9890
f 9875 9887 9888
f 9873 9885 9886
f 9870 9884 9871
f 9868 9882 9869
f 9867 9879 9880
f 9875 9889 9876
f 9873 9887 9874
f 9872 9884 9885
f 9870 9882 9883
f 9880 9894 9881
f 9878 9892 9879
f 9889 9903 9890
f 9887 9901 9888
f 9886 9898 9899
f 9884 9896 9897
f 9882 9894 9895
f 9879 9893 9880
f 9889 9901 9902
f 9887 9899 9900
f 9884 9898 9885
f 9882 9896 9883
f 9894 9906 9907
f 9891 9905 9892
f 9903 9915 9916
f 9901 9913 9914
f 9898 9912 9899
f 9896 9910 9897
f 9895 9907 9908
f 9892 9906 9893
f 9902 9914 9915
f 9899 9913 9900
f 9897 9911 9898
f 9896 9908 9909
f 9907 9919 9920
f 9905 9917 9918
f 9915 9929 9916
f 9914 9926 9927
f 9911 9925 9912
f 9909 9923 9910
f 9907 9921 9908
f 9905 9919 9906
f 9914 9928 9915
f 9913 9925 9926
f 9911 9923 9924
f 9909 9921 9922
f 9799 9525 9538
f 9799 9538 9551
f 9799 9551 9564
f 9799 9564 9577
f 9799 9577 9590
f 9799 9590 9603
f 9799 9603 9616
f 9799 9616 9629
f 9799 9629 9642
f 9799 9642 9655
f 9799 9655 9668
f 9799 9668 9681
f 9799 9681 9694
f 9799 9694 9707
f 9799 9707 9720
f 9799 9720 9733
f 9799 9733 9746
f 9799 9746 9759
f 9799 9759 9772
f 9799 9772 9785
f 9799 9785 9798
f 9799 9798 9812
f 9799 9812 9825
f 9799 9825 9838
f 9799 9838 9851
f 9799 9851 9864
f 9799 9864 9877
f 9799 9877 9890
f 9799 9890 9903
f 9799 9903 9916
f 9799 9916 9929
f 9920 9515 9516
f 9918 9513 9514
f 9929 9524 9525
f 9926 9523 9927
f 9924 9521 9925
f 9923 9518 9519
f 9920 9517 9921
f 9918 9515 9919
f 9799 9929 9525
f 9928 9523 9524
f 9926 9521 9522
f 9924 9519 9520
f 9921 9518 9922
f 9387 9917 9512
f 9917 9508 9512
f 9904 9503 9508
f 9891 9499 9503
f 9499 9865 9495
f 9495 9852 9491
f 9491 9839 9487
f 9839 9483 9487
f 9483 9813 9479
f 9813 9475 9479
f 9800 9471 9475
f 9786 9467 9471
f 9467 9760 9463
f 9463 9747 9459
f 9459 9734 9455
f 9734 9451 9455
f 9451 9708 9447
f 9708 9443 9447
f 9695 9439 9443
f 9682 9435 9439
f 9435 9656 9431
f 9431 9643 9427
f 9427 9630 9423
f 9630 9419 9423
f 9419 9604 9415
f 9604 9411 9415
f 9591 9407 9411
f 9578 9403 9407
f 9403 9552 9399
f 9399 9539 9395
f 9395 9526 9391
f 9526 9387 9391
f 9932 9935 9936
f 9932 9937 9933
f 9931 9934 9935
f 9936 9941 9937
f 9934 9939 9935
f 9935 9940 9936
f 9940 9945 9941
f 9939 9942 9943
f 9940 9943 9944
f 9945 9948 9949
f 9942 9947 9943
f 9943 9948 9944
f 9948 9953 9949
f 9947 9950 9951
f 9948 9951 9952
f 9953 9956 9957
f 9950 9955 9951
f 9951 9956 9952
f 9957 9960 9961
f 9955 9958 9959
f 9956 9959 9960
f 9961 9964 9965
f 9958 9963 9959
f 9959 9964 9960
f 9965 9968 9969
f 9963 9966 9967
f 9964 9967 9968
f 9968 9973 9969
f 9966 9971 9967
f 9967 9972 9968
f 9972 9977 9973
f 9970 9975 9971
f 9972 9975 9976
f 9977 9980 9981
f 9974 9979 9975
f 9975 9980 9976
f 9980 9985 9981
f 9979 9982 9983
f 9980 9983 9984
f 9985 9988 9989
f 9982 9987 9983
f 9983 9988 9984
f 9989 9992 9993
f 9986 9991 9987
f 9988 9991 9992
f 9993 9996 9997
f 9991 9994 9995
f 9991 9996 9992
f 9996 10001 9997
f 9994 9999 9995
f 9996 9999 10000
f 10000 10005 10001
f 9999 10002 10003
f 9999 10004 10000
f 10004 10009 10005
f 10003 10006 10007
f 10004 10007 10008
f 10009 10012 10013
f 10006 10011 10007
f 10007 10012 10008
f 10012 10017 10013
f 10011 10014 10015
f 10012 10015 10016
f 10017 10020 10021
f 10014 10019 10015
f 10015 10020 10016
f 10021 10024 10025
f 10019 10022 10023
f 10020 10023 10024
f 10024 10029 10025
f 10022 10027 10023
f 10023 10028 10024
f 10028 10033 10029
f 10027 10030 10031
f 10028 10031 10032
f 10032 10037 10033
f 10030 10035 10031
f 10031 10036 10032
f 10036 10041 10037
f 10035 10038 10039
f 10036 10039 10040
f 10041 10044 10045
f 10038 10043 10039
f 10039 10044 10040
f 10044 10049 10045
f 10043 10046 10047
f 10044 10047 10048
f 10049 10053 10054
f 10046 10052 10047
f 10047 10053 10048
f 10054 10057 10058
f 10052 10055 10056
f 10053 10056 10057
f 9930 10050 9934
f 9934 10050 9938
f 9938 10050 9942
f 9942 10050 9946
f 9946 10050 9950
f 9950 10050 9954
f 9954 10050 9958
f 9958 10050 9962
f 9962 10050 9966
f 9966 10050 9970
f 9970 10050 9974
f 9974 10050 9978
f 9978 10050 9982
f 9982 10050 9986
f 9986 10050 9990
f 9990 10050 9994
f 9994 10050 9998
f 9998 10050 10002
f 10002 10050 10006
f 10006 10050 10010
f 10010 10050 10014
f 10014 10050 10018
f 10018 10050 10022
f 10022 10050 10026
f 10026 10050 10030
f 10030 10050 10034
f 10034 10050 10038
f 10038 10050 10042
f 10042 10050 10046
f 10046 10050 10051
f 10051 10050 10055
f 10058 9932 9933
f 10055 9931 10056
f 10056 9932 10057
f 10055 10050 9930
f 10067 10079 10080
f 10064 10078 10065
f 10063 10075 10076
f 10061 10073 10074
f 10070 10082 10083
f 10067 10081 10068
f 10065 10079 10066
f 10064 10076 10077
f 10061 10075 10062
f 10059 10073 10060
f 10071 10083 10084
f 10069 10081 10082
f 10074 10088 10075
f 10072 10086 10073
f 10084 10096 10097
f 10081 10095 10082
f 10080 10092 10093
f 10078 10090 10091
f 10076 10088 10089
f 10074 10086 10087
f 10083 10095 10096
f 10080 10094 10081
f 10078 10092 10079
f 10076 10090 10077
f 10087 10101 10088
f 10086 10098 10099
f 10096 10110 10097
f 10094 10108 10095
f 10093 10105 10106
f 10091 10103 10104
f 10088 10102 10089
f 10087 10099 10100
f 10095 10109 10096
f 10094 10106 10107
f 10092 10104 10105
f 10089 10103 10090
f 10100 10114 10101
f 10098 10112 10099
f 10110 10122 10123
f 10108 10120 10121
f 10105 10119 10106
f 10103 10117 10104
f 10101 10115 10102
f 10100 10112 10113
f 10108 10122 10109
f 10106 10120 10107
f 10105 10117 10118
f 10103 10115 10116
f 10113 10127 10114
f 10112 10124 10125
f 10122 10136 10123
f 10120 10134 10121
f 10119 10131 10132
f 10117 10129 10130
f 10115 10127 10128
f 10113 10125 10126
f 10122 10134 10135
f 10119 10133 10120
f 10117 10131 10118
f 10115 10129 10116
f 10127 10139 10140
f 10124 10138 10125
f 10136 10148 10149
f 10134 10146 10147
f 10131 10145 10132
f 10130 10142 10143
f 10128 10140 10141
f 10125 10139 10126
f 10135 10147 10148
f 10133 10145 10146
f 10130 10144 10131
f 10128 10142 10129
f 10140 10152 10153
f 10138 10150 10151
f 10148 10162 10149
f 10147 10159 10160
f 10144 10158 10145
f 10143 10155 10156
f 10140 10154 10141
f 10138 10152 10139
f 10147 10161 10148
f 10146 10158 10159
f 10144 10156 10157
f 10141 10155 10142
f 10153 10165 10166
f 10151 10163 10164
f 10162 10174 10175
f 10159 10173 10160
f 10157 10171 10158
f 10156 10168 10169
f 10153 10167 10154
f 10151 10165 10152
f 10161 10173 10174
f 10159 10171 10172
f 10157 10169 10170
f 10154 10168 10155
f 10165 10179 10166
f 10163 10177 10164
f 10175 10187 10188
f 10173 10185 10186
f 10171 10183 10184
f 10168 10182 10169
f 10167 10179 10180
f 10165 10177 10178
f 10173 10187 10174
f 10171 10185 10172
f 10169 10183 10170
f 10168 10180 10181
f 10178 10192 10179
f 10176 10190 10177
f 10188 10200 10201
f 10185 10199 10186
f 10184 10196 10197
f 10182 10194 10195
f 10180 10192 10193
f 10178 10190 10191
f 10187 10199 10200
f 10184 10198 10185
f 10182 10196 10183
f 10180 10194 10181
f 10191 10205 10192
f 10190 10202 10203
f 10200 10214 10201
f 10198 10212 10199
f 10197 10209 10210
f 10195 10207 10208
f 10192 10206 10193
f 10191 10203 10204
f 10199 10213 10200
f 10197 10211 10198
f 10196 10208 10209
f 10193 10207 10194
f 10205 10217 10218
f 10202 10216 10203
f 10214 10226 10227
f 10211 10225 10212
f 10210 10222 10223
f 10207 10221 10208
f 10205 10219 10206
f 10204 10216 10217
f 10212 10226 10213
f 10210 10224 10211
f 10209 10221 10222
f 10207 10219 10220
f 10217 10231 10218
f 10216 10228 10229
f 10226 10240 10227
f 10224 10238 10225
f 10223 10235 10236
f 10221 10233 10234
f 10219 10231 10232
f 10217 10229 10230
f 10226 10238 10239
f 10223 10237 10224
f 10221 10235 10222
f 10219 10233 10220
f 10231 10243 10244
f 10228 10242 10229
f 10240 10252 10253
f 10238 10250 10251
f 10235 10249 10236
f 10234 10246 10247
f 10232 10244 10245
f 10229 10243 10230
f 10239 10251 10252
f 10237 10249 10250
f 10234 10248 10235
f 10232 10246 10233
f 10244 10256 10257
f 10242 10254 10255
f 10252 10266 10253
f 10251 10263 10264
f 10248 10262 10249
f 10247 10259 10260
f 10244 10258 10245
f 10242 10256 10243
f 10251 10265 10252
f 10250 10262 10263
f 10248 10260 10261
f 10245 10259 10246
f 10257 10269 10270
f 10255 10267 10268
f 10266 10278 10279
f 10263 10277 10264
f 10261 10275 10262
f 10260 10272 10273
f 10257 10271 10258
f 10255 10269 10256
f 10265 10277 10278
f 10263 10275 10276
f 10261 10273 10274
f 10258 10272 10259
f 10269 10283 10270
f 10267 10281 10268
f 10278 10292 10279
f 10277 10289 10290
f 10275 10287 10288
f 10272 10286 10273
f 10271 10283 10284
f 10269 10281 10282
f 10277 10291 10278
f 10275 10289 10276
f 10273 10287 10274
f 10272 10284 10285
f 10282 10296 10283
f 10280 10294 10281
f 10292 10304 10305
f 10289 10303 10290
f 10288 10300 10301
f 10286 10298 10299
f 10284 10296 10297
f 10282 10294 10295
f 10291 10303 10304
f 10288 10302 10289
f 10286 10300 10287
f 10284 10298 10285
f 10295 10309 10296
f 10294 10306 10307
f 10304 10318 10305
f 10302 10316 10303
f 10301 10313 10314
f 10299 10311 10312
f 10296 10310 10297
f 10295 10307 10308
f 10303 10317 10304
f 10301 10315 10302
f 10300 10312 10313
f 10297 10311 10298
f 10309 10321 10322
f 10307 10319 10320
f 10318 10330 10331
f 10316 10328 10329
f 10314 10326 10327
f 10311 10325 10312
f 10309 10323 10310
f 10308 10320 10321
f 10316 10330 10317
f 10314 10328 10315
f 10313 10325 10326
f 10311 10323 10324
f 10321 10335 10322
f 10320 10332 10333
f 10330 10344 10331
f 10329 10341 10342
f 10326 10340 10327
f 10325 10337 10338
f 10323 10335 10336
f 10320 10334 10321
f 10330 10342 10343
f 10328 10340 10341
f 10325 10339 10326
f 10323 10337 10324
f 10335 10348 10349
f 10332 10347 10333
f 10344 10357 10358
f 10342 10355 10356
f 10339 10354 10340
f 10337 10352 10338
f 10336 10349 10350
f 10333 10348 10334
f 10343 10356 10357
f 10341 10354 10355
f 10338 10353 10339
f 10337 10350 10351
f 10349 10361 10362
f 10347 10359 10360
f 10357 10371 10358
f 10356 10368 10369
f 10353 10367 10354
f 10351 10365 10352
f 10349 10363 10350
f 10347 10361 10348
f 10356 10370 10357
f 10355 10367 10368
f 10353 10365 10366
f 10351 10363 10364
f 10362 10374 10375
f 10360 10372 10373
f 10371 10383 10384
f 10368 10382 10369
f 10366 10380 10367
f 10365 10377 10378
f 10362 10376 10363
f 10360 10374 10361
f 10370 10382 10383
f 10368 10380 10381
f 10366 10378 10379
f 10363 10377 10364
f 10374 10388 10375
f 10372 10386 10373
f 10383 10397 10384
f 10382 10394 10395
f 10380 10392 10393
f 10377 10391 10378
f 10376 10388 10389
f 10374 10386 10387
f 10382 10396 10383
f 10380 10394 10381
f 10378 10392 10379
f 10377 10389 10390
f 10387 10401 10388
f 10385 10399 10386
f 10397 10409 10410
f 10394 10408 10395
f 10393 10405 10406
f 10390 10404 10391
f 10389 10401 10402
f 10387 10399 10400
f 10396 10408 10409
f 10393 10407 10394
f 10391 10405 10392
f 10390 10402 10403
f 10400 10414 10401
f 10399 10411 10412
f 10409 10423 10410
f 10407 10421 10408
f 10406 10418 10419
f 10403 10417 10404
f 10401 10415 10402
f 10400 10412 10413
f 10408 10422 10409
f 10406 10420 10407
f 10405 10417 10418
f 10403 10415 10416
f 10414 10426 10427
f 10411 10425 10412
f 10423 10435 10436
f 10420 10434 10421
f 10418 10432 10419
f 10416 10430 10417
f 10414 10428 10415
f 10412 10426 10413
f 10421 10435 10422
f 10419 10433 10420
f 10418 10430 10431
f 10416 10428 10429
f 10427 10439 10440
f 10425 10437 10438
f 10435 10449 10436
f 10433 10447 10434
f 10431 10445 10432
f 10430 10442 10443
f 10428 10440 10441
f 10425 10439 10426
f 10435 10447 10448
f 10433 10445 10446
f 10430 10444 10431
f 10428 10442 10429
f 10440 10452 10453
f 10437 10451 10438
f 10449 10461 10462
f 10447 10459 10460
f 10444 10458 10445
f 10443 10455 10456
f 10441 10453 10454
f 10438 10452 10439
f 10448 10460 10461
f 10446 10458 10459
f 10443 10457 10444
f 10441 10455 10442
f 10453 10465 10466
f 10451 10463 10464
f 10461 10475 10462
f 10460 10472 10473
f 10457 10471 10458
f 10456 10468 10469
f 10453 10467 10454
f 10451 10465 10452
f 10460 10474 10461
f 10459 10471 10472
f 10457 10469 10470
f 10454 10468 10455
f 10345 10071 10084
f 10345 10084 10097
f 10345 10097 10110
f 10345 10110 10123
f 10345 10123 10136
f 10345 10136 10149
f 10345 10149 10162
f 10345 10162 10175
f 10345 10175 10188
f 10345 10188 10201
f 10345 10201 10214
f 10345 10214 10227
f 10345 10227 10240
f 10345 10240 10253
f 10345 10253 10266
f 10345 10266 10279
f 10345 10279 10292
f 10345 10292 10305
f 10345 10305 10318
f 10345 10318 10331
f 10345 10331 10344
f 10345 10344 10358
f 10345 10358 10371
f 10345 10371 10384
f 10345 10384 10397
f 10345 10397 10410
f 10345 10410 10423
f 10345 10423 10436
f 10345 10436 10449
f 10345 10449 10462
f 10345 10462 10475
f 10466 10061 10062
f 10464 10059 10060
f 10474 10071 10475
f 10472 10069 10473
f 10470 10067 10471
f 10469 10064 10065
f 10466 10063 10467
f 10464 10061 10465
f 10345 10475 10071
f 10473 10070 10474
f 10472 10067 10068
f 10470 10065 10066
f 10467 10064 10468
f 9933 10463 10058
f 10463 10054 10058
f 10450 10049 10054
f 10437 10045 10049
f 10045 10411 10041
f 10041 10398 10037
f 10037 10385 10033
f 10385 10029 10033
f 10029 10359 10025
f 10359 10021 10025
f 10346 10017 10021
f 10332 10013 10017
f 10013 10306 10009
f 10009 10293 10005
f 10005 10280 10001
f 10280 9997 10001
f 9997 10254 9993
f 10254 9989 9993
f 10241 9985 9989
f 10228 9981 9985
f 9981 10202 9977
f 9977 10189 9973
f 9973 10176 9969
f 10176 9965 9969
f 9965 10150 9961
f 10150 9957 9961
f 10137 9953 9957
f 10124 9949 9953
f 9949 10098 9945
f 9945 10085 9941
f 9941 10072 9937
f 10072 9933 9937
f 4 3 2
f 8 7 6
f 13 16 15
f 17 28 19
f 32 31 30
f 36 35 34
f 37 40 39
f 21 22 23
f 25 26 27
f 41 44 43
f 48 47 46
f 52 51 50
f 53 56 55
f 60 59 58
f 29 30 62
f 66 65 64
f 67 5 6
f 72 71 70
f 76 75 74
f 77 80 79
f 81 84 83
f 59 87 86
f 88 91 90
f 96 95 94
f 100 99 98
f 101 104 103
f 106 105 34
f 108 116 115
f 117 119 36
f 124 127 126
f 131 130 129
f 132 102 134
f 142 141 140
f 148 106 60
f 144 143 127
f 149 152 151
f 156 155 154
f 159 150 158
f 116 108 164
f 171 170 169
f 174 126 173
f 179 182 181
f 186 189 188
f 194 197 196
f 199 142 139
f 206 209 208
f 213 212 211
f 202 215 214
f 96 93 216
f 92 238 43
f 97 184 246
f 250 249 229
f 252 254 58
f 258 257 256
f 260 91 229
f 110 111 112
f 114 264 263
f 265 268 267
f 56 53 270
f 274 273 249
f 185 183 63
f 280 279 278
f 285 284 283
f 288 219 211
f 141 142 92
f 289 290 175
f 148 116 105
f 312 311 170
f 238 262 42
f 318 163 160
f 310 309 308
f 241 239 325
f 160 230 240
f 47 48 307
f 108 109 315
f 345 85 86
f 348 351 350
f 356 359 358
f 355 354 353
f 363 31 32
f 364 252 253
f 366 125 368
f 183 372 371
f 163 162 161
f 209 226 101
f 378 377 165
f 379 295 381
f 383 382 3
f 284 285 386
f 387 127 389
f 391 259 229
f 73 281 397
f 405 408 407
f 203 218 411
f 414 121 413
f 1 356 357
f 277 276 131
f 254 344 57
f 358 384 415
f 417 416 386
f 401 400 192
f 419 389 127
f 421 181 182
f 103 301 302
f 428 367 368
f 380 390 359
f 62 204 266
f 140 141 431
f 357 358 351
f 356 1 379
f 415 392 403
f 437 428 436
f 438 441 440
f 188 451 450
f 265 455 181
f 224 185 64
f 237 212 213
f 275 131 128
f 281 282 460
f 50 462 79
f 73 74 282
f 468 467 466
f 390 355 352
f 482 485 484
f 489 488 487
f 493 496 495
f 472 471 470
f 502 501 500
f 220 221 222
f 512 419 143
f 518 517 511
f 513 239 230
f 205 30 31
f 189 370 451
f 163 318 532
f 533 224 225
f 446 448 447
f 335 541 540
f 544 512 546
f 329 519 291
f 199 534 262
f 385 386 416
f 532 190 191
f 363 117 118
f 578 581 580
f 573 572 571
f 561 563 562
f 241 260 259
f 590 593 592
f 545 546 595
f 503 154 155
f 606 625 624
f 478 481 480
f 646 649 648
f 590 591 689
f 564 565 651
f 728 246 184
f 714 724 716
f 692 574 575
f 541 335 581
f 346 68 248
f 161 231 230
f 128 129 94
f 698 705 704
f 574 577 576
f 290 289 401
f 630 631 725
f 733 736 735
f 755 466 496
f 759 480 481
f 757 763 762
f 764 496 466
f 768 767 9260
f 759 760 488
f 492 474 475
f 474 770 769
f 773 468 465
f 771 774 486
f 484 485 775
f 774 776 489
f 495 496 764
f 495 757 761
f 137 397 784
f 325 239 797
f 165 519 51
f 369 32 29
f 730 731 568
f 90 302 301
f 243 118 516
f 800 734 806
f 817 815 808
f 816 808 823
f 306 303 447
f 815 810 809
f 829 830 828
f 726 725 501
f 274 427 424
f 879 882 881
f 884 883 879
f 219 218 217
f 906 905 904
f 455 204 205
f 898 882 830
f 903 900 880
f 377 291 519
f 923 949 948
f 946 947 951
f 8963 740 739
f 900 899 886
f 225 64 65
f 182 445 442
f 809 952 947
f 954 960 962
f 927 950 965
f 885 879 880
f 925 927 966
f 343 342 341
f 965 964 971
f 968 971 970
f 972 968 969
f 963 961 981
f 336 337 338
f 992 993 827
f 810 815 996
f 1007 1001 1002
f 1012 826 827
f 1011 1009 1007
f 294 293 292
f 907 908 920
f 1017 579 1019
f 1020 1023 1022
f 1035 1024 1020
f 1061 1060 1047
f 1063 1061 1046
f 1044 1020 1021
f 1102 1094 1097
f 1116 1126 1118
f 1016 1015 1014
f 881 897 904
f 816 1116 1127
f 1094 948 949
f 514 342 167
f 146 145 81
f 1133 1135 1130
f 1102 1133 1126
f 822 1126 1116
f 1145 1143 1148
f 1076 1144 1151
f 1148 1143 1086
f 1109 1097 1114
f 1154 1153 1156
f 1153 925 967
f 8815 8941 463
f 1144 1147 1152
f 1156 967 1163
f 1164 1162 1169
f 1145 1171 1176
f 1114 1115 1154
f 1183 1155 1164
f 1184 1183 1177
f 1069 1151 1062
f 1023 1191 1194
f 1162 1163 1170
f 1195 1184 1185
f 1183 1196 1176
f 1201 1063 1152
f 1061 1063 1201
f 9277 847 843
f 1203 1202 1195
f 1202 1201 1184
f 1218 1060 1203
f 1060 1061 1202
f 1225 1218 1217
f 671 695 694
f 1219 1217 1024
f 1217 1203 1034
f 1226 1014 1015
f 1243 1242 1234
f 1231 1230 1229
f 847 1243 1233
f 843 1233 1244
f 1233 1234 1245
f 1923 9213 233
f 2100 2108 499
f 9366 9316 2135
f 61 62 323
f 210 211 217
f 1299 1310 1309
f 9315 1230 1231
f 1066 1047 1321
f 1322 1321 1228
f 1060 1218 1321
f 1325 1324 1323
f 1244 1245 1332
f 1290 1234 1242
f 1337 1330 1339
f 1330 1332 1340
f 1341 1332 1245
f 1342 1340 1332
f 1343 1342 1341
f 1344 1341 1294
f 9309 9308 1345
f 1347 1348 1342
f 9308 9306 1295
f 1349 1350 1348
f 9313 1349 1347
f 9305 1347 1343
f 906 898 829
f 905 906 1353
f 865 1356 1355
f 1355 1353 829
f 1357 1355 825
f 1356 1354 1353
f 9286 1337 1338
f 866 1358 1356
f 1358 1359 1354
f 9280 878 1337
f 838 1362 1012
f 1363 1364 1338
f 1368 1363 1339
f 1348 1368 1340
f 1371 1369 9276
f 524 525 526
f 528 529 530
f 1372 1370 1369
f 535 536 537
f 1367 1368 1348
f 1370 1354 1359
f 1369 1359 9285
f 1373 910 903
f 555 556 557
f 1374 909 910
f 1373 904 905
f 1374 1373 1375
f 1375 905 1354
f 1378 920 908
f 376 373 651
f 1388 928 973
f 586 587 588
f 1390 1389 1388
f 1391 1388 969
f 597 598 599
f 600 601 602
f 1392 1391 970
f 608 609 610
f 612 524 523
f 614 615 616
f 617 618 25
f 620 621 622
f 1397 1390 1391
f 1398 1397 1392
f 1400 987 920
f 1402 1403 1165
f 636 637 638
f 930 1404 1402
f 641 642 643
f 929 1402 1169
f 1404 1405 1403
f 1411 1366 1365
f 1412 1406 1415
f 652 653 654
f 609 656 657
f 659 660 661
f 558 663 586
f 665 666 667
f 1413 1411 1406
f 1418 1416 9262
f 1417 1372 1371
f 1416 1371 9281
f 1419 1417 1416
f 1386 909 1374
f 677 678 679
f 1385 1386 1420
f 1420 1374 1376
f 685 686 687
f 1421 1420 1422
f 528 690 691
f 1422 1376 1372
f 1018 1019 747
f 699 700 701
f 1424 578 579
f 9115 1597 1767
f 700 699 711
f 1093 9198 9206
f 717 718 530
f 721 722 723
f 704 1650 8987
f 19 1429 1426
f 1429 1428 1427
f 1658 1659 8986
f 1439 1437 1434
f 1437 1436 1435
f 1426 1427 1433
f 1442 1431 1432
f 742 743 744
f 1432 1433 1441
f 751 752 753
f 1438 1434 1403
f 1446 1445 1444
f 1447 1448 1446
f 9312 1447 1443
f 1415 1367 1445
f 1414 1415 1446
f 2173 1683 469
f 777 778 779
f 780 781 782
f 1676 1693 1806
f 9311 1451 1349
f 789 790 791
f 745 792 793
f 652 794 795
f 1455 1458 1457
f 1454 1367 1350
f 610 691 802
f 9283 9268 698
f 1352 1044 1045
f 1015 1016 1459
f 811 812 813
f 2118 9267 9269
f 819 820 821
f 1466 1463 1194
f 1467 1468 1465
f 1182 1165 1468
f 832 812 833
f 835 836 837
f 1467 1466 1190
f 1469 1470 1444
f 840 700 712
f 1453 1470 1469
f 599 844 845
f 1226 1450 9301
f 851 852 853
f 855 744 856
f 858 859 860
f 861 862 863
f 1014 1226 9307
f 867 676 868
f 870 871 872
f 874 875 876
f 1310 1323 1471
f 1476 1433 1427
f 1461 1476 1475
f 887 888 889
f 788 791 892
f 894 895 896
f 1460 1475 1227
f 901 902 524
f 1465 1478 1477
f 1865 8947 8944
f 911 912 913
f 916 917 918
f 1850 8949 8951
f 921 922 895
f 1479 1435 1436
f 926 664 667
f 1481 562 563
f 269 1483 84
f 931 932 933
f 934 935 614
f 936 685 688
f 938 659 662
f 1484 270 122
f 941 942 835
f 320 321 509
f 1849 8954 8949
f 84 1483 1484
f 1487 1490 1488
f 1757 1758 8946
f 365 1492 1491
f 461 79 80
f 117 363 362
f 1494 540 541
f 926 601 957
f 1477 1441 1433
f 1709 1588 1585
f 119 117 1496
f 271 1497 504
f 511 517 189
f 345 1496 1492
f 57 344 299
f 1501 1499 268
f 267 268 1499
f 974 975 976
f 1678 1652 1693
f 9298 1682 1807
f 557 982 663
f 983 941 984
f 1443 1444 9301
f 421 1500 268
f 989 990 991
f 1490 1487 418
f 279 280 309
f 997 868 676
f 998 26 999
f 1504 418 38
f 1506 1508 1507
f 360 361 1508
f 1506 1486 207
f 939 1005 1006
f 270 1484 1483
f 66 63 546
f 1010 742 793
f 367 428 437
f 244 31 363
f 1670 8976 8978
f 209 206 1510
f 388 389 426
f 427 274 250
f 161 520 521
f 100 246 45
f 1025 1026 608
f 1029 1030 1031
f 939 662 1033
f 41 42 594
f 1036 780 783
f 702 701 1038
f 1040 1041 1042
f 362 32 369
f 187 1520 477
f 70 1487 539
f 1049 600 603
f 613 867 869
f 860 1050 1051
f 1005 1052 1053
f 753 1055 1056
f 1057 1058 1059
f 293 288 1522
f 288 212 1521
f 292 1522 1523
f 331 1507 1508
f 306 452 453
f 100 44 41
f 462 1524 78
f 330 331 1524
f 635 1067 1068
f 1485 1527 1526
f 206 1485 1528
f 1070 1071 1072
f 942 941 1073
f 916 933 1075
f 440 1529 1530
f 157 158 1514
f 1529 162 5
f 371 595 546
f 790 586 663
f 1077 858 857
f 1403 1434 1435
f 1080 1081 1082
f 531 520 1529
f 21 1083 1084
f 272 1532 1531
f 690 712 802
f 335 9015 9011
f 1090 1030 1029
f 1092 795 794
f 1533 396 137
f 661 660 1095
f 69 444 445
f 1099 1100 1101
f 38 39 1536
f 1104 1105 1106
f 852 1107 1108
f 1377 908 909
f 291 377 411
f 316 1536 516
f 539 1488 1533
f 1505 1536 316
f 1110 1111 1112
f 1539 1537 460
f 522 441 1537
f 834 837 1120
f 1122 1123 1124
f 612 1125 1041
f 935 793 615
f 276 278 130
f 1686 8993 8966
f 193 190 1541
f 231 521 1540
f 556 1037 982
f 365 253 85
f 190 532 318
f 1810 765 9018
f 9376 1867 8956
f 1132 983 985
f 208 101 102
f 1134 1033 662
f 1491 518 80
f 429 133 1542
f 1137 1138 915
f 172 436 428
f 1139 1140 1141
f 549 96 54
f 1517 1519 1518
f 834 1119 984
f 1543 513 286
f 1544 797 239
f 133 134 1544
f 506 361 257
f 420 327 328
f 1158 1159 1160
f 587 1104 1103
f 607 1161 1027
f 304 1546 1545
f 364 1491 77
f 69 70 198
f 700 840 1112
f 9329 626 8969
f 1166 719 657
f 1167 1168 858
f 1300 8967 8968
f 1172 1173 1174
f 218 203 200
f 1179 1180 1181
f 372 183 97
f 89 104 227
f 1186 1187 1188
f 172 173 1517
f 1482 84 81
f 1090 1192 1193
f 394 395 353
f 526 525 1198
f 1199 1200 1026
f 606 623 697
f 1204 1205 1206
f 1207 1208 523
f 1209 1210 867
f 914 913 685
f 1478 1436 1441
f 1029 1028 1161
f 1211 1212 1213
f 9310 1453 1451
f 844 1215 1216
f 423 193 273
f 1220 1221 1222
f 22 1223 1224
f 882 898 897
f 1519 1517 173
f 1189 1188 1232
f 349 350 550
f 1071 1235 1236
f 1237 1238 1239
f 1221 1186 1189
f 1510 1528 1512
f 939 1032 1241
f 1556 1530 5
f 1553 1554 394
f 404 1556 67
f 1247 1248 1249
f 142 199 238
f 1251 1067 635
f 850 1252 1253
f 1254 1167 1077
f 57 132 133
f 443 430 552
f 1187 1172 1175
f 1256 1070 831
f 432 405 382
f 741 748 747
f 434 350 351
f 349 432 383
f 251 124 1481
f 395 384 352
f 1518 1519 1550
f 1558 410 378
f 109 263 314
f 285 1514 1513
f 395 394 393
f 202 203 410
f 417 408 405
f 1246 1257 1258
f 3 1559 297
f 1259 1260 1261
f 403 404 347
f 955 954 953
f 462 50 51
f 1096 1095 687
f 429 147 60
f 896 1264 1265
f 1267 721 1268
f 423 424 327
f 37 179 180
f 20 23 1187
f 1256 1168 1071
f 1188 1175 1269
f 1236 1270 1271
f 1272 536 535
f 565 564 463
f 1273 792 745
f 876 1254 1255
f 316 33 164
f 437 1516 503
f 194 1494 1495
f 1275 1276 864
f 624 625 631
f 1277 1274 1137
f 569 568 567
f 1481 124 125
f 324 325 547
f 1279 1108 1107
f 1525 332 329
f 1281 1278 1137
f 171 168 1553
f 1488 73 396
f 1557 1561 1562
f 1282 856 1206
f 1053 1277 1278
f 778 777 607
f 713 583 9010
f 251 225 144
f 4 357 348
f 709 708 707
f 728 48 45
f 261 135 1563
f 789 1286 1287
f 74 314 263
f 403 284 385
f 1178 1181 1240
f 1223 1259 1289
f 1220 20 1186
f 296 1518 354
f 784 459 1538
f 1181 1180 1291
f 1269 1292 1257
f 1566 1538 438
f 136 784 1566
f 1563 1564 169
f 107 114 109
f 1297 1282 1298
f 1464 1477 1476
f 1520 187 507
f 1301 1302 1303
f 1306 1307 1308
f 175 456 1532
f 1532 456 200
f 1311 1266 1312
f 872 1314 1315
f 9288 843 878
f 1305 1308 864
f 1040 1275 863
f 1564 1566 399
f 592 1576 1575
f 591 1575 1088
f 1581 1584 1583
f 1196 1152 1147
f 710 582 583
f 285 407 408
f 953 954 961
f 1594 1592 1589
f 1585 1588 1587
f 1592 1591 1590
f 9337 945 944
f 1600 1599 1598
f 1604 1603 1602
f 1399 1392 979
f 1589 1590 1596
f 1610 1609 1608
f 298 257 361
f 551 552 276
f 1627 1626 9266
f 859 811 818
f 1078 857 1328
f 1555 439 1530
f 572 573 680
f 772 465 776
f 977 1281 918
f 404 403 392
f 1054 1331 750
f 1644 1645 1643
f 932 1265 1082
f 1067 1333 1334
f 1540 1539 264
f 597 1335 643
f 471 761 762
f 1642 696 9283
f 1644 1642 9294
f 923 946 950
f 96 549 548
f 520 531 522
f 445 444 443
f 849 839 848
f 480 759 755
f 1646 760 481
f 311 426 1567
f 464 463 8941
f 8941 1360 1361
f 234 237 236
f 190 193 192
f 153 154 152
f 231 287 286
f 1552 1553 1551
f 760 1646 1648
f 9284 1647 1649
f 828 827 826
f 52 167 166
f 1663 1662 1661
f 287 107 115
f 668 671 670
f 634 645 640
f 553 560 559
f 118 36 33
f 492 484 491
f 8996 1652 1651
f 582 589 584
f 384 395 392
f 1381 1382 1383
f 1562 1561 435
f 952 953 951
f 8973 9010 583
f 1660 1661 1667
f 1394 1395 1396
f 1660 1665 1664
f 1671 1670 1669
f 1624 1625 1673
f 1407 1408 1409
f 1677 1676 1675
f 1613 1679 1677
f 1679 1678 1676
f 1626 1681 9263
f 534 199 198
f 803 733 734
f 400 248 191
f 65 66 143
f 8970 1657 1656
f 402 159 157
f 629 628 627
f 461 477 49
f 758 757 495
f 796 787 786
f 406 407 1513
f 342 343 166
f 1694 1659 1658
f 1692 1687 1694
f 9001 1693 1652
f 9373 1704 1703
f 326 547 302
f 9368 9373 1702
f 9371 9370 1698
f 1699 1691 9379
f 1557 406 1560
f 1127 1116 1117
f 400 401 289
f 1706 1702 1707
f 1707 1702 1599
f 1709 1706 1708
f 1714 1712 1711
f 9371 9367 1709
f 1704 1711 1577
f 1716 1714 1713
f 1559 1562 1549
f 1722 1721 1720
f 1335 597 596
f 410 411 377
f 973 1170 1163
f 168 169 399
f 1571 682 1089
f 1572 681 682
f 749 646 647
f 1730 1724 1723
f 1594 1582 1729
f 1729 1723 1591
f 1384 1378 1377
f 1732 1731 1712
f 1724 1730 1731
f 1722 1724 1732
f 1721 1722 1733
f 1734 1733 1716
f 1735 1737 1736
f 1733 1732 1714
f 1663 1664 1741
f 1742 1665 1740
f 1738 1739 1737
f 1665 1660 1666
f 1665 1742 1744
f 1725 1726 1746
f 1591 1725 1745
f 1590 1745 1747
f 1745 1746 1748
f 1659 1688 8982
f 5650 1760 8989
f 1185 1177 1182
f 1664 1744 1749
f 1741 1749 1739
f 1746 1742 1743
f 1726 1744 1742
f 1115 924 1153
f 1654 8990 9019
f 1896 9006 8993
f 1720 1749 1744
f 1721 1739 1749
f 1750 1718 1701
f 1697 1736 1750
f 1151 1152 1063
f 1751 1752 1670
f 1695 1658 1752
f 961 962 986
f 1770 1769 1768
f 1766 1594 1593
f 1731 1759 1579
f 1579 1777 1774
f 9380 1772 1771
f 1764 1772 9380
f 1777 1776 1775
f 9214 9215 1699
f 1004 1127 1128
f 1774 1775 1771
f 987 1400 1399
f 1578 1774 1772
f 1783 1782 1781
f 1597 1598 1770
f 639 1878 9347
f 9380 9381 1769
f 1793 1792 1789
f 9381 9372 1798
f 8952 8960 9225
f 1802 1867 9376
f 1788 1790 1794
f 1793 1794 1795
f 9225 9224 1675
f 1584 1581 1783
f 1771 1797 9372
f 1801 1799 1798
f 1768 1769 1798
f 1775 1796 1797
f 508 514 515
f 1796 1803 1802
f 1800 1798 9372
f 1794 1805 1804
f 8976 1670 1752
f 485 1808 1807
f 9261 9296 1640
f 9289 9296 1810
f 485 482 1640
f 1690 1691 9222
f 487 488 1648
f 9291 1813 1816
f 9290 1811 1648
f 9291 1812 1811
f 1812 1809 487
f 1641 1809 767
f 465 466 755
f 767 1815 9275
f 9274 1816 9278
f 1809 1812 1815
f 9289 1653 1651
f 675 672 8985
f 1814 1649 1822
f 1821 1822 9273
f 1824 1822 1649
f 1827 1849 1850
f 1668 1669 1662
f 1779 1780 1848
f 1790 1827 1805
f 1833 1836 1853
f 8965 8950 693
f 1614 1615 1616
f 1852 1853 8942
f 1620 1621 1622
f 1855 1765 1574
f 1847 1852 8945
f 1766 1765 1855
f 1629 1630 1631
f 1633 1622 1634
f 1635 1636 1637
f 1848 1833 1852
f 1855 1861 1863
f 1803 1866 1867
f 1862 1863 1831
f 1782 1855 1862
f 9374 9376 1865
f 1873 1872 1870
f 1874 1869 799
f 2045 9330 9349
f 1219 1345 1295
f 1615 1614 1396
f 9336 9347 1877
f 645 9350 9238
f 1345 1219 1035
f 634 639 9336
f 15 1887 1327
f 9362 9347 1878
f 1894 604 605
f 8950 8995 627
f 9004 640 645
f 340 341 454
f 1897 194 195
f 1889 1882 1877
f 1901 94 129
f 196 749 754
f 1705 1704 9373
f 340 378 166
f 1570 1480 563
f 1904 1494 194
f 1781 1862 1832
f 1905 549 55
f 1000 994 995
f 986 919 920
f 1191 1185 1190
f 2094 2077 2075
f 1920 1921 1919
f 453 454 1912
f 1915 1919 1918
f 9334 2112 2106
f 1655 9019 8975
f 1916 1918 1926
f 704 8998 9005
f 278 1916 1925
f 9009 9008 1818
f 1097 949 1115
f 1927 1928 727
f 9030 9031 9106
f 1920 310 307
f 1929 307 48
f 503 504 1497
f 1902 1903 787
f 1816 1821 9272
f 1925 1926 1923
f 1535 1569 1568
f 254 252 258
f 1509 1497 366
f 119 86 35
f 219 288 293
f 141 46 47
f 542 205 244
f 1940 552 430
f 1779 1828 1827
f 1701 1710 9367
f 1661 8994 8959
f 270 53 754
f 197 1947 749
f 1727 1728 1212
f 53 54 232
f 1465 1468 1479
f 1284 9314 9306
f 1951 446 412
f 168 398 1554
f 1486 1485 206
f 506 77 78
f 994 1001 1007
f 951 953 963
f 1013 9311 9313
f 9278 9272 1820
f 1498 1909 1954
f 299 298 543
f 1754 1755 1756
f 1681 469 1683
f 1696 1694 1695
f 13 14 738
f 473 476 475
f 482 1641 768
f 204 62 30
f 1761 1762 820
f 611 1763 1125
f 1501 1503 1908
f 1074 1073 711
f 1960 1944 82
f 120 1956 1960
f 35 86 87
f 1773 1199 1025
f 1965 1545 1569
f 494 761 471
f 1966 1967 1969
f 446 1951 1971
f 174 368 125
f 1580 1579 1578
f 1785 1786 1787
f 1972 1546 304
f 1254 876 875
f 1973 341 342
f 321 1912 1973
f 1910 277 275
f 509 1973 514
f 1486 1507 1527
f 1974 1874 804
f 1977 1976 1974
f 1980 448 1966
f 379 1 2
f 1718 1715 1710
f 884 995 992
f 1680 1684 1678
f 902 990 525
f 344 255 256
f 135 138 137
f 448 446 1967
f 589 605 604
f 910 909 908
f 1981 1966 1968
f 1982 1981 1987
f 1988 1979 1987
f 1990 1988 1989
f 1991 1989 1993
f 322 321 320
f 992 828 830
f 1144 1076 1086
f 1995 1977 1978
f 1133 1129 1118
f 1997 1995 1994
f 870 1823 1335
f 805 806 1982
f 727 184 2000
f 1996 1994 1988
f 1994 1978 1979
f 1829 616 792
f 1830 1073 941
f 798 803 800
f 729 732 731
f 2011 2012 2023
f 1834 1835 846
f 402 283 284
f 2022 2023 2024
f 1838 718 989
f 810 955 952
f 1823 1839 1840
f 1430 1426 1432
f 1215 844 1841
f 1316 1208 873
f 2112 1401 1384
f 1842 1843 1844
f 1159 846 845
f 837 27 1846
f 1971 1951 2030
f 517 369 370
f 1471 2026 2027
f 8995 8969 626
f 2174 2175 770
f 935 934 1854
f 1613 1619 1611
f 1231 1228 1225
f 1856 1857 891
f 1300 1309 748
f 1150 1149 1858
f 1643 606 696
f 1215 1265 1264
f 1320 1860 902
f 1956 1943 1944
f 2031 668 669
f 2034 1325 1310
f 1879 1880 1656
f 40 245 242
f 1992 1993 2039
f 888 958 957
f 1882 1889 1996
f 1078 1138 1255
f 1871 912 1192
f 294 411 218
f 1323 2041 2026
f 123 1960 83
f 1324 2036 2041
f 384 358 359
f 1324 1325 2038
f 1883 1884 1885
f 287 1540 114
f 1096 1886 1134
f 915 1329 931
f 806 1980 1981
f 8977 8973 584
f 1425 2030 2042
f 1018 2042 1948
f 9006 1896 740
f 1948 2042 649
f 1881 1882 1990
f 1900 129 130
f 992 995 994
f 923 927 925
f 9330 2045 2047
f 1643 2048 625
f 2050 2052 2051
f 2045 1405 1404
f 9328 2047 945
f 1139 1080 1079
f 1037 1856 892
f 2055 2053 2057
f 1198 989 718
f 1619 2058 1612
f 2058 1605 1606
f 2059 2060 1607
f 2058 1619 1624
f 71 72 179
f 405 406 1557
f 322 1548 1972
f 2061 2052 2063
f 2066 2065 2067
f 2052 2061 2064
f 1609 1610 2066
f 1515 151 152
f 1009 827 993
f 1644 9295 9267
f 279 1915 1916
f 1285 9315 9314
f 1647 2066 1825
f 2056 2057 2067
f 319 320 1953
f 667 666 1913
f 2070 631 625
f 2052 2050 2055
f 2038 1654 1655
f 1606 1601 2073
f 1235 1917 1270
f 2072 2073 2075
f 2059 1606 2072
f 2074 2075 2077
f 1601 1602 2078
f 2049 2048 1643
f 1000 1004 1001
f 1089 943 684
f 1931 1286 1306
f 1462 1459 1021
f 1932 1933 1934
f 875 874 1846
f 1936 1051 1937
f 44 45 46
f 1534 1955 1956
f 1541 318 317
f 2081 2082 2084
f 146 1945 1959
f 1360 1941 1942
f 985 984 1032
f 1995 1997 1892
f 2079 2080 2082
f 2095 2096 2076
f 2081 2093 2078
f 2055 2050 2054
f 501 2096 2095
f 2097 2100 2099
f 2098 2099 2094
f 2140 2141 9345
f 2141 2046 9346
f 2051 2070 2048
f 592 2102 2101
f 2071 2064 2076
f 2102 2097 2098
f 593 2103 2102
f 1019 1895 746
f 1950 11 12
f 725 2071 2096
f 1385 2105 2104
f 1379 2104 2106
f 2107 2108 2100
f 9360 726 502
f 9348 502 499
f 940 1389 2109
f 928 929 1170
f 9320 590 684
f 1962 1963 1964
f 9330 680 573
f 2039 1993 1968
f 1389 1390 2110
f 1398 2111 2113
f 9209 9207 9205
f 9363 9335 2107
f 949 923 924
f 260 241 324
f 1390 1397 2113
f 2070 2051 2064
f 9319 9363 2103
f 2105 1385 1421
f 2114 1421 1423
f 9344 2114 2115
f 9360 2105 2114
f 554 2116 1902
f 972 1163 967
f 1765 1593 1573
f 1984 1985 1986
f 2053 2117 2069
f 9017 9000 724
f 1625 1677 1674
f 9333 9340 2119
f 9355 2115 2123
f 56 1954 1906
f 626 9329 9331
f 2001 2002 2003
f 9364 9293 2127
f 2006 2007 2008
f 2127 1413 1412
f 2014 2015 2016
f 2018 2019 2020
f 1495 1424 1947
f 1379 1377 1386
f 9266 9263 1680
f 2029 1885 1884
f 9354 2128 2120
f 629 9331 9366
f 682 683 943
f 724 1650 2121
f 1757 1819 9273
f 765 1810 9296
f 9303 714 715
f 706 707 9322
f 981 986 987
f 1457 1868 1656
f 2017 2016 2032
f 1458 1655 1868
f 1776 1777 1792
f 1959 1945 1946
f 9115 9167 9177
f 9365 9333 2122
f 1093 1089 689
f 966 965 968
f 9304 715 9333
f 2172 9029 2170
f 670 2138 2137
f 9213 787 1903
f 1429 19 28
f 964 963 978
f 9293 9265 1413
f 1473 1474 669
f 9286 9285 1359
f 2138 798 1870
f 1872 1473 2137
f 715 716 9340
f 1881 1991 1992
f 9295 9294 739
f 1837 1847 8957
f 253 58 59
f 1808 9289 9292
f 1647 9284 9270
f 9317 9318 671
f 2112 9334 9335
f 1405 2045 2044
f 9281 9276 1364
f 273 1541 391
f 576 632 8964
f 9327 9317 668
f 1430 1431 2140
f 2136 9302 9312
f 1430 2139 18
f 9345 9346 570
f 1442 1439 2046
f 1431 1442 2141
f 9321 9365 9302
f 9260 9275 1817
f 9318 9345 695
f 2142 2025 798
f 571 2143 2142
f 9271 9266 1618
f 2143 2022 2025
f 694 2142 2138
f 681 1572 2144
f 2144 2011 2022
f 328 210 457
f 1572 2010 2011
f 630 9344 9355
f 2085 2086 2087
f 2090 2091 2092
f 572 2144 2143
f 1875 1976 2153
f 1873 1875 2149
f 2103 2107 2097
f 2157 2043 2155
f 2128 1412 1414
f 9326 9323 589
f 9324 9322 628
f 2149 2153 2158
f 2159 2158 9357
f 698 9359 9354
f 9275 9299 9279
f 2158 2156 9326
f 1438 2044 2046
f 2035 2154 2160
f 2161 2160 9341
f 9323 9343 605
f 9325 17 18
f 370 29 61
f 649 1951 413
f 2153 2157 2156
f 1428 1429 1449
f 1490 76 73
f 9342 9357 710
f 2155 1891 9343
f 1456 1457 1880
f 2125 2088 2087
f 2160 2159 9342
f 300 1959 505
f 1064 1062 1046
f 2043 1892 1891
f 2129 2130 2004
f 2131 2132 2133
f 9300 9301 1450
f 1998 1975 804
f 9331 673 9316
f 474 492 490
f 1164 1165 1182
f 707 2162 9361
f 708 1472 2162
f 2162 2161 9338
f 548 549 1905
f 1145 1136 1114
f 705 2121 1650
f 2043 2157 1977
f 737 738 554
f 1034 1195 1191
f 458 1905 1907
f 195 196 232
f 2040 2039 1969
f 2145 2146 2147
f 2054 2050 2049
f 9284 1646 1639
f 9 12 11
f 252 364 506
f 472 478 479
f 1865 9376 9243
f 900 903 910
f 1941 2150 2151
f 1921 1928 1927
f 2163 1897 1898
f 271 156 153
f 1904 1326 12
f 282 263 264
f 1872 1873 2154
f 1326 1904 1897
f 628 692 693
f 1724 1722 1719
f 1549 1562 436
f 1582 1583 1730
f 1921 1920 1929
f 9007 8955 10
f 2152 2037 1950
f 475 772 774
f 769 2172 2171
f 2171 2165 476
f 476 773 772
f 1791 565 464
f 2166 2167 2168
f 595 371 372
f 483 1809 1641
f 762 2174 2173
f 771 483 484
f 486 487 1809
f 297 1549 1517
f 763 2175 2174
f 776 755 759
f 184 185 2176
f 412 447 303
f 2005 2176 185
f 9263 1681 1682
f 2164 2170 756
f 1472 2035 2161
f 950 951 964
f 2177 2178 2179
f 227 226 1510
f 2182 2183 2184
f 2186 2019 2018
f 1985 2182 2181
f 214 736 729
f 865 849 842
f 849 865 1357
f 559 3187 3188
f 16 13 737
f 560 553 498
f 3193 3196 3195
f 3200 3197 3198
f 3211 3214 3213
f 3215 3218 3217
f 2187 2188 2002
f 3233 3236 3235
f 3223 3221 3222
f 3229 3232 3231
f 3245 3248 3247
f 2169 2168 2189
f 2192 2086 2085
f 2193 2194 2195
f 2198 2199 2200
f 1998 1982 1979
f 9116 9117 9120
f 3253 3256 3255
f 2116 1898 1903
f 1859 2006 2009
f 9356 2123 2126
f 1135 1148 1087
f 2201 2202 2015
f 1149 111 110
f 3261 3264 3263
f 3269 3272 3271
f 3265 3268 3267
f 3229 3230 3284
f 3289 3292 3291
f 3299 3302 3301
f 3307 3263 3264
f 3293 3296 3295
f 3297 3223 3224
f 3319 3321 3291
f 3322 3323 3318
f 3314 3313 3312
f 3285 3288 3287
f 3332 3333 3218
f 3329 3331 3330
f 3324 3325 3227
f 3298 3224 3326
f 2203 2204 2205
f 579 580 1895
f 1755 2207 2208
f 3337 3340 3339
f 9343 9362 1893
f 1211 2151 2150
f 868 997 2210
f 3347 3350 3349
f 944 945 930
f 2130 2129 2202
f 233 1903 1898
f 665 751 750
f 1167 1254 999
f 2211 2212 2213
f 2215 2216 2217
f 9319 593 590
f 2220 221 220
f 823 824 948
f 3375 3240 3377
f 3393 3392 3391
f 3353 3358 3357
f 3363 3366 3365
f 3402 3405 3404
f 266 204 455
f 9334 2108 2107
f 2221 2222 8963
f 2223 2224 2225
f 2207 2125 2124
f 3293 3309 3336
f 673 674 9321
f 817 1000 996
f 2227 2228 2146
f 1947 1948 646
f 9352 2135 17
f 2229 1635 1638
f 1679 1613 1618
f 1637 2231 2232
f 2233 2234 1617
f 2231 2235 2236
f 3406 3409 3408
f 1381 1638 2238
f 9038 2241 2242
f 3414 3416 3341
f 1630 2234 2233
f 1681 1626 472
f 1408 1407 2243
f 3423 3426 3425
f 3433 3351 3263
f 3434 3429 3430
f 3440 3443 3442
f 3444 3447 3446
f 3436 3451 3450
f 3442 3443 3456
f 1637 2230 2238
f 3445 3446 3437
f 3448 3443 3440
f 1409 1408 1634
f 1380 1383 2247
f 1628 2248 2245
f 3463 3466 3465
f 3308 3477 3462
f 2249 1623 1622
f 1632 1634 1408
f 2248 1628 1631
f 3478 3481 3480
f 3509 3512 3511
f 2235 2231 1637
f 3505 3508 3507
f 3457 3458 3199
f 631 2070 2071
f 515 167 52
f 782 781 2251
f 2253 2254 2255
f 397 281 459
f 1456 2039 2040
f 2040 2041 2036
f 3434 3475 3518
f 1401 2112 2111
f 2041 2040 1970
f 3367 3337 3338
f 1535 121 414
f 1586 1587 2080
f 2256 983 1132
f 3528 3531 3530
f 3519 3521 3520
f 3537 3505 3506
f 3543 3546 3545
f 1700 1699 9370
f 3486 3551 3550
f 3455 3456 3497
f 3558 3560 3559
f 3456 3568 3500
f 3572 3571 3252
f 3308 3264 3285
f 3316 3317 3574
f 3575 3478 3479
f 3576 3579 3578
f 3580 3583 3582
f 3584 3587 3586
f 3505 3537 3588
f 3589 3592 3591
f 3600 3603 3602
f 3542 3539 3595
f 3604 3605 3592
f 3611 3610 3613
f 3622 3625 3624
f 3618 3621 3620
f 3626 3629 3628
f 3644 3647 3646
f 3634 3637 3636
f 3638 3639 3641
f 9267 1896 1686
f 1263 2256 1886
f 3613 3655 3654
f 598 1841 844
f 2257 2258 2259
f 2258 2261 2262
f 2259 2262 2263
f 2260 2259 2216
f 1967 1971 1970
f 2212 1964 1963
f 922 921 2218
f 1312 1098 1101
f 1307 1306 1286
f 1548 1569 1546
f 2266 2267 2268
f 2265 2268 2270
f 2272 2265 2269
f 2273 2266 2265
f 2275 2276 2277
f 2278 2274 2277
f 2284 2285 9069
f 2287 2283 2286
f 2288 2289 2283
f 2290 2284 9091
f 2291 2292 2293
f 2295 2291 2294
f 2296 2297 2291
f 2297 2298 2292
f 2294 2293 2299
f 2279 2294 2300
f 2298 2301 2302
f 2292 2302 2303
f 2293 2303 2304
f 2304 2305 2306
f 2308 2309 2310
f 2302 2307 2310
f 2301 2311 2307
f 2312 2308 2307
f 2313 2314 2315
f 2318 2319 2320
f 9200 9223 2322
f 2324 2325 2273
f 2313 2324 2326
f 2328 2324 2313
f 2329 2325 2324
f 2331 2332 2333
f 2330 2333 2267
f 2325 2330 2266
f 2329 2331 2330
f 2333 2334 2335
f 2336 2334 2333
f 2338 2336 2332
f 2331 2339 2337
f 2329 2340 2339
f 2328 2341 2340
f 2316 2342 2341
f 2342 2316 2315
f 2344 2345 2346
f 2341 2344 2347
f 2342 2348 2344
f 2348 2349 2345
f 2350 2351 2352
f 2339 2350 2353
f 2340 2347 2350
f 2347 2346 2351
f 2337 2353 2354
f 2353 2352 2355
f 2356 2277 2276
f 2356 2357 2358
f 2356 2359 2296
f 2279 2277 2356
f 2360 2361 2270
f 2267 2335 2360
f 2362 2363 2364
f 2362 2365 2361
f 2366 2362 2358
f 2366 2367 2363
f 2357 2276 2368
f 2366 2368 2369
f 2276 2275 2370
f 2368 2370 2282
f 2372 2373 2374
f 2375 2376 2377
f 2378 2379 2380
f 2382 2378 2381
f 2384 2385 2378
f 2385 2386 2379
f 2388 2389 2390
f 2387 2390 2392
f 2393 2394 2387
f 2394 2395 2388
f 2186 2401 2402
f 2403 2404 2327
f 2272 2403 2326
f 2271 2405 2403
f 2405 2406 2404
f 2404 2407 2408
f 2409 2410 2411
f 2409 2412 2271
f 2413 2409 2269
f 2413 2414 2410
f 2417 2415 2416
f 2417 2418 2406
f 2412 2417 2405
f 2411 2415 2417
f 2406 2419 2407
f 9013 8964 632
f 2420 2398 2397
f 2420 2421 2423
f 2424 2420 2422
f 2424 2399 2398
f 2425 2391 2392
f 2421 2425 2426
f 2397 2396 2425
f 2396 2393 2391
f 2427 2314 2408
f 2430 2427 2428
f 2343 2315 2427
f 2432 2343 2430
f 2431 2430 2429
f 2435 2431 2433
f 2436 2432 2431
f 2428 2408 2407
f 2422 2437 2407
f 2438 2437 2422
f 2429 2428 2437
f 2440 2434 2433
f 2441 2439 2433
f 2442 2443 2439
f 2443 2444 2440
f 2445 2446 2444
f 2447 2445 2443
f 2383 2381 2445
f 2381 2380 2446
f 2448 2438 2423
f 2449 2448 2426
f 2441 2448 2449
f 2441 2429 2438
f 2449 2392 2390
f 2450 2390 2389
f 2447 2450 2451
f 2442 2449 2450
f 2451 2389 2453
f 2452 2453 2455
f 2382 2452 2454
f 2383 2451 2452
f 2456 2457 2373
f 2459 2460 2461
f 2463 2464 2465
f 2462 2465 2285
f 2466 2462 2284
f 2467 2463 2462
f 2461 2460 9155
f 2468 2469 2470
f 2472 2468 2471
f 2474 2461 9153
f 2475 2476 2477
f 2458 2455 2453
f 2479 2453 2389
f 2395 2480 2479
f 2480 2459 2458
f 2481 2482 2483
f 2484 113 2485
f 2471 2470 2464
f 2473 2471 2463
f 2487 2467 2466
f 2486 2466 2290
f 2490 2486 2488
f 2491 2487 2486
f 2492 2473 2467
f 2493 2492 2487
f 2494 2495 2492
f 2495 2472 2473
f 9142 2496 2474
f 9143 2497 2496
f 2498 2494 2493
f 2500 2498 2499
f 9152 9139 2498
f 9139 9143 2494
f 2306 2504 2278
f 2305 2505 2504
f 2504 2505 2507
f 2506 2507 2288
f 2274 2506 2508
f 2278 2504 2506
f 9085 9084 2489
f 9072 9085 2488
f 2507 2509 2289
f 2505 2510 2509
f 2508 2288 2287
f 2511 2287 2281
f 2370 2511 2280
f 2275 2508 2511
f 2512 2490 2489
f 2514 2512 2513
f 2517 2512 2514
f 2517 2491 2490
f 2499 2493 2491
f 2499 2517 2516
f 2510 2505 2519
f 2518 2519 2521
f 9068 2518 2520
f 9084 2510 2518
f 2522 2304 2303
f 2523 2522 2310
f 2305 2304 2522
f 2524 2522 2523
f 2519 2524 2525
f 2505 2305 2524
f 2308 2312 2527
f 2526 2527 2529
f 2531 2526 2528
f 2309 2308 2526
f 1214 2532 2151
f 2419 2406 2418
f 2533 2345 2349
f 2534 2533 2317
f 2535 2536 2533
f 2536 2346 2345
f 2537 2351 2346
f 2538 2537 2536
f 2539 2540 2537
f 2540 2352 2351
f 2312 2355 2541
f 2527 2541 2542
f 2543 2435 2434
f 2545 2543 2544
f 2319 2318 2543
f 2318 2436 2435
f 2514 2515 2548
f 2547 2548 2550
f 2552 2547 2549
f 2552 2516 2514
f 2520 2521 2554
f 2553 2554 2556
f 9042 2553 2555
f 9073 2520 2553
f 2523 2309 2531
f 2557 2531 2530
f 2525 2523 2557
f 2559 2557 2558
f 2554 2559 2560
f 2521 2525 2559
f 2561 2375 2007
f 2376 2562 2225
f 2564 2565 2566
f 2563 2566 338
f 2569 2563 2567
f 2570 2564 2563
f 2572 2573 2574
f 2571 2574 2576
f 2544 2571 2575
f 2544 2434 2572
f 2578 2570 2569
f 2579 2577 2569
f 2574 2577 2579
f 2573 2578 2577
f 2581 2582 2583
f 2584 2580 2583
f 9149 9127 2580
f 9128 2581 2580
f 2582 2516 2552
f 2583 2552 2551
f 2500 2501 2589
f 2590 2588 2589
f 9145 9147 2588
f 9147 9152 2500
f 2501 2516 2591
f 2592 2593 2594
f 2386 2385 2503
f 2596 2379 2386
f 2596 2374 2373
f 2599 2596 2597
f 2599 2380 2379
f 2600 2446 2380
f 2600 2599 2598
f 2603 2600 2601
f 2603 2444 2446
f 2604 2603 2602
f 2440 2604 2605
f 2444 2603 2604
f 2606 2582 2581
f 2606 2607 2590
f 2591 2516 2582
f 9128 2587 2456
f 9141 2456 2372
f 2478 2477 2608
f 2609 2610 2611
f 2564 2570 2613
f 2612 2613 2598
f 2457 2612 2597
f 2565 2564 2612
f 2614 2613 2570
f 2615 2614 2578
f 2602 2601 2614
f 2601 2598 2613
f 2572 2434 2605
f 2616 2605 2602
f 2573 2572 2616
f 1459 1016 1045
f 1265 1215 1079
f 1612 1608 1609
f 2067 2057 2069
f 1135 1109 1136
f 1938 1937 2618
f 95 548 458
f 2058 1607 1608
f 1454 1469 1445
f 655 2620 1048
f 722 1049 2621
f 3665 3639 3634
f 1131 985 1033
f 562 1481 366
f 1723 1719 1725
f 1786 1123 1122
f 267 300 323
f 1325 2034 1654
f 1468 1165 1435
f 658 657 529
f 8 532 247
f 382 1557 1559
f 3631 3681 3680
f 788 619 1307
f 940 930 929
f 911 2622 2623
f 2621 2620 655
f 2624 1857 2625
f 998 1846 27
f 635 638 2626
f 2627 641 644
f 2628 2627 1840
f 1200 1199 2627
f 1199 1773 641
f 1520 515 49
f 1452 1350 1349
f 2630 2631 1859
f 644 643 1335
f 3683 3700 3699
f 1197 1198 717
f 2632 717 719
f 2628 2632 1166
f 2629 1197 2632
f 1762 2633 1050
f 1823 870 873
f 2634 2635 794
f 1042 794 2635
f 93 94 1901
f 2036 2038 1458
f 1527 332 1525
f 877 876 1274
f 134 409 797
f 1328 893 931
f 607 777 1091
f 1043 2635 2637
f 2636 2637 2639
f 1275 2636 2638
f 1275 1040 1043
f 1272 2624 2626
f 2640 2626 638
f 1110 2641 2640
f 536 1272 2640
f 1472 708 1474
f 2042 2030 1951
f 3668 3632 3633
f 1058 1106 1105
f 2642 2623 2643
f 1192 2642 2644
f 912 2623 2642
f 9350 1657 8970
f 1049 1048 2620
f 616 1829 1885
f 1331 1913 666
f 990 989 1198
f 1911 1912 321
f 1298 1282 1205
f 76 1490 1504
f 1502 1500 421
f 610 609 658
f 1146 937 659
f 2646 911 914
f 1280 1239 1238
f 1453 1454 1452
f 835 942 1843
f 1271 1270 1173
f 1893 1878 1826
f 1050 2633 1937
f 2651 2652 814
f 1006 1053 1281
f 2653 1084 2654
f 1001 1004 1003
f 585 997 679
f 2624 1272 621
f 555 678 2028
f 1207 526 1197
f 1626 1627 478
f 3729 3732 3731
f 3746 3749 3748
f 3770 3752 3750
f 426 389 419
f 1030 1193 1773
f 9350 645 634
f 534 1533 138
f 1125 1092 1042
f 333 228 88
f 569 1570 561
f 3691 3694 3693
f 1489 2656 871
f 1857 2624 620
f 1673 1674 9222
f 622 861 864
f 619 788 891
f 261 544 545
f 393 1555 1556
f 2658 2659 2647
f 1075 2658 2657
f 1081 1080 2658
f 1080 1139 2659
f 2644 2643 1141
f 2660 1141 1140
f 642 2660 1336
f 1193 2644 2660
f 679 678 555
f 3762 3765 3764
f 1503 1501 1500
f 1318 1317 1101
f 2661 2659 1139
f 2661 1142 2663
f 2662 2647 2659
f 2662 2663 2622
f 2664 2622 911
f 2648 2664 2646
f 2648 2647 2662
f 3586 3658 3779
f 2083 2094 2093
f 1442 1440 1437
f 3732 3734 3733
f 519 329 330
f 1885 2029 1209
f 799 800 805
f 1946 1943 1952
f 1302 1301 1253
f 3741 3738 3757
f 3660 3663 3662
f 566 2005 224
f 1389 940 928
f 683 682 681
f 836 835 1842
f 2665 1842 1845
f 2666 2665 1303
f 24 836 2665
f 831 1072 2650
f 1845 1844 1304
f 2010 2013 2012
f 1051 1936 2667
f 1522 1521 1511
f 531 440 441
f 1250 635 2625
f 2669 2625 1857
f 783 2669 1856
f 782 1250 2669
f 720 2670 2671
f 1055 1931 1930
f 1333 1067 1251
f 619 622 1308
f 652 655 2619
f 521 522 1539
f 1838 988 537
f 2672 537 536
f 1113 2672 2641
f 1113 527 1838
f 1016 1013 1351
f 9349 573 570
f 226 227 104
f 9008 9121 9279
f 1036 1037 1884
f 2674 1301 1304
f 2673 1304 1844
f 1334 2673 2675
f 1333 2674 2673
f 2676 702 1039
f 1843 2676 2675
f 942 1074 2676
f 1074 699 702
f 752 1057 1055
f 1200 1166 656
f 1120 1846 874
f 2677 874 877
f 1241 2677 1052
f 1119 1120 2677
f 1560 1513 151
f 1208 1316 611
f 215 735 736
f 1460 1459 1462
f 3717 3720 3719
f 1208 1207 1839
f 854 856 1282
f 3682 3697 3696
f 72 445 182
f 544 1563 1565
f 217 200 456
f 3673 3647 3781
f 2047 1404 930
f 1204 2618 1937
f 913 777 686
f 3705 3708 3707
f 840 527 1113
f 1531 729 730
f 2678 778 1283
f 601 667 1914
f 1537 1538 459
f 1819 1757 8953
f 991 1860 862
f 2679 711 1073
f 3776 3775 3581
f 2680 1830 983
f 779 2680 2256
f 778 2678 2680
f 2678 2679 1830
f 180 542 245
f 1886 1132 1131
f 3766 3768 3767
f 1138 1137 1274
f 3777 3778 3585
f 1841 598 1140
f 75 313 314
f 193 423 420
f 2681 2682 1099
f 3658 3586 3587
f 170 1567 1565
f 349 416 417
f 1121 1124 2684
f 547 797 409
f 123 122 121
f 2643 2663 1142
f 1542 1544 513
f 899 900 907
f 1210 677 676
f 791 663 982
f 24 27 837
f 893 896 932
f 1860 1320 863
f 535 538 862
f 3640 3684 3683
f 1569 1548 1547
f 181 455 542
f 660 659 937
f 2013 567 568
f 3781 3647 3644
f 887 890 2631
f 1524 1508 361
f 520 161 162
f 2653 855 854
f 1238 1237 2655
f 718 1838 527
f 1492 1493 518
f 792 616 615
f 599 846 1835
f 290 457 456
f 312 171 1552
f 1248 2687 1179
f 153 149 177
f 1240 1181 1222
f 1257 1292 1235
f 1291 1084 1083
f 1052 877 1277
f 743 742 2618
f 444 140 430
f 23 1224 1172
f 2687 2654 1180
f 102 103 409
f 1283 607 610
f 373 497 650
f 1180 2654 1084
f 855 2653 2655
f 1173 1270 1917
f 2689 850 853
f 2688 853 1108
f 2686 2688 1279
f 2687 2689 2688
f 2691 1302 1252
f 2690 1252 850
f 1248 2690 2689
f 1248 1247 2691
f 2692 617 24
f 2691 2692 2666
f 1247 1258 2692
f 1258 1168 617
f 394 1554 1555
f 2693 1260 1259
f 1072 1236 1262
f 1257 1071 1168
f 398 439 1555
f 871 1784 1314
f 1178 1232 1249
f 1224 1289 1173
f 1010 2617 2618
f 1175 1174 1292
f 2654 2687 2686
f 2694 1157 1216
f 71 418 1487
f 701 1112 1111
f 1072 1261 2649
f 1085 2695 22
f 895 2694 1264
f 1601 1606 1605
f 1259 1262 1271
f 21 20 1220
f 988 991 538
f 3533 3479 3535
f 598 597 1336
f 1050 860 818
f 1298 2645 1761
f 1168 1167 618
f 3629 3671 3670
f 858 1168 1256
f 39 242 516
f 2652 1761 819
f 313 316 315
f 2026 1970 1971
f 2656 1489 596
f 814 819 818
f 2696 2651 813
f 1260 2696 2649
f 2693 2697 2696
f 2697 1296 2651
f 381 355 390
f 9270 9271 1611
f 1475 1427 1428
f 1292 1174 1917
f 1551 353 354
f 1526 1525 1523
f 1593 1589 1595
f 1232 1269 1246
f 2695 2693 1223
f 2698 1297 1296
f 2698 2697 2693
f 2685 2698 2695
f 2685 854 1297
f 562 1497 271
f 2652 2651 1296
f 1365 1366 1364
f 1958 1946 1953
f 585 588 2210
f 1561 1560 1515
f 975 2648 1146
f 347 67 68
f 1038 1111 636
f 2700 781 780
f 2699 780 1036
f 2701 2699 1883
f 851 2700 2699
f 2674 1333 2251
f 2702 2251 781
f 1253 2702 2700
f 1301 2674 2702
f 1519 387 388
f 1273 1239 1280
f 2703 1280 1107
f 2701 2703 852
f 1829 1273 2703
f 91 260 326
f 1784 871 2656
f 2683 2684 2705
f 604 1894 8943
f 1669 8978 8992
f 2062 2063 2060
f 621 535 861
f 2023 731 732
f 686 779 1263
f 857 1051 2668
f 883 830 882
f 3648 3651 3650
f 637 636 1111
f 2668 894 893
f 3692 3712 3711
f 2667 921 894
f 1039 1038 1068
f 313 75 1504
f 1911 1972 305
f 1936 2706 1964
f 2707 2402 2401
f 2708 2707 2183
f 738 2163 2116
f 3785 3787 3709
f 2349 2348 2432
f 2711 2712 2020
f 2400 2711 2019
f 2714 2715 2716
f 2717 2718 2719
f 2721 2722 2723
f 2726 2727 2728
f 2725 2728 2730
f 2731 2725 2729
f 2732 2726 2725
f 2734 2735 2736
f 2738 2739 2740
f 2737 2740 2741
f 2744 2745 2746
f 2745 2744 2748
f 2749 2750 2747
f 2753 2749 2751
f 2250 1380 2246
f 3417 3420 3419
f 2754 1396 1614
f 9050 2754 2755
f 9060 2745 2747
f 1617 2756 2755
f 2242 2758 1620
f 3429 3432 3431
f 2191 2085 2760
f 2761 2759 2760
f 9100 2759 2761
f 9075 2191 2759
f 3209 3460 3354
f 1395 1394 2236
f 1395 2235 1636
f 3741 3791 3790
f 1616 1635 2229
f 3410 3413 3412
f 1617 2234 2763
f 2756 2763 9080
f 2765 2763 2234
f 2766 2764 9080
f 3202 3199 3458
f 1516 437 435
f 2768 2769 8996
f 1495 541 578
f 2135 2136 28
f 8970 8984 2773
f 1690 1689 9378
f 2778 2779 2780
f 2777 2780 2781
f 2784 2778 2777
f 8999 8965 575
f 1494 1904 9
f 8973 2016 2015
f 451 61 505
f 2786 2787 2788
f 2779 2786 2785
f 2789 2752 2741
f 2790 2753 2752
f 2792 2793 2794
f 2793 2795 2796
f 2796 2797 2750
f 2794 2796 2749
f 2798 1393 1396
f 9043 2798 2754
f 2798 2799 2800
f 9043 9114 2799
f 2797 2796 2795
f 2791 2794 2753
f 216 233 232
f 9256 2806 2807
f 9257 2809 2804
f 2769 2810 9001
f 183 185 184
f 2811 2812 2775
f 2804 2811 2776
f 2809 2813 2811
f 2812 2811 2813
f 9257 2808 2816
f 9248 2818 2815
f 9250 9252 2820
f 9245 2823 2819
f 2824 2736 2735
f 2823 2825 2824
f 2825 2823 2826
f 9245 2822 2827
f 9248 2817 2826
f 2713 2716 2829
f 2828 2829 2831
f 2822 2821 2828
f 2821 2820 2713
f 2832 2827 2822
f 2833 2832 2830
f 2834 2835 2832
f 2835 2818 2827
f 2837 2838 2839
f 2836 2839 2841
f 2842 2836 2840
f 2843 2837 2836
f 2840 2841 2845
f 2718 2844 2845
f 2730 2728 2844
f 2727 2840 2844
f 2846 2845 2841
f 2829 2846 2847
f 2847 2841 2839
f 2848 2839 2838
f 2833 2848 2849
f 2831 2847 2848
f 2850 2814 2851
f 2853 2850 2852
f 2783 2777 2782
f 2785 2788 2853
f 2780 2785 2856
f 2857 2858 2855
f 2859 2857 2782
f 2861 2843 2842
f 2860 2842 2727
f 2862 2860 2726
f 2863 2861 2860
f 2861 2863 2858
f 2843 2861 2857
f 2856 2853 2854
f 2781 2856 2864
f 2837 2843 2859
f 2838 2837 2864
f 2852 2851 2834
f 2854 2852 2849
f 2865 2815 2818
f 2851 2865 2835
f 2813 2809 2815
f 2814 2813 2865
f 2866 2812 2814
f 2788 2866 2850
f 2866 2788 2787
f 2812 2866 2867
f 1892 1889 1890
f 2720 2719 2846
f 298 299 256
f 2872 2714 2713
f 9246 9252 2735
f 2729 2730 2874
f 2846 2716 2715
f 2876 2877 2878
f 2733 2875 2878
f 9258 9259 2879
f 9258 2880 2872
f 2882 2883 2884
f 2881 2884 2715
f 2880 2881 2714
f 2879 2882 2881
f 2885 2886 2887
f 2888 2889 2890
f 2885 2890 2892
f 2893 2886 2885
f 1942 2151 2532
f 2895 2892 2720
f 2884 2895 2870
f 2883 2896 2895
f 2896 2891 2892
f 2889 2874 2717
f 2890 2717 2720
f 2897 2893 2891
f 2898 2897 2896
f 2899 2898 2883
f 2900 2899 2882
f 9249 2900 2879
f 2876 2902 2901
f 2901 2902 2904
f 1785 2656 1835
f 2905 2906 2899
f 2907 2908 2897
f 9249 2901 2903
f 632 576 577
f 8976 8991 2867
f 434 385 550
f 2768 2770 9092
f 2910 2911 1623
f 2241 2912 2758
f 9092 2770 2913
f 1623 2911 2757
f 9039 2242 2757
f 2229 1381 1380
f 2765 1630 1629
f 2915 2914 1629
f 9094 9093 2914
f 9093 9074 2765
f 2919 2916 9094
f 2918 2915 2912
f 9066 2918 2241
f 9070 2919 9065
f 8985 2177 2180
f 8965 2002 2188
f 3694 3626 3627
f 9157 9017 714
f 2925 2766 2917
f 2924 2917 2916
f 9062 2924 2919
f 9063 2925 2924
f 2926 2927 2766
f 9110 2926 2925
f 1715 1713 1705
f 785 497 498
f 1387 651 565
f 374 375 1899
f 9017 2203 2206
f 2929 2930 2886
f 2932 2933 2934
f 1905 1906 1908
f 2930 2935 2936
f 2938 2935 2930
f 1493 369 517
f 1603 1585 1586
f 2939 2938 2929
f 2940 2939 2908
f 9117 1707 1600
f 2886 2930 2937
f 2906 2907 2898
f 2908 2929 2893
f 2942 2934 2933
f 2941 2933 2937
f 8945 2941 2936
f 8942 2942 2941
f 2943 2944 2710
f 2943 2873 2874
f 2945 2943 2889
f 2946 2944 2943
f 2932 2945 2888
f 2931 2946 2945
f 727 1928 1929
f 2903 2904 2947
f 545 594 42
f 1480 1570 533
f 2907 2906 2949
f 2906 2905 2950
f 1558 452 215
f 9251 2903 2948
f 2054 1645 1644
f 9157 9136 2203
f 1828 1837 1849
f 2953 2954 2955
f 2952 2955 2957
f 2956 2261 2258
f 2953 2952 2258
f 2454 2455 2474
f 9199 2958 2959
f 9199 2132 2131
f 2961 2962 2963
f 2958 2963 2964
f 222 221 2485
f 2477 2226 2966
f 2631 2561 2006
f 2384 2454 2496
f 2967 2968 2959
f 2968 2967 2970
f 9211 2033 2971
f 9236 2971 2960
f 2972 2971 2033
f 2007 2377 2973
f 9004 9003 2134
f 1836 1833 1832
f 8950 2188 2090
f 955 810 959
f 672 675 674
f 633 710 713
f 2024 732 733
f 2025 2024 803
f 425 1552 1550
f 2975 2976 888
f 1319 1158 1157
f 1212 1935 2977
f 889 957 2228
f 1978 1974 1975
f 1138 1078 1329
f 751 665 2979
f 1619 1613 1625
f 2252 2255 1728
f 1157 1160 845
f 2706 1936 1938
f 2980 2255 2254
f 2982 2975 887
f 802 712 711
f 678 677 2029
f 527 840 690
f 1839 1207 2629
f 2983 2984 602
f 2983 1914 1913
f 2985 2983 1331
f 2986 2984 2983
f 2987 2637 2635
f 2985 2988 2639
f 2990 1319 1318
f 2991 2992 2993
f 2995 2991 2994
f 1106 1058 2991
f 1058 1057 2992
f 1415 1406 1365
f 1317 922 2217
f 1932 1728 2255
f 926 2998 2999
f 3001 2993 2992
f 3000 2992 1057
f 2999 3000 2978
f 2998 3001 3000
f 3002 2998 2209
f 3002 3003 2996
f 2993 3001 3002
f 1103 1106 2995
f 3004 2995 2996
f 2209 2210 3004
f 588 1103 3004
f 295 296 433
f 2638 2639 2988
f 3005 2988 1056
f 1305 3005 1930
f 1276 2638 3005
f 1987 1968 1993
f 2633 1762 1761
f 1423 1422 1417
f 9005 8961 739
f 2671 2670 2704
f 1473 1872 2035
f 922 1317 2694
f 1401 1400 1378
f 556 2028 1884
f 842 848 9277
f 1854 2706 2617
f 933 1082 1081
f 1440 1441 1436
f 529 657 719
f 1031 1025 1027
f 777 913 912
f 2645 1205 1204
f 441 438 1538
f 3771 3774 3773
f 790 1287 587
f 2065 2066 1610
f 1860 991 990
f 60 106 87
f 1424 1017 1948
f 332 1527 1507
f 261 262 138
f 187 188 449
f 1719 1720 1726
f 1931 1055 1059
f 3006 1059 1105
f 1287 3006 1104
f 1286 1931 3006
f 3007 3008 3009
f 3009 3008 653
f 618 999 26
f 2029 677 1210
f 957 601 600
f 1049 2146 2228
f 2631 890 3011
f 890 889 2227
f 3011 2227 2145
f 2561 3011 3012
f 1026 656 609
f 2706 1854 1961
f 3013 2965 2485
f 2148 2147 1267
f 3015 1267 1266
f 2997 2264 1101
f 642 641 1773
f 186 477 461
f 1041 1040 1320
f 1121 3016 3017
f 2984 2986 2987
f 3018 2987 2634
f 1048 603 3018
f 603 602 2984
f 2679 2678 801
f 2062 2072 2074
f 2061 2074 2076
f 414 303 1545
f 3016 1121 2683
f 3019 2683 2704
f 3020 3019 2670
f 3007 3016 3019
f 1871 1090 1091
f 3021 1787 1122
f 3022 3021 3017
f 1314 3021 3022
f 1784 1787 3021
f 1316 1315 1763
f 3023 3022 3010
f 3023 3009 795
f 1763 3023 1092
f 1315 3022 3023
f 3016 3007 3010
f 752 751 2978
f 2986 2639 2637
f 3024 654 653
f 3020 3024 3008
f 720 723 3024
f 723 2621 654
f 2681 1098 1268
f 2671 3025 1268
f 2705 2681 3025
f 1313 3026 3027
f 3026 3028 3029
f 3027 3029 3030
f 1311 3027 3031
f 2012 568 731
f 917 2657 974
f 3742 3745 3744
f 743 1206 856
f 1888 2027 2030
f 2682 2705 2684
f 3032 2684 1124
f 1100 3032 2989
f 1099 2682 3032
f 1123 2990 2989
f 3033 1834 1159
f 2990 3033 1158
f 1123 1786 3033
f 1786 1785 1834
f 1054 1056 2988
f 2979 665 664
f 2623 2622 2663
f 1095 660 688
f 3034 3035 2261
f 3036 3034 2956
f 3037 3038 3034
f 3038 3039 3035
f 3040 3041 3026
f 2263 3042 3041
f 3042 3039 3043
f 3041 3043 3028
f 3044 3045 3043
f 3046 3047 3045
f 3047 3048 3049
f 3043 3045 3049
f 3038 3037 3051
f 3050 3051 3053
f 3052 3046 3044
f 3039 3038 3050
f 3054 3035 3039
f 3042 2263 2262
f 2261 3035 3054
f 2216 2263 2997
f 2212 2211 2667
f 3056 868 2209
f 934 3057 1961
f 2013 9207 9209
f 3058 3059 3060
f 3059 3062 3063
f 3060 3063 2213
f 3061 3060 1963
f 3063 3064 2214
f 3062 3065 3064
f 3065 2257 2260
f 3064 2260 2215
f 3066 3067 3031
f 2608 2966 3067
f 2966 2562 3068
f 3031 3067 3068
f 2455 2458 2461
f 2476 2223 2226
f 8995 2090 2089
f 8970 2774 9221
f 433 354 355
f 2115 1423 1419
f 8953 2868 2922
f 9221 9189 2131
f 3069 2611 2167
f 2971 2972 2928
f 2961 2774 2773
f 3070 2475 2478
f 2610 2609 3071
f 2502 2371 2374
f 3072 2592 2595
f 2964 3046 3052
f 3048 2593 3074
f 2593 2592 3075
f 3075 3030 3029
f 3074 3029 3028
f 3072 3076 3075
f 3076 3072 2482
f 2481 2608 3066
f 3076 3066 3030
f 2967 3052 3053
f 2482 3072 3073
f 479 480 493
f 706 9352 9325
f 9005 2194 2221
f 2013 2010 9206
f 8977 2032 2016
f 9006 8963 2222
f 1171 1154 1155
f 3782 3644 3689
f 2586 2566 2565
f 2982 110 113
f 2562 2376 3077
f 2376 2375 3012
f 3012 2145 2148
f 3077 2148 3015
f 2963 3047 3046
f 3051 3078 2970
f 1683 2173 491
f 9302 2122 1447
f 1986 2181 9186
f 3079 3080 2546
f 3081 3079 2575
f 1983 1986 9220
f 3082 2323 2319
f 3080 3082 2545
f 9186 9184 3082
f 9184 9200 2323
f 1309 1471 1888
f 3073 2595 2772
f 2760 3083 3084
f 2760 2085 2088
f 3085 3084 3086
f 3089 3085 3090
f 3089 2762 3084
f 3092 3088 3090
f 3093 2748 2744
f 2751 2747 2748
f 3093 2741 2752
f 2742 2741 3093
f 3094 3093 2743
f 3096 3097 3098
f 3099 3096 3087
f 3097 3094 3095
f 3100 2743 2746
f 3101 2927 3102
f 2764 2766 2927
f 2745 2764 3101
f 3102 3092 3091
f 3100 3091 3095
f 2869 2802 9044
f 3102 3103 3104
f 9110 2868 2869
f 2927 2926 3103
f 3098 3095 3091
f 3087 3098 3090
f 2088 2125 3105
f 3083 3105 3086
f 2483 3073 2771
f 2401 2186 2185
f 3099 3086 3105
f 2125 2207 3106
f 3108 2737 2742
f 3107 2742 3094
f 3110 3108 3107
f 3109 3107 3097
f 3111 3109 3096
f 3112 3110 3109
f 3113 2738 2737
f 3115 2723 2722
f 3117 3115 3114
f 3119 3117 3116
f 3118 3116 3120
f 3116 3114 3113
f 3122 3112 3111
f 3122 3123 1755
f 3124 3125 3126
f 3125 3118 3121
f 3128 3119 3118
f 3129 3128 3125
f 2020 2712 3128
f 9305 9309 1346
f 1065 1046 1047
f 1814 9290 9282
f 2021 2020 3129
f 3111 3099 3106
f 3123 3106 2207
f 2377 2225 2224
f 3014 2485 113
f 1756 2208 9234
f 3131 3132 2530
f 3133 3131 2528
f 1753 1756 9219
f 3134 3124 3127
f 2327 2408 2314
f 2436 2318 2317
f 2018 2021 9163
f 2534 3136 3137
f 2320 2322 3136
f 2185 2018 9164
f 3138 3139 2542
f 3134 3135 9196
f 9237 3130 3134
f 3140 3138 2539
f 2535 3137 3140
f 9163 2021 3130
f 2558 2530 3132
f 9234 9212 3141
f 2560 2558 3141
f 9212 9229 3142
f 958 888 2976
f 1933 1932 2980
f 3714 3704 3729
f 2399 2424 2418
f 2348 2342 2343
f 2322 2320 2319
f 2718 2717 2874
f 2709 2729 2873
f 2894 2871 1361
f 3788 3789 3720
f 346 289 176
f 1876 1877 1882
f 2802 2803 9059
f 3104 3144 3088
f 2974 2222 9101
f 3089 3145 2761
f 3088 3144 3145
f 2803 2974 9055
f 9322 9361 692
f 2123 1419 1418
f 1365 1363 1368
f 3346 3345 3344
f 1581 1766 1782
f 9013 2202 2129
f 8999 2003 2002
f 3146 2585 2551
f 9203 3146 3147
f 9194 3149 3146
f 3149 2584 2585
f 3196 3198 3197
f 9056 2192 2191
f 3142 3150 2556
f 9229 9230 3150
f 9098 3152 2550
f 3150 3151 2555
f 9230 9232 3151
f 9240 9233 3152
f 3153 3147 2551
f 3152 3153 2549
f 9233 9228 3153
f 9228 9202 3147
f 3148 2767 2206
f 2183 2401 2321
f 2132 2960 2928
f 3299 3300 3321
f 9136 9137 2204
f 9171 2198 2197
f 2594 2962 2773
f 2595 2594 2951
f 1870 798 799
f 3257 3260 3259
f 9165 2179 2178
f 9158 2178 9188
f 336 3154 9226
f 339 3155 3154
f 9241 9135 3149
f 9135 9149 2584
f 2963 2962 3048
f 9174 9182 337
f 339 338 2566
f 3156 3157 2168
f 2610 3156 2167
f 2954 2953 3156
f 3157 3156 2953
f 9159 2166 2169
f 2567 3158 3159
f 337 3158 2567
f 9182 3069 2166
f 9216 2190 1983
f 2579 3160 3081
f 2568 3159 3160
f 9161 2169 2190
f 3065 3062 3162
f 3161 3162 1984
f 3157 3161 2189
f 2257 3065 3161
f 734 735 1922
f 3059 3058 2708
f 3163 2708 2182
f 3162 3163 1985
f 3062 3059 3163
f 3203 3206 3205
f 3806 3809 3808
f 2122 2119 1448
f 9269 1686 1685
f 139 140 444
f 1570 569 566
f 2957 3164 3165
f 2955 3166 3164
f 1912 454 341
f 3130 3129 3124
f 1548 322 319
f 1949 1950 1327
f 2969 2970 3078
f 3167 3078 3169
f 9176 2014 2017
f 9172 2017 2033
f 3168 3169 3165
f 3170 3165 3164
f 9231 3170 3171
f 9176 3168 3170
f 3171 3164 3166
f 3172 3166 3071
f 9204 3172 3173
f 9208 3171 3172
f 3169 3037 3036
f 2593 3048 2962
f 3173 3071 2609
f 3174 2609 2199
f 9235 3174 2198
f 9201 3173 3174
f 2190 2189 1984
f 2196 2195 2767
f 3326 3329 3328
f 2119 2120 1414
f 1464 1463 1466
f 2199 2611 3069
f 2457 2456 2587
f 2226 2225 2562
f 481 478 1627
f 333 1512 235
f 3078 3051 3037
f 3040 2264 2997
f 3351 3352 3262
f 2219 1934 1933
f 2385 2384 2497
f 221 2220 3175
f 2220 1933 3143
f 3175 3143 2976
f 2484 3175 2975
f 2954 3071 3166
f 2630 1858 110
f 1547 319 1952
f 2091 2090 2188
f 9185 9188 2178
f 1918 1919 1927
f 9007 112 111
f 3398 3401 3400
f 955 956 960
f 2037 3014 112
f 3143 2980 2981
f 2218 2211 2214
f 672 9329 9239
f 2152 3013 3014
f 1147 1144 1143
f 2248 2246 1409
f 1615 1636 1635
f 1410 1409 2246
f 3486 3488 3487
f 3468 3469 3502
f 3451 3453 3452
f 1382 3176 3177
f 3177 1410 2247
f 2247 1383 3177
f 3176 2238 2230
f 1410 3177 3179
f 3179 3180 2243
f 1633 3181 2800
f 3816 3818 3817
f 1621 1620 2758
f 3642 3801 3662
f 3422 3421 3260
f 1622 1621 2245
f 2236 1394 3181
f 3793 3796 3795
f 3493 3496 3495
f 2237 2236 3182
f 3513 3516 3515
f 2250 1631 2233
f 3654 3666 3667
f 2912 1629 1628
f 3819 3822 3821
f 3432 3824 3823
f 135 136 1564
f 1567 419 512
f 1085 1084 2653
f 3184 869 868
f 869 3184 3057
f 3389 3388 3387
f 1266 1268 1098
f 1267 2147 722
f 937 1146 2646
f 2146 1049 722
f 2211 2218 921
f 1957 510 507
f 1313 1312 2264
f 1496 362 1493
f 2887 2937 2933
f 1687 1688 1659
f 145 1499 1498
f 3831 3829 3830
f 37 38 418
f 1935 1934 3185
f 104 89 301
f 2101 2098 2083
f 543 298 360
f 1934 2219 3186
f 234 1521 212
f 9297 9273 1822
f 3825 3828 3827
f 1976 1875 1874
f 223 3186 2219
f 9107 9108 9057
f 2165 2164 467
f 467 468 2165
f 773 476 2165
f 3673 3658 3659
f 1935 1212 1728
f 3490 3491 3840
f 3362 3359 3848
f 3862 3865 3864
f 3465 3466 3484
f 3893 3894 3525
f 3352 3351 3430
f 3869 3872 3871
f 3529 3530 3567
f 3420 3417 3922
f 3304 3235 3236
f 3929 3932 3931
f 3324 3326 3327
f 3219 3937 3939
f 3220 3938 3937
f 3450 3375 3376
f 3942 3832 3833
f 3215 3216 3454
f 3946 3332 3215
f 3422 3949 3948
f 3950 3457 3198
f 3205 3206 3957
f 3261 3962 3961
f 3852 3853 3964
f 3214 3211 3946
f 3965 3213 3214
f 3797 3800 3799
f 3988 3991 3990
f 3777 3779 3806
f 3855 3858 3447
f 3737 3799 3800
f 3949 3953 3952
f 3651 3782 3783
f 4001 3784 3787
f 4019 4022 4021
f 4027 4030 4029
f 3258 3259 4030
f 4033 4036 4035
f 3424 3425 4047
f 3242 3243 4058
f 3970 3489 3547
f 3829 3242 4057
f 3333 3332 3947
f 4063 4068 4065
f 4073 4076 4075
f 3568 3456 3443
f 3981 3334 3335
f 3540 3915 3862
f 4078 4079 4031
f 3565 3566 4088
f 3442 3455 4089
f 4092 4095 4094
f 4093 4094 4097
f 3619 3620 3623
f 3660 4098 3821
f 3809 3648 3649
f 3610 3652 3655
f 3656 3622 3623
f 3621 3803 3804
f 3503 3480 3481
f 3436 3439 3438
f 3356 3428 3427
f 3628 3670 3669
f 3734 3811 4002
f 3276 3273 3370
f 3763 4106 4107
f 4006 4007 3754
f 3747 3751 3752
f 3863 3864 4110
f 3994 3891 4003
f 3653 3801 3664
f 3296 4116 4115
f 4117 4120 4119
f 3249 3252 3251
f 4127 4130 4129
f 3478 3575 3903
f 3410 4136 3921
f 3977 4061 4038
f 3216 3452 3453
f 3967 3547 3548
f 4140 4078 4032
f 3509 4086 4149
f 4151 4152 3659
f 4153 4152 3656
f 4153 4154 3646
f 4156 3688 3645
f 4139 4077 4078
f 3743 3744 4163
f 3861 3918 3987
f 3468 4066 4067
f 3306 3981 3980
f 4172 4173 4010
f 4169 4170 3836
f 4187 4190 4189
f 4213 4216 4215
f 4220 4223 4222
f 4225 4226 4211
f 4230 4233 4232
f 4240 4243 4242
f 3606 3609 3608
f 4250 4253 4252
f 4258 4261 4260
f 4077 4080 4079
f 4276 4279 4278
f 4308 4262 4263
f 4017 4018 3872
f 3196 3193 3951
f 4316 4317 4270
f 3870 4306 4307
f 4324 4327 4326
f 4333 4334 4247
f 4338 4341 4340
f 4348 4351 4350
f 4283 4284 4289
f 4356 4359 4358
f 4359 4019 4020
f 4362 4363 4196
f 4320 4364 4279
f 4370 4372 4296
f 4377 4253 4303
f 4231 4232 4201
f 4203 4212 4331
f 4037 4040 4039
f 4371 4265 4386
f 4387 4346 4347
f 3309 3293 3294
f 4099 3723 3724
f 4355 3422 3257
f 3630 3680 3693
f 4277 4278 4302
f 4350 4318 4319
f 4353 4354 4351
f 3637 3634 3639
f 4394 4395 3827
f 3311 3312 4399
f 3755 3708 4005
f 4363 4362 4259
f 3454 3453 3919
f 3446 3447 3459
f 4298 4299 4404
f 3749 3746 3769
f 3791 3741 3756
f 3643 3685 3684
f 3845 3846 3399
f 4313 3257 3258
f 4411 4413 4408
f 3843 4424 4423
f 4214 4215 4329
f 4431 4434 4433
f 3918 3861 3798
f 3927 3928 3388
f 4453 3893 3874
f 4138 4458 4457
f 3346 4460 4459
f 4100 4109 4108
f 3974 3977 3976
f 3665 3655 3652
f 3773 3565 3993
f 3945 3454 3920
f 4144 4463 4462
f 4464 4467 4466
f 3268 4142 4479
f 4484 3921 4136
f 3348 3914 4487
f 3313 3314 3912
f 3803 3621 3617
f 4086 3509 3510
f 4034 3304 3305
f 3403 3404 4171
f 4481 4482 4492
f 4177 4180 4179
f 4398 4170 3923
f 4451 4493 4494
f 4501 4075 4076
f 4509 4510 4506
f 3304 4034 4462
f 4485 4399 3312
f 3419 4488 3349
f 4356 4345 4385
f 4026 4354 4358
f 4354 4353 4357
f 3599 3596 4091
f 4341 4338 4254
f 4251 4252 4524
f 3482 3485 3484
f 3843 3543 3544
f 4295 4341 4274
f 4381 4530 4206
f 4204 4205 4531
f 4533 4536 4535
f 4542 4545 4544
f 4546 4549 4548
f 4573 4574 4547
f 4575 4578 4577
f 4221 4581 4580
f 4587 4590 4589
f 4328 4592 4589
f 4187 4565 4563
f 4595 4583 4593
f 4597 4605 4604
f 4609 4608 4611
f 4620 4623 4622
f 4612 4615 4614
f 4636 4638 4600
f 4649 4651 4650
f 4652 4655 4654
f 4662 4665 4664
f 4666 4669 4668
f 4637 4639 4685
f 4627 4701 4700
f 4684 4686 4636
f 4663 4689 4661
f 4699 4698 4697
f 4647 4648 4703
f 4709 4711 4603
f 4724 4633 4726
f 4742 4745 4744
f 3311 3923 3924
f 4698 4759 4758
f 4749 4765 4609
f 4342 4345 4344
f 4797 4800 4799
f 4490 4048 3974
f 4019 4359 4306
f 4512 3955 4514
f 3991 3988 4508
f 4692 4695 4694
f 4680 4681 4818
f 4821 4822 4824
f 4367 4239 4243
f 4833 4832 4831
f 4837 4744 4757
f 4332 4563 4562
f 4683 4835 4819
f 4845 4843 4850
f 4751 4753 4752
f 4854 4855 4695
f 4858 4719 4718
f 4822 4559 4859
f 4674 4646 4647
f 4771 4774 4773
f 4726 4727 4537
f 4714 4718 4719
f 4633 4634 4688
f 4616 4619 4618
f 4686 4684 4842
f 4869 4707 4708
f 3502 3868 3528
f 4777 4660 4737
f 4734 4732 4779
f 4883 4755 4663
f 4375 4294 4274
f 4290 4343 4335
f 4816 4815 4812
f 4778 4779 4732
f 4158 3710 4160
f 4195 4198 4197
f 3860 3861 4166
f 3758 3759 3763
f 3694 3691 4157
f 4249 4248 4391
f 3467 3470 3469
f 4209 4212 4211
f 4142 3268 4144
f 3615 3614 3617
f 3479 3480 3536
f 4883 4753 4672
f 4802 4801 4642
f 3698 3637 3638
f 4105 3725 3726
f 4848 4645 4896
f 4878 4877 4744
f 4610 4874 4748
f 4036 3403 4489
f 4355 4313 4314
f 4171 4141 4049
f 3875 3452 3216
f 4868 4865 4863
f 4623 4900 4691
f 3629 3626 4155
f 4654 4887 4898
f 4012 4015 4014
f 4902 4903 4866
f 4768 4769 4908
f 4370 4386 4385
f 4888 4860 4914
f 3546 3543 3917
f 4932 4926 4931
f 3625 3622 4151
f 3804 3669 3670
f 3816 4104 4103
f 4911 4898 4887
f 4928 4930 4927
f 4925 4929 4927
f 3655 3665 3666
f 4932 4919 4910
f 4937 4923 4912
f 4939 4938 4942
f 4228 4529 4530
f 4946 4945 4942
f 4938 4922 4923
f 4942 4938 4937
f 4951 4950 4930
f 4955 4951 4928
f 4748 4750 4615
f 4914 4860 4847
f 4824 4859 4584
f 4940 4939 4941
f 4916 4961 4960
f 4909 4907 4891
f 4971 4967 4968
f 4966 4970 4948
f 4962 4952 4953
f 4940 4935 4924
f 4831 4916 4917
f 4935 4936 4925
f 4275 4255 4261
f 4679 4758 4791
f 4016 4309 4373
f 4668 4764 4766
f 4539 4537 4727
f 4929 4925 4936
f 4775 4776 4801
f 4801 4776 4742
f 4732 4734 4611
f 4985 4984 4983
f 4534 4586 4562
f 4847 4644 4645
f 4788 4787 4619
f 4787 4788 4678
f 4657 4606 4605
f 4994 4996 4878
f 5006 5009 5008
f 5001 5003 4973
f 4814 4618 4619
f 5014 4989 4974
f 5003 5002 4972
f 5019 5006 5007
f 5024 5016 5017
f 5036 5037 5035
f 4990 5019 4975
f 5045 5033 5034
f 5048 5049 5034
f 5025 5017 5014
f 5046 5038 5043
f 5051 5052 5055
f 5044 5050 5060
f 5011 4981 5021
f 5013 5069 5068
f 5028 5073 5072
f 5077 5074 5064
f 5065 5080 5079
f 5083 5079 5080
f 5063 5067 5080
f 5054 5055 5071
f 4602 4603 4711
f 5058 5082 5083
f 4982 4983 4792
f 5041 5033 5045
f 3909 3911 3278
f 3471 3474 3473
f 5002 5003 4994
f 5060 5080 5067
f 4892 4861 4862
f 4891 4813 4884
f 4996 4994 5003
f 4997 5015 5005
f 4813 4617 4614
f 4618 4814 4827
f 5089 5090 5093
f 3303 3306 3305
f 5100 5103 5102
f 5107 5110 5109
f 5110 5115 5092
f 4610 4611 4734
f 5112 5103 5100
f 5088 5091 5090
f 5119 5118 5117
f 5092 5115 5096
f 3826 3830 3829
f 5108 5109 5102
f 5100 5130 5087
f 5118 5131 5133
f 3783 3689 3690
f 4444 4447 4446
f 5151 5153 5150
f 4790 4616 4617
f 4332 4182 4190
f 3266 3267 4451
f 3211 3947 3332
f 4741 4796 4760
f 4775 4778 4777
f 4764 4665 4691
f 4489 4171 4048
f 4466 4477 4511
f 4518 3936 3930
f 4786 4787 4791
f 4980 5005 4984
f 5144 5152 5150
f 5159 5146 5148
f 5121 5119 5120
f 5169 5164 5162
f 5016 4978 4979
f 5123 5180 5179
f 5181 5180 5140
f 5175 5185 5184
f 4575 4581 4586
f 4984 4985 4976
f 4596 4599 4598
f 5182 5181 5183
f 4785 4619 4787
f 5137 5124 5122
f 5167 5179 5180
f 4835 4683 4898
f 4687 4727 4726
f 4176 3836 4170
f 4760 4761 4655
f 4681 4680 4649
f 5121 5093 5132
f 5171 5191 5178
f 5174 5178 5191
f 5169 5193 5194
f 4909 5094 5095
f 5105 5104 5112
f 4767 5108 5126
f 5201 5202 5205
f 5219 5218 5217
f 5229 5214 5200
f 5234 5237 5236
f 4069 4072 4071
f 4724 4725 4717
f 5108 4767 4768
f 5103 5195 5126
f 5227 5218 5211
f 5015 4997 4884
f 4997 4998 4892
f 5197 5198 5215
f 5241 5199 5247
f 5013 4975 5019
f 5205 5239 5232
f 4969 4967 4971
f 5239 5205 5249
f 4808 5243 5225
f 5216 5247 5199
f 5253 5245 5242
f 5235 5236 5255
f 5135 5148 5157
f 5264 5260 5267
f 5245 5203 5215
f 5260 5261 5269
f 5264 5266 5274
f 5154 5153 5173
f 5287 5272 5278
f 5256 5301 5300
f 5173 5174 5176
f 4631 4630 4629
f 4781 4784 4783
f 5309 5307 5311
f 5155 5156 5144
f 4826 4828 4827
f 5291 5295 5308
f 5310 5311 5281
f 5311 5307 5308
f 4036 4033 4176
f 4641 4716 4704
f 5220 5224 4804
f 4770 5206 5207
f 5188 5185 5175
f 5180 5123 5129
f 4626 4700 5314
f 4731 4728 5315
f 5222 5213 5210
f 4728 4882 5316
f 5230 5219 5216
f 5297 5296 5240
f 5204 5233 5208
f 5318 4868 4864
f 5273 5272 5287
f 5221 5210 5219
f 4700 4902 5321
f 5313 5314 5328
f 5157 5149 5154
f 5275 5276 5263
f 5324 5322 5318
f 5323 5332 5331
f 5343 5334 5345
f 5306 5310 5286
f 5278 5281 5311
f 4882 4625 5320
f 5109 5110 5114
f 5123 5087 5130
f 5299 5283 5284
f 5240 5198 5199
f 5229 5231 5197
f 5305 5302 5292
f 5233 5228 5225
f 5192 5190 5194
f 5104 5105 4670
f 5146 5159 5160
f 5337 5340 5347
f 5347 5340 5341
f 5353 5346 5335
f 5349 5355 5354
f 5355 5358 5357
f 5358 5355 5360
f 5355 5349 5348
f 5342 5366 5365
f 5345 5346 5362
f 5332 5364 5367
f 5372 5371 5315
f 5370 5365 5366
f 5361 5356 5354
f 5364 5365 5368
f 5369 5344 5362
f 5316 5320 5330
f 5373 5359 5371
f 5341 5342 5364
f 5374 5358 5359
f 5329 5376 5375
f 5377 5380 5379
f 5377 5376 5331
f 5380 5377 5367
f 5363 5383 5370
f 5357 5358 5374
f 5381 5385 5361
f 4814 4815 4825
f 4825 4815 4816
f 4806 4746 4747
f 5119 5121 5131
f 4696 4697 4893
f 4696 5389 5390
f 5213 5222 5388
f 5393 5389 5388
f 5380 5382 5384
f 5213 5387 4893
f 4813 4891 4908
f 5390 5392 4693
f 5294 5289 5287
f 5184 5185 5186
f 5285 5275 5253
f 4769 4789 4790
f 5327 5371 5359
f 4598 4621 4690
f 4608 4606 4733
f 4627 4624 4609
f 4596 4604 4851
f 4900 4623 4706
f 4668 4795 5395
f 4863 4865 4639
f 5392 5393 4666
f 4872 4650 4651
f 4807 4791 4758
f 5348 5338 5325
f 5176 5191 5190
f 5046 5031 5022
f 4853 4852 4869
f 5346 5353 5363
f 4709 4880 4620
f 4672 4673 4904
f 4680 4811 4651
f 4841 4844 4688
f 4823 4817 4818
f 4729 4730 4602
f 4881 4729 4851
f 5360 5348 5326
f 4852 4900 4707
f 4890 4751 4669
f 5392 5390 5389
f 5189 5182 5186
f 4881 4604 4605
f 5343 5344 5369
f 4607 4624 4625
f 5056 5055 5052
f 4850 4797 4798
f 3260 5399 5398
f 4855 4736 4899
f 5339 5343 5366
f 4789 4905 4808
f 5400 4040 3948
f 3872 3424 4046
f 4018 3423 3424
f 4025 4523 4172
f 4011 4023 4024
f 4065 4068 3900
f 3413 4012 4013
f 5056 5068 5069
f 5055 5056 5070
f 4062 5398 5399
f 5269 5289 5294
f 4685 4866 4903
f 5254 5242 5240
f 4606 4657 4658
f 4729 4881 4882
f 4030 4041 4043
f 4664 4752 4753
f 3575 3483 3904
f 3413 3410 3922
f 4949 4968 4955
f 4947 4937 4913
f 4849 4850 4894
f 4143 3974 3975
f 4912 4923 4932
f 3774 3771 3995
f 3956 3954 3342
f 4871 4872 4758
f 4270 4273 4272
f 4039 4040 5400
f 3555 3969 5402
f 5403 5404 3906
f 3908 4126 3823
f 4124 4121 5408
f 3901 3902 4046
f 4120 4117 5410
f 4124 3962 4125
f 5420 3906 5404
f 5424 4059 5425
f 3400 5429 5428
f 5432 5433 5435
f 4941 4942 4945
f 4935 4940 4949
f 3895 3898 3897
f 5426 5408 4121
f 5430 3905 3906
f 4045 4041 5398
f 5395 4693 5392
f 4846 4903 4701
f 4880 4709 4710
f 4624 4607 4608
f 4656 4690 4662
f 5305 5307 5309
f 5220 5223 5222
f 4230 4223 4327
f 5030 5073 5028
f 5213 5212 5211
f 5440 3272 3269
f 4396 4397 3980
f 5447 5448 3244
f 3328 3330 5451
f 4208 4391 4248
f 4599 4620 4621
f 4528 4339 4391
f 4529 4228 4199
f 4526 4338 4339
f 4256 4235 5452
f 4532 5452 4241
f 3834 4400 5446
f 5443 5445 5444
f 4530 4247 4334
f 4754 4886 4904
f 4229 4228 4381
f 4205 4382 4383
f 4892 4998 4987
f 4039 4032 3976
f 4738 4780 4796
f 4833 4835 4897
f 4232 4527 4200
f 4194 4240 4241
f 4889 4794 4750
f 4194 4191 4365
f 4531 4383 4195
f 5043 5042 5062
f 4182 4332 4561
f 5446 5447 3241
f 5237 5239 5248
f 4206 4334 4382
f 5210 5211 5218
f 3426 3922 3417
f 4216 4191 4192
f 4219 4210 4184
f 4180 4561 4380
f 4327 4595 4591
f 4223 4230 4231
f 4215 4192 4360
f 4186 4568 4218
f 4190 4330 4209
f 4223 4220 4595
f 4326 4591 4328
f 4366 4389 4568
f 4570 4548 4549
f 4579 4573 4548
f 4563 5453 4533
f 4583 4595 4220
f 4586 4380 4561
f 4239 4196 4363
f 4572 4571 4567
f 4536 4539 4585
f 4538 5453 4566
f 4536 4533 5453
f 3573 3986 3983
f 5427 3963 3552
f 4553 4587 4588
f 4593 4554 4555
f 4368 4365 4183
f 4361 5452 4235
f 4233 4369 4527
f 4233 4230 4324
f 4212 4209 4330
f 4237 4324 4325
f 4193 4241 5452
f 4983 5015 4885
f 5002 4995 4986
f 5074 5077 5076
f 4698 4699 5391
f 5391 4699 5390
f 4871 4899 4650
f 4546 4857 4543
f 4553 4550 4901
f 4552 4588 4555
f 5223 4804 4805
f 5386 5382 5383
f 5317 5315 5371
f 3240 3237 4429
f 5384 5385 5381
f 3938 3217 3218
f 3942 3943 5455
f 5361 5385 5386
f 4542 4540 4541
f 3910 5430 5420
f 3939 3333 4060
f 3851 5350 5351
f 3838 5427 3556
f 4547 4858 4857
f 5442 5443 4050
f 3385 3874 5428
f 4257 4234 4235
f 5312 5212 4893
f 4212 4203 4204
f 3854 3849 5461
f 4226 4184 4210
f 4202 4177 4178
f 3316 3983 3897
f 5464 5465 4432
f 5465 5466 3883
f 4472 4469 4449
f 4501 4472 4450
f 4074 4075 4080
f 5473 5474 5401
f 4173 4172 5475
f 3432 3429 3520
f 3462 5505 5504
f 4075 4501 4494
f 5482 5481 3387
f 5468 5471 5470
f 3427 5421 5422
f 4498 4499 4487
f 5403 3824 5414
f 3382 5523 5522
f 3492 5512 5511
f 3429 3434 3517
f 3873 5522 5524
f 5480 5479 3350
f 3477 5508 5505
f 4507 4508 5544
f 4396 5550 5551
f 3374 5552 5553
f 3373 5553 5554
f 5479 4521 4063
f 3390 5554 5555
f 5531 5525 5566
f 3368 5568 5567
f 5556 5557 5560
f 3393 5555 5557
f 4433 3364 5463
f 5464 5463 5458
f 4435 4437 4439
f 4055 4393 3277
f 3273 3278 3911
f 3395 3357 3358
f 5486 3894 4071
f 5526 4455 4453
f 5525 5570 5569
f 5568 3526 3527
f 3527 3362 3847
f 3365 5461 3849
f 5462 3849 3850
f 4435 4436 5571
f 3378 3379 3943
f 5573 5578 5577
f 4438 5455 3943
f 5477 5574 5579
f 5582 5581 5580
f 5583 5580 5581
f 5586 5585 5588
f 4074 5472 5586
f 5583 5585 5474
f 4507 5589 5590
f 5573 5478 4522
f 3989 5595 5596
f 5594 3406 3407
f 4436 3381 5572
f 5591 3990 3991
f 4507 4475 4476
f 3990 5591 5587
f 5578 3409 3406
f 5595 3989 5584
f 5484 3394 3358
f 4441 4442 5467
f 5472 4074 4077
f 5522 5599 5570
f 5486 3358 3353
f 5481 4498 3386
f 3475 5506 5492
f 5476 4523 3899
f 5540 5541 5606
f 5542 5540 5603
f 5608 5543 5542
f 5608 5607 5545
f 5607 5603 5609
f 5599 5600 5548
f 5598 5592 5543
f 5595 5594 5593
f 5588 5584 3989
f 5626 3265 3266
f 5627 3266 4448
f 5469 4449 4469
f 4515 4517 5625
f 4503 4473 4474
f 4481 5626 5627
f 4500 5628 5469
f 3414 4468 5466
f 5594 5595 5581
f 3376 3377 4430
f 3444 3944 3941
f 5572 3944 3444
f 4273 4286 4287
f 4345 4356 4357
f 4386 4304 4305
f 4517 4462 4463
f 4352 4349 4319
f 4352 4250 4251
f 4268 4277 4390
f 4264 5629 4320
f 4346 4387 4282
f 4337 4335 4343
f 4289 4244 4245
f 4303 4378 4287
f 4343 4290 4291
f 4284 4333 4244
f 4375 4519 4291
f 4379 4319 4271
f 4337 4353 4348
f 4524 4525 4295
f 4364 4362 4197
f 4285 4282 4390
f 5206 5209 5208
f 4297 5629 4371
f 4346 4283 4286
f 4285 4300 4333
f 3571 3572 4395
f 5341 5340 5339
f 5346 5345 5334
f 5269 5261 5273
f 4510 4509 5609
f 4509 4474 5545
f 4445 4446 5611
f 5566 5569 5568
f 5349 5336 5338
f 5489 5490 3401
f 5565 5566 3368
f 5496 5497 5417
f 5523 3382 3383
f 5325 5338 5347
f 5523 5600 5599
f 5429 3400 3401
f 3887 5632 5631
f 5634 5613 5600
f 5276 5280 5279
f 5298 5297 5257
f 5087 5086 5085
f 3361 3526 5612
f 5041 5061 5066
f 5487 5488 3383
f 5101 5116 5130
f 5299 5298 5300
f 5333 5336 5335
f 5302 5305 5304
f 5234 5247 5216
f 5301 5256 5255
f 4868 5318 5322
f 5281 5278 5277
f 5323 5321 5322
f 5298 5284 5296
f 4885 4829 4750
f 5231 5230 5196
f 4625 4626 5313
f 5111 5113 5085
f 5600 5613 5549
f 5531 5564 5563
f 5165 5166 5182
f 5283 5280 5285
f 4269 4276 4277
f 5610 5609 5603
f 5127 5090 5091
f 4907 5095 5125
f 5277 5278 5272
f 5596 5593 5592
f 5212 5312 5226
f 5273 5261 5262
f 5302 5301 5258
f 5635 5646 5645
f 4250 4352 4379
f 4485 4136 3405
f 4354 4026 4023
f 4265 4262 4304
f 4388 4390 4282
f 4345 4342 4384
f 4362 4364 4297
f 4836 4765 4612
f 4360 4361 4236
f 4369 4233 4237
f 5647 5636 3986
f 5650 3965 3192
f 5337 5338 5336
f 4467 4478 4477
f 4253 4377 4340
f 4429 3416 5457
f 3997 4133 3915
f 5535 3856 3839
f 5538 5541 4460
f 3439 3376 5571
f 5570 5525 5526
f 3438 5571 5572
f 4440 4468 3879
f 3440 5665 4407
f 3886 5685 5695
f 5534 5529 5396
f 5685 3886 3471
f 4278 4198 4301
f 5628 4448 4449
f 3579 3537 3538
f 4480 5627 5628
f 4402 5499 5517
f 4279 4197 4198
f 3603 3534 3532
f 3580 3594 4088
f 4095 3530 3531
f 5248 5249 5251
f 3778 3819 3999
f 4617 4618 4613
f 4375 4275 4372
f 3411 3405 4136
f 5094 5106 5111
f 3602 3532 3535
f 4023 4011 4350
f 4349 4352 4336
f 3605 3535 3536
f 4469 4472 4471
f 4094 3531 3593
f 4248 4249 4245
f 3519 5521 5518
f 5254 5296 5284
f 4852 4853 4795
f 4265 4371 5629
f 5632 5499 5503
f 3604 3611 3612
f 5549 5501 5502
f 3653 3606 3607
f 4780 4738 4873
f 4988 4989 4979
f 4491 5625 5626
f 4837 4904 4995
f 4615 4612 4765
f 5468 4469 4470
f 3514 3470 3467
f 5491 5680 4409
f 4093 3618 3619
f 4364 4320 5629
f 3488 5510 5509
f 5606 5539 5611
f 4210 4219 4189
f 4600 4603 4602
f 5242 5215 5198
f 5073 5074 5075
f 5651 5657 3940
f 3996 3541 3775
f 5200 5203 5202
f 5525 5531 5527
f 3364 4433 4434
f 3775 3541 3542
f 3941 3833 5485
f 3731 3706 4105
f 4997 5000 4999
f 4508 5598 5608
f 4101 4099 3818
f 3728 4109 4103
f 4591 4593 4592
f 4539 4536 4538
f 4550 4553 4552
f 4541 4566 4567
f 4389 4579 4570
f 4582 4583 4580
f 4976 4979 4978
f 4705 4708 4707
f 4797 4850 4843
f 3713 3729 3730
f 4675 4647 4702
f 4977 4978 4981
f 4810 4818 4817
f 4786 4811 4812
f 4715 4631 4628
f 4978 5016 5021
f 5010 5009 5006
f 3722 3743 4162
f 4558 4557 4560
f 4568 4570 4569
f 4584 4578 4535
f 4641 4631 4715
f 5026 5014 5012
f 4776 4777 4745
f 4714 4628 4712
f 4982 4996 5001
f 4576 4577 4560
f 4564 4567 4566
f 5069 5013 5018
f 5057 5052 5048
f 4810 4812 4811
f 3710 4158 3786
f 4991 4992 4999
f 5011 5009 5010
f 5008 5020 5022
f 5066 5067 5063
f 5047 5037 5024
f 5050 5049 5051
f 5023 5021 5016
f 5045 5044 5059
f 5047 5025 5026
f 3711 3712 3724
f 5048 5035 5037
f 5042 5040 5063
f 5058 5053 5051
f 5036 5038 5046
f 3715 3699 3700
f 5235 5256 5257
f 3732 3729 3704
f 5030 5031 5062
f 5020 5021 5023
f 5263 5262 5261
f 5049 5050 5044
f 5236 5248 5250
f 5031 5030 5027
f 5043 5038 5039
f 5320 5313 5329
f 5049 5048 5052
f 5326 5319 5317
f 3264 3261 3288
f 5264 5265 5263
f 4998 4999 4992
f 5009 5011 5020
f 5036 5032 5039
f 5032 5035 5034
f 4355 4317 3949
f 4269 4266 4374
f 4253 4250 4378
f 4525 4524 4252
f 3960 4112 4111
f 4372 4275 4258
f 5681 5672 5673
f 4378 4379 4272
f 4270 4347 4346
f 3244 5448 5644
f 4899 4703 4648
f 3734 3732 3702
f 4138 3346 3343
f 4192 4193 4361
f 3813 4001 3812
f 3817 3695 3696
f 5668 5683 5682
f 5690 5691 5687
f 5499 5632 5700
f 3999 3819 3820
f 3745 3742 4102
f 5684 3471 3472
f 5702 3859 3860
f 5712 5713 5693
f 3249 3277 4393
f 5695 5683 5715
f 5694 5715 5716
f 5719 3972 5601
f 4918 4919 4950
f 4774 4742 4743
f 5505 4415 4411
f 3583 3584 3585
f 3710 3687 4157
f 5513 5725 4417
f 5704 3563 4146
f 4141 4045 4062
f 5669 5689 5688
f 3898 3895 5653
f 5718 3973 3972
f 5684 5687 5686
f 3917 4131 5717
f 3463 5666 5662
f 5492 5506 5680
f 4931 4930 4950
f 5665 3440 3441
f 3788 3717 3740
f 3501 3502 3529
f 3569 3570 3477
f 5516 5728 5727
f 3564 3567 3566
f 3892 5405 5406
f 3962 4124 5407
f 4126 3908 4123
f 4116 3296 3287
f 3892 3887 5630
f 3824 3432 5413
f 4408 4409 5680
f 3969 3966 3978
f 4408 4413 3449
f 4414 3448 3449
f 3962 3261 3262
f 4425 5724 5616
f 4418 5725 5727
f 5716 5597 5575
f 5719 5720 5717
f 5698 5498 5692
f 3880 5621 4166
f 5652 3212 5520
f 5621 5623 4167
f 5679 4409 4410
f 3210 3209 3355
f 5622 5534 5451
f 5416 5417 5497
f 5729 5732 5731
f 5733 5734 3761
f 5735 5738 5737
f 5750 5752 5751
f 5744 5745 5740
f 5744 3770 3753
f 5753 5754 5730
f 5757 5758 5736
f 5731 5752 5765
f 5774 5777 5776
f 5790 5793 5792
f 5796 5786 5787
f 5817 5814 5819
f 5828 5831 5830
f 3725 4105 3751
f 4874 4734 4873
f 4700 4701 4903
f 4740 4820 4876
f 3199 3202 3201
f 4100 4102 4099
f 3749 3767 4108
f 3695 3817 3712
f 3378 3381 3380
f 5504 4411 4412
f 4405 4402 5518
f 5838 5839 5835
f 4705 4632 4712
f 5832 5831 5828
f 5697 5677 5678
f 3791 4006 4005
f 5848 5791 5794
f 3714 3700 3701
f 3995 4148 4042
f 3329 3326 3224
f 4005 3708 3705
f 4551 4762 4763
f 5855 5798 5808
f 5851 5795 5792
f 5803 5801 5858
f 5844 5843 5840
f 5762 5759 5743
f 5808 5809 5806
f 4012 3413 3426
f 5558 3513 3467
f 4550 4763 4720
f 4950 4951 4953
f 3885 3886 5694
f 5705 5706 4081
f 5508 4417 4415
f 3745 3759 3760
f 5507 4412 5680
f 3592 3536 3588
f 3895 5434 5658
f 5613 5500 5501
f 3834 3830 4393
f 5527 4454 4455
f 5775 5806 5809
f 5766 5767 5813
f 5858 5811 5812
f 5855 5815 5811
f 5863 5820 5819
f 5826 5859 5863
f 5862 5866 5833
f 5870 5871 5837
f 5782 5783 5831
f 5868 5838 5836
f 5778 5779 5843
f 5866 5870 5845
f 5785 5864 5867
f 5790 5788 5789
f 5796 5797 5794
f 5821 5818 5819
f 5657 5651 5620
f 5793 5849 5852
f 5855 5858 5801
f 5853 5847 5786
f 5804 5805 5802
f 5827 5867 5864
f 5767 5768 5821
f 5854 5857 5776
f 5860 5817 5818
f 5782 5832 5825
f 5781 5778 5844
f 5810 5811 5815
f 5867 5827 5830
f 5809 5808 5798
f 5828 5829 5863
f 5865 5841 5838
f 5801 5803 5802
f 4086 5707 3795
f 5779 5780 5842
f 5827 5826 5829
f 5839 5872 5869
f 5814 5815 5855
f 5711 4132 3859
f 4958 4957 4917
f 5861 5818 5821
f 5863 5859 5812
f 5865 5868 5823
f 5873 5836 5837
f 5872 5839 5842
f 4089 3455 3563
f 3812 3787 3785
f 5770 5771 5787
f 5789 5786 5847
f 5793 5789 5846
f 4145 4147 4146
f 5848 5773 5790
f 3953 4008 4009
f 5748 5875 5874
f 4624 4627 4626
f 4665 4764 4752
f 4775 4780 4779
f 4746 4670 4671
f 4637 4600 4601
f 4828 4612 4613
f 4704 4763 4762
f 4843 4845 4727
f 4543 4717 4725
f 4731 4864 4863
f 4723 4594 4558
f 4842 4846 4840
f 4717 4543 4857
f 4865 4868 4867
f 5841 5865 5866
f 4725 4726 4540
f 4798 4799 4816
f 4632 4635 4634
f 4720 4716 4715
f 4642 4645 4644
f 3754 4007 5874
f 4860 4761 4644
f 4674 4723 4722
f 4808 4809 4676
f 4721 4722 4822
f 5876 5878 5877
f 4836 4838 4840
f 4658 4661 4660
f 4826 4799 4800
f 4877 4782 4743
f 4948 4970 4971
f 4875 4739 4876
f 4954 4933 4934
f 5773 5770 5788
f 5825 5832 5833
f 5834 5837 5836
f 5834 5844 5845
f 3359 3362 3361
f 5732 5729 3756
f 3394 3397 3396
f 3766 3769 5741
f 5774 5809 5799
f 5805 5776 5857
f 5813 5821 5820
f 3969 3555 3964
f 5667 5668 5674
f 5729 5747 3792
f 3770 5744 5741
f 4741 4740 4739
f 4689 4737 4660
f 5772 5797 5787
f 5735 5733 3758
f 5850 5772 5773
f 5617 5528 3965
f 5799 5800 5854
f 5875 5748 5764
f 5840 5843 5842
f 5861 5768 5769
f 5807 5804 5853
f 5869 5781 5834
f 3765 3768 5739
f 5882 5884 5761
f 5881 5879 5887
f 5895 5896 5898
f 5907 5905 5906
f 5909 5907 5908
f 4234 4257 4526
f 3912 3927 3389
f 5934 8731 8730
f 8730 8731 5930
f 4920 4923 4922
f 8845 8847 8853
f 4141 4171 3404
f 3733 3705 3706
f 8849 8847 8848
f 4234 4237 4236
f 8863 8858 5919
f 3733 4002 4004
f 5908 5906 8859
f 8865 8866 8871
f 8859 8858 8863
f 5927 5924 5925
f 5911 5903 5904
f 8878 8871 8866
f 5635 5638 5637
f 5745 5744 5746
f 3552 3555 3554
f 8857 8889 8890
f 5924 5927 8860
f 3553 3557 3556
f 5919 5920 8861
f 8869 8865 8870
f 8873 8871 8878
f 8856 8857 8875
f 8862 8861 5889
f 8846 8845 8844
f 8864 8863 8866
f 8729 8730 8883
f 8848 8846 8887
f 8878 8879 5888
f 8896 8854 8855
f 8853 8854 8896
f 8841 8842 5882
f 3489 3492 3491
f 8867 8859 8864
f 5910 5908 8867
f 5914 5910 8898
f 5916 5914 8899
f 5889 8861 8860
f 8876 8878 8893
f 5918 5916 8900
f 4424 5722 5726
f 8904 8903 8900
f 8909 8908 8904
f 8908 8907 8903
f 8869 8909 8905
f 3632 3668 3667
f 3687 3690 3689
f 3636 3682 3681
f 3664 3641 3639
f 4304 4307 4306
f 8909 8869 8891
f 3681 3696 3695
f 3758 3761 3760
f 3684 3701 3700
f 3721 3724 3723
f 3941 3944 3943
f 3738 3741 3740
f 3687 3710 3709
f 3238 3239 3938
f 4249 4303 4288
f 4499 4498 3344
f 4240 4194 4368
f 3453 3451 3951
f 4401 3971 3547
f 3950 3951 3451
f 3702 3704 3701
f 3725 3728 3727
f 3194 3207 3208
f 4034 4035 4461
f 3914 3348 3913
f 3483 3575 3533
f 3191 3958 3957
f 4292 3489 3970
f 3909 3910 3428
f 3959 3960 3866
f 4017 4308 4309
f 4316 4318 4008
f 4448 4451 4450
f 4414 4415 4417
f 3435 3430 3351
f 4413 4411 4415
f 3899 3902 3901
f 3780 3781 3648
f 3474 3471 3886
f 3958 3191 3192
f 3221 3223 3935
f 3905 3908 3907
f 3913 4488 4486
f 4420 4422 4421
f 3881 3884 3883
f 4004 3788 3790
f 4271 4319 4318
f 4259 4297 4296
f 3501 4003 4066
f 5897 5898 5900
f 5901 5902 5904
f 8854 8849 8856
f 3789 3785 3786
f 3651 3648 3781
f 5924 5899 5901
f 8870 8871 8873
f 8876 8877 8874
f 5912 5917 5918
f 3805 3918 3799
f 3369 3370 3395
f 3923 3926 3925
f 3916 3917 3512
f 3641 3664 3801
f 4276 4269 4323
f 4181 4229 4331
f 4428 4430 3377
f 3495 4425 4321
f 4436 4435 3380
f 4430 4428 4437
f 3945 3957 3958
f 4065 3901 4047
f 4495 4497 3408
f 8913 8912 8915
f 8911 8910 8917
f 8889 8922 8923
f 8919 8935 8931
f 8884 8914 8918
f 8922 8921 8931
f 5852 5907 5909
f 5866 5862 5915
f 8926 8918 8914
f 8914 8884 8883
f 8886 8919 8921
f 5846 5847 5894
f 5873 5902 5900
f 8893 5888 5764
f 8894 8893 5754
f 5890 8860 5927
f 5885 8896 5755
f 5871 5904 5902
f 5763 8936 5883
f 5880 5890 8936
f 4175 4176 4398
f 4274 4254 4255
f 8883 8730 5931
f 8868 8905 8898
f 3289 4059 3247
f 3858 3855 5485
f 8850 8848 8886
f 4116 4120 5409
f 3889 5406 4127
f 3678 3679 8938
f 8857 8850 8888
f 3979 3551 3294
f 4126 3352 3431
f 3651 4000 3679
f 3460 3858 5921
f 4084 3309 3310
f 8905 8904 8899
f 3561 3327 5397
f 3213 3965 5528
f 4191 4194 4193
f 5449 5450 5532
f 4142 3975 4031
f 4060 3947 5652
f 4480 4483 4482
f 5519 5520 3212
f 5657 5451 3330
f 4473 4476 4475
f 3514 3515 5668
f 5663 5670 5669
f 8881 5929 5926
f 5734 5733 5749
f 4788 4789 4677
f 3997 3996 3538
f 3551 3486 3310
f 3577 3578 3998
f 4893 4697 4676
f 4753 4751 4671
f 8729 8884 8885
f 3813 3703 9021
f 8938 4001 3813
f 8882 5931 5929
f 4098 5701 3820
f 3399 5405 5416
f 5494 5495 5503
f 5880 5877 5878
f 4986 4673 4861
f 4999 5000 5004
f 4985 5001 4988
f 5816 5769 5766
f 4372 4370 4384
f 5688 5691 5692
f 8903 8902 8901
f 8879 8862 5887
f 8902 8881 8880
f 5919 5893 5895
f 4519 4384 4342
f 8847 8849 8854
f 5925 5901 5903
f 4021 3899 4523
f 5678 5677 5676
f 4424 3843 4085
f 5701 3576 3577
f 5928 5925 5926
f 5000 5005 4980
f 9022 4147 3545
f 9024 9025 5409
f 4008 4011 4010
f 3931 3234 4516
f 3822 3806 3807
f 8851 8852 8844
f 5728 5516 5509
f 9025 9023 4115
f 5209 5200 5201
f 4820 4740 4653
f 3988 5596 5598
f 3370 3911 3357
f 5639 5642 5641
f 5592 4511 4477
f 3378 3944 5572
f 5625 4463 3265
f 5594 5582 5577
f 3302 5649 5645
f 3274 3277 3278
f 5207 5208 5233
f 5071 5070 5072
f 4815 4814 4785
f 4796 4802 4643
f 3243 3244 5643
f 5301 5302 5303
f 5431 3562 5655
f 5251 5249 5244
f 3353 3427 3523
f 4174 3404 3405
f 3546 4114 4113
f 4002 3789 3788
f 4196 4239 4238
f 3232 5646 5647
f 4373 4374 4266
f 4867 5322 5321
f 5648 4054 4058
f 4455 4070 3893
f 5593 3407 4511
f 5275 5265 5252
f 5252 5265 5274
f 4092 3619 3624
f 3723 3742 3743
f 4780 4775 4802
f 4059 3289 3560
f 4317 4355 4347
f 5188 5190 5192
f 5570 5599 5612
f 3385 5429 5633
f 3526 5568 5569
f 3576 5701 3608
f 3581 3542 3594
f 5239 5237 5238
f 5081 5079 5083
f 4369 4526 4528
f 4325 4326 4329
f 3569 3285 3286
f 9022 9026 4112
f 3661 3662 3801
f 5074 5073 5030
f 5064 5062 5063
f 3563 3497 3498
f 3961 5407 4119
f 4854 4853 4870
f 5018 5007 5028
f 5007 5008 5027
f 5040 5042 5039
f 3240 3375 3875
f 5070 5069 5029
f 3504 3481 3866
f 3537 3579 3591
f 5033 5041 5039
f 4710 4638 4635
f 5017 4979 4989
f 5024 5037 5046
f 4991 5006 5019
f 4587 4553 4574
f 4996 4982 4793
f 5066 5061 5059
f 5221 5230 5231
f 5068 5056 5057
f 3675 3676 3643
f 3663 3674 3675
f 4722 4558 4559
f 3579 3576 3590
f 3686 3676 3677
f 4422 4420 3499
f 5142 5141 5138
f 5078 5071 5075
f 3609 3589 3590
f 3288 3961 5411
f 5424 9024 5410
f 5152 5144 5156
f 3960 5704 5709
f 4946 4956 4957
f 3867 3903 5705
f 9026 9022 4113
f 5192 5193 5189
f 5161 5164 5194
f 3637 3698 3682
f 4392 5461 3847
f 3796 4114 4149
f 4104 3716 3727
f 3594 3595 3993
f 3796 3793 4134
f 3687 3688 4156
f 3760 3761 4164
f 4464 3344 3345
f 3485 3528 3868
f 3846 3845 5423
f 3409 4520 4496
f 3767 3768 3765
f 3711 3721 4159
f 3797 4132 4087
f 4072 4069 5562
f 4502 4076 5590
f 5408 5426 9027
f 5683 5695 5714
f 5702 3772 4110
f 5623 4042 4148
f 5428 3874 3525
f 3668 3803 3802
f 4000 4001 8938
f 4221 4222 4179
f 4267 4268 4388
f 3721 3722 4161
f 3903 5659 5706
f 3583 3580 4090
f 3894 5486 3524
f 4635 4638 4636
f 4173 5401 4009
f 4890 4666 5393
f 5290 5291 5293
f 5339 5340 5337
f 5458 5459 4438
f 3251 5419 5430
f 3252 5418 5419
f 3428 5420 5421
f 3571 5426 5418
f 4583 4582 4554
f 4239 4367 4224
f 3322 3898 5450
f 5309 5310 5306
f 4109 3728 3748
f 5707 3865 3794
f 5139 5184 5183
f 5271 5270 5290
f 5280 5283 5282
f 5110 5107 5125
f 5319 4864 4731
f 5334 5343 5339
f 5423 3522 3523
f 5376 5377 5378
f 4721 4681 4646
f 3719 4158 4159
f 4853 4854 4692
f 5373 5372 5330
f 4428 5457 5456
f 5376 5329 5328
f 3337 3367 4434
f 4692 4693 5395
f 5475 4172 4523
f 5478 3900 4068
f 5421 5404 4129
f 5374 5373 5375
f 5283 5299 5306
f 5246 5247 5234
f 5154 5149 5150
f 4458 5562 5561
f 5163 5159 5158
f 5381 5374 5378
f 3397 3394 5484
f 4457 5561 5563
f 5147 5143 5150
f 4474 4475 5544
f 5325 5318 5319
f 5223 5394 5388
f 5517 5700 3521
f 4499 5480 3347
f 5404 5403 4128
f 3476 5507 5506
f 4084 5516 5515
f 3900 5478 5477
f 5536 5564 5547
f 5491 5498 5493
f 5474 5472 4139
f 4063 4521 4522
f 4459 4460 5541
f 5548 5549 3360
f 5444 5445 5550
f 3888 3889 5415
f 5546 5547 3339
f 5536 5539 5538
f 3570 5513 5508
f 4471 4502 5589
f 4280 3848 3359
f 5499 4402 4403
f 5189 5193 5169
f 5543 4477 4478
f 4051 5551 5552
f 3461 5504 5507
f 4629 4630 4870
f 5106 5094 4909
f 5286 5281 5279
f 5462 5463 3364
f 3491 5511 5514
f 5224 5220 5231
f 4478 4459 5540
f 4099 4102 3742
f 4803 4806 4805
f 4130 5423 5422
f 4470 4471 4476
f 4924 4925 4921
f 4920 4921 4927
f 4993 4986 4987
f 4887 4888 4913
f 3894 3893 4070
f 5472 5474 5585
f 3508 4135 4134
f 3603 3600 4096
f 3772 3773 3992
f 5712 5664 5671
f 3739 3718 4162
f 5683 5668 3515
f 5480 4465 4495
f 5698 5699 5493
f 3578 3538 3996
f 3645 3646 4154
f 5660 3904 3466
f 4135 9026 5710
f 5587 5591 4073
f 5687 5689 5693
f 3584 3583 4091
f 5585 5583 5584
f 4128 5414 5415
f 4257 4254 4338
f 4222 4231 4178
f 4366 4365 4191
f 5098 5099 5091
f 5761 5757 5737
f 5760 5737 5738
f 8852 8842 5934
f 8874 8877 8855
f 8895 8897 8855
f 5884 5882 8842
f 4557 4554 4582
f 8890 8923 8917
f 8918 8926 8930
f 8924 8926 8915
f 4182 4181 4330
f 3864 5708 5711
f 3574 3317 3230
f 3342 3954 3415
f 3488 3486 3549
f 4317 4316 3953
f 3672 3659 4152
f 5708 3864 3865
f 9021 3703 3685
f 3621 3618 3616
f 5728 4422 4419
f 4311 4027 4028
f 4131 3917 3543
f 4426 3496 3842
f 4518 3956 4168
f 5457 5465 5464
f 5425 3560 3558
f 5458 4439 4437
f 3416 3414 5465
f 5638 9028 5437
f 3985 3986 5636
f 5646 5635 5636
f 9023 9025 3554
f 5722 5510 5514
f 3256 3933 3934
f 4164 3761 5734
f 8885 8918 8920
f 3282 3932 3929
f 3292 4394 3320
f 3232 3229 3300
f 3303 3236 3271
f 3562 5431 5432
f 3392 3387 3388
f 3854 5922 5350
f 5463 5462 5459
f 5935 3474 3885
f 3879 3415 3954
f 3928 3372 3391
f 4137 5559 4458
f 5454 5455 3850
f 3548 3490 3549
f 4443 4500 5470
f 4452 4505 4506
f 4468 3414 3415
f 4443 4440 3876
f 3234 3235 4515
f 5434 3895 3896
f 5448 5440 5441
f 5447 5446 5443
f 4442 5470 5471
f 5550 4056 3275
f 5578 5573 4520
f 3464 5667 5666
f 4701 4627 4839
f 3259 5398 4041
f 4015 4012 3423
f 3558 3323 3982
f 4856 4894 4823
f 4741 4652 4653
f 3759 3745 4106
f 3560 3289 3290
f 9024 5424 3557
f 5438 3279 3280
f 3321 3283 3290
f 5557 5483 4072
f 5553 3369 3396
f 4045 4141 4174
f 4539 4845 4849
f 3536 3480 3503
f 5478 5573 5574
f 3800 3797 3510
f 4755 4883 4886
f 5561 4454 5527
f 5752 5731 5732
f 5752 5750 5756
f 3518 5492 5493
f 3767 3762 4107
f 3534 3603 4097
f 4395 3572 3826
f 3926 4052 3371
f 4446 4510 5610
f 4050 5444 3980
f 8887 8846 8843
f 5649 5639 5640
f 4643 4644 4761
f 3709 3787 3784
f 4778 4659 4660
f 5649 3302 4054
f 5646 3232 3301
f 3250 3251 3910
f 5884 5886 5757
f 5655 5656 5936
f 4224 4227 4226
f 4043 4044 3412
f 4286 4289 4288
f 4267 4311 4310
f 4493 4079 4080
f 3325 5432 3226
f 3925 3371 3372
f 4312 4315 4314
f 3996 3997 3540
f 8908 8911 8912
f 4023 4026 4025
f 3995 3890 3891
f 5482 5556 5559
f 4486 3420 3921
f 4300 4285 4302
f 5438 5642 5644
f 3233 3932 3282
f 3225 3228 3227
f 5446 4400 5445
f 5554 3396 3397
f 4834 4833 4830
f 4064 3349 3350
f 3596 3599 3598
f 5639 5649 5648
f 5434 5431 5654
f 4895 4896 4830
f 3674 3677 3676
f 3551 3979 3978
f 3835 3836 3305
f 3813 3810 3702
f 3691 3711 4160
f 4109 4100 4101
f 4565 4187 4188
f 3490 3548 3547
f 3672 3646 3647
f 8906 8907 8912
f 3810 3812 3811
f 4051 4052 4397
f 3566 3599 4090
f 5580 5475 5476
f 4456 4457 5537
f 5539 5536 5546
f 8844 5934 8729
f 8872 8873 8874
f 4383 4301 4198
f 4931 4926 4927
f 5529 5530 5397
f 5314 5321 5323
f 5347 5332 5323
f 4711 4709 4599
f 5387 5388 5389
f 5259 5290 5292
f 5195 4806 4803
f 5195 5104 4746
f 4639 4865 4866
f 4821 4818 4681
f 3421 4037 5399
f 4730 4863 4601
f 4807 4651 4811
f 4040 4037 3421
f 4844 4841 4800
f 3936 3933 3929
f 4894 4798 4817
f 5365 5370 5383
f 4657 4656 4661
f 5224 5206 4770
f 5368 5383 5382
f 5336 5349 5352
f 5353 5356 5386
f 4070 4455 4454
f 5396 5397 3327
f 5225 5226 5312
f 5384 5382 5386
f 5391 4694 4695
f 4407 4410 4409
f 4623 4620 4880
f 5356 5353 5352
f 4578 4584 4859
f 3239 3875 3217
f 3937 3218 3333
f 4578 4575 4534
f 5467 5471 4505
f 4836 4828 4826
f 4422 5728 5721
f 3392 3393 5556
f 5564 5531 5565
f 3807 3808 3663
f 5922 3854 4392
f 3680 3695 3692
f 3630 3633 3632
f 4416 4417 5725
f 4033 3305 3836
f 3238 3220 4168
f 3466 3904 3483
f 3678 3677 3650
f 3677 3674 3649
f 3340 3337 4431
f 3562 3561 5656
f 5658 5654 5938
f 3642 3643 3640
f 3306 3303 3334
f 3256 3253 3280
f 8910 8891 8892
f 5868 5900 5898
f 8924 8923 8922
f 8935 8930 8925
f 8882 8906 8913
f 8925 8930 8926
f 5852 5849 5905
f 5136 5128 5124
f 4243 4363 4260
f 5238 5227 5228
f 5642 5639 5643
f 3924 3925 3928
f 5412 3521 5700
f 3750 3752 3751
f 3746 3752 3770
f 3859 3798 3861
f 3972 3973 3493
f 5923 8860 8861
f 4945 4946 4958
f 3296 3293 3286
f 3824 5403 3907
f 3671 3629 4154
f 4137 3343 5481
f 3614 3654 3802
f 3283 3284 3559
f 4936 4935 4934
f 5511 5723 5726
f 4170 4169 3926
f 3572 4393 3830
f 3459 3447 3858
f 3496 4426 4425
f 3457 3950 3436
f 3984 3983 3986
f 3914 3389 3386
f 5512 5724 5723
f 4500 4443 4483
f 4501 4502 4471
f 4503 4506 4505
f 4143 4144 4461
f 3331 3329 3222
f 4016 4015 4018
f 3998 3775 3776
f 4114 3796 5710
f 4405 5678 4406
f 5602 5604 5720
f 4767 4803 4804
f 4929 4933 4954
f 4410 4407 5665
f 3888 5700 5632
f 4048 4049 3977
f 3947 3211 3212
f 5676 5677 3472
f 5782 5785 5784
f 4315 4312 4311
f 5699 5518 5521
f 5864 5785 5825
f 5826 5827 5822
f 5775 5776 5805
f 3236 3233 3270
f 5823 5868 5859
f 4957 4848 4895
f 8868 8864 8865
f 4281 4392 3848
f 4940 4943 4971
f 4013 4014 4029
f 3685 3703 3701
f 4339 4340 4377
f 8891 8870 8872
f 3753 3750 3755
f 4427 4168 3220
f 3809 3806 3779
f 3568 4416 4418
f 3880 3987 3918
f 3543 3843 3842
f 4646 4649 4648
f 4656 4657 4597
f 4781 4876 4820
f 4972 4975 4974
f 5101 5102 5109
f 5095 5096 5115
f 5090 5127 5132
f 5131 5132 5134
f 5134 5132 5127
f 5117 5139 5140
f 3539 3862 3863
f 4006 3791 3792
f 5128 5091 5099
f 5097 5088 5089
f 5274 5266 5271
f 4571 4572 4569
f 4225 4531 4238
f 5156 5155 5170
f 4538 4541 4540
f 4622 4691 4665
f 4981 5011 5004
f 5012 4974 4975
f 5148 5147 5149
f 5157 5142 5133
f 5161 5155 5145
f 4261 4532 4242
f 5294 5295 5291
f 4255 4256 4532
f 5274 5259 5250
f 4246 4529 4207
f 3314 3924 3927
f 4670 4673 4672
f 4995 4904 4673
f 4638 4710 4603
f 4341 4295 4525
f 5163 5166 5165
f 4834 4783 4784
f 4784 4820 4682
f 4844 4843 4687
f 5280 5276 5275
f 4217 4572 4564
f 4554 4557 4556
f 4551 4552 4556
f 4549 4546 4544
f 5141 5142 5173
f 4653 4654 4683
f 4973 4974 4989
f 4984 5005 5015
f 5177 5172 5170
f 5166 5167 5181
f 5141 5184 5139
f 5178 5174 5151
f 5244 5202 5203
f 5252 5244 5245
f 4479 4031 4079
f 4402 4405 4404
f 3500 4418 4419
f 5856 5851 5909
f 4488 3913 3348
f 8851 8853 5885
f 3607 3608 5701
f 3508 3505 3503
f 5847 5858 5896
f 4374 4373 4309
f 3380 4439 4438
f 9025 9024 3553
f 5718 5717 4131
f 3300 3229 3283
f 5551 3275 3276
f 5552 3276 3369
f 5555 3397 5483
f 5859 5898 5896
f 4133 3793 3794
f 3606 3653 3652
f 4900 4852 4766
f 4616 4790 4789
f 3738 4165 4164
f 4774 4771 4642
f 4399 4485 3402
f 5853 5796 5795
f 3936 4518 4427
f 3418 3419 4064
f 5510 3488 3840
f 3270 3282 3279
f 3274 3275 4056
f 4359 4356 4305
f 4135 3508 3504
f 3610 3611 3609
f 3837 3556 3557
f 5940 3971 4401
f 5853 5804 5803
f 5725 5513 5515
f 3246 5410 4117
f 5713 5712 5672
f 4918 4961 4916
f 4148 3995 3771
f 5106 5105 5113
f 4147 9022 5709
f 5152 5172 5177
f 9026 4135 4111
f 5104 5195 5103
f 3531 3528 3485
f 3713 3716 3715
f 3699 3715 3815
f 4467 3345 4459
f 4703 4899 4736
f 5405 3399 3846
f 3555 3552 3963
f 4120 4116 5411
f 4217 4219 4185
f 3279 5438 5441
f 4944 4945 4959
f 4353 4337 4344
f 3815 3715 3716
f 3374 3371 4052
f 4491 4492 4516
f 5865 5824 5833
f 5819 5814 5856
f 5807 5851 5856
f 3933 3256 3281
f 3208 3205 3920
f 8907 8906 8902
f 5288 5308 5295
f 3728 3725 3747
f 3309 4084 4083
f 5119 5116 5101
f 3811 3785 3789
f 3595 3863 3992
f 4106 4102 4100
f 5696 5575 5576
f 3708 3755 3750
f 3744 3760 4165
f 5905 5891 5892
f 3403 4036 4175
f 4133 3997 3506
f 4147 4145 3544
f 3561 3562 3325
f 3237 3240 3239
f 4877 4878 4793
f 3241 3244 3243
f 3597 3624 3625
f 3279 3282 3281
f 3371 3374 3373
f 3599 3566 3567
f 3975 3976 4032
f 3277 3249 3250
f 3774 3564 3565
f 3658 3673 3780
f 4961 4962 4963
f 3600 3615 3616
f 4228 4229 4202
f 4011 4008 4318
f 4307 4304 4262
f 4838 4800 4841
f 4782 4783 4773
f 4914 4956 4946
f 4839 4609 4765
f 4771 4896 4645
f 4962 4965 4964
f 4966 4959 4963
f 3601 3612 3615
f 5878 5875 5879
f 5890 5880 5881
f 3720 3786 4158
f 4755 4756 4689
f 3740 3717 3718
f 5695 5685 5686
f 5740 5743 5742
f 5733 5735 5736
f 5755 5756 5750
f 5745 5763 5762
f 5798 5801 5800
f 4706 4880 4879
f 5651 5652 5619
f 5850 5794 5797
f 5804 5807 5806
f 4087 5708 5707
f 5915 5913 5914
f 5703 3860 4167
f 5893 5894 5896
f 5892 5893 5919
f 5706 5671 5664
f 5786 5789 5788
f 3973 4131 3841
f 4831 4832 4915
f 5906 5892 8858
f 4965 4967 4969
f 4684 4685 4846
f 3589 3609 3611
f 3596 3625 4150
f 5877 5880 5763
f 4121 4124 4123
f 3469 3465 3868
f 3204 3205 3208
f 3716 3713 3726
f 5460 9027 5426
f 3465 3469 3470
f 5738 5735 3764
f 4887 4654 4655
f 4203 4206 4205
f 3959 5705 4082
f 5758 5757 5886
f 5781 5869 5872
f 4675 4762 4723
f 3757 4164 5751
f 3334 3271 3272
f 8880 5926 5903
f 5615 5676 3473
f 5759 5761 5760
f 8845 8846 8848
f 5778 5781 5780
f 8857 8856 8849
f 4132 3797 3798
f 5839 5838 5841
f 560 1899 3187
f 5747 5874 4007
f 5928 5930 8840
f 5766 5769 5768
f 4848 4957 4956
f 4953 4968 4967
f 4832 4897 4910
f 5879 5764 5888
f 3598 3567 3530
f 5747 5729 5730
f 5754 5764 5748
f 5810 5813 5812
f 5758 5755 5749
f 4315 4388 4387
f 5917 5915 5916
f 5913 5909 5910
f 5930 8731 8841
f 4951 4955 4968
f 3209 3210 3201
f 4059 5424 3246
f 8731 5934 8842
f 3776 3582 3585
f 5770 5773 5772
f 5891 5894 5893
f 9028 5638 5641
f 5814 5817 5816
f 5662 5675 5673
f 3522 3525 3524
f 5630 5631 5942
f 5791 5792 5795
f 5746 3753 3754
f 5928 5929 5931
f 5743 5760 5739
f 5876 5874 5875
f 3678 8937 9021
f 4200 4208 4207
f 4114 3546 3916
f 3601 3602 3605
f 3818 3724 3712
f 3315 3318 3317
f 5899 5900 5902
f 8840 8841 5883
f 5562 4458 5559
f 4416 3568 3448
f 3189 3192 3191
f 4751 4890 4747
f 4181 4182 4180
f 3832 3942 5454
f 3362 3527 3526
f 5678 4405 5699
f 3497 3500 3499
f 448 1980 807
f 647 648 122
f 5690 3472 5677
f 4183 4186 4185
f 1833 1848 1780
f 5920 5895 5897
f 510 509 508
f 4401 3967 5944
f 5656 5397 5530
f 3970 3971 5940
f 5653 5658 5939
f 5450 5653 5946
f 3384 5633 5945
f 4403 4404 4299
f 5944 3967 3968
f 3963 5427 5951
f 5614 3473 3474
f 5427 3838 3857
f 3210 1949 1887
f 1887 15 3200
f 15 16 3197
f 16 3188 3195
f 3195 3188 3187
f 3194 3187 1899
f 3207 1899 375
f 387 173 126
f 3189 1791 1760
f 9029 763 757
f 763 9029 2172
f 9035 9034 9032
f 9033 9032 9031
f 9046 9049 9048
f 8751 9053 9054
f 9078 9076 9077
f 9083 9087 9051
f 9088 9089 9047
f 9099 9036 9040
f 9102 9034 9036
f 9105 9031 9032
f 9105 2176 9106
f 1801 1864 9108
f 9103 9032 9034
f 9096 9090 9047
f 1767 1768 9111
f 1597 9115 9113
f 1708 1707 9117
f 9123 9120 9119
f 9118 9119 9125
f 1588 1708 9116
f 2080 9123 9118
f 2082 9118 9124
f 9126 9129 9087
f 9129 9130 9088
f 5512 3492 5943
f 5634 3383 5488
f 5724 5512 5947
f 9134 9099 9097
f 9144 9103 9102
f 9133 9097 9096
f 786 9146 9144
f 9146 9105 9103
f 785 9144 9138
f 497 9138 9134
f 650 9134 9133
f 9148 564 9133
f 8756 9058 9057
f 9154 9151 9130
f 9151 9150 9131
f 9097 9040 9090
f 1799 9109 9111
f 5949 3968 3964
f 9160 9156 8809
f 8813 9162 9160
f 9166 463 564
f 9067 9058 9054
f 9162 9166 9148
f 9087 9088 9048
f 9081 9078 9079
f 9049 9052 9051
f 9082 9168 9167
f 9079 9077 9049
f 9169 9168 9175
f 9167 9115 9112
f 9168 9169 9177
f 9120 9117 9113
f 9120 9177 9169
f 9119 9169 9170
f 9179 9180 9125
f 9180 1576 9124
f 9178 9179 9170
f 1576 2101 2084
f 9179 9178 9183
f 3203 376 1387
f 3190 1387 1791
f 5618 2152 1949
f 317 240 259
f 2000 2176 9105
f 9053 9051 9052
f 9041 9040 9036
f 9029 758 756
f 9037 9036 9034
f 9130 9131 9089
f 3204 375 376
f 1801 9107 9109
f 9181 9187 9180
f 1575 9187 9190
f 9187 1575 1576
f 1776 1795 1796
f 1293 1294 1290
f 1326 14 1327
f 1294 1245 1234
f 878 1244 1330
f 5633 3401 5490
f 5933 3359 3360
f 5613 5634 5948
f 5604 5605 3844
f 3972 3494 5950
f 3494 3495 4322
f 4406 5676 5615
f 3492 3489 4292
f 5631 5503 5495
f 497 373 374
f 122 648 413
f 5624 5489 3398
f 9151 9154 9156
f 9058 8756 8752
f 9160 9162 9150
f 8815 9166 9162
f 9156 9126 8794
f 439 398 399
f 1512 1528 1526
f 1668 1741 1738
f 839 849 1362
f 1362 1357 826
f 3425 3417 3418
f 4905 5207 5243
f 4621 4622 4662
f 5582 5579 5574
f 4754 4757 4756
f 3902 3899 4021
f 9295 740 1896
f 2053 2054 2118
f 9340 9339 2120
f 696 697 9268
f 4922 4938 4939
f 4365 4366 4186
f 5105 5106 4862
f 5228 5227 5226
f 4781 4782 4877
f 5218 5227 5238
f 4990 4993 4992
f 4335 4337 4336
f 4993 4990 4972
f 4794 4793 4792
f 5886 5884 8852
f 5405 3892 5417
f 4669 4752 4764
f 4676 4697 4698
f 1826 1878 639
f 9192 9191 9181
f 5232 5228 5233
f 5418 4121 4122
f 956 885 886
f 5720 3844 3512
f 4728 4731 4730
f 8879 8866 8863
f 1980 806 1922
f 4969 4970 4966
f 33 34 105
f 9028 3253 3254
f 3837 3558 3839
f 4382 4300 4301
f 3908 3905 4122
f 4290 4295 4294
f 4400 3834 4055
f 3219 3222 3221
f 8894 8895 8877
f 4640 4736 4735
f 4389 4366 4216
f 3267 4479 4493
f 3268 3265 4463
f 5097 5111 5098
f 5094 5097 5096
f 5654 5655 5937
f 4089 5704 3960
f 5159 5163 5162
f 5202 5244 5249
f 5412 5415 5414
f 5715 3515 3516
f 5723 4426 4423
f 4263 4264 4323
f 3994 3529 3564
f 1343 1344 9308
f 3470 3514 5667
f 5659 5661 5671
f 3319 3828 4053
f 9359 2127 2128
f 1766 1581 1582
f 14 1326 2163
f 595 98 99
f 5703 3771 3772
f 5206 5224 5229
f 3437 3446 3458
f 5516 4084 3487
f 5122 5086 5087
f 3223 3297 3934
f 3979 9023 5402
f 3828 3319 3320
f 5663 3441 4081
f 4035 4489 4490
f 4426 5723 5724
f 3881 4452 4447
f 5407 5408 4118
f 5691 5688 5689
f 5661 5673 5672
f 5911 5918 8901
f 3902 4022 3871
f 5541 5538 5539
f 4069 4454 5561
f 3248 4394 3292
f 1346 1035 1044
f 748 1888 1425
f 3297 3228 3255
f 5445 4400 4056
f 5783 5784 5830
f 4310 4028 4376
f 5857 5854 5800
f 3882 5467 4452
f 3193 3208 3919
f 3190 3191 3206
f 4266 4269 4268
f 4488 3419 3420
f 3331 3939 3940
f 4282 4285 4284
f 4606 4608 4607
f 4628 4629 4708
f 4659 4732 4733
f 4615 4750 4829
f 4718 4714 4713
f 5722 4424 4421
f 3307 3462 3461
f 4686 4688 4634
f 3966 3548 3550
f 4738 4739 4875
f 3416 4429 3237
f 4527 4528 4208
f 5093 5121 5114
f 5124 5099 5086
f 5117 5118 5138
f 4631 4641 4640
f 5166 5163 5168
f 5185 5188 5187
f 5194 5190 5191
f 3245 4117 4118
f 5214 5215 5203
f 3230 3317 3318
f 5237 5234 5217
f 5250 5259 5258
f 5113 5112 5084
f 5270 5267 5269
f 4906 5125 5107
f 5271 5266 5267
f 5276 5277 5262
f 5153 5151 5174
f 5290 5270 5268
f 5306 5299 5303
f 5147 5148 5146
f 4585 4849 4856
f 3226 5435 5436
f 4473 4503 4504
f 5765 5756 8897
f 4529 4246 4247
f 8923 8924 8916
f 5713 5681 5682
f 3315 3897 3898
f 5564 5536 5537
f 4468 4440 4441
f 3738 3739 4163
f 4577 4859 4559
f 5567 3527 3366
f 3587 3584 4150
f 5471 5468 4504
f 5860 5769 5816
f 3516 3513 5558
f 5436 3985 5637
f 5050 5053 5083
f 5547 5565 3338
f 9023 3979 3295
f 5708 4087 4132
f 4104 3816 3814
f 3718 3719 4161
f 5498 5491 5679
f 3884 4431 4432
f 3955 4512 3877
f 4049 4062 4061
f 8892 8872 8875
f 4572 4217 4218
f 4440 4443 4442
f 4497 4511 3407
f 8906 8882 8881
f 5664 5712 5670
f 3751 4105 3706
f 3511 3735 3736
f 5129 5130 5116
f 5086 5099 5098
f 5135 5127 5128
f 5143 5146 5145
f 5168 5158 5136
f 5297 5241 5246
f 5164 5161 5160
f 5155 5161 5171
f 5137 5179 5167
f 5293 5308 5307
f 5513 3570 4083
f 4053 3828 3825
f 3228 3297 3298
f 3631 3632 3635
f 5689 5669 5670
f 5759 5762 5883
f 3793 4133 3507
f 4906 4908 4891
f 4719 4858 4901
f 3597 3598 4095
f 3352 4126 4125
f 9064 9057 9058
f 9076 9064 9067
f 9083 8766 8794
f 9131 9132 9096
f 9138 9102 9099
f 9154 9129 9126
f 9077 9067 9052
f 9053 8751 8766
f 9191 9190 9187
f 9082 9079 9046
f 9193 9175 9168
f 1284 1290 1288
f 9150 9148 9132
f 3841 3842 3496
f 3570 3569 3336
f 4027 4311 4312
f 4889 4876 4781
f 4041 4045 4044
f 4885 4884 4813
f 5419 4122 3905
f 4367 4368 4227
f 1778 1781 1780
f 1792 1759 1584
f 4308 4017 3869
f 4594 4723 4762
f 4767 4770 4769
f 5461 3365 3366
f 4763 4704 4716
f 4919 4918 4915
f 4300 4382 4334
f 5196 5199 5198
f 5158 5148 5135
f 5431 5434 5433
f 4545 4567 4571
f 4557 4558 4594
f 695 570 571
f 4156 4155 3626
f 4861 4673 4670
f 5681 5675 5674
f 5473 5475 5580
f 3622 3656 4152
f 5647 3573 3574
f 3674 3663 3808
f 4420 4145 3498
f 5675 5662 5666
f 3253 9028 5439
f 5870 5866 5917
f 8887 8920 8919
f 5862 5856 5913
f 3534 3593 3485
f 3313 4486 4484
f 9090 9193 9046
f 4871 4759 4695
f 3778 3777 3822
f 4889 4748 4874
f 4000 3783 3784
f 4897 4898 4911
f 3856 3857 3838
f 4772 4830 4896
f 4015 4016 4376
f 3433 3461 3476
f 4053 4054 3302
f 3367 5567 3363
f 3242 3829 3831
f 3441 3442 4082
f 4735 4736 4855
f 4756 4757 4737
f 3382 3385 3384
f 3698 3699 3697
f 4676 4679 4678
f 4948 4943 4941
f 4890 5394 4805
f 4757 4744 4745
f 4581 4221 4380
f 5716 3516 5932
f 4923 4920 4926
f 5077 5079 5081
f 5078 5082 5058
f 4009 5401 5400
f 5081 5082 5078
f 3930 3931 4513
f 4014 4376 4028
f 4025 4026 4020
f 3618 4093 4096
f 4581 4575 4576
f 4219 4217 4188
f 5440 5442 3335
f 5449 3982 3323
f 4229 4181 4177
f 4590 4213 4214
f 4227 4183 4184
f 4574 4901 4858
f 4565 4566 5453
f 4592 4555 4588
f 4590 4587 4573
f 3517 3518 5521
f 3845 5428 3522
f 4444 3340 3884
f 3982 5449 5533
f 4465 4466 4497
f 4520 4522 4521
f 4076 4073 5591
f 3635 3667 3666
f 3343 3344 4498
f 4022 4019 3870
f 3661 3607 4098
f 5691 5690 5697
f 3768 3766 5742
f 4514 3955 3956
f 3697 3815 3814
f 4394 3248 5460
f 4054 4053 4057
f 3284 3318 3323
f 4052 3926 4169
f 4447 4506 4510
f 4456 4460 3346
f 4483 3876 3877
f 4482 3877 4512
f 4492 4512 4513
f 5642 5438 5439
f 5448 5447 5442
f 5466 4441 3882
f 3340 4444 4445
f 8908 8909 8910
f 4397 4169 3835
f 5413 3520 3521
f 3234 3931 3932
f 5753 5765 8895
f 8896 8897 5756
f 8921 8922 8889
f 8915 8912 8911
f 3933 3936 3935
f 3620 3804 3657
f 3966 3969 3968
f 4905 4789 4769
f 3225 5436 5437
f 5433 3896 3984
f 5714 5686 5693
f 5435 3984 3985
f 3954 3956 3955
f 4713 4712 4632
f 4879 4635 4632
f 3983 3984 3896
f 9027 5460 3248
f 5871 5870 5912
f 5849 5846 5891
f 4702 4703 4640
f 4213 4590 4579
f 3644 3645 3688
f 9193 9090 9040
f 8920 8930 8935
f 5406 3846 4130
f 4140 5400 5401
f 5659 3903 3904
f 4772 4773 4783
f 4244 4247 4246
f 4061 5399 4037
f 3669 3804 3803
f 3459 3460 3209
f 4072 5483 5484
f 4835 4833 4834
f 5660 5662 5661
f 4262 4265 4264
f 3633 3630 3627
f 3685 3643 3676
f 4517 4515 3235
f 4145 4420 4085
f 5455 4438 5459
f 5638 5635 5640
f 3228 3225 3254
f 4044 4174 3411
f 3614 3615 3612
f 3273 3276 3275
f 4952 4962 4961
f 4959 4958 4960
f 4888 4655 4761
f 4254 4257 4256
f 4199 4202 4201
f 4499 4464 4465
f 5479 4495 4496
f 5952 5953 5954
f 5956 5957 5958
f 5959 5958 5960
f 5962 5963 5964
f 5966 5967 5968
f 5967 5970 5971
f 5963 5962 5961
f 5972 5965 5964
f 5974 5975 5976
f 5978 5979 5980
f 5982 5983 5984
f 5986 5987 5985
f 5988 5989 5990
f 5992 5993 5994
f 5996 5997 5998
f 6000 6001 6002
f 6004 6005 6006
f 6008 6009 6010
f 6012 6013 6014
f 6016 6017 6018
f 6020 6021 6022
f 6024 6025 6026
f 6028 6029 6030
f 6032 6033 6034
f 6036 6037 6038
f 6040 6041 6013
f 6042 6043 6044
f 5992 6046 6047
f 6048 6049 6050
f 6052 6053 6054
f 6056 6057 6058
f 6060 6061 5987
f 6062 6063 6064
f 6066 6067 6068
f 6070 6071 6027
f 6072 6073 6057
f 6075 6076 6077
f 6078 6079 6080
f 6082 6083 6054
f 6085 6078 6081
f 6087 6061 5990
f 6061 6087 6089
f 6089 6090 6091
f 6092 6091 6093
f 6095 5978 5981
f 6062 6082 6084
f 6097 6098 6035
f 6056 6049 6099
f 6100 6101 6102
f 6001 6000 6104
f 6107 6108 6109
f 6110 6111 6112
f 6114 6026 6025
f 6116 6117 6118
f 6120 6121 6122
f 6124 6125 6126
f 6128 6129 6101
f 6039 6130 6131
f 6132 6133 6134
f 6136 6137 6138
f 6139 6140 6141
f 6143 6144 6145
f 6148 6149 6150
f 6152 6153 6154
f 6155 6156 6157
f 6159 6160 6161
f 6163 6164 6165
f 6167 6168 6169
f 6171 6172 6173
f 6175 6176 6104
f 6178 6179 6180
f 6023 6182 6183
f 6184 6185 6186
f 6117 6116 6188
f 6190 6191 6192
f 6194 6070 6026
f 6195 6196 6191
f 6197 6198 6199
f 6201 6202 6203
f 6205 6206 6207
f 6209 6210 6201
f 6197 6200 6211
f 6212 6211 6213
f 5979 6215 6214
f 6203 6216 6217
f 6206 6199 6198
f 6218 5961 5962
f 5965 6220 6219
f 5972 3355 3354
f 6070 6194 6222
f 6224 6225 6226
f 6228 6229 6230
f 6232 6233 6234
f 6196 6195 6236
f 6071 6070 6223
f 6239 6240 6241
f 6243 6244 6245
f 6247 6073 6248
f 6250 6251 6252
f 6254 6255 6256
f 6258 6259 6260
f 6229 6262 6263
f 6264 6265 6242
f 6266 6267 6268
f 6270 6271 6272
f 6274 6275 6276
f 6195 6278 6279
f 6280 6278 6281
f 6283 6284 6285
f 6123 6122 6287
f 6289 6290 6291
f 6293 6294 6243
f 6240 6296 6297
f 6298 6299 6267
f 6300 6301 6302
f 6304 6305 6306
f 6251 6250 6308
f 6247 6310 6311
f 6313 6314 6315
f 6314 6313 6317
f 6319 6086 6320
f 6322 6087 6088
f 6216 6324 6258
f 6325 6326 6327
f 6217 6258 6261
f 6330 6071 6238
f 6071 6330 6048
f 6015 6332 6333
f 6079 6334 6335
f 6336 6294 6240
f 6294 6293 6296
f 6337 6338 6339
f 6341 6342 6343
f 6345 6346 6347
f 6266 6264 6349
f 6350 6351 6352
f 6295 6243 6246
f 6303 6355 6356
f 6357 6358 6359
f 6361 6362 6363
f 6365 6350 6353
f 6367 6368 6369
f 6371 6367 6370
f 6372 6373 6374
f 6375 6374 6373
f 6376 6377 6378
f 6379 6380 6381
f 6383 6384 6385
f 6387 6388 6389
f 6391 6392 6393
f 6395 6396 6397
f 6398 6399 6400
f 6399 6401 6402
f 6403 6402 6401
f 6405 6406 6407
f 6409 6410 6411
f 6367 6371 6413
f 6374 6375 6415
f 6417 6418 6384
f 6419 6420 6348
f 6421 6422 6423
f 6425 6426 6400
f 6426 6427 6395
f 6393 6396 6428
f 6429 6430 6394
f 6390 6389 6431
f 6433 6434 6408
f 6435 6436 6437
f 6439 6440 6411
f 6392 6391 6441
f 6397 6392 6442
f 6401 6399 6444
f 6446 6447 6437
f 6448 6449 6450
f 6452 6453 6454
f 6442 6441 6456
f 6443 6442 6457
f 6444 6459 6460
f 6445 6444 6461
f 6463 6464 6462
f 6446 6445 6462
f 6466 6467 6468
f 6448 6451 6470
f 6453 6452 6472
f 6474 6475 6476
f 6478 6479 6480
f 6482 6483 6484
f 6486 6487 6488
f 6490 6491 6492
f 6493 6492 6494
f 6496 6497 6498
f 6500 6501 6502
f 6504 6505 6506
f 6508 6468 6509
f 6511 6512 6513
f 6499 6514 6515
f 6516 6517 6518
f 6520 6521 6522
f 6524 6507 6525
f 6507 6524 6527
f 6504 6527 6528
f 6528 6511 6508
f 6529 6530 6531
f 6342 6533 6534
f 6535 6347 6346
f 6347 6535 6537
f 6434 6538 6539
f 6539 6540 6405
f 6541 6542 6451
f 6543 6544 6470
f 6546 6478 6481
f 6499 6498 6548
f 6549 6550 6514
f 6551 6552 6553
f 6555 6556 6557
f 6403 6436 6423
f 6426 6425 6413
f 6415 6560 6428
f 6430 6429 6561
f 6434 6433 6420
f 6563 6564 6565
f 6404 6401 6445
f 6459 6444 6399
f 6455 6454 6388
f 6405 6450 6449
f 6540 6541 6450
f 6567 6495 6568
f 6570 6464 6463
f 6475 6474 6490
f 6458 6457 6571
f 6573 6571 6574
f 6576 6577 6578
f 6193 6192 6580
f 6582 6583 6584
f 6583 6582 6586
f 6588 6589 6587
f 6590 6069 6068
f 6592 6593 6594
f 6251 6310 6595
f 6304 6596 6597
f 6272 3735 6599
f 3737 3736 6558
f 6600 6161 6160
f 6123 6602 6603
f 6604 6605 6606
f 6608 6205 6208
f 5972 6221 6220
f 6610 6611 6612
f 6613 6614 6615
f 6242 6617 6618
f 6226 6619 6245
f 6620 6621 6622
f 6624 6143 6146
f 6626 6213 6211
f 6627 6628 6629
f 6631 6632 6633
f 6235 6635 6636
f 6637 6638 6639
f 6641 6625 6286
f 6643 6644 6645
f 6647 6648 6649
f 6244 6243 6294
f 6336 6651 6652
f 6194 6196 6237
f 6196 6194 6114
f 6115 6192 6191
f 6653 6654 6655
f 6657 6117 6189
f 6117 6657 6659
f 6130 6157 6156
f 6133 6152 6151
f 6661 6111 6662
f 6663 6613 6616
f 6664 6270 6273
f 6418 6417 6432
f 6290 6325 6328
f 6666 6557 6556
f 6557 6666 3805
f 5971 6667 6668
f 6181 6669 6670
f 6671 6672 6673
f 6676 6673 6672
f 6675 6150 6149
f 6067 6066 5999
f 6677 6678 6679
f 6681 6682 6683
f 6087 6322 6090
f 5983 5982 6685
f 5982 6094 6687
f 6094 6093 6688
f 6211 6200 6137
f 6689 6690 6691
f 6690 6689 3833
f 6001 5983 6686
f 5978 6693 6215
f 6694 6693 5978
f 5974 6694 6095
f 6183 6182 6696
f 6698 5959 5961
f 5959 6698 6699
f 6697 6696 6700
f 6702 6629 6703
f 5968 6668 6705
f 6706 5977 5955
f 6707 6618 6617
f 6024 6051 6709
f 6402 6403 6559
f 3852 6711 6712
f 3856 6594 6593
f 5977 6706 6694
f 6713 5955 5977
f 6714 6715 6716
f 6718 6719 6308
f 6720 6255 6254
f 6722 6723 6724
f 6312 6311 6726
f 6069 6590 6728
f 6319 6594 6730
f 6731 6645 6644
f 6732 6733 6734
f 6046 6053 6320
f 3880 3805 6666
f 6736 6737 6738
f 6531 6740 6741
f 6300 6356 6614
f 6742 6532 6325
f 6743 6742 3891
f 6744 6302 6301
f 6746 6747 6534
f 6536 6576 6579
f 6535 6579 6563
f 6566 6538 6537
f 6538 6566 6409
f 6412 6540 6539
f 6412 6748 6541
f 6748 6749 6542
f 6749 6569 6545
f 6568 6750 6547
f 6751 6752 6548
f 6753 6754 6550
f 6755 6756 6757
f 6759 6760 6761
f 6763 6764 6765
f 6764 6620 6623
f 6766 6767 6768
f 6770 6771 6772
f 6774 6775 6776
f 6021 6774 6777
f 6723 6778 6779
f 6780 6781 6782
f 6784 6785 6786
f 6788 6789 6790
f 6185 6792 6793
f 6794 6722 6725
f 6729 6796 6098
f 6135 6797 6798
f 6799 6062 6065
f 6037 6801 6802
f 6005 6004 6588
f 6005 6803 6804
f 6052 6055 6010
f 6586 6582 6803
f 6092 5985 5987
f 6094 5982 5985
f 6096 6806 6695
f 6082 6062 6799
f 6657 6013 6041
f 6013 6657 6658
f 6795 6725 6807
f 6809 6810 6811
f 6813 6814 6815
f 6817 6818 6819
f 6821 6822 6823
f 6329 6209 6204
f 6202 6825 6826
f 6072 6099 6827
f 6598 6829 6305
f 6301 6300 6613
f 6830 6831 6271
f 6822 6779 6778
f 6326 6741 6832
f 6203 6826 6833
f 6027 6048 6051
f 6360 6834 6835
f 6836 6837 6838
f 6837 6840 6841
f 6362 6365 6366
f 6380 6385 6384
f 6421 6564 6578
f 6566 6565 6410
f 6394 6389 6388
f 6414 6422 6368
f 6371 6374 6416
f 6561 6560 6378
f 6382 6381 6562
f 6381 6384 6418
f 6389 6394 6430
f 6391 6388 6454
f 6441 6454 6453
f 6456 6453 6473
f 6495 6494 6750
f 6843 6575 6485
f 6844 6845 6843
f 6573 6845 6847
f 6849 6491 6487
f 6513 6753 6752
f 6517 6521 6850
f 6521 6520 6851
f 6844 6851 6852
f 6505 6504 6510
f 6753 6513 6512
f 6516 6522 6521
f 6614 6740 6854
f 6742 6262 4003
f 6708 6617 6855
f 6307 6306 6857
f 6307 6664 6665
f 6414 6413 6425
f 6416 6415 6427
f 6562 6418 6431
f 6419 6537 6538
f 6358 6836 6839
f 6059 6058 6859
f 6861 6862 6863
f 6865 6866 6867
f 6115 6025 6869
f 6871 6872 6873
f 6721 6254 6596
f 6876 6610 6556
f 6877 6663 6552
f 6551 6878 6268
f 6879 6855 6265
f 6239 6618 6651
f 6230 6263 6619
f 6171 6670 6669
f 6106 6109 6882
f 6883 6884 6822
f 6759 6184 6187
f 6725 6724 6785
f 6885 6795 6808
f 6886 6887 6888
f 6701 6700 6756
f 6884 6786 6779
f 6715 6714 6309
f 6889 6259 6890
f 6743 3890 4042
f 6270 6664 6893
f 6386 6894 6895
f 6895 6348 6420
f 6897 6432 6417
f 6897 6433 6407
f 6390 6898 6899
f 6900 6899 6406
f 6455 6900 6901
f 6902 6903 6904
f 6482 6903 6905
f 6501 6906 6907
f 6496 6515 6908
f 6532 6531 6326
f 6532 6742 6743
f 6612 6910 6735
f 6611 6911 6910
f 6626 5980 5979
f 6704 6912 6105
f 6913 6590 6591
f 6915 6794 6795
f 6229 6228 4067
f 6263 6290 6289
f 6745 6301 6663
f 6916 6771 6757
f 6885 6918 6165
f 6920 6780 6783
f 6921 6922 6923
f 6925 6921 6924
f 6927 6928 6929
f 6931 6932 6933
f 6935 6936 6937
f 6939 6940 6941
f 6943 6944 6945
f 6947 6948 6949
f 6944 6943 6951
f 6953 6954 6955
f 6957 6958 6959
f 6961 6962 6929
f 6964 6965 6966
f 6968 6969 6970
f 6969 6948 6955
f 6972 6943 6946
f 6974 6975 6976
f 6978 6979 6980
f 6940 6939 6982
f 6984 6985 6986
f 6988 6989 6990
f 6992 6990 6989
f 6994 6995 6996
f 6998 6999 7000
f 7002 7003 7004
f 7006 7007 7008
f 7010 7011 7012
f 7014 7015 7016
f 7018 7019 6999
f 7020 7021 7022
f 7024 7025 7026
f 7028 7029 7030
f 7032 7033 7034
f 7003 7002 7036
f 7038 7039 7040
f 6993 6989 7030
f 7042 7043 7044
f 7046 7047 7007
f 7011 7010 7048
f 7050 7051 7052
f 7054 7015 7014
f 7015 7054 7056
f 6621 6620 7045
f 7049 7048 6775
f 7051 7050 6021
f 7055 6697 6701
f 7054 6701 6755
f 6764 6763 7047
f 7020 7058 7059
f 7060 7061 7062
f 6958 7064 7065
f 6925 7066 7067
f 7068 6931 6934
f 7069 6988 6991
f 7071 6995 7072
f 7074 7075 7076
f 7078 7079 7080
f 7014 7017 7082
f 7084 7085 7086
f 7025 7028 7031
f 7085 7084 7072
f 7089 7084 7087
f 7055 7014 7083
f 7090 7087 6770
f 7092 7093 7094
f 7091 6183 6697
f 6770 7087 7086
f 7095 7094 6767
f 7096 7061 6980
f 7098 6941 6940
f 7058 7020 7023
f 7101 6927 6930
f 6974 7060 7063
f 7103 6968 6971
f 7105 6978 6981
f 7106 7107 7036
f 7109 7048 7010
f 7111 7019 7018
f 7098 7003 7037
f 7048 7109 7112
f 7113 6993 7041
f 6994 7114 7115
f 6965 7116 6923
f 6975 6922 6945
f 7061 7096 7065
f 6954 6953 6933
f 6763 7112 7109
f 7046 7045 6620
f 6947 7117 7067
f 6758 7086 7056
f 7118 7119 7039
f 7038 7069 7070
f 7106 7120 7121
f 7123 7124 7053
f 7123 7052 7083
f 7045 7046 7006
f 7107 7106 7122
f 7091 7083 7052
f 7091 7051 6020
f 6936 7096 7097
f 7125 6957 6960
f 6774 6021 7050
f 7119 6939 6942
f 7019 7002 7005
f 7011 7053 7124
f 7021 7126 7040
f 7114 7029 7016
f 7053 7011 7049
f 7086 7085 7057
f 6993 7113 7127
f 7075 7127 7113
f 4281 4280 6603
f 6012 6333 7129
f 7130 6083 6584
f 6797 7132 7133
f 6074 7134 7135
f 6789 6760 6173
f 6760 6789 6776
f 7136 6802 6801
f 6914 6671 6674
f 7007 7110 7059
f 7099 7004 7003
f 6984 7103 7104
f 7110 7007 7047
f 6333 6583 6587
f 5956 6699 6667
f 5957 5956 5971
f 7137 6715 6308
f 4292 4293 6718
f 6693 6705 6668
f 6215 6668 6667
f 6214 6667 6699
f 6698 6197 6212
f 6219 6207 6198
f 6207 6219 6220
f 6220 6221 6609
f 6262 6229 4066
f 7138 7139 7140
f 4298 7142 7140
f 7143 7144 7145
f 7147 7148 7144
f 7149 7150 7151
f 7150 7152 7153
f 6329 6261 7154
f 6261 6260 7155
f 7156 6829 7157
f 6598 6597 7159
f 6257 6256 7161
f 6256 4322 4321
f 6693 6694 6706
f 5954 5969 6705
f 5953 5966 5969
f 7163 5984 5983
f 7164 7165 6138
f 7167 7168 7169
f 6141 7171 7172
f 7166 7171 7173
f 6141 6140 7174
f 7176 7177 7178
f 7180 7181 7182
f 7184 7185 7186
f 6631 7180 7183
f 6218 6198 6197
f 6625 6641 7189
f 6814 6813 7190
f 6882 7192 7193
f 7195 7196 6109
f 6888 7197 7198
f 7200 7201 7202
f 7176 6627 6630
f 6029 7184 7187
f 7205 7206 7207
f 7209 7210 7211
f 7203 7202 7213
f 6886 7215 6778
f 6031 6030 7215
f 7216 7217 7218
f 7220 7221 6880
f 6076 6075 7220
f 6074 6077 6672
f 6147 6150 6662
f 7223 6662 6111
f 6810 6809 6113
f 6920 7134 6914
f 6077 6660 6675
f 6660 6077 6076
f 7222 7220 6669
f 7224 7222 6181
f 6660 6662 6150
f 7225 7226 6794
f 6783 6782 7225
f 6781 6780 6068
f 7217 7227 7228
f 6031 6888 7199
f 6887 6886 6723
f 6164 7225 6915
f 6780 6920 6591
f 7134 6074 6671
f 7229 7230 6824
f 7187 7186 7230
f 7226 6887 6722
f 7231 7232 6169
f 7201 7231 7233
f 6107 7234 7235
f 7215 7229 6823
f 6030 7187 7229
f 7236 7216 7219
f 7237 7238 6820
f 7237 7208 7207
f 7239 7240 7241
f 6739 7243 7244
f 7245 7239 7242
f 7233 6169 6168
f 7247 7213 7202
f 7195 6108 7203
f 7248 7249 7250
f 7227 7251 7252
f 7253 6067 5998
f 6067 7253 7198
f 6781 7198 7197
f 5984 7163 6683
f 7254 7250 6678
f 6679 7249 7252
f 6887 7226 7197
f 6782 7197 7226
f 7135 6919 6163
f 7221 7220 6075
f 6661 6076 7222
f 7224 6112 6111
f 6180 6810 6112
f 6179 6811 6810
f 6811 6179 6793
f 6650 6792 6622
f 6766 6621 7044
f 7095 7044 7043
f 7092 7043 7121
f 7078 7120 7255
f 7256 7232 7257
f 6768 6772 7259
f 6773 6767 7094
f 7090 7094 7093
f 7089 7093 7080
f 7071 7079 7032
f 7077 7018 6998
f 6995 7071 7260
f 7077 7076 7261
f 7035 7034 7018
f 7108 7019 7111
f 6978 7105 7262
f 7105 7263 7264
f 7263 6944 6952
f 6990 6992 6951
f 6972 7117 7266
f 7117 6947 6950
f 6948 6969 7267
f 6969 6968 6982
f 7103 6984 6987
f 7005 7004 6986
f 6999 7005 7268
f 7269 7270 7271
f 7274 7272 7275
f 7274 7273 7276
f 7278 7279 7280
f 7282 7283 7284
f 7286 7287 7288
f 7290 7291 7292
f 7294 7295 7296
f 7068 7297 7298
f 7300 7301 7302
f 7304 6962 7305
f 7307 7285 7305
f 7309 7284 7283
f 7311 7312 7313
f 7125 7304 7306
f 7285 7307 7280
f 7277 7281 7303
f 6965 6964 7316
f 7318 7312 7316
f 7320 7321 7271
f 7312 7318 7296
f 7270 7269 7298
f 7311 7270 7322
f 6961 6932 7300
f 7323 7324 7325
f 7327 7064 7328
f 7064 6958 7325
f 7287 7330 7292
f 6931 7068 7299
f 7331 7327 7329
f 7332 7333 7334
f 7336 7337 7338
f 7340 7341 7333
f 7342 7341 7343
f 7345 7346 7347
f 7348 7349 7350
f 7352 7353 7354
f 7356 7357 7358
f 7360 7361 7362
f 7365 7366 7367
f 7368 7369 7370
f 7372 7373 7336
f 7373 7375 7337
f 7367 7366 7376
f 7378 7379 7380
f 7382 7383 7384
f 7386 7387 7385
f 7388 7389 7390
f 7392 7334 7333
f 7394 7395 7396
f 7398 7399 7400
f 7402 7403 7404
f 7406 7407 7408
f 7410 7411 7383
f 7412 7413 7414
f 7385 7416 7417
f 7389 7418 7419
f 7373 7420 7421
f 7420 7373 7372
f 7369 7423 7424
f 7399 7398 7397
f 7393 7333 7341
f 7398 7358 7357
f 7358 7398 7401
f 7428 7429 7430
f 7433 7434 7435
f 7363 7362 7436
f 7383 7438 7439
f 7411 7440 7438
f 7441 7442 7443
f 7445 7446 7339
f 7374 7336 7339
f 7444 7365 7364
f 7448 7364 7450
f 7364 7367 7451
f 7451 7367 7377
f 7449 7450 7454
f 7455 7454 7450
f 7456 7455 7451
f 7410 7457 7458
f 7460 7461 7462
f 7423 7369 7462
f 7464 7465 7466
f 7468 7469 7347
f 7376 7366 7471
f 7425 7397 7396
f 7475 7476 7477
f 7478 7479 7480
f 7482 7483 7407
f 7484 7485 7351
f 7487 7405 7488
f 7490 7491 7492
f 7412 7415 7434
f 7494 7495 7434
f 7496 7388 7391
f 7440 7411 7498
f 7401 7400 7488
f 7485 7346 7345
f 7500 7502 7427
f 7395 7394 7469
f 7503 7504 7505
f 7507 7508 7509
f 7511 7512 7513
f 7511 7514 7515
f 7517 7518 7519
f 7521 7522 7523
f 7352 7524 7525
f 7415 7414 7527
f 7528 7529 7530
f 7404 7531 7502
f 7477 7388 7496
f 7512 7478 7481
f 7405 7404 7500
f 7533 7534 7535
f 7378 7507 7510
f 7532 7496 7379
f 7539 7540 7541
f 7524 7352 7355
f 7351 7485 7501
f 7414 7524 7523
f 7522 7543 7527
f 7544 7413 7412
f 7546 7416 7547
f 7526 7549 7353
f 7550 7521 7355
f 7521 7550 7551
f 7552 7546 7548
f 7546 7552 7553
f 7522 7521 7548
f 7418 7556 7520
f 7416 7546 7554
f 7457 7557 7558
f 7557 7559 7560
f 7562 7561 7563
f 7564 7563 7349
f 7351 7350 7565
f 7567 7568 7569
f 7570 7555 7520
f 7419 7418 7555
f 7572 7564 7348
f 7389 7476 7556
f 7573 7490 7493
f 7552 7535 7534
f 7562 7574 7536
f 7572 7575 7576
f 7422 7577 7578
f 7423 7579 7580
f 7579 7423 7463
f 7578 7574 7576
f 7583 7584 7381
f 7586 7579 7581
f 7533 7580 7579
f 7447 7339 7338
f 7588 7502 7531
f 7590 7428 7431
f 7321 7320 7592
f 7275 7581 7463
f 7461 7278 7276
f 7279 7278 7461
f 7453 7454 7593
f 7594 7593 7454
f 7330 7287 7498
f 7459 7458 7294
f 7558 7560 7595
f 7560 7592 7320
f 7275 7321 7585
f 7462 7276 7273
f 7596 7583 7380
f 7597 7598 7406
f 7467 7466 7599
f 7601 7602 7603
f 7605 7365 7444
f 7365 7605 7606
f 7607 7495 7494
f 7513 7481 7473
f 7396 7395 7514
f 7514 7395 7468
f 7470 7609 7515
f 7610 7611 7609
f 7612 7556 7476
f 7613 7530 7529
f 7442 7441 7615
f 7574 7578 7577
f 7619 7400 7399
f 7518 7479 7509
f 7491 7399 7425
f 7549 7620 7621
f 7491 7490 7622
f 7377 7438 7440
f 7379 7496 7497
f 7453 7461 7460
f 7411 7410 7459
f 7623 7624 7391
f 7625 7611 7610
f 7487 7407 7483
f 7619 7622 7408
f 7627 7628 7620
f 7538 7379 7378
f 7389 7388 7477
f 7629 7545 7412
f 7489 7408 7407
f 7628 7627 7598
f 7413 7525 7524
f 7592 7560 7559
f 7584 7631 7632
f 7569 7568 7633
f 7570 7508 7566
f 7631 7567 7566
f 7508 7570 7519
f 7614 7573 7480
f 7346 7610 7470
f 7572 7574 7562
f 7571 7633 7634
f 7346 7485 7484
f 7607 7591 7431
f 7585 7592 7630
f 7624 7596 7497
f 7635 7386 7384
f 7636 7427 7502
f 7323 7309 7310
f 7420 7578 7582
f 7637 7594 7455
f 7287 7286 7499
f 7458 7558 7295
f 7439 7376 7472
f 7599 7601 7604
f 7359 7358 7427
f 7436 7638 7639
f 7490 7573 7640
f 7481 7480 7493
f 7641 7506 7505
f 7642 7643 7627
f 7492 7425 7473
f 7517 7612 7625
f 7625 7484 7486
f 7634 7623 7390
f 7474 7477 7532
f 7448 7368 7441
f 7368 7448 7449
f 7615 7441 7368
f 7638 7603 7602
f 7575 7572 7501
f 7571 7555 7570
f 7400 7619 7489
f 7508 7507 7632
f 7503 7506 7540
f 6957 7125 7315
f 7376 7439 7438
f 7507 7378 7381
f 7499 7456 7452
f 7286 7637 7456
f 7504 7642 7644
f 7645 7598 7627
f 7647 7634 7633
f 7647 7648 7623
f 7649 7624 7623
f 7650 7596 7624
f 7646 7633 7568
f 7651 7568 7567
f 7653 7652 7567
f 7651 7654 7655
f 7656 7657 7658
f 7660 7658 7657
f 7663 7657 7656
f 7664 7665 7663
f 7667 7666 7663
f 7667 7662 7668
f 7663 7665 7661
f 7670 7671 7672
f 7661 7672 7671
f 7659 7668 7662
f 7648 7647 7668
f 7648 7659 7673
f 7659 7658 7674
f 7658 7660 7675
f 7668 7647 7646
f 7660 7671 7676
f 7675 7677 7678
f 7677 7675 7676
f 7677 7680 7681
f 7682 7683 7678
f 7677 7679 7684
f 7673 7674 7678
f 7683 7650 7649
f 7685 7676 7671
f 7667 7655 7686
f 7666 7686 7687
f 7654 7688 7686
f 7689 7687 7686
f 7664 7687 7691
f 7650 7692 7583
f 7693 7653 7631
f 7584 7583 7692
f 7693 7692 7682
f 7694 7682 7681
f 7694 7696 7653
f 7650 7683 7682
f 7696 7697 7652
f 7654 7651 7652
f 7688 7654 7697
f 7699 7698 7697
f 7700 7701 7698
f 7695 7699 7696
f 7699 7695 7702
f 7689 7688 7698
f 7689 7701 7703
f 7705 7706 7707
f 7701 7700 7705
f 7704 7703 7707
f 7685 7670 7691
f 7687 7689 7704
f 7680 7702 7695
f 7684 7706 7702
f 7702 7706 7705
f 7684 7679 7707
f 7676 7685 7707
f 7665 7669 7672
f 7670 7669 7690
f 7665 7664 7690
f 7611 7475 7474
f 7510 7509 7479
f 7511 7538 7537
f 7516 7532 7538
f 7517 7530 7613
f 7537 7510 7478
f 7611 7625 7612
f 7613 7480 7479
f 7556 7612 7517
f 7516 7515 7609
f 7708 7709 7710
f 7712 7713 7714
f 7713 7716 7717
f 7719 7720 7721
f 7722 7723 7597
f 7724 7712 7715
f 7726 7727 7728
f 7731 7640 7573
f 7730 7573 7614
f 7733 7734 7735
f 7721 7712 7724
f 7731 7722 7409
f 7708 7726 7729
f 7737 7724 7709
f 7716 7741 7736
f 7742 7743 7744
f 7740 7736 7735
f 7717 7716 7740
f 7716 7713 7720
f 7748 7749 7711
f 7750 7748 7710
f 7720 7719 7751
f 7734 7723 7728
f 7709 7724 7725
f 7752 7753 7715
f 7739 7709 7708
f 7720 7713 7712
f 7749 7754 7755
f 7745 7744 7756
f 7746 7727 7742
f 7743 7742 7755
f 7727 7746 7735
f 7747 7756 7757
f 7753 7750 7725
f 7751 7621 7620
f 7757 7752 7714
f 7718 7721 7737
f 7747 7740 7746
f 7727 7726 7755
f 7726 7708 7711
f 7759 7757 7756
f 7759 7760 7752
f 7760 7761 7753
f 7761 7762 7750
f 7758 7756 7744
f 7763 7744 7743
f 7754 7765 7764
f 7763 7766 7767
f 7768 7769 7770
f 7772 7768 7771
f 7775 7768 7772
f 7776 7777 7775
f 7779 7778 7775
f 7775 7777 7769
f 7770 7769 7781
f 7782 7774 7772
f 7760 7759 7782
f 7760 7773 7783
f 7773 7771 7784
f 7770 7785 7784
f 7779 7774 7782
f 7782 7759 7758
f 7785 7770 7780
f 7785 7787 7788
f 7787 7785 7786
f 7787 7790 7791
f 7792 7793 7788
f 7787 7789 7794
f 7793 7783 7784
f 7762 7761 7783
f 7796 7786 7780
f 7795 7780 7781
f 7779 7767 7798
f 7799 7776 7778
f 7766 7800 7798
f 7800 7801 7799
f 7802 7776 7799
f 7795 7797 7802
f 7762 7804 7748
f 7805 7765 7754
f 7749 7748 7804
f 7805 7804 7792
f 7806 7792 7791
f 7806 7808 7765
f 7793 7792 7804
f 7808 7809 7764
f 7766 7763 7764
f 7766 7809 7810
f 7811 7810 7809
f 7812 7813 7810
f 7807 7811 7808
f 7811 7807 7814
f 7813 7801 7800
f 7801 7813 7815
f 7817 7818 7819
f 7813 7812 7817
f 7816 7815 7819
f 7796 7795 7803
f 7799 7801 7816
f 7790 7814 7807
f 7794 7818 7814
f 7814 7818 7817
f 7794 7789 7819
f 7786 7796 7819
f 7777 7797 7781
f 7777 7776 7802
f 7528 7719 7718
f 7729 7728 7723
f 7738 7731 7730
f 7732 7737 7739
f 7733 7620 7628
f 7722 7731 7738
f 7621 7751 7719
f 7628 7597 7723
f 7733 7736 7741
f 7732 7614 7529
f 7486 7565 7621
f 7549 7565 7350
f 7353 7350 7349
f 7354 7349 7563
f 7821 7822 7823
f 7824 7825 7826
f 7825 7828 7829
f 7830 7831 7832
f 7834 7824 7827
f 7836 7837 7838
f 7840 7482 7406
f 7841 7406 7598
f 7843 7844 7845
f 7833 7824 7834
f 7848 7820 7836
f 7847 7834 7821
f 7828 7851 7846
f 7853 7854 7855
f 7850 7846 7845
f 7829 7828 7850
f 7828 7825 7832
f 7858 7859 7823
f 7860 7858 7822
f 7831 7861 7851
f 7844 7862 7838
f 7834 7835 7822
f 7863 7864 7827
f 7849 7821 7820
f 7825 7824 7833
f 7859 7865 7866
f 7855 7854 7867
f 7837 7852 7855
f 7865 7853 7852
f 7837 7856 7845
f 7857 7867 7868
f 7864 7860 7835
f 7843 7861 7642
f 7868 7863 7826
f 7830 7833 7847
f 7857 7850 7856
f 7837 7836 7866
f 7836 7820 7823
f 7870 7868 7867
f 7870 7871 7863
f 7871 7872 7864
f 7872 7873 7860
f 7869 7867 7854
f 7874 7854 7853
f 7876 7875 7853
f 7874 7877 7878
f 7879 7880 7881
f 7883 7879 7882
f 7886 7879 7883
f 7887 7888 7886
f 7890 7889 7886
f 7886 7888 7880
f 7891 7881 7880
f 7884 7893 7885
f 7871 7870 7893
f 7871 7884 7894
f 7884 7882 7895
f 7882 7881 7896
f 7890 7885 7893
f 7893 7870 7869
f 7881 7891 7897
f 7898 7899 7895
f 7900 7898 7896
f 7901 7902 7899
f 7904 7899 7902
f 7898 7900 7905
f 7894 7895 7899
f 7904 7873 7872
f 7907 7897 7891
f 7906 7891 7892
f 7890 7878 7909
f 7910 7887 7889
f 7877 7911 7909
f 7912 7910 7909
f 7887 7910 7914
f 7906 7908 7913
f 7873 7915 7858
f 7916 7876 7865
f 7859 7858 7915
f 7916 7915 7903
f 7917 7903 7902
f 7917 7919 7876
f 7873 7904 7903
f 7919 7920 7875
f 7877 7874 7875
f 7911 7877 7920
f 7922 7921 7920
f 7923 7924 7921
f 7918 7922 7919
f 7922 7918 7925
f 7924 7912 7911
f 7912 7924 7926
f 7928 7929 7930
f 7924 7923 7928
f 7927 7926 7930
f 7907 7906 7914
f 7910 7912 7927
f 7901 7925 7918
f 7905 7929 7925
f 7925 7929 7928
f 7905 7900 7930
f 7897 7907 7930
f 7888 7908 7892
f 7888 7887 7913
f 7645 7643 7831
f 7839 7838 7862
f 7841 7849 7848
f 7842 7847 7849
f 7504 7503 7844
f 7839 7931 7840
f 7643 7642 7861
f 7503 7539 7862
f 7846 7851 7861
f 7842 7598 7645
f 7932 7933 7934
f 7936 7937 7938
f 7937 7940 7941
f 7942 7943 7944
f 7947 7948 7949
f 7950 7936 7939
f 7953 7954 7955
f 7956 7957 7958
f 7956 7959 7540
f 7962 7963 7964
f 7936 7950 7965
f 7946 7949 7958
f 7966 7932 7952
f 7965 7950 7933
f 7968 7940 7969
f 7970 7971 7972
f 7974 7968 7964
f 7941 7940 7968
f 7940 7937 7944
f 7976 7977 7935
f 7978 7976 7934
f 7943 7979 7969
f 7947 7954 7963
f 7933 7950 7951
f 7980 7981 7939
f 7967 7933 7932
f 7937 7936 7945
f 7977 7982 7983
f 7973 7972 7984
f 7953 7970 7973
f 7982 7971 7970
f 7974 7963 7954
f 7975 7984 7985
f 7981 7978 7951
f 7961 7979 7544
f 7985 7980 7938
f 7942 7945 7965
f 7975 7968 7974
f 7952 7983 7970
f 7952 7932 7935
f 7987 7985 7984
f 7987 7988 7980
f 7988 7989 7981
f 7989 7990 7978
f 7986 7984 7972
f 7991 7972 7971
f 7993 7992 7971
f 7986 7991 7994
f 7997 7998 7999
f 8000 7996 7999
f 8003 7996 8000
f 8005 8003 8006
f 8007 8006 8003
f 7996 8003 8005
f 7998 7997 8009
f 8010 8002 8000
f 7988 7987 8010
f 7988 8001 8011
f 8011 8001 7999
f 7998 8013 8012
f 8007 8002 8010
f 8010 7987 7986
f 8013 7998 8008
f 8015 8016 8012
f 8017 8015 8013
f 8018 8019 8016
f 8021 8016 8019
f 8015 8017 8022
f 8011 8012 8016
f 8021 7990 7989
f 8023 8024 8014
f 8023 8008 8009
f 8007 7995 8026
f 8026 8027 8004
f 8028 8026 7995
f 8029 8027 8026
f 8030 8004 8027
f 8023 8025 8030
f 7990 8032 7976
f 8033 7993 7982
f 7976 8032 8033
f 8034 8033 8032
f 8035 8034 8020
f 8034 8036 7993
f 7990 8021 8020
f 8036 8037 7992
f 7991 7992 8037
f 7994 8037 8038
f 8039 8038 8037
f 8040 8041 8038
f 8035 8039 8036
f 8039 8035 8042
f 8041 8029 8028
f 8029 8041 8043
f 8045 8046 8047
f 8041 8040 8045
f 8044 8043 8047
f 8024 8023 8031
f 8027 8029 8044
f 8042 8035 8019
f 8022 8046 8042
f 8042 8046 8045
f 8017 8047 8046
f 8014 8024 8047
f 8005 8025 8009
f 8005 8004 8030
f 7506 7641 7943
f 7954 7947 7946
f 7967 7966 7957
f 7960 7965 7967
f 7948 7947 7962
f 7955 7946 7957
f 7641 7544 7979
f 7969 7979 7961
f 7960 7540 7506
f 7362 8049 8050
f 8052 7618 7464
f 8051 7464 7467
f 8054 8055 7600
f 8056 7361 7618
f 7436 8050 8057
f 8049 7362 7361
f 8057 8058 7603
f 8055 8053 7467
f 8058 8054 7604
f 8059 8060 8058
f 8060 8061 8054
f 8061 8062 8055
f 8062 8063 8053
f 8059 8057 8050
f 8064 8050 8049
f 8056 8066 8065
f 8059 8064 8067
f 8069 8070 8071
f 8073 8069 8072
f 8075 8069 8073
f 8077 8078 8075
f 8075 8079 8070
f 8079 8080 8081
f 8082 8071 8070
f 8083 8076 8073
f 8061 8060 8083
f 8061 8074 8084
f 8074 8072 8085
f 8072 8071 8086
f 8077 8076 8083
f 8083 8060 8059
f 8071 8082 8087
f 8088 8089 8085
f 8090 8088 8086
f 8091 8092 8089
f 8094 8089 8092
f 8088 8090 8095
f 8084 8085 8089
f 8094 8063 8062
f 8097 8087 8082
f 8096 8082 8081
f 8077 8068 8098
f 8099 8100 8078
f 8101 8098 8068
f 8102 8099 8098
f 8100 8099 8104
f 8096 8080 8103
f 8075 8078 8100
f 8079 8100 8103
f 8105 8051 8053
f 8066 8056 8052
f 8051 8105 8106
f 8107 8106 8105
f 8108 8107 8093
f 8107 8109 8066
f 8063 8094 8093
f 8109 8110 8065
f 8064 8065 8110
f 8067 8110 8111
f 8112 8111 8110
f 8113 8114 8111
f 8108 8112 8109
f 8112 8108 8115
f 8114 8102 8101
f 8102 8114 8116
f 8118 8119 8120
f 8114 8113 8118
f 8117 8116 8120
f 8097 8096 8104
f 8099 8102 8117
f 8091 8115 8108
f 8095 8119 8115
f 8115 8119 8118
f 8095 8090 8120
f 8087 8097 8120
f 7550 7563 7561
f 7552 7551 7561
f 7931 7862 7539
f 7640 7409 7408
f 7549 7526 7644
f 7525 7413 7544
f 7931 7542 7482
f 7483 7482 7542
f 7626 7402 7405
f 7629 7433 7432
f 7629 8121 7949
f 8122 7958 7949
f 8123 8122 8121
f 8124 8123 7432
f 7434 7495 8125
f 8125 7430 8124
f 8124 7430 7429
f 8123 8124 8126
f 8122 8123 8127
f 7541 7540 7959
f 7404 7403 8129
f 8125 7495 7431
f 7526 7525 7505
f 7626 7483 7541
f 7959 7958 8122
f 7961 7545 8048
f 7629 7948 8048
f 8127 7402 7626
f 7402 8127 8126
f 8129 7403 8126
f 7428 7531 8129
f 7589 7531 7428
f 7334 7392 7426
f 7335 7334 7357
f 7616 7615 7446
f 7392 7397 7398
f 7393 7394 7397
f 7342 7469 7394
f 7344 7347 7469
f 7343 7618 7361
f 7360 7345 7344
f 7363 7575 7345
f 7437 7576 7575
f 7582 7576 7437
f 7421 7582 7639
f 7375 7421 7602
f 7599 7337 7375
f 7465 7464 7618
f 7332 7447 7587
f 7447 7332 7335
f 7445 7335 7356
f 7359 7442 7616
f 7636 7443 7442
f 7588 7605 7443
f 7589 7606 7605
f 7590 7471 7606
f 7471 7590 7591
f 7446 7615 7371
f 7371 7370 7372
f 7422 7372 7370
f 7577 7422 7424
f 7536 7577 7580
f 7591 7607 7635
f 7607 7608 7386
f 7543 7608 7494
f 7547 7387 7543
f 7608 7543 7387
f 7387 7547 7416
f 7457 7410 7382
f 7557 7457 7417
f 7559 7557 7554
f 7630 7559 7553
f 7534 7533 7586
f 7466 7338 7337
f 7465 7587 7338
f 7617 7340 7587
f 7341 7340 7617
f 8130 6091 6090
f 6023 6022 8132
f 6182 6023 8133
f 6623 6622 6792
f 6787 6696 6182
f 8134 6700 6696
f 6917 6757 6756
f 6762 6761 7112
f 6762 6765 6184
f 6765 6623 6185
f 6650 6769 6768
f 6772 6771 6916
f 6777 6776 6789
f 6022 6777 6788
f 6756 6700 8134
f 6758 6757 6771
f 6761 6776 6775
f 6769 6622 6621
f 6772 6768 6767
f 6174 6173 6760
f 6187 6186 6178
f 6811 6649 6648
f 6786 6785 6724
f 6791 6790 6918
f 6186 6793 6179
f 6808 6807 8133
f 6884 6883 8135
f 6174 6187 6670
f 6807 6785 6784
f 6791 6808 8132
f 6786 6884 8134
f 6790 6173 6172
f 6649 6793 6792
f 6316 6315 8136
f 8137 6655 6654
f 8139 8140 6601
f 6656 6655 6580
f 6868 8141 8142
f 6316 6712 6711
f 6864 8143 8144
f 6864 6863 8145
f 6868 6867 6869
f 6656 6867 6866
f 8146 8147 8148
f 8139 8150 8151
f 8152 8153 6866
f 8154 8155 8138
f 6874 6873 8156
f 8158 6318 8159
f 8160 8152 6865
f 8161 6317 6313
f 6161 6600 8162
f 8164 8154 6654
f 8153 8164 6653
f 8165 8166 8167
f 8166 5989 8169
f 5989 5988 8170
f 5988 6017 8171
f 8172 8173 6043
f 8174 8175 6032
f 8174 6035 6098
f 8176 6098 6796
f 8177 6796 8178
f 7132 8178 6728
f 6589 6588 8180
f 8180 6588 6004
f 8181 6004 6007
f 6334 6079 6731
f 6079 6078 6645
f 6078 6085 6646
f 6085 8183 8184
f 6091 8130 8185
f 6086 6730 8183
f 6950 6949 7118
f 6952 6951 6992
f 6983 6982 6968
f 6987 6986 7004
f 7001 7000 6979
f 7001 7262 7074
f 7262 7264 7075
f 7264 6952 7127
f 7265 6951 6943
f 7265 7266 6991
f 7266 6950 7070
f 6949 7267 7119
f 7267 6982 6939
f 6983 6987 7099
f 7268 6986 6985
f 7000 7268 8186
f 6938 6937 6985
f 6946 6945 6922
f 6956 6955 6948
f 6971 6970 6928
f 6970 6955 6954
f 6973 6946 6921
f 6977 6976 7263
f 6981 6980 7061
f 6973 7067 7117
f 7097 6980 6979
f 7104 6971 6927
f 6977 6981 7060
f 6976 6945 6944
f 6956 7067 7066
f 6937 7097 8186
f 6938 7104 7101
f 6924 6923 7116
f 6926 6924 7297
f 6930 6929 6962
f 6934 6933 6953
f 6960 6959 6936
f 6963 6929 6928
f 6967 6966 6975
f 7063 7062 7327
f 6959 7065 7096
f 6926 6934 7066
f 7102 6930 7304
f 6967 7063 7331
f 6966 6923 6922
f 7062 7065 7064
f 6963 6933 6932
f 7102 6960 6935
f 7299 7298 7269
f 7301 7300 6932
f 7306 7305 7285
f 7308 7305 6962
f 7315 7306 7284
f 7317 7316 7312
f 7319 7316 6964
f 7322 7298 7297
f 7317 7322 7116
f 7308 7300 7303
f 7326 7325 6958
f 7329 7328 7291
f 7328 7325 7324
f 7301 7299 8187
f 7319 7329 7290
f 7326 7315 7309
f 7272 7271 7321
f 7272 7274 8187
f 7274 7277 7302
f 7281 7280 7307
f 7283 7282 7593
f 7289 7288 7324
f 7293 7292 7330
f 7293 7296 7318
f 7310 7283 7594
f 7314 7313 7595
f 7282 7280 7279
f 7278 7281 7277
f 7314 7271 7270
f 7313 7296 7295
f 7288 7292 7291
f 7289 7310 7637
f 6003 6002 6626
f 6003 6138 7165
f 6690 8188 8189
f 6686 6685 5981
f 6685 6687 6096
f 6687 6688 6806
f 6002 6686 5980
f 6606 8188 5351
f 7164 7173 8190
f 8192 7175 7174
f 6015 6014 8153
f 6189 6188 8155
f 8157 8156 6284
f 6332 6015 8152
f 6593 6592 6317
f 6658 6189 8154
f 6014 6658 8164
f 6332 8194 7131
f 6805 8159 6321
f 6146 8163 8162
f 6607 7128 8195
f 8196 6126 6125
f 8198 7169 7168
f 8199 7168 6633
f 7177 6632 8201
f 8202 8203 8204
f 7208 7186 7185
f 7237 7230 7186
f 6819 6824 7230
f 6818 6821 6824
f 8206 6883 6821
f 8207 6917 8135
f 6917 8207 8209
f 8209 8210 7259
f 8210 8211 6647
f 6812 6648 8212
f 6809 6812 7258
f 6809 7257 8213
f 6113 8213 8214
f 7235 7223 6110
f 7223 7235 7234
f 6147 7234 8215
f 6148 8215 8216
f 8218 6155 6158
f 8219 6285 6116
f 6284 6188 6116
f 6188 6284 8156
f 8155 8156 6873
f 8138 6873 6872
f 8137 6872 8148
f 6193 8147 6281
f 6190 6281 6278
f 8220 8221 8222
f 8224 8225 7139
f 6223 6222 8226
f 6237 6236 8228
f 6238 6223 8227
f 6249 6248 8231
f 6253 6252 8233
f 6236 6279 8221
f 6331 6238 8230
f 6252 6595 8236
f 6222 6237 8229
f 6828 6827 8237
f 6280 8239 8240
f 8208 8135 6883
f 6648 6647 8211
f 6143 6624 8242
f 6624 7189 8244
f 8245 8246 8247
f 8249 8250 8251
f 7195 8253 8254
f 7214 8255 8253
f 8256 8255 7214
f 7243 7211 8257
f 7210 8258 8257
f 8259 7181 6102
f 8261 6122 6121
f 8178 7132 8263
f 7132 6797 8264
f 6797 6135 8265
f 6135 6134 8266
f 6134 6151 8267
f 6151 6154 8268
f 6154 8269 8270
f 8269 8271 8272
f 7194 7193 8273
f 7193 8250 8275
f 8249 8259 8260
f 8248 8277 8278
f 6129 6128 8279
f 7169 8198 8197
f 8198 8190 8192
f 7171 6141 7175
f 6589 6801 7129
f 6801 6037 6040
f 6037 6036 6041
f 6036 6131 6659
f 6131 6156 6118
f 6156 6155 6119
f 8218 8219 6119
f 8219 8218 6815
f 7191 7189 6641
f 8246 8244 7189
f 8245 8278 8281
f 8280 8279 6288
f 6125 6124 7170
f 6288 6127 6602
f 6126 8196 6604
f 8196 8193 6605
f 7174 6140 6691
f 6691 6140 6139
f 7171 7166 8283
f 7172 8283 8284
f 6139 6142 8284
f 8285 8286 8287
f 8211 8210 8289
f 8290 8291 8292
f 8293 8294 8291
f 8293 8207 8208
f 8296 8297 8298
f 6818 6817 8296
f 8285 7256 7258
f 7243 8299 7212
f 7243 6739 8300
f 8301 8300 6739
f 8302 8256 7213
f 8303 8302 7247
f 8304 8303 6168
f 6738 8298 8297
f 8288 8287 6167
f 8304 8292 8291
f 8305 8291 8294
f 6737 6736 8306
f 6736 7244 8307
f 8243 8242 8308
f 8242 8244 8282
f 8247 8246 7191
f 7196 8254 8251
f 8253 8310 8311
f 8255 8312 8310
f 8313 8312 8255
f 7244 8257 8313
f 8313 8257 8258
f 8312 8258 8314
f 8315 8311 8310
f 8311 8315 8316
f 8282 8281 8317
f 8308 8317 8261
f 8309 8261 8262
f 8248 8247 8275
f 8282 8244 8246
f 8307 8313 8256
f 8306 8307 8302
f 8305 8306 8303
f 8298 6738 6737
f 8287 8292 8304
f 7253 8319 7199
f 8319 8320 6028
f 8320 8321 6029
f 8321 8322 7184
f 8322 8203 7185
f 8203 8202 7205
f 8202 7240 7206
f 7239 7245 7210
f 7251 7227 8319
f 7227 7217 8320
f 7217 7216 8321
f 7216 7236 8322
f 7236 8204 8203
f 6175 8199 8200
f 7165 7164 8191
f 6137 8283 7166
f 6200 6199 8283
f 6199 6206 8284
f 8284 6206 6205
f 6205 6608 6689
f 6689 6608 5485
f 7009 7008 8323
f 7013 7012 7021
f 7017 7016 7029
f 7013 7059 7110
f 7073 7072 7084
f 7081 7080 7093
f 7082 7017 7028
f 7088 7072 6995
f 7088 7115 7057
f 7122 7121 7043
f 7124 7123 7024
f 7082 7025 7024
f 7009 7122 7042
f 7012 7124 7126
f 7115 7016 7015
f 7008 7059 7058
f 7081 7121 7120
f 7073 7080 7079
f 6997 6996 7076
f 7023 7022 6942
f 7027 7026 7069
f 7031 7030 6989
f 7079 7078 7033
f 7037 7036 7107
f 7027 7040 7126
f 7041 7030 7029
f 7026 7031 6988
f 7100 7023 6941
f 7108 7036 7002
f 7100 7037 8323
f 6997 7041 7114
f 7022 7040 7039
f 7111 7034 7033
f 7035 7261 7260
f 7261 7076 6996
f 7108 7255 7120
f 7245 8314 8258
f 7246 8315 8314
f 7181 8259 8316
f 8277 6101 6129
f 8278 6129 8280
f 6287 8317 8281
f 6122 8261 8317
f 5487 6145 6144
f 5489 6159 6162
f 6637 8324 8325
f 8326 8325 8225
f 5494 7139 8225
f 6160 6159 8150
f 5496 8324 8151
f 8163 8327 6162
f 6146 6145 8327
f 8243 8328 6144
f 8328 8243 8309
f 8318 8262 5501
f 8262 6121 5502
f 8329 8330 8331
f 8333 8334 8335
f 8338 8182 6007
f 8329 8334 8339
f 8341 6334 6734
f 6006 8342 8337
f 8342 6006 6804
f 6065 6064 8339
f 5995 5994 8341
f 6918 6172 6166
f 7221 6163 6166
f 6172 6171 6880
f 8344 5952 5955
f 5519 5976 5975
f 6806 8345 8346
f 6646 8184 8347
f 8165 8348 8349
f 6322 8350 8131
f 8345 6806 6688
f 6695 8346 5975
f 5976 5519 5528
f 5529 8130 8131
f 6643 8347 8352
f 8183 5533 5532
f 5534 8185 8130
f 6730 5535 5533
f 8351 6688 6093
f 5535 6730 6594
f 8353 8354 6652
f 8354 8353 8355
f 8357 8358 6825
f 8359 8357 6202
f 6224 8354 8356
f 6275 8361 8362
f 6201 6210 7143
f 7146 8363 8359
f 8357 8359 8363
f 8355 8365 8366
f 8361 8360 8368
f 8356 8355 8367
f 8370 8371 8372
f 8220 8373 7145
f 6275 6274 6228
f 5558 4067 6228
f 8375 8369 8367
f 8362 8368 8376
f 8378 8379 8380
f 8363 7146 8382
f 8384 8378 8381
f 8382 8373 8386
f 8383 8387 8364
f 6226 6225 6231
f 6231 6225 8361
f 6636 8388 8389
f 6635 8390 8388
f 8390 6635 5576
f 8379 8378 6232
f 8378 8384 6233
f 8384 8391 8371
f 8372 8392 8393
f 7138 8240 8239
f 8224 8239 8394
f 8146 6638 8394
f 6638 6637 8326
f 6340 6339 6299
f 6747 6338 6577
f 6344 6343 6346
f 6342 6341 6355
f 6353 6352 6349
f 6337 6351 6369
f 6360 6359 6328
f 6358 6357 6386
f 6364 6363 6293
f 6362 6361 6376
f 6366 6353 6297
f 6350 6365 6372
f 6533 6342 6303
f 6534 6536 6346
f 6744 6746 6533
f 6536 6534 6747
f 6357 6835 6894
f 6341 6834 6832
f 6839 6838 6292
f 6837 6836 6380
f 6838 6841 6354
f 6361 6840 6377
f 6363 6366 6296
f 6365 6362 6373
f 6359 6839 6291
f 6836 6358 6385
f 6481 6480 6902
f 6484 6483 6501
f 6477 6488 6487
f 6849 6467 6492
f 6494 6492 6467
f 6547 6481 6544
f 6750 6751 6546
f 6494 6466 6751
f 6843 6484 6500
f 6845 6573 6575
f 6489 6488 6847
f 6474 6487 6491
f 6483 6905 6906
f 6493 6463 6465
f 6471 6470 6544
f 6472 6482 6485
f 6476 6475 6461
f 6470 6451 6542
f 6570 6567 6569
f 6495 6567 6463
f 6475 6465 6462
f 6572 6848 6477
f 6574 6571 6457
f 6569 6568 6543
f 6575 6574 6473
f 6471 6904 6901
f 6469 6468 6508
f 6498 6497 6479
f 6503 6502 6518
f 6489 6506 6505
f 6467 6849 6509
f 6546 6548 6498
f 6549 6548 6752
f 6752 6751 6466
f 6503 6850 6846
f 6850 6851 6844
f 6507 6506 6852
f 6486 6505 6509
f 6502 6907 6909
f 6858 6893 6664
f 8396 8397 6611
f 6833 8398 6324
f 8399 6826 6825
f 6831 6830 8401
f 6707 6833 6826
f 8398 8403 6890
f 6858 6857 8404
f 8405 8396 6610
f 6830 6893 6553
f 8397 6892 6911
f 8400 6825 8358
f 8358 8357 8364
f 8406 8364 8387
f 8389 8408 8380
f 8389 8388 8409
f 8388 8390 8410
f 5575 5597 8410
f 6665 6273 8411
f 8412 8413 6720
f 8413 5602 5601
f 8411 8414 8413
f 6262 6742 6290
f 5602 8413 8414
f 7141 7140 7142
f 8393 8222 8241
f 8227 8226 7147
f 8229 8228 8374
f 8230 8227 7151
f 8232 8231 8415
f 8234 8233 8417
f 8221 8220 8374
f 8235 8230 7153
f 8233 8236 8420
f 8226 8229 7148
f 8238 8237 8421
f 7141 8393 8240
f 6581 6580 6655
f 6640 6639 8140
f 6710 6709 8141
f 6717 6716 6712
f 6860 6859 8143
f 6870 6869 6867
f 6717 8136 6726
f 6870 6580 6192
f 6860 8145 6050
f 6710 6869 6025
f 6639 8149 6871
f 6640 8151 8324
f 6581 8148 8147
f 5615 5614 6234
f 7144 7148 8374
f 7144 7143 6210
f 7150 7149 6210
f 7152 7150 6209
f 7152 7154 8419
f 7154 7155 8421
f 7158 7157 8415
f 7160 7159 8420
f 7162 7161 8418
f 7161 4321 5616
f 8370 6234 6233
f 8373 8382 7146
f 8392 8391 8386
f 8391 8392 8372
f 5617 8344 6713
f 5973 5618 3355
f 8345 5620 5619
f 3880 6735 6910
f 8351 5622 5620
f 8346 5619 5520
f 5621 6910 6911
f 5622 8351 8185
f 8150 5624 5497
f 8423 8424 8425
f 8427 6516 6519
f 8429 8430 8431
f 6523 8432 8433
f 8434 8435 8436
f 8438 8435 8434
f 8438 8440 6511
f 8441 8442 8424
f 8427 8443 8430
f 8444 8428 8445
f 8447 8425 8424
f 8449 8443 8444
f 8451 8431 8430
f 8453 8437 8454
f 8456 8434 8437
f 8439 8434 8456
f 8448 8424 8442
f 8452 8430 8443
f 8425 8447 8459
f 8460 8461 8462
f 8464 8465 8466
f 8468 8469 8470
f 8472 8473 8474
f 8476 8477 8478
f 8480 8481 8482
f 8484 8485 8486
f 8485 8488 8489
f 8490 8491 8481
f 8492 8493 8494
f 8495 8494 8496
f 8498 8499 8500
f 8502 8501 8500
f 8504 8505 8506
f 8508 8509 8510
f 8513 8508 8511
f 8507 8506 8514
f 8516 8517 8518
f 8520 8517 8516
f 8522 8523 8524
f 8526 8527 8522
f 8528 8529 8530
f 8532 8530 8529
f 8534 8535 8536
f 8538 8539 8534
f 8464 8482 8481
f 8483 8540 8541
f 8542 8485 8484
f 8487 8543 8540
f 8488 8485 8542
f 8545 8546 8486
f 8481 8491 8466
f 8547 8545 8489
f 8548 8494 8493
f 8549 8550 8502
f 8551 8496 8494
f 8497 8541 8552
f 8469 8500 8499
f 8547 8541 8497
f 8469 8468 8503
f 8501 8502 8550
f 8460 8504 8507
f 8552 8553 8506
f 8554 8511 8510
f 8549 8552 8505
f 8554 8555 8512
f 8513 8556 8550
f 8461 8507 8515
f 8557 8556 8513
f 8558 8516 8519
f 8559 8560 8527
f 8521 8516 8558
f 8553 8562 8517
f 8477 8525 8524
f 8520 8523 8557
f 8476 8526 8525
f 8527 8560 8556
f 8563 8529 8528
f 8564 8539 8531
f 8533 8529 8563
f 8562 8567 8530
f 8473 8537 8536
f 8559 8562 8532
f 8472 8538 8537
f 8560 8534 8539
f 8463 8462 8555
f 8544 8542 8467
f 8470 8551 8548
f 8475 8474 8566
f 8479 8478 8561
f 8484 8487 8483
f 8490 8489 8488
f 8503 8493 8492
f 8498 8497 8496
f 8504 8510 8509
f 8515 8514 8513
f 8519 8518 8527
f 8521 8524 8523
f 8528 8531 8539
f 8533 8536 8535
f 8467 8484 8482
f 8487 8486 8546
f 8544 8466 8491
f 8480 8541 8547
f 8493 8503 8468
f 8495 8552 8549
f 8551 8470 8499
f 8501 8545 8547
f 8460 8463 8510
f 8508 8550 8549
f 8555 8462 8515
f 8506 8553 8557
f 8519 8526 8476
f 8517 8562 8559
f 8561 8478 8524
f 8522 8556 8557
f 8475 8528 8538
f 8567 8565 8531
f 8566 8474 8536
f 8560 8559 8535
f 8442 8441 8568
f 6512 8570 8568
f 8570 8440 8571
f 8426 6515 6514
f 8428 8444 8443
f 6522 8429 8432
f 8437 8436 8433
f 6524 8436 8435
f 6528 6527 8435
f 8423 6514 6550
f 8429 6522 6516
f 6515 8426 8445
f 8441 6550 6754
f 8570 8572 8569
f 8440 8570 6512
f 8569 8573 8458
f 8574 8575 8572
f 8572 8575 8573
f 8453 8576 8577
f 8576 8453 8455
f 8452 8579 8580
f 8573 8581 8582
f 8575 8583 8581
f 8584 8583 8575
f 8571 8439 8457
f 8439 8571 8440
f 8585 8586 8587
f 8587 8589 8590
f 8589 8591 8592
f 8591 8593 8594
f 8593 8595 8596
f 8595 8597 8598
f 8599 8600 8586
f 8601 8602 8600
f 8603 8604 8602
f 8605 8606 8598
f 8607 8608 8604
f 8609 8610 8608
f 8611 8612 8610
f 8606 8605 8612
f 8613 8614 8589
f 8614 8615 8591
f 8615 8616 8593
f 8616 8617 8595
f 8617 8618 8597
f 8619 8620 8617
f 8620 8621 8618
f 8620 8622 8623
f 8624 8625 8626
f 8626 8623 8622
f 8620 8619 8628
f 8622 8628 8629
f 8627 8629 8630
f 8632 8633 8634
f 8636 8634 8633
f 8637 8638 8636
f 8639 8633 8632
f 8633 8639 8641
f 8635 8641 8642
f 8642 8643 8644
f 8645 8638 8637
f 8586 8646 8613
f 8600 8647 8646
f 8616 8615 8648
f 8615 8614 8649
f 8613 8650 8649
f 8651 8650 8613
f 8647 8652 8651
f 8652 8653 8654
f 8602 8655 8647
f 8655 8656 8652
f 8656 8657 8653
f 8653 8658 8659
f 8658 8660 8661
f 8644 8662 8663
f 8664 8661 8662
f 8661 8664 8666
f 8666 8667 8654
f 8667 8650 8651
f 8668 8605 8597
f 8669 8668 8618
f 8670 8669 8621
f 8671 8670 8623
f 8671 8626 8625
f 8625 8631 8673
f 8636 8674 8675
f 8638 8676 8674
f 8645 8677 8676
f 8645 8663 8678
f 8679 8680 8660
f 8657 8679 8658
f 8583 8584 8648
f 8650 8581 8583
f 8667 8582 8581
f 8666 8681 8582
f 8664 8682 8681
f 8682 8664 8665
f 8684 8685 8643
f 8684 8642 8641
f 8639 8580 8579
f 8580 8639 8640
f 8629 8577 8576
f 8604 8686 8655
f 8608 8687 8686
f 8610 8688 8687
f 8612 8689 8688
f 8605 8668 8689
f 8690 8689 8668
f 8691 8688 8689
f 8692 8687 8688
f 8693 8686 8687
f 8656 8655 8686
f 8694 8690 8669
f 8695 8691 8690
f 8696 8692 8691
f 8697 8693 8692
f 8657 8656 8693
f 8697 8698 8679
f 8696 8699 8698
f 8696 8695 8700
f 8694 8701 8700
f 8670 8671 8701
f 8702 8701 8671
f 8701 8702 8703
f 8703 8704 8699
f 8699 8704 8705
f 8698 8705 8680
f 8672 8673 8706
f 8675 8674 8707
f 8674 8676 8709
f 8709 8676 8677
f 8677 8678 8711
f 8712 8713 8710
f 8702 8706 8714
f 8713 8712 8714
f 8707 8709 8716
f 8717 8716 8713
f 8710 8713 8716
f 8708 8707 8717
f 8546 8601 8599
f 8546 8545 8603
f 8550 8607 8603
f 8556 8609 8607
f 8560 8611 8609
f 8564 8606 8611
f 8565 8598 8606
f 8565 8567 8596
f 8567 8562 8594
f 8562 8553 8592
f 8553 8552 8590
f 8590 8552 8541
f 8540 8585 8588
f 8543 8599 8585
f 8684 8449 8450
f 8579 8452 8449
f 8682 8447 8448
f 8447 8682 8683
f 8681 8448 8458
f 8584 8718 8619
f 8628 8718 8577
f 8457 8456 8577
f 8574 8457 8718
f 7134 6920 6919
f 6164 6163 6919
f 5485 6608 6609
f 3832 5351 8188
f 5921 6609 6221
f 5922 4281 7128
f 6439 8719 8720
f 8720 8719 6570
f 6570 8719 8721
f 6439 6447 8721
f 6727 6058 6057
f 6312 6057 6073
f 6828 6248 6073
f 6877 6268 6267
f 6745 6267 6299
f 6891 6306 6305
f 6338 6747 6746
f 6438 6411 6410
f 6412 6411 6440
f 6564 6421 6424
f 6842 6578 6577
f 6889 6305 6829
f 6579 6578 6564
f 6435 6410 6565
f 8722 6857 6306
f 8723 6859 6058
f 6269 6268 6878
f 7160 7157 6829
f 8724 8144 8143
f 8238 8231 6248
f 6339 6746 6744
f 8395 6577 6338
f 6879 6878 8404
f 8422 8415 8231
f 8725 8143 6859
f 8416 8415 7157
f 6059 6050 6049
f 6330 6099 6049
f 7156 6260 6259
f 6269 6265 6264
f 6297 6349 6264
f 6340 6352 6351
f 6368 6842 8395
f 6422 6414 6559
f 6436 6403 6404
f 6447 6439 6438
f 6424 6423 6436
f 6331 6827 6099
f 6422 6421 6842
f 8722 8403 6856
f 8141 6863 6862
f 6265 6855 6617
f 6324 6890 6259
f 7158 7155 6260
f 6709 8145 6863
f 8235 8237 6827
f 6298 6349 6352
f 6370 6369 6351
f 6891 6890 8403
f 8419 8421 8237
f 6051 6050 8145
f 8422 8421 7155
f 8721 6447 6446
f 6748 6440 8720
f 8727 6008 6011
f 8158 6009 8144
f 6009 6008 6861
f 6008 8727 6862
f 8142 6862 8727
f 6554 6553 6893
f 6833 6707 6708
f 6708 6856 8403
f 5623 6911 6892
f 8406 8366 8365
f 8407 8375 8366
f 8377 8376 8408
f 8397 8396 6530
f 6651 8399 8400
f 8402 8401 6616
f 6618 6707 8399
f 6554 8404 6878
f 8396 8405 6854
f 8401 6553 6552
f 6892 8397 6529
f 8353 8400 8365
f 8377 8409 6276
f 8409 8410 6277
f 8410 5597 5932
f 8726 8404 6857
f 8726 6856 6855
f 7234 6107 6106
f 8279 6124 6127
f 8354 6224 6227
f 6246 6245 6619
f 8239 6280 6282
f 8162 6283 6286
f 6292 6354 6246
f 6382 6378 6377
f 6392 6397 6396
f 6396 6395 6427
f 6398 6397 6443
f 6459 6443 6458
f 6525 6520 6523
f 6558 6272 6271
f 6429 6428 6560
f 6460 6458 6572
f 6272 6558 3736
f 7128 6603 6602
f 6227 6245 6244
f 7180 6631 6634
f 6642 6286 6285
f 6356 6741 6740
f 6816 6815 8218
f 6820 8300 8301
f 6355 6832 6741
f 6344 6835 6834
f 6364 6841 6840
f 6375 6378 6560
f 6848 6847 6488
f 6853 6852 6506
f 6530 6854 6740
f 8140 6871 6874
f 6555 6271 6831
f 8215 6106 6881
f 6348 6895 6894
f 6383 6895 6896
f 6433 6897 6896
f 6432 6897 6898
f 6406 6899 6898
f 6900 6455 6387
f 6900 6449 6448
f 6472 6904 6903
f 6480 6905 6903
f 6497 6907 6906
f 6908 6519 6518
f 4280 5933 6120
f 6100 7167 7170
f 6632 6631 7188
f 7235 8214 7201
f 7206 7209 7212
f 8213 7257 7232
f 8214 8213 7231
f 6108 6107 7200
f 7238 8299 8300
f 7207 7212 8299
f 8205 7241 7240
f 6170 6169 7232
f 6638 8146 8149
f 6601 6874 8157
f 6600 8157 6283
f 8392 8223 8222
f 6278 6280 8241
f 6816 8272 8274
f 6642 6815 6814
f 6128 7170 6124
f 8195 6602 6127
f 8212 8211 8286
f 8292 8287 8286
f 8290 8289 8210
f 8207 8293 8290
f 8294 8293 8295
f 8206 8296 8295
f 6817 8301 8297
f 8288 6170 7256
f 7209 7206 7240
f 6225 6224 8360
f 8369 8368 8360
f 8375 8376 8368
f 8381 8380 8387
f 8385 8381 8383
f 8385 8386 8391
f 8147 8146 6282
f 6345 6894 6835
f 6327 6832 6834
f 6295 6354 6841
f 6379 6377 6840
f 6853 6847 6845
f 6479 6906 6905
f 6848 6572 6571
f 6452 6901 6904
f 6525 6852 6851
f 6496 6909 6907
f 8402 8405 6876
f 8408 8407 8387
f 6279 8241 8222
f 6872 6871 8149
f 8223 8386 8373
f 6526 8433 8436
f 8446 8445 8426
f 8455 8454 8431
f 8446 8459 8450
f 8454 8433 8432
f 6908 8445 8428
f 8578 8455 8451
f 8632 8631 8625
f 8640 8632 8624
f 8660 8663 8662
f 8662 8644 8643
f 8675 8673 8631
f 8680 8678 8663
f 8683 8665 8643
f 8578 8640 8630
f 8673 8675 8708
f 8678 8680 8705
f 8711 8705 8704
f 8706 8708 8715
f 8703 8714 8712
f 8459 8683 8685
f 8407 8408 8376
f 6615 6854 8405
f 5993 6080 6335
f 6060 6682 6018
f 5993 6047 6081
f 6105 6104 6176
f 6177 6104 6000
f 6309 6311 6310
f 8725 6315 6314
f 8724 6314 6318
f 6321 6320 6053
f 6249 6595 6310
f 6596 6254 6257
f 8188 6606 6605
f 5986 6683 6682
f 6714 6726 6311
f 6047 6320 6086
f 6875 6596 6304
f 6001 6105 6912
f 7162 7159 6597
f 7254 7163 6912
f 6684 6683 7163
f 8723 8136 6315
f 6592 8159 6318
f 8332 8331 8171
f 6607 6606 5350
f 8191 8190 8198
f 8197 8192 8193
f 8159 6592 6319
f 8232 8236 6595
f 8192 8190 7173
f 8189 6605 8193
f 6177 8191 8199
f 6733 8331 8330
f 8340 8341 8330
f 8341 5994 6335
f 8412 6721 6875
f 8414 8411 6273
f 8416 8420 8236
f 6727 6726 8136
f 8417 8420 7159
f 6277 5932 5558
f 5935 5576 6635
f 5991 5990 6061
f 6019 6018 6682
f 5999 6034 6033
f 6045 6044 6677
f 6055 6054 6083
f 5995 6064 6063
f 6084 6054 6053
f 6088 5990 5989
f 6063 6084 6046
f 6066 6097 6034
f 6103 6102 7181
f 6673 6676 6133
f 6149 6148 6153
f 6323 6088 8166
f 6585 6584 6083
f 6630 6629 6702
f 6634 6633 7168
f 6676 6149 6152
f 6703 6629 6628
f 6796 6729 6728
f 6069 6729 6097
f 6132 6798 6674
f 6803 6799 6800
f 6011 6010 6055
f 6799 6803 6582
f 7194 8271 6881
f 7131 6584 6583
f 6798 7133 6913
f 7179 7178 8204
f 7183 7182 7246
f 7188 7183 7242
f 6109 7196 7192
f 7204 6630 6176
f 7219 7218 6628
f 7218 7228 7248
f 7179 7219 6627
f 7250 7254 6704
f 7228 7252 7249
f 6678 7250 7249
f 5997 7252 7251
f 8168 8167 6644
f 8167 8169 6732
f 8169 8170 6733
f 8170 8171 8331
f 8336 8335 8173
f 8182 8338 8175
f 8182 8174 8176
f 8181 8176 8177
f 8180 8177 8179
f 7133 6728 6590
f 7130 7131 8194
f 8200 6633 6632
f 7178 8201 8205
f 8269 6154 6153
f 8254 8311 8252
f 8260 6102 6101
f 8179 8263 6802
f 8263 8264 6038
f 8264 8265 6039
f 8265 8266 6130
f 8266 8267 6157
f 8267 8268 6158
f 8268 8270 8217
f 8270 8272 6816
f 6813 8274 8273
f 8273 8275 8247
f 8276 8260 8277
f 7192 8251 8250
f 8252 8316 8259
f 8276 8275 8250
f 7204 8200 7177
f 7182 8316 8315
f 8343 8339 8334
f 8333 8337 8342
f 8343 8342 6800
f 8340 8339 6064
f 6323 8349 8350
f 8168 8352 8348
f 8349 5937 5936
f 8352 5939 5938
f 6103 6634 7167
f 8271 8269 8216
f 8201 7188 7241
f 8274 8272 8271
f 5991 6018 6017
f 8728 8171 6017
f 5997 5996 6680
f 5996 6033 6045
f 6033 6032 6042
f 6042 6032 8175
f 8172 8175 8338
f 8336 8338 8337
f 6684 6678 6677
f 6681 6677 6044
f 6019 6044 6043
f 6016 6043 8173
f 8728 8173 8335
f 8332 8335 8334
f 8194 6332 8160
f 6805 6010 6009
f 5940 5941 7137
f 8324 5496 5942
f 8325 5942 5495
f 6253 5943 4292
f 7137 5941 5944
f 8348 5938 5937
f 8350 5936 5530
f 5624 8150 6159
f 6718 4293 5940
f 8327 5945 5490
f 8347 5946 5939
f 5933 5502 6121
f 8184 5532 5946
f 7142 4298 5615
f 6145 5487 5945
f 8234 5947 5943
f 8328 5948 5488
f 8318 5500 5948
f 7139 5494 4299
f 8418 5616 5947
f 5604 8414 6599
f 5949 3853 6712
f 5944 5949 6716
f 6720 5601 5950
f 6255 5950 4322
f 5614 5935 6235
f 6711 3852 5951
f 8161 5951 3857
f 5973 5964 2965
f 2965 5964 5963
f 222 5963 5960
f 223 5960 5958
f 5958 5957 3185
f 5957 5970 2977
f 5970 5967 1213
f 5967 5966 1214
f 2532 1214 5966
f 2894 2532 5953
f 2871 2894 5952
f 5510 5722 5721
f 5822 5825 5824
f 3511 3512 3844
f 3887 3892 3889
f 3876 3879 3878
f 3356 3357 3911
f 3372 3373 3390
f 3849 3854 3851
f 3481 3478 3867
f 3873 3874 3385
f 3875 3375 3450
f 3915 3794 3865
f 3657 3670 3671
f 5618 5973 3013
f 1997 1996 1889
f 1237 745 744
f 1535 1534 120
f 1531 1532 201
f 1119 1241 1032
f 946 948 824
f 163 8 5
f 9041 9178 9175
f 1155 1156 1162
f 427 213 327
f 553 1902 796
f 8732 2232 2231
f 8732 3178 2230
f 2237 3183 3180
f 8734 8735 8736
f 8735 8737 8738
f 8737 8739 8740
f 8739 8741 8742
f 8743 8744 8745
f 8746 8745 8747
f 8749 8750 8748
f 8751 8752 8750
f 8754 8755 8756
f 8757 8758 8755
f 8759 8760 8758
f 8761 8762 8760
f 8763 8764 8762
f 8766 8751 8749
f 8765 8749 8747
f 8767 8747 8745
f 8768 8745 8744
f 8744 8770 8771
f 8770 8741 8772
f 8741 8739 8773
f 8739 8737 8774
f 8737 8735 8775
f 8735 8734 8776
f 8776 8734 8777
f 2904 8778 8779
f 8780 8778 2904
f 8781 8780 2902
f 2875 8782 8781
f 8783 8784 2733
f 2825 8785 8786
f 8788 8789 8790
f 8792 8788 8787
f 2724 2723 8785
f 8787 8790 3115
f 8791 8787 3117
f 8794 8766 8765
f 8793 8765 8767
f 8795 8767 8768
f 8796 8768 8769
f 8797 8769 8771
f 8771 8772 8799
f 8772 8773 8800
f 8773 8774 8801
f 8774 8775 8802
f 8775 8776 8803
f 8776 3184 3056
f 8802 8803 2253
f 8801 8802 2252
f 8800 8801 1727
f 8799 8800 2150
f 8804 8798 8799
f 8805 8797 8798
f 8806 8796 8797
f 8807 8795 8796
f 8793 8795 8807
f 8794 8793 8808
f 8810 8811 8809
f 8808 8807 8806
f 8810 8806 8805
f 8813 8811 8810
f 8812 8805 8804
f 8815 8813 8812
f 8814 8804 1941
f 8755 8750 8752
f 8758 8748 8750
f 8760 8746 8748
f 8762 8743 8746
f 8816 8817 8764
f 8818 8819 8820
f 8816 8763 8782
f 8821 8818 8817
f 8789 8821 8783
f 8818 8821 8789
f 8819 8818 8788
f 8822 8820 8819
f 8823 8819 8792
f 8824 8792 8791
f 2712 8791 3119
f 8826 8822 8823
f 8825 8823 8824
f 8827 8824 2712
f 8828 8827 2711
f 8829 8825 8827
f 8830 8826 8825
f 8743 8762 8764
f 8817 8820 8831
f 8770 8744 8743
f 8741 8770 8831
f 8820 8822 8742
f 8740 8742 8822
f 8738 8740 8826
f 8736 8738 8830
f 8833 8828 2400
f 8834 8829 8828
f 8832 8830 8829
f 8835 8833 2402
f 3058 8835 2707
f 3061 8836 8835
f 8836 8834 8833
f 8733 8736 8832
f 8837 8832 8834
f 8777 8734 8733
f 8838 8733 8837
f 8837 8836 3061
f 1961 3057 8838
f 3057 3184 8777
f 8779 8754 8753
f 8778 8757 8754
f 8780 8759 8757
f 8781 8761 8759
f 8782 8763 8761
f 8821 8816 8784
f 8785 8790 8789
f 2723 3115 8790
f 2875 2733 8784
f 2736 2824 8786
f 2947 8779 8839
f 8815 8814 1360
f 1900 1925 1924
f 1736 1717 1718
f 1955 1952 1943
f 1671 1738 1735
f 1696 1750 1698
f 1800 1865 1864
f 2063 2055 2056
f 1737 1734 1717
f 1751 1735 1697
f 943 9337 9351
f 9108 8839 8753
f 1577 1578 1764
f 9369 1598 1599
f 1945 146 82
f 68 6 7
f 147 1542 1543
f 1109 1135 1133
f 1503 1910 1907
f 1499 1501 1909
f 452 1922 735
f 1824 2068 9287
f 1825 2067 2068
f 1463 1462 1022
f 841 1012 1009
f 1568 1547 1955
f 1910 1503 1502
f 1939 1502 422
f 309 280 1940
f 1804 1851 1866
f 269 1482 1954
f 2065 1607 2060
f 9264 1685 1758
f 280 276 552
f 1875 1873 1869
f 1739 1721 1734
f 5923 5897 5899
f 1778 1779 1790
f 310 1920 1915
f 1909 1908 1906
f 1789 1783 1778
f 978 981 980
f 1584 1759 1731
f 425 426 311
f 148 1543 115
f 2044 9349 9346
f 277 1910 1939
f 1943 1946 1945
f 1461 1462 1463
f 2253 8803 3056
f 2981 2254 8927
f 2209 2998 8927
f 2254 2253 3055
f 2998 926 958
f 2826 2817 2721
f 8928 2739 2721
f 2816 8929 8928
f 2334 2297 2296
f 2298 2297 2334
f 2301 2298 2336
f 2311 2301 2338
f 2312 2311 2354
f 2359 2358 2361
f 2335 2296 2359
f 2414 2413 2365
f 2413 2270 2361
f 2355 2352 2540
f 2541 2540 2539
f 2722 2721 2739
f 3114 2722 2738
f 3110 3112 3121
f 3108 3110 3120
f 3122 1754 3127
f 3112 3122 3126
f 3127 1754 1753
f 3139 3133 2529
f 9196 9227 3133
f 8928 2789 2740
f 8929 2790 2789
f 228 229 91
f 245 244 243
f 248 7 247
f 2 297 296
f 145 146 300
f 327 213 210
f 329 332 331
f 239 241 240
f 373 376 375
f 178 177 176
f 1218 1225 1228
f 9314 1231 1295
f 808 809 824
f 9310 9311 1013
f 9265 9262 1411
f 2154 2149 2159
f 9297 9287 1758
f 306 807 1922
f 2157 2153 1976
f 708 709 2031
f 1450 1226 1227
f 1672 1604 1605
f 1813 1814 1821
f 1717 1716 1715
f 176 159 402
f 1710 1705 9368
f 1712 1580 1577
f 1705 1713 1711
f 3435 3476 3475
f 971 978 979
f 822 823 1094
f 2909 2810 2793
f 2810 2769 2795
f 2799 2910 2249
f 9114 9095 2910
f 2769 2768 2801
f 3177 3176 3178
f 3178 8732 3180
f 3181 1394 1393
f 3181 1633 1632
f 3182 1632 2244
f 3183 2244 2243
f 8932 2791 2790
f 2808 8932 8929
f 2239 9018 9016
f 1149 1150 9015
f 1150 2009 9011
f 2202 9013 9010
f 2921 9008 9009
f 9012 9004 2133
f 1777 1579 1759
f 1201 1196 1183
f 9005 8998 2195
f 8997 9020 2770
f 9379 9377 1687
f 1516 152 154
f 8993 9006 2974
f 8994 8992 2779
f 2771 2772 9019
f 3070 2771 8990
f 8991 8988 2775
f 1376 1375 1370
f 2767 8987 9000
f 2195 8998 8987
f 2775 8988 8986
f 8344 5617 8989
f 9256 9254 8983
f 2776 8986 8982
f 2240 9016 8979
f 2920 8979 9121
f 8992 8978 2786
f 1805 1850 1851
f 8978 8976 2787
f 2951 2773 8984
f 2772 2951 8975
f 2973 2224 8974
f 2224 2223 8981
f 1957 1953 320
f 306 305 304
f 2770 9020 8972
f 2913 8972 9018
f 2923 9009 8971
f 308 1940 431
f 207 208 132
f 1879 1876 1881
f 9185 9239 8969
f 2475 3070 9002
f 2476 2475 8968
f 2223 2476 8967
f 8966 8993 2803
f 2037 9007 11
f 1959 1958 450
f 2003 8999 8964
f 9 10 334
f 2009 2008 8962
f 2008 2973 8980
f 9329 672 673
f 8959 8994 2778
f 2935 8958 8957
f 111 1149 9014
f 3238 3342 3341
f 8954 8958 2935
f 683 9328 9337
f 8952 9001 2810
f 736 733 732
f 1795 1804 1803
f 8949 8954 2938
f 8951 8949 2939
f 2950 8956 8948
f 2940 2949 8948
f 9253 9243 8956
f 2868 8953 8946
f 2869 8946 8966
f 1024 1034 1023
f 8944 8947 2948
f 551 1939 442
f 2972 8943 9012
f 2032 8977 8943
f 216 93 1924
f 3532 3534 3482
f 203 202 201
f 3539 3542 3541
f 1828 1848 1847
f 1958 1957 449
f 272 271 178
f 2871 8989 8939
f 9071 9121 9008
f 2801 2768 9095
f 2005 9210 9106
f 960 886 899
f 9109 9107 9064
f 9232 9240 9098
f 3151 9098 9045
f 2193 9056 9075
f 9059 9055 3145
f 9055 9101 2761
f 9044 9059 3144
f 2926 9110 9086
f 9086 9044 3104
f 9207 9206 9198
f 566 567 9210
f 8839 9108 1864
f 1602 1586 2079
f 2868 9110 9063
f 2922 9063 9062
f 2923 9062 9070
f 9122 9065 2918
f 9071 9122 9066
f 2921 9070 9122
f 2920 9066 9038
f 9065 9094 2915
f 2917 2766 9074
f 2916 2917 9093
f 2239 9039 9104
f 2911 9092 9104
f 9095 9092 2911
f 2797 2801 9114
f 2797 9043 9050
f 9074 9080 2763
f 9060 9080 2764
f 2194 9075 9100
f 2221 9100 9101
f 2756 9060 9061
f 2750 9050 9061
f 9121 8979 1817
f 9215 9222 1691
f 2515 9073 9042
f 2548 9042 9045
f 2513 2489 9084
f 2513 9068 9073
f 2509 9085 9072
f 2510 9084 9085
f 2289 9072 9091
f 2283 9091 9069
f 2240 9038 9039
f 9111 9109 9076
f 716 2121 9339
f 727 1999 9213
f 2165 2171 2170
f 9112 9111 9078
f 9195 9033 9030
f 2175 2172 769
f 2100 500 2095
f 9210 567 9209
f 640 9004 9012
f 1653 9020 8997
f 1895 8980 8974
f 746 8974 8981
f 1653 1810 8972
f 9214 1603 1604
f 2093 2075 2073
f 959 996 995
f 962 899 919
f 1400 1401 1398
f 1000 817 1127
f 956 959 884
f 1662 8992 8994
f 2034 9002 8990
f 9378 1689 8983
f 8979 9016 766
f 9016 9018 765
f 334 9014 9015
f 1868 8975 8984
f 1684 1651 1652
f 1682 1683 775
f 1585 1603 9214
f 9215 9214 1672
f 2173 2174 490
f 1658 8988 8991
f 9000 8987 1650
f 1571 9206 2010
f 1587 9116 9123
f 2099 2095 2077
f 787 9213 1999
f 2000 9146 786
f 3155 339 9149
f 9165 3155 9135
f 2180 2179 9137
f 8940 2180 9136
f 1684 9298 9292
f 1760 464 8939
f 2607 9141 9145
f 2581 9128 9141
f 2371 2502 9152
f 2371 9147 9145
f 2587 9128 9127
f 2586 9127 9149
f 2497 9143 9139
f 2502 2503 9139
f 2494 9143 9142
f 9142 9140 2472
f 9140 9153 2468
f 9153 9155 2469
f 726 9360 9344
f 581 9011 8962
f 10 8955 9014
f 1837 8958 8954
f 741 8981 8967
f 1299 8968 9002
f 1851 8951 8948
f 8971 9009 1820
f 580 8962 8980
f 1758 1685 8966
f 1693 9001 8952
f 8948 8956 1867
f 1894 1826 9012
f 2126 1418 9265
f 9358 2126 9293
f 2113 9363 9319
f 2179 9165 9241
f 624 9355 9356
f 2192 9056 9240
f 2177 8985 9239
f 1364 9276 9285
f 9310 9307 1470
f 3135 1753 9227
f 2069 9264 9287
f 1351 9313 9305
f 2108 9334 9353
f 2089 2092 9188
f 9280 9286 1358
f 2001 9201 9235
f 2187 9235 9171
f 2130 9208 9204
f 2004 9204 9201
f 2014 9176 9231
f 2201 9231 9208
f 3167 9172 9211
f 3168 9176 9172
f 3159 9161 9216
f 3160 9216 9217
f 9182 9159 3158
f 3158 9159 9161
f 2200 3069 9182
f 9137 9241 9194
f 9174 9226 2197
f 9242 9188 2092
f 9226 9242 9173
f 3154 9158 9242
f 3155 9165 9158
f 2091 9171 9173
f 2196 3148 9202
f 2193 2196 9228
f 9056 2193 9233
f 2086 2192 9232
f 2087 2086 9230
f 2204 9194 9203
f 2205 9203 9202
f 9361 9338 574
f 2124 2087 9229
f 2208 2124 9212
f 9163 9237 3140
f 9237 9197 3138
f 9197 9196 3139
f 9223 9164 3136
f 9164 9163 3137
f 9227 9219 3131
f 9219 9234 3132
f 1813 9291 9290
f 1293 9306 9308
f 2184 2321 9200
f 2181 2184 9184
f 9217 9220 3079
f 9220 9186 3080
f 709 9325 9327
f 2774 2961 9189
f 9238 9221 2134
f 9261 9260 766
f 2968 9236 9218
f 2969 9211 9236
f 2958 9199 9189
f 2132 9199 9218
f 2321 2185 9223
f 9312 9300 1449
f 9357 9326 582
f 9338 9341 577
f 9299 9278 1818
f 705 9354 9339
f 9268 9364 9359
f 2111 9335 9363
f 9262 9281 1366
f 1812 9291 9274
f 675 9303 9304
f 8940 9157 9303
f 2110 9319 9320
f 2104 9348 9353
f 2109 9320 9351
f 9294 9283 703
f 1680 9263 9298
f 1639 1627 9271
f 623 9356 9358
f 2139 2140 9318
f 1808 1640 9296
f 9272 9273 1819
f 9324 9366 9352
f 1646 9284 9282
f 9341 9342 633
f 2139 9317 9327
f 2156 2155 9323
f 674 9304 9365
f 2117 9269 9264
f 1815 9274 9299
f 9307 9301 1444
f 697 9358 9364
f 866 842 9288
f 9316 9321 2136
f 9037 9183 9178
f 9035 9192 9183
f 9205 9198 9190
f 9192 9035 9033
f 1088 9190 9198
f 9191 9192 9195
f 2791 8932 8933
f 8932 2808 2807
f 2792 8933 8934
f 8933 2807 2806
f 8952 2909 8934
f 8960 8934 2806
f 2948 8947 9243
f 2105 9360 9348
f 8982 9254 9256
f 680 9330 9328
f 1891 1890 9362
f 2905 9251 9253
f 2900 9249 9251
f 2901 9249 9259
f 2734 2878 9258
f 2877 9259 9258
f 2820 9252 9246
f 2818 9248 9244
f 2823 9245 9244
f 2822 9245 9250
f 2819 2735 9252
f 2817 9248 9247
f 2809 9257 9247
f 2808 9257 9255
f 2805 9256 9255
f 1702 9373 9375
f 9374 9372 1797
f 9367 9368 1706
f 9370 9379 1692
f 1657 9350 9332
f 1890 1877 9347
f 9224 9222 1674
f 1689 1690 9224
f 9378 9254 8982
f 8960 8983 1689
f 9369 9375 1703
f 1598 9369 9380
f 9332 9336 1876
f 1691 1690 9377
f 9377 9378 1688
f 9386 9385 9389
f 9386 9390 9391
f 9384 9388 9389
f 9390 9394 9395
f 9389 9388 9392
f 9389 9393 9394
f 9394 9398 9399
f 9393 9392 9396
f 9394 9393 9397
f 9399 9398 9402
f 9396 9400 9401
f 9397 9401 9402
f 9402 9406 9407
f 9401 9400 9404
f 9402 9401 9405
f 9407 9406 9410
f 9405 9404 9408
f 9405 9409 9410
f 9411 9410 9414
f 9409 9408 9412
f 9410 9409 9413
f 9414 9418 9419
f 9412 9416 9417
f 9413 9417 9418
f 9418 9422 9423
f 9417 9416 9420
f 9418 9417 9421
f 9422 9426 9427
f 9420 9424 9425
f 9421 9425 9426
f 9426 9430 9431
f 9425 9424 9428
f 9426 9425 9429
f 9431 9430 9434
f 9428 9432 9433
f 9429 9433 9434
f 9434 9438 9439
f 9433 9432 9436
f 9434 9433 9437
f 9439 9438 9442
f 9436 9440 9441
f 9437 9441 9442
f 9443 9442 9446
f 9441 9440 9444
f 9442 9441 9445
f 9447 9446 9450
f 9444 9448 9449
f 9445 9449 9450
f 9450 9454 9455
f 9449 9448 9452
f 9450 9449 9453
f 9454 9458 9459
f 9452 9456 9457
f 9453 9457 9458
f 9458 9462 9463
f 9457 9456 9460
f 9458 9457 9461
f 9463 9462 9466
f 9460 9464 9465
f 9461 9465 9466
f 9466 9470 9471
f 9465 9464 9468
f 9466 9465 9469
f 9471 9470 9474
f 9468 9472 9473
f 9469 9473 9474
f 9475 9474 9478
f 9473 9472 9476
f 9474 9473 9477
f 9479 9478 9482
f 9476 9480 9481
f 9477 9481 9482
f 9483 9482 9486
f 9481 9480 9484
f 9482 9481 9485
f 9486 9490 9491
f 9484 9488 9489
f 9485 9489 9490
f 9490 9494 9495
f 9489 9488 9492
f 9490 9489 9493
f 9495 9494 9498
f 9492 9496 9497
f 9493 9497 9498
f 9498 9502 9503
f 9497 9496 9500
f 9498 9497 9501
f 9503 9502 9507
f 9500 9505 9506
f 9501 9506 9507
f 9508 9507 9511
f 9505 9509 9510
f 9507 9506 9510
f 9512 9511 9386
f 9510 9509 9384
f 9510 9385 9386
f 9521 9520 9533
f 9518 9531 9532
f 9517 9516 9529
f 9515 9514 9527
f 9523 9536 9537
f 9521 9534 9535
f 9519 9532 9533
f 9518 9517 9530
f 9515 9528 9529
f 9513 9526 9527
f 9524 9537 9538
f 9523 9522 9535
f 9528 9541 9542
f 9526 9539 9540
f 9538 9537 9550
f 9535 9548 9549
f 9534 9533 9546
f 9531 9544 9545
f 9530 9529 9542
f 9528 9527 9540
f 9537 9536 9549
f 9534 9547 9548
f 9532 9545 9546
f 9531 9530 9543
f 9541 9554 9555
f 9540 9539 9552
f 9550 9563 9564
f 9548 9561 9562
f 9547 9546 9559
f 9544 9557 9558
f 9542 9555 9556
f 9541 9540 9553
f 9549 9562 9563
f 9547 9560 9561
f 9546 9545 9558
f 9544 9543 9556
f 9555 9554 9567
f 9552 9565 9566
f 9564 9563 9576
f 9562 9561 9574
f 9559 9572 9573
f 9557 9570 9571
f 9555 9568 9569
f 9553 9566 9567
f 9562 9575 9576
f 9561 9560 9573
f 9559 9558 9571
f 9557 9556 9569
f 9567 9580 9581
f 9566 9565 9578
f 9576 9589 9590
f 9575 9574 9587
f 9572 9585 9586
f 9571 9570 9583
f 9569 9568 9581
f 9566 9579 9580
f 9576 9575 9588
f 9574 9573 9586
f 9571 9584 9585
f 9569 9582 9583
f 9581 9580 9593
f 9578 9591 9592
f 9590 9589 9602
f 9588 9587 9600
f 9585 9598 9599
f 9583 9596 9597
f 9582 9581 9594
f 9579 9592 9593
f 9589 9588 9601
f 9587 9586 9599
f 9584 9597 9598
f 9583 9582 9595
f 9594 9593 9606
f 9592 9591 9604
f 9602 9615 9616
f 9601 9600 9613
f 9598 9611 9612
f 9596 9609 9610
f 9594 9607 9608
f 9592 9605 9606
f 9601 9614 9615
f 9600 9599 9612
f 9598 9597 9610
f 9596 9595 9608
f 9607 9606 9619
f 9605 9604 9617
f 9615 9628 9629
f 9613 9626 9627
f 9611 9624 9625
f 9610 9609 9622
f 9607 9620 9621
f 9605 9618 9619
f 9615 9614 9627
f 9613 9612 9625
f 9611 9610 9623
f 9608 9621 9622
f 9619 9632 9633
f 9617 9630 9631
f 9628 9641 9642
f 9627 9626 9639
f 9625 9624 9637
f 9622 9635 9636
f 9621 9620 9633
f 9619 9618 9631
f 9627 9640 9641
f 9625 9638 9639
f 9623 9636 9637
f 9622 9621 9634
f 9632 9645 9646
f 9630 9643 9644
f 9642 9641 9654
f 9639 9652 9653
f 9638 9637 9650
f 9635 9648 9649
f 9634 9633 9646
f 9632 9631 9644
f 9641 9640 9653
f 9638 9651 9652
f 9636 9649 9650
f 9635 9634 9647
f 9645 9658 9659
f 9644 9643 9656
f 9654 9667 9668
f 9652 9665 9666
f 9651 9650 9663
f 9648 9661 9662
f 9646 9659 9660
f 9645 9644 9657
f 9653 9666 9667
f 9651 9664 9665
f 9650 9649 9662
f 9648 9647 9660
f 9659 9658 9671
f 9656 9669 9670
f 9668 9667 9680
f 9665 9678 9679
f 9663 9676 9677
f 9661 9674 9675
f 9659 9672 9673
f 9657 9670 9671
f 9666 9679 9680
f 9665 9664 9677
f 9663 9662 9675
f 9661 9660 9673
f 9671 9684 9685
f 9670 9669 9682
f 9680 9693 9694
f 9678 9691 9692
f 9677 9676 9689
f 9675 9674 9687
f 9673 9672 9685
f 9670 9683 9684
f 9680 9679 9692
f 9678 9677 9690
f 9675 9688 9689
f 9673 9686 9687
f 9685 9684 9697
f 9682 9695 9696
f 9694 9693 9706
f 9692 9691 9704
f 9689 9702 9703
f 9687 9700 9701
f 9686 9685 9698
f 9683 9696 9697
f 9693 9692 9705
f 9691 9690 9703
f 9688 9701 9702
f 9687 9686 9699
f 9698 9697 9710
f 9696 9695 9708
f 9706 9719 9720
f 9705 9704 9717
f 9702 9715 9716
f 9700 9713 9714
f 9698 9711 9712
f 9696 9709 9710
f 9705 9718 9719
f 9704 9703 9716
f 9702 9701 9714
f 9700 9699 9712
f 9711 9710 9723
f 9709 9708 9721
f 9719 9732 9733
f 9717 9730 9731
f 9715 9728 9729
f 9714 9713 9726
f 9711 9724 9725
f 9709 9722 9723
f 9718 9731 9732
f 9717 9716 9729
f 9715 9714 9727
f 9712 9725 9726
f 9723 9736 9737
f 9721 9734 9735
f 9733 9732 9745
f 9731 9730 9743
f 9729 9728 9741
f 9726 9739 9740
f 9725 9724 9737
f 9723 9722 9735
f 9732 9731 9744
f 9729 9742 9743
f 9727 9740 9741
f 9726 9725 9738
f 9736 9749 9750
f 9734 9747 9748
f 9746 9745 9758
f 9743 9756 9757
f 9742 9741 9754
f 9739 9752 9753
f 9738 9737 9750
f 9736 9735 9748
f 9745 9744 9757
f 9742 9755 9756
f 9740 9753 9754
f 9739 9738 9751
f 9749 9762 9763
f 9748 9747 9760
f 9758 9771 9772
f 9756 9769 9770
f 9755 9754 9767
f 9752 9765 9766
f 9750 9763 9764
f 9749 9748 9761
f 9757 9770 9771
f 9756 9755 9768
f 9754 9753 9766
f 9752 9751 9764
f 9762 9775 9776
f 9760 9773 9774
f 9772 9771 9784
f 9770 9769 9782
f 9768 9767 9780
f 9765 9778 9779
f 9763 9776 9777
f 9762 9761 9774
f 9770 9783 9784
f 9768 9781 9782
f 9767 9766 9779
f 9764 9777 9778
f 9775 9788 9789
f 9774 9773 9786
f 9784 9797 9798
f 9782 9795 9796
f 9781 9780 9793
f 9779 9778 9791
f 9777 9776 9789
f 9774 9787 9788
f 9784 9783 9796
f 9782 9781 9794
f 9779 9792 9793
f 9777 9790 9791
f 9789 9788 9802
f 9786 9800 9801
f 9798 9797 9811
f 9796 9795 9809
f 9793 9807 9808
f 9792 9791 9805
f 9790 9789 9803
f 9787 9801 9802
f 9797 9796 9810
f 9795 9794 9808
f 9792 9806 9807
f 9790 9804 9805
f 9803 9802 9815
f 9801 9800 9813
f 9811 9824 9825
f 9810 9809 9822
f 9807 9820 9821
f 9806 9805 9818
f 9803 9816 9817
f 9801 9814 9815
f 9810 9823 9824
f 9809 9808 9821
f 9807 9806 9819
f 9804 9817 9818
f 9816 9815 9828
f 9814 9813 9826
f 9825 9824 9837
f 9822 9835 9836
f 9820 9833 9834
f 9819 9818 9831
f 9816 9829 9830
f 9814 9827 9828
f 9824 9823 9836
f 9822 9821 9834
f 9820 9819 9832
f 9817 9830 9831
f 9828 9841 9842
f 9826 9839 9840
f 9837 9850 9851
f 9836 9835 9848
f 9834 9833 9846
f 9831 9844 9845
f 9830 9829 9842
f 9828 9827 9840
f 9836 9849 9850
f 9834 9847 9848
f 9832 9845 9846
f 9831 9830 9843
f 9841 9854 9855
f 9839 9852 9853
f 9851 9850 9863
f 9848 9861 9862
f 9847 9846 9859
f 9845 9844 9857
f 9843 9842 9855
f 9841 9840 9853
f 9850 9849 9862
f 9847 9860 9861
f 9845 9858 9859
f 9843 9856 9857
f 9854 9867 9868
f 9853 9852 9865
f 9863 9876 9877
f 9861 9874 9875
f 9860 9859 9872
f 9858 9857 9870
f 9855 9868 9869
f 9854 9853 9866
f 9862 9875 9876
f 9860 9873 9874
f 9859 9858 9871
f 9856 9869 9870
f 9868 9867 9880
f 9865 9878 9879
f 9877 9876 9889
f 9875 9874 9887
f 9873 9872 9885
f 9870 9883 9884
f 9868 9881 9882
f 9867 9866 9879
f 9875 9888 9889
f 9873 9886 9887
f 9872 9871 9884
f 9870 9869 9882
f 9880 9893 9894
f 9878 9891 9892
f 9889 9902 9903
f 9887 9900 9901
f 9886 9885 9898
f 9884 9883 9896
f 9882 9881 9894
f 9879 9892 9893
f 9889 9888 9901
f 9887 9886 9899
f 9884 9897 9898
f 9882 9895 9896
f 9894 9893 9906
f 9891 9904 9905
f 9903 9902 9915
f 9901 9900 9913
f 9898 9911 9912
f 9896 9909 9910
f 9895 9894 9907
f 9892 9905 9906
f 9902 9901 9914
f 9899 9912 9913
f 9897 9910 9911
f 9896 9895 9908
f 9907 9906 9919
f 9905 9904 9917
f 9915 9928 9929
f 9914 9913 9926
f 9911 9924 9925
f 9909 9922 9923
f 9907 9920 9921
f 9905 9918 9919
f 9914 9927 9928
f 9913 9912 9925
f 9911 9910 9923
f 9909 9908 9921
f 9920 9919 9515
f 9918 9917 9513
f 9929 9928 9524
f 9926 9522 9523
f 9924 9520 9521
f 9923 9922 9518
f 9920 9516 9517
f 9918 9514 9515
f 9928 9927 9523
f 9926 9925 9521
f 9924 9923 9519
f 9921 9517 9518
f 9387 9513 9917
f 9917 9904 9508
f 9904 9891 9503
f 9891 9878 9499
f 9499 9878 9865
f 9495 9865 9852
f 9491 9852 9839
f 9839 9826 9483
f 9483 9826 9813
f 9813 9800 9475
f 9800 9786 9471
f 9786 9773 9467
f 9467 9773 9760
f 9463 9760 9747
f 9459 9747 9734
f 9734 9721 9451
f 9451 9721 9708
f 9708 9695 9443
f 9695 9682 9439
f 9682 9669 9435
f 9435 9669 9656
f 9431 9656 9643
f 9427 9643 9630
f 9630 9617 9419
f 9419 9617 9604
f 9604 9591 9411
f 9591 9578 9407
f 9578 9565 9403
f 9403 9565 9552
f 9399 9552 9539
f 9395 9539 9526
f 9526 9513 9387
f 9932 9931 9935
f 9932 9936 9937
f 9931 9930 9934
f 9936 9940 9941
f 9934 9938 9939
f 9935 9939 9940
f 9940 9944 9945
f 9939 9938 9942
f 9940 9939 9943
f 9945 9944 9948
f 9942 9946 9947
f 9943 9947 9948
f 9948 9952 9953
f 9947 9946 9950
f 9948 9947 9951
f 9953 9952 9956
f 9950 9954 9955
f 9951 9955 9956
f 9957 9956 9960
f 9955 9954 9958
f 9956 9955 9959
f 9961 9960 9964
f 9958 9962 9963
f 9959 9963 9964
f 9965 9964 9968
f 9963 9962 9966
f 9964 9963 9967
f 9968 9972 9973
f 9966 9970 9971
f 9967 9971 9972
f 9972 9976 9977
f 9970 9974 9975
f 9972 9971 9975
f 9977 9976 9980
f 9974 9978 9979
f 9975 9979 9980
f 9980 9984 9985
f 9979 9978 9982
f 9980 9979 9983
f 9985 9984 9988
f 9982 9986 9987
f 9983 9987 9988
f 9989 9988 9992
f 9986 9990 9991
f 9988 9987 9991
f 9993 9992 9996
f 9991 9990 9994
f 9991 9995 9996
f 9996 10000 10001
f 9994 9998 9999
f 9996 9995 9999
f 10000 10004 10005
f 9999 9998 10002
f 9999 10003 10004
f 10004 10008 10009
f 10003 10002 10006
f 10004 10003 10007
f 10009 10008 10012
f 10006 10010 10011
f 10007 10011 10012
f 10012 10016 10017
f 10011 10010 10014
f 10012 10011 10015
f 10017 10016 10020
f 10014 10018 10019
f 10015 10019 10020
f 10021 10020 10024
f 10019 10018 10022
f 10020 10019 10023
f 10024 10028 10029
f 10022 10026 10027
f 10023 10027 10028
f 10028 10032 10033
f 10027 10026 10030
f 10028 10027 10031
f 10032 10036 10037
f 10030 10034 10035
f 10031 10035 10036
f 10036 10040 10041
f 10035 10034 10038
f 10036 10035 10039
f 10041 10040 10044
f 10038 10042 10043
f 10039 10043 10044
f 10044 10048 10049
f 10043 10042 10046
f 10044 10043 10047
f 10049 10048 10053
f 10046 10051 10052
f 10047 10052 10053
f 10054 10053 10057
f 10052 10051 10055
f 10053 10052 10056
f 10058 10057 9932
f 10055 9930 9931
f 10056 9931 9932
f 10067 10066 10079
f 10064 10077 10078
f 10063 10062 10075
f 10061 10060 10073
f 10070 10069 10082
f 10067 10080 10081
f 10065 10078 10079
f 10064 10063 10076
f 10061 10074 10075
f 10059 10072 10073
f 10071 10070 10083
f 10069 10068 10081
f 10074 10087 10088
f 10072 10085 10086
f 10084 10083 10096
f 10081 10094 10095
f 10080 10079 10092
f 10078 10077 10090
f 10076 10075 10088
f 10074 10073 10086
f 10083 10082 10095
f 10080 10093 10094
f 10078 10091 10092
f 10076 10089 10090
f 10087 10100 10101
f 10086 10085 10098
f 10096 10109 10110
f 10094 10107 10108
f 10093 10092 10105
f 10091 10090 10103
f 10088 10101 10102
f 10087 10086 10099
f 10095 10108 10109
f 10094 10093 10106
f 10092 10091 10104
f 10089 10102 10103
f 10100 10113 10114
f 10098 10111 10112
f 10110 10109 10122
f 10108 10107 10120
f 10105 10118 10119
f 10103 10116 10117
f 10101 10114 10115
f 10100 10099 10112
f 10108 10121 10122
f 10106 10119 10120
f 10105 10104 10117
f 10103 10102 10115
f 10113 10126 10127
f 10112 10111 10124
f 10122 10135 10136
f 10120 10133 10134
f 10119 10118 10131
f 10117 10116 10129
f 10115 10114 10127
f 10113 10112 10125
f 10122 10121 10134
f 10119 10132 10133
f 10117 10130 10131
f 10115 10128 10129
f 10127 10126 10139
f 10124 10137 10138
f 10136 10135 10148
f 10134 10133 10146
f 10131 10144 10145
f 10130 10129 10142
f 10128 10127 10140
f 10125 10138 10139
f 10135 10134 10147
f 10133 10132 10145
f 10130 10143 10144
f 10128 10141 10142
f 10140 10139 10152
f 10138 10137 10150
f 10148 10161 10162
f 10147 10146 10159
f 10144 10157 10158
f 10143 10142 10155
f 10140 10153 10154
f 10138 10151 10152
f 10147 10160 10161
f 10146 10145 10158
f 10144 10143 10156
f 10141 10154 10155
f 10153 10152 10165
f 10151 10150 10163
f 10162 10161 10174
f 10159 10172 10173
f 10157 10170 10171
f 10156 10155 10168
f 10153 10166 10167
f 10151 10164 10165
f 10161 10160 10173
f 10159 10158 10171
f 10157 10156 10169
f 10154 10167 10168
f 10165 10178 10179
f 10163 10176 10177
f 10175 10174 10187
f 10173 10172 10185
f 10171 10170 10183
f 10168 10181 10182
f 10167 10166 10179
f 10165 10164 10177
f 10173 10186 10187
f 10171 10184 10185
f 10169 10182 10183
f 10168 10167 10180
f 10178 10191 10192
f 10176 10189 10190
f 10188 10187 10200
f 10185 10198 10199
f 10184 10183 10196
f 10182 10181 10194
f 10180 10179 10192
f 10178 10177 10190
f 10187 10186 10199
f 10184 10197 10198
f 10182 10195 10196
f 10180 10193 10194
f 10191 10204 10205
f 10190 10189 10202
f 10200 10213 10214
f 10198 10211 10212
f 10197 10196 10209
f 10195 10194 10207
f 10192 10205 10206
f 10191 10190 10203
f 10199 10212 10213
f 10197 10210 10211
f 10196 10195 10208
f 10193 10206 10207
f 10205 10204 10217
f 10202 10215 10216
f 10214 10213 10226
f 10211 10224 10225
f 10210 10209 10222
f 10207 10220 10221
f 10205 10218 10219
f 10204 10203 10216
f 10212 10225 10226
f 10210 10223 10224
f 10209 10208 10221
f 10207 10206 10219
f 10217 10230 10231
f 10216 10215 10228
f 10226 10239 10240
f 10224 10237 10238
f 10223 10222 10235
f 10221 10220 10233
f 10219 10218 10231
f 10217 10216 10229
f 10226 10225 10238
f 10223 10236 10237
f 10221 10234 10235
f 10219 10232 10233
f 10231 10230 10243
f 10228 10241 10242
f 10240 10239 10252
f 10238 10237 10250
f 10235 10248 10249
f 10234 10233 10246
f 10232 10231 10244
f 10229 10242 10243
f 10239 10238 10251
f 10237 10236 10249
f 10234 10247 10248
f 10232 10245 10246
f 10244 10243 10256
f 10242 10241 10254
f 10252 10265 10266
f 10251 10250 10263
f 10248 10261 10262
f 10247 10246 10259
f 10244 10257 10258
f 10242 10255 10256
f 10251 10264 10265
f 10250 10249 10262
f 10248 10247 10260
f 10245 10258 10259
f 10257 10256 10269
f 10255 10254 10267
f 10266 10265 10278
f 10263 10276 10277
f 10261 10274 10275
f 10260 10259 10272
f 10257 10270 10271
f 10255 10268 10269
f 10265 10264 10277
f 10263 10262 10275
f 10261 10260 10273
f 10258 10271 10272
f 10269 10282 10283
f 10267 10280 10281
f 10278 10291 10292
f 10277 10276 10289
f 10275 10274 10287
f 10272 10285 10286
f 10271 10270 10283
f 10269 10268 10281
f 10277 10290 10291
f 10275 10288 10289
f 10273 10286 10287
f 10272 10271 10284
f 10282 10295 10296
f 10280 10293 10294
f 10292 10291 10304
f 10289 10302 10303
f 10288 10287 10300
f 10286 10285 10298
f 10284 10283 10296
f 10282 10281 10294
f 10291 10290 10303
f 10288 10301 10302
f 10286 10299 10300
f 10284 10297 10298
f 10295 10308 10309
f 10294 10293 10306
f 10304 10317 10318
f 10302 10315 10316
f 10301 10300 10313
f 10299 10298 10311
f 10296 10309 10310
f 10295 10294 10307
f 10303 10316 10317
f 10301 10314 10315
f 10300 10299 10312
f 10297 10310 10311
f 10309 10308 10321
f 10307 10306 10319
f 10318 10317 10330
f 10316 10315 10328
f 10314 10313 10326
f 10311 10324 10325
f 10309 10322 10323
f 10308 10307 10320
f 10316 10329 10330
f 10314 10327 10328
f 10313 10312 10325
f 10311 10310 10323
f 10321 10334 10335
f 10320 10319 10332
f 10330 10343 10344
f 10329 10328 10341
f 10326 10339 10340
f 10325 10324 10337
f 10323 10322 10335
f 10320 10333 10334
f 10330 10329 10342
f 10328 10327 10340
f 10325 10338 10339
f 10323 10336 10337
f 10335 10334 10348
f 10332 10346 10347
f 10344 10343 10357
f 10342 10341 10355
f 10339 10353 10354
f 10337 10351 10352
f 10336 10335 10349
f 10333 10347 10348
f 10343 10342 10356
f 10341 10340 10354
f 10338 10352 10353
f 10337 10336 10350
f 10349 10348 10361
f 10347 10346 10359
f 10357 10370 10371
f 10356 10355 10368
f 10353 10366 10367
f 10351 10364 10365
f 10349 10362 10363
f 10347 10360 10361
f 10356 10369 10370
f 10355 10354 10367
f 10353 10352 10365
f 10351 10350 10363
f 10362 10361 10374
f 10360 10359 10372
f 10371 10370 10383
f 10368 10381 10382
f 10366 10379 10380
f 10365 10364 10377
f 10362 10375 10376
f 10360 10373 10374
f 10370 10369 10382
f 10368 10367 10380
f 10366 10365 10378
f 10363 10376 10377
f 10374 10387 10388
f 10372 10385 10386
f 10383 10396 10397
f 10382 10381 10394
f 10380 10379 10392
f 10377 10390 10391
f 10376 10375 10388
f 10374 10373 10386
f 10382 10395 10396
f 10380 10393 10394
f 10378 10391 10392
f 10377 10376 10389
f 10387 10400 10401
f 10385 10398 10399
f 10397 10396 10409
f 10394 10407 10408
f 10393 10392 10405
f 10390 10403 10404
f 10389 10388 10401
f 10387 10386 10399
f 10396 10395 10408
f 10393 10406 10407
f 10391 10404 10405
f 10390 10389 10402
f 10400 10413 10414
f 10399 10398 10411
f 10409 10422 10423
f 10407 10420 10421
f 10406 10405 10418
f 10403 10416 10417
f 10401 10414 10415
f 10400 10399 10412
f 10408 10421 10422
f 10406 10419 10420
f 10405 10404 10417
f 10403 10402 10415
f 10414 10413 10426
f 10411 10424 10425
f 10423 10422 10435
f 10420 10433 10434
f 10418 10431 10432
f 10416 10429 10430
f 10414 10427 10428
f 10412 10425 10426
f 10421 10434 10435
f 10419 10432 10433
f 10418 10417 10430
f 10416 10415 10428
f 10427 10426 10439
f 10425 10424 10437
f 10435 10448 10449
f 10433 10446 10447
f 10431 10444 10445
f 10430 10429 10442
f 10428 10427 10440
f 10425 10438 10439
f 10435 10434 10447
f 10433 10432 10445
f 10430 10443 10444
f 10428 10441 10442
f 10440 10439 10452
f 10437 10450 10451
f 10449 10448 10461
f 10447 10446 10459
f 10444 10457 10458
f 10443 10442 10455
f 10441 10440 10453
f 10438 10451 10452
f 10448 10447 10460
f 10446 10445 10458
f 10443 10456 10457
f 10441 10454 10455
f 10453 10452 10465
f 10451 10450 10463
f 10461 10474 10475
f 10460 10459 10472
f 10457 10470 10471
f 10456 10455 10468
f 10453 10466 10467
f 10451 10464 10465
f 10460 10473 10474
f 10459 10458 10471
f 10457 10456 10469
f 10454 10467 10468
f 10466 10465 10061
f 10464 10463 10059
f 10474 10070 10071
f 10472 10068 10069
f 10470 10066 10067
f 10469 10468 10064
f 10466 10062 10063
f 10464 10060 10061
f 10473 10069 10070
f 10472 10471 10067
f 10470 10469 10065
f 10467 10063 10064
f 9933 10059 10463
f 10463 10450 10054
f 10450 10437 10049
f 10437 10424 10045
f 10045 10424 10411
f 10041 10411 10398
f 10037 10398 10385
f 10385 10372 10029
f 10029 10372 10359
f 10359 10346 10021
f 10346 10332 10017
f 10332 10319 10013
f 10013 10319 10306
f 10009 10306 10293
f 10005 10293 10280
f 10280 10267 9997
f 9997 10267 10254
f 10254 10241 9989
f 10241 10228 9985
f 10228 10215 9981
f 9981 10215 10202
f 9977 10202 10189
f 9973 10189 10176
f 10176 10163 9965
f 9965 10163 10150
f 10150 10137 9957
f 10137 10124 9953
f 10124 10111 9949
f 9949 10111 10098
f 9945 10098 10085
f 9941 10085 10072
f 10072 10059 9933

