# https://github.com/mikedh/trimesh
v 0.05940678 0.27675578 -0.01233806
v 0.06348931 0.27580303 -0.01135752
v 0.06412300 0.27726704 -0.01126851
v 0.05988242 0.27810109 -0.01208616
v 0.07207985 0.27760088 -0.02183894
v 0.07210018 0.28114700 -0.01815786
v 0.07159021 0.28391495 -0.01812926
v 0.07143287 0.28370744 -0.02100350
v 0.02683204 0.23831962 -0.07057278
v 0.01273860 0.23761579 -0.07540996
v 0.01246914 0.22833025 -0.07166437
v 0.02561043 0.22629978 -0.06646857
v 0.04350057 0.20362690 -0.04742673
v 0.03880870 0.21113679 -0.05271510
v 0.03725640 0.20011206 -0.05636790
v 0.04579875 0.19620879 -0.04678036
v 0.03811147 0.33819985 0.07025737
v 0.04531352 0.33655384 0.06499229
v 0.04409315 0.33040690 0.06848337
v -0.05940510 0.27675438 -0.01234175
v -0.06348772 0.27580139 -0.01136129
v -0.06412159 0.27726531 -0.01127261
v -0.05988028 0.27809966 -0.01209035
v -0.07207786 0.27759913 -0.02184262
v -0.07209789 0.28114527 -0.01816170
v -0.07158834 0.28391302 -0.01813301
v -0.07143070 0.28370550 -0.02100703
v 0.03723788 0.33133987 0.07264149
v 0.09035212 0.29935279 -0.03380845
v 0.09028508 0.29663962 -0.03492384
v 0.09046902 0.29519403 -0.03302582
v 0.09036798 0.29761776 -0.03210872
v 0.08628073 0.28078601 -0.03158480
v 0.08629925 0.28825578 -0.03345608
v 0.08760114 0.29088244 -0.03433761
v 0.08767655 0.28872165 -0.03336064
v 0.08624946 0.27033171 -0.02798834
v 0.08528437 0.27098572 -0.02754102
v 0.08679391 0.27553082 -0.02956409
v 0.08778736 0.27519479 -0.03025543
v 0.07134399 0.25206882 -0.00485565
v 0.07401235 0.25411171 -0.00684760
v 0.07448941 0.25173360 -0.00793561
v 0.06998839 0.25037399 -0.00626076
v 0.06714896 0.25175926 -0.00714748
v 0.07157198 0.25083306 -0.01128321
v 0.07114536 0.25391638 -0.01215811
v 0.06760900 0.25419140 -0.00884801
v 0.08551886 0.30975893 -0.01971941
v 0.08581273 0.30644879 -0.01918503
v 0.08413955 0.30564481 -0.01684819
v 0.08377878 0.30903080 -0.01701757
v 0.07172030 0.27657580 -0.02707173
v 0.07022108 0.27008352 -0.02498752
v 0.07641199 0.27456227 -0.02841137
v 0.07677513 0.27737561 -0.02892464
v 0.08381921 0.29912263 -0.02670341
v 0.08462026 0.29983583 -0.03025769
v 0.08504857 0.29762733 -0.03129148
v 0.08407599 0.29619062 -0.02857807
v 0.08686458 0.30108106 -0.03488243
v 0.08698402 0.29800174 -0.03608854
v 0.06983920 0.26082060 -0.00352342
v 0.06908243 0.26444748 -0.00276400
v 0.06961322 0.26598653 -0.00404849
v 0.06988036 0.26487172 -0.00544574
v 0.07096122 0.27742210 -0.01828687
v 0.07249314 0.28171375 -0.01676635
v 0.08222657 0.26023948 -0.02250906
v 0.08217020 0.26213074 -0.02169496
v 0.08434153 0.26597586 -0.02516165
v 0.08446759 0.26461136 -0.02624388
v 0.07936195 0.26474535 -0.01991218
v 0.08152660 0.26716459 -0.02350710
v 0.08258787 0.26766482 -0.02526305
v 0.08154922 0.26564205 -0.02313589
v 0.08652910 0.30225295 -0.02643887
v 0.08467342 0.30464134 -0.02182780
v 0.08553036 0.30415621 -0.02158554
v 0.08738138 0.30165604 -0.02626389
v 0.07876617 0.28947532 -0.02889765
v 0.07745927 0.29454222 -0.02723139
v 0.07652418 0.29391944 -0.02697991
v 0.07771365 0.28946531 -0.02856630
v 0.08688282 0.29869798 -0.03306534
v 0.08714993 0.29599226 -0.03399038
v 0.08544959 0.29491627 -0.03246297
v 0.07375939 0.29695767 -0.01520131
v 0.07456002 0.29790586 -0.01637908
v 0.07496421 0.29624340 -0.01684535
v 0.07451022 0.29498747 -0.01581341
v 0.07413752 0.25056106 -0.01119167
v 0.06830162 0.26126829 -0.01882469
v 0.07008719 0.26176089 -0.02045116
v 0.07284506 0.26575103 -0.02352705
v 0.07150810 0.26690298 -0.02386017
v 0.06731290 0.25371990 -0.00291856
v 0.07019883 0.25398895 -0.00292061
v 0.07085728 0.25270781 -0.00393861
v 0.06793220 0.25209489 -0.00427572
v 0.07694315 0.30140981 -0.01671179
v 0.07937626 0.30070797 -0.01890210
v 0.07742331 0.29971442 -0.01815313
v 0.07583506 0.30011079 -0.01639622
v 0.08513522 0.28642026 -0.03168362
v 0.08424985 0.29326901 -0.03007389
v 0.08480206 0.27734050 -0.02594726
v 0.08466665 0.27736184 -0.02889239
v 0.08401681 0.27335572 -0.02732111
v -0.02683474 0.23831709 -0.07057507
v -0.01274067 0.23761451 -0.07541131
v -0.01247137 0.22832882 -0.07166603
v -0.02561369 0.22629702 -0.06647066
v 0.08422911 0.27341217 -0.02447310
v 0.08453359 0.28555140 -0.02619804
v 0.08470132 0.28541255 -0.02958582
v 0.08807898 0.29446432 -0.03172075
v 0.08811702 0.28826979 -0.03189340
v 0.08770627 0.29497591 -0.03266865
v 0.07549927 0.29790688 -0.02488785
v 0.07573288 0.30097705 -0.02880299
v 0.07504872 0.29417166 -0.03009400
v 0.07575575 0.29539034 -0.02607497
v 0.07039102 0.26989657 -0.00453140
v 0.07173961 0.27194816 -0.00585463
v 0.07062560 0.26963991 -0.00717332
v 0.06979895 0.26751271 -0.00662010
v 0.07346208 0.26382816 -0.02215309
v 0.07080240 0.26073617 -0.01963467
v 0.07127332 0.26027939 -0.01892512
v 0.07399608 0.26214412 -0.02063864
v 0.08179294 0.30188200 -0.02110630
v 0.08193611 0.29665744 -0.02173369
v 0.08027766 0.29665482 -0.02022822
v 0.07556301 0.26653451 -0.01194883
v 0.07635128 0.26779571 -0.01377501
v 0.07744586 0.26463097 -0.01545693
v 0.07664943 0.26268283 -0.01386118
v 0.07842930 0.25401476 -0.01646330
v 0.07597932 0.25371999 -0.01720072
v 0.07377738 0.25188449 -0.01401204
v 0.07627301 0.25175202 -0.01369222
v 0.06983626 0.26646864 -0.00596612
v 0.06992801 0.26737061 -0.00430227
v 0.08054753 0.28965989 -0.03093859
v 0.07959316 0.29577643 -0.02902201
v 0.08346654 0.29464811 -0.02621968
v 0.08380251 0.29212078 -0.02749543
v 0.07301744 0.28224334 -0.01027659
v 0.07058734 0.28273830 -0.01142558
v 0.07050396 0.28192958 -0.01140865
v 0.07356285 0.28062415 -0.01014536
v 0.07343947 0.28222591 -0.00899327
v 0.07390935 0.28060532 -0.00886702
v 0.07352572 0.28045797 -0.00769449
v 0.07318109 0.28138047 -0.00757322
v 0.06972279 0.28299046 -0.01185923
v 0.07000945 0.28270659 -0.01160349
v 0.07036161 0.28324664 -0.01188640
v 0.07416605 0.28580868 -0.02403297
v 0.07545805 0.27779523 -0.02557880
v 0.07355335 0.27755234 -0.02442645
v 0.07225901 0.28461602 -0.02285303
v 0.08525407 0.27839524 -0.03056870
v 0.08061285 0.30537835 -0.01276193
v 0.07908911 0.30756307 -0.01275801
v 0.08173655 0.31087491 -0.01717624
v 0.07107713 0.26889810 -0.01590572
v 0.07364102 0.26995531 -0.01329227
v 0.07221840 0.26971233 -0.01173815
v 0.07061126 0.26863468 -0.01423861
v 0.07009359 0.27370745 -0.00988851
v 0.06812627 0.27045131 -0.00905066
v 0.07220660 0.27219543 -0.00847345
v 0.07327210 0.28825188 -0.00902881
v 0.07187591 0.28436336 -0.01135884
v 0.07270224 0.28326979 -0.01006623
v 0.07309100 0.28370422 -0.00883474
v 0.08620492 0.26956376 -0.02924877
v 0.08765727 0.27471933 -0.03178183
v 0.08597771 0.27452293 -0.03321115
v 0.08458697 0.26908636 -0.03059018
v 0.06805183 0.25739184 -0.00162024
v 0.06509893 0.25475451 -0.00451238
v 0.06752419 0.26043665 -0.00120231
v 0.08948928 0.30622184 -0.02870727
v 0.08619567 0.30846852 -0.02915669
v 0.08655174 0.30627757 -0.03146690
v 0.08998767 0.30417627 -0.03085813
v 0.07050357 0.28939256 -0.01745522
v 0.07062503 0.28730497 -0.01691316
v 0.07087994 0.28876337 -0.01566361
v 0.07063223 0.29075569 -0.01594161
v 0.05045141 0.25259128 -0.05554138
v 0.05920649 0.25396141 -0.03743167
v 0.06354758 0.26647916 -0.04654748
v 0.05657104 0.26462391 -0.06227887
v 0.07939763 0.25682414 -0.01593922
v 0.07836006 0.25480387 -0.01341391
v 0.07450036 0.29598516 -0.00826338
v 0.07408227 0.29791135 -0.00707431
v 0.07512429 0.30330586 -0.00873502
v 0.07569168 0.30004430 -0.00868553
v 0.08735269 0.28987136 -0.03703877
v 0.09009004 0.28921533 -0.03550679
v 0.07634518 0.30191323 -0.01515406
v 0.07985332 0.30523095 -0.01841373
v 0.07783962 0.30281749 -0.01726290
v 0.07604897 0.30140278 -0.01540714
v 0.07588929 0.29335371 -0.01314740
v 0.07652319 0.29465741 -0.01285051
v 0.07470456 0.29559833 -0.01300305
v 0.07373770 0.29419640 -0.01311056
v 0.07394249 0.30271015 -0.00608497
v 0.07543638 0.30745831 -0.00948865
v 0.06665281 0.26097032 -0.01794267
v 0.07603554 0.29483262 -0.01058969
v 0.07688987 0.29741085 -0.01037172
v 0.07741343 0.29626900 -0.01266230
v -0.04350182 0.20362404 -0.04742703
v -0.03880981 0.21113445 -0.05271495
v -0.03725719 0.20010935 -0.05636860
v -0.04580044 0.19620559 -0.04678075
v 0.06853247 0.26536530 -0.00079069
v 0.06934444 0.26702577 -0.00280084
v 0.07534444 0.30047515 -0.01521819
v 0.07461924 0.29925272 -0.01516241
v 0.07316360 0.29541743 -0.01431490
v 0.07375149 0.29339039 -0.01569986
v 0.08023232 0.28680307 -0.02288798
v 0.08221970 0.27813447 -0.02403642
v 0.06640880 0.26801765 -0.03298904
v 0.06283518 0.25462303 -0.01793887
v 0.07351228 0.29596406 -0.01316447
v 0.07342882 0.29633936 -0.01337578
v 0.07267012 0.29541552 -0.01368749
v 0.07265515 0.29484385 -0.01337596
v 0.07709781 0.25317159 -0.01110302
v 0.07886041 0.29324004 -0.02038125
v 0.07587970 0.29133880 -0.01838824
v 0.07657890 0.29356417 -0.01767147
v 0.08787587 0.28012380 -0.03063235
v 0.08908034 0.28818882 -0.03171418
v 0.09041805 0.28853559 -0.03330082
v 0.08904379 0.27995670 -0.03191945
v 0.06568956 0.25320178 -0.00560189
v 0.07069343 0.28653550 -0.01774214
v 0.07196939 0.28486967 -0.01695259
v 0.07133581 0.29205671 -0.01623138
v 0.07162384 0.29371899 -0.01435196
v 0.06966110 0.27003595 -0.00250996
v 0.08600640 0.30283448 -0.03036194
v 0.08652966 0.30091220 -0.03178908
v 0.08450531 0.30153984 -0.02893203
v 0.08421481 0.30279401 -0.02733496
v 0.08344408 0.30460966 -0.02429078
v 0.08351760 0.30607787 -0.02388731
v 0.08526226 0.30457771 -0.02837722
v 0.07468224 0.29231697 -0.01693426
v 0.07560806 0.29402456 -0.01653771
v 0.07482667 0.26534382 -0.01072139
v 0.07544608 0.25938630 -0.01134232
v 0.08292867 0.27000445 -0.02489998
v 0.08279344 0.27081019 -0.02207588
v 0.08325530 0.28034791 -0.03418268
v 0.08317987 0.28956541 -0.03512144
v 0.08179055 0.28947359 -0.03286940
v 0.08217397 0.28072035 -0.03270061
v 0.07679011 0.28325412 -0.02914490
v 0.07358035 0.28413355 -0.02863468
v 0.07272055 0.28245103 -0.00716094
v 0.07208245 0.28637692 -0.00539715
v 0.07094527 0.29140148 -0.01617371
v 0.07126955 0.29307079 -0.01442948
v 0.07755908 0.26631504 -0.02482611
v 0.07346496 0.25942999 -0.01720079
v 0.07752062 0.26424283 -0.02299412
v 0.06939869 0.25889528 -0.01510777
v 0.06903483 0.25805849 -0.01282570
v 0.07156878 0.25788373 -0.01446053
v 0.07962262 0.26674855 -0.01906254
v 0.08140131 0.26782042 -0.02184727
v 0.06933834 0.28272790 -0.01237991
v 0.06785592 0.28119674 -0.01345262
v 0.06832701 0.28252485 -0.01187765
v 0.08325829 0.28599548 -0.02411536
v 0.08419367 0.27780980 -0.02429265
v 0.07622305 0.29688174 -0.01321000
v 0.07448374 0.28686008 -0.01331027
v 0.07536864 0.29042834 -0.01160560
v 0.07963317 0.30023265 -0.01290190
v 0.07790020 0.29864267 -0.01344652
v 0.07723387 0.29770625 -0.01331519
v 0.07838054 0.29815510 -0.01255498
v 0.06235434 0.27323824 -0.01185192
v 0.06563686 0.27162868 -0.01035986
v 0.06722044 0.27477559 -0.01036381
v 0.08253945 0.30578405 -0.02218989
v 0.08293556 0.30373549 -0.02330433
v 0.08089626 0.29635638 -0.03087600
v 0.07542539 0.29815912 -0.01738100
v 0.07590764 0.29659244 -0.01824723
v 0.07766856 0.30941379 -0.02392079
v 0.07695602 0.30762243 -0.02054244
v 0.07698515 0.30790070 -0.01935368
v 0.07777631 0.31189987 -0.01974362
v 0.06816111 0.25558445 -0.00975391
v 0.07083824 0.25569728 -0.01249010
v 0.07068911 0.25687334 -0.01288065
v 0.06865041 0.25693050 -0.01091621
v 0.07157163 0.26937407 -0.01106617
v 0.07034755 0.26845038 -0.01329140
v 0.08401090 0.27107674 -0.02767455
v 0.08329120 0.27033395 -0.02663389
v 0.08448040 0.27420676 -0.02892652
v 0.08539964 0.27539101 -0.02979008
v 0.07136199 0.29014015 -0.01991174
v 0.07078900 0.28902128 -0.01951507
v 0.07699357 0.30182183 -0.02166138
v 0.07910503 0.30403402 -0.02325833
v 0.07816549 0.30693772 -0.01986216
v 0.07660598 0.30492687 -0.01948905
v 0.08226393 0.29703575 -0.03320906
v 0.07596029 0.29518789 -0.01786251
v 0.07661182 0.29534209 -0.01896732
v 0.07550211 0.29560620 -0.01736007
v 0.07308754 0.29327166 -0.01332149
v 0.07524663 0.29212531 -0.01364777
v 0.07893990 0.30041561 -0.01431490
v 0.08256818 0.30375925 -0.01759048
v 0.08161017 0.30389947 -0.01776228
v 0.07831090 0.30120787 -0.01454885
v 0.07385919 0.29791915 -0.01418297
v 0.01425774 0.24728230 -0.08323660
v 0.01632430 0.25627744 -0.09131632
v -0.03811360 0.33819893 0.07025471
v -0.04531546 0.33655271 0.06498931
v -0.04409489 0.33040568 0.06848040
v -0.03723957 0.33133867 0.07263887
v 0.07719379 0.30759543 -0.01260892
v 0.07798536 0.30915770 -0.01651734
v 0.07891806 0.31006122 -0.01696068
v 0.07768767 0.30838582 -0.01354464
v 0.08396683 0.30160815 -0.02674314
v 0.08754832 0.29756472 -0.03185352
v 0.07316062 0.28334332 -0.01528196
v 0.06995777 0.28042653 -0.01491625
v 0.05967179 0.27934575 -0.01354950
v 0.06004484 0.28053829 -0.01358467
v 0.06056821 0.28009799 -0.01476841
v 0.06020130 0.27880323 -0.01495541
v 0.06305952 0.27411830 -0.01532638
v 0.06586047 0.27320006 -0.01402876
v 0.06509010 0.27129743 -0.01258702
v 0.06235705 0.27204099 -0.01458468
v 0.05909724 0.27623564 -0.01385317
v 0.05938980 0.27784964 -0.01360137
v 0.06002303 0.27712873 -0.01513746
v 0.05978929 0.27524424 -0.01566783
v 0.08194547 0.30578399 -0.02004541
v 0.08374470 0.30561754 -0.02182048
v 0.08887500 0.29666981 -0.03066147
v 0.08898278 0.29441583 -0.03149494
v 0.08702817 0.30164075 -0.02911702
v 0.08736278 0.29977107 -0.03054758
v 0.07211379 0.27457428 -0.00588755
v 0.07319188 0.27468407 -0.00761416
v 0.07274330 0.27307999 -0.00750192
v 0.09000448 0.29979840 -0.03084683
v 0.09026825 0.30178142 -0.03244374
v 0.07044861 0.25755686 -0.00294909
v 0.06943379 0.25616255 -0.00210900
v 0.04310942 0.18607186 0.01388920
v 0.05232732 0.19177568 0.00259239
v 0.05149129 0.18161596 0.00266884
v 0.04246238 0.17610712 0.01336897
v 0.07926784 0.30289620 -0.01147586
v 0.07796495 0.30546287 -0.01126100
v 0.05917099 0.27461895 -0.01295198
v 0.05903642 0.27370661 -0.01434563
v 0.06184418 0.27221274 -0.01323345
v 0.06452899 0.27875742 -0.01146212
v 0.06030105 0.27941453 -0.01217292
v 0.06333915 0.27590925 -0.01520518
v 0.06423251 0.28090513 -0.01420471
v 0.06458756 0.28205097 -0.01289454
v 0.06731102 0.26814416 -0.01007252
v 0.06888048 0.26756185 -0.01209581
v 0.07037160 0.26764908 -0.00894971
v 0.05978133 0.27325636 -0.01546647
v 0.07135621 0.29118046 -0.01782881
v 0.06656928 0.27675280 -0.01471087
v 0.06943287 0.27414256 -0.01649598
v 0.06905248 0.27206951 -0.01560772
v 0.06627568 0.27485004 -0.01454679
v 0.07794472 0.26402292 -0.01711379
v 0.07824225 0.26587439 -0.01704570
v 0.07170690 0.26952150 -0.01797736
v 0.07500637 0.26987636 -0.01599558
v 0.07261258 0.28633514 -0.01603897
v 0.07408555 0.28954184 -0.01458673
v 0.06987368 0.28287870 -0.01253464
v 0.06710579 0.27885818 -0.01426265
v 0.06963323 0.27658287 -0.01615093
v 0.06477673 0.28006002 -0.01175385
v 0.06856286 0.28010097 -0.01106682
v 0.06834321 0.28119493 -0.01130497
v 0.06477050 0.28103003 -0.01204966
v 0.07848902 0.29663533 -0.01947363
v 0.07676014 0.30326593 -0.00987664
v 0.07810602 0.30024180 -0.01067602
v 0.07859703 0.31304589 -0.03605086
v 0.07664382 0.30484372 -0.04042289
v 0.07710922 0.30628437 -0.02755135
v 0.06353264 0.27773350 -0.01504401
v 0.06068362 0.28145489 -0.01341778
v 0.06118465 0.28098494 -0.01255064
v 0.08351640 0.26714730 -0.02499909
v 0.07105345 0.26725528 -0.00871745
v 0.07183640 0.29136458 -0.01397957
v 0.08281122 0.27514496 -0.03236714
v 0.08163807 0.27001014 -0.03006787
v 0.07117347 0.29260224 -0.01438444
v 0.07188535 0.29372960 -0.01384814
v 0.06976952 0.26789030 -0.01281101
v 0.07113053 0.26850402 -0.01012677
v 0.07211835 0.29413167 -0.01365291
v 0.07288809 0.27410567 -0.00887677
v 0.08348302 0.29625639 -0.02492470
v 0.07447086 0.25619274 -0.01757852
v 0.07266017 0.25485709 -0.01465929
v 0.06079069 0.28039670 -0.01226126
v 0.06439532 0.27152312 -0.01188164
v 0.06393934 0.27941570 -0.01472107
v 0.07119792 0.27784273 -0.01046759
v 0.07075426 0.27571884 -0.01004131
v 0.07326880 0.27631861 -0.00901438
v 0.07639938 0.27028754 -0.01775572
v 0.07245381 0.27116269 -0.02027800
v 0.07362909 0.27192241 -0.02255484
v 0.07819740 0.27095842 -0.01950069
v 0.08018848 0.26529995 -0.02741414
v 0.07844210 0.26112461 -0.02390930
v 0.08070210 0.25952575 -0.02370065
v 0.08291928 0.26388615 -0.02751905
v 0.07855574 0.32777005 -0.04511138
v 0.07965611 0.31900266 -0.02963177
v 0.07998423 0.33492962 -0.03426837
v 0.08160207 0.30532911 -0.02865239
v 0.08173482 0.30287945 -0.03027267
v 0.08667548 0.30375496 -0.03340968
v 0.07678895 0.31025624 -0.01441763
v 0.07698934 0.30781689 -0.01784628
v 0.07735161 0.30866814 -0.01610762
v 0.08663573 0.27996826 -0.03535350
v 0.07377699 0.29219350 -0.00838905
v 0.07557756 0.29259720 -0.01088565
v 0.07664742 0.26744244 -0.02572769
v 0.07852071 0.26919368 -0.01740837
v 0.08075327 0.26961312 -0.01949058
v 0.08717430 0.30626893 -0.02189541
v 0.08416670 0.30450678 -0.01943359
v 0.00955631 0.17493515 0.03968494
v 0.00943003 0.16803344 0.03568824
v 0.00784551 0.28238583 0.09057140
v 0.00929951 0.28216422 0.08907512
v 0.00801274 0.28404713 0.08797282
v 0.00736962 0.28408778 0.08871650
v 0.00827997 0.27315030 0.08951373
v 0.00762564 0.27470729 0.08833753
v 0.00857824 0.27437797 0.08735953
v 0.00944715 0.27311793 0.08857091
v 0.00499624 0.28371492 0.08787727
v 0.00355274 0.28116345 0.09061930
v 0.00511629 0.28212664 0.09201583
v 0.00609213 0.28426754 0.08861340
v 0.08714759 0.30948532 -0.02283479
v 0.01151390 0.27290162 0.08913164
v 0.01055750 0.27470797 0.08791095
v 0.01120727 0.27523130 0.08974932
v 0.01276628 0.27377632 0.09076479
v 0.00459764 0.27398220 0.09741558
v 0.00557176 0.27613628 0.09749307
v 0.00450017 0.27526969 0.09521108
v 0.00460112 0.27324775 0.09488945
v 0.00723440 0.27657825 0.09681056
v 0.00905033 0.27619538 0.09853947
v 0.01070403 0.27611738 0.09687343
v 0.00860242 0.27639532 0.09527861
v 0.00404778 0.27745226 0.09016356
v 0.00550286 0.27556455 0.09164974
v 0.00333197 0.27772155 0.09377588
v 0.01151445 0.27751604 0.08780517
v 0.01020223 0.27643058 0.08640034
v 0.00907673 0.28021613 0.08572089
v 0.01031643 0.28104654 0.08656431
v 0.04659187 0.20277238 0.01477798
v 0.05417825 0.20532861 0.00137954
v 0.03391115 0.29475343 0.06913714
v 0.03323443 0.29197356 0.07042513
v 0.02901983 0.29311547 0.07093896
v 0.02990898 0.29557517 0.06984905
v 0.07397209 0.27860674 -0.00835981
v 0.07343765 0.27947554 -0.00723437
v 0.08172047 0.30007204 -0.03184259
v 0.08632499 0.30328217 -0.02705514
v 0.08151709 0.30719835 -0.02655536
v 0.08042323 0.30941162 -0.02191611
v 0.07907160 0.30809170 -0.02084058
v 0.08000708 0.30553195 -0.02478442
v 0.08918321 0.30335113 -0.02735521
v 0.07200695 0.26589665 -0.00856431
v 0.08114485 0.29242963 -0.02208794
v 0.07971615 0.30997375 -0.01939369
v 0.08304923 0.31149364 -0.02016609
v 0.08692333 0.28022751 -0.03064234
v 0.08964707 0.30178228 -0.02928735
v 0.08790507 0.30038580 -0.02805035
v 0.08097661 0.30237386 -0.01361959
v 0.07511066 0.27445471 -0.02490588
v 0.08159422 0.27459389 -0.02280810
v 0.08008648 0.27209854 -0.02113265
v -0.09035000 0.29935035 -0.03381272
v -0.09028297 0.29663715 -0.03492830
v -0.09046660 0.29519153 -0.03302999
v -0.09036573 0.29761526 -0.03211299
v -0.08627814 0.28078377 -0.03158913
v -0.08629713 0.28825328 -0.03346042
v -0.08759908 0.29087999 -0.03434186
v -0.08767461 0.28871912 -0.03336491
v 0.07452258 0.27267969 -0.02380191
v 0.07063205 0.28793240 -0.01888719
v 0.06949908 0.27085838 -0.00027901
v 0.07745681 0.25963521 -0.01444037
v -0.08624710 0.27032945 -0.02799214
v -0.08528227 0.27098340 -0.02754487
v -0.08679169 0.27552852 -0.02956818
v -0.08778504 0.27519244 -0.03025944
v 0.07848733 0.26058260 -0.01674828
v 0.03045374 0.24877077 -0.07732037
v 0.03434640 0.25831583 -0.08487535
v 0.08873557 0.27988914 -0.03388321
v 0.08184646 0.30534968 -0.02101952
v 0.07379755 0.26548967 -0.00980944
v 0.07308942 0.25982502 -0.00883321
v 0.07169016 0.26030013 -0.00696339
v 0.07633729 0.29577750 -0.01866448
v 0.07603752 0.26860794 -0.02591378
v 0.07611722 0.27089226 -0.02707911
v 0.06092102 0.28079653 -0.01438994
v 0.07778051 0.26278672 -0.02325704
v 0.07408328 0.25780833 -0.01738462
v 0.05788608 0.20859392 -0.01203160
v 0.05495739 0.21121982 -0.02667597
v -0.07134297 0.25206673 -0.00485883
v -0.07401141 0.25410980 -0.00685063
v -0.07448822 0.25173154 -0.00793875
v -0.06998748 0.25037166 -0.00626394
v 0.05523008 0.20015402 -0.02456913
v 0.05691215 0.19629250 -0.01069435
v 0.07123829 0.28472680 -0.00188643
v 0.07142594 0.27738628 -0.00401766
v 0.07074182 0.27637640 -0.00219760
v 0.02332688 0.18370861 0.03524344
v 0.02010441 0.17198485 0.03104827
v 0.06970464 0.27162439 0.00353097
v 0.06941018 0.27139568 0.01417445
v 0.07138804 0.28711474 0.01366275
v 0.07088943 0.28134382 0.00374319
v 0.05906162 0.31957501 0.04713292
v 0.06080022 0.32000983 0.04291503
v 0.06135185 0.31053403 0.04338668
v 0.05920674 0.31187487 0.04686690
v 0.02000115 0.37920111 0.06206312
v 0.00964432 0.37987125 0.06427569
v 0.00994538 0.38778147 0.05814017
v 0.02046245 0.38679543 0.05555691
v 0.03614613 0.26655209 -0.08967762
v 0.03733883 0.27715117 -0.09462216
v 0.01813354 0.27329808 -0.10187645
v 0.01726570 0.26352122 -0.09626555
v 0.02088396 0.40442252 0.03322541
v 0.01020192 0.40618110 0.03591788
v 0.01029018 0.41082951 0.02559314
v -0.06714841 0.25175679 -0.00715054
v -0.07157058 0.25083086 -0.01128640
v -0.07114407 0.25391403 -0.01216137
v -0.06760871 0.25418898 -0.00885087
v 0.02111161 0.40880221 0.02324115
v 0.05223846 0.29225534 0.06072336
v 0.05432871 0.28610799 0.06131969
v 0.05054637 0.28571424 0.06477056
v 0.04895916 0.29183200 0.06345418
v 0.07302198 0.25549570 -0.00583965
v 0.07198256 0.25638762 -0.00465629
v -0.08551734 0.30975631 -0.01972388
v -0.08581091 0.30644637 -0.01918977
v -0.08413766 0.30564228 -0.01685322
v -0.08377727 0.30902827 -0.01702218
v -0.07172196 0.27657288 -0.02707564
v -0.07022221 0.27008045 -0.02499148
v -0.07641292 0.27455929 -0.02841539
v -0.07677599 0.27737293 -0.02892829
v 0.01043732 0.41450888 0.01348016
v 0.02140717 0.41223645 0.01151156
v 0.01173110 0.30182621 0.07587089
v -0.08381648 0.29912031 -0.02670811
v -0.08461777 0.29983360 -0.03026236
v -0.08504642 0.29762495 -0.03129592
v -0.08407366 0.29618824 -0.02858246
v -0.08686294 0.30107865 -0.03488655
v -0.08698220 0.29799929 -0.03609294
v -0.06983845 0.26081821 -0.00352748
v -0.06908209 0.26444510 -0.00276792
v -0.06961251 0.26598430 -0.00405265
v -0.06987944 0.26486957 -0.00544979
v -0.07095895 0.27742040 -0.01829072
v -0.07249133 0.28171182 -0.01677014
v -0.08222334 0.26023746 -0.02251345
v -0.08216740 0.26212868 -0.02169903
v -0.08433893 0.26597372 -0.02516558
v -0.08446448 0.26460913 -0.02624840
v 0.01217588 0.30365133 0.07307141
v 0.01583907 0.30044970 0.07180277
v 0.01545231 0.29851693 0.07407294
v 0.00726306 0.35218453 0.07631549
v 0.00825761 0.36002913 0.07387128
v 0.01723848 0.35986218 0.07244381
v 0.01557873 0.35211131 0.07525168
v 0.02028590 0.29801062 0.07077986
v 0.01939723 0.29604369 0.07236763
v 0.01005836 0.39479998 0.05163199
v 0.02073104 0.39358047 0.04881839
v 0.02064066 0.41624823 -0.03968200
v -0.07935973 0.26474330 -0.01991596
v -0.08152456 0.26716232 -0.02351085
v -0.08258597 0.26766250 -0.02526681
v -0.08154710 0.26563984 -0.02313962
v 0.02102900 0.41649443 -0.03103163
v 0.00988797 0.41925699 -0.03158294
v -0.08652718 0.30225074 -0.02644358
v -0.08467168 0.30463910 -0.02183253
v -0.08552846 0.30415413 -0.02159047
v -0.08737921 0.30165389 -0.02626868
v 0.01097574 0.41823441 -0.04427794
v 0.06878509 0.28382781 -0.05549703
v 0.07204624 0.28364998 -0.04007400
v 0.07452123 0.29565707 -0.04206619
v 0.07219461 0.30039355 -0.05906285
v 0.03385843 0.19072431 0.02671055
v 0.03125165 0.17827480 0.02311656
v -0.07876724 0.28947252 -0.02890079
v -0.07745988 0.29453963 -0.02723469
v -0.07652528 0.29391688 -0.02698322
v -0.07771482 0.28946277 -0.02856989
v -0.08688075 0.29869556 -0.03306975
v -0.08714791 0.29598984 -0.03399469
v -0.08544748 0.29491389 -0.03246731
v -0.07375822 0.29695526 -0.01520547
v -0.07455902 0.29790327 -0.01638303
v -0.07496314 0.29624081 -0.01684942
v -0.07450885 0.29498494 -0.01581755
v -0.07413618 0.25055879 -0.01119498
v -0.06830177 0.26126525 -0.01882837
v -0.07008731 0.26175767 -0.02045511
v -0.07284496 0.26574805 -0.02353108
v -0.07150828 0.26690015 -0.02386401
v 0.05236309 0.34228057 0.05371328
v 0.05449174 0.34748849 0.04911099
v 0.05758774 0.34004906 0.04587328
v 0.05537087 0.33577168 0.05076223
v 0.00574966 0.33945408 0.07977755
v 0.01300618 0.33939716 0.07927913
v 0.01114128 0.33305076 0.08006655
v 0.00505533 0.33292818 0.08055185
v -0.06731255 0.25371730 -0.00292219
v -0.07019820 0.25398660 -0.00292409
v -0.07085647 0.25270545 -0.00394180
v -0.06793159 0.25209236 -0.00427899
v 0.05889897 0.30457336 0.04764603
v 0.06162800 0.30153817 0.04530211
v 0.06070666 0.29373330 0.05042744
v 0.05764705 0.29778892 0.05171068
v 0.05475766 0.29339424 0.05771131
v -0.07694197 0.30140734 -0.01671599
v -0.07937466 0.30070552 -0.01890673
v -0.07742190 0.29971203 -0.01815764
v -0.07583411 0.30010834 -0.01640026
v 0.05720252 0.28757799 0.05781156
v -0.08513325 0.28641778 -0.03168778
v -0.08424743 0.29326668 -0.03007835
v 0.01881357 0.36938858 0.06846345
v 0.00905122 0.36989042 0.07015689
v 0.05957767 0.33042106 0.04353150
v 0.05767138 0.32787085 0.04855057
v 0.00895200 0.30506751 0.07837758
v 0.00964477 0.30642492 0.07481934
v 0.00717011 0.31090355 0.07712273
v -0.08480032 0.27733827 -0.02595117
v -0.08466470 0.27735955 -0.02889648
v -0.08401483 0.27335349 -0.02732499
v -0.08422700 0.27341005 -0.02447682
v 0.00360659 0.31078732 0.08278069
v 0.00359119 0.31476417 0.08136188
v 0.00669458 0.31449568 0.07775518
v 0.03343935 0.35134342 0.06856269
v 0.03532125 0.35850334 0.06504768
v 0.04283050 0.35673019 0.05958027
v 0.04101313 0.35007277 0.06351734
v 0.02086873 0.39931762 0.04163373
v -0.08453164 0.28554890 -0.02620210
v -0.08469936 0.28541005 -0.02958985
v 0.01013851 0.40083370 0.04444094
v 0.00408756 0.32445213 0.08026182
v 0.00826022 0.32444385 0.07877894
v 0.00729673 0.32069990 0.07779802
v -0.08807709 0.29446191 -0.03172493
v -0.08811518 0.28826725 -0.03189755
v -0.08770434 0.29497361 -0.03267298
v -0.07550059 0.29790428 -0.02489095
v -0.07573497 0.30097449 -0.02880607
v -0.07505122 0.29416907 -0.03009699
v -0.07575743 0.29538763 -0.02607809
v 0.00396987 0.32097307 0.08007620
v 0.02421232 0.29433018 0.07161828
v 0.02505967 0.29650608 0.07047345
v 0.06553771 0.25566360 -0.00866693
v 0.06639042 0.25474879 -0.00826883
v 0.07278546 0.30251211 0.00030330
v 0.07171085 0.29185638 0.00251652
v 0.07197695 0.30037960 0.01222345
v 0.07158190 0.31329340 0.00929760
v 0.07429133 0.32478452 0.00536993
v 0.07665541 0.33378139 -0.00055339
v 0.07674426 0.31752038 -0.00691994
v 0.07469583 0.31133401 -0.00235583
v 0.05014721 0.20275009 -0.03684403
v 0.04767156 0.21243550 -0.04003076
v 0.00374328 0.30781615 0.08541955
v 0.00373821 0.30502561 0.08796223
v 0.01985118 0.31494331 -0.11757021
v -0.07039004 0.26989457 -0.00453596
v -0.07173828 0.27194613 -0.00585932
v -0.07062443 0.26963791 -0.00717804
v -0.06979770 0.26751074 -0.00662450
v 0.01921497 0.30174074 -0.11349604
v 0.03913452 0.30646610 -0.10538799
v 0.03865280 0.31933358 -0.10776747
v 0.06584188 0.27338973 -0.05108725
v -0.07346181 0.26382521 -0.02215711
v -0.07080223 0.26073322 -0.01963835
v -0.07127303 0.26027647 -0.01892882
v -0.07399586 0.26214102 -0.02064251
v 0.06938224 0.27517498 -0.03688654
v 0.01012075 0.27900246 0.09108622
v 0.00685471 0.28345895 0.08612744
v 0.00707740 0.27991667 0.08572534
v 0.00669142 0.28264779 0.08594353
v 0.01003320 0.27599072 0.09305279
v 0.01231376 0.27539894 0.09434441
v 0.00785964 0.27606061 0.08606982
v 0.00698798 0.27630141 0.08664536
v 0.00629801 0.28021619 0.08600798
v 0.00797835 0.28390083 0.08676960
v 0.00187835 0.27229276 0.09972902
v 0.00242607 0.27389002 0.10256805
v 0.00617221 0.27512121 0.10138158
v 0.00473190 0.27361313 0.09939060
v 0.00478721 0.28286844 0.08744464
v 0.00380528 0.28062025 0.08840417
v 0.00468308 0.27870017 0.09576155
v 0.00648360 0.28236032 0.09162754
v 0.00675671 0.28428084 0.08877742
v 0.00649040 0.27929041 0.09491819
v 0.00578899 0.27320495 0.09234923
v 0.00824283 0.27937692 0.09331018
v -0.08179054 0.30187961 -0.02111112
v -0.08193387 0.29665503 -0.02173821
v -0.08027569 0.29665247 -0.02023286
v -0.07556079 0.26653272 -0.01195285
v -0.07634905 0.26779395 -0.01377895
v -0.07744333 0.26462904 -0.01546099
v -0.07664704 0.26268095 -0.01386524
v 0.07706780 0.26858047 -0.01561698
v 0.05629307 0.22282688 0.00647903
v 0.06070552 0.23704913 -0.00163274
v 0.05988753 0.23630659 -0.00698670
v -0.07842657 0.25401253 -0.01646740
v -0.07597756 0.25371730 -0.01720474
v -0.07377620 0.25188202 -0.01401555
v -0.07627106 0.25174972 -0.01369597
v -0.06983515 0.26646662 -0.00597015
v -0.06992726 0.26736853 -0.00430666
v -0.08054760 0.28965718 -0.03094207
v -0.07959303 0.29577380 -0.02902559
v 0.05720311 0.22120742 -0.00244656
v 0.07878160 0.29502130 -0.02001773
v 0.06584343 0.34627405 0.02797946
v 0.06803464 0.35784316 0.01787442
v 0.07397104 0.34581578 0.00731427
v -0.08346397 0.29464582 -0.02622419
v -0.08380008 0.29211843 -0.02749973
v 0.07239495 0.33495331 0.01324556
v 0.06814219 0.36709383 0.00948625
v 0.07423968 0.35618106 -0.00039771
v 0.07803417 0.34373474 -0.00907614
v 0.07969224 0.32264274 -0.02147985
v 0.04174233 0.30784374 0.06367404
v 0.04200342 0.30757591 0.06381146
v 0.04046350 0.30730915 0.06509517
v -0.07301624 0.28224117 -0.01028090
v -0.07058616 0.28273618 -0.01142974
v -0.07050274 0.28192753 -0.01141289
v -0.07356159 0.28062195 -0.01014978
v 0.04047100 0.30747849 0.06493618
v 0.04127446 0.30792949 0.06310000
v 0.03993762 0.30741259 0.06415407
v -0.07343835 0.28222370 -0.00899770
v -0.07390814 0.28060308 -0.00887155
v -0.07352448 0.28045577 -0.00769912
v -0.07317995 0.28137827 -0.00757782
v 0.04214852 0.30832356 0.06213015
v 0.04267997 0.30813786 0.06260788
v 0.04293444 0.30787829 0.06274026
v 0.02445678 0.30853966 0.06687044
v 0.02513314 0.30887032 0.06618900
v 0.02777557 0.30798715 0.06653097
v 0.02710536 0.30794740 0.06759036
v 0.02419832 0.30823275 0.06724069
v 0.02700536 0.30761024 0.06796391
v -0.06972159 0.28298846 -0.01186322
v -0.07000824 0.28270456 -0.01160760
v -0.07036041 0.28324455 -0.01189039
v -0.07416380 0.28580683 -0.02403699
v -0.07545549 0.27779347 -0.02558209
v -0.07355119 0.27755055 -0.02443011
v -0.07225700 0.28461418 -0.02285673
v 0.02825278 0.31048298 0.06053502
v 0.02776191 0.31075200 0.06042544
v -0.08525160 0.27839300 -0.03057281
v 0.02909037 0.31015253 0.06074156
v 0.02268720 0.31044728 0.06458294
v 0.02272745 0.31144437 0.06472941
v -0.08061179 0.30537584 -0.01276626
v -0.07908826 0.30756032 -0.01276217
v -0.08173557 0.31087220 -0.01718035
v 0.02754082 0.31145734 0.06061015
v 0.02754093 0.31097507 0.06044560
v 0.02293122 0.31000614 0.06473251
v -0.07107492 0.26889628 -0.01590991
v -0.07363916 0.26995334 -0.01329621
v -0.07221677 0.26971042 -0.01174213
v -0.07060938 0.26863289 -0.01424263
v -0.07009239 0.27370542 -0.00989301
v -0.06812513 0.27044928 -0.00905520
v -0.07220533 0.27219334 -0.00847812
v -0.07327084 0.28824979 -0.00903326
v -0.07187459 0.28436124 -0.01136310
v -0.07270116 0.28326762 -0.01007055
v -0.07309004 0.28370199 -0.00883909
v -0.08620198 0.26956144 -0.02925310
v -0.08765435 0.27471694 -0.03178610
v -0.08597510 0.27452019 -0.03321621
v -0.08458441 0.26908347 -0.03059564
v 0.02137027 0.30972871 0.06478109
v 0.02050585 0.30999643 0.06442626
v -0.06805144 0.25738925 -0.00162401
v -0.06509939 0.25475165 -0.00451592
v -0.06752435 0.26043406 -0.00120611
v -0.08948752 0.30621934 -0.02871177
v -0.08619443 0.30846584 -0.02916084
v -0.08655042 0.30627486 -0.03147092
v -0.08998591 0.30417377 -0.03086250
v -0.07050207 0.28939065 -0.01745909
v -0.07062341 0.28730309 -0.01691712
v -0.07087828 0.28876150 -0.01566768
v -0.07063081 0.29075372 -0.01594554
v 0.02056192 0.31136054 0.06466655
v 0.03222981 0.30658346 0.06806524
v 0.03241227 0.30576602 0.06812712
v 0.02767143 0.30607697 0.06833050
v 0.02728074 0.30698484 0.06822490
v 0.03205567 0.30706894 0.06788347
v 0.03546230 0.30716679 0.06699701
v 0.03554199 0.30663723 0.06714454
v 0.03563036 0.30584183 0.06714895
v -0.05045399 0.25258887 -0.05554204
v -0.05920976 0.25395799 -0.03743268
v -0.06354997 0.26647633 -0.04654890
v -0.05657266 0.26462185 -0.06227980
v -0.07939487 0.25682211 -0.01594321
v -0.07835780 0.25480187 -0.01341766
v -0.07449957 0.29598269 -0.00826769
v -0.07408228 0.29790890 -0.00707780
v -0.07512419 0.30330339 -0.00873828
v -0.07569096 0.30004185 -0.00868943
v 0.02433947 0.30699956 0.06804881
v 0.02424816 0.30788165 0.06767744
v 0.03562045 0.30510223 0.06711578
v 0.03260554 0.30505231 0.06802481
v -0.08735026 0.28986883 -0.03704394
v -0.09008712 0.28921285 -0.03551132
v 0.02785738 0.30535942 0.06829277
v 0.02432887 0.30650195 0.06811828
v 0.02154226 0.30768162 0.06737766
v 0.02268039 0.30797878 0.06743345
v 0.03260495 0.30422252 0.06785243
v 0.03252739 0.30326515 0.06771011
v 0.02770132 0.30354312 0.06820127
v 0.02783564 0.30450669 0.06821081
v -0.07634395 0.30191082 -0.01515842
v -0.07985144 0.30522844 -0.01841869
v -0.07783794 0.30281517 -0.01726763
v -0.07604779 0.30140042 -0.01541134
v -0.07588781 0.29335135 -0.01315176
v -0.07652167 0.29465505 -0.01285500
v -0.07470313 0.29559591 -0.01300748
v -0.07373630 0.29419407 -0.01311489
v 0.03564155 0.30430102 0.06686296
v 0.03556896 0.30335927 0.06672230
v -0.07394312 0.30270749 -0.00608798
v -0.07543592 0.30745599 -0.00949181
v 0.04402618 0.30784151 0.06111478
v 0.04449592 0.30826658 0.06017704
v 0.04448212 0.30770609 0.06034961
v -0.06665293 0.26096758 -0.01794613
v 0.04420416 0.30729619 0.06085422
v 0.04688580 0.30474234 0.05797908
v 0.04773178 0.30595970 0.05699808
v 0.04933714 0.30515376 0.05589322
v -0.07603410 0.29483026 -0.01059432
v -0.07688862 0.29740828 -0.01037627
v -0.07741190 0.29626656 -0.01266699
v -0.06853270 0.26536265 -0.00079460
v -0.06934411 0.26702341 -0.00280502
v -0.07534338 0.30047271 -0.01522235
v -0.07461832 0.29925025 -0.01516646
v -0.07316238 0.29541498 -0.01431906
v -0.07375015 0.29338789 -0.01570395
v 0.04827655 0.30381194 0.05713816
v -0.08022972 0.28680119 -0.02289205
v -0.08221717 0.27813250 -0.02403964
v 0.05652107 0.29503867 0.05463083
v 0.05059784 0.30089834 0.05692413
v 0.05190333 0.30225384 0.05498095
v 0.04357305 0.30765486 0.06189140
v 0.04294698 0.30740800 0.06278951
v 0.04348647 0.30804545 0.06183415
v 0.04390619 0.30831340 0.06089886
v 0.04375080 0.30692011 0.06162840
v 0.04305109 0.30667835 0.06266683
v 0.04206441 0.30718225 0.06385278
v 0.04215366 0.30635199 0.06379949
v 0.04054093 0.30605885 0.06509984
v 0.04044803 0.30687791 0.06512112
v 0.03838598 0.30670261 0.06613438
v -0.06641109 0.26801440 -0.03299162
v -0.06283538 0.25462052 -0.01794074
v 0.03866385 0.30724499 0.06597725
v 0.03845839 0.30589411 0.06611615
v 0.04065329 0.30537987 0.06492191
v 0.03855283 0.30520147 0.06603491
v 0.04218344 0.30563813 0.06351721
v 0.04314861 0.30606371 0.06233413
v 0.04389140 0.30641636 0.06121644
v 0.04449154 0.30681112 0.06041336
v 0.04488966 0.30742928 0.05981883
v 0.04419512 0.30581838 0.06068070
v 0.04482479 0.30500421 0.05992948
v 0.04361825 0.30452910 0.06129323
v 0.04331045 0.30543804 0.06192145
v 0.04498839 0.30631739 0.05975459
v 0.04578751 0.30561063 0.05886770
v -0.07351086 0.29596165 -0.01316888
v -0.07342745 0.29633698 -0.01338020
v -0.07266888 0.29541308 -0.01369169
v -0.07265380 0.29484150 -0.01338027
v 0.04227299 0.30508313 0.06313973
v 0.04230619 0.30428183 0.06274989
v 0.04061865 0.30384645 0.06425535
v 0.04068058 0.30465046 0.06461851
v -0.07709631 0.25316966 -0.01110646
v -0.07885817 0.29323792 -0.02038560
v -0.07587788 0.29133698 -0.01839245
v -0.07657754 0.29356185 -0.01767544
v 0.03857709 0.30446124 0.06575263
v 0.03862639 0.30354598 0.06545910
v -0.08787331 0.28012162 -0.03063636
v -0.08907832 0.28818631 -0.03171811
v -0.09041565 0.28853300 -0.03330487
v -0.08904082 0.27995449 -0.03192358
v 0.03198339 0.30721238 0.06767759
v 0.03169021 0.30729291 0.06658573
v 0.03519867 0.30705994 0.06600083
v 0.03547053 0.30729625 0.06679032
v 0.03866655 0.30735630 0.06585868
v -0.06568944 0.25319925 -0.00560506
v -0.07069171 0.28653356 -0.01774603
v -0.07196760 0.28486764 -0.01695650
v 0.03812650 0.30708101 0.06512913
v 0.03504353 0.30698824 0.06494243
v 0.03332042 0.30916542 0.06067574
v 0.03465987 0.30916047 0.06030746
v 0.03772620 0.30700266 0.06415914
v -0.07133447 0.29205415 -0.01623541
v -0.07162255 0.29371658 -0.01435603
v 0.03188052 0.30732441 0.06543703
v 0.03177526 0.30936778 0.06092795
v 0.02855896 0.30817038 0.06541959
v -0.06966080 0.27003381 -0.00251422
v 0.03026319 0.30975950 0.06094186
v 0.02588325 0.30894023 0.06548990
v 0.03342439 0.31919530 0.06739260
v 0.03344453 0.31934240 0.06766310
v 0.03799983 0.31871572 0.06713359
v 0.03762868 0.31849158 0.06671010
v 0.05013338 0.28103054 -0.08504242
v 0.05107796 0.29588488 -0.09129643
v 0.03858573 0.29063001 -0.10046929
v 0.04051708 0.31616330 0.06590314
v 0.04047211 0.31704211 0.06544504
v 0.04287312 0.31567684 0.06416115
v 0.04272687 0.31486541 0.06429445
v 0.04053782 0.31522822 0.06632119
v -0.08600447 0.30283204 -0.03036653
v -0.08652759 0.30090979 -0.03179358
v -0.08450337 0.30153742 -0.02893657
v -0.08421300 0.30279157 -0.02733955
v -0.08344229 0.30460724 -0.02429528
v -0.08351589 0.30607557 -0.02389187
v -0.08526047 0.30457532 -0.02838184
v -0.07468072 0.29231474 -0.01693832
v -0.07560687 0.29402208 -0.01654164
v 0.04250375 0.31384569 0.06447315
v 0.03782306 0.31651443 0.06799774
v -0.07482458 0.26534206 -0.01072541
v -0.07544461 0.25938451 -0.01134590
v -0.08292662 0.27000228 -0.02490371
v -0.08279133 0.27080819 -0.02207945
v -0.08325285 0.28034532 -0.03418757
v -0.08317839 0.28956267 -0.03512564
v -0.08178967 0.28947079 -0.03287339
v -0.08217234 0.28071776 -0.03270522
v 0.03779255 0.31755346 0.06746976
v 0.03764170 0.31828958 0.06686349
v 0.04181312 0.31246403 0.06022526
v 0.04105631 0.31342885 0.06089075
v -0.07679137 0.28325155 -0.02914871
v -0.07358178 0.28413099 -0.02863819
v -0.07271977 0.28244886 -0.00716549
v -0.07208201 0.28637478 -0.00540165
v -0.07094391 0.29139918 -0.01617766
v -0.07126830 0.29306838 -0.01443353
v -0.07755861 0.26631212 -0.02483021
v -0.07346425 0.25942698 -0.01720468
v -0.07751975 0.26423994 -0.02299842
v -0.06939839 0.25889242 -0.01511121
v -0.06903453 0.25805578 -0.01282894
v -0.07156815 0.25788090 -0.01446408
v 0.04159335 0.31326091 0.06235568
v 0.04262824 0.31245989 0.06112947
v 0.04246480 0.31175658 0.05962764
v 0.04328746 0.31171387 0.06023199
v 0.03719213 0.31159592 0.05803804
v 0.03684922 0.31197867 0.05832945
v 0.03631344 0.31244522 0.05872766
v -0.07962032 0.26674661 -0.01906634
v -0.08139926 0.26781836 -0.02185086
v 0.03735981 0.31127113 0.05785800
v -0.06933707 0.28272584 -0.01238382
v -0.06785391 0.28119490 -0.01345679
v -0.06832574 0.28252298 -0.01188159
v -0.08325539 0.28599346 -0.02411948
v -0.08419134 0.27780768 -0.02429639
v -0.07622158 0.29687932 -0.01321465
v 0.03741512 0.31098139 0.05777268
v -0.07448203 0.28685805 -0.01331457
v -0.07536693 0.29042625 -0.01161014
v -0.07963201 0.30023000 -0.01290651
v -0.07789902 0.29864004 -0.01345109
v -0.07723237 0.29770374 -0.01331991
v -0.07837898 0.29815254 -0.01255977
v -0.06235259 0.27323666 -0.01185562
v -0.06563525 0.27162692 -0.01036370
v -0.06721895 0.27477381 -0.01036775
v 0.03739414 0.31071925 0.05779145
v 0.03730201 0.31047526 0.05792654
v 0.05942765 0.27899387 0.05577896
v 0.05922182 0.29000860 0.05426166
v -0.08253740 0.30578160 -0.02219485
v -0.08293342 0.30373305 -0.02330919
v -0.08089548 0.29635388 -0.03087984
v 0.06180685 0.28191531 0.05173257
v 0.04319521 0.30837044 0.06163052
v -0.07542436 0.29815656 -0.01738496
v -0.07590640 0.29658994 -0.01825140
v 0.04366082 0.30868983 0.06074317
v -0.07766890 0.30941162 -0.02392371
v -0.07695609 0.30762020 -0.02054547
v -0.07698489 0.30789840 -0.01935682
v -0.07777566 0.31189772 -0.01974668
v 0.04262768 0.30864063 0.06125744
v -0.06816070 0.25558189 -0.00975688
v -0.07083762 0.25569466 -0.01249341
v -0.07068858 0.25687066 -0.01288401
v -0.06864998 0.25692779 -0.01091928
v -0.07157006 0.26937217 -0.01107012
v -0.07034583 0.26844859 -0.01329541
v 0.04308350 0.30899632 0.06049146
v -0.08400912 0.27107435 -0.02767837
v -0.08328940 0.27033162 -0.02663758
v -0.08447838 0.27420446 -0.02893050
v -0.08539755 0.27538866 -0.02979435
v 0.04417217 0.30914152 0.05988790
v 0.04453110 0.30888283 0.05985958
v 0.04066797 0.30787379 0.06238417
v 0.03625577 0.30956733 0.05940979
v 0.03666744 0.30982691 0.05896173
v -0.07136019 0.29013821 -0.01991570
v -0.07078733 0.28901955 -0.01951897
v -0.07699346 0.30181929 -0.02166481
v -0.07910433 0.30403143 -0.02326208
v -0.07816477 0.30693516 -0.01986587
v -0.07660581 0.30492449 -0.01949230
v -0.08226269 0.29703319 -0.03321305
v 0.04136433 0.30847219 0.06148021
v 0.03942807 0.30732876 0.06327413
v 0.03561183 0.30931520 0.05986404
v 0.03691692 0.31005284 0.05859147
v 0.03711091 0.31029084 0.05825335
v -0.07595909 0.29518551 -0.01786648
v -0.07661054 0.29533976 -0.01897128
v 0.04169685 0.30881533 0.06077409
v -0.07550095 0.29560372 -0.01736408
v 0.04214464 0.30918726 0.06004506
v 0.04346027 0.30955946 0.05990568
v -0.07308614 0.29326943 -0.01332573
v -0.07524516 0.29212311 -0.01365207
v -0.07893866 0.30041289 -0.01431966
v -0.08256659 0.30375651 -0.01759564
v -0.08160846 0.30389687 -0.01776740
v -0.07830952 0.30120522 -0.01455359
v 0.04270655 0.31011054 0.05914084
v 0.04278144 0.31059578 0.05912466
v 0.04367403 0.31000546 0.05969553
v -0.07385798 0.29791671 -0.01418733
v 0.04374044 0.31048945 0.05961880
v 0.04252861 0.30963415 0.05941820
v -0.01425957 0.24728112 -0.08323834
v -0.01632601 0.25627694 -0.09131748
v 0.04270867 0.31115663 0.05926796
v 0.04360450 0.31103009 0.05981290
v 0.04476314 0.30834568 0.05979139
v 0.04477092 0.30913532 0.05949632
v 0.04532222 0.31005293 0.05898893
v 0.04519389 0.30828846 0.05934140
v -0.07719308 0.30759284 -0.01261266
v -0.07798467 0.30915511 -0.01652098
v -0.07891727 0.31005853 -0.01696457
v -0.07768688 0.30838323 -0.01354852
v -0.08396438 0.30160582 -0.02674791
v 0.04586379 0.30818701 0.05870704
v 0.04547476 0.30704740 0.05906719
v 0.04629961 0.31056070 0.05869458
v 0.04762263 0.31086099 0.05809158
v -0.08754637 0.29756245 -0.03185805
v -0.07315903 0.28334126 -0.01528605
v -0.06995567 0.28042459 -0.01492022
v 0.04712608 0.30797252 0.05772458
v 0.04646280 0.30661932 0.05810990
v 0.04442620 0.30963075 0.05948700
v -0.05966968 0.27934423 -0.01355367
v -0.06004282 0.28053668 -0.01358889
v -0.06056610 0.28009641 -0.01477249
v -0.06019909 0.27880177 -0.01495948
v 0.04464175 0.31022224 0.05927204
v 0.04573019 0.31165588 0.05993719
v -0.06305742 0.27411687 -0.01532973
v -0.06585868 0.27319849 -0.01403228
v -0.06508838 0.27129576 -0.01259075
v -0.06235517 0.27203959 -0.01458803
v 0.04651456 0.31245488 0.05988010
v 0.04505847 0.31116405 0.05999472
v 0.04455345 0.31190562 0.06124249
v 0.04502445 0.31260616 0.06130810
v -0.05909472 0.27623442 -0.01385717
v -0.05938755 0.27784824 -0.01360548
v -0.06002071 0.27712741 -0.01514134
v -0.05978720 0.27524287 -0.01567153
v 0.04561478 0.31331411 0.06128909
v 0.04408865 0.31359079 0.06278116
v -0.08194359 0.30578157 -0.02005037
v -0.08374263 0.30561525 -0.02182541
v 0.04447591 0.31440601 0.06278227
v 0.04375891 0.31273699 0.06272817
v 0.04445723 0.31101376 0.05988899
v -0.08887298 0.29666734 -0.03066561
v -0.08898071 0.29441345 -0.03149904
v -0.08702631 0.30163854 -0.02912171
v -0.08736084 0.29976884 -0.03055220
v 0.04397381 0.31170389 0.06086398
v 0.04322283 0.31244776 0.06215032
v 0.04215971 0.31310526 0.06399190
v -0.07211262 0.27457228 -0.00589224
v -0.07319055 0.27468202 -0.00761882
v -0.07274196 0.27307793 -0.00750662
v -0.09000236 0.29979593 -0.03085099
v -0.09026625 0.30177900 -0.03244800
v -0.07044790 0.25755435 -0.00295274
v -0.06943323 0.25616005 -0.00211263
v -0.04310307 0.18606840 0.01389044
v -0.05232238 0.19177224 0.00259403
v -0.05148510 0.18161190 0.00267075
v -0.04245432 0.17610380 0.01337035
v -0.07926679 0.30289370 -0.01148023
v -0.07796417 0.30546024 -0.01126508
v 0.04030215 0.31429884 0.06593268
v 0.03957929 0.31427294 0.06396312
v 0.03761305 0.31565800 0.06760157
v -0.05916914 0.27461749 -0.01295557
v -0.05903421 0.27370515 -0.01434933
v -0.06184225 0.27221113 -0.01323695
v -0.06452765 0.27875558 -0.01146624
v -0.06029968 0.27941293 -0.01217695
v 0.03679881 0.31525850 0.06551907
v 0.03401491 0.31991154 0.06886544
v 0.03899845 0.31949708 0.06830312
v 0.03645070 0.31521991 0.06365798
v 0.03399158 0.31326708 0.05997893
v 0.03241190 0.31341198 0.06053977
v 0.03316833 0.31532943 0.06467921
v -0.06333676 0.27590784 -0.01520898
v 0.02330888 0.31218255 0.06520712
v 0.02412124 0.31302887 0.06560452
v -0.06423045 0.28090340 -0.01420873
v -0.06458621 0.28204906 -0.01289845
v -0.06730973 0.26814228 -0.01007687
v -0.06887882 0.26756003 -0.01209998
v -0.07037014 0.26764718 -0.00895393
v -0.05977918 0.27325514 -0.01547024
v -0.07135477 0.29117823 -0.01783288
v 0.02812556 0.31219852 0.06091820
v 0.02775760 0.31179732 0.06076264
v 0.02184872 0.31220451 0.06577921
v 0.02318420 0.31303638 0.06641649
v -0.06656688 0.27675119 -0.01471477
v -0.06943069 0.27414098 -0.01649977
v -0.06905036 0.27206787 -0.01561158
v -0.06627325 0.27484852 -0.01455074
v -0.07794229 0.26402101 -0.01711771
v -0.07823978 0.26587251 -0.01704972
v -0.07170417 0.26951975 -0.01798178
v -0.07500388 0.26987448 -0.01600003
v -0.07261086 0.28633323 -0.01604307
v -0.07408397 0.28953984 -0.01459105
v -0.06987242 0.28287661 -0.01253857
v -0.06710365 0.27885655 -0.01426663
v -0.06963082 0.27658123 -0.01615494
v -0.06477541 0.28005815 -0.01175798
v -0.06856158 0.28009894 -0.01107103
v -0.06834193 0.28119296 -0.01130906
v -0.06476919 0.28102818 -0.01205363
v -0.07848760 0.29663283 -0.01947793
v -0.07675933 0.30326346 -0.00988055
v -0.07810459 0.30023935 -0.01068053
v -0.07859895 0.31304368 -0.03605334
v -0.07664587 0.30484146 -0.04042513
v -0.07711104 0.30628189 -0.02755404
v -0.06353034 0.27773201 -0.01504765
v -0.06068162 0.28145319 -0.01342187
v -0.06118333 0.28098315 -0.01255461
v -0.08351419 0.26714507 -0.02500290
v -0.07105201 0.26725325 -0.00872152
v -0.07183494 0.29136249 -0.01398369
v -0.08280925 0.27514204 -0.03237250
v -0.08163594 0.27000701 -0.03007347
v -0.07117214 0.29260004 -0.01438855
v -0.07188407 0.29372737 -0.01385237
v -0.06976772 0.26788846 -0.01281510
v -0.07112911 0.26850209 -0.01013086
v -0.07211701 0.29412931 -0.01365714
v -0.07288686 0.27410361 -0.00888139
v -0.08348033 0.29625407 -0.02492930
v 0.02743318 0.31476593 0.06575703
v 0.02957994 0.31308055 0.06112227
v -0.07446910 0.25618982 -0.01758276
v -0.07265903 0.25485441 -0.01466292
v 0.02869973 0.31263477 0.06105193
v -0.06078938 0.28039500 -0.01226532
v 0.02574191 0.31388435 0.06555802
v -0.06439356 0.27152148 -0.01188533
v -0.06393719 0.27941406 -0.01472498
v 0.02681748 0.31526139 0.06754984
v 0.02456558 0.31400761 0.06687702
v 0.03335295 0.31579551 0.06661762
v -0.07119670 0.27784064 -0.01047217
v -0.07075305 0.27571681 -0.01004579
v -0.07326750 0.27631652 -0.00901906
v 0.02102850 0.35191280 -0.11723535
v 0.02102135 0.33525670 -0.11975734
v -0.07639668 0.27028570 -0.01776011
v -0.07245089 0.27116096 -0.02028253
v -0.07362639 0.27192083 -0.02255922
v -0.07819480 0.27095672 -0.01950494
v -0.08018623 0.26529676 -0.02741959
v -0.07843977 0.26112145 -0.02391443
v -0.08069985 0.25952283 -0.02370515
v -0.08291655 0.26388323 -0.02752431
v 0.03798886 0.33798516 -0.10820447
v 0.03763412 0.35185033 -0.10610266
v -0.07855837 0.32776782 -0.04511367
v -0.07965756 0.31900081 -0.02963423
v -0.07998708 0.33492750 -0.03427088
v -0.08160100 0.30532655 -0.02865630
v -0.08173381 0.30287683 -0.03027648
v -0.08667352 0.30375248 -0.03341392
v -0.07678853 0.31025380 -0.01442075
v -0.07698876 0.30781439 -0.01784948
v -0.07735091 0.30866560 -0.01611091
v -0.08663277 0.27996564 -0.03535889
v 0.03896318 0.31443647 0.06238746
v 0.03531498 0.31290323 0.05936851
v 0.04752691 0.35374245 -0.09780398
v 0.04662856 0.36293608 -0.09550247
v 0.03830049 0.36438340 -0.10172576
v 0.03499795 0.22510889 -0.05769395
v 0.02578075 0.21440555 -0.06441052
v -0.07377578 0.29219133 -0.00839358
v -0.07557602 0.29259491 -0.01089018
v 0.01975505 0.31193623 0.06682655
v -0.07664729 0.26743945 -0.02573170
v 0.02145731 0.31331649 0.06721044
v -0.07851835 0.26919189 -0.01741228
v -0.08075086 0.26961133 -0.01949453
v -0.08717216 0.30626664 -0.02190019
v -0.08416454 0.30450442 -0.01943875
v 0.01862899 0.31070194 0.06655392
v 0.01799258 0.31047690 0.06671535
v 0.01906830 0.31193545 0.06688881
v 0.02053814 0.31338644 0.06720827
v 0.02351111 0.31457841 0.06769709
v 0.02281494 0.31481096 0.06805819
v 0.02623197 0.31636295 0.06909497
v 0.02636464 0.31573951 0.06877699
v 0.03363163 0.31643787 0.06856754
v 0.03369068 0.31724274 0.06896897
v 0.02576996 0.31700629 0.06845321
v 0.02228542 0.31516728 0.06750485
v 0.02525455 0.31768802 0.06777050
v 0.02210520 0.31599838 0.06715623
v 0.03342358 0.31891680 0.06772845
v 0.03363472 0.31818542 0.06844923
v 0.02140196 0.30862272 0.06690754
v 0.01917872 0.30881608 0.06668753
v 0.02193048 0.30903429 0.06675734
v 0.01950558 0.30918553 0.06643150
v 0.02307088 0.30938026 0.06569525
v 0.01879225 0.30957225 0.06633918
v 0.01806128 0.30930597 0.06655263
v -0.00954918 0.17493422 0.03968551
v -0.00942126 0.16803224 0.03568915
v 0.02388653 0.30953538 0.06522507
v 0.01836843 0.31192592 0.06659170
v 0.01710794 0.31024906 0.06673864
v 0.01719615 0.31226149 0.06588491
v 0.01636908 0.31033459 0.06635968
v 0.01941937 0.31450540 0.06624328
v 0.01986191 0.31357259 0.06657991
v 0.01709288 0.30907568 0.06652643
v 0.01763211 0.30860278 0.06658620
v 0.01642121 0.30893150 0.06650897
v 0.01697238 0.30831087 0.06655855
v 0.02409347 0.30577055 0.06816887
v 0.02383752 0.30499202 0.06813399
v 0.02079268 0.30702680 0.06743974
v 0.02021728 0.30647328 0.06735535
v 0.03229310 0.30220732 0.06762721
v 0.03538761 0.30229819 0.06656551
v 0.03190416 0.30098969 0.06764888
v -0.00784530 0.28238565 0.09057076
v -0.00929932 0.28216407 0.08907446
v -0.00801262 0.28404695 0.08797210
v -0.00736948 0.28408763 0.08871586
v 0.03524497 0.30097240 0.06655696
v 0.02694908 0.30141166 0.06833060
v 0.02745752 0.30249164 0.06825033
v 0.03101300 0.17024089 0.02152754
v 0.04565987 0.30393955 0.05933253
v 0.04670907 0.30276451 0.05885613
v 0.04506355 0.30205628 0.06058157
v 0.04419884 0.30345896 0.06074817
v 0.04257359 0.30308837 0.06230602
v -0.00827959 0.27315018 0.08951313
v -0.00762527 0.27470723 0.08833689
v -0.00857784 0.27437779 0.08735888
v -0.00944671 0.27311775 0.08857026
v 0.04299533 0.30158395 0.06233089
v 0.04065204 0.30126494 0.06400026
v 0.04056276 0.30271193 0.06398851
v 0.03855912 0.30248168 0.06520443
v 0.03834692 0.30096686 0.06529698
v 0.04867891 0.30743691 0.05637531
v 0.04997658 0.31060797 0.05620842
v 0.05045724 0.30681768 0.05504682
v 0.05217347 0.31028500 0.05424036
v 0.01562003 0.31308803 0.06605649
v -0.00499609 0.28371483 0.08787667
v -0.00355252 0.28116339 0.09061868
v -0.00511604 0.28212646 0.09201523
v -0.00609202 0.28426740 0.08861279
v 0.01520600 0.31064671 0.06604952
v 0.01392924 0.31379244 0.06720644
v 0.01368281 0.31097320 0.06685697
v 0.01531157 0.31679282 0.06819051
v 0.01713505 0.31591696 0.06675814
v 0.01556244 0.30877534 0.06645283
v 0.01623402 0.30794755 0.06656764
v 0.01428487 0.30868757 0.06674246
v 0.01525008 0.30729014 0.06683954
v 0.02333668 0.30408016 0.06815240
v 0.02280725 0.30307713 0.06820198
v 0.01962277 0.30580351 0.06743506
v 0.01872669 0.30492452 0.06761404
v 0.04911340 0.27002773 -0.07956993
v 0.05175747 0.31144220 -0.09540609
v 0.04644573 0.32369328 0.06614499
v 0.04421521 0.32079467 0.06680196
v 0.04067867 0.32195863 0.06896556
v 0.04259887 0.32560444 0.06910510
v 0.04909392 0.32765520 0.06415116
v 0.05152474 0.32396859 0.06150453
v 0.04906500 0.32119834 0.06336820
v 0.04681232 0.31901294 0.06452392
v 0.05068084 0.31344259 0.05723303
v 0.04882846 0.31349286 0.05881954
v 0.04884931 0.31528911 0.06024718
v 0.05073087 0.31583124 0.05891490
v 0.05302436 0.31343928 0.05532762
v 0.05330968 0.31665134 0.05705121
v 0.05016575 0.31829876 0.06113343
v 0.04805161 0.31700444 0.06225512
v 0.05281860 0.31996119 0.05936947
v 0.02320937 0.32137978 0.07038036
v 0.02396099 0.31973401 0.06891415
v 0.02075304 0.31789863 0.06768689
v 0.01937456 0.31866825 0.06824690
v 0.02202376 0.32304204 0.07184201
v 0.01729145 0.31971955 0.06958376
v 0.03600569 0.32612249 0.07187325
v 0.03511842 0.32283488 0.07051126
v 0.02494763 0.31811431 0.06746440
v 0.02281878 0.31701523 0.06722917
v 0.02479411 0.31831157 0.06744875
v 0.02219317 0.31686443 0.06701026
v 0.05540513 0.37582216 -0.07852732
v 0.05814564 0.38270459 -0.06652533
v 0.04281171 0.39478830 -0.07457536
v 0.04135954 0.38571486 -0.08635440
v 0.04053942 0.31736332 0.06542753
v 0.04108623 0.31772724 0.06586636
v 0.04357525 0.31644291 0.06454601
v 0.04303783 0.31604010 0.06425706
v 0.04484162 0.31490040 0.06285910
v 0.04546966 0.31534046 0.06300829
v 0.04661894 0.31424251 0.06132213
v 0.04607501 0.31393737 0.06144752
v 0.04669101 0.31318006 0.06029163
v 0.04727569 0.31314540 0.05989235
v 0.02250222 0.31775475 0.06752089
v 0.02469088 0.31862316 0.06793874
v 0.04942710 0.34151527 -0.09875008
v 0.04488069 0.36403194 0.05399001
v 0.05170865 0.36003762 0.04764884
v 0.04950768 0.35365358 0.05364338
v 0.04224968 0.31858632 0.06676171
v 0.04479688 0.31731528 0.06495097
v 0.04650087 0.31606111 0.06292666
v 0.04746501 0.31484109 0.06108421
v 0.04791383 0.31385988 0.05989752
v 0.07017558 0.27351591 -0.00206140
v 0.07063755 0.27341774 -0.00377642
v 0.07852186 0.28254169 -0.02912287
v 0.07674902 0.28934273 -0.02835581
v 0.07565581 0.29290459 -0.02718818
v 0.07689843 0.30194315 -0.01475705
v 0.08034232 0.30498090 -0.01783581
v 0.08159726 0.26410365 -0.02193048
v 0.07841431 0.26251921 -0.01799369
v -0.08714595 0.30948269 -0.02283924
v 0.08154909 0.26497155 -0.02248715
v 0.08716486 0.30066925 -0.02834810
v 0.08752663 0.29892415 -0.02969923
v 0.08843759 0.29864976 -0.02934453
v 0.04155538 0.25044104 -0.06724375
v 0.04705922 0.26142415 -0.07494779
v 0.08788756 0.29684716 -0.03092925
v 0.07276797 0.27791330 -0.00645338
v 0.07966208 0.28184927 -0.02947742
v 0.08119693 0.28109965 -0.03137723
v 0.08187481 0.27580798 -0.03131490
v 0.08128339 0.27646175 -0.03038473
v 0.08101019 0.27095401 -0.02906225
v 0.08060386 0.27188140 -0.02846793
v 0.08314020 0.26748601 -0.02517556
v 0.08460595 0.27110785 -0.02762299
v 0.08160093 0.30535021 -0.01913019
v 0.08096456 0.30448443 -0.01773566
v 0.08241916 0.30516192 -0.01937618
v 0.07352056 0.27662671 -0.00774292
v 0.07507844 0.30001649 -0.01449730
v 0.07458033 0.29775017 -0.01332764
v 0.07423601 0.29813796 -0.01376430
v 0.06975713 0.28150085 -0.01124798
v 0.06977035 0.28238598 -0.01151362
v 0.07112500 0.27993378 -0.01112508
v 0.07369476 0.27851641 -0.00972722
v 0.06721256 0.27098820 -0.00947619
v 0.06664890 0.26972342 -0.01127509
v 0.06713724 0.26879871 -0.01068925
v 0.08432497 0.31135637 -0.02327312
v 0.07475342 0.29677275 -0.01301489
v 0.07611514 0.29786605 -0.01317487
v 0.07658280 0.29912540 -0.01339364
v 0.08327047 0.30464664 -0.01962148
v 0.07687227 0.30007732 -0.01369088
v 0.07600713 0.30002901 -0.01373465
v 0.07764732 0.30168772 -0.01461684
v 0.07541617 0.30004871 -0.01401504
v 0.07354482 0.27429077 -0.02368850
v 0.07211000 0.27418450 -0.02145859
v 0.07219881 0.29445437 -0.00370303
v 0.07265219 0.29210860 -0.00582231
v 0.07743972 0.26206696 -0.01582058
v 0.07536162 0.29985383 -0.02358791
v 0.07569988 0.30272916 -0.02504231
v 0.08604082 0.27557757 -0.02958451
v 0.07963928 0.27063468 -0.01921782
v 0.07743191 0.27009636 -0.01734532
v 0.08167912 0.27165422 -0.02107043
v 0.08332741 0.27414158 -0.02296267
v 0.07091250 0.29036978 -0.01770793
v 0.08208104 0.29442826 -0.02267251
v 0.08260192 0.29213503 -0.02388235
v 0.08050629 0.29462907 -0.02111345
v 0.07661654 0.30633014 -0.02337346
v 0.07633650 0.30640256 -0.02110836
v 0.07608777 0.30123353 -0.02177632
v 0.07587998 0.30457279 -0.02050372
v 0.06911329 0.27439290 -0.00991799
v 0.06872514 0.26840127 -0.01294543
v 0.06852544 0.27022618 -0.01387083
v 0.06981735 0.26838511 -0.01384682
v 0.06993064 0.26922643 -0.01529183
v 0.07039711 0.27064496 -0.01694538
v 0.07089750 0.27247071 -0.01834309
v 0.07109634 0.27488858 -0.01883770
v 0.06858006 0.27851793 -0.01077649
v 0.07639276 0.30634391 -0.01137292
v 0.06807268 0.27672228 -0.01047573
v 0.07006814 0.28010362 -0.01101129
v 0.07020204 0.27833152 -0.01058507
v 0.06985569 0.27642882 -0.01007295
v 0.07425154 0.26763365 -0.01122537
v 0.07510768 0.26917744 -0.01349390
v 0.07291172 0.26826808 -0.01053728
v 0.07599717 0.26955453 -0.01557668
v 0.07182856 0.26848510 -0.01011322
v 0.07582891 0.30112189 -0.02243965
v 0.07593140 0.30440384 -0.02243859
v 0.07045919 0.27708134 -0.00032590
v 0.06383070 0.28690872 0.04690958
v 0.06520432 0.29613939 0.04110713
v 0.02600336 0.23800436 0.06614147
v 0.02525971 0.23490392 0.06665709
v 0.05622250 0.27641439 0.06003719
v 0.05176870 0.27409723 0.06510824
v 0.02478891 0.24388681 0.07784866
v 0.02399118 0.24316390 0.07808806
v 0.02312703 0.24372044 0.07821667
v 0.02389478 0.24410282 0.07782224
v 0.02183169 0.24425276 0.07641719
v 0.02265737 0.24417810 0.07570089
v 0.02282382 0.24419825 0.07660604
v 0.02209274 0.24423438 0.07728924
v 0.02814819 0.25961643 0.07938351
v 0.03171690 0.26357338 0.07814875
v 0.03467167 0.25912210 0.07702295
v 0.03114201 0.25578126 0.07853810
v 0.02442452 0.24269965 0.06835502
v 0.02416339 0.24429028 0.06876612
v 0.02309745 0.24427268 0.07267896
v 0.02338515 0.24364780 0.07228427
v 0.02428077 0.24018683 0.06856626
v 0.02326489 0.24239899 0.07189839
v 0.02605009 0.24190858 0.06591399
v 0.02548728 0.24440105 0.06617624
v 0.03379890 0.23747411 0.07480294
v 0.03017579 0.23964199 0.07614911
v 0.03116312 0.24280979 0.07642087
v 0.03477804 0.24213944 0.07503428
v 0.02474629 0.27094072 0.07864691
v 0.02851037 0.26723236 0.07854032
v 0.02535376 0.26325631 0.07957648
v 0.02158822 0.26744810 0.07947497
v 0.01777075 0.27224219 0.08003582
v 0.02074094 0.27486417 0.07877823
v 0.01607608 0.27988994 0.08326297
v 0.01648660 0.27625906 0.08450817
v 0.01593146 0.27545124 0.08777897
v 0.01622652 0.27748567 0.08655817
v 0.01440213 0.27152923 0.08630515
v 0.01658164 0.27400860 0.08307152
v 0.01067503 0.27047390 0.08676776
v -0.01151346 0.27290145 0.08913100
v -0.01055706 0.27470782 0.08791037
v -0.01120687 0.27523112 0.08974872
v -0.01276589 0.27377620 0.09076419
v 0.01046216 0.27123487 0.08773368
v 0.01452649 0.27089661 0.08491775
v -0.00459701 0.27398190 0.09741505
v -0.00557117 0.27613592 0.09749245
v -0.00449963 0.27526939 0.09521049
v -0.00460068 0.27324748 0.09488903
v 0.01479178 0.27005905 0.08312997
v 0.01100673 0.26973510 0.08564699
v 0.00993716 0.27222940 0.08864457
v 0.01258482 0.27207169 0.08870528
v -0.00723383 0.27657777 0.09680989
v -0.00904980 0.27619496 0.09853896
v -0.01070362 0.27611712 0.09687293
v -0.00860198 0.27639499 0.09527800
v -0.00404744 0.27745223 0.09016297
v -0.00550244 0.27556440 0.09164920
v -0.00333158 0.27772141 0.09377523
v -0.01151413 0.27751580 0.08780453
v -0.01020187 0.27643040 0.08639970
v -0.00907648 0.28021595 0.08572014
v -0.01031619 0.28104636 0.08656357
v 0.01404233 0.27401796 0.09009458
v 0.00414384 0.27283457 0.09716753
v 0.00522322 0.27418783 0.09910047
v 0.00903086 0.30310604 0.08143455
v 0.01174145 0.29955846 0.07849651
v 0.00901281 0.30061629 0.08365826
v 0.01167215 0.29740342 0.08074519
v 0.01330926 0.27620357 0.09374714
v 0.01436124 0.27799675 0.09198752
v 0.01102774 0.27747241 0.09752118
v 0.01179494 0.28002816 0.09683251
v 0.00371709 0.31792563 0.08045592
v 0.00202153 0.26937741 0.09300280
v 0.00224018 0.26862994 0.09246439
v 0.00175008 0.27042893 0.09490606
v 0.02107646 0.37679821 -0.10525868
v 0.02205527 0.39131781 -0.09502986
v 0.02185645 0.40816125 -0.07242536
v 0.01971048 0.41312107 -0.05993773
v 0.00553880 0.25278682 0.09275413
v 0.00513296 0.25531793 0.09263044
v 0.01275497 0.24827383 0.07638744
v 0.00732381 0.24859080 0.07795104
v 0.00694507 0.24685006 0.08255097
v 0.01218635 0.24668887 0.08124504
v 0.01614346 0.24643618 0.07909858
v 0.01707846 0.24779810 0.07429432
v 0.01303450 0.24946986 0.07376296
v 0.00736022 0.24983805 0.07519725
v 0.01169131 0.24584553 0.08567992
v 0.00654207 0.24618319 0.08781913
v 0.00636529 0.24793735 0.09043707
v 0.01169811 0.24738906 0.08779633
v 0.01758172 0.26549858 0.08183306
v 0.01353143 0.26626968 0.08412140
v 0.00944356 0.26652434 0.08746603
v 0.00627730 0.26641408 0.09000766
v 0.00568454 0.26847297 0.09047655
v 0.00809218 0.26908427 0.08826388
v 0.00548550 0.26933664 0.09095527
v 0.00784058 0.26990789 0.08893450
v 0.00783572 0.27076542 0.08956150
v 0.00827678 0.27215508 0.08985406
v 0.00650476 0.27200335 0.09113478
v 0.00693773 0.27317327 0.09070182
v 0.00551254 0.27022117 0.09130874
v 0.00381035 0.29536775 0.09602549
v 0.00363925 0.29890844 0.09316455
v 0.00956885 0.25680909 0.09051140
v 0.00485234 0.25727731 0.09186005
v 0.00414202 0.26103458 0.09126534
v 0.00833447 0.26101699 0.08983035
v 0.01278410 0.26022214 0.08755964
v 0.01451375 0.25500357 0.08801600
v 0.00254075 0.26783478 0.09199397
v 0.00996764 0.25466362 0.09085395
v 0.01038981 0.25224411 0.09078017
v 0.01506122 0.25273523 0.08817582
v 0.01539818 0.25056443 0.08789381
v 0.01920893 0.25238827 0.08495039
v 0.01807833 0.25820148 0.08483489
v 0.02381848 0.25600281 0.08162075
v 0.02317350 0.24950445 0.08180378
v 0.03105890 0.24602479 0.07715019
v 0.02615073 0.24360473 0.07769375
v 0.02629425 0.24497087 0.07807362
v 0.02598790 0.24624360 0.07890436
v 0.03011178 0.24920438 0.07827341
v 0.03456036 0.24681294 0.07590502
v 0.03334242 0.25145969 0.07715470
v 0.02797822 0.25240943 0.07974728
v 0.02516136 0.24763770 0.07998206
v 0.02494753 0.24468735 0.07826350
v 0.02400676 0.24448040 0.07807925
v 0.02470827 0.24546446 0.07901375
v 0.02376250 0.24489026 0.07872196
v 0.02411811 0.24620311 0.08000184
v 0.02329371 0.24527165 0.07953726
v 0.02232850 0.24596870 0.08080652
v 0.02285141 0.24743192 0.08148418
v 0.02197543 0.24446730 0.07654619
v 0.02101829 0.24458548 0.07758872
v 0.02110027 0.24463117 0.07885844
v 0.02200865 0.24445252 0.07772490
v 0.02259680 0.24430805 0.07587996
v 0.02252257 0.24435173 0.07708882
v 0.02261042 0.24484009 0.07344751
v 0.02165767 0.24510697 0.07420988
v -0.04658858 0.20276910 0.01477946
v -0.05417472 0.20532583 0.00138056
v 0.02315478 0.24411596 0.07518312
v 0.02313614 0.24419077 0.07621296
v 0.02311993 0.24430729 0.07763231
v 0.02300611 0.24451788 0.07802614
v 0.02252396 0.24472572 0.07873365
v 0.02164888 0.24504246 0.07981408
v 0.01551430 0.24854898 0.08689746
v 0.01904659 0.24841699 0.08462271
v 0.01883308 0.24673392 0.08336014
v 0.01545728 0.24643311 0.08503067
v 0.01849641 0.24551174 0.08189275
v 0.01762873 0.24881780 0.07183737
v 0.01522461 0.24541885 0.08327680
v 0.02073560 0.24666739 0.07180128
v 0.02170248 0.24763043 0.06929485
v 0.01966585 0.24569766 0.07610942
v 0.02363794 0.24540260 0.06968344
v 0.02263015 0.24559925 0.07018775
v 0.02458761 0.24619630 0.06718952
v 0.02338066 0.24676315 0.06810904
v 0.01841814 0.24487974 0.08011826
v 0.01924688 0.25021338 0.08500835
v 0.01094729 0.24984509 0.08969720
v 0.00587816 0.25047511 0.09185570
v -0.03391146 0.29475245 0.06913428
v -0.03323478 0.29197264 0.07042249
v -0.02902033 0.29311502 0.07093710
v -0.02990939 0.29557464 0.06984683
v 0.00455709 0.28801221 0.10256365
v 0.00416935 0.29195869 0.09910424
v 0.02250934 0.24410971 0.07808732
v 0.00986161 0.16243117 0.03244410
v -0.07397083 0.27860457 -0.00836450
v -0.07343645 0.27947339 -0.00723903
v -0.08171896 0.30006978 -0.03184671
v 0.02535009 0.24237779 0.07776933
v 0.02372243 0.23784244 0.06874049
v 0.02248360 0.24143465 0.07233161
v 0.03079712 0.23304854 0.07552801
v 0.02637635 0.22884601 0.07816090
v 0.02415938 0.23303246 0.07950314
v 0.02778144 0.23630831 0.07693396
v 0.02133326 0.23922297 0.08117066
v 0.02388156 0.24092996 0.07895393
v -0.08632322 0.30328000 -0.02705987
v 0.02269655 0.24228507 0.07946409
v 0.02031153 0.24131131 0.08162161
v 0.01950596 0.24289475 0.08189979
v 0.02179390 0.24334458 0.07946961
v 0.01775306 0.24462263 0.08041298
v 0.01340026 0.24511229 0.08324758
v 0.01285391 0.24138650 0.07852080
v 0.01750631 0.24097303 0.07612040
v 0.02142460 0.24109927 0.07356621
v 0.02092390 0.24436468 0.07735085
v -0.08151615 0.30719575 -0.02655930
v -0.08042228 0.30940896 -0.02191998
v -0.07907064 0.30808914 -0.02084455
v -0.08000606 0.30552936 -0.02478840
v 0.01831878 0.24465294 0.08118161
v 0.02111910 0.24433893 0.07829885
v 0.01384420 0.24518114 0.08433853
v 0.02011772 0.16536437 0.02814877
v 0.02136635 0.24408902 0.07911336
v 0.01871852 0.24421121 0.08154367
v 0.01448941 0.24437775 0.08501826
v 0.01542208 0.24251342 0.08556402
v 0.01621238 0.24032481 0.08575079
v 0.01693739 0.23751891 0.08513274
v 0.01890283 0.23013574 0.08326799
v 0.02036623 0.22491854 0.08259637
v 0.01298943 0.22842397 0.08636691
v 0.01409928 0.22321947 0.08675373
v 0.01188198 0.23630483 0.08862340
v 0.01152876 0.23979992 0.08972405
v 0.01085766 0.24236730 0.08919419
v 0.01023302 0.24449965 0.08823713
v 0.00306483 0.26610804 0.09147055
v 0.00534741 0.27190620 0.09245223
v 0.00428814 0.27209601 0.09472662
v 0.00733527 0.27566004 0.09987510
v 0.00167206 0.27127251 0.09715353
v 0.00966086 0.27728015 0.09926587
v 0.00811593 0.27675143 0.10076196
v 0.00866042 0.27840883 0.10154219
v 0.00971715 0.27906668 0.10022177
v 0.00675286 0.27614954 0.10203800
v 0.00788557 0.27819458 0.10255875
v 0.00281916 0.27516082 0.10384077
v 0.00363296 0.27869254 0.10564127
v 0.00447898 0.28439420 0.10491487
v 0.00398716 0.28096184 0.10591970
v 0.00909283 0.28012639 0.10190924
v 0.01034748 0.28197548 0.10002162
v -0.08918089 0.30334881 -0.02735982
v 0.01042724 0.28499043 0.09762502
v 0.01224458 0.28260815 0.09416910
v 0.01046736 0.41893330 -0.01541260
v 0.00957519 0.24555820 0.08729108
v 0.00870204 0.24549544 0.08545857
v -0.07200559 0.26589462 -0.00856810
v -0.08114219 0.29242754 -0.02209246
v 0.01261435 0.23081292 0.07204944
v 0.01268489 0.23542590 0.07435715
v 0.00796900 0.23531437 0.07584977
v -0.07971527 0.30997115 -0.01939756
v -0.08304814 0.31149104 -0.02017022
v 0.00786576 0.23090132 0.07370026
v 0.00484024 0.24551657 0.08630275
v -0.08692110 0.28022519 -0.03064670
v -0.08964491 0.30177987 -0.02929166
v -0.08790308 0.30038351 -0.02805484
v -0.08097511 0.30237132 -0.01362441
v -0.07510804 0.27445304 -0.02490958
v -0.08159176 0.27459195 -0.02281158
v -0.08008395 0.27209669 -0.02113667
v -0.07451999 0.27267811 -0.02380602
v -0.07063049 0.28793052 -0.01889095
v 0.00456175 0.24159189 0.08100817
v 0.00821558 0.24161474 0.08028790
v 0.00506758 0.24572071 0.08854961
v 0.00553939 0.24455696 0.08986743
v 0.00606072 0.24237357 0.09116621
v 0.00430505 0.23517387 0.07657391
v 0.00432157 0.23061775 0.07441694
v -0.06949947 0.27085605 -0.00028299
v 0.02212771 0.23640874 0.06985124
v -0.07745466 0.25963321 -0.01444418
v -0.07848490 0.26058051 -0.01675214
v -0.03045637 0.24876928 -0.07732202
v -0.03434965 0.25831467 -0.08487739
v -0.08873219 0.27988693 -0.03388773
v 0.02274890 0.23252223 0.06790014
v 0.01758128 0.23533709 0.07237486
v 0.01789876 0.23133115 0.07027315
v 0.00773293 0.22284946 0.08957185
v 0.00694634 0.22798872 0.08850169
v 0.00632236 0.23920174 0.09148532
v 0.00645054 0.23534927 0.09026072
v 0.02232662 0.40106428 -0.08442481
v 0.06260168 0.36536434 0.02461125
v 0.06080005 0.35856596 0.03273575
v -0.08184439 0.30534723 -0.02102436
v 0.05433974 0.36656472 0.03903180
v 0.05606285 0.37202549 0.03167593
v 0.06308275 0.37282863 0.01627543
v 0.05666589 0.37843582 0.02392706
v 0.03925067 0.40882373 -0.03450707
v 0.03977703 0.40862578 -0.02020269
v 0.02154841 0.41632342 -0.01663672
v 0.03460283 0.40955901 -0.04887715
v 0.04637150 0.40016171 -0.05745892
v 0.04828840 0.40256315 -0.03785468
v 0.04818255 0.40276718 -0.02261959
v -0.07379594 0.26548773 -0.00981333
v -0.07308818 0.25982311 -0.00883678
v -0.07168913 0.26029804 -0.00696738
v -0.07633599 0.29577509 -0.01866861
v 0.02555885 0.20174241 -0.06504856
v 0.05128478 0.32401749 -0.09765252
v 0.04697658 0.40238747 -0.00886288
v 0.03925366 0.40747076 -0.00630947
v 0.03897602 0.40515861 0.00631300
v 0.04584709 0.40083238 0.00293952
v 0.02150078 0.41474286 -0.00183614
v 0.01047125 0.41718146 0.00000926
v 0.01888499 0.28584179 -0.10791153
v 0.00359090 0.30225050 0.09041306
v 0.04556933 0.23758253 -0.04911437
v 0.05640892 0.23651554 -0.03239300
v 0.05629447 0.18647337 -0.01042941
v 0.06844245 0.25948149 -0.01597337
v 0.06816536 0.26006153 -0.01678156
v 0.05893551 0.22247618 -0.01420419
v 0.06044747 0.23582594 -0.01561724
v 0.03661900 0.23789608 -0.06043017
v 0.07775363 0.27043173 -0.02726106
v 0.07845116 0.27415210 -0.02856906
v 0.07891855 0.26952502 -0.02691516
v 0.07972729 0.27344120 -0.02852012
v 0.07984094 0.27764687 -0.02934797
v 0.07942524 0.26779109 -0.02606180
v 0.07654765 0.30638722 -0.01865715
v 0.07784270 0.30796286 -0.01806857
v -0.07603780 0.26860487 -0.02591776
v -0.07611791 0.27088916 -0.02708296
v 0.06787367 0.25809938 -0.01178785
v 0.06772619 0.25869015 -0.01342795
v -0.06091894 0.28079483 -0.01439397
v 0.06722231 0.25841680 -0.01254291
v 0.06700101 0.25796631 -0.01128030
v 0.06760854 0.25725999 -0.01021435
v 0.06691279 0.25744939 -0.01009420
v 0.07867488 0.32266057 -0.01284899
v 0.06576735 0.25774631 -0.01343265
v 0.06745318 0.25969633 -0.01612933
v 0.06743392 0.25909558 -0.01467682
v 0.06662573 0.25847736 -0.01327339
v 0.06642052 0.25743392 -0.01126313
v 0.06637302 0.25663844 -0.00958740
v 0.06707867 0.25609857 -0.00922234
v -0.07777911 0.26278368 -0.02326166
v -0.07408199 0.25780529 -0.01738879
v -0.05788522 0.20859082 -0.01203103
v -0.05496050 0.21121646 -0.02667634
v -0.05523296 0.20015047 -0.02456962
v -0.05690996 0.19628882 -0.01069318
v -0.07123902 0.28472450 -0.00189063
v -0.07142548 0.27738422 -0.00402234
v -0.07074203 0.27637434 -0.00220195
v 0.07958537 0.26666471 -0.02649975
v 0.07220640 0.25657856 -0.01469251
v -0.02332195 0.18370573 0.03524535
v -0.02009682 0.17198256 0.03105010
v 0.07703099 0.29856154 -0.02445083
v 0.07710166 0.29678354 -0.02578162
v 0.07931329 0.29831609 -0.02750679
v 0.07914545 0.30055621 -0.02619843
v 0.05911134 0.27227187 -0.06701392
v 0.06061991 0.28307647 -0.07279211
v 0.01269532 0.20409544 -0.06916918
v 0.01258156 0.21661398 -0.06974203
v 0.07426405 0.31707388 -0.05949709
v 0.07692814 0.30024531 -0.02303785
v 0.07911190 0.30234584 -0.02479797
v 0.07877769 0.27831516 -0.02924207
v 0.07607932 0.29966104 -0.02291562
v 0.07623818 0.29797289 -0.02427873
v 0.08012620 0.30391413 -0.02654192
v 0.08025631 0.30172387 -0.02811473
v 0.08029351 0.29923582 -0.02953524
v 0.07629617 0.29609820 -0.02558558
v -0.06970546 0.27162182 0.00352718
v -0.06941117 0.27139321 0.01417055
v -0.07138953 0.28711209 0.01365889
v -0.07089084 0.28134134 0.00373917
v 0.07660726 0.30477908 -0.02515634
v 0.07839803 0.34864169 -0.03751526
v 0.07689728 0.34188318 -0.05087324
v 0.07423742 0.36520028 -0.04191212
v 0.07279335 0.35927594 -0.05648375
v 0.06805319 0.35232002 -0.07187258
v 0.07221868 0.33363363 -0.06637004
v 0.07628277 0.30624676 -0.01980092
v 0.07862338 0.30888847 -0.01868415
v 0.06298186 0.37852231 0.00818079
v 0.06789958 0.37288740 0.00135571
v 0.05655218 0.38383338 0.01664544
v 0.05587323 0.38852799 0.00967525
v 0.06167042 0.38397399 0.00091939
v 0.06883458 0.37639648 -0.01055784
v 0.07981863 0.34060666 -0.02246990
v 0.07770801 0.35493895 -0.02401982
v 0.07521731 0.35980293 -0.01105847
v -0.05906346 0.31957367 0.04713000
v -0.06080224 0.32000840 0.04291225
v -0.06135277 0.31053242 0.04338343
v -0.05920783 0.31187326 0.04686359
v 0.07288970 0.37101102 -0.02714632
v 0.06426544 0.38529831 -0.01733406
v 0.06784018 0.38098043 -0.03141252
v 0.05754169 0.39397904 -0.02163133
v 0.05967161 0.39159343 -0.03598617
v 0.05939800 0.38862807 -0.05183347
v 0.06906065 0.37646961 -0.04614061
v 0.05952161 0.38910219 -0.00548101
v 0.05394352 0.39286602 0.00402321
v 0.05467760 0.39555526 -0.00921620
v 0.05160470 0.39663786 -0.00066927
v 0.07317829 0.36197531 -0.00417270
v 0.06296372 0.25187093 -0.00896353
v 0.06453198 0.25173149 -0.00429829
v -0.02000470 0.37920022 0.06206189
v -0.00964824 0.37987092 0.06427570
v -0.00994896 0.38778096 0.05814012
v -0.02046623 0.38679430 0.05555579
v 0.06835470 0.26296625 0.00236194
v -0.03614927 0.26655117 -0.08967920
v -0.03734175 0.27714974 -0.09462232
v -0.01813617 0.27329904 -0.10187716
v -0.01726778 0.26352146 -0.09626687
v 0.06781950 0.28913072 0.03508814
v 0.06782106 0.30156869 0.03215653
v 0.07078446 0.29334307 0.02235856
v 0.06910269 0.27859172 0.02442025
v -0.02088869 0.40442207 0.03322486
v -0.01020642 0.40618074 0.03591756
v -0.01029473 0.41082895 0.02559278
v -0.02111623 0.40880141 0.02324057
v -0.05223821 0.29225355 0.06071948
v -0.05432840 0.28610620 0.06131570
v -0.05054617 0.28571263 0.06476672
v -0.04895897 0.29183045 0.06345037
v 0.06636064 0.31513339 0.02984132
v 0.07006929 0.30743149 0.02034810
v 0.06985409 0.32165271 0.01753441
v 0.06606156 0.32981712 0.02839653
v 0.05965098 0.34591854 -0.08705914
v 0.06247483 0.32905811 -0.08454178
v -0.07302119 0.25549349 -0.00584269
v -0.07198174 0.25638518 -0.00465975
v 0.06323029 0.31651047 -0.08186318
v 0.04776583 0.34774864 0.05787174
v -0.01044192 0.41450831 0.01347983
v -0.02141185 0.41223589 0.01151115
v 0.02076478 0.36639762 -0.11100579
v 0.04724043 0.37143272 0.04620403
v 0.05167246 0.36731675 -0.08880290
v -0.00000133 0.21749362 -0.07098123
v 0.03936429 0.37328455 -0.09675081
v 0.06769100 0.37077731 -0.06050969
v 0.06399716 0.36455181 -0.07332321
v 0.05627127 0.35725164 -0.08796936
v 0.06232996 0.30064723 -0.07872047
v 0.04679508 0.39755893 0.01077534
v 0.05558857 0.31335893 0.05243163
v 0.05467856 0.30887738 0.05169224
v 0.05585224 0.31820118 0.05373145
v 0.05291460 0.30425411 0.05331600
v 0.01515114 0.29644677 0.07619703
v 0.01473491 0.29441237 0.07823274
v 0.01438369 0.29195502 0.08031812
v 0.01800962 0.29174525 0.07617809
v 0.01740534 0.28879327 0.07818060
v 0.01114967 0.29236585 0.08543503
v 0.01151231 0.29494521 0.08300804
v 0.01378663 0.28947520 0.08235029
v 0.01323660 0.28634423 0.08426867
v 0.01102607 0.28933087 0.08786105
v 0.01720721 0.27376148 0.08109828
v 0.01832244 0.27846602 0.07944305
v 0.01585251 0.28275955 0.08121606
v 0.02112242 0.28591567 0.07700460
v 0.01997462 0.28254378 0.07846992
v 0.01667986 0.28609082 0.07984179
v 0.02225548 0.28924963 0.07492407
v 0.01396614 0.28285328 0.08670188
v 0.01483670 0.27974427 0.08967153
v 0.01154607 0.28593731 0.09101091
v 0.00987172 0.28820619 0.09418611
v 0.00926144 0.29173279 0.09099468
v 0.01864610 0.29396334 0.07433075
v 0.02335165 0.29178643 0.07330037
v 0.02345154 0.27901357 0.07811284
v 0.02796214 0.27564275 0.07802838
v 0.02565803 0.28341740 0.07640003
v 0.02993137 0.28066632 0.07632813
v 0.02679515 0.28703234 0.07446454
v 0.03127751 0.28455210 0.07428095
v 0.03207643 0.27202448 0.07785398
v 0.03552969 0.26802075 0.07702634
v 0.03872854 0.26304540 0.07555535
v 0.03844361 0.27309969 0.07527644
v 0.04209779 0.26764357 0.07368103
v 0.04039105 0.27812472 0.07314093
v 0.04467572 0.27313057 0.07148615
v -0.01173200 0.30182627 0.07587013
v -0.01217699 0.30365136 0.07307061
v -0.01584001 0.30044952 0.07180183
v -0.01545309 0.29851684 0.07407205
v -0.00726550 0.35218447 0.07631475
v -0.00826057 0.36002910 0.07387073
v -0.01724116 0.35986197 0.07244255
v -0.01558095 0.35211098 0.07525040
v 0.03456289 0.27722472 0.07607283
v 0.03618759 0.28154469 0.07387587
v 0.03245266 0.28827661 0.07220329
v 0.02800139 0.29018578 0.07261770
v 0.04150055 0.28928316 0.06882657
v 0.04136801 0.28377175 0.07099367
v 0.03700287 0.28616297 0.07167211
v 0.03748377 0.29066023 0.06962380
v 0.04623833 0.27990964 0.06915340
v 0.04591200 0.28756738 0.06732751
v 0.04504677 0.29251012 0.06556160
v 0.03119870 0.29903969 0.06840087
v 0.02636830 0.29963434 0.06905982
v 0.03474946 0.29875717 0.06741907
v 0.04113374 0.29326656 0.06713078
v 0.03771500 0.29399896 0.06824171
v 0.04865712 0.29983264 0.05903809
v 0.04643700 0.29906043 0.06117823
v 0.04089507 0.29855585 0.06499377
v 0.03808123 0.29859647 0.06633645
v 0.04383983 0.29873127 0.06321484
v 0.02185033 0.30127728 0.06894545
v 0.01725635 0.30323949 0.06886912
v 0.05505431 0.22391145 -0.02930005
v 0.00907709 0.29502988 0.08858626
v 0.00901560 0.29792455 0.08607113
v 0.01454020 0.32010195 0.07169356
v 0.01263835 0.31714159 0.07060315
v 0.00679395 0.31766969 0.07774409
v 0.01870432 0.32410741 0.07434271
v 0.01403023 0.30564335 0.06888236
v -0.02028679 0.29801035 0.07077878
v -0.01939801 0.29604340 0.07236660
v 0.01221968 0.30813894 0.06898034
v 0.01144640 0.31084153 0.06934968
v 0.01141095 0.31402221 0.06983531
v -0.01006254 0.39479983 0.05163185
v -0.02073547 0.39357975 0.04881800
v -0.02064497 0.41624740 -0.03968272
v -0.02103345 0.41649386 -0.03103233
v -0.00989248 0.41925663 -0.03158335
v -0.01098018 0.41823408 -0.04427838
v 0.02958711 0.33877882 0.07493947
v 0.02631133 0.33219656 0.07712553
v 0.05770579 0.35211393 0.04186260
v 0.06110457 0.34326395 0.03877782
v 0.04999092 0.33302113 0.06096091
v 0.05317647 0.32855460 0.05821915
v 0.05516969 0.32340598 0.05574673
v 0.06258603 0.33136255 0.03670405
v 0.06344712 0.31868032 0.03678345
v 0.06454412 0.30697343 0.03817349
v -0.06878661 0.28382561 -0.05549802
v -0.07204891 0.28364730 -0.04007643
v -0.07452383 0.29565445 -0.04206809
v -0.07219730 0.30039164 -0.05906465
v 0.04875816 0.38354433 0.03215132
v -0.03385475 0.19072053 0.02671226
v -0.03124447 0.17827150 0.02311815
v -0.00000062 0.20533183 -0.07063011
v 0.04855257 0.38893756 0.02523570
v 0.04834780 0.37760553 0.03914234
v 0.03906116 0.40190330 0.01607103
v 0.03941195 0.39807642 0.02475499
v 0.04789408 0.39363647 0.01812696
v 0.04009518 0.39331833 0.03228475
v 0.04047302 0.38777602 0.03906022
v 0.03996198 0.38172063 0.04600742
v 0.03904077 0.37517852 0.05286808
v 0.03719053 0.36679995 0.06033625
v 0.04413803 0.22465158 -0.04577357
v 0.00726586 0.28410363 0.08717022
v 0.00657106 0.28426865 0.08789522
v -0.05236586 0.34227934 0.05371046
v -0.05449498 0.34748706 0.04910858
v -0.05759081 0.34004781 0.04587084
v -0.05537362 0.33577046 0.05075950
v 0.00619250 0.28371778 0.08660091
v 0.00549883 0.28385729 0.08729835
v 0.00528181 0.28247949 0.08688433
v 0.00653511 0.27508759 0.08972479
v 0.00500419 0.27693912 0.08834250
v 0.00463303 0.28043944 0.08712374
v 0.06709456 0.25637734 0.00070923
v -0.00575117 0.33945388 0.07977650
v -0.01300776 0.33939672 0.07927729
v -0.01114256 0.33305037 0.08006525
v -0.00505642 0.33292791 0.08055135
v -0.05889895 0.30457163 0.04764215
v -0.06162769 0.30153620 0.04529809
v -0.06070620 0.29373136 0.05042358
v -0.05764674 0.29778710 0.05170683
v -0.05475739 0.29339248 0.05770735
v -0.05720220 0.28757602 0.05780753
v -0.01881666 0.36938801 0.06846216
v -0.00905447 0.36989036 0.07015672
v -0.05958048 0.33041990 0.04352877
v -0.05767387 0.32786956 0.04854770
v -0.00895282 0.30506754 0.07837698
v -0.00964594 0.30642492 0.07481869
v -0.00717077 0.31090337 0.07712241
v -0.00360576 0.31078705 0.08277997
v -0.00358993 0.31476384 0.08136082
v -0.00669455 0.31449524 0.07775441
v -0.03344221 0.35134244 0.06856051
v -0.03532466 0.35850236 0.06504560
v -0.04283370 0.35672900 0.05957786
v -0.04101598 0.35007188 0.06351493
v -0.02087324 0.39931720 0.04163309
v -0.01014293 0.40083367 0.04444076
v -0.00408778 0.32445186 0.08026114
v -0.00826104 0.32444331 0.07877812
v -0.00729708 0.32069933 0.07779706
v -0.00396955 0.32097280 0.08007520
v -0.02421325 0.29432988 0.07161711
v -0.02506064 0.29650563 0.07047205
v -0.06553818 0.25566077 -0.00866985
v -0.06639055 0.25474620 -0.00827163
v -0.07278555 0.30250967 0.00029962
v -0.07171186 0.29185408 0.00251266
v -0.07197747 0.30037731 0.01221969
v -0.07158245 0.31329086 0.00929392
v -0.07429151 0.32478213 0.00536663
v -0.07665635 0.33377907 -0.00055633
v -0.07674371 0.31751782 -0.00692316
v -0.07469582 0.31133154 -0.00235936
v -0.05014998 0.20274675 -0.03684491
v -0.04767390 0.21243240 -0.04003150
v -0.00374197 0.30781573 0.08541898
v -0.00373680 0.30502522 0.08796172
v -0.01985436 0.31494188 -0.11757009
v -0.01921825 0.30173910 -0.11349693
v -0.03913769 0.30646420 -0.10538819
v -0.03865577 0.31933132 -0.10776719
v -0.06584330 0.27338776 -0.05108874
v -0.06938495 0.27517211 -0.03688910
v -0.01012047 0.27900228 0.09108561
v -0.00685455 0.28345880 0.08612670
v -0.00707713 0.27991655 0.08572462
v -0.00669131 0.28264776 0.08594283
v -0.01003283 0.27599058 0.09305221
v -0.01231338 0.27539876 0.09434389
v -0.00785927 0.27606052 0.08606919
v -0.00698764 0.27630132 0.08664473
v -0.00629772 0.28021610 0.08600728
v -0.00797822 0.28390068 0.08676885
v -0.00187741 0.27229270 0.09972884
v -0.00242480 0.27389014 0.10256772
v -0.00617122 0.27512100 0.10138106
v -0.00473105 0.27361292 0.09939014
v -0.00478709 0.28286836 0.08744399
v -0.00380504 0.28062022 0.08840358
v -0.00468264 0.27869990 0.09576090
v -0.00648337 0.28236014 0.09162693
v -0.00675658 0.28428069 0.08877680
v -0.00649003 0.27929014 0.09491754
v -0.00578866 0.27320474 0.09234875
v -0.00824252 0.27937675 0.09330958
v -0.07706538 0.26857868 -0.01562100
v -0.05629169 0.22282344 0.00647829
v -0.06070734 0.23704581 -0.00163391
v -0.05988815 0.23630385 -0.00698739
v -0.05720093 0.22120433 -0.00244738
v -0.07878013 0.29501882 -0.02002185
v -0.06584615 0.34627220 0.02797693
v -0.06803782 0.35784134 0.01787207
v -0.07397317 0.34581396 0.00731135
v -0.07239608 0.33495125 0.01324258
v -0.06814626 0.36709228 0.00948427
v -0.07424331 0.35617939 -0.00039978
v -0.07803659 0.34373271 -0.00907875
v -0.07969261 0.32264066 -0.02148277
v -0.04174341 0.30784261 0.06367157
v -0.04200431 0.30757487 0.06380889
v -0.04046442 0.30730814 0.06509263
v -0.04047193 0.30747747 0.06493367
v -0.04127560 0.30792841 0.06309759
v -0.03993855 0.30741164 0.06415159
v -0.04214971 0.30832252 0.06212776
v -0.04268114 0.30813679 0.06260543
v -0.04293557 0.30787712 0.06273773
v -0.02445770 0.30853894 0.06686802
v -0.02513414 0.30886963 0.06618665
v -0.02777655 0.30798647 0.06652853
v -0.02710628 0.30794674 0.06758788
v -0.02419920 0.30823204 0.06723826
v -0.02700625 0.30760950 0.06796144
v -0.02825380 0.31048208 0.06053247
v -0.02776293 0.31075117 0.06042289
v -0.02909149 0.31015170 0.06073916
v -0.02268827 0.31044671 0.06458054
v -0.02272856 0.31144395 0.06472699
v -0.02754198 0.31145671 0.06060774
v -0.02754207 0.31097439 0.06044321
v -0.02293217 0.31000543 0.06472994
v -0.02137114 0.30972800 0.06477851
v -0.02050684 0.30999589 0.06442380
v -0.02056295 0.31136024 0.06466414
v -0.03223067 0.30658257 0.06806257
v -0.03241307 0.30576518 0.06812444
v -0.02767226 0.30607629 0.06832790
v -0.02728161 0.30698413 0.06822238
v -0.03205656 0.30706805 0.06788084
v -0.03546318 0.30716574 0.06699446
v -0.03554283 0.30663627 0.06714195
v -0.03563117 0.30584094 0.06714629
v -0.02434037 0.30699900 0.06804649
v -0.02424907 0.30788106 0.06767508
v -0.03562126 0.30510134 0.06711300
v -0.03260631 0.30505148 0.06802204
v -0.02785815 0.30535874 0.06829013
v -0.02432973 0.30650139 0.06811600
v -0.02154302 0.30768096 0.06737506
v -0.02268123 0.30797812 0.06743097
v -0.03260565 0.30422178 0.06784965
v -0.03252805 0.30326441 0.06770734
v -0.02770199 0.30354249 0.06819870
v -0.02783635 0.30450606 0.06820823
v -0.03564228 0.30430013 0.06686007
v -0.03556966 0.30335838 0.06671938
v -0.04402733 0.30784035 0.06111221
v -0.04449709 0.30826542 0.06017447
v -0.04448325 0.30770493 0.06034700
v -0.04420524 0.30729502 0.06085163
v -0.04688649 0.30474114 0.05797615
v -0.04773254 0.30595845 0.05699513
v -0.04933773 0.30515236 0.05589000
v -0.04827715 0.30381060 0.05713500
v -0.05652089 0.29503691 0.05462713
v -0.05059805 0.30089676 0.05692070
v -0.05190352 0.30225229 0.05497749
v -0.04357415 0.30765370 0.06188881
v -0.04294806 0.30740681 0.06278691
v -0.04348762 0.30804431 0.06183162
v -0.04390737 0.30831227 0.06089634
v -0.04375186 0.30691895 0.06162583
v -0.04305209 0.30667722 0.06266419
v -0.04206530 0.30718118 0.06385016
v -0.04215444 0.30635098 0.06379682
v -0.04054175 0.30605787 0.06509721
v -0.04044888 0.30687690 0.06511854
v -0.03838683 0.30670160 0.06613179
v -0.03866476 0.30724397 0.06597472
v -0.03845919 0.30589315 0.06611350
v -0.04065407 0.30537885 0.06491924
v -0.03855361 0.30520046 0.06603223
v -0.04218420 0.30563709 0.06351444
v -0.04314956 0.30606255 0.06233141
v -0.04389242 0.30641514 0.06121381
v -0.04449262 0.30680996 0.06041076
v -0.04489080 0.30742809 0.05981620
v -0.04419613 0.30581716 0.06067804
v -0.04482575 0.30500302 0.05992682
v -0.04361921 0.30452791 0.06129051
v -0.04331141 0.30543682 0.06191870
v -0.04498946 0.30631617 0.05975192
v -0.04578849 0.30560938 0.05886495
v -0.04227391 0.30508199 0.06313696
v -0.04230712 0.30428067 0.06274710
v -0.04061936 0.30384535 0.06425253
v -0.04068133 0.30464935 0.06461574
v -0.03857786 0.30446023 0.06574978
v -0.03862710 0.30354497 0.06545617
v -0.03198430 0.30721140 0.06767506
v -0.03169117 0.30729210 0.06658319
v -0.03519960 0.30705902 0.06599833
v -0.03547146 0.30729529 0.06678782
v -0.03866749 0.30735534 0.06585615
v -0.03812742 0.30708003 0.06512661
v -0.03504450 0.30698732 0.06493986
v -0.03332151 0.30916443 0.06067311
v -0.03466091 0.30915952 0.06030487
v -0.03772717 0.30700168 0.06415661
v -0.03188147 0.30732343 0.06543443
v -0.03177630 0.30936697 0.06092538
v -0.02856000 0.30816969 0.06541720
v -0.03026429 0.30975872 0.06093953
v -0.02588431 0.30893955 0.06548751
v -0.03342577 0.31919450 0.06739037
v -0.03344588 0.31934148 0.06766080
v -0.03800135 0.31871474 0.06713138
v -0.03763021 0.31849059 0.06670792
v -0.05013583 0.28102896 -0.08504239
v -0.05108069 0.29588318 -0.09129649
v -0.03858855 0.29062927 -0.10046935
v -0.04051860 0.31616235 0.06590085
v -0.04047364 0.31704116 0.06544270
v -0.04287463 0.31567580 0.06415860
v -0.04272833 0.31486428 0.06429186
v -0.04053929 0.31522718 0.06631894
v -0.04250516 0.31384456 0.06447065
v -0.03782457 0.31651360 0.06799554
v -0.03779406 0.31755257 0.06746753
v -0.03764324 0.31828865 0.06686129
v -0.04181429 0.31246302 0.06022274
v -0.04105752 0.31342784 0.06088816
v -0.04159457 0.31325981 0.06235312
v -0.04262940 0.31245884 0.06112689
v -0.04246596 0.31175560 0.05962524
v -0.04328861 0.31171280 0.06022945
v -0.03719328 0.31159508 0.05803572
v -0.03685038 0.31197786 0.05832709
v -0.03631461 0.31244442 0.05872512
v -0.03736096 0.31127030 0.05785566
v -0.03741625 0.31098053 0.05777032
v -0.03739532 0.31071845 0.05778911
v -0.03730319 0.31047437 0.05792416
v -0.05942726 0.27899167 0.05577484
v -0.05922157 0.29000661 0.05425766
v -0.06180654 0.28191307 0.05172858
v -0.04319641 0.30836937 0.06162807
v -0.04366203 0.30868873 0.06074071
v -0.04262892 0.30863962 0.06125505
v -0.04308477 0.30899525 0.06048905
v -0.04417340 0.30914044 0.05988541
v -0.04453233 0.30888164 0.05985704
v -0.04066915 0.30787280 0.06238180
v -0.03625704 0.30956644 0.05940744
v -0.03666873 0.30982599 0.05895938
v -0.04136556 0.30847120 0.06147784
v -0.03942905 0.30732787 0.06327169
v -0.03561291 0.30931425 0.05986159
v -0.03691824 0.31005189 0.05858914
v -0.03711223 0.31028992 0.05825090
v -0.04169812 0.30881426 0.06077171
v -0.04214594 0.30918622 0.06004265
v -0.04346156 0.30955836 0.05990324
v -0.04270769 0.31010953 0.05913847
v -0.04278254 0.31059477 0.05912224
v -0.04367512 0.31000447 0.05969309
v -0.04374155 0.31048843 0.05961637
v -0.04252978 0.30963314 0.05941580
v -0.04270980 0.31115565 0.05926557
v -0.04360563 0.31102905 0.05981045
v -0.04476432 0.30834451 0.05978880
v -0.04477210 0.30913422 0.05949378
v -0.04532325 0.31005186 0.05898636
v -0.04519505 0.30828723 0.05933870
v -0.04586490 0.30818582 0.05870420
v -0.04547585 0.30704620 0.05906442
v -0.04630065 0.31055954 0.05869191
v -0.04762371 0.31085977 0.05808865
v -0.04712703 0.30797133 0.05772167
v -0.04646371 0.30661809 0.05810707
v -0.04442746 0.30962965 0.05948449
v -0.04464282 0.31022114 0.05926956
v -0.04573128 0.31165475 0.05993455
v -0.04651561 0.31245366 0.05987731
v -0.04505956 0.31116295 0.05999207
v -0.04455458 0.31190449 0.06123982
v -0.04502566 0.31260493 0.06130543
v -0.04561596 0.31331295 0.06128643
v -0.04409004 0.31358963 0.06277855
v -0.04447734 0.31440485 0.06277965
v -0.04376016 0.31273580 0.06272552
v -0.04445834 0.31101272 0.05988638
v -0.04397497 0.31170285 0.06086139
v -0.04322401 0.31244668 0.06214768
v -0.04216097 0.31310415 0.06398926
v -0.04030354 0.31429780 0.06593023
v -0.03958062 0.31427184 0.06396070
v -0.03761447 0.31565696 0.06759918
v -0.03680024 0.31525755 0.06551664
v -0.03401629 0.31991053 0.06886315
v -0.03899997 0.31949604 0.06830089
v -0.03645205 0.31521901 0.06365559
v -0.03399286 0.31326628 0.05997653
v -0.03241316 0.31341124 0.06053743
v -0.03316963 0.31532872 0.06467682
v -0.02331004 0.31218216 0.06520466
v -0.02412244 0.31302845 0.06560202
v -0.02812677 0.31219786 0.06091576
v -0.02775879 0.31179672 0.06076021
v -0.02184984 0.31220418 0.06577674
v -0.02318537 0.31303599 0.06641393
v -0.02743447 0.31476527 0.06575466
v -0.02958118 0.31307980 0.06111991
v -0.02870098 0.31263411 0.06104950
v -0.02574317 0.31388378 0.06555556
v -0.02681877 0.31526074 0.06754743
v -0.02456668 0.31400707 0.06687447
v -0.03335430 0.31579471 0.06661517
v -0.02103116 0.35191077 -0.11723334
v -0.02102504 0.33525553 -0.11975641
v -0.03799179 0.33798301 -0.10820441
v -0.03763611 0.35184827 -0.10610253
v -0.03896443 0.31443554 0.06238491
v -0.03531621 0.31290239 0.05936597
v -0.04752911 0.35374057 -0.09780432
v -0.04663096 0.36293453 -0.09550302
v -0.03830284 0.36438158 -0.10172602
v -0.03500009 0.22510575 -0.05769454
v -0.02578316 0.21440352 -0.06441104
v -0.01975617 0.31193593 0.06682423
v -0.02145852 0.31331608 0.06720803
v -0.01863002 0.31070158 0.06655168
v -0.01799363 0.31047657 0.06671331
v -0.01906940 0.31193513 0.06688673
v -0.02053932 0.31338605 0.06720605
v -0.02351237 0.31457788 0.06769463
v -0.02281618 0.31481040 0.06805585
v -0.02623331 0.31636223 0.06909256
v -0.02636596 0.31573889 0.06877457
v -0.03363295 0.31643710 0.06856506
v -0.03369202 0.31724200 0.06896663
v -0.02577129 0.31700557 0.06845085
v -0.02228665 0.31516674 0.06750269
v -0.02525587 0.31768736 0.06776816
v -0.02210649 0.31599784 0.06715400
v -0.03342504 0.31891596 0.06772627
v -0.03363616 0.31818470 0.06844704
v -0.02140275 0.30862212 0.06690505
v -0.01917956 0.30881545 0.06668495
v -0.02193125 0.30903363 0.06675483
v -0.01950642 0.30918491 0.06642892
v -0.02307176 0.30937955 0.06569267
v -0.01879323 0.30957177 0.06633678
v -0.01806221 0.30930540 0.06655023
v -0.02388749 0.30953461 0.06522249
v -0.01836956 0.31192559 0.06658977
v -0.01710905 0.31024879 0.06673683
v -0.01719736 0.31226122 0.06588327
v -0.01637026 0.31033432 0.06635810
v -0.01942067 0.31450498 0.06624127
v -0.01986310 0.31357226 0.06657790
v -0.01709384 0.30907521 0.06652419
v -0.01763300 0.30860224 0.06658368
v -0.01642224 0.30893105 0.06650692
v -0.01697331 0.30831036 0.06655629
v -0.02409428 0.30576998 0.06816658
v -0.02383827 0.30499145 0.06813169
v -0.02079345 0.30702615 0.06743718
v -0.02021810 0.30647269 0.06735289
v -0.03229372 0.30220658 0.06762452
v -0.03538825 0.30229726 0.06656258
v -0.03190464 0.30098903 0.06764619
v -0.03524555 0.30097151 0.06655417
v -0.02694975 0.30141103 0.06832837
v -0.02745815 0.30249101 0.06824777
v -0.03100377 0.17023833 0.02152888
v -0.04566056 0.30393842 0.05932969
v -0.04670971 0.30276325 0.05885305
v -0.04506408 0.30205515 0.06057856
v -0.04419954 0.30345783 0.06074533
v -0.04257436 0.30308720 0.06230306
v -0.04299591 0.30158281 0.06232798
v -0.04065259 0.30126393 0.06399739
v -0.04056342 0.30271083 0.06398562
v -0.03855978 0.30248061 0.06520145
v -0.03834745 0.30096591 0.06529411
v -0.04867975 0.30743560 0.05637225
v -0.04997756 0.31060666 0.05620510
v -0.05045780 0.30681637 0.05504345
v -0.05217443 0.31028354 0.05423693
v -0.01562136 0.31308770 0.06605512
v -0.01520729 0.31064647 0.06604818
v -0.01393077 0.31379199 0.06720571
v -0.01368424 0.31097284 0.06685604
v -0.01531286 0.31679228 0.06818954
v -0.01713644 0.31591642 0.06675661
v -0.01556355 0.30877498 0.06645102
v -0.01623502 0.30794707 0.06656562
v -0.01428614 0.30868736 0.06674099
v -0.01525119 0.30728987 0.06683791
v -0.02333748 0.30407959 0.06815021
v -0.02280807 0.30307662 0.06820004
v -0.01962361 0.30580303 0.06743290
v -0.01872768 0.30492422 0.06761239
v -0.04911645 0.27002573 -0.07957092
v -0.05176010 0.31144017 -0.09540618
v -0.04644720 0.32369214 0.06614188
v -0.04421656 0.32079363 0.06679910
v -0.04068013 0.32195756 0.06896300
v -0.04260040 0.32560328 0.06910247
v -0.04909563 0.32765391 0.06414810
v -0.05152657 0.32396737 0.06150176
v -0.04906643 0.32119742 0.06336521
v -0.04681359 0.31901205 0.06452108
v -0.05068196 0.31344125 0.05722973
v -0.04882943 0.31349161 0.05881639
v -0.04885029 0.31528795 0.06024401
v -0.05073213 0.31583005 0.05891199
v -0.05302548 0.31343785 0.05532431
v -0.05331091 0.31665012 0.05704826
v -0.05016712 0.31829774 0.06113052
v -0.04805283 0.31700352 0.06225221
v -0.05282004 0.31996003 0.05936660
v -0.02321077 0.32137892 0.07037853
v -0.02396240 0.31973323 0.06891201
v -0.02075439 0.31789801 0.06768487
v -0.01937594 0.31866750 0.06824528
v -0.02202518 0.32304105 0.07184046
v -0.01729277 0.31971878 0.06958248
v -0.03600717 0.32612154 0.07187081
v -0.03511988 0.32283393 0.07050906
v -0.02494892 0.31811368 0.06746210
v -0.02282004 0.31701466 0.06722692
v -0.02479540 0.31831098 0.06744645
v -0.02219445 0.31686386 0.06700806
v -0.05540876 0.37582076 -0.07852850
v -0.05814973 0.38270327 -0.06652709
v -0.04281563 0.39478707 -0.07457665
v -0.04136296 0.38571343 -0.08635508
v -0.04054092 0.31736231 0.06542523
v -0.04108767 0.31772614 0.06586406
v -0.04357668 0.31644174 0.06454338
v -0.04303934 0.31603900 0.06425454
v -0.04484306 0.31489924 0.06285649
v -0.04547106 0.31533930 0.06300554
v -0.04662009 0.31424132 0.06131927
v -0.04607622 0.31393617 0.06144484
v -0.04669212 0.31317887 0.06028886
v -0.04727674 0.31314421 0.05988943
v -0.02250354 0.31775409 0.06751867
v -0.02469219 0.31862247 0.06793644
v -0.04943027 0.34151310 -0.09875102
v -0.04488448 0.36403081 0.05398744
v -0.05171243 0.36003634 0.04764664
v -0.04951092 0.35365233 0.05364096
v -0.04225107 0.31858525 0.06675923
v -0.04479821 0.31731418 0.06494811
v -0.04650212 0.31606007 0.06292361
v -0.04746602 0.31484005 0.06108114
v -0.04791486 0.31385869 0.05989451
v -0.07017578 0.27351373 -0.00206565
v -0.07063693 0.27341571 -0.00378095
v -0.07852270 0.28253904 -0.02912660
v -0.07675038 0.28934029 -0.02835982
v -0.07565744 0.29290202 -0.02719164
v -0.07689714 0.30194065 -0.01476145
v -0.08034061 0.30497837 -0.01784075
v -0.08159491 0.26410162 -0.02193429
v -0.07841191 0.26251724 -0.01799759
v -0.08154682 0.26496941 -0.02249099
v -0.08716295 0.30066699 -0.02835266
v -0.08752465 0.29892185 -0.02970366
v -0.08843555 0.29864737 -0.02934873
v -0.04155837 0.25043902 -0.06724539
v -0.04706142 0.26142266 -0.07494882
v -0.08788561 0.29684484 -0.03093356
v -0.07276681 0.27791119 -0.00645823
v -0.07966224 0.28184664 -0.02948121
v -0.08119637 0.28109705 -0.03138126
v -0.08187331 0.27580521 -0.03131977
v -0.08128262 0.27645907 -0.03038897
v -0.08100897 0.27095097 -0.02906707
v -0.08060324 0.27187848 -0.02847221
v -0.08313818 0.26748371 -0.02517941
v -0.08460400 0.27110547 -0.02762702
v -0.08159909 0.30534771 -0.01913518
v -0.08096287 0.30448186 -0.01774071
v -0.08241715 0.30515948 -0.01938121
v -0.07351925 0.27662462 -0.00774775
v -0.07507744 0.30001408 -0.01450146
v -0.07457889 0.29774779 -0.01333222
v -0.07423459 0.29813555 -0.01376884
v -0.06975590 0.28149885 -0.01125217
v -0.06976914 0.28238395 -0.01151773
v -0.07112380 0.27993163 -0.01112959
v -0.07369352 0.27851421 -0.00973180
v -0.06721118 0.27098632 -0.00948039
v -0.06664730 0.26972160 -0.01127909
v -0.06713585 0.26879686 -0.01069353
v -0.08432385 0.31135356 -0.02327725
v -0.07475197 0.29677036 -0.01301946
v -0.07611365 0.29786354 -0.01317957
v -0.07658160 0.29912281 -0.01339811
v -0.08326847 0.30464423 -0.01962652
v -0.07687096 0.30007470 -0.01369544
v -0.07600592 0.30002648 -0.01373904
v -0.07764600 0.30168515 -0.01462140
v -0.07541500 0.30004627 -0.01401932
v -0.07354251 0.27428904 -0.02369244
v -0.07210797 0.27418277 -0.02146257
v -0.07219893 0.29445207 -0.00370688
v -0.07265170 0.29210639 -0.00582662
v -0.07743736 0.26206508 -0.01582456
v -0.07536262 0.29985148 -0.02359107
v -0.07570074 0.30272678 -0.02504572
v -0.08603878 0.27557519 -0.02958881
v -0.07963679 0.27063292 -0.01922187
v -0.07742935 0.27009463 -0.01734950
v -0.08167683 0.27165234 -0.02107407
v -0.08332510 0.27413955 -0.02296625
v -0.07091104 0.29036775 -0.01771185
v -0.08207861 0.29442602 -0.02267699
v -0.08259898 0.29213279 -0.02388693
v -0.08050412 0.29462686 -0.02111791
v -0.07661732 0.30632785 -0.02337634
v -0.07633683 0.30640021 -0.02111135
v -0.07608822 0.30123100 -0.02177954
v -0.07588016 0.30457041 -0.02050679
v -0.06911194 0.27439094 -0.00992224
v -0.06872334 0.26839939 -0.01294957
v -0.06852350 0.27022448 -0.01387484
v -0.06981554 0.26838332 -0.01385082
v -0.06992853 0.26922476 -0.01529595
v -0.07039472 0.27064320 -0.01694949
v -0.07089518 0.27246907 -0.01834702
v -0.07109383 0.27488697 -0.01884160
v -0.06857876 0.27851593 -0.01078083
v -0.07639255 0.30634135 -0.01137617
v -0.06807132 0.27672037 -0.01047999
v -0.07006691 0.28010160 -0.01101564
v -0.07020080 0.27832952 -0.01058956
v -0.06985443 0.27642682 -0.01007746
v -0.07424971 0.26763186 -0.01122927
v -0.07510569 0.26917571 -0.01349786
v -0.07291020 0.26826620 -0.01054117
v -0.07599470 0.26955277 -0.01558091
v -0.07182706 0.26848313 -0.01011719
v -0.07582977 0.30111954 -0.02244270
v -0.07593214 0.30440143 -0.02244147
v -0.07045997 0.27707914 -0.00033004
v -0.06383047 0.28690648 0.04690523
v -0.06520407 0.29613757 0.04110321
v -0.02600176 0.23800273 0.06614082
v -0.02525796 0.23490229 0.06665653
v -0.05622214 0.27641237 0.06003328
v -0.05176831 0.27409548 0.06510471
v -0.02478770 0.24388556 0.07784739
v -0.02398994 0.24316256 0.07808684
v -0.02312584 0.24371909 0.07821558
v -0.02389361 0.24410160 0.07782110
v -0.02183041 0.24425142 0.07641629
v -0.02265608 0.24417681 0.07569999
v -0.02282257 0.24419700 0.07660513
v -0.02209150 0.24423298 0.07728830
v -0.02814782 0.25961551 0.07938150
v -0.03171665 0.26357239 0.07814615
v -0.03467099 0.25912091 0.07702034
v -0.03114129 0.25578013 0.07853596
v -0.02442325 0.24269825 0.06835414
v -0.02416225 0.24428900 0.06876526
v -0.02309627 0.24427144 0.07267804
v -0.02338396 0.24364644 0.07228336
v -0.02427927 0.24018542 0.06856549
v -0.02326359 0.24239765 0.07189748
v -0.02604873 0.24190705 0.06591322
v -0.02548612 0.24439965 0.06617542
v -0.03379691 0.23747244 0.07480032
v -0.03017404 0.23964046 0.07614666
v -0.03116171 0.24280839 0.07641865
v -0.03477645 0.24213801 0.07503177
v -0.02474651 0.27094010 0.07864493
v -0.02851030 0.26723152 0.07853790
v -0.02535352 0.26325560 0.07957447
v -0.02158819 0.26744753 0.07947325
v -0.01777127 0.27224180 0.08003484
v -0.02074155 0.27486372 0.07877684
v -0.01607704 0.27988973 0.08326243
v -0.01648707 0.27625886 0.08450756
v -0.01593145 0.27545106 0.08777828
v -0.01622689 0.27748546 0.08655757
v -0.01440198 0.27152908 0.08630442
v -0.01658206 0.27400836 0.08307093
v -0.01067481 0.27047384 0.08676703
v -0.01046177 0.27123475 0.08773297
v -0.01452669 0.27089635 0.08491705
v -0.01479205 0.27005872 0.08312914
v -0.01100660 0.26973492 0.08564620
v -0.00993673 0.27222922 0.08864394
v -0.01258443 0.27207154 0.08870465
v -0.01404196 0.27401778 0.09009394
v -0.00414321 0.27283433 0.09716716
v -0.00522249 0.27418754 0.09909994
v -0.00903127 0.30310604 0.08143401
v -0.01174210 0.29955846 0.07849582
v -0.00901310 0.30061629 0.08365781
v -0.01167268 0.29740337 0.08074454
v -0.01330895 0.27620330 0.09374668
v -0.01436124 0.27799654 0.09198704
v -0.01102740 0.27747208 0.09752081
v -0.01179491 0.28002787 0.09683218
v -0.00371620 0.31792527 0.08045484
v -0.00202101 0.26937735 0.09300264
v -0.00223967 0.26862994 0.09246424
v -0.00174954 0.27042884 0.09490598
v -0.02107907 0.37679744 -0.10525829
v -0.02205802 0.39131677 -0.09502935
v -0.02186001 0.40815946 -0.07242593
v -0.01971463 0.41311991 -0.05993842
v -0.00553747 0.25278664 0.09275353
v -0.00513186 0.25531757 0.09262974
v -0.01275384 0.24827346 0.07638702
v -0.00732269 0.24859066 0.07795081
v -0.00694385 0.24684985 0.08255070
v -0.01218521 0.24668860 0.08124465
v -0.01614230 0.24643576 0.07909798
v -0.01707737 0.24779773 0.07429366
v -0.01303348 0.24946971 0.07376243
v -0.00735917 0.24983793 0.07519697
v -0.01169003 0.24584529 0.08567949
v -0.00654064 0.24618305 0.08781897
v -0.00636385 0.24793740 0.09043660
v -0.01169684 0.24738891 0.08779578
v -0.01758162 0.26549810 0.08183181
v -0.01353123 0.26626942 0.08412044
v -0.00944320 0.26652420 0.08746518
v -0.00627672 0.26641405 0.09000695
v -0.00568405 0.26847291 0.09047603
v -0.00809184 0.26908419 0.08826318
v -0.00548502 0.26933658 0.09095488
v -0.00784018 0.26990789 0.08893389
v -0.00783524 0.27076533 0.08956092
v -0.00827639 0.27215493 0.08985344
v -0.00650432 0.27200326 0.09113420
v -0.00693733 0.27317312 0.09070121
v -0.00551203 0.27022105 0.09130839
v -0.00380894 0.29536733 0.09602495
v -0.00363784 0.29890803 0.09316400
v -0.00956782 0.25680870 0.09051051
v -0.00485162 0.25727698 0.09185921
v -0.00414137 0.26103443 0.09126471
v -0.00833387 0.26101676 0.08982951
v -0.01278359 0.26022178 0.08755878
v -0.01451282 0.25500327 0.08801504
v -0.00254024 0.26783478 0.09199373
v -0.00996655 0.25466329 0.09085328
v -0.01038853 0.25224400 0.09077936
v -0.01506022 0.25273487 0.08817493
v -0.01539709 0.25056410 0.08789298
v -0.01920801 0.25238782 0.08494940
v -0.01807776 0.25820091 0.08483376
v -0.02381780 0.25600225 0.08161947
v -0.02317261 0.24950369 0.08180270
v -0.03105783 0.24602349 0.07714829
v -0.02614958 0.24360339 0.07769218
v -0.02629312 0.24496962 0.07807215
v -0.02598680 0.24624246 0.07890296
v -0.03011085 0.24920319 0.07827158
v -0.03455916 0.24681158 0.07590278
v -0.03334154 0.25145832 0.07715262
v -0.02797748 0.25240842 0.07974559
v -0.02516034 0.24763671 0.07998076
v -0.02494632 0.24468620 0.07826229
v -0.02400557 0.24447925 0.07807814
v -0.02470711 0.24546340 0.07901266
v -0.02376132 0.24488924 0.07872090
v -0.02411697 0.24620216 0.08000077
v -0.02329255 0.24527074 0.07953627
v -0.02232737 0.24596789 0.08080564
v -0.02285030 0.24743114 0.08148318
v -0.02197421 0.24446633 0.07654534
v -0.02101707 0.24458465 0.07758793
v -0.02109904 0.24463037 0.07885762
v -0.02200744 0.24445158 0.07772404
v -0.02259552 0.24430694 0.07587907
v -0.02252135 0.24435070 0.07708792
v -0.02260928 0.24483897 0.07344659
v -0.02165650 0.24510598 0.07420897
v -0.02315350 0.24411467 0.07518215
v -0.02313487 0.24418955 0.07621203
v -0.02311874 0.24430612 0.07763134
v -0.02300491 0.24451682 0.07802516
v -0.02252276 0.24472480 0.07873271
v -0.02164769 0.24504165 0.07981323
v -0.01551317 0.24854867 0.08689672
v -0.01904548 0.24841642 0.08462183
v -0.01883194 0.24673335 0.08335938
v -0.01545606 0.24643281 0.08502998
v -0.01849520 0.24551120 0.08189201
v -0.01762774 0.24881737 0.07183665
v -0.01522342 0.24541846 0.08327619
v -0.02073450 0.24666658 0.07180045
v -0.02170143 0.24762954 0.06929399
v -0.01966464 0.24569702 0.07610869
v -0.02363686 0.24540141 0.06968258
v -0.02262900 0.24559823 0.07018687
v -0.02458657 0.24619508 0.06718873
v -0.02337965 0.24676205 0.06810820
v -0.01841689 0.24487919 0.08011754
v -0.01924586 0.25021285 0.08500742
v -0.01094612 0.24984498 0.08969658
v -0.00587675 0.25047508 0.09185517
v -0.00455545 0.28801176 0.10256319
v -0.00416797 0.29195827 0.09910379
v -0.02250816 0.24410838 0.07808635
v -0.00985164 0.16243012 0.03244520
v -0.02534886 0.24237633 0.07776794
v -0.02372072 0.23784102 0.06873978
v -0.02248224 0.24143331 0.07233078
v -0.03079491 0.23304684 0.07552586
v -0.02637402 0.22884437 0.07815953
v -0.02415740 0.23303103 0.07950184
v -0.02777963 0.23630665 0.07693204
v -0.02133205 0.23922150 0.08116981
v -0.02388032 0.24092850 0.07895276
v -0.02269536 0.24228367 0.07946301
v -0.02031037 0.24130990 0.08162067
v -0.01950481 0.24289337 0.08189885
v -0.02179277 0.24334323 0.07946862
v -0.01775189 0.24462135 0.08041228
v -0.01339910 0.24511115 0.08324701
v -0.01285222 0.24138559 0.07852030
v -0.01750485 0.24097179 0.07611980
v -0.02142319 0.24109793 0.07356539
v -0.02092263 0.24436335 0.07734998
v -0.01831760 0.24465156 0.08118079
v -0.02111787 0.24433751 0.07829795
v -0.01384294 0.24518003 0.08433785
v -0.02010813 0.16536264 0.02815052
v -0.02136518 0.24408761 0.07911237
v -0.01871739 0.24420983 0.08154278
v -0.01448808 0.24437657 0.08501741
v -0.01542067 0.24251218 0.08556309
v -0.01621095 0.24032360 0.08574989
v -0.01693588 0.23751765 0.08513194
v -0.01890050 0.23013459 0.08326690
v -0.02036334 0.22491728 0.08259518
v -0.01298684 0.22842315 0.08636591
v -0.01409597 0.22321863 0.08675265
v -0.01188006 0.23630397 0.08862247
v -0.01152724 0.23979911 0.08972296
v -0.01085613 0.24236634 0.08919323
v -0.01023162 0.24449870 0.08823635
v -0.00306427 0.26610804 0.09147014
v -0.00534700 0.27190593 0.09245183
v -0.00428772 0.27209568 0.09472634
v -0.00733456 0.27565968 0.09987459
v -0.00167134 0.27127239 0.09715341
v -0.00966044 0.27727970 0.09926552
v -0.00811522 0.27675104 0.10076154
v -0.00865981 0.27840841 0.10154188
v -0.00971678 0.27906626 0.10022148
v -0.00675182 0.27614930 0.10203750
v -0.00788463 0.27819419 0.10255840
v -0.00281762 0.27516097 0.10384032
v -0.00363119 0.27869245 0.10564081
v -0.00447711 0.28439376 0.10491427
v -0.00398531 0.28096163 0.10591920
v -0.00909211 0.28012595 0.10190898
v -0.01034701 0.28197506 0.10002133
v -0.01042702 0.28499010 0.09762464
v -0.01224478 0.28260788 0.09416866
v -0.01047184 0.41893250 -0.01541293
v -0.00957391 0.24555728 0.08729053
v -0.00870081 0.24549477 0.08545823
v -0.01261200 0.23081219 0.07204901
v -0.01268286 0.23542508 0.07435666
v -0.00796682 0.23531385 0.07584943
v -0.00786317 0.23090085 0.07369991
v -0.00483900 0.24551614 0.08630261
v -0.00456059 0.24159136 0.08100794
v -0.00821433 0.24161398 0.08028742
v -0.00506630 0.24572013 0.08854932
v -0.00553795 0.24455626 0.08986694
v -0.00605902 0.24237294 0.09116551
v -0.00430330 0.23517357 0.07657357
v -0.00431920 0.23061736 0.07441676
v -0.02212600 0.23640734 0.06985056
v -0.02274684 0.23252082 0.06789950
v -0.01757951 0.23533587 0.07237424
v -0.01789667 0.23133001 0.07027253
v -0.00772965 0.22284882 0.08957081
v -0.00694360 0.22798823 0.08850067
v -0.00632045 0.23920131 0.09148432
v -0.00644874 0.23534887 0.09025983
v -0.02233008 0.40106300 -0.08442461
v -0.06260537 0.36536279 0.02460940
v -0.06080391 0.35856441 0.03273374
v -0.05434408 0.36656338 0.03903013
v -0.05606685 0.37202418 0.03167414
v -0.06308691 0.37282720 0.01627371
v -0.05667027 0.37843475 0.02392584
v -0.03925494 0.40882215 -0.03450831
v -0.03978152 0.40862450 -0.02020387
v -0.02155298 0.41632271 -0.01663730
v -0.03460721 0.40955779 -0.04887839
v -0.04637589 0.40016061 -0.05746051
v -0.04829254 0.40256128 -0.03785630
v -0.04818688 0.40276557 -0.02262105
v -0.02555961 0.20173982 -0.06504944
v -0.05128778 0.32401538 -0.09765317
v -0.04698116 0.40238613 -0.00886416
v -0.03925841 0.40746990 -0.00631050
v -0.03898093 0.40515795 0.00631192
v -0.04585189 0.40083131 0.00293820
v -0.02150545 0.41474226 -0.00183660
v -0.01047574 0.41718066 0.00000895
v -0.01888763 0.28584069 -0.10791285
v -0.00358949 0.30225012 0.09041252
v -0.04557011 0.23758034 -0.04911408
v -0.05641100 0.23651265 -0.03239387
v -0.05629126 0.18646954 -0.01042779
v -0.06844234 0.25947854 -0.01597688
v -0.06816534 0.26005849 -0.01678519
v -0.05893518 0.22247300 -0.01420507
v -0.06044809 0.23582339 -0.01561793
v -0.03662062 0.23789343 -0.06043061
v -0.07775395 0.27042881 -0.02726487
v -0.07845161 0.27414930 -0.02857276
v -0.07891830 0.26952207 -0.02691918
v -0.07972708 0.27343848 -0.02852396
v -0.07984079 0.27764425 -0.02935184
v -0.07942450 0.26778805 -0.02606624
v -0.07654729 0.30638486 -0.01866040
v -0.07784212 0.30796036 -0.01807195
v -0.06787363 0.25809672 -0.01179093
v -0.06772618 0.25868756 -0.01343115
v -0.06722246 0.25841409 -0.01254592
v -0.06700116 0.25796363 -0.01128323
v -0.06760842 0.25725734 -0.01021727
v -0.06691293 0.25744665 -0.01009705
v -0.07867493 0.32265818 -0.01285215
v -0.06576732 0.25774372 -0.01343559
v -0.06745340 0.25969324 -0.01613269
v -0.06743400 0.25909272 -0.01468001
v -0.06662605 0.25847459 -0.01327637
v -0.06642014 0.25743133 -0.01126610
v -0.06637274 0.25663584 -0.00959036
v -0.06707870 0.25609595 -0.00922509
v -0.07958400 0.26666164 -0.02650458
v -0.07220548 0.25657582 -0.01469616
v -0.07703128 0.29855913 -0.02445425
v -0.07710215 0.29678103 -0.02578495
v -0.07931302 0.29831359 -0.02751054
v -0.07914498 0.30055374 -0.02620197
v -0.05911314 0.27226982 -0.06701481
v -0.06062321 0.28307417 -0.07279333
v -0.01269759 0.20409355 -0.06917039
v -0.01258471 0.21661246 -0.06974301
v -0.07426649 0.31707150 -0.05949874
v -0.07692816 0.30024287 -0.02304128
v -0.07911114 0.30234337 -0.02480160
v -0.07877821 0.27831256 -0.02924584
v -0.07607993 0.29965857 -0.02291881
v -0.07623905 0.29797035 -0.02428191
v -0.08012491 0.30391169 -0.02654579
v -0.08025508 0.30172142 -0.02811858
v -0.08029273 0.29923335 -0.02953910
v -0.07629731 0.29609561 -0.02558878
v -0.07660852 0.30477670 -0.02515916
v -0.07840110 0.34863955 -0.03751762
v -0.07690020 0.34188116 -0.05087553
v -0.07424063 0.36519828 -0.04191433
v -0.07279678 0.35927412 -0.05648597
v -0.06805664 0.35231790 -0.07187444
v -0.07222146 0.33363140 -0.06637197
v -0.07628272 0.30624440 -0.01980406
v -0.07862262 0.30888587 -0.01868781
v -0.06298629 0.37852105 0.00817919
v -0.06790391 0.37288588 0.00135382
v -0.05655675 0.38383240 0.01664412
v -0.05587794 0.38852707 0.00967390
v -0.06167482 0.38397273 0.00091778
v -0.06883887 0.37639496 -0.01055964
v -0.07982135 0.34060445 -0.02247249
v -0.07771083 0.35493690 -0.02402224
v -0.07522069 0.35980105 -0.01106059
v -0.07289326 0.37100920 -0.02714840
v -0.06426968 0.38529676 -0.01733577
v -0.06784392 0.38097858 -0.03141450
v -0.05754607 0.39397749 -0.02163291
v -0.05967594 0.39159188 -0.03598799
v -0.05940247 0.38862675 -0.05183547
v -0.06906413 0.37646767 -0.04614275
v -0.05952635 0.38910109 -0.00548241
v -0.05394834 0.39286515 0.00402188
v -0.05468225 0.39555413 -0.00921747
v -0.05160952 0.39663687 -0.00067049
v -0.07318211 0.36197361 -0.00417477
v -0.06296577 0.25186810 -0.00896571
v -0.06453458 0.25172827 -0.00430118
v -0.06835513 0.26296341 0.00235803
v -0.06781954 0.28912809 0.03508370
v -0.06782139 0.30156681 0.03215289
v -0.07078500 0.29334059 0.02235466
v -0.06910306 0.27858904 0.02441648
v -0.06636210 0.31513160 0.02983859
v -0.07007016 0.30742890 0.02034435
v -0.06985524 0.32165030 0.01753144
v -0.06606386 0.32981503 0.02839377
v -0.05965367 0.34591651 -0.08706013
v -0.06247717 0.32905582 -0.08454253
v -0.06323255 0.31650817 -0.08186432
v -0.04776862 0.34774747 0.05786904
v -0.02076672 0.36639583 -0.11100516
v -0.04724457 0.37143147 0.04620200
v -0.05167528 0.36731523 -0.08880349
v -0.03936708 0.37328309 -0.09675112
v -0.06769463 0.37077570 -0.06051183
v -0.06400076 0.36455023 -0.07332487
v -0.05627422 0.35725006 -0.08797050
v -0.06233343 0.30064517 -0.07872191
v -0.04680000 0.39755815 0.01077410
v -0.05558964 0.31335738 0.05242831
v -0.05467920 0.30887586 0.05168870
v -0.05585353 0.31819990 0.05372855
v -0.05291489 0.30425262 0.05331243
v -0.01515181 0.29644665 0.07619616
v -0.01473547 0.29441223 0.07823193
v -0.01438427 0.29195485 0.08031717
v -0.01801011 0.29174492 0.07617694
v -0.01740583 0.28879291 0.07817936
v -0.01115023 0.29236573 0.08543450
v -0.01151288 0.29494509 0.08300732
v -0.01378736 0.28947505 0.08234945
v -0.01323754 0.28634411 0.08426804
v -0.01102690 0.28933087 0.08786064
v -0.01720812 0.27376109 0.08109771
v -0.01832348 0.27846569 0.07944217
v -0.01585357 0.28275928 0.08121540
v -0.02112280 0.28591520 0.07700294
v -0.01997529 0.28254333 0.07846851
v -0.01668056 0.28609049 0.07984070
v -0.02225591 0.28924924 0.07492268
v -0.01396688 0.28285310 0.08670132
v -0.01483696 0.27974406 0.08967102
v -0.01154671 0.28593731 0.09101049
v -0.00987183 0.28820604 0.09418578
v -0.00926176 0.29173270 0.09099438
v -0.01864677 0.29396310 0.07432964
v -0.02335231 0.29178616 0.07329915
v -0.02345209 0.27901301 0.07811102
v -0.02796247 0.27564198 0.07802618
v -0.02565834 0.28341681 0.07639802
v -0.02993158 0.28066561 0.07632583
v -0.02679555 0.28703183 0.07446286
v -0.03127771 0.28455141 0.07427870
v -0.03207647 0.27202350 0.07785134
v -0.03552949 0.26801959 0.07702346
v -0.03872790 0.26304409 0.07555246
v -0.03844328 0.27309862 0.07527339
v -0.04209721 0.26764220 0.07367793
v -0.04039079 0.27812362 0.07313781
v -0.04467520 0.27312911 0.07148288
v -0.03456282 0.27722389 0.07607006
v -0.03618755 0.28154376 0.07387305
v -0.03245288 0.28827581 0.07220098
v -0.02800195 0.29018548 0.07261621
v -0.04150039 0.28928176 0.06882306
v -0.04136770 0.28377044 0.07099036
v -0.03700281 0.28616190 0.07166918
v -0.03748378 0.29065892 0.06962048
v -0.04623791 0.27990818 0.06914993
v -0.04591161 0.28756592 0.06732374
v -0.04504663 0.29250869 0.06555796
v -0.03119911 0.29903901 0.06839823
v -0.02636903 0.29963374 0.06905782
v -0.03474992 0.29875624 0.06741627
v -0.04113374 0.29326522 0.06712733
v -0.03771516 0.29399773 0.06823841
v -0.04865744 0.29983118 0.05903466
v -0.04643721 0.29905918 0.06117486
v -0.04089547 0.29855472 0.06499070
v -0.03808162 0.29859546 0.06633347
v -0.04384015 0.29873011 0.06321172
v -0.02185117 0.30127680 0.06894377
v -0.01725739 0.30323932 0.06886786
v -0.05505660 0.22390860 -0.02930125
v -0.00907719 0.29502973 0.08858589
v -0.00901593 0.29792449 0.08607077
v -0.01454145 0.32010123 0.07169267
v -0.01263966 0.31714097 0.07060272
v -0.00679386 0.31766912 0.07774310
v -0.01870562 0.32410654 0.07434128
v -0.01403138 0.30564329 0.06888112
v -0.01222114 0.30813906 0.06897966
v -0.01144813 0.31084129 0.06934945
v -0.01141253 0.31402177 0.06983507
v -0.02958897 0.33877811 0.07493722
v -0.02631279 0.33219567 0.07712296
v -0.05770928 0.35211253 0.04186061
v -0.06110751 0.34326261 0.03877550
v -0.04999299 0.33301985 0.06095795
v -0.05317860 0.32855323 0.05821642
v -0.05517152 0.32340458 0.05574383
v -0.06258866 0.33136111 0.03670156
v -0.06344888 0.31867880 0.03678079
v -0.06454466 0.30697185 0.03817038
v -0.04876258 0.38354331 0.03214977
v -0.04855738 0.38893676 0.02523450
v -0.04835197 0.37760422 0.03914044
v -0.03906601 0.40190259 0.01606994
v -0.03941683 0.39807585 0.02475384
v -0.04789912 0.39363584 0.01812576
v -0.04009980 0.39331752 0.03228334
v -0.04047745 0.38777497 0.03905847
v -0.03996602 0.38171944 0.04600549
v -0.03904499 0.37517732 0.05286578
v -0.03719446 0.36679894 0.06033410
v -0.04413964 0.22464913 -0.04577422
v -0.00726575 0.28410348 0.08716954
v -0.00657096 0.28426847 0.08789459
v -0.00619236 0.28371769 0.08660026
v -0.00549871 0.28385723 0.08729775
v -0.00528167 0.28247944 0.08688365
v -0.00653478 0.27508754 0.08972423
v -0.00500386 0.27693909 0.08834192
v -0.00463282 0.28043935 0.08712309
v -0.06709529 0.25637445 0.00070586
v -0.05548248 0.19040675 -0.02398416
v -0.05152364 0.19402845 -0.03615580
v 0.05548029 0.19041057 -0.02398480
v 0.05152032 0.19403198 -0.03615599
v 0.02037789 0.15924066 0.02686550
v 0.03143718 0.16315551 0.02117355
v 0.03270463 0.15477242 0.02005887
v 0.02117380 0.15131851 0.02507900
v 0.05840683 0.17253140 -0.02806781
v 0.05634178 0.18106006 -0.02421603
v 0.05331717 0.18510957 -0.03815296
v 0.05683447 0.17686252 -0.04260144
v 0.04676838 0.18746921 -0.05032883
v 0.05043893 0.17848483 -0.05511162
v 0.03992372 0.17871273 -0.06467834
v 0.03726076 0.18899313 -0.05970458
v 0.02579849 0.18930763 -0.06691649
v 0.02795186 0.17831920 -0.07137604
v 0.04255787 0.16791774 0.01336974
v 0.05139992 0.17283878 0.00261687
v 0.05186828 0.16340944 0.00167213
v 0.04313572 0.15929608 0.01241757
v 0.05629444 0.17766604 -0.01031483
v 0.05735658 0.16821830 -0.01256259
v 0.01449017 0.17896995 -0.07561181
v 0.01300620 0.19104527 -0.07068696
v 0.02391474 0.13239771 0.02380015
v 0.01163317 0.12996618 0.02522599
v 0.01113064 0.13959734 0.02595459
v 0.02279782 0.14185771 0.02379232
v 0.05501395 0.13157403 0.00652398
v 0.06986732 0.13905239 -0.00632775
v 0.07668562 0.13109937 -0.00170618
v 0.06103078 0.12244894 0.01148044
v 0.07252526 0.10116894 0.03125029
v 0.09683401 0.11063476 0.01687904
v 0.09437647 0.08955088 0.03723809
v 0.07430103 0.08310738 0.04333974
v 0.09264623 0.07097718 0.05315770
v 0.07454651 0.06548472 0.05636122
v 0.08755746 0.01951650 0.09139677
v 0.07014886 0.01779914 0.09421051
v 0.07158536 0.03391109 0.08239133
v 0.08912914 0.03604612 0.07938640
v 0.10155562 -0.08073499 0.12089793
v 0.08773817 -0.07621237 0.12704583
v 0.09594435 -0.05958319 0.12958097
v 0.10841154 -0.06171526 0.12506139
v 0.15699798 0.04275641 0.05396898
v 0.15864594 0.06147239 0.04563578
v 0.17081377 0.04943290 0.04561523
v 0.16730228 0.03065868 0.05110457
v 0.11274882 0.14397971 -0.03208749
v 0.10716603 0.13053954 -0.00840807
v 0.09553444 0.13464068 -0.01433358
v 0.10094768 0.14730310 -0.03501144
v 0.15496531 -0.04833513 0.07388923
v 0.14993571 -0.06145944 0.08211477
v 0.14615610 -0.05082591 0.09083333
v 0.14983384 -0.03813140 0.08372709
v 0.12044575 -0.15638599 0.07003451
v 0.10493180 -0.15746941 0.08606216
v 0.10484285 -0.13787028 0.08507806
v 0.11958938 -0.13668661 0.07000632
v 0.15444879 -0.11641329 0.00596927
v 0.15502369 -0.11723395 -0.01972484
v 0.15259479 -0.13251995 -0.02102279
v 0.15284687 -0.13248082 0.00471930
v 0.11778505 0.01980747 0.08323284
v 0.10353568 0.02024534 0.08764867
v 0.10551731 0.03702792 0.07602154
v 0.12026156 0.03707416 0.07225765
v 0.34426966 0.06107420 0.00335723
v 0.34618065 0.04303820 0.00466975
v 0.32201824 0.04679142 0.00635646
v 0.32005039 0.06480668 0.00488924
v 0.15252532 -0.22712998 0.01431118
v 0.15169650 -0.22374731 -0.01060280
v 0.15373644 -0.24165009 -0.00886588
v 0.15359071 -0.24534580 0.01625454
v 0.19884405 0.11198006 0.01549781
v 0.19971949 0.12984300 -0.00585701
v 0.21158278 0.12533054 -0.00494097
v 0.21264440 0.10626490 0.01460247
v 0.15028100 0.01120594 0.06805554
v 0.15403973 0.02662780 0.06144448
v 0.16269630 0.01607481 0.05622803
v 0.15817782 0.00295598 0.06129397
v 0.16657573 -0.08779003 -0.02273304
v 0.16674846 -0.08661017 -0.00011382
v 0.17084533 -0.06987062 -0.00524211
v 0.17104964 -0.07115973 -0.02570888
v 0.16158782 -0.10253383 0.00379891
v 0.16140293 -0.10371001 -0.02068184
v 0.14104484 0.01590419 0.07332640
v 0.13023984 0.01836658 0.07843645
v 0.13298090 0.03628623 0.06842176
v 0.14382869 0.03402443 0.06478131
v 0.09444018 -0.09672080 0.11171503
v 0.07828558 -0.09115555 0.11991473
v 0.14684477 -0.24996050 0.04050042
v 0.13513136 -0.25486240 0.06177518
v 0.13508597 -0.23557627 0.05988605
v 0.14665745 -0.23125729 0.03865695
v 0.08741029 -0.12109189 0.09459988
v 0.08916323 -0.10880894 0.10096600
v 0.10476065 -0.10993690 0.09210480
v 0.10287026 -0.12164576 0.08400755
v 0.11956783 -0.25912401 0.07996722
v 0.10182872 -0.26321605 0.09652080
v 0.10083555 -0.24255212 0.09304083
v 0.11907107 -0.23947281 0.07761861
v 0.09081117 0.05331868 0.06704760
v 0.07333449 0.04948467 0.06988938
v 0.12541111 -0.08086794 0.10538141
v 0.11428306 -0.08180846 0.11355469
v 0.12012465 -0.06255425 0.11797081
v 0.12982333 -0.06236261 0.10970866
v 0.17517777 0.01535047 0.04387689
v 0.18507364 0.03284761 0.03948175
v 0.18655117 0.00938482 0.02620162
v 0.17685479 -0.00010198 0.03101056
v 0.15655740 -0.25810337 -0.00780401
v 0.15612969 -0.26231182 0.01752143
v 0.12173847 -0.27882424 0.08238775
v 0.10362620 -0.28379211 0.09920958
v 0.20262890 -0.00994620 -0.02758227
v 0.21249108 -0.00242755 -0.03121441
v 0.21443193 -0.00537057 -0.04359539
v 0.20537999 -0.01191185 -0.04132435
v 0.05461914 -0.05712727 0.13037865
v 0.07048094 -0.04775797 0.13163911
v 0.07631423 -0.06510362 0.13148901
v 0.06323852 -0.07828932 0.12702620
v 0.12128592 -0.09688833 0.09496281
v 0.11867556 -0.10870430 0.08288907
v 0.10873129 -0.09807893 0.10340187
v 0.03813912 -0.06736425 0.12481042
v 0.04811894 -0.09325555 0.11700140
v 0.05477723 0.04457986 0.07213067
v 0.05332144 0.03041560 0.08460625
v 0.05519303 0.06026530 0.06023659
v 0.03589899 0.05555288 0.06412781
v 0.03466819 0.07200314 0.05346615
v 0.05402038 0.07676414 0.04900290
v 0.03240367 0.08875939 0.04466023
v 0.05145573 0.09380284 0.03921865
v 0.03917495 0.12571719 0.01701340
v 0.04327350 0.11673234 0.02205093
v 0.16860719 0.00325065 0.04788008
v 0.16377613 -0.00800629 0.05207818
v 0.13752060 -0.27354693 0.06365035
v 0.12038349 0.07035946 -0.11727604
v 0.11698879 0.05285239 -0.12136522
v 0.13466498 0.05629516 -0.11322241
v 0.13778831 0.07341707 -0.10893112
v 0.12304034 0.14446403 -0.02971391
v 0.12085647 0.13233070 -0.00416537
v 0.17733729 -0.00766476 -0.08373376
v 0.18899700 -0.00324168 -0.08020766
v 0.18828982 0.00490024 -0.08460557
v 0.17543057 0.00130329 -0.08860330
v 0.21644583 0.00400468 -0.06882983
v 0.21622296 -0.00207703 -0.06251866
v 0.23521391 0.00467755 -0.06595570
v 0.23447981 0.01142071 -0.07302872
v 0.14764924 -0.23844700 -0.03241794
v 0.14447840 -0.22067662 -0.03437310
v 0.13144082 -0.10454644 -0.08510968
v 0.00000100 0.16981120 -0.08365542
v 0.00000010 0.18093304 -0.07744478
v 0.14273195 -0.11174265 -0.06527894
v 0.15128148 -0.09580155 -0.06458753
v 0.14138293 -0.08776401 -0.08278449
v 0.01879951 0.04234385 -0.11526780
v 0.01851535 0.02629606 -0.11710988
v 0.03832512 0.03055684 -0.12125620
v 0.03859589 0.04657083 -0.11904924
v 0.08089408 0.07643390 -0.12252380
v 0.08232958 0.09233614 -0.11879320
v 0.05915097 0.08371781 -0.11778589
v 0.05878553 0.06874130 -0.12076896
v 0.10027722 0.06553144 -0.12339735
v 0.09750688 0.04782935 -0.12669997
v 0.16929661 -0.06944734 -0.04477125
v 0.16325365 -0.08514025 -0.04378156
v 0.18185222 -0.03750602 -0.03417575
v 0.18105178 -0.03681444 -0.04964111
v 0.17738111 -0.04540044 -0.04836815
v 0.17861725 -0.04590439 -0.03190456
v 0.09143587 0.15156458 -0.03825559
v 0.08816829 0.15623151 -0.05930649
v 0.09937646 0.15255205 -0.05732635
v 0.05247821 0.13356790 -0.09851121
v 0.05293507 0.12701370 -0.10212953
v 0.06631546 0.13285622 -0.09820297
v 0.06278427 0.13840604 -0.09452167
v 0.04084557 -0.03849478 -0.12736663
v 0.01961969 -0.03869508 -0.12582192
v 0.02006065 -0.06104463 -0.12405695
v 0.04268515 -0.06216728 -0.12520780
v 0.19119045 -0.01588453 -0.06948284
v 0.18154103 -0.02185464 -0.07136053
v 0.18399860 -0.02687071 -0.06240676
v 0.19234672 -0.02077508 -0.06175295
v 0.17412020 -0.04214896 -0.06200409
v 0.17831200 -0.03368220 -0.06225702
v 0.17475677 -0.02850392 -0.07251418
v 0.16945924 -0.03668094 -0.07371365
v 0.15010743 -0.07205088 -0.07903486
v 0.15799429 -0.07928070 -0.06251660
v 0.16514881 -0.06459781 -0.06161612
v 0.15874845 -0.05812043 -0.07689618
v 0.01842992 -0.13272488 -0.10893729
v 0.03740916 -0.13547507 -0.11105136
v 0.03872050 -0.11162756 -0.11594029
v 0.01878922 -0.10996833 -0.11560226
v 0.22748655 0.01650812 -0.00996618
v 0.22767562 0.02501372 0.00391119
v 0.24198717 0.02557814 0.00026598
v 0.24473052 0.01668258 -0.01418791
v 0.25023732 0.04788507 -0.09188525
v 0.23959696 0.04193928 -0.09084050
v 0.24123670 0.03457456 -0.08890814
v 0.25158015 0.04108635 -0.09090170
v 0.26783910 0.00704169 -0.03036756
v 0.26313102 0.01482967 -0.01706076
v 0.28415945 0.01229233 -0.01951277
v 0.28810704 0.00457861 -0.03343688
v 0.13518061 0.14349364 -0.05702504
v 0.13425668 0.14469256 -0.02785670
v 0.12472561 0.14727090 -0.05699548
v 0.27035633 0.00045240 -0.05490867
v 0.26917514 0.00372481 -0.06626840
v 0.25191754 0.00241445 -0.06147029
v 0.25270465 0.00099359 -0.05049687
v 0.31879345 0.08183216 -0.00505852
v 0.34278888 0.07812493 -0.00633682
v 0.31181911 0.00008892 -0.04889240
v 0.31267196 0.00215100 -0.06201918
v 0.29122898 0.00075111 -0.05883726
v 0.29103944 -0.00001405 -0.04647166
v 0.12214585 -0.12040348 -0.08438127
v 0.13560869 -0.12701380 -0.06603761
v 0.12112290 -0.23417170 -0.07021776
v 0.13643689 -0.23592725 -0.05325804
v 0.13174194 -0.21738313 -0.05527579
v 0.11615477 -0.21484397 -0.07189617
v 0.15039079 -0.25525093 -0.03163696
v 0.12401913 -0.25273475 -0.06874825
v 0.13911836 -0.25345445 -0.05208573
v 0.06982109 0.16389261 -0.05542498
v 0.05801379 0.16410004 -0.07054404
v 0.06686736 0.15815669 -0.07410417
v 0.07810072 0.15989336 -0.05921416
v 0.18541788 -0.36990714 -0.03821041
v 0.18519250 -0.39914474 -0.04331816
v 0.19098115 -0.40002856 -0.01209338
v 0.18952426 -0.37230387 -0.00734751
v 0.03586812 0.14797686 -0.09167455
v 0.05218672 0.15378754 -0.08408714
v 0.04359838 0.16086057 -0.08010457
v 0.03054730 0.15669492 -0.08717880
v 0.18645836 -0.34680468 -0.00634286
v 0.18279608 -0.34224522 -0.03557321
v 0.08161666 0.15520515 -0.03855997
v 0.07226868 0.15931524 -0.03599965
v 0.07844104 0.14725854 -0.02117028
v 0.06905775 0.15216304 -0.01976904
v 0.06109963 0.14590871 -0.00492059
v 0.19059762 -0.40612894 0.01771027
v 0.18702513 -0.37956625 0.02003568
v 0.05579790 0.17088257 -0.06134637
v 0.04385047 0.17000973 -0.07154435
v 0.02898308 0.16769983 -0.07953788
v 0.01340075 0.16746746 -0.08341239
v 0.15667604 -0.27169132 -0.03257977
v 0.16204032 -0.27472207 -0.00739988
v 0.12931126 -0.50852168 -0.11585323
v 0.10041967 -0.51200283 -0.12441221
v 0.09786855 -0.52597654 -0.11345459
v 0.13234833 -0.52383322 -0.10502136
v 0.02828673 -0.49971625 -0.12630250
v 0.02390366 -0.51366740 -0.10960811
v 0.06068218 -0.52215284 -0.11408354
v 0.06621066 -0.50867319 -0.12774572
v 0.06577913 -0.37730339 -0.14432591
v 0.06647953 -0.35464394 -0.13547696
v 0.03566946 -0.35518336 -0.13639553
v 0.03468973 -0.37785587 -0.14431493
v 0.13036464 -0.26976913 -0.07140522
v 0.14556573 -0.27017090 -0.05405412
v 0.16041157 -0.27912641 0.01880053
v 0.19871736 -0.54030484 -0.01475248
v 0.19191770 -0.57589579 -0.01769339
v 0.18761414 -0.58160800 0.02132320
v 0.19257735 -0.54550976 0.02681951
v 0.15585442 -0.57075453 -0.07824876
v 0.16198389 -0.54175800 -0.08161202
v 0.12825079 -0.54434574 -0.09796496
v 0.12242689 -0.56929541 -0.09306863
v 0.08457844 -0.28819394 0.11459480
v 0.10489124 -0.30425516 0.09981421
v 0.08530284 -0.30946401 0.11489826
v 0.02429154 -0.29826805 0.13933468
v 0.04626200 -0.29522094 0.13474260
v 0.04439857 -0.31730056 0.13518269
v 0.02266941 -0.32023907 0.13953277
v 0.02829985 -0.43340138 0.11336490
v 0.01285544 -0.43284753 0.11549385
v 0.01533945 -0.41089961 0.12103067
v 0.03357365 -0.41016957 0.11853536
v 0.17718673 -0.38753909 0.04619187
v 0.15972745 -0.39541391 0.06785319
v 0.15563807 -0.37313426 0.06693727
v 0.17220229 -0.36455056 0.04566162
v 0.02018232 -0.52379996 -0.08871401
v 0.05397350 -0.53304970 -0.09641098
v 0.17072994 -0.58609021 0.05831127
v 0.17316651 -0.54964870 0.06370687
v 0.14223243 -0.59060830 0.08499933
v 0.10763495 -0.59022081 0.09578088
v 0.11073773 -0.55820155 0.09932366
v 0.14524247 -0.55512971 0.08839093
v 0.02995387 -0.50389379 0.07904784
v 0.01280602 -0.51897752 0.05526966
v 0.01168362 -0.51238590 0.06006194
v 0.02539844 -0.49278772 0.08537237
v 0.03085256 -0.48449269 -0.13756558
v 0.06575977 -0.49197587 -0.13839546
v 0.06476361 -0.47274178 -0.14629409
v 0.03143610 -0.46712309 -0.14517981
v 0.10638360 -0.25250003 -0.08095251
v 0.11209004 -0.27052373 -0.08458897
v 0.08743628 -0.25236642 -0.08894141
v 0.10338955 -0.23275112 -0.08230555
v 0.08396939 -0.23158982 -0.08954115
v 0.08581124 -0.10250342 -0.11028349
v 0.10517868 -0.11255649 -0.09927212
v 0.11520376 -0.09586351 -0.10146599
v 0.09597123 -0.08330819 -0.11331561
v 0.05815915 0.03624086 -0.12559710
v 0.05850821 0.05294174 -0.12353107
v 0.08382489 -0.56189895 -0.09729565
v 0.04285389 -0.54589403 -0.08387040
v 0.05077967 -0.58423609 -0.08567838
v 0.08676028 -0.59122145 -0.09327117
v 0.17289978 -0.60329169 -0.05316916
v 0.18083811 -0.57148284 -0.05280164
v 0.14997487 -0.60016501 -0.07631442
v 0.18432006 -0.60916895 -0.01993296
v 0.18151356 -0.61528331 0.01848617
v 0.13799484 -0.62386066 0.08126647
v 0.10365690 -0.62252611 0.09068108
v 0.02045597 -0.58329225 0.05503693
v 0.04284400 -0.58642340 0.07526151
v 0.03996252 -0.61252618 0.06696349
v 0.01932878 -0.60695559 0.04508638
v 0.07111201 -0.43947807 0.10380150
v 0.10735770 -0.42059827 0.09523546
v 0.10987920 -0.44422981 0.09575237
v 0.07922874 -0.46276951 0.09963951
v 0.02915183 -0.27621278 0.13686611
v 0.04674702 -0.27273479 0.13274698
v 0.06528221 -0.29204777 0.12686759
v 0.06449711 -0.26964837 0.12492909
v 0.08324860 -0.26663157 0.11225409
v 0.04597019 -0.17880975 0.12628996
v 0.06728718 -0.17895439 0.11672696
v 0.06486505 -0.20109110 0.11919031
v 0.04431557 -0.20156364 0.12900656
v 0.04795836 -0.15576859 0.12260666
v 0.06989809 -0.15634303 0.11395082
v 0.04784565 -0.11337687 0.10868594
v 0.07034382 -0.10421822 0.10945743
v 0.06907430 -0.11799181 0.10318559
v 0.03593460 0.03973494 0.07495487
v 0.03516737 0.02531996 0.08592154
v 0.18220250 -0.41270447 0.04568233
v 0.01399890 -0.55267489 -0.05638923
v 0.00262524 -0.56230521 -0.02730139
v 0.00619535 -0.58837163 -0.03758844
v 0.02186031 -0.58366531 -0.06535102
v 0.18254842 -0.35534561 0.02096909
v 0.14925590 -0.26778510 0.04206086
v 0.15271392 -0.28518301 0.04337089
v 0.14556661 -0.13144067 0.03055011
v 0.14653692 -0.11196811 0.03650703
v 0.08481623 -0.04223277 0.12994555
v 0.08593088 -0.05535391 0.13156664
v 0.18818350 -0.53809428 -0.05256248
v 0.12663001 -0.68407255 0.06998714
v 0.09350925 -0.68317294 0.07654339
v 0.09920702 -0.65346098 0.08398868
v 0.13243350 -0.65501946 0.07597637
v 0.00990721 -0.62888891 0.00859536
v 0.01980557 -0.63385862 0.03421086
v 0.02197830 -0.66265488 0.02374386
v 0.01421633 -0.65810168 -0.00181867
v 0.01844204 -0.68757463 -0.01043510
v 0.02374151 -0.69306171 0.01575467
v 0.02435032 -0.72169232 0.00540436
v 0.02117143 -0.71627748 -0.01914022
v 0.16485095 -0.62139964 0.05489884
v 0.16667961 -0.67697465 0.01579408
v 0.15272672 -0.68225974 0.04741645
v 0.15862000 -0.65287405 0.05133025
v 0.17340177 -0.64705002 0.01737754
v 0.12082022 -0.59708929 -0.08948988
v 0.00700315 -0.60186279 0.01981841
v 0.00638028 -0.57959437 0.03095872
v 0.02224369 -0.65198344 -0.05211707
v 0.03850245 -0.65046555 -0.07432852
v 0.03019658 -0.61829662 -0.07060091
v 0.01367475 -0.62019390 -0.04557253
v 0.14613666 -0.65707117 -0.07279920
v 0.16356005 -0.66230112 -0.04935759
v 0.16772774 -0.63320935 -0.05054847
v 0.14793983 -0.62884128 -0.07401635
v 0.17024387 -0.66941178 -0.01843111
v 0.17669639 -0.63977987 -0.01840864
v 0.15497717 -0.73432094 0.01253263
v 0.13920936 -0.73894715 0.03974967
v 0.14638361 -0.71118402 0.04377377
v 0.16070253 -0.70619476 0.01412926
v 0.16040531 -0.72642624 -0.01975923
v 0.16520438 -0.69804794 -0.01914813
v 0.16027047 -0.69039857 -0.04879352
v 0.15673319 -0.71846008 -0.04778409
v 0.14201553 -0.71209812 -0.06930935
v 0.14441344 -0.68454921 -0.07149354
v 0.12200580 -0.68117940 -0.08656649
v 0.12206777 -0.70804620 -0.08430221
v 0.09621605 -0.67907017 -0.09230366
v 0.06931235 -0.67848992 -0.08849137
v 0.07449939 -0.70535368 -0.08769817
v 0.09914423 -0.70592541 -0.08993509
v 0.03497637 -0.70902294 -0.06287111
v 0.05205437 -0.70668745 -0.07908632
v 0.04558337 -0.67956823 -0.07700971
v 0.02932236 -0.68155074 -0.05747953
v 0.05549338 -0.81548411 -0.08207675
v 0.07461087 -0.81289184 -0.08511350
v 0.06832372 -0.78537959 -0.08471382
v 0.04856029 -0.78785026 -0.07934907
v 0.09244583 -0.81073833 -0.08945878
v 0.11151084 -0.81074560 -0.08949900
v 0.10649645 -0.78406239 -0.08647138
v 0.08785817 -0.78434741 -0.08596548
v 0.13726917 -0.79048151 -0.06337836
v 0.12401325 -0.78575379 -0.07956740
v 0.12846369 -0.81245291 -0.08152531
v 0.14004925 -0.81701577 -0.06479361
v 0.15148790 -0.82311636 -0.04513570
v 0.15119091 -0.79707706 -0.04470860
v 0.14958717 -0.82961619 -0.02280440
v 0.15296592 -0.80448985 -0.02147102
v 0.13815893 -0.81091845 0.00346673
v 0.13533685 -0.83488524 0.00094575
v 0.03061821 -0.82973921 -0.03465401
v 0.03050165 -0.82358629 -0.05510989
v 0.02455147 -0.79638970 -0.04753009
v 0.02696739 -0.80287868 -0.02716714
v 0.05450314 -0.81224221 0.01295381
v 0.07212281 -0.81481713 0.03518209
v 0.07130324 -0.83970666 0.02342682
v 0.05618430 -0.83777410 0.00050481
v 0.15638800 -0.75294167 -0.02041874
v 0.14920999 -0.76115859 0.01041950
v 0.13911025 -0.73871833 -0.06657623
v 0.15331037 -0.74524254 -0.04638787
v 0.03960401 -0.73528355 -0.06850524
v 0.05776591 -0.73278594 -0.08109555
v 0.02458553 -0.74935287 -0.00559352
v 0.02206143 -0.74351811 -0.02859256
v 0.10616942 -0.76573813 0.05095027
v 0.13181186 -0.76515627 0.03590635
v 0.12586433 -0.79048795 0.03260214
v 0.10159312 -0.79152340 0.04701710
v 0.15383993 -0.77909356 -0.02104012
v 0.15126514 -0.77114946 -0.04527239
v 0.13721216 -0.76450574 -0.06427019
v 0.12221754 -0.76008767 -0.07964607
v 0.10374711 -0.75827956 -0.08573409
v 0.08376118 -0.75795305 -0.08516482
v 0.06295961 -0.75877750 -0.08302882
v 0.04387791 -0.76111364 -0.07423186
v 0.02307734 -0.76998872 -0.03837509
v 0.02596129 -0.77630031 -0.01705584
v 0.09780705 -0.81663722 0.04192369
v 0.12236931 -0.81492811 0.02746106
v 0.12210173 -0.83793861 0.02144087
v 0.09558669 -0.83934408 0.03126482
v 0.09496056 -0.86114222 0.02021108
v 0.07315335 -0.86123735 0.01221407
v 0.09810313 -0.83871019 -0.09291651
v 0.11562095 -0.83830929 -0.09131532
v 0.13171263 -0.84005070 -0.08308993
v 0.15320224 -0.84847224 -0.04779503
v 0.14708045 -0.85554272 -0.02228065
v 0.13343018 -0.86062574 0.00000358
v 0.11830212 -0.85988396 0.01567627
v 0.04536132 -0.87788099 -0.06274304
v 0.03909656 -0.84992570 -0.05835354
v 0.03761050 -0.85416156 -0.04022523
v 0.04428784 -0.88191199 -0.04433887
v 0.06589544 -0.87209398 -0.08982036
v 0.08295392 -0.86896217 -0.09935172
v 0.08027527 -0.84075135 -0.08674917
v 0.06405948 -0.84425813 -0.08088092
v 0.10231035 -0.86703581 -0.10287876
v 0.12164257 -0.86671191 -0.09881382
v 0.13901846 -0.86726034 -0.08972813
v 0.14546026 -0.84296024 -0.06850236
v 0.15228564 -0.87008464 -0.07309342
v 0.15481372 -0.87584502 -0.04908340
v 0.14731072 -0.88299006 -0.01852759
v 0.12890616 -0.91864055 -0.00169972
v 0.12515619 -0.88868386 0.00050491
v 0.15076455 -0.91248059 -0.01908642
v 0.10390490 -1.01622963 -0.01628747
v 0.12934180 -1.01387715 -0.01572216
v 0.12611043 -1.04809785 -0.02253514
v 0.10355945 -1.05066180 -0.02264168
v 0.04714099 -0.91096848 -0.04883341
v 0.04656141 -0.90854877 -0.07006160
v 0.06577837 -0.90274167 -0.10065484
v 0.08495034 -0.89934093 -0.11036066
v 0.16435143 -0.93605173 -0.05417754
v 0.15998870 -0.90512139 -0.04936460
v 0.15779169 -0.89930570 -0.07637591
v 0.16138212 -0.93085557 -0.08157930
v 0.04594831 -1.00853050 -0.06242588
v 0.04539491 -1.00671387 -0.08364147
v 0.04351250 -0.97319591 -0.08108981
v 0.04419135 -0.97514588 -0.05825899
v 0.06439317 -0.93523240 -0.10806800
v 0.06410402 -0.96855485 -0.11308882
v 0.08303439 -0.96535087 -0.12344949
v 0.08389227 -0.93179661 -0.11856933
v 0.16134053 -1.00464666 -0.06138093
v 0.16486748 -0.96925259 -0.05826167
v 0.16260079 -0.96505684 -0.08527072
v 0.15971807 -1.00138831 -0.08733281
v 0.15447754 -0.94267058 -0.02418571
v 0.15446109 -0.97460216 -0.02965936
v 0.13193442 -0.98062187 -0.01039276
v 0.13046391 -0.94855690 -0.00500154
v 0.10416353 -0.98248029 -0.01014629
v 0.10179774 -0.95068592 -0.00539221
v -0.00000056 -0.50684595 0.06725159
v -0.00000099 -0.51790625 0.04509671
v -0.00000107 -0.51921481 0.02777125
v 0.05960739 -1.07926607 -0.08364236
v 0.05225091 -1.04229820 -0.08400728
v 0.05228140 -1.04504883 -0.06436461
v 0.05991711 -1.08261406 -0.06617200
v 0.08533790 -1.00079489 -0.12414277
v 0.06640270 -1.00274312 -0.11501090
v 0.07142152 -1.03902483 -0.11185188
v 0.08864512 -1.03759813 -0.12015793
v 0.14922185 -1.08082461 -0.06601938
v 0.15587367 -1.04197145 -0.06395954
v 0.15378077 -1.03980684 -0.08775385
v 0.14633358 -1.07858396 -0.08803299
v 0.12344266 -1.08537543 -0.02964189
v 0.14723465 -1.04462028 -0.03779098
v 0.14224234 -1.08320963 -0.04366148
v 0.11851121 -1.12232208 -0.03374995
v 0.10047822 -1.12419820 -0.03328599
v 0.10234883 -1.08732426 -0.02901050
v 0.06638411 -1.11800826 -0.06710963
v 0.06454226 -1.11541331 -0.08268774
v 0.08990809 -1.11033404 -0.11217596
v 0.09064658 -1.07446420 -0.11522446
v 0.07531603 -1.07619655 -0.10753794
v 0.07634640 -1.11232519 -0.10442134
v 0.12521732 -1.07650316 -0.11290892
v 0.10820285 -1.07473171 -0.11715572
v 0.10655191 -1.11033201 -0.11374410
v 0.12207595 -1.11226821 -0.10908893
v 0.13821526 -1.11375809 -0.08684874
v 0.13814667 -1.07740259 -0.10306828
v 0.13168336 -1.11306643 -0.09993890
v 0.14207250 -1.11574364 -0.06656217
v 0.13638026 -1.11931813 -0.04591565
v 0.00384956 -0.52750224 -0.03156893
v 0.00044829 -0.53799164 -0.00245564
v 0.00212152 -0.54639429 -0.01464500
v 0.01033401 -0.53377706 -0.04356321
v 0.03949133 -0.64060581 0.05858617
v 0.03823128 -0.67087501 0.04907808
v 0.03630765 -0.72838426 0.02916427
v 0.03813631 -0.70072377 0.04029068
v 0.03630751 -0.75580496 0.01711869
v 0.03736718 -0.78272134 0.00478738
v 0.03819415 -0.80922228 -0.00765083
v 0.04053015 -0.83459270 -0.01749569
v 0.04615735 -0.85959500 -0.02278651
v 0.05177656 -0.88661188 -0.02461915
v 0.05637080 -0.94438553 -0.03261733
v 0.04571701 -0.94248903 -0.05373918
v 0.05591797 -0.91448343 -0.02825725
v 0.05730975 -1.01134372 -0.04041213
v 0.05587594 -0.97698265 -0.03646545
v 0.06254523 -1.04852796 -0.04483518
v 0.06856165 -1.08613861 -0.04951245
v 0.07444482 -1.12114787 -0.05210885
v 0.07977374 -0.53285271 0.09800541
v 0.04977750 -0.53955829 0.08680392
v 0.05308127 -0.51984948 0.09033208
v 0.08199586 -0.50778717 0.09875463
v 0.00605260 -0.52320981 0.03673175
v 0.00234808 -0.52320510 0.02102852
v 0.00280705 -0.52006912 0.02539980
v 0.00629949 -0.51885736 0.04104636
v 0.14361724 -0.78615671 0.00747257
v 0.12171400 -0.73439902 -0.08137722
v 0.10144842 -0.73220974 -0.08694515
v 0.07939435 -0.73161578 -0.08613265
v -0.00000090 -0.51681572 0.01183968
v 0.05353383 -0.76111799 0.03857209
v 0.07742422 -0.76429176 0.05168045
v 0.07399077 -0.79012579 0.04415120
v 0.05165408 -0.78781337 0.02778049
v 0.09830088 -0.92368585 -0.00226101
v 0.07655381 -0.94832057 -0.01635816
v 0.07419826 -0.91961670 -0.01132596
v 0.09680108 -0.89902526 0.00256783
v 0.12810549 -0.89582896 -0.10781427
v 0.14590028 -0.89627540 -0.09641588
v 0.13078825 -0.92713869 -0.11666063
v 0.10707942 -0.89657074 -0.11228310
v 0.10761386 -0.92874563 -0.12138921
v 0.05988545 -0.70808810 0.05946442
v 0.08763170 -0.71151161 0.06833526
v 0.08227918 -0.73838460 0.05961661
v 0.05619352 -0.73468894 0.04913489
v 0.12602274 -0.19938372 -0.05744620
v 0.11099914 -0.19575328 -0.07343125
v 0.14357492 -0.08537774 0.07741800
v 0.14445241 -0.09746907 0.05990712
v 0.13210832 -0.10502576 0.07173852
v 0.13270998 -0.09328462 0.08608159
v 0.15202066 -0.07456821 0.06964301
v 0.15366721 -0.08651590 0.05187311
v 0.15810464 -0.06139066 0.06162637
v 0.00000155 0.11787810 -0.10122735
v 0.00000138 0.13027541 -0.09884357
v 0.16037005 -0.07327791 0.04460759
v 0.17907506 -0.01043625 0.01490956
v 0.18622963 -0.00356833 0.00910338
v 0.04889739 -0.13352981 0.11684107
v 0.02496092 -0.13416120 0.12073067
v 0.02467302 -0.11447291 0.11277798
v 0.06508251 -0.31387040 0.12720218
v 0.04627618 -0.43572596 0.10941605
v 0.05432673 -0.40905663 0.11365433
v 0.07884347 -0.40547445 0.10640085
v 0.00832476 -0.49539855 0.08227486
v 0.05943335 -0.11573999 -0.11294149
v 0.05738766 -0.13962162 -0.10907000
v 0.03885854 0.06207130 -0.11646204
v 0.01884330 0.05776653 -0.11321744
v 0.03826227 0.08981405 -0.11144186
v 0.03730413 0.10211066 -0.10905002
v 0.01826401 0.09750567 -0.10718969
v 0.00000137 -0.18054940 0.13126367
v 0.00000078 -0.20233893 0.13445291
v 0.01877140 0.08527647 -0.10927851
v 0.01864752 0.14585191 -0.09472322
v 0.00000301 -0.11660320 0.11342599
v 0.00000307 -0.13664454 0.12059034
v 0.01608132 0.15726288 -0.08964903
v 0.00154209 -0.52749485 0.01663063
v 0.00004234 -0.52232426 -0.00575122
v 0.00035654 -0.52053368 0.00363320
v 0.02305183 -0.56253916 0.06350367
v 0.00761842 -0.56160313 0.04090823
v 0.00971188 -0.54748809 0.04843478
v 0.02598437 -0.54524904 0.06993123
v 0.19475071 -0.50901532 0.03326915
v 0.20237675 -0.50358534 -0.00774898
v 0.09128627 -0.54093176 -0.10285630
v 0.35901639 0.00419908 -0.06462289
v 0.35994536 0.01325209 -0.07534890
v 0.33599639 0.01123506 -0.07504737
v 0.33536226 0.00302846 -0.06366052
v 0.06467538 -0.03759367 -0.12746991
v 0.07248008 -0.06499353 -0.12245946
v 0.08632790 0.14161678 -0.01890778
v 0.15664081 0.14258580 -0.02220230
v 0.15369201 0.13317397 0.00312650
v 0.14372164 0.13409211 -0.00074158
v 0.14542055 0.14395519 -0.02553185
v -0.00000077 -0.51338357 -0.00289201
v 0.15379941 0.09218354 -0.09634253
v 0.15487073 0.10920262 -0.08630510
v 0.14290911 0.10907024 -0.09279259
v 0.14076830 0.09094889 -0.10286829
v 0.03302001 -0.40175217 -0.15004310
v 0.06425456 -0.40149024 -0.15074922
v 0.03885160 -0.20510627 -0.09624345
v 0.05951288 -0.20805238 -0.09585151
v 0.05709200 -0.18637878 -0.10006691
v -0.00000083 -0.51269829 -0.05503918
v -0.00000079 -0.50918680 -0.06570236
v 0.03719876 -0.18277220 -0.10085867
v 0.09630066 -0.05122931 -0.12028836
v 0.11159386 -0.06739888 -0.11101039
v 0.03357688 -0.02116310 0.11645252
v 0.05112435 -0.01684920 0.11758250
v 0.05189837 -0.03541814 0.12632956
v 0.03446520 -0.04182789 0.12385178
v 0.30124050 0.04011709 -0.08940843
v 0.28155091 0.02871133 -0.08765113
v 0.28730801 0.01575331 -0.08069771
v 0.30924624 0.02068208 -0.08341193
v 0.19128525 -0.49856725 -0.05320445
v 0.16446608 -0.51523691 -0.08738850
v 0.14154188 -0.16671205 -0.04445492
v 0.12901357 -0.16315059 -0.06680790
v 0.12528042 -0.18197568 -0.06181014
v 0.13829829 -0.18538457 -0.04057289
v 0.15040968 -0.11574056 -0.04343356
v 0.14604801 -0.13089782 -0.04478468
v 0.15759683 -0.10130012 -0.04365415
v 0.20595630 -0.01107770 -0.05279994
v 0.21556258 -0.00567975 -0.05424065
v 0.20584992 -0.00751675 -0.06119877
v 0.04598058 -0.56172872 0.08211993
v 0.05316250 -0.48402420 0.09483379
v 0.04668892 -0.46965012 0.09944671
v 0.00135147 -0.51794964 0.00971802
v 0.06169739 0.15895940 -0.01657018
v 0.05549089 0.15422516 -0.00202832
v 0.25167787 0.00374914 -0.03882576
v 0.27036977 0.00201309 -0.04298837
v 0.19195884 -0.02048541 -0.02355157
v 0.19390702 -0.02371755 -0.03876428
v 0.18666339 -0.03059595 -0.03648834
v 0.18508255 -0.02731230 -0.01979956
v 0.19382595 -0.02348771 -0.05156131
v 0.18614611 -0.03014435 -0.05084153
v 0.13503787 0.05499883 0.05760700
v 0.13657068 0.07331428 0.04594748
v 0.14778697 0.06907240 0.04524554
v 0.14636604 0.05095048 0.05549452
v 0.12226948 0.05551279 0.06046325
v 0.10745152 0.05488072 0.06357227
v 0.10933888 0.07358454 0.04981956
v 0.12422626 0.07440209 0.04756738
v 0.06767059 0.11506201 0.02107340
v 0.08469584 0.12335274 0.00566035
v 0.04788189 0.10770451 0.03091220
v 0.02997437 0.10263624 0.03743069
v 0.01959804 0.13343321 -0.09895623
v 0.01893564 0.12083128 -0.10207126
v 0.03730232 0.12465850 -0.10250650
v 0.03994190 0.13653538 -0.09738252
v 0.04869398 0.14234334 0.00742281
v 0.03666616 0.13588794 0.01669746
v 0.02499066 0.12209996 0.02520423
v 0.31878817 0.09269737 -0.01930508
v 0.34218159 0.08813676 -0.01958545
v 0.06350070 0.16951141 -0.04758948
v 0.06472100 0.16455121 -0.03205057
v 0.31885105 0.09782753 -0.03649610
v 0.34265792 0.09269360 -0.03632772
v 0.13298021 0.13331312 -0.00268999
v 0.14147517 0.11444424 0.01797144
v 0.13048181 0.11355440 0.01735370
v 0.04530113 0.15125614 0.00994273
v 0.03484987 0.14524092 0.01821559
v 0.20002908 -0.46688697 0.00308387
v 0.19249821 -0.47270209 0.03929748
v 0.14542496 -0.21217886 0.03597037
v 0.14998600 -0.20880100 0.01175429
v 0.02335235 -0.17948441 0.13095213
v 0.02231050 -0.20254008 0.13402314
v 0.01038101 0.14909878 0.02832374
v 0.04446887 -0.24937946 0.13152942
v 0.02242056 -0.25354159 0.13541514
v 0.02215351 -0.22703543 0.13524325
v 0.04371358 -0.22506028 0.13067763
v 0.01344551 -0.29001909 0.13986664
v 0.01472723 -0.27818975 0.13788603
v 0.01128964 -0.45154220 0.11029845
v 0.02342973 -0.45265225 0.10885179
v 0.24389732 0.07799953 0.01546057
v 0.24065439 0.09819151 0.00798818
v 0.25698161 0.09484150 0.00359517
v 0.25958863 0.07578129 0.01185692
v 0.06366476 -0.24658750 0.12291440
v 0.08262713 -0.24463406 0.10894518
v 0.17337607 -0.01952684 0.01895414
v 0.17094758 -0.00989480 0.03518909
v 0.02401634 -0.09601749 0.11531427
v 0.06886784 -0.02997076 0.12632596
v 0.06860559 -0.01344252 0.11719928
v 0.08524996 -0.01122066 0.11475928
v 0.08479691 -0.02649917 0.12409918
v 0.00109953 -0.51697928 0.00026626
v 0.23240836 0.07368144 -0.09110055
v 0.24374779 0.07847571 -0.08932461
v 0.24021731 0.08872626 -0.08557240
v 0.22909565 0.08531592 -0.08763122
v 0.00098061 -0.55672592 0.01435314
v 0.00132093 -0.57276911 0.00308396
v 0.01687930 -0.52716291 -0.06565718
v 0.00484027 -0.51972222 -0.05090531
v 0.06889597 -0.61840594 0.08416116
v 0.07322027 -0.58833766 0.09100612
v 0.06582861 -0.64875257 0.07623132
v 0.06290187 -0.67892617 0.06821889
v 0.06054102 -0.86218548 -0.00641683
v 0.07069031 -0.89008886 -0.00532161
v 0.07843372 -0.98036516 -0.02175624
v -0.00000095 -0.51101100 -0.08324323
v 0.07993214 -1.01441514 -0.02709635
v 0.08220910 -1.05037141 -0.03254958
v 0.08396946 -1.08807516 -0.03780230
v 0.08599968 -1.12364686 -0.04042977
v 0.34417713 0.08989408 -0.05341065
v 0.31940636 0.09516302 -0.05537092
v 0.32275578 0.08412416 -0.07076521
v 0.34786499 0.08089446 -0.06762984
v 0.30954453 0.00292631 -0.03531584
v 0.30638754 0.01027946 -0.02127730
v 0.32852456 0.00703008 -0.02228426
v 0.33092150 0.00118696 -0.03655923
v 0.35368839 -0.00111130 -0.03786449
v 0.35649908 -0.00104214 -0.05177044
v 0.33319610 -0.00020886 -0.05065063
v 0.35840097 0.02647917 -0.08299286
v 0.35613543 0.04113561 -0.08594903
v 0.33065280 0.04075896 -0.08773728
v 0.33428821 0.02341158 -0.08346796
v 0.35073641 0.06860355 -0.07817139
v 0.32661536 0.07001829 -0.08097215
v 0.32891738 0.05553402 -0.08659028
v 0.35367876 0.05474844 -0.08434057
v 0.34782207 0.02654459 -0.00081556
v 0.34959123 0.01299585 -0.01044145
v 0.32606792 0.01719997 -0.00952329
v 0.32401627 0.03063142 0.00061833
v 0.23853575 0.11626945 -0.00751459
v 0.25513402 0.11069716 -0.01094456
v 0.19901027 0.01912795 0.01613845
v 0.19959278 0.03307332 0.02903491
v 0.21396084 0.03633929 0.02167305
v 0.20838520 0.02108713 0.00852105
v 0.29555058 0.08579183 -0.00278780
v 0.27486464 0.09040092 0.00032389
v 0.27392781 0.10387961 -0.01435500
v 0.29575008 0.09747763 -0.01717861
v 0.30079412 0.03368632 0.00223891
v -0.00000089 -0.51241803 -0.04331635
v 0.30339441 0.02078408 -0.00833742
v 0.28052238 0.02300801 -0.00594287
v 0.27864414 0.03594296 0.00506811
v 0.31240708 0.00918392 -0.07374781
v 0.28995222 0.00630774 -0.07066108
v 0.24531929 0.05773970 0.01765952
v 0.26103118 0.05555696 0.01371611
v 0.16703634 -0.02055081 0.03920250
v 0.17720214 -0.04326846 -0.01332849
v 0.18048656 -0.03446466 -0.01636558
v 0.13481863 -0.07758755 0.09747519
v 0.13728414 -0.06125117 0.10185867
v 0.16351761 -0.08175748 0.02327851
v 0.16804770 -0.06581190 0.01663817
v 0.14289568 -0.07143005 0.08987993
v 0.14234044 -0.06045750 0.09521760
v 0.08905160 -0.13729908 0.09846517
v 0.02706618 0.11277558 0.03006953
v 0.27672097 0.07230888 0.00903914
v 0.27757913 0.05280219 0.01033174
v 0.24904518 0.01635096 -0.07915362
v 0.25020763 0.00834188 -0.07109670
v 0.26745895 0.01183437 -0.07663266
v -0.00000151 -0.50268424 -0.10011075
v -0.00000098 -0.48982325 -0.11619921
v 0.26461804 0.02213313 -0.08423525
v 0.13143823 -0.02828932 -0.11044325
v 0.11533625 -0.03941246 -0.11583900
v 0.12719449 -0.05291907 -0.10630690
v 0.14083070 -0.04028524 -0.10114865
v 0.23935528 0.10566749 -0.07388902
v 0.24308036 0.11252937 -0.06420333
v 0.22808065 0.11560789 -0.06412557
v 0.22661984 0.10658398 -0.07486386
v 0.24775399 0.11802457 -0.04978063
v 0.25270635 0.11873741 -0.03081362
v 0.23543490 0.12497947 -0.02888030
v 0.23086350 0.12298029 -0.04894294
v 0.18542536 -0.42779791 -0.05145036
v 0.19360055 -0.42993122 -0.02023175
v 0.14009801 -0.29217285 0.06466550
v 0.12345117 -0.29854125 0.08315202
v 0.10749590 -0.39499152 0.09629090
v 0.02962751 -0.51684982 0.07708229
v 0.01157737 -0.52724510 0.05383652
v 0.00328651 -0.59556854 -0.00822321
v 0.19545504 -0.43377122 0.01161642
v 0.00860235 -0.62424880 -0.01802216
v 0.01492690 -0.65451485 -0.02686396
v 0.06417805 -0.65015584 -0.08845802
v 0.09315883 -0.65155160 -0.09322149
v 0.09010791 -0.62235093 -0.09323151
v 0.05808185 -0.61918586 -0.08744475
v 0.12151893 -0.65386546 -0.08767342
v 0.12113809 -0.62579340 -0.08831412
v 0.11280012 -0.73914307 0.05649680
v 0.10699846 -0.96307069 -0.12658057
v 0.12953469 -0.99923378 -0.12149977
v 0.13090134 -0.96156883 -0.12156417
v 0.10745911 -0.99963361 -0.12659067
v 0.15016107 -0.96221709 -0.10714621
v 0.14917244 -0.92757374 -0.10320441
v 0.15142511 -1.00855911 -0.03333875
v 0.10871391 -1.03708947 -0.12248734
v 0.12800647 -1.03782606 -0.11745999
v 0.14385465 -1.03830159 -0.10555989
v 0.14825770 -0.99936807 -0.10763251
v 0.00170650 -0.54537547 0.02409469
v 0.17349763 -0.51411253 0.06785036
v 0.17139010 -0.48135298 0.07130421
v 0.11259251 -0.46987268 0.09832179
v 0.08212279 -0.48456568 0.09904999
v 0.10102925 -0.22193480 0.09037317
v 0.11941521 -0.21963644 0.07532956
v 0.12006154 -0.17743774 0.07091022
v 0.13455591 -0.17505056 0.05280125
v 0.13435000 -0.19575937 0.05485994
v 0.11958363 -0.19895948 0.07292376
v 0.14993969 -0.17088011 0.00648225
v 0.14881058 -0.16903493 -0.01968027
v 0.14666609 -0.18794586 -0.01654332
v 0.14860657 -0.19010511 0.00883732
v 0.14800702 -0.20579523 -0.01337012
v 0.13946952 -0.20313850 -0.03694901
v 0.07575281 -0.16796039 -0.09930713
v 0.09375608 -0.17274155 -0.09052546
v 0.09551693 -0.15135527 -0.09602681
v 0.07689278 -0.14523415 -0.10393953
v 0.03564189 -0.45855141 0.10513240
v 0.00448862 -0.52948928 0.03448593
v 0.07698470 -0.55962420 0.09570849
v 0.11295507 -0.52662921 0.10107673
v 0.14562626 -0.52126497 0.09106424
v 0.24869704 0.00933687 -0.02690253
v 0.16767135 -0.01302096 -0.08752092
v 0.16489977 -0.00292799 -0.09290821
v 0.26724970 0.11114109 -0.05220192
v 0.27218109 0.11168443 -0.03373617
v 0.25986147 0.03734419 0.00918383
v 0.22627869 0.10159467 0.01223578
v 0.22923183 0.07943416 0.02010621
v 0.21415290 0.08186195 0.02581226
v 0.13604309 -0.40678230 0.08324597
v 0.16501965 -0.42074510 0.06978346
v 0.13955419 -0.43139902 0.08595269
v 0.00172538 -0.51765424 -0.03695863
v 0.05476025 -0.50113106 0.09257156
v 0.01992494 -0.68420160 -0.03452099
v 0.02395450 -0.71220726 -0.04222608
v 0.02707855 -0.73882538 -0.05007783
v 0.02965675 -0.76515049 -0.05800547
v 0.03296966 -0.79148394 -0.06585249
v 0.03971713 -0.81822044 -0.07166173
v 0.04892285 -0.84633899 -0.07247871
v 0.05319425 -0.87481654 -0.07818442
v 0.04476926 -0.94026405 -0.07623504
v 0.05152237 -0.93779415 -0.09383452
v 0.05292943 -0.90538782 -0.08698704
v 0.05086265 -0.97125250 -0.09866599
v 0.05317967 -1.00497353 -0.10068386
v 0.05932460 -1.04049671 -0.09923311
v 0.06867974 -1.11322534 -0.09474162
v 0.06557386 -1.07712066 -0.09688453
v 0.00058922 -0.51555198 -0.01153755
v 0.00080299 -0.51648885 -0.02360087
v 0.11711569 0.11215985 0.01666685
v 0.18221758 -0.01966732 -0.00252561
v 0.18843934 -0.01374538 -0.00754384
v 0.24366780 0.03843351 0.01338218
v 0.30397546 0.07008018 -0.08375580
v 0.29944959 0.08638923 -0.07474272
v 0.25923958 0.02444786 -0.00288209
v 0.20553036 0.00976018 -0.00485054
v 0.19732074 0.00627355 0.00242824
v 0.54134089 0.07409793 -0.03328399
v 0.53928798 0.07827802 -0.04637331
v 0.55976689 0.07486295 -0.04469610
v 0.56118536 0.06987511 -0.03272678
v 0.54261082 0.06434420 -0.02329811
v 0.56193775 0.06003741 -0.02414192
v 0.54277349 0.00328634 -0.04191186
v 0.54212779 0.01190099 -0.03017411
v 0.56196308 0.01246367 -0.03441395
v 0.56262904 0.00499519 -0.04621273
v 0.58097863 0.04445888 -0.02124734
v 0.58071113 0.03265123 -0.02307961
v 0.56161135 0.03473344 -0.02033389
v 0.56203383 0.04783418 -0.01969425
v 0.54078889 0.00506700 -0.07145512
v 0.53833759 0.01446637 -0.08186771
v 0.51885676 0.01030008 -0.07943670
v 0.52157557 0.00113992 -0.06760664
v 0.46207151 0.00838106 -0.02013628
v 0.46404037 -0.00211998 -0.03081919
v 0.44824943 -0.00024514 -0.02421535
v 0.44606897 0.01146360 -0.01476968
v 0.50078142 0.08216798 -0.03389998
v 0.49734780 0.08335833 -0.04874922
v 0.51832098 0.08108423 -0.04775302
v 0.52111071 0.07801034 -0.03362711
v 0.50204176 0.04357072 -0.01245103
v 0.50120312 0.02766408 -0.01522262
v 0.48003289 0.03131759 -0.01308162
v 0.48037881 0.04769458 -0.01145953
v 0.47949362 0.08600299 -0.03526581
v 0.47656250 0.08415060 -0.04974546
v 0.54223448 0.03741523 -0.01721394
v 0.54172629 0.02368311 -0.02191415
v 0.52170700 0.02521018 -0.01810015
v 0.52254385 0.04020909 -0.01439130
v 0.57942581 0.01258140 -0.07471726
v 0.57756960 0.02203660 -0.08240694
v 0.55798912 0.01846951 -0.08266288
v 0.56021315 0.00896198 -0.07371972
v 0.58072197 0.02236035 -0.02929513
v 0.58126563 0.01348022 -0.03824994
v 0.56137264 0.02283065 -0.02582886
v 0.57713223 0.06726305 -0.06817406
v 0.57848269 0.07151251 -0.05573513
v 0.55758107 0.07380585 -0.05828208
v 0.55584133 0.06816754 -0.07135462
v 0.50203508 0.00287838 -0.03166074
v 0.50122470 0.01369400 -0.02158708
v 0.52191055 0.01215766 -0.02567218
v 0.52254224 0.00266149 -0.03703124
v 0.50216067 0.07337992 -0.02148331
v 0.52269304 0.06858374 -0.02231138
v 0.53492504 0.06845191 -0.07397772
v 0.53641337 0.07588843 -0.06059678
v 0.51542646 0.07681899 -0.06209797
v 0.51351929 0.06775547 -0.07577180
v 0.49269748 0.05147323 -0.08485068
v 0.49385434 0.03485572 -0.08589236
v 0.51384252 0.03896130 -0.08690832
v 0.51306105 0.05460745 -0.08440054
v 0.48146304 0.00511196 -0.02604271
v 0.48285085 -0.00342841 -0.03881173
v 0.50204217 -0.00207161 -0.06236742
v 0.49935710 0.00619695 -0.07560769
v 0.48028782 0.00211763 -0.07021587
v 0.48277092 -0.00489327 -0.05539729
v 0.44252086 0.07124684 -0.01366725
v 0.44228828 0.08320020 -0.02400254
v 0.45956331 0.08207401 -0.02296290
v 0.45995587 0.06889468 -0.01323901
v 0.45827600 0.08780235 -0.03707985
v 0.43891808 0.08833329 -0.03971343
v 0.41140291 0.07953942 -0.05774083
v 0.41193864 0.06826356 -0.06655266
v 0.42274001 0.06808277 -0.06450326
v 0.42346218 0.08047180 -0.05589950
v 0.45453635 0.04165220 -0.08549311
v 0.45550582 0.02373213 -0.08236912
v 0.47431061 0.02962930 -0.08441569
v 0.47305724 0.04723160 -0.08556814
v 0.44374970 0.00286467 -0.07096228
v 0.44837117 -0.00629440 -0.05745956
v 0.46281129 -0.00245328 -0.06390912
v 0.45862159 0.00847327 -0.07577680
v 0.39645913 -0.00147234 -0.05477997
v 0.39548960 -0.00511780 -0.04101600
v 0.41021085 -0.00670357 -0.04198427
v 0.41104418 -0.00196694 -0.05583262
v 0.39122739 0.00723082 -0.01295629
v 0.38986564 0.02050939 -0.00400518
v 0.40434688 0.01840143 -0.00495000
v 0.40585092 0.00524507 -0.01365335
v 0.38776815 0.08105332 -0.01865852
v 0.38634238 0.08657563 -0.03535216
v 0.39914781 0.08694851 -0.03241102
v 0.40084752 0.07907543 -0.01680121
v 0.43959779 0.03689238 -0.08457815
v 0.43796921 0.01746115 -0.08014014
v 0.41991830 0.00365697 -0.01557144
v 0.41776481 0.01632105 -0.00672351
v 0.43132052 0.01404275 -0.00992989
v 0.43373787 0.00167744 -0.01902008
v 0.00000016 0.05552399 -0.11121327
v 0.00000064 0.06939548 -0.10943402
v 0.41360861 0.04756330 -0.00562715
v 0.41410652 0.06213310 -0.00792147
v 0.42726558 0.05934625 -0.00915039
v 0.42829910 0.04323119 -0.00759695
v 0.41334823 0.07714206 -0.01525033
v 0.41187635 0.08630344 -0.02849883
v 0.42588022 0.08506625 -0.02604968
v 0.42709488 0.07436701 -0.01425618
v 0.42187157 0.04506157 -0.07842198
v 0.42392141 0.03245666 -0.08255383
v -0.00000049 -0.30438277 0.14048070
v -0.00000054 -0.29158223 0.13943394
v 0.43057558 0.03527009 -0.08361481
v 0.42882651 0.04804193 -0.07878496
v 0.43290353 0.00000030 -0.06440099
v 0.43605280 -0.00790324 -0.05058358
v 0.00000076 -0.30874419 -0.11602084
v 0.00000115 -0.28906783 -0.10600974
v 0.44224608 0.04006060 -0.01092882
v 0.44475788 0.02476751 -0.01027025
v 0.42980155 0.02850093 -0.00641541
v 0.42430013 0.08765201 -0.04174221
v 0.39737368 0.00591536 -0.06615715
v 0.39753461 0.01478689 -0.07587404
v 0.38180411 0.01457948 -0.07564272
v 0.38168505 0.00547484 -0.06562151
v 0.38045835 -0.00093749 -0.05355495
v 0.37841070 -0.00289134 -0.03973949
v 0.37300047 0.01003925 -0.01171197
v 0.37117761 0.02323148 -0.00251686
v 0.36972439 0.04003082 0.00200541
v 0.36782929 0.05800890 0.00063230
v 0.38725230 0.05557111 -0.00269985
v 0.38859475 0.03747708 -0.00052149
v 0.36607745 0.08874064 -0.03600598
v 0.36560187 0.08447021 -0.01936935
v 0.36821142 0.08553551 -0.05191511
v 0.38663933 0.08428727 -0.04978704
v 0.42206299 -0.00562963 -0.02879759
v -0.00000031 -0.38818830 0.12844758
v -0.00000016 -0.41178107 0.12170595
v 0.40822989 -0.00395796 -0.02656269
v 0.53378105 0.05675481 -0.08333710
v 0.53414553 0.04229546 -0.08683994
v 0.55476022 0.04469939 -0.08561791
v 0.55482966 0.05795741 -0.08101268
v 0.57601345 0.03400028 -0.08493147
v 0.55595982 0.03108492 -0.08631293
v 0.54282314 0.05162441 -0.01767640
v 0.52315235 0.05538578 -0.01566148
v 0.58071846 0.05620008 -0.02458016
v 0.44187534 0.05574433 -0.01079998
v 0.45887843 0.05194108 -0.01139212
v 0.41271341 0.05597275 -0.07309155
v 0.40148345 0.06791409 -0.06886294
v 0.40339607 0.05575826 -0.07587025
v 0.45411113 0.05878780 -0.07807036
v 0.45468870 0.07210968 -0.06364150
v 0.43614155 0.06598654 -0.06517976
v 0.43871695 0.05300925 -0.07851134
v 0.41720206 0.02999455 -0.08131826
v 0.41475952 0.04346109 -0.07896055
v 0.40591183 0.04243529 -0.08033984
v 0.40810803 0.02839618 -0.08121182
v 0.40152109 0.06544780 -0.00754815
v 0.38743287 0.06954250 -0.00791684
v 0.38967657 0.06733649 -0.07134852
v 0.38820666 0.07691889 -0.06158642
v 0.37191474 0.07744515 -0.06488776
v 0.37370580 0.06721371 -0.07490533
v 0.40022302 0.07801819 -0.05935438
v 0.39176950 0.05545111 -0.07849263
v 0.37589648 0.05528124 -0.08158872
v 0.36632413 0.07356852 -0.00675804
v 0.39603534 0.02764071 -0.08166038
v 0.39411771 0.04195967 -0.08206469
v 0.37811971 0.04168762 -0.08405104
v 0.38023165 0.02721495 -0.08232873
v 0.53582525 0.02774307 -0.08644114
v 0.51587290 0.02389503 -0.08535481
v 0.44999123 -0.00797236 -0.03999921
v 0.46496212 -0.00748746 -0.04738971
v 0.43609700 -0.00711198 -0.03341080
v 0.54254127 0.00075109 -0.05694856
v 0.56193435 0.00383748 -0.06060478
v 0.50288486 -0.00341625 -0.04598961
v 0.52283245 -0.00180187 -0.05203387
v 0.49291113 0.06612754 -0.07690728
v 0.42144969 0.00738004 -0.06929766
v 0.42314693 -0.00148672 -0.05867269
v 0.42915350 0.01001476 -0.07403196
v 0.37491733 0.00094637 -0.02454629
v 0.39353415 -0.00210622 -0.02568306
v 0.43050367 0.02383042 -0.08276522
v 0.35166544 0.00403239 -0.02342388
v 0.43703046 0.08170263 -0.05416269
v 0.41112971 0.08679917 -0.04420390
v 0.39916474 0.08531374 -0.04701668
v 0.57967591 0.07152837 -0.04294639
v 0.50273472 0.05948220 -0.01411556
v 0.45892999 0.03573553 -0.01205272
v 0.46029297 0.02107613 -0.01421917
v 0.41926366 0.01721382 -0.07788974
v 0.41010883 0.01551456 -0.07626969
v 0.41093302 0.00642790 -0.06676666
v 0.40098417 0.05212118 -0.00441831
v 0.40298012 0.03454700 -0.00191332
v 0.58094978 0.00723853 -0.06296955
v 0.41622919 0.03150901 -0.00355387
v 0.45659018 0.08336791 -0.05159333
v 0.01867205 0.07186949 -0.11130898
v 0.15678185 -0.09665870 0.02943156
v 0.11727971 -0.11991025 0.07214205
v 0.13157991 -0.11708093 0.05721717
v 0.17334299 -0.03739451 0.00558316
v 0.17728673 -0.02723309 0.00151850
v 0.19880484 -0.00419968 -0.01253776
v 0.20818157 0.00151109 -0.01797348
v 0.16472510 -0.05894469 0.03680633
v 0.01253244 -0.26581216 0.13526064
v 0.05059677 -0.27255449 -0.09903491
v 0.02595364 -0.27190733 -0.09812056
v 0.02878363 -0.29099914 -0.10721904
v 0.05550107 -0.29200956 -0.10674413
v 0.03198592 -0.31172961 -0.11690725
v 0.17214608 -0.34364393 -0.06393873
v 0.16716172 -0.32102358 -0.06150764
v 0.15106514 -0.32366255 -0.08460854
v 0.15544030 -0.34750065 -0.08889955
v 0.17102668 -0.30358285 -0.03437542
v 0.16006052 -0.30230823 -0.05919318
v 0.17751758 -0.32108739 -0.03458779
v 0.18117037 -0.32551953 -0.00636875
v 0.17497218 -0.30722281 -0.00680743
v 0.17725320 -0.33355227 0.02052692
v 0.17159343 -0.31371284 0.02012015
v 0.16710263 -0.34286872 0.04477643
v 0.15147860 -0.35187203 0.06600493
v 0.13360044 -0.38307014 0.08321552
v 0.10787356 -0.36984140 0.09797166
v 0.13097462 -0.36091086 0.08365220
v 0.05968149 -0.38274404 0.11933606
v 0.08339480 -0.37762302 0.11016809
v 0.01781157 -0.38721365 0.12792906
v 0.03796504 -0.38563910 0.12501910
v 0.11214355 0.09279040 0.03460407
v 0.10366451 0.14437406 -0.07803491
v 0.11272863 0.14924447 -0.05647256
v 0.08924418 0.14904360 -0.07731057
v 0.12388647 0.08828542 -0.11121539
v 0.12711172 0.10716391 -0.10206493
v 0.10637718 0.10063171 -0.11212109
v 0.10371082 0.08324760 -0.11853752
v 0.07835246 0.14076529 -0.09049200
v 0.07137512 0.14313994 -0.08943938
v 0.08894306 0.13551371 -0.09381075
v 0.05528098 0.11888685 -0.10676196
v 0.07335458 0.12635881 -0.10329845
v 0.15745997 0.13854340 -0.04949329
v 0.15635736 0.12561448 -0.07137071
v 0.16628602 0.12447909 -0.06594954
v 0.16904709 0.13754104 -0.04455979
v 0.15221354 0.07516184 -0.10249318
v 0.14980829 0.05879636 -0.10583086
v 0.16228303 0.06123132 -0.10173192
v 0.16360487 0.07718135 -0.09823839
v 0.19787586 0.13433367 -0.03065967
v 0.19445658 0.12691769 -0.05239704
v 0.20487162 0.12744890 -0.05005408
v 0.20888607 0.13235115 -0.02875853
v 0.16412777 0.09361403 -0.09158513
v 0.08671547 -0.03129948 -0.12583452
v 0.12350026 -0.01492861 -0.11721534
v 0.10618066 -0.02279044 -0.12210757
v 0.16227196 0.00790240 -0.09727545
v 0.15152566 0.00268536 -0.10274574
v 0.15503658 -0.00953828 -0.09803556
v 0.18550313 0.01480936 -0.08974330
v 0.17339216 0.01171325 -0.09320138
v 0.21557362 0.05783714 0.02855746
v 0.20044936 0.05841336 0.03583756
v 0.19921336 0.08565895 0.02929348
v 0.20219168 0.00899351 -0.07726767
v 0.21413644 0.01495107 -0.07713122
v 0.21216612 0.02026199 -0.08046708
v 0.19952163 0.01453040 -0.08103023
v 0.14585586 0.14022335 -0.05382745
v 0.19277029 0.11394621 -0.06790613
v 0.19117925 0.10174594 -0.07908797
v 0.20199531 0.10488584 -0.07747759
v 0.20380145 0.11616224 -0.06569228
v 0.19311126 0.08700950 -0.08798390
v 0.19389656 0.07217476 -0.09319571
v 0.20558752 0.07689323 -0.09115472
v 0.20417479 0.09102434 -0.08592509
v 0.21125379 0.02726216 -0.08444102
v 0.19663613 0.02164385 -0.08488306
v 0.22437792 0.12081373 -0.00541313
v 0.17804253 0.13838133 -0.01270586
v 0.17380555 0.12523000 0.01164283
v 0.16350918 0.13021316 0.00773449
v 0.16786441 0.14093825 -0.01774865
v 0.23224531 0.00302495 -0.03515027
v 0.22889382 0.00823913 -0.02292478
v 0.23433764 -0.00039973 -0.04672498
v 0.20543295 -0.00131697 -0.06821638
v 0.23524827 0.00007202 -0.05711978
v 0.22864640 0.03836004 0.01696034
v 0.23044337 0.05776684 0.02181134
v 0.17041096 0.10062863 0.02730217
v 0.15993068 0.10755330 0.02401325
v 0.22116709 0.12929839 -0.02807360
v 0.21694660 0.12607309 -0.04898300
v 0.23129645 0.02200013 -0.08201338
v 0.24369711 0.02893556 -0.08700816
v 0.22899349 0.02697200 -0.08498923
v 0.19017468 -0.00991004 -0.07553942
v 0.20433892 0.00432800 -0.07313618
v 0.17904641 0.13749045 -0.03932493
v 0.21431625 0.11696185 -0.06463425
v 0.21382532 0.10579722 -0.07677710
v 0.18295738 0.08300340 -0.09096492
v 0.18182945 0.09805217 -0.08259489
v 0.17296207 0.09545672 -0.08692981
v 0.17338367 0.07981554 -0.09448369
v 0.21747434 0.08195104 -0.08981198
v 0.22019729 0.06767537 -0.09254688
v 0.18334495 0.06769513 -0.09561624
v 0.17311990 0.06407318 -0.09857912
v 0.22715664 0.03420826 -0.08812767
v 0.15076883 0.11246806 0.02041511
v 0.14911915 0.09005563 0.03353562
v 0.13889153 0.09321569 0.03296665
v 0.17059162 0.07488742 0.03901864
v 0.15869455 0.08362963 0.03579029
v 0.18549524 0.06432633 0.03993762
v 0.12718786 0.09344050 0.03362785
v 0.42655218 0.02044333 -0.08076910
v 0.25525132 0.03640914 -0.08990998
v 0.24699502 0.02396201 -0.08435424
v 0.25995973 0.03043137 -0.08810669
v 0.30481642 0.05616964 -0.08780169
v 0.42118010 0.05642881 -0.07119697
v 0.42818925 0.05644294 -0.07115299
v 0.47300223 0.06311908 -0.07760502
v 0.49442005 0.07701129 -0.06323323
v 0.47436956 0.07554213 -0.06352688
v 0.48121592 0.07823721 -0.02136039
v 0.48123583 0.06434645 -0.01304986
v 0.48040274 0.01699122 -0.01791705
v 0.47672787 0.01428098 -0.07993698
v 0.61882126 0.05966413 -0.02774176
v 0.61887825 0.06644503 -0.03746009
v 0.63859725 0.06379600 -0.03457032
v 0.63826036 0.05603093 -0.02596286
v 0.65637356 0.04250253 -0.02188970
v 0.63784367 0.04579564 -0.02247902
v 0.65743899 0.05288002 -0.02353698
v 0.65527171 0.03325799 -0.02478944
v 0.63725340 0.03609772 -0.02430501
v 0.65454841 0.02614084 -0.03144305
v 0.65443873 0.02066466 -0.03954698
v 0.63698947 0.02155286 -0.03752906
v 0.63688487 0.02775279 -0.02978635
v 0.63743460 0.01746384 -0.04680948
v 0.63762832 0.01555598 -0.05686319
v 0.61908054 0.01251836 -0.05486987
v 0.61877853 0.01623566 -0.04425332
v 0.65484983 0.02623159 -0.07410316
v 0.65452725 0.03447922 -0.07716241
v 0.63604385 0.03206467 -0.07882662
v 0.63660216 0.02294692 -0.07511904
v 0.61646867 0.05050620 -0.07744789
v 0.61615056 0.03961370 -0.08062251
v 0.63618648 0.04244661 -0.07834052
v 0.63635701 0.05273921 -0.07508290
v 0.65492731 0.05488370 -0.07390490
v 0.65562171 0.06159230 -0.06577292
v 0.63726449 0.06023984 -0.06801306
v 0.58043194 0.06595570 -0.03189304
v 0.59959209 0.06286227 -0.03002812
v 0.59970421 0.05278862 -0.02378824
v 0.59934664 0.03068490 -0.02571065
v 0.59945780 0.04133970 -0.02267888
v 0.61838174 0.03851679 -0.02335825
v 0.61823982 0.02897003 -0.02763827
v 0.58151287 0.00746706 -0.04989483
v 0.59993267 0.01486043 -0.04162928
v 0.60036254 0.01004939 -0.05261467
v 0.61842227 0.02176705 -0.03497767
v 0.59950727 0.02196775 -0.03249646
v 0.61859441 0.01355255 -0.06605354
v 0.63721228 0.01726047 -0.06703247
v 0.61886853 0.06785518 -0.04915803
v 0.61832112 0.06529169 -0.06074119
v 0.63822442 0.06460129 -0.05747784
v 0.63869745 0.06650291 -0.04588797
v 0.59992212 0.01054282 -0.06448850
v 0.59811121 0.06626054 -0.06435262
v 0.59888411 0.06960720 -0.05249173
v 0.61746544 0.05948336 -0.07077445
v 0.59722102 0.05885813 -0.07417504
v 0.65755910 0.06514195 -0.04302958
v 0.65810585 0.06136740 -0.03170993
v 0.59929425 0.06892294 -0.04032170
v 0.61769277 0.01926054 -0.07543529
v 0.61661983 0.02873267 -0.08048082
v 0.59723002 0.02543074 -0.08149517
v 0.59866774 0.01597480 -0.07510638
v 0.57527655 0.04669886 -0.08330494
v 0.59603810 0.03680382 -0.08276544
v 0.59604645 0.04842308 -0.08032155
v 0.65468234 0.04451134 -0.07703951
v 0.57632631 0.05834077 -0.07784633
v 0.73435897 0.01203598 -0.03054474
v 0.74335748 0.01537549 -0.02965584
v 0.73796821 0.01811839 -0.03645723
v 0.72818989 0.01703208 -0.03574914
v 0.70957595 -0.00360500 -0.02138209
v 0.72124392 -0.00822475 -0.01664048
v 0.72722679 -0.00754538 -0.02453187
v 0.71693957 -0.00172516 -0.03013399
v 0.73977244 0.00766363 -0.02570695
v 0.74757165 0.01382265 -0.02383389
v 0.75524479 0.01947596 -0.02180221
v 0.74679863 0.01397896 -0.01978248
v 0.75518614 0.02499551 -0.01758390
v 0.74993563 0.03530975 -0.01668021
v 0.76231509 0.03860208 -0.02043238
v 0.76291466 0.02955411 -0.01802054
v 0.74308687 0.04950641 -0.04055011
v 0.74003804 0.04983563 -0.05155663
v 0.75560755 0.04854430 -0.05287356
v 0.75807214 0.04728556 -0.04164897
v 0.74649453 0.04324593 -0.07104918
v 0.75205481 0.04559287 -0.06172360
v 0.73651034 0.04791472 -0.05990423
v 0.73221630 0.04555510 -0.06810991
v 0.72351497 0.02001215 -0.04308810
v 0.73343313 0.01970733 -0.04393581
v 0.73158729 0.01942671 -0.04979870
v 0.72130615 0.01948491 -0.04959906
v 0.74627960 0.01984955 -0.01550456
v 0.74756080 0.00581469 -0.01602633
v 0.74687845 0.00859094 -0.01264726
v 0.74131745 0.02215084 -0.01169345
v 0.68591279 0.01394960 -0.05251900
v 0.69650143 0.01174672 -0.05513207
v 0.69721895 0.01040240 -0.06240369
v 0.68536144 0.01279150 -0.06083937
v 0.68533206 0.01344084 -0.03251499
v 0.68053693 0.02250632 -0.02228826
v 0.68793821 0.01739891 -0.01779949
v 0.69166702 0.00731312 -0.02867065
v 0.69686979 0.01019498 -0.01437068
v 0.70688862 0.00314087 -0.01187532
v 0.70010787 0.00142933 -0.02521972
v 0.71975052 -0.00227933 -0.00903666
v 0.69256967 0.01354379 -0.07461503
v 0.68418205 0.01693258 -0.07158276
v 0.79459316 0.00650835 -0.03035199
v 0.79545146 0.00773126 -0.02483690
v 0.79788804 0.00533682 -0.02540751
v 0.79709852 0.00437039 -0.03094658
v 0.68517995 0.04209878 -0.07770796
v 0.68411589 0.03267307 -0.07933361
v 0.69072241 0.03261955 -0.08096301
v 0.69218105 0.04191839 -0.07778010
v 0.69936383 0.03244346 -0.08361437
v 0.70125723 0.04197678 -0.07851717
v 0.80304563 0.01371324 -0.02123787
v 0.80667645 0.01667041 -0.02347256
v 0.80958730 0.01111382 -0.02344663
v 0.80552971 0.00894088 -0.02153752
v 0.74767733 0.01803404 -0.03601697
v 0.75233120 0.01666908 -0.02841890
v 0.76069963 0.01783460 -0.02645930
v 0.76766896 0.01887909 -0.02506432
v 0.76861697 0.01695894 -0.03107260
v 0.75897825 0.01748843 -0.03503953
v 0.74452305 0.01937809 -0.04688282
v 0.75543499 0.01813000 -0.04709027
v 0.75091916 0.01860391 -0.05399863
v 0.74045926 0.01927024 -0.05388543
v 0.74473351 0.01446045 -0.07222376
v 0.73653144 0.01372151 -0.07120951
v 0.73691189 0.01597393 -0.06547028
v 0.74673814 0.01643300 -0.06588366
v 0.77294755 0.01752919 -0.06612240
v 0.76450759 0.01723259 -0.06594280
v 0.76615405 0.01797046 -0.06100233
v 0.77416152 0.01812670 -0.06136116
v 0.67819077 0.04355082 -0.07769261
v 0.67748201 0.03380645 -0.07856615
v 0.74173498 0.02619788 -0.09637592
v 0.74695736 0.03466153 -0.09154217
v 0.73674852 0.03577407 -0.08752443
v 0.73147041 0.02866850 -0.09237938
v 0.69495547 0.04946868 -0.07117203
v 0.68740088 0.05050404 -0.07162607
v 0.80973905 0.01838481 -0.02827021
v 0.81200707 0.01262480 -0.02845784
v 0.70756644 0.01688365 -0.00666026
v 0.72164732 0.00691646 -0.00412050
v 0.69633639 0.02559499 -0.01113242
v 0.68146151 0.03530533 -0.01838017
v 0.68863952 0.03121117 -0.01548146
v 0.76337987 0.01738991 -0.03984121
v 0.74158889 0.01945676 -0.04272190
v 0.72985494 0.01859919 -0.05422787
v 0.72096753 0.01028557 -0.07258456
v 0.72760689 0.01088330 -0.07509357
v 0.72498387 0.01043981 -0.08214559
v 0.71724027 0.01049652 -0.08185970
v 0.73873866 0.01310487 -0.09036218
v 0.73874784 0.01817425 -0.09563326
v 0.72985506 0.01927087 -0.09319596
v 0.73133504 0.01312791 -0.08900560
v 0.74597961 0.00932567 -0.00746159
v 0.73649418 0.02077751 -0.00668182
v 0.68391329 0.02351084 -0.07739980
v 0.69080538 0.02230831 -0.08056089
v 0.67693412 0.02600720 -0.07526869
v 0.69739789 0.01174267 -0.04462361
v 0.70989478 0.01709958 -0.04818660
v 0.70866978 0.01588997 -0.05276166
v 0.69622231 0.01261792 -0.05010579
v 0.71885943 0.01158567 -0.03661752
v 0.70810854 0.00379976 -0.03459584
v 0.72612655 0.00565688 -0.03228313
v 0.68550837 0.01446270 -0.04426266
v 0.67718208 0.01802846 -0.04183977
v 0.67719936 0.01757598 -0.05119110
v 0.67693305 0.01752042 -0.06074130
v 0.67707616 0.02073347 -0.06972282
v 0.66800386 0.01967346 -0.04072398
v 0.66847104 0.01866905 -0.05001002
v 0.66861343 0.01931106 -0.05986442
v 0.66871309 0.02209131 -0.06833249
v 0.67918760 0.05286391 -0.07201318
v 0.66895705 0.05475760 -0.07305454
v 0.66850638 0.04449785 -0.07760061
v 0.67784566 0.02005086 -0.03223688
v 0.66859704 0.02388261 -0.03216165
v 0.67004567 0.02975267 -0.02373265
v 0.67143404 0.04010344 -0.02080530
v 0.74336398 -0.00814050 -0.01954913
v 0.73881334 -0.00496487 -0.02300221
v 0.73374718 -0.00999209 -0.01941182
v 0.73977113 -0.01238476 -0.01499245
v 0.76876122 0.02334470 -0.02054451
v 0.76199085 0.02269461 -0.02067922
v 0.77083927 0.03015294 -0.01924857
v 0.70580387 0.00971383 -0.06791937
v 0.70149624 0.01208150 -0.07826269
v 0.77067131 0.01712456 -0.03633684
v 0.78546685 0.02396321 -0.02032083
v 0.78915495 0.02904254 -0.02260397
v 0.80095816 0.02179942 -0.02324920
v 0.79733968 0.01781178 -0.02081304
v 0.78188288 0.01475474 -0.03533437
v 0.78574753 0.01829681 -0.03945456
v 0.77940291 0.01968294 -0.03997153
v 0.77620471 0.01703830 -0.03531679
v 0.76851141 0.01512857 -0.07203233
v 0.76128721 0.01521625 -0.07191931
v 0.77273834 0.04455912 -0.03061837
v 0.75994629 0.04642962 -0.02920482
v 0.77254444 0.04139111 -0.04253382
v 0.75605857 0.01675826 -0.06603042
v 0.74838942 0.01781942 -0.06029778
v 0.75767773 0.01763634 -0.06085033
v 0.77010173 0.01862152 -0.04575714
v 0.76313400 0.01785350 -0.04697558
v 0.76645452 0.01766399 -0.04226029
v 0.77201551 0.01829149 -0.04068667
v 0.72021407 0.03059837 -0.08930251
v 0.71872884 0.01850899 -0.09065612
v 0.79882681 0.01033562 -0.02161112
v 0.80121887 0.00687337 -0.02228960
v 0.66843647 0.03445059 -0.07732712
v 0.66880399 0.02695886 -0.07408034
v 0.73813260 0.01800822 -0.05956740
v 0.74591023 0.04642745 -0.02790426
v 0.72815663 0.01708505 -0.05895536
v 0.76814473 0.02051950 -0.08184982
v 0.77078104 0.02667305 -0.08090378
v 0.76331675 0.03124563 -0.08076701
v 0.76169312 0.02272268 -0.08366814
v 0.79660213 0.00792521 -0.03537616
v 0.80066681 0.01090312 -0.03867915
v 0.79562652 0.01433605 -0.03874461
v 0.79217201 0.01060981 -0.03532784
v 0.78015840 0.01501167 -0.02507308
v 0.78018153 0.01351178 -0.03033667
v 0.77386940 0.01646347 -0.03050612
v 0.77337313 0.01794419 -0.02511620
v 0.77486140 0.02218638 -0.02139488
v 0.78220266 0.01925415 -0.02154290
v 0.79181242 0.03016657 -0.03571277
v 0.79018795 0.02446228 -0.03996050
v 0.80043256 0.01902625 -0.03959846
v 0.80372167 0.02264181 -0.03502236
v 0.71877903 0.04857315 -0.06580038
v 0.71543592 0.04523862 -0.07383252
v 0.72852939 0.04215748 -0.07664170
v 0.74189180 0.03931642 -0.07985855
v 0.75413316 0.03541900 -0.08240879
v 0.75963259 0.04143107 -0.07365688
v 0.72464234 0.03813477 -0.08324195
v 0.78031939 0.03444621 -0.04644243
v 0.78011054 0.02847920 -0.04485016
v 0.78214556 0.03449993 -0.03845318
v 0.72634584 0.01451011 -0.06571078
v 0.79348946 0.01373783 -0.02138853
v 0.69292974 0.05315685 -0.02755446
v 0.69306505 0.05847915 -0.03983165
v 0.70297247 0.05654708 -0.04049487
v 0.70176870 0.05024483 -0.02548970
v 0.79054928 0.00898647 -0.03017785
v 0.79060858 0.00999618 -0.02477351
v 0.76720339 0.01522776 -0.08138042
v 0.76133144 0.01383358 -0.08251499
v 0.75983572 0.01390002 -0.07793755
v 0.76694626 0.01415719 -0.07720280
v 0.71234894 0.04098660 -0.08026391
v 0.75357544 0.02999989 -0.09428958
v 0.74891824 0.02006285 -0.09843754
v 0.69762903 0.05416720 -0.06197199
v 0.70399344 0.04790472 -0.07185215
v 0.70694613 0.05169167 -0.06362155
v 0.76762635 0.04039526 -0.06278605
v 0.72247881 0.05064211 -0.05832287
v 0.70987105 0.05352474 -0.05622761
v 0.69958931 0.05644716 -0.05323210
v 0.69115663 0.05884046 -0.05184142
v 0.68953007 0.05633849 -0.06140441
v 0.80943239 0.01718396 -0.03501035
v 0.80361277 0.02386242 -0.02819233
v 0.68037003 0.05870137 -0.06145981
v 0.66942716 0.06095542 -0.06339261
v 0.68207771 0.06102704 -0.05146383
v 0.67086583 0.06294045 -0.05290797
v 0.71302497 0.05459422 -0.04772891
v 0.71530062 0.05352897 -0.03761643
v 0.72563875 0.05198764 -0.05018731
v 0.72901607 0.05138664 -0.03993349
v 0.76997477 0.04628683 -0.05352778
v 0.80405521 0.00674039 -0.03891732
v 0.80884558 -0.00019139 -0.03955384
v 0.81296289 0.00101572 -0.03825054
v 0.80870056 0.00855565 -0.03843218
v 0.80539775 0.01401883 -0.03890631
v 0.81170833 0.01124263 -0.03482655
v 0.73189223 0.04724352 -0.02615529
v 0.77689308 0.01982783 -0.04513468
v 0.71610039 0.04557717 -0.02077128
v 0.73748744 0.03792435 -0.01411091
v 0.72719455 0.03456378 -0.00940426
v 0.69873416 0.03944395 -0.01394520
v 0.70982665 0.03190781 -0.00754635
v 0.68341309 0.04638784 -0.02110219
v 0.69091994 0.04345289 -0.01884248
v 0.67284507 0.04976550 -0.02252555
v 0.72254032 0.02073503 -0.00326005
v 0.80046403 -0.00067496 -0.02697240
v 0.80023670 -0.00113177 -0.03276518
v 0.67323685 0.05843263 -0.02980884
v 0.68458694 0.05525556 -0.02852364
v 0.73365629 -0.00049608 -0.02760778
v 0.71844327 0.01633376 -0.05793282
v 0.71698862 0.01345629 -0.06313737
v 0.71405959 0.00995356 -0.07042388
v 0.70988739 0.01108265 -0.08091570
v 0.67223489 0.06324632 -0.04113712
v 0.65501404 0.01833229 -0.04885511
v 0.65523010 0.01846087 -0.05867472
v 0.65661436 0.06423380 -0.05493535
v 0.80395126 0.00050950 -0.02336135
v 0.77851212 0.02213171 -0.06383002
v 0.77800500 0.02244785 -0.06594585
v 0.72988737 -0.01005945 -0.01264529
v 0.73748398 -0.01174749 -0.00893159
v 0.72955197 -0.00512778 -0.00583301
v 0.73202616 0.00248365 -0.00193329
v 0.74120718 -0.00138617 -0.00155279
v 0.73864299 -0.00792204 -0.00447683
v 0.70826346 0.01399855 -0.05666715
v 0.70787233 0.01197084 -0.06152248
v 0.70830441 0.02030975 -0.08805867
v 0.70929354 0.03213521 -0.08645493
v 0.77766323 0.02797958 -0.02017468
v 0.77263188 0.03768302 -0.02228263
v 0.78001148 0.03372855 -0.02317399
v 0.79083192 0.03218436 -0.02854229
v 0.78324920 0.02601609 -0.04114903
v 0.78057033 0.02394783 -0.04394140
v 0.70164424 0.00848296 -0.03949421
v 0.71329474 0.01598036 -0.04226974
v 0.74256521 0.00342390 -0.02226503
v 0.74590474 -0.00034201 -0.01996438
v 0.75969714 0.01802807 -0.05388983
v 0.77945966 0.03484978 -0.06066754
v 0.77983260 0.03932649 -0.05346154
v 0.76769042 0.01861629 -0.05358755
v 0.81288654 0.00246811 -0.02410785
v 0.80832392 0.00125039 -0.02242493
v 0.78151870 0.03801900 -0.02966091
v 0.75332755 0.01500068 -0.07232799
v 0.77499545 0.03268829 -0.06679965
v 0.78004777 0.02853766 -0.06353023
v 0.74416047 0.01582740 -0.09581041
v 0.68397552 0.06048038 -0.03980647
v 0.80297863 -0.00090337 -0.03777573
v 0.79927909 0.00488341 -0.03634577
v 0.81510168 0.00272757 -0.03473489
v 0.81501031 0.00376111 -0.02912552
v 0.69903320 0.02150381 -0.08453516
v 0.71973819 0.01813665 -0.05393626
v 0.65507269 0.02091001 -0.06757919
v 0.74378836 0.00567730 -0.00255887
v 0.73389673 0.01165948 -0.00286202
v 0.77413726 0.01880622 -0.05334955
v 0.75836527 0.02773240 -0.08783334
v 0.77604836 0.03158706 -0.07617608
v 0.77984309 0.03006443 -0.06976198
v 0.76828218 0.03652529 -0.07493232
v 0.78091931 0.02528104 -0.06736913
v 0.81764382 -0.00445598 -0.03499407
v 0.81754029 -0.00366926 -0.02957006
v 0.81494576 -0.00466514 -0.02453245
v 0.81006205 -0.00471282 -0.02319419
v 0.80563372 -0.00468707 -0.02448508
v 0.81518269 -0.00557965 -0.03846813
v 0.81103003 -0.00617808 -0.03974261
v 0.80512494 -0.00559229 -0.03825529
v 0.81560707 -0.01125741 -0.03884364
v 0.81863099 -0.01179695 -0.03531991
v 0.81730849 -0.01541388 -0.02736272
v 0.81711638 -0.01940191 -0.02737962
v 0.81462222 -0.01829851 -0.02510378
v 0.81589174 -0.01230735 -0.02519282
v 0.81437188 -0.02344412 -0.02632549
v 0.81737465 -0.02407295 -0.02811912
v 0.81879449 -0.01410788 -0.03012064
v 0.81926703 -0.01903653 -0.03094150
v 0.81908727 -0.02362597 -0.03547125
v 0.81958210 -0.02413005 -0.03171459
v 0.81866634 -0.01870620 -0.03475919
v 0.81881583 -0.01476663 -0.03355544
v 0.81879699 -0.01019365 -0.02967870
v 0.81940114 -0.02830839 -0.03222312
v 0.81653386 -0.02978855 -0.03287573
v 0.81497568 -0.02767760 -0.02855595
v 0.81764793 -0.02730393 -0.02898850
v 0.81077009 -0.01053137 -0.02387752
v 0.81102413 -0.01733071 -0.02502209
v 0.81105793 -0.02298582 -0.02689897
v 0.81184137 -0.02722865 -0.02948853
v 0.80845684 -0.02279592 -0.02885230
v 0.80762506 -0.01727533 -0.02678102
v 0.80954778 -0.02612346 -0.03131378
v 0.80710524 -0.02285010 -0.03171410
v 0.80539602 -0.01762265 -0.03020363
v 0.80384719 -0.00972027 -0.02873193
v 0.80658209 -0.00961494 -0.02526569
v 0.80845499 -0.02516496 -0.03277177
v 0.81367540 -0.02903628 -0.03382862
v 0.81781733 -0.01746833 -0.03759007
v 0.81756610 -0.02299583 -0.03801101
v 0.81551844 -0.01729935 -0.03948669
v 0.81539828 -0.02271193 -0.03942784
v 0.81942070 -0.02714974 -0.03559444
v 0.81743622 -0.02774191 -0.03712721
v 0.80222011 -0.00501102 -0.02812295
v 0.80235404 -0.00523251 -0.03387073
v 0.80375934 -0.00982636 -0.03426055
v 0.80527782 -0.01758152 -0.03523709
v 0.80674756 -0.01022655 -0.03844237
v 0.81178910 -0.01115984 -0.03996862
v 0.81232381 -0.01753354 -0.04008726
v 0.80841243 -0.01720035 -0.03913403
v 0.80952752 -0.02261198 -0.03856920
v 0.81235820 -0.02272063 -0.03964524
v 0.80748343 -0.02291119 -0.03542652
v 0.81205738 -0.02622414 -0.03806162
v 0.81479156 -0.02726632 -0.03795626
v 0.81022918 -0.02517885 -0.03755297
v 0.80927008 -0.02557254 -0.03517494
v 0.81107050 -0.02741420 -0.03471401
v 0.79964679 0.00859195 -0.05714318
v 0.80086148 0.01008224 -0.05248044
v 0.80346608 0.00442529 -0.05280753
v 0.80172116 0.00294918 -0.05771440
v 0.80805600 0.01604921 -0.04996781
v 0.81222147 0.01980418 -0.05283995
v 0.81509238 0.01208973 -0.05294773
v 0.81055772 0.00868672 -0.05026997
v 0.81340265 0.02166879 -0.05986839
v 0.81601310 0.01394182 -0.05973840
v 0.78870380 0.02513641 -0.04672690
v 0.79041654 0.03054258 -0.04868791
v 0.80525714 0.02537736 -0.05134828
v 0.80198979 0.02081391 -0.04867777
v 0.78274369 0.01684108 -0.06048834
v 0.78503686 0.01963773 -0.06444398
v 0.80383277 0.01267618 -0.05022133
v 0.80639321 0.00619483 -0.05056671
v 0.79962873 0.00877970 -0.06196108
v 0.80198359 0.01040232 -0.06615281
v 0.79687726 0.01553428 -0.06538624
v 0.79486352 0.01291841 -0.06147458
v 0.78398234 0.01746979 -0.04822207
v 0.78272676 0.01640779 -0.05434361
v 0.78645456 0.02096593 -0.04636922
v 0.79026306 0.03114092 -0.06197714
v 0.78831190 0.02558619 -0.06536312
v 0.80057758 0.01970136 -0.06722849
v 0.80424094 0.02445850 -0.06485856
v 0.79855621 0.01718727 -0.04908322
v 0.79469615 0.01237670 -0.05609507
v 0.79593146 0.01388147 -0.05116916
v 0.81043398 0.01751456 -0.06609297
v 0.80554694 0.02762374 -0.05804104
v 0.80447799 0.00385648 -0.06677739
v 0.80792797 -0.00419170 -0.06715123
v 0.81221604 -0.00238693 -0.06730509
v 0.80872381 0.00592446 -0.06756653
v 0.80585402 0.01310736 -0.06742576
v 0.81306702 0.00964540 -0.06577830
v 0.80599231 -0.00448990 -0.05390760
v 0.80423343 -0.00530964 -0.05904198
v 0.80920875 -0.00334978 -0.05133301
v 0.79110456 0.03419879 -0.05482481
v 0.81778795 0.00082904 -0.05367917
v 0.81319070 -0.00162339 -0.05129947
v 0.80440652 -0.00527787 -0.06395287
v 0.80165273 0.00294870 -0.06275210
v 0.81612158 0.00000817 -0.06529528
v 0.81856763 0.00232220 -0.05964015
v 0.81786036 -0.00788432 -0.06517889
v 0.82042015 -0.00665158 -0.06012809
v 0.81953669 -0.00761169 -0.05452622
v 0.81470978 -0.00827152 -0.05207895
v 0.81062061 -0.00861019 -0.05231718
v 0.81423938 -0.00939572 -0.06719340
v 0.81014889 -0.01006526 -0.06713445
v 0.80638343 -0.01014441 -0.06428242
v 0.81386638 -0.01632780 -0.06701900
v 0.81776834 -0.01650661 -0.06524660
v 0.81850594 -0.02344996 -0.05657461
v 0.81831694 -0.02871442 -0.05634265
v 0.81607562 -0.02792794 -0.05416119
v 0.81728417 -0.02211088 -0.05387037
v 0.81932038 -0.01954800 -0.05720113
v 0.81915522 -0.01618600 -0.05505218
v 0.81949198 -0.01913130 -0.06039625
v 0.81944245 -0.02371609 -0.06059809
v 0.81734300 -0.02935874 -0.06392360
v 0.81936812 -0.02977532 -0.06052616
v 0.81727231 -0.02381748 -0.06357041
v 0.81798279 -0.01974887 -0.06313808
v 0.81559438 -0.03303212 -0.05591629
v 0.81806421 -0.03275508 -0.05667207
v 0.82069159 -0.01465243 -0.06050979
v 0.81487966 -0.01406312 -0.05255882
v 0.81404597 -0.02109087 -0.05250083
v 0.81297535 -0.02750111 -0.05356410
v 0.81246734 -0.03245997 -0.05602404
v 0.80988210 -0.02717984 -0.05426472
v 0.81017780 -0.02084225 -0.05296193
v 0.81006557 -0.03118855 -0.05681479
v 0.80752301 -0.02711433 -0.05661811
v 0.80671400 -0.02095813 -0.05547914
v 0.80749035 -0.01315737 -0.05541262
v 0.81077355 -0.01323628 -0.05278975
v 0.80859423 -0.02999914 -0.05778588
v 0.81599116 -0.03586507 -0.05991121
v 0.81279546 -0.03481483 -0.05988413
v 0.81925887 -0.03498322 -0.06018116
v 0.81539106 -0.02320004 -0.06498237
v 0.81497520 -0.02910614 -0.06475115
v 0.81320143 -0.02312005 -0.06648678
v 0.81294423 -0.02914584 -0.06572968
v 0.81759232 -0.03359443 -0.06359400
v 0.81542879 -0.03399926 -0.06389411
v 0.80757791 -0.00917172 -0.05493913
v 0.80581605 -0.00974691 -0.05961640
v 0.80560327 -0.01351959 -0.06000373
v 0.80529392 -0.02130067 -0.06025292
v 0.80650365 -0.01412898 -0.06453466
v 0.81009072 -0.01556945 -0.06689987
v 0.81019455 -0.02242225 -0.06643948
v 0.80687523 -0.02171177 -0.06450443
v 0.80789483 -0.02739984 -0.06390730
v 0.81058192 -0.02833593 -0.06541358
v 0.80656028 -0.02720892 -0.06037891
v 0.81064051 -0.03209227 -0.06348507
v 0.81294739 -0.03352523 -0.06389211
v 0.80878431 -0.03045267 -0.06281412
v 0.80840349 -0.03063738 -0.06020781
v 0.81035477 -0.03295130 -0.05998431
v 0.78758168 0.00372827 -0.07653089
v 0.79085332 0.00560790 -0.07283999
v 0.79169953 0.00142992 -0.07234047
v 0.78784120 -0.00044632 -0.07610653
v 0.79829729 0.01060575 -0.07280467
v 0.80035520 0.01337337 -0.07569186
v 0.80138105 0.00572640 -0.07583995
v 0.79950178 0.00417876 -0.07290380
v 0.79996741 0.01401138 -0.08194394
v 0.80104011 0.00551099 -0.08088441
v 0.78511918 0.02146617 -0.06916150
v 0.78622878 0.02575904 -0.07187615
v 0.79597652 0.01933405 -0.07436082
v 0.79432690 0.01566696 -0.07132030
v 0.79459041 0.00788814 -0.07181132
v 0.79600906 0.00268131 -0.07172470
v 0.78626710 0.00285667 -0.08083822
v 0.78721607 0.00356829 -0.08426329
v 0.78309178 0.00808078 -0.08357385
v 0.78250802 0.00710645 -0.08021338
v 0.77471823 0.01295644 -0.07356442
v 0.77795774 0.01486683 -0.06974792
v 0.78170109 0.01781014 -0.06858903
v 0.77983677 0.02285394 -0.08311325
v 0.77593863 0.01756337 -0.08361895
v 0.78621441 0.01151508 -0.08618809
v 0.79097003 0.01671749 -0.08577564
v 0.79078025 0.01215532 -0.07082954
v 0.78372085 0.00692773 -0.07539619
v 0.78689611 0.00928330 -0.07179825
v 0.79568613 0.01025140 -0.08644754
v 0.79431629 0.02032399 -0.08034422
v 0.78791964 -0.00051659 -0.08459364
v 0.79120123 -0.00935298 -0.08386394
v 0.79533708 -0.00883263 -0.08495605
v 0.79240423 0.00097430 -0.08646606
v 0.79051071 0.00633001 -0.08678891
v 0.79728794 0.00364506 -0.08537020
v 0.79264390 -0.00679952 -0.07171220
v 0.78934300 -0.00798857 -0.07559353
v 0.79710197 -0.00620031 -0.07115266
v 0.78421527 0.02682462 -0.07786084
v 0.77321714 0.01311973 -0.08191914
v 0.80337113 -0.00538194 -0.07478911
v 0.80071855 -0.00573844 -0.07211488
v 0.78861564 -0.00888371 -0.08047262
v 0.78650284 -0.00101113 -0.08077094
v 0.80004394 -0.00709164 -0.08379939
v 0.80338371 -0.00510657 -0.07965901
v 0.80124938 -0.01474959 -0.08263171
v 0.80456215 -0.01338035 -0.07841799
v 0.80459076 -0.01326442 -0.07346416
v 0.80132127 -0.01257712 -0.07111755
v 0.79767877 -0.01199067 -0.07050636
v 0.79615927 -0.01556796 -0.08338022
v 0.79262185 -0.01508212 -0.08220881
v 0.79024875 -0.01336658 -0.07943183
v 0.79556817 -0.02016217 -0.08222556
v 0.80018950 -0.02111799 -0.08046126
v 0.80172724 -0.02651823 -0.07127041
v 0.80127913 -0.03132373 -0.07003641
v 0.80042183 -0.03049219 -0.06818530
v 0.80158740 -0.02546918 -0.06942454
v 0.80298340 -0.02311569 -0.07279244
v 0.80365509 -0.02020347 -0.07208386
v 0.80283296 -0.02305490 -0.07587540
v 0.80202794 -0.02743089 -0.07494578
v 0.79837954 -0.03175223 -0.07676610
v 0.80141842 -0.03222007 -0.07373744
v 0.79893959 -0.02701539 -0.07787353
v 0.80071092 -0.02356714 -0.07848498
v 0.79970813 -0.03477794 -0.06832471
v 0.80098605 -0.03467000 -0.06971323
v 0.80379534 -0.01956481 -0.07681838
v 0.80106926 -0.01802677 -0.06960380
v 0.79953003 -0.02394396 -0.06784993
v 0.79820091 -0.02940106 -0.06685910
v 0.79687554 -0.03359985 -0.06754231
v 0.79524493 -0.02817082 -0.06706145
v 0.79622674 -0.02273846 -0.06777149
v 0.79430777 -0.03189015 -0.06787536
v 0.79261458 -0.02748942 -0.06842026
v 0.79284573 -0.02206230 -0.06894854
v 0.79386646 -0.01587999 -0.07069170
v 0.79746026 -0.01667267 -0.06937411
v 0.79276156 -0.03043509 -0.06880885
v 0.79849666 -0.03700650 -0.07176688
v 0.79523611 -0.03585213 -0.07124245
v 0.80083179 -0.03624058 -0.07270044
v 0.79700023 -0.02638406 -0.07966825
v 0.79618037 -0.03140748 -0.07795596
v 0.79406112 -0.02561241 -0.08015028
v 0.79370928 -0.03082693 -0.07815275
v 0.79870683 -0.03505099 -0.07565659
v 0.79686558 -0.03516930 -0.07587752
v 0.79388040 -0.01167619 -0.07182735
v 0.79088664 -0.01210827 -0.07523367
v 0.79108787 -0.01575381 -0.07389235
v 0.78997594 -0.02224708 -0.07216570
v 0.79019332 -0.01680863 -0.07797459
v 0.79203540 -0.01929438 -0.08060285
v 0.79118353 -0.02482820 -0.07878146
v 0.78929341 -0.02342457 -0.07612652
v 0.78979123 -0.02844745 -0.07489297
v 0.79133654 -0.02974319 -0.07707396
v 0.79027605 -0.02777004 -0.07122016
v 0.79199064 -0.03288341 -0.07454732
v 0.79413682 -0.03452468 -0.07546562
v 0.79071176 -0.03125060 -0.07357740
v 0.79146785 -0.03126305 -0.07090664
v 0.79289293 -0.03362381 -0.07087725
v 0.77329534 0.01265794 -0.07803696
v 0.76676142 0.00020516 -0.09523562
v 0.76992387 0.00141236 -0.09260392
v 0.77011323 -0.00184357 -0.09285334
v 0.76677132 -0.00245470 -0.09536684
v 0.77700114 0.00576025 -0.09381595
v 0.77845412 0.00728565 -0.09760830
v 0.77861965 0.00087941 -0.09789619
v 0.77741587 -0.00004089 -0.09412023
v 0.77632374 0.00704074 -0.10291320
v 0.77647305 0.00090504 -0.10262296
v 0.76547766 0.01744419 -0.08779041
v 0.76477462 0.02130899 -0.09108777
v 0.77466589 0.01312837 -0.09559229
v 0.77366018 0.01083094 -0.09182796
v 0.75552356 0.00564876 -0.09426937
v 0.75460058 0.00752822 -0.09843360
v 0.74904716 0.01132172 -0.09594490
v 0.74829000 0.01054662 -0.09140811
v 0.77363074 0.00373757 -0.09210664
v 0.77399862 -0.00105834 -0.09263238
v 0.76462829 -0.00037956 -0.09845647
v 0.76406121 -0.00038707 -0.10214844
v 0.76214027 0.00287610 -0.10170725
v 0.76255047 0.00210717 -0.09749949
v 0.76006919 0.00867380 -0.08717426
v 0.75806421 0.00583255 -0.09065841
v 0.75066596 0.00962039 -0.08692541
v 0.75539941 0.01134536 -0.08405437
v 0.76328325 0.01217583 -0.08718385
v 0.75736862 0.01632637 -0.10148409
v 0.75524414 0.01114452 -0.10104991
v 0.76384157 0.00581014 -0.10455951
v 0.76817077 0.00962377 -0.10474974
v 0.77133995 0.00732952 -0.09107950
v 0.76442486 0.00325897 -0.09387916
v 0.76823986 0.00428307 -0.09168437
v 0.77119792 0.00406852 -0.10547075
v 0.77236825 0.01362070 -0.10090947
v 0.76402688 -0.00367135 -0.10259601
v 0.76491660 -0.00992763 -0.10252485
v 0.76754451 -0.01010251 -0.10483885
v 0.76688325 -0.00296319 -0.10553971
v 0.76662171 0.00106552 -0.10503718
v 0.77154708 -0.00149971 -0.10565391
v 0.77080119 -0.00815833 -0.09253496
v 0.76707625 -0.00825131 -0.09508738
v 0.77450335 -0.00801802 -0.09248835
v 0.76161891 0.02222571 -0.09673251
v 0.77914959 -0.00789052 -0.09748358
v 0.77764976 -0.00808203 -0.09403861
v 0.76499903 -0.00905102 -0.09870023
v 0.76459873 -0.00327617 -0.09873703
v 0.77188563 -0.00948620 -0.10491121
v 0.77682650 -0.00796527 -0.10191458
v 0.77233112 -0.01590097 -0.10393769
v 0.77778715 -0.01448703 -0.10146439
v 0.77958739 -0.01364368 -0.09690970
v 0.77811921 -0.01265764 -0.09370175
v 0.77521449 -0.01200688 -0.09229121
v 0.76767653 -0.01581937 -0.10357234
v 0.76564384 -0.01483274 -0.10118878
v 0.76608038 -0.01324940 -0.09800583
v 0.76810980 -0.02028865 -0.10174808
v 0.77278030 -0.02105260 -0.10207200
v 0.77877891 -0.02390891 -0.09442034
v 0.77904469 -0.02732038 -0.09290189
v 0.77866364 -0.02678889 -0.09108454
v 0.77906799 -0.02274430 -0.09263152
v 0.77883440 -0.02100736 -0.09646806
v 0.77924192 -0.01848596 -0.09582022
v 0.77734101 -0.02121490 -0.09920731
v 0.77776384 -0.02499300 -0.09756941
v 0.77436793 -0.02974099 -0.09795702
v 0.77819824 -0.02891314 -0.09619603
v 0.77425575 -0.02602786 -0.09991825
v 0.77480656 -0.02283561 -0.10071310
v 0.77832711 -0.03061992 -0.09073272
v 0.77918935 -0.03025025 -0.09241101
v 0.77731216 -0.01861739 -0.10019439
v 0.77816278 -0.01660639 -0.09291500
v 0.77805650 -0.02170914 -0.09086412
v 0.77747250 -0.02670580 -0.08925074
v 0.77620697 -0.03059560 -0.08943030
v 0.77522087 -0.02573496 -0.08877796
v 0.77574235 -0.02058226 -0.09006396
v 0.77417076 -0.02928370 -0.08918414
v 0.77281404 -0.02494001 -0.08927187
v 0.77265632 -0.01983172 -0.09031829
v 0.77212739 -0.01480687 -0.09173283
v 0.77556527 -0.01539189 -0.09166047
v 0.77281505 -0.02792299 -0.08930674
v 0.77635002 -0.03314602 -0.09302533
v 0.77416724 -0.03245932 -0.09153432
v 0.77811897 -0.03222030 -0.09496671
v 0.77162200 -0.02588683 -0.10030568
v 0.77195513 -0.03014278 -0.09792590
v 0.76884192 -0.02490711 -0.09961021
v 0.76989472 -0.02952147 -0.09673470
v 0.77523160 -0.03217494 -0.09664753
v 0.77358925 -0.03280956 -0.09560132
v 0.77149546 -0.01176894 -0.09225619
v 0.76802987 -0.01212019 -0.09459326
v 0.76862150 -0.01538557 -0.09363467
v 0.76932538 -0.02017558 -0.09189039
v 0.76637220 -0.01681173 -0.09670359
v 0.76607424 -0.01864380 -0.09965748
v 0.76714057 -0.02368754 -0.09756380
v 0.76702476 -0.02188826 -0.09468642
v 0.76864409 -0.02663839 -0.09276077
v 0.76873755 -0.02826107 -0.09490797
v 0.77026641 -0.02529043 -0.09059995
v 0.77082360 -0.03060621 -0.09257764
v 0.77183640 -0.03211147 -0.09393498
v 0.77029163 -0.02904928 -0.09167665
v 0.77151501 -0.02871799 -0.09037465
v 0.77259851 -0.03082943 -0.09068742
v 0.75057024 0.01378915 -0.09845579
v 0.75616550 0.00236741 -0.01227090
v 0.75581825 0.00279336 -0.00733945
v 0.74967825 -0.01249684 -0.01759452
v 0.75287104 -0.00631664 -0.01856233
v 0.74719542 -0.01652575 -0.01276018
v 0.74842566 -0.01267403 -0.00270846
v 0.74706399 -0.01583118 -0.00710893
v 0.75517601 -0.00100017 -0.01603843
v 0.75428337 0.00026684 -0.00277101
v 0.75099194 -0.00642088 -0.00060681
v 0.76294929 -0.00665314 -0.00041044
v 0.75989002 -0.01314511 0.00078662
v 0.75606793 -0.01956598 -0.00215277
v 0.75378203 -0.02104767 -0.00744118
v 0.75257266 -0.02003961 -0.01284991
v 0.76357746 -0.00194307 -0.00550252
v 0.76295483 -0.00130306 -0.01065117
v 0.76060063 -0.00406147 -0.01514588
v 0.77133441 -0.00749698 -0.00390869
v 0.77391344 -0.01408208 -0.00012538
v 0.77223057 -0.02783222 -0.00233668
v 0.77618903 -0.02994330 -0.00222063
v 0.77455825 -0.03102707 -0.00610366
v 0.76964349 -0.02904838 -0.00574255
v 0.77012241 -0.02535255 -0.00212744
v 0.76567000 -0.02531991 -0.00390625
v 0.77582932 -0.02397867 0.00086755
v 0.77274269 -0.02178132 0.00003681
v 0.77568626 -0.01843029 0.00070208
v 0.77916265 -0.01919147 0.00094873
v 0.77968442 -0.02665801 0.00137314
v 0.78297842 -0.02845799 -0.00015405
v 0.77976441 -0.03099313 -0.00225192
v 0.77963525 -0.03118824 -0.00537065
v 0.76953048 -0.01961649 0.00028399
v 0.76026171 -0.02545179 -0.00895745
v 0.76711154 -0.02887587 -0.01008841
v 0.00000191 0.09548570 -0.10573726
v 0.00000232 0.10715514 -0.10390943
v 0.77374446 -0.03043371 -0.01034245
v 0.77956057 -0.02968762 -0.00935400
v 0.77380693 -0.02731235 -0.01414737
v 0.76645893 -0.02629927 -0.01491353
v 0.77891433 -0.02643172 -0.01227778
v 0.77489066 -0.02337602 -0.01584879
v 0.76804096 -0.02135707 -0.01757196
v 0.75867397 -0.01767917 -0.01754218
v 0.75793815 -0.02300137 -0.01413769
v 0.77839535 -0.02406147 -0.01397526
v 0.78464675 -0.02831985 -0.00366491
v 0.78389722 -0.02608055 -0.00749961
v 0.77970564 -0.01550673 -0.00134185
v 0.78375518 -0.01844064 -0.00175840
v 0.78253615 -0.02158418 0.00106004
v 0.77880520 -0.01198593 -0.00473833
v 0.78356171 -0.01628179 -0.00546679
v 0.78469360 -0.02443235 0.00061995
v 0.78589338 -0.02276274 -0.00223631
v 0.75400084 -0.01557108 -0.01726359
v 0.75724566 -0.00937083 -0.01778726
v 0.76199758 -0.01137114 -0.01730680
v 0.77067512 -0.01540677 -0.01644948
v 0.76635557 -0.00658776 -0.01421562
v 0.76966709 -0.00498471 -0.00878492
v 0.77736700 -0.01042597 -0.00904879
v 0.77430737 -0.01144495 -0.01353183
v 0.77953857 -0.01616083 -0.01243103
v 0.78201556 -0.01546257 -0.00935930
v 0.77701712 -0.01916531 -0.01464975
v 0.78346759 -0.01985350 -0.00959912
v 0.78536212 -0.02107056 -0.00626481
v 0.78143919 -0.01924299 -0.01155436
v 0.78022540 -0.02160542 -0.01263249
v 0.78217912 -0.02364107 -0.01059762
v 0.74409437 0.01227014 -0.09091589
v 0.74666721 0.01133347 -0.08530454
v 0.74075222 0.01210978 -0.08456682
v 0.73326683 0.01090958 -0.08349694
v 0.72457778 0.01260082 -0.08762225
v 0.73525792 0.01169317 -0.07712325
v 0.74309611 0.01276893 -0.07855811
v 0.75169593 0.01258072 -0.07938620
v 0.73019481 0.01278365 -0.07049190
v 0.01705953 0.06829570 0.05666971
v 0.01759245 0.05114422 0.06716410
v 0.29867476 0.05008207 0.00782594
v 0.29683414 0.06828299 0.00667459
v 0.29468393 0.10430537 -0.03561558
v 0.29059708 0.10198388 -0.05855520
v 0.06361745 -0.22339058 0.12111036
v 0.11014743 -0.17777936 -0.07834373
v 0.11309906 -0.15772101 -0.08427027
v 0.03675449 -0.15950853 -0.10636672
v 0.05648654 -0.16357607 -0.10491142
v 0.14421506 -0.19277009 0.03331732
v 0.14499022 -0.17273970 0.03121538
v 0.10187636 -0.20105390 0.08834298
v 0.10348398 -0.17921439 0.08687670
v 0.13483937 -0.21602716 0.05753617
v 0.08031957 -0.21003453 -0.09160549
v 0.09882752 -0.21259576 -0.08397458
v 0.09447504 -0.19251315 -0.08567923
v 0.07660948 -0.18934329 -0.09454536
v 0.01795326 -0.15576513 -0.10271006
v 0.01789941 -0.17868200 -0.09621456
v 0.15249734 -0.15108112 0.00515421
v 0.15154630 -0.15004420 -0.02133212
v 0.13209604 -0.14416105 -0.06815299
v 0.11636750 -0.13798259 -0.08540228
v 0.09854849 -0.13042037 -0.09746556
v 0.07950679 -0.12277764 -0.10642320
v 0.08879552 -0.15722236 0.10122923
v 0.07061981 -0.13550636 0.10919678
v 0.14653796 -0.15213151 0.03056070
v 0.02456592 -0.15646531 0.12666567
v 0.06387915 -0.09147809 -0.11780381
v 0.04059856 -0.08704080 -0.12084486
v 0.14436087 -0.14800420 -0.04611288
v 0.03360033 0.01203151 0.09702249
v 0.05208612 0.01533290 0.09592496
v 0.05141160 -0.00041217 0.10711296
v 0.03326047 -0.00451898 0.10723954
v 0.06913401 0.00212591 0.10606688
v 0.08624040 0.00374108 0.10346476
v 0.10193443 0.00433297 0.09948856
v 0.13805342 -0.00007345 0.08269959
v 0.12778741 0.00236067 0.08887455
v 0.15463191 -0.00939493 0.06762014
v 0.14707226 -0.00357364 0.07569376
v 0.16070473 -0.02016436 0.05760690
v 0.16446394 -0.03290275 0.04487105
v 0.16978566 -0.03122833 0.02310348
v 0.16751160 -0.04524148 0.02958298
v 0.16196270 -0.04707498 0.05286891
v 0.15829876 -0.03391065 0.06529222
v 0.15234277 -0.02365784 0.07563359
v 0.01980569 -0.07312053 0.11998332
v 0.01726124 -0.04834832 0.11990436
v 0.01566689 0.08454466 0.04715109
v 0.49585384 0.01952909 -0.08311823
v 0.61883086 0.04951202 -0.02266081
v 0.01795043 0.10896535 -0.10510608
v 0.03717523 0.11333100 -0.10675718
v 0.10041232 0.12820177 -0.09838787
v 0.11557265 0.13873553 -0.08049683
v 0.07935644 0.11824515 -0.10831825
v 0.05773122 0.10892805 -0.11102173
v 0.13373485 -0.13401023 0.05245580
v 0.03881621 0.07645650 -0.11386594
v 0.05930671 0.09737717 -0.11472428
v 0.08185468 0.10668306 -0.11389618
v 0.10548016 0.11713357 -0.10412563
v 0.12847799 0.12864557 -0.08527253
v 0.14461686 0.12678972 -0.07712590
v 0.16458184 0.10947268 -0.08100987
v 0.18199179 0.11252883 -0.07134566
v 0.18460439 0.12609583 -0.05617215
v 0.17543672 0.12481216 -0.06078275
v 0.17279957 0.11053596 -0.07578511
v 0.25831419 0.10797580 -0.06652062
v 0.28129435 0.08655737 -0.07994356
v 0.27305558 0.09910428 -0.07168860
v 0.28526026 0.07115363 -0.08652563
v 0.28615215 0.05918802 -0.08954622
v 0.28226495 0.04748696 -0.09072999
v 0.27213925 0.03787448 -0.09035488
v 0.23352005 0.01778200 -0.07899876
v 0.21651128 0.01077276 -0.07418446
v 0.17940065 -0.01538885 -0.07808543
v 0.17122890 -0.02153318 -0.08084955
v 0.15054660 -0.05041604 -0.08990068
v 0.13915721 -0.06360978 -0.09357577
v 0.00000150 0.14433466 -0.09558294
v 0.12754615 -0.07917029 -0.09854825
v -0.00000146 -0.05959144 -0.12253790
v -0.00000137 -0.03800325 -0.12441973
v -0.00000006 -0.12953928 -0.10429183
v -0.00000123 -0.10873526 -0.11409484
v 0.12584275 -0.30610564 -0.09585294
v 0.11927779 -0.28825313 -0.08908083
v 0.09902814 -0.29027382 -0.09911451
v 0.00000067 -0.27089620 -0.09560653
v 0.00000042 -0.25108975 -0.08493291
v 0.00000087 -0.19901735 -0.08562215
v 0.00000099 -0.17508952 -0.08967467
v 0.10560273 -0.30891332 -0.10642549
v 0.04645749 -0.25176415 -0.09347952
v -0.00000019 -0.00475890 -0.12345357
v -0.00000048 0.00730599 -0.11638973
v -0.00000033 0.02410516 -0.11453521
v 0.02330531 -0.25162604 -0.09070142
v 0.16384749 -0.28760049 -0.03365404
v 0.16837204 -0.29076186 -0.00712819
v 0.13731875 -0.28653181 -0.07500603
v 0.15271530 -0.28631547 -0.05668232
v 0.16563758 -0.29580235 0.01957448
v 0.10602694 -0.32515523 0.09995379
v 0.08562257 -0.33101645 0.11465183
v 0.04288090 -0.33908704 0.13421054
v 0.02124618 -0.34144109 0.13826744
v 0.15703079 -0.30292463 0.04403314
v 0.06438396 -0.33570024 0.12642638
v 0.14325286 -0.31081522 0.06505208
v 0.12544763 -0.31842962 0.08343465
v 0.06759832 -0.25214410 -0.09284901
v 0.07208066 -0.27214524 -0.09776460
v 0.00000550 0.13780931 0.02643690
v 0.00000529 0.12800935 0.02499764
v 0.09233841 -0.27156478 -0.09330049
v 0.05936123 -0.01602983 -0.12934965
v 0.03833573 -0.01780588 -0.12865511
v 0.08056641 -0.01227945 -0.12882039
v 0.09707846 0.01111737 -0.12801813
v 0.09976975 -0.00620265 -0.12605733
v 0.11812809 0.00048820 -0.12138511
v 0.00000523 0.14759448 0.02936892
v 0.00000446 0.06612943 0.05823261
v 0.00000439 0.04843548 0.06839501
v 0.11551055 0.01759705 -0.12332254
v 0.00000253 -0.05200916 0.11793961
v 0.00000255 -0.07684019 0.11822765
v 0.00000457 0.08272625 0.04804869
v 0.00000215 -0.09866817 0.11419579
v 0.14720435 0.02851948 -0.10775268
v 0.14860779 0.01502947 -0.10613502
v 0.16035625 0.01943377 -0.10045812
v 0.15966083 0.03213404 -0.10243300
v 0.18330127 0.02610071 -0.09290162
v 0.17167105 0.02262163 -0.09668341
v 0.19553718 0.03089584 -0.08853918
v 0.21049529 0.03645308 -0.08853979
v 0.20689556 0.06302677 -0.09327509
v 0.19439477 0.05704684 -0.09471264
v 0.14756773 0.04331112 -0.10750037
v 0.13245550 0.03967188 -0.11576397
v 0.03801696 0.01368208 -0.12333924
v 0.01870639 0.00948692 -0.11920760
v 0.17086644 -0.05136182 0.01074040
v 0.17369874 -0.05584302 -0.00979536
v 0.17457123 -0.05757004 -0.02906252
v 0.17230996 -0.05601474 -0.04614482
v 0.17006616 -0.05250857 -0.06175643
v 0.16473867 -0.04656626 -0.07518972
v 0.16441828 -0.02947826 -0.08369219
v 0.15814044 -0.03873286 -0.08670661
v -0.00000077 -0.47622076 -0.12863272
v 0.15960559 -0.02024731 -0.09181445
v 0.15134788 -0.02944784 -0.09631644
v 0.13882853 -0.00577438 -0.11026052
v 0.14469287 -0.01852746 -0.10418087
v 0.13447687 0.00853769 -0.11433283
v 0.13229838 0.02382511 -0.11615579
v 0.11497048 0.03508100 -0.12350286
v 0.09645500 0.02936586 -0.12842898
v 0.07880995 0.05977604 -0.12588505
v 0.07777914 0.04224176 -0.12840307
v 0.07729203 0.02372503 -0.13013984
v 0.07750944 0.00586557 -0.13017344
v 0.07554468 0.15164006 -0.07922288
v 0.05775438 0.14538357 -0.09010334
v 0.26449147 0.04318196 -0.09124394
v 0.26988682 0.05085503 -0.09155112
v -0.00000076 -0.42568728 -0.14782691
v -0.00000039 -0.40261242 -0.14753260
v 0.26024860 0.05139755 -0.09197763
v 0.25913158 0.04574950 -0.09166850
v 0.27147448 0.06012521 -0.09096428
v 0.27028927 0.07195054 -0.08901692
v 0.25864136 0.07053595 -0.09053038
v 0.25986102 0.05921539 -0.09205833
v 0.26674023 0.08485986 -0.08433630
v 0.25493264 0.08234917 -0.08740386
v 0.26012847 0.09572592 -0.07899150
v 0.25075918 0.10286523 -0.07515676
v 0.24656534 0.09838298 -0.07979257
v 0.25054047 0.09216584 -0.08337967
v 0.21575440 0.09427107 -0.08435474
v 0.22745621 0.09677075 -0.08238465
v 0.23859516 0.09790531 -0.08056638
v 0.22545882 0.04333892 -0.09065866
v 0.23813103 0.05135572 -0.09222302
v 0.24908759 0.05705851 -0.09250695
v 0.24711445 0.06790954 -0.09176105
v 0.23589157 0.06203134 -0.09247424
v -0.00000079 -0.44622087 -0.14365079
v 0.22312966 0.05458039 -0.09238807
v 0.05706384 0.00243302 -0.13004200
v 0.03740980 -0.00139187 -0.12754111
v -0.00000002 -0.45275146 0.11035961
v 0.00000001 -0.46839458 0.10314146
v 0.18236081 0.03834443 -0.09509950
v 0.00000049 -0.48240584 0.09349883
v 0.00000030 -0.49536189 0.08163726
v 0.17168917 0.03529852 -0.09896041
v 0.19411236 0.04255677 -0.09202534
v 0.20851810 0.04848329 -0.09178687
v 0.18307947 0.05271542 -0.09657607
v 0.17220314 0.04922298 -0.09958600
v 0.16041306 0.04622837 -0.10292217
v 0.05759263 0.01859487 -0.12770921
v 0.01848870 -0.00402350 -0.12499957
v -0.00000018 -0.35467321 -0.13647056
v 0.00000034 -0.33129978 -0.12697104
v -0.00000033 -0.36485234 0.13443564
v 0.00000542 0.15549116 0.03212643
v -0.00000081 0.19243272 -0.07202830
v 0.00000575 0.11694644 0.02554338
v 0.00000560 0.10643852 0.03134451
v -0.00000068 -0.51334965 -0.01671930
v 0.00000544 0.09561855 0.04000769
v -0.00000074 -0.51361459 -0.02928476
v 0.00000065 -0.15150827 -0.09637019
v 0.18336967 0.09291259 0.02974271
v 0.18539558 0.11874965 0.01450101
v 0.18854116 0.13414122 -0.00842962
v 0.18788528 0.13588588 -0.03446439
v 0.42340189 -0.00755716 -0.04496070
v 0.01869407 -0.20189600 -0.09181766
v 0.02060932 -0.22617674 -0.08940796
v 0.04199986 -0.22834206 -0.09304342
v 0.01940381 -0.08534358 -0.12065051
v 0.01864899 -0.01868927 -0.12719335
v 0.11269994 -0.02637249 0.11565530
v 0.09961717 -0.02585139 0.12057784
v 0.10051612 -0.01064514 0.11082172
v 0.11400930 -0.01115871 0.10583891
v 0.13416192 -0.02892220 0.10124763
v 0.12447423 -0.02752116 0.10883439
v 0.12589428 -0.01253852 0.09941614
v 0.13611926 -0.01468928 0.09226918
v 0.14269553 -0.03209047 0.09282164
v 0.14477155 -0.01799774 0.08440725
v 0.12274096 -0.04384389 0.11591879
v 0.11139543 -0.04300367 0.12285493
v 0.09862048 -0.04222139 0.12764104
v 0.13999830 -0.04648628 0.09939031
v 0.13225758 -0.04476468 0.10789040
v 0.00998481 0.15679966 0.03081376
v 0.01297253 0.10924932 0.03175047
v 0.01202261 0.11966462 0.02642750
v 0.01627527 -0.02725372 0.11489958
v 0.01603371 0.00743281 0.09795225
v 0.01699190 0.01801232 0.08593807
v 0.01746507 0.03339498 0.07655937
v 0.01469056 0.09806882 0.03922342
v 0.01594734 -0.00927629 0.10700841
v 0.17522827 -0.48082542 -0.08003140
v 0.15561827 -0.49833399 -0.10022577
v 0.16216564 -0.47156999 -0.09801852
v 0.14710811 -0.48468554 -0.11181466
v 0.17350207 -0.40018645 -0.07145501
v 0.17285740 -0.42700648 -0.07850610
v 0.17402403 -0.37164444 -0.06712029
v 0.12575541 -0.49249890 -0.12488346
v 0.09877443 -0.49514064 -0.13385731
v 0.09624561 -0.47529405 -0.14116295
v 0.15760848 -0.37455285 -0.09218504
v 0.15777713 -0.40199900 -0.09616791
v 0.16994306 -0.45170069 -0.08737163
v 0.15592311 -0.45102718 -0.10573152
v 0.15359807 -0.46613356 -0.10822470
v 0.12234717 -0.47468421 -0.13146530
v 0.14165747 -0.47146752 -0.11899149
v 0.03548265 -0.33311126 -0.12701742
v 0.06519349 -0.33329749 -0.12569687
v 0.06079930 -0.31252947 -0.11596560
v 0.13188724 -0.32647619 -0.10186821
v 0.14466463 -0.30361217 -0.07980460
v 0.14006561 -0.45350406 -0.12134729
v 0.12001556 -0.45370516 -0.13525529
v 0.09382292 -0.45250341 -0.14617604
v 0.09322207 -0.37709996 -0.13850339
v 0.09226618 -0.40144056 -0.14489822
v 0.11678178 -0.40309075 -0.13371629
v 0.11743861 -0.37721562 -0.12772655
v 0.13622667 -0.35022464 -0.10755213
v 0.13853742 -0.37651694 -0.11236933
v 0.09260684 -0.35344508 -0.13046834
v 0.11552958 -0.35202104 -0.12107687
v 0.11129788 -0.32901514 -0.11376685
v 0.13898923 -0.40389261 -0.11712041
v 0.06205525 -0.42649725 -0.15367559
v 0.09195040 -0.42785680 -0.14787306
v 0.03129034 -0.42523339 -0.15179615
v 0.08921877 -0.33134881 -0.12147209
v 0.08439730 -0.31091711 -0.11243411
v 0.07792205 -0.29121533 -0.10441089
v 0.06312107 -0.23043554 -0.09264714
v 0.12010224 -0.71231979 0.06347935
v 0.00044274 -0.53225332 0.00927053
v 0.00072192 -0.52485162 -0.01707033
v 0.18745902 -0.44115528 0.04447026
v 0.19590296 -0.46187720 -0.03280227
v 0.18404895 -0.45557958 -0.06328209
v 0.02855483 -0.53043139 0.07440071
v 0.01108548 -0.53648973 0.05252983
v 0.16951422 -0.44958660 0.07185367
v 0.11380310 -0.49714735 0.10061628
v 0.00253791 -0.53647906 0.03087952
v 0.15736251 -0.42807701 -0.10119212
v 0.13964066 -0.43033421 -0.12042639
v 0.11808030 -0.42957452 -0.13604261
v 0.06306456 -0.45048383 -0.15181977
v 0.03110419 -0.44729027 -0.15001945
v 0.02328342 -0.47463194 0.09893151
v 0.01902223 -0.46456048 0.10454469
v 0.00997135 -0.46666253 0.10384736
v 0.01033213 -0.48081535 0.09501290
v 0.10690514 -0.34693807 0.09909368
v 0.08494667 -0.35351154 0.11278865
v 0.04079032 -0.36173213 0.13039649
v 0.01974021 -0.36367223 0.13390486
v 0.16202159 -0.32220832 0.04438893
v 0.06259324 -0.35852414 0.12360018
v 0.14738920 -0.33096427 0.06539810
v 0.12802738 -0.33944234 0.08364808
v 0.07133705 -1.14922702 -0.06539164
v 0.07238846 -1.17751336 -0.06160408
v 0.07319562 -1.17575586 -0.07706422
v 0.06948885 -1.14718735 -0.08063156
v 0.08810627 -1.14238071 -0.10966270
v 0.07580031 -1.14469182 -0.10134135
v 0.10360026 -1.14196479 -0.11158399
v 0.10042463 -1.17161393 -0.11023466
v 0.11179901 -1.17221487 -0.10345311
v 0.11731240 -1.14314890 -0.10626719
v 0.12546097 -1.14394009 -0.09671574
v 0.12937668 -1.17416012 -0.06520692
v 0.13518398 -1.14649570 -0.06569636
v 0.13125750 -1.14462352 -0.08457670
v 0.12668447 -1.17348754 -0.08310064
v 0.12911637 -1.15038836 -0.04607985
v 0.12357841 -1.17716634 -0.04575180
v 0.11339366 -1.15374196 -0.03496400
v 0.07718010 -1.15210450 -0.04987402
v 0.07610118 -1.17950630 -0.04495797
v 0.08639894 -1.17202091 -0.10843968
v 0.07665124 -1.17409253 -0.09841403
v 0.07036719 -1.14628029 -0.09136296
v 0.07480891 -1.17478848 -0.08782009
v 0.07219215 -1.20487177 -0.07286902
v 0.06574574 -1.20492339 -0.05717629
v 0.08514497 -1.20098543 -0.10836559
v 0.07917250 -1.20273137 -0.09559763
v 0.10750304 -1.20075643 -0.10107096
v 0.09786644 -1.20014679 -0.11130369
v 0.12689517 -1.20136070 -0.08241597
v 0.11996038 -1.17280698 -0.09375241
v 0.11721072 -1.20104039 -0.09158979
v 0.12827355 -1.20124662 -0.06513497
v 0.12221620 -1.20275629 -0.04227725
v 0.07223126 -1.20503020 -0.03871859
v 0.07591370 -1.20430410 -0.08443753
v 0.12435247 -1.28687763 0.11366462
v 0.12877865 -1.28688920 0.11271856
v 0.13030927 -1.29120517 0.11329684
v 0.12352635 -1.29198813 0.11467478
v 0.08086073 -1.28319097 0.12471231
v 0.08930726 -1.28159773 0.12663028
v 0.09130301 -1.29044509 0.12475604
v 0.07973985 -1.29272079 0.12278316
v 0.11516779 -1.29522574 0.11963850
v 0.11031634 -1.29512072 0.12015455
v 0.10940997 -1.29145992 0.12383717
v 0.11711553 -1.29143941 0.12295423
v 0.15486175 -1.29198420 0.07927822
v 0.15070920 -1.29225683 0.08078054
v 0.15069750 -1.28782523 0.08326839
v 0.15586805 -1.28839552 0.08061983
v 0.14201857 -1.29526341 0.09693255
v 0.13820171 -1.29579628 0.09841397
v 0.13788456 -1.29151440 0.10137260
v 0.14380075 -1.29189217 0.09885053
v 0.09192515 -1.27736807 0.10310474
v 0.09162465 -1.27829444 0.11719541
v 0.07908054 -1.28092968 0.11501830
v 0.07743838 -1.27627730 0.10068922
v 0.07234353 -1.28978670 0.11133189
v 0.07977139 -1.29519641 0.10873821
v 0.07824596 -1.29558539 0.09443785
v 0.07090733 -1.28730845 0.09564576
v 0.09221973 -1.29545832 0.11082177
v 0.09191844 -1.29508448 0.09779054
v 0.09890790 -1.28663266 0.10200830
v 0.10066049 -1.28696167 0.11617391
v 0.11834274 -1.28655589 0.10284717
v 0.12154610 -1.28891647 0.11474114
v 0.11551289 -1.28311861 0.11615066
v 0.11316699 -1.27914119 0.10386663
v 0.10745065 -1.28341150 0.11738087
v 0.10240726 -1.27976501 0.10559046
v 0.09909139 -1.28912568 0.10457355
v 0.10170408 -1.29014421 0.11760067
v 0.10702763 -1.29540300 0.11372320
v 0.10387986 -1.29447854 0.10095005
v 0.11310532 -1.29353607 0.10035114
v 0.11608759 -1.29524493 0.11241124
v 0.12240399 -1.28534412 0.10788348
v 0.11999459 -1.28079712 0.09859019
v 0.13024074 -1.27963805 0.09633228
v 0.12984517 -1.28476274 0.10688374
v 0.12191553 -1.29439902 0.09587510
v 0.11678298 -1.28993940 0.09862569
v 0.11829042 -1.29228222 0.10809357
v 0.12351391 -1.29595315 0.10615825
v 0.13088702 -1.29579222 0.10532572
v 0.13114251 -1.29337370 0.09453492
v 0.13512173 -1.28638852 0.09608860
v 0.13489754 -1.29005253 0.10645822
v 0.14447641 -1.28483689 0.09322373
v 0.14586854 -1.27934122 0.08339113
v 0.14943480 -1.28624856 0.08230773
v 0.14723855 -1.29073775 0.09187655
v 0.13799796 -1.28009176 0.08702792
v 0.13874426 -1.28405964 0.09505975
v 0.13758744 -1.29344177 0.08523373
v 0.13499509 -1.28632605 0.08886430
v 0.13415614 -1.28878701 0.09570104
v 0.13663973 -1.29551792 0.09315503
v 0.14377323 -1.29578865 0.09139049
v 0.14552300 -1.29336691 0.08167971
v 0.15971659 -1.28698456 0.07371324
v 0.15799728 -1.28131890 0.07531249
v 0.15889017 -1.27877951 0.06662154
v 0.16024306 -1.28561580 0.06372551
v 0.15225597 -1.27849627 0.07146128
v 0.15176491 -1.28116214 0.07780534
v 0.15012699 -1.29163885 0.06961645
v 0.15001376 -1.28433728 0.07282218
v 0.14821438 -1.28609097 0.07792066
v 0.14928477 -1.29257500 0.07584307
v 0.15588583 -1.29286778 0.07368101
v 0.15627553 -1.29112947 0.06523721
v 0.07736804 -1.27293456 0.08648725
v 0.09558439 -1.27661169 0.08932341
v 0.08239178 -1.29490685 0.11797073
v 0.07113888 -1.28580403 0.08121534
v 0.08924804 -1.29480624 0.11900142
v 0.09580904 -1.29454160 0.08541855
v 0.07891217 -1.29433227 0.08008795
v 0.09790985 -1.28683865 0.09562768
v 0.11520986 -1.28625309 0.12251797
v 0.11571066 -1.28729296 0.09346694
v 0.11560570 -1.29419672 0.08406087
v 0.11057203 -1.28622842 0.12302897
v 0.11425409 -1.27639914 0.08752754
v 0.13200971 -1.27701390 0.07880400
v 0.12543972 -1.29547584 0.11188691
v 0.12939936 -1.29512286 0.11145860
v 0.13393746 -1.29383659 0.07742675
v 0.13517660 -1.28520429 0.08678843
v 0.14316089 -1.28751934 0.09859990
v 0.15014625 -1.28430915 0.07289266
v 0.14795639 -1.29294264 0.06633320
v 0.13962230 -1.28708184 0.09963711
v 0.14807005 -1.27571714 0.06736069
v 0.15488784 -1.28482628 0.07972524
v 0.15688910 -1.29224396 0.05463648
v 0.16180086 -1.28459370 0.05166137
v 0.15213604 -1.28410363 0.08160860
v 0.15924129 -1.27599692 0.05612427
v 0.08606288 -1.15461051 -0.03845376
v 0.08506128 -1.18059373 -0.03381539
v 0.09825730 -1.15555584 -0.03335154
v 0.10998218 -1.17982709 -0.03342925
v 0.09672485 -1.18125713 -0.02995595
v 0.08309647 -1.20460188 -0.02549315
v 0.10893339 -1.20500267 -0.02790302
v 0.09638634 -1.20433414 -0.02232087
v 0.12834807 -1.22210813 -0.08429765
v 0.13168153 -1.22298610 -0.06691320
v 0.11676937 -1.22185946 -0.09410483
v 0.09675897 -1.22190666 -0.11462073
v 0.10738527 -1.22196734 -0.10507667
v 0.08156127 -1.22303200 -0.01498684
v 0.07149984 -1.22578084 -0.03242829
v 0.09689347 -1.22095680 -0.00955372
v 0.11179283 -1.22217333 -0.01709439
v 0.07302340 -1.26768720 0.07007340
v 0.07301483 -1.26604235 0.04934356
v 0.08785328 -1.25606012 0.05254172
v 0.09189878 -1.26556695 0.07143155
v 0.10661934 -1.25618505 0.04914809
v 0.11012624 -1.26773345 0.06799985
v 0.12336820 -1.25990760 0.04143096
v 0.12731484 -1.26922989 0.06048808
v 0.13887940 -1.26355147 0.03229632
v 0.14357245 -1.27031231 0.05067362
v 0.15214396 -1.26996469 0.02274571
v 0.15711659 -1.27318347 0.04140085
v 0.15975490 -1.28004992 0.01767176
v 0.16341725 -1.28278637 0.03665901
v 0.06701903 -1.28413332 0.06449632
v 0.06873606 -1.28169143 0.04379021
v 0.07760313 -1.29587543 0.06166034
v 0.07872245 -1.29495847 0.04115496
v 0.09514298 -1.29617894 0.06072498
v 0.09510294 -1.29578412 0.03959737
v 0.15592819 -1.29222167 0.01924802
v 0.15765519 -1.29380357 0.03894907
v 0.11392624 -1.29519498 0.05671594
v 0.11318156 -1.29421413 0.03537166
v 0.13110034 -1.29612362 0.05078956
v 0.12991519 -1.29506838 0.02951267
v 0.14566378 -1.29618096 0.04435375
v 0.14429812 -1.29545951 0.02356430
v 0.08327276 -1.24841952 0.02986831
v 0.10269561 -1.24319816 0.02872869
v 0.00000159 0.15867464 -0.09015680
v 0.00000112 0.08275800 -0.10760592
v 0.11900111 -1.24781513 0.01992908
v 0.13342988 -1.25513101 0.00959432
v 0.14527123 -1.26553607 0.00010214
v 0.15429929 -1.27618170 -0.00444812
v 0.13207819 -1.24351752 -0.01827093
v 0.13960779 -1.26267600 -0.02572059
v 0.14629374 -1.27501512 -0.02744136
v 0.13564749 -1.26076305 -0.05152779
v 0.13984735 -1.27381790 -0.05137549
v -0.00000061 -0.46286908 -0.13687307
v 0.00000027 0.04056911 -0.11251482
v 0.12663151 -1.26061761 -0.09316136
v -0.00000006 -0.37861508 -0.14340121
v 0.00000435 0.02859811 0.07635890
v 0.00000445 0.01348307 0.08567249
v 0.00000414 0.00523823 0.09903502
v 0.00000400 -0.01207310 0.10704334
v -0.00000075 -0.27843341 0.13640250
v -0.00000073 -0.26461795 0.13210352
v 0.00000059 -0.22391135 -0.08281105
v -0.00000071 -0.32242697 0.14010398
v -0.00000032 -0.24877073 0.13483876
v -0.00000174 -0.08375180 -0.11939069
v 0.00000294 -0.03061535 0.11396882
v -0.00000078 -0.34293887 0.13902281
v -0.00000087 -0.01877851 -0.12625661
v -0.00000003 -0.22540720 0.13600397
v -0.00000001 -0.43382138 0.11587377
v 0.00000220 -0.15831830 0.12654132
v -0.02036779 0.15923904 0.02686749
v -0.03142740 0.16315305 0.02117496
v -0.03269451 0.15477005 0.02006004
v -0.02116328 0.15131670 0.02508040
v -0.05840435 0.17252725 -0.02806650
v -0.05634188 0.18105574 -0.02421442
v -0.05331917 0.18510550 -0.03815212
v -0.05683381 0.17685871 -0.04260067
v -0.04676975 0.18746580 -0.05032849
v -0.05043727 0.17848159 -0.05511044
v -0.03992338 0.17871064 -0.06467826
v -0.03726176 0.18899050 -0.05970484
v -0.02580002 0.18930563 -0.06691699
v -0.02795283 0.17831771 -0.07137655
v -0.04254961 0.16791454 0.01337189
v -0.05139370 0.17283468 0.00261963
v -0.05186139 0.16340576 0.00167533
v -0.04312707 0.15929304 0.01241984
v -0.05629073 0.17766213 -0.01031205
v -0.05735135 0.16821451 -0.01256007
v -0.01449192 0.17896833 -0.07561181
v -0.01300881 0.19104367 -0.07068726
v -0.02390435 0.13239659 0.02380040
v -0.01162213 0.12996513 0.02522538
v -0.01111924 0.13959624 0.02595474
v -0.02278668 0.14185607 0.02379283
v -0.05500450 0.13157231 0.00652382
v -0.06985892 0.13905069 -0.00632758
v -0.07667720 0.13109842 -0.00170528
v -0.06102146 0.12244780 0.01147999
v -0.07251753 0.10116965 0.03124881
v -0.09682801 0.11063397 0.01687872
v -0.09436893 0.08954966 0.03723579
v -0.07429254 0.08310715 0.04333591
v -0.09263778 0.07097702 0.05315403
v -0.07453785 0.06548411 0.05635564
v -0.08754975 0.01951808 0.09139004
v -0.07014110 0.01780073 0.09420398
v -0.07157660 0.03391245 0.08238539
v -0.08912040 0.03604725 0.07938019
v -0.10155062 -0.08073089 0.12088941
v -0.08773360 -0.07620815 0.12703650
v -0.09593870 -0.05957959 0.12957120
v -0.10840551 -0.06171197 0.12505203
v -0.15699391 0.04275290 0.05396568
v -0.15864377 0.06146744 0.04563332
v -0.17081316 0.04942892 0.04561155
v -0.16729851 0.03065643 0.05109984
v -0.11274248 0.14398067 -0.03208311
v -0.10715978 0.13053916 -0.00840482
v -0.09552847 0.13464051 -0.01433052
v -0.10094270 0.14730427 -0.03500666
v -0.15496114 -0.04833186 0.07388277
v -0.14993142 -0.06145646 0.08210845
v -0.14615135 -0.05082329 0.09082608
v -0.14982897 -0.03812876 0.08371969
v -0.12044149 -0.15638205 0.07002913
v -0.10492562 -0.15746617 0.08605503
v -0.10483631 -0.13786748 0.08507155
v -0.11958407 -0.13668326 0.07000086
v -0.15444979 -0.11640876 0.00596575
v -0.15503149 -0.11723187 -0.01972959
v -0.15260237 -0.13251676 -0.02102622
v -0.15284947 -0.13247591 0.00471689
v -0.11777712 0.01980884 0.08322634
v -0.10352734 0.02024714 0.08764216
v -0.10550860 0.03702898 0.07601620
v -0.12025332 0.03707445 0.07225271
v -0.34426638 0.06107152 0.00336139
v -0.34617636 0.04303537 0.00467479
v -0.32201403 0.04679034 0.00635997
v -0.32004693 0.06480509 0.00489195
v -0.15252374 -0.22712424 0.01430670
v -0.15169607 -0.22374122 -0.01060716
v -0.15373537 -0.24164458 -0.00886949
v -0.15358819 -0.24534045 0.01624994
v -0.19884488 0.11198100 0.01549362
v -0.19972038 0.12984334 -0.00586091
v -0.21158272 0.12533128 -0.00494499
v -0.21264334 0.10626633 0.01459960
v -0.15027376 0.01120574 0.06804921
v -0.15403378 0.02662596 0.06143964
v -0.16269040 0.01607400 0.05622201
v -0.15817082 0.00295646 0.06128690
v -0.16658270 -0.08778878 -0.02273863
v -0.16674858 -0.08660697 -0.00011883
v -0.17084417 -0.06986746 -0.00524814
v -0.17105456 -0.07115750 -0.02571553
v -0.16158761 -0.10253013 0.00379463
v -0.16140994 -0.10370902 -0.02068652
v -0.14103709 0.01590438 0.07332038
v -0.13023181 0.01836732 0.07843038
v -0.13297318 0.03628542 0.06841736
v -0.14382172 0.03402269 0.06477686
v -0.09443565 -0.09671669 0.11170786
v -0.07828137 -0.09115111 0.11990651
v -0.14684258 -0.24995515 0.04049506
v -0.13512985 -0.25485802 0.06176965
v -0.13508493 -0.23557124 0.05988122
v -0.14665587 -0.23125182 0.03865205
v -0.08740457 -0.12108967 0.09459443
v -0.08915850 -0.10880578 0.10096015
v -0.10475611 -0.10993436 0.09209927
v -0.10286431 -0.12164331 0.08400182
v -0.11956731 -0.25912070 0.07996198
v -0.10182881 -0.26321372 0.09651610
v -0.10083611 -0.24254899 0.09303772
v -0.11907104 -0.23946859 0.07761467
v -0.09080213 0.05331943 0.06704240
v -0.07332563 0.04948536 0.06988368
v -0.12540607 -0.08086430 0.10537417
v -0.11427805 -0.08180448 0.11354688
v -0.12011826 -0.06255110 0.11796206
v -0.12981679 -0.06235944 0.10970102
v -0.17517377 0.01535024 0.04387128
v -0.18507275 0.03284645 0.03947710
v -0.18654835 0.00938566 0.02619605
v -0.17685021 -0.00010027 0.03100396
v -0.15655513 -0.25809759 -0.00780742
v -0.15612666 -0.26230583 0.01751714
v -0.12173805 -0.27882177 0.08238181
v -0.10362605 -0.28379065 0.09920370
v -0.20263065 -0.00994320 -0.02758602
v -0.21249314 -0.00242417 -0.03121725
v -0.21443413 -0.00536723 -0.04359876
v -0.20538230 -0.01190899 -0.04132880
v -0.05461634 -0.05712549 0.13036992
v -0.07047786 -0.04775619 0.13162948
v -0.07631099 -0.06510060 0.13147911
v -0.06323589 -0.07828608 0.12701684
v -0.12128185 -0.09688549 0.09495592
v -0.11867218 -0.10870232 0.08288353
v -0.10872710 -0.09807584 0.10339478
v -0.03813649 -0.06736284 0.12480338
v -0.04811567 -0.09325282 0.11699600
v -0.05476888 0.04458016 0.07212497
v -0.05331331 0.03041703 0.08460077
v -0.05518433 0.06026468 0.06023183
v -0.03588997 0.05555308 0.06412388
v -0.03465905 0.07200347 0.05346360
v -0.05401156 0.07676446 0.04899915
v -0.03239368 0.08875965 0.04465853
v -0.05144619 0.09380326 0.03921678
v -0.03916481 0.12571591 0.01701304
v -0.04326328 0.11673201 0.02205033
v -0.16860111 0.00325155 0.04787318
v -0.16377009 -0.00800459 0.05207082
v -0.13751918 -0.27354330 0.06364413
v -0.12038046 0.07036188 -0.11727790
v -0.11698669 0.05285481 -0.12136788
v -0.13466319 0.05629721 -0.11322695
v -0.13778666 0.07341854 -0.10893485
v -0.12303507 0.14446473 -0.02971047
v -0.12085172 0.13233036 -0.00416244
v -0.17734012 -0.00766174 -0.08374286
v -0.18899912 -0.00323954 -0.08021729
v -0.18829171 0.00490157 -0.08461552
v -0.17543241 0.00130499 -0.08861315
v -0.21644758 0.00400817 -0.06883544
v -0.21622413 -0.00207381 -0.06252319
v -0.23521405 0.00468002 -0.06596016
v -0.23448110 0.01142363 -0.07303428
v -0.14764769 -0.23844120 -0.03242034
v -0.14447705 -0.22067027 -0.03437662
v -0.13144797 -0.10454663 -0.08511499
v -0.14273909 -0.11174198 -0.06528366
v -0.15128982 -0.09580144 -0.06459305
v -0.14139204 -0.08776494 -0.08279056
v -0.01879955 0.04234466 -0.11527019
v -0.01851603 0.02629669 -0.11711278
v -0.03832586 0.03055820 -0.12125917
v -0.03859625 0.04657270 -0.11905151
v -0.08089092 0.07643604 -0.12252276
v -0.08232559 0.09233823 -0.11879128
v -0.05914840 0.08371992 -0.11778416
v -0.05878416 0.06874327 -0.12076918
v -0.10027407 0.06553414 -0.12339781
v -0.09750628 0.04783211 -0.12670173
v -0.16930477 -0.06944621 -0.04477858
v -0.16326325 -0.08513935 -0.04378824
v -0.18185668 -0.03750269 -0.03418216
v -0.18105708 -0.03681053 -0.04964772
v -0.17738865 -0.04539791 -0.04837534
v -0.17862210 -0.04590178 -0.03191137
v -0.09142859 0.15156613 -0.03825143
v -0.08816104 0.15623184 -0.05930195
v -0.09936871 0.15255281 -0.05732059
v -0.05247230 0.13356912 -0.09850898
v -0.05292785 0.12701489 -0.10212681
v -0.06630942 0.13285761 -0.09819935
v -0.06277809 0.13840736 -0.09451842
v -0.04084849 -0.03849421 -0.12737024
v -0.01962279 -0.03869516 -0.12582397
v -0.02006419 -0.06104484 -0.12405935
v -0.04268870 -0.06216732 -0.12521200
v -0.19119467 -0.01588018 -0.06949072
v -0.18154539 -0.02185040 -0.07136808
v -0.18400343 -0.02686644 -0.06241389
v -0.19235148 -0.02077049 -0.06176005
v -0.17412782 -0.04214622 -0.06201163
v -0.17831804 -0.03367880 -0.06226428
v -0.17476207 -0.02850012 -0.07252139
v -0.16946636 -0.03667787 -0.07372122
v -0.15011676 -0.07205090 -0.07904174
v -0.15800390 -0.07928048 -0.06252368
v -0.16515914 -0.06459758 -0.06162348
v -0.15875901 -0.05812075 -0.07690428
v -0.01842983 -0.13272452 -0.10893962
v -0.03740985 -0.13547422 -0.11105534
v -0.03872228 -0.11162730 -0.11594375
v -0.01879074 -0.10996838 -0.11560460
v -0.22748666 0.01651136 -0.00996748
v -0.22767384 0.02501603 0.00391052
v -0.24198484 0.02558069 0.00026525
v -0.24472927 0.01668538 -0.01418928
v -0.25024068 0.04788856 -0.09189106
v -0.23960020 0.04194263 -0.09084685
v -0.24123973 0.03457767 -0.08891437
v -0.25158319 0.04108934 -0.09090713
v -0.26783699 0.00704352 -0.03036877
v -0.26312858 0.01483248 -0.01706205
v -0.28415573 0.01229443 -0.01951314
v -0.28810447 0.00457939 -0.03343732
v -0.13517731 0.14349321 -0.05702194
v -0.13425303 0.14469165 -0.02785390
v -0.12472083 0.14727116 -0.05699112
v -0.27035365 0.00045343 -0.05491070
v -0.26917320 0.00372523 -0.06627182
v -0.25191653 0.00241614 -0.06147420
v -0.25270340 0.00099523 -0.05049943
v -0.31879157 0.08182916 -0.00505636
v -0.34278676 0.07812143 -0.00633339
v -0.31181633 0.00008915 -0.04889122
v -0.31266981 0.00215045 -0.06201802
v -0.29122654 0.00075293 -0.05883726
v -0.29103673 -0.00001294 -0.04647174
v -0.12215310 -0.12040240 -0.08438699
v -0.13561612 -0.12701185 -0.06604280
v -0.12112142 -0.23416597 -0.07021871
v -0.13643494 -0.23592091 -0.05325904
v -0.13174039 -0.21737674 -0.05527807
v -0.11615387 -0.21483833 -0.07189884
v -0.15038697 -0.25524572 -0.03163816
v -0.12401572 -0.25272906 -0.06874693
v -0.13911417 -0.25344861 -0.05208501
v -0.06981277 0.16389246 -0.05542230
v -0.05800718 0.16410081 -0.07054252
v -0.06686195 0.15815741 -0.07410222
v -0.07809452 0.15989298 -0.05921106
v -0.18542159 -0.36990392 -0.03821682
v -0.18519740 -0.39914206 -0.04332439
v -0.19098851 -0.40002611 -0.01209947
v -0.18952796 -0.37230086 -0.00735474
v -0.03586426 0.14797801 -0.09167513
v -0.05218290 0.15378898 -0.08408687
v -0.04359525 0.16086030 -0.08010525
v -0.03054615 0.15669554 -0.08717987
v -0.18646154 -0.34680128 -0.00635018
v -0.18279882 -0.34224159 -0.03557854
v -0.08161095 0.15520634 -0.03855704
v -0.07226685 0.15931422 -0.03599829
v -0.07843354 0.14725786 -0.02116841
v -0.06905048 0.15216090 -0.01976821
v -0.06109126 0.14590599 -0.00492029
v -0.19060165 -0.40612701 0.01770424
v -0.18702775 -0.37956437 0.02002865
v -0.05579437 0.17088144 -0.06134502
v -0.04384805 0.17000891 -0.07154409
v -0.02898122 0.16769896 -0.07953749
v -0.01340021 0.16746753 -0.08341146
v -0.15667324 -0.27168551 -0.03258049
v -0.16203845 -0.27471605 -0.00740253
v -0.12931556 -0.50852150 -0.11586063
v -0.10042395 -0.51200342 -0.12441948
v -0.09787326 -0.52597797 -0.11346198
v -0.13235351 -0.52383417 -0.10502893
v -0.02828925 -0.49971515 -0.12630470
v -0.02390601 -0.51366651 -0.10960985
v -0.06068520 -0.52215338 -0.11408833
v -0.06621376 -0.50867277 -0.12775138
v -0.06578015 -0.37730172 -0.14432724
v -0.06647924 -0.35464150 -0.13547784
v -0.03566894 -0.35518238 -0.13639647
v -0.03469078 -0.37785470 -0.14431596
v -0.13036183 -0.26976353 -0.07140420
v -0.14556256 -0.27016541 -0.05405363
v -0.16040921 -0.27912089 0.01879618
v -0.19872220 -0.54030216 -0.01475592
v -0.19192210 -0.57589352 -0.01769586
v -0.18761516 -0.58160466 0.02132029
v -0.19257785 -0.54550648 0.02681616
v -0.15586016 -0.57075423 -0.07825241
v -0.16198859 -0.54175782 -0.08161676
v -0.12825635 -0.54434794 -0.09797061
v -0.12243310 -0.56929719 -0.09307271
v -0.08457829 -0.28819320 0.11458888
v -0.10489199 -0.30425420 0.09980758
v -0.08530374 -0.30946332 0.11489196
v -0.02429332 -0.29826814 0.13933216
v -0.04626279 -0.29522085 0.13473821
v -0.04440024 -0.31730032 0.13517836
v -0.02267151 -0.32023928 0.13952971
v -0.02830069 -0.43340027 0.11336044
v -0.01285572 -0.43284670 0.11549043
v -0.01534013 -0.41089863 0.12102672
v -0.03357464 -0.41016847 0.11853010
v -0.17719114 -0.38753691 0.04618558
v -0.15973100 -0.39541286 0.06784656
v -0.15564181 -0.37313309 0.06693021
v -0.17220579 -0.36454856 0.04565503
v -0.02018590 -0.52379829 -0.08871415
v -0.05397574 -0.53305095 -0.09641592
v -0.17072964 -0.58608818 0.05830961
v -0.17316607 -0.54964632 0.06370410
v -0.14223111 -0.59060526 0.08499720
v -0.10763210 -0.59021848 0.09577851
v -0.11073355 -0.55819917 0.09932096
v -0.14523897 -0.55512905 0.08838787
v -0.02995349 -0.50389236 0.07904553
v -0.01280725 -0.51897591 0.05526841
v -0.01168558 -0.51238430 0.06006059
v -0.02539933 -0.49278727 0.08536906
v -0.03085485 -0.48449117 -0.13756700
v -0.06576259 -0.49197507 -0.13840061
v -0.06476600 -0.47274077 -0.14629775
v -0.03143784 -0.46712202 -0.14518102
v -0.10638192 -0.25249565 -0.08095150
v -0.11208811 -0.27051854 -0.08458787
v -0.08743513 -0.25236279 -0.08894081
v -0.10338796 -0.23274671 -0.08230776
v -0.08396936 -0.23158532 -0.08954346
v -0.08581723 -0.10250356 -0.11028953
v -0.10518581 -0.11255605 -0.09927849
v -0.11521057 -0.09586451 -0.10147303
v -0.09597728 -0.08330885 -0.11332269
v -0.05815927 0.03624307 -0.12559998
v -0.05850778 0.05294416 -0.12353299
v -0.08382927 -0.56190228 -0.09730035
v -0.04285611 -0.54589921 -0.08387514
v -0.05078524 -0.58423924 -0.08568063
v -0.08676634 -0.59122312 -0.09327342
v -0.17290433 -0.60329044 -0.05317101
v -0.18084297 -0.57148159 -0.05280431
v -0.14998074 -0.60016459 -0.07631586
v -0.18432522 -0.60916722 -0.01993398
v -0.18151560 -0.61528069 0.01848428
v -0.13799569 -0.62385750 0.08126442
v -0.10365590 -0.62252444 0.09067900
v -0.02045413 -0.58329219 0.05503592
v -0.04284125 -0.58642375 0.07526113
v -0.03996013 -0.61252570 0.06696288
v -0.01932772 -0.60695547 0.04508501
v -0.07111240 -0.43947801 0.10379528
v -0.10735804 -0.42059851 0.09522927
v -0.10987820 -0.44422898 0.09574757
v -0.07922746 -0.46276754 0.09963322
v -0.02915235 -0.27621269 0.13686408
v -0.04674710 -0.27273422 0.13274394
v -0.06528204 -0.29204711 0.12686200
v -0.06449695 -0.26964739 0.12492508
v -0.08324838 -0.26663005 0.11224955
v -0.04596571 -0.17880867 0.12628661
v -0.06728201 -0.17895292 0.11672203
v -0.06486186 -0.20108987 0.11918644
v -0.04431306 -0.20156287 0.12900373
v -0.04795248 -0.15576729 0.12260325
v -0.06989152 -0.15634127 0.11394516
v -0.04784093 -0.11337493 0.10868361
v -0.07034016 -0.10421500 0.10945127
v -0.06906927 -0.11798955 0.10318153
v -0.03592620 0.03973538 0.07495036
v -0.03515917 0.02532094 0.08591688
v -0.18220739 -0.41270268 0.04567718
v -0.01400191 -0.55267859 -0.05639232
v -0.00262594 -0.56230670 -0.02730359
v -0.00619847 -0.58837450 -0.03759037
v -0.02186418 -0.58366925 -0.06535307
v -0.18255103 -0.35534278 0.02096283
v -0.14925377 -0.26778004 0.04205547
v -0.15271187 -0.28517845 0.04336521
v -0.14556623 -0.13143593 0.03054754
v -0.14653587 -0.11196332 0.03650377
v -0.08481136 -0.04222968 0.12993559
v -0.08592643 -0.05535049 0.13155662
v -0.18818817 -0.53809291 -0.05256591
v -0.12663113 -0.68406981 0.06998567
v -0.09350763 -0.68317062 0.07654188
v -0.09920559 -0.65345836 0.08398727
v -0.13243362 -0.65501761 0.07597491
v -0.00990946 -0.62888938 0.00859357
v -0.01980542 -0.63385904 0.03420928
v -0.02197944 -0.66265643 0.02374251
v -0.01421940 -0.65810251 -0.00182051
v -0.01844557 -0.68757570 -0.01043662
v -0.02374466 -0.69306219 0.01575344
v -0.02435375 -0.72169423 0.00540324
v -0.02117672 -0.71627939 -0.01914156
v -0.16485167 -0.62139690 0.05489812
v -0.16668317 -0.67697197 0.01579379
v -0.15272963 -0.68225670 0.04741610
v -0.15862143 -0.65287149 0.05132979
v -0.17340475 -0.64704734 0.01737648
v -0.12082654 -0.59709036 -0.08949184
v -0.00700318 -0.60186368 0.01981679
v -0.00637936 -0.57959473 0.03095733
v -0.02224864 -0.65198576 -0.05211816
v -0.03850819 -0.65046763 -0.07432905
v -0.03020148 -0.61829942 -0.07060242
v -0.01367858 -0.62019670 -0.04557434
v -0.14614202 -0.65707058 -0.07279789
v -0.16356531 -0.66229904 -0.04935653
v -0.16773228 -0.63320816 -0.05054838
v -0.14794551 -0.62884063 -0.07401612
v -0.17024852 -0.66940963 -0.01843085
v -0.17670059 -0.63977844 -0.01840903
v -0.15498200 -0.73431981 0.01253343
v -0.13921210 -0.73894674 0.03975005
v -0.14638691 -0.71118128 0.04377330
v -0.16070670 -0.70619303 0.01412948
v -0.16041140 -0.72642457 -0.01975776
v -0.16520947 -0.69804639 -0.01914741
v -0.16027495 -0.69039732 -0.04879203
v -0.15673809 -0.71845913 -0.04778191
v -0.14202076 -0.71209741 -0.06930672
v -0.14441857 -0.68454808 -0.07149160
v -0.12201203 -0.68117887 -0.08656474
v -0.12207393 -0.70804572 -0.08429992
v -0.09622272 -0.67907041 -0.09230211
v -0.06931943 -0.67849016 -0.08849021
v -0.07450643 -0.70535403 -0.08769619
v -0.09915114 -0.70592529 -0.08993295
v -0.03498150 -0.70902395 -0.06287170
v -0.05206068 -0.70668805 -0.07908560
v -0.04558932 -0.67956907 -0.07700957
v -0.02932713 -0.68155223 -0.05748039
v -0.05550062 -0.81548297 -0.08207539
v -0.07461825 -0.81289101 -0.08511138
v -0.06833121 -0.78537875 -0.08471170
v -0.04856742 -0.78784955 -0.07934800
v -0.09245320 -0.81073821 -0.08945505
v -0.11151662 -0.81074482 -0.08949332
v -0.10650395 -0.78406215 -0.08646750
v -0.08786545 -0.78434741 -0.08596256
v -0.13727523 -0.79048198 -0.06337414
v -0.12402041 -0.78575397 -0.07956330
v -0.12846932 -0.81245309 -0.08151941
v -0.14005570 -0.81701732 -0.06478813
v -0.15149203 -0.82311779 -0.04512946
v -0.15119654 -0.79707813 -0.04470351
v -0.14959452 -0.82961816 -0.02279923
v -0.15297431 -0.80449212 -0.02146662
v -0.13816582 -0.81092024 0.00347016
v -0.13534299 -0.83488762 0.00094954
v -0.03062528 -0.82973760 -0.03465422
v -0.03050838 -0.82358587 -0.05510902
v -0.02455745 -0.79638827 -0.04753060
v -0.02697404 -0.80287838 -0.02716732
v -0.05450744 -0.81224328 0.01295359
v -0.07212425 -0.81481814 0.03518315
v -0.07130504 -0.83970821 0.02342838
v -0.05618840 -0.83777392 0.00050458
v -0.15639436 -0.75294167 -0.02041644
v -0.14921527 -0.76115781 0.01042098
v -0.13911557 -0.73871773 -0.06657313
v -0.15331544 -0.74524194 -0.04638507
v -0.03961011 -0.73528379 -0.06850483
v -0.05777244 -0.73278582 -0.08109383
v -0.02458987 -0.74935389 -0.00559426
v -0.02206705 -0.74351865 -0.02859379
v -0.10617138 -0.76573759 0.05095061
v -0.13181536 -0.76515526 0.03590728
v -0.12586850 -0.79048765 0.03260353
v -0.10159619 -0.79152369 0.04701789
v -0.15384717 -0.77909446 -0.02103630
v -0.15127078 -0.77114981 -0.04526868
v -0.13721849 -0.76450580 -0.06426625
v -0.12222461 -0.76008743 -0.07964244
v -0.10375448 -0.75827926 -0.08573079
v -0.08376829 -0.75795287 -0.08516197
v -0.06296646 -0.75877696 -0.08302676
v -0.04388475 -0.76111335 -0.07423095
v -0.02308368 -0.76998818 -0.03837621
v -0.02596663 -0.77629972 -0.01705646
v -0.09780888 -0.81663877 0.04192436
v -0.12237328 -0.81493008 0.02746268
v -0.12210595 -0.83794111 0.02144366
v -0.09558853 -0.83934546 0.03126582
v -0.09496296 -0.86114383 0.02021288
v -0.07315691 -0.86123908 0.01221542
v -0.09810886 -0.83870882 -0.09291247
v -0.11562625 -0.83830911 -0.09130941
v -0.13171664 -0.84005153 -0.08308437
v -0.15320861 -0.84847456 -0.04778757
v -0.14708808 -0.85554451 -0.02227551
v -0.13343425 -0.86062652 0.00000718
v -0.11830455 -0.85988545 0.01567916
v -0.04536625 -0.87787843 -0.06274439
v -0.03910143 -0.84992367 -0.05835354
v -0.03761790 -0.85416013 -0.04022655
v -0.04429526 -0.88191038 -0.04434018
v -0.06590036 -0.87209201 -0.08981972
v -0.08295835 -0.86895984 -0.09934921
v -0.08028180 -0.84075022 -0.08674701
v -0.06406411 -0.84425473 -0.08088001
v -0.10231524 -0.86703539 -0.10287414
v -0.12164772 -0.86671215 -0.09880728
v -0.13902266 -0.86726129 -0.08972143
v -0.14546369 -0.84296167 -0.06849567
v -0.15228957 -0.87008619 -0.07308739
v -0.15482190 -0.87584662 -0.04907693
v -0.14731692 -0.88299108 -0.01852277
v -0.12891060 -0.91864139 -0.00169516
v -0.12516081 -0.88868409 0.00050904
v -0.15077025 -0.91248184 -0.01908256
v -0.10390516 -1.01622999 -0.01628579
v -0.12934373 -1.01387823 -0.01572014
v -0.12611124 -1.04809880 -0.02253386
v -0.10355881 -1.05066180 -0.02264121
v -0.04714785 -0.91096622 -0.04883458
v -0.04656526 -0.90854561 -0.07006419
v -0.06578269 -0.90274012 -0.10065456
v -0.08495430 -0.89933944 -0.11035829
v -0.16435666 -0.93605369 -0.05417250
v -0.15999550 -0.90512288 -0.04935913
v -0.15779603 -0.89930743 -0.07637075
v -0.16138610 -0.93085730 -0.08157498
v -0.04595204 -1.00852823 -0.06242791
v -0.04539632 -1.00671136 -0.08364514
v -0.04351513 -0.97319323 -0.08109356
v -0.04419619 -0.97514349 -0.05826087
v -0.06439749 -0.93523079 -0.10806924
v -0.06410675 -0.96855295 -0.11308977
v -0.08303824 -0.96534944 -0.12344854
v -0.08389741 -0.93179607 -0.11856762
v -0.16134459 -1.00464857 -0.06137825
v -0.16487232 -0.96925455 -0.05825770
v -0.16260432 -0.96505845 -0.08526721
v -0.15972142 -1.00138974 -0.08733048
v -0.15448307 -0.94267178 -0.02418248
v -0.15446603 -0.97460353 -0.02965676
v -0.13193788 -0.98062283 -0.01038982
v -0.13046798 -0.94855779 -0.00499821
v -0.10416491 -0.98248088 -0.01014357
v -0.10180009 -0.95068628 -0.00538970
v -0.05960608 -1.07926476 -0.08364602
v -0.05225097 -1.04229641 -0.08401075
v -0.05228380 -1.04504669 -0.06436747
v -0.05991827 -1.08261228 -0.06617522
v -0.08534048 -1.00079381 -0.12414239
v -0.06640532 -1.00274074 -0.11501239
v -0.07142203 -1.03902352 -0.11185294
v -0.08864613 -1.03759754 -0.12015782
v -0.14922260 -1.08082640 -0.06601770
v -0.15587631 -1.04197299 -0.06395764
v -0.15378267 -1.03980827 -0.08775300
v -0.14633398 -1.07858551 -0.08803295
v -0.12344230 -1.08537626 -0.02964151
v -0.14723687 -1.04462171 -0.03778981
v -0.14224316 -1.08321118 -0.04366070
v -0.11850832 -1.12232280 -0.03375024
v -0.10047440 -1.12419808 -0.03328612
v -0.10234708 -1.08732390 -0.02901118
v -0.06638311 -1.11800718 -0.06711294
v -0.06453902 -1.11541271 -0.08269142
v -0.08990619 -1.11033428 -0.11217766
v -0.09064592 -1.07446396 -0.11522527
v -0.07531479 -1.07619596 -0.10753980
v -0.07634369 -1.11232495 -0.10442363
v -0.12521760 -1.07650423 -0.11290941
v -0.10820303 -1.07473207 -0.11715604
v -0.10655055 -1.11033297 -0.11374570
v -0.12207469 -1.11226952 -0.10909020
v -0.13821389 -1.11375964 -0.08684902
v -0.13814744 -1.07740402 -0.10306856
v -0.13168240 -1.11306798 -0.09993980
v -0.14207038 -1.11574495 -0.06656103
v -0.13637966 -1.11931956 -0.04591533
v -0.00385171 -0.52750176 -0.03156834
v -0.00044853 -0.53799152 -0.00245525
v -0.00212158 -0.54639459 -0.01464588
v -0.01033423 -0.53377759 -0.04356484
v -0.03948968 -0.64060509 0.05858505
v -0.03823035 -0.67087388 0.04907634
v -0.03630910 -0.72838420 0.02916342
v -0.03813694 -0.70072287 0.04028947
v -0.03631190 -0.75580633 0.01711795
v -0.03737289 -0.78272331 0.00478677
v -0.03819977 -0.80922323 -0.00765081
v -0.04053627 -0.83459246 -0.01749568
v -0.04616288 -0.85959369 -0.02278751
v -0.05178206 -0.88661081 -0.02462022
v -0.05637459 -0.94438410 -0.03261864
v -0.04572237 -0.94248712 -0.05374078
v -0.05592266 -0.91448230 -0.02825830
v -0.05731173 -1.01134217 -0.04041446
v -0.05587845 -0.97698134 -0.03646689
v -0.06254615 -1.04852676 -0.04483806
v -0.06856188 -1.08613718 -0.04951573
v -0.07444236 -1.12114727 -0.05211106
v -0.07976957 -0.53285134 0.09800482
v -0.04977324 -0.53955734 0.08680440
v -0.05307771 -0.51984811 0.09033189
v -0.08199255 -0.50778562 0.09875362
v -0.00605385 -0.52320850 0.03673117
v -0.00234948 -0.52320391 0.02102883
v -0.00280940 -0.52006859 0.02539970
v -0.00630195 -0.51885575 0.04104523
v -0.14362228 -0.78615731 0.00747512
v -0.12172042 -0.73439801 -0.08137390
v -0.10145532 -0.73220932 -0.08694249
v -0.07940137 -0.73161548 -0.08613009
v -0.05353569 -0.76111871 0.03857252
v -0.07742529 -0.76429224 0.05168099
v -0.07399312 -0.79012722 0.04415259
v -0.05165614 -0.78781497 0.02778110
v -0.09830331 -0.92368615 -0.00225892
v -0.07655668 -0.94831991 -0.01635779
v -0.07420121 -0.91961634 -0.01132522
v -0.09680350 -0.89902574 0.00257003
v -0.12810908 -0.89582992 -0.10780775
v -0.14590406 -0.89627689 -0.09640997
v -0.13079220 -0.92714024 -0.11665475
v -0.10708481 -0.89656943 -0.11227822
v -0.10761736 -0.92874509 -0.12138437
v -0.05988547 -0.70808703 0.05946391
v -0.08763135 -0.71151018 0.06833450
v -0.08227931 -0.73838395 0.05961627
v -0.05619515 -0.73468882 0.04913480
v -0.12602192 -0.19937888 -0.05745010
v -0.11099897 -0.19574824 -0.07343510
v -0.14357193 -0.08537528 0.07741268
v -0.14445031 -0.09746631 0.05990269
v -0.13210452 -0.10502295 0.07173409
v -0.13270564 -0.09328114 0.08607658
v -0.15201794 -0.07456582 0.06963787
v -0.15366578 -0.08651346 0.05186854
v -0.15810196 -0.06138811 0.06162094
v -0.16036829 -0.07327523 0.04460255
v -0.17907248 -0.01043415 0.01490296
v -0.18622862 -0.00356657 0.00909762
v -0.04889125 -0.13352826 0.11683761
v -0.02495461 -0.13416015 0.12072957
v -0.02466740 -0.11447188 0.11277696
v -0.06508331 -0.31387007 0.12719613
v -0.04627663 -0.43572521 0.10940976
v -0.05432692 -0.40905544 0.11364710
v -0.07884350 -0.40547338 0.10639381
v -0.00832537 -0.49539813 0.08227445
v -0.05943595 -0.11573939 -0.11294636
v -0.05738920 -0.13962007 -0.10907543
v -0.03885747 0.06207321 -0.11646339
v -0.01884319 0.05776853 -0.11321891
v -0.03825821 0.08981536 -0.11144083
v -0.03729907 0.10211217 -0.10904858
v -0.01826069 0.09750693 -0.10718986
v -0.01876905 0.08527771 -0.10927835
v -0.01864430 0.14585212 -0.09472414
v -0.01607817 0.15726407 -0.08964834
v -0.00154268 -0.52749389 0.01663128
v -0.00004345 -0.52232343 -0.00575017
v -0.00035748 -0.52053314 0.00363389
v -0.02304847 -0.56253916 0.06350355
v -0.00761726 -0.56160319 0.04090783
v -0.00971053 -0.54748732 0.04843474
v -0.02598076 -0.54524773 0.06993166
v -0.19475062 -0.50901252 0.03326547
v -0.20238106 -0.50358260 -0.00775336
v -0.09129041 -0.54093426 -0.10286319
v -0.35901579 0.00419906 -0.06462109
v -0.35994592 0.01325175 -0.07534661
v -0.33599603 0.01123551 -0.07504540
v -0.33536065 0.00302773 -0.06365862
v -0.06467906 -0.03759264 -0.12747414
v -0.07248490 -0.06499375 -0.12246536
v -0.08632032 0.14161706 -0.01890528
v -0.15663899 0.14258459 -0.02220073
v -0.15368982 0.13317126 0.00312687
v -0.14371967 0.13408932 -0.00074061
v -0.14541849 0.14395401 -0.02552980
v -0.15379855 0.09218457 -0.09634615
v -0.15486988 0.10920356 -0.08630782
v -0.14290687 0.10907216 -0.09279364
v -0.14076623 0.09095081 -0.10287081
v -0.03302065 -0.40175164 -0.15004416
v -0.06425658 -0.40148804 -0.15075077
v -0.03884833 -0.20510533 -0.09624511
v -0.05950965 -0.20805015 -0.09585483
v -0.05709169 -0.18637617 -0.10007113
v -0.03719802 -0.18277092 -0.10086217
v -0.09630673 -0.05122882 -0.12029533
v -0.11160144 -0.06739955 -0.11101799
v -0.03357175 -0.02116249 0.11644623
v -0.05111892 -0.01684725 0.11757489
v -0.05189545 -0.03541750 0.12632143
v -0.03446133 -0.04182663 0.12384498
v -0.30124334 0.04011894 -0.08940880
v -0.28155291 0.02871315 -0.08765314
v -0.28730738 0.01575602 -0.08069944
v -0.30924746 0.02068318 -0.08341165
v -0.19129020 -0.49856403 -0.05320784
v -0.16447073 -0.51523566 -0.08739392
v -0.14154606 -0.16670758 -0.04445902
v -0.12901762 -0.16314660 -0.06681311
v -0.12528367 -0.18197164 -0.06181600
v -0.13830133 -0.18538025 -0.04057762
v -0.15041775 -0.11573849 -0.04343838
v -0.14605577 -0.13089535 -0.04478875
v -0.15760581 -0.10129917 -0.04365964
v -0.20595928 -0.01107382 -0.05280526
v -0.21556421 -0.00567638 -0.05424463
v -0.20585296 -0.00751241 -0.06120486
v -0.04597684 -0.56172776 0.08211929
v -0.05316182 -0.48402223 0.09482881
v -0.04668884 -0.46964905 0.09944037
v -0.00135311 -0.51794904 0.00971816
v -0.06169070 0.15895617 -0.01656840
v -0.05548304 0.15422192 -0.00202630
v -0.25167722 0.00375124 -0.03882754
v -0.27036798 0.00201460 -0.04298964
v -0.19196072 -0.02048245 -0.02355666
v -0.19391066 -0.02371399 -0.03876981
v -0.18666650 -0.03059256 -0.03649458
v -0.18508355 -0.02730939 -0.01980551
v -0.19383048 -0.02348367 -0.05156736
v -0.18615119 -0.03014049 -0.05084817
v -0.13503148 0.05499580 0.05760378
v -0.13656582 0.07331014 0.04594513
v -0.14778298 0.06906761 0.04524329
v -0.14636086 0.05094686 0.05549154
v -0.12226197 0.05551120 0.06045955
v -0.10744296 0.05488038 0.06356798
v -0.10933149 0.07358315 0.04981678
v -0.12422026 0.07439911 0.04756485
v -0.06766197 0.11506248 0.02107356
v -0.08468867 0.12335261 0.00566202
v -0.04787184 0.10770541 0.03091152
v -0.02996350 0.10263682 0.03743023
v -0.01959012 0.13343272 -0.09895579
v -0.01893076 0.12083212 -0.10207046
v -0.03730239 0.12466094 -0.10250580
v -0.03993789 0.13653682 -0.09738185
v -0.04868489 0.14234091 0.00742343
v -0.03665620 0.13588610 0.01669760
v -0.02497970 0.12209945 0.02520434
v -0.31878784 0.09269357 -0.01930315
v -0.34218138 0.08813276 -0.01958241
v -0.06349603 0.16950926 -0.04758737
v -0.06471562 0.16454816 -0.03204868
v -0.31885186 0.09782458 -0.03649585
v -0.34265843 0.09268959 -0.03632624
v -0.13297737 0.13331169 -0.00268813
v -0.14147228 0.11444102 0.01797154
v -0.13047777 0.11355252 0.01735480
v -0.04529200 0.15125333 0.00994464
v -0.03483954 0.14523883 0.01821669
v -0.20003241 -0.46688437 0.00307919
v -0.19249876 -0.47269914 0.03929297
v -0.14542465 -0.21217303 0.03596609
v -0.14998545 -0.20879550 0.01174992
v -0.02334859 -0.17948374 0.13095142
v -0.02230876 -0.20253946 0.13402304
v -0.01036995 0.14909764 0.02832485
v -0.04446867 -0.24937822 0.13152741
v -0.02242123 -0.25354093 0.13541524
v -0.02215300 -0.22703491 0.13524340
v -0.04371277 -0.22505933 0.13067515
v -0.01344688 -0.29001948 0.13986434
v -0.01472844 -0.27818999 0.13788445
v -0.01129014 -0.45154160 0.11029449
v -0.02343014 -0.45265192 0.10884703
v -0.24389470 0.07799996 0.01545928
v -0.24065216 0.09819154 0.00798660
v -0.25697958 0.09484077 0.00359432
v -0.25958556 0.07578130 0.01185657
v -0.06366416 -0.24658597 0.12291104
v -0.08262677 -0.24463207 0.10894145
v -0.17337297 -0.01952399 0.01894721
v -0.17094259 -0.00989262 0.03518188
v -0.02401212 -0.09601638 0.11531288
v -0.06886252 -0.02996836 0.12631701
v -0.06860017 -0.01344084 0.11719123
v -0.08524377 -0.01121851 0.11475097
v -0.08479187 -0.02649684 0.12409022
v -0.00110059 -0.51697898 0.00026633
v -0.23241137 0.07368515 -0.09110680
v -0.24375135 0.07847976 -0.08932990
v -0.24022064 0.08873013 -0.08557755
v -0.22909857 0.08531944 -0.08763725
v -0.00097962 -0.55672634 0.01435284
v -0.00132125 -0.57276994 0.00308266
v -0.01688116 -0.52716255 -0.06566001
v -0.00484310 -0.51972139 -0.05090510
v -0.06889224 -0.61840534 0.08415990
v -0.07321635 -0.58833694 0.09100478
v -0.06582551 -0.64875227 0.07622995
v -0.06290002 -0.67892641 0.06821775
v -0.06054582 -0.86218542 -0.00641665
v -0.07069340 -0.89008874 -0.00532077
v -0.07843597 -0.98036456 -0.02175597
v -0.07993337 -1.01441467 -0.02709710
v -0.08220971 -1.05037045 -0.03255148
v -0.08396812 -1.08807445 -0.03780489
v -0.08599543 -1.12364721 -0.04043111
v -0.34417886 0.08989375 -0.05340977
v -0.31940866 0.09516372 -0.05537188
v -0.32275882 0.08412635 -0.07076563
v -0.34786764 0.08089459 -0.06762934
v -0.30954167 0.00292691 -0.03531455
v -0.30638394 0.01028015 -0.02127613
v -0.32852057 0.00702900 -0.02228132
v -0.33091855 0.00118640 -0.03655651
v -0.35368600 -0.00111266 -0.03786039
v -0.35649726 -0.00104351 -0.05176662
v -0.33319420 -0.00020984 -0.05064829
v -0.35840273 0.02647940 -0.08299106
v -0.35613763 0.04113648 -0.08594812
v -0.33065546 0.04075992 -0.08773634
v -0.33428964 0.02341224 -0.08346581
v -0.35073888 0.06860472 -0.07817166
v -0.32661870 0.07002131 -0.08097349
v -0.32892057 0.05553691 -0.08659130
v -0.35368115 0.05474966 -0.08434065
v -0.34781751 0.02654109 -0.00081048
v -0.34958729 0.01299306 -0.01043700
v -0.32606286 0.01719830 -0.00951964
v -0.32401162 0.03063005 0.00062229
v -0.23853494 0.11626963 -0.00751705
v -0.25513339 0.11069557 -0.01094716
v -0.19901073 0.01913039 0.01613531
v -0.19959272 0.03307517 0.02903196
v -0.21396013 0.03634177 0.02167194
v -0.20838539 0.02109037 0.00851971
v -0.29554895 0.08579023 -0.00278681
v -0.27486306 0.09039987 0.00032388
v -0.27392769 0.10387797 -0.01435563
v -0.29575041 0.09747473 -0.01717798
v -0.30079073 0.03368600 0.00224085
v -0.30339059 0.02078443 -0.00833605
v -0.28051859 0.02300985 -0.00594242
v -0.27863994 0.03594369 0.00506986
v -0.31240651 0.00918592 -0.07374732
v -0.28995109 0.00630986 -0.07066173
v -0.24531618 0.05774079 0.01765990
v -0.26102796 0.05555814 0.01371642
v -0.16703142 -0.02054776 0.03919509
v -0.17720219 -0.04326499 -0.01333485
v -0.18048757 -0.03446126 -0.01637173
v -0.13481422 -0.07758486 0.09746728
v -0.13727853 -0.06124844 0.10185082
v -0.16351597 -0.08175384 0.02327302
v -0.16804536 -0.06580848 0.01663248
v -0.14289156 -0.07142749 0.08987263
v -0.14233528 -0.06045476 0.09521028
v -0.08904475 -0.13729681 0.09845844
v -0.02705529 0.11277542 0.03006910
v -0.27671787 0.07230774 0.00903925
v -0.27757496 0.05280161 0.01033299
v -0.24904616 0.01635305 -0.07915907
v -0.25020790 0.00834371 -0.07110114
v -0.26745859 0.01183551 -0.07663666
v -0.26461923 0.02213488 -0.08423951
v -0.13144426 -0.02828902 -0.11045095
v -0.11534182 -0.03941040 -0.11584597
v -0.12720208 -0.05291836 -0.10631477
v -0.14083922 -0.04028564 -0.10115691
v -0.23935810 0.10567013 -0.07389357
v -0.24308372 0.11253344 -0.06420861
v -0.22808312 0.11561146 -0.06413145
v -0.22662234 0.10658569 -0.07486870
v -0.24775615 0.11802877 -0.04978487
v -0.25270593 0.11873768 -0.03081659
v -0.23543473 0.12498079 -0.02888509
v -0.23086573 0.12298512 -0.04894939
v -0.18542913 -0.42779547 -0.05145597
v -0.19360584 -0.42992875 -0.02023835
v -0.14009675 -0.29216975 0.06465882
v -0.12345119 -0.29853946 0.08314534
v -0.10749778 -0.39499074 0.09628360
v -0.02962556 -0.51684809 0.07708200
v -0.01157697 -0.52724385 0.05383650
v -0.00328901 -0.59556997 -0.00822494
v -0.19545858 -0.43376890 0.01160995
v -0.00860609 -0.62425047 -0.01802404
v -0.01493118 -0.65451628 -0.02686569
v -0.06418449 -0.65015739 -0.08845802
v -0.09316532 -0.65155238 -0.09322096
v -0.09011406 -0.62235272 -0.09323211
v -0.05808779 -0.61918849 -0.08744598
v -0.12152539 -0.65386546 -0.08767242
v -0.12114408 -0.62579429 -0.08831424
v -0.11279947 -0.73914379 0.05649615
v -0.10700227 -0.96307045 -0.12657709
v -0.12953816 -0.99923450 -0.12149768
v -0.13090546 -0.96156967 -0.12156002
v -0.10746226 -0.99963349 -0.12658851
v -0.15016507 -0.96221817 -0.10714322
v -0.14917684 -0.92757517 -0.10319963
v -0.15142843 -1.00856066 -0.03333705
v -0.10871591 -1.03708959 -0.12248625
v -0.12800911 -1.03782654 -0.11745925
v -0.14385708 -1.03830278 -0.10555914
v -0.14826146 -0.99936920 -0.10763054
v -0.00170530 -0.54537511 0.02409512
v -0.17349698 -0.51411080 0.06784692
v -0.17139012 -0.48135170 0.07130026
v -0.11259021 -0.46987194 0.09831875
v -0.08212019 -0.48456457 0.09904826
v -0.10102940 -0.22193176 0.09037063
v -0.11941528 -0.21963230 0.07532631
v -0.12005889 -0.17743339 0.07090514
v -0.13455468 -0.17504533 0.05279741
v -0.13434933 -0.19575416 0.05485613
v -0.11958260 -0.19895515 0.07291994
v -0.14994165 -0.17087463 0.00647867
v -0.14881536 -0.16903001 -0.01968418
v -0.14666851 -0.18794103 -0.01654744
v -0.14860770 -0.19009930 0.00883316
v -0.14800680 -0.20578916 -0.01337387
v -0.13946870 -0.20313354 -0.03695259
v -0.07575436 -0.16795735 -0.09931334
v -0.09375867 -0.17273808 -0.09053276
v -0.09552043 -0.15135214 -0.09603392
v -0.07689534 -0.14523159 -0.10394618
v -0.03564221 -0.45855111 0.10512691
v -0.00448894 -0.52948809 0.03448658
v -0.07698040 -0.55962366 0.09570774
v -0.11295185 -0.52662820 0.10107449
v -0.14562424 -0.52126360 0.09106106
v -0.24869630 0.00933873 -0.02690371
v -0.16767494 -0.01301728 -0.08752889
v -0.16490248 -0.00292494 -0.09291661
v -0.26725271 0.11114277 -0.05220626
v -0.27218252 0.11168242 -0.03373964
v -0.25985754 0.03734474 0.00918434
v -0.22627705 0.10159559 0.01223342
v -0.22922951 0.07943549 0.02010487
v -0.21415140 0.08186378 0.02581045
v -0.13604546 -0.40678221 0.08324020
v -0.16502239 -0.42074391 0.06977831
v -0.13955474 -0.43139902 0.08594836
v -0.00172749 -0.51765388 -0.03695818
v -0.05475784 -0.50112951 0.09256975
v -0.01992847 -0.68420303 -0.03452226
v -0.02395841 -0.71220851 -0.04222715
v -0.02708391 -0.73882574 -0.05007832
v -0.02966288 -0.76514971 -0.05800505
v -0.03297517 -0.79148245 -0.06585148
v -0.03972287 -0.81821835 -0.07165994
v -0.04892841 -0.84633708 -0.07247711
v -0.05319855 -0.87481380 -0.07818466
v -0.04477332 -0.94026148 -0.07623848
v -0.05152524 -0.93779218 -0.09383672
v -0.05293333 -0.90538597 -0.08698869
v -0.05086368 -0.97125059 -0.09866846
v -0.05318087 -1.00497174 -0.10068605
v -0.05932409 -1.04049540 -0.09923514
v -0.06867544 -1.11322629 -0.09474388
v -0.06557163 -1.07711995 -0.09688661
v -0.00059020 -0.51555151 -0.01153674
v -0.00080457 -0.51648855 -0.02360015
v -0.11711074 0.11215790 0.01666826
v -0.18221708 -0.01966453 -0.00253150
v -0.18843991 -0.01374277 -0.00754890
v -0.24366462 0.03843565 0.01338246
v -0.30397806 0.07008498 -0.08375875
v -0.29945156 0.08639318 -0.07474510
v -0.25923657 0.02445023 -0.00288253
v -0.20553131 0.00976365 -0.00485226
v -0.19732209 0.00627678 0.00242480
v -0.54133987 0.07409623 -0.03328277
v -0.53928703 0.07827631 -0.04637418
v -0.55976599 0.07486074 -0.04469626
v -0.56118435 0.06987346 -0.03272529
v -0.54261029 0.06434293 -0.02329545
v -0.56193691 0.06003603 -0.02413911
v -0.54277414 0.00328134 -0.04190829
v -0.54212797 0.01189625 -0.03016979
v -0.56196302 0.01245968 -0.03441033
v -0.56262934 0.00499099 -0.04621007
v -0.58097768 0.04445657 -0.02124299
v -0.58071035 0.03264813 -0.02307472
v -0.56161082 0.03473016 -0.02032906
v -0.56203300 0.04783200 -0.01969021
v -0.54078925 0.00506607 -0.07145452
v -0.53833795 0.01446543 -0.08186883
v -0.51885730 0.01029865 -0.07943758
v -0.52157640 0.00113806 -0.06760549
v -0.46207288 0.00837576 -0.02013232
v -0.46404088 -0.00212566 -0.03081509
v -0.44824985 -0.00025112 -0.02421024
v -0.44606921 0.01145755 -0.01476425
v -0.50078088 0.08216583 -0.03389937
v -0.49734789 0.08335728 -0.04874998
v -0.51831985 0.08108287 -0.04775456
v -0.52110988 0.07800835 -0.03362651
v -0.50204217 0.04356796 -0.01244753
v -0.50120401 0.02766041 -0.01521892
v -0.48003334 0.03131388 -0.01307758
v -0.48037747 0.04769313 -0.01145692
v -0.47949022 0.08600180 -0.03526706
v -0.47656208 0.08415030 -0.04974687
v -0.54223424 0.03741202 -0.01720915
v -0.54172623 0.02367928 -0.02190970
v -0.52170730 0.02520643 -0.01809602
v -0.52254367 0.04020617 -0.01438747
v -0.57942593 0.01258077 -0.07471711
v -0.57756984 0.02203621 -0.08240820
v -0.55798966 0.01846897 -0.08266373
v -0.56021374 0.00896126 -0.07371917
v -0.58072132 0.02235709 -0.02929098
v -0.58126539 0.01347656 -0.03824631
v -0.56137240 0.02282671 -0.02582424
v -0.57713163 0.06726465 -0.06817626
v -0.57848209 0.07151179 -0.05573572
v -0.55757999 0.07380591 -0.05828363
v -0.55584049 0.06816903 -0.07135711
v -0.50203598 0.00287309 -0.03165696
v -0.50122529 0.01368907 -0.02158279
v -0.52191085 0.01215291 -0.02566791
v -0.52254283 0.00265678 -0.03702787
v -0.50215906 0.07337897 -0.02148076
v -0.52269268 0.06858205 -0.02230867
v -0.53492576 0.06845275 -0.07398023
v -0.53641182 0.07588976 -0.06059932
v -0.51542574 0.07682003 -0.06210029
v -0.51351875 0.06775597 -0.07577416
v -0.49269772 0.05147291 -0.08485335
v -0.49385482 0.03485490 -0.08589394
v -0.51384223 0.03896130 -0.08691061
v -0.51306093 0.05460757 -0.08440327
v -0.48146400 0.00510643 -0.02603897
v -0.48285165 -0.00343405 -0.03880839
v -0.50204319 -0.00207438 -0.06236569
v -0.49935767 0.00619497 -0.07560837
v -0.48028865 0.00211486 -0.07021490
v -0.48277164 -0.00489681 -0.05539465
v -0.44251412 0.07124745 -0.01366659
v -0.44228485 0.08319887 -0.02400199
v -0.45956230 0.08207246 -0.02296156
v -0.45995557 0.06889264 -0.01323533
v -0.45827514 0.08779978 -0.03707990
v -0.43891561 0.08833116 -0.03971523
v -0.41140237 0.07953726 -0.05774133
v -0.41193977 0.06826145 -0.06655313
v -0.42274088 0.06808042 -0.06450483
v -0.42346227 0.08046952 -0.05590116
v -0.45453781 0.04165005 -0.08549365
v -0.45550734 0.02373010 -0.08236789
v -0.47431165 0.02962793 -0.08441599
v -0.47305784 0.04723058 -0.08556984
v -0.44375142 0.00286107 -0.07095951
v -0.44837263 -0.00629871 -0.05745548
v -0.46281278 -0.00245667 -0.06390661
v -0.45862338 0.00847002 -0.07577509
v -0.39645842 -0.00147409 -0.05477333
v -0.39548811 -0.00511983 -0.04100908
v -0.41021013 -0.00670562 -0.04197757
v -0.41104463 -0.00196911 -0.05582626
v -0.39122462 0.00722687 -0.01295006
v -0.38986295 0.02050487 -0.00399878
v -0.40434480 0.01839536 -0.00494218
v -0.40584925 0.00524029 -0.01364667
v -0.38776675 0.08104808 -0.01865625
v -0.38634232 0.08657165 -0.03535160
v -0.39914644 0.08694457 -0.03241117
v -0.40084499 0.07906995 -0.01679965
v -0.43959978 0.03688970 -0.08457804
v -0.43797114 0.01745882 -0.08013882
v -0.41991720 0.00365158 -0.01556486
v -0.41776222 0.01631520 -0.00671597
v -0.43132010 0.01403669 -0.00992417
v -0.43373746 0.00167069 -0.01901389
v -0.41360459 0.04755826 -0.00562272
v -0.41410166 0.06212872 -0.00791919
v -0.42726323 0.05934232 -0.00914752
v -0.42829809 0.04322535 -0.00759107
v -0.41334575 0.07713715 -0.01524875
v -0.41187450 0.08629903 -0.02849858
v -0.42587835 0.08506163 -0.02605023
v -0.42709196 0.07436324 -0.01425517
v -0.42187375 0.04505794 -0.07842069
v -0.42392415 0.03245284 -0.08255216
v -0.43057808 0.03526651 -0.08361400
v -0.42882892 0.04803736 -0.07878330
v -0.43290496 -0.00000369 -0.06439757
v -0.43605340 -0.00790744 -0.05057846
v -0.44224733 0.04005581 -0.01092542
v -0.44475836 0.02476229 -0.01026548
v -0.42980322 0.02849418 -0.00640894
v -0.42429864 0.08764877 -0.04174457
v -0.39737454 0.00591309 -0.06615206
v -0.39753637 0.01478450 -0.07586978
v -0.38180539 0.01457743 -0.07563936
v -0.38168547 0.00547288 -0.06561726
v -0.38045684 -0.00093803 -0.05355016
v -0.37840885 -0.00289202 -0.03973410
v -0.37299705 0.01003497 -0.01170649
v -0.37117437 0.02322732 -0.00251138
v -0.36972094 0.04002597 0.00201137
v -0.36782598 0.05800413 0.00063761
v -0.38724923 0.05556574 -0.00269451
v -0.38859162 0.03747244 -0.00051488
v -0.36607757 0.08873802 -0.03600509
v -0.36560118 0.08446617 -0.01936634
v -0.36821258 0.08553523 -0.05191465
v -0.38663992 0.08428601 -0.04978682
v -0.42206174 -0.00563561 -0.02879078
v -0.40822837 -0.00396222 -0.02655590
v -0.53378069 0.05675567 -0.08333956
v -0.53414512 0.04229637 -0.08684238
v -0.55475956 0.04470062 -0.08562034
v -0.55482882 0.05795866 -0.08101493
v -0.57601339 0.03400068 -0.08493347
v -0.55596006 0.03108517 -0.08631454
v -0.54282260 0.05162241 -0.01767291
v -0.52315205 0.05538403 -0.01565849
v -0.58071804 0.05619865 -0.02457570
v -0.44187510 0.05574083 -0.01079812
v -0.45887831 0.05193875 -0.01138962
v -0.41271546 0.05597061 -0.07309164
v -0.40148538 0.06791280 -0.06886291
v -0.40339887 0.05575683 -0.07586987
v -0.45411175 0.05878532 -0.07807022
v -0.45468619 0.07210881 -0.06364214
v -0.43614233 0.06598378 -0.06518032
v -0.43871841 0.05300588 -0.07851015
v -0.41720474 0.02999102 -0.08131552
v -0.41476181 0.04345807 -0.07895918
v -0.40591460 0.04243296 -0.08033791
v -0.40811044 0.02839353 -0.08120830
v -0.40151784 0.06544190 -0.00754545
v -0.38743064 0.06953727 -0.00791345
v -0.38967860 0.06733511 -0.07134775
v -0.38820809 0.07691742 -0.06158578
v -0.37191692 0.07744446 -0.06488688
v -0.37370813 0.06721307 -0.07490479
v -0.40022340 0.07801634 -0.05935413
v -0.39177230 0.05544987 -0.07849173
v -0.37589931 0.05528080 -0.08158778
v -0.36632195 0.07356425 -0.00675415
v -0.39603773 0.02763926 -0.08165687
v -0.39412028 0.04195820 -0.08206260
v -0.37812236 0.04168702 -0.08404912
v -0.38023362 0.02721414 -0.08232595
v -0.53582543 0.02774301 -0.08644249
v -0.51587337 0.02389445 -0.08535604
v -0.44999257 -0.00797797 -0.03999453
v -0.46496364 -0.00749284 -0.04738555
v -0.43609762 -0.00711803 -0.03340472
v -0.54254210 0.00074799 -0.05694631
v -0.56193489 0.00383508 -0.06060302
v -0.50288588 -0.00342122 -0.04598662
v -0.52283341 -0.00180602 -0.05203081
v -0.49291167 0.06612717 -0.07690967
v -0.42145178 0.00737589 -0.06929390
v -0.42314810 -0.00149040 -0.05866722
v -0.42915571 0.01001096 -0.07402976
v -0.37491420 0.00094444 -0.02454130
v -0.39353132 -0.00211041 -0.02567606
v -0.43050629 0.02382678 -0.08276489
v -0.35166198 0.00403075 -0.02342009
v -0.43702692 0.08170281 -0.05416550
v -0.41112784 0.08679625 -0.04420400
v -0.39916423 0.08531091 -0.04701678
v -0.57967550 0.07152601 -0.04294537
v -0.50273490 0.05948039 -0.01411232
v -0.45893228 0.03573094 -0.01204842
v -0.46029475 0.02107079 -0.01421478
v -0.41926590 0.01721024 -0.07788711
v -0.41011068 0.01551236 -0.07626577
v -0.41093427 0.00642555 -0.06676178
v -0.40098143 0.05211531 -0.00441291
v -0.40297773 0.03454133 -0.00190615
v -0.58095020 0.00723668 -0.06296767
v -0.41622716 0.03150198 -0.00354675
v -0.45658863 0.08336932 -0.05159600
v -0.01867015 0.07187071 -0.11131001
v -0.15678069 -0.09665465 0.02942681
v -0.11727482 -0.11990699 0.07213666
v -0.13157623 -0.11707706 0.05721279
v -0.17334285 -0.03739092 0.00557590
v -0.17728657 -0.02722939 0.00151144
v -0.19880575 -0.00419625 -0.01254112
v -0.20818272 0.00151470 -0.01797509
v -0.16472295 -0.05894181 0.03680012
v -0.01253258 -0.26581132 0.13526110
v -0.05059517 -0.27255279 -0.09903479
v -0.02595080 -0.27190474 -0.09812167
v -0.02878066 -0.29099807 -0.10722026
v -0.05549911 -0.29200798 -0.10674442
v -0.03198291 -0.31172818 -0.11690823
v -0.17214698 -0.34363964 -0.06394335
v -0.16716093 -0.32101882 -0.06151068
v -0.15106338 -0.32365847 -0.08461070
v -0.15544026 -0.34749725 -0.08890393
v -0.17102604 -0.30357781 -0.03437848
v -0.16005835 -0.30230382 -0.05919528
v -0.17751892 -0.32108256 -0.03459241
v -0.18117216 -0.32551512 -0.00637541
v -0.17497277 -0.30721766 -0.00681281
v -0.17725512 -0.33354896 0.02052002
v -0.17159384 -0.31370872 0.02011380
v -0.16710505 -0.34286630 0.04476937
v -0.15148084 -0.35187078 0.06599695
v -0.13360278 -0.38306934 0.08320817
v -0.10787445 -0.36984053 0.09796344
v -0.13097620 -0.36090994 0.08364394
v -0.05968176 -0.38274288 0.11932817
v -0.08339510 -0.37762174 0.11015980
v -0.01781251 -0.38721287 0.12792459
v -0.03796590 -0.38563821 0.12501299
v -0.11213799 0.09278850 0.03460274
v -0.10366027 0.14437483 -0.07802999
v -0.11272219 0.14924486 -0.05646737
v -0.08923984 0.14904459 -0.07730748
v -0.12388358 0.08828780 -0.11121572
v -0.12710810 0.10716593 -0.10206445
v -0.10637438 0.10063493 -0.11211824
v -0.10370855 0.08325041 -0.11853615
v -0.07834778 0.14076647 -0.09048912
v -0.07137016 0.14314115 -0.08943745
v -0.08893798 0.13551535 -0.09380627
v -0.05528034 0.11888943 -0.10675982
v -0.07334632 0.12636085 -0.10329466
v -0.15745783 0.13854207 -0.04949341
v -0.15635546 0.12561472 -0.07137210
v -0.16628513 0.12448018 -0.06595182
v -0.16904543 0.13754126 -0.04456066
v -0.15221256 0.07516251 -0.10249796
v -0.14980739 0.05879691 -0.10583684
v -0.16228263 0.06123156 -0.10173995
v -0.16360450 0.07718204 -0.09824504
v -0.19787791 0.13433440 -0.03066513
v -0.19445862 0.12691878 -0.05240295
v -0.20487386 0.12745129 -0.05006093
v -0.20888762 0.13235222 -0.02876483
v -0.16412759 0.09361471 -0.09159064
v -0.08671963 -0.03129708 -0.12583996
v -0.12350509 -0.01492655 -0.11722252
v -0.10618548 -0.02278858 -0.12211417
v -0.16227406 0.00790455 -0.09728402
v -0.15152881 0.00268768 -0.10275347
v -0.15504043 -0.00953563 -0.09804372
v -0.18550479 0.01481025 -0.08975406
v -0.17339320 0.01171438 -0.09321231
v -0.21557280 0.05783814 0.02855420
v -0.20045008 0.05841431 0.03583463
v -0.19921428 0.08565998 0.02929113
v -0.20219487 0.00899491 -0.07727694
v -0.21413939 0.01495391 -0.07713823
v -0.21216932 0.02026442 -0.08047476
v -0.19952483 0.01453154 -0.08104047
v -0.14585367 0.14022185 -0.05382655
v -0.19277200 0.11394566 -0.06791177
v -0.19118164 0.10174531 -0.07909439
v -0.20199752 0.10488620 -0.07748308
v -0.20380375 0.11616196 -0.06569839
v -0.19311330 0.08700955 -0.08799168
v -0.19389930 0.07217570 -0.09320494
v -0.20559016 0.07689498 -0.09116318
v -0.20417687 0.09102549 -0.08593250
v -0.21125683 0.02726392 -0.08444988
v -0.19663940 0.02164488 -0.08489426
v -0.22437793 0.12081401 -0.00541645
v -0.17804234 0.13837929 -0.01270659
v -0.17380592 0.12522735 0.01164125
v -0.16350834 0.13021010 0.00773358
v -0.16786125 0.14093684 -0.01774718
v -0.23224686 0.00302844 -0.03515209
v -0.22889371 0.00824216 -0.02292594
v -0.23433934 -0.00039646 -0.04672753
v -0.20543666 -0.00131320 -0.06822271
v -0.23525023 0.00007542 -0.05712336
v -0.22864394 0.03836302 0.01696021
v -0.23044086 0.05776889 0.02181054
v -0.17041218 0.10062543 0.02730013
v -0.15992966 0.10754919 0.02401204
v -0.22116791 0.12929997 -0.02807974
v -0.21694905 0.12607716 -0.04899006
v -0.23129910 0.02200311 -0.08202016
v -0.24370019 0.02893808 -0.08701408
v -0.22899671 0.02697484 -0.08499608
v -0.19017749 -0.00990781 -0.07554775
v -0.20434199 0.00432974 -0.07314365
v -0.17904708 0.13749175 -0.03932670
v -0.21432041 0.11696322 -0.06464192
v -0.21382770 0.10579830 -0.07678276
v -0.18295951 0.08300383 -0.09097241
v -0.18183123 0.09805239 -0.08260127
v -0.17296375 0.09545744 -0.08693576
v -0.17338541 0.07981569 -0.09449127
v -0.21747756 0.08195223 -0.08981951
v -0.22020006 0.06767821 -0.09255475
v -0.18334736 0.06769518 -0.09562610
v -0.17312121 0.06407272 -0.09858845
v -0.22715999 0.03421132 -0.08813490
v -0.15076657 0.11246433 0.02041462
v -0.14911608 0.09005059 0.03353388
v -0.13888806 0.09321114 0.03296570
v -0.17059265 0.07488454 0.03901689
v -0.15869306 0.08362562 0.03578846
v -0.18549682 0.06432532 0.03993551
v -0.12718329 0.09343757 0.03362723
v -0.42655513 0.02043923 -0.08076726
v -0.25525424 0.03641265 -0.08991516
v -0.24699697 0.02396460 -0.08435988
v -0.25996184 0.03043442 -0.08811132
v -0.30481952 0.05617207 -0.08780301
v -0.42118236 0.05642523 -0.07119668
v -0.42819095 0.05643913 -0.07115192
v -0.47300267 0.06311762 -0.07760628
v -0.49441883 0.07701223 -0.06323582
v -0.47436950 0.07554150 -0.06352825
v -0.48121363 0.07823654 -0.02135824
v -0.48123357 0.06434618 -0.01304711
v -0.48040333 0.01698611 -0.01791265
v -0.47672853 0.01427908 -0.07993707
v -0.61882007 0.05966343 -0.02773773
v -0.61887723 0.06644384 -0.03745744
v -0.63859582 0.06379513 -0.03456737
v -0.63825876 0.05603001 -0.02595837
v -0.65637219 0.04250037 -0.02188405
v -0.63784212 0.04579378 -0.02247331
v -0.65743703 0.05287811 -0.02353206
v -0.65527076 0.03325591 -0.02478460
v -0.63725239 0.03609551 -0.02429997
v -0.65454745 0.02613899 -0.03143921
v -0.65443796 0.02066258 -0.03954352
v -0.63698864 0.02155060 -0.03752530
v -0.63688403 0.02775062 -0.02978206
v -0.63743395 0.01746128 -0.04680651
v -0.63762784 0.01555396 -0.05686122
v -0.61908031 0.01251550 -0.05486785
v -0.61877805 0.01623273 -0.04425006
v -0.65485001 0.02623039 -0.07410369
v -0.65452737 0.03447846 -0.07716410
v -0.63604391 0.03206445 -0.07882833
v -0.63660210 0.02294676 -0.07511939
v -0.61646944 0.05050695 -0.07745010
v -0.61615103 0.03961401 -0.08062457
v -0.63618594 0.04244723 -0.07834295
v -0.63635725 0.05274018 -0.07508542
v -0.65492702 0.05488424 -0.07390758
v -0.65562117 0.06159275 -0.06577486
v -0.63726389 0.06024154 -0.06801504
v -0.58043134 0.06595416 -0.03189009
v -0.59959143 0.06286141 -0.03002449
v -0.59970355 0.05278759 -0.02378350
v -0.59934586 0.03068223 -0.02570590
v -0.59945685 0.04133770 -0.02267410
v -0.61838067 0.03851470 -0.02335321
v -0.61823905 0.02896753 -0.02763357
v -0.58151346 0.00746324 -0.04989202
v -0.59993237 0.01485707 -0.04162586
v -0.60036260 0.01004601 -0.05261251
v -0.61842155 0.02176451 -0.03497364
v -0.59950674 0.02196471 -0.03249212
v -0.61859393 0.01355196 -0.06605268
v -0.63721192 0.01726014 -0.06703144
v -0.61886740 0.06785447 -0.04915738
v -0.61832017 0.06529277 -0.06074201
v -0.63822347 0.06460271 -0.05747894
v -0.63869637 0.06650249 -0.04588724
v -0.59992224 0.01054136 -0.06448703
v -0.59811056 0.06626169 -0.06435414
v -0.59888315 0.06960628 -0.05249172
v -0.61746472 0.05948459 -0.07077639
v -0.59722084 0.05885921 -0.07417732
v -0.65755767 0.06514011 -0.04302875
v -0.65810436 0.06136560 -0.03170680
v -0.59929329 0.06892084 -0.04031979
v -0.61769253 0.01926062 -0.07543553
v -0.61661994 0.02873277 -0.08048198
v -0.59723002 0.02543089 -0.08149647
v -0.59866786 0.01597456 -0.07510646
v -0.57527596 0.04669989 -0.08330770
v -0.59603781 0.03680465 -0.08276758
v -0.59604597 0.04842434 -0.08032412
v -0.65468079 0.04451184 -0.07704180
v -0.57632679 0.05834175 -0.07784864
v -0.73435885 0.01203700 -0.03054217
v -0.74335766 0.01537743 -0.02965346
v -0.73796785 0.01811987 -0.03645518
v -0.72818929 0.01703268 -0.03574646
v -0.70957345 -0.00360793 -0.02138123
v -0.72124124 -0.00822728 -0.01663938
v -0.72722536 -0.00754796 -0.02453238
v -0.71693814 -0.00172729 -0.03013313
v -0.73977178 0.00766517 -0.02570423
v -0.74757153 0.01382455 -0.02383132
v -0.75524509 0.01947743 -0.02179955
v -0.74679804 0.01397996 -0.01978014
v -0.75518626 0.02499614 -0.01758082
v -0.74993485 0.03530975 -0.01667839
v -0.76231509 0.03860317 -0.02043020
v -0.76291507 0.02955508 -0.01801726
v -0.74308604 0.04950559 -0.04055011
v -0.74003708 0.04983567 -0.05155764
v -0.75560701 0.04854579 -0.05287461
v -0.75807160 0.04728564 -0.04164853
v -0.74649513 0.04324948 -0.07105206
v -0.75205493 0.04559612 -0.06172583
v -0.73651010 0.04791660 -0.05990612
v -0.73221642 0.04555744 -0.06811226
v -0.72351420 0.02001207 -0.04308610
v -0.73343259 0.01970791 -0.04393423
v -0.73158705 0.01942620 -0.04979772
v -0.72130579 0.01948368 -0.04959781
v -0.74627846 0.01984971 -0.01550248
v -0.74755991 0.00581554 -0.01602530
v -0.74687666 0.00859074 -0.01264642
v -0.74131554 0.02215007 -0.01169174
v -0.68591267 0.01394723 -0.05251855
v -0.69650185 0.01174417 -0.05513253
v -0.69721919 0.01039903 -0.06240469
v -0.68536186 0.01278899 -0.06083975
v -0.68533033 0.01343909 -0.03251269
v -0.68053478 0.02250381 -0.02228447
v -0.68793505 0.01739638 -0.01779613
v -0.69166470 0.00731138 -0.02866835
v -0.69686633 0.01019149 -0.01436792
v -0.70688492 0.00313646 -0.01187363
v -0.70010573 0.00142638 -0.02521838
v -0.71974683 -0.00228323 -0.00903532
v -0.69256979 0.01354183 -0.07461624
v -0.68418270 0.01693062 -0.07158367
v -0.79459584 0.00651079 -0.03035001
v -0.79545069 0.00773180 -0.02483486
v -0.79788864 0.00533831 -0.02540538
v -0.79709125 0.00436491 -0.03094726
v -0.68517917 0.04209960 -0.07770947
v -0.68411571 0.03267286 -0.07933466
v -0.69072241 0.03261932 -0.08096329
v -0.69218045 0.04191892 -0.07778122
v -0.69936329 0.03244366 -0.08361463
v -0.70125693 0.04197726 -0.07851836
v -0.80304456 0.01371473 -0.02123567
v -0.80667496 0.01667213 -0.02347116
v -0.80958617 0.01111215 -0.02344517
v -0.80553460 0.00895828 -0.02153245
v -0.74767703 0.01803616 -0.03601548
v -0.75233126 0.01667135 -0.02841708
v -0.76069999 0.01783675 -0.02645744
v -0.76766926 0.01888131 -0.02506251
v -0.76861721 0.01696176 -0.03107196
v -0.75897831 0.01749085 -0.03503854
v -0.74452287 0.01937904 -0.04688201
v -0.75543487 0.01813161 -0.04709017
v -0.75091898 0.01860416 -0.05399894
v -0.74045926 0.01926921 -0.05388530
v -0.74473476 0.01445855 -0.07222538
v -0.73653275 0.01371875 -0.07121092
v -0.73691279 0.01597109 -0.06547106
v -0.74673885 0.01643167 -0.06588489
v -0.77294749 0.01753074 -0.06612447
v -0.76450759 0.01723345 -0.06594476
v -0.76615375 0.01797189 -0.06100377
v -0.77416110 0.01812829 -0.06136299
v -0.67818999 0.04355177 -0.07769505
v -0.67748094 0.03380674 -0.07856789
v -0.74173635 0.02619962 -0.09637839
v -0.74695861 0.03466465 -0.09154490
v -0.73674947 0.03577678 -0.08752695
v -0.73147154 0.02866986 -0.09238159
v -0.69495475 0.04946918 -0.07117348
v -0.68740034 0.05050476 -0.07162801
v -0.80973697 0.01839170 -0.02826914
v -0.81200612 0.01263463 -0.02845616
v -0.70756257 0.01687931 -0.00665793
v -0.72164339 0.00691297 -0.00411905
v -0.69633245 0.02559086 -0.01112891
v -0.68145889 0.03530150 -0.01837480
v -0.68863559 0.03120745 -0.01547700
v -0.76337987 0.01739246 -0.03984087
v -0.74158841 0.01945812 -0.04272035
v -0.72985518 0.01859709 -0.05422739
v -0.72096813 0.01028184 -0.07258609
v -0.72760808 0.01088013 -0.07509556
v -0.72498471 0.01043704 -0.08214775
v -0.71724033 0.01049371 -0.08186182
v -0.73873967 0.01310413 -0.09036519
v -0.73874873 0.01817433 -0.09563652
v -0.72985595 0.01927091 -0.09319884
v -0.73133594 0.01312688 -0.08900864
v -0.74597710 0.00932445 -0.00746089
v -0.73649150 0.02077578 -0.00668065
v -0.68391192 0.02351016 -0.07740141
v -0.69080436 0.02230748 -0.08056220
v -0.67693418 0.02600625 -0.07527000
v -0.69739807 0.01174208 -0.04462230
v -0.70989454 0.01709868 -0.04818512
v -0.70867020 0.01588782 -0.05276097
v -0.69622290 0.01261637 -0.05010531
v -0.71885854 0.01158536 -0.03661511
v -0.70810711 0.00379850 -0.03459398
v -0.72612584 0.00565617 -0.03228125
v -0.68550813 0.01446056 -0.04426140
v -0.67718142 0.01802599 -0.04183762
v -0.67719936 0.01757380 -0.05118983
v -0.67693311 0.01751840 -0.06074110
v -0.67707604 0.02073264 -0.06972333
v -0.66800338 0.01967146 -0.04072031
v -0.66847074 0.01866709 -0.05000668
v -0.66861314 0.01930944 -0.05986167
v -0.66871333 0.02208980 -0.06833106
v -0.67918742 0.05286520 -0.07201602
v -0.66895634 0.05475833 -0.07305771
v -0.66850591 0.04449715 -0.07760272
v -0.67784423 0.02004868 -0.03223401
v -0.66859633 0.02388088 -0.03215784
v -0.67004436 0.02975127 -0.02372835
v -0.67143273 0.04010007 -0.02080022
v -0.74336421 -0.00813987 -0.01954772
v -0.73881251 -0.00496563 -0.02300069
v -0.73374641 -0.00999362 -0.01941073
v -0.73977172 -0.01238500 -0.01499167
v -0.76876146 0.02334615 -0.02054202
v -0.76199150 0.02269589 -0.02067598
v -0.77083927 0.03015450 -0.01924660
v -0.70580333 0.00970993 -0.06792073
v -0.70149559 0.01207959 -0.07826398
v -0.77067155 0.01712708 -0.03633720
v -0.78546625 0.02396441 -0.02031954
v -0.78915614 0.02903953 -0.02260363
v -0.80095714 0.02180088 -0.02324832
v -0.79733872 0.01781312 -0.02081121
v -0.78188288 0.01475513 -0.03533546
v -0.78574753 0.01829723 -0.03945601
v -0.77940321 0.01968436 -0.03997294
v -0.77620476 0.01703975 -0.03531801
v -0.76851165 0.01512936 -0.07203476
v -0.76128733 0.01521651 -0.07192172
v -0.77273786 0.04455913 -0.03061796
v -0.75994575 0.04643014 -0.02920357
v -0.77254379 0.04139176 -0.04253357
v -0.75605899 0.01675817 -0.06603213
v -0.74838954 0.01781862 -0.06029849
v -0.75767773 0.01763678 -0.06085150
v -0.77010161 0.01862399 -0.04575766
v -0.76313370 0.01785580 -0.04697592
v -0.76645458 0.01766656 -0.04226038
v -0.77201587 0.01829353 -0.04068724
v -0.72021443 0.03059917 -0.08930454
v -0.71872902 0.01850832 -0.09065854
v -0.79882592 0.01033688 -0.02160841
v -0.80121684 0.00687224 -0.02228736
v -0.66843599 0.03444920 -0.07732821
v -0.66880399 0.02695704 -0.07408044
v -0.73813289 0.01800608 -0.05956772
v -0.74590909 0.04642712 -0.02790343
v -0.72815710 0.01708188 -0.05895534
v -0.76814574 0.02052078 -0.08185283
v -0.77078205 0.02667528 -0.08090689
v -0.76331770 0.03124814 -0.08077076
v -0.76169425 0.02272379 -0.08367085
v -0.79659665 0.00792086 -0.03537786
v -0.80067182 0.01091135 -0.03867745
v -0.79562730 0.01433793 -0.03874485
v -0.79216909 0.01060620 -0.03532932
v -0.78015846 0.01501334 -0.02507256
v -0.78018153 0.01351303 -0.03033695
v -0.77386969 0.01646528 -0.03050665
v -0.77337325 0.01794615 -0.02511575
v -0.77486122 0.02218777 -0.02139400
v -0.78220236 0.01925510 -0.02154154
v -0.79181147 0.03016737 -0.03571430
v -0.79018748 0.02446020 -0.03996256
v -0.80043286 0.01903212 -0.03959860
v -0.80372018 0.02264675 -0.03502237
v -0.71877867 0.04857437 -0.06580208
v -0.71543556 0.04524009 -0.07383449
v -0.72852963 0.04215971 -0.07664417
v -0.74189258 0.03932002 -0.07986148
v -0.75413483 0.03542288 -0.08241247
v -0.75963330 0.04143429 -0.07366005
v -0.72464257 0.03813672 -0.08324461
v -0.78031927 0.03444776 -0.04644195
v -0.78011060 0.02848069 -0.04484995
v -0.78214520 0.03450072 -0.03845401
v -0.72634709 0.01450621 -0.06571122
v -0.79348922 0.01373878 -0.02138643
v -0.69292760 0.05315204 -0.02755160
v -0.69306356 0.05847378 -0.03982983
v -0.70297009 0.05654272 -0.04049357
v -0.70176601 0.05024093 -0.02548782
v -0.79055351 0.00899172 -0.03017585
v -0.79060888 0.00999722 -0.02477231
v -0.76720399 0.01522815 -0.08138286
v -0.76133215 0.01383385 -0.08251765
v -0.75983644 0.01389989 -0.07794023
v -0.76694643 0.01415727 -0.07720538
v -0.71234858 0.04098767 -0.08026599
v -0.75357682 0.03000155 -0.09429155
v -0.74891919 0.02006358 -0.09843884
v -0.69762725 0.05416737 -0.06197297
v -0.70399249 0.04790576 -0.07185365
v -0.70694494 0.05169239 -0.06362273
v -0.76762646 0.04039844 -0.06278854
v -0.72247797 0.05064248 -0.05832398
v -0.70987022 0.05352378 -0.05622814
v -0.69958794 0.05644465 -0.05323188
v -0.69115514 0.05883754 -0.05184111
v -0.68952924 0.05633817 -0.06140570
v -0.80943072 0.01718843 -0.03501004
v -0.80361140 0.02386448 -0.02819219
v -0.68036908 0.05870200 -0.06146174
v -0.66942543 0.06095643 -0.06339545
v -0.68207711 0.06102429 -0.05146351
v -0.67086470 0.06293882 -0.05290911
v -0.71302295 0.05459138 -0.04772878
v -0.71529830 0.05352576 -0.03761548
v -0.72563726 0.05198597 -0.05018778
v -0.72901446 0.05138436 -0.03993330
v -0.76997417 0.04628876 -0.05352820
v -0.80405694 0.00674343 -0.03891717
v -0.80887365 -0.00014174 -0.03954612
v -0.81300890 0.00113964 -0.03823613
v -0.80874157 0.00868189 -0.03841661
v -0.80540007 0.01403171 -0.03890498
v -0.81170267 0.01120114 -0.03482996
v -0.73189062 0.04724216 -0.02615415
v -0.77689302 0.01983006 -0.04513535
v -0.71609765 0.04557429 -0.02076957
v -0.73748565 0.03792285 -0.01410951
v -0.72719228 0.03456159 -0.00940277
v -0.69873005 0.03944010 -0.01394222
v -0.70982307 0.03190400 -0.00754425
v -0.68341070 0.04638353 -0.02109740
v -0.69091654 0.04344873 -0.01883850
v -0.67284298 0.04976128 -0.02252201
v -0.72253704 0.02073174 -0.00325879
v -0.80044752 -0.00069183 -0.02697423
v -0.80022693 -0.00114059 -0.03276615
v -0.67323452 0.05842936 -0.02980589
v -0.68458480 0.05525111 -0.02851972
v -0.73365569 -0.00049657 -0.02760619
v -0.71844375 0.01633052 -0.05793259
v -0.71698892 0.01345256 -0.06313793
v -0.71405953 0.00994946 -0.07042522
v -0.70988673 0.01108017 -0.08091719
v -0.67223281 0.06324272 -0.04113630
v -0.65501314 0.01833005 -0.04885212
v -0.65522921 0.01845942 -0.05867258
v -0.65661299 0.06423351 -0.05493657
v -0.80395013 0.00050914 -0.02335852
v -0.77851206 0.02213350 -0.06383226
v -0.77800512 0.02244967 -0.06594834
v -0.72988564 -0.01006195 -0.01264431
v -0.73748374 -0.01174822 -0.00893007
v -0.72954911 -0.00513091 -0.00583081
v -0.73202354 0.00248007 -0.00193194
v -0.74120575 -0.00138784 -0.00155075
v -0.73864162 -0.00792313 -0.00447407
v -0.70826358 0.01399575 -0.05666717
v -0.70787239 0.01196715 -0.06152326
v -0.70830411 0.02030886 -0.08806024
v -0.70929331 0.03213590 -0.08645616
v -0.77766287 0.02798058 -0.02017407
v -0.77263135 0.03768383 -0.02228230
v -0.78001058 0.03372966 -0.02317434
v -0.79083061 0.03218555 -0.02854295
v -0.78324902 0.02601723 -0.04115057
v -0.78057045 0.02394943 -0.04394177
v -0.70164323 0.00848272 -0.03949196
v -0.71329367 0.01598034 -0.04226724
v -0.74256450 0.00342464 -0.02226269
v -0.74590439 -0.00034101 -0.01996309
v -0.75969690 0.01802934 -0.05389052
v -0.77945954 0.03485210 -0.06066974
v -0.77983242 0.03932808 -0.05346204
v -0.76768994 0.01861827 -0.05358839
v -0.81288767 0.00247478 -0.02410441
v -0.80832493 0.00125474 -0.02242090
v -0.78151733 0.03801951 -0.02966216
v -0.75332838 0.01500011 -0.07233018
v -0.77499563 0.03269039 -0.06680228
v -0.78004789 0.02853966 -0.06353304
v -0.74416125 0.01582746 -0.09581290
v -0.68397331 0.06047584 -0.03980423
v -0.80296797 -0.00091493 -0.03777764
v -0.79926968 0.00487512 -0.03634806
v -0.81511164 0.00276887 -0.03472994
v -0.81500626 0.00374371 -0.02912498
v -0.69903302 0.02150223 -0.08453642
v -0.71973872 0.01813409 -0.05393556
v -0.65507233 0.02090904 -0.06757814
v -0.74378598 0.00567562 -0.00255784
v -0.73389339 0.01165703 -0.00286098
v -0.77413678 0.01880817 -0.05335075
v -0.75836688 0.02773432 -0.08783575
v -0.77604896 0.03158936 -0.07617876
v -0.77984315 0.03006655 -0.06976474
v -0.76828259 0.03652768 -0.07493542
v -0.78091931 0.02528301 -0.06737169
v -0.81765664 -0.00441653 -0.03498894
v -0.81755650 -0.00361437 -0.02956247
v -0.81494355 -0.00466925 -0.02452995
v -0.81005967 -0.00471520 -0.02319072
v -0.80560571 -0.00472450 -0.02448831
v -0.81520438 -0.00552899 -0.03846174
v -0.81105763 -0.00613058 -0.03973592
v -0.80508518 -0.00563800 -0.03826311
v -0.81563926 -0.01119179 -0.03883644
v -0.81864774 -0.01175529 -0.03531498
v -0.81732708 -0.01537329 -0.02735642
v -0.81714082 -0.01935387 -0.02737240
v -0.81463945 -0.01826727 -0.02509769
v -0.81590462 -0.01227874 -0.02518728
v -0.81440598 -0.02338952 -0.02631718
v -0.81741661 -0.02399784 -0.02810954
v -0.81882006 -0.01404577 -0.03011287
v -0.81930816 -0.01894808 -0.03093135
v -0.81908727 -0.02362585 -0.03546848
v -0.81958210 -0.02412927 -0.03171149
v -0.81872249 -0.01858997 -0.03474681
v -0.81884700 -0.01469368 -0.03354697
v -0.81880999 -0.01015830 -0.02967366
v -0.81940097 -0.02830756 -0.03221970
v -0.81653380 -0.02978766 -0.03287237
v -0.81497562 -0.02767622 -0.02855260
v -0.81764781 -0.02730262 -0.02898514
v -0.81076801 -0.01053280 -0.02387483
v -0.81104875 -0.01729316 -0.02501477
v -0.81109959 -0.02292782 -0.02688977
v -0.81191796 -0.02712500 -0.02947537
v -0.80851769 -0.02272087 -0.02884155
v -0.80761462 -0.01728660 -0.02677994
v -0.80964065 -0.02600819 -0.03129912
v -0.80719119 -0.02275133 -0.03170072
v -0.80537057 -0.01764840 -0.03020559
v -0.80383039 -0.00973612 -0.02873329
v -0.80657196 -0.00962561 -0.02526496
v -0.80855757 -0.02504295 -0.03275631
v -0.81355959 -0.02919656 -0.03384028
v -0.81781721 -0.01746851 -0.03758846
v -0.81757283 -0.02298403 -0.03800769
v -0.81557918 -0.01719064 -0.03947505
v -0.81538612 -0.02273154 -0.03942779
v -0.81953120 -0.02694952 -0.03557531
v -0.81757075 -0.02752030 -0.03710578
v -0.80221045 -0.00502026 -0.02812278
v -0.80233240 -0.00525290 -0.03387374
v -0.80371368 -0.00987089 -0.03426791
v -0.80522037 -0.01764053 -0.03524413
v -0.80669236 -0.01029158 -0.03845226
v -0.81175518 -0.01121408 -0.03997508
v -0.81239527 -0.01742536 -0.04007487
v -0.80835903 -0.01726514 -0.03914126
v -0.80964249 -0.02246803 -0.03855191
v -0.81247437 -0.02255660 -0.03962712
v -0.80759090 -0.02278745 -0.03541054
v -0.81220752 -0.02602202 -0.03803958
v -0.81494457 -0.02703851 -0.03793321
v -0.81036645 -0.02500546 -0.03753290
v -0.80939615 -0.02541918 -0.03515650
v -0.81119895 -0.02724862 -0.03469504
v -0.79964674 0.00859380 -0.05714458
v -0.80086195 0.01008427 -0.05248104
v -0.80346632 0.00442672 -0.05280834
v -0.80171001 0.00294095 -0.05771429
v -0.80805635 0.01605076 -0.04996758
v -0.81222165 0.01980549 -0.05284093
v -0.81509256 0.01209652 -0.05294823
v -0.81055784 0.00868797 -0.05026957
v -0.81340253 0.02167016 -0.05987053
v -0.81601214 0.01394385 -0.05974074
v -0.78870392 0.02513763 -0.04672589
v -0.79041666 0.03054330 -0.04868720
v -0.80525708 0.02537844 -0.05134881
v -0.80199003 0.02081555 -0.04867695
v -0.78274310 0.01684216 -0.06049031
v -0.78503668 0.01963940 -0.06444615
v -0.80383325 0.01267797 -0.05022077
v -0.80639338 0.00619626 -0.05056642
v -0.79964846 0.00880456 -0.06196509
v -0.80199695 0.01042664 -0.06615631
v -0.79689038 0.01556450 -0.06538861
v -0.79487568 0.01293841 -0.06147760
v -0.78398210 0.01747152 -0.04822299
v -0.78272635 0.01640907 -0.05434493
v -0.78645438 0.02096733 -0.04636916
v -0.79026306 0.03114277 -0.06197977
v -0.78831196 0.02558798 -0.06536572
v -0.80058396 0.01973698 -0.06722990
v -0.80424094 0.02446067 -0.06486139
v -0.79855490 0.01718515 -0.04908296
v -0.79468936 0.01237050 -0.05609614
v -0.79592824 0.01387912 -0.05116996
v -0.81043589 0.01753953 -0.06609430
v -0.80554676 0.02762496 -0.05804285
v -0.80446488 0.00384146 -0.06677902
v -0.80788875 -0.00424546 -0.06715045
v -0.81220466 -0.00240684 -0.06730743
v -0.80873120 0.00594324 -0.06756959
v -0.80586094 0.01313055 -0.06742854
v -0.81306767 0.00965333 -0.06578106
v -0.80596101 -0.00452274 -0.05390482
v -0.80418634 -0.00535619 -0.05903764
v -0.80920720 -0.00335127 -0.05133284
v -0.79110444 0.03419963 -0.05482593
v -0.81779081 0.00083894 -0.05367987
v -0.81319118 -0.00162214 -0.05129913
v -0.80433702 -0.00535136 -0.06394660
v -0.80162048 0.00291985 -0.06275003
v -0.81611800 0.00000137 -0.06529810
v -0.81856775 0.00232601 -0.05964221
v -0.81782675 -0.00796556 -0.06518094
v -0.82041371 -0.00666851 -0.06013011
v -0.81952924 -0.00763172 -0.05452660
v -0.81469172 -0.00830323 -0.05207707
v -0.81058526 -0.00865626 -0.05231385
v -0.81418538 -0.00949526 -0.06719275
v -0.81005603 -0.01019776 -0.06712804
v -0.80627632 -0.01026386 -0.06427183
v -0.81374979 -0.01651871 -0.06700914
v -0.81769234 -0.01665866 -0.06524225
v -0.81849205 -0.02347434 -0.05657382
v -0.81829202 -0.02875513 -0.05634040
v -0.81605387 -0.02796036 -0.05415824
v -0.81727874 -0.02212143 -0.05386962
v -0.81930596 -0.01957649 -0.05720067
v -0.81914997 -0.01619858 -0.05505191
v -0.81946039 -0.01919496 -0.06039493
v -0.81940299 -0.02378911 -0.06059465
v -0.81724638 -0.02951628 -0.06391186
v -0.81931925 -0.02985829 -0.06052126
v -0.81719917 -0.02394372 -0.06356345
v -0.81792539 -0.01985741 -0.06313424
v -0.81554163 -0.03310549 -0.05590904
v -0.81802398 -0.03281683 -0.05666749
v -0.82067031 -0.01470274 -0.06051035
v -0.81486839 -0.01408237 -0.05255628
v -0.81403565 -0.02110666 -0.05249803
v -0.81294084 -0.02754557 -0.05355853
v -0.81239849 -0.03254557 -0.05601348
v -0.80982304 -0.02724630 -0.05425526
v -0.81013763 -0.02088881 -0.05295512
v -0.80996418 -0.03130466 -0.05679879
v -0.80738842 -0.02725500 -0.05659673
v -0.80660021 -0.02107167 -0.05546188
v -0.80739558 -0.01325649 -0.05540083
v -0.81073046 -0.01328987 -0.05278368
v -0.80844992 -0.03015751 -0.05776292
v -0.81580341 -0.03613555 -0.05988270
v -0.81265998 -0.03498870 -0.05986317
v -0.81911385 -0.03522074 -0.06016113
v -0.81527853 -0.02338231 -0.06497043
v -0.81482536 -0.02933121 -0.06473149
v -0.81305408 -0.02333874 -0.06646952
v -0.81276363 -0.02939743 -0.06570455
v -0.81748050 -0.03377044 -0.06357904
v -0.81528956 -0.03420162 -0.06387420
v -0.80751920 -0.00923645 -0.05493326
v -0.80575138 -0.00981361 -0.05960988
v -0.80544281 -0.01367813 -0.05998378
v -0.80507636 -0.02151299 -0.06022055
v -0.80633056 -0.01431751 -0.06451467
v -0.80994219 -0.01576984 -0.06688471
v -0.80998403 -0.02269572 -0.06641218
v -0.80661654 -0.02199525 -0.06446783
v -0.80762035 -0.02771044 -0.06386559
v -0.81033289 -0.02865273 -0.06537719
v -0.80628783 -0.02749294 -0.06033601
v -0.81031734 -0.03249401 -0.06343459
v -0.81263947 -0.03394061 -0.06384462
v -0.80845493 -0.03083402 -0.06276231
v -0.80813998 -0.03093159 -0.06016575
v -0.81010598 -0.03324825 -0.05994453
v -0.78758156 0.00372976 -0.07653375
v -0.79085302 0.00560933 -0.07284231
v -0.79169774 0.00143051 -0.07234189
v -0.78781831 -0.00046778 -0.07609957
v -0.79829699 0.01060748 -0.07280570
v -0.80035555 0.01337528 -0.07569323
v -0.80138117 0.00573200 -0.07584143
v -0.79950088 0.00417978 -0.07290421
v -0.79996848 0.01401353 -0.08194615
v -0.80103767 0.00548887 -0.08088280
v -0.78511912 0.02146795 -0.06916388
v -0.78622878 0.02576122 -0.07187878
v -0.79597634 0.01933640 -0.07436351
v -0.79432678 0.01566923 -0.07132268
v -0.79459006 0.00788957 -0.07181263
v -0.79600763 0.00268227 -0.07172529
v -0.78626657 0.00285745 -0.08084115
v -0.78721559 0.00356895 -0.08426666
v -0.78309178 0.00808150 -0.08357696
v -0.78250736 0.00710717 -0.08021632
v -0.77471781 0.01295742 -0.07356693
v -0.77795756 0.01486853 -0.06975038
v -0.78170085 0.01781192 -0.06859148
v -0.77983773 0.02285603 -0.08311627
v -0.77593952 0.01756495 -0.08362190
v -0.78621513 0.01151660 -0.08619155
v -0.79097074 0.01671973 -0.08577914
v -0.79077995 0.01215747 -0.07083219
v -0.78372043 0.00692913 -0.07539913
v -0.78689575 0.00928533 -0.07180123
v -0.79568744 0.01025313 -0.08645073
v -0.79431635 0.02032638 -0.08034732
v -0.78784543 -0.00061548 -0.08456248
v -0.79109824 -0.00949812 -0.08381853
v -0.79536891 -0.00877064 -0.08497417
v -0.79236829 0.00089329 -0.08644918
v -0.79051161 0.00633121 -0.08679251
v -0.79727703 0.00359297 -0.08536381
v -0.79261160 -0.00683564 -0.07169947
v -0.78928137 -0.00805235 -0.07556885
v -0.79708934 -0.00621718 -0.07114741
v -0.78421563 0.02682692 -0.07786380
v -0.77321726 0.01312032 -0.08192223
v -0.80337036 -0.00538081 -0.07478896
v -0.80071503 -0.00574178 -0.07211339
v -0.78854287 -0.00896406 -0.08044314
v -0.78643781 -0.00107795 -0.08074579
v -0.80006027 -0.00704634 -0.08381030
v -0.80337769 -0.00512725 -0.07965560
v -0.80122620 -0.01480538 -0.08261907
v -0.80455589 -0.01339728 -0.07841396
v -0.80458850 -0.01326770 -0.07346225
v -0.80129832 -0.01261497 -0.07110596
v -0.79764187 -0.01204050 -0.07048982
v -0.79612589 -0.01562625 -0.08336446
v -0.79246938 -0.01528800 -0.08213899
v -0.79011244 -0.01351923 -0.07937366
v -0.79538041 -0.02045935 -0.08213142
v -0.80018377 -0.02113104 -0.08045667
v -0.80169713 -0.02656889 -0.07125187
v -0.80130428 -0.03128111 -0.07004642
v -0.80042249 -0.03048843 -0.06818286
v -0.80157632 -0.02548528 -0.06941658
v -0.80296457 -0.02315116 -0.07278013
v -0.80365598 -0.02020019 -0.07208261
v -0.80284154 -0.02303809 -0.07587758
v -0.80198848 -0.02750486 -0.07492146
v -0.79849178 -0.03157103 -0.07682198
v -0.80139601 -0.03225821 -0.07372183
v -0.79898387 -0.02694017 -0.07789460
v -0.80072188 -0.02354771 -0.07848889
v -0.79975539 -0.03470588 -0.06834581
v -0.80104136 -0.03458071 -0.06973857
v -0.80379534 -0.01956618 -0.07681638
v -0.80106962 -0.01802331 -0.06960323
v -0.79953045 -0.02394038 -0.06784880
v -0.79820305 -0.02939510 -0.06685817
v -0.79690838 -0.03355432 -0.06755611
v -0.79524708 -0.02816558 -0.06706133
v -0.79622704 -0.02273524 -0.06777126
v -0.79430842 -0.03188711 -0.06787384
v -0.79261494 -0.02748680 -0.06841987
v -0.79284573 -0.02205968 -0.06894892
v -0.79386532 -0.01587814 -0.07069224
v -0.79746157 -0.01666760 -0.06937489
v -0.79276210 -0.03043240 -0.06880793
v -0.79837531 -0.03718400 -0.07169974
v -0.79520726 -0.03588843 -0.07122472
v -0.80083388 -0.03623623 -0.07269737
v -0.79702258 -0.02634925 -0.07967812
v -0.79620576 -0.03137016 -0.07796639
v -0.79403770 -0.02564675 -0.08013764
v -0.79371876 -0.03081453 -0.07815561
v -0.79873151 -0.03501213 -0.07566562
v -0.79686040 -0.03517735 -0.07587123
v -0.79381543 -0.01175177 -0.07179970
v -0.79078674 -0.01221466 -0.07519186
v -0.79093820 -0.01590633 -0.07382703
v -0.78983575 -0.02238464 -0.07210171
v -0.78998524 -0.01703054 -0.07788226
v -0.79199564 -0.01934558 -0.08058479
v -0.79122192 -0.02478099 -0.07880029
v -0.78933108 -0.02338326 -0.07614493
v -0.78989935 -0.02832800 -0.07494438
v -0.79142606 -0.02963418 -0.07711661
v -0.79027629 -0.02776796 -0.07121992
v -0.79199201 -0.03288108 -0.07454619
v -0.79413950 -0.03452122 -0.07546440
v -0.79071248 -0.03124863 -0.07357657
v -0.79146838 -0.03126091 -0.07090566
v -0.79289365 -0.03362149 -0.07087550
v -0.77329493 0.01265815 -0.07803960
v -0.76676035 0.00020373 -0.09523648
v -0.76992416 0.00141296 -0.09260574
v -0.77011383 -0.00184220 -0.09285638
v -0.76676559 -0.00246203 -0.09536368
v -0.77700198 0.00576109 -0.09381682
v -0.77845550 0.00728655 -0.09760839
v -0.77862215 0.00090533 -0.09790540
v -0.77741730 -0.00003445 -0.09412396
v -0.77632558 0.00704175 -0.10291287
v -0.77647424 0.00092542 -0.10262835
v -0.76547813 0.01744562 -0.08779128
v -0.76477563 0.02131057 -0.09108838
v -0.77466691 0.01312986 -0.09559202
v -0.77366024 0.01083246 -0.09182838
v -0.75552291 0.00564867 -0.09427053
v -0.75460029 0.00752857 -0.09843439
v -0.74904734 0.01132178 -0.09594621
v -0.74829018 0.01054610 -0.09141013
v -0.77363116 0.00373822 -0.09210819
v -0.77399957 -0.00105542 -0.09263569
v -0.76462817 -0.00037962 -0.09845826
v -0.76406133 -0.00038713 -0.10214961
v -0.76213998 0.00287679 -0.10170820
v -0.76254976 0.00210768 -0.09750077
v -0.76006913 0.00867361 -0.08717601
v -0.75806355 0.00583270 -0.09065971
v -0.75066626 0.00961976 -0.08692760
v -0.75540018 0.01134504 -0.08405687
v -0.76328331 0.01217648 -0.08718550
v -0.75736994 0.01632780 -0.10148306
v -0.75524479 0.01114577 -0.10105018
v -0.76384217 0.00581130 -0.10455948
v -0.76817250 0.00962538 -0.10474890
v -0.77133960 0.00733092 -0.09108049
v -0.76442409 0.00325990 -0.09388053
v -0.76823896 0.00428391 -0.09168565
v -0.77119929 0.00406930 -0.10546970
v -0.77236974 0.01362249 -0.10090867
v -0.76402485 -0.00367451 -0.10259560
v -0.76489133 -0.00996500 -0.10249984
v -0.76752937 -0.01013416 -0.10481998
v -0.76688629 -0.00295633 -0.10554361
v -0.76662302 0.00106597 -0.10503751
v -0.77155137 -0.00147796 -0.10566184
v -0.77080071 -0.00815701 -0.09253752
v -0.76707816 -0.00824738 -0.09509245
v -0.77450287 -0.00801688 -0.09249014
v -0.76162022 0.02222735 -0.09673238
v -0.77915227 -0.00788051 -0.09748742
v -0.77764976 -0.00808054 -0.09403983
v -0.76499259 -0.00905818 -0.09869659
v -0.76458037 -0.00329995 -0.09872106
v -0.77190226 -0.00943577 -0.10493460
v -0.77683353 -0.00793624 -0.10192591
v -0.77234459 -0.01587051 -0.10395250
v -0.77779818 -0.01445371 -0.10147813
v -0.77959216 -0.01363093 -0.09691477
v -0.77811956 -0.01265562 -0.09370241
v -0.77521420 -0.01200485 -0.09229276
v -0.76764959 -0.01586771 -0.10354123
v -0.76560718 -0.01488489 -0.10115153
v -0.76605546 -0.01327991 -0.09798312
v -0.76808685 -0.02032948 -0.10172066
v -0.77277005 -0.02107912 -0.10205600
v -0.77878284 -0.02390337 -0.09442106
v -0.77904725 -0.02731806 -0.09290045
v -0.77866602 -0.02678633 -0.09108335
v -0.77907079 -0.02274084 -0.09263155
v -0.77884209 -0.02099228 -0.09647423
v -0.77924991 -0.01846850 -0.09582755
v -0.77735674 -0.02117884 -0.09922352
v -0.77778244 -0.02495402 -0.09758729
v -0.77436632 -0.02974743 -0.09795037
v -0.77820933 -0.02889377 -0.09620371
v -0.77426994 -0.02600187 -0.09993088
v -0.77480471 -0.02284390 -0.10070688
v -0.77832961 -0.03061742 -0.09073088
v -0.77919209 -0.03024793 -0.09240910
v -0.77731830 -0.01860476 -0.10019881
v -0.77816391 -0.01660478 -0.09291512
v -0.77805805 -0.02170676 -0.09086365
v -0.77747440 -0.02670312 -0.08924946
v -0.77620900 -0.03059310 -0.08942857
v -0.77522218 -0.02573258 -0.08877724
v -0.77574342 -0.02058029 -0.09006396
v -0.77417231 -0.02928120 -0.08918270
v -0.77281511 -0.02493787 -0.08927178
v -0.77265704 -0.01983005 -0.09031877
v -0.77212644 -0.01480675 -0.09173325
v -0.77556556 -0.01539063 -0.09166110
v -0.77281642 -0.02792066 -0.08930609
v -0.77635276 -0.03314382 -0.09302315
v -0.77416945 -0.03245705 -0.09153271
v -0.77812189 -0.03221834 -0.09496441
v -0.77163494 -0.02586532 -0.10031629
v -0.77193516 -0.03018022 -0.09789947
v -0.76884031 -0.02491170 -0.09960577
v -0.76985848 -0.02957958 -0.09669241
v -0.77523309 -0.03217572 -0.09664381
v -0.77358484 -0.03281999 -0.09559169
v -0.77149403 -0.01176858 -0.09225741
v -0.76802367 -0.01212639 -0.09458968
v -0.76860529 -0.01540470 -0.09361994
v -0.76931787 -0.02018392 -0.09188312
v -0.76631916 -0.01687735 -0.09665066
v -0.76602101 -0.01871830 -0.09960145
v -0.76710469 -0.02373815 -0.09752512
v -0.76698422 -0.02193773 -0.09464508
v -0.76863343 -0.02665150 -0.09274870
v -0.76870871 -0.02830184 -0.09487557
v -0.77026796 -0.02528775 -0.09060058
v -0.77082413 -0.03060639 -0.09257513
v -0.77183455 -0.03211612 -0.09392908
v -0.77029252 -0.02904797 -0.09167546
v -0.77151644 -0.02871579 -0.09037408
v -0.77260035 -0.03082716 -0.09068626
v -0.75057095 0.01378982 -0.09845667
v -0.75616443 0.00236870 -0.01227100
v -0.75581682 0.00279370 -0.00733934
v -0.74970925 -0.01259910 -0.01772532
v -0.75287139 -0.00631493 -0.01856205
v -0.74719751 -0.01652531 -0.01276100
v -0.74842834 -0.01267906 -0.00271124
v -0.74706542 -0.01582990 -0.00710796
v -0.75518489 -0.00103261 -0.01607707
v -0.75428200 0.00026649 -0.00277030
v -0.75099176 -0.00642122 -0.00060505
v -0.76294547 -0.00664266 -0.00040108
v -0.75989085 -0.01314427 0.00078902
v -0.75606948 -0.01956526 -0.00215003
v -0.75378436 -0.02104612 -0.00743996
v -0.75257486 -0.02003884 -0.01285024
v -0.76357704 -0.00194164 -0.00550216
v -0.76297504 -0.00135858 -0.01071246
v -0.76062983 -0.00415111 -0.01526493
v -0.77133322 -0.00749002 -0.00390482
v -0.77389961 -0.01403616 -0.00008988
v -0.77223229 -0.02783002 -0.00233403
v -0.77619135 -0.02994115 -0.00221756
v -0.77456093 -0.03102548 -0.00610241
v -0.76964569 -0.02904601 -0.00574028
v -0.77012384 -0.02535050 -0.00212508
v -0.76567185 -0.02531818 -0.00390390
v -0.77583051 -0.02397445 0.00087160
v -0.77274412 -0.02177881 0.00003889
v -0.77568150 -0.01840814 0.00071970
v -0.77916104 -0.01917761 0.00095913
v -0.77968675 -0.02665524 0.00137597
v -0.78301471 -0.02858196 -0.00027052
v -0.77977371 -0.03101704 -0.00227621
v -0.77966928 -0.03133277 -0.00553235
v -0.76952755 -0.01960044 0.00029859
v -0.76026350 -0.02545033 -0.00895599
v -0.76711363 -0.02887321 -0.01008654
v -0.77374893 -0.03044281 -0.01035669
v -0.77959782 -0.02987128 -0.00958174
v -0.77382720 -0.02743937 -0.01433590
v -0.76646149 -0.02630492 -0.01492527
v -0.77895468 -0.02664915 -0.01256818
v -0.77489239 -0.02337264 -0.01584849
v -0.76804197 -0.02135476 -0.01757193
v -0.75866938 -0.01764495 -0.01747885
v -0.75793827 -0.02299380 -0.01412609
v -0.77839762 -0.02405772 -0.01397443
v -0.78472358 -0.02862643 -0.00397843
v -0.78395683 -0.02633475 -0.00778359
v -0.77970409 -0.01549342 -0.00133258
v -0.78378761 -0.01853715 -0.00184336
v -0.78254050 -0.02158821 0.00105593
v -0.77881527 -0.01200826 -0.00476086
v -0.78360063 -0.01640386 -0.00558442
v -0.78473967 -0.02458178 0.00048882
v -0.78596389 -0.02300586 -0.00246122
v -0.75400233 -0.01556998 -0.01726368
v -0.75725979 -0.00941585 -0.01785672
v -0.76201594 -0.01145070 -0.01744834
v -0.77070844 -0.01558539 -0.01673022
v -0.76637679 -0.00665477 -0.01431191
v -0.76970315 -0.00507930 -0.00888479
v -0.77739894 -0.01052066 -0.00915027
v -0.77434891 -0.01159991 -0.01373449
v -0.77958828 -0.01636090 -0.01268163
v -0.78206813 -0.01564749 -0.00956213
v -0.77705926 -0.01937953 -0.01494971
v -0.78352487 -0.02008019 -0.00985742
v -0.78542161 -0.02128785 -0.00648734
v -0.78149378 -0.01947338 -0.01183778
v -0.78027403 -0.02183651 -0.01293382
v -0.78223085 -0.02387577 -0.01088372
v -0.74409539 0.01226953 -0.09091852
v -0.74666822 0.01133265 -0.08530730
v -0.74075359 0.01210840 -0.08456949
v -0.73326796 0.01090746 -0.08349948
v -0.72457856 0.01259959 -0.08762492
v -0.73525929 0.01169070 -0.07712530
v -0.74309754 0.01276741 -0.07856049
v -0.75169718 0.01257993 -0.07938890
v -0.73019606 0.01278032 -0.07049316
v -0.01705045 0.06829465 0.05666882
v -0.01758361 0.05114346 0.06716220
v -0.29867169 0.05007970 0.00782797
v -0.29683119 0.06828130 0.00667592
v -0.29468569 0.10430261 -0.03561657
v -0.29060137 0.10198447 -0.05855706
v -0.06361581 -0.22338915 0.12110657
v -0.11015044 -0.17777613 -0.07835088
v -0.11310306 -0.15771805 -0.08427685
v -0.03675405 -0.15950780 -0.10637072
v -0.05648689 -0.16357419 -0.10491623
v -0.14421532 -0.19276436 0.03331356
v -0.14499022 -0.17273419 0.03121239
v -0.10187486 -0.20105097 0.08833957
v -0.10347996 -0.17921112 0.08687094
v -0.13483901 -0.21602190 0.05753217
v -0.08031874 -0.21003143 -0.09160873
v -0.09882701 -0.21259086 -0.08397717
v -0.09447459 -0.19250973 -0.08568335
v -0.07660927 -0.18934029 -0.09454972
v -0.01795210 -0.15576518 -0.10271251
v -0.01789877 -0.17868245 -0.09621683
v -0.15249969 -0.15107615 0.00515185
v -0.15155214 -0.15004015 -0.02133496
v -0.13210158 -0.14415841 -0.06815784
v -0.11637276 -0.13798092 -0.08540864
v -0.09855311 -0.13041949 -0.09747247
v -0.07951041 -0.12277719 -0.10642958
v -0.08878856 -0.15721987 0.10122201
v -0.07061329 -0.13550448 0.10919147
v -0.14653805 -0.15212637 0.03055846
v -0.02456057 -0.15646444 0.12666489
v -0.06388406 -0.09147894 -0.11780903
v -0.04060116 -0.08704123 -0.12084902
v -0.14436696 -0.14800096 -0.04611659
v -0.03359324 0.01203266 0.09701774
v -0.05207849 0.01533449 0.09591895
v -0.05140531 -0.00041071 0.10710642
v -0.03325480 -0.00451852 0.10723445
v -0.06912723 0.00212780 0.10605973
v -0.08623335 0.00374310 0.10345721
v -0.10192717 0.00433514 0.09948098
v -0.13804491 -0.00007163 0.08269291
v -0.12777972 0.00236243 0.08886715
v -0.15462567 -0.00939326 0.06761245
v -0.14706522 -0.00357232 0.07568618
v -0.16069965 -0.02016178 0.05759926
v -0.16446039 -0.03289966 0.04486372
v -0.16978310 -0.03122498 0.02309627
v -0.16750926 -0.04523840 0.02957614
v -0.16195941 -0.04707180 0.05286235
v -0.15829474 -0.03390776 0.06528489
v -0.15233754 -0.02365536 0.07562607
v -0.01980235 -0.07312009 0.11998051
v -0.01725802 -0.04834791 0.11990063
v -0.01565836 0.08454426 0.04715001
v -0.49585438 0.01952792 -0.08311923
v -0.61882943 0.04951034 -0.02265602
v -0.01794656 0.10896745 -0.10510620
v -0.03717062 0.11333270 -0.10675602
v -0.10040700 0.12820379 -0.09838355
v -0.11556850 0.13873664 -0.08049235
v -0.07935306 0.11824803 -0.10831461
v -0.05772802 0.10893052 -0.11101870
v -0.13373174 -0.13400638 0.05245197
v -0.03881506 0.07645895 -0.11386553
v -0.05930416 0.09737974 -0.11472208
v -0.08184774 0.10668558 -0.11389320
v -0.10547344 0.11713620 -0.10412250
v -0.12847438 0.12864743 -0.08527036
v -0.14461470 0.12678993 -0.07712593
v -0.16458105 0.10947397 -0.08101326
v -0.18199253 0.11252739 -0.07135049
v -0.18460675 0.12609616 -0.05617705
v -0.17543755 0.12481288 -0.06078559
v -0.17280076 0.11053617 -0.07578906
v -0.25831702 0.10797924 -0.06652531
v -0.28129917 0.08655947 -0.07994626
v -0.27305940 0.09910677 -0.07169152
v -0.28526434 0.07115602 -0.08652861
v -0.28615546 0.05919262 -0.08954977
v -0.28226826 0.04749096 -0.09073322
v -0.27214184 0.03787709 -0.09035851
v -0.23352207 0.01778496 -0.07900517
v -0.21651375 0.01077566 -0.07419085
v -0.17940377 -0.01538514 -0.07809384
v -0.17123318 -0.02152924 -0.08085740
v -0.15055718 -0.05041785 -0.08990917
v -0.13916765 -0.06361160 -0.09358367
v -0.12755492 -0.07917112 -0.09855541
v -0.12584026 -0.30610141 -0.09585336
v -0.11927579 -0.28824875 -0.08908036
v -0.09902655 -0.29026985 -0.09911368
v -0.10560112 -0.30890915 -0.10642482
v -0.04645639 -0.25176141 -0.09347919
v -0.02330187 -0.25162351 -0.09070097
v -0.16384540 -0.28759480 -0.03365593
v -0.16837099 -0.29075640 -0.00713194
v -0.13731630 -0.28652620 -0.07500570
v -0.15271251 -0.28631011 -0.05668310
v -0.16563660 -0.29579759 0.01956944
v -0.10602809 -0.32515457 0.09994610
v -0.08562382 -0.33101586 0.11464431
v -0.04288265 -0.33908635 0.13420543
v -0.02124808 -0.34144059 0.13826379
v -0.15703043 -0.30292115 0.04402721
v -0.06438539 -0.33569956 0.12641932
v -0.14325304 -0.31081307 0.06504501
v -0.12544850 -0.31842861 0.08342680
v -0.06759656 -0.25214204 -0.09284884
v -0.07207876 -0.27214283 -0.09776412
v -0.09233641 -0.27156088 -0.09329998
v -0.05936345 -0.01602883 -0.12935266
v -0.03833808 -0.01780460 -0.12865810
v -0.08056905 -0.01227788 -0.12882443
v -0.09708012 0.01112025 -0.12802225
v -0.09977360 -0.00619940 -0.12606247
v -0.11813113 0.00049072 -0.12139064
v -0.11551243 0.01759998 -0.12332761
v -0.14720505 0.02852121 -0.10776027
v -0.14860971 0.01503188 -0.10614274
v -0.16035739 0.01943513 -0.10046723
v -0.15966122 0.03213448 -0.10244205
v -0.18330371 0.02610114 -0.09291332
v -0.17167231 0.02262218 -0.09669401
v -0.19554079 0.03089711 -0.08855043
v -0.21049842 0.03645537 -0.08854815
v -0.20689809 0.06302907 -0.09328401
v -0.19439742 0.05704789 -0.09472345
v -0.14756736 0.04331167 -0.10750730
v -0.13245460 0.03967392 -0.11576866
v -0.03801830 0.01368371 -0.12334192
v -0.01870781 0.00948887 -0.11921005
v -0.17086552 -0.05135886 0.01073374
v -0.17369901 -0.05584046 -0.00980254
v -0.17457667 -0.05756809 -0.02907000
v -0.17231645 -0.05601190 -0.04615185
v -0.17007612 -0.05250749 -0.06176442
v -0.16474803 -0.04656510 -0.07519755
v -0.16442503 -0.02947485 -0.08370025
v -0.15814921 -0.03873152 -0.08671479
v -0.15961058 -0.02024418 -0.09182239
v -0.15135506 -0.02944641 -0.09632449
v -0.13883238 -0.00577192 -0.11026718
v -0.14469849 -0.01852565 -0.10418833
v -0.13447954 0.00854030 -0.11433895
v -0.13229887 0.02382757 -0.11616148
v -0.11497030 0.03508413 -0.12350661
v -0.09645643 0.02936921 -0.12843214
v -0.07881016 0.05977912 -0.12588541
v -0.07778117 0.04224572 -0.12840490
v -0.07729337 0.02372682 -0.13014257
v -0.07751082 0.00586655 -0.13017707
v -0.07554016 0.15164135 -0.07922047
v -0.05775072 0.14538580 -0.09010253
v -0.26449543 0.04318449 -0.09124804
v -0.26989087 0.05085776 -0.09155510
v -0.26025307 0.05140045 -0.09198238
v -0.25913581 0.04575215 -0.09167317
v -0.27147847 0.06012945 -0.09096940
v -0.27029330 0.07195377 -0.08902140
v -0.25864491 0.07054131 -0.09053633
v -0.25986549 0.05921849 -0.09206421
v -0.26674417 0.08486321 -0.08434056
v -0.25493681 0.08235250 -0.08740907
v -0.26013193 0.09572929 -0.07899579
v -0.25076219 0.10286874 -0.07516164
v -0.24656855 0.09838571 -0.07979770
v -0.25054410 0.09216878 -0.08338455
v -0.21575740 0.09427214 -0.08436138
v -0.22745936 0.09677254 -0.08239113
v -0.23859860 0.09790783 -0.08057236
v -0.22546202 0.04334179 -0.09066585
v -0.23813468 0.05135908 -0.09222950
v -0.24909170 0.05706300 -0.09251371
v -0.24711850 0.06791439 -0.09176793
v -0.23589487 0.06203515 -0.09248067
v -0.22313271 0.05458340 -0.09239569
v -0.05706559 0.00243528 -0.13004498
v -0.03741114 -0.00138985 -0.12754363
v -0.18236350 0.03834440 -0.09511145
v -0.17169055 0.03529844 -0.09897115
v -0.19411531 0.04255805 -0.09203658
v -0.20852099 0.04848568 -0.09179598
v -0.18308191 0.05271615 -0.09658717
v -0.17220430 0.04922317 -0.09959640
v -0.16041294 0.04622871 -0.10293097
v -0.05759282 0.01859628 -0.12771226
v -0.01848988 -0.00402154 -0.12500186
v -0.18337210 0.09291122 0.02973927
v -0.18539815 0.11874773 0.01449744
v -0.18854308 0.13413973 -0.00843217
v -0.18788771 0.13588637 -0.03446814
v -0.42340139 -0.00756136 -0.04495403
v -0.01869150 -0.20189430 -0.09181816
v -0.02060593 -0.22617534 -0.08940687
v -0.04199615 -0.22833985 -0.09304353
v -0.01940667 -0.08534387 -0.12065314
v -0.01865090 -0.01868758 -0.12719488
v -0.11269347 -0.02636989 0.11564671
v -0.09961146 -0.02584893 0.12056873
v -0.10050971 -0.01064301 0.11081337
v -0.11400247 -0.01115662 0.10583068
v -0.13415590 -0.02891975 0.10123935
v -0.12446796 -0.02751854 0.10882597
v -0.12588766 -0.01253647 0.09940772
v -0.13611241 -0.01468711 0.09226114
v -0.14268965 -0.03208794 0.09281404
v -0.14476511 -0.01799544 0.08439955
v -0.12273451 -0.04384087 0.11591030
v -0.11138957 -0.04300068 0.12284555
v -0.09861568 -0.04221810 0.12763102
v -0.13999179 -0.04648317 0.09938301
v -0.13225085 -0.04476142 0.10788258
v -0.00997465 0.15679862 0.03081463
v -0.01296157 0.10924917 0.03174938
v -0.01201167 0.11966404 0.02642620
v -0.01627013 -0.02725368 0.11489613
v -0.01602573 0.00743274 0.09794974
v -0.01698394 0.01801213 0.08593493
v -0.01745686 0.03339449 0.07655642
v -0.01468049 0.09806798 0.03922249
v -0.01594094 -0.00927583 0.10700598
v -0.17523091 -0.48082340 -0.08003747
v -0.15562266 -0.49833319 -0.10023192
v -0.16216876 -0.47156841 -0.09802454
v -0.14711158 -0.48468435 -0.11182049
v -0.17350489 -0.40018409 -0.07146110
v -0.17286056 -0.42700419 -0.07851220
v -0.17402564 -0.37164107 -0.06712582
v -0.12575939 -0.49249828 -0.12489063
v -0.09877789 -0.49513993 -0.13386352
v -0.09624830 -0.47529247 -0.14116901
v -0.15760924 -0.37454930 -0.09218968
v -0.15777938 -0.40199617 -0.09617380
v -0.16994606 -0.45169854 -0.08737772
v -0.15592623 -0.45102525 -0.10573738
v -0.15360144 -0.46613199 -0.10823102
v -0.12235088 -0.47468260 -0.13147150
v -0.14166099 -0.47146606 -0.11899795
v -0.03548205 -0.33310926 -0.12701814
v -0.06519325 -0.33329406 -0.12569679
v -0.06079711 -0.31252760 -0.11596589
v -0.13188609 -0.32647118 -0.10186805
v -0.14466241 -0.30360770 -0.07980546
v -0.14006875 -0.45350182 -0.12135319
v -0.12001920 -0.45370248 -0.13526115
v -0.09382657 -0.45250162 -0.14618047
v -0.09322353 -0.37709695 -0.13850527
v -0.09226836 -0.40143740 -0.14490116
v -0.11678436 -0.40308699 -0.13372001
v -0.11744029 -0.37721154 -0.12772965
v -0.13622713 -0.35021958 -0.10755449
v -0.13853887 -0.37651217 -0.11237297
v -0.09260716 -0.35344127 -0.13046940
v -0.11553007 -0.35201651 -0.12107862
v -0.11129686 -0.32901081 -0.11376652
v -0.13899150 -0.40388870 -0.11712500
v -0.06205714 -0.42649618 -0.15367755
v -0.09195188 -0.42785552 -0.14787686
v -0.03129113 -0.42523366 -0.15179668
v -0.08921781 -0.33134526 -0.12147180
v -0.08439544 -0.31091398 -0.11243345
v -0.07792036 -0.29121199 -0.10441086
v -0.06311961 -0.23043311 -0.09264873
v -0.12010259 -0.71231914 0.06347802
v -0.00044315 -0.53225291 0.00927137
v -0.00072335 -0.52485102 -0.01706971
v -0.18746020 -0.44115290 0.04446575
v -0.19590649 -0.46187529 -0.03280767
v -0.18405196 -0.45557737 -0.06328779
v -0.02855147 -0.53042996 0.07440098
v -0.01108418 -0.53648889 0.05253002
v -0.16951483 -0.44958600 0.07184926
v -0.11379984 -0.49714583 0.10061385
v -0.00253770 -0.53647858 0.03087955
v -0.15736520 -0.42807436 -0.10119866
v -0.13964404 -0.43033060 -0.12043189
v -0.11808338 -0.42957172 -0.13604662
v -0.06306610 -0.45048246 -0.15182212
v -0.03110569 -0.44728920 -0.15001990
v -0.02328343 -0.47463208 0.09892773
v -0.01902233 -0.46456069 0.10454073
v -0.00997116 -0.46666259 0.10384469
v -0.01033201 -0.48081589 0.09501189
v -0.10690647 -0.34693760 0.09908549
v -0.08494778 -0.35351083 0.11278071
v -0.04079196 -0.36173099 0.13039093
v -0.01974200 -0.36367121 0.13390081
v -0.16202262 -0.32220575 0.04438242
v -0.06259445 -0.35852286 0.12359270
v -0.14739092 -0.33096257 0.06539053
v -0.12802923 -0.33944163 0.08364042
v -0.07133599 -1.14922619 -0.06539492
v -0.07238718 -1.17751312 -0.06160761
v -0.07319534 -1.17575550 -0.07706830
v -0.06948815 -1.14718699 -0.08063564
v -0.08810232 -1.14238119 -0.10966484
v -0.07579488 -1.14469266 -0.10134434
v -0.10359704 -1.14196599 -0.11158606
v -0.10041910 -1.17161608 -0.11023723
v -0.11179370 -1.17221749 -0.10345556
v -0.11730913 -1.14315057 -0.10626916
v -0.12545784 -1.14394188 -0.09671716
v -0.12937157 -1.17416131 -0.06520630
v -0.13517988 -1.14649701 -0.06569589
v -0.13125364 -1.14462495 -0.08457736
v -0.12667787 -1.17348981 -0.08310170
v -0.12911581 -1.15038967 -0.04608006
v -0.12357748 -1.17716742 -0.04575192
v -0.11339005 -1.15374196 -0.03496582
v -0.07717813 -1.15210295 -0.04987583
v -0.07609874 -1.17950523 -0.04496063
v -0.08639240 -1.17202270 -0.10844313
v -0.07664495 -1.17409313 -0.09841803
v -0.07036079 -1.14628112 -0.09136608
v -0.07480656 -1.17478859 -0.08782448
v -0.07219041 -1.20487130 -0.07287295
v -0.06574176 -1.20492280 -0.05718054
v -0.08513669 -1.20098758 -0.10837027
v -0.07916614 -1.20273292 -0.09560227
v -0.10749609 -1.20075905 -0.10107298
v -0.09785835 -1.20014966 -0.11130608
v -0.12688714 -1.20136273 -0.08241737
v -0.11995470 -1.17280936 -0.09375428
v -0.11720432 -1.20104277 -0.09159222
v -0.12826924 -1.20124769 -0.06513349
v -0.12221496 -1.20275581 -0.04227742
v -0.07222772 -1.20502889 -0.03872229
v -0.07591312 -1.20430291 -0.08444133
v -0.12435345 -1.28687561 0.11366237
v -0.12877989 -1.28688705 0.11271636
v -0.13031091 -1.29120278 0.11329468
v -0.12352759 -1.29198551 0.11467254
v -0.08085805 -1.28318512 0.12470868
v -0.08930529 -1.28159249 0.12662624
v -0.09130115 -1.29043984 0.12475219
v -0.07973695 -1.29271555 0.12277988
v -0.11516866 -1.29522324 0.11963556
v -0.11031700 -1.29511809 0.12015154
v -0.10941046 -1.29145741 0.12383384
v -0.11711635 -1.29143727 0.12295105
v -0.15486498 -1.29198253 0.07927833
v -0.15071182 -1.29225516 0.08078033
v -0.15070046 -1.28782356 0.08326842
v -0.15587001 -1.28839445 0.08061936
v -0.14202221 -1.29526126 0.09693197
v -0.13820544 -1.29579413 0.09841332
v -0.13788781 -1.29151249 0.10137191
v -0.14380506 -1.29188919 0.09885024
v -0.09192495 -1.27736306 0.10310242
v -0.09162378 -1.27828872 0.11719260
v -0.07907864 -1.28092492 0.11501560
v -0.07743744 -1.27627254 0.10068683
v -0.07234085 -1.28978240 0.11132918
v -0.07976957 -1.29519260 0.10873552
v -0.07824499 -1.29558158 0.09443539
v -0.07090666 -1.28730416 0.09564338
v -0.09221870 -1.29545403 0.11081935
v -0.09191804 -1.29508066 0.09778807
v -0.09890810 -1.28662813 0.10200594
v -0.10066021 -1.28695691 0.11617155
v -0.11834450 -1.28655291 0.10284471
v -0.12154757 -1.28891432 0.11473834
v -0.11551383 -1.28311610 0.11614773
v -0.11316822 -1.27913737 0.10386410
v -0.10745171 -1.28340840 0.11737789
v -0.10240828 -1.27976108 0.10558800
v -0.09909227 -1.28912234 0.10457065
v -0.10170456 -1.29014111 0.11759768
v -0.10702831 -1.29540014 0.11372044
v -0.10388064 -1.29447544 0.10094742
v -0.11310633 -1.29353344 0.10034859
v -0.11608906 -1.29524231 0.11240865
v -0.12240510 -1.28534186 0.10788117
v -0.11999570 -1.28079474 0.09858795
v -0.13024248 -1.27963591 0.09633049
v -0.12984623 -1.28476107 0.10688149
v -0.12191731 -1.29439640 0.09587312
v -0.11678430 -1.28993654 0.09862335
v -0.11829118 -1.29228020 0.10809112
v -0.12351508 -1.29595077 0.10615606
v -0.13088860 -1.29579008 0.10532378
v -0.13114512 -1.29337108 0.09453346
v -0.13512443 -1.28638625 0.09608707
v -0.13489857 -1.29005110 0.10645607
v -0.14447913 -1.28483522 0.09322277
v -0.14587180 -1.27933872 0.08339059
v -0.14943954 -1.28624594 0.08230781
v -0.14724232 -1.29073584 0.09187590
v -0.13800077 -1.28008950 0.08702696
v -0.13874596 -1.28405845 0.09505852
v -0.13759111 -1.29343915 0.08523314
v -0.13499810 -1.28632402 0.08886333
v -0.13415931 -1.28878522 0.09570020
v -0.13664359 -1.29551542 0.09315452
v -0.14377777 -1.29578578 0.09139019
v -0.14552690 -1.29336464 0.08167955
v -0.15971965 -1.28698325 0.07371348
v -0.15800019 -1.28131747 0.07531263
v -0.15889277 -1.27877808 0.06662129
v -0.16024423 -1.28561497 0.06372521
v -0.15225862 -1.27849436 0.07146105
v -0.15176757 -1.28116083 0.07780515
v -0.15012990 -1.29163742 0.06961622
v -0.15001683 -1.28433561 0.07282205
v -0.14821795 -1.28608894 0.07792071
v -0.14928766 -1.29257369 0.07584295
v -0.15588976 -1.29286563 0.07368124
v -0.15627798 -1.29112816 0.06523711
v -0.07736784 -1.27292931 0.08648533
v -0.09558522 -1.27660716 0.08932164
v -0.08238962 -1.29490232 0.11796772
v -0.07113872 -1.28579938 0.08121356
v -0.08924639 -1.29480147 0.11899841
v -0.09580965 -1.29453790 0.08541618
v -0.07891221 -1.29432845 0.08008607
v -0.09791053 -1.28683472 0.09562521
v -0.11521073 -1.28625119 0.12251456
v -0.11571231 -1.28729010 0.09346466
v -0.11560719 -1.29419410 0.08405889
v -0.11057336 -1.28622591 0.12302563
v -0.11425591 -1.27639568 0.08752552
v -0.13201293 -1.27701044 0.07880311
v -0.12544125 -1.29547322 0.11188479
v -0.12940124 -1.29512036 0.11145657
v -0.13394065 -1.29383397 0.07742590
v -0.13517910 -1.28520203 0.08678724
v -0.14316352 -1.28751755 0.09859899
v -0.15014951 -1.28430700 0.07289232
v -0.14795966 -1.29294050 0.06633306
v -0.13962553 -1.28707969 0.09963642
v -0.14807346 -1.27571404 0.06736076
v -0.15489016 -1.28482521 0.07972482
v -0.15689060 -1.29224241 0.05463635
v -0.16180144 -1.28459227 0.05166135
v -0.15213846 -1.28410256 0.08160827
v -0.15924291 -1.27599525 0.05612412
v -0.08605841 -1.15461004 -0.03845469
v -0.08505753 -1.18059170 -0.03381705
v -0.09825256 -1.15555525 -0.03335276
v -0.10997822 -1.17982686 -0.03343233
v -0.09671991 -1.18125665 -0.02995870
v -0.08309390 -1.20459867 -0.02549541
v -0.10893040 -1.20500147 -0.02790537
v -0.09638388 -1.20433223 -0.02232382
v -0.12834248 -1.22210956 -0.08429994
v -0.13167663 -1.22298658 -0.06691188
v -0.11676367 -1.22186041 -0.09410707
v -0.09675227 -1.22190797 -0.11462338
v -0.10737876 -1.22196853 -0.10507830
v -0.08156068 -1.22302759 -0.01498831
v -0.07149892 -1.22577751 -0.03243084
v -0.09689294 -1.22095478 -0.00955639
v -0.11179329 -1.22217047 -0.01709564
v -0.07302346 -1.26768160 0.07007183
v -0.07301551 -1.26603734 0.04934250
v -0.08785417 -1.25605524 0.05254025
v -0.09189942 -1.26556265 0.07142961
v -0.10662109 -1.25618160 0.04914659
v -0.11012806 -1.26773000 0.06799802
v -0.12337042 -1.25990295 0.04143059
v -0.12731712 -1.26922584 0.06048715
v -0.13888137 -1.26354682 0.03229678
v -0.14357458 -1.27030814 0.05067361
v -0.15214406 -1.26996291 0.02274601
v -0.15711722 -1.27318120 0.04140085
v -0.15975560 -1.28004909 0.01767180
v -0.16341792 -1.28278494 0.03665905
v -0.06701961 -1.28412855 0.06449512
v -0.06873747 -1.28168678 0.04378964
v -0.07760377 -1.29587138 0.06165920
v -0.07872415 -1.29495454 0.04115449
v -0.09514424 -1.29617560 0.06072341
v -0.09510470 -1.29578078 0.03959665
v -0.15592946 -1.29222059 0.01924813
v -0.15765625 -1.29380190 0.03894904
v -0.11392821 -1.29519212 0.05671459
v -0.11318333 -1.29421103 0.03537115
v -0.13110240 -1.29612124 0.05078869
v -0.12991688 -1.29506600 0.02951247
v -0.14566562 -1.29617906 0.04435339
v -0.14429951 -1.29545784 0.02356438
v -0.08327351 -1.24841475 0.02986747
v -0.10269734 -1.24319506 0.02872707
v -0.11900330 -1.24781072 0.01992886
v -0.13343084 -1.25512731 0.00959506
v -0.14526877 -1.26553583 0.00010242
v -0.15429819 -1.27618182 -0.00444815
v -0.13207608 -1.24351573 -0.01827002
v -0.13960302 -1.26267684 -0.02572033
v -0.14629145 -1.27501571 -0.02744136
v -0.13564138 -1.26076412 -0.05152776
v -0.13984258 -1.27381957 -0.05137531
v -0.12662482 -1.26062047 -0.09316158
v -0.13209639 -1.27492154 -0.09467496
v -0.13599436 -1.27295113 -0.07511670
v -0.13085638 -1.26004958 -0.07484263
v -0.13128988 -1.24332106 -0.04680879
v -0.12837864 -1.24217236 -0.07077234
v -0.12324648 -1.24123669 -0.08828188
v -0.12613982 -1.27567697 -0.10780931
v -0.12166166 -1.26082826 -0.10638683
v -0.11396848 -1.26009810 -0.11813839
v -0.11602916 -1.27567852 -0.11772984
v -0.09757559 -1.26110494 -0.12491611
v -0.09938211 -1.27739012 -0.12288497
v -0.08232407 -1.26389813 -0.11559065
v -0.08316714 -1.27930200 -0.11477748
v -0.10968412 -1.24060512 -0.11138403
v -0.11632287 -1.24162889 -0.10006702
v -0.09729014 -1.24053347 -0.11931808
v -0.08364017 -1.24285817 -0.11148684
v -0.07876983 -1.24450552 -0.09442858
v -0.07635257 -1.26546347 -0.09632473
v -0.07492862 -1.28013670 -0.09720206
v -0.07428852 -1.26425278 0.02500032
v -0.07407949 -1.27742147 0.02025720
v -0.11645263 -1.23375618 0.00020010
v -0.09890486 -1.23128283 0.00820499
v -0.07962295 -1.23923719 0.00138305
v -0.07180687 -1.26124310 -0.00167766
v -0.07644876 -1.27592194 -0.00609784
v -0.07685290 -1.27596712 -0.02988381
v -0.07060524 -1.26294649 -0.02746924
v -0.08212395 -1.28804171 0.01707710
v -0.08529122 -1.28279364 -0.00864718
v -0.08498706 -1.28258955 -0.03204981
v -0.07483549 -1.27733254 -0.05100647
v -0.07059913 -1.26425564 -0.04931763
v -0.07410438 -1.27837133 -0.06808500
v -0.07311049 -1.26436079 -0.06713096
v -0.07471486 -1.26486242 -0.08124711
v -0.07353476 -1.27935565 -0.08219388
v -0.07323959 -1.24525344 -0.06823012
v -0.07601964 -1.24456573 -0.08089497
v -0.07045610 -1.24568856 -0.04988344
v -0.07069284 -1.24379027 -0.02668957
v -0.15163568 -1.28847206 -0.00374936
v -0.14559683 -1.28525066 -0.02685142
v -0.13844997 -1.28303778 -0.04995868
v -0.13365693 -1.28410482 -0.07316598
v -0.12808640 -1.28595603 -0.09167010
v -0.12197470 -1.28667283 -0.10307240
v -0.09980427 -1.28665257 -0.11496238
v -0.11334396 -1.28658640 -0.11183640
v -0.08774266 -1.28769827 -0.10969654
v -0.08194064 -1.28943121 -0.09560127
v -0.08016956 -1.29010379 -0.08251745
v -0.08205991 -1.28578556 -0.05299876
v -0.08017859 -1.28885972 -0.06931090
v -0.06509911 -1.22712612 -0.05340180
v -0.06979948 -1.22628880 -0.07068407
v -0.07501618 -1.22525954 -0.08230613
v -0.08442616 -1.22283173 -0.10863925
v -0.07941125 -1.22424567 -0.09360070
v -0.09598086 -1.29163349 0.01444648
v -0.11289863 -1.29122770 0.01013331
v -0.12861453 -1.29188097 0.00472769
v -0.14157671 -1.29204035 -0.00009764
v -0.13741364 -1.28915739 -0.02414062
v -0.12587969 -1.28946042 -0.02065281
v -0.11115437 -1.28954959 -0.01625760
v -0.09650119 -1.28698051 -0.01162630
v -0.13129705 -1.28784549 -0.04707999
v -0.12125243 -1.28903067 -0.04373289
v -0.10743239 -1.28951120 -0.04034475
v -0.09500612 -1.28755140 -0.03528470
v -0.09147798 -1.29075432 -0.05635133
v -0.10234232 -1.29159880 -0.06163157
v -0.11535057 -1.29047084 -0.06485062
v -0.12475231 -1.28876615 -0.06917253
v -0.11931384 -1.28952837 -0.08634475
v -0.11015781 -1.29075897 -0.08133220
v -0.09848665 -1.29188931 -0.07779224
v -0.08939900 -1.29199862 -0.07276301
v -0.11471952 -1.28978419 -0.09612864
v -0.10076422 -1.28991175 -0.10696891
v -0.10902341 -1.28978908 -0.10340882
v -0.09271573 -1.29082346 -0.10423297
v -0.08963057 -1.29172182 -0.09433075
v -0.08888859 -1.29218900 -0.08396341
v -0.09723799 -1.29167354 -0.08696696
v -0.09654519 -1.29131651 -0.09442409
v -0.10701770 -1.29058015 -0.09059024
v -0.10423298 -1.29040146 -0.09736877
v -0.09654915 -1.29085743 -0.10031446
v -0.10071389 -1.29032850 -0.10167143
v -0.12371221 -1.22527564 -0.03825440
v -0.09586340 -0.87894851 0.00901827
v -0.08107653 -0.87629128 0.00464183
v -0.11277579 -0.87657934 0.00953967
v -0.14284606 -0.45859322 0.09029000
v -0.08302381 -0.22263439 0.10616320
v -0.08659857 -0.17927092 0.10254894
v -0.08421740 -0.20118657 0.10407180
v -0.14448327 -0.48919857 0.09202871
v -0.13503920 -0.15428339 0.05229943
v -0.11579070 0.00388726 0.09463973
v 0.13210253 -1.27491760 -0.09467463
v 0.13600124 -1.27294862 -0.07511695
v 0.13086379 -1.26004791 -0.07484274
v -0.00647134 0.28244388 0.08605787
v -0.06628274 0.25491992 0.02171893
v -0.06548780 0.24709648 0.01490981
v -0.06200546 0.23628125 0.02207530
v -0.06347997 0.24496317 0.02949963
v -0.05713015 0.22635634 0.03000771
v -0.06044988 0.23652229 0.03558000
v -0.05169882 0.21830851 0.03911931
v -0.05624979 0.22871144 0.04273799
v -0.04701686 0.21364051 0.04901017
v -0.05176467 0.22382209 0.05097379
v -0.03249088 0.21091568 0.06983323
v -0.03061445 0.20565690 0.06679197
v -0.02411102 0.20330803 0.07381850
v -0.02501556 0.20741788 0.07750987
v -0.01707491 0.20137082 0.08028857
v -0.01791990 0.20519748 0.08404167
v -0.00929950 0.20049904 0.08400550
v -0.00948637 0.20401804 0.08810723
v 0.00000255 0.20022668 0.08560475
v 0.00000253 0.20385590 0.08976413
v 0.00000210 0.21342126 0.09259638
v -0.00891586 0.21337269 0.09152552
v -0.00937735 0.20855999 0.09068221
v 0.00000230 0.20812377 0.09186842
v -0.01647410 0.21419020 0.08753537
v -0.01760844 0.20927683 0.08630151
v -0.02292530 0.21654333 0.08205136
v -0.02450207 0.21177451 0.08017412
v -0.03062440 0.22077264 0.07507788
v -0.03238868 0.21575086 0.07258885
v -0.03676918 0.22607011 0.07103270
v -0.03970814 0.22277202 0.06709664
v -0.00823968 0.19735591 0.07808585
v 0.00000244 0.19724588 0.08030704
v -0.01529473 0.19807588 0.07470480
v -0.02184167 0.19938143 0.06940816
v -0.02733838 0.20080926 0.06304385
v -0.04036628 0.21080744 0.05848007
v -0.03366368 0.20273520 0.05511164
v -0.04128742 0.20675656 0.04671451
v -0.04673434 0.21125664 0.03593640
v -0.05336542 0.21991202 0.02531744
v -0.05984265 0.23065218 0.01547531
v -0.06379999 0.24242111 0.00778815
v -0.06720469 0.25479266 0.00945628
v -0.01546912 0.21859051 0.08737045
v -0.00840603 0.21803516 0.09099101
v -0.02156707 0.22041655 0.08263036
v -0.02843791 0.22484156 0.07691657
v -0.03369192 0.22967227 0.07374688
v -0.03857028 0.24136190 0.07277987
v -0.03726870 0.23522328 0.07264740
v -0.03698622 0.25372124 0.07543343
v -0.03831663 0.24768892 0.07382932
v -0.04490588 0.26043504 0.07107842
v -0.04654123 0.25167194 0.06800593
v -0.04242750 0.24914576 0.07118957
v -0.04107317 0.25660866 0.07340463
v -0.04842057 0.26596269 0.06830323
v -0.05053425 0.25594518 0.06433493
v -0.00727136 0.19452021 0.07294153
v 0.00000250 0.19425599 0.07400160
v -0.01342615 0.19502500 0.06967943
v -0.01896324 0.19539985 0.06447904
v -0.02318595 0.19563413 0.05814286
v -0.02794558 0.19640352 0.05080041
v -0.03379312 0.19835448 0.04236174
v -0.04075378 0.20290773 0.03230451
v -0.04910836 0.21199115 0.02080564
v -0.05767150 0.22568272 0.00976400
v -0.06204937 0.23819995 0.00195275
v -0.02033973 0.18793258 0.04485550
v -0.01643606 0.18891688 0.05123676
v -0.01303783 0.19005300 0.05651916
v -0.00996123 0.19078365 0.06083799
v -0.00577452 0.18956889 0.06024844
v 0.00000320 0.18895490 0.06007929
v -0.00524237 0.18596143 0.05246391
v 0.00000381 0.18592869 0.05287028
v -0.00758831 0.18295383 0.04779574
v 0.00000435 0.18223748 0.04794766
v -0.00951063 0.17988087 0.04391827
v 0.00000352 0.17765617 0.04291227
v -0.04109847 0.23315123 0.06948008
v -0.04488774 0.23204805 0.06521682
v -0.04676028 0.24202429 0.06563610
v -0.05107999 0.24480233 0.06088764
v -0.04940258 0.23267803 0.05959440
v -0.04264548 0.24111292 0.06968743
v -0.05479104 0.23602676 0.05245448
v -0.05560071 0.24921015 0.05538839
v -0.05443113 0.26153761 0.06031081
v -0.05888560 0.25447568 0.05050052
v -0.05876935 0.24160869 0.04547035
v -0.05795117 0.26577219 0.05585460
v -0.06086578 0.26977533 0.05162343
v -0.06118590 0.25920543 0.04625046
v -0.06126229 0.24774322 0.04080983
v -0.04367714 0.21959507 0.06104438
v -0.06323965 0.25385845 0.03558348
v -0.06314973 0.27390370 0.04725223
v -0.06314830 0.26423648 0.04137027
v -0.06540395 0.27943116 0.04172011
v -0.06575374 0.27013710 0.03365917
v -0.06582108 0.26154688 0.02725450
v -0.06864820 0.26307648 0.01305952
v 0.00000182 0.21813829 0.09203528
v 0.13129634 -1.24332035 -0.04680965
v 0.12838683 -1.24217010 -0.07077215
v 0.12325322 -1.24123394 -0.08828042
v 0.12614493 -1.27567208 -0.10780814
v 0.12166842 -1.26082408 -0.10638623
v 0.11397459 -1.26009440 -0.11813735
v 0.11603391 -1.27567399 -0.11772820
v 0.09758186 -1.26110232 -0.12491417
v 0.09938709 -1.27738678 -0.12288483
v 0.08233077 -1.26389599 -0.11558740
v 0.08317285 -1.27929890 -0.11477584
v 0.10969095 -1.24060249 -0.11138305
v 0.11632911 -1.24162626 -0.10006522
v 0.09729625 -1.24053180 -0.11931492
v 0.08364696 -1.24285698 -0.11148264
v 0.07877012 -1.24450541 -0.09442484
v 0.07635213 -1.26546168 -0.09632184
v 0.07493110 -1.28013444 -0.09720048
v 0.07428718 -1.26425683 0.02500108
v 0.07407808 -1.27742517 0.02025736
v 0.11645105 -1.23376000 0.00020064
v 0.09890442 -1.23128557 0.00820668
v 0.07962300 -1.23924088 0.00138417
v 0.07180588 -1.26124620 -0.00167696
v 0.07644785 -1.27592409 -0.00609788
v 0.07685252 -1.27596807 -0.02988398
v 0.07060466 -1.26294839 -0.02746857
v 0.08212254 -1.28804445 0.01707711
v 0.08529015 -1.28279519 -0.00864748
v 0.08498667 -1.28258979 -0.03205027
v 0.07483517 -1.27733231 -0.05100643
v 0.07059817 -1.26425672 -0.04931685
v 0.07410438 -1.27837050 -0.06808446
v 0.07310930 -1.26436102 -0.06712966
v 0.07471430 -1.26486206 -0.08124498
v 0.07353470 -1.27935445 -0.08219264
v 0.07323888 -1.24525452 -0.06822748
v 0.07601987 -1.24456596 -0.08089177
v 0.07045475 -1.24569094 -0.04988123
v 0.07069160 -1.24379373 -0.02668793
v 0.15163544 -1.28847265 -0.00374961
v 0.14559801 -1.28525031 -0.02685176
v 0.13845295 -1.28303647 -0.04995889
v 0.13366203 -1.28410232 -0.07316627
v 0.12809108 -1.28595269 -0.09166989
v 0.12197896 -1.28666878 -0.10307178
v 0.09980795 -1.28664887 -0.11496212
v 0.11334802 -1.28658199 -0.11183570
v 0.08774604 -1.28769469 -0.10969586
v 0.08194315 -1.28942871 -0.09560087
v 0.08017042 -1.29010141 -0.08251736
v 0.08206030 -1.28578436 -0.05299921
v 0.08017942 -1.28885806 -0.06931097
v 0.06510226 -1.22712862 -0.05339832
v 0.06980310 -1.22628915 -0.07067958
v 0.07501772 -1.22525966 -0.08230233
v 0.08443377 -1.22283101 -0.10863438
v 0.07941620 -1.22424519 -0.09359626
v 0.09597930 -1.29163599 0.01444637
v 0.11289705 -1.29122961 0.01013315
v 0.12861311 -1.29188240 0.00472739
v 0.14157578 -1.29204130 -0.00009799
v 0.13741374 -1.28915703 -0.02414096
v 0.12587921 -1.28946030 -0.02065321
v 0.11115357 -1.28954971 -0.01625814
v 0.09650011 -1.28698134 -0.01162676
v 0.13129841 -1.28784394 -0.04708023
v 0.12125303 -1.28902936 -0.04373325
v 0.10743280 -1.28950965 -0.04034532
v 0.09500606 -1.28755045 -0.03528538
v 0.09147852 -1.29075193 -0.05635212
v 0.10234345 -1.29159641 -0.06163218
v 0.11535207 -1.29046845 -0.06485106
v 0.12475532 -1.28876388 -0.06917271
v 0.11931752 -1.28952527 -0.08634480
v 0.11016035 -1.29075611 -0.08133243
v 0.09848893 -1.29188716 -0.07779250
v 0.08940016 -1.29199612 -0.07276345
v 0.11472306 -1.28978050 -0.09612855
v 0.10076770 -1.28990769 -0.10696868
v 0.10902732 -1.28978515 -0.10340849
v 0.09271935 -1.29081988 -0.10423267
v 0.08963344 -1.29171860 -0.09433073
v 0.08889067 -1.29218638 -0.08396356
v 0.09724064 -1.29167080 -0.08696719
v 0.09654839 -1.29131317 -0.09442417
v 0.10702131 -1.29057729 -0.09059020
v -0.06272262 0.25310692 -0.01353344
v -0.02092880 0.26031572 0.08207262
v -0.01592038 0.26254749 0.08439890
v 0.10423651 -1.29039800 -0.09736872
v 0.09655270 -1.29085398 -0.10031430
v -0.01103860 0.26338142 0.08749544
v -0.00724763 0.26374733 0.08985054
v -0.00352931 0.26351592 0.09133586
v 0.10071772 -1.29032493 -0.10167126
v 0.12371308 -1.22527707 -0.03825510
v 0.09586136 -0.87894791 0.00901622
v 0.08107369 -0.87629068 0.00463992
v 0.00000455 0.16723548 0.03750673
v -0.00000048 0.33258650 0.08074594
v 0.00000406 0.17356636 0.04081833
v 0.00000115 0.23057564 0.07471007
v -0.00000228 0.41814730 0.00117890
v 0.00000154 0.22304446 0.09094980
v 0.00000097 0.23549582 0.07696416
v 0.00000081 0.29269370 0.10059902
v 0.00000132 0.22790323 0.08933198
v 0.00000100 0.23885293 0.09206872
v 0.00000072 0.24443017 0.09030386
v -0.00000172 0.36969796 0.07104167
v 0.00000084 0.24203430 0.09175684
v 0.00000026 0.26582837 0.09162521
v 0.00000092 0.28887162 0.10405808
v 0.00000066 0.24580708 0.08880337
v -0.00000121 0.23737551 -0.07645743
v 0.00000114 0.23538084 0.09088206
v 0.00000069 0.24196686 0.08142528
v 0.00000059 0.24559788 0.08677877
v 0.00000061 0.24981177 0.07559712
v 0.00000030 0.26309890 0.09125947
v 0.00000072 0.30939135 0.08670125
v -0.00000075 0.27189758 -0.10361989
v 0.00000074 0.30647635 0.08913726
v -0.00000202 0.39488772 0.05272105
v -0.00000176 0.37999237 0.06509019
v 0.00000080 0.29645616 0.09739712
v -0.00000234 0.33307210 -0.12556471
v -0.00000196 0.35201937 -0.12495307
v -0.00000115 0.35225016 0.07658844
v -0.00000201 0.41500479 -0.06333783
v 0.00000104 0.28509733 0.10656036
v 0.00000031 0.27085468 0.09728339
v -0.00000225 0.41148931 0.02676389
v -0.00000123 0.30006415 -0.11587003
v -0.00000184 0.40269870 -0.08837157
v 0.00000070 0.24762805 0.09102533
v -0.00000231 0.41530144 0.01453268
v 0.00000072 0.24602646 0.08818779
v 0.00000073 0.27470583 0.10447517
v -0.00000157 0.28512767 -0.10998599
v -0.00000094 0.31301385 -0.12025487
v 0.00000033 0.25691608 0.09167504
v 0.00000033 0.26056266 0.09105154
v -0.00000193 0.41024634 -0.07633973
v -0.00000071 0.33917177 0.07981627
v 0.00000043 0.25480855 0.09279155
v 0.00000057 0.31802657 0.08160593
v 0.00000065 0.25225040 0.09334940
v 0.00000502 0.16130655 0.03441983
v -0.00000103 0.37832987 -0.10958036
v 0.00000068 0.24980183 0.09235314
v 0.00000065 0.24713600 0.08311364
v 0.00000078 0.30008900 0.09432680
v 0.00000064 0.24838698 0.07863414
v -0.00000142 0.35987994 0.07447841
v 0.00000025 0.26837316 0.09303382
v 0.00000027 0.26906636 0.09366336
v 0.00000074 0.31507301 0.08270586
v -0.00000179 0.38783318 0.05911904
v 0.00000032 0.32090649 0.08122170
v 0.00000027 0.26758888 0.09239931
v -0.00000132 0.36800563 -0.11702774
v -0.00000222 0.41936895 -0.04557866
v -0.00000228 0.42049733 -0.03214107
v 0.00000078 0.31209883 0.08437955
v 0.00000077 0.30356553 0.09149116
v -0.00000123 0.23000291 -0.07348199
v 0.00000095 0.27826846 0.10686996
v 0.00000103 0.28124872 0.10743983
v -0.00000216 0.40663064 0.03723133
v -0.00000055 0.26277268 -0.09757064
v -0.00000223 0.42012370 -0.01457827
v -0.00000214 0.40111443 0.04574123
v -0.00000104 0.24666728 -0.08468031
v -0.00000137 0.25558823 -0.09267232
v 0.00000058 0.27335906 0.10286303
v -0.00000000 0.32440206 0.08105336
v 0.00000041 0.27181751 0.09983839
v -0.00000139 0.39294615 -0.09912024
v 0.00000028 0.26992735 0.09510082
v 0.11277352 -0.87657869 0.00953735
v 0.14284833 -0.45859382 0.09029459
v 0.08302592 -0.22263604 0.10616637
v 0.08660404 -0.17927280 0.10255439
v 0.08422070 -0.20118810 0.10407493
v 0.14448647 -0.48920009 0.09203277
v 0.13504133 -0.15428793 0.05230322
v 0.11579885 0.00388499 0.09464730
v 0.00647149 0.28244400 0.08605855
v 0.06628305 0.25492257 0.02172273
v 0.06548709 0.24709986 0.01491346
v 0.06200547 0.23628469 0.02207824
v 0.06348111 0.24496603 0.02950297
v 0.05713073 0.22636017 0.03000986
v 0.06045155 0.23652521 0.03558283
v 0.05170045 0.21831262 0.03912090
v 0.05625186 0.22871445 0.04274040
v -0.00430724 0.27450615 0.10198759
v -0.00330458 0.27293602 0.09957390
v 0.04702004 0.21364367 0.04901135
v 0.05176752 0.22382484 0.05097584
v -0.01531149 0.30970207 0.06622416
v -0.00805320 0.27168164 0.08981325
v -0.00652690 0.29386666 0.09381285
v -0.01395064 0.30979845 0.06675187
v 0.03249461 0.21091822 0.06983404
v 0.03061865 0.20565978 0.06679216
v 0.02411507 0.20331055 0.07381865
v 0.02501953 0.20741995 0.07751033
v -0.01015752 0.27190396 0.08840933
v 0.01707947 0.20137236 0.08028886
v 0.01792434 0.20519868 0.08404221
v 0.00930432 0.20049968 0.08400571
v 0.00949114 0.20401844 0.08810771
v -0.00618779 0.30057833 0.08847093
v -0.00800593 0.30886149 0.07612091
v 0.00891981 0.21337321 0.09152654
v 0.00938196 0.20856033 0.09068300
v -0.00633352 0.29724464 0.09127060
v -0.01502899 0.27452919 0.08872642
v -0.01356090 0.27189934 0.08758301
v -0.00661321 0.28058702 0.10398665
v -0.00740749 0.28336656 0.10271685
v 0.01647789 0.21419121 0.08753635
v -0.00744088 0.27731624 0.10241526
v -0.00483672 0.27569810 0.10298405
v 0.01761259 0.20927794 0.08630208
v -0.01693070 0.30966973 0.06664179
v -0.02746510 0.31117406 0.06046903
v -0.00593582 0.27855507 0.10402921
v -0.00318575 0.27655110 0.10482366
v -0.02017469 0.31063929 0.06434348
v -0.01629960 0.30966535 0.06647592
v -0.01141030 0.27889168 0.09733322
v -0.00666194 0.30792329 0.08030494
v 0.02292882 0.21654481 0.08205229
v 0.02450591 0.21177626 0.08017482
v 0.03062757 0.22077456 0.07507934
v 0.03239242 0.21575300 0.07259018
v -0.01385836 0.27723518 0.09299604
v 0.03677206 0.22607195 0.07103492
v 0.03971131 0.22277421 0.06709866
v 0.00824480 0.19735673 0.07808584
v -0.01781378 0.30985528 0.06656979
v -0.01838490 0.31007233 0.06637643
v -0.00707340 0.29023594 0.09689201
v 0.01529966 0.19807768 0.07470466
v 0.02184629 0.19938424 0.06940793
v 0.02734264 0.20081262 0.06304360
v 0.04037026 0.21081007 0.05848099
v -0.02264936 0.31091341 0.06454661
v -0.00301442 0.27127558 0.09480845
v -0.00974947 0.27824140 0.09979475
v -0.00847903 0.27771229 0.10129320
v -0.00349976 0.27073464 0.09285374
v 0.03366809 0.20273855 0.05511151
v 0.04129082 0.20676027 0.04671469
v -0.01170622 0.30953097 0.06922440
v 0.04673610 0.21126121 0.03593700
v -0.00635922 0.30583382 0.08372171
v -0.00629186 0.30329001 0.08641683
v 0.05336626 0.21991609 0.02531869
v 0.05984237 0.23065567 0.01547758
v -0.00291365 0.27204454 0.09716248
v 0.06379835 0.24242465 0.00779163
v 0.06720395 0.25479588 0.00946026
v 0.01547277 0.21859144 0.08737149
v 0.00840968 0.21803580 0.09099203
v 0.02157049 0.22041790 0.08263151
v -0.00759063 0.28669050 0.10028931
v 0.02844074 0.22484334 0.07691798
v 0.03369453 0.22967397 0.07374908
v 0.03857199 0.24136357 0.07278256
v -0.00585955 0.27135023 0.09130698
v 0.03727097 0.23522492 0.07265016
v 0.03698709 0.25372267 0.07543585
v 0.03831785 0.24769045 0.07383189
v 0.04490683 0.26043668 0.07108142
v 0.04654244 0.25167379 0.06800880
v 0.04242872 0.24914746 0.07119232
v 0.00000089 0.27628776 0.10580236
v -0.00532652 0.27694628 0.10361458
v 0.04107412 0.25661016 0.07340740
v 0.04842136 0.26596442 0.06830651
v 0.05053538 0.25594714 0.06433804
v 0.00727672 0.19452122 0.07294140
v -0.02936684 0.32420695 0.07191957
v -0.02944234 0.32165113 0.07017397
v 0.01343133 0.19502693 0.06967910
v 0.01896858 0.19540253 0.06447851
v 0.02319128 0.19563727 0.05814210
v 0.02795082 0.19640701 0.05079947
v 0.03379776 0.19835840 0.04236092
v 0.04075698 0.20291211 0.03230405
v -0.02228937 0.32780525 0.07600930
v -0.00451994 0.32837984 0.08035590
v -0.00953149 0.32846096 0.07942638
v 0.04911096 0.21199475 0.02080577
v -0.02964308 0.31760693 0.06852642
v -0.02985398 0.31573257 0.06720358
v -0.02927166 0.31950194 0.06853899
v -0.02994020 0.31609470 0.06870047
v -0.02991643 0.31679469 0.06909157
v 0.05767170 0.22568651 0.00976558
v -0.02905652 0.31882921 0.06755879
v 0.06204757 0.23820370 0.00195521
v -0.02912933 0.31866431 0.06747010
v 0.02034673 0.18793508 0.04485455
v -0.02732177 0.32680413 0.07375678
v 0.01644261 0.18891923 0.05123594
v 0.01304413 0.19005506 0.05651856
v -0.02928219 0.31831831 0.06780268
v -0.03002419 0.31526545 0.06544775
v 0.00996727 0.19078532 0.06083753
v -0.03086281 0.31334484 0.06094069
v 0.00578080 0.18956982 0.06024805
v -0.00000027 0.32838866 0.08088509
v -0.02094766 0.33918136 0.07794152
v -0.05080179 0.33723810 0.05751549
v 0.00524995 0.18596204 0.05246346
v -0.05389738 0.33161980 0.05501750
v 0.00759677 0.18295485 0.04779544
v -0.04757126 0.29583526 0.06217390
v -0.05010144 0.29677182 0.05970894
v -0.01820574 0.33285254 0.07920065
v 0.00951957 0.17988186 0.04391783
v 0.04110074 0.23315310 0.06948260
v 0.04488999 0.23205024 0.06521915
v 0.04676194 0.24202633 0.06563875
v 0.05108149 0.24480450 0.06089043
v -0.02648859 0.35929438 0.06956492
v -0.03104263 0.40554592 0.02001329
v -0.02469677 0.35192418 0.07273600
v -0.03891758 0.34369171 0.06734756
v 0.04940484 0.23268035 0.05959681
v -0.03128104 0.40141934 0.02940077
v 0.04264710 0.24111478 0.06969003
v 0.05479316 0.23602928 0.05245717
v 0.05560215 0.24921246 0.05539153
v 0.05443192 0.26153970 0.06031416
v 0.05888678 0.25447813 0.05050392
v -0.04617226 0.34193751 0.06152611
v 0.05877119 0.24161136 0.04547334
v -0.05473785 0.30173784 0.05259576
v -0.00628034 0.34540251 0.07831784
v -0.05630791 0.30721575 0.04998823
v 0.05795190 0.26577446 0.05585830
v -0.01425609 0.34536323 0.07765128
v -0.02728328 0.41345152 -0.04389124
v 0.06086659 0.26977760 0.05162743
v 0.06118700 0.25920790 0.04625417
v 0.06126383 0.24774578 0.04081324
v 0.04368075 0.21959743 0.06104627
v -0.01305845 0.32424212 0.07682671
v 0.06324082 0.25386095 0.03558727
v -0.03795717 0.29659551 0.06714565
v -0.04096478 0.29617029 0.06591322
v 0.06315040 0.27390596 0.04725639
v -0.03092033 0.41300756 -0.03242700
v -0.05374442 0.29943830 0.05482810
v -0.03007742 0.37774172 0.05839097
v -0.00939139 0.31742913 0.07451720
v -0.01080305 0.32048818 0.07484712
v -0.03078439 0.38478985 0.05155089
v 0.06314907 0.26423874 0.04137432
v 0.06540399 0.27943355 0.04172434
v 0.06575394 0.27013946 0.03366328
v -0.03123050 0.39117941 0.04478824
v 0.06582154 0.26154923 0.02725840
v 0.06864807 0.26307926 0.01306343
v -0.03118608 0.40889812 0.00898150
v -0.02107574 0.29966539 0.06957930
v 0.06272211 0.25310928 -0.01353152
v 0.02092911 0.26031625 0.08207390
v 0.01592072 0.26254785 0.08439988
v -0.05616927 0.32532841 0.05275449
v -0.05719346 0.31882507 0.05110040
v -0.03151595 0.41273022 -0.01833939
v -0.03060607 0.29745281 0.06902505
v -0.05707650 0.31284103 0.05018351
v -0.01565401 0.41565827 -0.05226250
v 0.01103904 0.26338175 0.08749635
v -0.05232695 0.29782116 0.05724853
v 0.00724829 0.26374748 0.08985136
v 0.00352996 0.26351595 0.09133641
v -0.03148783 0.34476042 0.07183955
v -0.03442256 0.29690978 0.06814166
v -0.00878747 0.31428441 0.07382880
v -0.01645141 0.30184168 0.06986665
v -0.01318060 0.30468425 0.07048922
v -0.03131686 0.39663002 0.03755308
v -0.01075696 0.30748603 0.07159273
v -0.00904315 0.31092665 0.07311270
v -0.02575489 0.29820329 0.06965106
v -0.02851263 0.36848158 0.06517535
v -0.03123051 0.41136122 -0.00402420
v -0.04430263 0.29593897 0.06417431
v -0.00000207 0.41704988 -0.05534488
v -0.00000091 0.34535101 0.07836788
v -0.00969821 0.30916873 0.07252698
v -0.01557915 0.32831419 0.07807687
v -0.02298302 0.34521899 0.07562707
v 0.00000127 0.23184197 0.08965300
v -0.02628832 0.24969611 0.08005898
v -0.02772013 0.24748021 0.07870795
v -0.02728721 0.24124937 0.07715433
v -0.01897644 0.25513405 0.08489218
v -0.02337071 0.25222996 0.08205484
v -0.01779866 0.23410876 0.08418117
v -0.02829426 0.24541701 0.07777647
v -0.01235900 0.23272736 0.08745253
v -0.02820247 0.24328314 0.07718964
v -0.00659119 0.23194019 0.08914934
v 0.00000033 0.25878119 0.09137915
v -0.00895450 0.25902277 0.09017838
v -0.00446995 0.25921795 0.09153719
v -0.01385239 0.25761774 0.08777371
v -0.02542997 0.23892359 0.07810687
v -0.02261009 0.23650225 0.08031073
v 0.00430842 0.27450618 0.10198803
v 0.00330552 0.27293611 0.09957423
v 0.01531024 0.30970231 0.06622566
v 0.00805362 0.27168176 0.08981384
v 0.00652752 0.29386693 0.09381321
v 0.01394929 0.30979869 0.06675303
v 0.01015793 0.27190414 0.08840996
v 0.00618823 0.30057853 0.08847135
v 0.00800485 0.30886158 0.07612138
v 0.00633423 0.29724491 0.09127104
v 0.01502922 0.27452940 0.08872707
v 0.01356123 0.27189955 0.08758365
v 0.00661446 0.28058740 0.10398697
v 0.00740858 0.28336695 0.10271714
v 0.00744190 0.27731657 0.10241570
v 0.00483805 0.27569813 0.10298456
v 0.01692962 0.30967018 0.06664378
v 0.02746396 0.31117472 0.06047142
v 0.00593719 0.27855533 0.10402965
v 0.00318747 0.27655104 0.10482419
v 0.02017373 0.31063971 0.06434593
v 0.01629843 0.30966568 0.06647767
v 0.01141051 0.27889207 0.09733360
v 0.00666156 0.30792332 0.08030541
v 0.01385852 0.27723542 0.09299648
v 0.01781270 0.30985573 0.06657193
v 0.01838390 0.31007275 0.06637868
v 0.00707385 0.29023618 0.09689236
v 0.02264829 0.31091389 0.06454904
v 0.00301492 0.27127582 0.09480862
v 0.00974990 0.27824184 0.09979511
v 0.00847971 0.27771270 0.10129359
v 0.00350023 0.27073485 0.09285402
v 0.01170458 0.30953100 0.06922483
v 0.00635947 0.30583400 0.08372227
v 0.00629253 0.30329025 0.08641729
v 0.00291434 0.27204478 0.09716271
v 0.00759143 0.28669086 0.10028958
v 0.00586001 0.27135044 0.09130744
v 0.00532792 0.27694643 0.10361508
v 0.02936539 0.32420793 0.07192168
v 0.02944093 0.32165205 0.07017612
v 0.02228802 0.32780620 0.07601131
v 0.00451918 0.32838020 0.08035634
v 0.00953040 0.32846153 0.07942732
v 0.02964168 0.31760767 0.06852867
v 0.02985266 0.31573334 0.06720597
v 0.02927032 0.31950286 0.06854135
v 0.02993886 0.31609541 0.06870290
v 0.02991506 0.31679535 0.06909388
v 0.02905520 0.31883001 0.06756113
v 0.02912800 0.31866512 0.06747244
v 0.02732033 0.32680517 0.07375900
v 0.02928082 0.31831914 0.06780504
v 0.03002285 0.31526628 0.06545009
v 0.03086153 0.31334567 0.06094305
v 0.02094600 0.33918202 0.07794372
v 0.05079950 0.33723935 0.05751852
v 0.05389490 0.33162114 0.05502030
v 0.04757131 0.29583675 0.06217754
v 0.05010144 0.29677340 0.05971263
v 0.01820441 0.33285320 0.07920279
v 0.02648576 0.35929522 0.06956667
v 0.03103785 0.40554664 0.02001409
v 0.02469436 0.35192490 0.07273780
v 0.03891498 0.34369263 0.06734991
v 0.03127638 0.40142012 0.02940170
v 0.04616993 0.34193859 0.06152879
v 0.05473788 0.30173942 0.05259950
v 0.00627843 0.34540275 0.07831886
v 0.05630755 0.30721733 0.04999198
v 0.01425420 0.34536362 0.07765300
v 0.02727899 0.41345257 -0.04389032
v 0.01305730 0.32424280 0.07682787
v 0.03795688 0.29659662 0.06714881
v 0.04096458 0.29617152 0.06591645
v 0.03091596 0.41300872 -0.03242606
v 0.05374450 0.29944003 0.05483175
v 0.03007366 0.37774298 0.05839280
v 0.00939059 0.31742984 0.07451783
v 0.01080201 0.32048890 0.07484778
v 0.03078036 0.38479099 0.05155251
v 0.03122638 0.39118046 0.04478991
v 0.03118108 0.40889829 0.00898216
v 0.02107487 0.29966581 0.06958067
v 0.05616693 0.32532978 0.05275737
v 0.05719168 0.31882641 0.05110325
v 0.03151136 0.41273105 -0.01833851
v 0.03060568 0.29745346 0.06902751
v 0.05707543 0.31284255 0.05018688
v 0.01564974 0.41565877 -0.05226186
v 0.05232700 0.29782277 0.05725226
v 0.03148539 0.34476113 0.07184163
v 0.03442219 0.29691070 0.06814455
v 0.00878627 0.31428492 0.07382906
v 0.01645041 0.30184186 0.06986772
v 0.01317939 0.30468422 0.07049015
v 0.03131239 0.39663067 0.03755433
v 0.01075552 0.30748597 0.07159331
v 0.00904166 0.31092691 0.07311290
v 0.02575401 0.29820386 0.06965278
v 0.02850917 0.36848265 0.06517676
v 0.03122561 0.41136160 -0.00402344
v 0.04430253 0.29594028 0.06417768
v 0.00969667 0.30916876 0.07252738
v 0.01557794 0.32831481 0.07807855
v 0.02298101 0.34521964 0.07562888
v 0.02628922 0.24969706 0.08006049
v 0.02772117 0.24748133 0.07870961
v 0.02728860 0.24125080 0.07715625
v 0.01897728 0.25513443 0.08489328
v 0.02337153 0.25223058 0.08205603
v 0.01780038 0.23410995 0.08418196
v 0.02829534 0.24541831 0.07777814
v 0.01236128 0.23272824 0.08745349
v 0.02820375 0.24328451 0.07719155
v 0.00659341 0.23194057 0.08915048
v 0.00895530 0.25902301 0.09017927
v 0.00447060 0.25921819 0.09153786
v 0.01385309 0.25761807 0.08777462
v 0.02543151 0.23892508 0.07810836
v 0.02261171 0.23650363 0.08031181
v 0.03108446 0.31157801 0.05547154
v -0.03108574 0.31157723 0.05546922
v 0.02922788 0.31181365 0.06854088
v 0.02767647 0.31179598 0.06804126
v 0.02625236 0.31176767 0.06725187
v 0.02506404 0.31173173 0.06624437
v 0.02926096 0.31212807 0.06853044
v 0.02773903 0.31241399 0.06802031
v 0.02634313 0.31266409 0.06722198
v 0.02517995 0.31286198 0.06620567
v 0.02935323 0.31243172 0.06852178
v 0.02792205 0.31300682 0.06800243
v 0.02660860 0.31352580 0.06719630
v 0.02551407 0.31394780 0.06617337
v 0.02950344 0.31271008 0.06851467
v 0.02821736 0.31355426 0.06798945
v 0.02703737 0.31432012 0.06717674
v 0.02605482 0.31494924 0.06614824
v 0.02970671 0.31295413 0.06850989
v 0.02861495 0.31403339 0.06797999
v 0.02761391 0.31501633 0.06716307
v 0.02678119 0.31582797 0.06613152
v 0.02995255 0.31315562 0.06850773
v 0.02909757 0.31442726 0.06797535
v 0.02831554 0.31558794 0.06715598
v 0.02766693 0.31654811 0.06612267
v 0.03023326 0.31330463 0.06850795
v 0.02964894 0.31471974 0.06797572
v 0.02911556 0.31601253 0.06715661
v 0.02867543 0.31708387 0.06612352
v 0.03053836 0.31339705 0.06851110
v 0.03024597 0.31490073 0.06798140
v 0.02998306 0.31627485 0.06716497
v 0.02976877 0.31741369 0.06613321
v 0.03085514 0.31342784 0.06851547
v 0.03086753 0.31496143 0.06799097
v 0.03088513 0.31636307 0.06717927
v 0.03090619 0.31752625 0.06615229
v 0.03117095 0.31339726 0.06852337
v 0.03148892 0.31490088 0.06800590
v 0.03178674 0.31627524 0.06720065
v 0.03204275 0.31741470 0.06617824
v 0.03147632 0.31330478 0.06853236
v 0.03208493 0.31472111 0.06802382
v 0.03265294 0.31601414 0.06722683
v 0.03313430 0.31708595 0.06621172
v 0.03175634 0.31315655 0.06854328
v 0.03263470 0.31442863 0.06804530
v 0.03345104 0.31559035 0.06725755
v 0.03414071 0.31655121 0.06625102
v 0.03200119 0.31295544 0.06855489
v 0.03311574 0.31403530 0.06806857
v 0.03414971 0.31501919 0.06729211
v 0.03502351 0.31583166 0.06629446
v 0.03220333 0.31271163 0.06856783
v 0.03351069 0.31355670 0.06809401
v 0.03472273 0.31432381 0.06732819
v 0.03574567 0.31495330 0.06633972
v 0.03235218 0.31243289 0.06858079
v 0.03380330 0.31300941 0.06811851
v 0.03514808 0.31352973 0.06736456
v 0.03628206 0.31395200 0.06638614
v 0.03244437 0.31212991 0.06859340
v 0.03398408 0.31241664 0.06814343
v 0.03540971 0.31266826 0.06740061
v 0.03661119 0.31286666 0.06643160
v 0.03247400 0.31181538 0.06860425
v 0.03404293 0.31179920 0.06816649
v 0.03549645 0.31177202 0.06743383
v 0.03672258 0.31173620 0.06647515
v 0.03244277 0.31150028 0.06861439
v 0.03398088 0.31118041 0.06818565
v 0.03540522 0.31087524 0.06746219
v 0.03660583 0.31060657 0.06651002
v 0.03234903 0.31119704 0.06862253
v 0.03379725 0.31058800 0.06820221
v 0.03513927 0.31001350 0.06748634
v 0.03627161 0.30951983 0.06654067
v 0.03219882 0.31091818 0.06862925
v 0.03350180 0.31004032 0.06821534
v 0.03471035 0.30921900 0.06750556
v 0.03572983 0.30851859 0.06656441
v 0.03199565 0.31067425 0.06863395
v 0.03310482 0.30956164 0.06822404
v 0.03413424 0.30852285 0.06751820
v 0.03500379 0.30763939 0.06658126
v 0.03174978 0.31047329 0.06863545
v 0.03262229 0.30916786 0.06822800
v 0.03343268 0.30795154 0.06752463
v 0.03411809 0.30691904 0.06658845
v 0.03146920 0.31032383 0.06863593
v 0.03207101 0.30887488 0.06822777
v 0.03263240 0.30752668 0.06752411
v 0.03310939 0.30638352 0.06658771
v 0.03116382 0.31023180 0.06863293
v 0.03147428 0.30869403 0.06822263
v 0.03176557 0.30726421 0.06751636
v 0.03201650 0.30605364 0.06657790
v 0.03084768 0.31020078 0.06862753
v 0.03085283 0.30863312 0.06821299
v 0.03086335 0.30717576 0.06750217
v 0.03087886 0.30594084 0.06655993
v 0.03053161 0.31023133 0.06862073
v 0.03023168 0.30869323 0.06819858
v 0.02996229 0.30726328 0.06748154
v 0.02974251 0.30605254 0.06653372
v 0.03022663 0.31032330 0.06861175
v 0.02963584 0.30887339 0.06818082
v 0.02909579 0.30752474 0.06745557
v 0.02865114 0.30638075 0.06650069
v 0.02994679 0.31047145 0.06860131
v 0.02908579 0.30916524 0.06816005
v 0.02829819 0.30794847 0.06742498
v 0.02764487 0.30691582 0.06646217
v 0.02970183 0.31067267 0.06858931
v 0.02860501 0.30955866 0.06813673
v 0.02759931 0.30851915 0.06739102
v 0.02676252 0.30763459 0.06642017
v 0.02949983 0.31091663 0.06857679
v 0.02821002 0.31003773 0.06811220
v 0.02702645 0.30921489 0.06735550
v 0.02604040 0.30851322 0.06637508
v 0.03084846 0.31181926 0.06873006
v 0.02935118 0.31119695 0.06856417
v 0.02791695 0.31058466 0.06808752
v 0.02660108 0.31000879 0.06731954
v 0.02550367 0.30951422 0.06632948
v 0.02925959 0.31149957 0.06855283
v 0.02773673 0.31117874 0.06806368
v 0.02633939 0.31087172 0.06728517
v 0.02517508 0.31060189 0.06628548
v 0.02390405 0.31170040 0.06537535
v 0.02211259 0.31164724 0.06390484
v 0.02059576 0.31157824 0.06199941
v 0.01948330 0.31149945 0.05983768
v 0.01881792 0.31141421 0.05750113
v 0.01862301 0.31132570 0.05508261
v 0.01890842 0.31123823 0.05267321
v 0.01966118 0.31115413 0.05036617
v 0.02085373 0.31107673 0.04824892
v 0.02244032 0.31100956 0.04640457
v 0.02435870 0.31095406 0.04490236
v 0.02653727 0.31091368 0.04380105
v 0.02888992 0.31088912 0.04314357
v 0.02404209 0.31305891 0.06532916
v 0.02228613 0.31335786 0.06384746
v 0.02080048 0.31359011 0.06193162
v 0.01970963 0.31373435 0.05976262
v 0.01905777 0.31378695 0.05742152
v 0.01886880 0.31374529 0.05500124
v 0.01914830 0.31361058 0.05259363
v 0.01988738 0.31338942 0.05029133
v 0.02105775 0.31308877 0.04818115
v 0.02261387 0.31271961 0.04634688
v 0.02449560 0.31229845 0.04485725
v 0.02662996 0.31183982 0.04377018
v 0.02893775 0.31136125 0.04312791
v 0.02444445 0.31436518 0.06529035
v 0.02279198 0.31500417 0.06379867
v 0.02139552 0.31552458 0.06187449
v 0.02037140 0.31588402 0.05969783
v 0.01975953 0.31607014 0.05735435
v 0.01958347 0.31607285 0.05493254
v 0.01984959 0.31589389 0.05252619
v 0.02054895 0.31553879 0.05022746
v 0.02165301 0.31502330 0.04812435
v 0.02311928 0.31436577 0.04629864
v 0.02489240 0.31359074 0.04481919
v 0.02690438 0.31273001 0.04374364
v 0.02907746 0.31181487 0.04311471
v 0.02509368 0.31556892 0.06526055
v 0.02361077 0.31652033 0.06376034
v 0.02235839 0.31730804 0.06182978
v 0.02144155 0.31786546 0.05964845
v 0.02089537 0.31817266 0.05730182
v 0.02074150 0.31821683 0.05487894
v 0.02098570 0.31799629 0.05247366
v 0.02161848 0.31752065 0.05017813
v 0.02261517 0.31680620 0.04807970
v 0.02393738 0.31588250 0.04626108
v 0.02553538 0.31478304 0.04478916
v 0.02734711 0.31355017 0.04372369
v 0.02930278 0.31223351 0.04310404
v 0.02596733 0.31662440 0.06523957
v 0.02471145 0.31784904 0.06373417
v 0.02365188 0.31887072 0.06179936
v 0.02287894 0.31960225 0.05961492
v 0.02242186 0.32001618 0.05726591
v 0.02229778 0.32009667 0.05484290
v 0.02251195 0.31984025 0.05243813
v 0.02305569 0.31925696 0.05014469
v 0.02390831 0.31836972 0.04804954
v 0.02503807 0.31721142 0.04623547
v 0.02639962 0.31582725 0.04476922
v 0.02794209 0.31427023 0.04370981
v 0.02960647 0.31259981 0.04309705
v 0.02703088 0.31749034 0.06522970
v 0.02605074 0.31894040 0.06372191
v 0.02522674 0.32015327 0.06178471
v 0.02462875 0.32102802 0.05959844
v 0.02427951 0.32153007 0.05724860
v 0.02419139 0.32164019 0.05482502
v 0.02436958 0.32135373 0.05242053
v 0.02480526 0.32068253 0.05012847
v 0.02548305 0.31965220 0.04803516
v 0.02637653 0.31830248 0.04622291
v 0.02745145 0.31668395 0.04475930
v 0.02866767 0.31486034 0.04370300
v 0.02997553 0.31290144 0.04309392
v 0.02824345 0.31813335 0.06522999
v 0.02757798 0.31975108 0.06372270
v 0.02702242 0.32110694 0.06178601
v 0.02662412 0.32208744 0.05959979
v 0.02639661 0.32265490 0.05725066
v 0.02635128 0.32278687 0.05482662
v 0.02648630 0.32247910 0.05242263
v 0.02680026 0.32174236 0.05012989
v 0.02727830 0.32060584 0.04803648
v 0.02790345 0.31911314 0.04622383
v 0.02865198 0.31732136 0.04476060
v 0.02949349 0.31529927 0.04370344
v 0.03039658 0.31312442 0.04309392
v 0.02955807 0.31853056 0.06524149
v 0.02923492 0.32025039 0.06373759
v 0.02896987 0.32169500 0.06180323
v 0.02878806 0.32274070 0.05961921
v 0.02869416 0.32334781 0.05727089
v 0.02869274 0.32349291 0.05484764
v 0.02878390 0.32317233 0.05244296
v 0.02896401 0.32239550 0.05014958
v 0.02922557 0.32119358 0.04805372
v 0.02956005 0.31961274 0.04623884
v 0.02995238 0.31771341 0.04477203
v 0.03038957 0.31557038 0.04371129
v 0.03085404 0.31326216 0.04309805
v 0.03092496 0.31866470 0.06526430
v 0.03095591 0.32041979 0.06376598
v 0.03099419 0.32189384 0.06183618
v 0.03103658 0.32296181 0.05965560
v 0.03108128 0.32358196 0.05730960
v 0.03112660 0.32373220 0.05488706
v 0.03117105 0.32340610 0.05248158
v 0.03121244 0.32261673 0.05018571
v 0.03124951 0.32139286 0.04808666
v 0.03128075 0.31978175 0.04626675
v 0.03130499 0.31784695 0.04479417
v 0.03132088 0.31566170 0.04372661
v 0.03132851 0.31330904 0.04310552
v 0.03229131 0.31853157 0.06529560
v 0.03267598 0.32025206 0.06380548
v 0.03301769 0.32169640 0.06188307
v 0.03328407 0.32274261 0.05970776
v 0.03346747 0.32335022 0.05736496
v 0.03355981 0.32349536 0.05494360
v 0.03355704 0.32317403 0.05253701
v 0.03345981 0.32239765 0.05023824
v 0.03327271 0.32119542 0.04813352
v 0.03300068 0.31961405 0.04630650
v 0.03265661 0.31771502 0.04482541
v 0.03225252 0.31557089 0.04374803
v 0.03180351 0.31326300 0.04311664
v 0.03360420 0.31813595 0.06533585
v 0.03433043 0.31975436 0.06385586
v 0.03496246 0.32111046 0.06194266
v 0.03544505 0.32209137 0.05977363
v 0.03576181 0.32265946 0.05743491
v 0.03589906 0.32279158 0.05501485
v 0.03585135 0.32248330 0.05260726
v 0.03562063 0.32174638 0.05030365
v 0.03521681 0.32060963 0.04819293
v 0.03465477 0.31911620 0.04635696
v 0.03395556 0.31732377 0.04486515
v 0.03314744 0.31530079 0.04377542
v 0.03225960 0.31312531 0.04313064
v 0.03481377 0.31749412 0.06538317
v 0.03585431 0.31894490 0.06391534
v 0.03675361 0.32015887 0.06201206
v 0.03743562 0.32103390 0.05985091
v 0.03787339 0.32153609 0.05751654
v 0.03805232 0.32164642 0.05509838
v 0.03796268 0.32136017 0.05268849
v 0.03761083 0.32068828 0.05038079
v 0.03700801 0.31965762 0.04826216
v 0.03617825 0.31830689 0.04641603
v 0.03515258 0.31668800 0.04491104
v 0.03397125 0.31486326 0.04380737
v 0.03268036 0.31290230 0.04314729
v 0.03587339 0.31662861 0.06543504
v 0.03718830 0.31785497 0.06398045
v 0.03832258 0.31887755 0.06208858
v 0.03917899 0.31961006 0.05993618
v 0.03972464 0.32002422 0.05760698
v 0.03993918 0.32010466 0.05519080
v 0.03981353 0.31984824 0.05277910
v 0.03935388 0.31926459 0.05046593
v 0.03857645 0.31837642 0.04833855
v 0.03751169 0.31721675 0.04648109
v 0.03620063 0.31583175 0.04496219
v 0.03469356 0.31427336 0.04384273
v 0.03304729 0.31260127 0.04316499
v 0.03674208 0.31557435 0.06549020
v 0.03828331 0.31652689 0.06404988
v 0.03960907 0.31731555 0.06216985
v 0.04060843 0.31787467 0.06002638
v 0.04124247 0.31818157 0.05770317
v 0.04148693 0.31822637 0.05528808
v 0.04133169 0.31800550 0.05287480
v 0.04078301 0.31752932 0.05055571
v 0.03986226 0.31681442 0.04841956
v 0.03860602 0.31588870 0.04655006
v 0.03706003 0.31478804 0.04501619
v 0.03528571 0.31355378 0.04388011
v 0.03334969 0.31223539 0.04318377
v 0.03738598 0.31437123 0.06554558
v 0.03909533 0.31501144 0.06412043
v 0.04056362 0.31553364 0.06225291
v 0.04166941 0.31589422 0.06011841
v 0.04236867 0.31608018 0.05780034
v 0.04263485 0.31608227 0.05538721
v 0.04245787 0.31590432 0.05297191
v 0.04184341 0.31554854 0.05064727
v 0.04081678 0.31503212 0.04850191
v 0.03941733 0.31437314 0.04661986
v 0.03769786 0.31359664 0.04507108
v 0.03572416 0.31273395 0.04391732
v 0.03357340 0.31181684 0.04320339
v 0.03778287 0.31306574 0.06560071
v 0.03959482 0.31336555 0.06419031
v 0.04115071 0.31359926 0.06233371
v 0.04232164 0.31374472 0.06020973
v 0.04306025 0.31379807 0.05789525
v 0.04333863 0.31375688 0.05548394
v 0.04314882 0.31362206 0.05306688
v 0.04249499 0.31339931 0.05073679
v 0.04140260 0.31309816 0.04858213
v 0.03991475 0.31272745 0.04668782
v 0.03808842 0.31230509 0.04512506
v 0.03599443 0.31184414 0.04395466
v 0.03371065 0.31136307 0.04322193
v 0.03791590 0.31170607 0.06565395
v 0.03976205 0.31165433 0.06425615
v 0.04134747 0.31158617 0.06241107
v 0.04253827 0.31150898 0.06029368
v 0.04328941 0.31142586 0.05798466
v 0.04357324 0.31133708 0.05557441
v 0.04337704 0.31124941 0.05315555
v 0.04271080 0.31116474 0.05082041
v 0.04159790 0.31108627 0.04865774
v 0.04008059 0.31101757 0.04675213
v 0.03821903 0.31096092 0.04517547
v 0.03608435 0.31091803 0.04398906
v 0.03375686 0.31089130 0.04323961
v 0.03777684 0.31034893 0.06569681
v 0.03958832 0.30994478 0.06431281
v 0.04114289 0.30957526 0.06247767
v 0.04231182 0.30927494 0.06036839
v 0.04304943 0.30905262 0.05806403
v 0.04332713 0.30891842 0.05565555
v 0.04313723 0.30887681 0.05323508
v 0.04248422 0.30892992 0.05089536
v 0.04139324 0.30907464 0.04872503
v 0.03990704 0.30930713 0.04680966
v 0.03808242 0.30961615 0.04522057
v 0.03599046 0.30999193 0.04402047
v 0.03370881 0.31041953 0.04325538
v 0.03737313 0.30904299 0.06573360
v 0.03908005 0.30829889 0.06435894
v 0.04054590 0.30764100 0.06253307
v 0.04164947 0.30712536 0.06043087
v 0.04234698 0.30677021 0.05813104
v 0.04261277 0.30659130 0.05572399
v 0.04243583 0.30659431 0.05330250
v 0.04182338 0.30678025 0.05095872
v 0.04079883 0.30714023 0.04878225
v 0.03940127 0.30766141 0.04685784
v 0.03768522 0.30832422 0.04525895
v 0.03571607 0.30910140 0.04404640
v 0.03356906 0.30996510 0.04326883
v 0.03672361 0.30783924 0.06576249
v 0.03826065 0.30678281 0.06439508
v 0.03958261 0.30585837 0.06257646
v 0.04057949 0.30514407 0.06047923
v 0.04121102 0.30466792 0.05818279
v 0.04145471 0.30444732 0.05577722
v 0.04129985 0.30449206 0.05335479
v 0.04075361 0.30479914 0.05100821
v 0.03983605 0.30535716 0.04882641
v 0.03858345 0.30614474 0.04689549
v 0.03704225 0.30713189 0.04528860
v 0.03527335 0.30828124 0.04406710
v 0.03334378 0.30954638 0.04327922
v 0.03584990 0.30678406 0.06578228
v 0.03715903 0.30545369 0.06441937
v 0.03828877 0.30429545 0.06260541
v 0.03914154 0.30340758 0.06051227
v 0.03968473 0.30282456 0.05821753
v 0.03989860 0.30256763 0.05581331
v 0.03977381 0.30264822 0.05338953
v 0.03931621 0.30306220 0.05104138
v 0.03854289 0.30379400 0.04885658
v 0.03748327 0.30481580 0.04692151
v 0.03617813 0.30608767 0.04530856
v 0.03467835 0.30756113 0.04408091
v 0.03303972 0.30918056 0.04328639
v 0.03478639 0.30591810 0.06579198
v 0.03581988 0.30436283 0.06443133
v 0.03671362 0.30301285 0.06261950
v 0.03739143 0.30198213 0.06052752
v 0.03782644 0.30131057 0.05823418
v 0.03800494 0.30102444 0.05583051
v 0.03791603 0.30113423 0.05340683
v 0.03756630 0.30163684 0.05105754
v 0.03696774 0.30251148 0.04887124
v 0.03614429 0.30372444 0.04693349
v 0.03512618 0.30523056 0.04531834
v 0.03395252 0.30697104 0.04408766
v 0.03267100 0.30887935 0.04329000
v 0.03132769 0.31088105 0.04295349
v 0.03357389 0.30527523 0.06578972
v 0.03429244 0.30355236 0.06442925
v 0.03491786 0.30205947 0.06261802
v 0.03539534 0.30092207 0.06052566
v 0.03570964 0.30018494 0.05823260
v 0.03584533 0.29987711 0.05582820
v 0.03579903 0.30000910 0.05340486
v 0.03557094 0.30057675 0.05105563
v 0.03517288 0.30155766 0.04886973
v 0.03461749 0.30291361 0.04693235
v 0.03392601 0.30459344 0.04531689
v 0.03312708 0.30653262 0.04408681
v 0.03224958 0.30865577 0.04328955
v 0.03225932 0.30487770 0.06577827
v 0.03263545 0.30305290 0.06441434
v 0.03297054 0.30147159 0.06260013
v 0.03323181 0.30026883 0.06050598
v 0.03341204 0.29949179 0.05821140
v 0.03350293 0.29917094 0.05580692
v 0.03350160 0.29931578 0.05338456
v 0.03340749 0.29992330 0.05103597
v 0.03322569 0.30096945 0.04885202
v 0.03296036 0.30241433 0.04691749
v 0.03262560 0.30420139 0.04530537
v 0.03223050 0.30626130 0.04407887
v 0.03179251 0.30851781 0.04328496
v 0.03089258 0.30474329 0.06575689
v 0.03091502 0.30288330 0.06438691
v 0.03094625 0.30127189 0.06256746
v 0.03098343 0.30004779 0.06046923
v 0.03102478 0.29925767 0.05817258
v 0.03106897 0.29893017 0.05576807
v 0.03111408 0.29908162 0.05334525
v 0.03115894 0.29970214 0.05099995
v 0.03120161 0.30077046 0.04881943
v 0.03123963 0.30224478 0.04688948
v 0.03127299 0.30406761 0.04528331
v 0.03129917 0.30617055 0.04406398
v 0.03131765 0.30847093 0.04327764
v 0.02952642 0.30487666 0.06572469
v 0.02919513 0.30305105 0.06434684
v 0.02892290 0.30146909 0.06252058
v 0.02873595 0.30026656 0.06041745
v 0.02863875 0.29948953 0.05811751
v 0.02863610 0.29916847 0.05571153
v 0.02872832 0.29931337 0.05329053
v 0.02891196 0.29992124 0.05094758
v 0.02917859 0.30096799 0.04877238
v 0.02951971 0.30241266 0.04684961
v 0.02992096 0.30419993 0.04525225
v 0.03036756 0.30626044 0.04404221
v 0.03084305 0.30851725 0.04326638
v 0.02821379 0.30527228 0.06568518
v 0.02754034 0.30354872 0.06429684
v 0.02697839 0.30205536 0.06246193
v 0.02657510 0.30091783 0.06035180
v 0.02634444 0.30018052 0.05804823
v 0.02629822 0.29987252 0.05564002
v 0.02643423 0.30000478 0.05322054
v 0.02675121 0.30057269 0.05088178
v 0.02723404 0.30155402 0.04871343
v 0.02786581 0.30291054 0.04679949
v 0.02862252 0.30459082 0.04521231
v 0.02947312 0.30653083 0.04401485
v 0.03038659 0.30865493 0.04325277
v 0.02700415 0.30591366 0.06563979
v 0.02601714 0.30435818 0.06423901
v 0.02518722 0.30300727 0.06239313
v 0.02458459 0.30197611 0.06027535
v 0.02423255 0.30130386 0.05796649
v 0.02414339 0.30101758 0.05555735
v 0.02432258 0.30112842 0.05313904
v 0.02476101 0.30163082 0.05080523
v 0.02544323 0.30250564 0.04864405
v 0.02634278 0.30372033 0.04674051
v 0.02742519 0.30522713 0.04516662
v 0.02864896 0.30696809 0.04398332
v 0.02996620 0.30887759 0.04323658
v 0.02594448 0.30677867 0.06558868
v 0.02468290 0.30544776 0.06417429
v 0.02361813 0.30428812 0.06231685
v 0.02284140 0.30339968 0.06019090
v 0.02238195 0.30281627 0.05787665
v 0.02225704 0.30255952 0.05546561
v 0.02247201 0.30264002 0.05304867
v 0.02301808 0.30305475 0.05072031
v 0.02387450 0.30378711 0.04856746
v 0.02500891 0.30481005 0.04667574
v 0.02637700 0.30608290 0.04511535
v 0.02792651 0.30755809 0.04394801
v 0.02959890 0.30917907 0.04321876
v 0.02507596 0.30783328 0.06553435
v 0.02358840 0.30677560 0.06410603
v 0.02233199 0.30584985 0.06223658
v 0.02141204 0.30513531 0.06010125
v 0.02086396 0.30465886 0.05778149
v 0.02070939 0.30443767 0.05536835
v 0.02095464 0.30448270 0.05295388
v 0.02158892 0.30478978 0.05063058
v 0.02258868 0.30534908 0.04848662
v 0.02391496 0.30613810 0.04660663
v 0.02551761 0.30712685 0.04506144
v 0.02733489 0.30827758 0.04391065
v 0.02929656 0.30954492 0.04319947
v 0.02443230 0.30903637 0.06547907
v 0.02277664 0.30829132 0.06403675
v 0.02137724 0.30763251 0.06215459
v 0.02035104 0.30711547 0.06001022
v 0.01973778 0.30675998 0.05768492
v 0.01956137 0.30658150 0.05526952
v 0.01982842 0.30658385 0.05285687
v 0.02052825 0.30677041 0.05053898
v 0.02163433 0.30713114 0.04840481
v 0.02310371 0.30765367 0.04653690
v 0.02488029 0.30831817 0.04500665
v 0.02689596 0.30909735 0.04387253
v 0.02907318 0.30996305 0.04318023
v 0.02403589 0.31034225 0.06542531
v 0.02227840 0.30993721 0.06396838
v 0.02079120 0.30956650 0.06207456
v 0.01969967 0.30926463 0.05992131
v 0.01904669 0.30904156 0.05759028
v 0.01885785 0.30890697 0.05517301
v 0.01913713 0.30886611 0.05276201
v 0.01987737 0.30891988 0.05044984
v 0.02104841 0.30906579 0.04832427
v 0.02260592 0.30929926 0.04646895
v 0.02448935 0.30960974 0.04495275
v 0.02662566 0.30998760 0.04383611
v 0.02893556 0.31041682 0.04316132
v -0.03247421 0.31181484 0.06860428
v -0.03404316 0.31179863 0.06816658
v -0.03549671 0.31177145 0.06743399
v -0.03672286 0.31173563 0.06647535
v -0.03244457 0.31212935 0.06859343
v -0.03398431 0.31241608 0.06814355
v -0.03540997 0.31266773 0.06740081
v -0.03661149 0.31286612 0.06643183
v -0.03235239 0.31243235 0.06858084
v -0.03380353 0.31300887 0.06811864
v -0.03514835 0.31352922 0.06736477
v -0.03628237 0.31395152 0.06638640
v -0.03220355 0.31271109 0.06856789
v -0.03351093 0.31355622 0.06809415
v -0.03472300 0.31432331 0.06732842
v -0.03574599 0.31495282 0.06633998
v -0.03200141 0.31295490 0.06855494
v -0.03311599 0.31403482 0.06806871
v -0.03414999 0.31501874 0.06729233
v -0.03502384 0.31583121 0.06629472
v -0.03175655 0.31315604 0.06854331
v -0.03263494 0.31442818 0.06804541
v -0.03345133 0.31558990 0.06725775
v -0.03414104 0.31655085 0.06625126
v -0.03147653 0.31330428 0.06853238
v -0.03208518 0.31472063 0.06802393
v -0.03265323 0.31601372 0.06722701
v -0.03313464 0.31708559 0.06621194
v -0.03117117 0.31339675 0.06852337
v -0.03148917 0.31490043 0.06800598
v -0.03178704 0.31627488 0.06720079
v -0.03204309 0.31741437 0.06617840
v -0.03085536 0.31342733 0.06851547
v -0.03086779 0.31496102 0.06799101
v -0.03088542 0.31636271 0.06717936
v -0.03090654 0.31752595 0.06615240
v -0.03053858 0.31339657 0.06851107
v -0.03024622 0.31490031 0.06798141
v -0.02998335 0.31627452 0.06716501
v -0.02976912 0.31741342 0.06613325
v -0.03023348 0.31330416 0.06850790
v -0.02964919 0.31471935 0.06797569
v -0.02911585 0.31601220 0.06715657
v -0.02867578 0.31708360 0.06612349
v -0.02995277 0.31315514 0.06850766
v -0.02909782 0.31442684 0.06797527
v -0.02831583 0.31558761 0.06715588
v -0.02766727 0.31654787 0.06612255
v -0.02970693 0.31295368 0.06850980
v -0.02861520 0.31403297 0.06797986
v -0.02761420 0.31501597 0.06716291
v -0.02678152 0.31582773 0.06613132
v -0.02950366 0.31270960 0.06851456
v -0.02821761 0.31355384 0.06798928
v -0.02703766 0.31431979 0.06717651
v -0.02605514 0.31494901 0.06614796
v -0.02935344 0.31243122 0.06852163
v -0.02792229 0.31300640 0.06800222
v -0.02660888 0.31352547 0.06719603
v -0.02551438 0.31394750 0.06617301
v -0.02926117 0.31212759 0.06853028
v -0.02773926 0.31241354 0.06802007
v -0.02634339 0.31266373 0.06722164
v -0.02518026 0.31286168 0.06620525
v -0.02922809 0.31181315 0.06854071
v -0.02767670 0.31179553 0.06804098
v -0.02625262 0.31176728 0.06725149
v -0.02506434 0.31173143 0.06624389
v -0.02925980 0.31149903 0.06855264
v -0.02773695 0.31117827 0.06806337
v -0.02633964 0.31087130 0.06728475
v -0.02517536 0.31060156 0.06628495
v -0.02935138 0.31119645 0.06856397
v -0.02791716 0.31058419 0.06808721
v -0.02660132 0.31000835 0.06731910
v -0.02550394 0.30951384 0.06632892
v -0.02950002 0.31091610 0.06857660
v -0.02821022 0.31003723 0.06811188
v -0.02702668 0.30921441 0.06735505
v -0.02604066 0.30851281 0.06637451
v -0.02970203 0.31067216 0.06858912
v -0.02860521 0.30955815 0.06813641
v -0.02759953 0.30851865 0.06739058
v -0.02676276 0.30763412 0.06641960
v -0.02994698 0.31047091 0.06860112
v -0.02908599 0.30916470 0.06815974
v -0.02829841 0.30794796 0.06742454
v -0.02764511 0.30691528 0.06646162
v -0.03022682 0.31032276 0.06861157
v -0.02963603 0.30887282 0.06818052
v -0.02909600 0.30752420 0.06745517
v -0.02865138 0.30638018 0.06650018
v -0.03053180 0.31023076 0.06862057
v -0.03023187 0.30869263 0.06819831
v -0.02996250 0.30726269 0.06748118
v -0.02974274 0.30605194 0.06653326
v -0.03084787 0.31020018 0.06862736
v -0.03085302 0.30863252 0.06821276
v -0.03086355 0.30717516 0.06750184
v -0.03087909 0.30594024 0.06655952
v -0.03116400 0.31023121 0.06863280
v -0.03147446 0.30869341 0.06822243
v -0.03176577 0.30726358 0.06751610
v -0.03201673 0.30605304 0.06657756
v -0.03146938 0.31032324 0.06863581
v -0.03207120 0.30887428 0.06822761
v -0.03263260 0.30752605 0.06752390
v -0.03310961 0.30638292 0.06658745
v -0.03174998 0.31047270 0.06863536
v -0.03262248 0.30916727 0.06822788
v -0.03343289 0.30795088 0.06752449
v -0.03411832 0.30691841 0.06658826
v -0.03199584 0.31067365 0.06863388
v -0.03310502 0.30956101 0.06822398
v -0.03413446 0.30852222 0.06751812
v -0.03500402 0.30763876 0.06658116
v -0.03219901 0.31091762 0.06862921
v -0.03350201 0.31003973 0.06821531
v -0.03471057 0.30921841 0.06750555
v -0.03573008 0.30851796 0.06656439
v -0.03084866 0.31181872 0.06872998
v -0.03234923 0.31119645 0.06862251
v -0.03379746 0.31058741 0.06820223
v -0.03513950 0.31001291 0.06748639
v -0.03627187 0.30951920 0.06654073
v -0.03244297 0.31149969 0.06861439
v -0.03398110 0.31117982 0.06818571
v -0.03540547 0.31087464 0.06746230
v -0.03660611 0.31060600 0.06651016
v -0.03791622 0.31170553 0.06565417
v -0.03976241 0.31165379 0.06425644
v -0.04134791 0.31158566 0.06241138
v -0.04253878 0.31150854 0.06029400
v -0.04329001 0.31142551 0.05798495
v -0.04357393 0.31133679 0.05557463
v -0.04337782 0.31124923 0.05315568
v -0.04271166 0.31116468 0.05082044
v -0.04159885 0.31108630 0.04865764
v -0.04008161 0.31101769 0.04675189
v -0.03822011 0.31096113 0.04517507
v -0.03608548 0.31091833 0.04398851
v -0.03375801 0.31089166 0.04323891
v -0.03778320 0.31306520 0.06560098
v -0.03959520 0.31336507 0.06419066
v -0.04115116 0.31359881 0.06233411
v -0.04232218 0.31374437 0.06021012
v -0.04306088 0.31379780 0.05789563
v -0.04333935 0.31375664 0.05548426
v -0.04314962 0.31362197 0.05306710
v -0.04249588 0.31339929 0.05073691
v -0.04140358 0.31309822 0.04858211
v -0.03991579 0.31272763 0.04668764
v -0.03808952 0.31230536 0.04512471
v -0.03599557 0.31184447 0.04395415
v -0.03371181 0.31136346 0.04322124
v -0.03738632 0.31437075 0.06554589
v -0.03909572 0.31501099 0.06412082
v -0.04056410 0.31553325 0.06225336
v -0.04166996 0.31589389 0.06011887
v -0.04236931 0.31607994 0.05780078
v -0.04263559 0.31608215 0.05538759
v -0.04245869 0.31590429 0.05297220
v -0.04184433 0.31554857 0.05064744
v -0.04081777 0.31503227 0.04850193
v -0.03941838 0.31437337 0.04661972
v -0.03769898 0.31359693 0.04507078
v -0.03572531 0.31273431 0.04391683
v -0.03357456 0.31181723 0.04320271
v -0.03674243 0.31557390 0.06549052
v -0.03828373 0.31652653 0.06405029
v -0.03960957 0.31731522 0.06217031
v -0.04060901 0.31787446 0.06002686
v -0.04124314 0.31818143 0.05770364
v -0.04148769 0.31822631 0.05528850
v -0.04133254 0.31800553 0.05287512
v -0.04078395 0.31752947 0.05055591
v -0.03986327 0.31681463 0.04841961
v -0.03860709 0.31588897 0.04654995
v -0.03706115 0.31478837 0.04501590
v -0.03528687 0.31355417 0.04387962
v -0.03335086 0.31223580 0.04318310
v -0.03587375 0.31662819 0.06543536
v -0.03718872 0.31785467 0.06398086
v -0.03832309 0.31887731 0.06208904
v -0.03917958 0.31960988 0.05993666
v -0.03972533 0.32002413 0.05760744
v -0.03993996 0.32010466 0.05519120
v -0.03981440 0.31984836 0.05277942
v -0.03935484 0.31926480 0.05046612
v -0.03857747 0.31837669 0.04833860
v -0.03751278 0.31721711 0.04648097
v -0.03620176 0.31583214 0.04496189
v -0.03469472 0.31427377 0.04384224
v -0.03304846 0.31260169 0.04316432
v -0.03481415 0.31749377 0.06538347
v -0.03585475 0.31894466 0.06391571
v -0.03675413 0.32015869 0.06201249
v -0.03743623 0.32103381 0.05985135
v -0.03787410 0.32153606 0.05751697
v -0.03805312 0.32164654 0.05509874
v -0.03796356 0.32136038 0.05268876
v -0.03761180 0.32068855 0.05038095
v -0.03700905 0.31965795 0.04826218
v -0.03617935 0.31830728 0.04641589
v -0.03515372 0.31668842 0.04491072
v -0.03397242 0.31486371 0.04380688
v -0.03268154 0.31290278 0.04314661
v -0.03360458 0.31813565 0.06533611
v -0.03433087 0.31975415 0.06385619
v -0.03496299 0.32111037 0.06194302
v -0.03544568 0.32209137 0.05977401
v -0.03576253 0.32265958 0.05743527
v -0.03589987 0.32279176 0.05501514
v -0.03585225 0.32248357 0.05260747
v -0.03562161 0.32174674 0.05030375
v -0.03521787 0.32061002 0.04819289
v -0.03465587 0.31911665 0.04635677
v -0.03395671 0.31732422 0.04486480
v -0.03314861 0.31530130 0.04377490
v -0.03226078 0.31312579 0.04312995
v -0.03229169 0.31853130 0.06529580
v -0.03267644 0.32025188 0.06380574
v -0.03301823 0.32169637 0.06188336
v -0.03328471 0.32274267 0.05970805
v -0.03346820 0.32335040 0.05736521
v -0.03356063 0.32349563 0.05494380
v -0.03355795 0.32317433 0.05253712
v -0.03346080 0.32239807 0.05023825
v -0.03327377 0.32119590 0.04813339
v -0.03300180 0.31961453 0.04630623
v -0.03265776 0.31771556 0.04482500
v -0.03225370 0.31557140 0.04374746
v -0.03180469 0.31326348 0.04311593
v -0.03092535 0.31866446 0.06526443
v -0.03095637 0.32041967 0.06376615
v -0.03099473 0.32189381 0.06183636
v -0.03103721 0.32296190 0.05965577
v -0.03108201 0.32358217 0.05730974
v -0.03112743 0.32373250 0.05488712
v -0.03117196 0.32340649 0.05248156
v -0.03121343 0.32261720 0.05018560
v -0.03125058 0.32139340 0.04808643
v -0.03128187 0.31978232 0.04626640
v -0.03130614 0.31784749 0.04479369
v -0.03132206 0.31566221 0.04372600
v -0.03132969 0.31330952 0.04310478
v -0.02955845 0.31853038 0.06524153
v -0.02923538 0.32025030 0.06373765
v -0.02897042 0.32169500 0.06180329
v -0.02878870 0.32274085 0.05961925
v -0.02869489 0.32334808 0.05727087
v -0.02869356 0.32349330 0.05484756
v -0.02878482 0.32317278 0.05244281
v -0.02896500 0.32239601 0.05014933
v -0.02922663 0.32119411 0.04805336
v -0.02956117 0.31961331 0.04623839
v -0.02995354 0.31771398 0.04477146
v -0.03039075 0.31557092 0.04371062
v -0.03085522 0.31326267 0.04309729
v -0.02824384 0.31813318 0.06522994
v -0.02757844 0.31975102 0.06372265
v -0.02702296 0.32110700 0.06178594
v -0.02662475 0.32208762 0.05959967
v -0.02639733 0.32265517 0.05725049
v -0.02635210 0.32278726 0.05482638
v -0.02648721 0.32247955 0.05242231
v -0.02680125 0.32174286 0.05012949
v -0.02727936 0.32060641 0.04803599
v -0.02790456 0.31911373 0.04622325
v -0.02865314 0.31732193 0.04475995
v -0.02949466 0.31529981 0.04370270
v -0.03039777 0.31312492 0.04309312
v -0.02703126 0.31749016 0.06522956
v -0.02605119 0.31894037 0.06372174
v -0.02522727 0.32015333 0.06178449
v -0.02462938 0.32102820 0.05959816
v -0.02428022 0.32153034 0.05724825
v -0.02419220 0.32164058 0.05482460
v -0.02437048 0.32135418 0.05242004
v -0.02480624 0.32068309 0.05012790
v -0.02548410 0.31965280 0.04803453
v -0.02637764 0.31830308 0.04622221
v -0.02745260 0.31668454 0.04475855
v -0.02866884 0.31486091 0.04370220
v -0.02997671 0.31290194 0.04309309
v -0.02596770 0.31662422 0.06523933
v -0.02471189 0.31784898 0.06373387
v -0.02365240 0.31887078 0.06179900
v -0.02287955 0.31960243 0.05961448
v -0.02242257 0.32001647 0.05726539
v -0.02229857 0.32009706 0.05484231
v -0.02251284 0.31984073 0.05243747
v -0.02305666 0.31925750 0.05014397
v -0.02390935 0.31837025 0.04804877
v -0.02503917 0.31721202 0.04623465
v -0.02640077 0.31582785 0.04476837
v -0.02794326 0.31427079 0.04370895
v -0.02960765 0.31260031 0.04309619
v -0.02509404 0.31556875 0.06526022
v -0.02361119 0.31652024 0.06375992
v -0.02235890 0.31730810 0.06182928
v -0.02144215 0.31786564 0.05964785
v -0.02089605 0.31817293 0.05730114
v -0.02074228 0.31821722 0.05487818
v -0.02098656 0.31799677 0.05247283
v -0.02161944 0.31752115 0.05017725
v -0.02261619 0.31680673 0.04807878
v -0.02393847 0.31588307 0.04626014
v -0.02553651 0.31478360 0.04478822
v -0.02734827 0.31355071 0.04372277
v -0.02930395 0.31223401 0.04310314
v -0.02444480 0.31436497 0.06528994
v -0.02279240 0.31500408 0.06379814
v -0.02139600 0.31552461 0.06187386
v -0.02037198 0.31588417 0.05969709
v -0.01976020 0.31607038 0.05735352
v -0.01958423 0.31607321 0.05493162
v -0.01985044 0.31589431 0.05252520
v -0.02054989 0.31553927 0.05022644
v -0.02165402 0.31502384 0.04812330
v -0.02312035 0.31436631 0.04629759
v -0.02489352 0.31359133 0.04481816
v -0.02690553 0.31273055 0.04374265
v -0.02907863 0.31181538 0.04311379
v -0.02404243 0.31305867 0.06532866
v -0.02228653 0.31335771 0.06384683
v -0.02080095 0.31359008 0.06193086
v -0.01971019 0.31373444 0.05976175
v -0.01905842 0.31378713 0.05742055
v -0.01886953 0.31374556 0.05500018
v -0.01914913 0.31361094 0.05259251
v -0.01988829 0.31338984 0.05029018
v -0.02105873 0.31308928 0.04817999
v -0.02261493 0.31272015 0.04634573
v -0.02449671 0.31229895 0.04485614
v -0.02663110 0.31184033 0.04376914
v -0.02893892 0.31136173 0.04312695
v -0.02390438 0.31170014 0.06537478
v -0.02211297 0.31164706 0.06390413
v -0.02059621 0.31157818 0.06199855
v -0.01948383 0.31149948 0.05983670
v -0.01881854 0.31141433 0.05750005
v -0.01862372 0.31132591 0.05508143
v -0.01890922 0.31123856 0.05267197
v -0.01966207 0.31115451 0.05036490
v -0.02085470 0.31107718 0.04824766
v -0.02244136 0.31101003 0.04640334
v -0.02435979 0.31095457 0.04490118
v -0.02653841 0.31091419 0.04379997
v -0.02889109 0.31088957 0.04314259
v -0.02403620 0.31034195 0.06542470
v -0.02227877 0.30993697 0.06396761
v -0.02079163 0.30956638 0.06207363
v -0.01970018 0.30926460 0.05992024
v -0.01904729 0.30904162 0.05758909
v -0.01885854 0.30890712 0.05517174
v -0.01913790 0.30886635 0.05276068
v -0.01987824 0.30892023 0.05044849
v -0.02104935 0.30906618 0.04832292
v -0.02260694 0.30929971 0.04646765
v -0.02449043 0.30961022 0.04495152
v -0.02662679 0.30998808 0.04383498
v -0.02893672 0.31041729 0.04316032
v -0.02443260 0.30903599 0.06547841
v -0.02277699 0.30829102 0.06403592
v -0.02137765 0.30763230 0.06215362
v -0.02035153 0.30711538 0.06000910
v -0.01973836 0.30675995 0.05768367
v -0.01956203 0.30658156 0.05526818
v -0.01982917 0.30658400 0.05285547
v -0.02052909 0.30677065 0.05053757
v -0.02163526 0.30713147 0.04840341
v -0.02310471 0.30765402 0.04653556
v -0.02488135 0.30831859 0.04500538
v -0.02689708 0.30909780 0.04387138
v -0.02907434 0.30996346 0.04317923
v -0.02507625 0.30783290 0.06553368
v -0.02358874 0.30677527 0.06410519
v -0.02233238 0.30584958 0.06223556
v -0.02141251 0.30513510 0.06010009
v -0.02086452 0.30465874 0.05778021
v -0.02071004 0.30443764 0.05536698
v -0.02095538 0.30448279 0.05295246
v -0.02158974 0.30478996 0.05062914
v -0.02258959 0.30534932 0.04848520
v -0.02391595 0.30613840 0.04660526
v -0.02551867 0.30712724 0.04506016
v -0.02733600 0.30827799 0.04390949
v -0.02929771 0.30954534 0.04319846
v -0.02594476 0.30677825 0.06558801
v -0.02468322 0.30544734 0.06417345
v -0.02361851 0.30428779 0.06231585
v -0.02284185 0.30339941 0.06018974
v -0.02238248 0.30281612 0.05787538
v -0.02225766 0.30255944 0.05546426
v -0.02247273 0.30264002 0.05304725
v -0.02301888 0.30305487 0.05071887
v -0.02387539 0.30378729 0.04856603
v -0.02500989 0.30481032 0.04667437
v -0.02637805 0.30608323 0.04511407
v -0.02792761 0.30755848 0.04394685
v -0.02960005 0.30917948 0.04321774
v -0.02700441 0.30591315 0.06563915
v -0.02601744 0.30435774 0.06423819
v -0.02518758 0.30300689 0.06239216
v -0.02458502 0.30197576 0.06027423
v -0.02423307 0.30130363 0.05796525
v -0.02414399 0.30101743 0.05555603
v -0.02432328 0.30112836 0.05313766
v -0.02476180 0.30163085 0.05080383
v -0.02544411 0.30250579 0.04864267
v -0.02634375 0.30372050 0.04673918
v -0.02742622 0.30522743 0.04516536
v -0.02865005 0.30696845 0.04398217
v -0.02996734 0.30887797 0.04323557
v -0.03132886 0.31088150 0.04295264
v -0.02821405 0.30527174 0.06568456
v -0.02754063 0.30354822 0.06429607
v -0.02697874 0.30205488 0.06246101
v -0.02657552 0.30091745 0.06035075
v -0.02634494 0.30018017 0.05804707
v -0.02629881 0.29987228 0.05563877
v -0.02643492 0.30000466 0.05321924
v -0.02675199 0.30057263 0.05088045
v -0.02723491 0.30155405 0.04871210
v -0.02786676 0.30291066 0.04679820
v -0.02862355 0.30459103 0.04521110
v -0.02947421 0.30653116 0.04401373
v -0.03038773 0.30865532 0.04325178
v -0.02952667 0.30487612 0.06572413
v -0.02919542 0.30305049 0.06434614
v -0.02892324 0.30146858 0.06251974
v -0.02873636 0.30026612 0.06041649
v -0.02863924 0.29948914 0.05811644
v -0.02863669 0.29916817 0.05571038
v -0.02872900 0.29931316 0.05328932
v -0.02891273 0.29992113 0.05094634
v -0.02917945 0.30096799 0.04877114
v -0.02952066 0.30241275 0.04684839
v -0.02992198 0.30420011 0.04525109
v -0.03036864 0.30626073 0.04404114
v -0.03084419 0.30851761 0.04326541
v -0.03089282 0.30474272 0.06575641
v -0.03091530 0.30288270 0.06438631
v -0.03094658 0.30127135 0.06256673
v -0.03098384 0.30004725 0.06046839
v -0.03102527 0.29925722 0.05817163
v -0.03106954 0.29892981 0.05576705
v -0.03111475 0.29908136 0.05334417
v -0.03115970 0.29970199 0.05099883
v -0.03120247 0.30077040 0.04881829
v -0.03124058 0.30224484 0.04688835
v -0.03127401 0.30406779 0.04528222
v -0.03130025 0.30617085 0.04406295
v -0.03131878 0.30847129 0.04327669
v -0.03225957 0.30487710 0.06577787
v -0.03263573 0.30305228 0.06441383
v -0.03297088 0.30147099 0.06259952
v -0.03323222 0.30026826 0.06050527
v -0.03341253 0.29949132 0.05821060
v -0.03350351 0.29917055 0.05580604
v -0.03350227 0.29931548 0.05338361
v -0.03340826 0.29992309 0.05103498
v -0.03322655 0.30096936 0.04885101
v -0.03296130 0.30241433 0.04691647
v -0.03262663 0.30420157 0.04530436
v -0.03223159 0.30626154 0.04407789
v -0.03179364 0.30851814 0.04328404
v -0.03357414 0.30527461 0.06578942
v -0.03429272 0.30355170 0.06442887
v -0.03491820 0.30205885 0.06261755
v -0.03539575 0.30092147 0.06052511
v -0.03571013 0.30018443 0.05823196
v -0.03584591 0.29987663 0.05582749
v -0.03579970 0.30000877 0.05340409
v -0.03557171 0.30057654 0.05105479
v -0.03517374 0.30155754 0.04886885
v -0.03461843 0.30291361 0.04693144
v -0.03392703 0.30459359 0.04531597
v -0.03312816 0.30653289 0.04408590
v -0.03225071 0.30865613 0.04328867
v -0.03478665 0.30591747 0.06579178
v -0.03582017 0.30436218 0.06443107
v -0.03671397 0.30301219 0.06261918
v -0.03739185 0.30198154 0.06052712
v -0.03782695 0.30131003 0.05823372
v -0.03800553 0.30102402 0.05582997
v -0.03791672 0.30113387 0.05340622
v -0.03756708 0.30163661 0.05105686
v -0.03696861 0.30251133 0.04887051
v -0.03614524 0.30372444 0.04693270
v -0.03512720 0.30523068 0.04531752
v -0.03395360 0.30697125 0.04408682
v -0.03267214 0.30887967 0.04328914
v -0.03585016 0.30678341 0.06578217
v -0.03715933 0.30545303 0.06441923
v -0.03828913 0.30429482 0.06260523
v -0.03914197 0.30340701 0.06051204
v -0.03968524 0.30282402 0.05821723
v -0.03989921 0.30256721 0.05581294
v -0.03977450 0.30264789 0.05338909
v -0.03931700 0.30306199 0.05104086
v -0.03854377 0.30379388 0.04885599
v -0.03748423 0.30481580 0.04692085
v -0.03617916 0.30608779 0.04530784
v -0.03467945 0.30756134 0.04408013
v -0.03304085 0.30918092 0.04328557
v -0.03672388 0.30783859 0.06576248
v -0.03826096 0.30678219 0.06439506
v -0.03958299 0.30585778 0.06257643
v -0.04057994 0.30514348 0.06047916
v -0.04121155 0.30466741 0.05818266
v -0.04145533 0.30444691 0.05577703
v -0.04130057 0.30449173 0.05335452
v -0.04075442 0.30479890 0.05100785
v -0.03983694 0.30535704 0.04882596
v -0.03858443 0.30614474 0.04689495
v -0.03704329 0.30713204 0.04528797
v -0.03527445 0.30828145 0.04406638
v -0.03334492 0.30954677 0.04327843
v -0.03737341 0.30904236 0.06573367
v -0.03908039 0.30829829 0.06435904
v -0.04054630 0.30764043 0.06253316
v -0.04164994 0.30712482 0.06043095
v -0.04234754 0.30676973 0.05813106
v -0.04261341 0.30659091 0.05572395
v -0.04243656 0.30659401 0.05330239
v -0.04182421 0.30678004 0.05095851
v -0.04079974 0.30714014 0.04878194
v -0.03940226 0.30766144 0.04685741
v -0.03768627 0.30832437 0.04525841
v -0.03571718 0.30910164 0.04404575
v -0.03357020 0.30996543 0.04326807
v -0.03777714 0.31034836 0.06569697
v -0.03958867 0.30994421 0.06431300
v -0.04114330 0.30957469 0.06247789
v -0.04231231 0.30927446 0.06036860
v -0.04305000 0.30905220 0.05806420
v -0.04332779 0.30891809 0.05565565
v -0.04313799 0.30887657 0.05323510
v -0.04248506 0.30892977 0.05089527
v -0.04139417 0.30907461 0.04872483
v -0.03990804 0.30930719 0.04680934
v -0.03808349 0.30961633 0.04522011
v -0.03599158 0.30999219 0.04401988
v -0.03370997 0.31041992 0.04325465
f 4 2 1
f 8 6 5
f 13 15 14
f 17 19 18
f 32 30 29
f 36 34 33
f 37 39 38
f 21 23 20
f 25 27 24
f 41 43 42
f 48 46 45
f 52 50 49
f 53 55 54
f 60 58 57
f 29 62 61
f 66 64 63
f 67 6 68
f 72 70 69
f 76 74 73
f 77 79 78
f 81 83 82
f 59 86 85
f 88 90 89
f 96 94 93
f 100 98 97
f 101 103 102
f 106 34 87
f 108 115 107
f 117 36 118
f 124 126 125
f 131 129 128
f 132 134 133
f 142 140 139
f 148 60 147
f 144 127 124
f 149 151 150
f 156 154 153
f 159 158 157
f 116 164 105
f 171 169 168
f 174 173 172
f 179 181 180
f 186 188 187
f 194 196 195
f 199 139 198
f 206 208 207
f 213 211 210
f 202 214 201
f 96 216 54
f 92 43 44
f 97 246 100
f 250 229 228
f 252 58 253
f 258 256 255
f 260 229 259
f 110 112 113
f 114 263 109
f 265 267 266
f 56 270 269
f 274 249 250
f 185 63 64
f 280 278 276
f 285 283 157
f 288 211 212
f 141 92 46
f 289 175 176
f 148 105 106
f 312 170 171
f 238 42 43
f 318 160 317
f 310 308 307
f 241 325 324
f 160 240 317
f 47 307 308
f 108 315 164
f 345 86 119
f 348 350 349
f 356 358 357
f 355 353 352
f 363 32 362
f 149 150 176
f 364 253 365
f 366 368 367
f 183 371 63
f 163 161 160
f 209 101 208
f 378 165 166
f 379 381 380
f 383 3 4
f 284 386 385
f 387 389 388
f 391 229 249
f 73 397 396
f 405 407 406
f 203 411 410
f 414 413 412
f 1 357 4
f 277 131 275
f 254 57 58
f 358 415 351
f 417 386 408
f 401 192 420
f 419 127 143
f 421 182 422
f 103 302 409
f 428 368 174
f 380 359 356
f 62 266 323
f 140 431 430
f 357 351 348
f 356 379 380
f 415 403 434
f 437 436 435
f 438 440 439
f 188 450 449
f 452 454 453
f 265 181 421
f 224 64 225
f 237 213 427
f 275 128 458
f 281 460 459
f 50 79 461
f 73 282 281
f 468 466 465
f 390 352 359
f 482 484 483
f 489 487 486
f 493 495 494
f 472 470 469
f 502 500 499
f 220 222 223
f 512 143 66
f 518 511 80
f 513 230 286
f 205 31 244
f 189 451 188
f 163 532 8
f 533 225 251
f 446 447 412
f 335 540 334
f 544 546 545
f 329 291 292
f 199 262 238
f 385 416 550
f 532 191 247
f 363 118 243
f 236 237 250
f 578 580 579
f 573 571 570
f 561 562 272
f 241 259 240
f 590 592 591
f 545 595 594
f 503 155 504
f 606 624 623
f 478 480 479
f 646 648 647
f 590 689 684
f 564 651 650
f 728 184 727
f 714 716 715
f 692 575 693
f 541 581 578
f 346 248 400
f 161 230 160
f 128 94 95
f 698 704 703
f 574 576 575
f 290 401 328
f 630 725 726
f 733 735 734
f 755 496 493
f 759 481 760
f 757 762 761
f 764 466 467
f 768 9260 9261
f 759 488 489
f 492 475 771
f 474 769 473
f 773 465 772
f 771 486 483
f 484 775 491
f 774 489 486
f 495 764 756
f 495 761 494
f 137 784 136
f 325 797 547
f 165 51 52
f 369 29 370
f 730 568 569
f 90 301 89
f 243 516 242
f 800 806 805
f 817 808 816
f 816 823 822
f 306 447 807
f 815 809 808
f 829 828 825
f 726 501 502
f 274 424 423
f 879 881 880
f 884 879 885
f 219 217 211
f 906 904 897
f 455 205 542
f 898 830 829
f 903 880 881
f 906 897 898
f 377 519 165
f 923 948 946
f 946 951 950
f 8963 739 8961
f 900 886 880
f 225 65 144
f 182 442 422
f 809 947 824
f 954 962 961
f 927 965 966
f 885 880 886
f 925 966 967
f 343 341 340
f 965 971 968
f 968 970 969
f 972 969 973
f 963 981 978
f 336 338 339
f 992 827 828
f 810 996 959
f 1007 1002 1008
f 1012 827 1009
f 1011 1007 1008
f 294 292 291
f 907 920 919
f 1017 1019 1018
f 1020 1022 1021
f 1035 1020 1044
f 1061 1047 1046
f 1063 1046 1062
f 1044 1021 1045
f 1102 1097 1109
f 1116 1118 1117
f 1016 1014 1013
f 881 904 903
f 816 1127 817
f 1094 949 1097
f 514 167 515
f 146 81 82
f 1133 1130 1129
f 1102 1126 822
f 822 1116 816
f 1145 1148 1136
f 1076 1151 1069
f 1148 1086 1087
f 1109 1114 1136
f 1154 1156 1155
f 1153 967 1156
f 8815 463 9166
f 1144 1152 1151
f 1156 1163 1162
f 1164 1169 1165
f 1145 1176 1147
f 1114 1154 1171
f 1183 1164 1177
f 1184 1177 1185
f 1069 1062 1064
f 1023 1194 1022
f 1162 1170 1169
f 1195 1185 1191
f 1183 1176 1155
f 1201 1152 1196
f 1061 1201 1202
f 9277 843 9288
f 1203 1195 1034
f 1202 1184 1195
f 1218 1203 1217
f 1060 1202 1203
f 1225 1217 1219
f 671 694 670
f 1219 1024 1035
f 1217 1034 1024
f 1226 1015 1227
f 1243 1234 1233
f 1231 1229 1228
f 847 1233 843
f 843 1244 878
f 1233 1245 1244
f 1923 233 216
f 2100 499 500
f 9366 2135 9352
f 61 323 505
f 210 217 457
f 1299 1309 1300
f 9315 1231 9314
f 1066 1321 1322
f 1322 1228 1229
f 1060 1321 1047
f 1325 1323 1310
f 1244 1332 1330
f 1290 1242 1288
f 1337 1339 1338
f 1330 1340 1339
f 1341 1245 1294
f 1342 1332 1341
f 1343 1341 1344
f 1344 1294 1293
f 9309 1345 1346
f 1347 1342 1343
f 9308 1295 1345
f 1349 1348 1347
f 9313 1347 9305
f 9305 1343 9309
f 906 829 1353
f 905 1353 1354
f 865 1355 1357
f 1355 829 825
f 1357 825 826
f 1356 1353 1355
f 9286 1338 9285
f 866 1356 865
f 1358 1354 1356
f 9280 1337 9286
f 838 1012 841
f 1363 1338 1339
f 1368 1339 1340
f 1348 1340 1342
f 1371 9276 9281
f 524 526 523
f 528 530 527
f 1372 1369 1371
f 535 537 538
f 1367 1348 1350
f 1370 1359 1369
f 1369 9285 9276
f 1373 903 904
f 555 557 558
f 1374 910 1373
f 1373 905 1375
f 1374 1375 1376
f 1375 1354 1370
f 1378 908 1377
f 376 651 1387
f 1388 973 969
f 586 588 585
f 1390 1388 1391
f 1391 969 970
f 597 599 596
f 600 602 603
f 1392 970 979
f 608 610 607
f 612 523 611
f 614 616 613
f 617 25 24
f 620 622 619
f 1397 1391 1392
f 1398 1392 1399
f 1400 920 1378
f 1402 1165 1169
f 636 638 635
f 930 1402 929
f 641 643 644
f 929 1169 1170
f 1404 1403 1402
f 1411 1365 1406
f 1412 1415 1414
f 652 654 655
f 609 657 658
f 659 661 662
f 558 586 585
f 665 667 664
f 1413 1406 1412
f 1418 9262 9265
f 1417 1371 1416
f 1416 9281 9262
f 1419 1416 1418
f 1386 1374 1420
f 677 679 676
f 1385 1420 1421
f 1420 1376 1422
f 685 687 688
f 1421 1422 1423
f 528 691 658
f 1422 1372 1417
f 1018 747 1425
f 699 701 702
f 1424 579 1017
f 9115 1767 9112
f 700 711 712
f 1093 9206 1571
f 717 530 719
f 721 723 720
f 704 8987 8998
f 19 1426 1430
f 1429 1427 1426
f 1658 8986 8988
f 1439 1434 1438
f 1437 1435 1434
f 1426 1433 1432
f 1442 1432 1440
f 742 744 745
f 1432 1441 1440
f 751 753 750
f 1438 1403 1405
f 1446 1444 1443
f 1447 1446 1443
f 9312 1443 9300
f 1415 1445 1446
f 1414 1446 1448
f 2173 469 470
f 777 779 686
f 780 782 783
f 1676 1806 1675
f 9311 1349 9313
f 789 791 788
f 745 793 742
f 652 795 653
f 1455 1457 1456
f 1454 1350 1452
f 610 802 801
f 9283 698 703
f 1352 1045 1351
f 1015 1459 1460
f 811 813 814
f 2118 9269 2117
f 819 821 818
f 1466 1194 1190
f 1467 1465 1466
f 1182 1468 1467
f 832 833 831
f 835 837 834
f 1467 1190 1182
f 1469 1444 1445
f 840 712 690
f 1453 1469 1454
f 599 845 846
f 1226 9301 9307
f 851 853 850
f 855 856 854
f 858 860 857
f 861 863 864
f 1014 9307 9310
f 867 868 869
f 870 872 873
f 874 876 877
f 1310 1471 1309
f 1476 1427 1475
f 1461 1475 1460
f 887 889 890
f 788 892 891
f 894 896 893
f 1460 1227 1015
f 901 524 612
f 1465 1477 1464
f 1865 8944 1864
f 911 913 914
f 916 918 915
f 1850 8951 1851
f 921 895 894
f 1479 1436 1478
f 926 667 601
f 1481 563 1480
f 269 84 1482
f 931 933 916
f 934 614 869
f 936 688 937
f 938 662 939
f 1484 122 123
f 941 835 834
f 320 509 510
f 1849 8949 1850
f 84 1484 83
f 1487 1488 539
f 1757 8946 8953
f 365 1491 364
f 461 80 511
f 117 362 1496
f 1494 541 1495
f 926 957 958
f 1477 1433 1476
f 1709 1585 1700
f 119 1496 345
f 271 504 156
f 511 189 186
f 345 1492 365
f 255 344 254
f 57 299 132
f 1501 268 1500
f 267 1499 145
f 974 976 977
f 1678 1693 1676
f 9298 1807 9292
f 557 663 558
f 983 984 985
f 1443 9301 9300
f 421 268 265
f 989 991 988
f 1490 418 1504
f 279 309 310
f 997 676 679
f 998 999 875
f 1504 38 1505
f 1506 1507 1486
f 360 1508 1506
f 1506 207 360
f 939 1006 938
f 270 1483 269
f 66 546 512
f 1010 793 935
f 367 437 1509
f 244 363 243
f 1670 8978 1669
f 209 1510 226
f 235 1512 1511
f 1511 234 235
f 388 426 425
f 427 250 237
f 161 521 231
f 100 45 44
f 1025 608 1027
f 1029 1031 1028
f 939 1033 1032
f 41 594 99
f 1036 783 1037
f 702 1038 1039
f 1040 1042 1043
f 362 369 1493
f 187 477 186
f 70 539 198
f 1511 1521 234
f 1049 603 1048
f 613 869 614
f 860 1051 857
f 1005 1053 1006
f 753 1056 1054
f 1057 1059 1055
f 293 1522 292
f 288 1521 1522
f 292 1523 329
f 331 1508 1524
f 306 453 305
f 100 41 99
f 462 78 79
f 330 1524 462
f 635 1068 636
f 1485 1526 1528
f 206 1528 1510
f 1070 1072 831
f 942 1073 1074
f 916 1075 917
f 440 1530 439
f 157 1514 285
f 1529 5 1530
f 371 546 63
f 790 663 791
f 1077 857 1078
f 1403 1435 1165
f 1080 1082 1079
f 531 1529 440
f 21 1084 1085
f 272 1531 561
f 137 396 397
f 690 802 691
f 335 9011 581
f 1090 1029 1091
f 1092 794 1042
f 1533 137 138
f 661 1095 1096
f 69 445 72
f 1099 1101 1098
f 38 1536 1505
f 1104 1106 1103
f 852 1108 853
f 1377 909 1386
f 291 411 294
f 316 516 33
f 539 1533 534
f 1505 316 313
f 1110 1112 1113
f 1539 460 264
f 522 1537 1539
f 834 1120 1119
f 1122 1124 1121
f 612 1041 901
f 935 615 614
f 276 130 131
f 1686 8966 1685
f 193 1541 273
f 231 1540 287
f 556 982 557
f 365 85 345
f 190 318 1541
f 1810 9018 8972
f 9376 8956 9243
f 1132 985 1131
f 208 102 132
f 1134 662 661
f 1491 80 77
f 429 1542 147
f 1137 915 918
f 172 428 174
f 1139 1141 1142
f 549 54 55
f 1517 1518 296
f 976 1146 938
f 834 984 941
f 1543 286 115
f 1544 239 513
f 133 1544 1542
f 506 257 258
f 420 328 401
f 1158 1160 1157
f 587 1103 588
f 1513 1514 151
f 607 1027 608
f 304 1545 303
f 364 77 506
f 69 198 139
f 1006 976 938
f 700 1112 701
f 9329 8969 9239
f 1166 657 656
f 1167 858 1077
f 1300 8968 1299
f 1172 1174 1175
f 218 200 217
f 1179 1181 1178
f 372 97 98
f 89 227 88
f 1186 1188 1189
f 172 1517 1549
f 1482 81 1498
f 1090 1193 1030
f 394 353 1551
f 526 1198 1197
f 811 858 812
f 1199 1026 1025
f 606 697 696
f 1204 1206 743
f 1207 523 526
f 1209 867 613
f 914 685 936
f 1478 1441 1477
f 1029 1161 1091
f 1211 1213 1214
f 9310 1451 9311
f 844 1216 845
f 423 273 274
f 1220 1222 1083
f 22 1224 23
f 882 897 881
f 1519 173 387
f 1189 1232 1178
f 349 550 416
f 1071 1236 1072
f 1237 1239 745
f 1221 1189 1240
f 1510 1512 333
f 939 1241 1005
f 1556 5 67
f 1553 394 1551
f 404 67 347
f 1247 1249 1246
f 142 238 92
f 1251 635 1250
f 850 1253 851
f 1254 1077 1255
f 57 133 429
f 443 552 551
f 1187 1175 1188
f 1256 831 833
f 432 382 383
f 741 747 746
f 434 351 415
f 349 383 348
f 251 1481 1480
f 395 352 353
f 1518 1550 1551
f 1558 378 340
f 109 314 315
f 285 1513 407
f 395 393 392
f 202 410 1558
f 417 405 432
f 1246 1258 1247
f 3 297 2
f 1259 1261 1262
f 403 347 284
f 955 953 952
f 462 51 330
f 1096 687 1263
f 429 60 57
f 896 1265 932
f 1267 1268 1266
f 423 327 420
f 37 180 40
f 20 1187 1186
f 1256 1071 1070
f 155 156 504
f 1188 1269 1232
f 1236 1271 1262
f 1272 535 621
f 565 463 464
f 1273 745 1239
f 876 1255 1274
f 316 164 315
f 437 503 1509
f 194 1495 197
f 1275 864 863
f 624 631 630
f 1277 1137 1278
f 569 567 566
f 1481 125 366
f 324 547 326
f 1279 1107 1280
f 1525 329 1523
f 1281 1137 918
f 171 1553 1552
f 1488 396 1533
f 1557 1562 1559
f 1282 1206 1205
f 1053 1278 1281
f 778 607 1283
f 713 9010 9013
f 251 144 124
f 4 348 383
f 709 707 706
f 728 45 246
f 261 1563 544
f 789 1287 790
f 74 263 282
f 403 385 434
f 1178 1240 1189
f 1223 1289 1224
f 158 150 151
f 1220 1186 1221
f 296 354 433
f 784 1538 1566
f 1181 1291 1222
f 1269 1257 1246
f 1566 438 399
f 136 1566 1564
f 1563 169 1565
f 107 109 108
f 1297 1298 1296
f 1464 1476 1461
f 1520 507 508
f 1301 1303 1304
f 1306 1308 1305
f 175 1532 272
f 1532 200 201
f 1311 1312 1313
f 872 1315 1316
f 1317 1318 1319
f 9288 878 9280
f 1305 864 1276
f 1040 863 1320
f 1564 399 169
f 592 1575 591
f 591 1088 689
f 1581 1583 1582
f 1196 1147 1176
f 710 583 713
f 285 408 386
f 953 961 963
f 1594 1589 1593
f 1585 1587 1586
f 1592 1590 1589
f 9337 944 9351
f 1600 1598 1597
f 1604 1602 1601
f 1399 979 980
f 1589 1596 1595
f 1610 1608 1607
f 298 361 360
f 551 276 277
f 1627 9266 9271
f 859 818 860
f 1078 1328 1329
f 1555 1530 1556
f 572 680 681
f 772 776 774
f 977 918 917
f 404 392 393
f 1054 750 753
f 1644 1643 1642
f 932 1082 933
f 1067 1334 1068
f 1540 264 114
f 597 643 1336
f 471 762 470
f 1642 9283 9294
f 1644 9294 9295
f 923 950 927
f 96 548 95
f 520 522 521
f 445 443 442
f 849 848 842
f 480 755 493
f 1646 481 1639
f 311 1567 170
f 464 8941 8939
f 8941 1361 8939
f 234 236 235
f 190 192 191
f 153 152 149
f 231 286 230
f 1552 1551 1550
f 760 1648 488
f 9284 1649 9282
f 828 826 825
f 52 166 165
f 1663 1661 1660
f 287 115 286
f 668 670 669
f 634 640 639
f 553 559 554
f 118 33 516
f 492 491 490
f 8996 1651 8997
f 582 584 583
f 384 392 415
f 1381 1383 1380
f 1562 435 436
f 952 951 947
f 8973 583 584
f 1660 1667 1666
f 1394 1396 1393
f 1660 1664 1663
f 1671 1669 1668
f 1624 1673 1672
f 1407 1409 1410
f 1677 1675 1674
f 1613 1677 1625
f 1679 1676 1677
f 1626 9263 9266
f 534 198 539
f 176 150 159
f 803 734 800
f 400 191 192
f 65 143 144
f 8970 1656 8984
f 402 157 283
f 629 627 626
f 461 49 50
f 758 495 756
f 796 786 785
f 406 1513 1560
f 342 166 167
f 1694 1658 1695
f 1692 1694 1696
f 9001 1652 8996
f 9373 1703 9375
f 326 302 90
f 9368 1702 1706
f 9371 1698 1701
f 1699 9379 9370
f 1557 1560 1561
f 1127 1117 1128
f 400 289 346
f 1706 1707 1708
f 1707 1599 1600
f 1709 1708 1588
f 1714 1711 1713
f 9371 1709 1700
f 1704 1577 1703
f 1716 1713 1715
f 1559 1549 297
f 1722 1720 1719
f 1335 596 1489
f 410 377 378
f 973 1163 972
f 168 399 398
f 1571 1089 1093
f 1572 682 1571
f 749 647 754
f 1730 1723 1729
f 1594 1729 1592
f 1729 1591 1592
f 1731 1730 1583
f 1384 1377 1379
f 1732 1712 1714
f 1724 1731 1732
f 1712 1731 1580
f 1722 1732 1733
f 1721 1733 1734
f 1734 1716 1717
f 1735 1736 1697
f 1733 1714 1716
f 1663 1741 1668
f 1742 1740 1743
f 1738 1737 1735
f 1665 1666 1740
f 1665 1744 1664
f 1725 1746 1745
f 1591 1745 1590
f 1590 1747 1596
f 1745 1748 1747
f 1659 8982 8986
f 5650 8989 5617
f 1185 1182 1190
f 1664 1749 1741
f 1741 1739 1738
f 1746 1743 1748
f 1726 1742 1746
f 1153 924 925
f 1115 1153 1154
f 1654 9019 1655
f 1896 8993 1686
f 1720 1744 1726
f 1721 1749 1720
f 1750 1701 1698
f 1697 1750 1696
f 1151 1063 1062
f 1751 1670 1671
f 1695 1752 1751
f 961 986 981
f 1770 1768 1767
f 1766 1593 1765
f 1731 1579 1580
f 1579 1774 1578
f 9380 1771 9381
f 1764 9380 9369
f 1777 1775 1774
f 9214 1699 1700
f 1004 1128 1003
f 1774 1771 1772
f 987 1399 980
f 1578 1772 1764
f 1783 1781 1778
f 1597 1770 1767
f 639 9347 9336
f 9380 1769 1770
f 1793 1789 1788
f 9381 1798 1769
f 8952 9225 1806
f 1802 9376 9374
f 1788 1794 1793
f 1793 1795 1776
f 9225 1675 1806
f 1584 1783 1789
f 1771 9372 9381
f 1801 1798 1800
f 1768 1798 1799
f 1775 1797 1771
f 508 515 1520
f 1796 1802 1797
f 1800 9372 9374
f 1794 1804 1795
f 8976 1752 8991
f 485 1807 775
f 9261 1640 768
f 9289 1810 1653
f 485 1640 1808
f 1690 9222 9224
f 487 1648 1811
f 9291 1816 9274
f 9290 1648 9282
f 9291 1811 9290
f 1812 487 1811
f 1641 767 768
f 465 755 776
f 767 9275 9260
f 9274 9278 9299
f 1809 1815 767
f 9289 1651 9292
f 675 8985 8940
f 1814 1822 1821
f 1821 9273 9272
f 1824 1649 1825
f 1827 1850 1805
f 1668 1662 1663
f 1779 1848 1828
f 1790 1805 1794
f 1833 1853 1852
f 8965 693 575
f 1614 1616 1617
f 1852 8942 8945
f 1620 1622 1623
f 1855 1574 1861
f 1847 8945 8957
f 1766 1855 1782
f 1629 1631 1628
f 1633 1634 1632
f 1635 1637 1638
f 1848 1852 1847
f 1855 1863 1862
f 1803 1867 1802
f 1862 1831 1832
f 1782 1862 1781
f 9374 1865 1800
f 1873 1870 1869
f 1874 799 804
f 2045 9349 2044
f 1219 1295 1225
f 1615 1396 1395
f 9336 1877 1876
f 645 9238 9003
f 1345 1035 1346
f 634 9336 9332
f 15 1327 14
f 9362 1878 1893
f 1894 605 1893
f 8950 627 693
f 9004 645 9003
f 340 454 1558
f 1897 195 1898
f 1889 1877 1890
f 1901 129 1900
f 196 754 232
f 1705 9373 9368
f 340 166 343
f 1570 563 561
f 1904 194 1897
f 1781 1832 1780
f 1905 55 1906
f 1000 995 996
f 986 920 987
f 1191 1190 1194
f 2094 2075 2093
f 1920 1919 1915
f 453 1912 1911
f 1915 1918 1916
f 9334 2106 9353
f 1655 8975 1868
f 1916 1926 1925
f 704 9005 703
f 278 1925 1900
f 9009 1818 1820
f 1097 1115 1114
f 1927 727 1923
f 9030 9106 9210
f 1920 307 1929
f 1929 48 728
f 503 1497 1509
f 1902 787 796
f 1816 9272 9278
f 1925 1923 1924
f 1535 1568 1534
f 254 258 255
f 1509 366 367
f 119 35 36
f 219 293 294
f 141 47 431
f 542 244 245
f 1940 430 431
f 1779 1827 1790
f 1701 9367 9371
f 1661 8959 1667
f 270 754 647
f 197 749 196
f 1727 1212 1211
f 53 232 754
f 1465 1479 1478
f 1284 9306 1293
f 1951 412 413
f 168 1554 1553
f 1486 206 207
f 506 78 361
f 994 1007 993
f 951 963 964
f 1013 9313 1351
f 9278 1820 1818
f 1498 1954 1482
f 299 543 132
f 1754 1756 1753
f 1681 1683 1682
f 1696 1695 1697
f 13 738 737
f 473 475 474
f 482 768 1640
f 204 30 205
f 1761 820 819
f 611 1125 612
f 1501 1908 1909
f 1074 711 699
f 1960 82 83
f 120 1960 123
f 35 87 34
f 1773 1025 1031
f 1965 1569 1535
f 494 471 479
f 1966 1969 1968
f 446 1971 1967
f 174 125 126
f 1580 1578 1577
f 1785 1787 1784
f 1972 304 305
f 1254 875 999
f 1973 342 514
f 321 1973 509
f 1910 275 1907
f 509 514 508
f 1486 1527 1485
f 1974 804 1975
f 1977 1974 1978
f 1980 1966 1981
f 379 2 295
f 1718 1710 1701
f 884 992 883
f 1680 1678 1679
f 902 525 524
f 344 256 299
f 135 137 136
f 236 228 333
f 448 1967 1966
f 589 604 584
f 910 908 907
f 1981 1968 1987
f 1982 1987 1979
f 1988 1987 1989
f 1990 1989 1991
f 1991 1993 1992
f 322 320 319
f 992 830 883
f 1144 1086 1143
f 1995 1978 1994
f 1133 1118 1126
f 1997 1994 1996
f 870 1335 1489
f 805 1982 1998
f 727 2000 1999
f 1996 1988 1990
f 1994 1979 1988
f 1829 792 1273
f 1830 941 983
f 798 800 799
f 729 731 730
f 2011 2023 2022
f 1834 846 1159
f 402 284 347
f 2022 2024 2025
f 1838 989 988
f 810 952 809
f 1823 1840 644
f 1430 1432 1431
f 1215 1841 1079
f 149 176 177
f 1316 873 872
f 2112 1384 2106
f 1842 1844 1845
f 1159 845 1160
f 837 1846 1120
f 1971 2030 2027
f 517 370 189
f 858 833 812
f 1471 2027 1888
f 8995 626 627
f 2174 770 490
f 935 1854 1010
f 1613 1611 1618
f 1231 1225 1295
f 1856 891 892
f 1300 748 741
f 1150 1858 1859
f 1643 696 1642
f 1215 1264 1216
f 1320 902 901
f 1956 1944 1960
f 2031 669 1474
f 2034 1310 1299
f 1879 1656 1657
f 40 242 39
f 1992 2039 1456
f 888 957 889
f 1882 1996 1990
f 1078 1255 1077
f 1871 1192 1090
f 294 218 219
f 1323 2026 1471
f 123 83 1484
f 1324 2041 1323
f 384 359 352
f 1324 2038 2036
f 1883 1885 1829
f 287 114 107
f 1096 1134 661
f 915 931 916
f 806 1981 1982
f 8977 584 604
f 1425 2042 1018
f 1018 1948 1017
f 9006 740 8963
f 1948 649 646
f 1881 1990 1991
f 1900 130 278
f 992 994 993
f 923 925 924
f 9330 2047 9328
f 1643 625 606
f 2050 2051 2049
f 2045 1404 2047
f 9328 945 9337
f 1139 1079 1841
f 1037 892 982
f 2055 2057 2056
f 1198 718 717
f 1619 1612 1611
f 2058 1606 2059
f 2059 1607 2058
f 2058 1624 1605
f 71 179 37
f 405 1557 382
f 976 1006 977
f 322 1972 1911
f 2061 2063 2062
f 2066 2067 1825
f 2052 2064 2051
f 1609 2066 1647
f 1515 152 1516
f 1009 993 1007
f 1644 9267 2118
f 279 1916 278
f 1285 9314 1284
f 1647 1825 1649
f 2056 2067 2065
f 319 1953 1952
f 667 1913 1914
f 2070 625 2048
f 2052 2055 2063
f 2038 1655 1458
f 1606 2073 2072
f 1235 1270 1236
f 2072 2075 2074
f 2059 2072 2062
f 2074 2077 2076
f 1601 2078 2073
f 2049 1643 1645
f 1000 1001 994
f 1089 684 689
f 1931 1306 1930
f 1462 1021 1022
f 1932 1934 1935
f 875 1846 998
f 1936 1937 1938
f 44 46 92
f 1534 1956 120
f 1541 317 391
f 2081 2084 2083
f 146 1959 300
f 1360 1942 1361
f 985 1032 1033
f 1995 1892 2043
f 2079 2082 2081
f 2095 2076 2077
f 2081 2078 2079
f 2055 2054 2053
f 501 2095 500
f 2097 2099 2098
f 2098 2094 2083
f 2140 9345 9318
f 2141 9346 9345
f 2051 2048 2049
f 592 2101 1576
f 2071 2076 2096
f 2102 2098 2101
f 593 2102 592
f 1019 746 747
f 1950 12 1327
f 725 2096 501
f 1385 2104 1379
f 1379 2106 1384
f 2107 2100 2097
f 9360 502 9348
f 9348 499 9353
f 940 2109 944
f 928 1170 973
f 9320 684 9351
f 1962 1964 1961
f 9330 573 9349
f 2039 1968 1969
f 1389 2110 2109
f 1398 2113 1397
f 9209 9205 9195
f 9363 2107 2103
f 949 924 1115
f 260 324 326
f 1390 2113 2110
f 2070 2064 2071
f 9319 2103 593
f 2105 1421 2114
f 2114 1423 2115
f 9344 2115 9355
f 9360 2114 9344
f 554 1902 553
f 972 967 966
f 1765 1573 1574
f 1984 1986 1983
f 2053 2069 2057
f 9017 724 714
f 1625 1674 1673
f 9333 2119 2122
f 9355 2123 9356
f 56 1906 55
f 626 9331 629
f 2001 2003 2004
f 9364 2127 9359
f 2006 2008 2009
f 2127 1412 2128
f 2014 2016 2017
f 2018 2020 2021
f 1495 1947 197
f 1379 1386 1385
f 9266 1680 1618
f 2029 1884 2028
f 9354 2120 9339
f 629 9366 9324
f 682 943 1089
f 724 2121 716
f 1757 9273 9297
f 765 9296 9261
f 9303 715 9304
f 706 9322 9324
f 981 987 980
f 1457 1656 1880
f 2017 2032 2033
f 1458 1868 1457
f 1776 1792 1793
f 1959 1946 1958
f 9115 9177 9113
f 9365 2122 9302
f 1093 689 1088
f 966 968 972
f 9304 9333 9365
f 2172 2170 2171
f 670 2137 669
f 9213 1903 233
f 1429 28 1449
f 964 978 971
f 9293 1413 2127
f 1473 669 2137
f 9286 1359 1358
f 2138 1870 2137
f 1872 2137 1870
f 715 9340 9333
f 1881 1992 1880
f 9295 739 740
f 1837 8957 8958
f 253 59 85
f 1808 9292 1807
f 1647 9270 1609
f 9317 671 668
f 2112 9335 2111
f 1405 2044 1438
f 9281 1364 1366
f 273 391 249
f 576 8964 8999
f 9327 668 2031
f 1430 2140 2139
f 2136 9312 28
f 1430 18 19
f 9345 570 695
f 1442 2046 2141
f 1431 2141 2140
f 9321 9302 2136
f 9260 1817 766
f 9318 695 671
f 2142 798 2138
f 571 2142 694
f 9271 1618 1611
f 2143 2025 2142
f 694 2138 670
f 681 2144 572
f 2144 2022 2143
f 328 457 290
f 1572 2011 2144
f 630 9355 624
f 2085 2087 2088
f 2090 2092 2089
f 572 2143 571
f 1875 2153 2149
f 1873 2149 2154
f 2103 2097 2102
f 2157 2155 2156
f 2128 1414 2120
f 9326 589 582
f 9324 628 629
f 2149 2158 2159
f 2159 9357 9342
f 698 9354 705
f 9275 9279 1817
f 2158 9326 9357
f 1438 2046 1439
f 2035 2160 2161
f 2161 9341 9338
f 9323 605 589
f 9325 18 9327
f 370 61 451
f 649 413 648
f 2153 2156 2158
f 1428 1449 1450
f 1490 73 1488
f 9342 710 633
f 2155 9343 9323
f 1456 1880 1992
f 2125 2087 2124
f 2160 9342 9341
f 300 505 323
f 1064 1046 1065
f 2043 1891 2155
f 2129 2004 2003
f 2131 2133 2134
f 9300 1450 1449
f 1998 804 805
f 9331 9316 9366
f 474 490 770
f 1164 1182 1177
f 707 9361 9322
f 708 2162 707
f 2162 9338 9361
f 548 1905 458
f 1145 1114 1171
f 705 1650 704
f 2043 1977 1995
f 737 554 559
f 1034 1191 1023
f 458 1907 275
f 195 232 233
f 2040 1969 1970
f 2145 2147 2148
f 2054 2049 1645
f 9284 1639 9270
f 9 11 10
f 252 506 258
f 472 479 471
f 1865 9243 8947
f 900 910 907
f 1941 2151 1942
f 1921 1927 1919
f 2163 1898 2116
f 271 153 178
f 1904 12 9
f 282 264 460
f 1872 2154 2035
f 1326 1897 2163
f 628 693 627
f 1724 1719 1723
f 1549 436 172
f 1582 1730 1729
f 1921 1929 1928
f 9007 10 11
f 2152 1950 1949
f 475 774 771
f 769 2171 473
f 2171 476 473
f 476 772 475
f 1791 464 1760
f 2166 2168 2169
f 595 372 98
f 483 1641 482
f 762 2173 470
f 771 484 492
f 486 1809 483
f 297 1517 296
f 763 2174 762
f 776 759 489
f 184 2176 2000
f 412 303 414
f 2005 185 224
f 9263 1682 9298
f 2164 756 764
f 1472 2161 2162
f 950 964 965
f 2177 2179 2180
f 227 1510 333
f 764 467 2164
f 2182 2184 2181
f 2186 2018 2185
f 1985 2181 1986
f 214 729 1531
f 1545 1546 1569
f 865 842 866
f 849 1357 1362
f 452 1558 454
f 559 3188 737
f 16 737 3188
f 560 498 374
f 3193 3195 3194
f 3200 3198 3199
f 3211 3213 3212
f 3215 3217 3216
f 2187 2002 2001
f 3233 3235 3234
f 3223 3222 3224
f 3229 3231 3230
f 3245 3247 3246
f 2169 2189 2190
f 2192 2085 2191
f 2193 2195 2196
f 2198 2200 2197
f 1998 1979 1975
f 9116 9120 9123
f 3253 3255 3254
f 2116 1903 1902
f 1859 2009 1150
f 9356 2126 9358
f 1135 1087 1130
f 2201 2015 2014
f 1149 110 1858
f 3261 3263 3262
f 3269 3271 3270
f 3265 3267 3266
f 3229 3284 3283
f 3289 3291 3290
f 3299 3301 3300
f 3307 3264 3308
f 3293 3295 3294
f 3297 3224 3298
f 3319 3291 3320
f 3322 3318 3315
f 3314 3312 3311
f 3285 3287 3286
f 3332 3218 3215
f 3329 3330 3328
f 3324 3227 3298
f 3298 3326 3324
f 2203 2205 2206
f 579 1895 1019
f 1755 2208 1756
f 3337 3339 3338
f 9343 1893 605
f 1211 2150 1727
f 868 2210 2209
f 3347 3349 3348
f 944 930 940
f 2130 2202 2201
f 233 1898 195
f 665 750 666
f 1167 999 618
f 2211 2213 2214
f 2215 2217 2218
f 9319 590 9320
f 2220 220 2219
f 823 948 1094
f 3375 3377 3376
f 3393 3391 3390
f 3353 3357 3356
f 3363 3365 3364
f 3402 3404 3403
f 266 455 265
f 9334 2107 9335
f 2221 8963 8961
f 2223 2225 2226
f 2207 2124 2208
f 3293 3336 3286
f 673 9321 9316
f 817 996 815
f 2227 2146 2145
f 1947 646 749
f 9352 17 9325
f 2229 1638 1381
f 1679 1618 1680
f 1637 2232 2230
f 2233 1617 1616
f 2231 2236 2237
f 3406 3408 3407
f 1381 2238 1382
f 9038 2242 9039
f 3414 3341 3415
f 1630 2233 1631
f 1681 472 469
f 1408 2243 2244
f 3423 3425 3424
f 3433 3263 3307
f 3434 3430 3435
f 3440 3442 3441
f 3444 3446 3445
f 3436 3450 3439
f 3442 3456 3455
f 1637 2238 1638
f 3445 3437 3438
f 3448 3440 3449
f 1409 1634 2245
f 1380 2247 2246
f 1628 2245 1621
f 3463 3465 3464
f 3308 3462 3307
f 2249 1622 1633
f 1632 1408 2244
f 2248 1631 2250
f 3478 3480 3479
f 3509 3511 3510
f 2235 1637 1636
f 3505 3507 3506
f 3457 3199 3198
f 631 2071 725
f 515 52 49
f 782 2251 1251
f 2253 2255 2252
f 397 459 784
f 1456 2040 1455
f 2040 2036 1455
f 3434 3518 3517
f 1401 2111 1398
f 2041 1970 2026
f 3367 3338 3368
f 1535 414 1965
f 1586 2080 2079
f 2256 1132 1886
f 3528 3530 3529
f 3519 3520 3517
f 3537 3506 3538
f 3543 3545 3544
f 1700 9370 9371
f 3486 3550 3549
f 3455 3497 3563
f 3558 3559 3323
f 3456 3500 3497
f 3572 3252 3249
f 3308 3285 3569
f 3316 3574 3573
f 3575 3479 3533
f 3576 3578 3577
f 3580 3582 3581
f 3584 3586 3585
f 3505 3588 3503
f 3589 3591 3590
f 3600 3602 3601
f 3542 3595 3594
f 3604 3592 3589
f 3611 3613 3612
f 3622 3624 3623
f 3618 3620 3619
f 3626 3628 3627
f 3644 3646 3645
f 3634 3636 3635
f 3638 3641 3640
f 9267 1686 9269
f 1263 1886 1096
f 3613 3654 3614
f 598 844 599
f 2257 2259 2260
f 2258 2262 2259
f 2259 2263 2216
f 2260 2216 2215
f 1967 1970 1969
f 2212 1963 2213
f 922 2218 2217
f 1312 1101 2264
f 1307 1286 789
f 1548 1546 1972
f 2266 2268 2265
f 2265 2270 2269
f 2272 2269 2271
f 2273 2265 2272
f 2275 2277 2274
f 2278 2277 2279
f 2284 9069 9091
f 2287 2286 2281
f 2288 2283 2287
f 2290 9091 9072
f 2291 2293 2294
f 2295 2294 2279
f 2296 2291 2295
f 2297 2292 2291
f 2294 2299 2300
f 2279 2300 2278
f 2298 2302 2292
f 2292 2303 2293
f 2293 2304 2299
f 2304 2306 2299
f 2306 2300 2299
f 2308 2310 2307
f 2302 2310 2303
f 2301 2307 2302
f 2312 2307 2311
f 2313 2315 2316
f 2318 2320 2317
f 9200 2322 2323
f 2324 2273 2326
f 2313 2326 2327
f 2328 2313 2316
f 2329 2324 2328
f 2331 2333 2330
f 2330 2267 2266
f 2325 2266 2273
f 2329 2330 2325
f 2333 2335 2267
f 2336 2333 2332
f 2338 2332 2337
f 2331 2337 2332
f 2329 2339 2331
f 2328 2340 2329
f 2316 2341 2328
f 2342 2315 2343
f 2344 2346 2347
f 2341 2347 2340
f 2342 2344 2341
f 2348 2345 2344
f 2350 2352 2353
f 2339 2353 2337
f 2340 2350 2339
f 2347 2351 2350
f 2337 2354 2338
f 2353 2355 2354
f 2356 2276 2357
f 2356 2358 2359
f 2356 2296 2295
f 2279 2356 2295
f 2360 2270 2268
f 2267 2360 2268
f 2362 2364 2365
f 2362 2361 2358
f 2366 2358 2357
f 2366 2363 2362
f 2357 2368 2366
f 2366 2369 2367
f 2276 2370 2368
f 2368 2282 2369
f 2372 2374 2371
f 2375 2377 2007
f 2378 2380 2381
f 2382 2381 2383
f 2384 2378 2382
f 2385 2379 2378
f 2388 2390 2387
f 2387 2392 2391
f 2393 2387 2391
f 2394 2388 2387
f 2186 2402 2400
f 2403 2327 2326
f 2272 2326 2273
f 2271 2403 2272
f 2405 2404 2403
f 2404 2408 2327
f 2409 2411 2412
f 2409 2271 2269
f 2413 2269 2270
f 2413 2410 2409
f 2417 2416 2418
f 2417 2406 2405
f 2412 2405 2271
f 2411 2417 2412
f 2406 2407 2404
f 9013 632 713
f 2420 2397 2421
f 2420 2423 2422
f 2424 2422 2419
f 2424 2398 2420
f 2425 2392 2426
f 2421 2426 2423
f 2397 2425 2421
f 2396 2391 2425
f 2427 2315 2314
f 2427 2408 2428
f 2430 2428 2429
f 2343 2427 2430
f 2432 2430 2431
f 2431 2429 2433
f 2435 2433 2434
f 2436 2431 2435
f 2428 2407 2437
f 2422 2407 2419
f 2438 2422 2423
f 2429 2437 2438
f 2440 2433 2439
f 2441 2433 2429
f 2442 2439 2441
f 2443 2440 2439
f 2445 2444 2443
f 2447 2443 2442
f 2383 2445 2447
f 2381 2446 2445
f 2448 2423 2426
f 2449 2426 2392
f 2441 2449 2442
f 2441 2438 2448
f 2449 2390 2450
f 2450 2389 2451
f 2447 2451 2383
f 2442 2450 2447
f 2451 2453 2452
f 2452 2455 2454
f 2382 2454 2384
f 2383 2452 2382
f 2456 2373 2372
f 2459 2461 2458
f 2463 2465 2462
f 2462 2285 2284
f 2466 2284 2290
f 2467 2462 2466
f 2461 9155 9153
f 2468 2470 2471
f 2472 2471 2473
f 2474 9153 9140
f 2475 2477 2478
f 2458 2453 2479
f 2479 2389 2388
f 2395 2479 2388
f 2480 2458 2479
f 2481 2483 2478
f 2484 2485 221
f 2471 2464 2463
f 2473 2463 2467
f 2487 2466 2486
f 2486 2290 2488
f 2490 2488 2489
f 2491 2486 2490
f 2492 2467 2487
f 2493 2487 2491
f 2494 2492 2493
f 2495 2473 2492
f 9142 2474 9140
f 9143 2496 9142
f 2498 2493 2499
f 2500 2499 2501
f 9152 2498 2500
f 9139 2494 2498
f 2306 2278 2300
f 2305 2504 2306
f 2504 2507 2506
f 2506 2288 2508
f 2274 2508 2275
f 2278 2506 2274
f 9085 2489 2488
f 9072 2488 2290
f 2507 2289 2288
f 2505 2509 2507
f 2508 2287 2511
f 2511 2281 2280
f 2370 2280 2282
f 2275 2511 2370
f 2512 2489 2513
f 2514 2513 2515
f 2517 2514 2516
f 2517 2490 2512
f 2499 2491 2517
f 2499 2516 2501
f 2510 2519 2518
f 2518 2521 2520
f 9068 2520 9073
f 9084 2518 9068
f 2522 2303 2310
f 2523 2310 2309
f 2305 2522 2524
f 2524 2523 2525
f 2519 2525 2521
f 2505 2524 2519
f 2308 2527 2526
f 2526 2529 2528
f 2531 2528 2530
f 2309 2526 2531
f 1214 2151 1211
f 2419 2418 2424
f 2533 2349 2317
f 2534 2317 2320
f 2535 2533 2534
f 2536 2345 2533
f 2537 2346 2536
f 2538 2536 2535
f 2539 2537 2538
f 2540 2351 2537
f 2312 2541 2527
f 2527 2542 2529
f 2543 2434 2544
f 2545 2544 2546
f 2319 2543 2545
f 2318 2435 2543
f 2514 2548 2547
f 2547 2550 2549
f 2552 2549 2551
f 2552 2514 2547
f 2520 2554 2553
f 2553 2556 2555
f 9042 2555 9045
f 9073 2553 9042
f 2523 2531 2557
f 2557 2530 2558
f 2525 2557 2559
f 2559 2558 2560
f 2554 2560 2556
f 2521 2559 2554
f 2561 2007 2006
f 2376 2225 2377
f 2564 2566 2563
f 2563 338 2567
f 2569 2567 2568
f 2570 2563 2569
f 2572 2574 2571
f 2571 2576 2575
f 2544 2575 2546
f 2544 2572 2571
f 2578 2569 2577
f 2579 2569 2568
f 2574 2579 2576
f 2573 2577 2574
f 2581 2583 2580
f 2584 2583 2585
f 9149 2580 2584
f 9128 2580 9127
f 2582 2552 2583
f 2583 2551 2585
f 2500 2589 2588
f 2590 2589 2591
f 9145 2588 2590
f 9147 2500 2588
f 2501 2591 2589
f 2592 2594 2595
f 2386 2503 2502
f 2596 2386 2374
f 2596 2373 2597
f 2599 2597 2598
f 2599 2379 2596
f 2600 2380 2599
f 2600 2598 2601
f 2603 2601 2602
f 2603 2446 2600
f 2604 2602 2605
f 2440 2605 2434
f 2444 2604 2440
f 2606 2581 2607
f 2606 2590 2591
f 2591 2582 2606
f 9128 2456 9141
f 9141 2372 9145
f 2478 2608 2481
f 2609 2611 2199
f 2564 2613 2612
f 2612 2598 2597
f 2457 2597 2373
f 2565 2612 2457
f 2614 2570 2578
f 2615 2578 2573
f 2602 2614 2615
f 2601 2613 2614
f 2572 2605 2616
f 2616 2602 2615
f 2573 2616 2615
f 1459 1045 1021
f 1265 1079 1082
f 1612 1609 1611
f 2067 2069 2068
f 1135 1136 1148
f 1938 2618 2617
f 95 458 128
f 2058 1608 1612
f 1454 1445 1367
f 655 1048 2619
f 722 2621 723
f 3665 3634 3666
f 1131 1033 1134
f 562 366 1497
f 1723 1725 1591
f 1786 1122 1787
f 267 323 266
f 1325 1654 2038
f 1468 1435 1479
f 658 529 528
f 8 247 7
f 382 1559 3
f 3631 3680 3630
f 788 1307 789
f 940 929 928
f 911 2623 912
f 2621 655 654
f 2624 2625 2626
f 998 27 26
f 635 2626 2625
f 2627 644 1840
f 2628 1840 2629
f 1200 2627 2628
f 1199 641 2627
f 1520 49 477
f 1452 1349 1451
f 2630 1859 1858
f 644 1335 1823
f 3683 3699 3698
f 1197 717 2632
f 2632 719 1166
f 2628 1166 1200
f 2629 2632 2628
f 1762 1050 821
f 1823 873 1839
f 2634 794 652
f 1028 1027 1161
f 1042 2635 1043
f 93 1901 1924
f 2036 1458 1455
f 1527 1525 1526
f 877 1274 1277
f 134 797 1544
f 1328 931 1329
f 607 1091 1161
f 1043 2637 2636
f 2636 2639 2638
f 1275 2638 1276
f 1275 1043 2636
f 1272 2626 2640
f 2640 638 637
f 1110 2640 637
f 536 2640 2641
f 1472 1474 1473
f 2042 1951 649
f 3668 3633 3669
f 1058 1105 1059
f 2642 2643 2644
f 1192 2644 1193
f 912 2642 1192
f 9350 8970 9238
f 1049 2620 2621
f 616 1885 613
f 1331 666 750
f 990 1198 525
f 1911 321 322
f 1298 1205 2645
f 76 1504 75
f 1502 421 422
f 610 658 691
f 1146 659 938
f 2646 914 936
f 1280 1238 1279
f 975 2647 2648
f 2647 975 974
f 1453 1452 1451
f 1514 158 151
f 835 1843 1842
f 1271 1173 1289
f 2649 813 2650
f 1893 1826 1894
f 1050 1937 1051
f 2651 814 813
f 1006 1281 977
f 2653 2654 2655
f 1001 1003 1002
f 585 679 558
f 2624 621 620
f 555 2028 556
f 1207 1197 2629
f 1626 478 472
f 3729 3731 3730
f 3746 3748 3747
f 3770 3750 3753
f 426 419 1567
f 1030 1773 1031
f 9350 634 9332
f 534 138 262
f 1125 1042 1041
f 333 88 227
f 569 561 730
f 3691 3693 3692
f 1489 871 870
f 1857 620 891
f 1673 9222 9215
f 622 864 1308
f 2647 974 2657
f 619 891 620
f 261 545 262
f 393 1556 404
f 2658 2647 2657
f 1075 2657 917
f 1081 2658 1075
f 1080 2659 2658
f 2644 1141 2660
f 2660 1140 1336
f 642 1336 643
f 1193 2660 642
f 679 555 558
f 3762 3764 3763
f 1503 1500 1502
f 1318 1101 1100
f 2661 1139 1142
f 2661 2663 2662
f 2662 2659 2661
f 2662 2622 2664
f 2664 911 2646
f 2648 2646 1146
f 2648 2662 2664
f 3586 3779 3777
f 2083 2093 2081
f 1442 1437 1439
f 3732 3733 3731
f 519 330 51
f 1885 1209 613
f 799 805 804
f 1946 1952 1953
f 1302 1253 1252
f 3741 3757 3756
f 3660 3662 3661
f 566 224 533
f 1389 928 1388
f 683 681 680
f 836 1842 2665
f 2665 1845 1303
f 2666 1303 1302
f 24 2665 2666
f 831 2650 832
f 1845 1304 1303
f 2010 2012 2011
f 1051 2667 2668
f 1522 1511 1523
f 531 441 522
f 782 1251 1250
f 1250 2625 2669
f 2669 1857 1856
f 783 1856 1037
f 782 2669 783
f 720 2671 721
f 1055 1930 1056
f 1333 1251 2251
f 619 1308 1307
f 652 2619 2634
f 521 1539 1540
f 1838 537 2672
f 2672 536 2641
f 1113 2641 1110
f 1113 1838 2672
f 1016 1351 1045
f 9349 570 9346
f 226 104 101
f 9008 9279 1818
f 1036 1884 1883
f 2674 1304 2673
f 2673 1844 2675
f 1334 2675 1039
f 1333 2673 1334
f 2676 1039 2675
f 1843 2675 1844
f 942 2676 1843
f 1074 702 2676
f 811 859 858
f 752 1055 753
f 1200 656 1026
f 1120 874 2677
f 2677 877 1052
f 1241 1052 1005
f 1119 2677 1241
f 1560 151 1515
f 1208 611 523
f 215 736 214
f 1460 1462 1461
f 3717 3719 3718
f 1208 1839 873
f 854 1282 1297
f 3682 3696 3681
f 72 182 179
f 544 1565 512
f 217 456 457
f 3673 3781 3780
f 2047 930 945
f 1204 1937 2633
f 913 686 685
f 3705 3707 3706
f 840 1113 1112
f 1531 730 561
f 2678 1283 801
f 601 1914 602
f 1537 459 460
f 1819 8953 8971
f 991 862 538
f 2679 1073 1830
f 3776 3581 3582
f 2680 983 2256
f 779 2256 1263
f 778 2680 779
f 2678 1830 2680
f 180 245 40
f 1886 1131 1134
f 3766 3767 3749
f 1138 1274 1255
f 3777 3585 3586
f 1841 1140 1139
f 75 314 74
f 193 420 192
f 2681 1099 1098
f 3658 3587 3659
f 170 1565 169
f 349 417 432
f 1121 2684 2683
f 547 409 302
f 123 121 120
f 2643 1142 1141
f 1542 513 1543
f 899 907 919
f 1210 676 867
f 791 982 892
f 24 837 836
f 893 932 931
f 1860 863 862
f 535 862 861
f 3640 3683 3638
f 832 813 812
f 2650 813 832
f 1569 1547 1568
f 181 542 180
f 660 937 688
f 2013 568 2012
f 3781 3644 3782
f 887 2631 2630
f 1524 361 78
f 520 162 1529
f 2653 854 2685
f 1238 2655 2686
f 718 527 530
f 1492 518 1491
f 792 615 793
f 599 1835 596
f 290 456 175
f 312 1552 425
f 1248 1179 1249
f 153 177 178
f 1240 1222 1221
f 1257 1235 1071
f 1291 1083 1222
f 1052 1277 1053
f 743 2618 1204
f 444 430 443
f 23 1172 1187
f 2687 1180 1179
f 102 409 134
f 1283 610 801
f 373 650 651
f 1180 1084 1291
f 855 2655 1237
f 1173 1917 1174
f 2689 853 2688
f 2688 1108 1279
f 2686 1279 1238
f 2687 2688 2686
f 2691 1252 2690
f 2690 850 2689
f 1248 2689 2687
f 1248 2691 2690
f 2692 24 2666
f 2691 2666 1302
f 1247 2692 2691
f 1258 617 2692
f 394 1555 393
f 2693 1259 1223
f 1072 1262 1261
f 1257 1168 1258
f 398 1555 1554
f 871 1314 872
f 1178 1249 1179
f 1224 1173 1172
f 1010 2618 742
f 1175 1292 1269
f 2654 2686 2655
f 2694 1216 1264
f 71 1487 70
f 701 1111 1038
f 1072 2649 2650
f 1085 22 21
f 895 1264 896
f 1601 1605 1604
f 1259 1271 1289
f 21 1220 1083
f 988 538 537
f 3533 3535 3532
f 598 1336 1140
f 820 1762 821
f 1050 818 821
f 1298 1761 2652
f 1168 618 617
f 3629 3670 3628
f 858 1256 833
f 39 516 1536
f 2652 819 814
f 313 315 314
f 2026 1971 2027
f 2656 596 1835
f 814 818 811
f 2696 813 2649
f 1260 2649 1261
f 2693 2696 1260
f 2697 2651 2696
f 381 390 380
f 9270 1611 1609
f 1475 1428 1227
f 1292 1917 1235
f 1551 354 1518
f 1526 1523 1511
f 1593 1595 1573
f 1232 1246 1249
f 2695 1223 22
f 2698 1296 2697
f 2698 2693 2695
f 2685 2695 1085
f 2685 1297 2698
f 562 271 272
f 2652 1296 1298
f 1365 1364 1363
f 1958 1953 1957
f 585 2210 997
f 1561 1515 435
f 975 1146 976
f 347 68 346
f 1038 636 1068
f 2700 780 2699
f 2699 1036 1883
f 2701 1883 1829
f 851 2699 2701
f 2674 2251 2702
f 2702 781 2700
f 1253 2700 851
f 1301 2702 1253
f 1519 388 1550
f 1273 1280 2703
f 2703 1107 852
f 2701 852 851
f 1829 2703 2701
f 91 326 90
f 1784 2656 1785
f 2683 2705 2704
f 604 8943 8977
f 1669 8992 1662
f 2062 2060 2059
f 621 861 622
f 2023 732 2024
f 686 1263 687
f 857 2668 1328
f 883 882 879
f 3648 3650 3649
f 637 1111 1110
f 2668 893 1328
f 3692 3711 3691
f 2667 894 2668
f 1039 1068 1334
f 313 1504 1505
f 1911 305 453
f 1936 1964 2212
f 2707 2401 2183
f 2708 2183 2182
f 738 2116 554
f 3785 3709 3786
f 2349 2432 2436
f 2711 2020 2019
f 2400 2019 2186
f 2714 2716 2713
f 2717 2719 2720
f 2721 2723 2724
f 2726 2728 2725
f 2725 2730 2729
f 2731 2729 2709
f 2732 2725 2731
f 2734 2736 2733
f 2738 2740 2737
f 2737 2741 2742
f 2744 2746 2743
f 2745 2748 2747
f 2749 2747 2751
f 2753 2751 2752
f 2250 2246 2248
f 3417 3419 3418
f 2754 1614 2755
f 9050 2755 9061
f 9060 2747 9061
f 1617 2755 1614
f 2242 1620 2757
f 3429 3431 3430
f 2191 2760 2759
f 2761 2760 2762
f 9100 2761 9101
f 9075 2759 9100
f 3209 3354 3355
f 1395 2236 2235
f 1395 1636 1615
f 3741 3790 3740
f 1616 2229 2233
f 3410 3412 3411
f 1617 2763 2756
f 2756 9080 9060
f 2765 2234 1630
f 2766 9080 9074
f 3202 3458 3459
f 1516 435 1515
f 2768 8996 8997
f 1495 578 1424
f 2135 28 17
f 8970 2773 2774
f 1690 9378 9377
f 2778 2780 2777
f 2777 2781 2782
f 2784 2777 2783
f 8999 575 576
f 1494 9 540
f 8973 2015 9010
f 451 505 450
f 2786 2788 2785
f 2779 2785 2780
f 2789 2741 2740
f 2790 2752 2789
f 2792 2794 2791
f 2793 2796 2794
f 2796 2750 2749
f 2794 2749 2753
f 2798 1396 2754
f 9043 2754 9050
f 2798 2800 1393
f 9043 2799 2798
f 2797 2795 2801
f 2791 2753 2790
f 216 232 54
f 9256 2807 9255
f 9257 2804 9255
f 2769 9001 8996
f 183 184 97
f 2811 2775 2776
f 2804 2776 2805
f 2809 2811 2804
f 2812 2813 2814
f 9257 2816 9247
f 9248 2815 9247
f 9250 2820 2821
f 9245 2819 9250
f 2824 2735 2819
f 2823 2824 2819
f 2825 2826 2724
f 9245 2827 9244
f 9248 2826 9244
f 2713 2829 2828
f 2828 2831 2830
f 2822 2828 2830
f 2821 2713 2828
f 2832 2822 2830
f 2833 2830 2831
f 2834 2832 2833
f 2835 2827 2832
f 2837 2839 2836
f 2836 2841 2840
f 2842 2840 2727
f 2843 2836 2842
f 2840 2845 2844
f 2718 2845 2719
f 2730 2844 2718
f 2727 2844 2728
f 2846 2719 2845
f 2846 2841 2847
f 2829 2847 2831
f 2829 2716 2846
f 2847 2839 2848
f 2848 2838 2849
f 2833 2849 2834
f 2831 2848 2833
f 2850 2851 2852
f 2853 2852 2854
f 2783 2782 2855
f 2785 2853 2856
f 2780 2856 2781
f 2857 2855 2782
f 2859 2782 2781
f 2861 2842 2860
f 2860 2727 2726
f 2862 2726 2732
f 2863 2860 2862
f 2861 2858 2857
f 2843 2857 2859
f 2856 2854 2864
f 2781 2864 2859
f 2837 2859 2864
f 2838 2864 2854
f 2852 2834 2849
f 2854 2849 2838
f 2865 2818 2835
f 2851 2835 2834
f 2813 2815 2865
f 2814 2865 2851
f 2866 2814 2850
f 2788 2850 2853
f 2866 2787 2867
f 2812 2867 2775
f 1892 1890 1891
f 2720 2846 2870
f 298 256 257
f 2872 2713 2820
f 9246 2735 2734
f 2729 2874 2873
f 2846 2715 2870
f 2876 2878 2875
f 2733 2878 2734
f 9258 2879 2880
f 9258 2872 9246
f 2882 2884 2881
f 2881 2715 2714
f 2880 2714 2872
f 2879 2881 2880
f 2885 2887 2888
f 2888 2890 2885
f 2885 2892 2891
f 2893 2885 2891
f 1942 2532 2894
f 2895 2720 2870
f 2884 2870 2715
f 2883 2895 2884
f 2896 2892 2895
f 2889 2717 2890
f 2890 2720 2892
f 2897 2891 2896
f 2898 2896 2883
f 2899 2883 2882
f 2900 2882 2879
f 9249 2879 9259
f 2876 2901 2877
f 2901 2904 2903
f 1785 1835 1834
f 2905 2899 2900
f 2907 2897 2898
f 9249 2903 9251
f 632 577 633
f 8976 2867 2787
f 434 550 350
f 2768 9092 9095
f 2910 1623 2249
f 2241 2758 2242
f 9092 2913 9104
f 1623 2757 1620
f 9039 2757 9104
f 2229 1380 2250
f 2765 1629 2914
f 2915 1629 2912
f 9094 2914 2915
f 9093 2765 2914
f 2919 9094 9065
f 2918 2912 2241
f 9066 2241 9038
f 9070 9065 9122
f 8985 2180 8940
f 8965 2188 8950
f 3694 3627 3693
f 9157 714 9303
f 2925 2917 2924
f 2924 2916 2919
f 9062 2919 9070
f 9063 2924 9062
f 2926 2766 2925
f 9110 2925 9063
f 1715 1705 1710
f 785 498 796
f 1387 565 1791
f 374 1899 560
f 9017 2206 9000
f 2929 2886 2893
f 2932 2934 2931
f 1905 1908 1907
f 2930 2936 2937
f 2938 2930 2929
f 1493 517 518
f 1603 1586 1602
f 2939 2929 2908
f 2940 2908 2907
f 9117 1600 9113
f 2886 2937 2887
f 2906 2898 2899
f 2908 2893 2897
f 2942 2933 2941
f 2941 2937 2936
f 8945 2936 8957
f 8942 2941 8945
f 2943 2710 2873
f 2943 2874 2889
f 2945 2889 2888
f 2946 2943 2945
f 2932 2888 2887
f 2931 2945 2932
f 727 1929 728
f 2903 2947 2948
f 545 42 262
f 1480 533 251
f 2907 2949 2940
f 2906 2950 2949
f 1558 215 202
f 9251 2948 9253
f 2054 1644 2118
f 9157 2203 9017
f 1828 1849 1827
f 2953 2955 2952
f 2952 2957 2956
f 2956 2258 2952
f 2953 2258 2257
f 2454 2474 2496
f 9199 2959 9218
f 9199 2131 9189
f 2961 2963 2958
f 2958 2964 2959
f 222 2485 2965
f 2477 2966 2608
f 2631 2006 1859
f 2384 2496 2497
f 2967 2959 2964
f 2968 2970 2969
f 9211 2971 9236
f 9236 2960 9218
f 2972 2033 2032
f 2007 2973 2008
f 9004 2134 2133
f 1836 1832 1831
f 8950 2090 8995
f 955 959 956
f 672 674 673
f 633 713 632
f 2024 733 803
f 2025 803 798
f 425 1550 388
f 2975 888 887
f 1319 1157 2694
f 1212 2977 1213
f 889 2228 2227
f 1978 1975 1979
f 1138 1329 915
f 751 2979 2978
f 1619 1625 1624
f 2252 1728 1727
f 1157 845 1216
f 2706 1938 2617
f 2980 2254 2981
f 2982 887 2630
f 802 711 2679
f 678 2029 2028
f 527 690 528
f 1839 2629 1840
f 2983 602 1914
f 2983 1913 1331
f 2985 1331 1054
f 2986 2983 2985
f 2987 2635 2634
f 2985 2639 2986
f 2990 1318 2989
f 2991 2993 2994
f 2995 2994 2996
f 1106 2991 2995
f 1058 2992 2991
f 1415 1365 1367
f 1317 2217 2997
f 1932 2255 2980
f 926 2999 664
f 3001 2992 3000
f 3000 1057 2978
f 2999 2978 2979
f 2998 3000 2999
f 3002 2209 3003
f 3002 2996 2994
f 2993 3002 2994
f 3001 2998 3002
f 1103 2995 3004
f 3004 2996 3003
f 2209 3004 3003
f 588 3004 2210
f 295 433 381
f 2638 2988 3005
f 3005 1056 1930
f 1305 1930 1306
f 1276 3005 1305
f 1987 1993 1989
f 2633 1761 2645
f 1423 1417 1419
f 9005 739 703
f 2671 2704 2705
f 1473 2035 1472
f 922 2694 895
f 1401 1378 1384
f 556 1884 1037
f 842 9277 9288
f 1854 2617 1010
f 933 1081 1075
f 1440 1436 1437
f 529 719 530
f 1031 1027 1028
f 777 912 1871
f 2645 1204 2633
f 441 1538 1537
f 3771 3773 3772
f 790 587 586
f 2065 1610 1607
f 1860 990 902
f 60 87 59
f 1424 1948 1947
f 332 1507 331
f 261 138 135
f 187 449 507
f 1719 1726 1725
f 1931 1059 3006
f 3006 1105 1104
f 1287 1104 587
f 1286 3006 1287
f 3007 3009 3010
f 3009 653 795
f 618 26 25
f 2029 1210 1209
f 957 600 2228
f 1049 2228 600
f 2631 3011 2561
f 890 2227 3011
f 3011 2145 3012
f 2561 3012 2375
f 1026 609 608
f 2706 1961 1964
f 3013 2485 3014
f 2148 1267 3015
f 3015 1266 1311
f 2997 1101 1317
f 642 1773 1193
f 186 461 511
f 1041 1320 901
f 1121 3017 1122
f 2984 2987 3018
f 3018 2634 2619
f 1048 3018 2619
f 603 2984 3018
f 2679 801 802
f 2062 2074 2061
f 2061 2076 2064
f 414 1545 1965
f 3016 2683 3019
f 3019 2704 2670
f 3020 2670 720
f 3007 3019 3020
f 1871 1091 777
f 3021 1122 3017
f 3022 3017 3010
f 1314 3022 1315
f 1784 3021 1314
f 1316 1763 611
f 3023 3010 3009
f 3023 795 1092
f 1763 1092 1125
f 1315 3023 1763
f 3016 3010 3017
f 752 2978 1057
f 2986 2637 2987
f 3024 653 3008
f 3020 3008 3007
f 720 3024 3020
f 723 654 3024
f 2681 1268 3025
f 2671 1268 721
f 2705 3025 2671
f 1313 3027 1311
f 3026 3029 3027
f 3027 3030 3031
f 1311 3031 3015
f 2012 731 2023
f 917 974 977
f 3742 3744 3743
f 743 856 744
f 1888 2030 1425
f 2682 2684 3032
f 3032 1124 2989
f 1100 2989 1318
f 1099 3032 1100
f 1123 2989 1124
f 3033 1159 1158
f 2990 1158 1319
f 1123 3033 2990
f 1786 1834 3033
f 1054 2988 2985
f 2979 664 2999
f 2623 2663 2643
f 1095 688 687
f 3034 2261 2956
f 3036 2956 2957
f 3037 3034 3036
f 3038 3035 3034
f 3040 3026 1313
f 2263 3041 3040
f 3042 3043 3041
f 3041 3028 3026
f 3044 3043 3039
f 3046 3045 3044
f 3047 3049 3045
f 3043 3049 3028
f 3038 3051 3050
f 3050 3053 3052
f 3052 3044 3050
f 3039 3050 3044
f 3054 3039 3042
f 3042 2262 3054
f 2261 3054 2262
f 2216 2997 2217
f 2212 2667 1936
f 3056 2209 3055
f 934 1961 1854
f 2013 9209 567
f 3058 3060 3061
f 3059 3063 3060
f 3060 2213 1963
f 3061 1963 1962
f 3063 2214 2213
f 3062 3064 3063
f 3065 2260 3064
f 3064 2215 2214
f 3066 3031 3030
f 2608 3067 3066
f 2966 3068 3067
f 3031 3068 3015
f 2455 2461 2474
f 2476 2226 2477
f 8995 2089 8969
f 8970 9221 9238
f 433 355 381
f 2115 1419 2123
f 8953 2922 8971
f 9221 2131 2134
f 3069 2167 2166
f 2971 2928 2960
f 2961 2773 2962
f 3070 2478 2483
f 2610 3071 2954
f 2502 2374 2386
f 3072 2595 3073
f 2964 3052 2967
f 3048 3074 3049
f 2593 3075 3074
f 3075 3029 3074
f 3074 3028 3049
f 3072 3075 2592
f 3076 2482 2481
f 2481 3066 3076
f 3076 3030 3075
f 2967 3053 2970
f 2482 3073 2483
f 479 493 494
f 706 9325 709
f 9005 2221 8961
f 2013 9206 9207
f 8977 2016 8973
f 9006 2222 2974
f 1171 1155 1176
f 3782 3689 3783
f 2586 2565 2587
f 2982 113 2484
f 2562 3077 3068
f 2376 3012 3077
f 3012 2148 3077
f 3077 3015 3068
f 2963 3046 2964
f 3051 2970 3053
f 1683 491 775
f 9302 1447 9312
f 1986 9186 9220
f 3079 2546 2575
f 3081 2575 2576
f 1983 9220 9217
f 3082 2319 2545
f 3080 2545 2546
f 9186 3082 3080
f 9184 2323 3082
f 1309 1888 748
f 3073 2772 2771
f 2760 3084 2762
f 2760 2088 3083
f 3085 3086 3087
f 3089 3090 3088
f 3089 3084 3085
f 3092 3090 3091
f 3093 2744 2743
f 2751 2748 3093
f 3093 2752 2751
f 2742 3093 3094
f 3094 2743 3095
f 3096 3098 3087
f 3099 3087 3086
f 3097 3095 3098
f 3100 2746 3101
f 3101 3102 3100
f 2764 2927 3101
f 2745 3101 2746
f 3102 3091 3100
f 3100 3095 2743
f 2869 9044 9086
f 3102 3104 3092
f 9110 2869 9086
f 2927 3103 3102
f 3098 3091 3090
f 3087 3090 3085
f 2088 3105 3083
f 3083 3086 3084
f 2483 2771 3070
f 2401 2185 2321
f 3099 3105 3106
f 2125 3106 3105
f 3108 2742 3107
f 3107 3094 3097
f 3110 3107 3109
f 3109 3097 3096
f 3111 3096 3099
f 3112 3109 3111
f 3113 2737 3108
f 3115 2722 3114
f 3117 3114 3116
f 3119 3116 3118
f 3118 3120 3121
f 3116 3113 3120
f 3122 3111 3123
f 3122 1755 1754
f 3124 3126 3127
f 3125 3121 3126
f 3128 3118 3125
f 3129 3125 3124
f 2020 3128 3129
f 9305 1346 1352
f 1065 1047 1066
f 1814 9282 1649
f 2021 3129 3130
f 3111 3106 3123
f 3123 2207 1755
f 2377 2224 2973
f 3014 113 112
f 1756 9234 9219
f 3131 2530 2528
f 3133 2528 2529
f 1753 9219 9227
f 3134 3127 3135
f 2327 2314 2313
f 2436 2317 2349
f 2018 9163 9164
f 2534 3137 2535
f 2320 3136 2534
f 2185 9164 9223
f 3138 2542 2539
f 3134 9196 9197
f 9237 3134 9197
f 3140 2539 2538
f 2535 3140 2538
f 9163 3130 9237
f 2558 3132 3141
f 9234 3141 3132
f 2560 3141 3142
f 9212 3142 3141
f 958 2976 2981
f 1933 2980 3143
f 3714 3729 3713
f 2399 2418 2416
f 2348 2343 2432
f 2322 2319 2323
f 2718 2874 2730
f 2709 2873 2710
f 2894 1361 1942
f 3788 3720 3717
f 346 176 347
f 1876 1882 1881
f 2802 9059 9044
f 3104 3088 3092
f 2974 9101 9055
f 3089 2761 2762
f 3088 3145 3089
f 2803 9055 9059
f 9322 692 628
f 2123 1418 2126
f 1365 1368 1367
f 3346 3344 3343
f 1581 1782 1783
f 9013 2129 8964
f 8999 2002 8965
f 3146 2551 3147
f 9203 3147 9202
f 9194 3146 9203
f 3149 2585 3146
f 3196 3197 3195
f 9056 2191 9075
f 3142 2556 2560
f 9229 3150 3142
f 9098 2550 9045
f 3150 2555 2556
f 9230 3151 3150
f 9240 3152 9098
f 3153 2551 2549
f 3152 2549 2550
f 9233 3153 3152
f 9228 3147 3153
f 3148 2206 2205
f 2183 2321 2184
f 2132 2928 2133
f 3299 3321 3319
f 9136 2204 2203
f 9171 2197 9173
f 2594 2773 2951
f 2595 2951 2772
f 1870 799 1869
f 3257 3259 3258
f 9165 2178 9158
f 9158 9188 9242
f 336 9226 9174
f 339 3154 336
f 9241 3149 9194
f 9135 2584 3149
f 2963 3048 3047
f 9174 337 336
f 339 2566 2586
f 3156 2168 2167
f 2610 2167 2611
f 2954 3156 2610
f 3157 2953 2257
f 9159 2169 9161
f 2567 3159 2568
f 337 2567 338
f 9182 2166 9159
f 9216 1983 9217
f 2579 3081 2576
f 2568 3160 2579
f 9161 2190 9216
f 3065 3162 3161
f 3161 1984 2189
f 3157 2189 2168
f 2257 3161 3157
f 734 1922 806
f 3059 2708 3163
f 3163 2182 1985
f 3162 1985 1984
f 3062 3163 3162
f 3203 3205 3204
f 3806 3808 3807
f 2122 1448 1447
f 9269 1685 9264
f 139 444 69
f 1570 566 533
f 2957 3165 3036
f 2955 3164 2957
f 1912 341 1973
f 3130 3124 3134
f 1548 319 1547
f 1949 1327 1887
f 2969 3078 3167
f 3167 3169 3168
f 9176 2017 9172
f 9172 2033 9211
f 3168 3165 3170
f 3170 3164 3171
f 9231 3171 9208
f 9176 3170 9231
f 3171 3166 3172
f 3172 3071 3173
f 9204 3173 9201
f 9208 3172 9204
f 3169 3036 3165
f 2593 2962 2594
f 3173 2609 3174
f 3174 2199 2198
f 9235 2198 9171
f 9201 3174 9235
f 2190 1984 1983
f 2196 2767 3148
f 3326 3328 3327
f 2119 1414 1448
f 1464 1466 1465
f 2199 3069 2200
f 2457 2587 2565
f 2226 2562 2966
f 481 1627 1639
f 333 235 236
f 3078 3037 3169
f 3040 2997 2263
f 3351 3262 3263
f 2219 1933 2220
f 2385 2497 2503
f 221 3175 2484
f 2220 3143 3175
f 3175 2976 2975
f 2484 2975 2982
f 2954 3166 2955
f 2630 110 2982
f 1547 1952 1955
f 2091 2188 2187
f 9185 2178 2177
f 1918 1927 1926
f 9007 111 8955
f 3398 3400 3399
f 955 960 954
f 2037 112 9007
f 3143 2981 2976
f 2218 2214 2215
f 672 9239 8985
f 2152 3014 2037
f 1147 1143 1145
f 2248 1409 2245
f 1615 1635 1616
f 1410 2246 2247
f 3486 3487 3310
f 3468 3502 3501
f 3451 3452 3450
f 3177 1383 1382
f 2238 3176 1382
f 3176 2230 3178
f 1410 3179 1407
f 3179 2243 1407
f 1633 2800 2249
f 3816 3817 3814
f 1621 2758 2912
f 3642 3662 3675
f 3422 3260 3257
f 1622 2245 1634
f 2236 3181 3182
f 3793 3795 3794
f 3493 3495 3494
f 2237 3182 3183
f 3513 3515 3514
f 2250 2233 2229
f 3654 3667 3802
f 2912 1628 1621
f 3819 3821 3820
f 3432 3823 3431
f 135 1564 1563
f 1567 512 1565
f 1085 2653 2685
f 3184 868 3056
f 869 3057 934
f 3389 3387 3386
f 1266 1098 1312
f 1267 722 721
f 937 2646 936
f 2146 722 2147
f 2211 921 2667
f 1957 507 449
f 1313 2264 3040
f 1496 1493 1492
f 2681 2705 2682
f 2887 2933 2932
f 1687 1659 1694
f 145 1498 81
f 1317 1319 2694
f 3831 3830 3834
f 37 418 71
f 1935 3185 2977
f 104 301 103
f 2101 2083 2084
f 543 360 207
f 1934 3186 3185
f 234 212 237
f 9297 1822 1824
f 3825 3827 3826
f 1976 1874 1974
f 223 2219 220
f 9107 9057 9064
f 468 773 2165
f 3673 3659 3672
f 1935 1728 1932
f 3490 3840 3549
f 3362 3848 3847
f 3862 3864 3863
f 3465 3484 3868
f 3893 3525 3874
f 3352 3430 3431
f 3869 3871 3870
f 3529 3567 3564
f 3420 3922 3921
f 3304 3236 3303
f 3929 3931 3930
f 3324 3327 3561
f 3219 3939 3331
f 3220 3937 3219
f 3450 3376 3439
f 3942 3833 3941
f 3215 3454 3945
f 3946 3215 3945
f 3422 3948 3421
f 3950 3198 3196
f 3205 3957 3920
f 3261 3961 3288
f 3852 3964 3963
f 3214 3946 3958
f 3965 3214 3192
f 3797 3799 3798
f 3988 3990 3989
f 3777 3806 3822
f 3855 3447 3444
f 3737 3800 3736
f 3949 3952 3948
f 3651 3783 4000
f 4001 3787 3812
f 4019 4021 4020
f 4027 4029 4028
f 3258 4030 4027
f 4033 4035 4034
f 3424 4047 4046
f 3242 4058 4057
f 3970 3547 3971
f 3829 4057 3825
f 3333 3947 4060
f 4063 4065 4064
f 4073 4075 4074
f 3568 3443 3448
f 3981 3335 4050
f 3540 3862 3539
f 4078 4031 4032
f 3565 4088 3993
f 3442 4089 4082
f 4092 4094 4093
f 4093 4097 4096
f 3619 3623 3624
f 3660 3821 3807
f 3809 3649 3808
f 3610 3655 3613
f 3656 3623 3657
f 3621 3804 3620
f 3503 3481 3504
f 3436 3438 3437
f 3356 3427 3353
f 3628 3669 3633
f 3734 4002 3733
f 3276 3370 3369
f 3763 4107 3762
f 4006 3754 3755
f 3747 3752 3746
f 3863 4110 3992
f 3994 4003 3501
f 3653 3664 3652
f 3296 4115 3295
f 4117 4119 4118
f 3249 3251 3250
f 4127 4129 4128
f 3478 3903 3867
f 3410 3921 3922
f 3977 4038 3976
f 3216 3453 3454
f 3967 3548 3966
f 4140 4032 4039
f 3509 4149 3916
f 4151 3659 3587
f 4153 3656 3671
f 4153 3646 3672
f 4156 3645 4155
f 4139 4078 4140
f 3743 4163 4162
f 3861 3987 4166
f 3468 4067 3467
f 3306 3980 3835
f 4172 4010 4024
f 4169 3836 3835
f 4187 4189 4188
f 4213 4215 4214
f 4220 4222 4221
f 4225 4211 4204
f 4230 4232 4231
f 4240 4242 4241
f 3606 3608 3607
f 4250 4252 4251
f 4258 4260 4259
f 4077 4079 4078
f 4276 4278 4277
f 4308 4263 4309
f 4017 3872 3869
f 3196 3951 3950
f 4316 4270 4271
f 3870 4307 3869
f 4324 4326 4325
f 4333 4247 4244
f 4338 4340 4339
f 4348 4350 4349
f 4283 4289 4286
f 4356 4358 4357
f 4359 4020 4358
f 4362 4196 4197
f 4320 4279 4276
f 4370 4296 4371
f 4377 4303 4249
f 4231 4201 4178
f 4203 4331 4381
f 4037 4039 4038
f 4371 4386 4370
f 4387 4347 4314
f 3309 3294 3310
f 4099 3724 3818
f 4355 3257 4313
f 3630 3693 3627
f 4277 4302 4390
f 4350 4319 4349
f 4353 4351 4348
f 3637 3639 3638
f 4394 3827 3320
f 3311 4399 4398
f 3755 4005 4006
f 4363 4259 4260
f 3454 3919 3920
f 3446 3459 3458
f 4298 4404 4406
f 3749 3769 3766
f 3791 3756 3792
f 3643 3684 3640
f 3845 3399 3400
f 4313 3258 4312
f 4411 4408 4412
f 3843 4423 3842
f 4214 4329 4328
f 4431 4433 4432
f 3918 3798 3799
f 3927 3388 3389
f 4453 3874 3873
f 4138 4457 4456
f 3346 4459 3345
f 4100 4108 4107
f 3974 3976 3975
f 3665 3652 3664
f 3773 3993 3992
f 3945 3920 3957
f 4144 4462 4461
f 4464 4466 4465
f 3268 4479 3267
f 4484 4136 4485
f 3348 4487 3347
f 3313 3912 3913
f 3803 3617 3802
f 4086 3510 4087
f 4034 3305 4033
f 3403 4171 4489
f 4481 4492 4491
f 4177 4179 4178
f 4398 3923 3311
f 4451 4494 4450
f 4501 4076 4502
f 4509 4506 4503
f 3304 4462 4517
f 4485 3312 4484
f 3419 3349 4064
f 4356 4385 4305
f 4026 4358 4020
f 4354 4357 4358
f 3599 4091 4090
f 4341 4254 4274
f 4251 4524 4335
f 3482 3484 3483
f 3843 3544 4085
f 4295 4274 4294
f 4381 4206 4203
f 4204 4531 4225
f 4533 4535 4534
f 4542 4544 4543
f 4546 4548 4547
f 4573 4547 4548
f 4575 4577 4576
f 4221 4580 4220
f 4587 4589 4588
f 4328 4589 4214
f 4187 4563 4332
f 4595 4593 4591
f 4597 4604 4596
f 4609 4611 4610
f 4620 4622 4621
f 4612 4614 4613
f 4636 4600 4637
f 4649 4650 4648
f 4652 4654 4653
f 4662 4664 4663
f 4666 4668 4667
f 4637 4685 4684
f 4627 4700 4626
f 4684 4636 4637
f 4663 4661 4662
f 4699 4697 4696
f 4647 4703 4702
f 4709 4603 4710
f 4724 4726 4725
f 4742 4744 4743
f 3311 3924 3314
f 4698 4758 4679
f 4749 4609 4610
f 4342 4344 4343
f 4797 4799 4798
f 4490 3974 4143
f 4019 4306 3870
f 4512 4514 4513
f 3991 4508 4507
f 4692 4694 4693
f 4680 4818 4810
f 4821 4824 4823
f 4367 4243 4240
f 4833 4831 4830
f 4837 4757 4754
f 4332 4562 4561
f 4683 4819 4682
f 4845 4850 4849
f 4751 4752 4669
f 4854 4695 4692
f 4858 4718 4857
f 4822 4859 4824
f 4674 4647 4675
f 4771 4773 4772
f 4726 4537 4540
f 4714 4719 4715
f 4633 4688 4687
f 4616 4618 4617
f 4686 4842 4841
f 4869 4708 4629
f 3502 3528 3529
f 4777 4737 4745
f 4734 4779 4873
f 4883 4663 4664
f 4375 4274 4275
f 4290 4335 4524
f 4799 4826 4825
f 4816 4812 4810
f 4778 4732 4659
f 4158 4160 4159
f 4195 4197 4196
f 3860 4166 4167
f 3758 3763 3764
f 3694 4157 4156
f 4249 4391 4377
f 3467 3469 3468
f 4209 4211 4210
f 4142 4144 4143
f 3615 3617 3616
f 3479 3536 3535
f 4883 4672 4886
f 4802 4642 4643
f 3698 3638 3683
f 4105 3726 3730
f 4848 4896 4895
f 4878 4744 4837
f 4610 4748 4749
f 4036 4489 4035
f 4355 4314 4347
f 4171 4049 4048
f 3875 3216 3217
f 4868 4863 4864
f 4623 4691 4622
f 3629 4155 4154
f 4654 4898 4683
f 4012 4014 4013
f 4902 4866 4867
f 4768 4908 4906
f 4370 4385 4384
f 4888 4914 4913
f 3546 3917 3916
f 4932 4931 4919
f 3625 4151 4150
f 3804 3670 3657
f 3816 4103 4101
f 4911 4887 4912
f 4928 4927 4929
f 4925 4927 4921
f 3655 3666 3654
f 4932 4910 4911
f 4937 4912 4913
f 4939 4942 4941
f 4228 4530 4381
f 4946 4942 4947
f 4938 4923 4937
f 4942 4937 4947
f 4951 4930 4928
f 4955 4928 4954
f 4748 4615 4749
f 4914 4847 4956
f 4824 4584 4856
f 4940 4941 4943
f 4916 4960 4917
f 4909 4891 4862
f 4971 4968 4949
f 4966 4948 4944
f 4962 4953 4965
f 4940 4924 4939
f 4831 4917 4895
f 4935 4925 4924
f 4275 4261 4258
f 4679 4791 4678
f 4016 4373 4376
f 4668 4766 4795
f 4539 4727 4845
f 4929 4936 4933
f 4607 4882 4881
f 4775 4801 4802
f 4801 4742 4774
f 4732 4611 4733
f 4985 4983 4982
f 4534 4562 4533
f 4847 4645 4848
f 4788 4619 4616
f 4787 4678 4791
f 4657 4605 4597
f 4994 4878 4837
f 5006 5008 5007
f 5001 4973 4988
f 4814 4619 4785
f 5014 4974 5012
f 5003 4972 4973
f 5019 5007 5018
f 5024 5017 5025
f 5036 5035 5032
f 4990 4975 4972
f 5045 5034 5044
f 5048 5034 5035
f 5025 5014 5026
f 5046 5043 5031
f 5051 5055 5054
f 5044 5060 5059
f 5011 5021 5020
f 5013 5068 5012
f 5028 5072 5029
f 5077 5064 5065
f 5065 5079 5077
f 5083 5080 5060
f 5063 5080 5065
f 5054 5071 5078
f 4602 4711 4851
f 5058 5083 5053
f 4982 4792 4793
f 5041 5045 5061
f 3909 3278 3250
f 3471 3473 3472
f 5002 4994 4995
f 5060 5067 5059
f 4892 4862 4891
f 4891 4884 4892
f 4996 5003 5001
f 4997 5005 5000
f 4813 4614 4829
f 4618 4827 4613
f 5089 5093 5092
f 3303 3305 3304
f 5100 5102 5101
f 5107 5109 5108
f 5110 5092 5114
f 4610 4734 4874
f 5112 5100 5084
f 5088 5090 5089
f 5119 5117 5116
f 5092 5096 5089
f 3826 3829 3825
f 5108 5102 5126
f 5100 5087 5084
f 5118 5133 5138
f 3783 3690 3784
f 4444 4446 4445
f 5151 5150 5152
f 4790 4617 4813
f 4332 4190 4187
f 3266 4451 4448
f 3211 3332 3946
f 4741 4760 4652
f 4775 4777 4776
f 4764 4691 4766
f 4489 4048 4490
f 4466 4511 4497
f 4518 3930 4514
f 4786 4791 4807
f 4980 4984 4977
f 5144 5150 5143
f 5159 5148 5158
f 5121 5120 5114
f 5169 5162 5165
f 5016 4979 5017
f 5123 5179 5122
f 5181 5140 5183
f 5175 5184 5141
f 4575 4586 4534
f 4984 4976 4977
f 4596 4598 4597
f 5182 5183 5186
f 4785 4787 4786
f 5137 5122 5179
f 5167 5180 5181
f 4835 4898 4897
f 4687 4726 4633
f 4176 4170 4398
f 4760 4655 4652
f 4681 4649 4646
f 5121 5132 5131
f 5171 5178 5170
f 5174 5191 5176
f 5169 5194 5164
f 4909 5095 4907
f 5105 5112 5113
f 4767 5126 4803
f 5201 5205 5204
f 5219 5217 5216
f 5229 5200 5209
f 5234 5236 5235
f 4069 4071 4070
f 4724 4717 4713
f 5108 4768 5107
f 5103 5126 5102
f 5227 5211 5226
f 5015 4884 4885
f 4997 4892 4884
f 5197 5215 5214
f 5241 5247 5246
f 5013 5019 5018
f 5205 5232 5204
f 4969 4971 4970
f 5239 5249 5248
f 4808 5225 4809
f 5216 5199 5196
f 5253 5242 5254
f 5235 5255 5256
f 5135 5157 5134
f 5264 5267 5266
f 5245 5215 5242
f 5260 5269 5267
f 5264 5274 5265
f 5154 5173 5142
f 5287 5278 5288
f 5256 5300 5257
f 5173 5176 5175
f 4631 4629 4628
f 4781 4783 4782
f 5309 5311 5310
f 5155 5144 5145
f 4826 4827 4825
f 5291 5308 5293
f 5310 5281 5286
f 5311 5308 5288
f 4036 4176 4175
f 4641 4704 4702
f 5220 4804 5223
f 4770 5207 4905
f 5188 5175 5176
f 5180 5129 5140
f 4626 5314 5313
f 4731 5315 5317
f 5222 5210 5221
f 4728 5316 5315
f 5230 5216 5196
f 5297 5240 5241
f 5204 5208 5201
f 5318 4864 5319
f 5273 5287 5289
f 5221 5219 5230
f 4700 5321 5314
f 5313 5328 5329
f 5157 5154 5142
f 5275 5263 5265
f 5324 5318 5325
f 5323 5331 5328
f 5343 5345 5344
f 5306 5286 5282
f 5278 5311 5288
f 4882 5320 5316
f 5109 5114 5120
f 5123 5130 5129
f 5299 5284 5298
f 5240 5199 5241
f 5229 5197 5214
f 5305 5292 5293
f 5233 5225 5243
f 5192 5194 5193
f 5104 4670 4746
f 5146 5160 5145
f 5337 5347 5338
f 5347 5341 5332
f 5353 5335 5352
f 5349 5354 5352
f 5355 5357 5354
f 5358 5360 5359
f 5355 5348 5360
f 5342 5365 5364
f 5345 5362 5344
f 5332 5367 5331
f 5372 5315 5316
f 5370 5366 5369
f 5361 5354 5357
f 5364 5368 5367
f 5369 5362 5370
f 5316 5330 5372
f 5373 5371 5372
f 5341 5364 5332
f 5374 5359 5373
f 5329 5375 5330
f 5377 5379 5378
f 5377 5331 5367
f 5380 5367 5368
f 5363 5370 5362
f 5357 5374 5381
f 5381 5361 5357
f 4814 4825 4827
f 4825 4816 4799
f 4806 4747 4805
f 5119 5131 5118
f 4696 4893 5387
f 4696 5390 4699
f 5213 5388 5387
f 5393 5388 5394
f 5380 5384 5379
f 5213 4893 5212
f 4813 4908 4790
f 5390 4693 4694
f 5294 5287 5295
f 5184 5186 5183
f 5285 5253 5254
f 4769 4790 4908
f 5327 5359 5360
f 4598 4690 4656
f 4608 4733 4611
f 4627 4609 4839
f 4596 4851 4711
f 4900 4706 4707
f 4668 5395 4667
f 4863 4639 4601
f 5392 4666 4667
f 4872 4651 4807
f 4807 4758 4872
f 5348 5325 5326
f 5176 5190 5188
f 5046 5022 5023
f 4853 4869 4870
f 5346 5363 5362
f 4709 4620 4599
f 4672 4904 4886
f 4680 4651 4649
f 4841 4688 4686
f 4823 4818 4821
f 4729 4602 4851
f 4881 4851 4604
f 5360 5326 5327
f 4852 4707 4869
f 4890 4669 4666
f 5392 5389 5393
f 5189 5186 5187
f 4881 4605 4607
f 5343 5369 5366
f 4607 4625 4882
f 5056 5052 5057
f 4850 4798 4894
f 3260 5398 3259
f 4855 4899 4871
f 5339 5366 5342
f 4789 4808 4677
f 5400 3948 3952
f 3872 4046 3871
f 4018 3424 3872
f 4025 4172 4024
f 4011 4024 4010
f 4065 3900 3901
f 3413 4013 3412
f 5056 5069 5070
f 5055 5070 5071
f 4062 5399 4061
f 5269 5294 5268
f 4685 4903 4846
f 5254 5240 5296
f 4606 4658 4733
f 4729 4882 4728
f 4030 4043 4029
f 4664 4753 4883
f 3575 3904 3903
f 3413 3922 3426
f 4949 4955 4934
f 4947 4913 4914
f 4849 4894 4856
f 4143 3975 4142
f 4912 4932 4911
f 3774 3995 3994
f 3956 3342 4168
f 4871 4758 4759
f 4270 4272 4271
f 4039 5400 4140
f 3555 5402 3554
f 5403 3906 3907
f 3908 3823 3907
f 4124 5408 5407
f 3901 4046 4047
f 4120 5410 5409
f 4124 4125 4123
f 5420 5404 5421
f 5424 5425 3557
f 3400 5428 3845
f 5432 5435 3226
f 4941 4945 4944
f 4935 4949 4934
f 3895 3897 3896
f 5426 4121 5418
f 5430 3906 5420
f 4045 5398 4062
f 5395 5392 4667
f 4846 4701 4840
f 4880 4710 4879
f 4624 4608 4609
f 4656 4662 4661
f 5305 5309 5304
f 5220 5222 5221
f 4230 4327 4324
f 5030 5028 5027
f 5213 5211 5210
f 5440 3269 5441
f 4396 3980 5444
f 5447 3244 3241
f 3328 5451 5396
f 4208 4248 4207
f 4599 4621 4598
f 4528 4391 4208
f 4529 4199 4207
f 4526 4339 4528
f 4256 5452 4532
f 4532 4241 4242
f 3834 5446 3831
f 5443 5444 4050
f 4530 4334 4206
f 4754 4904 4837
f 4229 4381 4331
f 4205 4383 4531
f 4892 4987 4861
f 4039 3976 4038
f 4738 4796 4741
f 4833 4897 4832
f 4232 4200 4201
f 4194 4241 4193
f 4889 4750 4748
f 4194 4365 4368
f 4531 4195 4238
f 5043 5062 5031
f 4182 4561 4180
f 5446 3241 3831
f 5237 5248 5236
f 4206 4382 4205
f 5210 5218 5219
f 3426 3417 3425
f 4216 4192 4215
f 4219 4184 4185
f 4180 4380 4179
f 4327 4591 4326
f 4223 4231 4222
f 4215 4360 4329
f 4186 4218 4185
f 4190 4209 4189
f 4223 4595 4327
f 4326 4328 4329
f 4366 4568 4186
f 4570 4549 4569
f 4579 4548 4570
f 4563 4533 4562
f 4583 4220 4580
f 4586 4561 4562
f 4239 4363 4243
f 4572 4567 4564
f 4536 4585 4535
f 4538 4566 4541
f 4536 5453 4538
f 3573 3983 3316
f 5427 3552 3556
f 4553 4588 4552
f 4593 4555 4592
f 4368 4183 4227
f 4361 4235 4236
f 4233 4527 4232
f 4233 4324 4237
f 4212 4330 4331
f 4237 4325 4236
f 4193 5452 4361
f 4983 4885 4792
f 5002 4986 4993
f 5074 5076 5075
f 4698 5391 4759
f 5391 5390 4694
f 4871 4650 4872
f 4546 4543 4544
f 4553 4901 4574
f 4552 4555 4556
f 5223 4805 5394
f 5386 5383 5363
f 5317 5371 5327
f 3240 4429 3377
f 5384 5381 5379
f 3938 3218 3937
f 3942 5455 5454
f 5361 5386 5356
f 4542 4541 4545
f 3910 5420 3428
f 3939 4060 3940
f 3851 5351 5454
f 3838 3556 3837
f 4547 4857 4546
f 5442 4050 3335
f 3385 5428 5429
f 4257 4235 4256
f 5312 4893 4809
f 4212 4204 4211
f 3854 5461 4392
f 4226 4210 4211
f 4202 4178 4201
f 3316 3897 3315
f 5464 4432 4433
f 5465 3883 4432
f 4472 4449 4450
f 4501 4450 4494
f 4074 4080 4077
f 5473 5401 4173
f 4173 5475 5473
f 3432 3520 5413
f 3462 5504 3461
f 4075 4494 4080
f 5482 3387 3392
f 5468 5470 5469
f 3427 5422 3523
f 4498 4487 3386
f 5403 5414 4128
f 3382 5522 3873
f 3492 5511 3491
f 3429 3517 3520
f 3873 5524 4453
f 5480 3350 3347
f 3477 5505 3462
f 4507 5544 4475
f 4396 5551 4051
f 3374 5553 3373
f 3373 5554 3390
f 5479 4063 3350
f 3390 5555 3393
f 5531 5566 5565
f 3368 5567 3367
f 5556 5560 5559
f 3393 5557 5556
f 4433 5463 5464
f 5464 5458 5456
f 4435 4439 3380
f 4055 3277 3274
f 3273 3911 3370
f 3395 3358 3394
f 5486 4071 5484
f 5526 4453 5524
f 5525 5569 5566
f 5568 3527 5567
f 3527 3847 3366
f 3365 3849 5462
f 5462 3850 5459
f 4435 5571 4430
f 3378 3943 3944
f 5573 5577 5574
f 4438 3943 3379
f 5477 5579 5476
f 5582 5580 5579
f 5583 5581 5584
f 5586 5588 5587
f 4074 5586 4073
f 5583 5474 5473
f 4507 5590 3991
f 5573 4522 4520
f 3989 5596 3988
f 5594 3407 5593
f 4436 5572 5571
f 5591 3991 5590
f 4507 4476 5589
f 3990 5587 5588
f 5578 3406 5577
f 5595 5584 5581
f 5484 3358 5486
f 4441 5467 3882
f 5472 4077 4139
f 5522 5570 5524
f 5486 3353 3524
f 5481 3386 3387
f 3475 5492 3518
f 5476 3899 5477
f 5540 5606 5603
f 5542 5603 5607
f 5608 5542 5607
f 5608 5545 5544
f 5607 5609 5545
f 5599 5548 5612
f 5598 5543 5608
f 5595 5593 5596
f 5588 3989 3990
f 5626 3266 5627
f 5627 4448 5628
f 5469 4469 5468
f 4515 5625 4491
f 4503 4474 4509
f 4481 5627 4480
f 4500 5469 5470
f 3414 5466 5465
f 5594 5581 5582
f 3376 4430 5571
f 3444 3941 3855
f 5572 3444 3445
f 4273 4287 4272
f 4345 4357 4344
f 4386 4305 4385
f 4517 4463 5625
f 4352 4319 4379
f 4352 4251 4336
f 4268 4390 4388
f 4264 4320 4323
f 4346 4282 4283
f 4337 4343 4344
f 4289 4245 4288
f 4303 4287 4288
f 4343 4291 4342
f 4284 4244 4289
f 4375 4291 4294
f 4379 4271 4272
f 4337 4348 4336
f 4524 4295 4290
f 4364 4197 4279
f 4285 4390 4302
f 5206 5208 5207
f 4297 4371 4296
f 4346 4286 4273
f 4285 4333 4284
f 3571 4395 5460
f 5341 5339 5342
f 5346 5334 5335
f 5269 5273 5289
f 4510 5609 5610
f 4509 5545 5609
f 4445 5611 5546
f 5566 5568 3368
f 5349 5338 5348
f 5489 3401 3398
f 5565 3368 3338
f 5496 5417 5630
f 5523 3383 5634
f 5325 5347 5324
f 5523 5599 5522
f 5429 3401 5633
f 3887 5631 5630
f 5634 5600 5523
f 5276 5279 5277
f 5298 5257 5300
f 5087 5085 5084
f 3361 5612 5548
f 5041 5066 5040
f 5487 3383 3384
f 5101 5130 5100
f 5299 5300 5303
f 5333 5335 5334
f 5302 5304 5303
f 5234 5216 5217
f 5301 5255 5258
f 4868 5322 4867
f 5281 5277 5279
f 5323 5322 5324
f 5298 5296 5297
f 4885 4750 4792
f 5231 5196 5197
f 4625 5313 5320
f 5111 5085 5098
f 5600 5549 5548
f 5531 5563 5527
f 5165 5182 5189
f 5283 5285 5284
f 4269 4277 4268
f 5610 5603 5606
f 5127 5091 5128
f 4907 5125 4906
f 5277 5272 5262
f 5596 5592 5598
f 5212 5226 5211
f 5273 5262 5272
f 5302 5258 5292
f 5635 5645 5640
f 4250 4379 4378
f 4485 3405 3402
f 4354 4023 4351
f 4265 4304 4386
f 4388 4282 4387
f 4345 4384 4385
f 4362 4297 4259
f 4836 4612 4828
f 4360 4236 4325
f 4369 4237 4234
f 5647 3986 3573
f 5650 3192 3189
f 5337 5336 5333
f 4467 4477 4466
f 4253 4340 4252
f 4429 5457 4428
f 3997 3915 3540
f 5535 3839 3982
f 5538 4460 4456
f 3439 5571 3438
f 5570 5526 5524
f 3438 5572 3445
f 4440 3879 3876
f 3440 4407 3449
f 3886 5695 5694
f 5534 5396 5451
f 5685 3471 5684
f 4278 4301 4302
f 5628 4449 5469
f 3579 3538 3578
f 4480 5628 4500
f 4402 5517 5518
f 4279 4198 4278
f 3603 3532 3602
f 3580 4088 4090
f 4095 3531 4094
f 5248 5251 5250
f 3778 3999 3776
f 4617 4613 4614
f 4375 4372 4519
f 3411 4136 3410
f 5094 5111 5097
f 3602 3535 3605
f 4023 4350 4351
f 4349 4336 4348
f 3605 3536 3592
f 4469 4471 4470
f 4094 3593 4097
f 4248 4245 4246
f 3519 5518 5517
f 5254 5284 5285
f 4852 4795 4766
f 4265 5629 4264
f 5632 5503 5631
f 3604 3612 3601
f 5549 5502 3360
f 3653 3607 3661
f 4780 4873 4779
f 4988 4979 4976
f 4491 5626 4481
f 4837 4995 4994
f 4615 4765 4749
f 5468 4470 4504
f 3514 3467 3513
f 5491 4409 5679
f 4093 3619 4092
f 4364 5629 4297
f 3488 5509 3487
f 5606 5611 5610
f 4210 4189 4209
f 4600 4602 4601
f 5242 5198 5240
f 5073 5075 5072
f 5651 3940 4060
f 3996 3775 3998
f 5200 5202 5201
f 5525 5527 5526
f 3364 4434 3363
f 3775 3542 3581
f 3941 5485 3855
f 3731 4105 3730
f 4997 4999 4998
f 4508 5608 5544
f 4101 3818 3816
f 3728 4103 3727
f 4591 4592 4328
f 4539 4538 4537
f 4550 4552 4551
f 4541 4567 4545
f 4389 4570 4568
f 4582 4580 4576
f 4976 4978 4977
f 4705 4707 4706
f 4797 4843 4844
f 3713 3730 3726
f 4675 4702 4704
f 4977 4981 4980
f 4810 4817 4816
f 4786 4812 4785
f 4715 4628 4714
f 4978 5021 4981
f 5010 5006 4991
f 3722 4162 4161
f 4558 4560 4559
f 4568 4569 4218
f 4584 4535 4585
f 4641 4715 4716
f 5026 5012 5068
f 4776 4745 4742
f 4714 4712 4713
f 4982 5001 4985
f 4576 4560 4582
f 4564 4566 4565
f 5069 5018 5029
f 5057 5048 5047
f 4810 4811 4680
f 3710 3786 3709
f 4991 4999 5010
f 5011 5010 5004
f 5008 5022 5027
f 5066 5063 5040
f 5047 5024 5025
f 5050 5051 5053
f 5023 5016 5024
f 5045 5059 5061
f 5047 5026 5057
f 3711 3724 3721
f 5048 5037 5047
f 5042 5063 5062
f 5058 5051 5054
f 5036 5046 5037
f 3715 3700 3714
f 5235 5257 5246
f 3732 3704 3702
f 5030 5062 5064
f 5020 5023 5022
f 5263 5261 5260
f 5049 5044 5034
f 5236 5250 5255
f 5031 5027 5022
f 5043 5039 5042
f 5320 5329 5330
f 5049 5052 5051
f 5326 5317 5327
f 3264 3288 3285
f 5264 5263 5260
f 4998 4992 4987
f 5009 5020 5008
f 5036 5039 5038
f 5032 5034 5033
f 4355 3949 3422
f 4269 4374 4323
f 4253 4378 4303
f 4525 4252 4340
f 3960 4111 3866
f 4372 4258 4296
f 5681 5673 5675
f 4378 4272 4287
f 4270 4346 4273
f 3244 5644 5643
f 4899 4648 4650
f 3734 3702 3810
f 4138 3343 4137
f 4192 4361 4360
f 3813 3812 3810
f 3817 3696 3814
f 5668 5682 5674
f 5690 5687 5684
f 5499 5700 5517
f 3999 3820 3577
f 3745 4102 4106
f 5684 3472 5690
f 5702 3860 5703
f 5712 5693 5670
f 3249 4393 3572
f 5695 5715 5694
f 5694 5716 5696
f 5719 5601 5602
f 4918 4950 4952
f 4774 4743 4773
f 3844 5605 3735
f 5505 4411 5504
f 3583 3585 3582
f 3710 4157 4160
f 5513 4417 5508
f 5704 4146 5709
f 4141 4062 4049
f 5669 5688 4410
f 3898 5653 5450
f 5718 3972 5719
f 5684 5686 5685
f 3917 5717 3512
f 3463 5662 5660
f 5492 5680 5491
f 4931 4950 4919
f 5665 3441 5663
f 3788 3740 3790
f 3501 3529 3994
f 3569 3477 3308
f 5516 5727 5515
f 3564 3566 3565
f 3892 5406 3889
f 3962 5407 3961
f 4126 4123 4125
f 4116 3287 5411
f 3892 5630 5417
f 3824 5413 5414
f 4408 5680 4412
f 3969 3978 5402
f 4408 3449 4407
f 4414 3449 4413
f 3962 3262 4125
f 4425 5616 4321
f 4418 5727 4419
f 5716 5575 5696
f 5719 5717 5718
f 5698 5692 5697
f 3880 4166 3987
f 5652 5520 5619
f 5621 4167 4166
f 5679 4410 5688
f 3210 3355 5618
f 5622 5451 5657
f 5416 5497 5624
f 5729 5731 5730
f 5733 3761 3758
f 5735 5737 5736
f 5750 5751 5734
f 5744 5740 5741
f 5744 3753 5746
f 5753 5730 5731
f 5757 5736 5737
f 5731 5765 5753
f 5774 5776 5775
f 5790 5792 5791
f 5796 5787 5797
f 5817 5819 5818
f 5828 5830 5829
f 3725 3751 3747
f 4874 4873 4875
f 4700 4903 4902
f 4740 4876 4739
f 3199 3201 3200
f 4100 4099 4101
f 3749 4108 3748
f 3695 3712 3692
f 3378 3380 3379
f 5504 4412 5507
f 4405 5518 5699
f 5838 5835 5836
f 4705 4712 4708
f 5832 5828 5833
f 5697 5678 5698
f 3791 4005 3790
f 5848 5794 5850
f 3714 3701 3704
f 3995 4042 3890
f 3329 3224 3222
f 4005 3705 4004
f 4551 4763 4550
f 5855 5808 5856
f 5851 5792 5852
f 5803 5858 5847
f 5844 5840 5845
f 5762 5743 5740
f 5808 5806 5807
f 4012 3426 3423
f 5558 3467 4067
f 4550 4720 4901
f 4950 4953 4952
f 3885 5694 5696
f 5705 4081 4082
f 5508 4415 5505
f 3745 3760 3744
f 5507 5680 5506
f 3592 3588 3591
f 3895 5658 5653
f 5613 5501 5549
f 3834 4393 4055
f 5527 4455 5526
f 5775 5809 5774
f 5766 5813 5810
f 5858 5812 5859
f 5855 5811 5858
f 5863 5819 5862
f 5826 5863 5829
f 5862 5833 5828
f 5870 5837 5845
f 5782 5831 5832
f 5868 5836 5873
f 5778 5843 5844
f 5866 5845 5840
f 5785 5867 5784
f 5790 5789 5793
f 5796 5794 5795
f 5821 5819 5820
f 5657 5620 5622
f 5793 5852 5792
f 5855 5801 5798
f 5853 5786 5796
f 5804 5802 5803
f 5827 5864 5822
f 5767 5821 5813
f 5854 5776 5777
f 5860 5818 5861
f 5782 5825 5785
f 5781 5844 5834
f 5810 5815 5816
f 5867 5830 5784
f 5809 5798 5799
f 5828 5863 5862
f 5865 5838 5868
f 5801 5802 5800
f 4086 3795 4149
f 5779 5842 5843
f 5827 5829 5830
f 5839 5869 5835
f 5814 5855 5856
f 5711 3859 5702
f 4958 4917 4960
f 5861 5821 5768
f 5863 5812 5820
f 5865 5823 5824
f 5873 5837 5871
f 5872 5842 5780
f 4089 3563 5704
f 3812 3785 3811
f 5770 5787 5788
f 5789 5847 5846
f 5793 5846 5849
f 4145 4146 3498
f 5848 5790 5791
f 3953 4009 3952
f 5748 5874 5747
f 4624 4626 4625
f 4665 4752 4664
f 4775 4779 4778
f 4746 4671 4747
f 4637 4601 4639
f 4828 4613 4827
f 4704 4762 4675
f 4843 4727 4687
f 4543 4725 4542
f 4731 4863 4730
f 4723 4558 4722
f 4842 4840 4838
f 4717 4857 4718
f 4865 4867 4866
f 5841 5866 5840
f 4725 4540 4542
f 4798 4816 4817
f 4632 4634 4633
f 4720 4715 4719
f 4642 4644 4643
f 3754 5874 5876
f 4860 4644 4847
f 4674 4722 4721
f 4808 4676 4677
f 4721 4822 4821
f 5876 5877 5746
f 4836 4840 4839
f 4658 4660 4659
f 4826 4800 4838
f 4877 4743 4744
f 4948 4971 4943
f 4875 4876 4889
f 4954 4934 4955
f 5773 5788 5790
f 5825 5833 5824
f 5834 5836 5835
f 5834 5845 5837
f 3359 3361 3360
f 5732 3756 3757
f 3394 3396 3395
f 3766 5741 5742
f 5774 5799 5777
f 5805 5857 5802
f 5813 5820 5812
f 3969 3964 3968
f 5667 5674 5666
f 5729 3792 3756
f 3770 5741 3769
f 4741 4739 4738
f 4689 4660 4661
f 5772 5787 5771
f 5735 3758 3764
f 5850 5773 5848
f 5617 3965 5650
f 5799 5854 5777
f 5875 5764 5879
f 5840 5842 5841
f 5861 5769 5860
f 5807 5853 5851
f 5869 5834 5835
f 3765 5739 5738
f 5882 5761 5759
f 5881 5887 5889
f 5895 5898 5897
f 5907 5906 5908
f 5909 5908 5910
f 4234 4526 4369
f 3912 3389 3914
f 5934 8730 8729
f 8730 5930 5931
f 4920 4922 4921
f 8845 8853 8851
f 4141 3404 4174
f 3733 3706 3731
f 8849 8848 8850
f 4234 4236 4235
f 8863 5919 8862
f 3733 4004 3705
f 5908 8859 8867
f 8865 8871 8870
f 8859 8863 8864
f 5927 5925 5928
f 5911 5904 5912
f 8878 8866 8879
f 5635 5637 5636
f 5745 5746 5877
f 3552 3554 3553
f 8857 8890 8875
f 5924 8860 5923
f 3553 3556 3552
f 5919 8861 8862
f 8869 8870 8891
f 8873 8878 8876
f 8856 8875 8874
f 8862 5889 5887
f 8846 8844 8843
f 8864 8866 8865
f 8729 8883 8884
f 8848 8887 8886
f 8878 5888 8893
f 8896 8855 8897
f 8853 8896 5885
f 8841 5882 5883
f 3489 3491 3490
f 8867 8864 8868
f 5910 8867 8898
f 5914 8898 8899
f 5916 8899 8900
f 5889 8860 5890
f 8876 8893 8894
f 5918 8900 8901
f 4424 5726 4423
f 8904 8900 8899
f 8909 8904 8905
f 8908 8903 8904
f 8869 8905 8868
f 3632 3667 3635
f 3687 3689 3688
f 3636 3681 3631
f 3664 3639 3665
f 4304 4306 4305
f 8909 8891 8910
f 3681 3695 3680
f 3758 3760 3759
f 3684 3700 3683
f 3721 3723 3722
f 3941 3943 3942
f 3738 3740 3739
f 3687 3709 3690
f 3238 3938 3220
f 4249 4288 4245
f 4499 3344 4464
f 4240 4368 4367
f 3453 3951 3919
f 4401 3547 3967
f 3950 3451 3436
f 3702 3701 3703
f 3725 3727 3726
f 3194 3208 3193
f 4034 4461 4462
f 3914 3913 3912
f 3483 3533 3482
f 3191 3957 3206
f 4292 3970 4293
f 3909 3428 3356
f 3959 3866 3867
f 4017 4309 4016
f 4316 4008 3953
f 4448 4450 4449
f 4414 4417 4416
f 3435 3351 3433
f 4413 4415 4414
f 3899 3901 3900
f 3780 3648 3809
f 3474 3886 3885
f 3958 3192 3214
f 3221 3935 4427
f 3905 3907 3906
f 3913 4486 3313
f 4420 4421 4085
f 3881 3883 3882
f 4004 3790 4005
f 4271 4318 4316
f 4259 4296 4258
f 3501 4066 3468
f 5897 5900 5899
f 5901 5904 5903
f 8854 8856 8855
f 3789 3786 3720
f 3651 3781 3782
f 5924 5901 5925
f 8870 8873 8872
f 8876 8874 8873
f 5912 5918 5911
f 3805 3799 3737
f 3369 3395 3396
f 3923 3925 3924
f 3916 3512 3509
f 3641 3801 3642
f 4276 4323 4320
f 4181 4331 4330
f 4428 3377 4429
f 3495 4321 4322
f 4436 3380 3381
f 4430 4437 4435
f 3945 3958 3946
f 4065 4047 3418
f 4495 3408 4496
f 8913 8915 8914
f 8911 8917 8916
f 8889 8923 8890
f 8919 8931 8921
f 8884 8918 8885
f 8922 8931 8925
f 5852 5909 5851
f 5866 5915 5917
f 8926 8914 8915
f 8914 8883 8913
f 8886 8921 8888
f 5846 5894 5891
f 5873 5900 5868
f 8893 5764 5754
f 8894 5754 5753
f 5890 5927 8936
f 5885 5755 5758
f 5871 5902 5873
f 5763 5883 5762
f 5880 8936 5763
f 4175 4398 4399
f 4274 4255 4275
f 8883 5931 8882
f 8868 8898 8867
f 3289 3247 3292
f 3858 5485 5921
f 8850 8886 8888
f 4116 5409 4115
f 3889 4127 5415
f 3678 8938 8937
f 8857 8888 8889
f 3979 3294 3295
f 4126 3431 3823
f 3651 3679 3650
f 3460 5921 3354
f 4084 3310 3487
f 8905 8899 8898
f 3561 5397 5656
f 3213 5528 5519
f 4191 4193 4192
f 5449 5532 5533
f 4142 4031 4479
f 4060 5652 5651
f 4480 4482 4481
f 5519 3212 3213
f 5657 3330 3940
f 4473 4475 4474
f 3514 5668 5667
f 5663 5669 5665
f 8881 5926 8880
f 5734 5749 5750
f 4788 4677 4678
f 3997 3538 3506
f 3551 3310 3294
f 3577 3998 3999
f 4893 4676 4809
f 4753 4671 4672
f 8729 8885 8843
f 3813 9021 8937
f 8938 3813 8937
f 8882 5929 8881
f 4098 3820 3821
f 3399 5416 3398
f 5494 5503 4403
f 5880 5878 5881
f 4986 4861 4987
f 4999 5004 5010
f 4985 4988 4976
f 5816 5766 5810
f 4372 4384 4519
f 5688 5692 5679
f 8903 8901 8900
f 8879 5887 5888
f 8902 8880 8901
f 5919 5895 5920
f 4519 4342 4291
f 8847 8854 8853
f 5925 5903 5926
f 4021 4523 4025
f 5678 5676 4406
f 4424 4085 4421
f 5701 3577 3820
f 5928 5926 5929
f 5000 4980 5004
f 9022 3545 4113
f 9024 5409 5410
f 4008 4010 4009
f 3931 4516 4513
f 3822 3807 3821
f 8851 8844 8845
f 5728 5509 5721
f 9025 4115 5409
f 5209 5201 5208
f 4820 4653 4682
f 3988 5598 4508
f 3370 3357 3395
f 5639 5641 5640
f 5592 4477 5543
f 3378 5572 3381
f 5625 3265 5626
f 5594 5577 3406
f 3302 5645 3301
f 3274 3278 3273
f 5207 5233 5243
f 5071 5072 5075
f 4815 4785 4812
f 4796 4643 4760
f 3243 5643 5648
f 5301 5303 5300
f 5431 5655 5654
f 5251 5244 5252
f 3353 3523 3524
f 4174 3405 3411
f 3546 4113 3545
f 4002 3788 4004
f 4196 4238 4195
f 3232 5647 3231
f 4373 4266 4310
f 4867 5321 4902
f 5648 4058 3243
f 4455 3893 4453
f 5593 4511 5592
f 5275 5252 5253
f 5252 5274 5251
f 4092 3624 3597
f 3723 3743 3722
f 4780 4802 4796
f 4059 3560 5425
f 4317 4347 4270
f 5188 5192 5187
f 5570 5612 5569
f 3385 5633 3384
f 3526 5569 5612
f 3576 3608 3590
f 3581 3594 3580
f 5239 5238 5232
f 5081 5083 5082
f 4369 4528 4527
f 4325 4329 4360
f 3569 3286 3336
f 9022 4112 5709
f 3661 3801 3653
f 5074 5030 5064
f 5064 5063 5065
f 3563 3498 4146
f 3961 4119 5411
f 4854 4870 4735
f 5018 5028 5029
f 5007 5027 5028
f 5040 5039 5041
f 3240 3875 3239
f 5070 5029 5072
f 3504 3866 4111
f 3537 3591 3588
f 5033 5039 5032
f 4710 4635 4879
f 5017 4989 5014
f 5024 5046 5023
f 4991 5019 4990
f 4587 4574 4573
f 4996 4793 4878
f 5066 5059 5067
f 5221 5231 5220
f 5068 5057 5026
f 3675 3643 3642
f 3663 3675 3662
f 4722 4559 4822
f 3579 3590 3591
f 3686 3677 3678
f 4422 3499 4419
f 5142 5138 5133
f 5078 5075 5076
f 3609 3590 3608
f 3288 5411 3287
f 5424 5410 3246
f 5152 5156 5172
f 3960 5709 4112
f 4946 4957 4958
f 3867 5705 3959
f 9026 4113 5710
f 5192 5189 5187
f 5161 5194 5171
f 3637 3682 3636
f 4392 3847 3848
f 3796 4149 3795
f 4104 3727 4103
f 3594 3993 4088
f 3796 4134 5710
f 3687 4156 4157
f 3760 4164 4165
f 4464 3345 4467
f 3485 3868 3484
f 3846 5423 4130
f 3409 4496 3408
f 3767 3765 3762
f 3711 4159 4160
f 3797 4087 3510
f 4072 5562 5560
f 4502 5590 5589
f 5408 9027 4118
f 5683 5714 5682
f 5702 4110 5711
f 5623 4148 4167
f 5428 3525 3522
f 3668 3802 3667
f 4000 8938 3679
f 4221 4179 4380
f 4267 4388 4315
f 3721 4161 4159
f 3903 5706 5705
f 3583 4090 4091
f 3894 3524 3525
f 4635 4636 4634
f 4173 4009 4010
f 4890 5393 5394
f 5290 5293 5292
f 5339 5337 5333
f 5458 4438 4439
f 3251 5430 3910
f 3252 5419 3251
f 3428 5421 3427
f 3571 5418 3252
f 4583 4554 4593
f 4239 4224 4238
f 3322 5450 5449
f 5309 5306 5304
f 4109 3748 4108
f 5707 3794 3795
f 5139 5183 5140
f 5271 5290 5259
f 5280 5282 5279
f 5110 5125 5115
f 5319 4731 5317
f 5334 5339 5333
f 5423 3523 5422
f 5376 5378 5375
f 4721 4646 4674
f 3719 4159 4161
f 4853 4692 4795
f 5373 5330 5375
f 4428 5456 4437
f 5376 5328 5331
f 3337 4434 4431
f 4692 5395 4795
f 5475 4523 5476
f 5478 4068 4522
f 5421 4129 5422
f 5374 5375 5378
f 5283 5306 5282
f 5246 5234 5235
f 5154 5150 5153
f 4458 5561 4457
f 5163 5158 5168
f 5381 5378 5379
f 3397 5484 5483
f 4457 5563 5537
f 5147 5150 5149
f 4474 5544 5545
f 5325 5319 5326
f 5223 5388 5222
f 5517 3521 3519
f 4499 3347 4487
f 5404 4128 4129
f 3476 5506 3475
f 4084 5515 4083
f 3900 5477 3899
f 5536 5547 5546
f 5491 5493 5492
f 5474 4139 5401
f 4063 4522 4068
f 4459 5541 5540
f 5548 3360 3361
f 5444 5550 4396
f 3888 5415 5412
f 5546 3339 4445
f 5536 5538 5537
f 3570 5508 3477
f 4471 5589 4476
f 4280 3359 5933
f 5499 4403 5503
f 5189 5169 5165
f 5543 4478 5542
f 4051 5552 3374
f 3461 5507 3476
f 4629 4870 4869
f 5106 4909 4862
f 5286 5279 5282
f 5462 3364 3365
f 3491 5514 3840
f 5224 5231 5229
f 4478 5540 5542
f 4099 3742 3723
f 4803 4805 4804
f 4130 5422 4129
f 4470 4476 4473
f 4924 4921 4922
f 4920 4927 4926
f 4993 4987 4992
f 4887 4913 4912
f 3894 4070 4071
f 5472 5585 5586
f 3508 4134 3507
f 3603 4096 4097
f 3772 3992 4110
f 5712 5671 5672
f 3739 4162 4163
f 5683 3515 5715
f 5480 4495 5479
f 5698 5493 5498
f 3578 3996 3998
f 3645 4154 4155
f 5660 3466 3463
f 4135 5710 4134
f 5587 4073 5586
f 5687 5693 5686
f 3584 4091 4150
f 5585 5584 5588
f 4128 5415 4127
f 4257 4338 4526
f 4222 4178 4179
f 4366 4191 4216
f 5098 5091 5088
f 5761 5737 5760
f 5760 5738 5739
f 8852 5934 8844
f 8874 8855 8856
f 8895 8855 8877
f 5884 8842 8852
f 4557 4582 4560
f 8890 8917 8892
f 8918 8930 8920
f 8924 8915 8916
f 4182 4330 4190
f 3864 5711 4110
f 3574 3230 3231
f 3342 3415 3341
f 3488 3549 3840
f 4317 3953 3949
f 3672 4152 4153
f 5708 3865 5707
f 9021 3685 3686
f 3621 3616 3617
f 5728 4419 5727
f 4311 4028 4310
f 4131 3543 3841
f 4426 3842 4423
f 4518 4168 4427
f 5457 5464 5456
f 5425 3558 3837
f 5458 4437 5456
f 3416 5465 5457
f 5638 5437 5637
f 3985 5636 5637
f 5646 5636 5647
f 9023 3554 5402
f 5722 5514 5726
f 3256 3934 3255
f 4164 5734 5751
f 8885 8920 8887
f 3282 3929 3281
f 3292 3320 3291
f 3232 3300 3301
f 3303 3271 3334
f 3562 5432 3325
f 3392 3388 3391
f 3854 5350 3851
f 5463 5459 5458
f 5935 3885 5576
f 3879 3954 3878
f 3928 3391 3388
f 4137 4458 4138
f 5454 3850 3851
f 3548 3549 3550
f 4443 5470 4442
f 4452 4506 4447
f 4468 3415 3879
f 4443 3876 4483
f 3234 4515 4516
f 5434 3896 5433
f 5448 5441 5644
f 5447 5443 5442
f 4442 5471 5467
f 5550 3275 5551
f 5578 4520 3409
f 3464 5666 3463
f 4701 4839 4840
f 3259 4041 4030
f 4015 3423 4018
f 3558 3982 3839
f 4856 4823 4824
f 4741 4653 4740
f 3759 4106 3763
f 3560 3290 3559
f 9024 3557 3553
f 5438 3280 5439
f 3321 3290 3291
f 5557 4072 5560
f 5553 3396 5554
f 4045 4174 4044
f 4539 4849 4585
f 3536 3503 3588
f 5478 5574 5477
f 3800 3510 3511
f 4755 4886 4754
f 5561 5527 5563
f 5752 5732 5751
f 5752 5756 5765
f 3518 5493 5521
f 3767 4107 4108
f 3534 4097 3593
f 4395 3826 3827
f 3926 3371 3925
f 4446 5610 5611
f 4050 3980 3981
f 8887 8843 8885
f 5649 5640 5645
f 4643 4761 4760
f 3709 3784 3690
f 4778 4660 4777
f 5649 4054 5648
f 5646 3301 5645
f 3250 3910 3909
f 5884 5757 5761
f 5655 5936 5937
f 4224 4226 4225
f 4043 3412 4013
f 4286 4288 4287
f 4267 4310 4266
f 4493 4080 4494
f 3325 3226 3227
f 3925 3372 3928
f 4312 4314 4313
f 3996 3540 3541
f 8908 8912 8907
f 4023 4025 4024
f 3995 3891 3994
f 5482 5559 4137
f 4486 3921 4484
f 4300 4302 4301
f 5438 5644 5441
f 3233 3282 3270
f 3225 3227 3226
f 5446 5445 5443
f 5554 3397 5555
f 4834 4830 4772
f 4064 3350 4063
f 3596 3598 3597
f 5639 5648 5643
f 5434 5654 5658
f 4895 4830 4831
f 3674 3676 3675
f 3551 3978 3550
f 3835 3305 3306
f 3813 3702 3703
f 3691 4160 4157
f 4109 4101 4103
f 4565 4188 4564
f 3490 3547 3489
f 3672 3647 3673
f 8906 8912 8913
f 3810 3811 3734
f 4051 4397 4396
f 3566 4090 4088
f 5580 5476 5579
f 4456 5537 5538
f 5539 5546 5611
f 8844 8729 8843
f 8872 8874 8875
f 4383 4198 4195
f 4931 4927 4930
f 5529 5397 5396
f 5314 5323 5328
f 5347 5323 5324
f 4711 4599 4596
f 5387 5389 4696
f 5259 5292 5258
f 5195 4803 5126
f 5195 4746 4806
f 4639 4866 4685
f 4821 4681 4721
f 3421 5399 3260
f 4730 4601 4602
f 4807 4811 4786
f 4040 3421 3948
f 4844 4800 4797
f 3936 3929 3930
f 4894 4817 4823
f 5365 5383 5368
f 4657 4661 4658
f 5224 4770 4804
f 5368 5382 5380
f 5336 5352 5335
f 5353 5386 5363
f 4070 4454 4069
f 5396 3327 3328
f 5225 5312 4809
f 5384 5386 5385
f 5391 4695 4759
f 4735 4870 4630
f 4407 4409 4408
f 4623 4880 4706
f 5356 5352 5354
f 4578 4859 4577
f 3239 3217 3938
f 3937 3333 3939
f 4578 4534 4535
f 5467 4505 4452
f 4836 4826 4838
f 4422 5721 4421
f 3392 5556 5482
f 5564 5565 5547
f 3807 3663 3660
f 5922 4392 4281
f 3680 3692 3693
f 3630 3632 3631
f 4416 5725 4418
f 4033 3836 4176
f 3238 4168 3342
f 3466 3483 3484
f 3678 3650 3679
f 3677 3649 3650
f 3340 4431 3884
f 3562 5656 5655
f 5658 5938 5939
f 3642 3640 3641
f 3306 3334 3981
f 3256 3280 3281
f 8910 8892 8917
f 5868 5898 5859
f 8924 8922 8925
f 8935 8925 8931
f 8882 8913 8883
f 8925 8926 8924
f 8840 8936 5927
f 5852 5905 5907
f 5136 5124 5137
f 4243 4260 4242
f 5238 5228 5232
f 5642 5643 5644
f 3924 3928 3927
f 5412 5700 3888
f 3750 3751 3707
f 3746 3770 3769
f 3859 3861 3860
f 3972 3493 3494
f 5923 8861 5920
f 4945 4958 4959
f 3296 3286 3287
f 3824 3907 3823
f 3671 4154 4153
f 4137 5481 5482
f 3614 3802 3617
f 3283 3559 3290
f 4936 4934 4933
f 5511 5726 5514
f 4170 3926 3923
f 3572 3830 3826
f 3459 3858 3460
f 3496 4425 3495
f 3457 3436 3437
f 3984 3986 3985
f 3914 3386 4487
f 5512 5723 5511
f 4500 4483 4480
f 4501 4471 4472
f 4503 4505 4504
f 4143 4461 4490
f 3331 3222 3219
f 4016 4018 4017
f 3998 3776 3999
f 4114 5710 4113
f 4405 4406 4404
f 5602 5720 5719
f 4767 4804 4770
f 4929 4954 4928
f 4410 5665 5669
f 3888 5632 3887
f 4048 3977 3974
f 3947 3212 5652
f 5676 3472 3473
f 5782 5784 5783
f 4315 4311 4267
f 5699 5521 5493
f 5864 5825 5822
f 5826 5822 5823
f 5775 5805 5806
f 3236 3270 3271
f 5823 5859 5826
f 4957 4895 4917
f 8868 8865 8869
f 4281 3848 4280
f 4940 4971 4949
f 4013 4029 4043
f 3685 3701 3684
f 4339 4377 4391
f 8891 8872 8892
f 3753 3755 3754
f 4427 3220 3221
f 3809 3779 3780
f 3568 4418 3500
f 3880 3918 3805
f 3543 3842 3841
f 4646 4648 4647
f 4656 4597 4598
f 4781 4820 4784
f 4972 4974 4973
f 5101 5109 5120
f 5095 5115 5125
f 5090 5132 5093
f 5131 5134 5133
f 5134 5127 5135
f 5117 5140 5129
f 3539 3863 3595
f 4006 3792 4007
f 5128 5099 5124
f 5097 5089 5096
f 5274 5271 5259
f 4571 4569 4549
f 4225 4238 4224
f 5156 5170 5172
f 4538 4540 4537
f 4622 4665 4662
f 4981 5004 4980
f 5012 4975 5013
f 5148 5149 5157
f 5157 5133 5134
f 5161 5145 5160
f 4261 4242 4260
f 5294 5291 5268
f 4255 4532 4261
f 5274 5250 5251
f 4246 4207 4248
f 3314 3927 3912
f 4670 4672 4671
f 4995 4673 4986
f 4638 4603 4600
f 4341 4525 4340
f 5163 5165 5162
f 4834 4784 4819
f 4784 4682 4819
f 4844 4687 4688
f 5280 5275 5285
f 4217 4564 4188
f 4554 4556 4555
f 4551 4556 4594
f 4549 4544 4571
f 5141 5173 5175
f 4653 4683 4682
f 4973 4989 4988
f 4984 5015 4983
f 5177 5170 5178
f 5166 5181 5182
f 5141 5139 5138
f 5178 5151 5177
f 5244 5203 5245
f 5252 5245 5253
f 4479 4079 4493
f 4402 4404 4403
f 3500 4419 3499
f 5856 5909 5913
f 4488 3348 3349
f 8851 5885 5886
f 3607 5701 4098
f 3508 3503 3504
f 5847 5896 5894
f 4374 4309 4263
f 3380 4438 3379
f 9025 3553 3554
f 5718 4131 3973
f 3300 3283 3321
f 5551 3276 5552
f 5552 3369 5553
f 5555 5483 5557
f 5859 5896 5858
f 4133 3794 3915
f 3606 3652 3610
f 4900 4766 4691
f 4616 4789 4788
f 3738 4164 3757
f 4774 4642 4801
f 4399 3402 4175
f 5853 5795 5851
f 3936 4427 3935
f 3418 4064 4065
f 5510 3840 5514
f 3270 3279 3269
f 3274 4056 4055
f 4359 4305 4306
f 4135 3504 4111
f 3610 3609 3606
f 3837 3557 5425
f 5940 4401 5941
f 5853 5803 5847
f 5725 5515 5727
f 3246 4117 3245
f 5713 5672 5681
f 4918 4916 4915
f 4148 3771 5703
f 5106 5113 5111
f 4147 5709 4146
f 5152 5177 5151
f 9026 4111 4112
f 5104 5103 5112
f 3531 3485 3593
f 3713 3715 3714
f 3699 3815 3697
f 4467 4459 4478
f 4703 4736 4640
f 5405 3846 5406
f 3555 3963 3964
f 4120 5411 4119
f 4217 4185 4218
f 3279 5441 3269
f 4944 4959 4966
f 4353 4344 4357
f 3815 3716 4104
f 3374 4052 4051
f 4491 4516 4515
f 5865 5833 5866
f 5819 5856 5862
f 5807 5856 5808
f 3933 3281 3929
f 3208 3920 3919
f 8907 8902 8903
f 5288 5295 5287
f 3728 3747 3748
f 3309 4083 3336
f 5119 5101 5120
f 3811 3789 4002
f 3595 3992 3993
f 4106 4100 4107
f 5696 5576 3885
f 3708 3750 3707
f 3744 4165 4163
f 5905 5892 5906
f 3403 4175 3402
f 4133 3506 3507
f 4147 3544 3545
f 3561 3325 3324
f 3237 3239 3238
f 4877 4793 4794
f 3241 3243 3242
f 3597 3625 3596
f 3279 3281 3280
f 3371 3373 3372
f 3599 3567 3598
f 3975 4032 4031
f 3277 3250 3278
f 3774 3565 3773
f 3658 3780 3779
f 4961 4963 4960
f 3600 3616 4096
f 4228 4202 4199
f 4011 4318 4350
f 4307 4262 4308
f 4838 4841 4842
f 4782 4773 4743
f 4914 4946 4947
f 4839 4765 4836
f 4771 4645 4642
f 4962 4964 4963
f 4966 4963 4964
f 3601 3615 3600
f 5878 5879 5881
f 5890 5881 5889
f 3720 4158 3719
f 4755 4689 4663
f 3740 3718 3739
f 5695 5686 5714
f 5740 5742 5741
f 5733 5736 5749
f 5755 5750 5749
f 5745 5762 5740
f 5798 5800 5799
f 4706 4879 4705
f 5651 5619 5620
f 5850 5797 5772
f 5804 5806 5805
f 4087 5707 4086
f 5915 5914 5916
f 5703 4167 4148
f 5893 5896 5895
f 5892 5919 8858
f 5706 5664 4081
f 5786 5788 5787
f 3973 3841 3493
f 4831 4915 4916
f 5906 8858 8859
f 4965 4969 4964
f 4684 4846 4842
f 3589 3611 3604
f 3596 4150 4091
f 5877 5763 5745
f 4121 4123 4122
f 3469 3868 3502
f 3204 3208 3207
f 3716 3726 3727
f 5460 5426 3571
f 3465 3470 3464
f 5738 3764 3765
f 4887 4655 4888
f 4203 4205 4204
f 3959 4082 4089
f 5758 5886 5885
f 5781 5872 5780
f 4675 4723 4674
f 3757 5751 5732
f 3334 3272 3335
f 8880 5903 5911
f 5615 3473 5614
f 5759 5760 5743
f 8845 8848 8847
f 5778 5780 5779
f 8857 8849 8850
f 4132 3798 3859
f 5839 5841 5842
f 560 3187 559
f 5747 4007 3792
f 5928 8840 5927
f 5766 5768 5767
f 4848 4956 4847
f 4953 4967 4965
f 4832 4910 4915
f 5879 5888 5887
f 3598 3530 4095
f 5747 5730 5748
f 5754 5748 5730
f 5810 5812 5811
f 5758 5749 5736
f 4315 4387 4314
f 5917 5916 5918
f 5913 5910 5914
f 5930 8841 8840
f 4951 4968 4953
f 3209 3201 3202
f 4059 3246 3247
f 8731 8842 8841
f 3776 3585 3778
f 5770 5772 5771
f 5891 5893 5892
f 9028 5641 5439
f 5814 5816 5815
f 5662 5673 5661
f 3522 3524 3523
f 5630 5942 5496
f 5791 5795 5794
f 5746 3754 5876
f 5928 5931 5930
f 5743 5739 5742
f 5876 5875 5878
f 3678 9021 3686
f 4200 4207 4199
f 4114 3916 4149
f 3601 3605 3604
f 3818 3712 3817
f 3315 3317 3316
f 5899 5902 5901
f 8840 5883 8936
f 5562 5559 5560
f 4416 3448 4414
f 3189 3191 3190
f 4751 4747 4671
f 4181 4180 4177
f 3832 5454 5351
f 3362 3526 3361
f 5678 5699 5698
f 3497 3499 3498
f 448 807 447
f 647 122 270
f 5690 5677 5697
f 4183 4185 4184
f 1833 1780 1832
f 5920 5897 5923
f 510 508 507
f 4401 5944 5941
f 5656 5530 5936
f 3970 5940 4293
f 5653 5939 5946
f 5450 5946 5532
f 3384 5945 5487
f 4403 4299 5494
f 5944 3968 5949
f 3963 5951 3852
f 5614 3474 5935
f 5427 3857 5951
f 3210 1887 3201
f 1887 3200 3201
f 15 3197 3200
f 16 3195 3197
f 3195 3187 3194
f 3194 1899 3207
f 3207 375 3204
f 387 126 127
f 3189 1760 5650
f 9029 757 758
f 763 2172 2175
f 9035 9032 9033
f 9033 9031 9030
f 9046 9048 9047
f 8751 9054 8752
f 9078 9077 9079
f 9083 9051 9053
f 9088 9047 9048
f 9099 9040 9097
f 9102 9036 9099
f 9105 9032 9103
f 9105 9106 9031
f 1801 9108 9107
f 9103 9034 9102
f 9096 9047 9089
f 1767 9111 9112
f 1597 9113 1600
f 1708 9117 9116
f 9123 9119 9118
f 9118 9125 9124
f 1588 9116 1587
f 2080 9118 2082
f 2082 9124 2084
f 9126 9087 9083
f 9129 9088 9087
f 5512 5943 5947
f 5634 5488 5948
f 5724 5947 5616
f 9134 9097 9133
f 9144 9102 9138
f 9133 9096 9132
f 786 9144 785
f 9146 9103 9144
f 785 9138 497
f 497 9134 650
f 650 9133 564
f 9148 9133 9132
f 8756 9057 8753
f 9154 9130 9129
f 9151 9131 9130
f 9097 9090 9096
f 1799 9111 1768
f 5949 3964 3853
f 9160 8809 8811
f 8813 9160 8811
f 9166 564 9148
f 9067 9054 9052
f 9162 9148 9150
f 9087 9048 9051
f 9081 9079 9082
f 9049 9051 9048
f 9082 9167 9081
f 9079 9049 9046
f 9169 9175 9170
f 9167 9112 9081
f 9168 9177 9167
f 9120 9113 9177
f 9120 9169 9119
f 9119 9170 9125
f 9179 9125 9170
f 9180 9124 9125
f 9178 9170 9175
f 1576 2084 9124
f 9179 9183 9181
f 3203 1387 3190
f 3190 1791 3189
f 5618 1949 3210
f 317 259 391
f 2000 9105 9146
f 9053 9052 9054
f 9041 9036 9037
f 9029 756 2170
f 9037 9034 9035
f 9130 9089 9088
f 3204 376 3203
f 1801 9109 1799
f 9181 9180 9179
f 1575 9190 1088
f 9187 1576 9180
f 1776 1796 1775
f 1293 1290 1284
f 1326 1327 12
f 1294 1234 1290
f 878 1330 1337
f 5633 5490 5945
f 5933 3360 5502
f 5613 5948 5500
f 5604 3844 5720
f 3972 5950 5601
f 3494 4322 5950
f 4406 5615 4298
f 3492 4292 5943
f 5631 5495 5942
f 497 374 498
f 122 413 121
f 5624 3398 5416
f 9151 9156 9160
f 9058 8752 9054
f 9160 9150 9151
f 8815 9162 8813
f 9156 8794 8809
f 439 399 438
f 1512 1526 1511
f 1668 1738 1671
f 839 1362 838
f 1362 826 1012
f 3425 3418 4047
f 4905 5243 4808
f 4621 4662 4690
f 5582 5574 5577
f 4754 4756 4755
f 3902 4021 4022
f 9295 1896 9267
f 2053 2118 2117
f 9340 2120 2119
f 696 9268 9283
f 4922 4939 4924
f 4365 4186 4183
f 5105 4862 4670
f 5228 5226 5225
f 4781 4877 4794
f 5218 5238 5217
f 4990 4992 4991
f 4335 4336 4251
f 4993 4972 5002
f 4794 4792 4750
f 5886 8852 8851
f 5405 5417 5416
f 4669 4764 4668
f 4676 4698 4679
f 1826 639 640
f 9192 9181 9183
f 5232 5233 5204
f 5418 4122 5419
f 956 886 960
f 5720 3512 5717
f 4728 4730 4729
f 8879 8863 8862
f 1980 1922 807
f 4969 4966 4964
f 33 105 164
f 9028 3254 5437
f 3837 3839 3838
f 4382 4301 4383
f 3908 4122 4123
f 4290 4294 4291
f 4400 4055 4056
f 3219 3221 3220
f 8894 8877 8876
f 4640 4735 4630
f 4389 4216 4213
f 3267 4493 4451
f 3268 4463 4144
f 5097 5098 5088
f 5094 5096 5095
f 5654 5937 5938
f 4089 3960 3959
f 5159 5162 5160
f 5202 5249 5205
f 5412 5414 5413
f 5715 3516 5716
f 5723 4423 5726
f 4263 4323 4374
f 3994 3564 3774
f 1343 9308 9309
f 3470 5667 3464
f 5659 5671 5706
f 3319 4053 3299
f 9359 2128 9354
f 1766 1582 1594
f 14 2163 738
f 595 99 594
f 5703 3772 5702
f 5206 5229 5209
f 3437 3458 3457
f 5516 3487 5509
f 5122 5087 5123
f 3223 3934 3935
f 3979 5402 3978
f 3828 3320 3827
f 5663 4081 5664
f 4035 4490 4461
f 4426 5724 4425
f 3881 4447 4444
f 5407 4118 4119
f 5691 5689 5687
f 5661 5672 5671
f 5911 8901 8880
f 3902 3871 4046
f 5541 5539 5606
f 4069 5561 5562
f 3248 3292 3247
f 1346 1044 1352
f 748 1425 747
f 3297 3255 3934
f 5445 4056 5550
f 5783 5830 5831
f 4310 4376 4373
f 5857 5800 5802
f 3882 4452 3881
f 3193 3919 3951
f 3190 3206 3203
f 4266 4268 4267
f 4488 3420 4486
f 3331 3940 3330
f 4282 4284 4283
f 4606 4607 4605
f 4628 4708 4712
f 4659 4733 4658
f 4615 4829 4614
f 4718 4713 4717
f 5722 4421 5721
f 3307 3461 3433
f 4686 4634 4636
f 3966 3550 3978
f 4738 4875 4873
f 3416 3237 3341
f 4527 4208 4200
f 5093 5114 5092
f 5124 5086 5122
f 5117 5138 5139
f 4631 4640 4630
f 5166 5168 5167
f 5185 5187 5186
f 5194 5191 5171
f 3245 4118 9027
f 5214 5203 5200
f 3230 3318 3284
f 5237 5217 5238
f 5250 5258 5255
f 5113 5084 5085
f 5270 5269 5268
f 4906 5107 4768
f 5271 5267 5270
f 5276 5262 5263
f 5153 5174 5173
f 5290 5268 5291
f 5306 5303 5304
f 5147 5146 5143
f 4585 4856 4584
f 3226 5436 3225
f 4473 4504 4470
f 5765 8897 8895
f 4529 4247 4530
f 8923 8916 8917
f 5713 5682 5714
f 3315 3898 3322
f 5564 5537 5563
f 4468 4441 5466
f 3738 4163 4165
f 4577 4559 4560
f 5567 3366 3363
f 3587 4150 4151
f 5471 4504 4505
f 5860 5816 5817
f 3516 5558 5932
f 5436 5637 5437
f 5050 5083 5060
f 5547 3338 3339
f 9023 3295 4115
f 5708 4132 5711
f 4104 3814 3815
f 3718 4161 4162
f 5498 5679 5692
f 3884 4432 3883
f 3955 3877 3878
f 4049 4061 3977
f 8892 8875 8890
f 4572 4218 4569
f 4440 4442 4441
f 4497 3407 3408
f 4632 4633 4724
f 8906 8881 8902
f 5664 5670 5663
f 3751 3706 3707
f 3511 3736 3800
f 5129 5116 5117
f 5086 5098 5085
f 5135 5128 5136
f 5143 5145 5144
f 5168 5136 5137
f 5297 5246 5257
f 5164 5160 5162
f 5155 5171 5170
f 5137 5167 5168
f 5293 5307 5305
f 5513 4083 5515
f 4053 3825 4057
f 3228 3298 3227
f 3631 3635 3636
f 5689 5670 5693
f 5759 5883 5882
f 3793 3507 4134
f 4906 4891 4907
f 4719 4901 4720
f 3597 4095 4092
f 3352 4125 3262
f 9064 9058 9067
f 9076 9067 9077
f 9083 8794 9126
f 9131 9096 9089
f 9138 9099 9134
f 9154 9126 9156
f 9077 9052 9049
f 9053 8766 9083
f 9191 9187 9181
f 9082 9046 9193
f 9193 9168 9082
f 1284 1288 1285
f 9150 9132 9131
f 3841 3496 3493
f 3570 3336 4083
f 4027 4312 3258
f 4889 4781 4794
f 4041 4044 4043
f 4885 4813 4829
f 5419 3905 5430
f 4367 4227 4224
f 1778 1780 1779
f 1792 1584 1789
f 4308 3869 4307
f 4594 4762 4551
f 4767 4769 4768
f 5461 3366 3847
f 4763 4716 4720
f 4919 4915 4910
f 4300 4334 4333
f 5196 5198 5197
f 5158 5135 5136
f 5431 5433 5432
f 4545 4571 4544
f 4557 4594 4556
f 695 571 694
f 4156 3626 3694
f 4861 4670 4862
f 5681 5674 5682
f 5473 5580 5583
f 3622 4152 4151
f 5647 3574 3231
f 3674 3808 3649
f 4420 3498 3499
f 5675 5666 5674
f 3253 5439 3280
f 5870 5917 5912
f 8887 8919 8886
f 5862 5913 5915
f 3534 3485 3482
f 3313 4484 3312
f 9090 9046 9047
f 4871 4695 4855
f 3778 3822 3819
f 4889 4874 4875
f 4000 3784 4001
f 4897 4911 4910
f 3856 3838 3839
f 4772 4896 4771
f 4015 4376 4014
f 3433 3476 3435
f 4053 3302 3299
f 3367 3363 4434
f 3242 3831 3241
f 3441 4082 4081
f 4735 4855 4854
f 4756 4737 4689
f 3382 3384 3383
f 3698 3697 3682
f 4676 4678 4677
f 4948 4941 4944
f 4890 4805 4747
f 4757 4745 4737
f 4581 4380 4586
f 5716 5932 5597
f 4923 4926 4932
f 5077 5081 5076
f 5078 5058 5054
f 4009 5400 3952
f 5081 5078 5076
f 3930 4513 4514
f 4014 4028 4029
f 4025 4020 4021
f 3618 4096 3616
f 4581 4576 4580
f 4219 4188 4189
f 5440 3335 3272
f 5449 3323 3322
f 4229 4177 4202
f 4590 4214 4589
f 4227 4184 4226
f 4574 4858 4547
f 4565 5453 4563
f 4592 4588 4589
f 4590 4573 4579
f 3517 5521 3519
f 3845 3522 5423
f 4444 3884 3881
f 3982 5533 5535
f 4465 4497 4495
f 4520 4521 4496
f 4076 5591 5590
f 3635 3666 3634
f 3343 4498 5481
f 4022 3870 3871
f 3661 4098 3660
f 5691 5697 5692
f 3768 5742 5739
f 4514 3956 4518
f 3697 3814 3696
f 4394 5460 4395
f 4054 4057 4058
f 3284 3323 3559
f 4052 4169 4397
f 4447 4510 4446
f 4456 3346 4138
f 4483 3877 4482
f 4482 4512 4492
f 4492 4513 4516
f 5642 5439 5641
f 5448 5442 5440
f 5466 3882 3883
f 3340 4445 3339
f 8908 8910 8911
f 4397 3835 3980
f 5413 3521 5412
f 3234 3932 3233
f 5753 8895 8894
f 8896 5756 5755
f 8921 8889 8888
f 8915 8911 8916
f 3933 3935 3934
f 3620 3657 3623
f 3966 3968 3967
f 4905 4769 4770
f 3225 5437 3254
f 5433 3984 5435
f 5714 5693 5713
f 5435 3985 5436
f 3954 3955 3878
f 4713 4632 4724
f 4879 4632 4705
f 3983 3896 3897
f 9027 3248 3245
f 5871 5912 5904
f 5849 5891 5905
f 4702 4640 4641
f 4213 4579 4389
f 3644 3688 3689
f 9193 9040 9041
f 8920 8935 8919
f 5406 4130 4127
f 4140 5401 4139
f 5659 3904 5660
f 4772 4783 4834
f 4244 4246 4245
f 4061 4037 4038
f 3669 3803 3668
f 3459 3209 3202
f 4072 5484 4071
f 4835 4834 4819
f 5660 5661 5659
f 4262 4264 4263
f 3633 3627 3628
f 3685 3676 3686
f 4517 3235 3304
f 4145 4085 3544
f 5455 5459 3850
f 5638 5640 5641
f 3228 3254 3255
f 4044 3411 3412
f 3614 3612 3613
f 3273 3275 3274
f 4952 4961 4918
f 4959 4960 4963
f 4888 4761 4860
f 4254 4256 4255
f 4199 4201 4200
f 4499 4465 5480
f 5479 4496 4521
f 5952 5954 5955
f 5956 5958 5959
f 5959 5960 5961
f 5962 5964 5965
f 5966 5968 5969
f 5967 5971 5968
f 5963 5961 5960
f 5972 5964 5973
f 5974 5976 5977
f 5978 5980 5981
f 5982 5984 5985
f 5986 5985 5984
f 5988 5990 5991
f 5992 5994 5995
f 5996 5998 5999
f 6000 6002 6003
f 6004 6006 6007
f 6008 6010 6011
f 6012 6014 6015
f 6016 6018 6019
f 6020 6022 6023
f 6024 6026 6027
f 6028 6030 6031
f 6032 6034 6035
f 6036 6038 6039
f 6040 6013 6012
f 6042 6044 6045
f 5992 6047 5993
f 6048 6050 6051
f 6052 6054 6055
f 6056 6058 6059
f 6060 5987 5986
f 6062 6064 6065
f 6066 6068 6069
f 6070 6027 6026
f 6072 6057 6056
f 6075 6077 6074
f 6078 6080 6081
f 6082 6054 6084
f 6085 6081 6086
f 6087 5990 6088
f 6061 6089 5987
f 6089 6091 6092
f 6092 6093 6094
f 6095 5981 6096
f 6062 6084 6063
f 6097 6035 6034
f 6056 6099 6072
f 6100 6102 6103
f 6001 6104 6105
f 6107 6109 6106
f 6110 6112 6113
f 6114 6025 6115
f 6116 6118 6119
f 6120 6122 6123
f 6124 6126 6127
f 6128 6101 6100
f 6039 6131 6036
f 6132 6134 6135
f 6136 6138 6003
f 6139 6141 6142
f 6143 6145 6146
f 6148 6150 6147
f 6152 6154 6151
f 6155 6157 6158
f 6159 6161 6162
f 6163 6165 6166
f 6167 6169 6170
f 6171 6173 6174
f 6175 6104 6177
f 6178 6180 6181
f 6023 6183 6020
f 6184 6186 6187
f 6117 6188 6189
f 6190 6192 6193
f 6194 6026 6114
f 6195 6191 6190
f 6197 6199 6200
f 6201 6203 6204
f 6205 6207 6208
f 6209 6201 6204
f 6197 6211 6212
f 6212 6213 6214
f 5979 6214 6213
f 6203 6217 6204
f 6206 6198 6207
f 6218 5962 6219
f 5965 6219 5962
f 5972 3354 6221
f 6070 6222 6223
f 6224 6226 6227
f 6228 6230 6231
f 6232 6234 6235
f 6196 6236 6237
f 6071 6223 6238
f 6239 6241 6242
f 6243 6245 6246
f 6247 6248 6249
f 6250 6252 6253
f 6254 6256 6257
f 6258 6260 6261
f 6229 6263 6230
f 6264 6242 6241
f 6266 6268 6269
f 6270 6272 6273
f 6274 6276 6277
f 6195 6279 6236
f 6280 6281 6282
f 6283 6285 6286
f 6123 6287 6288
f 6289 6291 6292
f 6293 6243 6295
f 6240 6297 6241
f 6298 6267 6266
f 6300 6302 6303
f 6304 6306 6307
f 6251 6308 6309
f 6247 6311 6312
f 6313 6315 6316
f 6314 6317 6318
f 6319 6320 6321
f 6322 6088 6323
f 6216 6258 6217
f 6325 6327 6328
f 6217 6261 6329
f 6330 6238 6331
f 6071 6048 6027
f 6015 6333 6012
f 6079 6335 6080
f 6336 6240 6239
f 6294 6296 6240
f 6337 6339 6340
f 6341 6343 6344
f 6345 6347 6348
f 6266 6349 6298
f 6350 6352 6353
f 6295 6246 6354
f 6303 6356 6300
f 6357 6359 6360
f 6361 6363 6364
f 6365 6353 6366
f 6367 6369 6370
f 6371 6370 6372
f 6372 6374 6371
f 6375 6373 6376
f 6376 6378 6375
f 6379 6381 6382
f 6383 6385 6386
f 6387 6389 6390
f 6391 6393 6394
f 6395 6397 6398
f 6398 6400 6395
f 6399 6402 6400
f 6403 6401 6404
f 6405 6407 6408
f 6409 6411 6412
f 6367 6413 6414
f 6374 6415 6416
f 6417 6384 6383
f 6419 6348 6347
f 6421 6423 6424
f 6425 6400 6402
f 6426 6395 6400
f 6393 6428 6429
f 6429 6394 6393
f 6390 6431 6432
f 6433 6408 6407
f 6435 6437 6438
f 6439 6411 6438
f 6392 6441 6442
f 6397 6442 6443
f 6401 6444 6445
f 6446 6437 6404
f 6448 6450 6451
f 6452 6454 6455
f 6442 6456 6457
f 6443 6457 6458
f 6444 6460 6461
f 6445 6461 6462
f 6463 6462 6465
f 6446 6462 6464
f 6466 6468 6469
f 6448 6470 6471
f 6453 6472 6473
f 6474 6476 6477
f 6478 6480 6481
f 6482 6484 6485
f 6486 6488 6489
f 6490 6492 6493
f 6493 6494 6495
f 6496 6498 6499
f 6500 6502 6503
f 6504 6506 6507
f 6508 6509 6510
f 6511 6513 6508
f 6499 6515 6496
f 6516 6518 6519
f 6520 6522 6523
f 6524 6525 6526
f 6507 6527 6504
f 6504 6528 6510
f 6528 6508 6510
f 6529 6531 6532
f 6342 6534 6343
f 6535 6346 6536
f 6347 6537 6419
f 6434 6539 6408
f 6539 6405 6408
f 6541 6451 6450
f 6543 6470 6545
f 6546 6481 6547
f 6499 6548 6549
f 6549 6514 6499
f 6551 6553 6554
f 6555 6557 6558
f 6403 6423 6559
f 6426 6413 6416
f 6415 6428 6427
f 6430 6561 6562
f 6434 6420 6419
f 6563 6565 6566
f 6404 6445 6446
f 6459 6399 6398
f 6455 6388 6387
f 6405 6449 6406
f 6540 6450 6405
f 6567 6568 6569
f 6570 6463 6567
f 6475 6490 6465
f 6458 6571 6572
f 6573 6574 6575
f 6576 6578 6579
f 6193 6580 6581
f 6582 6584 6585
f 6583 6586 6587
f 6588 6587 6586
f 6590 6068 6591
f 6592 6594 6319
f 6251 6595 6252
f 6304 6597 6598
f 6272 6599 6273
f 3737 6558 6557
f 6600 6160 6601
f 6123 6603 6120
f 6604 6606 6607
f 6608 6208 6609
f 5972 6220 5965
f 6610 6612 6556
f 6613 6615 6616
f 6242 6618 6239
f 6226 6245 6227
f 6620 6622 6623
f 6624 6146 6625
f 6626 6211 6136
f 6627 6629 6630
f 6631 6633 6634
f 6235 6636 6232
f 6637 6639 6640
f 6641 6286 6642
f 6643 6645 6646
f 6647 6649 6650
f 6244 6294 6336
f 6336 6652 6244
f 6194 6237 6222
f 6196 6114 6191
f 6115 6191 6114
f 6653 6655 6656
f 6657 6189 6658
f 6117 6659 6118
f 6130 6156 6131
f 6133 6151 6134
f 6661 6662 6660
f 6663 6616 6552
f 6664 6273 6665
f 6418 6432 6431
f 6290 6328 6291
f 6666 6556 6612
f 6557 3805 3737
f 5971 6668 5968
f 6181 6670 6178
f 6671 6673 6674
f 6676 6672 6675
f 6675 6149 6676
f 6067 5999 5998
f 6677 6679 6680
f 6681 6683 6684
f 6087 6090 6089
f 5983 6685 6686
f 5982 6687 6685
f 6094 6688 6687
f 6211 6137 6136
f 6689 6691 6692
f 6690 3833 3832
f 6001 6686 6002
f 5978 6215 5979
f 6694 5978 6095
f 5974 6095 6695
f 6183 6696 6697
f 6698 5961 6218
f 5959 6699 5956
f 6697 6700 6701
f 6702 6703 6704
f 5968 6705 5969
f 6706 5955 5954
f 6707 6617 6708
f 6024 6709 6710
f 6402 6559 6425
f 3852 6712 3853
f 3856 6593 3857
f 5977 6694 5974
f 6713 5977 5976
f 6714 6716 6717
f 6718 6308 6250
f 6720 6254 6721
f 6722 6724 6725
f 6312 6726 6727
f 6069 6728 6729
f 6319 6730 6086
f 6731 6644 6732
f 6732 6734 6731
f 6046 6320 6047
f 3880 6666 6735
f 6736 6738 6739
f 6531 6741 6326
f 6300 6614 6613
f 6742 6325 6290
f 6743 3891 3890
f 6744 6301 6745
f 6746 6534 6533
f 6536 6579 6535
f 6535 6563 6537
f 6566 6537 6563
f 6538 6409 6539
f 6412 6539 6409
f 6412 6541 6540
f 6748 6542 6541
f 6749 6545 6542
f 6568 6547 6543
f 6751 6548 6546
f 6753 6550 6549
f 6755 6757 6758
f 6759 6761 6762
f 6763 6765 6762
f 6764 6623 6765
f 6766 6768 6769
f 6770 6772 6773
f 6774 6776 6777
f 6021 6777 6022
f 6723 6779 6724
f 6780 6782 6783
f 6784 6786 6787
f 6788 6790 6791
f 6185 6793 6186
f 6794 6725 6795
f 6729 6098 6097
f 6135 6798 6132
f 6799 6065 6800
f 6037 6802 6038
f 6005 6588 6586
f 6005 6804 6006
f 6052 6010 6805
f 6586 6803 6005
f 6092 5987 6089
f 6094 5985 6092
f 6096 6695 6095
f 6082 6799 6585
f 6657 6041 6659
f 6013 6658 6014
f 6795 6807 6808
f 6809 6811 6812
f 6813 6815 6816
f 6817 6819 6820
f 6821 6823 6824
f 6329 6204 6217
f 6202 6826 6203
f 6072 6827 6828
f 6598 6305 6304
f 6301 6613 6663
f 6830 6271 6270
f 6822 6778 6823
f 6326 6832 6327
f 6203 6833 6216
f 6027 6051 6024
f 6360 6835 6357
f 6836 6838 6839
f 6837 6841 6838
f 6362 6366 6363
f 6380 6384 6381
f 6421 6578 6842
f 6566 6410 6409
f 6394 6388 6391
f 6414 6368 6367
f 6371 6416 6413
f 6561 6378 6382
f 6382 6562 6561
f 6381 6418 6562
f 6389 6430 6431
f 6391 6454 6441
f 6441 6453 6456
f 6456 6473 6574
f 6495 6750 6568
f 6843 6485 6484
f 6844 6843 6846
f 6573 6847 6848
f 6849 6487 6486
f 6513 6752 6469
f 6517 6850 6503
f 6521 6851 6850
f 6844 6852 6853
f 6505 6510 6509
f 6753 6512 6754
f 6516 6521 6517
f 6614 6854 6615
f 6742 4003 3891
f 6708 6855 6856
f 6307 6857 6858
f 6307 6665 6304
f 6414 6425 6559
f 6416 6427 6426
f 6562 6431 6430
f 6419 6538 6434
f 6358 6839 6359
f 6059 6859 6860
f 6861 6863 6864
f 6865 6867 6868
f 6115 6869 6870
f 6871 6873 6874
f 6721 6596 6875
f 6876 6556 6555
f 6877 6552 6551
f 6551 6268 6877
f 6879 6265 6269
f 6239 6651 6336
f 6230 6619 6226
f 6171 6669 6880
f 6106 6882 6881
f 6883 6822 6821
f 6759 6187 6174
f 6725 6785 6807
f 6885 6808 6791
f 6886 6888 6031
f 6701 6756 6755
f 6884 6779 6822
f 6715 6309 6308
f 6889 6890 6891
f 6743 4042 6892
f 6270 6893 6830
f 6386 6895 6383
f 6895 6420 6896
f 6897 6417 6896
f 6897 6407 6898
f 6390 6899 6387
f 6900 6406 6449
f 6455 6901 6452
f 6902 6904 6471
f 6482 6905 6483
f 6501 6907 6502
f 6496 6908 6909
f 6532 6326 6325
f 6532 6743 6529
f 6612 6735 6666
f 6611 6910 6612
f 6626 5979 6213
f 6704 6105 6702
f 6913 6591 6914
f 6915 6795 6885
f 6229 4067 4066
f 6263 6289 6619
f 6745 6663 6877
f 6916 6757 6917
f 6885 6165 6915
f 6920 6783 6919
f 6921 6923 6924
f 6925 6924 6926
f 6927 6929 6930
f 6931 6933 6934
f 6935 6937 6938
f 6939 6941 6942
f 6943 6945 6946
f 6947 6949 6950
f 6944 6951 6952
f 6953 6955 6956
f 6957 6959 6960
f 6961 6929 6963
f 6964 6966 6967
f 6968 6970 6971
f 6969 6955 6970
f 6972 6946 6973
f 6974 6976 6977
f 6978 6980 6981
f 6940 6982 6983
f 6984 6986 6987
f 6988 6990 6991
f 6992 6989 6993
f 6994 6996 6997
f 6998 7000 7001
f 7002 7004 7005
f 7006 7008 7009
f 7010 7012 7013
f 7014 7016 7017
f 7018 6999 6998
f 7020 7022 7023
f 7024 7026 7027
f 7028 7030 7031
f 7032 7034 7035
f 7003 7036 7037
f 7038 7040 7027
f 6993 7030 7041
f 7042 7044 7045
f 7046 7007 7006
f 7011 7048 7049
f 7050 7052 7053
f 7054 7014 7055
f 7015 7056 7057
f 6621 7045 7044
f 7049 6775 6774
f 7051 6021 6020
f 7055 6701 7054
f 7054 6755 7056
f 6764 7047 7046
f 7020 7059 7013
f 7060 7062 7063
f 6958 7065 6959
f 6925 7067 6973
f 7068 6934 6926
f 7069 6991 7070
f 7071 7072 7073
f 7074 7076 7077
f 7078 7080 7081
f 7014 7082 7083
f 7084 7086 7087
f 7025 7031 7026
f 7085 7072 7088
f 7089 7087 7090
f 7055 7083 7091
f 7090 6770 6773
f 7092 7094 7095
f 7091 6697 7055
f 6770 7086 6758
f 7095 6767 6766
f 7096 6980 7097
f 7098 6940 7099
f 7058 7023 7100
f 7101 6930 7102
f 6974 7063 6967
f 7103 6971 7104
f 7105 6981 6977
f 7106 7036 7108
f 7109 7010 7110
f 7111 7018 7034
f 7098 7037 7100
f 7048 7112 6775
f 7113 7041 6997
f 6994 7115 7088
f 6965 6923 6966
f 6975 6945 6976
f 7061 7065 7062
f 6954 6933 6963
f 6763 7109 7047
f 7046 6620 6764
f 6947 7067 6956
f 6758 7056 6755
f 7118 7039 7038
f 7038 7070 7118
f 7106 7121 7122
f 7123 7053 7052
f 7123 7083 7082
f 7045 7006 7042
f 7107 7122 7009
f 7091 7052 7051
f 7091 6020 6183
f 6936 7097 6937
f 7125 6960 7102
f 6774 7050 7049
f 7119 6942 7039
f 7019 7005 6999
f 7011 7124 7012
f 7021 7040 7022
f 7114 7016 7115
f 7053 7049 7050
f 7086 7057 7056
f 6993 7127 6992
f 7075 7113 7076
f 4281 6603 7128
f 6012 7129 6040
f 7130 6584 7131
f 6797 7133 6798
f 6074 7135 6075
f 6789 6173 6790
f 6760 6776 6761
f 7136 6801 6589
f 6914 6674 6913
f 7007 7059 7008
f 7099 7003 7098
f 6984 7104 6938
f 7110 7047 7109
f 6333 6587 7129
f 5956 6667 5971
f 5957 5971 5970
f 7137 6308 6719
f 4292 6718 6250
f 6693 6668 6215
f 6215 6667 6214
f 6214 6699 6212
f 6698 6212 6699
f 6219 6198 6218
f 6207 6220 6208
f 6220 6609 6208
f 6262 4066 4003
f 7138 7140 7141
f 4298 7140 4299
f 7143 7145 7146
f 7147 7144 7149
f 7149 7151 7147
f 7150 7153 7151
f 6329 7154 7152
f 6261 7155 7154
f 7156 7157 7158
f 6598 7159 7160
f 6257 7161 7162
f 6256 4321 7161
f 6693 6706 6705
f 5954 6705 6706
f 5953 5969 5954
f 7163 5983 6912
f 7164 6138 7166
f 7167 7169 7170
f 6141 7172 6142
f 7166 7173 7164
f 6141 7174 7175
f 7176 7178 7179
f 7180 7182 7183
f 7184 7186 7187
f 6631 7183 7188
f 6218 6197 6698
f 6625 7189 6624
f 6814 7190 7191
f 6882 7193 7194
f 7195 6109 6108
f 6888 7198 7199
f 7200 7202 7203
f 7176 6630 7204
f 6029 7187 6030
f 7205 7207 7208
f 7209 7211 7212
f 7203 7213 7214
f 6886 6778 6723
f 6031 7215 6886
f 7216 7218 7219
f 7220 6880 6669
f 6076 7220 7222
f 6074 6672 6671
f 6147 6662 7223
f 7223 6111 6110
f 6810 6113 6112
f 6920 6914 6591
f 6077 6675 6672
f 6660 6076 6661
f 7222 6669 6181
f 7224 6181 6180
f 6660 6150 6675
f 7225 6794 6915
f 6783 7225 6164
f 6781 6068 6067
f 7217 7228 7218
f 6031 7199 6028
f 6887 6723 6722
f 6164 6915 6165
f 6780 6591 6068
f 7134 6671 6914
f 7229 6824 6823
f 7187 7230 7229
f 7226 6722 6794
f 7231 6169 7233
f 7201 7233 7202
f 6107 7235 7200
f 7215 6823 6778
f 6030 7229 7215
f 7236 7219 7179
f 7237 6820 6819
f 7237 7207 7238
f 7239 7241 7242
f 6739 7244 6736
f 7245 7242 7246
f 7233 6168 7247
f 7247 7202 7233
f 7195 7203 7214
f 7248 7250 6703
f 7227 7252 7228
f 7253 5998 7251
f 6067 7198 6781
f 6781 7197 6782
f 5984 6683 5986
f 7254 6678 6684
f 6679 7252 5997
f 6887 7197 6888
f 6782 7226 7225
f 7135 6163 7221
f 7221 6075 7135
f 6661 7222 7224
f 7224 6111 6661
f 6180 6112 7224
f 6179 6810 6180
f 6811 6793 6649
f 6650 6622 6769
f 6766 7044 7095
f 7095 7043 7092
f 7092 7121 7081
f 7078 7255 7033
f 7256 7257 7258
f 6768 7259 6647
f 6773 7094 7090
f 7090 7093 7089
f 7089 7080 7073
f 7071 7032 7260
f 7077 6998 7074
f 6995 7260 6996
f 7077 7261 7035
f 7035 7018 7077
f 7108 7111 7255
f 6978 7262 7001
f 7105 7264 7262
f 7263 6952 7264
f 6990 6951 7265
f 6972 7266 7265
f 7117 6950 7266
f 6948 7267 6949
f 6969 6982 7267
f 7103 6987 6983
f 7005 6986 7268
f 6999 7268 7000
f 7269 7271 7272
f 7274 7275 7273
f 7274 7276 7277
f 7278 7280 7281
f 7282 7284 7285
f 7286 7288 7289
f 7290 7292 7293
f 7294 7296 7293
f 7068 7298 7299
f 7300 7302 7303
f 7304 7305 7306
f 7307 7305 7308
f 7309 7283 7310
f 7311 7313 7314
f 7125 7306 7315
f 7285 7280 7282
f 7277 7303 7302
f 6965 7316 7317
f 7318 7316 7319
f 7320 7271 7314
f 7312 7296 7313
f 7270 7298 7322
f 7311 7322 7317
f 6961 7300 7308
f 7323 7325 7326
f 7327 7328 7329
f 7064 7325 7328
f 7287 7292 7288
f 6931 7299 7301
f 7331 7329 7319
f 7332 7334 7335
f 7336 7338 7339
f 7340 7333 7332
f 7342 7343 7344
f 7345 7347 7344
f 7348 7350 7351
f 7352 7354 7355
f 7356 7358 7359
f 7360 7362 7363
f 7365 7367 7364
f 7368 7370 7371
f 7372 7336 7374
f 7373 7337 7336
f 7367 7376 7377
f 7378 7380 7381
f 7382 7384 7385
f 7386 7385 7384
f 7388 7390 7391
f 7392 7333 7393
f 7394 7396 7397
f 7398 7400 7401
f 7402 7404 7405
f 7406 7408 7409
f 7410 7383 7382
f 7412 7414 7415
f 7385 7417 7382
f 7389 7419 7390
f 7373 7421 7375
f 7420 7372 7422
f 7369 7424 7370
f 7399 7397 7425
f 7393 7341 7342
f 7398 7357 7426
f 7358 7401 7427
f 7428 7430 7431
f 7433 7435 7432
f 7363 7436 7437
f 7383 7439 7384
f 7411 7438 7383
f 7441 7443 7444
f 7445 7339 7447
f 7374 7339 7446
f 7444 7364 7448
f 7448 7450 7449
f 7364 7451 7450
f 7451 7377 7452
f 7449 7454 7453
f 7455 7450 7451
f 7456 7451 7452
f 7410 7458 7459
f 7460 7462 7369
f 7423 7462 7463
f 7464 7466 7467
f 7468 7347 7470
f 7376 7471 7472
f 7425 7396 7473
f 7475 7477 7474
f 7478 7480 7481
f 7482 7407 7406
f 7484 7351 7486
f 7487 7488 7489
f 7490 7492 7493
f 7412 7434 7433
f 7494 7434 7415
f 7496 7391 7497
f 7440 7498 7499
f 7401 7488 7500
f 7485 7345 7501
f 7500 7427 7401
f 7395 7469 7468
f 7503 7505 7506
f 7507 7509 7510
f 7511 7513 7514
f 7511 7515 7516
f 7517 7519 7520
f 7521 7523 7355
f 7352 7525 7526
f 7415 7527 7494
f 7528 7530 7486
f 7404 7502 7500
f 7477 7496 7532
f 7512 7481 7513
f 7405 7500 7488
f 7533 7535 7536
f 7378 7510 7537
f 7532 7379 7538
f 7539 7541 7542
f 7524 7355 7523
f 7351 7501 7348
f 7414 7523 7527
f 7522 7527 7523
f 7544 7412 7545
f 7546 7547 7548
f 7526 7353 7352
f 7550 7355 7354
f 7521 7551 7548
f 7552 7548 7551
f 7546 7553 7554
f 7522 7548 7547
f 7418 7520 7555
f 7416 7554 7417
f 7457 7558 7458
f 7557 7560 7558
f 7535 7561 7562
f 7562 7563 7564
f 7564 7349 7348
f 7351 7565 7486
f 7567 7569 7566
f 7570 7520 7519
f 7419 7555 7571
f 7572 7348 7501
f 7389 7556 7418
f 7573 7493 7480
f 7552 7534 7553
f 7562 7536 7535
f 7572 7576 7574
f 7422 7578 7420
f 7423 7580 7424
f 7579 7463 7581
f 7578 7576 7582
f 7583 7381 7380
f 7586 7581 7585
f 7533 7579 7586
f 7447 7338 7587
f 7588 7531 7589
f 7590 7431 7591
f 7321 7592 7585
f 7275 7463 7273
f 7461 7276 7462
f 7279 7461 7453
f 7453 7593 7279
f 7594 7454 7455
f 7330 7498 7459
f 7459 7294 7330
f 7558 7595 7295
f 7560 7320 7595
f 7275 7585 7581
f 7462 7273 7463
f 7596 7380 7497
f 7597 7406 7409
f 7467 7599 7600
f 7601 7603 7604
f 7605 7444 7443
f 7365 7606 7366
f 7607 7494 7608
f 7513 7473 7396
f 7396 7514 7513
f 7514 7468 7515
f 7470 7515 7468
f 7610 7609 7470
f 7612 7476 7475
f 7613 7529 7614
f 7442 7615 7616
f 7343 7617 7618
f 7574 7577 7536
f 7619 7399 7491
f 7518 7509 7519
f 7491 7425 7492
f 7549 7621 7565
f 7491 7622 7619
f 7377 7440 7452
f 7379 7497 7380
f 7453 7460 7449
f 7411 7459 7498
f 7623 7391 7390
f 7625 7610 7484
f 7487 7483 7626
f 7619 7408 7489
f 7627 7620 7549
f 7538 7378 7537
f 7389 7477 7476
f 7629 7412 7433
f 7489 7407 7487
f 7628 7598 7597
f 7413 7524 7414
f 7592 7559 7630
f 7584 7632 7381
f 7569 7633 7571
f 7570 7566 7569
f 7631 7566 7632
f 7508 7519 7509
f 7614 7480 7613
f 7346 7470 7347
f 7572 7562 7564
f 7571 7634 7419
f 7346 7484 7610
f 7607 7431 7495
f 7585 7630 7586
f 7624 7497 7391
f 7635 7384 7439
f 7636 7502 7588
f 7323 7310 7289
f 7420 7582 7421
f 7637 7455 7456
f 7287 7499 7498
f 7458 7295 7294
f 7439 7472 7635
f 7599 7604 7600
f 7359 7427 7636
f 7436 7639 7437
f 7490 7640 7622
f 7481 7493 7473
f 7641 7505 7525
f 7642 7627 7644
f 7492 7473 7493
f 7517 7625 7530
f 7625 7486 7530
f 7634 7390 7419
f 7474 7532 7516
f 7448 7441 7444
f 7368 7449 7460
f 7615 7368 7371
f 7638 7602 7639
f 7575 7501 7345
f 7571 7570 7569
f 7400 7489 7488
f 7508 7632 7566
f 7503 7540 7539
f 6957 7315 7326
f 7376 7438 7377
f 7507 7381 7632
f 7499 7452 7440
f 7286 7456 7499
f 7504 7644 7505
f 7368 7460 7369
f 7645 7627 7643
f 7647 7633 7646
f 7647 7623 7634
f 7649 7623 7648
f 7650 7624 7649
f 7646 7568 7651
f 7651 7567 7652
f 7653 7567 7631
f 7651 7655 7646
f 7656 7658 7659
f 7660 7657 7661
f 7663 7656 7662
f 7664 7663 7666
f 7667 7663 7662
f 7667 7668 7655
f 7663 7661 7657
f 7670 7672 7669
f 7661 7671 7660
f 7659 7662 7656
f 7648 7668 7659
f 7648 7673 7649
f 7659 7674 7673
f 7658 7675 7674
f 7668 7646 7655
f 7660 7676 7675
f 7675 7678 7674
f 7677 7676 7679
f 7677 7681 7678
f 7682 7678 7681
f 7677 7684 7680
f 7673 7678 7683
f 7683 7649 7673
f 7685 7671 7670
f 7667 7686 7666
f 7666 7687 7664
f 7654 7686 7655
f 7689 7686 7688
f 7664 7691 7690
f 7650 7583 7596
f 7693 7631 7584
f 7584 7692 7693
f 7693 7682 7694
f 7694 7681 7695
f 7694 7653 7693
f 7650 7682 7692
f 7696 7652 7653
f 7654 7652 7697
f 7688 7697 7698
f 7699 7697 7696
f 7700 7698 7699
f 7695 7696 7694
f 7699 7702 7700
f 7689 7698 7701
f 7689 7703 7704
f 7705 7707 7703
f 7701 7705 7703
f 7704 7707 7685
f 7685 7691 7704
f 7687 7704 7691
f 7680 7695 7681
f 7684 7702 7680
f 7702 7705 7700
f 7684 7707 7706
f 7676 7707 7679
f 7665 7672 7661
f 7670 7690 7691
f 7665 7690 7669
f 7611 7474 7609
f 7510 7479 7478
f 7511 7537 7512
f 7516 7538 7511
f 7517 7613 7518
f 7537 7478 7512
f 7611 7612 7475
f 7613 7479 7518
f 7556 7517 7520
f 7516 7609 7474
f 7708 7710 7711
f 7712 7714 7715
f 7713 7717 7714
f 7719 7721 7718
f 7722 7597 7409
f 7724 7715 7725
f 7726 7728 7729
f 7731 7573 7730
f 7730 7614 7732
f 7733 7735 7736
f 7721 7724 7737
f 7731 7409 7640
f 7708 7729 7738
f 7737 7709 7739
f 7716 7736 7740
f 7742 7744 7745
f 7740 7735 7746
f 7717 7740 7747
f 7716 7720 7741
f 7748 7711 7710
f 7750 7710 7725
f 7720 7751 7741
f 7734 7728 7735
f 7709 7725 7710
f 7752 7715 7714
f 7739 7708 7738
f 7720 7712 7721
f 7749 7755 7711
f 7745 7756 7747
f 7746 7742 7745
f 7743 7755 7754
f 7727 7735 7728
f 7747 7757 7717
f 7753 7725 7715
f 7751 7620 7733
f 7757 7714 7717
f 7718 7737 7732
f 7747 7746 7745
f 7727 7755 7742
f 7726 7711 7755
f 7759 7756 7758
f 7759 7752 7757
f 7760 7753 7752
f 7761 7750 7753
f 7758 7744 7763
f 7763 7743 7764
f 7754 7764 7743
f 7763 7767 7758
f 7768 7770 7771
f 7772 7771 7773
f 7775 7772 7774
f 7776 7775 7778
f 7779 7775 7774
f 7775 7769 7768
f 7770 7781 7780
f 7782 7772 7773
f 7760 7782 7773
f 7760 7783 7761
f 7773 7784 7783
f 7770 7784 7771
f 7779 7782 7767
f 7782 7758 7767
f 7785 7780 7786
f 7785 7788 7784
f 7787 7786 7789
f 7787 7791 7788
f 7792 7788 7791
f 7787 7794 7790
f 7793 7784 7788
f 7762 7783 7793
f 7796 7780 7795
f 7795 7781 7797
f 7779 7798 7778
f 7799 7778 7798
f 7766 7798 7767
f 7800 7799 7798
f 7802 7799 7803
f 7795 7802 7803
f 7762 7748 7750
f 7805 7754 7749
f 7749 7804 7805
f 7805 7792 7806
f 7806 7791 7807
f 7806 7765 7805
f 7793 7804 7762
f 7808 7764 7765
f 7766 7764 7809
f 7766 7810 7800
f 7811 7809 7808
f 7812 7810 7811
f 7807 7808 7806
f 7811 7814 7812
f 7813 7800 7810
f 7801 7815 7816
f 7817 7819 7815
f 7813 7817 7815
f 7816 7819 7796
f 7796 7803 7816
f 7799 7816 7803
f 7790 7807 7791
f 7794 7814 7790
f 7814 7817 7812
f 7794 7819 7818
f 7786 7819 7789
f 7777 7781 7769
f 7777 7802 7797
f 7528 7718 7529
f 7729 7723 7722
f 7738 7730 7739
f 7732 7739 7730
f 7733 7628 7734
f 7722 7738 7729
f 7621 7719 7528
f 7628 7723 7734
f 7733 7741 7751
f 7732 7529 7718
f 7486 7621 7528
f 7549 7350 7353
f 7353 7349 7354
f 7354 7563 7550
f 7821 7823 7820
f 7824 7826 7827
f 7825 7829 7826
f 7830 7832 7833
f 7834 7827 7835
f 7836 7838 7839
f 7840 7406 7841
f 7841 7598 7842
f 7843 7845 7846
f 7833 7834 7847
f 7848 7836 7839
f 7847 7821 7849
f 7828 7846 7850
f 7853 7855 7852
f 7850 7845 7856
f 7829 7850 7857
f 7828 7832 7851
f 7858 7823 7822
f 7860 7822 7835
f 7831 7851 7832
f 7844 7838 7845
f 7834 7822 7821
f 7863 7827 7826
f 7849 7820 7848
f 7825 7833 7832
f 7859 7866 7823
f 7855 7867 7857
f 7837 7855 7856
f 7865 7852 7866
f 7837 7845 7838
f 7857 7868 7829
f 7864 7835 7827
f 7843 7642 7504
f 7868 7826 7829
f 7830 7847 7842
f 7857 7856 7855
f 7837 7866 7852
f 7836 7823 7866
f 7870 7867 7869
f 7870 7863 7868
f 7871 7864 7863
f 7872 7860 7864
f 7869 7854 7874
f 7874 7853 7875
f 7876 7853 7865
f 7874 7878 7869
f 7879 7881 7882
f 7883 7882 7884
f 7886 7883 7885
f 7887 7886 7889
f 7890 7886 7885
f 7886 7880 7879
f 7891 7880 7892
f 7884 7885 7883
f 7871 7893 7884
f 7871 7894 7872
f 7884 7895 7894
f 7882 7896 7895
f 7890 7893 7878
f 7893 7869 7878
f 7881 7897 7896
f 7898 7895 7896
f 7900 7896 7897
f 7901 7899 7898
f 7904 7902 7903
f 7898 7905 7901
f 7894 7899 7904
f 7904 7872 7894
f 7907 7891 7906
f 7906 7892 7908
f 7890 7909 7889
f 7910 7889 7909
f 7877 7909 7878
f 7912 7909 7911
f 7887 7914 7913
f 7906 7913 7914
f 7873 7858 7860
f 7916 7865 7859
f 7859 7915 7916
f 7916 7903 7917
f 7917 7902 7918
f 7917 7876 7916
f 7873 7903 7915
f 7919 7875 7876
f 7877 7875 7920
f 7911 7920 7921
f 7922 7920 7919
f 7923 7921 7922
f 7918 7919 7917
f 7922 7925 7923
f 7924 7911 7921
f 7912 7926 7927
f 7928 7930 7926
f 7924 7928 7926
f 7927 7930 7907
f 7907 7914 7927
f 7910 7927 7914
f 7901 7918 7902
f 7905 7925 7901
f 7925 7928 7923
f 7905 7930 7929
f 7897 7930 7900
f 7888 7892 7880
f 7888 7913 7908
f 7645 7831 7830
f 7839 7862 7931
f 7841 7848 7840
f 7842 7849 7841
f 7504 7844 7843
f 7839 7840 7848
f 7643 7861 7831
f 7503 7862 7844
f 7846 7861 7843
f 7842 7645 7830
f 7932 7934 7935
f 7936 7938 7939
f 7937 7941 7938
f 7942 7944 7945
f 7947 7949 7946
f 7950 7939 7951
f 7953 7955 7952
f 7956 7958 7959
f 7956 7540 7960
f 7962 7964 7961
f 7936 7965 7945
f 7946 7958 7957
f 7966 7952 7955
f 7965 7933 7967
f 7968 7969 7964
f 7970 7972 7973
f 7974 7964 7963
f 7941 7968 7975
f 7940 7944 7969
f 7976 7935 7934
f 7978 7934 7951
f 7943 7969 7944
f 7947 7963 7962
f 7933 7951 7934
f 7980 7939 7938
f 7967 7932 7966
f 7937 7945 7944
f 7977 7983 7935
f 7973 7984 7975
f 7953 7973 7974
f 7982 7970 7983
f 7974 7954 7953
f 7975 7985 7941
f 7981 7951 7939
f 7961 7544 7545
f 7985 7938 7941
f 7942 7965 7960
f 7975 7974 7973
f 7952 7970 7953
f 7952 7935 7983
f 7987 7984 7986
f 7987 7980 7985
f 7988 7981 7980
f 7989 7978 7981
f 7986 7972 7991
f 7991 7971 7992
f 7993 7971 7982
f 7986 7994 7995
f 7997 7999 7996
f 8000 7999 8001
f 8003 8000 8002
f 8005 8006 8004
f 8007 8003 8002
f 7996 8005 7997
f 7998 8009 8008
f 8010 8000 8001
f 7988 8010 8001
f 7988 8011 7989
f 8011 7999 8012
f 7998 8012 7999
f 8007 8010 7995
f 8010 7986 7995
f 8013 8008 8014
f 8015 8012 8013
f 8017 8013 8014
f 8018 8016 8015
f 8021 8019 8020
f 8015 8022 8018
f 8011 8016 8021
f 8021 7989 8011
f 8023 8014 8008
f 8023 8009 8025
f 8007 8026 8006
f 8026 8004 8006
f 8028 7995 7994
f 8029 8026 8028
f 8030 8027 8031
f 8023 8030 8031
f 7990 7976 7978
f 8033 7982 7977
f 7976 8033 7977
f 8034 8032 8020
f 8035 8020 8019
f 8034 7993 8033
f 7990 8020 8032
f 8036 7992 7993
f 7991 8037 7994
f 7994 8038 8028
f 8039 8037 8036
f 8040 8038 8039
f 8035 8036 8034
f 8039 8042 8040
f 8041 8028 8038
f 8029 8043 8044
f 8045 8047 8043
f 8041 8045 8043
f 8044 8047 8024
f 8024 8031 8044
f 8027 8044 8031
f 8042 8019 8018
f 8022 8042 8018
f 8042 8045 8040
f 8017 8046 8022
f 8014 8047 8017
f 8005 8009 7997
f 8005 8030 8025
f 7506 7943 7942
f 7954 7946 7955
f 7967 7957 7956
f 7960 7967 7956
f 7948 7962 8048
f 7955 7957 7966
f 7641 7979 7943
f 7969 7961 7964
f 7960 7506 7942
f 7362 8050 7436
f 8052 7464 8051
f 8051 7467 8053
f 8054 7600 7604
f 8056 7618 8052
f 7436 8057 7638
f 8049 7361 8056
f 8057 7603 7638
f 8055 7467 7600
f 8058 7604 7603
f 8059 8058 8057
f 8060 8054 8058
f 8061 8055 8054
f 8062 8053 8055
f 8059 8050 8064
f 8064 8049 8065
f 8056 8065 8049
f 8059 8067 8068
f 8069 8071 8072
f 8073 8072 8074
f 8075 8073 8076
f 8077 8075 8076
f 8075 8070 8069
f 8079 8081 8070
f 8082 8070 8081
f 8083 8073 8074
f 8061 8083 8074
f 8061 8084 8062
f 8074 8085 8084
f 8072 8086 8085
f 8077 8083 8068
f 8083 8059 8068
f 8071 8087 8086
f 8088 8085 8086
f 8090 8086 8087
f 8091 8089 8088
f 8094 8092 8093
f 8088 8095 8091
f 8084 8089 8094
f 8094 8062 8084
f 8097 8082 8096
f 8096 8081 8080
f 8077 8098 8078
f 8099 8078 8098
f 8101 8068 8067
f 8102 8098 8101
f 8100 8104 8103
f 8096 8103 8104
f 8075 8100 8079
f 8079 8103 8080
f 8105 8053 8063
f 8066 8052 8106
f 8051 8106 8052
f 8107 8105 8093
f 8108 8093 8092
f 8107 8066 8106
f 8063 8093 8105
f 8109 8065 8066
f 8064 8110 8067
f 8067 8111 8101
f 8112 8110 8109
f 8113 8111 8112
f 8108 8109 8107
f 8112 8115 8113
f 8114 8101 8111
f 8102 8116 8117
f 8118 8120 8116
f 8114 8118 8116
f 8117 8120 8097
f 8097 8104 8117
f 8099 8117 8104
f 8091 8108 8092
f 8095 8115 8091
f 8115 8118 8113
f 8095 8120 8119
f 8087 8120 8090
f 7550 7561 7551
f 7552 7561 7535
f 7931 7539 7542
f 7640 7408 7622
f 7549 7644 7627
f 7525 7544 7641
f 7931 7482 7840
f 7483 7542 7541
f 7626 7405 7487
f 7629 7432 8121
f 7629 7949 7948
f 8122 7949 8121
f 8123 8121 7432
f 8124 7432 7435
f 7434 8125 7435
f 8125 8124 7435
f 8124 7429 8126
f 8123 8126 8127
f 8122 8127 8128
f 7541 7959 8128
f 7404 8129 7531
f 8125 7431 7430
f 7526 7505 7644
f 7626 7541 8128
f 7959 8122 8128
f 7961 8048 7962
f 7629 8048 7545
f 8127 7626 8128
f 7402 8126 7403
f 8129 8126 7429
f 7428 8129 7429
f 7589 7428 7590
f 7471 7366 7606
f 7334 7426 7357
f 7335 7357 7356
f 7616 7446 7445
f 7392 7398 7426
f 7393 7397 7392
f 7342 7394 7393
f 7344 7469 7342
f 7343 7361 7360
f 7360 7344 7343
f 7363 7345 7360
f 7437 7575 7363
f 7582 7437 7639
f 7421 7639 7602
f 7375 7602 7601
f 7599 7375 7601
f 7465 7618 7617
f 7332 7587 7340
f 7447 7335 7445
f 7445 7356 7616
f 7359 7616 7356
f 7636 7442 7359
f 7588 7443 7636
f 7589 7605 7588
f 7590 7606 7589
f 7471 7591 7472
f 7446 7371 7374
f 7371 7372 7374
f 7422 7370 7424
f 7577 7424 7580
f 7536 7580 7533
f 7591 7635 7472
f 7607 7386 7635
f 7543 7494 7527
f 7547 7543 7522
f 7608 7387 7386
f 7387 7416 7385
f 7457 7382 7417
f 7557 7417 7554
f 7559 7554 7553
f 7630 7553 7534
f 7534 7586 7630
f 7466 7337 7599
f 7465 7338 7466
f 7617 7587 7465
f 7341 7617 7343
f 8130 6090 8131
f 6023 8132 8133
f 6182 8133 6784
f 6623 6792 6185
f 6787 6182 6784
f 8134 6696 6787
f 6917 6756 8135
f 6762 7112 6763
f 6762 6184 6759
f 6765 6185 6184
f 6650 6768 6647
f 6772 6916 7259
f 6777 6789 6788
f 6022 6788 8132
f 6756 8134 8135
f 6758 6771 6770
f 6761 6775 7112
f 6769 6621 6766
f 6772 6767 6773
f 6174 6760 6759
f 6187 6178 6670
f 6811 6648 6812
f 6786 6724 6779
f 6791 6918 6885
f 6186 6179 6178
f 6808 8133 8132
f 6884 8135 8134
f 6174 6670 6171
f 6807 6784 8133
f 6791 8132 6788
f 6786 8134 6787
f 6790 6172 6918
f 6649 6792 6650
f 6316 8136 6717
f 8137 6654 8138
f 8139 6601 6160
f 6656 6580 6870
f 6868 8142 6865
f 6316 6711 6313
f 6864 8144 6861
f 6864 8145 6860
f 6868 6869 6710
f 6656 6866 6653
f 8146 8148 8149
f 8139 8151 6640
f 8152 6866 6865
f 8154 8138 6654
f 6874 8156 8157
f 8158 8159 6805
f 8160 6865 8142
f 8161 6313 6711
f 6161 8162 8163
f 8164 6654 6653
f 8153 6653 6866
f 8165 8167 8168
f 8166 8169 8167
f 5989 8170 8169
f 5988 8171 8170
f 8172 6043 6042
f 8174 6032 6035
f 8174 6098 8176
f 8176 6796 8177
f 8177 8178 8179
f 7132 6728 7133
f 6589 8180 7136
f 8180 6004 8181
f 8181 6007 8182
f 6334 6731 6734
f 6079 6645 6731
f 6078 6646 6645
f 6085 8184 6646
f 6091 8185 6093
f 6086 8183 6085
f 6950 7118 7070
f 6952 6992 7127
f 6983 6968 7103
f 6987 7004 7099
f 7001 6979 6978
f 7001 7074 6998
f 7262 7075 7074
f 7264 7127 7075
f 7265 6943 6972
f 7265 6991 6990
f 7266 7070 6991
f 6949 7119 7118
f 7267 6939 7119
f 6983 7099 6940
f 7268 6985 8186
f 7000 8186 6979
f 6938 6985 6984
f 6946 6922 6921
f 6956 6948 6947
f 6971 6928 6927
f 6970 6954 6928
f 6973 6921 6925
f 6977 7263 7105
f 6981 7061 7060
f 6973 7117 6972
f 7097 6979 8186
f 7104 6927 7101
f 6977 7060 6974
f 6976 6944 7263
f 6956 7066 6953
f 6937 8186 6985
f 6938 7101 6935
f 6924 7116 7297
f 6926 7297 7068
f 6930 6962 7304
f 6934 6953 7066
f 6960 6936 6935
f 6963 6928 6954
f 6967 6975 6974
f 7063 7327 7331
f 6959 7096 6936
f 6926 7066 6925
f 7102 7304 7125
f 6967 7331 6964
f 6966 6922 6975
f 7062 7064 7327
f 6963 6932 6961
f 7102 6935 7101
f 7299 7269 8187
f 7301 6932 6931
f 7306 7285 7284
f 7308 6962 6961
f 7315 7284 7309
f 7317 7312 7311
f 7319 6964 7331
f 7322 7297 7116
f 7317 7116 6965
f 7308 7303 7307
f 7326 6958 6957
f 7329 7291 7290
f 7328 7324 7291
f 7301 8187 7302
f 7319 7290 7318
f 7326 7309 7323
f 7272 7321 7275
f 7272 8187 7269
f 7274 7302 8187
f 7281 7307 7303
f 7283 7593 7594
f 7289 7324 7323
f 7293 7330 7294
f 7293 7318 7290
f 7310 7594 7637
f 7314 7595 7320
f 7282 7279 7593
f 7278 7277 7276
f 7314 7270 7311
f 7313 7295 7595
f 7288 7291 7324
f 7289 7637 7286
f 6003 6626 6136
f 6003 7165 6000
f 6690 8189 6691
f 6686 5981 5980
f 6685 6096 5981
f 6687 6806 6096
f 6002 5980 6626
f 6606 5351 5350
f 7164 8190 8191
f 8192 7174 8193
f 6015 8153 8152
f 6189 8155 8154
f 8157 6284 6283
f 6332 8152 8160
f 6593 6317 8161
f 6658 8154 8164
f 6014 8164 8153
f 6332 7131 6333
f 6805 6321 6052
f 6146 8162 6625
f 6607 8195 6604
f 8196 6125 8197
f 8198 7168 8199
f 8199 6633 8200
f 7177 8201 7178
f 8202 8204 8205
f 7208 7185 7205
f 7237 7186 7208
f 6819 7230 7237
f 6818 6824 6819
f 8206 6821 6818
f 8207 8135 8208
f 6917 8209 6916
f 8209 7259 6916
f 8210 6647 7259
f 6812 8212 7258
f 6809 7258 7257
f 6809 8213 6113
f 6113 8214 6110
f 7235 6110 8214
f 7223 7234 6147
f 6147 8215 6148
f 6148 8216 6153
f 8218 6158 8217
f 8219 6116 6119
f 6284 6116 6285
f 6188 8156 8155
f 8155 6873 8138
f 8138 6872 8137
f 8137 8148 6581
f 6193 6281 6190
f 6190 6278 6195
f 8220 8222 8223
f 8224 7139 7138
f 6223 8226 8227
f 6237 8228 8229
f 6238 8227 8230
f 6249 8231 8232
f 6253 8233 8234
f 6236 8221 8228
f 6331 8230 8235
f 6252 8236 8233
f 6222 8229 8226
f 6828 8237 8238
f 6280 8240 8241
f 8208 6883 8206
f 6648 8211 8212
f 6143 8242 8243
f 6624 8244 8242
f 8245 8247 8248
f 8249 8251 8252
f 7195 8254 7196
f 7214 8253 7195
f 8256 7214 7213
f 7243 8257 7244
f 7210 8257 7211
f 8259 6102 8260
f 8261 6121 8262
f 8178 8263 8179
f 7132 8264 8263
f 6797 8265 8264
f 6135 8266 8265
f 6134 8267 8266
f 6151 8268 8267
f 6154 8270 8268
f 8269 8272 8270
f 7194 8273 8274
f 7193 8275 8273
f 8249 8260 8276
f 8248 8278 8245
f 6129 8279 8280
f 7169 8197 6125
f 8198 8192 8197
f 7171 7175 7173
f 6589 7129 6587
f 6801 6040 7129
f 6037 6041 6040
f 6036 6659 6041
f 6131 6118 6659
f 6156 6119 6118
f 8218 6119 6155
f 8219 6815 6642
f 7191 6641 6814
f 8246 7189 7191
f 8245 8281 8282
f 8280 6288 6287
f 6125 7170 7169
f 6288 6602 6123
f 6126 6604 8195
f 8196 6605 6604
f 7174 6691 8189
f 6691 6139 6692
f 7171 8283 7172
f 7172 8284 6142
f 6139 8284 6692
f 8285 8287 8288
f 8211 8289 8286
f 8290 8292 8289
f 8293 8291 8290
f 8293 8208 8295
f 8296 8298 8295
f 6818 8296 8206
f 8285 7258 8212
f 7243 7212 7211
f 7243 8300 8299
f 8301 6739 6738
f 8302 7213 7247
f 8303 7247 6168
f 8304 6168 6167
f 6738 8297 8301
f 8288 6167 6170
f 8304 8291 8305
f 8305 8294 6737
f 6737 8306 8305
f 6736 8307 8306
f 8243 8308 8309
f 8242 8282 8308
f 8247 7191 7190
f 7196 8251 7192
f 8253 8311 8254
f 8255 8310 8253
f 8313 8255 8256
f 7244 8313 8307
f 8313 8258 8312
f 8312 8314 8310
f 8315 8310 8314
f 8311 8316 8252
f 8282 8317 8308
f 8308 8261 8309
f 8309 8262 8318
f 8248 8275 8276
f 8282 8246 8245
f 8307 8256 8302
f 8306 8302 8303
f 8305 8303 8304
f 8298 6737 8294
f 8287 8304 6167
f 7253 7199 7198
f 8319 6028 7199
f 8320 6029 6028
f 8321 7184 6029
f 8322 7185 7184
f 8203 7205 7185
f 8202 7206 7205
f 7239 7210 7209
f 7251 8319 7253
f 7227 8320 8319
f 7217 8321 8320
f 7216 8322 8321
f 7236 8203 8322
f 6175 8200 7204
f 7165 8191 6177
f 6137 7166 6138
f 6200 8283 6137
f 6199 8284 8283
f 8284 6205 6692
f 6205 6689 6692
f 6689 5485 3833
f 7009 8323 7107
f 7013 7021 7020
f 7017 7029 7028
f 7013 7110 7010
f 7073 7084 7089
f 7081 7093 7092
f 7082 7028 7025
f 7088 6995 6994
f 7088 7057 7085
f 7122 7043 7042
f 7124 7024 7126
f 7082 7024 7123
f 7009 7042 7006
f 7012 7126 7021
f 7115 7015 7057
f 7008 7058 8323
f 7081 7120 7078
f 7073 7079 7071
f 6997 7076 7113
f 7023 6942 6941
f 7027 7069 7038
f 7031 6989 6988
f 7079 7033 7032
f 7037 7107 8323
f 7027 7126 7024
f 7041 7029 7114
f 7026 6988 7069
f 7100 6941 7098
f 7108 7002 7019
f 7100 8323 7058
f 6997 7114 6994
f 7022 7039 6942
f 7111 7033 7255
f 7035 7260 7032
f 7261 6996 7260
f 7108 7120 7106
f 7245 8258 7210
f 7246 8314 7245
f 7181 8316 7182
f 8277 6129 8278
f 8278 8280 8281
f 6287 8281 8280
f 6122 8317 6287
f 5487 6144 5488
f 5489 6162 5490
f 6637 8325 8326
f 8326 8225 8224
f 5494 8225 5495
f 6160 8150 8139
f 5496 8151 5497
f 8163 6162 6161
f 6146 8327 8163
f 8243 6144 6143
f 8328 8309 8318
f 8318 5501 5500
f 8262 5502 5501
f 8329 8331 8332
f 8333 8335 8336
f 8338 6007 8337
f 8329 8339 8340
f 8341 6734 8330
f 6006 8337 6007
f 8342 6804 6800
f 6065 8339 8343
f 5995 8341 8340
f 6918 6166 6165
f 7221 6166 6880
f 6172 6880 6166
f 8344 5955 6713
f 5519 5975 5520
f 6806 8346 6695
f 6646 8347 6643
f 8165 8349 6323
f 6322 8131 6090
f 8345 6688 8351
f 6695 5975 5974
f 5976 5528 6713
f 5529 8131 5530
f 6643 8352 8168
f 8183 5532 8184
f 5534 8130 5529
f 6730 5533 8183
f 8351 6093 8185
f 5535 6594 3856
f 8353 6652 6651
f 8354 8355 8356
f 8357 6825 6202
f 8359 6202 6201
f 6224 8356 8360
f 6275 8362 6276
f 6201 7143 8359
f 7146 8359 7143
f 8357 8363 8364
f 8355 8366 8367
f 8361 8368 8362
f 8356 8367 8369
f 8370 8372 7142
f 8220 7145 8374
f 6275 6228 6231
f 5558 6228 6274
f 8375 8367 8366
f 8362 8376 8377
f 8378 8380 8381
f 8363 8382 8383
f 8384 8381 8385
f 8382 8386 8385
f 8383 8364 8363
f 6226 6231 6230
f 6231 8361 6275
f 6636 8389 8379
f 6635 8388 6636
f 8390 5576 5575
f 8379 6232 6636
f 8378 6233 6232
f 8384 8371 6233
f 8372 8393 7141
f 7138 8239 8224
f 8224 8394 8326
f 8146 8394 6282
f 6638 8326 8394
f 6340 6299 6298
f 6747 6577 6576
f 6344 6346 6345
f 6342 6355 6303
f 6353 6349 6297
f 6337 6369 8395
f 6360 6328 6327
f 6358 6386 6385
f 6364 6293 6295
f 6362 6376 6373
f 6366 6297 6296
f 6350 6372 6370
f 6533 6303 6302
f 6534 6346 6343
f 6744 6533 6302
f 6536 6747 6576
f 6357 6894 6386
f 6341 6832 6355
f 6839 6292 6291
f 6837 6380 6379
f 6838 6354 6292
f 6361 6377 6376
f 6363 6296 6293
f 6365 6373 6372
f 6359 6291 6328
f 6836 6385 6380
f 6481 6902 6544
f 6484 6501 6500
f 6477 6487 6474
f 6849 6492 6491
f 6494 6467 6466
f 6547 6544 6543
f 6750 6546 6547
f 6494 6751 6750
f 6843 6500 6846
f 6845 6575 6843
f 6489 6847 6853
f 6474 6491 6490
f 6483 6906 6501
f 6493 6465 6490
f 6471 6544 6902
f 6472 6485 6473
f 6476 6461 6460
f 6470 6542 6545
f 6570 6569 6749
f 6495 6463 6493
f 6475 6462 6461
f 6572 6477 6476
f 6574 6457 6456
f 6569 6543 6545
f 6575 6473 6485
f 6471 6901 6448
f 6469 6508 6513
f 6498 6479 6478
f 6503 6518 6517
f 6489 6505 6486
f 6467 6509 6468
f 6546 6498 6478
f 6549 6752 6753
f 6752 6466 6469
f 6503 6846 6500
f 6850 6844 6846
f 6507 6852 6525
f 6486 6509 6849
f 6502 6909 6518
f 6858 6664 6307
f 8396 6611 6610
f 6833 6324 6216
f 8399 6825 8400
f 6831 8401 8402
f 6707 6826 8399
f 8398 6890 6324
f 6858 8404 6554
f 8405 6610 6876
f 6830 6553 8401
f 8397 6911 6611
f 8400 8358 8365
f 8358 8364 8406
f 8406 8387 8407
f 8389 8380 8379
f 8389 8409 8377
f 8388 8410 8409
f 5575 8410 8390
f 6665 8411 6875
f 8412 6720 6721
f 8413 5601 6720
f 8411 8413 8412
f 6262 6290 6263
f 5602 8414 5604
f 6599 3735 5605
f 7141 7142 8372
f 8393 8241 8240
f 8227 7147 7151
f 8229 8374 7148
f 8230 7151 7153
f 8232 8415 8416
f 8234 8417 8418
f 8221 8374 8228
f 8235 7153 8419
f 8233 8420 8417
f 8226 7148 7147
f 8238 8421 8422
f 7141 8240 7138
f 6581 6655 8137
f 6640 8140 8139
f 6710 8141 6868
f 6717 6712 6316
f 6860 8143 6864
f 6870 6867 6656
f 6717 6726 6714
f 6870 6192 6115
f 6860 6050 6059
f 6710 6025 6024
f 6639 6871 8140
f 6640 8324 6637
f 6581 8147 6193
f 5615 6234 8370
f 7144 8374 7145
f 7144 6210 7149
f 7150 6210 6209
f 7152 6209 6329
f 7152 8419 7153
f 7154 8421 8419
f 7158 8415 8422
f 7160 8420 8416
f 7162 8418 8417
f 7161 5616 8418
f 8370 6233 8371
f 8373 7146 7145
f 8392 8386 8223
f 8391 8372 8371
f 5617 6713 5528
f 5973 3355 5972
f 8345 5619 8346
f 3880 6910 5621
f 8351 5620 8345
f 8346 5520 5975
f 5621 6911 5623
f 5622 8185 5534
f 8150 5497 8151
f 8423 8425 8426
f 8427 6519 8428
f 8429 8431 8432
f 6523 8433 6526
f 8434 8436 8437
f 8438 8434 8439
f 8438 6511 6528
f 8441 8424 8423
f 8427 8430 8429
f 8444 8445 8446
f 8447 8424 8448
f 8449 8444 8450
f 8451 8430 8452
f 8453 8454 8455
f 8456 8437 8453
f 8439 8456 8457
f 8448 8442 8458
f 8452 8443 8449
f 8425 8459 8446
f 8460 8462 8463
f 8464 8466 8467
f 8468 8470 8471
f 8472 8474 8475
f 8476 8478 8479
f 8480 8482 8483
f 8484 8486 8487
f 8485 8489 8486
f 8490 8481 8480
f 8492 8494 8495
f 8495 8496 8497
f 8498 8500 8501
f 8502 8500 8503
f 8504 8506 8507
f 8508 8510 8511
f 8513 8511 8512
f 8507 8514 8515
f 8516 8518 8519
f 8520 8516 8521
f 8522 8524 8525
f 8526 8522 8525
f 8528 8530 8531
f 8532 8529 8533
f 8534 8536 8537
f 8538 8534 8537
f 8464 8481 8465
f 8483 8541 8480
f 8542 8484 8467
f 8487 8540 8483
f 8488 8542 8544
f 8545 8486 8489
f 8481 8466 8465
f 8547 8489 8490
f 8548 8493 8471
f 8549 8502 8492
f 8551 8494 8548
f 8497 8552 8495
f 8469 8499 8470
f 8547 8497 8498
f 8469 8503 8500
f 8501 8550 8545
f 8460 8507 8461
f 8552 8506 8505
f 8554 8510 8463
f 8549 8505 8509
f 8554 8512 8511
f 8513 8550 8508
f 8461 8515 8462
f 8557 8513 8514
f 8558 8519 8479
f 8559 8527 8518
f 8521 8558 8561
f 8553 8517 8520
f 8477 8524 8478
f 8520 8557 8553
f 8476 8525 8477
f 8527 8556 8522
f 8563 8528 8475
f 8564 8531 8565
f 8533 8563 8566
f 8562 8530 8532
f 8473 8536 8474
f 8559 8532 8535
f 8472 8537 8473
f 8560 8539 8564
f 8463 8555 8554
f 8544 8467 8466
f 8470 8548 8471
f 8475 8566 8563
f 8479 8561 8558
f 8484 8483 8482
f 8490 8488 8491
f 8503 8492 8502
f 8498 8496 8499
f 8504 8509 8505
f 8515 8513 8512
f 8519 8527 8526
f 8521 8523 8520
f 8528 8539 8538
f 8533 8535 8532
f 8467 8482 8464
f 8487 8546 8543
f 8544 8491 8488
f 8480 8547 8490
f 8493 8468 8471
f 8495 8549 8492
f 8551 8499 8496
f 8501 8547 8498
f 8460 8510 8504
f 8508 8549 8509
f 8555 8515 8512
f 8506 8557 8514
f 8519 8476 8479
f 8517 8559 8518
f 8561 8524 8521
f 8522 8557 8523
f 8475 8538 8472
f 8567 8531 8530
f 8566 8536 8533
f 8560 8535 8534
f 8442 8568 8569
f 6512 8568 6754
f 8570 8571 8572
f 8426 6514 8423
f 8428 8443 8427
f 6522 8432 6523
f 8437 8433 8454
f 6524 8435 6527
f 6528 8435 8438
f 8423 6550 8441
f 8429 6516 8427
f 6515 8445 6908
f 8441 6754 8568
f 8570 8569 8568
f 8440 6512 6511
f 8569 8458 8442
f 8574 8572 8571
f 8572 8573 8569
f 8453 8577 8456
f 8576 8455 8578
f 8452 8580 8451
f 8573 8582 8458
f 8575 8581 8573
f 8584 8575 8574
f 8571 8457 8574
f 8439 8440 8438
f 8585 8587 8588
f 8587 8590 8588
f 8589 8592 8590
f 8591 8594 8592
f 8593 8596 8594
f 8595 8598 8596
f 8599 8586 8585
f 8601 8600 8599
f 8603 8602 8601
f 8605 8598 8597
f 8607 8604 8603
f 8609 8608 8607
f 8611 8610 8609
f 8606 8612 8611
f 8613 8589 8587
f 8614 8591 8589
f 8615 8593 8591
f 8616 8595 8593
f 8617 8597 8595
f 8619 8617 8616
f 8620 8618 8617
f 8620 8623 8621
f 8624 8626 8627
f 8626 8622 8627
f 8620 8628 8622
f 8622 8629 8627
f 8627 8630 8624
f 8632 8634 8631
f 8636 8633 8635
f 8637 8636 8635
f 8639 8632 8640
f 8633 8641 8635
f 8635 8642 8637
f 8642 8644 8637
f 8645 8637 8644
f 8586 8613 8587
f 8600 8646 8586
f 8616 8648 8619
f 8615 8649 8648
f 8613 8649 8614
f 8651 8613 8646
f 8647 8651 8646
f 8652 8654 8651
f 8602 8647 8600
f 8655 8652 8647
f 8656 8653 8652
f 8653 8659 8654
f 8658 8661 8659
f 8644 8663 8645
f 8664 8662 8665
f 8661 8666 8659
f 8666 8654 8659
f 8667 8651 8654
f 8668 8597 8618
f 8669 8618 8621
f 8670 8621 8623
f 8671 8623 8626
f 8671 8625 8672
f 8625 8673 8672
f 8636 8675 8634
f 8638 8674 8636
f 8645 8676 8638
f 8645 8678 8677
f 8679 8660 8658
f 8657 8658 8653
f 8583 8648 8649
f 8650 8583 8649
f 8667 8581 8650
f 8666 8582 8667
f 8664 8681 8666
f 8682 8665 8683
f 8684 8643 8642
f 8684 8641 8579
f 8639 8579 8641
f 8580 8640 8578
f 8629 8576 8630
f 8604 8655 8602
f 8608 8686 8604
f 8610 8687 8608
f 8612 8688 8610
f 8605 8689 8612
f 8690 8668 8669
f 8691 8689 8690
f 8692 8688 8691
f 8693 8687 8692
f 8656 8686 8693
f 8694 8669 8670
f 8695 8690 8694
f 8696 8691 8695
f 8697 8692 8696
f 8657 8693 8697
f 8697 8679 8657
f 8696 8698 8697
f 8696 8700 8699
f 8694 8700 8695
f 8670 8701 8694
f 8702 8671 8672
f 8701 8703 8700
f 8703 8699 8700
f 8699 8705 8698
f 8698 8680 8679
f 8672 8706 8702
f 8675 8707 8708
f 8674 8709 8707
f 8709 8677 8710
f 8677 8711 8710
f 8712 8710 8711
f 8702 8714 8703
f 8713 8714 8715
f 8707 8716 8717
f 8717 8713 8715
f 8710 8716 8709
f 8708 8717 8715
f 8546 8599 8543
f 8546 8603 8601
f 8550 8603 8545
f 8556 8607 8550
f 8560 8609 8556
f 8564 8611 8560
f 8565 8606 8564
f 8565 8596 8598
f 8567 8594 8596
f 8562 8592 8594
f 8553 8590 8592
f 8590 8541 8588
f 8540 8588 8541
f 8543 8585 8540
f 8684 8450 8685
f 8579 8449 8684
f 8682 8448 8681
f 8447 8683 8459
f 8681 8458 8582
f 8628 8619 8718
f 8584 8619 8648
f 8628 8577 8629
f 8457 8577 8718
f 8574 8718 8584
f 7134 6919 7135
f 6164 6919 6783
f 5485 6609 5921
f 3832 8188 6690
f 5921 6221 3354
f 5922 7128 6607
f 6439 8720 6440
f 8720 6570 6749
f 6570 8721 6464
f 6439 8721 8719
f 6727 6057 6312
f 6312 6073 6247
f 6828 6073 6072
f 6877 6267 6745
f 6745 6299 6744
f 6891 6305 6889
f 6338 6746 6339
f 6438 6410 6435
f 6412 6440 6748
f 6564 6424 6565
f 6842 6577 8395
f 6889 6829 7156
f 6579 6564 6563
f 6435 6565 6424
f 8722 6306 6891
f 8723 6058 6727
f 6269 6878 6879
f 7160 6829 6598
f 8724 8143 8725
f 8238 6248 6828
f 6339 6744 6299
f 8395 6338 6337
f 6879 8404 8726
f 8422 8231 8238
f 8725 6859 8723
f 8416 7157 7160
f 6059 6049 6056
f 6330 6049 6048
f 7156 6259 6889
f 6269 6264 6266
f 6297 6264 6241
f 6340 6351 6337
f 6368 8395 6369
f 6422 6559 6423
f 6436 6404 6437
f 6447 6438 6437
f 6424 6436 6435
f 6331 6099 6330
f 6422 6842 6368
f 8722 6856 8726
f 8141 6862 8142
f 6265 6617 6242
f 6324 6259 6258
f 7158 6260 7156
f 6709 6863 8141
f 8235 6827 6331
f 6298 6352 6340
f 6370 6351 6350
f 6891 8403 8722
f 8419 8237 8235
f 6051 8145 6709
f 8422 7155 7158
f 8721 6446 6464
f 6748 8720 6749
f 8727 6011 8194
f 8158 8144 8724
f 6009 6861 8144
f 6008 6862 6861
f 8142 8727 8160
f 6554 6893 6858
f 6833 6708 8398
f 6708 8403 8398
f 5623 6892 4042
f 8406 8365 8358
f 8407 8366 8406
f 8377 8408 8389
f 8397 6530 6529
f 6651 8400 8353
f 8402 6616 6615
f 6618 8399 6651
f 6554 6878 6551
f 8396 6854 6530
f 8401 6552 6616
f 6892 6529 6743
f 8353 8365 8355
f 8377 6276 8362
f 8409 6277 6276
f 8410 5932 6277
f 8726 6857 8722
f 8726 6855 6879
f 7234 6106 8215
f 8279 6127 6288
f 8354 6227 6652
f 6246 6619 6289
f 8239 6282 8394
f 8162 6286 6625
f 6292 6246 6289
f 6382 6377 6379
f 6392 6396 6393
f 6396 6427 6428
f 6398 6443 6459
f 6459 6458 6460
f 6525 6523 6526
f 6558 6271 6555
f 6429 6560 6561
f 6460 6572 6476
f 6272 3736 3735
f 7128 6602 8195
f 6227 6244 6652
f 7180 6634 6103
f 6642 6285 8219
f 6356 6740 6614
f 6816 8218 8217
f 6820 8301 6817
f 6355 6741 6356
f 6344 6834 6341
f 6364 6840 6361
f 6375 6560 6415
f 6848 6488 6477
f 6853 6506 6489
f 6530 6740 6531
f 8140 6874 6601
f 6555 6831 6876
f 8215 6881 8216
f 6348 6894 6345
f 6383 6896 6417
f 6433 6896 6420
f 6432 6898 6390
f 6406 6898 6407
f 6900 6387 6899
f 6900 6448 6901
f 6472 6903 6482
f 6480 6903 6902
f 6497 6906 6479
f 6908 6518 6909
f 4280 6120 6603
f 6100 7170 6128
f 6632 7188 8201
f 7235 7201 7200
f 7206 7212 7207
f 8213 7232 7231
f 8214 7231 7201
f 6108 7200 7203
f 7238 8300 6820
f 7207 8299 7238
f 8205 7240 8202
f 6170 7232 7256
f 6638 8149 6639
f 6601 8157 6600
f 6600 6283 8162
f 8392 8222 8393
f 6278 8241 6279
f 6816 8274 6813
f 6642 6814 6641
f 6128 6124 8279
f 8195 6127 6126
f 8212 8286 8285
f 8292 8286 8289
f 8290 8210 8209
f 8207 8290 8209
f 8294 8295 8298
f 8206 8295 8208
f 6817 8297 8296
f 8288 7256 8285
f 7209 7240 7239
f 6225 8360 8361
f 8369 8360 8356
f 8375 8368 8369
f 8381 8387 8383
f 8385 8383 8382
f 8385 8391 8384
f 8147 6282 6281
f 6345 6835 6344
f 6327 6834 6360
f 6295 6841 6364
f 6379 6840 6837
f 6853 6845 6844
f 6479 6905 6480
f 6848 6571 6573
f 6452 6904 6472
f 6525 6851 6520
f 6496 6907 6497
f 8402 6876 6831
f 8408 8387 8380
f 6279 8222 8221
f 6872 8149 8148
f 8223 8373 8220
f 6526 8436 6524
f 8446 8426 8425
f 8455 8431 8451
f 8446 8450 8444
f 8454 8432 8431
f 6908 8428 6519
f 8578 8451 8580
f 8632 8625 8624
f 8640 8624 8630
f 8660 8662 8661
f 8662 8643 8665
f 8675 8631 8634
f 8680 8663 8660
f 8683 8643 8685
f 8578 8630 8576
f 8673 8708 8706
f 8678 8705 8711
f 8711 8704 8712
f 8706 8715 8714
f 8703 8712 8704
f 8459 8685 8450
f 8407 8376 8375
f 6615 8405 8402
f 5993 6335 5994
f 6060 6018 5991
f 5993 6081 6080
f 6105 6176 6702
f 6177 6000 7165
f 6309 6310 6251
f 8725 6314 8724
f 8724 6318 8158
f 6321 6053 6052
f 6249 6310 6247
f 6596 6257 6597
f 8188 6605 8189
f 5986 6682 6060
f 6714 6311 6309
f 6047 6086 6081
f 6875 6304 6665
f 6001 6912 5983
f 7162 6597 6257
f 7254 6912 6704
f 6684 7163 7254
f 8723 6315 8725
f 6592 6318 6317
f 8332 8171 8728
f 6607 5350 5922
f 8191 8198 8199
f 8197 8193 8196
f 8159 6319 6321
f 8232 6595 6249
f 8192 7173 7175
f 8189 8193 7174
f 6177 8199 6175
f 6733 8330 6734
f 8340 8330 8329
f 8341 6335 6334
f 8412 6875 8411
f 8414 6273 6599
f 8416 8236 8232
f 6727 8136 8723
f 8417 7159 7162
f 6277 5558 6274
f 5935 6635 6235
f 5991 6061 6060
f 6019 6682 6681
f 5999 6033 5996
f 6045 6677 6680
f 6055 6083 7130
f 5995 6063 5992
f 6084 6053 6046
f 6088 5989 8166
f 6063 6046 5992
f 6066 6034 5999
f 6103 7181 7180
f 6673 6133 6132
f 6149 6153 6152
f 6323 8166 8165
f 6585 6083 6082
f 6630 6702 6176
f 6634 7168 7167
f 6676 6152 6133
f 6703 6628 7248
f 6796 6728 8178
f 6069 6097 6066
f 6132 6674 6673
f 6803 6800 6804
f 6011 6055 7130
f 6799 6582 6585
f 7194 6881 6882
f 7131 6583 6333
f 6798 6913 6674
f 7179 8204 7236
f 7183 7246 7242
f 7188 7242 7241
f 6109 7192 6882
f 7204 6176 6175
f 7219 6628 6627
f 7218 7248 6628
f 7179 6627 7176
f 7250 6704 6703
f 7228 7249 7248
f 6678 7249 6679
f 5997 7251 5998
f 8168 6644 6643
f 8167 6732 6644
f 8169 6733 6732
f 8170 8331 6733
f 8336 8173 8172
f 8182 8175 8174
f 8182 8176 8181
f 8181 8177 8180
f 8180 8179 7136
f 7133 6590 6913
f 7130 8194 6011
f 8200 6632 7177
f 7178 8205 8204
f 8269 6153 8216
f 8254 8252 8251
f 8260 6101 8277
f 8179 6802 7136
f 8263 6038 6802
f 8264 6039 6038
f 8265 6130 6039
f 8266 6157 6130
f 8267 6158 6157
f 8268 8217 6158
f 8270 6816 8217
f 6813 8273 7190
f 8273 8247 7190
f 8276 8277 8248
f 7192 8250 7193
f 8252 8259 8249
f 8276 8250 8249
f 7204 7177 7176
f 7182 8315 7246
f 8343 8334 8333
f 8333 8342 8343
f 8343 6800 6065
f 8340 6064 5995
f 6323 8350 6322
f 8168 8348 8165
f 8349 5936 8350
f 8352 5938 8348
f 6103 7167 6100
f 8271 8216 6881
f 8201 7241 8205
f 8274 8271 7194
f 5991 6017 5988
f 8728 6017 6016
f 5997 6680 6679
f 5996 6045 6680
f 6033 6042 6045
f 6042 8175 8172
f 8172 8338 8336
f 8336 8337 8333
f 6684 6677 6681
f 6681 6044 6019
f 6019 6043 6016
f 6016 8173 8728
f 8728 8335 8332
f 8332 8334 8329
f 8194 8160 8727
f 6805 6009 8158
f 5940 7137 6719
f 8324 5942 8325
f 8325 5495 8225
f 6253 4292 6250
f 7137 5944 6715
f 8348 5937 8349
f 8350 5530 8131
f 5624 6159 5489
f 6718 5940 6719
f 8327 5490 6162
f 8347 5939 8352
f 5933 6121 6120
f 8184 5946 8347
f 7142 5615 8370
f 6145 5945 8327
f 8234 5943 6253
f 8328 5488 6144
f 8318 5948 8328
f 7139 4299 7140
f 8418 5947 8234
f 5604 6599 5605
f 5949 6712 6716
f 5944 6716 6715
f 6720 5950 6255
f 6255 4322 6256
f 5614 6235 6234
f 6711 5951 8161
f 8161 3857 6593
f 5973 2965 3013
f 2965 5963 222
f 222 5960 223
f 223 5958 3186
f 5958 3185 3186
f 5957 2977 3185
f 5970 1213 2977
f 5967 1214 1213
f 2532 5966 5953
f 2894 5953 5952
f 2871 5952 8344
f 5510 5721 5509
f 5822 5824 5823
f 3511 3844 3735
f 3887 3889 3888
f 3876 3878 3877
f 3356 3911 3909
f 3372 3390 3391
f 3849 3851 3850
f 3481 3867 3866
f 3873 3385 3382
f 3875 3450 3452
f 3915 3865 3862
f 3657 3671 3656
f 5618 3013 2152
f 1997 1889 1892
f 1237 744 855
f 1535 120 121
f 1531 201 214
f 1119 1032 984
f 946 824 947
f 163 5 162
f 9041 9175 9193
f 1155 1162 1164
f 427 327 424
f 553 796 498
f 8732 2231 2237
f 8732 2230 2232
f 2237 3180 8732
f 8734 8736 8733
f 8735 8738 8736
f 8737 8740 8738
f 8739 8742 8740
f 8743 8745 8746
f 8746 8747 8748
f 8749 8748 8747
f 8751 8750 8749
f 8754 8756 8753
f 8757 8755 8754
f 8759 8758 8757
f 8761 8760 8759
f 8763 8762 8761
f 8766 8749 8765
f 8765 8747 8767
f 8767 8745 8768
f 8768 8744 8769
f 8744 8771 8769
f 8770 8772 8771
f 8741 8773 8772
f 8739 8774 8773
f 8737 8775 8774
f 8735 8776 8775
f 8776 8777 3184
f 2904 8779 2947
f 8780 2904 2902
f 8781 2902 2876
f 2875 8781 2876
f 8783 2733 2736
f 2825 8786 2824
f 8788 8790 8787
f 8792 8787 8791
f 2724 8785 2825
f 8787 3115 3117
f 8791 3117 3119
f 8794 8765 8793
f 8793 8767 8795
f 8795 8768 8796
f 8796 8769 8797
f 8797 8771 8798
f 8771 8799 8798
f 8772 8800 8799
f 8773 8801 8800
f 8774 8802 8801
f 8775 8803 8802
f 8776 3056 8803
f 8802 2253 2252
f 8801 2252 1727
f 8800 1727 2150
f 8799 2150 1941
f 8804 8799 1941
f 8805 8798 8804
f 8806 8797 8805
f 8807 8796 8806
f 8793 8807 8808
f 8794 8808 8809
f 8810 8809 8808
f 8808 8806 8810
f 8810 8805 8812
f 8813 8810 8812
f 8812 8804 8814
f 8815 8812 8814
f 8814 1941 1360
f 8755 8752 8756
f 8758 8750 8755
f 8760 8748 8758
f 8762 8746 8760
f 8816 8764 8763
f 8818 8820 8817
f 8816 8782 8784
f 8821 8817 8816
f 8789 8783 8786
f 8818 8789 8788
f 8819 8788 8792
f 8822 8819 8823
f 8823 8792 8824
f 8824 8791 2712
f 2712 3119 3128
f 8826 8823 8825
f 8825 8824 8827
f 8827 2712 2711
f 8828 2711 2400
f 8829 8827 8828
f 8830 8825 8829
f 8743 8764 8831
f 8817 8831 8764
f 8770 8743 8831
f 8741 8831 8742
f 8820 8742 8831
f 8740 8822 8826
f 8738 8826 8830
f 8736 8830 8832
f 8833 2400 2402
f 8834 8828 8833
f 8832 8829 8834
f 8835 2402 2707
f 3058 2707 2708
f 3061 8835 3058
f 8836 8833 8835
f 8733 8832 8837
f 8837 8834 8836
f 8777 8733 8838
f 8838 8837 1962
f 8837 3061 1962
f 1961 8838 1962
f 3057 8777 8838
f 8779 8753 8839
f 8778 8754 8779
f 8780 8757 8778
f 8781 8759 8780
f 8782 8761 8781
f 8821 8784 8783
f 8785 8789 8786
f 2723 8790 8785
f 2875 8784 8782
f 2736 8786 8783
f 2947 8839 8944
f 8815 1360 8941
f 1900 1924 1901
f 1736 1718 1750
f 1955 1943 1956
f 1671 1735 1751
f 1696 1698 1692
f 1800 1864 1801
f 2063 2056 2060
f 1737 1717 1736
f 1751 1697 1695
f 943 9351 684
f 9108 8753 9057
f 1577 1764 1703
f 9369 1599 9375
f 1945 82 1944
f 68 7 248
f 147 1543 148
f 1109 1133 1102
f 1503 1907 1908
f 1499 1909 1498
f 452 735 215
f 1824 9287 9297
f 1825 2068 1824
f 1463 1022 1194
f 841 1009 1011
f 1568 1955 1534
f 1926 1927 1923
f 1910 1502 1939
f 1939 422 442
f 309 1940 308
f 1804 1866 1803
f 269 1954 56
f 2065 2060 2056
f 9264 1758 9287
f 280 552 1940
f 1875 1869 1874
f 1739 1734 1737
f 5923 5899 5924
f 1778 1790 1788
f 310 1915 279
f 1909 1906 1954
f 1789 1778 1788
f 978 980 979
f 1584 1731 1583
f 425 311 312
f 148 115 116
f 2044 9346 2046
f 277 1939 551
f 1943 1945 1944
f 1461 1463 1464
f 2253 3056 3055
f 2981 8927 958
f 2209 8927 3055
f 2254 3055 8927
f 2998 958 8927
f 2826 2721 2724
f 8928 2721 2817
f 2816 8928 2817
f 2334 2296 2335
f 2298 2334 2336
f 2301 2336 2338
f 2311 2338 2354
f 2312 2354 2355
f 2359 2361 2360
f 2335 2359 2360
f 2414 2365 2364
f 2413 2361 2365
f 2355 2540 2541
f 2541 2539 2542
f 2722 2739 2738
f 3114 2738 3113
f 3110 3121 3120
f 3108 3120 3113
f 3122 3127 3126
f 3112 3126 3121
f 3127 1753 3135
f 3139 2529 2542
f 9196 3133 3139
f 8928 2740 2739
f 8929 2789 8928
f 228 91 88
f 245 243 242
f 248 247 191
f 2 296 295
f 145 300 267
f 327 210 328
f 329 331 330
f 250 228 236
f 239 240 230
f 373 375 374
f 178 176 175
f 1218 1228 1321
f 9314 1295 9306
f 808 824 823
f 9310 1013 1014
f 9265 1411 1413
f 2154 2159 2160
f 9297 1758 1757
f 306 1922 452
f 2157 1976 1977
f 708 2031 1474
f 1450 1227 1428
f 1672 1605 1624
f 1813 1821 1816
f 1717 1715 1718
f 176 402 347
f 1710 9368 9367
f 1712 1577 1711
f 1705 1711 1704
f 3435 3475 3434
f 971 979 970
f 822 1094 1102
f 2909 2793 2792
f 2810 2795 2793
f 2799 2249 2800
f 9114 2910 2799
f 2769 2801 2795
f 3177 3178 3179
f 3178 3180 3179
f 3181 1393 2800
f 3181 1632 3182
f 3182 2244 3183
f 3183 2243 3180
f 8932 2790 8929
f 2808 8929 2816
f 2239 9016 2240
f 1149 9015 9014
f 1150 9011 9015
f 2202 9010 2015
f 2921 9009 2923
f 9012 2133 2928
f 1777 1759 1792
f 1201 1183 1184
f 9005 2195 2194
f 8997 2770 2768
f 9379 1687 1692
f 1516 154 503
f 8993 2974 2803
f 8994 2779 2778
f 2771 9019 8990
f 3070 8990 9002
f 8991 2775 2867
f 1376 1370 1372
f 2767 9000 2206
f 2195 8987 2767
f 2775 8986 2776
f 8344 8989 2871
f 9256 8983 2806
f 2776 8982 2805
f 2240 8979 2920
f 2920 9121 9071
f 8992 2786 2779
f 1805 1851 1804
f 8978 2787 2786
f 2951 8984 8975
f 2772 8975 9019
f 2973 8974 8980
f 2224 8981 8974
f 1957 320 510
f 306 304 303
f 2770 8972 2913
f 2913 9018 2239
f 2923 8971 2922
f 308 431 47
f 207 132 543
f 1879 1881 1880
f 9185 8969 2089
f 2475 9002 8968
f 2476 8968 8967
f 2223 8967 8981
f 8966 2803 2802
f 2037 11 1950
f 1959 450 505
f 2003 8964 2129
f 9 334 540
f 2009 8962 9011
f 2008 8980 8962
f 9329 673 9331
f 8959 2778 2784
f 2935 8957 2936
f 111 9014 8955
f 3238 3341 3237
f 8954 2935 2938
f 683 9337 943
f 8952 2810 2909
f 736 732 729
f 1795 1803 1796
f 8949 2938 2939
f 8951 2939 2940
f 2950 8948 2949
f 2940 8948 8951
f 9253 8956 2950
f 2868 8946 2869
f 2869 8966 2802
f 1024 1023 1020
f 8944 2948 2947
f 551 442 443
f 2972 9012 2928
f 2032 8943 2972
f 216 1924 1923
f 3532 3482 3533
f 203 201 200
f 3539 3541 3540
f 1828 1847 1837
f 1958 449 450
f 272 178 175
f 2871 8939 1361
f 9071 9008 2921
f 2801 9095 9114
f 2005 9106 2176
f 960 899 962
f 9109 9064 9076
f 9232 9098 3151
f 3151 9045 2555
f 2193 9075 2194
f 9059 3145 3144
f 9055 2761 3145
f 9044 3144 3104
f 2926 9086 3103
f 9086 3104 3103
f 9207 9198 9205
f 566 9210 2005
f 8839 1864 8944
f 1602 2079 2078
f 2868 9063 2922
f 2922 9062 2923
f 2923 9070 2921
f 9122 2918 9066
f 9071 9066 2920
f 2921 9122 9071
f 2920 9038 2240
f 9065 2915 2918
f 2917 9074 9093
f 2916 9093 9094
f 2239 9104 2913
f 2911 9104 2757
f 9095 2911 2910
f 2797 9114 9043
f 2797 9050 2750
f 9074 2763 2765
f 9060 2764 2745
f 2194 9100 2221
f 2221 9101 2222
f 2756 9061 2755
f 2750 9061 2747
f 9121 1817 9279
f 9215 1691 1699
f 2515 9042 2548
f 2548 9045 2550
f 2513 9084 9068
f 2513 9073 2515
f 2509 9072 2289
f 2510 9085 2509
f 2289 9091 2283
f 2283 9069 2286
f 2240 9039 2239
f 9111 9076 9078
f 716 9339 9340
f 727 9213 1923
f 2165 2170 2164
f 9112 9078 9081
f 9195 9030 9209
f 2175 769 770
f 2100 2095 2099
f 9210 9209 9030
f 640 9012 1826
f 1653 8997 1651
f 1895 8974 746
f 746 8981 741
f 1653 8972 9020
f 9214 1604 1672
f 2093 2073 2078
f 959 995 884
f 962 919 986
f 1400 1398 1399
f 1000 1127 1004
f 956 884 885
f 1662 8994 1661
f 2034 8990 1654
f 9378 8983 9254
f 8979 766 1817
f 9016 765 766
f 334 9015 335
f 1868 8984 1656
f 1684 1652 1678
f 1682 775 1807
f 1585 9214 1700
f 9215 1672 1673
f 2173 490 491
f 1658 8991 1752
f 9000 1650 724
f 1571 2010 1572
f 1587 9123 2080
f 2099 2077 2094
f 787 1999 786
f 2000 786 1999
f 3155 9149 9135
f 9165 9135 9241
f 2180 9137 9136
f 8940 9136 9157
f 1684 9292 1651
f 1760 8939 8989
f 2607 9145 2590
f 2581 9141 2607
f 2371 9152 9147
f 2371 9145 2372
f 2587 9127 2586
f 2586 9149 339
f 2497 9139 2503
f 2502 9139 9152
f 2494 9142 2495
f 9142 2472 2495
f 9140 2468 2472
f 9153 2469 2468
f 726 9344 630
f 581 8962 580
f 10 9014 334
f 1837 8954 1849
f 741 8967 1300
f 1299 9002 2034
f 1851 8948 1866
f 8971 1820 1819
f 580 8980 1895
f 1758 8966 8946
f 1693 8952 1806
f 8948 1867 1866
f 1894 9012 8943
f 2126 9265 9293
f 9358 9293 9364
f 2113 9319 2110
f 2179 9241 9137
f 624 9356 623
f 2192 9240 9232
f 2177 9239 9185
f 1364 9285 1338
f 9310 1470 1453
f 3135 9227 9196
f 2069 9287 2068
f 1351 9305 1352
f 2108 9353 499
f 2089 9188 9185
f 9280 1358 866
f 2001 9235 2187
f 2187 9171 2091
f 2130 9204 2004
f 2004 9201 2001
f 2014 9231 2201
f 2201 9208 2130
f 3167 9211 2969
f 3168 9172 3167
f 3159 9216 3160
f 3160 9217 3081
f 9182 3158 337
f 3158 9161 3159
f 2200 9182 9174
f 9137 9194 2204
f 9174 2197 2200
f 9242 2092 9173
f 9226 9173 2197
f 3154 9242 9226
f 3155 9158 3154
f 2091 9173 2092
f 2196 9202 9228
f 2193 9228 9233
f 9056 9233 9240
f 2086 9232 9230
f 2087 9230 9229
f 2204 9203 2205
f 2205 9202 3148
f 9361 574 692
f 2124 9229 9212
f 2208 9212 9234
f 9163 3140 3137
f 9237 3138 3140
f 9197 3139 3138
f 9223 3136 2322
f 9164 3137 3136
f 9227 3131 3133
f 9219 3132 3131
f 1813 9290 1814
f 1293 9308 1344
f 2184 9200 9184
f 2181 9184 9186
f 9217 3079 3081
f 9220 3080 3079
f 709 9327 2031
f 2774 9189 9221
f 9238 2134 9003
f 9261 766 765
f 2968 9218 2959
f 2969 9236 2968
f 2958 9189 2961
f 2132 9218 2960
f 2321 9223 9200
f 9312 1449 28
f 9357 582 710
f 9338 577 574
f 9299 1818 9279
f 705 9339 2121
f 9268 9359 698
f 2111 9363 2113
f 9262 1366 1411
f 1812 9274 1815
f 675 9304 674
f 8940 9303 675
f 2110 9320 2109
f 2104 9353 2106
f 2109 9351 944
f 9294 703 739
f 1680 9298 1684
f 1639 9271 9270
f 623 9358 697
f 2139 9318 9317
f 1808 9296 9289
f 9272 1819 1820
f 9324 9352 706
f 1646 9282 1648
f 9341 633 577
f 2139 9327 18
f 2156 9323 9326
f 674 9365 9321
f 2117 9264 2069
f 1815 9299 9275
f 9307 1444 1470
f 697 9364 9268
f 866 9288 9280
f 9316 2136 2135
f 9037 9178 9041
f 9035 9183 9037
f 9205 9190 9191
f 9192 9033 9195
f 1088 9198 1093
f 9191 9195 9205
f 2791 8933 2792
f 8932 2807 8933
f 2792 8934 2909
f 8933 2806 8934
f 8952 8934 8960
f 8960 2806 8983
f 2948 9243 9253
f 2105 9348 2104
f 8982 9256 2805
f 680 9328 683
f 1891 9362 9343
f 2905 9253 2950
f 2900 9251 2905
f 2901 9259 2877
f 2734 9258 9246
f 2877 9258 2878
f 2820 9246 2872
f 2818 9244 2827
f 2823 9244 2826
f 2822 9250 2821
f 2819 9252 9250
f 2817 9247 2816
f 2809 9247 2815
f 2808 9255 2807
f 2805 9255 2804
f 1702 9375 1599
f 9374 1797 1802
f 9367 1706 1709
f 9370 1692 1698
f 1657 9332 1879
f 1890 9347 9362
f 9224 1674 1675
f 1689 9224 9225
f 9378 8982 1688
f 8960 1689 9225
f 9369 1703 1764
f 1598 9380 1770
f 9332 1876 1879
f 1691 9377 9379
f 9377 1688 1687
f 1117 1118 9382
f 1066 1322 9382
f 1243 847 9382
f 9277 848 9382
f 1128 1117 9382
f 1129 1130 9382
f 841 1011 9382
f 1230 9315 9382
f 1242 1243 9382
f 1322 1229 9382
f 1064 1065 9382
f 1003 1128 9382
f 1229 1230 9382
f 9315 1285 9382
f 1285 1288 9382
f 848 839 9382
f 847 9277 9382
f 1118 1129 9382
f 1065 1066 9382
f 1087 1086 9382
f 1008 1002 9382
f 1011 1008 9382
f 1002 1003 9382
f 1076 1069 9382
f 838 841 9382
f 839 838 9382
f 1288 1242 9382
f 1130 1087 9382
f 1086 1076 9382
f 1069 1064 9382
f 2410 2414 9383
f 2411 2410 9383
f 9069 2285 9383
f 2394 2393 9383
f 2393 2396 9383
f 2281 2286 9383
f 2282 2280 9383
f 2398 2399 9383
f 2465 2464 9383
f 2396 2397 9383
f 2470 2469 9383
f 2399 2416 9383
f 2480 2395 9383
f 2459 2480 9383
f 2369 2282 9383
f 2460 2459 9383
f 2415 2411 9383
f 2416 2415 9383
f 2364 2363 9383
f 2286 9069 9383
f 2464 2470 9383
f 2469 9155 9383
f 2285 2465 9383
f 2414 2364 9383
f 2395 2394 9383
f 2363 2367 9383
f 2397 2398 9383
f 2280 2281 9383
f 9155 2460 9383
f 2367 2369 9383
f 9386 9389 9390
f 9386 9391 9387
f 9384 9389 9385
f 9390 9395 9391
f 9389 9392 9393
f 9389 9394 9390
f 9394 9399 9395
f 9393 9396 9397
f 9394 9397 9398
f 9399 9402 9403
f 9396 9401 9397
f 9397 9402 9398
f 9402 9407 9403
f 9401 9404 9405
f 9402 9405 9406
f 9407 9410 9411
f 9405 9408 9409
f 9405 9410 9406
f 9411 9414 9415
f 9409 9412 9413
f 9410 9413 9414
f 9414 9419 9415
f 9412 9417 9413
f 9413 9418 9414
f 9418 9423 9419
f 9417 9420 9421
f 9418 9421 9422
f 9422 9427 9423
f 9420 9425 9421
f 9421 9426 9422
f 9426 9431 9427
f 9425 9428 9429
f 9426 9429 9430
f 9431 9434 9435
f 9428 9433 9429
f 9429 9434 9430
f 9434 9439 9435
f 9433 9436 9437
f 9434 9437 9438
f 9439 9442 9443
f 9436 9441 9437
f 9437 9442 9438
f 9443 9446 9447
f 9441 9444 9445
f 9442 9445 9446
f 9447 9450 9451
f 9444 9449 9445
f 9445 9450 9446
f 9450 9455 9451
f 9449 9452 9453
f 9450 9453 9454
f 9454 9459 9455
f 9452 9457 9453
f 9453 9458 9454
f 9458 9463 9459
f 9457 9460 9461
f 9458 9461 9462
f 9463 9466 9467
f 9460 9465 9461
f 9461 9466 9462
f 9466 9471 9467
f 9465 9468 9469
f 9466 9469 9470
f 9471 9474 9475
f 9468 9473 9469
f 9469 9474 9470
f 9475 9478 9479
f 9473 9476 9477
f 9474 9477 9478
f 9479 9482 9483
f 9476 9481 9477
f 9477 9482 9478
f 9483 9486 9487
f 9481 9484 9485
f 9482 9485 9486
f 9486 9491 9487
f 9484 9489 9485
f 9485 9490 9486
f 9490 9495 9491
f 9489 9492 9493
f 9490 9493 9494
f 9495 9498 9499
f 9492 9497 9493
f 9493 9498 9494
f 9498 9503 9499
f 9497 9500 9501
f 9498 9501 9502
f 9503 9507 9508
f 9500 9506 9501
f 9501 9507 9502
f 9508 9511 9512
f 9505 9510 9506
f 9507 9510 9511
f 9384 9504 9388
f 9388 9504 9392
f 9392 9504 9396
f 9396 9504 9400
f 9400 9504 9404
f 9404 9504 9408
f 9408 9504 9412
f 9412 9504 9416
f 9416 9504 9420
f 9420 9504 9424
f 9424 9504 9428
f 9428 9504 9432
f 9432 9504 9436
f 9436 9504 9440
f 9440 9504 9444
f 9444 9504 9448
f 9448 9504 9452
f 9452 9504 9456
f 9456 9504 9460
f 9460 9504 9464
f 9464 9504 9468
f 9468 9504 9472
f 9472 9504 9476
f 9476 9504 9480
f 9480 9504 9484
f 9484 9504 9488
f 9488 9504 9492
f 9492 9504 9496
f 9496 9504 9500
f 9500 9504 9505
f 9505 9504 9509
f 9512 9386 9387
f 9510 9384 9385
f 9510 9386 9511
f 9509 9504 9384
f 9521 9533 9534
f 9518 9532 9519
f 9517 9529 9530
f 9515 9527 9528
f 9523 9537 9524
f 9521 9535 9522
f 9519 9533 9520
f 9518 9530 9531
f 9515 9529 9516
f 9513 9527 9514
f 9524 9538 9525
f 9523 9535 9536
f 9528 9542 9529
f 9526 9540 9527
f 9538 9550 9551
f 9535 9549 9536
f 9534 9546 9547
f 9531 9545 9532
f 9530 9542 9543
f 9528 9540 9541
f 9537 9549 9550
f 9534 9548 9535
f 9532 9546 9533
f 9531 9543 9544
f 9541 9555 9542
f 9540 9552 9553
f 9550 9564 9551
f 9548 9562 9549
f 9547 9559 9560
f 9544 9558 9545
f 9542 9556 9543
f 9541 9553 9554
f 9549 9563 9550
f 9547 9561 9548
f 9546 9558 9559
f 9544 9556 9557
f 9555 9567 9568
f 9552 9566 9553
f 9564 9576 9577
f 9562 9574 9575
f 9559 9573 9560
f 9557 9571 9558
f 9555 9569 9556
f 9553 9567 9554
f 9562 9576 9563
f 9561 9573 9574
f 9559 9571 9572
f 9557 9569 9570
f 9567 9581 9568
f 9566 9578 9579
f 9576 9590 9577
f 9575 9587 9588
f 9572 9586 9573
f 9571 9583 9584
f 9569 9581 9582
f 9566 9580 9567
f 9576 9588 9589
f 9574 9586 9587
f 9571 9585 9572
f 9569 9583 9570
f 9581 9593 9594
f 9578 9592 9579
f 9590 9602 9603
f 9588 9600 9601
f 9585 9599 9586
f 9583 9597 9584
f 9582 9594 9595
f 9579 9593 9580
f 9589 9601 9602
f 9587 9599 9600
f 9584 9598 9585
f 9583 9595 9596
f 9594 9606 9607
f 9592 9604 9605
f 9602 9616 9603
f 9601 9613 9614
f 9598 9612 9599
f 9596 9610 9597
f 9594 9608 9595
f 9592 9606 9593
f 9601 9615 9602
f 9600 9612 9613
f 9598 9610 9611
f 9596 9608 9609
f 9607 9619 9620
f 9605 9617 9618
f 9615 9629 9616
f 9613 9627 9614
f 9611 9625 9612
f 9610 9622 9623
f 9607 9621 9608
f 9605 9619 9606
f 9615 9627 9628
f 9613 9625 9626
f 9611 9623 9624
f 9608 9622 9609
f 9619 9633 9620
f 9617 9631 9618
f 9628 9642 9629
f 9627 9639 9640
f 9625 9637 9638
f 9622 9636 9623
f 9621 9633 9634
f 9619 9631 9632
f 9627 9641 9628
f 9625 9639 9626
f 9623 9637 9624
f 9622 9634 9635
f 9632 9646 9633
f 9630 9644 9631
f 9642 9654 9655
f 9639 9653 9640
f 9638 9650 9651
f 9635 9649 9636
f 9634 9646 9647
f 9632 9644 9645
f 9641 9653 9654
f 9638 9652 9639
f 9636 9650 9637
f 9635 9647 9648
f 9645 9659 9646
f 9644 9656 9657
f 9654 9668 9655
f 9652 9666 9653
f 9651 9663 9664
f 9648 9662 9649
f 9646 9660 9647
f 9645 9657 9658
f 9653 9667 9654
f 9651 9665 9652
f 9650 9662 9663
f 9648 9660 9661
f 9659 9671 9672
f 9656 9670 9657
f 9668 9680 9681
f 9665 9679 9666
f 9663 9677 9664
f 9661 9675 9662
f 9659 9673 9660
f 9657 9671 9658
f 9666 9680 9667
f 9665 9677 9678
f 9663 9675 9676
f 9661 9673 9674
f 9671 9685 9672
f 9670 9682 9683
f 9680 9694 9681
f 9678 9692 9679
f 9677 9689 9690
f 9675 9687 9688
f 9673 9685 9686
f 9670 9684 9671
f 9680 9692 9693
f 9678 9690 9691
f 9675 9689 9676
f 9673 9687 9674
f 9685 9697 9698
f 9682 9696 9683
f 9694 9706 9707
f 9692 9704 9705
f 9689 9703 9690
f 9687 9701 9688
f 9686 9698 9699
f 9683 9697 9684
f 9693 9705 9706
f 9691 9703 9704
f 9688 9702 9689
f 9687 9699 9700
f 9698 9710 9711
f 9696 9708 9709
f 9706 9720 9707
f 9705 9717 9718
f 9702 9716 9703
f 9700 9714 9701
f 9698 9712 9699
f 9696 9710 9697
f 9705 9719 9706
f 9704 9716 9717
f 9702 9714 9715
f 9700 9712 9713
f 9711 9723 9724
f 9709 9721 9722
f 9719 9733 9720
f 9717 9731 9718
f 9715 9729 9716
f 9714 9726 9727
f 9711 9725 9712
f 9709 9723 9710
f 9718 9732 9719
f 9717 9729 9730
f 9715 9727 9728
f 9712 9726 9713
f 9723 9737 9724
f 9721 9735 9722
f 9733 9745 9746
f 9731 9743 9744
f 9729 9741 9742
f 9726 9740 9727
f 9725 9737 9738
f 9723 9735 9736
f 9732 9744 9745
f 9729 9743 9730
f 9727 9741 9728
f 9726 9738 9739
f 9736 9750 9737
f 9734 9748 9735
f 9746 9758 9759
f 9743 9757 9744
f 9742 9754 9755
f 9739 9753 9740
f 9738 9750 9751
f 9736 9748 9749
f 9745 9757 9758
f 9742 9756 9743
f 9740 9754 9741
f 9739 9751 9752
f 9749 9763 9750
f 9748 9760 9761
f 9758 9772 9759
f 9756 9770 9757
f 9755 9767 9768
f 9752 9766 9753
f 9750 9764 9751
f 9749 9761 9762
f 9757 9771 9758
f 9756 9768 9769
f 9754 9766 9767
f 9752 9764 9765
f 9762 9776 9763
f 9760 9774 9761
f 9772 9784 9785
f 9770 9782 9783
f 9768 9780 9781
f 9765 9779 9766
f 9763 9777 9764
f 9762 9774 9775
f 9770 9784 9771
f 9768 9782 9769
f 9767 9779 9780
f 9764 9778 9765
f 9775 9789 9776
f 9774 9786 9787
f 9784 9798 9785
f 9782 9796 9783
f 9781 9793 9794
f 9779 9791 9792
f 9777 9789 9790
f 9774 9788 9775
f 9784 9796 9797
f 9782 9794 9795
f 9779 9793 9780
f 9777 9791 9778
f 9789 9802 9803
f 9786 9801 9787
f 9798 9811 9812
f 9796 9809 9810
f 9793 9808 9794
f 9792 9805 9806
f 9790 9803 9804
f 9787 9802 9788
f 9797 9810 9811
f 9795 9808 9809
f 9792 9807 9793
f 9790 9805 9791
f 9803 9815 9816
f 9801 9813 9814
f 9811 9825 9812
f 9810 9822 9823
f 9807 9821 9808
f 9806 9818 9819
f 9803 9817 9804
f 9801 9815 9802
f 9810 9824 9811
f 9809 9821 9822
f 9807 9819 9820
f 9804 9818 9805
f 9816 9828 9829
f 9814 9826 9827
f 9825 9837 9838
f 9822 9836 9823
f 9820 9834 9821
f 9819 9831 9832
f 9816 9830 9817
f 9814 9828 9815
f 9824 9836 9837
f 9822 9834 9835
f 9820 9832 9833
f 9817 9831 9818
f 9828 9842 9829
f 9826 9840 9827
f 9837 9851 9838
f 9836 9848 9849
f 9834 9846 9847
f 9831 9845 9832
f 9830 9842 9843
f 9828 9840 9841
f 9836 9850 9837
f 9834 9848 9835
f 9832 9846 9833
f 9831 9843 9844
f 9841 9855 9842
f 9839 9853 9840
f 9851 9863 9864
f 9848 9862 9849
f 9847 9859 9860
f 9845 9857 9858
f 9843 9855 9856
f 9841 9853 9854
f 9850 9862 9863
f 9847 9861 9848
f 9845 9859 9846
f 9843 9857 9844
f 9854 9868 9855
f 9853 9865 9866
f 9863 9877 9864
f 9861 9875 9862
f 9860 9872 9873
f 9858 9870 9871
f 9855 9869 9856
f 9854 9866 9867
f 9862 9876 9863
f 9860 9874 9861
f 9859 9871 9872
f 9856 9870 9857
f 9868 9880 9881
f 9865 9879 9866
f 9877 9889 9890
f 9875 9887 9888
f 9873 9885 9886
f 9870 9884 9871
f 9868 9882 9869
f 9867 9879 9880
f 9875 9889 9876
f 9873 9887 9874
f 9872 9884 9885
f 9870 9882 9883
f 9880 9894 9881
f 9878 9892 9879
f 9889 9903 9890
f 9887 9901 9888
f 9886 9898 9899
f 9884 9896 9897
f 9882 9894 9895
f 9879 9893 9880
f 9889 9901 9902
f 9887 9899 9900
f 9884 9898 9885
f 9882 9896 9883
f 9894 9906 9907
f 9891 9905 9892
f 9903 9915 9916
f 9901 9913 9914
f 9898 9912 9899
f 9896 9910 9897
f 9895 9907 9908
f 9892 9906 9893
f 9902 9914 9915
f 9899 9913 9900
f 9897 9911 9898
f 9896 9908 9909
f 9907 9919 9920
f 9905 9917 9918
f 9915 9929 9916
f 9914 9926 9927
f 9911 9925 9912
f 9909 9923 9910
f 9907 9921 9908
f 9905 9919 9906
f 9914 9928 9915
f 9913 9925 9926
f 9911 9923 9924
f 9909 9921 9922
f 9799 9525 9538
f 9799 9538 9551
f 9799 9551 9564
f 9799 9564 9577
f 9799 9577 9590
f 9799 9590 9603
f 9799 9603 9616
f 9799 9616 9629
f 9799 9629 9642
f 9799 9642 9655
f 9799 9655 9668
f 9799 9668 9681
f 9799 9681 9694
f 9799 9694 9707
f 9799 9707 9720
f 9799 9720 9733
f 9799 9733 9746
f 9799 9746 9759
f 9799 9759 9772
f 9799 9772 9785
f 9799 9785 9798
f 9799 9798 9812
f 9799 9812 9825
f 9799 9825 9838
f 9799 9838 9851
f 9799 9851 9864
f 9799 9864 9877
f 9799 9877 9890
f 9799 9890 9903
f 9799 9903 9916
f 9799 9916 9929
f 9920 9515 9516
f 9918 9513 9514
f 9929 9524 9525
f 9926 9523 9927
f 9924 9521 9925
f 9923 9518 9519
f 9920 9517 9921
f 9918 9515 9919
f 9799 9929 9525
f 9928 9523 9524
f 9926 9521 9522
f 9924 9519 9520
f 9921 9518 9922
f 9387 9917 9512
f 9917 9508 9512
f 9904 9503 9508
f 9891 9499 9503
f 9499 9865 9495
f 9495 9852 9491
f 9491 9839 9487
f 9839 9483 9487
f 9483 9813 9479
f 9813 9475 9479
f 9800 9471 9475
f 9786 9467 9471
f 9467 9760 9463
f 9463 9747 9459
f 9459 9734 9455
f 9734 9451 9455
f 9451 9708 9447
f 9708 9443 9447
f 9695 9439 9443
f 9682 9435 9439
f 9435 9656 9431
f 9431 9643 9427
f 9427 9630 9423
f 9630 9419 9423
f 9419 9604 9415
f 9604 9411 9415
f 9591 9407 9411
f 9578 9403 9407
f 9403 9552 9399
f 9399 9539 9395
f 9395 9526 9391
f 9526 9387 9391
f 9932 9935 9936
f 9932 9937 9933
f 9931 9934 9935
f 9936 9941 9937
f 9934 9939 9935
f 9935 9940 9936
f 9940 9945 9941
f 9939 9942 9943
f 9940 9943 9944
f 9945 9948 9949
f 9942 9947 9943
f 9943 9948 9944
f 9948 9953 9949
f 9947 9950 9951
f 9948 9951 9952
f 9953 9956 9957
f 9950 9955 9951
f 9951 9956 9952
f 9957 9960 9961
f 9955 9958 9959
f 9956 9959 9960
f 9961 9964 9965
f 9958 9963 9959
f 9959 9964 9960
f 9965 9968 9969
f 9963 9966 9967
f 9964 9967 9968
f 9968 9973 9969
f 9966 9971 9967
f 9967 9972 9968
f 9972 9977 9973
f 9970 9975 9971
f 9972 9975 9976
f 9977 9980 9981
f 9974 9979 9975
f 9975 9980 9976
f 9980 9985 9981
f 9979 9982 9983
f 9980 9983 9984
f 9985 9988 9989
f 9982 9987 9983
f 9983 9988 9984
f 9989 9992 9993
f 9986 9991 9987
f 9988 9991 9992
f 9993 9996 9997
f 9991 9994 9995
f 9991 9996 9992
f 9996 10001 9997
f 9994 9999 9995
f 9996 9999 10000
f 10000 10005 10001
f 9999 10002 10003
f 9999 10004 10000
f 10004 10009 10005
f 10003 10006 10007
f 10004 10007 10008
f 10009 10012 10013
f 10006 10011 10007
f 10007 10012 10008
f 10012 10017 10013
f 10011 10014 10015
f 10012 10015 10016
f 10017 10020 10021
f 10014 10019 10015
f 10015 10020 10016
f 10021 10024 10025
f 10019 10022 10023
f 10020 10023 10024
f 10024 10029 10025
f 10022 10027 10023
f 10023 10028 10024
f 10028 10033 10029
f 10027 10030 10031
f 10028 10031 10032
f 10032 10037 10033
f 10030 10035 10031
f 10031 10036 10032
f 10036 10041 10037
f 10035 10038 10039
f 10036 10039 10040
f 10041 10044 10045
f 10038 10043 10039
f 10039 10044 10040
f 10044 10049 10045
f 10043 10046 10047
f 10044 10047 10048
f 10049 10053 10054
f 10046 10052 10047
f 10047 10053 10048
f 10054 10057 10058
f 10052 10055 10056
f 10053 10056 10057
f 9930 10050 9934
f 9934 10050 9938
f 9938 10050 9942
f 9942 10050 9946
f 9946 10050 9950
f 9950 10050 9954
f 9954 10050 9958
f 9958 10050 9962
f 9962 10050 9966
f 9966 10050 9970
f 9970 10050 9974
f 9974 10050 9978
f 9978 10050 9982
f 9982 10050 9986
f 9986 10050 9990
f 9990 10050 9994
f 9994 10050 9998
f 9998 10050 10002
f 10002 10050 10006
f 10006 10050 10010
f 10010 10050 10014
f 10014 10050 10018
f 10018 10050 10022
f 10022 10050 10026
f 10026 10050 10030
f 10030 10050 10034
f 10034 10050 10038
f 10038 10050 10042
f 10042 10050 10046
f 10046 10050 10051
f 10051 10050 10055
f 10058 9932 9933
f 10055 9931 10056
f 10056 9932 10057
f 10055 10050 9930
f 10067 10079 10080
f 10064 10078 10065
f 10063 10075 10076
f 10061 10073 10074
f 10070 10082 10083
f 10067 10081 10068
f 10065 10079 10066
f 10064 10076 10077
f 10061 10075 10062
f 10059 10073 10060
f 10071 10083 10084
f 10069 10081 10082
f 10074 10088 10075
f 10072 10086 10073
f 10084 10096 10097
f 10081 10095 10082
f 10080 10092 10093
f 10078 10090 10091
f 10076 10088 10089
f 10074 10086 10087
f 10083 10095 10096
f 10080 10094 10081
f 10078 10092 10079
f 10076 10090 10077
f 10087 10101 10088
f 10086 10098 10099
f 10096 10110 10097
f 10094 10108 10095
f 10093 10105 10106
f 10091 10103 10104
f 10088 10102 10089
f 10087 10099 10100
f 10095 10109 10096
f 10094 10106 10107
f 10092 10104 10105
f 10089 10103 10090
f 10100 10114 10101
f 10098 10112 10099
f 10110 10122 10123
f 10108 10120 10121
f 10105 10119 10106
f 10103 10117 10104
f 10101 10115 10102
f 10100 10112 10113
f 10108 10122 10109
f 10106 10120 10107
f 10105 10117 10118
f 10103 10115 10116
f 10113 10127 10114
f 10112 10124 10125
f 10122 10136 10123
f 10120 10134 10121
f 10119 10131 10132
f 10117 10129 10130
f 10115 10127 10128
f 10113 10125 10126
f 10122 10134 10135
f 10119 10133 10120
f 10117 10131 10118
f 10115 10129 10116
f 10127 10139 10140
f 10124 10138 10125
f 10136 10148 10149
f 10134 10146 10147
f 10131 10145 10132
f 10130 10142 10143
f 10128 10140 10141
f 10125 10139 10126
f 10135 10147 10148
f 10133 10145 10146
f 10130 10144 10131
f 10128 10142 10129
f 10140 10152 10153
f 10138 10150 10151
f 10148 10162 10149
f 10147 10159 10160
f 10144 10158 10145
f 10143 10155 10156
f 10140 10154 10141
f 10138 10152 10139
f 10147 10161 10148
f 10146 10158 10159
f 10144 10156 10157
f 10141 10155 10142
f 10153 10165 10166
f 10151 10163 10164
f 10162 10174 10175
f 10159 10173 10160
f 10157 10171 10158
f 10156 10168 10169
f 10153 10167 10154
f 10151 10165 10152
f 10161 10173 10174
f 10159 10171 10172
f 10157 10169 10170
f 10154 10168 10155
f 10165 10179 10166
f 10163 10177 10164
f 10175 10187 10188
f 10173 10185 10186
f 10171 10183 10184
f 10168 10182 10169
f 10167 10179 10180
f 10165 10177 10178
f 10173 10187 10174
f 10171 10185 10172
f 10169 10183 10170
f 10168 10180 10181
f 10178 10192 10179
f 10176 10190 10177
f 10188 10200 10201
f 10185 10199 10186
f 10184 10196 10197
f 10182 10194 10195
f 10180 10192 10193
f 10178 10190 10191
f 10187 10199 10200
f 10184 10198 10185
f 10182 10196 10183
f 10180 10194 10181
f 10191 10205 10192
f 10190 10202 10203
f 10200 10214 10201
f 10198 10212 10199
f 10197 10209 10210
f 10195 10207 10208
f 10192 10206 10193
f 10191 10203 10204
f 10199 10213 10200
f 10197 10211 10198
f 10196 10208 10209
f 10193 10207 10194
f 10205 10217 10218
f 10202 10216 10203
f 10214 10226 10227
f 10211 10225 10212
f 10210 10222 10223
f 10207 10221 10208
f 10205 10219 10206
f 10204 10216 10217
f 10212 10226 10213
f 10210 10224 10211
f 10209 10221 10222
f 10207 10219 10220
f 10217 10231 10218
f 10216 10228 10229
f 10226 10240 10227
f 10224 10238 10225
f 10223 10235 10236
f 10221 10233 10234
f 10219 10231 10232
f 10217 10229 10230
f 10226 10238 10239
f 10223 10237 10224
f 10221 10235 10222
f 10219 10233 10220
f 10231 10243 10244
f 10228 10242 10229
f 10240 10252 10253
f 10238 10250 10251
f 10235 10249 10236
f 10234 10246 10247
f 10232 10244 10245
f 10229 10243 10230
f 10239 10251 10252
f 10237 10249 10250
f 10234 10248 10235
f 10232 10246 10233
f 10244 10256 10257
f 10242 10254 10255
f 10252 10266 10253
f 10251 10263 10264
f 10248 10262 10249
f 10247 10259 10260
f 10244 10258 10245
f 10242 10256 10243
f 10251 10265 10252
f 10250 10262 10263
f 10248 10260 10261
f 10245 10259 10246
f 10257 10269 10270
f 10255 10267 10268
f 10266 10278 10279
f 10263 10277 10264
f 10261 10275 10262
f 10260 10272 10273
f 10257 10271 10258
f 10255 10269 10256
f 10265 10277 10278
f 10263 10275 10276
f 10261 10273 10274
f 10258 10272 10259
f 10269 10283 10270
f 10267 10281 10268
f 10278 10292 10279
f 10277 10289 10290
f 10275 10287 10288
f 10272 10286 10273
f 10271 10283 10284
f 10269 10281 10282
f 10277 10291 10278
f 10275 10289 10276
f 10273 10287 10274
f 10272 10284 10285
f 10282 10296 10283
f 10280 10294 10281
f 10292 10304 10305
f 10289 10303 10290
f 10288 10300 10301
f 10286 10298 10299
f 10284 10296 10297
f 10282 10294 10295
f 10291 10303 10304
f 10288 10302 10289
f 10286 10300 10287
f 10284 10298 10285
f 10295 10309 10296
f 10294 10306 10307
f 10304 10318 10305
f 10302 10316 10303
f 10301 10313 10314
f 10299 10311 10312
f 10296 10310 10297
f 10295 10307 10308
f 10303 10317 10304
f 10301 10315 10302
f 10300 10312 10313
f 10297 10311 10298
f 10309 10321 10322
f 10307 10319 10320
f 10318 10330 10331
f 10316 10328 10329
f 10314 10326 10327
f 10311 10325 10312
f 10309 10323 10310
f 10308 10320 10321
f 10316 10330 10317
f 10314 10328 10315
f 10313 10325 10326
f 10311 10323 10324
f 10321 10335 10322
f 10320 10332 10333
f 10330 10344 10331
f 10329 10341 10342
f 10326 10340 10327
f 10325 10337 10338
f 10323 10335 10336
f 10320 10334 10321
f 10330 10342 10343
f 10328 10340 10341
f 10325 10339 10326
f 10323 10337 10324
f 10335 10348 10349
f 10332 10347 10333
f 10344 10357 10358
f 10342 10355 10356
f 10339 10354 10340
f 10337 10352 10338
f 10336 10349 10350
f 10333 10348 10334
f 10343 10356 10357
f 10341 10354 10355
f 10338 10353 10339
f 10337 10350 10351
f 10349 10361 10362
f 10347 10359 10360
f 10357 10371 10358
f 10356 10368 10369
f 10353 10367 10354
f 10351 10365 10352
f 10349 10363 10350
f 10347 10361 10348
f 10356 10370 10357
f 10355 10367 10368
f 10353 10365 10366
f 10351 10363 10364
f 10362 10374 10375
f 10360 10372 10373
f 10371 10383 10384
f 10368 10382 10369
f 10366 10380 10367
f 10365 10377 10378
f 10362 10376 10363
f 10360 10374 10361
f 10370 10382 10383
f 10368 10380 10381
f 10366 10378 10379
f 10363 10377 10364
f 10374 10388 10375
f 10372 10386 10373
f 10383 10397 10384
f 10382 10394 10395
f 10380 10392 10393
f 10377 10391 10378
f 10376 10388 10389
f 10374 10386 10387
f 10382 10396 10383
f 10380 10394 10381
f 10378 10392 10379
f 10377 10389 10390
f 10387 10401 10388
f 10385 10399 10386
f 10397 10409 10410
f 10394 10408 10395
f 10393 10405 10406
f 10390 10404 10391
f 10389 10401 10402
f 10387 10399 10400
f 10396 10408 10409
f 10393 10407 10394
f 10391 10405 10392
f 10390 10402 10403
f 10400 10414 10401
f 10399 10411 10412
f 10409 10423 10410
f 10407 10421 10408
f 10406 10418 10419
f 10403 10417 10404
f 10401 10415 10402
f 10400 10412 10413
f 10408 10422 10409
f 10406 10420 10407
f 10405 10417 10418
f 10403 10415 10416
f 10414 10426 10427
f 10411 10425 10412
f 10423 10435 10436
f 10420 10434 10421
f 10418 10432 10419
f 10416 10430 10417
f 10414 10428 10415
f 10412 10426 10413
f 10421 10435 10422
f 10419 10433 10420
f 10418 10430 10431
f 10416 10428 10429
f 10427 10439 10440
f 10425 10437 10438
f 10435 10449 10436
f 10433 10447 10434
f 10431 10445 10432
f 10430 10442 10443
f 10428 10440 10441
f 10425 10439 10426
f 10435 10447 10448
f 10433 10445 10446
f 10430 10444 10431
f 10428 10442 10429
f 10440 10452 10453
f 10437 10451 10438
f 10449 10461 10462
f 10447 10459 10460
f 10444 10458 10445
f 10443 10455 10456
f 10441 10453 10454
f 10438 10452 10439
f 10448 10460 10461
f 10446 10458 10459
f 10443 10457 10444
f 10441 10455 10442
f 10453 10465 10466
f 10451 10463 10464
f 10461 10475 10462
f 10460 10472 10473
f 10457 10471 10458
f 10456 10468 10469
f 10453 10467 10454
f 10451 10465 10452
f 10460 10474 10461
f 10459 10471 10472
f 10457 10469 10470
f 10454 10468 10455
f 10345 10071 10084
f 10345 10084 10097
f 10345 10097 10110
f 10345 10110 10123
f 10345 10123 10136
f 10345 10136 10149
f 10345 10149 10162
f 10345 10162 10175
f 10345 10175 10188
f 10345 10188 10201
f 10345 10201 10214
f 10345 10214 10227
f 10345 10227 10240
f 10345 10240 10253
f 10345 10253 10266
f 10345 10266 10279
f 10345 10279 10292
f 10345 10292 10305
f 10345 10305 10318
f 10345 10318 10331
f 10345 10331 10344
f 10345 10344 10358
f 10345 10358 10371
f 10345 10371 10384
f 10345 10384 10397
f 10345 10397 10410
f 10345 10410 10423
f 10345 10423 10436
f 10345 10436 10449
f 10345 10449 10462
f 10345 10462 10475
f 10466 10061 10062
f 10464 10059 10060
f 10474 10071 10475
f 10472 10069 10473
f 10470 10067 10471
f 10469 10064 10065
f 10466 10063 10467
f 10464 10061 10465
f 10345 10475 10071
f 10473 10070 10474
f 10472 10067 10068
f 10470 10065 10066
f 10467 10064 10468
f 9933 10463 10058
f 10463 10054 10058
f 10450 10049 10054
f 10437 10045 10049
f 10045 10411 10041
f 10041 10398 10037
f 10037 10385 10033
f 10385 10029 10033
f 10029 10359 10025
f 10359 10021 10025
f 10346 10017 10021
f 10332 10013 10017
f 10013 10306 10009
f 10009 10293 10005
f 10005 10280 10001
f 10280 9997 10001
f 9997 10254 9993
f 10254 9989 9993
f 10241 9985 9989
f 10228 9981 9985
f 9981 10202 9977
f 9977 10189 9973
f 9973 10176 9969
f 10176 9965 9969
f 9965 10150 9961
f 10150 9957 9961
f 10137 9953 9957
f 10124 9949 9953
f 9949 10098 9945
f 9945 10085 9941
f 9941 10072 9937
f 10072 9933 9937
f 4 3 2
f 8 7 6
f 13 16 15
f 17 28 19
f 32 31 30
f 36 35 34
f 37 40 39
f 21 22 23
f 25 26 27
f 41 44 43
f 48 47 46
f 52 51 50
f 53 56 55
f 60 59 58
f 29 30 62
f 66 65 64
f 67 5 6
f 72 71 70
f 76 75 74
f 77 80 79
f 81 84 83
f 59 87 86
f 88 91 90
f 96 95 94
f 100 99 98
f 101 104 103
f 106 105 34
f 108 116 115
f 117 119 36
f 124 127 126
f 131 130 129
f 132 102 134
f 142 141 140
f 148 106 60
f 144 143 127
f 149 152 151
f 156 155 154
f 159 150 158
f 116 108 164
f 171 170 169
f 174 126 173
f 179 182 181
f 186 189 188
f 194 197 196
f 199 142 139
f 206 209 208
f 213 212 211
f 202 215 214
f 96 93 216
f 92 238 43
f 97 184 246
f 250 249 229
f 252 254 58
f 258 257 256
f 260 91 229
f 110 111 112
f 114 264 263
f 265 268 267
f 56 53 270
f 274 273 249
f 185 183 63
f 280 279 278
f 285 284 283
f 288 219 211
f 141 142 92
f 289 290 175
f 148 116 105
f 312 311 170
f 238 262 42
f 318 163 160
f 310 309 308
f 241 239 325
f 160 230 240
f 47 48 307
f 108 109 315
f 345 85 86
f 348 351 350
f 356 359 358
f 355 354 353
f 363 31 32
f 364 252 253
f 366 125 368
f 183 372 371
f 163 162 161
f 209 226 101
f 378 377 165
f 379 295 381
f 383 382 3
f 284 285 386
f 387 127 389
f 391 259 229
f 73 281 397
f 405 408 407
f 203 218 411
f 414 121 413
f 1 356 357
f 277 276 131
f 254 344 57
f 358 384 415
f 417 416 386
f 401 400 192
f 419 389 127
f 421 181 182
f 103 301 302
f 428 367 368
f 380 390 359
f 62 204 266
f 140 141 431
f 357 358 351
f 356 1 379
f 415 392 403
f 437 428 436
f 438 441 440
f 188 451 450
f 265 455 181
f 224 185 64
f 237 212 213
f 275 131 128
f 281 282 460
f 50 462 79
f 73 74 282
f 468 467 466
f 390 355 352
f 482 485 484
f 489 488 487
f 493 496 495
f 472 471 470
f 502 501 500
f 220 221 222
f 512 419 143
f 518 517 511
f 513 239 230
f 205 30 31
f 189 370 451
f 163 318 532
f 533 224 225
f 446 448 447
f 335 541 540
f 544 512 546
f 329 519 291
f 199 534 262
f 385 386 416
f 532 190 191
f 363 117 118
f 578 581 580
f 573 572 571
f 561 563 562
f 241 260 259
f 590 593 592
f 545 546 595
f 503 154 155
f 606 625 624
f 478 481 480
f 646 649 648
f 590 591 689
f 564 565 651
f 728 246 184
f 714 724 716
f 692 574 575
f 541 335 581
f 346 68 248
f 161 231 230
f 128 129 94
f 698 705 704
f 574 577 576
f 290 289 401
f 630 631 725
f 733 736 735
f 755 466 496
f 759 480 481
f 757 763 762
f 764 496 466
f 768 767 9260
f 759 760 488
f 492 474 475
f 474 770 769
f 773 468 465
f 771 774 486
f 484 485 775
f 774 776 489
f 495 496 764
f 495 757 761
f 137 397 784
f 325 239 797
f 165 519 51
f 369 32 29
f 730 731 568
f 90 302 301
f 243 118 516
f 800 734 806
f 817 815 808
f 816 808 823
f 306 303 447
f 815 810 809
f 829 830 828
f 726 725 501
f 274 427 424
f 879 882 881
f 884 883 879
f 219 218 217
f 906 905 904
f 455 204 205
f 898 882 830
f 903 900 880
f 377 291 519
f 923 949 948
f 946 947 951
f 8963 740 739
f 900 899 886
f 225 64 65
f 182 445 442
f 809 952 947
f 954 960 962
f 927 950 965
f 885 879 880
f 925 927 966
f 343 342 341
f 965 964 971
f 968 971 970
f 972 968 969
f 963 961 981
f 336 337 338
f 992 993 827
f 810 815 996
f 1007 1001 1002
f 1012 826 827
f 1011 1009 1007
f 294 293 292
f 907 908 920
f 1017 579 1019
f 1020 1023 1022
f 1035 1024 1020
f 1061 1060 1047
f 1063 1061 1046
f 1044 1020 1021
f 1102 1094 1097
f 1116 1126 1118
f 1016 1015 1014
f 881 897 904
f 816 1116 1127
f 1094 948 949
f 514 342 167
f 146 145 81
f 1133 1135 1130
f 1102 1133 1126
f 822 1126 1116
f 1145 1143 1148
f 1076 1144 1151
f 1148 1143 1086
f 1109 1097 1114
f 1154 1153 1156
f 1153 925 967
f 8815 8941 463
f 1144 1147 1152
f 1156 967 1163
f 1164 1162 1169
f 1145 1171 1176
f 1114 1115 1154
f 1183 1155 1164
f 1184 1183 1177
f 1069 1151 1062
f 1023 1191 1194
f 1162 1163 1170
f 1195 1184 1185
f 1183 1196 1176
f 1201 1063 1152
f 1061 1063 1201
f 9277 847 843
f 1203 1202 1195
f 1202 1201 1184
f 1218 1060 1203
f 1060 1061 1202
f 1225 1218 1217
f 671 695 694
f 1219 1217 1024
f 1217 1203 1034
f 1226 1014 1015
f 1243 1242 1234
f 1231 1230 1229
f 847 1243 1233
f 843 1233 1244
f 1233 1234 1245
f 1923 9213 233
f 2100 2108 499
f 9366 9316 2135
f 61 62 323
f 210 211 217
f 1299 1310 1309
f 9315 1230 1231
f 1066 1047 1321
f 1322 1321 1228
f 1060 1218 1321
f 1325 1324 1323
f 1244 1245 1332
f 1290 1234 1242
f 1337 1330 1339
f 1330 1332 1340
f 1341 1332 1245
f 1342 1340 1332
f 1343 1342 1341
f 1344 1341 1294
f 9309 9308 1345
f 1347 1348 1342
f 9308 9306 1295
f 1349 1350 1348
f 9313 1349 1347
f 9305 1347 1343
f 906 898 829
f 905 906 1353
f 865 1356 1355
f 1355 1353 829
f 1357 1355 825
f 1356 1354 1353
f 9286 1337 1338
f 866 1358 1356
f 1358 1359 1354
f 9280 878 1337
f 838 1362 1012
f 1363 1364 1338
f 1368 1363 1339
f 1348 1368 1340
f 1371 1369 9276
f 524 525 526
f 528 529 530
f 1372 1370 1369
f 535 536 537
f 1367 1368 1348
f 1370 1354 1359
f 1369 1359 9285
f 1373 910 903
f 555 556 557
f 1374 909 910
f 1373 904 905
f 1374 1373 1375
f 1375 905 1354
f 1378 920 908
f 376 373 651
f 1388 928 973
f 586 587 588
f 1390 1389 1388
f 1391 1388 969
f 597 598 599
f 600 601 602
f 1392 1391 970
f 608 609 610
f 612 524 523
f 614 615 616
f 617 618 25
f 620 621 622
f 1397 1390 1391
f 1398 1397 1392
f 1400 987 920
f 1402 1403 1165
f 636 637 638
f 930 1404 1402
f 641 642 643
f 929 1402 1169
f 1404 1405 1403
f 1411 1366 1365
f 1412 1406 1415
f 652 653 654
f 609 656 657
f 659 660 661
f 558 663 586
f 665 666 667
f 1413 1411 1406
f 1418 1416 9262
f 1417 1372 1371
f 1416 1371 9281
f 1419 1417 1416
f 1386 909 1374
f 677 678 679
f 1385 1386 1420
f 1420 1374 1376
f 685 686 687
f 1421 1420 1422
f 528 690 691
f 1422 1376 1372
f 1018 1019 747
f 699 700 701
f 1424 578 579
f 9115 1597 1767
f 700 699 711
f 1093 9198 9206
f 717 718 530
f 721 722 723
f 704 1650 8987
f 19 1429 1426
f 1429 1428 1427
f 1658 1659 8986
f 1439 1437 1434
f 1437 1436 1435
f 1426 1427 1433
f 1442 1431 1432
f 742 743 744
f 1432 1433 1441
f 751 752 753
f 1438 1434 1403
f 1446 1445 1444
f 1447 1448 1446
f 9312 1447 1443
f 1415 1367 1445
f 1414 1415 1446
f 2173 1683 469
f 777 778 779
f 780 781 782
f 1676 1693 1806
f 9311 1451 1349
f 789 790 791
f 745 792 793
f 652 794 795
f 1455 1458 1457
f 1454 1367 1350
f 610 691 802
f 9283 9268 698
f 1352 1044 1045
f 1015 1016 1459
f 811 812 813
f 2118 9267 9269
f 819 820 821
f 1466 1463 1194
f 1467 1468 1465
f 1182 1165 1468
f 832 812 833
f 835 836 837
f 1467 1466 1190
f 1469 1470 1444
f 840 700 712
f 1453 1470 1469
f 599 844 845
f 1226 1450 9301
f 851 852 853
f 855 744 856
f 858 859 860
f 861 862 863
f 1014 1226 9307
f 867 676 868
f 870 871 872
f 874 875 876
f 1310 1323 1471
f 1476 1433 1427
f 1461 1476 1475
f 887 888 889
f 788 791 892
f 894 895 896
f 1460 1475 1227
f 901 902 524
f 1465 1478 1477
f 1865 8947 8944
f 911 912 913
f 916 917 918
f 1850 8949 8951
f 921 922 895
f 1479 1435 1436
f 926 664 667
f 1481 562 563
f 269 1483 84
f 931 932 933
f 934 935 614
f 936 685 688
f 938 659 662
f 1484 270 122
f 941 942 835
f 320 321 509
f 1849 8954 8949
f 84 1483 1484
f 1487 1490 1488
f 1757 1758 8946
f 365 1492 1491
f 461 79 80
f 117 363 362
f 1494 540 541
f 926 601 957
f 1477 1441 1433
f 1709 1588 1585
f 119 117 1496
f 271 1497 504
f 511 517 189
f 345 1496 1492
f 57 344 299
f 1501 1499 268
f 267 268 1499
f 974 975 976
f 1678 1652 1693
f 9298 1682 1807
f 557 982 663
f 983 941 984
f 1443 1444 9301
f 421 1500 268
f 989 990 991
f 1490 1487 418
f 279 280 309
f 997 868 676
f 998 26 999
f 1504 418 38
f 1506 1508 1507
f 360 361 1508
f 1506 1486 207
f 939 1005 1006
f 270 1484 1483
f 66 63 546
f 1010 742 793
f 367 428 437
f 244 31 363
f 1670 8976 8978
f 209 206 1510
f 388 389 426
f 427 274 250
f 161 520 521
f 100 246 45
f 1025 1026 608
f 1029 1030 1031
f 939 662 1033
f 41 42 594
f 1036 780 783
f 702 701 1038
f 1040 1041 1042
f 362 32 369
f 187 1520 477
f 70 1487 539
f 1049 600 603
f 613 867 869
f 860 1050 1051
f 1005 1052 1053
f 753 1055 1056
f 1057 1058 1059
f 293 288 1522
f 288 212 1521
f 292 1522 1523
f 331 1507 1508
f 306 452 453
f 100 44 41
f 462 1524 78
f 330 331 1524
f 635 1067 1068
f 1485 1527 1526
f 206 1485 1528
f 1070 1071 1072
f 942 941 1073
f 916 933 1075
f 440 1529 1530
f 157 158 1514
f 1529 162 5
f 371 595 546
f 790 586 663
f 1077 858 857
f 1403 1434 1435
f 1080 1081 1082
f 531 520 1529
f 21 1083 1084
f 272 1532 1531
f 690 712 802
f 335 9015 9011
f 1090 1030 1029
f 1092 795 794
f 1533 396 137
f 661 660 1095
f 69 444 445
f 1099 1100 1101
f 38 39 1536
f 1104 1105 1106
f 852 1107 1108
f 1377 908 909
f 291 377 411
f 316 1536 516
f 539 1488 1533
f 1505 1536 316
f 1110 1111 1112
f 1539 1537 460
f 522 441 1537
f 834 837 1120
f 1122 1123 1124
f 612 1125 1041
f 935 793 615
f 276 278 130
f 1686 8993 8966
f 193 190 1541
f 231 521 1540
f 556 1037 982
f 365 253 85
f 190 532 318
f 1810 765 9018
f 9376 1867 8956
f 1132 983 985
f 208 101 102
f 1134 1033 662
f 1491 518 80
f 429 133 1542
f 1137 1138 915
f 172 436 428
f 1139 1140 1141
f 549 96 54
f 1517 1519 1518
f 834 1119 984
f 1543 513 286
f 1544 797 239
f 133 134 1544
f 506 361 257
f 420 327 328
f 1158 1159 1160
f 587 1104 1103
f 607 1161 1027
f 304 1546 1545
f 364 1491 77
f 69 70 198
f 700 840 1112
f 9329 626 8969
f 1166 719 657
f 1167 1168 858
f 1300 8967 8968
f 1172 1173 1174
f 218 203 200
f 1179 1180 1181
f 372 183 97
f 89 104 227
f 1186 1187 1188
f 172 173 1517
f 1482 84 81
f 1090 1192 1193
f 394 395 353
f 526 525 1198
f 1199 1200 1026
f 606 623 697
f 1204 1205 1206
f 1207 1208 523
f 1209 1210 867
f 914 913 685
f 1478 1436 1441
f 1029 1028 1161
f 1211 1212 1213
f 9310 1453 1451
f 844 1215 1216
f 423 193 273
f 1220 1221 1222
f 22 1223 1224
f 882 898 897
f 1519 1517 173
f 1189 1188 1232
f 349 350 550
f 1071 1235 1236
f 1237 1238 1239
f 1221 1186 1189
f 1510 1528 1512
f 939 1032 1241
f 1556 1530 5
f 1553 1554 394
f 404 1556 67
f 1247 1248 1249
f 142 199 238
f 1251 1067 635
f 850 1252 1253
f 1254 1167 1077
f 57 132 133
f 443 430 552
f 1187 1172 1175
f 1256 1070 831
f 432 405 382
f 741 748 747
f 434 350 351
f 349 432 383
f 251 124 1481
f 395 384 352
f 1518 1519 1550
f 1558 410 378
f 109 263 314
f 285 1514 1513
f 395 394 393
f 202 203 410
f 417 408 405
f 1246 1257 1258
f 3 1559 297
f 1259 1260 1261
f 403 404 347
f 955 954 953
f 462 50 51
f 1096 1095 687
f 429 147 60
f 896 1264 1265
f 1267 721 1268
f 423 424 327
f 37 179 180
f 20 23 1187
f 1256 1168 1071
f 1188 1175 1269
f 1236 1270 1271
f 1272 536 535
f 565 564 463
f 1273 792 745
f 876 1254 1255
f 316 33 164
f 437 1516 503
f 194 1494 1495
f 1275 1276 864
f 624 625 631
f 1277 1274 1137
f 569 568 567
f 1481 124 125
f 324 325 547
f 1279 1108 1107
f 1525 332 329
f 1281 1278 1137
f 171 168 1553
f 1488 73 396
f 1557 1561 1562
f 1282 856 1206
f 1053 1277 1278
f 778 777 607
f 713 583 9010
f 251 225 144
f 4 357 348
f 709 708 707
f 728 48 45
f 261 135 1563
f 789 1286 1287
f 74 314 263
f 403 284 385
f 1178 1181 1240
f 1223 1259 1289
f 1220 20 1186
f 296 1518 354
f 784 459 1538
f 1181 1180 1291
f 1269 1292 1257
f 1566 1538 438
f 136 784 1566
f 1563 1564 169
f 107 114 109
f 1297 1282 1298
f 1464 1477 1476
f 1520 187 507
f 1301 1302 1303
f 1306 1307 1308
f 175 456 1532
f 1532 456 200
f 1311 1266 1312
f 872 1314 1315
f 9288 843 878
f 1305 1308 864
f 1040 1275 863
f 1564 1566 399
f 592 1576 1575
f 591 1575 1088
f 1581 1584 1583
f 1196 1152 1147
f 710 582 583
f 285 407 408
f 953 954 961
f 1594 1592 1589
f 1585 1588 1587
f 1592 1591 1590
f 9337 945 944
f 1600 1599 1598
f 1604 1603 1602
f 1399 1392 979
f 1589 1590 1596
f 1610 1609 1608
f 298 257 361
f 551 552 276
f 1627 1626 9266
f 859 811 818
f 1078 857 1328
f 1555 439 1530
f 572 573 680
f 772 465 776
f 977 1281 918
f 404 403 392
f 1054 1331 750
f 1644 1645 1643
f 932 1265 1082
f 1067 1333 1334
f 1540 1539 264
f 597 1335 643
f 471 761 762
f 1642 696 9283
f 1644 1642 9294
f 923 946 950
f 96 549 548
f 520 531 522
f 445 444 443
f 849 839 848
f 480 759 755
f 1646 760 481
f 311 426 1567
f 464 463 8941
f 8941 1360 1361
f 234 237 236
f 190 193 192
f 153 154 152
f 231 287 286
f 1552 1553 1551
f 760 1646 1648
f 9284 1647 1649
f 828 827 826
f 52 167 166
f 1663 1662 1661
f 287 107 115
f 668 671 670
f 634 645 640
f 553 560 559
f 118 36 33
f 492 484 491
f 8996 1652 1651
f 582 589 584
f 384 395 392
f 1381 1382 1383
f 1562 1561 435
f 952 953 951
f 8973 9010 583
f 1660 1661 1667
f 1394 1395 1396
f 1660 1665 1664
f 1671 1670 1669
f 1624 1625 1673
f 1407 1408 1409
f 1677 1676 1675
f 1613 1679 1677
f 1679 1678 1676
f 1626 1681 9263
f 534 199 198
f 803 733 734
f 400 248 191
f 65 66 143
f 8970 1657 1656
f 402 159 157
f 629 628 627
f 461 477 49
f 758 757 495
f 796 787 786
f 406 407 1513
f 342 343 166
f 1694 1659 1658
f 1692 1687 1694
f 9001 1693 1652
f 9373 1704 1703
f 326 547 302
f 9368 9373 1702
f 9371 9370 1698
f 1699 1691 9379
f 1557 406 1560
f 1127 1116 1117
f 400 401 289
f 1706 1702 1707
f 1707 1702 1599
f 1709 1706 1708
f 1714 1712 1711
f 9371 9367 1709
f 1704 1711 1577
f 1716 1714 1713
f 1559 1562 1549
f 1722 1721 1720
f 1335 597 596
f 410 411 377
f 973 1170 1163
f 168 169 399
f 1571 682 1089
f 1572 681 682
f 749 646 647
f 1730 1724 1723
f 1594 1582 1729
f 1729 1723 1591
f 1384 1378 1377
f 1732 1731 1712
f 1724 1730 1731
f 1722 1724 1732
f 1721 1722 1733
f 1734 1733 1716
f 1735 1737 1736
f 1733 1732 1714
f 1663 1664 1741
f 1742 1665 1740
f 1738 1739 1737
f 1665 1660 1666
f 1665 1742 1744
f 1725 1726 1746
f 1591 1725 1745
f 1590 1745 1747
f 1745 1746 1748
f 1659 1688 8982
f 5650 1760 8989
f 1185 1177 1182
f 1664 1744 1749
f 1741 1749 1739
f 1746 1742 1743
f 1726 1744 1742
f 1115 924 1153
f 1654 8990 9019
f 1896 9006 8993
f 1720 1749 1744
f 1721 1739 1749
f 1750 1718 1701
f 1697 1736 1750
f 1151 1152 1063
f 1751 1752 1670
f 1695 1658 1752
f 961 962 986
f 1770 1769 1768
f 1766 1594 1593
f 1731 1759 1579
f 1579 1777 1774
f 9380 1772 1771
f 1764 1772 9380
f 1777 1776 1775
f 9214 9215 1699
f 1004 1127 1128
f 1774 1775 1771
f 987 1400 1399
f 1578 1774 1772
f 1783 1782 1781
f 1597 1598 1770
f 639 1878 9347
f 9380 9381 1769
f 1793 1792 1789
f 9381 9372 1798
f 8952 8960 9225
f 1802 1867 9376
f 1788 1790 1794
f 1793 1794 1795
f 9225 9224 1675
f 1584 1581 1783
f 1771 1797 9372
f 1801 1799 1798
f 1768 1769 1798
f 1775 1796 1797
f 508 514 515
f 1796 1803 1802
f 1800 1798 9372
f 1794 1805 1804
f 8976 1670 1752
f 485 1808 1807
f 9261 9296 1640
f 9289 9296 1810
f 485 482 1640
f 1690 1691 9222
f 487 488 1648
f 9291 1813 1816
f 9290 1811 1648
f 9291 1812 1811
f 1812 1809 487
f 1641 1809 767
f 465 466 755
f 767 1815 9275
f 9274 1816 9278
f 1809 1812 1815
f 9289 1653 1651
f 675 672 8985
f 1814 1649 1822
f 1821 1822 9273
f 1824 1822 1649
f 1827 1849 1850
f 1668 1669 1662
f 1779 1780 1848
f 1790 1827 1805
f 1833 1836 1853
f 8965 8950 693
f 1614 1615 1616
f 1852 1853 8942
f 1620 1621 1622
f 1855 1765 1574
f 1847 1852 8945
f 1766 1765 1855
f 1629 1630 1631
f 1633 1622 1634
f 1635 1636 1637
f 1848 1833 1852
f 1855 1861 1863
f 1803 1866 1867
f 1862 1863 1831
f 1782 1855 1862
f 9374 9376 1865
f 1873 1872 1870
f 1874 1869 799
f 2045 9330 9349
f 1219 1345 1295
f 1615 1614 1396
f 9336 9347 1877
f 645 9350 9238
f 1345 1219 1035
f 634 639 9336
f 15 1887 1327
f 9362 9347 1878
f 1894 604 605
f 8950 8995 627
f 9004 640 645
f 340 341 454
f 1897 194 195
f 1889 1882 1877
f 1901 94 129
f 196 749 754
f 1705 1704 9373
f 340 378 166
f 1570 1480 563
f 1904 1494 194
f 1781 1862 1832
f 1905 549 55
f 1000 994 995
f 986 919 920
f 1191 1185 1190
f 2094 2077 2075
f 1920 1921 1919
f 453 454 1912
f 1915 1919 1918
f 9334 2112 2106
f 1655 9019 8975
f 1916 1918 1926
f 704 8998 9005
f 278 1916 1925
f 9009 9008 1818
f 1097 949 1115
f 1927 1928 727
f 9030 9031 9106
f 1920 310 307
f 1929 307 48
f 503 504 1497
f 1902 1903 787
f 1816 1821 9272
f 1925 1926 1923
f 1535 1569 1568
f 254 252 258
f 1509 1497 366
f 119 86 35
f 219 288 293
f 141 46 47
f 542 205 244
f 1940 552 430
f 1779 1828 1827
f 1701 1710 9367
f 1661 8994 8959
f 270 53 754
f 197 1947 749
f 1727 1728 1212
f 53 54 232
f 1465 1468 1479
f 1284 9314 9306
f 1951 446 412
f 168 398 1554
f 1486 1485 206
f 506 77 78
f 994 1001 1007
f 951 953 963
f 1013 9311 9313
f 9278 9272 1820
f 1498 1909 1954
f 299 298 543
f 1754 1755 1756
f 1681 469 1683
f 1696 1694 1695
f 13 14 738
f 473 476 475
f 482 1641 768
f 204 62 30
f 1761 1762 820
f 611 1763 1125
f 1501 1503 1908
f 1074 1073 711
f 1960 1944 82
f 120 1956 1960
f 35 86 87
f 1773 1199 1025
f 1965 1545 1569
f 494 761 471
f 1966 1967 1969
f 446 1951 1971
f 174 368 125
f 1580 1579 1578
f 1785 1786 1787
f 1972 1546 304
f 1254 876 875
f 1973 341 342
f 321 1912 1973
f 1910 277 275
f 509 1973 514
f 1486 1507 1527
f 1974 1874 804
f 1977 1976 1974
f 1980 448 1966
f 379 1 2
f 1718 1715 1710
f 884 995 992
f 1680 1684 1678
f 902 990 525
f 344 255 256
f 135 138 137
f 448 446 1967
f 589 605 604
f 910 909 908
f 1981 1966 1968
f 1982 1981 1987
f 1988 1979 1987
f 1990 1988 1989
f 1991 1989 1993
f 322 321 320
f 992 828 830
f 1144 1076 1086
f 1995 1977 1978
f 1133 1129 1118
f 1997 1995 1994
f 870 1823 1335
f 805 806 1982
f 727 184 2000
f 1996 1994 1988
f 1994 1978 1979
f 1829 616 792
f 1830 1073 941
f 798 803 800
f 729 732 731
f 2011 2012 2023
f 1834 1835 846
f 402 283 284
f 2022 2023 2024
f 1838 718 989
f 810 955 952
f 1823 1839 1840
f 1430 1426 1432
f 1215 844 1841
f 1316 1208 873
f 2112 1401 1384
f 1842 1843 1844
f 1159 846 845
f 837 27 1846
f 1971 1951 2030
f 517 369 370
f 1471 2026 2027
f 8995 8969 626
f 2174 2175 770
f 935 934 1854
f 1613 1619 1611
f 1231 1228 1225
f 1856 1857 891
f 1300 1309 748
f 1150 1149 1858
f 1643 606 696
f 1215 1265 1264
f 1320 1860 902
f 1956 1943 1944
f 2031 668 669
f 2034 1325 1310
f 1879 1880 1656
f 40 245 242
f 1992 1993 2039
f 888 958 957
f 1882 1889 1996
f 1078 1138 1255
f 1871 912 1192
f 294 411 218
f 1323 2041 2026
f 123 1960 83
f 1324 2036 2041
f 384 358 359
f 1324 1325 2038
f 1883 1884 1885
f 287 1540 114
f 1096 1886 1134
f 915 1329 931
f 806 1980 1981
f 8977 8973 584
f 1425 2030 2042
f 1018 2042 1948
f 9006 1896 740
f 1948 2042 649
f 1881 1882 1990
f 1900 129 130
f 992 995 994
f 923 927 925
f 9330 2045 2047
f 1643 2048 625
f 2050 2052 2051
f 2045 1405 1404
f 9328 2047 945
f 1139 1080 1079
f 1037 1856 892
f 2055 2053 2057
f 1198 989 718
f 1619 2058 1612
f 2058 1605 1606
f 2059 2060 1607
f 2058 1619 1624
f 71 72 179
f 405 406 1557
f 322 1548 1972
f 2061 2052 2063
f 2066 2065 2067
f 2052 2061 2064
f 1609 1610 2066
f 1515 151 152
f 1009 827 993
f 1644 9295 9267
f 279 1915 1916
f 1285 9315 9314
f 1647 2066 1825
f 2056 2057 2067
f 319 320 1953
f 667 666 1913
f 2070 631 625
f 2052 2050 2055
f 2038 1654 1655
f 1606 1601 2073
f 1235 1917 1270
f 2072 2073 2075
f 2059 1606 2072
f 2074 2075 2077
f 1601 1602 2078
f 2049 2048 1643
f 1000 1004 1001
f 1089 943 684
f 1931 1286 1306
f 1462 1459 1021
f 1932 1933 1934
f 875 874 1846
f 1936 1051 1937
f 44 45 46
f 1534 1955 1956
f 1541 318 317
f 2081 2082 2084
f 146 1945 1959
f 1360 1941 1942
f 985 984 1032
f 1995 1997 1892
f 2079 2080 2082
f 2095 2096 2076
f 2081 2093 2078
f 2055 2050 2054
f 501 2096 2095
f 2097 2100 2099
f 2098 2099 2094
f 2140 2141 9345
f 2141 2046 9346
f 2051 2070 2048
f 592 2102 2101
f 2071 2064 2076
f 2102 2097 2098
f 593 2103 2102
f 1019 1895 746
f 1950 11 12
f 725 2071 2096
f 1385 2105 2104
f 1379 2104 2106
f 2107 2108 2100
f 9360 726 502
f 9348 502 499
f 940 1389 2109
f 928 929 1170
f 9320 590 684
f 1962 1963 1964
f 9330 680 573
f 2039 1993 1968
f 1389 1390 2110
f 1398 2111 2113
f 9209 9207 9205
f 9363 9335 2107
f 949 923 924
f 260 241 324
f 1390 1397 2113
f 2070 2051 2064
f 9319 9363 2103
f 2105 1385 1421
f 2114 1421 1423
f 9344 2114 2115
f 9360 2105 2114
f 554 2116 1902
f 972 1163 967
f 1765 1593 1573
f 1984 1985 1986
f 2053 2117 2069
f 9017 9000 724
f 1625 1677 1674
f 9333 9340 2119
f 9355 2115 2123
f 56 1954 1906
f 626 9329 9331
f 2001 2002 2003
f 9364 9293 2127
f 2006 2007 2008
f 2127 1413 1412
f 2014 2015 2016
f 2018 2019 2020
f 1495 1424 1947
f 1379 1377 1386
f 9266 9263 1680
f 2029 1885 1884
f 9354 2128 2120
f 629 9331 9366
f 682 683 943
f 724 1650 2121
f 1757 1819 9273
f 765 1810 9296
f 9303 714 715
f 706 707 9322
f 981 986 987
f 1457 1868 1656
f 2017 2016 2032
f 1458 1655 1868
f 1776 1777 1792
f 1959 1945 1946
f 9115 9167 9177
f 9365 9333 2122
f 1093 1089 689
f 966 965 968
f 9304 715 9333
f 2172 9029 2170
f 670 2138 2137
f 9213 787 1903
f 1429 19 28
f 964 963 978
f 9293 9265 1413
f 1473 1474 669
f 9286 9285 1359
f 2138 798 1870
f 1872 1473 2137
f 715 716 9340
f 1881 1991 1992
f 9295 9294 739
f 1837 1847 8957
f 253 58 59
f 1808 9289 9292
f 1647 9284 9270
f 9317 9318 671
f 2112 9334 9335
f 1405 2045 2044
f 9281 9276 1364
f 273 1541 391
f 576 632 8964
f 9327 9317 668
f 1430 1431 2140
f 2136 9302 9312
f 1430 2139 18
f 9345 9346 570
f 1442 1439 2046
f 1431 1442 2141
f 9321 9365 9302
f 9260 9275 1817
f 9318 9345 695
f 2142 2025 798
f 571 2143 2142
f 9271 9266 1618
f 2143 2022 2025
f 694 2142 2138
f 681 1572 2144
f 2144 2011 2022
f 328 210 457
f 1572 2010 2011
f 630 9344 9355
f 2085 2086 2087
f 2090 2091 2092
f 572 2144 2143
f 1875 1976 2153
f 1873 1875 2149
f 2103 2107 2097
f 2157 2043 2155
f 2128 1412 1414
f 9326 9323 589
f 9324 9322 628
f 2149 2153 2158
f 2159 2158 9357
f 698 9359 9354
f 9275 9299 9279
f 2158 2156 9326
f 1438 2044 2046
f 2035 2154 2160
f 2161 2160 9341
f 9323 9343 605
f 9325 17 18
f 370 29 61
f 649 1951 413
f 2153 2157 2156
f 1428 1429 1449
f 1490 76 73
f 9342 9357 710
f 2155 1891 9343
f 1456 1457 1880
f 2125 2088 2087
f 2160 2159 9342
f 300 1959 505
f 1064 1062 1046
f 2043 1892 1891
f 2129 2130 2004
f 2131 2132 2133
f 9300 9301 1450
f 1998 1975 804
f 9331 673 9316
f 474 492 490
f 1164 1165 1182
f 707 2162 9361
f 708 1472 2162
f 2162 2161 9338
f 548 549 1905
f 1145 1136 1114
f 705 2121 1650
f 2043 2157 1977
f 737 738 554
f 1034 1195 1191
f 458 1905 1907
f 195 196 232
f 2040 2039 1969
f 2145 2146 2147
f 2054 2050 2049
f 9284 1646 1639
f 9 12 11
f 252 364 506
f 472 478 479
f 1865 9376 9243
f 900 903 910
f 1941 2150 2151
f 1921 1928 1927
f 2163 1897 1898
f 271 156 153
f 1904 1326 12
f 282 263 264
f 1872 1873 2154
f 1326 1904 1897
f 628 692 693
f 1724 1722 1719
f 1549 1562 436
f 1582 1583 1730
f 1921 1920 1929
f 9007 8955 10
f 2152 2037 1950
f 475 772 774
f 769 2172 2171
f 2171 2165 476
f 476 773 772
f 1791 565 464
f 2166 2167 2168
f 595 371 372
f 483 1809 1641
f 762 2174 2173
f 771 483 484
f 486 487 1809
f 297 1549 1517
f 763 2175 2174
f 776 755 759
f 184 185 2176
f 412 447 303
f 2005 2176 185
f 9263 1681 1682
f 2164 2170 756
f 1472 2035 2161
f 950 951 964
f 2177 2178 2179
f 227 226 1510
f 2182 2183 2184
f 2186 2019 2018
f 1985 2182 2181
f 214 736 729
f 865 849 842
f 849 865 1357
f 559 3187 3188
f 16 13 737
f 560 553 498
f 3193 3196 3195
f 3200 3197 3198
f 3211 3214 3213
f 3215 3218 3217
f 2187 2188 2002
f 3233 3236 3235
f 3223 3221 3222
f 3229 3232 3231
f 3245 3248 3247
f 2169 2168 2189
f 2192 2086 2085
f 2193 2194 2195
f 2198 2199 2200
f 1998 1982 1979
f 9116 9117 9120
f 3253 3256 3255
f 2116 1898 1903
f 1859 2006 2009
f 9356 2123 2126
f 1135 1148 1087
f 2201 2202 2015
f 1149 111 110
f 3261 3264 3263
f 3269 3272 3271
f 3265 3268 3267
f 3229 3230 3284
f 3289 3292 3291
f 3299 3302 3301
f 3307 3263 3264
f 3293 3296 3295
f 3297 3223 3224
f 3319 3321 3291
f 3322 3323 3318
f 3314 3313 3312
f 3285 3288 3287
f 3332 3333 3218
f 3329 3331 3330
f 3324 3325 3227
f 3298 3224 3326
f 2203 2204 2205
f 579 580 1895
f 1755 2207 2208
f 3337 3340 3339
f 9343 9362 1893
f 1211 2151 2150
f 868 997 2210
f 3347 3350 3349
f 944 945 930
f 2130 2129 2202
f 233 1903 1898
f 665 751 750
f 1167 1254 999
f 2211 2212 2213
f 2215 2216 2217
f 9319 593 590
f 2220 221 220
f 823 824 948
f 3375 3240 3377
f 3393 3392 3391
f 3353 3358 3357
f 3363 3366 3365
f 3402 3405 3404
f 266 204 455
f 9334 2108 2107
f 2221 2222 8963
f 2223 2224 2225
f 2207 2125 2124
f 3293 3309 3336
f 673 674 9321
f 817 1000 996
f 2227 2228 2146
f 1947 1948 646
f 9352 2135 17
f 2229 1635 1638
f 1679 1613 1618
f 1637 2231 2232
f 2233 2234 1617
f 2231 2235 2236
f 3406 3409 3408
f 1381 1638 2238
f 9038 2241 2242
f 3414 3416 3341
f 1630 2234 2233
f 1681 1626 472
f 1408 1407 2243
f 3423 3426 3425
f 3433 3351 3263
f 3434 3429 3430
f 3440 3443 3442
f 3444 3447 3446
f 3436 3451 3450
f 3442 3443 3456
f 1637 2230 2238
f 3445 3446 3437
f 3448 3443 3440
f 1409 1408 1634
f 1380 1383 2247
f 1628 2248 2245
f 3463 3466 3465
f 3308 3477 3462
f 2249 1623 1622
f 1632 1634 1408
f 2248 1628 1631
f 3478 3481 3480
f 3509 3512 3511
f 2235 2231 1637
f 3505 3508 3507
f 3457 3458 3199
f 631 2070 2071
f 515 167 52
f 782 781 2251
f 2253 2254 2255
f 397 281 459
f 1456 2039 2040
f 2040 2041 2036
f 3434 3475 3518
f 1401 2112 2111
f 2041 2040 1970
f 3367 3337 3338
f 1535 121 414
f 1586 1587 2080
f 2256 983 1132
f 3528 3531 3530
f 3519 3521 3520
f 3537 3505 3506
f 3543 3546 3545
f 1700 1699 9370
f 3486 3551 3550
f 3455 3456 3497
f 3558 3560 3559
f 3456 3568 3500
f 3572 3571 3252
f 3308 3264 3285
f 3316 3317 3574
f 3575 3478 3479
f 3576 3579 3578
f 3580 3583 3582
f 3584 3587 3586
f 3505 3537 3588
f 3589 3592 3591
f 3600 3603 3602
f 3542 3539 3595
f 3604 3605 3592
f 3611 3610 3613
f 3622 3625 3624
f 3618 3621 3620
f 3626 3629 3628
f 3644 3647 3646
f 3634 3637 3636
f 3638 3639 3641
f 9267 1896 1686
f 1263 2256 1886
f 3613 3655 3654
f 598 1841 844
f 2257 2258 2259
f 2258 2261 2262
f 2259 2262 2263
f 2260 2259 2216
f 1967 1971 1970
f 2212 1964 1963
f 922 921 2218
f 1312 1098 1101
f 1307 1306 1286
f 1548 1569 1546
f 2266 2267 2268
f 2265 2268 2270
f 2272 2265 2269
f 2273 2266 2265
f 2275 2276 2277
f 2278 2274 2277
f 2284 2285 9069
f 2287 2283 2286
f 2288 2289 2283
f 2290 2284 9091
f 2291 2292 2293
f 2295 2291 2294
f 2296 2297 2291
f 2297 2298 2292
f 2294 2293 2299
f 2279 2294 2300
f 2298 2301 2302
f 2292 2302 2303
f 2293 2303 2304
f 2304 2305 2306
f 2308 2309 2310
f 2302 2307 2310
f 2301 2311 2307
f 2312 2308 2307
f 2313 2314 2315
f 2318 2319 2320
f 9200 9223 2322
f 2324 2325 2273
f 2313 2324 2326
f 2328 2324 2313
f 2329 2325 2324
f 2331 2332 2333
f 2330 2333 2267
f 2325 2330 2266
f 2329 2331 2330
f 2333 2334 2335
f 2336 2334 2333
f 2338 2336 2332
f 2331 2339 2337
f 2329 2340 2339
f 2328 2341 2340
f 2316 2342 2341
f 2342 2316 2315
f 2344 2345 2346
f 2341 2344 2347
f 2342 2348 2344
f 2348 2349 2345
f 2350 2351 2352
f 2339 2350 2353
f 2340 2347 2350
f 2347 2346 2351
f 2337 2353 2354
f 2353 2352 2355
f 2356 2277 2276
f 2356 2357 2358
f 2356 2359 2296
f 2279 2277 2356
f 2360 2361 2270
f 2267 2335 2360
f 2362 2363 2364
f 2362 2365 2361
f 2366 2362 2358
f 2366 2367 2363
f 2357 2276 2368
f 2366 2368 2369
f 2276 2275 2370
f 2368 2370 2282
f 2372 2373 2374
f 2375 2376 2377
f 2378 2379 2380
f 2382 2378 2381
f 2384 2385 2378
f 2385 2386 2379
f 2388 2389 2390
f 2387 2390 2392
f 2393 2394 2387
f 2394 2395 2388
f 2186 2401 2402
f 2403 2404 2327
f 2272 2403 2326
f 2271 2405 2403
f 2405 2406 2404
f 2404 2407 2408
f 2409 2410 2411
f 2409 2412 2271
f 2413 2409 2269
f 2413 2414 2410
f 2417 2415 2416
f 2417 2418 2406
f 2412 2417 2405
f 2411 2415 2417
f 2406 2419 2407
f 9013 8964 632
f 2420 2398 2397
f 2420 2421 2423
f 2424 2420 2422
f 2424 2399 2398
f 2425 2391 2392
f 2421 2425 2426
f 2397 2396 2425
f 2396 2393 2391
f 2427 2314 2408
f 2430 2427 2428
f 2343 2315 2427
f 2432 2343 2430
f 2431 2430 2429
f 2435 2431 2433
f 2436 2432 2431
f 2428 2408 2407
f 2422 2437 2407
f 2438 2437 2422
f 2429 2428 2437
f 2440 2434 2433
f 2441 2439 2433
f 2442 2443 2439
f 2443 2444 2440
f 2445 2446 2444
f 2447 2445 2443
f 2383 2381 2445
f 2381 2380 2446
f 2448 2438 2423
f 2449 2448 2426
f 2441 2448 2449
f 2441 2429 2438
f 2449 2392 2390
f 2450 2390 2389
f 2447 2450 2451
f 2442 2449 2450
f 2451 2389 2453
f 2452 2453 2455
f 2382 2452 2454
f 2383 2451 2452
f 2456 2457 2373
f 2459 2460 2461
f 2463 2464 2465
f 2462 2465 2285
f 2466 2462 2284
f 2467 2463 2462
f 2461 2460 9155
f 2468 2469 2470
f 2472 2468 2471
f 2474 2461 9153
f 2475 2476 2477
f 2458 2455 2453
f 2479 2453 2389
f 2395 2480 2479
f 2480 2459 2458
f 2481 2482 2483
f 2484 113 2485
f 2471 2470 2464
f 2473 2471 2463
f 2487 2467 2466
f 2486 2466 2290
f 2490 2486 2488
f 2491 2487 2486
f 2492 2473 2467
f 2493 2492 2487
f 2494 2495 2492
f 2495 2472 2473
f 9142 2496 2474
f 9143 2497 2496
f 2498 2494 2493
f 2500 2498 2499
f 9152 9139 2498
f 9139 9143 2494
f 2306 2504 2278
f 2305 2505 2504
f 2504 2505 2507
f 2506 2507 2288
f 2274 2506 2508
f 2278 2504 2506
f 9085 9084 2489
f 9072 9085 2488
f 2507 2509 2289
f 2505 2510 2509
f 2508 2288 2287
f 2511 2287 2281
f 2370 2511 2280
f 2275 2508 2511
f 2512 2490 2489
f 2514 2512 2513
f 2517 2512 2514
f 2517 2491 2490
f 2499 2493 2491
f 2499 2517 2516
f 2510 2505 2519
f 2518 2519 2521
f 9068 2518 2520
f 9084 2510 2518
f 2522 2304 2303
f 2523 2522 2310
f 2305 2304 2522
f 2524 2522 2523
f 2519 2524 2525
f 2505 2305 2524
f 2308 2312 2527
f 2526 2527 2529
f 2531 2526 2528
f 2309 2308 2526
f 1214 2532 2151
f 2419 2406 2418
f 2533 2345 2349
f 2534 2533 2317
f 2535 2536 2533
f 2536 2346 2345
f 2537 2351 2346
f 2538 2537 2536
f 2539 2540 2537
f 2540 2352 2351
f 2312 2355 2541
f 2527 2541 2542
f 2543 2435 2434
f 2545 2543 2544
f 2319 2318 2543
f 2318 2436 2435
f 2514 2515 2548
f 2547 2548 2550
f 2552 2547 2549
f 2552 2516 2514
f 2520 2521 2554
f 2553 2554 2556
f 9042 2553 2555
f 9073 2520 2553
f 2523 2309 2531
f 2557 2531 2530
f 2525 2523 2557
f 2559 2557 2558
f 2554 2559 2560
f 2521 2525 2559
f 2561 2375 2007
f 2376 2562 2225
f 2564 2565 2566
f 2563 2566 338
f 2569 2563 2567
f 2570 2564 2563
f 2572 2573 2574
f 2571 2574 2576
f 2544 2571 2575
f 2544 2434 2572
f 2578 2570 2569
f 2579 2577 2569
f 2574 2577 2579
f 2573 2578 2577
f 2581 2582 2583
f 2584 2580 2583
f 9149 9127 2580
f 9128 2581 2580
f 2582 2516 2552
f 2583 2552 2551
f 2500 2501 2589
f 2590 2588 2589
f 9145 9147 2588
f 9147 9152 2500
f 2501 2516 2591
f 2592 2593 2594
f 2386 2385 2503
f 2596 2379 2386
f 2596 2374 2373
f 2599 2596 2597
f 2599 2380 2379
f 2600 2446 2380
f 2600 2599 2598
f 2603 2600 2601
f 2603 2444 2446
f 2604 2603 2602
f 2440 2604 2605
f 2444 2603 2604
f 2606 2582 2581
f 2606 2607 2590
f 2591 2516 2582
f 9128 2587 2456
f 9141 2456 2372
f 2478 2477 2608
f 2609 2610 2611
f 2564 2570 2613
f 2612 2613 2598
f 2457 2612 2597
f 2565 2564 2612
f 2614 2613 2570
f 2615 2614 2578
f 2602 2601 2614
f 2601 2598 2613
f 2572 2434 2605
f 2616 2605 2602
f 2573 2572 2616
f 1459 1016 1045
f 1265 1215 1079
f 1612 1608 1609
f 2067 2057 2069
f 1135 1109 1136
f 1938 1937 2618
f 95 548 458
f 2058 1607 1608
f 1454 1469 1445
f 655 2620 1048
f 722 1049 2621
f 3665 3639 3634
f 1131 985 1033
f 562 1481 366
f 1723 1719 1725
f 1786 1123 1122
f 267 300 323
f 1325 2034 1654
f 1468 1165 1435
f 658 657 529
f 8 532 247
f 382 1557 1559
f 3631 3681 3680
f 788 619 1307
f 940 930 929
f 911 2622 2623
f 2621 2620 655
f 2624 1857 2625
f 998 1846 27
f 635 638 2626
f 2627 641 644
f 2628 2627 1840
f 1200 1199 2627
f 1199 1773 641
f 1520 515 49
f 1452 1350 1349
f 2630 2631 1859
f 644 643 1335
f 3683 3700 3699
f 1197 1198 717
f 2632 717 719
f 2628 2632 1166
f 2629 1197 2632
f 1762 2633 1050
f 1823 870 873
f 2634 2635 794
f 1042 794 2635
f 93 94 1901
f 2036 2038 1458
f 1527 332 1525
f 877 876 1274
f 134 409 797
f 1328 893 931
f 607 777 1091
f 1043 2635 2637
f 2636 2637 2639
f 1275 2636 2638
f 1275 1040 1043
f 1272 2624 2626
f 2640 2626 638
f 1110 2641 2640
f 536 1272 2640
f 1472 708 1474
f 2042 2030 1951
f 3668 3632 3633
f 1058 1106 1105
f 2642 2623 2643
f 1192 2642 2644
f 912 2623 2642
f 9350 1657 8970
f 1049 1048 2620
f 616 1829 1885
f 1331 1913 666
f 990 989 1198
f 1911 1912 321
f 1298 1282 1205
f 76 1490 1504
f 1502 1500 421
f 610 609 658
f 1146 937 659
f 2646 911 914
f 1280 1239 1238
f 1453 1454 1452
f 835 942 1843
f 1271 1270 1173
f 1893 1878 1826
f 1050 2633 1937
f 2651 2652 814
f 1006 1053 1281
f 2653 1084 2654
f 1001 1004 1003
f 585 997 679
f 2624 1272 621
f 555 678 2028
f 1207 526 1197
f 1626 1627 478
f 3729 3732 3731
f 3746 3749 3748
f 3770 3752 3750
f 426 389 419
f 1030 1193 1773
f 9350 645 634
f 534 1533 138
f 1125 1092 1042
f 333 228 88
f 569 1570 561
f 3691 3694 3693
f 1489 2656 871
f 1857 2624 620
f 1673 1674 9222
f 622 861 864
f 619 788 891
f 261 544 545
f 393 1555 1556
f 2658 2659 2647
f 1075 2658 2657
f 1081 1080 2658
f 1080 1139 2659
f 2644 2643 1141
f 2660 1141 1140
f 642 2660 1336
f 1193 2644 2660
f 679 678 555
f 3762 3765 3764
f 1503 1501 1500
f 1318 1317 1101
f 2661 2659 1139
f 2661 1142 2663
f 2662 2647 2659
f 2662 2663 2622
f 2664 2622 911
f 2648 2664 2646
f 2648 2647 2662
f 3586 3658 3779
f 2083 2094 2093
f 1442 1440 1437
f 3732 3734 3733
f 519 329 330
f 1885 2029 1209
f 799 800 805
f 1946 1943 1952
f 1302 1301 1253
f 3741 3738 3757
f 3660 3663 3662
f 566 2005 224
f 1389 940 928
f 683 682 681
f 836 835 1842
f 2665 1842 1845
f 2666 2665 1303
f 24 836 2665
f 831 1072 2650
f 1845 1844 1304
f 2010 2013 2012
f 1051 1936 2667
f 1522 1521 1511
f 531 440 441
f 1250 635 2625
f 2669 2625 1857
f 783 2669 1856
f 782 1250 2669
f 720 2670 2671
f 1055 1931 1930
f 1333 1067 1251
f 619 622 1308
f 652 655 2619
f 521 522 1539
f 1838 988 537
f 2672 537 536
f 1113 2672 2641
f 1113 527 1838
f 1016 1013 1351
f 9349 573 570
f 226 227 104
f 9008 9121 9279
f 1036 1037 1884
f 2674 1301 1304
f 2673 1304 1844
f 1334 2673 2675
f 1333 2674 2673
f 2676 702 1039
f 1843 2676 2675
f 942 1074 2676
f 1074 699 702
f 752 1057 1055
f 1200 1166 656
f 1120 1846 874
f 2677 874 877
f 1241 2677 1052
f 1119 1120 2677
f 1560 1513 151
f 1208 1316 611
f 215 735 736
f 1460 1459 1462
f 3717 3720 3719
f 1208 1207 1839
f 854 856 1282
f 3682 3697 3696
f 72 445 182
f 544 1563 1565
f 217 200 456
f 3673 3647 3781
f 2047 1404 930
f 1204 2618 1937
f 913 777 686
f 3705 3708 3707
f 840 527 1113
f 1531 729 730
f 2678 778 1283
f 601 667 1914
f 1537 1538 459
f 1819 1757 8953
f 991 1860 862
f 2679 711 1073
f 3776 3775 3581
f 2680 1830 983
f 779 2680 2256
f 778 2678 2680
f 2678 2679 1830
f 180 542 245
f 1886 1132 1131
f 3766 3768 3767
f 1138 1137 1274
f 3777 3778 3585
f 1841 598 1140
f 75 313 314
f 193 423 420
f 2681 2682 1099
f 3658 3586 3587
f 170 1567 1565
f 349 416 417
f 1121 1124 2684
f 547 797 409
f 123 122 121
f 2643 2663 1142
f 1542 1544 513
f 899 900 907
f 1210 677 676
f 791 663 982
f 24 27 837
f 893 896 932
f 1860 1320 863
f 535 538 862
f 3640 3684 3683
f 1569 1548 1547
f 181 455 542
f 660 659 937
f 2013 567 568
f 3781 3647 3644
f 887 890 2631
f 1524 1508 361
f 520 161 162
f 2653 855 854
f 1238 1237 2655
f 718 1838 527
f 1492 1493 518
f 792 616 615
f 599 846 1835
f 290 457 456
f 312 171 1552
f 1248 2687 1179
f 153 149 177
f 1240 1181 1222
f 1257 1292 1235
f 1291 1084 1083
f 1052 877 1277
f 743 742 2618
f 444 140 430
f 23 1224 1172
f 2687 2654 1180
f 102 103 409
f 1283 607 610
f 373 497 650
f 1180 2654 1084
f 855 2653 2655
f 1173 1270 1917
f 2689 850 853
f 2688 853 1108
f 2686 2688 1279
f 2687 2689 2688
f 2691 1302 1252
f 2690 1252 850
f 1248 2690 2689
f 1248 1247 2691
f 2692 617 24
f 2691 2692 2666
f 1247 1258 2692
f 1258 1168 617
f 394 1554 1555
f 2693 1260 1259
f 1072 1236 1262
f 1257 1071 1168
f 398 439 1555
f 871 1784 1314
f 1178 1232 1249
f 1224 1289 1173
f 1010 2617 2618
f 1175 1174 1292
f 2654 2687 2686
f 2694 1157 1216
f 71 418 1487
f 701 1112 1111
f 1072 1261 2649
f 1085 2695 22
f 895 2694 1264
f 1601 1606 1605
f 1259 1262 1271
f 21 20 1220
f 988 991 538
f 3533 3479 3535
f 598 597 1336
f 1050 860 818
f 1298 2645 1761
f 1168 1167 618
f 3629 3671 3670
f 858 1168 1256
f 39 242 516
f 2652 1761 819
f 313 316 315
f 2026 1970 1971
f 2656 1489 596
f 814 819 818
f 2696 2651 813
f 1260 2696 2649
f 2693 2697 2696
f 2697 1296 2651
f 381 355 390
f 9270 9271 1611
f 1475 1427 1428
f 1292 1174 1917
f 1551 353 354
f 1526 1525 1523
f 1593 1589 1595
f 1232 1269 1246
f 2695 2693 1223
f 2698 1297 1296
f 2698 2697 2693
f 2685 2698 2695
f 2685 854 1297
f 562 1497 271
f 2652 2651 1296
f 1365 1366 1364
f 1958 1946 1953
f 585 588 2210
f 1561 1560 1515
f 975 2648 1146
f 347 67 68
f 1038 1111 636
f 2700 781 780
f 2699 780 1036
f 2701 2699 1883
f 851 2700 2699
f 2674 1333 2251
f 2702 2251 781
f 1253 2702 2700
f 1301 2674 2702
f 1519 387 388
f 1273 1239 1280
f 2703 1280 1107
f 2701 2703 852
f 1829 1273 2703
f 91 260 326
f 1784 871 2656
f 2683 2684 2705
f 604 1894 8943
f 1669 8978 8992
f 2062 2063 2060
f 621 535 861
f 2023 731 732
f 686 779 1263
f 857 1051 2668
f 883 830 882
f 3648 3651 3650
f 637 636 1111
f 2668 894 893
f 3692 3712 3711
f 2667 921 894
f 1039 1038 1068
f 313 75 1504
f 1911 1972 305
f 1936 2706 1964
f 2707 2402 2401
f 2708 2707 2183
f 738 2163 2116
f 3785 3787 3709
f 2349 2348 2432
f 2711 2712 2020
f 2400 2711 2019
f 2714 2715 2716
f 2717 2718 2719
f 2721 2722 2723
f 2726 2727 2728
f 2725 2728 2730
f 2731 2725 2729
f 2732 2726 2725
f 2734 2735 2736
f 2738 2739 2740
f 2737 2740 2741
f 2744 2745 2746
f 2745 2744 2748
f 2749 2750 2747
f 2753 2749 2751
f 2250 1380 2246
f 3417 3420 3419
f 2754 1396 1614
f 9050 2754 2755
f 9060 2745 2747
f 1617 2756 2755
f 2242 2758 1620
f 3429 3432 3431
f 2191 2085 2760
f 2761 2759 2760
f 9100 2759 2761
f 9075 2191 2759
f 3209 3460 3354
f 1395 1394 2236
f 1395 2235 1636
f 3741 3791 3790
f 1616 1635 2229
f 3410 3413 3412
f 1617 2234 2763
f 2756 2763 9080
f 2765 2763 2234
f 2766 2764 9080
f 3202 3199 3458
f 1516 437 435
f 2768 2769 8996
f 1495 541 578
f 2135 2136 28
f 8970 8984 2773
f 1690 1689 9378
f 2778 2779 2780
f 2777 2780 2781
f 2784 2778 2777
f 8999 8965 575
f 1494 1904 9
f 8973 2016 2015
f 451 61 505
f 2786 2787 2788
f 2779 2786 2785
f 2789 2752 2741
f 2790 2753 2752
f 2792 2793 2794
f 2793 2795 2796
f 2796 2797 2750
f 2794 2796 2749
f 2798 1393 1396
f 9043 2798 2754
f 2798 2799 2800
f 9043 9114 2799
f 2797 2796 2795
f 2791 2794 2753
f 216 233 232
f 9256 2806 2807
f 9257 2809 2804
f 2769 2810 9001
f 183 185 184
f 2811 2812 2775
f 2804 2811 2776
f 2809 2813 2811
f 2812 2811 2813
f 9257 2808 2816
f 9248 2818 2815
f 9250 9252 2820
f 9245 2823 2819
f 2824 2736 2735
f 2823 2825 2824
f 2825 2823 2826
f 9245 2822 2827
f 9248 2817 2826
f 2713 2716 2829
f 2828 2829 2831
f 2822 2821 2828
f 2821 2820 2713
f 2832 2827 2822
f 2833 2832 2830
f 2834 2835 2832
f 2835 2818 2827
f 2837 2838 2839
f 2836 2839 2841
f 2842 2836 2840
f 2843 2837 2836
f 2840 2841 2845
f 2718 2844 2845
f 2730 2728 2844
f 2727 2840 2844
f 2846 2845 2841
f 2829 2846 2847
f 2847 2841 2839
f 2848 2839 2838
f 2833 2848 2849
f 2831 2847 2848
f 2850 2814 2851
f 2853 2850 2852
f 2783 2777 2782
f 2785 2788 2853
f 2780 2785 2856
f 2857 2858 2855
f 2859 2857 2782
f 2861 2843 2842
f 2860 2842 2727
f 2862 2860 2726
f 2863 2861 2860
f 2861 2863 2858
f 2843 2861 2857
f 2856 2853 2854
f 2781 2856 2864
f 2837 2843 2859
f 2838 2837 2864
f 2852 2851 2834
f 2854 2852 2849
f 2865 2815 2818
f 2851 2865 2835
f 2813 2809 2815
f 2814 2813 2865
f 2866 2812 2814
f 2788 2866 2850
f 2866 2788 2787
f 2812 2866 2867
f 1892 1889 1890
f 2720 2719 2846
f 298 299 256
f 2872 2714 2713
f 9246 9252 2735
f 2729 2730 2874
f 2846 2716 2715
f 2876 2877 2878
f 2733 2875 2878
f 9258 9259 2879
f 9258 2880 2872
f 2882 2883 2884
f 2881 2884 2715
f 2880 2881 2714
f 2879 2882 2881
f 2885 2886 2887
f 2888 2889 2890
f 2885 2890 2892
f 2893 2886 2885
f 1942 2151 2532
f 2895 2892 2720
f 2884 2895 2870
f 2883 2896 2895
f 2896 2891 2892
f 2889 2874 2717
f 2890 2717 2720
f 2897 2893 2891
f 2898 2897 2896
f 2899 2898 2883
f 2900 2899 2882
f 9249 2900 2879
f 2876 2902 2901
f 2901 2902 2904
f 1785 2656 1835
f 2905 2906 2899
f 2907 2908 2897
f 9249 2901 2903
f 632 576 577
f 8976 8991 2867
f 434 385 550
f 2768 2770 9092
f 2910 2911 1623
f 2241 2912 2758
f 9092 2770 2913
f 1623 2911 2757
f 9039 2242 2757
f 2229 1381 1380
f 2765 1630 1629
f 2915 2914 1629
f 9094 9093 2914
f 9093 9074 2765
f 2919 2916 9094
f 2918 2915 2912
f 9066 2918 2241
f 9070 2919 9065
f 8985 2177 2180
f 8965 2002 2188
f 3694 3626 3627
f 9157 9017 714
f 2925 2766 2917
f 2924 2917 2916
f 9062 2924 2919
f 9063 2925 2924
f 2926 2927 2766
f 9110 2926 2925
f 1715 1713 1705
f 785 497 498
f 1387 651 565
f 374 375 1899
f 9017 2203 2206
f 2929 2930 2886
f 2932 2933 2934
f 1905 1906 1908
f 2930 2935 2936
f 2938 2935 2930
f 1493 369 517
f 1603 1585 1586
f 2939 2938 2929
f 2940 2939 2908
f 9117 1707 1600
f 2886 2930 2937
f 2906 2907 2898
f 2908 2929 2893
f 2942 2934 2933
f 2941 2933 2937
f 8945 2941 2936
f 8942 2942 2941
f 2943 2944 2710
f 2943 2873 2874
f 2945 2943 2889
f 2946 2944 2943
f 2932 2945 2888
f 2931 2946 2945
f 727 1928 1929
f 2903 2904 2947
f 545 594 42
f 1480 1570 533
f 2907 2906 2949
f 2906 2905 2950
f 1558 452 215
f 9251 2903 2948
f 2054 1645 1644
f 9157 9136 2203
f 1828 1837 1849
f 2953 2954 2955
f 2952 2955 2957
f 2956 2261 2258
f 2953 2952 2258
f 2454 2455 2474
f 9199 2958 2959
f 9199 2132 2131
f 2961 2962 2963
f 2958 2963 2964
f 222 221 2485
f 2477 2226 2966
f 2631 2561 2006
f 2384 2454 2496
f 2967 2968 2959
f 2968 2967 2970
f 9211 2033 2971
f 9236 2971 2960
f 2972 2971 2033
f 2007 2377 2973
f 9004 9003 2134
f 1836 1833 1832
f 8950 2188 2090
f 955 810 959
f 672 675 674
f 633 710 713
f 2024 732 733
f 2025 2024 803
f 425 1552 1550
f 2975 2976 888
f 1319 1158 1157
f 1212 1935 2977
f 889 957 2228
f 1978 1974 1975
f 1138 1078 1329
f 751 665 2979
f 1619 1613 1625
f 2252 2255 1728
f 1157 1160 845
f 2706 1936 1938
f 2980 2255 2254
f 2982 2975 887
f 802 712 711
f 678 677 2029
f 527 840 690
f 1839 1207 2629
f 2983 2984 602
f 2983 1914 1913
f 2985 2983 1331
f 2986 2984 2983
f 2987 2637 2635
f 2985 2988 2639
f 2990 1319 1318
f 2991 2992 2993
f 2995 2991 2994
f 1106 1058 2991
f 1058 1057 2992
f 1415 1406 1365
f 1317 922 2217
f 1932 1728 2255
f 926 2998 2999
f 3001 2993 2992
f 3000 2992 1057
f 2999 3000 2978
f 2998 3001 3000
f 3002 2998 2209
f 3002 3003 2996
f 2993 3001 3002
f 1103 1106 2995
f 3004 2995 2996
f 2209 2210 3004
f 588 1103 3004
f 295 296 433
f 2638 2639 2988
f 3005 2988 1056
f 1305 3005 1930
f 1276 2638 3005
f 1987 1968 1993
f 2633 1762 1761
f 1423 1422 1417
f 9005 8961 739
f 2671 2670 2704
f 1473 1872 2035
f 922 1317 2694
f 1401 1400 1378
f 556 2028 1884
f 842 848 9277
f 1854 2706 2617
f 933 1082 1081
f 1440 1441 1436
f 529 657 719
f 1031 1025 1027
f 777 913 912
f 2645 1205 1204
f 441 438 1538
f 3771 3774 3773
f 790 1287 587
f 2065 2066 1610
f 1860 991 990
f 60 106 87
f 1424 1017 1948
f 332 1527 1507
f 261 262 138
f 187 188 449
f 1719 1720 1726
f 1931 1055 1059
f 3006 1059 1105
f 1287 3006 1104
f 1286 1931 3006
f 3007 3008 3009
f 3009 3008 653
f 618 999 26
f 2029 677 1210
f 957 601 600
f 1049 2146 2228
f 2631 890 3011
f 890 889 2227
f 3011 2227 2145
f 2561 3011 3012
f 1026 656 609
f 2706 1854 1961
f 3013 2965 2485
f 2148 2147 1267
f 3015 1267 1266
f 2997 2264 1101
f 642 641 1773
f 186 477 461
f 1041 1040 1320
f 1121 3016 3017
f 2984 2986 2987
f 3018 2987 2634
f 1048 603 3018
f 603 602 2984
f 2679 2678 801
f 2062 2072 2074
f 2061 2074 2076
f 414 303 1545
f 3016 1121 2683
f 3019 2683 2704
f 3020 3019 2670
f 3007 3016 3019
f 1871 1090 1091
f 3021 1787 1122
f 3022 3021 3017
f 1314 3021 3022
f 1784 1787 3021
f 1316 1315 1763
f 3023 3022 3010
f 3023 3009 795
f 1763 3023 1092
f 1315 3022 3023
f 3016 3007 3010
f 752 751 2978
f 2986 2639 2637
f 3024 654 653
f 3020 3024 3008
f 720 723 3024
f 723 2621 654
f 2681 1098 1268
f 2671 3025 1268
f 2705 2681 3025
f 1313 3026 3027
f 3026 3028 3029
f 3027 3029 3030
f 1311 3027 3031
f 2012 568 731
f 917 2657 974
f 3742 3745 3744
f 743 1206 856
f 1888 2027 2030
f 2682 2705 2684
f 3032 2684 1124
f 1100 3032 2989
f 1099 2682 3032
f 1123 2990 2989
f 3033 1834 1159
f 2990 3033 1158
f 1123 1786 3033
f 1786 1785 1834
f 1054 1056 2988
f 2979 665 664
f 2623 2622 2663
f 1095 660 688
f 3034 3035 2261
f 3036 3034 2956
f 3037 3038 3034
f 3038 3039 3035
f 3040 3041 3026
f 2263 3042 3041
f 3042 3039 3043
f 3041 3043 3028
f 3044 3045 3043
f 3046 3047 3045
f 3047 3048 3049
f 3043 3045 3049
f 3038 3037 3051
f 3050 3051 3053
f 3052 3046 3044
f 3039 3038 3050
f 3054 3035 3039
f 3042 2263 2262
f 2261 3035 3054
f 2216 2263 2997
f 2212 2211 2667
f 3056 868 2209
f 934 3057 1961
f 2013 9207 9209
f 3058 3059 3060
f 3059 3062 3063
f 3060 3063 2213
f 3061 3060 1963
f 3063 3064 2214
f 3062 3065 3064
f 3065 2257 2260
f 3064 2260 2215
f 3066 3067 3031
f 2608 2966 3067
f 2966 2562 3068
f 3031 3067 3068
f 2455 2458 2461
f 2476 2223 2226
f 8995 2090 2089
f 8970 2774 9221
f 433 354 355
f 2115 1423 1419
f 8953 2868 2922
f 9221 9189 2131
f 3069 2611 2167
f 2971 2972 2928
f 2961 2774 2773
f 3070 2475 2478
f 2610 2609 3071
f 2502 2371 2374
f 3072 2592 2595
f 2964 3046 3052
f 3048 2593 3074
f 2593 2592 3075
f 3075 3030 3029
f 3074 3029 3028
f 3072 3076 3075
f 3076 3072 2482
f 2481 2608 3066
f 3076 3066 3030
f 2967 3052 3053
f 2482 3072 3073
f 479 480 493
f 706 9352 9325
f 9005 2194 2221
f 2013 2010 9206
f 8977 2032 2016
f 9006 8963 2222
f 1171 1154 1155
f 3782 3644 3689
f 2586 2566 2565
f 2982 110 113
f 2562 2376 3077
f 2376 2375 3012
f 3012 2145 2148
f 3077 2148 3015
f 2963 3047 3046
f 3051 3078 2970
f 1683 2173 491
f 9302 2122 1447
f 1986 2181 9186
f 3079 3080 2546
f 3081 3079 2575
f 1983 1986 9220
f 3082 2323 2319
f 3080 3082 2545
f 9186 9184 3082
f 9184 9200 2323
f 1309 1471 1888
f 3073 2595 2772
f 2760 3083 3084
f 2760 2085 2088
f 3085 3084 3086
f 3089 3085 3090
f 3089 2762 3084
f 3092 3088 3090
f 3093 2748 2744
f 2751 2747 2748
f 3093 2741 2752
f 2742 2741 3093
f 3094 3093 2743
f 3096 3097 3098
f 3099 3096 3087
f 3097 3094 3095
f 3100 2743 2746
f 3101 2927 3102
f 2764 2766 2927
f 2745 2764 3101
f 3102 3092 3091
f 3100 3091 3095
f 2869 2802 9044
f 3102 3103 3104
f 9110 2868 2869
f 2927 2926 3103
f 3098 3095 3091
f 3087 3098 3090
f 2088 2125 3105
f 3083 3105 3086
f 2483 3073 2771
f 2401 2186 2185
f 3099 3086 3105
f 2125 2207 3106
f 3108 2737 2742
f 3107 2742 3094
f 3110 3108 3107
f 3109 3107 3097
f 3111 3109 3096
f 3112 3110 3109
f 3113 2738 2737
f 3115 2723 2722
f 3117 3115 3114
f 3119 3117 3116
f 3118 3116 3120
f 3116 3114 3113
f 3122 3112 3111
f 3122 3123 1755
f 3124 3125 3126
f 3125 3118 3121
f 3128 3119 3118
f 3129 3128 3125
f 2020 2712 3128
f 9305 9309 1346
f 1065 1046 1047
f 1814 9290 9282
f 2021 2020 3129
f 3111 3099 3106
f 3123 3106 2207
f 2377 2225 2224
f 3014 2485 113
f 1756 2208 9234
f 3131 3132 2530
f 3133 3131 2528
f 1753 1756 9219
f 3134 3124 3127
f 2327 2408 2314
f 2436 2318 2317
f 2018 2021 9163
f 2534 3136 3137
f 2320 2322 3136
f 2185 2018 9164
f 3138 3139 2542
f 3134 3135 9196
f 9237 3130 3134
f 3140 3138 2539
f 2535 3137 3140
f 9163 2021 3130
f 2558 2530 3132
f 9234 9212 3141
f 2560 2558 3141
f 9212 9229 3142
f 958 888 2976
f 1933 1932 2980
f 3714 3704 3729
f 2399 2424 2418
f 2348 2342 2343
f 2322 2320 2319
f 2718 2717 2874
f 2709 2729 2873
f 2894 2871 1361
f 3788 3789 3720
f 346 289 176
f 1876 1877 1882
f 2802 2803 9059
f 3104 3144 3088
f 2974 2222 9101
f 3089 3145 2761
f 3088 3144 3145
f 2803 2974 9055
f 9322 9361 692
f 2123 1419 1418
f 1365 1363 1368
f 3346 3345 3344
f 1581 1766 1782
f 9013 2202 2129
f 8999 2003 2002
f 3146 2585 2551
f 9203 3146 3147
f 9194 3149 3146
f 3149 2584 2585
f 3196 3198 3197
f 9056 2192 2191
f 3142 3150 2556
f 9229 9230 3150
f 9098 3152 2550
f 3150 3151 2555
f 9230 9232 3151
f 9240 9233 3152
f 3153 3147 2551
f 3152 3153 2549
f 9233 9228 3153
f 9228 9202 3147
f 3148 2767 2206
f 2183 2401 2321
f 2132 2960 2928
f 3299 3300 3321
f 9136 9137 2204
f 9171 2198 2197
f 2594 2962 2773
f 2595 2594 2951
f 1870 798 799
f 3257 3260 3259
f 9165 2179 2178
f 9158 2178 9188
f 336 3154 9226
f 339 3155 3154
f 9241 9135 3149
f 9135 9149 2584
f 2963 2962 3048
f 9174 9182 337
f 339 338 2566
f 3156 3157 2168
f 2610 3156 2167
f 2954 2953 3156
f 3157 3156 2953
f 9159 2166 2169
f 2567 3158 3159
f 337 3158 2567
f 9182 3069 2166
f 9216 2190 1983
f 2579 3160 3081
f 2568 3159 3160
f 9161 2169 2190
f 3065 3062 3162
f 3161 3162 1984
f 3157 3161 2189
f 2257 3065 3161
f 734 735 1922
f 3059 3058 2708
f 3163 2708 2182
f 3162 3163 1985
f 3062 3059 3163
f 3203 3206 3205
f 3806 3809 3808
f 2122 2119 1448
f 9269 1686 1685
f 139 140 444
f 1570 569 566
f 2957 3164 3165
f 2955 3166 3164
f 1912 454 341
f 3130 3129 3124
f 1548 322 319
f 1949 1950 1327
f 2969 2970 3078
f 3167 3078 3169
f 9176 2014 2017
f 9172 2017 2033
f 3168 3169 3165
f 3170 3165 3164
f 9231 3170 3171
f 9176 3168 3170
f 3171 3164 3166
f 3172 3166 3071
f 9204 3172 3173
f 9208 3171 3172
f 3169 3037 3036
f 2593 3048 2962
f 3173 3071 2609
f 3174 2609 2199
f 9235 3174 2198
f 9201 3173 3174
f 2190 2189 1984
f 2196 2195 2767
f 3326 3329 3328
f 2119 2120 1414
f 1464 1463 1466
f 2199 2611 3069
f 2457 2456 2587
f 2226 2225 2562
f 481 478 1627
f 333 1512 235
f 3078 3051 3037
f 3040 2264 2997
f 3351 3352 3262
f 2219 1934 1933
f 2385 2384 2497
f 221 2220 3175
f 2220 1933 3143
f 3175 3143 2976
f 2484 3175 2975
f 2954 3071 3166
f 2630 1858 110
f 1547 319 1952
f 2091 2090 2188
f 9185 9188 2178
f 1918 1919 1927
f 9007 112 111
f 3398 3401 3400
f 955 956 960
f 2037 3014 112
f 3143 2980 2981
f 2218 2211 2214
f 672 9329 9239
f 2152 3013 3014
f 1147 1144 1143
f 2248 2246 1409
f 1615 1636 1635
f 1410 1409 2246
f 3486 3488 3487
f 3468 3469 3502
f 3451 3453 3452
f 1382 3176 3177
f 3177 1410 2247
f 2247 1383 3177
f 3176 2238 2230
f 1410 3177 3179
f 3179 3180 2243
f 1633 3181 2800
f 3816 3818 3817
f 1621 1620 2758
f 3642 3801 3662
f 3422 3421 3260
f 1622 1621 2245
f 2236 1394 3181
f 3793 3796 3795
f 3493 3496 3495
f 2237 2236 3182
f 3513 3516 3515
f 2250 1631 2233
f 3654 3666 3667
f 2912 1629 1628
f 3819 3822 3821
f 3432 3824 3823
f 135 136 1564
f 1567 419 512
f 1085 1084 2653
f 3184 869 868
f 869 3184 3057
f 3389 3388 3387
f 1266 1268 1098
f 1267 2147 722
f 937 1146 2646
f 2146 1049 722
f 2211 2218 921
f 1957 510 507
f 1313 1312 2264
f 1496 362 1493
f 2887 2937 2933
f 1687 1688 1659
f 145 1499 1498
f 3831 3829 3830
f 37 38 418
f 1935 1934 3185
f 104 89 301
f 2101 2098 2083
f 543 298 360
f 1934 2219 3186
f 234 1521 212
f 9297 9273 1822
f 3825 3828 3827
f 1976 1875 1874
f 223 3186 2219
f 9107 9108 9057
f 2165 2164 467
f 467 468 2165
f 773 476 2165
f 3673 3658 3659
f 1935 1212 1728
f 3490 3491 3840
f 3362 3359 3848
f 3862 3865 3864
f 3465 3466 3484
f 3893 3894 3525
f 3352 3351 3430
f 3869 3872 3871
f 3529 3530 3567
f 3420 3417 3922
f 3304 3235 3236
f 3929 3932 3931
f 3324 3326 3327
f 3219 3937 3939
f 3220 3938 3937
f 3450 3375 3376
f 3942 3832 3833
f 3215 3216 3454
f 3946 3332 3215
f 3422 3949 3948
f 3950 3457 3198
f 3205 3206 3957
f 3261 3962 3961
f 3852 3853 3964
f 3214 3211 3946
f 3965 3213 3214
f 3797 3800 3799
f 3988 3991 3990
f 3777 3779 3806
f 3855 3858 3447
f 3737 3799 3800
f 3949 3953 3952
f 3651 3782 3783
f 4001 3784 3787
f 4019 4022 4021
f 4027 4030 4029
f 3258 3259 4030
f 4033 4036 4035
f 3424 3425 4047
f 3242 3243 4058
f 3970 3489 3547
f 3829 3242 4057
f 3333 3332 3947
f 4063 4068 4065
f 4073 4076 4075
f 3568 3456 3443
f 3981 3334 3335
f 3540 3915 3862
f 4078 4079 4031
f 3565 3566 4088
f 3442 3455 4089
f 4092 4095 4094
f 4093 4094 4097
f 3619 3620 3623
f 3660 4098 3821
f 3809 3648 3649
f 3610 3652 3655
f 3656 3622 3623
f 3621 3803 3804
f 3503 3480 3481
f 3436 3439 3438
f 3356 3428 3427
f 3628 3670 3669
f 3734 3811 4002
f 3276 3273 3370
f 3763 4106 4107
f 4006 4007 3754
f 3747 3751 3752
f 3863 3864 4110
f 3994 3891 4003
f 3653 3801 3664
f 3296 4116 4115
f 4117 4120 4119
f 3249 3252 3251
f 4127 4130 4129
f 3478 3575 3903
f 3410 4136 3921
f 3977 4061 4038
f 3216 3452 3453
f 3967 3547 3548
f 4140 4078 4032
f 3509 4086 4149
f 4151 4152 3659
f 4153 4152 3656
f 4153 4154 3646
f 4156 3688 3645
f 4139 4077 4078
f 3743 3744 4163
f 3861 3918 3987
f 3468 4066 4067
f 3306 3981 3980
f 4172 4173 4010
f 4169 4170 3836
f 4187 4190 4189
f 4213 4216 4215
f 4220 4223 4222
f 4225 4226 4211
f 4230 4233 4232
f 4240 4243 4242
f 3606 3609 3608
f 4250 4253 4252
f 4258 4261 4260
f 4077 4080 4079
f 4276 4279 4278
f 4308 4262 4263
f 4017 4018 3872
f 3196 3193 3951
f 4316 4317 4270
f 3870 4306 4307
f 4324 4327 4326
f 4333 4334 4247
f 4338 4341 4340
f 4348 4351 4350
f 4283 4284 4289
f 4356 4359 4358
f 4359 4019 4020
f 4362 4363 4196
f 4320 4364 4279
f 4370 4372 4296
f 4377 4253 4303
f 4231 4232 4201
f 4203 4212 4331
f 4037 4040 4039
f 4371 4265 4386
f 4387 4346 4347
f 3309 3293 3294
f 4099 3723 3724
f 4355 3422 3257
f 3630 3680 3693
f 4277 4278 4302
f 4350 4318 4319
f 4353 4354 4351
f 3637 3634 3639
f 4394 4395 3827
f 3311 3312 4399
f 3755 3708 4005
f 4363 4362 4259
f 3454 3453 3919
f 3446 3447 3459
f 4298 4299 4404
f 3749 3746 3769
f 3791 3741 3756
f 3643 3685 3684
f 3845 3846 3399
f 4313 3257 3258
f 4411 4413 4408
f 3843 4424 4423
f 4214 4215 4329
f 4431 4434 4433
f 3918 3861 3798
f 3927 3928 3388
f 4453 3893 3874
f 4138 4458 4457
f 3346 4460 4459
f 4100 4109 4108
f 3974 3977 3976
f 3665 3655 3652
f 3773 3565 3993
f 3945 3454 3920
f 4144 4463 4462
f 4464 4467 4466
f 3268 4142 4479
f 4484 3921 4136
f 3348 3914 4487
f 3313 3314 3912
f 3803 3621 3617
f 4086 3509 3510
f 4034 3304 3305
f 3403 3404 4171
f 4481 4482 4492
f 4177 4180 4179
f 4398 4170 3923
f 4451 4493 4494
f 4501 4075 4076
f 4509 4510 4506
f 3304 4034 4462
f 4485 4399 3312
f 3419 4488 3349
f 4356 4345 4385
f 4026 4354 4358
f 4354 4353 4357
f 3599 3596 4091
f 4341 4338 4254
f 4251 4252 4524
f 3482 3485 3484
f 3843 3543 3544
f 4295 4341 4274
f 4381 4530 4206
f 4204 4205 4531
f 4533 4536 4535
f 4542 4545 4544
f 4546 4549 4548
f 4573 4574 4547
f 4575 4578 4577
f 4221 4581 4580
f 4587 4590 4589
f 4328 4592 4589
f 4187 4565 4563
f 4595 4583 4593
f 4597 4605 4604
f 4609 4608 4611
f 4620 4623 4622
f 4612 4615 4614
f 4636 4638 4600
f 4649 4651 4650
f 4652 4655 4654
f 4662 4665 4664
f 4666 4669 4668
f 4637 4639 4685
f 4627 4701 4700
f 4684 4686 4636
f 4663 4689 4661
f 4699 4698 4697
f 4647 4648 4703
f 4709 4711 4603
f 4724 4633 4726
f 4742 4745 4744
f 3311 3923 3924
f 4698 4759 4758
f 4749 4765 4609
f 4342 4345 4344
f 4797 4800 4799
f 4490 4048 3974
f 4019 4359 4306
f 4512 3955 4514
f 3991 3988 4508
f 4692 4695 4694
f 4680 4681 4818
f 4821 4822 4824
f 4367 4239 4243
f 4833 4832 4831
f 4837 4744 4757
f 4332 4563 4562
f 4683 4835 4819
f 4845 4843 4850
f 4751 4753 4752
f 4854 4855 4695
f 4858 4719 4718
f 4822 4559 4859
f 4674 4646 4647
f 4771 4774 4773
f 4726 4727 4537
f 4714 4718 4719
f 4633 4634 4688
f 4616 4619 4618
f 4686 4684 4842
f 4869 4707 4708
f 3502 3868 3528
f 4777 4660 4737
f 4734 4732 4779
f 4883 4755 4663
f 4375 4294 4274
f 4290 4343 4335
f 4816 4815 4812
f 4778 4779 4732
f 4158 3710 4160
f 4195 4198 4197
f 3860 3861 4166
f 3758 3759 3763
f 3694 3691 4157
f 4249 4248 4391
f 3467 3470 3469
f 4209 4212 4211
f 4142 3268 4144
f 3615 3614 3617
f 3479 3480 3536
f 4883 4753 4672
f 4802 4801 4642
f 3698 3637 3638
f 4105 3725 3726
f 4848 4645 4896
f 4878 4877 4744
f 4610 4874 4748
f 4036 3403 4489
f 4355 4313 4314
f 4171 4141 4049
f 3875 3452 3216
f 4868 4865 4863
f 4623 4900 4691
f 3629 3626 4155
f 4654 4887 4898
f 4012 4015 4014
f 4902 4903 4866
f 4768 4769 4908
f 4370 4386 4385
f 4888 4860 4914
f 3546 3543 3917
f 4932 4926 4931
f 3625 3622 4151
f 3804 3669 3670
f 3816 4104 4103
f 4911 4898 4887
f 4928 4930 4927
f 4925 4929 4927
f 3655 3665 3666
f 4932 4919 4910
f 4937 4923 4912
f 4939 4938 4942
f 4228 4529 4530
f 4946 4945 4942
f 4938 4922 4923
f 4942 4938 4937
f 4951 4950 4930
f 4955 4951 4928
f 4748 4750 4615
f 4914 4860 4847
f 4824 4859 4584
f 4940 4939 4941
f 4916 4961 4960
f 4909 4907 4891
f 4971 4967 4968
f 4966 4970 4948
f 4962 4952 4953
f 4940 4935 4924
f 4831 4916 4917
f 4935 4936 4925
f 4275 4255 4261
f 4679 4758 4791
f 4016 4309 4373
f 4668 4764 4766
f 4539 4537 4727
f 4929 4925 4936
f 4775 4776 4801
f 4801 4776 4742
f 4732 4734 4611
f 4985 4984 4983
f 4534 4586 4562
f 4847 4644 4645
f 4788 4787 4619
f 4787 4788 4678
f 4657 4606 4605
f 4994 4996 4878
f 5006 5009 5008
f 5001 5003 4973
f 4814 4618 4619
f 5014 4989 4974
f 5003 5002 4972
f 5019 5006 5007
f 5024 5016 5017
f 5036 5037 5035
f 4990 5019 4975
f 5045 5033 5034
f 5048 5049 5034
f 5025 5017 5014
f 5046 5038 5043
f 5051 5052 5055
f 5044 5050 5060
f 5011 4981 5021
f 5013 5069 5068
f 5028 5073 5072
f 5077 5074 5064
f 5065 5080 5079
f 5083 5079 5080
f 5063 5067 5080
f 5054 5055 5071
f 4602 4603 4711
f 5058 5082 5083
f 4982 4983 4792
f 5041 5033 5045
f 3909 3911 3278
f 3471 3474 3473
f 5002 5003 4994
f 5060 5080 5067
f 4892 4861 4862
f 4891 4813 4884
f 4996 4994 5003
f 4997 5015 5005
f 4813 4617 4614
f 4618 4814 4827
f 5089 5090 5093
f 3303 3306 3305
f 5100 5103 5102
f 5107 5110 5109
f 5110 5115 5092
f 4610 4611 4734
f 5112 5103 5100
f 5088 5091 5090
f 5119 5118 5117
f 5092 5115 5096
f 3826 3830 3829
f 5108 5109 5102
f 5100 5130 5087
f 5118 5131 5133
f 3783 3689 3690
f 4444 4447 4446
f 5151 5153 5150
f 4790 4616 4617
f 4332 4182 4190
f 3266 3267 4451
f 3211 3947 3332
f 4741 4796 4760
f 4775 4778 4777
f 4764 4665 4691
f 4489 4171 4048
f 4466 4477 4511
f 4518 3936 3930
f 4786 4787 4791
f 4980 5005 4984
f 5144 5152 5150
f 5159 5146 5148
f 5121 5119 5120
f 5169 5164 5162
f 5016 4978 4979
f 5123 5180 5179
f 5181 5180 5140
f 5175 5185 5184
f 4575 4581 4586
f 4984 4985 4976
f 4596 4599 4598
f 5182 5181 5183
f 4785 4619 4787
f 5137 5124 5122
f 5167 5179 5180
f 4835 4683 4898
f 4687 4727 4726
f 4176 3836 4170
f 4760 4761 4655
f 4681 4680 4649
f 5121 5093 5132
f 5171 5191 5178
f 5174 5178 5191
f 5169 5193 5194
f 4909 5094 5095
f 5105 5104 5112
f 4767 5108 5126
f 5201 5202 5205
f 5219 5218 5217
f 5229 5214 5200
f 5234 5237 5236
f 4069 4072 4071
f 4724 4725 4717
f 5108 4767 4768
f 5103 5195 5126
f 5227 5218 5211
f 5015 4997 4884
f 4997 4998 4892
f 5197 5198 5215
f 5241 5199 5247
f 5013 4975 5019
f 5205 5239 5232
f 4969 4967 4971
f 5239 5205 5249
f 4808 5243 5225
f 5216 5247 5199
f 5253 5245 5242
f 5235 5236 5255
f 5135 5148 5157
f 5264 5260 5267
f 5245 5203 5215
f 5260 5261 5269
f 5264 5266 5274
f 5154 5153 5173
f 5287 5272 5278
f 5256 5301 5300
f 5173 5174 5176
f 4631 4630 4629
f 4781 4784 4783
f 5309 5307 5311
f 5155 5156 5144
f 4826 4828 4827
f 5291 5295 5308
f 5310 5311 5281
f 5311 5307 5308
f 4036 4033 4176
f 4641 4716 4704
f 5220 5224 4804
f 4770 5206 5207
f 5188 5185 5175
f 5180 5123 5129
f 4626 4700 5314
f 4731 4728 5315
f 5222 5213 5210
f 4728 4882 5316
f 5230 5219 5216
f 5297 5296 5240
f 5204 5233 5208
f 5318 4868 4864
f 5273 5272 5287
f 5221 5210 5219
f 4700 4902 5321
f 5313 5314 5328
f 5157 5149 5154
f 5275 5276 5263
f 5324 5322 5318
f 5323 5332 5331
f 5343 5334 5345
f 5306 5310 5286
f 5278 5281 5311
f 4882 4625 5320
f 5109 5110 5114
f 5123 5087 5130
f 5299 5283 5284
f 5240 5198 5199
f 5229 5231 5197
f 5305 5302 5292
f 5233 5228 5225
f 5192 5190 5194
f 5104 5105 4670
f 5146 5159 5160
f 5337 5340 5347
f 5347 5340 5341
f 5353 5346 5335
f 5349 5355 5354
f 5355 5358 5357
f 5358 5355 5360
f 5355 5349 5348
f 5342 5366 5365
f 5345 5346 5362
f 5332 5364 5367
f 5372 5371 5315
f 5370 5365 5366
f 5361 5356 5354
f 5364 5365 5368
f 5369 5344 5362
f 5316 5320 5330
f 5373 5359 5371
f 5341 5342 5364
f 5374 5358 5359
f 5329 5376 5375
f 5377 5380 5379
f 5377 5376 5331
f 5380 5377 5367
f 5363 5383 5370
f 5357 5358 5374
f 5381 5385 5361
f 4814 4815 4825
f 4825 4815 4816
f 4806 4746 4747
f 5119 5121 5131
f 4696 4697 4893
f 4696 5389 5390
f 5213 5222 5388
f 5393 5389 5388
f 5380 5382 5384
f 5213 5387 4893
f 4813 4891 4908
f 5390 5392 4693
f 5294 5289 5287
f 5184 5185 5186
f 5285 5275 5253
f 4769 4789 4790
f 5327 5371 5359
f 4598 4621 4690
f 4608 4606 4733
f 4627 4624 4609
f 4596 4604 4851
f 4900 4623 4706
f 4668 4795 5395
f 4863 4865 4639
f 5392 5393 4666
f 4872 4650 4651
f 4807 4791 4758
f 5348 5338 5325
f 5176 5191 5190
f 5046 5031 5022
f 4853 4852 4869
f 5346 5353 5363
f 4709 4880 4620
f 4672 4673 4904
f 4680 4811 4651
f 4841 4844 4688
f 4823 4817 4818
f 4729 4730 4602
f 4881 4729 4851
f 5360 5348 5326
f 4852 4900 4707
f 4890 4751 4669
f 5392 5390 5389
f 5189 5182 5186
f 4881 4604 4605
f 5343 5344 5369
f 4607 4624 4625
f 5056 5055 5052
f 4850 4797 4798
f 3260 5399 5398
f 4855 4736 4899
f 5339 5343 5366
f 4789 4905 4808
f 5400 4040 3948
f 3872 3424 4046
f 4018 3423 3424
f 4025 4523 4172
f 4011 4023 4024
f 4065 4068 3900
f 3413 4012 4013
f 5056 5068 5069
f 5055 5056 5070
f 4062 5398 5399
f 5269 5289 5294
f 4685 4866 4903
f 5254 5242 5240
f 4606 4657 4658
f 4729 4881 4882
f 4030 4041 4043
f 4664 4752 4753
f 3575 3483 3904
f 3413 3410 3922
f 4949 4968 4955
f 4947 4937 4913
f 4849 4850 4894
f 4143 3974 3975
f 4912 4923 4932
f 3774 3771 3995
f 3956 3954 3342
f 4871 4872 4758
f 4270 4273 4272
f 4039 4040 5400
f 3555 3969 5402
f 5403 5404 3906
f 3908 4126 3823
f 4124 4121 5408
f 3901 3902 4046
f 4120 4117 5410
f 4124 3962 4125
f 5420 3906 5404
f 5424 4059 5425
f 3400 5429 5428
f 5432 5433 5435
f 4941 4942 4945
f 4935 4940 4949
f 3895 3898 3897
f 5426 5408 4121
f 5430 3905 3906
f 4045 4041 5398
f 5395 4693 5392
f 4846 4903 4701
f 4880 4709 4710
f 4624 4607 4608
f 4656 4690 4662
f 5305 5307 5309
f 5220 5223 5222
f 4230 4223 4327
f 5030 5073 5028
f 5213 5212 5211
f 5440 3272 3269
f 4396 4397 3980
f 5447 5448 3244
f 3328 3330 5451
f 4208 4391 4248
f 4599 4620 4621
f 4528 4339 4391
f 4529 4228 4199
f 4526 4338 4339
f 4256 4235 5452
f 4532 5452 4241
f 3834 4400 5446
f 5443 5445 5444
f 4530 4247 4334
f 4754 4886 4904
f 4229 4228 4381
f 4205 4382 4383
f 4892 4998 4987
f 4039 4032 3976
f 4738 4780 4796
f 4833 4835 4897
f 4232 4527 4200
f 4194 4240 4241
f 4889 4794 4750
f 4194 4191 4365
f 4531 4383 4195
f 5043 5042 5062
f 4182 4332 4561
f 5446 5447 3241
f 5237 5239 5248
f 4206 4334 4382
f 5210 5211 5218
f 3426 3922 3417
f 4216 4191 4192
f 4219 4210 4184
f 4180 4561 4380
f 4327 4595 4591
f 4223 4230 4231
f 4215 4192 4360
f 4186 4568 4218
f 4190 4330 4209
f 4223 4220 4595
f 4326 4591 4328
f 4366 4389 4568
f 4570 4548 4549
f 4579 4573 4548
f 4563 5453 4533
f 4583 4595 4220
f 4586 4380 4561
f 4239 4196 4363
f 4572 4571 4567
f 4536 4539 4585
f 4538 5453 4566
f 4536 4533 5453
f 3573 3986 3983
f 5427 3963 3552
f 4553 4587 4588
f 4593 4554 4555
f 4368 4365 4183
f 4361 5452 4235
f 4233 4369 4527
f 4233 4230 4324
f 4212 4209 4330
f 4237 4324 4325
f 4193 4241 5452
f 4983 5015 4885
f 5002 4995 4986
f 5074 5077 5076
f 4698 4699 5391
f 5391 4699 5390
f 4871 4899 4650
f 4546 4857 4543
f 4553 4550 4901
f 4552 4588 4555
f 5223 4804 4805
f 5386 5382 5383
f 5317 5315 5371
f 3240 3237 4429
f 5384 5385 5381
f 3938 3217 3218
f 3942 3943 5455
f 5361 5385 5386
f 4542 4540 4541
f 3910 5430 5420
f 3939 3333 4060
f 3851 5350 5351
f 3838 5427 3556
f 4547 4858 4857
f 5442 5443 4050
f 3385 3874 5428
f 4257 4234 4235
f 5312 5212 4893
f 4212 4203 4204
f 3854 3849 5461
f 4226 4184 4210
f 4202 4177 4178
f 3316 3983 3897
f 5464 5465 4432
f 5465 5466 3883
f 4472 4469 4449
f 4501 4472 4450
f 4074 4075 4080
f 5473 5474 5401
f 4173 4172 5475
f 3432 3429 3520
f 3462 5505 5504
f 4075 4501 4494
f 5482 5481 3387
f 5468 5471 5470
f 3427 5421 5422
f 4498 4499 4487
f 5403 3824 5414
f 3382 5523 5522
f 3492 5512 5511
f 3429 3434 3517
f 3873 5522 5524
f 5480 5479 3350
f 3477 5508 5505
f 4507 4508 5544
f 4396 5550 5551
f 3374 5552 5553
f 3373 5553 5554
f 5479 4521 4063
f 3390 5554 5555
f 5531 5525 5566
f 3368 5568 5567
f 5556 5557 5560
f 3393 5555 5557
f 4433 3364 5463
f 5464 5463 5458
f 4435 4437 4439
f 4055 4393 3277
f 3273 3278 3911
f 3395 3357 3358
f 5486 3894 4071
f 5526 4455 4453
f 5525 5570 5569
f 5568 3526 3527
f 3527 3362 3847
f 3365 5461 3849
f 5462 3849 3850
f 4435 4436 5571
f 3378 3379 3943
f 5573 5578 5577
f 4438 5455 3943
f 5477 5574 5579
f 5582 5581 5580
f 5583 5580 5581
f 5586 5585 5588
f 4074 5472 5586
f 5583 5585 5474
f 4507 5589 5590
f 5573 5478 4522
f 3989 5595 5596
f 5594 3406 3407
f 4436 3381 5572
f 5591 3990 3991
f 4507 4475 4476
f 3990 5591 5587
f 5578 3409 3406
f 5595 3989 5584
f 5484 3394 3358
f 4441 4442 5467
f 5472 4074 4077
f 5522 5599 5570
f 5486 3358 3353
f 5481 4498 3386
f 3475 5506 5492
f 5476 4523 3899
f 5540 5541 5606
f 5542 5540 5603
f 5608 5543 5542
f 5608 5607 5545
f 5607 5603 5609
f 5599 5600 5548
f 5598 5592 5543
f 5595 5594 5593
f 5588 5584 3989
f 5626 3265 3266
f 5627 3266 4448
f 5469 4449 4469
f 4515 4517 5625
f 4503 4473 4474
f 4481 5626 5627
f 4500 5628 5469
f 3414 4468 5466
f 5594 5595 5581
f 3376 3377 4430
f 3444 3944 3941
f 5572 3944 3444
f 4273 4286 4287
f 4345 4356 4357
f 4386 4304 4305
f 4517 4462 4463
f 4352 4349 4319
f 4352 4250 4251
f 4268 4277 4390
f 4264 5629 4320
f 4346 4387 4282
f 4337 4335 4343
f 4289 4244 4245
f 4303 4378 4287
f 4343 4290 4291
f 4284 4333 4244
f 4375 4519 4291
f 4379 4319 4271
f 4337 4353 4348
f 4524 4525 4295
f 4364 4362 4197
f 4285 4282 4390
f 5206 5209 5208
f 4297 5629 4371
f 4346 4283 4286
f 4285 4300 4333
f 3571 3572 4395
f 5341 5340 5339
f 5346 5345 5334
f 5269 5261 5273
f 4510 4509 5609
f 4509 4474 5545
f 4445 4446 5611
f 5566 5569 5568
f 5349 5336 5338
f 5489 5490 3401
f 5565 5566 3368
f 5496 5497 5417
f 5523 3382 3383
f 5325 5338 5347
f 5523 5600 5599
f 5429 3400 3401
f 3887 5632 5631
f 5634 5613 5600
f 5276 5280 5279
f 5298 5297 5257
f 5087 5086 5085
f 3361 3526 5612
f 5041 5061 5066
f 5487 5488 3383
f 5101 5116 5130
f 5299 5298 5300
f 5333 5336 5335
f 5302 5305 5304
f 5234 5247 5216
f 5301 5256 5255
f 4868 5318 5322
f 5281 5278 5277
f 5323 5321 5322
f 5298 5284 5296
f 4885 4829 4750
f 5231 5230 5196
f 4625 4626 5313
f 5111 5113 5085
f 5600 5613 5549
f 5531 5564 5563
f 5165 5166 5182
f 5283 5280 5285
f 4269 4276 4277
f 5610 5609 5603
f 5127 5090 5091
f 4907 5095 5125
f 5277 5278 5272
f 5596 5593 5592
f 5212 5312 5226
f 5273 5261 5262
f 5302 5301 5258
f 5635 5646 5645
f 4250 4352 4379
f 4485 4136 3405
f 4354 4026 4023
f 4265 4262 4304
f 4388 4390 4282
f 4345 4342 4384
f 4362 4364 4297
f 4836 4765 4612
f 4360 4361 4236
f 4369 4233 4237
f 5647 5636 3986
f 5650 3965 3192
f 5337 5338 5336
f 4467 4478 4477
f 4253 4377 4340
f 4429 3416 5457
f 3997 4133 3915
f 5535 3856 3839
f 5538 5541 4460
f 3439 3376 5571
f 5570 5525 5526
f 3438 5571 5572
f 4440 4468 3879
f 3440 5665 4407
f 3886 5685 5695
f 5534 5529 5396
f 5685 3886 3471
f 4278 4198 4301
f 5628 4448 4449
f 3579 3537 3538
f 4480 5627 5628
f 4402 5499 5517
f 4279 4197 4198
f 3603 3534 3532
f 3580 3594 4088
f 4095 3530 3531
f 5248 5249 5251
f 3778 3819 3999
f 4617 4618 4613
f 4375 4275 4372
f 3411 3405 4136
f 5094 5106 5111
f 3602 3532 3535
f 4023 4011 4350
f 4349 4352 4336
f 3605 3535 3536
f 4469 4472 4471
f 4094 3531 3593
f 4248 4249 4245
f 3519 5521 5518
f 5254 5296 5284
f 4852 4853 4795
f 4265 4371 5629
f 5632 5499 5503
f 3604 3611 3612
f 5549 5501 5502
f 3653 3606 3607
f 4780 4738 4873
f 4988 4989 4979
f 4491 5625 5626
f 4837 4904 4995
f 4615 4612 4765
f 5468 4469 4470
f 3514 3470 3467
f 5491 5680 4409
f 4093 3618 3619
f 4364 4320 5629
f 3488 5510 5509
f 5606 5539 5611
f 4210 4219 4189
f 4600 4603 4602
f 5242 5215 5198
f 5073 5074 5075
f 5651 5657 3940
f 3996 3541 3775
f 5200 5203 5202
f 5525 5531 5527
f 3364 4433 4434
f 3775 3541 3542
f 3941 3833 5485
f 3731 3706 4105
f 4997 5000 4999
f 4508 5598 5608
f 4101 4099 3818
f 3728 4109 4103
f 4591 4593 4592
f 4539 4536 4538
f 4550 4553 4552
f 4541 4566 4567
f 4389 4579 4570
f 4582 4583 4580
f 4976 4979 4978
f 4705 4708 4707
f 4797 4850 4843
f 3713 3729 3730
f 4675 4647 4702
f 4977 4978 4981
f 4810 4818 4817
f 4786 4811 4812
f 4715 4631 4628
f 4978 5016 5021
f 5010 5009 5006
f 3722 3743 4162
f 4558 4557 4560
f 4568 4570 4569
f 4584 4578 4535
f 4641 4631 4715
f 5026 5014 5012
f 4776 4777 4745
f 4714 4628 4712
f 4982 4996 5001
f 4576 4577 4560
f 4564 4567 4566
f 5069 5013 5018
f 5057 5052 5048
f 4810 4812 4811
f 3710 4158 3786
f 4991 4992 4999
f 5011 5009 5010
f 5008 5020 5022
f 5066 5067 5063
f 5047 5037 5024
f 5050 5049 5051
f 5023 5021 5016
f 5045 5044 5059
f 5047 5025 5026
f 3711 3712 3724
f 5048 5035 5037
f 5042 5040 5063
f 5058 5053 5051
f 5036 5038 5046
f 3715 3699 3700
f 5235 5256 5257
f 3732 3729 3704
f 5030 5031 5062
f 5020 5021 5023
f 5263 5262 5261
f 5049 5050 5044
f 5236 5248 5250
f 5031 5030 5027
f 5043 5038 5039
f 5320 5313 5329
f 5049 5048 5052
f 5326 5319 5317
f 3264 3261 3288
f 5264 5265 5263
f 4998 4999 4992
f 5009 5011 5020
f 5036 5032 5039
f 5032 5035 5034
f 4355 4317 3949
f 4269 4266 4374
f 4253 4250 4378
f 4525 4524 4252
f 3960 4112 4111
f 4372 4275 4258
f 5681 5672 5673
f 4378 4379 4272
f 4270 4347 4346
f 3244 5448 5644
f 4899 4703 4648
f 3734 3732 3702
f 4138 3346 3343
f 4192 4193 4361
f 3813 4001 3812
f 3817 3695 3696
f 5668 5683 5682
f 5690 5691 5687
f 5499 5632 5700
f 3999 3819 3820
f 3745 3742 4102
f 5684 3471 3472
f 5702 3859 3860
f 5712 5713 5693
f 3249 3277 4393
f 5695 5683 5715
f 5694 5715 5716
f 5719 3972 5601
f 4918 4919 4950
f 4774 4742 4743
f 5505 4415 4411
f 3583 3584 3585
f 3710 3687 4157
f 5513 5725 4417
f 5704 3563 4146
f 4141 4045 4062
f 5669 5689 5688
f 3898 3895 5653
f 5718 3973 3972
f 5684 5687 5686
f 3917 4131 5717
f 3463 5666 5662
f 5492 5506 5680
f 4931 4930 4950
f 5665 3440 3441
f 3788 3717 3740
f 3501 3502 3529
f 3569 3570 3477
f 5516 5728 5727
f 3564 3567 3566
f 3892 5405 5406
f 3962 4124 5407
f 4126 3908 4123
f 4116 3296 3287
f 3892 3887 5630
f 3824 3432 5413
f 4408 4409 5680
f 3969 3966 3978
f 4408 4413 3449
f 4414 3448 3449
f 3962 3261 3262
f 4425 5724 5616
f 4418 5725 5727
f 5716 5597 5575
f 5719 5720 5717
f 5698 5498 5692
f 3880 5621 4166
f 5652 3212 5520
f 5621 5623 4167
f 5679 4409 4410
f 3210 3209 3355
f 5622 5534 5451
f 5416 5417 5497
f 5729 5732 5731
f 5733 5734 3761
f 5735 5738 5737
f 5750 5752 5751
f 5744 5745 5740
f 5744 3770 3753
f 5753 5754 5730
f 5757 5758 5736
f 5731 5752 5765
f 5774 5777 5776
f 5790 5793 5792
f 5796 5786 5787
f 5817 5814 5819
f 5828 5831 5830
f 3725 4105 3751
f 4874 4734 4873
f 4700 4701 4903
f 4740 4820 4876
f 3199 3202 3201
f 4100 4102 4099
f 3749 3767 4108
f 3695 3817 3712
f 3378 3381 3380
f 5504 4411 4412
f 4405 4402 5518
f 5838 5839 5835
f 4705 4632 4712
f 5832 5831 5828
f 5697 5677 5678
f 3791 4006 4005
f 5848 5791 5794
f 3714 3700 3701
f 3995 4148 4042
f 3329 3326 3224
f 4005 3708 3705
f 4551 4762 4763
f 5855 5798 5808
f 5851 5795 5792
f 5803 5801 5858
f 5844 5843 5840
f 5762 5759 5743
f 5808 5809 5806
f 4012 3413 3426
f 5558 3513 3467
f 4550 4763 4720
f 4950 4951 4953
f 3885 3886 5694
f 5705 5706 4081
f 5508 4417 4415
f 3745 3759 3760
f 5507 4412 5680
f 3592 3536 3588
f 3895 5434 5658
f 5613 5500 5501
f 3834 3830 4393
f 5527 4454 4455
f 5775 5806 5809
f 5766 5767 5813
f 5858 5811 5812
f 5855 5815 5811
f 5863 5820 5819
f 5826 5859 5863
f 5862 5866 5833
f 5870 5871 5837
f 5782 5783 5831
f 5868 5838 5836
f 5778 5779 5843
f 5866 5870 5845
f 5785 5864 5867
f 5790 5788 5789
f 5796 5797 5794
f 5821 5818 5819
f 5657 5651 5620
f 5793 5849 5852
f 5855 5858 5801
f 5853 5847 5786
f 5804 5805 5802
f 5827 5867 5864
f 5767 5768 5821
f 5854 5857 5776
f 5860 5817 5818
f 5782 5832 5825
f 5781 5778 5844
f 5810 5811 5815
f 5867 5827 5830
f 5809 5808 5798
f 5828 5829 5863
f 5865 5841 5838
f 5801 5803 5802
f 4086 5707 3795
f 5779 5780 5842
f 5827 5826 5829
f 5839 5872 5869
f 5814 5815 5855
f 5711 4132 3859
f 4958 4957 4917
f 5861 5818 5821
f 5863 5859 5812
f 5865 5868 5823
f 5873 5836 5837
f 5872 5839 5842
f 4089 3455 3563
f 3812 3787 3785
f 5770 5771 5787
f 5789 5786 5847
f 5793 5789 5846
f 4145 4147 4146
f 5848 5773 5790
f 3953 4008 4009
f 5748 5875 5874
f 4624 4627 4626
f 4665 4764 4752
f 4775 4780 4779
f 4746 4670 4671
f 4637 4600 4601
f 4828 4612 4613
f 4704 4763 4762
f 4843 4845 4727
f 4543 4717 4725
f 4731 4864 4863
f 4723 4594 4558
f 4842 4846 4840
f 4717 4543 4857
f 4865 4868 4867
f 5841 5865 5866
f 4725 4726 4540
f 4798 4799 4816
f 4632 4635 4634
f 4720 4716 4715
f 4642 4645 4644
f 3754 4007 5874
f 4860 4761 4644
f 4674 4723 4722
f 4808 4809 4676
f 4721 4722 4822
f 5876 5878 5877
f 4836 4838 4840
f 4658 4661 4660
f 4826 4799 4800
f 4877 4782 4743
f 4948 4970 4971
f 4875 4739 4876
f 4954 4933 4934
f 5773 5770 5788
f 5825 5832 5833
f 5834 5837 5836
f 5834 5844 5845
f 3359 3362 3361
f 5732 5729 3756
f 3394 3397 3396
f 3766 3769 5741
f 5774 5809 5799
f 5805 5776 5857
f 5813 5821 5820
f 3969 3555 3964
f 5667 5668 5674
f 5729 5747 3792
f 3770 5744 5741
f 4741 4740 4739
f 4689 4737 4660
f 5772 5797 5787
f 5735 5733 3758
f 5850 5772 5773
f 5617 5528 3965
f 5799 5800 5854
f 5875 5748 5764
f 5840 5843 5842
f 5861 5768 5769
f 5807 5804 5853
f 5869 5781 5834
f 3765 3768 5739
f 5882 5884 5761
f 5881 5879 5887
f 5895 5896 5898
f 5907 5905 5906
f 5909 5907 5908
f 4234 4257 4526
f 3912 3927 3389
f 5934 8731 8730
f 8730 8731 5930
f 4920 4923 4922
f 8845 8847 8853
f 4141 4171 3404
f 3733 3705 3706
f 8849 8847 8848
f 4234 4237 4236
f 8863 8858 5919
f 3733 4002 4004
f 5908 5906 8859
f 8865 8866 8871
f 8859 8858 8863
f 5927 5924 5925
f 5911 5903 5904
f 8878 8871 8866
f 5635 5638 5637
f 5745 5744 5746
f 3552 3555 3554
f 8857 8889 8890
f 5924 5927 8860
f 3553 3557 3556
f 5919 5920 8861
f 8869 8865 8870
f 8873 8871 8878
f 8856 8857 8875
f 8862 8861 5889
f 8846 8845 8844
f 8864 8863 8866
f 8729 8730 8883
f 8848 8846 8887
f 8878 8879 5888
f 8896 8854 8855
f 8853 8854 8896
f 8841 8842 5882
f 3489 3492 3491
f 8867 8859 8864
f 5910 5908 8867
f 5914 5910 8898
f 5916 5914 8899
f 5889 8861 8860
f 8876 8878 8893
f 5918 5916 8900
f 4424 5722 5726
f 8904 8903 8900
f 8909 8908 8904
f 8908 8907 8903
f 8869 8909 8905
f 3632 3668 3667
f 3687 3690 3689
f 3636 3682 3681
f 3664 3641 3639
f 4304 4307 4306
f 8909 8869 8891
f 3681 3696 3695
f 3758 3761 3760
f 3684 3701 3700
f 3721 3724 3723
f 3941 3944 3943
f 3738 3741 3740
f 3687 3710 3709
f 3238 3239 3938
f 4249 4303 4288
f 4499 4498 3344
f 4240 4194 4368
f 3453 3451 3951
f 4401 3971 3547
f 3950 3951 3451
f 3702 3704 3701
f 3725 3728 3727
f 3194 3207 3208
f 4034 4035 4461
f 3914 3348 3913
f 3483 3575 3533
f 3191 3958 3957
f 4292 3489 3970
f 3909 3910 3428
f 3959 3960 3866
f 4017 4308 4309
f 4316 4318 4008
f 4448 4451 4450
f 4414 4415 4417
f 3435 3430 3351
f 4413 4411 4415
f 3899 3902 3901
f 3780 3781 3648
f 3474 3471 3886
f 3958 3191 3192
f 3221 3223 3935
f 3905 3908 3907
f 3913 4488 4486
f 4420 4422 4421
f 3881 3884 3883
f 4004 3788 3790
f 4271 4319 4318
f 4259 4297 4296
f 3501 4003 4066
f 5897 5898 5900
f 5901 5902 5904
f 8854 8849 8856
f 3789 3785 3786
f 3651 3648 3781
f 5924 5899 5901
f 8870 8871 8873
f 8876 8877 8874
f 5912 5917 5918
f 3805 3918 3799
f 3369 3370 3395
f 3923 3926 3925
f 3916 3917 3512
f 3641 3664 3801
f 4276 4269 4323
f 4181 4229 4331
f 4428 4430 3377
f 3495 4425 4321
f 4436 4435 3380
f 4430 4428 4437
f 3945 3957 3958
f 4065 3901 4047
f 4495 4497 3408
f 8913 8912 8915
f 8911 8910 8917
f 8889 8922 8923
f 8919 8935 8931
f 8884 8914 8918
f 8922 8921 8931
f 5852 5907 5909
f 5866 5862 5915
f 8926 8918 8914
f 8914 8884 8883
f 8886 8919 8921
f 5846 5847 5894
f 5873 5902 5900
f 8893 5888 5764
f 8894 8893 5754
f 5890 8860 5927
f 5885 8896 5755
f 5871 5904 5902
f 5763 8936 5883
f 5880 5890 8936
f 4175 4176 4398
f 4274 4254 4255
f 8883 8730 5931
f 8868 8905 8898
f 3289 4059 3247
f 3858 3855 5485
f 8850 8848 8886
f 4116 4120 5409
f 3889 5406 4127
f 3678 3679 8938
f 8857 8850 8888
f 3979 3551 3294
f 4126 3352 3431
f 3651 4000 3679
f 3460 3858 5921
f 4084 3309 3310
f 8905 8904 8899
f 3561 3327 5397
f 3213 3965 5528
f 4191 4194 4193
f 5449 5450 5532
f 4142 3975 4031
f 4060 3947 5652
f 4480 4483 4482
f 5519 5520 3212
f 5657 5451 3330
f 4473 4476 4475
f 3514 3515 5668
f 5663 5670 5669
f 8881 5929 5926
f 5734 5733 5749
f 4788 4789 4677
f 3997 3996 3538
f 3551 3486 3310
f 3577 3578 3998
f 4893 4697 4676
f 4753 4751 4671
f 8729 8884 8885
f 3813 3703 9021
f 8938 4001 3813
f 8882 5931 5929
f 4098 5701 3820
f 3399 5405 5416
f 5494 5495 5503
f 5880 5877 5878
f 4986 4673 4861
f 4999 5000 5004
f 4985 5001 4988
f 5816 5769 5766
f 4372 4370 4384
f 5688 5691 5692
f 8903 8902 8901
f 8879 8862 5887
f 8902 8881 8880
f 5919 5893 5895
f 4519 4384 4342
f 8847 8849 8854
f 5925 5901 5903
f 4021 3899 4523
f 5678 5677 5676
f 4424 3843 4085
f 5701 3576 3577
f 5928 5925 5926
f 5000 5005 4980
f 9022 4147 3545
f 9024 9025 5409
f 4008 4011 4010
f 3931 3234 4516
f 3822 3806 3807
f 8851 8852 8844
f 5728 5516 5509
f 9025 9023 4115
f 5209 5200 5201
f 4820 4740 4653
f 3988 5596 5598
f 3370 3911 3357
f 5639 5642 5641
f 5592 4511 4477
f 3378 3944 5572
f 5625 4463 3265
f 5594 5582 5577
f 3302 5649 5645
f 3274 3277 3278
f 5207 5208 5233
f 5071 5070 5072
f 4815 4814 4785
f 4796 4802 4643
f 3243 3244 5643
f 5301 5302 5303
f 5431 3562 5655
f 5251 5249 5244
f 3353 3427 3523
f 4174 3404 3405
f 3546 4114 4113
f 4002 3789 3788
f 4196 4239 4238
f 3232 5646 5647
f 4373 4374 4266
f 4867 5322 5321
f 5648 4054 4058
f 4455 4070 3893
f 5593 3407 4511
f 5275 5265 5252
f 5252 5265 5274
f 4092 3619 3624
f 3723 3742 3743
f 4780 4775 4802
f 4059 3289 3560
f 4317 4355 4347
f 5188 5190 5192
f 5570 5599 5612
f 3385 5429 5633
f 3526 5568 5569
f 3576 5701 3608
f 3581 3542 3594
f 5239 5237 5238
f 5081 5079 5083
f 4369 4526 4528
f 4325 4326 4329
f 3569 3285 3286
f 9022 9026 4112
f 3661 3662 3801
f 5074 5073 5030
f 5064 5062 5063
f 3563 3497 3498
f 3961 5407 4119
f 4854 4853 4870
f 5018 5007 5028
f 5007 5008 5027
f 5040 5042 5039
f 3240 3375 3875
f 5070 5069 5029
f 3504 3481 3866
f 3537 3579 3591
f 5033 5041 5039
f 4710 4638 4635
f 5017 4979 4989
f 5024 5037 5046
f 4991 5006 5019
f 4587 4553 4574
f 4996 4982 4793
f 5066 5061 5059
f 5221 5230 5231
f 5068 5056 5057
f 3675 3676 3643
f 3663 3674 3675
f 4722 4558 4559
f 3579 3576 3590
f 3686 3676 3677
f 4422 4420 3499
f 5142 5141 5138
f 5078 5071 5075
f 3609 3589 3590
f 3288 3961 5411
f 5424 9024 5410
f 5152 5144 5156
f 3960 5704 5709
f 4946 4956 4957
f 3867 3903 5705
f 9026 9022 4113
f 5192 5193 5189
f 5161 5164 5194
f 3637 3698 3682
f 4392 5461 3847
f 3796 4114 4149
f 4104 3716 3727
f 3594 3595 3993
f 3796 3793 4134
f 3687 3688 4156
f 3760 3761 4164
f 4464 3344 3345
f 3485 3528 3868
f 3846 3845 5423
f 3409 4520 4496
f 3767 3768 3765
f 3711 3721 4159
f 3797 4132 4087
f 4072 4069 5562
f 4502 4076 5590
f 5408 5426 9027
f 5683 5695 5714
f 5702 3772 4110
f 5623 4042 4148
f 5428 3874 3525
f 3668 3803 3802
f 4000 4001 8938
f 4221 4222 4179
f 4267 4268 4388
f 3721 3722 4161
f 3903 5659 5706
f 3583 3580 4090
f 3894 5486 3524
f 4635 4638 4636
f 4173 5401 4009
f 4890 4666 5393
f 5290 5291 5293
f 5339 5340 5337
f 5458 5459 4438
f 3251 5419 5430
f 3252 5418 5419
f 3428 5420 5421
f 3571 5426 5418
f 4583 4582 4554
f 4239 4367 4224
f 3322 3898 5450
f 5309 5310 5306
f 4109 3728 3748
f 5707 3865 3794
f 5139 5184 5183
f 5271 5270 5290
f 5280 5283 5282
f 5110 5107 5125
f 5319 4864 4731
f 5334 5343 5339
f 5423 3522 3523
f 5376 5377 5378
f 4721 4681 4646
f 3719 4158 4159
f 4853 4854 4692
f 5373 5372 5330
f 4428 5457 5456
f 5376 5329 5328
f 3337 3367 4434
f 4692 4693 5395
f 5475 4172 4523
f 5478 3900 4068
f 5421 5404 4129
f 5374 5373 5375
f 5283 5299 5306
f 5246 5247 5234
f 5154 5149 5150
f 4458 5562 5561
f 5163 5159 5158
f 5381 5374 5378
f 3397 3394 5484
f 4457 5561 5563
f 5147 5143 5150
f 4474 4475 5544
f 5325 5318 5319
f 5223 5394 5388
f 5517 5700 3521
f 4499 5480 3347
f 5404 5403 4128
f 3476 5507 5506
f 4084 5516 5515
f 3900 5478 5477
f 5536 5564 5547
f 5491 5498 5493
f 5474 5472 4139
f 4063 4521 4522
f 4459 4460 5541
f 5548 5549 3360
f 5444 5445 5550
f 3888 3889 5415
f 5546 5547 3339
f 5536 5539 5538
f 3570 5513 5508
f 4471 4502 5589
f 4280 3848 3359
f 5499 4402 4403
f 5189 5193 5169
f 5543 4477 4478
f 4051 5551 5552
f 3461 5504 5507
f 4629 4630 4870
f 5106 5094 4909
f 5286 5281 5279
f 5462 5463 3364
f 3491 5511 5514
f 5224 5220 5231
f 4478 4459 5540
f 4099 4102 3742
f 4803 4806 4805
f 4130 5423 5422
f 4470 4471 4476
f 4924 4925 4921
f 4920 4921 4927
f 4993 4986 4987
f 4887 4888 4913
f 3894 3893 4070
f 5472 5474 5585
f 3508 4135 4134
f 3603 3600 4096
f 3772 3773 3992
f 5712 5664 5671
f 3739 3718 4162
f 5683 5668 3515
f 5480 4465 4495
f 5698 5699 5493
f 3578 3538 3996
f 3645 3646 4154
f 5660 3904 3466
f 4135 9026 5710
f 5587 5591 4073
f 5687 5689 5693
f 3584 3583 4091
f 5585 5583 5584
f 4128 5414 5415
f 4257 4254 4338
f 4222 4231 4178
f 4366 4365 4191
f 5098 5099 5091
f 5761 5757 5737
f 5760 5737 5738
f 8852 8842 5934
f 8874 8877 8855
f 8895 8897 8855
f 5884 5882 8842
f 4557 4554 4582
f 8890 8923 8917
f 8918 8926 8930
f 8924 8926 8915
f 4182 4181 4330
f 3864 5708 5711
f 3574 3317 3230
f 3342 3954 3415
f 3488 3486 3549
f 4317 4316 3953
f 3672 3659 4152
f 5708 3864 3865
f 9021 3703 3685
f 3621 3618 3616
f 5728 4422 4419
f 4311 4027 4028
f 4131 3917 3543
f 4426 3496 3842
f 4518 3956 4168
f 5457 5465 5464
f 5425 3560 3558
f 5458 4439 4437
f 3416 3414 5465
f 5638 9028 5437
f 3985 3986 5636
f 5646 5635 5636
f 9023 9025 3554
f 5722 5510 5514
f 3256 3933 3934
f 4164 3761 5734
f 8885 8918 8920
f 3282 3932 3929
f 3292 4394 3320
f 3232 3229 3300
f 3303 3236 3271
f 3562 5431 5432
f 3392 3387 3388
f 3854 5922 5350
f 5463 5462 5459
f 5935 3474 3885
f 3879 3415 3954
f 3928 3372 3391
f 4137 5559 4458
f 5454 5455 3850
f 3548 3490 3549
f 4443 4500 5470
f 4452 4505 4506
f 4468 3414 3415
f 4443 4440 3876
f 3234 3235 4515
f 5434 3895 3896
f 5448 5440 5441
f 5447 5446 5443
f 4442 5470 5471
f 5550 4056 3275
f 5578 5573 4520
f 3464 5667 5666
f 4701 4627 4839
f 3259 5398 4041
f 4015 4012 3423
f 3558 3323 3982
f 4856 4894 4823
f 4741 4652 4653
f 3759 3745 4106
f 3560 3289 3290
f 9024 5424 3557
f 5438 3279 3280
f 3321 3283 3290
f 5557 5483 4072
f 5553 3369 3396
f 4045 4141 4174
f 4539 4845 4849
f 3536 3480 3503
f 5478 5573 5574
f 3800 3797 3510
f 4755 4883 4886
f 5561 4454 5527
f 5752 5731 5732
f 5752 5750 5756
f 3518 5492 5493
f 3767 3762 4107
f 3534 3603 4097
f 4395 3572 3826
f 3926 4052 3371
f 4446 4510 5610
f 4050 5444 3980
f 8887 8846 8843
f 5649 5639 5640
f 4643 4644 4761
f 3709 3787 3784
f 4778 4659 4660
f 5649 3302 4054
f 5646 3232 3301
f 3250 3251 3910
f 5884 5886 5757
f 5655 5656 5936
f 4224 4227 4226
f 4043 4044 3412
f 4286 4289 4288
f 4267 4311 4310
f 4493 4079 4080
f 3325 5432 3226
f 3925 3371 3372
f 4312 4315 4314
f 3996 3997 3540
f 8908 8911 8912
f 4023 4026 4025
f 3995 3890 3891
f 5482 5556 5559
f 4486 3420 3921
f 4300 4285 4302
f 5438 5642 5644
f 3233 3932 3282
f 3225 3228 3227
f 5446 4400 5445
f 5554 3396 3397
f 4834 4833 4830
f 4064 3349 3350
f 3596 3599 3598
f 5639 5649 5648
f 5434 5431 5654
f 4895 4896 4830
f 3674 3677 3676
f 3551 3979 3978
f 3835 3836 3305
f 3813 3810 3702
f 3691 3711 4160
f 4109 4100 4101
f 4565 4187 4188
f 3490 3548 3547
f 3672 3646 3647
f 8906 8907 8912
f 3810 3812 3811
f 4051 4052 4397
f 3566 3599 4090
f 5580 5475 5476
f 4456 4457 5537
f 5539 5536 5546
f 8844 5934 8729
f 8872 8873 8874
f 4383 4301 4198
f 4931 4926 4927
f 5529 5530 5397
f 5314 5321 5323
f 5347 5332 5323
f 4711 4709 4599
f 5387 5388 5389
f 5259 5290 5292
f 5195 4806 4803
f 5195 5104 4746
f 4639 4865 4866
f 4821 4818 4681
f 3421 4037 5399
f 4730 4863 4601
f 4807 4651 4811
f 4040 4037 3421
f 4844 4841 4800
f 3936 3933 3929
f 4894 4798 4817
f 5365 5370 5383
f 4657 4656 4661
f 5224 5206 4770
f 5368 5383 5382
f 5336 5349 5352
f 5353 5356 5386
f 4070 4455 4454
f 5396 5397 3327
f 5225 5226 5312
f 5384 5382 5386
f 5391 4694 4695
f 4407 4410 4409
f 4623 4620 4880
f 5356 5353 5352
f 4578 4584 4859
f 3239 3875 3217
f 3937 3218 3333
f 4578 4575 4534
f 5467 5471 4505
f 4836 4828 4826
f 4422 5728 5721
f 3392 3393 5556
f 5564 5531 5565
f 3807 3808 3663
f 5922 3854 4392
f 3680 3695 3692
f 3630 3633 3632
f 4416 4417 5725
f 4033 3305 3836
f 3238 3220 4168
f 3466 3904 3483
f 3678 3677 3650
f 3677 3674 3649
f 3340 3337 4431
f 3562 3561 5656
f 5658 5654 5938
f 3642 3643 3640
f 3306 3303 3334
f 3256 3253 3280
f 8910 8891 8892
f 5868 5900 5898
f 8924 8923 8922
f 8935 8930 8925
f 8882 8906 8913
f 8925 8930 8926
f 5852 5849 5905
f 5136 5128 5124
f 4243 4363 4260
f 5238 5227 5228
f 5642 5639 5643
f 3924 3925 3928
f 5412 3521 5700
f 3750 3752 3751
f 3746 3752 3770
f 3859 3798 3861
f 3972 3973 3493
f 5923 8860 8861
f 4945 4946 4958
f 3296 3293 3286
f 3824 5403 3907
f 3671 3629 4154
f 4137 3343 5481
f 3614 3654 3802
f 3283 3284 3559
f 4936 4935 4934
f 5511 5723 5726
f 4170 4169 3926
f 3572 4393 3830
f 3459 3447 3858
f 3496 4426 4425
f 3457 3950 3436
f 3984 3983 3986
f 3914 3389 3386
f 5512 5724 5723
f 4500 4443 4483
f 4501 4502 4471
f 4503 4506 4505
f 4143 4144 4461
f 3331 3329 3222
f 4016 4015 4018
f 3998 3775 3776
f 4114 3796 5710
f 4405 5678 4406
f 5602 5604 5720
f 4767 4803 4804
f 4929 4933 4954
f 4410 4407 5665
f 3888 5700 5632
f 4048 4049 3977
f 3947 3211 3212
f 5676 5677 3472
f 5782 5785 5784
f 4315 4312 4311
f 5699 5518 5521
f 5864 5785 5825
f 5826 5827 5822
f 5775 5776 5805
f 3236 3233 3270
f 5823 5868 5859
f 4957 4848 4895
f 8868 8864 8865
f 4281 4392 3848
f 4940 4943 4971
f 4013 4014 4029
f 3685 3703 3701
f 4339 4340 4377
f 8891 8870 8872
f 3753 3750 3755
f 4427 4168 3220
f 3809 3806 3779
f 3568 4416 4418
f 3880 3987 3918
f 3543 3843 3842
f 4646 4649 4648
f 4656 4657 4597
f 4781 4876 4820
f 4972 4975 4974
f 5101 5102 5109
f 5095 5096 5115
f 5090 5127 5132
f 5131 5132 5134
f 5134 5132 5127
f 5117 5139 5140
f 3539 3862 3863
f 4006 3791 3792
f 5128 5091 5099
f 5097 5088 5089
f 5274 5266 5271
f 4571 4572 4569
f 4225 4531 4238
f 5156 5155 5170
f 4538 4541 4540
f 4622 4691 4665
f 4981 5011 5004
f 5012 4974 4975
f 5148 5147 5149
f 5157 5142 5133
f 5161 5155 5145
f 4261 4532 4242
f 5294 5295 5291
f 4255 4256 4532
f 5274 5259 5250
f 4246 4529 4207
f 3314 3924 3927
f 4670 4673 4672
f 4995 4904 4673
f 4638 4710 4603
f 4341 4295 4525
f 5163 5166 5165
f 4834 4783 4784
f 4784 4820 4682
f 4844 4843 4687
f 5280 5276 5275
f 4217 4572 4564
f 4554 4557 4556
f 4551 4552 4556
f 4549 4546 4544
f 5141 5142 5173
f 4653 4654 4683
f 4973 4974 4989
f 4984 5005 5015
f 5177 5172 5170
f 5166 5167 5181
f 5141 5184 5139
f 5178 5174 5151
f 5244 5202 5203
f 5252 5244 5245
f 4479 4031 4079
f 4402 4405 4404
f 3500 4418 4419
f 5856 5851 5909
f 4488 3913 3348
f 8851 8853 5885
f 3607 3608 5701
f 3508 3505 3503
f 5847 5858 5896
f 4374 4373 4309
f 3380 4439 4438
f 9025 9024 3553
f 5718 5717 4131
f 3300 3229 3283
f 5551 3275 3276
f 5552 3276 3369
f 5555 3397 5483
f 5859 5898 5896
f 4133 3793 3794
f 3606 3653 3652
f 4900 4852 4766
f 4616 4790 4789
f 3738 4165 4164
f 4774 4771 4642
f 4399 4485 3402
f 5853 5796 5795
f 3936 4518 4427
f 3418 3419 4064
f 5510 3488 3840
f 3270 3282 3279
f 3274 3275 4056
f 4359 4356 4305
f 4135 3508 3504
f 3610 3611 3609
f 3837 3556 3557
f 5940 3971 4401
f 5853 5804 5803
f 5725 5513 5515
f 3246 5410 4117
f 5713 5712 5672
f 4918 4961 4916
f 4148 3995 3771
f 5106 5105 5113
f 4147 9022 5709
f 5152 5172 5177
f 9026 4135 4111
f 5104 5195 5103
f 3531 3528 3485
f 3713 3716 3715
f 3699 3715 3815
f 4467 3345 4459
f 4703 4899 4736
f 5405 3399 3846
f 3555 3552 3963
f 4120 4116 5411
f 4217 4219 4185
f 3279 5438 5441
f 4944 4945 4959
f 4353 4337 4344
f 3815 3715 3716
f 3374 3371 4052
f 4491 4492 4516
f 5865 5824 5833
f 5819 5814 5856
f 5807 5851 5856
f 3933 3256 3281
f 3208 3205 3920
f 8907 8906 8902
f 5288 5308 5295
f 3728 3725 3747
f 3309 4084 4083
f 5119 5116 5101
f 3811 3785 3789
f 3595 3863 3992
f 4106 4102 4100
f 5696 5575 5576
f 3708 3755 3750
f 3744 3760 4165
f 5905 5891 5892
f 3403 4036 4175
f 4133 3997 3506
f 4147 4145 3544
f 3561 3562 3325
f 3237 3240 3239
f 4877 4878 4793
f 3241 3244 3243
f 3597 3624 3625
f 3279 3282 3281
f 3371 3374 3373
f 3599 3566 3567
f 3975 3976 4032
f 3277 3249 3250
f 3774 3564 3565
f 3658 3673 3780
f 4961 4962 4963
f 3600 3615 3616
f 4228 4229 4202
f 4011 4008 4318
f 4307 4304 4262
f 4838 4800 4841
f 4782 4783 4773
f 4914 4956 4946
f 4839 4609 4765
f 4771 4896 4645
f 4962 4965 4964
f 4966 4959 4963
f 3601 3612 3615
f 5878 5875 5879
f 5890 5880 5881
f 3720 3786 4158
f 4755 4756 4689
f 3740 3717 3718
f 5695 5685 5686
f 5740 5743 5742
f 5733 5735 5736
f 5755 5756 5750
f 5745 5763 5762
f 5798 5801 5800
f 4706 4880 4879
f 5651 5652 5619
f 5850 5794 5797
f 5804 5807 5806
f 4087 5708 5707
f 5915 5913 5914
f 5703 3860 4167
f 5893 5894 5896
f 5892 5893 5919
f 5706 5671 5664
f 5786 5789 5788
f 3973 4131 3841
f 4831 4832 4915
f 5906 5892 8858
f 4965 4967 4969
f 4684 4685 4846
f 3589 3609 3611
f 3596 3625 4150
f 5877 5880 5763
f 4121 4124 4123
f 3469 3465 3868
f 3204 3205 3208
f 3716 3713 3726
f 5460 9027 5426
f 3465 3469 3470
f 5738 5735 3764
f 4887 4654 4655
f 4203 4206 4205
f 3959 5705 4082
f 5758 5757 5886
f 5781 5869 5872
f 4675 4762 4723
f 3757 4164 5751
f 3334 3271 3272
f 8880 5926 5903
f 5615 5676 3473
f 5759 5761 5760
f 8845 8846 8848
f 5778 5781 5780
f 8857 8856 8849
f 4132 3797 3798
f 5839 5838 5841
f 560 1899 3187
f 5747 5874 4007
f 5928 5930 8840
f 5766 5769 5768
f 4848 4957 4956
f 4953 4968 4967
f 4832 4897 4910
f 5879 5764 5888
f 3598 3567 3530
f 5747 5729 5730
f 5754 5764 5748
f 5810 5813 5812
f 5758 5755 5749
f 4315 4388 4387
f 5917 5915 5916
f 5913 5909 5910
f 5930 8731 8841
f 4951 4955 4968
f 3209 3210 3201
f 4059 5424 3246
f 8731 5934 8842
f 3776 3582 3585
f 5770 5773 5772
f 5891 5894 5893
f 9028 5638 5641
f 5814 5817 5816
f 5662 5675 5673
f 3522 3525 3524
f 5630 5631 5942
f 5791 5792 5795
f 5746 3753 3754
f 5928 5929 5931
f 5743 5760 5739
f 5876 5874 5875
f 3678 8937 9021
f 4200 4208 4207
f 4114 3546 3916
f 3601 3602 3605
f 3818 3724 3712
f 3315 3318 3317
f 5899 5900 5902
f 8840 8841 5883
f 5562 4458 5559
f 4416 3568 3448
f 3189 3192 3191
f 4751 4890 4747
f 4181 4182 4180
f 3832 3942 5454
f 3362 3527 3526
f 5678 4405 5699
f 3497 3500 3499
f 448 1980 807
f 647 648 122
f 5690 3472 5677
f 4183 4186 4185
f 1833 1848 1780
f 5920 5895 5897
f 510 509 508
f 4401 3967 5944
f 5656 5397 5530
f 3970 3971 5940
f 5653 5658 5939
f 5450 5653 5946
f 3384 5633 5945
f 4403 4404 4299
f 5944 3967 3968
f 3963 5427 5951
f 5614 3473 3474
f 5427 3838 3857
f 3210 1949 1887
f 1887 15 3200
f 15 16 3197
f 16 3188 3195
f 3195 3188 3187
f 3194 3187 1899
f 3207 1899 375
f 387 173 126
f 3189 1791 1760
f 9029 763 757
f 763 9029 2172
f 9035 9034 9032
f 9033 9032 9031
f 9046 9049 9048
f 8751 9053 9054
f 9078 9076 9077
f 9083 9087 9051
f 9088 9089 9047
f 9099 9036 9040
f 9102 9034 9036
f 9105 9031 9032
f 9105 2176 9106
f 1801 1864 9108
f 9103 9032 9034
f 9096 9090 9047
f 1767 1768 9111
f 1597 9115 9113
f 1708 1707 9117
f 9123 9120 9119
f 9118 9119 9125
f 1588 1708 9116
f 2080 9123 9118
f 2082 9118 9124
f 9126 9129 9087
f 9129 9130 9088
f 5512 3492 5943
f 5634 3383 5488
f 5724 5512 5947
f 9134 9099 9097
f 9144 9103 9102
f 9133 9097 9096
f 786 9146 9144
f 9146 9105 9103
f 785 9144 9138
f 497 9138 9134
f 650 9134 9133
f 9148 564 9133
f 8756 9058 9057
f 9154 9151 9130
f 9151 9150 9131
f 9097 9040 9090
f 1799 9109 9111
f 5949 3968 3964
f 9160 9156 8809
f 8813 9162 9160
f 9166 463 564
f 9067 9058 9054
f 9162 9166 9148
f 9087 9088 9048
f 9081 9078 9079
f 9049 9052 9051
f 9082 9168 9167
f 9079 9077 9049
f 9169 9168 9175
f 9167 9115 9112
f 9168 9169 9177
f 9120 9117 9113
f 9120 9177 9169
f 9119 9169 9170
f 9179 9180 9125
f 9180 1576 9124
f 9178 9179 9170
f 1576 2101 2084
f 9179 9178 9183
f 3203 376 1387
f 3190 1387 1791
f 5618 2152 1949
f 317 240 259
f 2000 2176 9105
f 9053 9051 9052
f 9041 9040 9036
f 9029 758 756
f 9037 9036 9034
f 9130 9131 9089
f 3204 375 376
f 1801 9107 9109
f 9181 9187 9180
f 1575 9187 9190
f 9187 1575 1576
f 1776 1795 1796
f 1293 1294 1290
f 1326 14 1327
f 1294 1245 1234
f 878 1244 1330
f 5633 3401 5490
f 5933 3359 3360
f 5613 5634 5948
f 5604 5605 3844
f 3972 3494 5950
f 3494 3495 4322
f 4406 5676 5615
f 3492 3489 4292
f 5631 5503 5495
f 497 373 374
f 122 648 413
f 5624 5489 3398
f 9151 9154 9156
f 9058 8756 8752
f 9160 9162 9150
f 8815 9166 9162
f 9156 9126 8794
f 439 398 399
f 1512 1528 1526
f 1668 1741 1738
f 839 849 1362
f 1362 1357 826
f 3425 3417 3418
f 4905 5207 5243
f 4621 4622 4662
f 5582 5579 5574
f 4754 4757 4756
f 3902 3899 4021
f 9295 740 1896
f 2053 2054 2118
f 9340 9339 2120
f 696 697 9268
f 4922 4938 4939
f 4365 4366 4186
f 5105 5106 4862
f 5228 5227 5226
f 4781 4782 4877
f 5218 5227 5238
f 4990 4993 4992
f 4335 4337 4336
f 4993 4990 4972
f 4794 4793 4792
f 5886 5884 8852
f 5405 3892 5417
f 4669 4752 4764
f 4676 4697 4698
f 1826 1878 639
f 9192 9191 9181
f 5232 5228 5233
f 5418 4121 4122
f 956 885 886
f 5720 3844 3512
f 4728 4731 4730
f 8879 8866 8863
f 1980 806 1922
f 4969 4970 4966
f 33 34 105
f 9028 3253 3254
f 3837 3558 3839
f 4382 4300 4301
f 3908 3905 4122
f 4290 4295 4294
f 4400 3834 4055
f 3219 3222 3221
f 8894 8895 8877
f 4640 4736 4735
f 4389 4366 4216
f 3267 4479 4493
f 3268 3265 4463
f 5097 5111 5098
f 5094 5097 5096
f 5654 5655 5937
f 4089 5704 3960
f 5159 5163 5162
f 5202 5244 5249
f 5412 5415 5414
f 5715 3515 3516
f 5723 4426 4423
f 4263 4264 4323
f 3994 3529 3564
f 1343 1344 9308
f 3470 3514 5667
f 5659 5661 5671
f 3319 3828 4053
f 9359 2127 2128
f 1766 1581 1582
f 14 1326 2163
f 595 98 99
f 5703 3771 3772
f 5206 5224 5229
f 3437 3446 3458
f 5516 4084 3487
f 5122 5086 5087
f 3223 3297 3934
f 3979 9023 5402
f 3828 3319 3320
f 5663 3441 4081
f 4035 4489 4490
f 4426 5723 5724
f 3881 4452 4447
f 5407 5408 4118
f 5691 5688 5689
f 5661 5673 5672
f 5911 5918 8901
f 3902 4022 3871
f 5541 5538 5539
f 4069 4454 5561
f 3248 4394 3292
f 1346 1035 1044
f 748 1888 1425
f 3297 3228 3255
f 5445 4400 4056
f 5783 5784 5830
f 4310 4028 4376
f 5857 5854 5800
f 3882 5467 4452
f 3193 3208 3919
f 3190 3191 3206
f 4266 4269 4268
f 4488 3419 3420
f 3331 3939 3940
f 4282 4285 4284
f 4606 4608 4607
f 4628 4629 4708
f 4659 4732 4733
f 4615 4750 4829
f 4718 4714 4713
f 5722 4424 4421
f 3307 3462 3461
f 4686 4688 4634
f 3966 3548 3550
f 4738 4739 4875
f 3416 4429 3237
f 4527 4528 4208
f 5093 5121 5114
f 5124 5099 5086
f 5117 5118 5138
f 4631 4641 4640
f 5166 5163 5168
f 5185 5188 5187
f 5194 5190 5191
f 3245 4117 4118
f 5214 5215 5203
f 3230 3317 3318
f 5237 5234 5217
f 5250 5259 5258
f 5113 5112 5084
f 5270 5267 5269
f 4906 5125 5107
f 5271 5266 5267
f 5276 5277 5262
f 5153 5151 5174
f 5290 5270 5268
f 5306 5299 5303
f 5147 5148 5146
f 4585 4849 4856
f 3226 5435 5436
f 4473 4503 4504
f 5765 5756 8897
f 4529 4246 4247
f 8923 8924 8916
f 5713 5681 5682
f 3315 3897 3898
f 5564 5536 5537
f 4468 4440 4441
f 3738 3739 4163
f 4577 4859 4559
f 5567 3527 3366
f 3587 3584 4150
f 5471 5468 4504
f 5860 5769 5816
f 3516 3513 5558
f 5436 3985 5637
f 5050 5053 5083
f 5547 5565 3338
f 9023 3979 3295
f 5708 4087 4132
f 4104 3816 3814
f 3718 3719 4161
f 5498 5491 5679
f 3884 4431 4432
f 3955 4512 3877
f 4049 4062 4061
f 8892 8872 8875
f 4572 4217 4218
f 4440 4443 4442
f 4497 4511 3407
f 8906 8882 8881
f 5664 5712 5670
f 3751 4105 3706
f 3511 3735 3736
f 5129 5130 5116
f 5086 5099 5098
f 5135 5127 5128
f 5143 5146 5145
f 5168 5158 5136
f 5297 5241 5246
f 5164 5161 5160
f 5155 5161 5171
f 5137 5179 5167
f 5293 5308 5307
f 5513 3570 4083
f 4053 3828 3825
f 3228 3297 3298
f 3631 3632 3635
f 5689 5669 5670
f 5759 5762 5883
f 3793 4133 3507
f 4906 4908 4891
f 4719 4858 4901
f 3597 3598 4095
f 3352 4126 4125
f 9064 9057 9058
f 9076 9064 9067
f 9083 8766 8794
f 9131 9132 9096
f 9138 9102 9099
f 9154 9129 9126
f 9077 9067 9052
f 9053 8751 8766
f 9191 9190 9187
f 9082 9079 9046
f 9193 9175 9168
f 1284 1290 1288
f 9150 9148 9132
f 3841 3842 3496
f 3570 3569 3336
f 4027 4311 4312
f 4889 4876 4781
f 4041 4045 4044
f 4885 4884 4813
f 5419 4122 3905
f 4367 4368 4227
f 1778 1781 1780
f 1792 1759 1584
f 4308 4017 3869
f 4594 4723 4762
f 4767 4770 4769
f 5461 3365 3366
f 4763 4704 4716
f 4919 4918 4915
f 4300 4382 4334
f 5196 5199 5198
f 5158 5148 5135
f 5431 5434 5433
f 4545 4567 4571
f 4557 4558 4594
f 695 570 571
f 4156 4155 3626
f 4861 4673 4670
f 5681 5675 5674
f 5473 5475 5580
f 3622 3656 4152
f 5647 3573 3574
f 3674 3663 3808
f 4420 4145 3498
f 5675 5662 5666
f 3253 9028 5439
f 5870 5866 5917
f 8887 8920 8919
f 5862 5856 5913
f 3534 3593 3485
f 3313 4486 4484
f 9090 9193 9046
f 4871 4759 4695
f 3778 3777 3822
f 4889 4748 4874
f 4000 3783 3784
f 4897 4898 4911
f 3856 3857 3838
f 4772 4830 4896
f 4015 4016 4376
f 3433 3461 3476
f 4053 4054 3302
f 3367 5567 3363
f 3242 3829 3831
f 3441 3442 4082
f 4735 4736 4855
f 4756 4757 4737
f 3382 3385 3384
f 3698 3699 3697
f 4676 4679 4678
f 4948 4943 4941
f 4890 5394 4805
f 4757 4744 4745
f 4581 4221 4380
f 5716 3516 5932
f 4923 4920 4926
f 5077 5079 5081
f 5078 5082 5058
f 4009 5401 5400
f 5081 5082 5078
f 3930 3931 4513
f 4014 4376 4028
f 4025 4026 4020
f 3618 4093 4096
f 4581 4575 4576
f 4219 4217 4188
f 5440 5442 3335
f 5449 3982 3323
f 4229 4181 4177
f 4590 4213 4214
f 4227 4183 4184
f 4574 4901 4858
f 4565 4566 5453
f 4592 4555 4588
f 4590 4587 4573
f 3517 3518 5521
f 3845 5428 3522
f 4444 3340 3884
f 3982 5449 5533
f 4465 4466 4497
f 4520 4522 4521
f 4076 4073 5591
f 3635 3667 3666
f 3343 3344 4498
f 4022 4019 3870
f 3661 3607 4098
f 5691 5690 5697
f 3768 3766 5742
f 4514 3955 3956
f 3697 3815 3814
f 4394 3248 5460
f 4054 4053 4057
f 3284 3318 3323
f 4052 3926 4169
f 4447 4506 4510
f 4456 4460 3346
f 4483 3876 3877
f 4482 3877 4512
f 4492 4512 4513
f 5642 5438 5439
f 5448 5447 5442
f 5466 4441 3882
f 3340 4444 4445
f 8908 8909 8910
f 4397 4169 3835
f 5413 3520 3521
f 3234 3931 3932
f 5753 5765 8895
f 8896 8897 5756
f 8921 8922 8889
f 8915 8912 8911
f 3933 3936 3935
f 3620 3804 3657
f 3966 3969 3968
f 4905 4789 4769
f 3225 5436 5437
f 5433 3896 3984
f 5714 5686 5693
f 5435 3984 3985
f 3954 3956 3955
f 4713 4712 4632
f 4879 4635 4632
f 3983 3984 3896
f 9027 5460 3248
f 5871 5870 5912
f 5849 5846 5891
f 4702 4703 4640
f 4213 4590 4579
f 3644 3645 3688
f 9193 9090 9040
f 8920 8930 8935
f 5406 3846 4130
f 4140 5400 5401
f 5659 3903 3904
f 4772 4773 4783
f 4244 4247 4246
f 4061 5399 4037
f 3669 3804 3803
f 3459 3460 3209
f 4072 5483 5484
f 4835 4833 4834
f 5660 5662 5661
f 4262 4265 4264
f 3633 3630 3627
f 3685 3643 3676
f 4517 4515 3235
f 4145 4420 4085
f 5455 4438 5459
f 5638 5635 5640
f 3228 3225 3254
f 4044 4174 3411
f 3614 3615 3612
f 3273 3276 3275
f 4952 4962 4961
f 4959 4958 4960
f 4888 4655 4761
f 4254 4257 4256
f 4199 4202 4201
f 4499 4464 4465
f 5479 4495 4496
f 5952 5953 5954
f 5956 5957 5958
f 5959 5958 5960
f 5962 5963 5964
f 5966 5967 5968
f 5967 5970 5971
f 5963 5962 5961
f 5972 5965 5964
f 5974 5975 5976
f 5978 5979 5980
f 5982 5983 5984
f 5986 5987 5985
f 5988 5989 5990
f 5992 5993 5994
f 5996 5997 5998
f 6000 6001 6002
f 6004 6005 6006
f 6008 6009 6010
f 6012 6013 6014
f 6016 6017 6018
f 6020 6021 6022
f 6024 6025 6026
f 6028 6029 6030
f 6032 6033 6034
f 6036 6037 6038
f 6040 6041 6013
f 6042 6043 6044
f 5992 6046 6047
f 6048 6049 6050
f 6052 6053 6054
f 6056 6057 6058
f 6060 6061 5987
f 6062 6063 6064
f 6066 6067 6068
f 6070 6071 6027
f 6072 6073 6057
f 6075 6076 6077
f 6078 6079 6080
f 6082 6083 6054
f 6085 6078 6081
f 6087 6061 5990
f 6061 6087 6089
f 6089 6090 6091
f 6092 6091 6093
f 6095 5978 5981
f 6062 6082 6084
f 6097 6098 6035
f 6056 6049 6099
f 6100 6101 6102
f 6001 6000 6104
f 6107 6108 6109
f 6110 6111 6112
f 6114 6026 6025
f 6116 6117 6118
f 6120 6121 6122
f 6124 6125 6126
f 6128 6129 6101
f 6039 6130 6131
f 6132 6133 6134
f 6136 6137 6138
f 6139 6140 6141
f 6143 6144 6145
f 6148 6149 6150
f 6152 6153 6154
f 6155 6156 6157
f 6159 6160 6161
f 6163 6164 6165
f 6167 6168 6169
f 6171 6172 6173
f 6175 6176 6104
f 6178 6179 6180
f 6023 6182 6183
f 6184 6185 6186
f 6117 6116 6188
f 6190 6191 6192
f 6194 6070 6026
f 6195 6196 6191
f 6197 6198 6199
f 6201 6202 6203
f 6205 6206 6207
f 6209 6210 6201
f 6197 6200 6211
f 6212 6211 6213
f 5979 6215 6214
f 6203 6216 6217
f 6206 6199 6198
f 6218 5961 5962
f 5965 6220 6219
f 5972 3355 3354
f 6070 6194 6222
f 6224 6225 6226
f 6228 6229 6230
f 6232 6233 6234
f 6196 6195 6236
f 6071 6070 6223
f 6239 6240 6241
f 6243 6244 6245
f 6247 6073 6248
f 6250 6251 6252
f 6254 6255 6256
f 6258 6259 6260
f 6229 6262 6263
f 6264 6265 6242
f 6266 6267 6268
f 6270 6271 6272
f 6274 6275 6276
f 6195 6278 6279
f 6280 6278 6281
f 6283 6284 6285
f 6123 6122 6287
f 6289 6290 6291
f 6293 6294 6243
f 6240 6296 6297
f 6298 6299 6267
f 6300 6301 6302
f 6304 6305 6306
f 6251 6250 6308
f 6247 6310 6311
f 6313 6314 6315
f 6314 6313 6317
f 6319 6086 6320
f 6322 6087 6088
f 6216 6324 6258
f 6325 6326 6327
f 6217 6258 6261
f 6330 6071 6238
f 6071 6330 6048
f 6015 6332 6333
f 6079 6334 6335
f 6336 6294 6240
f 6294 6293 6296
f 6337 6338 6339
f 6341 6342 6343
f 6345 6346 6347
f 6266 6264 6349
f 6350 6351 6352
f 6295 6243 6246
f 6303 6355 6356
f 6357 6358 6359
f 6361 6362 6363
f 6365 6350 6353
f 6367 6368 6369
f 6371 6367 6370
f 6372 6373 6374
f 6375 6374 6373
f 6376 6377 6378
f 6379 6380 6381
f 6383 6384 6385
f 6387 6388 6389
f 6391 6392 6393
f 6395 6396 6397
f 6398 6399 6400
f 6399 6401 6402
f 6403 6402 6401
f 6405 6406 6407
f 6409 6410 6411
f 6367 6371 6413
f 6374 6375 6415
f 6417 6418 6384
f 6419 6420 6348
f 6421 6422 6423
f 6425 6426 6400
f 6426 6427 6395
f 6393 6396 6428
f 6429 6430 6394
f 6390 6389 6431
f 6433 6434 6408
f 6435 6436 6437
f 6439 6440 6411
f 6392 6391 6441
f 6397 6392 6442
f 6401 6399 6444
f 6446 6447 6437
f 6448 6449 6450
f 6452 6453 6454
f 6442 6441 6456
f 6443 6442 6457
f 6444 6459 6460
f 6445 6444 6461
f 6463 6464 6462
f 6446 6445 6462
f 6466 6467 6468
f 6448 6451 6470
f 6453 6452 6472
f 6474 6475 6476
f 6478 6479 6480
f 6482 6483 6484
f 6486 6487 6488
f 6490 6491 6492
f 6493 6492 6494
f 6496 6497 6498
f 6500 6501 6502
f 6504 6505 6506
f 6508 6468 6509
f 6511 6512 6513
f 6499 6514 6515
f 6516 6517 6518
f 6520 6521 6522
f 6524 6507 6525
f 6507 6524 6527
f 6504 6527 6528
f 6528 6511 6508
f 6529 6530 6531
f 6342 6533 6534
f 6535 6347 6346
f 6347 6535 6537
f 6434 6538 6539
f 6539 6540 6405
f 6541 6542 6451
f 6543 6544 6470
f 6546 6478 6481
f 6499 6498 6548
f 6549 6550 6514
f 6551 6552 6553
f 6555 6556 6557
f 6403 6436 6423
f 6426 6425 6413
f 6415 6560 6428
f 6430 6429 6561
f 6434 6433 6420
f 6563 6564 6565
f 6404 6401 6445
f 6459 6444 6399
f 6455 6454 6388
f 6405 6450 6449
f 6540 6541 6450
f 6567 6495 6568
f 6570 6464 6463
f 6475 6474 6490
f 6458 6457 6571
f 6573 6571 6574
f 6576 6577 6578
f 6193 6192 6580
f 6582 6583 6584
f 6583 6582 6586
f 6588 6589 6587
f 6590 6069 6068
f 6592 6593 6594
f 6251 6310 6595
f 6304 6596 6597
f 6272 3735 6599
f 3737 3736 6558
f 6600 6161 6160
f 6123 6602 6603
f 6604 6605 6606
f 6608 6205 6208
f 5972 6221 6220
f 6610 6611 6612
f 6613 6614 6615
f 6242 6617 6618
f 6226 6619 6245
f 6620 6621 6622
f 6624 6143 6146
f 6626 6213 6211
f 6627 6628 6629
f 6631 6632 6633
f 6235 6635 6636
f 6637 6638 6639
f 6641 6625 6286
f 6643 6644 6645
f 6647 6648 6649
f 6244 6243 6294
f 6336 6651 6652
f 6194 6196 6237
f 6196 6194 6114
f 6115 6192 6191
f 6653 6654 6655
f 6657 6117 6189
f 6117 6657 6659
f 6130 6157 6156
f 6133 6152 6151
f 6661 6111 6662
f 6663 6613 6616
f 6664 6270 6273
f 6418 6417 6432
f 6290 6325 6328
f 6666 6557 6556
f 6557 6666 3805
f 5971 6667 6668
f 6181 6669 6670
f 6671 6672 6673
f 6676 6673 6672
f 6675 6150 6149
f 6067 6066 5999
f 6677 6678 6679
f 6681 6682 6683
f 6087 6322 6090
f 5983 5982 6685
f 5982 6094 6687
f 6094 6093 6688
f 6211 6200 6137
f 6689 6690 6691
f 6690 6689 3833
f 6001 5983 6686
f 5978 6693 6215
f 6694 6693 5978
f 5974 6694 6095
f 6183 6182 6696
f 6698 5959 5961
f 5959 6698 6699
f 6697 6696 6700
f 6702 6629 6703
f 5968 6668 6705
f 6706 5977 5955
f 6707 6618 6617
f 6024 6051 6709
f 6402 6403 6559
f 3852 6711 6712
f 3856 6594 6593
f 5977 6706 6694
f 6713 5955 5977
f 6714 6715 6716
f 6718 6719 6308
f 6720 6255 6254
f 6722 6723 6724
f 6312 6311 6726
f 6069 6590 6728
f 6319 6594 6730
f 6731 6645 6644
f 6732 6733 6734
f 6046 6053 6320
f 3880 3805 6666
f 6736 6737 6738
f 6531 6740 6741
f 6300 6356 6614
f 6742 6532 6325
f 6743 6742 3891
f 6744 6302 6301
f 6746 6747 6534
f 6536 6576 6579
f 6535 6579 6563
f 6566 6538 6537
f 6538 6566 6409
f 6412 6540 6539
f 6412 6748 6541
f 6748 6749 6542
f 6749 6569 6545
f 6568 6750 6547
f 6751 6752 6548
f 6753 6754 6550
f 6755 6756 6757
f 6759 6760 6761
f 6763 6764 6765
f 6764 6620 6623
f 6766 6767 6768
f 6770 6771 6772
f 6774 6775 6776
f 6021 6774 6777
f 6723 6778 6779
f 6780 6781 6782
f 6784 6785 6786
f 6788 6789 6790
f 6185 6792 6793
f 6794 6722 6725
f 6729 6796 6098
f 6135 6797 6798
f 6799 6062 6065
f 6037 6801 6802
f 6005 6004 6588
f 6005 6803 6804
f 6052 6055 6010
f 6586 6582 6803
f 6092 5985 5987
f 6094 5982 5985
f 6096 6806 6695
f 6082 6062 6799
f 6657 6013 6041
f 6013 6657 6658
f 6795 6725 6807
f 6809 6810 6811
f 6813 6814 6815
f 6817 6818 6819
f 6821 6822 6823
f 6329 6209 6204
f 6202 6825 6826
f 6072 6099 6827
f 6598 6829 6305
f 6301 6300 6613
f 6830 6831 6271
f 6822 6779 6778
f 6326 6741 6832
f 6203 6826 6833
f 6027 6048 6051
f 6360 6834 6835
f 6836 6837 6838
f 6837 6840 6841
f 6362 6365 6366
f 6380 6385 6384
f 6421 6564 6578
f 6566 6565 6410
f 6394 6389 6388
f 6414 6422 6368
f 6371 6374 6416
f 6561 6560 6378
f 6382 6381 6562
f 6381 6384 6418
f 6389 6394 6430
f 6391 6388 6454
f 6441 6454 6453
f 6456 6453 6473
f 6495 6494 6750
f 6843 6575 6485
f 6844 6845 6843
f 6573 6845 6847
f 6849 6491 6487
f 6513 6753 6752
f 6517 6521 6850
f 6521 6520 6851
f 6844 6851 6852
f 6505 6504 6510
f 6753 6513 6512
f 6516 6522 6521
f 6614 6740 6854
f 6742 6262 4003
f 6708 6617 6855
f 6307 6306 6857
f 6307 6664 6665
f 6414 6413 6425
f 6416 6415 6427
f 6562 6418 6431
f 6419 6537 6538
f 6358 6836 6839
f 6059 6058 6859
f 6861 6862 6863
f 6865 6866 6867
f 6115 6025 6869
f 6871 6872 6873
f 6721 6254 6596
f 6876 6610 6556
f 6877 6663 6552
f 6551 6878 6268
f 6879 6855 6265
f 6239 6618 6651
f 6230 6263 6619
f 6171 6670 6669
f 6106 6109 6882
f 6883 6884 6822
f 6759 6184 6187
f 6725 6724 6785
f 6885 6795 6808
f 6886 6887 6888
f 6701 6700 6756
f 6884 6786 6779
f 6715 6714 6309
f 6889 6259 6890
f 6743 3890 4042
f 6270 6664 6893
f 6386 6894 6895
f 6895 6348 6420
f 6897 6432 6417
f 6897 6433 6407
f 6390 6898 6899
f 6900 6899 6406
f 6455 6900 6901
f 6902 6903 6904
f 6482 6903 6905
f 6501 6906 6907
f 6496 6515 6908
f 6532 6531 6326
f 6532 6742 6743
f 6612 6910 6735
f 6611 6911 6910
f 6626 5980 5979
f 6704 6912 6105
f 6913 6590 6591
f 6915 6794 6795
f 6229 6228 4067
f 6263 6290 6289
f 6745 6301 6663
f 6916 6771 6757
f 6885 6918 6165
f 6920 6780 6783
f 6921 6922 6923
f 6925 6921 6924
f 6927 6928 6929
f 6931 6932 6933
f 6935 6936 6937
f 6939 6940 6941
f 6943 6944 6945
f 6947 6948 6949
f 6944 6943 6951
f 6953 6954 6955
f 6957 6958 6959
f 6961 6962 6929
f 6964 6965 6966
f 6968 6969 6970
f 6969 6948 6955
f 6972 6943 6946
f 6974 6975 6976
f 6978 6979 6980
f 6940 6939 6982
f 6984 6985 6986
f 6988 6989 6990
f 6992 6990 6989
f 6994 6995 6996
f 6998 6999 7000
f 7002 7003 7004
f 7006 7007 7008
f 7010 7011 7012
f 7014 7015 7016
f 7018 7019 6999
f 7020 7021 7022
f 7024 7025 7026
f 7028 7029 7030
f 7032 7033 7034
f 7003 7002 7036
f 7038 7039 7040
f 6993 6989 7030
f 7042 7043 7044
f 7046 7047 7007
f 7011 7010 7048
f 7050 7051 7052
f 7054 7015 7014
f 7015 7054 7056
f 6621 6620 7045
f 7049 7048 6775
f 7051 7050 6021
f 7055 6697 6701
f 7054 6701 6755
f 6764 6763 7047
f 7020 7058 7059
f 7060 7061 7062
f 6958 7064 7065
f 6925 7066 7067
f 7068 6931 6934
f 7069 6988 6991
f 7071 6995 7072
f 7074 7075 7076
f 7078 7079 7080
f 7014 7017 7082
f 7084 7085 7086
f 7025 7028 7031
f 7085 7084 7072
f 7089 7084 7087
f 7055 7014 7083
f 7090 7087 6770
f 7092 7093 7094
f 7091 6183 6697
f 6770 7087 7086
f 7095 7094 6767
f 7096 7061 6980
f 7098 6941 6940
f 7058 7020 7023
f 7101 6927 6930
f 6974 7060 7063
f 7103 6968 6971
f 7105 6978 6981
f 7106 7107 7036
f 7109 7048 7010
f 7111 7019 7018
f 7098 7003 7037
f 7048 7109 7112
f 7113 6993 7041
f 6994 7114 7115
f 6965 7116 6923
f 6975 6922 6945
f 7061 7096 7065
f 6954 6953 6933
f 6763 7112 7109
f 7046 7045 6620
f 6947 7117 7067
f 6758 7086 7056
f 7118 7119 7039
f 7038 7069 7070
f 7106 7120 7121
f 7123 7124 7053
f 7123 7052 7083
f 7045 7046 7006
f 7107 7106 7122
f 7091 7083 7052
f 7091 7051 6020
f 6936 7096 7097
f 7125 6957 6960
f 6774 6021 7050
f 7119 6939 6942
f 7019 7002 7005
f 7011 7053 7124
f 7021 7126 7040
f 7114 7029 7016
f 7053 7011 7049
f 7086 7085 7057
f 6993 7113 7127
f 7075 7127 7113
f 4281 4280 6603
f 6012 6333 7129
f 7130 6083 6584
f 6797 7132 7133
f 6074 7134 7135
f 6789 6760 6173
f 6760 6789 6776
f 7136 6802 6801
f 6914 6671 6674
f 7007 7110 7059
f 7099 7004 7003
f 6984 7103 7104
f 7110 7007 7047
f 6333 6583 6587
f 5956 6699 6667
f 5957 5956 5971
f 7137 6715 6308
f 4292 4293 6718
f 6693 6705 6668
f 6215 6668 6667
f 6214 6667 6699
f 6698 6197 6212
f 6219 6207 6198
f 6207 6219 6220
f 6220 6221 6609
f 6262 6229 4066
f 7138 7139 7140
f 4298 7142 7140
f 7143 7144 7145
f 7147 7148 7144
f 7149 7150 7151
f 7150 7152 7153
f 6329 6261 7154
f 6261 6260 7155
f 7156 6829 7157
f 6598 6597 7159
f 6257 6256 7161
f 6256 4322 4321
f 6693 6694 6706
f 5954 5969 6705
f 5953 5966 5969
f 7163 5984 5983
f 7164 7165 6138
f 7167 7168 7169
f 6141 7171 7172
f 7166 7171 7173
f 6141 6140 7174
f 7176 7177 7178
f 7180 7181 7182
f 7184 7185 7186
f 6631 7180 7183
f 6218 6198 6197
f 6625 6641 7189
f 6814 6813 7190
f 6882 7192 7193
f 7195 7196 6109
f 6888 7197 7198
f 7200 7201 7202
f 7176 6627 6630
f 6029 7184 7187
f 7205 7206 7207
f 7209 7210 7211
f 7203 7202 7213
f 6886 7215 6778
f 6031 6030 7215
f 7216 7217 7218
f 7220 7221 6880
f 6076 6075 7220
f 6074 6077 6672
f 6147 6150 6662
f 7223 6662 6111
f 6810 6809 6113
f 6920 7134 6914
f 6077 6660 6675
f 6660 6077 6076
f 7222 7220 6669
f 7224 7222 6181
f 6660 6662 6150
f 7225 7226 6794
f 6783 6782 7225
f 6781 6780 6068
f 7217 7227 7228
f 6031 6888 7199
f 6887 6886 6723
f 6164 7225 6915
f 6780 6920 6591
f 7134 6074 6671
f 7229 7230 6824
f 7187 7186 7230
f 7226 6887 6722
f 7231 7232 6169
f 7201 7231 7233
f 6107 7234 7235
f 7215 7229 6823
f 6030 7187 7229
f 7236 7216 7219
f 7237 7238 6820
f 7237 7208 7207
f 7239 7240 7241
f 6739 7243 7244
f 7245 7239 7242
f 7233 6169 6168
f 7247 7213 7202
f 7195 6108 7203
f 7248 7249 7250
f 7227 7251 7252
f 7253 6067 5998
f 6067 7253 7198
f 6781 7198 7197
f 5984 7163 6683
f 7254 7250 6678
f 6679 7249 7252
f 6887 7226 7197
f 6782 7197 7226
f 7135 6919 6163
f 7221 7220 6075
f 6661 6076 7222
f 7224 6112 6111
f 6180 6810 6112
f 6179 6811 6810
f 6811 6179 6793
f 6650 6792 6622
f 6766 6621 7044
f 7095 7044 7043
f 7092 7043 7121
f 7078 7120 7255
f 7256 7232 7257
f 6768 6772 7259
f 6773 6767 7094
f 7090 7094 7093
f 7089 7093 7080
f 7071 7079 7032
f 7077 7018 6998
f 6995 7071 7260
f 7077 7076 7261
f 7035 7034 7018
f 7108 7019 7111
f 6978 7105 7262
f 7105 7263 7264
f 7263 6944 6952
f 6990 6992 6951
f 6972 7117 7266
f 7117 6947 6950
f 6948 6969 7267
f 6969 6968 6982
f 7103 6984 6987
f 7005 7004 6986
f 6999 7005 7268
f 7269 7270 7271
f 7274 7272 7275
f 7274 7273 7276
f 7278 7279 7280
f 7282 7283 7284
f 7286 7287 7288
f 7290 7291 7292
f 7294 7295 7296
f 7068 7297 7298
f 7300 7301 7302
f 7304 6962 7305
f 7307 7285 7305
f 7309 7284 7283
f 7311 7312 7313
f 7125 7304 7306
f 7285 7307 7280
f 7277 7281 7303
f 6965 6964 7316
f 7318 7312 7316
f 7320 7321 7271
f 7312 7318 7296
f 7270 7269 7298
f 7311 7270 7322
f 6961 6932 7300
f 7323 7324 7325
f 7327 7064 7328
f 7064 6958 7325
f 7287 7330 7292
f 6931 7068 7299
f 7331 7327 7329
f 7332 7333 7334
f 7336 7337 7338
f 7340 7341 7333
f 7342 7341 7343
f 7345 7346 7347
f 7348 7349 7350
f 7352 7353 7354
f 7356 7357 7358
f 7360 7361 7362
f 7365 7366 7367
f 7368 7369 7370
f 7372 7373 7336
f 7373 7375 7337
f 7367 7366 7376
f 7378 7379 7380
f 7382 7383 7384
f 7386 7387 7385
f 7388 7389 7390
f 7392 7334 7333
f 7394 7395 7396
f 7398 7399 7400
f 7402 7403 7404
f 7406 7407 7408
f 7410 7411 7383
f 7412 7413 7414
f 7385 7416 7417
f 7389 7418 7419
f 7373 7420 7421
f 7420 7373 7372
f 7369 7423 7424
f 7399 7398 7397
f 7393 7333 7341
f 7398 7358 7357
f 7358 7398 7401
f 7428 7429 7430
f 7433 7434 7435
f 7363 7362 7436
f 7383 7438 7439
f 7411 7440 7438
f 7441 7442 7443
f 7445 7446 7339
f 7374 7336 7339
f 7444 7365 7364
f 7448 7364 7450
f 7364 7367 7451
f 7451 7367 7377
f 7449 7450 7454
f 7455 7454 7450
f 7456 7455 7451
f 7410 7457 7458
f 7460 7461 7462
f 7423 7369 7462
f 7464 7465 7466
f 7468 7469 7347
f 7376 7366 7471
f 7425 7397 7396
f 7475 7476 7477
f 7478 7479 7480
f 7482 7483 7407
f 7484 7485 7351
f 7487 7405 7488
f 7490 7491 7492
f 7412 7415 7434
f 7494 7495 7434
f 7496 7388 7391
f 7440 7411 7498
f 7401 7400 7488
f 7485 7346 7345
f 7500 7502 7427
f 7395 7394 7469
f 7503 7504 7505
f 7507 7508 7509
f 7511 7512 7513
f 7511 7514 7515
f 7517 7518 7519
f 7521 7522 7523
f 7352 7524 7525
f 7415 7414 7527
f 7528 7529 7530
f 7404 7531 7502
f 7477 7388 7496
f 7512 7478 7481
f 7405 7404 7500
f 7533 7534 7535
f 7378 7507 7510
f 7532 7496 7379
f 7539 7540 7541
f 7524 7352 7355
f 7351 7485 7501
f 7414 7524 7523
f 7522 7543 7527
f 7544 7413 7412
f 7546 7416 7547
f 7526 7549 7353
f 7550 7521 7355
f 7521 7550 7551
f 7552 7546 7548
f 7546 7552 7553
f 7522 7521 7548
f 7418 7556 7520
f 7416 7546 7554
f 7457 7557 7558
f 7557 7559 7560
f 7562 7561 7563
f 7564 7563 7349
f 7351 7350 7565
f 7567 7568 7569
f 7570 7555 7520
f 7419 7418 7555
f 7572 7564 7348
f 7389 7476 7556
f 7573 7490 7493
f 7552 7535 7534
f 7562 7574 7536
f 7572 7575 7576
f 7422 7577 7578
f 7423 7579 7580
f 7579 7423 7463
f 7578 7574 7576
f 7583 7584 7381
f 7586 7579 7581
f 7533 7580 7579
f 7447 7339 7338
f 7588 7502 7531
f 7590 7428 7431
f 7321 7320 7592
f 7275 7581 7463
f 7461 7278 7276
f 7279 7278 7461
f 7453 7454 7593
f 7594 7593 7454
f 7330 7287 7498
f 7459 7458 7294
f 7558 7560 7595
f 7560 7592 7320
f 7275 7321 7585
f 7462 7276 7273
f 7596 7583 7380
f 7597 7598 7406
f 7467 7466 7599
f 7601 7602 7603
f 7605 7365 7444
f 7365 7605 7606
f 7607 7495 7494
f 7513 7481 7473
f 7396 7395 7514
f 7514 7395 7468
f 7470 7609 7515
f 7610 7611 7609
f 7612 7556 7476
f 7613 7530 7529
f 7442 7441 7615
f 7574 7578 7577
f 7619 7400 7399
f 7518 7479 7509
f 7491 7399 7425
f 7549 7620 7621
f 7491 7490 7622
f 7377 7438 7440
f 7379 7496 7497
f 7453 7461 7460
f 7411 7410 7459
f 7623 7624 7391
f 7625 7611 7610
f 7487 7407 7483
f 7619 7622 7408
f 7627 7628 7620
f 7538 7379 7378
f 7389 7388 7477
f 7629 7545 7412
f 7489 7408 7407
f 7628 7627 7598
f 7413 7525 7524
f 7592 7560 7559
f 7584 7631 7632
f 7569 7568 7633
f 7570 7508 7566
f 7631 7567 7566
f 7508 7570 7519
f 7614 7573 7480
f 7346 7610 7470
f 7572 7574 7562
f 7571 7633 7634
f 7346 7485 7484
f 7607 7591 7431
f 7585 7592 7630
f 7624 7596 7497
f 7635 7386 7384
f 7636 7427 7502
f 7323 7309 7310
f 7420 7578 7582
f 7637 7594 7455
f 7287 7286 7499
f 7458 7558 7295
f 7439 7376 7472
f 7599 7601 7604
f 7359 7358 7427
f 7436 7638 7639
f 7490 7573 7640
f 7481 7480 7493
f 7641 7506 7505
f 7642 7643 7627
f 7492 7425 7473
f 7517 7612 7625
f 7625 7484 7486
f 7634 7623 7390
f 7474 7477 7532
f 7448 7368 7441
f 7368 7448 7449
f 7615 7441 7368
f 7638 7603 7602
f 7575 7572 7501
f 7571 7555 7570
f 7400 7619 7489
f 7508 7507 7632
f 7503 7506 7540
f 6957 7125 7315
f 7376 7439 7438
f 7507 7378 7381
f 7499 7456 7452
f 7286 7637 7456
f 7504 7642 7644
f 7645 7598 7627
f 7647 7634 7633
f 7647 7648 7623
f 7649 7624 7623
f 7650 7596 7624
f 7646 7633 7568
f 7651 7568 7567
f 7653 7652 7567
f 7651 7654 7655
f 7656 7657 7658
f 7660 7658 7657
f 7663 7657 7656
f 7664 7665 7663
f 7667 7666 7663
f 7667 7662 7668
f 7663 7665 7661
f 7670 7671 7672
f 7661 7672 7671
f 7659 7668 7662
f 7648 7647 7668
f 7648 7659 7673
f 7659 7658 7674
f 7658 7660 7675
f 7668 7647 7646
f 7660 7671 7676
f 7675 7677 7678
f 7677 7675 7676
f 7677 7680 7681
f 7682 7683 7678
f 7677 7679 7684
f 7673 7674 7678
f 7683 7650 7649
f 7685 7676 7671
f 7667 7655 7686
f 7666 7686 7687
f 7654 7688 7686
f 7689 7687 7686
f 7664 7687 7691
f 7650 7692 7583
f 7693 7653 7631
f 7584 7583 7692
f 7693 7692 7682
f 7694 7682 7681
f 7694 7696 7653
f 7650 7683 7682
f 7696 7697 7652
f 7654 7651 7652
f 7688 7654 7697
f 7699 7698 7697
f 7700 7701 7698
f 7695 7699 7696
f 7699 7695 7702
f 7689 7688 7698
f 7689 7701 7703
f 7705 7706 7707
f 7701 7700 7705
f 7704 7703 7707
f 7685 7670 7691
f 7687 7689 7704
f 7680 7702 7695
f 7684 7706 7702
f 7702 7706 7705
f 7684 7679 7707
f 7676 7685 7707
f 7665 7669 7672
f 7670 7669 7690
f 7665 7664 7690
f 7611 7475 7474
f 7510 7509 7479
f 7511 7538 7537
f 7516 7532 7538
f 7517 7530 7613
f 7537 7510 7478
f 7611 7625 7612
f 7613 7480 7479
f 7556 7612 7517
f 7516 7515 7609
f 7708 7709 7710
f 7712 7713 7714
f 7713 7716 7717
f 7719 7720 7721
f 7722 7723 7597
f 7724 7712 7715
f 7726 7727 7728
f 7731 7640 7573
f 7730 7573 7614
f 7733 7734 7735
f 7721 7712 7724
f 7731 7722 7409
f 7708 7726 7729
f 7737 7724 7709
f 7716 7741 7736
f 7742 7743 7744
f 7740 7736 7735
f 7717 7716 7740
f 7716 7713 7720
f 7748 7749 7711
f 7750 7748 7710
f 7720 7719 7751
f 7734 7723 7728
f 7709 7724 7725
f 7752 7753 7715
f 7739 7709 7708
f 7720 7713 7712
f 7749 7754 7755
f 7745 7744 7756
f 7746 7727 7742
f 7743 7742 7755
f 7727 7746 7735
f 7747 7756 7757
f 7753 7750 7725
f 7751 7621 7620
f 7757 7752 7714
f 7718 7721 7737
f 7747 7740 7746
f 7727 7726 7755
f 7726 7708 7711
f 7759 7757 7756
f 7759 7760 7752
f 7760 7761 7753
f 7761 7762 7750
f 7758 7756 7744
f 7763 7744 7743
f 7754 7765 7764
f 7763 7766 7767
f 7768 7769 7770
f 7772 7768 7771
f 7775 7768 7772
f 7776 7777 7775
f 7779 7778 7775
f 7775 7777 7769
f 7770 7769 7781
f 7782 7774 7772
f 7760 7759 7782
f 7760 7773 7783
f 7773 7771 7784
f 7770 7785 7784
f 7779 7774 7782
f 7782 7759 7758
f 7785 7770 7780
f 7785 7787 7788
f 7787 7785 7786
f 7787 7790 7791
f 7792 7793 7788
f 7787 7789 7794
f 7793 7783 7784
f 7762 7761 7783
f 7796 7786 7780
f 7795 7780 7781
f 7779 7767 7798
f 7799 7776 7778
f 7766 7800 7798
f 7800 7801 7799
f 7802 7776 7799
f 7795 7797 7802
f 7762 7804 7748
f 7805 7765 7754
f 7749 7748 7804
f 7805 7804 7792
f 7806 7792 7791
f 7806 7808 7765
f 7793 7792 7804
f 7808 7809 7764
f 7766 7763 7764
f 7766 7809 7810
f 7811 7810 7809
f 7812 7813 7810
f 7807 7811 7808
f 7811 7807 7814
f 7813 7801 7800
f 7801 7813 7815
f 7817 7818 7819
f 7813 7812 7817
f 7816 7815 7819
f 7796 7795 7803
f 7799 7801 7816
f 7790 7814 7807
f 7794 7818 7814
f 7814 7818 7817
f 7794 7789 7819
f 7786 7796 7819
f 7777 7797 7781
f 7777 7776 7802
f 7528 7719 7718
f 7729 7728 7723
f 7738 7731 7730
f 7732 7737 7739
f 7733 7620 7628
f 7722 7731 7738
f 7621 7751 7719
f 7628 7597 7723
f 7733 7736 7741
f 7732 7614 7529
f 7486 7565 7621
f 7549 7565 7350
f 7353 7350 7349
f 7354 7349 7563
f 7821 7822 7823
f 7824 7825 7826
f 7825 7828 7829
f 7830 7831 7832
f 7834 7824 7827
f 7836 7837 7838
f 7840 7482 7406
f 7841 7406 7598
f 7843 7844 7845
f 7833 7824 7834
f 7848 7820 7836
f 7847 7834 7821
f 7828 7851 7846
f 7853 7854 7855
f 7850 7846 7845
f 7829 7828 7850
f 7828 7825 7832
f 7858 7859 7823
f 7860 7858 7822
f 7831 7861 7851
f 7844 7862 7838
f 7834 7835 7822
f 7863 7864 7827
f 7849 7821 7820
f 7825 7824 7833
f 7859 7865 7866
f 7855 7854 7867
f 7837 7852 7855
f 7865 7853 7852
f 7837 7856 7845
f 7857 7867 7868
f 7864 7860 7835
f 7843 7861 7642
f 7868 7863 7826
f 7830 7833 7847
f 7857 7850 7856
f 7837 7836 7866
f 7836 7820 7823
f 7870 7868 7867
f 7870 7871 7863
f 7871 7872 7864
f 7872 7873 7860
f 7869 7867 7854
f 7874 7854 7853
f 7876 7875 7853
f 7874 7877 7878
f 7879 7880 7881
f 7883 7879 7882
f 7886 7879 7883
f 7887 7888 7886
f 7890 7889 7886
f 7886 7888 7880
f 7891 7881 7880
f 7884 7893 7885
f 7871 7870 7893
f 7871 7884 7894
f 7884 7882 7895
f 7882 7881 7896
f 7890 7885 7893
f 7893 7870 7869
f 7881 7891 7897
f 7898 7899 7895
f 7900 7898 7896
f 7901 7902 7899
f 7904 7899 7902
f 7898 7900 7905
f 7894 7895 7899
f 7904 7873 7872
f 7907 7897 7891
f 7906 7891 7892
f 7890 7878 7909
f 7910 7887 7889
f 7877 7911 7909
f 7912 7910 7909
f 7887 7910 7914
f 7906 7908 7913
f 7873 7915 7858
f 7916 7876 7865
f 7859 7858 7915
f 7916 7915 7903
f 7917 7903 7902
f 7917 7919 7876
f 7873 7904 7903
f 7919 7920 7875
f 7877 7874 7875
f 7911 7877 7920
f 7922 7921 7920
f 7923 7924 7921
f 7918 7922 7919
f 7922 7918 7925
f 7924 7912 7911
f 7912 7924 7926
f 7928 7929 7930
f 7924 7923 7928
f 7927 7926 7930
f 7907 7906 7914
f 7910 7912 7927
f 7901 7925 7918
f 7905 7929 7925
f 7925 7929 7928
f 7905 7900 7930
f 7897 7907 7930
f 7888 7908 7892
f 7888 7887 7913
f 7645 7643 7831
f 7839 7838 7862
f 7841 7849 7848
f 7842 7847 7849
f 7504 7503 7844
f 7839 7931 7840
f 7643 7642 7861
f 7503 7539 7862
f 7846 7851 7861
f 7842 7598 7645
f 7932 7933 7934
f 7936 7937 7938
f 7937 7940 7941
f 7942 7943 7944
f 7947 7948 7949
f 7950 7936 7939
f 7953 7954 7955
f 7956 7957 7958
f 7956 7959 7540
f 7962 7963 7964
f 7936 7950 7965
f 7946 7949 7958
f 7966 7932 7952
f 7965 7950 7933
f 7968 7940 7969
f 7970 7971 7972
f 7974 7968 7964
f 7941 7940 7968
f 7940 7937 7944
f 7976 7977 7935
f 7978 7976 7934
f 7943 7979 7969
f 7947 7954 7963
f 7933 7950 7951
f 7980 7981 7939
f 7967 7933 7932
f 7937 7936 7945
f 7977 7982 7983
f 7973 7972 7984
f 7953 7970 7973
f 7982 7971 7970
f 7974 7963 7954
f 7975 7984 7985
f 7981 7978 7951
f 7961 7979 7544
f 7985 7980 7938
f 7942 7945 7965
f 7975 7968 7974
f 7952 7983 7970
f 7952 7932 7935
f 7987 7985 7984
f 7987 7988 7980
f 7988 7989 7981
f 7989 7990 7978
f 7986 7984 7972
f 7991 7972 7971
f 7993 7992 7971
f 7986 7991 7994
f 7997 7998 7999
f 8000 7996 7999
f 8003 7996 8000
f 8005 8003 8006
f 8007 8006 8003
f 7996 8003 8005
f 7998 7997 8009
f 8010 8002 8000
f 7988 7987 8010
f 7988 8001 8011
f 8011 8001 7999
f 7998 8013 8012
f 8007 8002 8010
f 8010 7987 7986
f 8013 7998 8008
f 8015 8016 8012
f 8017 8015 8013
f 8018 8019 8016
f 8021 8016 8019
f 8015 8017 8022
f 8011 8012 8016
f 8021 7990 7989
f 8023 8024 8014
f 8023 8008 8009
f 8007 7995 8026
f 8026 8027 8004
f 8028 8026 7995
f 8029 8027 8026
f 8030 8004 8027
f 8023 8025 8030
f 7990 8032 7976
f 8033 7993 7982
f 7976 8032 8033
f 8034 8033 8032
f 8035 8034 8020
f 8034 8036 7993
f 7990 8021 8020
f 8036 8037 7992
f 7991 7992 8037
f 7994 8037 8038
f 8039 8038 8037
f 8040 8041 8038
f 8035 8039 8036
f 8039 8035 8042
f 8041 8029 8028
f 8029 8041 8043
f 8045 8046 8047
f 8041 8040 8045
f 8044 8043 8047
f 8024 8023 8031
f 8027 8029 8044
f 8042 8035 8019
f 8022 8046 8042
f 8042 8046 8045
f 8017 8047 8046
f 8014 8024 8047
f 8005 8025 8009
f 8005 8004 8030
f 7506 7641 7943
f 7954 7947 7946
f 7967 7966 7957
f 7960 7965 7967
f 7948 7947 7962
f 7955 7946 7957
f 7641 7544 7979
f 7969 7979 7961
f 7960 7540 7506
f 7362 8049 8050
f 8052 7618 7464
f 8051 7464 7467
f 8054 8055 7600
f 8056 7361 7618
f 7436 8050 8057
f 8049 7362 7361
f 8057 8058 7603
f 8055 8053 7467
f 8058 8054 7604
f 8059 8060 8058
f 8060 8061 8054
f 8061 8062 8055
f 8062 8063 8053
f 8059 8057 8050
f 8064 8050 8049
f 8056 8066 8065
f 8059 8064 8067
f 8069 8070 8071
f 8073 8069 8072
f 8075 8069 8073
f 8077 8078 8075
f 8075 8079 8070
f 8079 8080 8081
f 8082 8071 8070
f 8083 8076 8073
f 8061 8060 8083
f 8061 8074 8084
f 8074 8072 8085
f 8072 8071 8086
f 8077 8076 8083
f 8083 8060 8059
f 8071 8082 8087
f 8088 8089 8085
f 8090 8088 8086
f 8091 8092 8089
f 8094 8089 8092
f 8088 8090 8095
f 8084 8085 8089
f 8094 8063 8062
f 8097 8087 8082
f 8096 8082 8081
f 8077 8068 8098
f 8099 8100 8078
f 8101 8098 8068
f 8102 8099 8098
f 8100 8099 8104
f 8096 8080 8103
f 8075 8078 8100
f 8079 8100 8103
f 8105 8051 8053
f 8066 8056 8052
f 8051 8105 8106
f 8107 8106 8105
f 8108 8107 8093
f 8107 8109 8066
f 8063 8094 8093
f 8109 8110 8065
f 8064 8065 8110
f 8067 8110 8111
f 8112 8111 8110
f 8113 8114 8111
f 8108 8112 8109
f 8112 8108 8115
f 8114 8102 8101
f 8102 8114 8116
f 8118 8119 8120
f 8114 8113 8118
f 8117 8116 8120
f 8097 8096 8104
f 8099 8102 8117
f 8091 8115 8108
f 8095 8119 8115
f 8115 8119 8118
f 8095 8090 8120
f 8087 8097 8120
f 7550 7563 7561
f 7552 7551 7561
f 7931 7862 7539
f 7640 7409 7408
f 7549 7526 7644
f 7525 7413 7544
f 7931 7542 7482
f 7483 7482 7542
f 7626 7402 7405
f 7629 7433 7432
f 7629 8121 7949
f 8122 7958 7949
f 8123 8122 8121
f 8124 8123 7432
f 7434 7495 8125
f 8125 7430 8124
f 8124 7430 7429
f 8123 8124 8126
f 8122 8123 8127
f 7541 7540 7959
f 7404 7403 8129
f 8125 7495 7431
f 7526 7525 7505
f 7626 7483 7541
f 7959 7958 8122
f 7961 7545 8048
f 7629 7948 8048
f 8127 7402 7626
f 7402 8127 8126
f 8129 7403 8126
f 7428 7531 8129
f 7589 7531 7428
f 7334 7392 7426
f 7335 7334 7357
f 7616 7615 7446
f 7392 7397 7398
f 7393 7394 7397
f 7342 7469 7394
f 7344 7347 7469
f 7343 7618 7361
f 7360 7345 7344
f 7363 7575 7345
f 7437 7576 7575
f 7582 7576 7437
f 7421 7582 7639
f 7375 7421 7602
f 7599 7337 7375
f 7465 7464 7618
f 7332 7447 7587
f 7447 7332 7335
f 7445 7335 7356
f 7359 7442 7616
f 7636 7443 7442
f 7588 7605 7443
f 7589 7606 7605
f 7590 7471 7606
f 7471 7590 7591
f 7446 7615 7371
f 7371 7370 7372
f 7422 7372 7370
f 7577 7422 7424
f 7536 7577 7580
f 7591 7607 7635
f 7607 7608 7386
f 7543 7608 7494
f 7547 7387 7543
f 7608 7543 7387
f 7387 7547 7416
f 7457 7410 7382
f 7557 7457 7417
f 7559 7557 7554
f 7630 7559 7553
f 7534 7533 7586
f 7466 7338 7337
f 7465 7587 7338
f 7617 7340 7587
f 7341 7340 7617
f 8130 6091 6090
f 6023 6022 8132
f 6182 6023 8133
f 6623 6622 6792
f 6787 6696 6182
f 8134 6700 6696
f 6917 6757 6756
f 6762 6761 7112
f 6762 6765 6184
f 6765 6623 6185
f 6650 6769 6768
f 6772 6771 6916
f 6777 6776 6789
f 6022 6777 6788
f 6756 6700 8134
f 6758 6757 6771
f 6761 6776 6775
f 6769 6622 6621
f 6772 6768 6767
f 6174 6173 6760
f 6187 6186 6178
f 6811 6649 6648
f 6786 6785 6724
f 6791 6790 6918
f 6186 6793 6179
f 6808 6807 8133
f 6884 6883 8135
f 6174 6187 6670
f 6807 6785 6784
f 6791 6808 8132
f 6786 6884 8134
f 6790 6173 6172
f 6649 6793 6792
f 6316 6315 8136
f 8137 6655 6654
f 8139 8140 6601
f 6656 6655 6580
f 6868 8141 8142
f 6316 6712 6711
f 6864 8143 8144
f 6864 6863 8145
f 6868 6867 6869
f 6656 6867 6866
f 8146 8147 8148
f 8139 8150 8151
f 8152 8153 6866
f 8154 8155 8138
f 6874 6873 8156
f 8158 6318 8159
f 8160 8152 6865
f 8161 6317 6313
f 6161 6600 8162
f 8164 8154 6654
f 8153 8164 6653
f 8165 8166 8167
f 8166 5989 8169
f 5989 5988 8170
f 5988 6017 8171
f 8172 8173 6043
f 8174 8175 6032
f 8174 6035 6098
f 8176 6098 6796
f 8177 6796 8178
f 7132 8178 6728
f 6589 6588 8180
f 8180 6588 6004
f 8181 6004 6007
f 6334 6079 6731
f 6079 6078 6645
f 6078 6085 6646
f 6085 8183 8184
f 6091 8130 8185
f 6086 6730 8183
f 6950 6949 7118
f 6952 6951 6992
f 6983 6982 6968
f 6987 6986 7004
f 7001 7000 6979
f 7001 7262 7074
f 7262 7264 7075
f 7264 6952 7127
f 7265 6951 6943
f 7265 7266 6991
f 7266 6950 7070
f 6949 7267 7119
f 7267 6982 6939
f 6983 6987 7099
f 7268 6986 6985
f 7000 7268 8186
f 6938 6937 6985
f 6946 6945 6922
f 6956 6955 6948
f 6971 6970 6928
f 6970 6955 6954
f 6973 6946 6921
f 6977 6976 7263
f 6981 6980 7061
f 6973 7067 7117
f 7097 6980 6979
f 7104 6971 6927
f 6977 6981 7060
f 6976 6945 6944
f 6956 7067 7066
f 6937 7097 8186
f 6938 7104 7101
f 6924 6923 7116
f 6926 6924 7297
f 6930 6929 6962
f 6934 6933 6953
f 6960 6959 6936
f 6963 6929 6928
f 6967 6966 6975
f 7063 7062 7327
f 6959 7065 7096
f 6926 6934 7066
f 7102 6930 7304
f 6967 7063 7331
f 6966 6923 6922
f 7062 7065 7064
f 6963 6933 6932
f 7102 6960 6935
f 7299 7298 7269
f 7301 7300 6932
f 7306 7305 7285
f 7308 7305 6962
f 7315 7306 7284
f 7317 7316 7312
f 7319 7316 6964
f 7322 7298 7297
f 7317 7322 7116
f 7308 7300 7303
f 7326 7325 6958
f 7329 7328 7291
f 7328 7325 7324
f 7301 7299 8187
f 7319 7329 7290
f 7326 7315 7309
f 7272 7271 7321
f 7272 7274 8187
f 7274 7277 7302
f 7281 7280 7307
f 7283 7282 7593
f 7289 7288 7324
f 7293 7292 7330
f 7293 7296 7318
f 7310 7283 7594
f 7314 7313 7595
f 7282 7280 7279
f 7278 7281 7277
f 7314 7271 7270
f 7313 7296 7295
f 7288 7292 7291
f 7289 7310 7637
f 6003 6002 6626
f 6003 6138 7165
f 6690 8188 8189
f 6686 6685 5981
f 6685 6687 6096
f 6687 6688 6806
f 6002 6686 5980
f 6606 8188 5351
f 7164 7173 8190
f 8192 7175 7174
f 6015 6014 8153
f 6189 6188 8155
f 8157 8156 6284
f 6332 6015 8152
f 6593 6592 6317
f 6658 6189 8154
f 6014 6658 8164
f 6332 8194 7131
f 6805 8159 6321
f 6146 8163 8162
f 6607 7128 8195
f 8196 6126 6125
f 8198 7169 7168
f 8199 7168 6633
f 7177 6632 8201
f 8202 8203 8204
f 7208 7186 7185
f 7237 7230 7186
f 6819 6824 7230
f 6818 6821 6824
f 8206 6883 6821
f 8207 6917 8135
f 6917 8207 8209
f 8209 8210 7259
f 8210 8211 6647
f 6812 6648 8212
f 6809 6812 7258
f 6809 7257 8213
f 6113 8213 8214
f 7235 7223 6110
f 7223 7235 7234
f 6147 7234 8215
f 6148 8215 8216
f 8218 6155 6158
f 8219 6285 6116
f 6284 6188 6116
f 6188 6284 8156
f 8155 8156 6873
f 8138 6873 6872
f 8137 6872 8148
f 6193 8147 6281
f 6190 6281 6278
f 8220 8221 8222
f 8224 8225 7139
f 6223 6222 8226
f 6237 6236 8228
f 6238 6223 8227
f 6249 6248 8231
f 6253 6252 8233
f 6236 6279 8221
f 6331 6238 8230
f 6252 6595 8236
f 6222 6237 8229
f 6828 6827 8237
f 6280 8239 8240
f 8208 8135 6883
f 6648 6647 8211
f 6143 6624 8242
f 6624 7189 8244
f 8245 8246 8247
f 8249 8250 8251
f 7195 8253 8254
f 7214 8255 8253
f 8256 8255 7214
f 7243 7211 8257
f 7210 8258 8257
f 8259 7181 6102
f 8261 6122 6121
f 8178 7132 8263
f 7132 6797 8264
f 6797 6135 8265
f 6135 6134 8266
f 6134 6151 8267
f 6151 6154 8268
f 6154 8269 8270
f 8269 8271 8272
f 7194 7193 8273
f 7193 8250 8275
f 8249 8259 8260
f 8248 8277 8278
f 6129 6128 8279
f 7169 8198 8197
f 8198 8190 8192
f 7171 6141 7175
f 6589 6801 7129
f 6801 6037 6040
f 6037 6036 6041
f 6036 6131 6659
f 6131 6156 6118
f 6156 6155 6119
f 8218 8219 6119
f 8219 8218 6815
f 7191 7189 6641
f 8246 8244 7189
f 8245 8278 8281
f 8280 8279 6288
f 6125 6124 7170
f 6288 6127 6602
f 6126 8196 6604
f 8196 8193 6605
f 7174 6140 6691
f 6691 6140 6139
f 7171 7166 8283
f 7172 8283 8284
f 6139 6142 8284
f 8285 8286 8287
f 8211 8210 8289
f 8290 8291 8292
f 8293 8294 8291
f 8293 8207 8208
f 8296 8297 8298
f 6818 6817 8296
f 8285 7256 7258
f 7243 8299 7212
f 7243 6739 8300
f 8301 8300 6739
f 8302 8256 7213
f 8303 8302 7247
f 8304 8303 6168
f 6738 8298 8297
f 8288 8287 6167
f 8304 8292 8291
f 8305 8291 8294
f 6737 6736 8306
f 6736 7244 8307
f 8243 8242 8308
f 8242 8244 8282
f 8247 8246 7191
f 7196 8254 8251
f 8253 8310 8311
f 8255 8312 8310
f 8313 8312 8255
f 7244 8257 8313
f 8313 8257 8258
f 8312 8258 8314
f 8315 8311 8310
f 8311 8315 8316
f 8282 8281 8317
f 8308 8317 8261
f 8309 8261 8262
f 8248 8247 8275
f 8282 8244 8246
f 8307 8313 8256
f 8306 8307 8302
f 8305 8306 8303
f 8298 6738 6737
f 8287 8292 8304
f 7253 8319 7199
f 8319 8320 6028
f 8320 8321 6029
f 8321 8322 7184
f 8322 8203 7185
f 8203 8202 7205
f 8202 7240 7206
f 7239 7245 7210
f 7251 7227 8319
f 7227 7217 8320
f 7217 7216 8321
f 7216 7236 8322
f 7236 8204 8203
f 6175 8199 8200
f 7165 7164 8191
f 6137 8283 7166
f 6200 6199 8283
f 6199 6206 8284
f 8284 6206 6205
f 6205 6608 6689
f 6689 6608 5485
f 7009 7008 8323
f 7013 7012 7021
f 7017 7016 7029
f 7013 7059 7110
f 7073 7072 7084
f 7081 7080 7093
f 7082 7017 7028
f 7088 7072 6995
f 7088 7115 7057
f 7122 7121 7043
f 7124 7123 7024
f 7082 7025 7024
f 7009 7122 7042
f 7012 7124 7126
f 7115 7016 7015
f 7008 7059 7058
f 7081 7121 7120
f 7073 7080 7079
f 6997 6996 7076
f 7023 7022 6942
f 7027 7026 7069
f 7031 7030 6989
f 7079 7078 7033
f 7037 7036 7107
f 7027 7040 7126
f 7041 7030 7029
f 7026 7031 6988
f 7100 7023 6941
f 7108 7036 7002
f 7100 7037 8323
f 6997 7041 7114
f 7022 7040 7039
f 7111 7034 7033
f 7035 7261 7260
f 7261 7076 6996
f 7108 7255 7120
f 7245 8314 8258
f 7246 8315 8314
f 7181 8259 8316
f 8277 6101 6129
f 8278 6129 8280
f 6287 8317 8281
f 6122 8261 8317
f 5487 6145 6144
f 5489 6159 6162
f 6637 8324 8325
f 8326 8325 8225
f 5494 7139 8225
f 6160 6159 8150
f 5496 8324 8151
f 8163 8327 6162
f 6146 6145 8327
f 8243 8328 6144
f 8328 8243 8309
f 8318 8262 5501
f 8262 6121 5502
f 8329 8330 8331
f 8333 8334 8335
f 8338 8182 6007
f 8329 8334 8339
f 8341 6334 6734
f 6006 8342 8337
f 8342 6006 6804
f 6065 6064 8339
f 5995 5994 8341
f 6918 6172 6166
f 7221 6163 6166
f 6172 6171 6880
f 8344 5952 5955
f 5519 5976 5975
f 6806 8345 8346
f 6646 8184 8347
f 8165 8348 8349
f 6322 8350 8131
f 8345 6806 6688
f 6695 8346 5975
f 5976 5519 5528
f 5529 8130 8131
f 6643 8347 8352
f 8183 5533 5532
f 5534 8185 8130
f 6730 5535 5533
f 8351 6688 6093
f 5535 6730 6594
f 8353 8354 6652
f 8354 8353 8355
f 8357 8358 6825
f 8359 8357 6202
f 6224 8354 8356
f 6275 8361 8362
f 6201 6210 7143
f 7146 8363 8359
f 8357 8359 8363
f 8355 8365 8366
f 8361 8360 8368
f 8356 8355 8367
f 8370 8371 8372
f 8220 8373 7145
f 6275 6274 6228
f 5558 4067 6228
f 8375 8369 8367
f 8362 8368 8376
f 8378 8379 8380
f 8363 7146 8382
f 8384 8378 8381
f 8382 8373 8386
f 8383 8387 8364
f 6226 6225 6231
f 6231 6225 8361
f 6636 8388 8389
f 6635 8390 8388
f 8390 6635 5576
f 8379 8378 6232
f 8378 8384 6233
f 8384 8391 8371
f 8372 8392 8393
f 7138 8240 8239
f 8224 8239 8394
f 8146 6638 8394
f 6638 6637 8326
f 6340 6339 6299
f 6747 6338 6577
f 6344 6343 6346
f 6342 6341 6355
f 6353 6352 6349
f 6337 6351 6369
f 6360 6359 6328
f 6358 6357 6386
f 6364 6363 6293
f 6362 6361 6376
f 6366 6353 6297
f 6350 6365 6372
f 6533 6342 6303
f 6534 6536 6346
f 6744 6746 6533
f 6536 6534 6747
f 6357 6835 6894
f 6341 6834 6832
f 6839 6838 6292
f 6837 6836 6380
f 6838 6841 6354
f 6361 6840 6377
f 6363 6366 6296
f 6365 6362 6373
f 6359 6839 6291
f 6836 6358 6385
f 6481 6480 6902
f 6484 6483 6501
f 6477 6488 6487
f 6849 6467 6492
f 6494 6492 6467
f 6547 6481 6544
f 6750 6751 6546
f 6494 6466 6751
f 6843 6484 6500
f 6845 6573 6575
f 6489 6488 6847
f 6474 6487 6491
f 6483 6905 6906
f 6493 6463 6465
f 6471 6470 6544
f 6472 6482 6485
f 6476 6475 6461
f 6470 6451 6542
f 6570 6567 6569
f 6495 6567 6463
f 6475 6465 6462
f 6572 6848 6477
f 6574 6571 6457
f 6569 6568 6543
f 6575 6574 6473
f 6471 6904 6901
f 6469 6468 6508
f 6498 6497 6479
f 6503 6502 6518
f 6489 6506 6505
f 6467 6849 6509
f 6546 6548 6498
f 6549 6548 6752
f 6752 6751 6466
f 6503 6850 6846
f 6850 6851 6844
f 6507 6506 6852
f 6486 6505 6509
f 6502 6907 6909
f 6858 6893 6664
f 8396 8397 6611
f 6833 8398 6324
f 8399 6826 6825
f 6831 6830 8401
f 6707 6833 6826
f 8398 8403 6890
f 6858 6857 8404
f 8405 8396 6610
f 6830 6893 6553
f 8397 6892 6911
f 8400 6825 8358
f 8358 8357 8364
f 8406 8364 8387
f 8389 8408 8380
f 8389 8388 8409
f 8388 8390 8410
f 5575 5597 8410
f 6665 6273 8411
f 8412 8413 6720
f 8413 5602 5601
f 8411 8414 8413
f 6262 6742 6290
f 5602 8413 8414
f 7141 7140 7142
f 8393 8222 8241
f 8227 8226 7147
f 8229 8228 8374
f 8230 8227 7151
f 8232 8231 8415
f 8234 8233 8417
f 8221 8220 8374
f 8235 8230 7153
f 8233 8236 8420
f 8226 8229 7148
f 8238 8237 8421
f 7141 8393 8240
f 6581 6580 6655
f 6640 6639 8140
f 6710 6709 8141
f 6717 6716 6712
f 6860 6859 8143
f 6870 6869 6867
f 6717 8136 6726
f 6870 6580 6192
f 6860 8145 6050
f 6710 6869 6025
f 6639 8149 6871
f 6640 8151 8324
f 6581 8148 8147
f 5615 5614 6234
f 7144 7148 8374
f 7144 7143 6210
f 7150 7149 6210
f 7152 7150 6209
f 7152 7154 8419
f 7154 7155 8421
f 7158 7157 8415
f 7160 7159 8420
f 7162 7161 8418
f 7161 4321 5616
f 8370 6234 6233
f 8373 8382 7146
f 8392 8391 8386
f 8391 8392 8372
f 5617 8344 6713
f 5973 5618 3355
f 8345 5620 5619
f 3880 6735 6910
f 8351 5622 5620
f 8346 5619 5520
f 5621 6910 6911
f 5622 8351 8185
f 8150 5624 5497
f 8423 8424 8425
f 8427 6516 6519
f 8429 8430 8431
f 6523 8432 8433
f 8434 8435 8436
f 8438 8435 8434
f 8438 8440 6511
f 8441 8442 8424
f 8427 8443 8430
f 8444 8428 8445
f 8447 8425 8424
f 8449 8443 8444
f 8451 8431 8430
f 8453 8437 8454
f 8456 8434 8437
f 8439 8434 8456
f 8448 8424 8442
f 8452 8430 8443
f 8425 8447 8459
f 8460 8461 8462
f 8464 8465 8466
f 8468 8469 8470
f 8472 8473 8474
f 8476 8477 8478
f 8480 8481 8482
f 8484 8485 8486
f 8485 8488 8489
f 8490 8491 8481
f 8492 8493 8494
f 8495 8494 8496
f 8498 8499 8500
f 8502 8501 8500
f 8504 8505 8506
f 8508 8509 8510
f 8513 8508 8511
f 8507 8506 8514
f 8516 8517 8518
f 8520 8517 8516
f 8522 8523 8524
f 8526 8527 8522
f 8528 8529 8530
f 8532 8530 8529
f 8534 8535 8536
f 8538 8539 8534
f 8464 8482 8481
f 8483 8540 8541
f 8542 8485 8484
f 8487 8543 8540
f 8488 8485 8542
f 8545 8546 8486
f 8481 8491 8466
f 8547 8545 8489
f 8548 8494 8493
f 8549 8550 8502
f 8551 8496 8494
f 8497 8541 8552
f 8469 8500 8499
f 8547 8541 8497
f 8469 8468 8503
f 8501 8502 8550
f 8460 8504 8507
f 8552 8553 8506
f 8554 8511 8510
f 8549 8552 8505
f 8554 8555 8512
f 8513 8556 8550
f 8461 8507 8515
f 8557 8556 8513
f 8558 8516 8519
f 8559 8560 8527
f 8521 8516 8558
f 8553 8562 8517
f 8477 8525 8524
f 8520 8523 8557
f 8476 8526 8525
f 8527 8560 8556
f 8563 8529 8528
f 8564 8539 8531
f 8533 8529 8563
f 8562 8567 8530
f 8473 8537 8536
f 8559 8562 8532
f 8472 8538 8537
f 8560 8534 8539
f 8463 8462 8555
f 8544 8542 8467
f 8470 8551 8548
f 8475 8474 8566
f 8479 8478 8561
f 8484 8487 8483
f 8490 8489 8488
f 8503 8493 8492
f 8498 8497 8496
f 8504 8510 8509
f 8515 8514 8513
f 8519 8518 8527
f 8521 8524 8523
f 8528 8531 8539
f 8533 8536 8535
f 8467 8484 8482
f 8487 8486 8546
f 8544 8466 8491
f 8480 8541 8547
f 8493 8503 8468
f 8495 8552 8549
f 8551 8470 8499
f 8501 8545 8547
f 8460 8463 8510
f 8508 8550 8549
f 8555 8462 8515
f 8506 8553 8557
f 8519 8526 8476
f 8517 8562 8559
f 8561 8478 8524
f 8522 8556 8557
f 8475 8528 8538
f 8567 8565 8531
f 8566 8474 8536
f 8560 8559 8535
f 8442 8441 8568
f 6512 8570 8568
f 8570 8440 8571
f 8426 6515 6514
f 8428 8444 8443
f 6522 8429 8432
f 8437 8436 8433
f 6524 8436 8435
f 6528 6527 8435
f 8423 6514 6550
f 8429 6522 6516
f 6515 8426 8445
f 8441 6550 6754
f 8570 8572 8569
f 8440 8570 6512
f 8569 8573 8458
f 8574 8575 8572
f 8572 8575 8573
f 8453 8576 8577
f 8576 8453 8455
f 8452 8579 8580
f 8573 8581 8582
f 8575 8583 8581
f 8584 8583 8575
f 8571 8439 8457
f 8439 8571 8440
f 8585 8586 8587
f 8587 8589 8590
f 8589 8591 8592
f 8591 8593 8594
f 8593 8595 8596
f 8595 8597 8598
f 8599 8600 8586
f 8601 8602 8600
f 8603 8604 8602
f 8605 8606 8598
f 8607 8608 8604
f 8609 8610 8608
f 8611 8612 8610
f 8606 8605 8612
f 8613 8614 8589
f 8614 8615 8591
f 8615 8616 8593
f 8616 8617 8595
f 8617 8618 8597
f 8619 8620 8617
f 8620 8621 8618
f 8620 8622 8623
f 8624 8625 8626
f 8626 8623 8622
f 8620 8619 8628
f 8622 8628 8629
f 8627 8629 8630
f 8632 8633 8634
f 8636 8634 8633
f 8637 8638 8636
f 8639 8633 8632
f 8633 8639 8641
f 8635 8641 8642
f 8642 8643 8644
f 8645 8638 8637
f 8586 8646 8613
f 8600 8647 8646
f 8616 8615 8648
f 8615 8614 8649
f 8613 8650 8649
f 8651 8650 8613
f 8647 8652 8651
f 8652 8653 8654
f 8602 8655 8647
f 8655 8656 8652
f 8656 8657 8653
f 8653 8658 8659
f 8658 8660 8661
f 8644 8662 8663
f 8664 8661 8662
f 8661 8664 8666
f 8666 8667 8654
f 8667 8650 8651
f 8668 8605 8597
f 8669 8668 8618
f 8670 8669 8621
f 8671 8670 8623
f 8671 8626 8625
f 8625 8631 8673
f 8636 8674 8675
f 8638 8676 8674
f 8645 8677 8676
f 8645 8663 8678
f 8679 8680 8660
f 8657 8679 8658
f 8583 8584 8648
f 8650 8581 8583
f 8667 8582 8581
f 8666 8681 8582
f 8664 8682 8681
f 8682 8664 8665
f 8684 8685 8643
f 8684 8642 8641
f 8639 8580 8579
f 8580 8639 8640
f 8629 8577 8576
f 8604 8686 8655
f 8608 8687 8686
f 8610 8688 8687
f 8612 8689 8688
f 8605 8668 8689
f 8690 8689 8668
f 8691 8688 8689
f 8692 8687 8688
f 8693 8686 8687
f 8656 8655 8686
f 8694 8690 8669
f 8695 8691 8690
f 8696 8692 8691
f 8697 8693 8692
f 8657 8656 8693
f 8697 8698 8679
f 8696 8699 8698
f 8696 8695 8700
f 8694 8701 8700
f 8670 8671 8701
f 8702 8701 8671
f 8701 8702 8703
f 8703 8704 8699
f 8699 8704 8705
f 8698 8705 8680
f 8672 8673 8706
f 8675 8674 8707
f 8674 8676 8709
f 8709 8676 8677
f 8677 8678 8711
f 8712 8713 8710
f 8702 8706 8714
f 8713 8712 8714
f 8707 8709 8716
f 8717 8716 8713
f 8710 8713 8716
f 8708 8707 8717
f 8546 8601 8599
f 8546 8545 8603
f 8550 8607 8603
f 8556 8609 8607
f 8560 8611 8609
f 8564 8606 8611
f 8565 8598 8606
f 8565 8567 8596
f 8567 8562 8594
f 8562 8553 8592
f 8553 8552 8590
f 8590 8552 8541
f 8540 8585 8588
f 8543 8599 8585
f 8684 8449 8450
f 8579 8452 8449
f 8682 8447 8448
f 8447 8682 8683
f 8681 8448 8458
f 8584 8718 8619
f 8628 8718 8577
f 8457 8456 8577
f 8574 8457 8718
f 7134 6920 6919
f 6164 6163 6919
f 5485 6608 6609
f 3832 5351 8188
f 5921 6609 6221
f 5922 4281 7128
f 6439 8719 8720
f 8720 8719 6570
f 6570 8719 8721
f 6439 6447 8721
f 6727 6058 6057
f 6312 6057 6073
f 6828 6248 6073
f 6877 6268 6267
f 6745 6267 6299
f 6891 6306 6305
f 6338 6747 6746
f 6438 6411 6410
f 6412 6411 6440
f 6564 6421 6424
f 6842 6578 6577
f 6889 6305 6829
f 6579 6578 6564
f 6435 6410 6565
f 8722 6857 6306
f 8723 6859 6058
f 6269 6268 6878
f 7160 7157 6829
f 8724 8144 8143
f 8238 8231 6248
f 6339 6746 6744
f 8395 6577 6338
f 6879 6878 8404
f 8422 8415 8231
f 8725 8143 6859
f 8416 8415 7157
f 6059 6050 6049
f 6330 6099 6049
f 7156 6260 6259
f 6269 6265 6264
f 6297 6349 6264
f 6340 6352 6351
f 6368 6842 8395
f 6422 6414 6559
f 6436 6403 6404
f 6447 6439 6438
f 6424 6423 6436
f 6331 6827 6099
f 6422 6421 6842
f 8722 8403 6856
f 8141 6863 6862
f 6265 6855 6617
f 6324 6890 6259
f 7158 7155 6260
f 6709 8145 6863
f 8235 8237 6827
f 6298 6349 6352
f 6370 6369 6351
f 6891 6890 8403
f 8419 8421 8237
f 6051 6050 8145
f 8422 8421 7155
f 8721 6447 6446
f 6748 6440 8720
f 8727 6008 6011
f 8158 6009 8144
f 6009 6008 6861
f 6008 8727 6862
f 8142 6862 8727
f 6554 6553 6893
f 6833 6707 6708
f 6708 6856 8403
f 5623 6911 6892
f 8406 8366 8365
f 8407 8375 8366
f 8377 8376 8408
f 8397 8396 6530
f 6651 8399 8400
f 8402 8401 6616
f 6618 6707 8399
f 6554 8404 6878
f 8396 8405 6854
f 8401 6553 6552
f 6892 8397 6529
f 8353 8400 8365
f 8377 8409 6276
f 8409 8410 6277
f 8410 5597 5932
f 8726 8404 6857
f 8726 6856 6855
f 7234 6107 6106
f 8279 6124 6127
f 8354 6224 6227
f 6246 6245 6619
f 8239 6280 6282
f 8162 6283 6286
f 6292 6354 6246
f 6382 6378 6377
f 6392 6397 6396
f 6396 6395 6427
f 6398 6397 6443
f 6459 6443 6458
f 6525 6520 6523
f 6558 6272 6271
f 6429 6428 6560
f 6460 6458 6572
f 6272 6558 3736
f 7128 6603 6602
f 6227 6245 6244
f 7180 6631 6634
f 6642 6286 6285
f 6356 6741 6740
f 6816 6815 8218
f 6820 8300 8301
f 6355 6832 6741
f 6344 6835 6834
f 6364 6841 6840
f 6375 6378 6560
f 6848 6847 6488
f 6853 6852 6506
f 6530 6854 6740
f 8140 6871 6874
f 6555 6271 6831
f 8215 6106 6881
f 6348 6895 6894
f 6383 6895 6896
f 6433 6897 6896
f 6432 6897 6898
f 6406 6899 6898
f 6900 6455 6387
f 6900 6449 6448
f 6472 6904 6903
f 6480 6905 6903
f 6497 6907 6906
f 6908 6519 6518
f 4280 5933 6120
f 6100 7167 7170
f 6632 6631 7188
f 7235 8214 7201
f 7206 7209 7212
f 8213 7257 7232
f 8214 8213 7231
f 6108 6107 7200
f 7238 8299 8300
f 7207 7212 8299
f 8205 7241 7240
f 6170 6169 7232
f 6638 8146 8149
f 6601 6874 8157
f 6600 8157 6283
f 8392 8223 8222
f 6278 6280 8241
f 6816 8272 8274
f 6642 6815 6814
f 6128 7170 6124
f 8195 6602 6127
f 8212 8211 8286
f 8292 8287 8286
f 8290 8289 8210
f 8207 8293 8290
f 8294 8293 8295
f 8206 8296 8295
f 6817 8301 8297
f 8288 6170 7256
f 7209 7206 7240
f 6225 6224 8360
f 8369 8368 8360
f 8375 8376 8368
f 8381 8380 8387
f 8385 8381 8383
f 8385 8386 8391
f 8147 8146 6282
f 6345 6894 6835
f 6327 6832 6834
f 6295 6354 6841
f 6379 6377 6840
f 6853 6847 6845
f 6479 6906 6905
f 6848 6572 6571
f 6452 6901 6904
f 6525 6852 6851
f 6496 6909 6907
f 8402 8405 6876
f 8408 8407 8387
f 6279 8241 8222
f 6872 6871 8149
f 8223 8386 8373
f 6526 8433 8436
f 8446 8445 8426
f 8455 8454 8431
f 8446 8459 8450
f 8454 8433 8432
f 6908 8445 8428
f 8578 8455 8451
f 8632 8631 8625
f 8640 8632 8624
f 8660 8663 8662
f 8662 8644 8643
f 8675 8673 8631
f 8680 8678 8663
f 8683 8665 8643
f 8578 8640 8630
f 8673 8675 8708
f 8678 8680 8705
f 8711 8705 8704
f 8706 8708 8715
f 8703 8714 8712
f 8459 8683 8685
f 8407 8408 8376
f 6615 6854 8405
f 5993 6080 6335
f 6060 6682 6018
f 5993 6047 6081
f 6105 6104 6176
f 6177 6104 6000
f 6309 6311 6310
f 8725 6315 6314
f 8724 6314 6318
f 6321 6320 6053
f 6249 6595 6310
f 6596 6254 6257
f 8188 6606 6605
f 5986 6683 6682
f 6714 6726 6311
f 6047 6320 6086
f 6875 6596 6304
f 6001 6105 6912
f 7162 7159 6597
f 7254 7163 6912
f 6684 6683 7163
f 8723 8136 6315
f 6592 8159 6318
f 8332 8331 8171
f 6607 6606 5350
f 8191 8190 8198
f 8197 8192 8193
f 8159 6592 6319
f 8232 8236 6595
f 8192 8190 7173
f 8189 6605 8193
f 6177 8191 8199
f 6733 8331 8330
f 8340 8341 8330
f 8341 5994 6335
f 8412 6721 6875
f 8414 8411 6273
f 8416 8420 8236
f 6727 6726 8136
f 8417 8420 7159
f 6277 5932 5558
f 5935 5576 6635
f 5991 5990 6061
f 6019 6018 6682
f 5999 6034 6033
f 6045 6044 6677
f 6055 6054 6083
f 5995 6064 6063
f 6084 6054 6053
f 6088 5990 5989
f 6063 6084 6046
f 6066 6097 6034
f 6103 6102 7181
f 6673 6676 6133
f 6149 6148 6153
f 6323 6088 8166
f 6585 6584 6083
f 6630 6629 6702
f 6634 6633 7168
f 6676 6149 6152
f 6703 6629 6628
f 6796 6729 6728
f 6069 6729 6097
f 6132 6798 6674
f 6803 6799 6800
f 6011 6010 6055
f 6799 6803 6582
f 7194 8271 6881
f 7131 6584 6583
f 6798 7133 6913
f 7179 7178 8204
f 7183 7182 7246
f 7188 7183 7242
f 6109 7196 7192
f 7204 6630 6176
f 7219 7218 6628
f 7218 7228 7248
f 7179 7219 6627
f 7250 7254 6704
f 7228 7252 7249
f 6678 7250 7249
f 5997 7252 7251
f 8168 8167 6644
f 8167 8169 6732
f 8169 8170 6733
f 8170 8171 8331
f 8336 8335 8173
f 8182 8338 8175
f 8182 8174 8176
f 8181 8176 8177
f 8180 8177 8179
f 7133 6728 6590
f 7130 7131 8194
f 8200 6633 6632
f 7178 8201 8205
f 8269 6154 6153
f 8254 8311 8252
f 8260 6102 6101
f 8179 8263 6802
f 8263 8264 6038
f 8264 8265 6039
f 8265 8266 6130
f 8266 8267 6157
f 8267 8268 6158
f 8268 8270 8217
f 8270 8272 6816
f 6813 8274 8273
f 8273 8275 8247
f 8276 8260 8277
f 7192 8251 8250
f 8252 8316 8259
f 8276 8275 8250
f 7204 8200 7177
f 7182 8316 8315
f 8343 8339 8334
f 8333 8337 8342
f 8343 8342 6800
f 8340 8339 6064
f 6323 8349 8350
f 8168 8352 8348
f 8349 5937 5936
f 8352 5939 5938
f 6103 6634 7167
f 8271 8269 8216
f 8201 7188 7241
f 8274 8272 8271
f 5991 6018 6017
f 8728 8171 6017
f 5997 5996 6680
f 5996 6033 6045
f 6033 6032 6042
f 6042 6032 8175
f 8172 8175 8338
f 8336 8338 8337
f 6684 6678 6677
f 6681 6677 6044
f 6019 6044 6043
f 6016 6043 8173
f 8728 8173 8335
f 8332 8335 8334
f 8194 6332 8160
f 6805 6010 6009
f 5940 5941 7137
f 8324 5496 5942
f 8325 5942 5495
f 6253 5943 4292
f 7137 5941 5944
f 8348 5938 5937
f 8350 5936 5530
f 5624 8150 6159
f 6718 4293 5940
f 8327 5945 5490
f 8347 5946 5939
f 5933 5502 6121
f 8184 5532 5946
f 7142 4298 5615
f 6145 5487 5945
f 8234 5947 5943
f 8328 5948 5488
f 8318 5500 5948
f 7139 5494 4299
f 8418 5616 5947
f 5604 8414 6599
f 5949 3853 6712
f 5944 5949 6716
f 6720 5601 5950
f 6255 5950 4322
f 5614 5935 6235
f 6711 3852 5951
f 8161 5951 3857
f 5973 5964 2965
f 2965 5964 5963
f 222 5963 5960
f 223 5960 5958
f 5958 5957 3185
f 5957 5970 2977
f 5970 5967 1213
f 5967 5966 1214
f 2532 1214 5966
f 2894 2532 5953
f 2871 2894 5952
f 5510 5722 5721
f 5822 5825 5824
f 3511 3512 3844
f 3887 3892 3889
f 3876 3879 3878
f 3356 3357 3911
f 3372 3373 3390
f 3849 3854 3851
f 3481 3478 3867
f 3873 3874 3385
f 3875 3375 3450
f 3915 3794 3865
f 3657 3670 3671
f 5618 5973 3013
f 1997 1996 1889
f 1237 745 744
f 1535 1534 120
f 1531 1532 201
f 1119 1241 1032
f 946 948 824
f 163 8 5
f 9041 9178 9175
f 1155 1156 1162
f 427 213 327
f 553 1902 796
f 8732 2232 2231
f 8732 3178 2230
f 2237 3183 3180
f 8734 8735 8736
f 8735 8737 8738
f 8737 8739 8740
f 8739 8741 8742
f 8743 8744 8745
f 8746 8745 8747
f 8749 8750 8748
f 8751 8752 8750
f 8754 8755 8756
f 8757 8758 8755
f 8759 8760 8758
f 8761 8762 8760
f 8763 8764 8762
f 8766 8751 8749
f 8765 8749 8747
f 8767 8747 8745
f 8768 8745 8744
f 8744 8770 8771
f 8770 8741 8772
f 8741 8739 8773
f 8739 8737 8774
f 8737 8735 8775
f 8735 8734 8776
f 8776 8734 8777
f 2904 8778 8779
f 8780 8778 2904
f 8781 8780 2902
f 2875 8782 8781
f 8783 8784 2733
f 2825 8785 8786
f 8788 8789 8790
f 8792 8788 8787
f 2724 2723 8785
f 8787 8790 3115
f 8791 8787 3117
f 8794 8766 8765
f 8793 8765 8767
f 8795 8767 8768
f 8796 8768 8769
f 8797 8769 8771
f 8771 8772 8799
f 8772 8773 8800
f 8773 8774 8801
f 8774 8775 8802
f 8775 8776 8803
f 8776 3184 3056
f 8802 8803 2253
f 8801 8802 2252
f 8800 8801 1727
f 8799 8800 2150
f 8804 8798 8799
f 8805 8797 8798
f 8806 8796 8797
f 8807 8795 8796
f 8793 8795 8807
f 8794 8793 8808
f 8810 8811 8809
f 8808 8807 8806
f 8810 8806 8805
f 8813 8811 8810
f 8812 8805 8804
f 8815 8813 8812
f 8814 8804 1941
f 8755 8750 8752
f 8758 8748 8750
f 8760 8746 8748
f 8762 8743 8746
f 8816 8817 8764
f 8818 8819 8820
f 8816 8763 8782
f 8821 8818 8817
f 8789 8821 8783
f 8818 8821 8789
f 8819 8818 8788
f 8822 8820 8819
f 8823 8819 8792
f 8824 8792 8791
f 2712 8791 3119
f 8826 8822 8823
f 8825 8823 8824
f 8827 8824 2712
f 8828 8827 2711
f 8829 8825 8827
f 8830 8826 8825
f 8743 8762 8764
f 8817 8820 8831
f 8770 8744 8743
f 8741 8770 8831
f 8820 8822 8742
f 8740 8742 8822
f 8738 8740 8826
f 8736 8738 8830
f 8833 8828 2400
f 8834 8829 8828
f 8832 8830 8829
f 8835 8833 2402
f 3058 8835 2707
f 3061 8836 8835
f 8836 8834 8833
f 8733 8736 8832
f 8837 8832 8834
f 8777 8734 8733
f 8838 8733 8837
f 8837 8836 3061
f 1961 3057 8838
f 3057 3184 8777
f 8779 8754 8753
f 8778 8757 8754
f 8780 8759 8757
f 8781 8761 8759
f 8782 8763 8761
f 8821 8816 8784
f 8785 8790 8789
f 2723 3115 8790
f 2875 2733 8784
f 2736 2824 8786
f 2947 8779 8839
f 8815 8814 1360
f 1900 1925 1924
f 1736 1717 1718
f 1955 1952 1943
f 1671 1738 1735
f 1696 1750 1698
f 1800 1865 1864
f 2063 2055 2056
f 1737 1734 1717
f 1751 1735 1697
f 943 9337 9351
f 9108 8839 8753
f 1577 1578 1764
f 9369 1598 1599
f 1945 146 82
f 68 6 7
f 147 1542 1543
f 1109 1135 1133
f 1503 1910 1907
f 1499 1501 1909
f 452 1922 735
f 1824 2068 9287
f 1825 2067 2068
f 1463 1462 1022
f 841 1012 1009
f 1568 1547 1955
f 1910 1503 1502
f 1939 1502 422
f 309 280 1940
f 1804 1851 1866
f 269 1482 1954
f 2065 1607 2060
f 9264 1685 1758
f 280 276 552
f 1875 1873 1869
f 1739 1721 1734
f 5923 5897 5899
f 1778 1779 1790
f 310 1920 1915
f 1909 1908 1906
f 1789 1783 1778
f 978 981 980
f 1584 1759 1731
f 425 426 311
f 148 1543 115
f 2044 9349 9346
f 277 1910 1939
f 1943 1946 1945
f 1461 1462 1463
f 2253 8803 3056
f 2981 2254 8927
f 2209 2998 8927
f 2254 2253 3055
f 2998 926 958
f 2826 2817 2721
f 8928 2739 2721
f 2816 8929 8928
f 2334 2297 2296
f 2298 2297 2334
f 2301 2298 2336
f 2311 2301 2338
f 2312 2311 2354
f 2359 2358 2361
f 2335 2296 2359
f 2414 2413 2365
f 2413 2270 2361
f 2355 2352 2540
f 2541 2540 2539
f 2722 2721 2739
f 3114 2722 2738
f 3110 3112 3121
f 3108 3110 3120
f 3122 1754 3127
f 3112 3122 3126
f 3127 1754 1753
f 3139 3133 2529
f 9196 9227 3133
f 8928 2789 2740
f 8929 2790 2789
f 228 229 91
f 245 244 243
f 248 7 247
f 2 297 296
f 145 146 300
f 327 213 210
f 329 332 331
f 239 241 240
f 373 376 375
f 178 177 176
f 1218 1225 1228
f 9314 1231 1295
f 808 809 824
f 9310 9311 1013
f 9265 9262 1411
f 2154 2149 2159
f 9297 9287 1758
f 306 807 1922
f 2157 2153 1976
f 708 709 2031
f 1450 1226 1227
f 1672 1604 1605
f 1813 1814 1821
f 1717 1716 1715
f 176 159 402
f 1710 1705 9368
f 1712 1580 1577
f 1705 1713 1711
f 3435 3476 3475
f 971 978 979
f 822 823 1094
f 2909 2810 2793
f 2810 2769 2795
f 2799 2910 2249
f 9114 9095 2910
f 2769 2768 2801
f 3177 3176 3178
f 3178 8732 3180
f 3181 1394 1393
f 3181 1633 1632
f 3182 1632 2244
f 3183 2244 2243
f 8932 2791 2790
f 2808 8932 8929
f 2239 9018 9016
f 1149 1150 9015
f 1150 2009 9011
f 2202 9013 9010
f 2921 9008 9009
f 9012 9004 2133
f 1777 1579 1759
f 1201 1196 1183
f 9005 8998 2195
f 8997 9020 2770
f 9379 9377 1687
f 1516 152 154
f 8993 9006 2974
f 8994 8992 2779
f 2771 2772 9019
f 3070 2771 8990
f 8991 8988 2775
f 1376 1375 1370
f 2767 8987 9000
f 2195 8998 8987
f 2775 8988 8986
f 8344 5617 8989
f 9256 9254 8983
f 2776 8986 8982
f 2240 9016 8979
f 2920 8979 9121
f 8992 8978 2786
f 1805 1850 1851
f 8978 8976 2787
f 2951 2773 8984
f 2772 2951 8975
f 2973 2224 8974
f 2224 2223 8981
f 1957 1953 320
f 306 305 304
f 2770 9020 8972
f 2913 8972 9018
f 2923 9009 8971
f 308 1940 431
f 207 208 132
f 1879 1876 1881
f 9185 9239 8969
f 2475 3070 9002
f 2476 2475 8968
f 2223 2476 8967
f 8966 8993 2803
f 2037 9007 11
f 1959 1958 450
f 2003 8999 8964
f 9 10 334
f 2009 2008 8962
f 2008 2973 8980
f 9329 672 673
f 8959 8994 2778
f 2935 8958 8957
f 111 1149 9014
f 3238 3342 3341
f 8954 8958 2935
f 683 9328 9337
f 8952 9001 2810
f 736 733 732
f 1795 1804 1803
f 8949 8954 2938
f 8951 8949 2939
f 2950 8956 8948
f 2940 2949 8948
f 9253 9243 8956
f 2868 8953 8946
f 2869 8946 8966
f 1024 1034 1023
f 8944 8947 2948
f 551 1939 442
f 2972 8943 9012
f 2032 8977 8943
f 216 93 1924
f 3532 3534 3482
f 203 202 201
f 3539 3542 3541
f 1828 1848 1847
f 1958 1957 449
f 272 271 178
f 2871 8989 8939
f 9071 9121 9008
f 2801 2768 9095
f 2005 9210 9106
f 960 886 899
f 9109 9107 9064
f 9232 9240 9098
f 3151 9098 9045
f 2193 9056 9075
f 9059 9055 3145
f 9055 9101 2761
f 9044 9059 3144
f 2926 9110 9086
f 9086 9044 3104
f 9207 9206 9198
f 566 567 9210
f 8839 9108 1864
f 1602 1586 2079
f 2868 9110 9063
f 2922 9063 9062
f 2923 9062 9070
f 9122 9065 2918
f 9071 9122 9066
f 2921 9070 9122
f 2920 9066 9038
f 9065 9094 2915
f 2917 2766 9074
f 2916 2917 9093
f 2239 9039 9104
f 2911 9092 9104
f 9095 9092 2911
f 2797 2801 9114
f 2797 9043 9050
f 9074 9080 2763
f 9060 9080 2764
f 2194 9075 9100
f 2221 9100 9101
f 2756 9060 9061
f 2750 9050 9061
f 9121 8979 1817
f 9215 9222 1691
f 2515 9073 9042
f 2548 9042 9045
f 2513 2489 9084
f 2513 9068 9073
f 2509 9085 9072
f 2510 9084 9085
f 2289 9072 9091
f 2283 9091 9069
f 2240 9038 9039
f 9111 9109 9076
f 716 2121 9339
f 727 1999 9213
f 2165 2171 2170
f 9112 9111 9078
f 9195 9033 9030
f 2175 2172 769
f 2100 500 2095
f 9210 567 9209
f 640 9004 9012
f 1653 9020 8997
f 1895 8980 8974
f 746 8974 8981
f 1653 1810 8972
f 9214 1603 1604
f 2093 2075 2073
f 959 996 995
f 962 899 919
f 1400 1401 1398
f 1000 817 1127
f 956 959 884
f 1662 8992 8994
f 2034 9002 8990
f 9378 1689 8983
f 8979 9016 766
f 9016 9018 765
f 334 9014 9015
f 1868 8975 8984
f 1684 1651 1652
f 1682 1683 775
f 1585 1603 9214
f 9215 9214 1672
f 2173 2174 490
f 1658 8988 8991
f 9000 8987 1650
f 1571 9206 2010
f 1587 9116 9123
f 2099 2095 2077
f 787 9213 1999
f 2000 9146 786
f 3155 339 9149
f 9165 3155 9135
f 2180 2179 9137
f 8940 2180 9136
f 1684 9298 9292
f 1760 464 8939
f 2607 9141 9145
f 2581 9128 9141
f 2371 2502 9152
f 2371 9147 9145
f 2587 9128 9127
f 2586 9127 9149
f 2497 9143 9139
f 2502 2503 9139
f 2494 9143 9142
f 9142 9140 2472
f 9140 9153 2468
f 9153 9155 2469
f 726 9360 9344
f 581 9011 8962
f 10 8955 9014
f 1837 8958 8954
f 741 8981 8967
f 1299 8968 9002
f 1851 8951 8948
f 8971 9009 1820
f 580 8962 8980
f 1758 1685 8966
f 1693 9001 8952
f 8948 8956 1867
f 1894 1826 9012
f 2126 1418 9265
f 9358 2126 9293
f 2113 9363 9319
f 2179 9165 9241
f 624 9355 9356
f 2192 9056 9240
f 2177 8985 9239
f 1364 9276 9285
f 9310 9307 1470
f 3135 1753 9227
f 2069 9264 9287
f 1351 9313 9305
f 2108 9334 9353
f 2089 2092 9188
f 9280 9286 1358
f 2001 9201 9235
f 2187 9235 9171
f 2130 9208 9204
f 2004 9204 9201
f 2014 9176 9231
f 2201 9231 9208
f 3167 9172 9211
f 3168 9176 9172
f 3159 9161 9216
f 3160 9216 9217
f 9182 9159 3158
f 3158 9159 9161
f 2200 3069 9182
f 9137 9241 9194
f 9174 9226 2197
f 9242 9188 2092
f 9226 9242 9173
f 3154 9158 9242
f 3155 9165 9158
f 2091 9171 9173
f 2196 3148 9202
f 2193 2196 9228
f 9056 2193 9233
f 2086 2192 9232
f 2087 2086 9230
f 2204 9194 9203
f 2205 9203 9202
f 9361 9338 574
f 2124 2087 9229
f 2208 2124 9212
f 9163 9237 3140
f 9237 9197 3138
f 9197 9196 3139
f 9223 9164 3136
f 9164 9163 3137
f 9227 9219 3131
f 9219 9234 3132
f 1813 9291 9290
f 1293 9306 9308
f 2184 2321 9200
f 2181 2184 9184
f 9217 9220 3079
f 9220 9186 3080
f 709 9325 9327
f 2774 2961 9189
f 9238 9221 2134
f 9261 9260 766
f 2968 9236 9218
f 2969 9211 9236
f 2958 9199 9189
f 2132 9199 9218
f 2321 2185 9223
f 9312 9300 1449
f 9357 9326 582
f 9338 9341 577
f 9299 9278 1818
f 705 9354 9339
f 9268 9364 9359
f 2111 9335 9363
f 9262 9281 1366
f 1812 9291 9274
f 675 9303 9304
f 8940 9157 9303
f 2110 9319 9320
f 2104 9348 9353
f 2109 9320 9351
f 9294 9283 703
f 1680 9263 9298
f 1639 1627 9271
f 623 9356 9358
f 2139 2140 9318
f 1808 1640 9296
f 9272 9273 1819
f 9324 9366 9352
f 1646 9284 9282
f 9341 9342 633
f 2139 9317 9327
f 2156 2155 9323
f 674 9304 9365
f 2117 9269 9264
f 1815 9274 9299
f 9307 9301 1444
f 697 9358 9364
f 866 842 9288
f 9316 9321 2136
f 9037 9183 9178
f 9035 9192 9183
f 9205 9198 9190
f 9192 9035 9033
f 1088 9190 9198
f 9191 9192 9195
f 2791 8932 8933
f 8932 2808 2807
f 2792 8933 8934
f 8933 2807 2806
f 8952 2909 8934
f 8960 8934 2806
f 2948 8947 9243
f 2105 9360 9348
f 8982 9254 9256
f 680 9330 9328
f 1891 1890 9362
f 2905 9251 9253
f 2900 9249 9251
f 2901 9249 9259
f 2734 2878 9258
f 2877 9259 9258
f 2820 9252 9246
f 2818 9248 9244
f 2823 9245 9244
f 2822 9245 9250
f 2819 2735 9252
f 2817 9248 9247
f 2809 9257 9247
f 2808 9257 9255
f 2805 9256 9255
f 1702 9373 9375
f 9374 9372 1797
f 9367 9368 1706
f 9370 9379 1692
f 1657 9350 9332
f 1890 1877 9347
f 9224 9222 1674
f 1689 1690 9224
f 9378 9254 8982
f 8960 8983 1689
f 9369 9375 1703
f 1598 9369 9380
f 9332 9336 1876
f 1691 1690 9377
f 9377 9378 1688
f 9386 9385 9389
f 9386 9390 9391
f 9384 9388 9389
f 9390 9394 9395
f 9389 9388 9392
f 9389 9393 9394
f 9394 9398 9399
f 9393 9392 9396
f 9394 9393 9397
f 9399 9398 9402
f 9396 9400 9401
f 9397 9401 9402
f 9402 9406 9407
f 9401 9400 9404
f 9402 9401 9405
f 9407 9406 9410
f 9405 9404 9408
f 9405 9409 9410
f 9411 9410 9414
f 9409 9408 9412
f 9410 9409 9413
f 9414 9418 9419
f 9412 9416 9417
f 9413 9417 9418
f 9418 9422 9423
f 9417 9416 9420
f 9418 9417 9421
f 9422 9426 9427
f 9420 9424 9425
f 9421 9425 9426
f 9426 9430 9431
f 9425 9424 9428
f 9426 9425 9429
f 9431 9430 9434
f 9428 9432 9433
f 9429 9433 9434
f 9434 9438 9439
f 9433 9432 9436
f 9434 9433 9437
f 9439 9438 9442
f 9436 9440 9441
f 9437 9441 9442
f 9443 9442 9446
f 9441 9440 9444
f 9442 9441 9445
f 9447 9446 9450
f 9444 9448 9449
f 9445 9449 9450
f 9450 9454 9455
f 9449 9448 9452
f 9450 9449 9453
f 9454 9458 9459
f 9452 9456 9457
f 9453 9457 9458
f 9458 9462 9463
f 9457 9456 9460
f 9458 9457 9461
f 9463 9462 9466
f 9460 9464 9465
f 9461 9465 9466
f 9466 9470 9471
f 9465 9464 9468
f 9466 9465 9469
f 9471 9470 9474
f 9468 9472 9473
f 9469 9473 9474
f 9475 9474 9478
f 9473 9472 9476
f 9474 9473 9477
f 9479 9478 9482
f 9476 9480 9481
f 9477 9481 9482
f 9483 9482 9486
f 9481 9480 9484
f 9482 9481 9485
f 9486 9490 9491
f 9484 9488 9489
f 9485 9489 9490
f 9490 9494 9495
f 9489 9488 9492
f 9490 9489 9493
f 9495 9494 9498
f 9492 9496 9497
f 9493 9497 9498
f 9498 9502 9503
f 9497 9496 9500
f 9498 9497 9501
f 9503 9502 9507
f 9500 9505 9506
f 9501 9506 9507
f 9508 9507 9511
f 9505 9509 9510
f 9507 9506 9510
f 9512 9511 9386
f 9510 9509 9384
f 9510 9385 9386
f 9521 9520 9533
f 9518 9531 9532
f 9517 9516 9529
f 9515 9514 9527
f 9523 9536 9537
f 9521 9534 9535
f 9519 9532 9533
f 9518 9517 9530
f 9515 9528 9529
f 9513 9526 9527
f 9524 9537 9538
f 9523 9522 9535
f 9528 9541 9542
f 9526 9539 9540
f 9538 9537 9550
f 9535 9548 9549
f 9534 9533 9546
f 9531 9544 9545
f 9530 9529 9542
f 9528 9527 9540
f 9537 9536 9549
f 9534 9547 9548
f 9532 9545 9546
f 9531 9530 9543
f 9541 9554 9555
f 9540 9539 9552
f 9550 9563 9564
f 9548 9561 9562
f 9547 9546 9559
f 9544 9557 9558
f 9542 9555 9556
f 9541 9540 9553
f 9549 9562 9563
f 9547 9560 9561
f 9546 9545 9558
f 9544 9543 9556
f 9555 9554 9567
f 9552 9565 9566
f 9564 9563 9576
f 9562 9561 9574
f 9559 9572 9573
f 9557 9570 9571
f 9555 9568 9569
f 9553 9566 9567
f 9562 9575 9576
f 9561 9560 9573
f 9559 9558 9571
f 9557 9556 9569
f 9567 9580 9581
f 9566 9565 9578
f 9576 9589 9590
f 9575 9574 9587
f 9572 9585 9586
f 9571 9570 9583
f 9569 9568 9581
f 9566 9579 9580
f 9576 9575 9588
f 9574 9573 9586
f 9571 9584 9585
f 9569 9582 9583
f 9581 9580 9593
f 9578 9591 9592
f 9590 9589 9602
f 9588 9587 9600
f 9585 9598 9599
f 9583 9596 9597
f 9582 9581 9594
f 9579 9592 9593
f 9589 9588 9601
f 9587 9586 9599
f 9584 9597 9598
f 9583 9582 9595
f 9594 9593 9606
f 9592 9591 9604
f 9602 9615 9616
f 9601 9600 9613
f 9598 9611 9612
f 9596 9609 9610
f 9594 9607 9608
f 9592 9605 9606
f 9601 9614 9615
f 9600 9599 9612
f 9598 9597 9610
f 9596 9595 9608
f 9607 9606 9619
f 9605 9604 9617
f 9615 9628 9629
f 9613 9626 9627
f 9611 9624 9625
f 9610 9609 9622
f 9607 9620 9621
f 9605 9618 9619
f 9615 9614 9627
f 9613 9612 9625
f 9611 9610 9623
f 9608 9621 9622
f 9619 9632 9633
f 9617 9630 9631
f 9628 9641 9642
f 9627 9626 9639
f 9625 9624 9637
f 9622 9635 9636
f 9621 9620 9633
f 9619 9618 9631
f 9627 9640 9641
f 9625 9638 9639
f 9623 9636 9637
f 9622 9621 9634
f 9632 9645 9646
f 9630 9643 9644
f 9642 9641 9654
f 9639 9652 9653
f 9638 9637 9650
f 9635 9648 9649
f 9634 9633 9646
f 9632 9631 9644
f 9641 9640 9653
f 9638 9651 9652
f 9636 9649 9650
f 9635 9634 9647
f 9645 9658 9659
f 9644 9643 9656
f 9654 9667 9668
f 9652 9665 9666
f 9651 9650 9663
f 9648 9661 9662
f 9646 9659 9660
f 9645 9644 9657
f 9653 9666 9667
f 9651 9664 9665
f 9650 9649 9662
f 9648 9647 9660
f 9659 9658 9671
f 9656 9669 9670
f 9668 9667 9680
f 9665 9678 9679
f 9663 9676 9677
f 9661 9674 9675
f 9659 9672 9673
f 9657 9670 9671
f 9666 9679 9680
f 9665 9664 9677
f 9663 9662 9675
f 9661 9660 9673
f 9671 9684 9685
f 9670 9669 9682
f 9680 9693 9694
f 9678 9691 9692
f 9677 9676 9689
f 9675 9674 9687
f 9673 9672 9685
f 9670 9683 9684
f 9680 9679 9692
f 9678 9677 9690
f 9675 9688 9689
f 9673 9686 9687
f 9685 9684 9697
f 9682 9695 9696
f 9694 9693 9706
f 9692 9691 9704
f 9689 9702 9703
f 9687 9700 9701
f 9686 9685 9698
f 9683 9696 9697
f 9693 9692 9705
f 9691 9690 9703
f 9688 9701 9702
f 9687 9686 9699
f 9698 9697 9710
f 9696 9695 9708
f 9706 9719 9720
f 9705 9704 9717
f 9702 9715 9716
f 9700 9713 9714
f 9698 9711 9712
f 9696 9709 9710
f 9705 9718 9719
f 9704 9703 9716
f 9702 9701 9714
f 9700 9699 9712
f 9711 9710 9723
f 9709 9708 9721
f 9719 9732 9733
f 9717 9730 9731
f 9715 9728 9729
f 9714 9713 9726
f 9711 9724 9725
f 9709 9722 9723
f 9718 9731 9732
f 9717 9716 9729
f 9715 9714 9727
f 9712 9725 9726
f 9723 9736 9737
f 9721 9734 9735
f 9733 9732 9745
f 9731 9730 9743
f 9729 9728 9741
f 9726 9739 9740
f 9725 9724 9737
f 9723 9722 9735
f 9732 9731 9744
f 9729 9742 9743
f 9727 9740 9741
f 9726 9725 9738
f 9736 9749 9750
f 9734 9747 9748
f 9746 9745 9758
f 9743 9756 9757
f 9742 9741 9754
f 9739 9752 9753
f 9738 9737 9750
f 9736 9735 9748
f 9745 9744 9757
f 9742 9755 9756
f 9740 9753 9754
f 9739 9738 9751
f 9749 9762 9763
f 9748 9747 9760
f 9758 9771 9772
f 9756 9769 9770
f 9755 9754 9767
f 9752 9765 9766
f 9750 9763 9764
f 9749 9748 9761
f 9757 9770 9771
f 9756 9755 9768
f 9754 9753 9766
f 9752 9751 9764
f 9762 9775 9776
f 9760 9773 9774
f 9772 9771 9784
f 9770 9769 9782
f 9768 9767 9780
f 9765 9778 9779
f 9763 9776 9777
f 9762 9761 9774
f 9770 9783 9784
f 9768 9781 9782
f 9767 9766 9779
f 9764 9777 9778
f 9775 9788 9789
f 9774 9773 9786
f 9784 9797 9798
f 9782 9795 9796
f 9781 9780 9793
f 9779 9778 9791
f 9777 9776 9789
f 9774 9787 9788
f 9784 9783 9796
f 9782 9781 9794
f 9779 9792 9793
f 9777 9790 9791
f 9789 9788 9802
f 9786 9800 9801
f 9798 9797 9811
f 9796 9795 9809
f 9793 9807 9808
f 9792 9791 9805
f 9790 9789 9803
f 9787 9801 9802
f 9797 9796 9810
f 9795 9794 9808
f 9792 9806 9807
f 9790 9804 9805
f 9803 9802 9815
f 9801 9800 9813
f 9811 9824 9825
f 9810 9809 9822
f 9807 9820 9821
f 9806 9805 9818
f 9803 9816 9817
f 9801 9814 9815
f 9810 9823 9824
f 9809 9808 9821
f 9807 9806 9819
f 9804 9817 9818
f 9816 9815 9828
f 9814 9813 9826
f 9825 9824 9837
f 9822 9835 9836
f 9820 9833 9834
f 9819 9818 9831
f 9816 9829 9830
f 9814 9827 9828
f 9824 9823 9836
f 9822 9821 9834
f 9820 9819 9832
f 9817 9830 9831
f 9828 9841 9842
f 9826 9839 9840
f 9837 9850 9851
f 9836 9835 9848
f 9834 9833 9846
f 9831 9844 9845
f 9830 9829 9842
f 9828 9827 9840
f 9836 9849 9850
f 9834 9847 9848
f 9832 9845 9846
f 9831 9830 9843
f 9841 9854 9855
f 9839 9852 9853
f 9851 9850 9863
f 9848 9861 9862
f 9847 9846 9859
f 9845 9844 9857
f 9843 9842 9855
f 9841 9840 9853
f 9850 9849 9862
f 9847 9860 9861
f 9845 9858 9859
f 9843 9856 9857
f 9854 9867 9868
f 9853 9852 9865
f 9863 9876 9877
f 9861 9874 9875
f 9860 9859 9872
f 9858 9857 9870
f 9855 9868 9869
f 9854 9853 9866
f 9862 9875 9876
f 9860 9873 9874
f 9859 9858 9871
f 9856 9869 9870
f 9868 9867 9880
f 9865 9878 9879
f 9877 9876 9889
f 9875 9874 9887
f 9873 9872 9885
f 9870 9883 9884
f 9868 9881 9882
f 9867 9866 9879
f 9875 9888 9889
f 9873 9886 9887
f 9872 9871 9884
f 9870 9869 9882
f 9880 9893 9894
f 9878 9891 9892
f 9889 9902 9903
f 9887 9900 9901
f 9886 9885 9898
f 9884 9883 9896
f 9882 9881 9894
f 9879 9892 9893
f 9889 9888 9901
f 9887 9886 9899
f 9884 9897 9898
f 9882 9895 9896
f 9894 9893 9906
f 9891 9904 9905
f 9903 9902 9915
f 9901 9900 9913
f 9898 9911 9912
f 9896 9909 9910
f 9895 9894 9907
f 9892 9905 9906
f 9902 9901 9914
f 9899 9912 9913
f 9897 9910 9911
f 9896 9895 9908
f 9907 9906 9919
f 9905 9904 9917
f 9915 9928 9929
f 9914 9913 9926
f 9911 9924 9925
f 9909 9922 9923
f 9907 9920 9921
f 9905 9918 9919
f 9914 9927 9928
f 9913 9912 9925
f 9911 9910 9923
f 9909 9908 9921
f 9920 9919 9515
f 9918 9917 9513
f 9929 9928 9524
f 9926 9522 9523
f 9924 9520 9521
f 9923 9922 9518
f 9920 9516 9517
f 9918 9514 9515
f 9928 9927 9523
f 9926 9925 9521
f 9924 9923 9519
f 9921 9517 9518
f 9387 9513 9917
f 9917 9904 9508
f 9904 9891 9503
f 9891 9878 9499
f 9499 9878 9865
f 9495 9865 9852
f 9491 9852 9839
f 9839 9826 9483
f 9483 9826 9813
f 9813 9800 9475
f 9800 9786 9471
f 9786 9773 9467
f 9467 9773 9760
f 9463 9760 9747
f 9459 9747 9734
f 9734 9721 9451
f 9451 9721 9708
f 9708 9695 9443
f 9695 9682 9439
f 9682 9669 9435
f 9435 9669 9656
f 9431 9656 9643
f 9427 9643 9630
f 9630 9617 9419
f 9419 9617 9604
f 9604 9591 9411
f 9591 9578 9407
f 9578 9565 9403
f 9403 9565 9552
f 9399 9552 9539
f 9395 9539 9526
f 9526 9513 9387
f 9932 9931 9935
f 9932 9936 9937
f 9931 9930 9934
f 9936 9940 9941
f 9934 9938 9939
f 9935 9939 9940
f 9940 9944 9945
f 9939 9938 9942
f 9940 9939 9943
f 9945 9944 9948
f 9942 9946 9947
f 9943 9947 9948
f 9948 9952 9953
f 9947 9946 9950
f 9948 9947 9951
f 9953 9952 9956
f 9950 9954 9955
f 9951 9955 9956
f 9957 9956 9960
f 9955 9954 9958
f 9956 9955 9959
f 9961 9960 9964
f 9958 9962 9963
f 9959 9963 9964
f 9965 9964 9968
f 9963 9962 9966
f 9964 9963 9967
f 9968 9972 9973
f 9966 9970 9971
f 9967 9971 9972
f 9972 9976 9977
f 9970 9974 9975
f 9972 9971 9975
f 9977 9976 9980
f 9974 9978 9979
f 9975 9979 9980
f 9980 9984 9985
f 9979 9978 9982
f 9980 9979 9983
f 9985 9984 9988
f 9982 9986 9987
f 9983 9987 9988
f 9989 9988 9992
f 9986 9990 9991
f 9988 9987 9991
f 9993 9992 9996
f 9991 9990 9994
f 9991 9995 9996
f 9996 10000 10001
f 9994 9998 9999
f 9996 9995 9999
f 10000 10004 10005
f 9999 9998 10002
f 9999 10003 10004
f 10004 10008 10009
f 10003 10002 10006
f 10004 10003 10007
f 10009 10008 10012
f 10006 10010 10011
f 10007 10011 10012
f 10012 10016 10017
f 10011 10010 10014
f 10012 10011 10015
f 10017 10016 10020
f 10014 10018 10019
f 10015 10019 10020
f 10021 10020 10024
f 10019 10018 10022
f 10020 10019 10023
f 10024 10028 10029
f 10022 10026 10027
f 10023 10027 10028
f 10028 10032 10033
f 10027 10026 10030
f 10028 10027 10031
f 10032 10036 10037
f 10030 10034 10035
f 10031 10035 10036
f 10036 10040 10041
f 10035 10034 10038
f 10036 10035 10039
f 10041 10040 10044
f 10038 10042 10043
f 10039 10043 10044
f 10044 10048 10049
f 10043 10042 10046
f 10044 10043 10047
f 10049 10048 10053
f 10046 10051 10052
f 10047 10052 10053
f 10054 10053 10057
f 10052 10051 10055
f 10053 10052 10056
f 10058 10057 9932
f 10055 9930 9931
f 10056 9931 9932
f 10067 10066 10079
f 10064 10077 10078
f 10063 10062 10075
f 10061 10060 10073
f 10070 10069 10082
f 10067 10080 10081
f 10065 10078 10079
f 10064 10063 10076
f 10061 10074 10075
f 10059 10072 10073
f 10071 10070 10083
f 10069 10068 10081
f 10074 10087 10088
f 10072 10085 10086
f 10084 10083 10096
f 10081 10094 10095
f 10080 10079 10092
f 10078 10077 10090
f 10076 10075 10088
f 10074 10073 10086
f 10083 10082 10095
f 10080 10093 10094
f 10078 10091 10092
f 10076 10089 10090
f 10087 10100 10101
f 10086 10085 10098
f 10096 10109 10110
f 10094 10107 10108
f 10093 10092 10105
f 10091 10090 10103
f 10088 10101 10102
f 10087 10086 10099
f 10095 10108 10109
f 10094 10093 10106
f 10092 10091 10104
f 10089 10102 10103
f 10100 10113 10114
f 10098 10111 10112
f 10110 10109 10122
f 10108 10107 10120
f 10105 10118 10119
f 10103 10116 10117
f 10101 10114 10115
f 10100 10099 10112
f 10108 10121 10122
f 10106 10119 10120
f 10105 10104 10117
f 10103 10102 10115
f 10113 10126 10127
f 10112 10111 10124
f 10122 10135 10136
f 10120 10133 10134
f 10119 10118 10131
f 10117 10116 10129
f 10115 10114 10127
f 10113 10112 10125
f 10122 10121 10134
f 10119 10132 10133
f 10117 10130 10131
f 10115 10128 10129
f 10127 10126 10139
f 10124 10137 10138
f 10136 10135 10148
f 10134 10133 10146
f 10131 10144 10145
f 10130 10129 10142
f 10128 10127 10140
f 10125 10138 10139
f 10135 10134 10147
f 10133 10132 10145
f 10130 10143 10144
f 10128 10141 10142
f 10140 10139 10152
f 10138 10137 10150
f 10148 10161 10162
f 10147 10146 10159
f 10144 10157 10158
f 10143 10142 10155
f 10140 10153 10154
f 10138 10151 10152
f 10147 10160 10161
f 10146 10145 10158
f 10144 10143 10156
f 10141 10154 10155
f 10153 10152 10165
f 10151 10150 10163
f 10162 10161 10174
f 10159 10172 10173
f 10157 10170 10171
f 10156 10155 10168
f 10153 10166 10167
f 10151 10164 10165
f 10161 10160 10173
f 10159 10158 10171
f 10157 10156 10169
f 10154 10167 10168
f 10165 10178 10179
f 10163 10176 10177
f 10175 10174 10187
f 10173 10172 10185
f 10171 10170 10183
f 10168 10181 10182
f 10167 10166 10179
f 10165 10164 10177
f 10173 10186 10187
f 10171 10184 10185
f 10169 10182 10183
f 10168 10167 10180
f 10178 10191 10192
f 10176 10189 10190
f 10188 10187 10200
f 10185 10198 10199
f 10184 10183 10196
f 10182 10181 10194
f 10180 10179 10192
f 10178 10177 10190
f 10187 10186 10199
f 10184 10197 10198
f 10182 10195 10196
f 10180 10193 10194
f 10191 10204 10205
f 10190 10189 10202
f 10200 10213 10214
f 10198 10211 10212
f 10197 10196 10209
f 10195 10194 10207
f 10192 10205 10206
f 10191 10190 10203
f 10199 10212 10213
f 10197 10210 10211
f 10196 10195 10208
f 10193 10206 10207
f 10205 10204 10217
f 10202 10215 10216
f 10214 10213 10226
f 10211 10224 10225
f 10210 10209 10222
f 10207 10220 10221
f 10205 10218 10219
f 10204 10203 10216
f 10212 10225 10226
f 10210 10223 10224
f 10209 10208 10221
f 10207 10206 10219
f 10217 10230 10231
f 10216 10215 10228
f 10226 10239 10240
f 10224 10237 10238
f 10223 10222 10235
f 10221 10220 10233
f 10219 10218 10231
f 10217 10216 10229
f 10226 10225 10238
f 10223 10236 10237
f 10221 10234 10235
f 10219 10232 10233
f 10231 10230 10243
f 10228 10241 10242
f 10240 10239 10252
f 10238 10237 10250
f 10235 10248 10249
f 10234 10233 10246
f 10232 10231 10244
f 10229 10242 10243
f 10239 10238 10251
f 10237 10236 10249
f 10234 10247 10248
f 10232 10245 10246
f 10244 10243 10256
f 10242 10241 10254
f 10252 10265 10266
f 10251 10250 10263
f 10248 10261 10262
f 10247 10246 10259
f 10244 10257 10258
f 10242 10255 10256
f 10251 10264 10265
f 10250 10249 10262
f 10248 10247 10260
f 10245 10258 10259
f 10257 10256 10269
f 10255 10254 10267
f 10266 10265 10278
f 10263 10276 10277
f 10261 10274 10275
f 10260 10259 10272
f 10257 10270 10271
f 10255 10268 10269
f 10265 10264 10277
f 10263 10262 10275
f 10261 10260 10273
f 10258 10271 10272
f 10269 10282 10283
f 10267 10280 10281
f 10278 10291 10292
f 10277 10276 10289
f 10275 10274 10287
f 10272 10285 10286
f 10271 10270 10283
f 10269 10268 10281
f 10277 10290 10291
f 10275 10288 10289
f 10273 10286 10287
f 10272 10271 10284
f 10282 10295 10296
f 10280 10293 10294
f 10292 10291 10304
f 10289 10302 10303
f 10288 10287 10300
f 10286 10285 10298
f 10284 10283 10296
f 10282 10281 10294
f 10291 10290 10303
f 10288 10301 10302
f 10286 10299 10300
f 10284 10297 10298
f 10295 10308 10309
f 10294 10293 10306
f 10304 10317 10318
f 10302 10315 10316
f 10301 10300 10313
f 10299 10298 10311
f 10296 10309 10310
f 10295 10294 10307
f 10303 10316 10317
f 10301 10314 10315
f 10300 10299 10312
f 10297 10310 10311
f 10309 10308 10321
f 10307 10306 10319
f 10318 10317 10330
f 10316 10315 10328
f 10314 10313 10326
f 10311 10324 10325
f 10309 10322 10323
f 10308 10307 10320
f 10316 10329 10330
f 10314 10327 10328
f 10313 10312 10325
f 10311 10310 10323
f 10321 10334 10335
f 10320 10319 10332
f 10330 10343 10344
f 10329 10328 10341
f 10326 10339 10340
f 10325 10324 10337
f 10323 10322 10335
f 10320 10333 10334
f 10330 10329 10342
f 10328 10327 10340
f 10325 10338 10339
f 10323 10336 10337
f 10335 10334 10348
f 10332 10346 10347
f 10344 10343 10357
f 10342 10341 10355
f 10339 10353 10354
f 10337 10351 10352
f 10336 10335 10349
f 10333 10347 10348
f 10343 10342 10356
f 10341 10340 10354
f 10338 10352 10353
f 10337 10336 10350
f 10349 10348 10361
f 10347 10346 10359
f 10357 10370 10371
f 10356 10355 10368
f 10353 10366 10367
f 10351 10364 10365
f 10349 10362 10363
f 10347 10360 10361
f 10356 10369 10370
f 10355 10354 10367
f 10353 10352 10365
f 10351 10350 10363
f 10362 10361 10374
f 10360 10359 10372
f 10371 10370 10383
f 10368 10381 10382
f 10366 10379 10380
f 10365 10364 10377
f 10362 10375 10376
f 10360 10373 10374
f 10370 10369 10382
f 10368 10367 10380
f 10366 10365 10378
f 10363 10376 10377
f 10374 10387 10388
f 10372 10385 10386
f 10383 10396 10397
f 10382 10381 10394
f 10380 10379 10392
f 10377 10390 10391
f 10376 10375 10388
f 10374 10373 10386
f 10382 10395 10396
f 10380 10393 10394
f 10378 10391 10392
f 10377 10376 10389
f 10387 10400 10401
f 10385 10398 10399
f 10397 10396 10409
f 10394 10407 10408
f 10393 10392 10405
f 10390 10403 10404
f 10389 10388 10401
f 10387 10386 10399
f 10396 10395 10408
f 10393 10406 10407
f 10391 10404 10405
f 10390 10389 10402
f 10400 10413 10414
f 10399 10398 10411
f 10409 10422 10423
f 10407 10420 10421
f 10406 10405 10418
f 10403 10416 10417
f 10401 10414 10415
f 10400 10399 10412
f 10408 10421 10422
f 10406 10419 10420
f 10405 10404 10417
f 10403 10402 10415
f 10414 10413 10426
f 10411 10424 10425
f 10423 10422 10435
f 10420 10433 10434
f 10418 10431 10432
f 10416 10429 10430
f 10414 10427 10428
f 10412 10425 10426
f 10421 10434 10435
f 10419 10432 10433
f 10418 10417 10430
f 10416 10415 10428
f 10427 10426 10439
f 10425 10424 10437
f 10435 10448 10449
f 10433 10446 10447
f 10431 10444 10445
f 10430 10429 10442
f 10428 10427 10440
f 10425 10438 10439
f 10435 10434 10447
f 10433 10432 10445
f 10430 10443 10444
f 10428 10441 10442
f 10440 10439 10452
f 10437 10450 10451
f 10449 10448 10461
f 10447 10446 10459
f 10444 10457 10458
f 10443 10442 10455
f 10441 10440 10453
f 10438 10451 10452
f 10448 10447 10460
f 10446 10445 10458
f 10443 10456 10457
f 10441 10454 10455
f 10453 10452 10465
f 10451 10450 10463
f 10461 10474 10475
f 10460 10459 10472
f 10457 10470 10471
f 10456 10455 10468
f 10453 10466 10467
f 10451 10464 10465
f 10460 10473 10474
f 10459 10458 10471
f 10457 10456 10469
f 10454 10467 10468
f 10466 10465 10061
f 10464 10463 10059
f 10474 10070 10071
f 10472 10068 10069
f 10470 10066 10067
f 10469 10468 10064
f 10466 10062 10063
f 10464 10060 10061
f 10473 10069 10070
f 10472 10471 10067
f 10470 10469 10065
f 10467 10063 10064
f 9933 10059 10463
f 10463 10450 10054
f 10450 10437 10049
f 10437 10424 10045
f 10045 10424 10411
f 10041 10411 10398
f 10037 10398 10385
f 10385 10372 10029
f 10029 10372 10359
f 10359 10346 10021
f 10346 10332 10017
f 10332 10319 10013
f 10013 10319 10306
f 10009 10306 10293
f 10005 10293 10280
f 10280 10267 9997
f 9997 10267 10254
f 10254 10241 9989
f 10241 10228 9985
f 10228 10215 9981
f 9981 10215 10202
f 9977 10202 10189
f 9973 10189 10176
f 10176 10163 9965
f 9965 10163 10150
f 10150 10137 9957
f 10137 10124 9953
f 10124 10111 9949
f 9949 10111 10098
f 9945 10098 10085
f 9941 10085 10072
f 10072 10059 9933

