# https://github.com/mikedh/trimesh
v 0.06241653 0.27819762 -0.01304160
v 0.06653832 0.27721781 -0.01197249
v 0.06717637 0.27871823 -0.01184756
v 0.06288162 0.27958438 -0.01276725
v 0.07469095 0.27931526 -0.02296987
v 0.07464567 0.28286546 -0.01927762
v 0.07413347 0.28565520 -0.01925160
v 0.07386758 0.28546494 -0.02218818
v 0.02708045 0.24334209 -0.07635454
v 0.01276717 0.24292339 -0.08110953
v 0.01259546 0.23306853 -0.07735225
v 0.02579368 0.23061630 -0.07160262
v 0.04412638 0.20562060 -0.05082505
v 0.03940210 0.21381257 -0.05659851
v 0.03791200 0.20238487 -0.06032016
v 0.04642150 0.19765575 -0.04962755
v 0.03974293 0.33873332 0.07635669
v 0.04722081 0.33713710 0.07058243
v 0.04585185 0.33071768 0.07474641
v -0.06241488 0.27819487 -0.01304636
v -0.06653685 0.27721485 -0.01197741
v -0.06717516 0.27871513 -0.01185269
v -0.06287981 0.27958143 -0.01277252
v -0.07468804 0.27931190 -0.02297565
v -0.07464265 0.28286216 -0.01928312
v -0.07413092 0.28565180 -0.01925680
v -0.07386483 0.28546140 -0.02219351
v 0.03864141 0.33158869 0.07929158
v 0.09282862 0.30213794 -0.03691932
v 0.09275422 0.29932615 -0.03799275
v 0.09293341 0.29777113 -0.03597497
v 0.09283388 0.30028796 -0.03511548
v 0.08869501 0.28301680 -0.03412307
v 0.08857644 0.29058641 -0.03599643
v 0.08994319 0.29331106 -0.03695825
v 0.09010955 0.29112393 -0.03601803
v 0.08903657 0.27242655 -0.03018828
v 0.08799997 0.27308300 -0.02973169
v 0.08945684 0.27769244 -0.03193811
v 0.09048521 0.27738896 -0.03269822
v 0.07534963 0.25297177 -0.00457547
v 0.07800644 0.25525931 -0.00677873
v 0.07836054 0.25280744 -0.00802926
v 0.07373471 0.25141758 -0.00630925
v 0.07068760 0.25278914 -0.00718808
v 0.07509720 0.25203976 -0.01168609
v 0.07448442 0.25524873 -0.01287344
v 0.07094885 0.25536081 -0.00926227
v 0.08811732 0.31251031 -0.02241872
v 0.08842410 0.30909854 -0.02173671
v 0.08683766 0.30817845 -0.01913759
v 0.08643483 0.31168807 -0.01951480
v 0.07393502 0.27976593 -0.03000637
v 0.07254534 0.27292332 -0.02718597
v 0.07878002 0.27745813 -0.03085077
v 0.07901902 0.28048050 -0.03177363
v 0.08592632 0.30141491 -0.02904774
v 0.08688825 0.30223790 -0.03267547
v 0.08732038 0.30004930 -0.03377973
v 0.08618951 0.29849783 -0.03095850
v 0.08928329 0.30396575 -0.03806630
v 0.08939338 0.30078790 -0.03928367
v 0.07375439 0.26171389 -0.00255314
v 0.07274204 0.26528731 -0.00180070
v 0.07327481 0.26698241 -0.00331594
v 0.07380327 0.26594883 -0.00466042
v 0.07356625 0.27913234 -0.01940364
v 0.07511952 0.28343877 -0.01784020
v 0.08541528 0.26197475 -0.02404579
v 0.08527608 0.26393297 -0.02326902
v 0.08726887 0.26794380 -0.02705258
v 0.08741872 0.26655057 -0.02815563
v 0.08234955 0.26654327 -0.02134969
v 0.08435582 0.26904118 -0.02516677
v 0.08535399 0.26961556 -0.02708049
v 0.08441414 0.26753816 -0.02483326
v 0.08901537 0.30484253 -0.02901404
v 0.08717404 0.30714113 -0.02424741
v 0.08811471 0.30681294 -0.02417823
v 0.08991451 0.30440465 -0.02902241
v 0.08091040 0.29260522 -0.03239778
v 0.07961866 0.29767475 -0.03088413
v 0.07862466 0.29718980 -0.03077028
v 0.07981943 0.29272580 -0.03213128
v 0.08922912 0.30120260 -0.03563841
v 0.08948878 0.29846713 -0.03658848
v 0.08770473 0.29730585 -0.03498094
v 0.07613457 0.29900825 -0.01702371
v 0.07683103 0.29997832 -0.01829842
v 0.07723536 0.29829690 -0.01872876
v 0.07687698 0.29699361 -0.01756992
v 0.07779150 0.25177523 -0.01161944
v 0.07085355 0.26356766 -0.02071337
v 0.07268716 0.26407471 -0.02236042
v 0.07543503 0.26821971 -0.02551054
v 0.07403011 0.26942280 -0.02585418
v 0.07103052 0.25442171 -0.00218269
v 0.07416156 0.25474659 -0.00213361
v 0.07486529 0.25357980 -0.00342410
v 0.07171114 0.25293285 -0.00386924
v 0.07917766 0.30356428 -0.01875722
v 0.08150367 0.30286878 -0.02105707
v 0.07961817 0.30185857 -0.02019728
v 0.07810175 0.30223796 -0.01837063
v 0.08732729 0.28863004 -0.03405778
v 0.08638279 0.29553688 -0.03247162
v 0.08719442 0.27928075 -0.02779639
v 0.08708441 0.27938563 -0.03091295
v 0.08659785 0.27529958 -0.02917981
v -0.02708512 0.24333912 -0.07635617
v -0.01277191 0.24292201 -0.08111052
v -0.01259996 0.23306665 -0.07735389
v -0.02579824 0.23061328 -0.07160414
v 0.08675849 0.27529359 -0.02617272
v 0.08676384 0.28755504 -0.02815214
v 0.08691159 0.28751838 -0.03173945
v 0.09056839 0.29697016 -0.03449139
v 0.09065794 0.29064840 -0.03459760
v 0.09012577 0.29746413 -0.03534387
v 0.07768196 0.30127418 -0.02912045
v 0.07785157 0.30466941 -0.03376132
v 0.07682677 0.29797679 -0.03485054
v 0.07780228 0.29883435 -0.03025860
v 0.07385669 0.27100086 -0.00412546
v 0.07516780 0.27315110 -0.00562496
v 0.07400643 0.27084908 -0.00703970
v 0.07325571 0.26867607 -0.00636350
v 0.07611270 0.26617050 -0.02408251
v 0.07348608 0.26290596 -0.02143144
v 0.07405355 0.26229891 -0.02059680
v 0.07674191 0.26431060 -0.02247184
v 0.08392801 0.30411050 -0.02334963
v 0.08394405 0.29880622 -0.02395701
v 0.08233052 0.29878095 -0.02240467
v 0.07922796 0.26802993 -0.01235462
v 0.07979900 0.26935688 -0.01440990
v 0.08088908 0.26623839 -0.01624627
v 0.08030891 0.26419631 -0.01440452
v 0.08180580 0.25555173 -0.01764569
v 0.07933106 0.25522736 -0.01829844
v 0.07721893 0.25324535 -0.01475099
v 0.07980818 0.25313210 -0.01448193
v 0.07351831 0.26759741 -0.00545052
v 0.07347467 0.26841727 -0.00373521
v 0.08280817 0.29260066 -0.03426565
v 0.08184864 0.29876825 -0.03245668
v 0.08554527 0.29680386 -0.02842139
v 0.08588942 0.29426435 -0.02969420
v 0.07610300 0.28382939 -0.01074887
v 0.07359279 0.28436592 -0.01203394
v 0.07356353 0.28351218 -0.01192887
v 0.07671434 0.28215817 -0.01049282
v 0.07662253 0.28376538 -0.00928888
v 0.07715208 0.28209469 -0.00906680
v 0.07681538 0.28192180 -0.00782703
v 0.07646213 0.28285372 -0.00771110
v 0.07269869 0.28462735 -0.01253198
v 0.07302183 0.28432140 -0.01220621
v 0.07331854 0.28489861 -0.01258663
v 0.07650695 0.28772122 -0.02556168
v 0.07785917 0.27962479 -0.02698378
v 0.07610466 0.27934512 -0.02570597
v 0.07470464 0.28643557 -0.02417758
v 0.08765121 0.28050485 -0.03282077
v 0.08336376 0.30789402 -0.01493066
v 0.08178956 0.31017515 -0.01517111
v 0.08441144 0.31358343 -0.01977879
v 0.07417540 0.27030933 -0.01652954
v 0.07702061 0.27136710 -0.01363549
v 0.07561569 0.27103597 -0.01193265
v 0.07382955 0.26999477 -0.01466205
v 0.07334257 0.27505222 -0.01003482
v 0.07141086 0.27172676 -0.00910160
v 0.07555217 0.27347139 -0.00844180
v 0.07630826 0.28995761 -0.00965216
v 0.07483663 0.28603882 -0.01204033
v 0.07579351 0.28486860 -0.01052198
v 0.07623019 0.28529361 -0.00921433
v 0.08900289 0.27167898 -0.03149125
v 0.09031375 0.27697045 -0.03434352
v 0.08862792 0.27681097 -0.03588635
v 0.08741838 0.27115551 -0.03290288
v 0.07184057 0.25810274 -0.00061177
v 0.06855175 0.25530255 -0.00363040
v 0.07109782 0.26096147 0.00000196
v 0.09207900 0.30912301 -0.03164105
v 0.08876037 0.31138685 -0.03214180
v 0.08908205 0.30921924 -0.03453966
v 0.09252632 0.30706209 -0.03387764
v 0.07303356 0.29122144 -0.01871185
v 0.07319880 0.28908828 -0.01807488
v 0.07350136 0.29057854 -0.01684414
v 0.07318568 0.29261813 -0.01723848
v 0.05148530 0.25690296 -0.06077358
v 0.06060744 0.25716788 -0.04114978
v 0.06472361 0.27047709 -0.05101388
v 0.05703163 0.26956615 -0.06773122
v 0.08275508 0.25845304 -0.01714434
v 0.08193962 0.25627139 -0.01420841
v 0.07747234 0.29789567 -0.00926774
v 0.07698461 0.29982218 -0.00790467
v 0.07794216 0.30547410 -0.01008676
v 0.07861879 0.30213350 -0.00992718
v 0.08984748 0.29251736 -0.04019525
v 0.09260714 0.29176691 -0.03848049
v 0.07871421 0.30407658 -0.01718375
v 0.08218157 0.30748725 -0.02054708
v 0.08006824 0.30501261 -0.01936270
v 0.07834268 0.30355886 -0.01743206
v 0.07867301 0.29527852 -0.01444737
v 0.07929682 0.29664212 -0.01425101
v 0.07738167 0.29761252 -0.01454090
v 0.07641891 0.29614884 -0.01452080
v 0.07658864 0.30469632 -0.00689326
v 0.07812484 0.30979985 -0.01109362
v 0.06909543 0.26319441 -0.01991233
v 0.07892879 0.29676616 -0.01179892
v 0.07981665 0.29945403 -0.01168393
v 0.08023169 0.29831591 -0.01412852
v -0.04412800 0.20561661 -0.05082505
v -0.03940435 0.21380913 -0.05659863
v -0.03791348 0.20238121 -0.06032048
v -0.04642355 0.19765131 -0.04962755
v 0.07188825 0.26602468 0.00037560
v 0.07284198 0.26792720 -0.00197635
v 0.07764782 0.30261022 -0.01719901
v 0.07695429 0.30135775 -0.01705873
v 0.07561940 0.29743525 -0.01601113
v 0.07619870 0.29535219 -0.01730221
v 0.08260989 0.28861892 -0.02432936
v 0.08461186 0.27998376 -0.02557035
v 0.06859743 0.27099043 -0.03626579
v 0.06509126 0.25660926 -0.02013038
v 0.07610495 0.29800960 -0.01482156
v 0.07596565 0.29840213 -0.01510982
v 0.07518200 0.29742995 -0.01535177
v 0.07523798 0.29684198 -0.01494097
v 0.08083317 0.25446245 -0.01149718
v 0.08115795 0.29517189 -0.02207820
v 0.07830516 0.29315647 -0.01981022
v 0.07891737 0.29549548 -0.01931366
v 0.09051919 0.28235433 -0.03319597
v 0.09165718 0.29055226 -0.03443380
v 0.09295083 0.29099321 -0.03614113
v 0.09166592 0.28225362 -0.03462374
v 0.06918222 0.25402698 -0.00528609
v 0.07322604 0.28829268 -0.01888802
v 0.07458574 0.28661513 -0.01804988
v 0.07382104 0.29399994 -0.01773279
v 0.07413654 0.29569319 -0.01592180
v 0.07307722 0.27099729 -0.00177922
v 0.08834281 0.30529904 -0.03280374
v 0.08886123 0.30340716 -0.03429164
v 0.08678174 0.30394065 -0.03132160
v 0.08650351 0.30518785 -0.02969271
v 0.08573022 0.30698287 -0.02660926
v 0.08585805 0.30847353 -0.02620914
v 0.08758231 0.30700859 -0.03075650
v 0.07710617 0.29422691 -0.01847313
v 0.07795487 0.29600152 -0.01822328
v 0.07872532 0.26673421 -0.01080145
v 0.07931188 0.26076859 -0.01161062
v 0.08564992 0.27188855 -0.02657158
v 0.08550868 0.27263513 -0.02359850
v 0.08579519 0.28284073 -0.03720315
v 0.08561659 0.29224530 -0.03830177
v 0.08420693 0.29222870 -0.03602223
v 0.08473391 0.28327894 -0.03561742
v 0.07890203 0.28651533 -0.03231609
v 0.07553498 0.28767672 -0.03232241
v 0.07600579 0.28392887 -0.00726882
v 0.07529138 0.28790489 -0.00555510
v 0.07346945 0.29329804 -0.01758396
v 0.07381853 0.29499200 -0.01587287
v 0.08024630 0.26862729 -0.02688464
v 0.07636566 0.26135778 -0.01885197
v 0.08034065 0.26638177 -0.02492749
v 0.07225651 0.26066217 -0.01656595
v 0.07201257 0.25963497 -0.01403226
v 0.07456898 0.25958028 -0.01582594
v 0.08264157 0.26850104 -0.02030967
v 0.08427173 0.26963681 -0.02331226
v 0.07226339 0.28438228 -0.01313977
v 0.07074347 0.28284058 -0.01428914
v 0.07130876 0.28412700 -0.01255557
v 0.08555190 0.28791171 -0.02588840
v 0.08657140 0.27970454 -0.02602728
v 0.07894416 0.29894522 -0.01478865
v 0.07732576 0.28863579 -0.01424215
v 0.07825442 0.29224241 -0.01256056
v 0.08243535 0.30248508 -0.01466363
v 0.08061288 0.30081642 -0.01519866
v 0.07998689 0.29981160 -0.01492961
v 0.08121498 0.30029285 -0.01412055
v 0.06537376 0.27462631 -0.01250811
v 0.06870168 0.27298382 -0.01090132
v 0.07032097 0.27616680 -0.01084337
v 0.08489389 0.30813384 -0.02445161
v 0.08521445 0.30605963 -0.02558184
v 0.08323693 0.29923066 -0.03414414
v 0.07765278 0.30024499 -0.01934926
v 0.07811547 0.29866558 -0.02020870
v 0.08027402 0.31287280 -0.02861878
v 0.07955861 0.31084391 -0.02461630
v 0.07965090 0.31100830 -0.02313183
v 0.08065911 0.31507030 -0.02365908
v 0.07134545 0.25690052 -0.01051138
v 0.07402166 0.25716668 -0.01345899
v 0.07376179 0.25843462 -0.01403440
v 0.07173808 0.25837275 -0.01191968
v 0.07495178 0.27067813 -0.01121273
v 0.07364655 0.26977953 -0.01356363
v 0.08668357 0.27309564 -0.02966662
v 0.08598245 0.27228746 -0.02847204
v 0.08704782 0.27623609 -0.03095753
v 0.08794854 0.27751586 -0.03203462
v 0.07381077 0.29204282 -0.02135213
v 0.07324966 0.29086816 -0.02084474
v 0.07942411 0.30486655 -0.02523310
v 0.08161680 0.30700657 -0.02656887
v 0.08075888 0.30985460 -0.02306417
v 0.07912494 0.30793959 -0.02299117
v 0.08462404 0.29986206 -0.03644450
v 0.07824953 0.29718074 -0.01962847
v 0.07887471 0.29733443 -0.02075251
v 0.07778405 0.29763344 -0.01918553
v 0.07574958 0.29518220 -0.01465471
v 0.07801778 0.29399294 -0.01481780
v 0.08158927 0.30267510 -0.01626281
v 0.08519472 0.30618772 -0.01976091
v 0.08415030 0.30623391 -0.01987894
v 0.08085301 0.30346903 -0.01661400
v 0.07631493 0.29997441 -0.01597121
v 0.01419259 0.25319242 -0.08888289
v 0.01619463 0.26214501 -0.09785804
v -0.03974317 0.33873177 0.07635313
v -0.04722121 0.33713529 0.07057904
v -0.04585207 0.33071589 0.07474268
v -0.03864149 0.33158708 0.07928774
v 0.07989795 0.31018406 -0.01503383
v 0.08065996 0.31188008 -0.01923168
v 0.08158219 0.31278777 -0.01962340
v 0.08036636 0.31104279 -0.01609870
v 0.08622669 0.30396703 -0.02908296
v 0.08996487 0.30011368 -0.03452898
v 0.07590256 0.28507334 -0.01627465
v 0.07269710 0.28214729 -0.01590057
v 0.06264960 0.28087789 -0.01428964
v 0.06302037 0.28210327 -0.01432030
v 0.06351905 0.28166467 -0.01558421
v 0.06313902 0.28034580 -0.01579406
v 0.06599128 0.27553818 -0.01615031
v 0.06880324 0.27458143 -0.01478117
v 0.06809415 0.27265358 -0.01323421
v 0.06533147 0.27341723 -0.01535737
v 0.06207257 0.27770513 -0.01461485
v 0.06236280 0.27935109 -0.01435904
v 0.06295614 0.27862877 -0.01598580
v 0.06274829 0.27668819 -0.01647026
v 0.08432069 0.30809453 -0.02224551
v 0.08616939 0.30801621 -0.02410604
v 0.09135501 0.29929790 -0.03356843
v 0.09148287 0.29693228 -0.03437709
v 0.08944030 0.30418438 -0.03166785
v 0.08977115 0.30233607 -0.03317029
v 0.07555380 0.27583864 -0.00569787
v 0.07655539 0.27601260 -0.00760078
v 0.07612137 0.27436289 -0.00741647
v 0.09250931 0.30253375 -0.03381423
v 0.09276439 0.30463961 -0.03551880
v 0.07443003 0.25843826 -0.00205712
v 0.07336675 0.25693449 -0.00118106
v 0.04459647 0.18478248 0.01480038
v 0.05354635 0.19093110 0.00241810
v 0.05248364 0.18085206 0.00241617
v 0.04367549 0.17506447 0.01417423
v 0.08210112 0.30524683 -0.01330038
v 0.08073513 0.30793196 -0.01335494
v 0.06217653 0.27604255 -0.01365963
v 0.06204018 0.27513859 -0.01509912
v 0.06484175 0.27360198 -0.01395147
v 0.06758307 0.28024575 -0.01204540
v 0.06331509 0.28091678 -0.01283169
v 0.06621248 0.27739775 -0.01608567
v 0.06714870 0.28253159 -0.01507857
v 0.06754965 0.28366295 -0.01363498
v 0.07060525 0.26936185 -0.01008669
v 0.07216553 0.26884162 -0.01226989
v 0.07376481 0.26887235 -0.00891639
v 0.06275278 0.27467200 -0.01624418
v 0.07381783 0.29311895 -0.01929724
v 0.06935906 0.27829257 -0.01566996
v 0.07216112 0.27565423 -0.01751277
v 0.07190601 0.27349114 -0.01643895
v 0.06911181 0.27630898 -0.01544321
v 0.08117052 0.26570624 -0.01821882
v 0.08141675 0.26756272 -0.01811450
v 0.07468247 0.27100319 -0.01877322
v 0.07815094 0.27138245 -0.01667712
v 0.07530399 0.28810900 -0.01711147
v 0.07683951 0.29135853 -0.01569586
v 0.07277338 0.28453875 -0.01331012
v 0.06992882 0.28047234 -0.01521905
v 0.07230688 0.27822554 -0.01723916
v 0.06780604 0.28159449 -0.01237078
v 0.07162277 0.28162268 -0.01161855
v 0.07136926 0.28274748 -0.01191073
v 0.06776759 0.28260240 -0.01271747
v 0.08062959 0.29874128 -0.02155929
v 0.07962599 0.30555698 -0.01152806
v 0.08100200 0.30244464 -0.01219659
v 0.08079518 0.31710929 -0.04212002
v 0.07841288 0.30914190 -0.04666785
v 0.07948077 0.30993015 -0.03263585
v 0.06640187 0.27928954 -0.01595214
v 0.06364166 0.28305298 -0.01418355
v 0.06417370 0.28255001 -0.01324112
v 0.08637600 0.26913747 -0.02689398
v 0.07462507 0.26849693 -0.00851946
v 0.07448778 0.29321167 -0.01520392
v 0.08548377 0.27744290 -0.03502961
v 0.08449505 0.27213690 -0.03228529
v 0.07374923 0.29449734 -0.01574345
v 0.07448920 0.29564708 -0.01521401
v 0.07303487 0.26919720 -0.01308201
v 0.07452147 0.26977563 -0.01019257
v 0.07471405 0.29607359 -0.01508450
v 0.07619945 0.27544212 -0.00892913
v 0.08547065 0.29845330 -0.02721382
v 0.07769803 0.25784802 -0.01886845
v 0.07595024 0.25635496 -0.01565660
v 0.06380104 0.28192732 -0.01291981
v 0.06741032 0.27288377 -0.01254178
v 0.06684998 0.28100532 -0.01560509
v 0.07438273 0.27930969 -0.01074097
v 0.07398067 0.27711877 -0.01024958
v 0.07654192 0.27772903 -0.00914013
v 0.07940024 0.27189746 -0.01865223
v 0.07534026 0.27274194 -0.02120653
v 0.07644170 0.27361229 -0.02357883
v 0.08105748 0.27267146 -0.02056275
v 0.08317266 0.26729533 -0.02935329
v 0.08157734 0.26295388 -0.02550483
v 0.08388215 0.26119801 -0.02516427
v 0.08592971 0.26574033 -0.02935304
v 0.08064039 0.33219397 -0.05189388
v 0.08224046 0.32277188 -0.03508519
v 0.08269408 0.33893448 -0.03997624
v 0.08409937 0.30827582 -0.03179464
v 0.08418925 0.30582276 -0.03347286
v 0.08915202 0.30668184 -0.03655025
v 0.07962779 0.31296909 -0.01707896
v 0.07969797 0.31073147 -0.02112130
v 0.08005609 0.31136981 -0.01881934
v 0.08917451 0.28245044 -0.03839563
v 0.07678186 0.29400441 -0.00920872
v 0.07846809 0.29447594 -0.01197623
v 0.07924566 0.26994392 -0.02781326
v 0.08157206 0.27089381 -0.01849515
v 0.08363517 0.27137828 -0.02078984
v 0.08975006 0.30903220 -0.02464733
v 0.08677105 0.30703369 -0.02182258
v 0.00993093 0.17300604 0.04182469
v 0.00972403 0.16643398 0.03771800
v 0.00857246 0.27834919 0.09989193
v 0.01000927 0.27814507 0.09839186
v 0.00872957 0.28002068 0.09729894
v 0.00809368 0.28005570 0.09804597
v 0.00891356 0.26914245 0.09870649
v 0.00827005 0.27068534 0.09754400
v 0.00927773 0.27039233 0.09658155
v 0.01018196 0.26911074 0.09779004
v 0.00564020 0.27967706 0.09722062
v 0.00417692 0.27711391 0.09989938
v 0.00575250 0.27807087 0.10132691
v 0.00676535 0.28023848 0.09795757
v 0.08974832 0.31230864 -0.02566481
v 0.01239396 0.26891974 0.09841396
v 0.01132610 0.27070621 0.09716776
v 0.01204870 0.27123633 0.09905783
v 0.01377524 0.26977980 0.10016984
v 0.00500729 0.26993728 0.10667834
v 0.00610782 0.27207819 0.10678289
v 0.00497722 0.27123374 0.10444039
v 0.00494695 0.26923150 0.10411714
v 0.00789212 0.27254489 0.10613420
v 0.00982563 0.27217057 0.10792150
v 0.01159713 0.27208093 0.10627112
v 0.00938578 0.27239689 0.10463721
v 0.00464393 0.27343830 0.09940997
v 0.00602635 0.27155295 0.10086923
v 0.00392719 0.27368268 0.10301018
v 0.01224603 0.27351654 0.09709407
v 0.01090438 0.27243856 0.09566939
v 0.00977578 0.27621335 0.09502663
v 0.01103479 0.27703345 0.09590425
v 0.04899880 0.20109867 0.01631570
v 0.05576484 0.20463885 0.00135942
v 0.03606383 0.29286867 0.07797036
v 0.03530636 0.28999832 0.07924099
v 0.03101536 0.29112786 0.07998603
v 0.03197002 0.29367235 0.07891060
v 0.07727319 0.28003803 -0.00846162
v 0.07674669 0.28092414 -0.00733824
v 0.08413235 0.30297241 -0.03507321
v 0.08871186 0.30575091 -0.02947870
v 0.08406222 0.31011680 -0.02960967
v 0.08299617 0.31226608 -0.02485013
v 0.08165254 0.31097019 -0.02388082
v 0.08255272 0.30845642 -0.02790822
v 0.09172061 0.30617198 -0.03023660
v 0.07593535 0.26718035 -0.00809065
v 0.08336936 0.29439539 -0.02391952
v 0.08233357 0.31277013 -0.02220640
v 0.08567466 0.31426370 -0.02289172
v 0.08948658 0.28245795 -0.03316252
v 0.09215455 0.30458489 -0.03222932
v 0.09041972 0.30311176 -0.03089026
v 0.08373190 0.30474398 -0.01562419
v 0.07771915 0.27622500 -0.02618328
v 0.08414210 0.27639356 -0.02422109
v 0.08281569 0.27385330 -0.02237573
v -0.09282663 0.30213404 -0.03692539
v -0.09275217 0.29932213 -0.03799899
v -0.09293096 0.29776704 -0.03598087
v -0.09283160 0.30028394 -0.03512147
v -0.08869243 0.28301314 -0.03412930
v -0.08857419 0.29058251 -0.03600258
v -0.08994094 0.29330721 -0.03696428
v -0.09010747 0.29111999 -0.03602415
v 0.07726287 0.27441722 -0.02494775
v 0.07312972 0.28972962 -0.02009957
v 0.07273129 0.27163500 0.00079610
v 0.08097781 0.26119396 -0.01527837
v -0.08903413 0.27242294 -0.03019415
v -0.08799764 0.27307937 -0.02973769
v -0.08945437 0.27768871 -0.03194427
v -0.09048269 0.27738518 -0.03270431
v 0.08173704 0.26227912 -0.01801644
v 0.03054175 0.25442362 -0.08325118
v 0.03423733 0.26416042 -0.09137417
v 0.09132740 0.28227714 -0.03670974
v 0.08413179 0.30764952 -0.02323056
v 0.07776213 0.26681915 -0.00956562
v 0.07716883 0.26106229 -0.00856902
v 0.07584887 0.26146972 -0.00630064
v 0.07855594 0.29781422 -0.02056397
v 0.07856818 0.27118757 -0.02800926
v 0.07857149 0.27362591 -0.02926479
v 0.06386367 0.28239438 -0.01521649
v 0.08076566 0.26476085 -0.02501798
v 0.07715432 0.25959837 -0.01886235
v 0.05894790 0.20882291 -0.01313611
v 0.05591123 0.21238819 -0.02875284
v -0.07534898 0.25296885 -0.00458121
v -0.07800574 0.25525647 -0.00678414
v -0.07835952 0.25280452 -0.00803493
v -0.07373430 0.25141418 -0.00631494
v 0.05595677 0.20085154 -0.02646266
v 0.05769697 0.19618833 -0.01179986
v 0.07431889 0.28596291 -0.00140642
v 0.07481171 0.27869207 -0.00379869
v 0.07412345 0.27747691 -0.00160209
v 0.02431911 0.18174593 0.03754212
v 0.02085223 0.17048772 0.03289233
v 0.07267445 0.27213955 0.00505588
v 0.07249258 0.27169904 0.01622832
v 0.07374857 0.28783247 0.01522196
v 0.07359561 0.28216270 0.00497634
v 0.06148630 0.32017890 0.05176273
v 0.06342059 0.32097504 0.04668123
v 0.06418086 0.31119391 0.04737508
v 0.06192747 0.31237170 0.05158376
v 0.02063783 0.38037315 0.06502068
v 0.00999358 0.38084546 0.06760205
v 0.01022606 0.38900760 0.06065694
v 0.02106741 0.38825437 0.05771209
v 0.03593775 0.27260178 -0.09727709
v 0.03708795 0.28353322 -0.10346588
v 0.01800387 0.27938324 -0.11083518
v 0.01711311 0.26947606 -0.10391659
v 0.02155281 0.40715757 0.03308980
v 0.01054954 0.40882081 0.03624273
v 0.01065060 0.41389570 0.02513924
v -0.07068781 0.25278550 -0.00719381
v -0.07509628 0.25203609 -0.01169196
v -0.07448361 0.25524470 -0.01287952
v -0.07094925 0.25535691 -0.00926802
v 0.02180502 0.41193140 0.02231323
v 0.05525810 0.29101804 0.06739720
v 0.05761569 0.28471091 0.06756438
v 0.05363283 0.28398734 0.07175986
v 0.05177071 0.29026109 0.07084830
v 0.07708484 0.25654852 -0.00548123
v 0.07606468 0.25736266 -0.00398443
v -0.08811548 0.31250659 -0.02242414
v -0.08842181 0.30909494 -0.02174239
v -0.08683515 0.30817491 -0.01914341
v -0.08643282 0.31168449 -0.01952017
v -0.07393857 0.27976054 -0.03001270
v -0.07254852 0.27291757 -0.02719241
v -0.07878248 0.27745271 -0.03085725
v -0.07902140 0.28047556 -0.03177984
v 0.01081702 0.41795623 0.01222472
v 0.02212405 0.41569534 0.00980403
v 0.01290447 0.29967153 0.08447969
v -0.08592339 0.30141118 -0.02905382
v -0.08688577 0.30223423 -0.03268166
v -0.08731804 0.30004555 -0.03378578
v -0.08618685 0.29849401 -0.03096454
v -0.08928178 0.30396187 -0.03807227
v -0.08939169 0.30078390 -0.03929012
v -0.07375459 0.26171041 -0.00255889
v -0.07274288 0.26528379 -0.00180585
v -0.07327514 0.26697901 -0.00332122
v -0.07380325 0.26594558 -0.00466587
v -0.07356330 0.27912909 -0.01940917
v -0.07511705 0.28343537 -0.01784532
v -0.08541216 0.26197159 -0.02405226
v -0.08527346 0.26392969 -0.02327517
v -0.08726629 0.26794034 -0.02705854
v -0.08741567 0.26654705 -0.02816209
v 0.01346986 0.30166426 0.08177004
v 0.01739863 0.29848257 0.08077368
v 0.01689993 0.29632697 0.08298366
v 0.00764759 0.35263562 0.08211558
v 0.00864080 0.36072287 0.07878698
v 0.01799449 0.36081699 0.07712067
v 0.01634735 0.35284269 0.08088386
v 0.02207288 0.29608744 0.07991919
v 0.02109219 0.29396531 0.08144354
v 0.01036331 0.39643383 0.05337783
v 0.02135946 0.39544404 0.05020287
v 0.02116429 0.42044920 -0.04378378
v -0.08234724 0.26654005 -0.02135562
v -0.08435343 0.26903775 -0.02517277
v -0.08535179 0.26961204 -0.02708642
v -0.08441187 0.26753473 -0.02483919
v 0.02175430 0.42066219 -0.03462618
v 0.01020100 0.42329907 -0.03513183
v -0.08901312 0.30483896 -0.02902002
v -0.08717185 0.30713761 -0.02425330
v -0.08811224 0.30680951 -0.02418431
v -0.08991209 0.30440110 -0.02902843
v 0.01117281 0.42228237 -0.04831149
v 0.06956609 0.28882489 -0.06173963
v 0.07341035 0.28787699 -0.04512915
v 0.07596786 0.30008116 -0.04794480
v 0.07318898 0.30554193 -0.06644062
v 0.03578518 0.18874234 0.02890501
v 0.03255461 0.17688675 0.02477921
v -0.08091211 0.29260069 -0.03240326
v -0.07961985 0.29767051 -0.03088948
v -0.07862686 0.29718545 -0.03077557
v -0.07982188 0.29272133 -0.03213713
v -0.08922695 0.30119881 -0.03564442
v -0.08948664 0.29846331 -0.03659451
v -0.08770236 0.29730207 -0.03498704
v -0.07613325 0.29900447 -0.01702896
v -0.07683001 0.29997447 -0.01830334
v -0.07723427 0.29829296 -0.01873381
v -0.07687567 0.29698968 -0.01757513
v -0.07779038 0.25177184 -0.01162530
v -0.07085507 0.26356202 -0.02072010
v -0.07268830 0.26406908 -0.02236740
v -0.07543607 0.26821426 -0.02551763
v -0.07403158 0.26941738 -0.02586105
v 0.05450449 0.34345981 0.05749289
v 0.05663004 0.34901568 0.05205639
v 0.05992560 0.34148267 0.04884686
v 0.05766467 0.33679596 0.05472310
v 0.00604692 0.33929774 0.08685187
v 0.01362256 0.33948809 0.08627174
v 0.01165806 0.33277673 0.08736759
v 0.00529629 0.33246526 0.08793853
v -0.07103124 0.25441813 -0.00218857
v -0.07416162 0.25474325 -0.00213948
v -0.07486501 0.25357658 -0.00342978
v -0.07171132 0.25292939 -0.00387503
v 0.06181669 0.30483460 0.05264318
v 0.06452953 0.30182868 0.04964509
v 0.06368553 0.29363781 0.05512019
v 0.06063355 0.29775292 0.05695362
v 0.05782140 0.29256982 0.06373558
v -0.07917627 0.30356041 -0.01876241
v -0.08150188 0.30286491 -0.02106267
v -0.07961662 0.30185470 -0.02020267
v -0.07810058 0.30223414 -0.01837568
v 0.06042627 0.28661093 0.06350065
v -0.08732521 0.28862619 -0.03406376
v -0.08638022 0.29553315 -0.03247783
v 0.01951611 0.37042290 0.07221480
v 0.00943526 0.37072131 0.07428719
v 0.06208018 0.33170739 0.04685645
v 0.06001497 0.32866746 0.05287758
v 0.00978290 0.30281159 0.08674996
v 0.01065538 0.30434594 0.08328186
v 0.00757747 0.30902481 0.08515146
v -0.08719199 0.27927718 -0.02780259
v -0.08708201 0.27938202 -0.03091915
v -0.08659540 0.27529606 -0.02918594
v -0.08675587 0.27529016 -0.02617885
v 0.00382395 0.30859050 0.09080642
v 0.00364881 0.31293407 0.08912467
v 0.00689626 0.31289893 0.08554245
v 0.03484996 0.35232228 0.07342306
v 0.03670723 0.35969001 0.06893469
v 0.04448985 0.35805321 0.06304729
v 0.04272292 0.35117120 0.06786461
v 0.02151430 0.40161553 0.04226611
v -0.08676101 0.28755122 -0.02815829
v -0.08690930 0.28751454 -0.03174539
v 0.01047328 0.40297809 0.04548619
v 0.00419153 0.32343119 0.08778933
v 0.00857710 0.32354838 0.08634461
v 0.00751593 0.31955940 0.08542743
v -0.09056628 0.29696634 -0.03449740
v -0.09065588 0.29064441 -0.03460368
v -0.09012368 0.29746041 -0.03534993
v -0.07768407 0.30127016 -0.02912468
v -0.07785457 0.30466545 -0.03376464
v -0.07683060 0.29797256 -0.03485441
v -0.07780500 0.29883003 -0.03026309
v 0.00405049 0.31974488 0.08763915
v 0.02608067 0.29230884 0.08074261
v 0.02699605 0.29459482 0.07963954
v 0.06843625 0.25648567 -0.00870266
v 0.06970698 0.25571719 -0.00832325
v 0.07502855 0.30416670 0.00028497
v 0.07391936 0.29306218 0.00316127
v 0.07385091 0.30157986 0.01304843
v 0.07395113 0.31497636 0.00946895
v 0.07732221 0.32666138 0.00497703
v 0.07973555 0.33622858 -0.00203986
v 0.07979944 0.31992167 -0.00853050
v 0.07726369 0.31341794 -0.00313810
v 0.05094190 0.20416076 -0.03958027
v 0.04856814 0.21440580 -0.04306871
v 0.00391808 0.30533531 0.09372442
v 0.00389277 0.30237740 0.09648388
v 0.01939478 0.32189140 -0.13134958
v -0.07385648 0.27099770 -0.00413091
v -0.07516732 0.27314779 -0.00563047
v -0.07400599 0.27084586 -0.00704530
v -0.07325535 0.26867291 -0.00636892
v 0.01868613 0.30883512 -0.12467089
v 0.03837015 0.31365335 -0.11658702
v 0.03764509 0.32670823 -0.12068566
v 0.06658760 0.27805242 -0.05636586
v -0.07611348 0.26616517 -0.02408949
v -0.07348700 0.26290059 -0.02143814
v -0.07405424 0.26229379 -0.02060344
v -0.07674248 0.26430526 -0.02247858
v 0.07100153 0.27895626 -0.04104932
v 0.01087752 0.27498829 0.10039269
v 0.00755671 0.27943182 0.09545125
v 0.00774221 0.27591044 0.09500742
v 0.00737948 0.27861285 0.09527481
v 0.01092184 0.27199671 0.10242068
v 0.01327985 0.27137047 0.10378121
v 0.00855366 0.27210018 0.09532501
v 0.00763462 0.27231142 0.09588905
v 0.00694282 0.27621073 0.09529830
v 0.00870459 0.27985781 0.09610049
v 0.00198724 0.26820585 0.10902048
v 0.00255847 0.26977432 0.11187666
v 0.00658252 0.27105597 0.11070794
v 0.00508016 0.26954758 0.10868708
v 0.00542032 0.27882400 0.09677137
v 0.00444029 0.27658957 0.09769300
v 0.00529634 0.27463406 0.10504353
v 0.00718271 0.27831608 0.10094698
v 0.00746932 0.28024691 0.09812239
v 0.00717852 0.27524325 0.10422356
v 0.00619092 0.26921237 0.10153870
v 0.00899033 0.27534768 0.10263114
v -0.08392552 0.30410680 -0.02335548
v -0.08394147 0.29880238 -0.02396300
v -0.08232823 0.29877725 -0.02241055
v -0.07922640 0.26802707 -0.01236039
v -0.07979742 0.26935408 -0.01441557
v -0.08088715 0.26623541 -0.01625212
v -0.08030706 0.26419342 -0.01441047
v 0.08032014 0.27021265 -0.01647690
v 0.05927796 0.22152862 0.00746513
v 0.06356078 0.23658705 -0.00073956
v 0.06223520 0.23682699 -0.00732954
v -0.08180315 0.25554848 -0.01765203
v -0.07932951 0.25522339 -0.01830504
v -0.07721806 0.25324157 -0.01475718
v -0.07980630 0.25312877 -0.01448818
v -0.07351816 0.26759425 -0.00545580
v -0.07347478 0.26841402 -0.00374057
v -0.08280845 0.29259625 -0.03427162
v -0.08184891 0.29876399 -0.03246242
v 0.05928631 0.22108868 -0.00262047
v 0.08095510 0.29706621 -0.02197236
v 0.06865040 0.34814307 0.02870807
v 0.07074034 0.36040768 0.01716419
v 0.07698759 0.34838337 0.00621617
v -0.08554228 0.29680017 -0.02842767
v -0.08588663 0.29426056 -0.02970032
v 0.07537378 0.33693290 0.01327255
v 0.07074145 0.37007308 0.00773556
v 0.07717697 0.35929000 -0.00247567
v 0.08118440 0.34693101 -0.01192303
v 0.08270463 0.32609338 -0.02600103
v 0.04404506 0.30650106 0.07256711
v 0.04433227 0.30624351 0.07271579
v 0.04278374 0.30595168 0.07406353
v -0.07610234 0.28382584 -0.01075406
v -0.07359190 0.28436241 -0.01203902
v -0.07356270 0.28350872 -0.01193401
v -0.07671376 0.28215462 -0.01049805
v 0.04277300 0.30612326 0.07388151
v 0.04353971 0.30659303 0.07198243
v 0.04220128 0.30603996 0.07308576
v -0.07662215 0.28376183 -0.00929412
v -0.07715169 0.28209108 -0.00907207
v -0.07681501 0.28191823 -0.00783237
v -0.07646185 0.28285012 -0.00771644
v 0.04442349 0.30700994 0.07096320
v 0.04499280 0.30682102 0.07143992
v 0.04528747 0.30657277 0.07156009
v 0.02655217 0.30718368 0.07609045
v 0.02723897 0.30748281 0.07534155
v 0.02989146 0.30655310 0.07563323
v 0.02921066 0.30656347 0.07677953
v 0.02631139 0.30687508 0.07654387
v 0.02917270 0.30624768 0.07722549
v -0.07269762 0.28462389 -0.01253692
v -0.07302088 0.28431794 -0.01221124
v -0.07331749 0.28489512 -0.01259158
v -0.07650406 0.28771806 -0.02556860
v -0.07785606 0.27962172 -0.02699067
v -0.07610143 0.27934194 -0.02571257
v -0.07470167 0.28643212 -0.02418379
v 0.03034537 0.30908599 0.06965980
v 0.02982712 0.30937654 0.06956670
v -0.08764872 0.28050125 -0.03282682
v 0.03119306 0.30872685 0.06983814
v 0.02471012 0.30908352 0.07372154
v 0.02473355 0.31008613 0.07386602
v -0.08336217 0.30789062 -0.01493571
v -0.08178834 0.31017175 -0.01517572
v -0.08441011 0.31357986 -0.01978356
v 0.02954271 0.31012145 0.06975780
v 0.02955876 0.30961856 0.06959511
v 0.02502464 0.30863047 0.07386099
v -0.07417328 0.27030644 -0.01653531
v -0.07701913 0.27136427 -0.01364102
v -0.07561442 0.27103323 -0.01193795
v -0.07382797 0.26999196 -0.01466745
v -0.07334194 0.27504888 -0.01004037
v -0.07141023 0.27172357 -0.00910713
v -0.07555164 0.27346802 -0.00844739
v -0.07630748 0.28995422 -0.00965740
v -0.07483555 0.28603530 -0.01204553
v -0.07579297 0.28486505 -0.01052717
v -0.07622992 0.28529003 -0.00921949
v -0.08900003 0.27167523 -0.03149759
v -0.09031082 0.27696663 -0.03434980
v -0.08862538 0.27680668 -0.03589348
v -0.08741600 0.27115119 -0.03291020
v 0.02343442 0.30835846 0.07397910
v 0.02250126 0.30863830 0.07362913
v -0.07184121 0.25809902 -0.00061746
v -0.06855351 0.25529855 -0.00363569
v -0.07109947 0.26095784 -0.00000322
v -0.09207727 0.30911922 -0.03164671
v -0.08875904 0.31138301 -0.03214717
v -0.08908075 0.30921534 -0.03454513
v -0.09252463 0.30705827 -0.03388343
v -0.07303173 0.29121798 -0.01871718
v -0.07319680 0.28908494 -0.01808017
v -0.07349948 0.29057518 -0.01684943
v -0.07318407 0.29261467 -0.01724374
v 0.02250921 0.31000164 0.07384998
v 0.03443298 0.30519569 0.07735021
v 0.03465045 0.30435795 0.07744548
v 0.02988226 0.30470258 0.07769196
v 0.02948011 0.30563095 0.07754627
v 0.03421478 0.30569246 0.07713474
v 0.03767640 0.30577809 0.07618838
v 0.03777844 0.30523565 0.07639174
v 0.03793146 0.30442795 0.07639141
v -0.05148983 0.25689927 -0.06077472
v -0.06061208 0.25716284 -0.04115141
v -0.06472781 0.27047244 -0.05101600
v -0.05703484 0.26956299 -0.06773219
v -0.08275245 0.25844994 -0.01715044
v -0.08193739 0.25626844 -0.01421443
v -0.07747160 0.29789218 -0.00927289
v -0.07698494 0.29981872 -0.00790876
v -0.07794178 0.30547082 -0.01009052
v -0.07861789 0.30213016 -0.00993185
v 0.02652915 0.30565065 0.07743376
v 0.02642809 0.30653262 0.07702725
v 0.03800416 0.30366218 0.07636169
v 0.03490453 0.30360448 0.07736869
v -0.08984523 0.29251319 -0.04020245
v -0.09260426 0.29176280 -0.03848679
v 0.03008984 0.30393937 0.07769960
v 0.02650381 0.30511588 0.07753825
v 0.02365624 0.30627143 0.07678699
v 0.02483380 0.30661634 0.07681532
v 0.03501612 0.30273548 0.07717947
v 0.03491163 0.30172747 0.07712811
v 0.02998856 0.30198401 0.07772819
v 0.03012820 0.30301055 0.07767136
v -0.07871262 0.30407298 -0.01718904
v -0.08217938 0.30748358 -0.02055297
v -0.08006635 0.30500898 -0.01936838
v -0.07834122 0.30355519 -0.01743730
v -0.07867135 0.29527488 -0.01445279
v -0.07929511 0.29663852 -0.01425652
v -0.07737998 0.29760891 -0.01454640
v -0.07641730 0.29614517 -0.01452622
v 0.03811620 0.30285922 0.07606187
v 0.03808576 0.30188090 0.07596141
v -0.07658910 0.30469286 -0.00689664
v -0.07812399 0.30979672 -0.01109686
v 0.04645920 0.30663705 0.06971927
v 0.04693542 0.30710736 0.06869651
v 0.04696381 0.30656895 0.06881201
v -0.06909783 0.26318878 -0.01991852
v 0.04669030 0.30612811 0.06937903
v 0.04965500 0.30390120 0.06569700
v 0.05052717 0.30528003 0.06442888
v 0.05225021 0.30467990 0.06279377
v -0.07892717 0.29676270 -0.01180452
v -0.07981507 0.29945052 -0.01168942
v -0.08022981 0.29831237 -0.01413418
v -0.07189000 0.26602095 0.00037075
v -0.07284279 0.26792368 -0.00198151
v -0.07764649 0.30260649 -0.01720420
v -0.07695314 0.30135396 -0.01706383
v -0.07561797 0.29743144 -0.01601646
v -0.07619727 0.29534820 -0.01730750
v 0.05116495 0.30312762 0.06438675
v -0.08260687 0.28861561 -0.02433634
v -0.08460880 0.27998042 -0.02557668
v 0.05952833 0.29460862 0.06023887
v 0.05348931 0.30034670 0.06363667
v 0.05483651 0.30193704 0.06133993
v 0.04598185 0.30639482 0.07062289
v 0.04533138 0.30610967 0.07162601
v 0.04585654 0.30677593 0.07057451
v 0.04629224 0.30708477 0.06955081
v 0.04621156 0.30570230 0.07028379
v 0.04549134 0.30540654 0.07145645
v 0.04442378 0.30584952 0.07276686
v 0.04455325 0.30501568 0.07274985
v 0.04293270 0.30468202 0.07415474
v 0.04279000 0.30550501 0.07416303
v 0.04065935 0.30531672 0.07530647
v -0.06860217 0.27098483 -0.03627020
v -0.06509501 0.25660393 -0.02013389
v 0.04093625 0.30586550 0.07504547
v 0.04081248 0.30449489 0.07526780
v 0.04310425 0.30401522 0.07391759
v 0.04097838 0.30379409 0.07516567
v 0.04465653 0.30433238 0.07236443
v 0.04566228 0.30481949 0.07103818
v 0.04642034 0.30523321 0.06977966
v 0.04703069 0.30568650 0.06884266
v 0.04742212 0.30636051 0.06813474
v 0.04679910 0.30468249 0.06911910
v 0.04750233 0.30393639 0.06819053
v 0.04628919 0.30335879 0.06977794
v 0.04590493 0.30422518 0.07052723
v 0.04759521 0.30526593 0.06802034
v 0.04847132 0.30465350 0.06690185
v -0.07610324 0.29800597 -0.01482702
v -0.07596400 0.29839846 -0.01511529
v -0.07518053 0.29742619 -0.01535714
v -0.07523642 0.29683828 -0.01494638
v 0.04483880 0.30380183 0.07190730
v 0.04495854 0.30301768 0.07142952
v 0.04323226 0.30251542 0.07309341
v 0.04321100 0.30329812 0.07354271
v -0.08083164 0.25445962 -0.01150308
v -0.08115546 0.29516825 -0.02208445
v -0.07830315 0.29315293 -0.01981614
v -0.07891587 0.29549164 -0.01931906
v 0.04107799 0.30305028 0.07484619
v 0.04122360 0.30214566 0.07445815
v -0.09051648 0.28235063 -0.03320209
v -0.09165492 0.29054821 -0.03443963
v -0.09294832 0.29098907 -0.03614703
v -0.09166284 0.28224984 -0.03462992
v 0.03412953 0.30580941 0.07682582
v 0.03380220 0.30583113 0.07564119
v 0.03733680 0.30563101 0.07502969
v 0.03769737 0.30591127 0.07585563
v 0.04094170 0.30597690 0.07485259
v -0.06918319 0.25402334 -0.00529169
v -0.07322378 0.28828931 -0.01889332
v -0.07458349 0.28661174 -0.01805507
v 0.04032622 0.30569053 0.07410703
v 0.03719487 0.30555928 0.07388146
v 0.03544776 0.30773830 0.06968665
v 0.03681835 0.30775565 0.06931166
v 0.03988746 0.30561408 0.07308862
v -0.07381960 0.29399589 -0.01773806
v -0.07413509 0.29568937 -0.01592711
v 0.03401156 0.30585688 0.07440195
v 0.03389374 0.30793282 0.06993952
v 0.03067584 0.30668509 0.07443501
v -0.07307801 0.27099398 -0.00178435
v 0.03238007 0.30831346 0.06999000
v 0.02800656 0.30751798 0.07456907
v 0.03525927 0.31831729 0.07620838
v 0.03527693 0.31854117 0.07630129
v 0.03990967 0.31803063 0.07553338
v 0.03952233 0.31769609 0.07537349
v 0.04985488 0.28739581 -0.09372485
v 0.05092635 0.30236211 -0.10097847
v 0.03821754 0.29733801 -0.11048920
v 0.04271577 0.31528825 0.07453155
v 0.04260575 0.31625074 0.07399869
v 0.04508170 0.31490931 0.07252994
v 0.04496723 0.31400505 0.07275406
v 0.04274784 0.31423405 0.07500419
v -0.08834079 0.30529526 -0.03280970
v -0.08885903 0.30340338 -0.03429765
v -0.08677959 0.30393690 -0.03132750
v -0.08650145 0.30518410 -0.02969857
v -0.08572824 0.30697915 -0.02661501
v -0.08585612 0.30846998 -0.02621497
v -0.08758034 0.30700490 -0.03076241
v -0.07710450 0.29422310 -0.01847856
v -0.07795365 0.29599759 -0.01822835
v 0.04475313 0.31290126 0.07301046
v 0.03998532 0.31549707 0.07684518
v -0.07872381 0.26673135 -0.01080736
v -0.07931057 0.26076582 -0.01161645
v -0.08564735 0.27188516 -0.02657760
v -0.08550616 0.27263182 -0.02360457
v -0.08579306 0.28283641 -0.03721038
v -0.08561520 0.29224095 -0.03830817
v -0.08420620 0.29222423 -0.03602850
v -0.08473266 0.28327453 -0.03562438
v 0.03992037 0.31667933 0.07626665
v 0.03967228 0.31747049 0.07558763
v 0.04399613 0.31129336 0.06894831
v 0.04323187 0.31226781 0.06964352
v -0.07890477 0.28651062 -0.03232230
v -0.07553858 0.28767198 -0.03232797
v -0.07600590 0.28392529 -0.00727411
v -0.07529184 0.28790134 -0.00556033
v -0.07346795 0.29329422 -0.01758928
v -0.07381711 0.29498816 -0.01587824
v -0.08024670 0.26862213 -0.02689146
v -0.07636566 0.26135269 -0.01885874
v -0.08034048 0.26637676 -0.02493446
v -0.07225722 0.26065722 -0.01657236
v -0.07201320 0.25963032 -0.01403845
v -0.07456908 0.25957558 -0.01583241
v 0.04381051 0.31217417 0.07104190
v 0.04486328 0.31136063 0.06976452
v 0.04463685 0.31058344 0.06834296
v 0.04551911 0.31058967 0.06885998
v 0.03939250 0.31038618 0.06686845
v 0.03904217 0.31077519 0.06717806
v 0.03849228 0.31124181 0.06760855
v -0.08263912 0.26849797 -0.02031568
v -0.08426927 0.26963362 -0.02331820
v 0.03957285 0.31005839 0.06667341
v -0.07226215 0.28437883 -0.01314467
v -0.07074162 0.28283715 -0.01429434
v -0.07130758 0.28412366 -0.01256043
v -0.08554842 0.28790823 -0.02589523
v -0.08656843 0.27970108 -0.02603364
v -0.07894237 0.29894161 -0.01479429
v 0.03965179 0.30976376 0.06657451
v -0.07732420 0.28863242 -0.01424739
v -0.07825288 0.29223907 -0.01256599
v -0.08243348 0.30248153 -0.01466913
v -0.08061116 0.30081278 -0.01520420
v -0.07998499 0.29980803 -0.01493525
v -0.08121297 0.30028930 -0.01412629
v -0.06537207 0.27462345 -0.01251299
v -0.06870022 0.27298084 -0.01090632
v -0.07031973 0.27616373 -0.01084843
v 0.03963299 0.30948257 0.06660771
v 0.03952418 0.30920863 0.06677773
v 0.06272442 0.27791932 0.06107821
v 0.06233518 0.28947955 0.05939511
v -0.08489157 0.30813020 -0.02445766
v -0.08521205 0.30605590 -0.02558788
v -0.08323627 0.29922658 -0.03415009
v 0.06496837 0.28127438 0.05643906
v 0.04552275 0.30708566 0.07039756
v -0.07765170 0.30024111 -0.01935423
v -0.07811417 0.29866171 -0.02021391
v 0.04599735 0.30745223 0.06943103
v -0.08027414 0.31286955 -0.02862109
v -0.07955850 0.31084058 -0.02461929
v -0.07965027 0.31100503 -0.02313496
v -0.08065783 0.31506720 -0.02366156
v 0.04490895 0.30736360 0.07003880
v -0.07134579 0.25689629 -0.01051726
v -0.07402162 0.25716239 -0.01346521
v -0.07376197 0.25843015 -0.01404066
v -0.07173848 0.25836819 -0.01192568
v -0.07495061 0.27067530 -0.01121791
v -0.07364529 0.26977673 -0.01356890
v 0.04536130 0.30775461 0.06921756
v -0.08668151 0.27309197 -0.02967261
v -0.08598026 0.27228388 -0.02847797
v -0.08704550 0.27623248 -0.03096365
v -0.08794626 0.27751213 -0.03204088
v 0.04651294 0.30797023 0.06848361
v 0.04692332 0.30771312 0.06842226
v 0.04289362 0.30655217 0.07124941
v 0.03847543 0.30822670 0.06836129
v 0.03890264 0.30850488 0.06788148
v -0.07380865 0.29203922 -0.02135787
v -0.07324749 0.29086486 -0.02085042
v -0.07942398 0.30486295 -0.02523744
v -0.08161592 0.30700293 -0.02657348
v -0.08075789 0.30985108 -0.02306843
v -0.07912464 0.30793616 -0.02299507
v -0.08462286 0.29985794 -0.03645060
v 0.04359986 0.30716679 0.07031548
v 0.04162474 0.30596793 0.07217629
v 0.03779125 0.30794013 0.06884831
v 0.03912651 0.30875200 0.06749037
v 0.03933452 0.30900645 0.06713253
v -0.07824823 0.29717696 -0.01963372
v -0.07887319 0.29733071 -0.02075794
v 0.04390863 0.30753183 0.06957647
v -0.07778286 0.29762959 -0.01919065
v 0.04436532 0.30794224 0.06880867
v 0.04573655 0.30834904 0.06858597
v -0.07574800 0.29517853 -0.01466007
v -0.07801620 0.29398939 -0.01482315
v -0.08158743 0.30267140 -0.01626849
v -0.08519246 0.30618408 -0.01976694
v -0.08414812 0.30623031 -0.01988491
v -0.08085111 0.30346540 -0.01661967
v 0.04493240 0.30891573 0.06785003
v 0.04501535 0.30943605 0.06778955
v 0.04597072 0.30884174 0.06830244
v -0.07631344 0.29997069 -0.01597667
v 0.04602561 0.30936134 0.06820108
v 0.04474488 0.30841520 0.06815331
v -0.01419795 0.25319040 -0.08888496
v -0.01619970 0.26214424 -0.09785879
v 0.04490974 0.30998892 0.06796199
v 0.04586760 0.30991077 0.06841096
v 0.04722952 0.30723840 0.06821217
v 0.04719397 0.30803409 0.06793529
v 0.04776425 0.30906364 0.06724987
v 0.04770183 0.30727577 0.06758878
v -0.07989688 0.31018069 -0.01503797
v -0.08065895 0.31187662 -0.01923574
v -0.08158106 0.31278437 -0.01962784
v -0.08036520 0.31103945 -0.01610304
v -0.08622410 0.30396336 -0.02908897
v 0.04844206 0.30731159 0.06669611
v 0.04807517 0.30608088 0.06717619
v 0.04882003 0.30975392 0.06662409
v 0.05026114 0.31027713 0.06557030
v -0.08996272 0.30010995 -0.03453501
v -0.07590067 0.28506988 -0.01627981
v -0.07269488 0.28214383 -0.01590581
v 0.04980904 0.30727914 0.06533083
v 0.04914306 0.30577800 0.06592760
v 0.04679728 0.30851325 0.06799577
v -0.06264779 0.28087485 -0.01429480
v -0.06301868 0.28210017 -0.01432549
v -0.06351721 0.28166154 -0.01558924
v -0.06313704 0.28034282 -0.01579902
v 0.04699162 0.30915073 0.06773894
v 0.04813184 0.31080219 0.06807940
v -0.06598923 0.27553546 -0.01615491
v -0.06880140 0.27457863 -0.01478595
v -0.06809251 0.27265072 -0.01323914
v -0.06532961 0.27341461 -0.01536199
v 0.04895282 0.31174257 0.06774794
v 0.04743817 0.31020546 0.06829568
v 0.04688681 0.31097496 0.06958324
v 0.04737473 0.31176701 0.06949215
v -0.06207033 0.27770245 -0.01461997
v -0.06236081 0.27934822 -0.01436417
v -0.06295401 0.27862602 -0.01599065
v -0.06274621 0.27668548 -0.01647492
v 0.04794483 0.31258571 0.06931658
v 0.04637909 0.31274918 0.07108222
v -0.08431846 0.30809101 -0.02225146
v -0.08616703 0.30801272 -0.02411208
v 0.04674328 0.31366092 0.07096392
v 0.04604648 0.31180620 0.07114859
v 0.04677919 0.30995515 0.06836489
v -0.09135287 0.29929399 -0.03357430
v -0.09148066 0.29692838 -0.03438299
v -0.08943822 0.30418074 -0.03167383
v -0.08976897 0.30233237 -0.03317630
v 0.04627397 0.31066999 0.06935065
v 0.04549605 0.31143269 0.07067902
v 0.04439585 0.31207630 0.07260148
v -0.07555354 0.27583534 -0.00570333
v -0.07655489 0.27600920 -0.00760621
v -0.07612082 0.27435955 -0.00742200
v -0.09250708 0.30252981 -0.03382014
v -0.09276249 0.30463579 -0.03552472
v -0.07443001 0.25843468 -0.00206285
v -0.07336698 0.25693092 -0.00118696
v -0.04459194 0.18477891 0.01480109
v -0.05354276 0.19092712 0.00241884
v -0.05247827 0.18084750 0.00241750
v -0.04366867 0.17506094 0.01417523
v -0.08209953 0.30524346 -0.01330552
v -0.08073393 0.30792862 -0.01335948
v 0.04250635 0.31321236 0.07465906
v 0.04177382 0.31314924 0.07273380
v 0.03977830 0.31453222 0.07646190
v -0.06217470 0.27603981 -0.01366440
v -0.06203799 0.27513584 -0.01510402
v -0.06483987 0.27359915 -0.01395624
v -0.06758191 0.28024247 -0.01205053
v -0.06331383 0.28091374 -0.01283670
v 0.03895871 0.31408784 0.07439804
v 0.03582447 0.31926227 0.07726119
v 0.04088552 0.31898326 0.07634669
v 0.03860490 0.31400758 0.07252678
v 0.03612436 0.31203443 0.06894814
v 0.03454411 0.31216633 0.06952264
v 0.03530537 0.31409886 0.07361603
v -0.06621014 0.27739486 -0.01609053
v 0.02534173 0.31082639 0.07433230
v 0.02617538 0.31168830 0.07471804
v -0.06714679 0.28252825 -0.01508357
v -0.06754833 0.28365955 -0.01363983
v -0.07060467 0.26935875 -0.01009208
v -0.07216449 0.26883870 -0.01227517
v -0.07376409 0.26886928 -0.00892171
v -0.06275065 0.27466947 -0.01624916
v -0.07381626 0.29311508 -0.01930266
v 0.03016784 0.31089616 0.07004292
v 0.02977906 0.31047508 0.06990075
v 0.02382889 0.31084692 0.07495172
v 0.02520315 0.31168479 0.07558966
v -0.06935657 0.27828947 -0.01567501
v -0.07215851 0.27565125 -0.01751799
v -0.07190370 0.27348831 -0.01644421
v -0.06910940 0.27630606 -0.01544837
v -0.08116840 0.26570320 -0.01822473
v -0.08141453 0.26755968 -0.01812046
v -0.07467946 0.27100030 -0.01877935
v -0.07814851 0.27137953 -0.01668328
v -0.07530200 0.28810570 -0.01711669
v -0.07683788 0.29135510 -0.01570120
v -0.07277212 0.28453526 -0.01331506
v -0.06992664 0.28046903 -0.01522404
v -0.07230416 0.27822232 -0.01724452
v -0.06780491 0.28159118 -0.01237586
v -0.07162175 0.28161922 -0.01162366
v -0.07136817 0.28274408 -0.01191571
v -0.06776639 0.28259906 -0.01272239
v -0.08062796 0.29873738 -0.02156473
v -0.07962480 0.30555373 -0.01153253
v -0.08100015 0.30244133 -0.01220197
v -0.08079694 0.31710616 -0.04212109
v -0.07841492 0.30913863 -0.04666906
v -0.07948276 0.30992654 -0.03263808
v -0.06639963 0.27928647 -0.01595677
v -0.06363995 0.28304967 -0.01418866
v -0.06417245 0.28254673 -0.01324607
v -0.08637365 0.26913393 -0.02689997
v -0.07462445 0.26849386 -0.00852474
v -0.07448614 0.29320809 -0.01520922
v -0.08548213 0.27743831 -0.03503720
v -0.08449338 0.27213207 -0.03229309
v -0.07374775 0.29449365 -0.01574880
v -0.07448775 0.29564339 -0.01521944
v -0.07303361 0.26919428 -0.01308725
v -0.07452053 0.26977280 -0.01019781
v -0.07471254 0.29606980 -0.01508992
v -0.07619896 0.27543873 -0.00893462
v -0.08546762 0.29844955 -0.02721999
v 0.02953137 0.31349841 0.07481197
v 0.03168702 0.31182829 0.07018249
v -0.07769663 0.25784355 -0.01887535
v -0.07594948 0.25635082 -0.01566301
v 0.03076582 0.31135705 0.07015473
v -0.06379987 0.28192413 -0.01292485
v 0.02780688 0.31257188 0.07466055
v -0.06740862 0.27288091 -0.01254668
v -0.06684798 0.28100204 -0.01560988
v 0.02888512 0.31395942 0.07667713
v 0.02662535 0.31268176 0.07603202
v 0.03546266 0.31459516 0.07562218
v -0.07438206 0.27930626 -0.01074634
v -0.07398001 0.27711540 -0.01025498
v -0.07654137 0.27772561 -0.00914554
v 0.02307911 0.36068907 -0.13679220
v 0.02212869 0.34220418 -0.13796589
v -0.07939737 0.27189443 -0.01865862
v -0.07533683 0.27273881 -0.02121299
v -0.07643849 0.27360928 -0.02358549
v -0.08105452 0.27266839 -0.02056933
v -0.08317080 0.26729044 -0.02936095
v -0.08157554 0.26294914 -0.02551231
v -0.08388000 0.26119381 -0.02517106
v -0.08592723 0.26573613 -0.02936015
v 0.03736484 0.34559211 -0.12289074
v 0.03742858 0.35926750 -0.12089758
v -0.08064298 0.33219078 -0.05189418
v -0.08224119 0.32276914 -0.03508633
v -0.08269642 0.33893138 -0.03997700
v -0.08409827 0.30827206 -0.03179993
v -0.08418825 0.30581892 -0.03347833
v -0.08915031 0.30667806 -0.03655618
v -0.07962665 0.31296587 -0.01708197
v -0.07969702 0.31072810 -0.02112453
v -0.08005509 0.31136644 -0.01882282
v -0.08917177 0.28244618 -0.03840296
v 0.04113811 0.31326178 0.07118360
v 0.03747069 0.31169251 0.06829040
v 0.04692505 0.36003438 -0.10985056
v 0.04641383 0.36873418 -0.10706963
v 0.03805803 0.37083071 -0.11515659
v 0.03546292 0.22867560 -0.06202839
v 0.02631503 0.21784258 -0.06944886
v -0.07678092 0.29400107 -0.00921408
v -0.07846650 0.29447246 -0.01198169
v 0.02165087 0.31060997 0.07599176
v -0.07924657 0.26993862 -0.02782009
v 0.02340050 0.31201738 0.07638931
v -0.08156979 0.27089083 -0.01850112
v -0.08363249 0.27137527 -0.02079612
v -0.08974772 0.30902860 -0.02465317
v -0.08676838 0.30703020 -0.02182866
v 0.02049390 0.30935079 0.07570942
v 0.01977100 0.30909830 0.07585064
v 0.02085027 0.31060767 0.07602555
v 0.02235799 0.31212190 0.07636345
v 0.02552271 0.31328088 0.07688878
v 0.02471607 0.31361896 0.07723653
v 0.02820550 0.31524211 0.07827467
v 0.02839204 0.31446332 0.07796253
v 0.03575234 0.31528312 0.07762685
v 0.03579175 0.31625715 0.07797633
v 0.02763651 0.31596193 0.07758069
v 0.02404794 0.31400055 0.07660828
v 0.02703399 0.31667918 0.07678322
v 0.02382307 0.31493396 0.07617432
v 0.03536614 0.31803852 0.07663696
v 0.03569550 0.31731772 0.07738229
v 0.02348181 0.30724809 0.07623310
v 0.02120628 0.30738759 0.07601395
v 0.02401183 0.30769363 0.07600257
v 0.02154702 0.30780253 0.07567905
v 0.02516621 0.30801016 0.07487567
v 0.02073692 0.30818754 0.07555721
v 0.01997599 0.30787295 0.07580718
v -0.00992589 0.17300564 0.04182408
v -0.00971620 0.16643327 0.03771763
v 0.02601175 0.30814484 0.07433300
v 0.02005118 0.31056657 0.07568140
v 0.01880508 0.30883059 0.07582484
v 0.01874507 0.31085947 0.07485114
v 0.01798315 0.30886826 0.07538313
v 0.02103754 0.31330898 0.07524646
v 0.02156438 0.31227791 0.07567970
v 0.01894421 0.30759025 0.07576945
v 0.01960310 0.30710241 0.07593554
v 0.01822622 0.30740300 0.07573893
v 0.01889248 0.30675927 0.07591914
v 0.02625932 0.30432230 0.07763206
v 0.02600536 0.30345765 0.07766426
v 0.02286760 0.30554792 0.07688460
v 0.02223952 0.30493465 0.07682827
v 0.03465179 0.30062011 0.07709514
v 0.03789507 0.30076340 0.07585370
v 0.03421184 0.29935962 0.07708035
v -0.00857244 0.27834898 0.09989114
v -0.01000930 0.27814487 0.09839109
v -0.00872969 0.28002045 0.09729809
v -0.00809377 0.28005549 0.09804517
v 0.03770455 0.29938248 0.07582721
v 0.02908465 0.29978138 0.07784051
v 0.02969927 0.30090240 0.07778428
v 0.03217899 0.16906777 0.02318357
v 0.04841952 0.30294481 0.06735288
v 0.04957331 0.30185428 0.06654399
v 0.04788081 0.30097747 0.06866088
v 0.04694299 0.30233333 0.06905865
v 0.04529129 0.30184972 0.07088162
v -0.00891346 0.26914227 0.09870572
v -0.00826996 0.27068523 0.09754322
v -0.00927762 0.27039215 0.09658077
v -0.01018178 0.26911053 0.09778919
v 0.04579067 0.30039239 0.07068864
v 0.04338139 0.29990649 0.07273481
v 0.04324336 0.30138817 0.07277951
v 0.04118608 0.30103841 0.07426026
v 0.04094850 0.29946715 0.07433532
v 0.05147928 0.30692932 0.06357473
v 0.05272160 0.31030917 0.06306750
v 0.05333421 0.30656660 0.06172472
v 0.05494486 0.31018934 0.06061469
v 0.01700502 0.31163648 0.07487711
v -0.00564036 0.27967697 0.09721987
v -0.00417701 0.27711385 0.09989862
v -0.00575248 0.27807063 0.10132615
v -0.00676551 0.28023833 0.09795682
v 0.01668352 0.30913207 0.07494992
v 0.01504000 0.31231901 0.07577585
v 0.01499166 0.30936214 0.07558698
v 0.01635880 0.31559166 0.07668123
v 0.01847884 0.31462544 0.07556126
v 0.01726411 0.30719048 0.07558786
v 0.01807174 0.30635002 0.07586613
v 0.01587480 0.30703178 0.07576593
v 0.01697074 0.30563009 0.07600605
v 0.02541977 0.30250165 0.07769248
v 0.02481529 0.30147177 0.07771502
v 0.02157309 0.30422261 0.07688922
v 0.02058707 0.30330047 0.07698335
v 0.04899560 0.27605155 -0.08707261
v 0.05131013 0.31817761 -0.10604129
v 0.04843567 0.32375684 0.07282888
v 0.04619013 0.32059389 0.07404322
v 0.04246321 0.32170659 0.07645126
v 0.04430066 0.32563436 0.07599679
v 0.05114085 0.32802486 0.07005753
v 0.05366348 0.32415444 0.06748103
v 0.05125204 0.32119942 0.06990276
v 0.04897004 0.31880173 0.07160725
v 0.05322123 0.31328845 0.06384912
v 0.05138002 0.31313401 0.06588911
v 0.05124969 0.31501889 0.06725655
v 0.05313095 0.31568414 0.06555779
v 0.05553090 0.31341553 0.06160326
v 0.05560392 0.31664878 0.06328142
v 0.05244527 0.31817505 0.06779392
v 0.05035777 0.31675491 0.06929460
v 0.05500364 0.31999022 0.06559683
v 0.02462481 0.32066113 0.07876264
v 0.02554973 0.31876701 0.07767632
v 0.02226494 0.31677741 0.07657059
v 0.02065907 0.31763127 0.07692134
v 0.02315491 0.32248828 0.07983955
v 0.01834306 0.31879628 0.07791629
v 0.03755118 0.32603002 0.07908922
v 0.03680832 0.32243812 0.07837654
v 0.02672376 0.31713417 0.07638171
v 0.02455740 0.31600112 0.07618017
v 0.02649355 0.31730437 0.07633556
v 0.02384060 0.31579289 0.07596061
v 0.05616732 0.38090792 -0.08762114
v 0.05942150 0.38758644 -0.07419115
v 0.04348662 0.39951128 -0.08266409
v 0.04156400 0.39076316 -0.09606282
v 0.04254952 0.31663793 0.07388344
v 0.04311892 0.31712180 0.07401273
v 0.04571866 0.31588793 0.07244806
v 0.04515385 0.31536245 0.07250819
v 0.04704508 0.31425622 0.07091492
v 0.04771815 0.31481412 0.07071571
v 0.04897900 0.31374380 0.06885545
v 0.04836096 0.31331870 0.06933326
v 0.04906316 0.31256822 0.06806243
v 0.04974813 0.31260684 0.06739273
v 0.02415197 0.31674334 0.07638740
v 0.02639289 0.31768054 0.07672367
v 0.04839310 0.34833831 -0.11086826
v 0.04649591 0.36550695 0.05665239
v 0.05368642 0.36165836 0.05003922
v 0.05140730 0.35513708 0.05674490
v 0.04427513 0.31815305 0.07448608
v 0.04695802 0.31691968 0.07244956
v 0.04878661 0.31567889 0.07027913
v 0.04983106 0.31448996 0.06833123
v 0.05034411 0.31346667 0.06717634
v 0.07353642 0.27449051 -0.00128251
v 0.07408713 0.27454031 -0.00330923
v 0.08070264 0.28565437 -0.03236586
v 0.07881042 0.29268193 -0.03179039
v 0.07764161 0.29633984 -0.03102950
v 0.07933503 0.30411699 -0.01677546
v 0.08276910 0.30721986 -0.01989088
v 0.08463681 0.26596314 -0.02352476
v 0.08155762 0.26426733 -0.01933939
v -0.08974651 0.31230485 -0.02567038
v 0.08450036 0.26685300 -0.02413135
v 0.08965107 0.30330962 -0.03104318
v 0.09000036 0.30156189 -0.03245364
v 0.09091610 0.30135211 -0.03222768
v 0.04197250 0.25548410 -0.07310989
v 0.04705726 0.26694530 -0.08112591
v 0.09035899 0.29943985 -0.03371353
v 0.07613568 0.27929735 -0.00643882
v 0.08192748 0.28479651 -0.03265486
v 0.08364066 0.28383502 -0.03436230
v 0.08454888 0.27822933 -0.03391690
v 0.08381152 0.27907357 -0.03312078
v 0.08377334 0.27326092 -0.03140190
v 0.08323129 0.27434689 -0.03093927
v 0.08592136 0.26947373 -0.02707508
v 0.08725828 0.27319857 -0.02972967
v 0.08401448 0.30763254 -0.02125501
v 0.08344373 0.30676574 -0.01982049
v 0.08487363 0.30750179 -0.02154337
v 0.07687118 0.27799571 -0.00775936
v 0.07747032 0.30214027 -0.01641855
v 0.07716078 0.29984537 -0.01508344
v 0.07673652 0.30023441 -0.01559864
v 0.07281015 0.28307050 -0.01179327
v 0.07279574 0.28398612 -0.01209880
v 0.07426113 0.28145656 -0.01148848
v 0.07691123 0.27999380 -0.00996126
v 0.07037096 0.27233484 -0.00981116
v 0.06973887 0.27105823 -0.01176076
v 0.07033736 0.27009398 -0.01094859
v 0.08692095 0.31420708 -0.02613571
v 0.07739513 0.29884359 -0.01466929
v 0.07879218 0.29997838 -0.01487640
v 0.07919165 0.30129695 -0.01523761
v 0.08579094 0.30706263 -0.02187378
v 0.07942788 0.30228662 -0.01565500
v 0.07852181 0.30219921 -0.01566031
v 0.08013909 0.30390367 -0.01664283
v 0.07787108 0.30218193 -0.01595216
v 0.07623299 0.27602610 -0.02481975
v 0.07488104 0.27583641 -0.02246862
v 0.07487070 0.29609445 -0.00387363
v 0.07568039 0.29380420 -0.00626459
v 0.08082094 0.26369828 -0.01680928
v 0.07760773 0.30316719 -0.02771307
v 0.07802618 0.30615669 -0.02946091
v 0.08866975 0.27773041 -0.03185661
v 0.08252444 0.27236834 -0.02038709
v 0.08048160 0.27175730 -0.01831223
v 0.08441074 0.27343795 -0.02244347
v 0.08588946 0.27597475 -0.02450950
v 0.07340658 0.29224214 -0.01907764
v 0.08417051 0.29651409 -0.02476769
v 0.08476885 0.29416436 -0.02588870
v 0.08262639 0.29668161 -0.02312592
v 0.07910018 0.30968848 -0.02772177
v 0.07886367 0.30962870 -0.02515743
v 0.07848083 0.30439135 -0.02564659
v 0.07835682 0.30770648 -0.02431071
v 0.07228158 0.27579749 -0.01025605
v 0.07187220 0.26971012 -0.01334214
v 0.07152025 0.27158168 -0.01449617
v 0.07297741 0.26972410 -0.01428121
v 0.07295666 0.27060196 -0.01590823
v 0.07331744 0.27208185 -0.01771474
v 0.07368834 0.27399200 -0.01926683
v 0.07373518 0.27650565 -0.01991366
v 0.07167510 0.28000000 -0.01125877
v 0.07915406 0.30878717 -0.01342983
v 0.07117467 0.27816254 -0.01094482
v 0.07315973 0.28163609 -0.01148695
v 0.07333241 0.27982673 -0.01098146
v 0.07300884 0.27788377 -0.01042447
v 0.07790155 0.26906076 -0.01141160
v 0.07851834 0.27067629 -0.01399603
v 0.07656584 0.26962152 -0.01052104
v 0.07922244 0.27113906 -0.01632433
v 0.07534809 0.26978320 -0.01009530
v 0.07816982 0.30439916 -0.02650494
v 0.07836495 0.30769005 -0.02658547
v 0.07364611 0.27799276 0.00064649
v 0.06676605 0.28672802 0.05103994
v 0.06794989 0.29643026 0.04478108
v 0.02680400 0.23300222 0.07712296
v 0.02599828 0.22987133 0.07764994
v 0.05955829 0.27481422 0.06603169
v 0.05481219 0.27192041 0.07204847
v 0.02592784 0.23894703 0.08831159
v 0.02504584 0.23811160 0.08850509
v 0.02404550 0.23862502 0.08883160
v 0.02491713 0.23904346 0.08841416
v 0.02257916 0.23918407 0.08735342
v 0.02346434 0.23909158 0.08661301
v 0.02363458 0.23912182 0.08747726
v 0.02283660 0.23918982 0.08818955
v 0.02994064 0.25566149 0.08863602
v 0.03380626 0.25999340 0.08692650
v 0.03678321 0.25532237 0.08577629
v 0.03303871 0.25167197 0.08769195
v 0.02530525 0.23770234 0.07932599
v 0.02501562 0.23931266 0.07971492
v 0.02392831 0.23928833 0.08360353
v 0.02426071 0.23864231 0.08322221
v 0.02514260 0.23513678 0.07954204
v 0.02413700 0.23734991 0.08286157
v 0.02688240 0.23695549 0.07689907
v 0.02632815 0.23947731 0.07715047
v 0.03550980 0.23287053 0.08373825
v 0.03170069 0.23494419 0.08558945
v 0.03277766 0.23820521 0.08606938
v 0.03650707 0.23763105 0.08419041
v 0.02669954 0.26763794 0.08753707
v 0.03053679 0.26382387 0.08735219
v 0.02719020 0.25952676 0.08869767
v 0.02340100 0.26381385 0.08862488
v 0.01953822 0.26865068 0.08924646
v 0.02261335 0.27159631 0.08775997
v 0.01808258 0.27652991 0.09254888
v 0.01854354 0.27269030 0.09392384
v 0.01795102 0.27177811 0.09730133
v 0.01833151 0.27409616 0.09595723
v 0.01592426 0.26771447 0.09576234
v 0.01848354 0.27035165 0.09252819
v 0.01175364 0.26664564 0.09618065
v -0.01239378 0.26891956 0.09841309
v -0.01132594 0.27070606 0.09716703
v -0.01204853 0.27123618 0.09905706
v -0.01377506 0.26977971 0.10016903
v 0.01147319 0.26735002 0.09709326
v 0.01603789 0.26714158 0.09431735
v -0.00500687 0.26993686 0.10667780
v -0.00610736 0.27207774 0.10678222
v -0.00497694 0.27123338 0.10443975
v -0.00494678 0.26923108 0.10411667
v 0.01628972 0.26632839 0.09257256
v 0.01209523 0.26590234 0.09513696
v 0.01075759 0.26823875 0.09789427
v 0.01365609 0.26812506 0.09808561
v -0.00789164 0.27254438 0.10613342
v -0.00982508 0.27217016 0.10792083
v -0.01159678 0.27208072 0.10627042
v -0.00938544 0.27239653 0.10463641
v -0.00464392 0.27343822 0.09940926
v -0.00602628 0.27155274 0.10086861
v -0.00392705 0.27368248 0.10300940
v -0.01224593 0.27351627 0.09709333
v -0.01090431 0.27243841 0.09566868
v -0.00977584 0.27621314 0.09502584
v -0.01103479 0.27703321 0.09590343
v 0.01532596 0.27006283 0.09960035
v 0.00443175 0.26879257 0.10643055
v 0.00570113 0.27014026 0.10839687
v 0.00970298 0.30069494 0.08980612
v 0.01281787 0.29718903 0.08714352
v 0.00976023 0.29800516 0.09222563
v 0.01270457 0.29485264 0.08946653
v 0.01447410 0.27220824 0.10326415
v 0.01618102 0.27430817 0.10158476
v 0.01200148 0.27347642 0.10697760
v 0.01317894 0.27629584 0.10634349
v 0.00379001 0.31640834 0.08812492
v 0.00215401 0.26544300 0.10229819
v 0.00242093 0.26469722 0.10185612
v 0.00182506 0.26643687 0.10418352
v 0.02129840 0.38341185 -0.11874175
v 0.02193827 0.39651722 -0.10557665
v 0.02223953 0.41250440 -0.07935812
v 0.02016280 0.41743252 -0.06549741
v 0.00588718 0.24801126 0.10412891
v 0.00553614 0.25087491 0.10396747
v 0.01319000 0.24303570 0.08728754
v 0.00753179 0.24331649 0.08888211
v 0.00713579 0.24153772 0.09353843
v 0.01257932 0.24140787 0.09217760
v 0.01670481 0.24120168 0.09001178
v 0.01765820 0.24264647 0.08521420
v 0.01357738 0.24426326 0.08467653
v 0.00769276 0.24460332 0.08613103
v 0.01211162 0.24050267 0.09663873
v 0.00675754 0.24081054 0.09885836
v 0.00662858 0.24267735 0.10158321
v 0.01218469 0.24210076 0.09886563
v 0.01913255 0.26177028 0.09137952
v 0.01468325 0.26243502 0.09383339
v 0.01026807 0.26264182 0.09729186
v 0.00681396 0.26250726 0.09989623
v 0.00614405 0.26455516 0.10006792
v 0.00882919 0.26520699 0.09781878
v 0.00588264 0.26540369 0.10037307
v 0.00854252 0.26601347 0.09835889
v 0.00841399 0.26683456 0.09886408
v 0.00892850 0.26816308 0.09904988
v 0.00700842 0.26802433 0.10032401
v 0.00746824 0.26917672 0.09987368
v 0.00581229 0.26627904 0.10061051
v 0.00419733 0.29227522 0.10512622
v 0.00393804 0.29595828 0.10205125
v 0.01038845 0.25248805 0.10170759
v 0.00528143 0.25308189 0.10301896
v 0.00448911 0.25714269 0.10187125
v 0.00907837 0.25708193 0.10048120
v 0.01388192 0.25623909 0.09810448
v 0.01564701 0.25056741 0.09913756
v 0.00276864 0.26390642 0.10156571
v 0.01075528 0.25006852 0.10220197
v 0.01110270 0.24733178 0.10211798
v 0.01611644 0.24800824 0.09941019
v 0.01631909 0.24556947 0.09909999
v 0.02055540 0.24785611 0.09593280
v 0.01947248 0.25418562 0.09521293
v 0.02541694 0.25194803 0.09177230
v 0.02456817 0.24491385 0.09263992
v 0.03268006 0.24149187 0.08701747
v 0.02745929 0.23877245 0.08794834
v 0.02760226 0.24016261 0.08846119
v 0.02729001 0.24144992 0.08942675
v 0.03177918 0.24479103 0.08820338
v 0.03628260 0.24238691 0.08529812
v 0.03513004 0.24716589 0.08652718
v 0.02969219 0.24821301 0.08967002
v 0.02651679 0.24296509 0.09064279
v 0.02609882 0.23978652 0.08882736
v 0.02502666 0.23946348 0.08874241
v 0.02587157 0.24058148 0.08966727
v 0.02480109 0.23990487 0.08944917
v 0.02528929 0.24136801 0.09077083
v 0.02433125 0.24032037 0.09035702
v 0.02333790 0.24105236 0.09176411
v 0.02403215 0.24265240 0.09241541
v 0.02277416 0.23938261 0.08742817
v 0.02175869 0.23949364 0.08850859
v 0.02189302 0.23953594 0.08979046
v 0.02285052 0.23936720 0.08859870
v 0.02342761 0.23926772 0.08676775
v 0.02338678 0.23926914 0.08793101
v 0.02338634 0.23985119 0.08435958
v 0.02236049 0.24013300 0.08516287
v -0.04899742 0.20109549 0.01631585
v -0.05576343 0.20463538 0.00135912
v 0.02398158 0.23906584 0.08608346
v 0.02398791 0.23915496 0.08708552
v 0.02401835 0.23919626 0.08838703
v 0.02393311 0.23946884 0.08882327
v 0.02344771 0.23968899 0.08958389
v 0.02253754 0.24000655 0.09076356
v 0.01628131 0.24338755 0.09800323
v 0.02005584 0.24340764 0.09565849
v 0.01969807 0.24159488 0.09434051
v 0.01610078 0.24117224 0.09601773
v 0.01924580 0.24029750 0.09281261
v 0.01826598 0.24373157 0.08278431
v 0.01580003 0.24013433 0.09418746
v 0.02140460 0.24164546 0.08274563
v 0.02241146 0.24265818 0.08025846
v 0.02032495 0.24060285 0.08705068
v 0.02444140 0.24044564 0.08061622
v 0.02337327 0.24065484 0.08113768
v 0.02540288 0.24128959 0.07815817
v 0.02413914 0.24186425 0.07907907
v 0.01909876 0.23966078 0.09101208
v 0.02044120 0.24541697 0.09607779
v 0.01155776 0.24470010 0.10090496
v 0.00620332 0.24540235 0.10315602
v -0.03606396 0.29286757 0.07796610
v -0.03530654 0.28999725 0.07923704
v -0.03101580 0.29112726 0.07998294
v -0.03197036 0.29367170 0.07890704
v 0.00488173 0.28452384 0.11194795
v 0.00460176 0.28870213 0.10836248
v 0.02329513 0.23901033 0.08888855
v 0.01026569 0.16117801 0.03450119
v -0.07727279 0.28003451 -0.00846701
v -0.07674640 0.28092059 -0.00734360
v -0.08413111 0.30296862 -0.03507924
v 0.02655821 0.23746468 0.08798736
v 0.02453138 0.23276712 0.07973049
v 0.02328989 0.23634332 0.08330967
v 0.03237525 0.22821577 0.08437519
v 0.02768599 0.22393256 0.08707381
v 0.02541387 0.22807342 0.08889871
v 0.02920186 0.23147838 0.08634416
v 0.02236181 0.23410550 0.09153591
v 0.02499701 0.23593597 0.08919450
v -0.08870985 0.30574742 -0.02948462
v 0.02364801 0.23718749 0.08998007
v 0.02115945 0.23614873 0.09231269
v 0.02020831 0.23775311 0.09278068
v 0.02260242 0.23820198 0.09020360
v 0.01822284 0.23959823 0.09140369
v 0.01373209 0.24008545 0.09424806
v 0.01326378 0.23631637 0.08956107
v 0.01804948 0.23590100 0.08712424
v 0.02208292 0.23597993 0.08453827
v 0.02154562 0.23929095 0.08830867
v -0.08406105 0.31011313 -0.02961481
v -0.08299500 0.31226248 -0.02485502
v -0.08165134 0.31096664 -0.02388556
v -0.08255149 0.30845281 -0.02791319
v 0.01882248 0.23961057 0.09221151
v 0.02173443 0.23927027 0.08925106
v 0.01420657 0.24015477 0.09542228
v 0.02090771 0.16412272 0.03007177
v 0.02205259 0.23897713 0.09000115
v 0.01932372 0.23913454 0.09252310
v 0.01498713 0.23930922 0.09612469
v 0.01604346 0.23735584 0.09663212
v 0.01700015 0.23504981 0.09669436
v 0.01789012 0.23221000 0.09576771
v 0.01998262 0.22499186 0.09261808
v 0.02136046 0.21985722 0.09127758
v 0.01377803 0.22318257 0.09582635
v 0.01471923 0.21802235 0.09523768
v 0.01262170 0.23088890 0.09952074
v 0.01213736 0.23447253 0.10093880
v 0.01131977 0.23721762 0.10043659
v 0.01057292 0.23944005 0.09940861
v 0.00333350 0.26219639 0.10129986
v 0.00569419 0.26793790 0.10166935
v 0.00453357 0.26810390 0.10397092
v 0.00791628 0.27161482 0.10920791
v 0.00175695 0.26723087 0.10642876
v 0.01049849 0.27331409 0.10870285
v 0.00879407 0.27276263 0.11015455
v 0.00951191 0.27456459 0.11097087
v 0.01075794 0.27525160 0.10967265
v 0.00724502 0.27213958 0.11140754
v 0.00853655 0.27436575 0.11197641
v 0.00296441 0.27110249 0.11316381
v 0.00381897 0.27480826 0.11499707
v 0.00474025 0.28073734 0.11432041
v 0.00420196 0.27718577 0.11529481
v 0.00985677 0.27637357 0.11133166
v 0.01126880 0.27830568 0.10942793
v -0.09171829 0.30616832 -0.03024250
v 0.01151004 0.28142136 0.10695418
v 0.01381850 0.27910629 0.10359184
v 0.01091733 0.42286876 -0.01833949
v 0.00980586 0.24054293 0.09837903
v 0.00888217 0.24047169 0.09649259
v -0.07593480 0.26717722 -0.00809597
v -0.08336616 0.29439181 -0.02392634
v 0.01325519 0.22583361 0.08315221
v 0.01320343 0.23036037 0.08543400
v 0.00832995 0.23026258 0.08696186
v -0.08233242 0.31276664 -0.02221104
v -0.08567327 0.31426013 -0.02289676
v 0.00835158 0.22594880 0.08482089
v 0.00486950 0.24055213 0.09736053
v -0.08948408 0.28245422 -0.03316877
v -0.09215234 0.30458105 -0.03223522
v -0.09041757 0.30310810 -0.03089626
v -0.08372967 0.30474064 -0.01562992
v -0.07771588 0.27622193 -0.02619003
v -0.08413908 0.27639019 -0.02422764
v -0.08281271 0.27385005 -0.02238240
v -0.07725971 0.27441424 -0.02495447
v -0.07312765 0.28972620 -0.02010489
v 0.00464664 0.23657522 0.09215420
v 0.00847265 0.23658095 0.09137769
v 0.00514246 0.24074268 0.09965189
v 0.00567153 0.23951158 0.10104852
v 0.00625856 0.23722869 0.10248422
v 0.00447301 0.23014534 0.08772070
v 0.00459001 0.22568704 0.08554931
v -0.07273314 0.27163151 0.00079134
v 0.02284460 0.23130035 0.08086943
v -0.08097596 0.26119095 -0.01528425
v -0.08173483 0.26227596 -0.01802234
v -0.03054713 0.25442114 -0.08325250
v -0.03424267 0.26415867 -0.09137508
v -0.09132416 0.28227329 -0.03671622
v 0.02350721 0.22747959 0.07892460
v 0.01819067 0.23026073 0.08342429
v 0.01863782 0.22630793 0.08135350
v 0.00801298 0.21760479 0.09819558
v 0.00728492 0.22267535 0.09805564
v 0.00665537 0.23389652 0.10290424
v 0.00682637 0.22991058 0.10142642
v 0.02239780 0.40559328 -0.09283520
v 0.06489079 0.36776167 0.02446694
v 0.06321730 0.36058965 0.03358952
v -0.08412955 0.30764583 -0.02323647
v 0.05631365 0.36840820 0.04049868
v 0.05800921 0.37418011 0.03213086
v 0.06533382 0.37552291 0.01519720
v 0.05854422 0.38090423 0.02341223
v 0.04055621 0.41314390 -0.03909225
v 0.04113612 0.41277516 -0.02411315
v 0.02233459 0.42031625 -0.01977681
v 0.03553856 0.41396627 -0.05429615
v 0.04750433 0.40478969 -0.06405965
v 0.04987243 0.40697348 -0.04312847
v 0.04987858 0.40698376 -0.02690913
v -0.07776114 0.26681605 -0.00957129
v -0.07716802 0.26105937 -0.00857476
v -0.07584830 0.26146653 -0.00630655
v -0.07855452 0.29781044 -0.02056931
v 0.02617804 0.20397910 -0.07026343
v 0.05029935 0.33095399 -0.10920003
v 0.04860312 0.40629661 -0.01244401
v 0.04058095 0.41129202 -0.00954349
v 0.04023869 0.40862238 0.00370957
v 0.04737515 0.40436104 -0.00009194
v 0.02224786 0.41850853 -0.00429823
v 0.01085975 0.42089909 -0.00206973
v 0.01869415 0.29244754 -0.11795286
v 0.00381145 0.29944003 0.09911419
v 0.04648072 0.24113795 -0.05333115
v 0.05746403 0.23911309 -0.03532065
v 0.05688143 0.18621318 -0.01147671
v 0.07116199 0.26145989 -0.01760472
v 0.07079591 0.26220340 -0.01856835
v 0.06038759 0.22333436 -0.01555725
v 0.06224746 0.23729086 -0.01723412
v 0.03719642 0.24217670 -0.06566291
v 0.08024346 0.27310345 -0.02957284
v 0.08083293 0.27700776 -0.03124355
v 0.08151425 0.27201265 -0.02919998
v 0.08223249 0.27609292 -0.03107241
v 0.08223429 0.28044212 -0.03220019
v 0.08214845 0.27009785 -0.02826527
v 0.07916267 0.30937472 -0.02208762
v 0.08048961 0.31080997 -0.02111376
v -0.07856953 0.27118209 -0.02801614
v -0.07857345 0.27362043 -0.02927141
v 0.07087941 0.25952506 -0.01282631
v 0.07063128 0.26025879 -0.01464961
v -0.06386185 0.28239113 -0.01522148
v 0.07017172 0.25983801 -0.01358306
v 0.07001796 0.25928491 -0.01219542
v 0.07067759 0.25857061 -0.01107137
v 0.06995451 0.25869700 -0.01088924
v 0.08181458 0.32564411 -0.01586095
v 0.06839361 0.25929922 -0.01464484
v 0.07007500 0.26170087 -0.01778167
v 0.07020460 0.26084220 -0.01609557
v 0.06945875 0.26001057 -0.01444482
v 0.06933046 0.25874490 -0.01216020
v 0.06936819 0.25779659 -0.01020969
v 0.07022651 0.25727060 -0.00975453
v -0.08076481 0.26475593 -0.02502517
v -0.07715354 0.25959358 -0.01886926
v -0.05894893 0.20881873 -0.01313651
v -0.05591530 0.21238351 -0.02875342
v -0.05596014 0.20084698 -0.02646328
v -0.05769577 0.19618385 -0.01179950
v -0.07432110 0.28595918 -0.00141117
v -0.07481235 0.27868864 -0.00380408
v -0.07412504 0.27747342 -0.00160718
v 0.08244828 0.26880869 -0.02856547
v 0.07534645 0.25819317 -0.01590520
v -0.02431577 0.18174382 0.03754235
v -0.02084572 0.17048618 0.03289235
v 0.07929469 0.30168179 -0.02815490
v 0.07931043 0.29993093 -0.02952846
v 0.08157876 0.30139020 -0.03108781
v 0.08147591 0.30360079 -0.02971462
v 0.05933261 0.27773091 -0.07335665
v 0.06083004 0.28891683 -0.08054926
v 0.01306721 0.20734879 -0.07498236
v 0.01280844 0.22072257 -0.07539173
v 0.07564324 0.32209277 -0.06721600
v 0.07927956 0.30332890 -0.02668847
v 0.08153246 0.30536276 -0.02822751
v 0.08104695 0.28131121 -0.03223866
v 0.07837283 0.30282921 -0.02681019
v 0.07844860 0.30118540 -0.02821057
v 0.08261059 0.30687603 -0.02976613
v 0.08268227 0.30470592 -0.03143331
v 0.08265487 0.30220905 -0.03289907
v 0.07842283 0.29936665 -0.02950887
v -0.07267716 0.27213582 0.00505159
v -0.07249539 0.27169549 0.01622432
v -0.07375181 0.28782868 0.01521832
v -0.07359876 0.28215891 0.00497213
v 0.07901084 0.30823034 -0.02969504
v 0.08108718 0.35286611 -0.04337065
v 0.07901290 0.34655750 -0.05819719
v 0.07662083 0.36955068 -0.04768375
v 0.07470338 0.36401361 -0.06373880
v 0.06920817 0.35760635 -0.08083036
v 0.07353584 0.33894929 -0.07512859
v 0.07885425 0.30935857 -0.02357243
v 0.08124746 0.31170490 -0.02159527
v 0.06522699 0.38156709 0.00626524
v 0.07045417 0.37618327 -0.00110707
v 0.05841557 0.38662347 0.01527079
v 0.05774739 0.39165169 0.00751219
v 0.06388508 0.38733798 -0.00177400
v 0.07143891 0.38005981 -0.01386768
v 0.08289520 0.34420308 -0.02689188
v 0.08064473 0.35879618 -0.02848822
v 0.07816991 0.36337319 -0.01435788
v -0.06148787 0.32017675 0.05176001
v -0.06342226 0.32097259 0.04667884
v -0.06418171 0.31119138 0.04737192
v -0.06192821 0.31236929 0.05158037
v 0.07552321 0.37508252 -0.03165359
v 0.06663316 0.38933468 -0.02156506
v 0.07016146 0.38522843 -0.03636925
v 0.05956798 0.39815664 -0.02618031
v 0.06165310 0.39596096 -0.04126530
v 0.06109978 0.39326957 -0.05808532
v 0.07118514 0.38092279 -0.05177992
v 0.06168015 0.39281014 -0.00894983
v 0.05578399 0.39628014 0.00114738
v 0.05661025 0.39946035 -0.01302200
v 0.05336208 0.40025526 -0.00395120
v 0.07602416 0.36539432 -0.00681210
v 0.06547480 0.25234371 -0.00858434
v 0.06740317 0.25177360 -0.00309954
v -0.02063853 0.38037187 0.06501927
v -0.00999479 0.38084498 0.06760196
v -0.01022706 0.38900697 0.06065678
v -0.02106844 0.38825294 0.05771073
v 0.07148473 0.26316366 0.00400434
v -0.03594300 0.27260020 -0.09727748
v -0.03709382 0.28353062 -0.10346518
v -0.01800989 0.27938306 -0.11083604
v -0.01711806 0.26947543 -0.10391741
v 0.07057767 0.28932074 0.03816698
v 0.07047517 0.30229613 0.03470175
v 0.07331754 0.29407939 0.02441733
v 0.07222663 0.27866772 0.02726929
v -0.02155502 0.40715641 0.03308918
v -0.01055156 0.40882012 0.03624229
v -0.01065281 0.41389468 0.02513886
v -0.02180733 0.41192994 0.02231277
v -0.05525782 0.29101580 0.06739248
v -0.05761540 0.28470865 0.06755975
v -0.05363249 0.28398535 0.07175504
v -0.05177040 0.29025909 0.07084341
v 0.06911933 0.31639209 0.03182323
v 0.07248591 0.30873385 0.02168098
v 0.07242369 0.32335588 0.01822524
v 0.06877767 0.33141273 0.02979041
v 0.05965546 0.35192662 -0.09759780
v 0.06241154 0.33530805 -0.09524335
v -0.07708436 0.25654534 -0.00548668
v -0.07606434 0.25735921 -0.00399015
v 0.06362767 0.32254374 -0.09166366
v 0.04971804 0.34901056 0.06168326
v -0.01081956 0.41795534 0.01222450
v -0.02212673 0.41569427 0.00980388
v 0.02183933 0.37501255 -0.12782565
v 0.04882220 0.37310413 0.04805329
v 0.05187680 0.37268573 -0.09910069
v -0.00000228 0.22202137 -0.07679197
v 0.03921266 0.37876603 -0.10836159
v 0.06954110 0.37555420 -0.06743710
v 0.06524318 0.36968759 -0.08191218
v 0.05646062 0.36287367 -0.09830218
v 0.06276515 0.30659321 -0.08764827
v 0.04832508 0.40079525 0.00838300
v 0.05805261 0.31350595 0.05825930
v 0.05742110 0.30893454 0.05764474
v 0.05803426 0.31838059 0.05956009
v 0.05582536 0.30412316 0.05957777
v 0.01655082 0.29407838 0.08512204
v 0.01599018 0.29193088 0.08712162
v 0.01573216 0.28931534 0.08923203
v 0.01947664 0.28931859 0.08519652
v 0.01893443 0.28616604 0.08719317
v 0.01220096 0.28944370 0.09438749
v 0.01260544 0.29221782 0.09183054
v 0.01510602 0.28661644 0.09131613
v 0.01472995 0.28324738 0.09334245
v 0.01228486 0.28620076 0.09690284
v 0.01903918 0.27026650 0.09038523
v 0.02015817 0.27529043 0.08850598
v 0.01757845 0.27963653 0.09030392
v 0.02288100 0.28330842 0.08606765
v 0.02177001 0.27965003 0.08750423
v 0.01824816 0.28320342 0.08884601
v 0.02392862 0.28688678 0.08402395
v 0.01584931 0.27959919 0.09596804
v 0.01683916 0.27635443 0.09915472
v 0.01302227 0.28259882 0.10023931
v 0.01103159 0.28473559 0.10342760
v 0.01029279 0.28849289 0.10011398
v 0.02025363 0.29170349 0.08338055
v 0.02515032 0.28961831 0.08240496
v 0.02542055 0.27609211 0.08712343
v 0.03005006 0.27266422 0.08692788
v 0.02763603 0.28080329 0.08544388
v 0.03207100 0.27797994 0.08517446
v 0.02872756 0.28473076 0.08350468
v 0.03341471 0.28215021 0.08306539
v 0.03429047 0.26896310 0.08658481
v 0.03787988 0.26482898 0.08562578
v 0.04114830 0.25964594 0.08401228
v 0.04094788 0.27026531 0.08365423
v 0.04476818 0.26468047 0.08181837
v 0.04293538 0.27564448 0.08130451
v 0.04747067 0.27059489 0.07927919
v -0.01290522 0.29967150 0.08447791
v -0.01347067 0.30166417 0.08176797
v -0.01739931 0.29848212 0.08077124
v -0.01690062 0.29632673 0.08298156
v -0.00764786 0.35263535 0.08211442
v -0.00864141 0.36072257 0.07878606
v -0.01799463 0.36081624 0.07711875
v -0.01634729 0.35284188 0.08088171
v 0.03686604 0.27447671 0.08468590
v 0.03848828 0.27908596 0.08233354
v 0.03453930 0.28613701 0.08096799
v 0.02995005 0.28810927 0.08164458
v 0.04392052 0.28732187 0.07691970
v 0.04386436 0.28157616 0.07903921
v 0.03926258 0.28395981 0.08007298
v 0.03969035 0.28868595 0.07810164
v 0.04903410 0.27777001 0.07676037
v 0.04862558 0.28568694 0.07500815
v 0.04764275 0.29085100 0.07342696
v 0.03342593 0.29734007 0.07769506
v 0.02845797 0.29793492 0.07842068
v 0.03711865 0.29709217 0.07655742
v 0.04351322 0.29152676 0.07543515
v 0.03994807 0.29219165 0.07687356
v 0.05154991 0.29902899 0.06618991
v 0.04927652 0.29800564 0.06885859
v 0.04352059 0.29710585 0.07363255
v 0.04057746 0.29701811 0.07525403
v 0.04657430 0.29745278 0.07146890
v 0.02380212 0.29960755 0.07834022
v 0.01905848 0.30153915 0.07811260
v 0.05611724 0.22578472 -0.03177562
v 0.00989171 0.29202646 0.09756262
v 0.00982929 0.29505360 0.09490195
v 0.01532120 0.31911421 0.07976583
v 0.01326725 0.31584597 0.07870644
v 0.00696053 0.31632477 0.08544612
v 0.01951801 0.32348973 0.08211026
v 0.01568503 0.30390427 0.07795660
v -0.02207354 0.29608691 0.07991640
v -0.02109277 0.29396471 0.08144099
v 0.01365979 0.30636385 0.07784463
v 0.01248609 0.30914232 0.07782796
v 0.01223379 0.31246558 0.07811958
v -0.01036482 0.39643344 0.05337751
v -0.02136118 0.39544290 0.05020233
v -0.02116808 0.42044830 -0.04378425
v -0.02175788 0.42066139 -0.03462662
v -0.01020458 0.42329839 -0.03513223
v -0.01117682 0.42228189 -0.04831180
v 0.03091990 0.33926538 0.08153316
v 0.02739477 0.33237368 0.08403384
v 0.06002146 0.35384101 0.04389597
v 0.06365445 0.34491149 0.04070758
v 0.05210442 0.33365056 0.06614967
v 0.05525979 0.32894912 0.06364555
v 0.05728628 0.32365111 0.06142505
v 0.06516474 0.33280849 0.03902546
v 0.06622789 0.31984934 0.03955802
v 0.06732801 0.30771160 0.04141713
v -0.06956857 0.28882167 -0.06174015
v -0.07341406 0.28787300 -0.04513225
v -0.07597087 0.30007747 -0.04794646
v -0.07319231 0.30553904 -0.06644088
v 0.05033422 0.38585952 0.03217166
v -0.03578325 0.18873920 0.02890543
v -0.03254896 0.17688389 0.02477967
v -0.00000162 0.20946926 -0.07647675
v 0.05010327 0.39157024 0.02437450
v 0.04993773 0.37958047 0.04012254
v 0.04030792 0.40506113 0.01418076
v 0.04066815 0.40092212 0.02362245
v 0.04943767 0.39657712 0.01646164
v 0.04135963 0.39583856 0.03196643
v 0.04174401 0.38994578 0.03959686
v 0.04124515 0.38354117 0.04745557
v 0.04028554 0.37666619 0.05511337
v 0.03848928 0.36811268 0.06331898
v 0.04504988 0.22742416 -0.04939756
v 0.00797295 0.28008258 0.09648778
v 0.00726373 0.28025511 0.09721744
v -0.05450532 0.34345767 0.05749009
v -0.05663137 0.34901339 0.05205420
v -0.05992685 0.34148037 0.04884479
v -0.05766600 0.33679375 0.05472064
v 0.00687450 0.27970317 0.09591935
v 0.00616504 0.27984595 0.09662363
v 0.00593089 0.27845773 0.09620309
v 0.00711937 0.27108899 0.09892862
v 0.00562532 0.27296567 0.09758384
v 0.00527147 0.27644143 0.09641848
v 0.07062506 0.25625467 0.00220294
v -0.00604666 0.33929738 0.08685048
v -0.01362227 0.33948725 0.08626901
v -0.01165769 0.33277601 0.08736557
v -0.00529589 0.33246493 0.08793774
v -0.06181635 0.30483213 0.05263897
v -0.06452933 0.30182591 0.04964096
v -0.06368534 0.29363513 0.05511609
v -0.06063301 0.29775041 0.05694924
v -0.05782121 0.29256746 0.06373103
v -0.06042619 0.28660840 0.06349619
v -0.01951647 0.37042180 0.07221310
v -0.00943592 0.37072095 0.07428676
v -0.06208181 0.33170503 0.04685434
v -0.06001681 0.32866520 0.05287515
v -0.00978355 0.30281162 0.08674859
v -0.01065625 0.30434591 0.08328016
v -0.00757775 0.30902454 0.08515051
v -0.00382247 0.30859005 0.09080517
v -0.00364671 0.31293353 0.08912302
v -0.00689554 0.31289831 0.08554111
v -0.03485039 0.35232058 0.07342020
v -0.03670799 0.35968822 0.06893211
v -0.04449066 0.35805121 0.06304459
v -0.04272341 0.35116947 0.06786171
v -0.02151616 0.40161449 0.04226531
v -0.01047508 0.40297771 0.04548583
v -0.00419060 0.32343081 0.08778839
v -0.00857674 0.32354763 0.08634335
v -0.00751537 0.31955862 0.08542610
v -0.00404911 0.31974447 0.08763777
v -0.02608141 0.29230830 0.08074003
v -0.02699680 0.29459417 0.07963660
v -0.06843837 0.25648105 -0.00870776
v -0.06970815 0.25571319 -0.00832866
v -0.07502938 0.30416319 0.00028150
v -0.07392208 0.29305851 0.00315740
v -0.07385286 0.30157641 0.01304495
v -0.07395172 0.31497288 0.00946545
v -0.07732145 0.32665810 0.00497414
v -0.07973482 0.33622533 -0.00204202
v -0.07979789 0.31991825 -0.00853343
v -0.07726298 0.31341460 -0.00314159
v -0.05094508 0.20415622 -0.03958088
v -0.04857092 0.21440133 -0.04306923
v -0.00391615 0.30533472 0.09372351
v -0.00389072 0.30237684 0.09648311
v -0.01940102 0.32189143 -0.13134554
v -0.01869305 0.30883336 -0.12467054
v -0.03837577 0.31365097 -0.11658461
v -0.03765009 0.32670566 -0.12068123
v -0.06659028 0.27804917 -0.05636762
v -0.07100601 0.27895138 -0.04105334
v -0.01087742 0.27498809 0.10039194
v -0.00755687 0.27943167 0.09545042
v -0.00774230 0.27591032 0.09500663
v -0.00737971 0.27861282 0.09527404
v -0.01092162 0.27199656 0.10241990
v -0.01327959 0.27137035 0.10378049
v -0.00855362 0.27210009 0.09532429
v -0.00763463 0.27231136 0.09588832
v -0.00694292 0.27621061 0.09529751
v -0.00870473 0.27985764 0.09609963
v -0.00198645 0.26820570 0.10902035
v -0.00255723 0.26977435 0.11187639
v -0.00658154 0.27105567 0.11070744
v -0.00507943 0.26954725 0.10868663
v -0.00542051 0.27882394 0.09677061
v -0.00444039 0.27658951 0.09769227
v -0.00529607 0.27463371 0.10504275
v -0.00718268 0.27831587 0.10094620
v -0.00746943 0.28024673 0.09812161
v -0.00717828 0.27524292 0.10422276
v -0.00619094 0.26921204 0.10153820
v -0.00899014 0.27534744 0.10263037
v -0.08031818 0.27020979 -0.01648272
v -0.05927890 0.22152399 0.00746332
v -0.06356471 0.23658223 -0.00074204
v -0.06223838 0.23682241 -0.00733183
v -0.05928695 0.22108395 -0.00262239
v -0.08095326 0.29706234 -0.02197793
v -0.06865124 0.34814012 0.02870614
v -0.07074127 0.36040503 0.01716244
v -0.07698762 0.34838057 0.00621395
v -0.07537351 0.33692977 0.01327011
v -0.07074326 0.37007064 0.00773435
v -0.07717845 0.35928744 -0.00247684
v -0.08118533 0.34692809 -0.01192443
v -0.08270410 0.32609037 -0.02600269
v -0.04404603 0.30649987 0.07256318
v -0.04433307 0.30624238 0.07271177
v -0.04278457 0.30595058 0.07405950
v -0.04277385 0.30612215 0.07387748
v -0.04354074 0.30659187 0.07197854
v -0.04220217 0.30603892 0.07308176
v -0.04442458 0.30700877 0.07095937
v -0.04499383 0.30681983 0.07143606
v -0.04528843 0.30657151 0.07155620
v -0.02655304 0.30718282 0.07608595
v -0.02723993 0.30748203 0.07533719
v -0.02989243 0.30655238 0.07562889
v -0.02921154 0.30656272 0.07677511
v -0.02631219 0.30687428 0.07653939
v -0.02917350 0.30624688 0.07722105
v -0.03034650 0.30908510 0.06965543
v -0.02982824 0.30937567 0.06956232
v -0.03119427 0.30872601 0.06983392
v -0.02471113 0.30908293 0.07371715
v -0.02473456 0.31008571 0.07386162
v -0.02954386 0.31012085 0.06975354
v -0.02955994 0.30961788 0.06959087
v -0.02502561 0.30862972 0.07385647
v -0.02343531 0.30835766 0.07397450
v -0.02250219 0.30863777 0.07362466
v -0.02251018 0.31000122 0.07384556
v -0.03443373 0.30519477 0.07734577
v -0.03465114 0.30435702 0.07744107
v -0.02988298 0.30470178 0.07768751
v -0.02948087 0.30563012 0.07754184
v -0.03421557 0.30569154 0.07713030
v -0.03767718 0.30577707 0.07618411
v -0.03777919 0.30523461 0.07638747
v -0.03793215 0.30442697 0.07638708
v -0.02652992 0.30565000 0.07742943
v -0.02642887 0.30653188 0.07702284
v -0.03800481 0.30366120 0.07635733
v -0.03490516 0.30360356 0.07736417
v -0.03009051 0.30393860 0.07769513
v -0.02650456 0.30511522 0.07753397
v -0.02365695 0.30627075 0.07678237
v -0.02483451 0.30661559 0.07681079
v -0.03501664 0.30273461 0.07717498
v -0.03491211 0.30172661 0.07712360
v -0.02998910 0.30198333 0.07772374
v -0.03012879 0.30300981 0.07766695
v -0.03811675 0.30285817 0.07605744
v -0.03808624 0.30187982 0.07595695
v -0.04646015 0.30663577 0.06971544
v -0.04693639 0.30710605 0.06869272
v -0.04696473 0.30656761 0.06880819
v -0.04669121 0.30612674 0.06937522
v -0.04965564 0.30389968 0.06569313
v -0.05052772 0.30527848 0.06442501
v -0.05225050 0.30467814 0.06278969
v -0.05116539 0.30312589 0.06438274
v -0.05952813 0.29460618 0.06023460
v -0.05348941 0.30034474 0.06363248
v -0.05483643 0.30193502 0.06133568
v -0.04598278 0.30639353 0.07061900
v -0.04533229 0.30610836 0.07162207
v -0.04585752 0.30677465 0.07057065
v -0.04629324 0.30708349 0.06954700
v -0.04621246 0.30570096 0.07027994
v -0.04549218 0.30540529 0.07145249
v -0.04442457 0.30584833 0.07276282
v -0.04455394 0.30501455 0.07274578
v -0.04293340 0.30468091 0.07415065
v -0.04279075 0.30550390 0.07415897
v -0.04066010 0.30531564 0.07530228
v -0.04093704 0.30586442 0.07504133
v -0.04081317 0.30449381 0.07526362
v -0.04310490 0.30401406 0.07391349
v -0.04097903 0.30379295 0.07516149
v -0.04465719 0.30433118 0.07236031
v -0.04566305 0.30481815 0.07103420
v -0.04642121 0.30523178 0.06977583
v -0.04703161 0.30568516 0.06883889
v -0.04742307 0.30635911 0.06813097
v -0.04679999 0.30468106 0.06911530
v -0.04750321 0.30393493 0.06818676
v -0.04629003 0.30335733 0.06977408
v -0.04590573 0.30422378 0.07052328
v -0.04759613 0.30526450 0.06801657
v -0.04847217 0.30465201 0.06689806
v -0.04483953 0.30380052 0.07190324
v -0.04495929 0.30301628 0.07142549
v -0.04323284 0.30251414 0.07308927
v -0.04321159 0.30329686 0.07353854
v -0.04107863 0.30304909 0.07484192
v -0.04122418 0.30214441 0.07445381
v -0.03413036 0.30580851 0.07682142
v -0.03380313 0.30583033 0.07563685
v -0.03733769 0.30563012 0.07502549
v -0.03769820 0.30591032 0.07585143
v -0.04094255 0.30597585 0.07484847
v -0.04032711 0.30568948 0.07410292
v -0.03719581 0.30555829 0.07387723
v -0.03544893 0.30773735 0.06968239
v -0.03681946 0.30775470 0.06930750
v -0.03988839 0.30561307 0.07308452
v -0.03401252 0.30585590 0.07439764
v -0.03389486 0.30793199 0.06993523
v -0.03067686 0.30668432 0.07443077
v -0.03238125 0.30831271 0.06998590
v -0.02800761 0.30751726 0.07456477
v -0.03526005 0.31831643 0.07620414
v -0.03527760 0.31854019 0.07629706
v -0.03991032 0.31802958 0.07552943
v -0.03952313 0.31769505 0.07536950
v -0.04985965 0.28739327 -0.09372324
v -0.05093139 0.30235937 -0.10097650
v -0.03822355 0.29733634 -0.11048795
v -0.04271661 0.31528720 0.07452761
v -0.04260655 0.31624967 0.07399472
v -0.04508246 0.31490815 0.07252592
v -0.04496806 0.31400385 0.07275002
v -0.04274876 0.31423303 0.07500032
v -0.04475401 0.31290010 0.07300653
v -0.03998625 0.31549624 0.07684120
v -0.03992122 0.31667835 0.07626262
v -0.03967312 0.31746951 0.07558363
v -0.04399721 0.31129229 0.06894436
v -0.04323296 0.31226674 0.06963950
v -0.04381150 0.31217301 0.07103788
v -0.04486425 0.31135949 0.06976053
v -0.04463794 0.31058240 0.06833915
v -0.04552013 0.31058851 0.06885605
v -0.03939367 0.31038529 0.06686459
v -0.03904333 0.31077436 0.06717415
v -0.03849341 0.31124094 0.06760446
v -0.03957402 0.31005749 0.06666955
v -0.03965297 0.30976287 0.06657062
v -0.03963417 0.30948171 0.06660386
v -0.03952539 0.30920771 0.06677384
v -0.06272450 0.27791652 0.06107383
v -0.06233528 0.28947693 0.05939087
v -0.06496871 0.28127152 0.05643495
v -0.04552379 0.30708444 0.07039373
v -0.04599841 0.30745101 0.06942724
v -0.04491007 0.30736247 0.07003503
v -0.04536244 0.30775344 0.06921381
v -0.04651403 0.30796900 0.06847985
v -0.04692437 0.30771181 0.06841848
v -0.04289471 0.30655110 0.07124556
v -0.03847666 0.30822575 0.06835739
v -0.03890390 0.30850390 0.06787761
v -0.04360099 0.30716571 0.07031168
v -0.04162569 0.30596697 0.07217233
v -0.03779237 0.30793920 0.06884428
v -0.03912781 0.30875108 0.06748652
v -0.03933582 0.30900547 0.06712858
v -0.04390981 0.30753067 0.06957268
v -0.04436652 0.30794114 0.06880488
v -0.04573772 0.30834785 0.06858220
v -0.04493348 0.30891466 0.06784626
v -0.04501642 0.30943498 0.06778575
v -0.04597174 0.30884063 0.06829868
v -0.04602664 0.30936024 0.06819730
v -0.04474600 0.30841413 0.06814953
v -0.04491083 0.30998787 0.06795820
v -0.04586863 0.30990964 0.06840715
v -0.04723050 0.30723706 0.06820840
v -0.04719499 0.30803284 0.06793154
v -0.04776511 0.30906239 0.06724612
v -0.04770278 0.30727437 0.06758496
v -0.04844291 0.30731019 0.06669222
v -0.04807607 0.30607948 0.06717235
v -0.04882075 0.30975258 0.06662028
v -0.05026164 0.31027570 0.06556632
v -0.04980966 0.30727765 0.06532692
v -0.04914378 0.30577651 0.06592374
v -0.04679836 0.30851200 0.06799202
v -0.04699257 0.30914950 0.06773518
v -0.04813261 0.31080094 0.06807552
v -0.04895342 0.31174117 0.06774396
v -0.04743902 0.31020424 0.06829175
v -0.04688761 0.31097373 0.06957925
v -0.04737549 0.31176573 0.06948820
v -0.04794548 0.31258443 0.06931264
v -0.04637993 0.31274793 0.07107829
v -0.04674403 0.31365967 0.07095994
v -0.04604732 0.31180489 0.07114461
v -0.04678015 0.30995402 0.06836098
v -0.04627491 0.31066883 0.06934670
v -0.04549693 0.31143147 0.07067501
v -0.04439674 0.31207511 0.07259741
v -0.04250728 0.31321138 0.07465503
v -0.04177484 0.31314817 0.07272981
v -0.03977918 0.31453127 0.07645778
v -0.03895970 0.31408694 0.07439394
v -0.03582498 0.31926116 0.07725702
v -0.04088596 0.31898215 0.07634270
v -0.03860603 0.31400660 0.07252274
v -0.03612554 0.31203359 0.06894407
v -0.03454527 0.31216562 0.06951856
v -0.03530642 0.31409818 0.07361189
v -0.02534275 0.31082603 0.07432787
v -0.02617639 0.31168798 0.07471357
v -0.03016897 0.31089559 0.07003860
v -0.02978020 0.31047451 0.06989645
v -0.02382986 0.31084660 0.07494723
v -0.02520410 0.31168449 0.07558508
v -0.02953242 0.31349781 0.07480764
v -0.03168814 0.31182763 0.07017828
v -0.03076696 0.31135648 0.07015043
v -0.02780792 0.31257147 0.07465611
v -0.02888609 0.31395888 0.07667269
v -0.02662619 0.31268138 0.07602742
v -0.03546361 0.31459448 0.07561792
v -0.02308431 0.36068648 -0.13678452
v -0.02213643 0.34220320 -0.13796017
v -0.03736806 0.34558943 -0.12288495
v -0.03743067 0.35926387 -0.12089237
v -0.04113919 0.31326076 0.07117953
v -0.03747183 0.31169161 0.06828629
v -0.04692861 0.36003122 -0.10984706
v -0.04641785 0.36873150 -0.10706723
v -0.03806143 0.37082732 -0.11515328
v -0.03546601 0.22867210 -0.06202897
v -0.02631866 0.21784018 -0.06944925
v -0.02165180 0.31060961 0.07598736
v -0.02340143 0.31201696 0.07638480
v -0.02049481 0.30935034 0.07570504
v -0.01977194 0.30909786 0.07584641
v -0.02085122 0.31060725 0.07602130
v -0.02235894 0.31212145 0.07635909
v -0.02552362 0.31328046 0.07688423
v -0.02471696 0.31361842 0.07723205
v -0.02820637 0.31524146 0.07827021
v -0.02839293 0.31446287 0.07795800
v -0.03575316 0.31528243 0.07762247
v -0.03579254 0.31625637 0.07797209
v -0.02763740 0.31596115 0.07757618
v -0.02404885 0.31399992 0.07660390
v -0.02703486 0.31667838 0.07677864
v -0.02382396 0.31493330 0.07616980
v -0.03536698 0.31803763 0.07663281
v -0.03569631 0.31731692 0.07737814
v -0.02348255 0.30724740 0.07622853
v -0.02120711 0.30738693 0.07600930
v -0.02401260 0.30769289 0.07599797
v -0.02154783 0.30780181 0.07567440
v -0.02516707 0.30800933 0.07487106
v -0.02073779 0.30818704 0.07555273
v -0.01997684 0.30787238 0.07580267
v -0.02601273 0.30814400 0.07432848
v -0.02005218 0.31056616 0.07567728
v -0.01880607 0.30883026 0.07582085
v -0.01874612 0.31085908 0.07484737
v -0.01798420 0.30886790 0.07537941
v -0.02103852 0.31330848 0.07524215
v -0.02156537 0.31227750 0.07567551
v -0.01894511 0.30758974 0.07576508
v -0.01960395 0.30710182 0.07593094
v -0.01822718 0.30740252 0.07573472
v -0.01889338 0.30675873 0.07591472
v -0.02626004 0.30432171 0.07762779
v -0.02600602 0.30345705 0.07765994
v -0.02286834 0.30554724 0.07687998
v -0.02224028 0.30493400 0.07682370
v -0.03465222 0.30061924 0.07709070
v -0.03789549 0.30076230 0.07584918
v -0.03421215 0.29935881 0.07707585
v -0.03770490 0.29938143 0.07582276
v -0.02908520 0.29978064 0.07783630
v -0.02969976 0.30090168 0.07777978
v -0.03217098 0.16906528 0.02318412
v -0.04842023 0.30294341 0.06734904
v -0.04957392 0.30185270 0.06654003
v -0.04788135 0.30097601 0.06865685
v -0.04694364 0.30233192 0.06905473
v -0.04529195 0.30184832 0.07087751
v -0.04579119 0.30039096 0.07068463
v -0.04338180 0.29990521 0.07273065
v -0.04324388 0.30138686 0.07277530
v -0.04118659 0.30103710 0.07425587
v -0.04094885 0.29946601 0.07433099
v -0.05147970 0.30692771 0.06357073
v -0.05272197 0.31030753 0.06306335
v -0.05333432 0.30656487 0.06172054
v -0.05494525 0.31018743 0.06061060
v -0.01700616 0.31163606 0.07487384
v -0.01668466 0.30913174 0.07494661
v -0.01504131 0.31231838 0.07577369
v -0.01499294 0.30936167 0.07558436
v -0.01635967 0.31559092 0.07667883
v -0.01847990 0.31462479 0.07555781
v -0.01726513 0.30719003 0.07558399
v -0.01807270 0.30634949 0.07586198
v -0.01587595 0.30703139 0.07576256
v -0.01697179 0.30562970 0.07600242
v -0.02542046 0.30250102 0.07768814
v -0.02481599 0.30147114 0.07771101
v -0.02157388 0.30422205 0.07688490
v -0.02058796 0.30330005 0.07697955
v -0.04900044 0.27604872 -0.08707249
v -0.05131506 0.31817454 -0.10603867
v -0.04843583 0.32375517 0.07282493
v -0.04619019 0.32059264 0.07403897
v -0.04246343 0.32170540 0.07644714
v -0.04430088 0.32563281 0.07599291
v -0.05114144 0.32802299 0.07005407
v -0.05366442 0.32415271 0.06747775
v -0.05125232 0.32119805 0.06989896
v -0.04897016 0.31880057 0.07160329
v -0.05322158 0.31328684 0.06384499
v -0.05138029 0.31313252 0.06588496
v -0.05124981 0.31501749 0.06725238
v -0.05313137 0.31568268 0.06555404
v -0.05553140 0.31341368 0.06159934
v -0.05560445 0.31664720 0.06327784
v -0.05244565 0.31817371 0.06779015
v -0.05035796 0.31675372 0.06929067
v -0.05500428 0.31998858 0.06559335
v -0.02462538 0.32065994 0.07875917
v -0.02555048 0.31876609 0.07767205
v -0.02226581 0.31677666 0.07656638
v -0.02065990 0.31763026 0.07691793
v -0.02315533 0.32248694 0.07983668
v -0.01834369 0.31879520 0.07791366
v -0.03755143 0.32602876 0.07908530
v -0.03680868 0.32243702 0.07837260
v -0.02672456 0.31713340 0.07637718
v -0.02455821 0.31600040 0.07617566
v -0.02649434 0.31730360 0.07633106
v -0.02384143 0.31579217 0.07595620
v -0.05617182 0.38090560 -0.08761995
v -0.05942566 0.38758388 -0.07419062
v -0.04349133 0.39950919 -0.08266365
v -0.04156859 0.39076087 -0.09606192
v -0.04255025 0.31663686 0.07387950
v -0.04311946 0.31712064 0.07400880
v -0.04571915 0.31588671 0.07244393
v -0.04515451 0.31536123 0.07250416
v -0.04704570 0.31425497 0.07091089
v -0.04771861 0.31481284 0.07071162
v -0.04897935 0.31374249 0.06885136
v -0.04836145 0.31331742 0.06932925
v -0.04906366 0.31256688 0.06805842
v -0.04974853 0.31260547 0.06738867
v -0.02415274 0.31674257 0.07638294
v -0.02639362 0.31767973 0.07671917
v -0.04839804 0.34833482 -0.11086461
v -0.04649741 0.36550501 0.05664984
v -0.05368815 0.36165622 0.05003719
v -0.05140856 0.35513499 0.05674253
v -0.04427544 0.31815195 0.07448203
v -0.04695829 0.31691846 0.07244537
v -0.04878686 0.31567764 0.07027493
v -0.04983118 0.31448868 0.06832704
v -0.05034433 0.31346524 0.06717221
v -0.07353786 0.27448705 -0.00128753
v -0.07408763 0.27453697 -0.00331451
v -0.08070455 0.28564972 -0.03237189
v -0.07881335 0.29267740 -0.03179658
v -0.07764473 0.29633534 -0.03103478
v -0.07933336 0.30411345 -0.01678077
v -0.08276698 0.30721629 -0.01989662
v -0.08463454 0.26595980 -0.02353073
v -0.08155546 0.26426423 -0.01934535
v -0.08449809 0.26684964 -0.02413735
v -0.08964892 0.30330595 -0.03104917
v -0.08999820 0.30155823 -0.03245967
v -0.09091390 0.30134830 -0.03223359
v -0.04197783 0.25548077 -0.07311131
v -0.04706163 0.26694304 -0.08112652
v -0.09035686 0.29943612 -0.03371958
v -0.07613549 0.27929386 -0.00644434
v -0.08192838 0.28479198 -0.03266111
v -0.08364055 0.28383052 -0.03436878
v -0.08454788 0.27822471 -0.03392416
v -0.08381134 0.27906895 -0.03312749
v -0.08377250 0.27325606 -0.03140914
v -0.08323123 0.27434206 -0.03094600
v -0.08591913 0.26947019 -0.02708107
v -0.08725612 0.27319485 -0.02973579
v -0.08401226 0.30762896 -0.02126088
v -0.08344163 0.30676213 -0.01982636
v -0.08487126 0.30749825 -0.02154934
v -0.07687075 0.27799225 -0.00776488
v -0.07746896 0.30213660 -0.01642372
v -0.07715899 0.29984176 -0.01508901
v -0.07673479 0.30023077 -0.01560417
v -0.07280921 0.28306711 -0.01179836
v -0.07279478 0.28398269 -0.01210381
v -0.07426043 0.28145307 -0.01149380
v -0.07691073 0.27999023 -0.00996658
v -0.07036992 0.27233174 -0.00981644
v -0.06973755 0.27105525 -0.01176586
v -0.07033639 0.27009106 -0.01095387
v -0.08691957 0.31420317 -0.02614094
v -0.07739335 0.29884002 -0.01467486
v -0.07879031 0.29997474 -0.01488206
v -0.07918995 0.30129328 -0.01524305
v -0.08578848 0.30705908 -0.02187982
v -0.07942607 0.30228302 -0.01566051
v -0.07852014 0.30219561 -0.01566563
v -0.08013732 0.30390009 -0.01664829
v -0.07786954 0.30217829 -0.01595739
v -0.07622989 0.27602285 -0.02482628
v -0.07487807 0.27583316 -0.02247477
v -0.07487175 0.29609099 -0.00387783
v -0.07568081 0.29380068 -0.00626943
v -0.08081903 0.26369533 -0.01681522
v -0.07760933 0.30316341 -0.02771720
v -0.07802764 0.30615291 -0.02946476
v -0.08866744 0.27772668 -0.03186286
v -0.08252174 0.27236533 -0.02039346
v -0.08047909 0.27175444 -0.01831840
v -0.08440807 0.27343467 -0.02244975
v -0.08588665 0.27597135 -0.02451579
v -0.07340486 0.29223856 -0.01908307
v -0.08416748 0.29651049 -0.02477400
v -0.08476534 0.29416063 -0.02589544
v -0.08262376 0.29667801 -0.02313205
v -0.07910103 0.30968499 -0.02772468
v -0.07886402 0.30962521 -0.02516067
v -0.07848142 0.30438754 -0.02565072
v -0.07835706 0.30770287 -0.02431439
v -0.07228064 0.27579418 -0.01026132
v -0.07187095 0.26970714 -0.01334734
v -0.07151847 0.27157882 -0.01450139
v -0.07297596 0.26972124 -0.01428643
v -0.07295465 0.27059919 -0.01591372
v -0.07331487 0.27207896 -0.01772044
v -0.07368542 0.27398905 -0.01927260
v -0.07373202 0.27650252 -0.01991943
v -0.07167413 0.27999663 -0.01126402
v -0.07915336 0.30878389 -0.01343341
v -0.07117361 0.27815926 -0.01095002
v -0.07315885 0.28163266 -0.01149218
v -0.07333160 0.27982333 -0.01098684
v -0.07300803 0.27788040 -0.01042986
v -0.07790035 0.26905799 -0.01141715
v -0.07851683 0.27067357 -0.01400167
v -0.07656484 0.26961872 -0.01052637
v -0.07922026 0.27113628 -0.01633035
v -0.07534713 0.26978037 -0.01010052
v -0.07817112 0.30439538 -0.02650878
v -0.07836603 0.30768636 -0.02658883
v -0.07364863 0.27798918 0.00064177
v -0.06676655 0.28672504 0.05103566
v -0.06795023 0.29642752 0.04477725
v -0.02680244 0.23300062 0.07712216
v -0.02599660 0.22986969 0.07764924
v -0.05955815 0.27481171 0.06602729
v -0.05481192 0.27191833 0.07204419
v -0.02592633 0.23894596 0.08830983
v -0.02504437 0.23811042 0.08850349
v -0.02404410 0.23862381 0.08883026
v -0.02491568 0.23904239 0.08841269
v -0.02257774 0.23918277 0.08735244
v -0.02346291 0.23909032 0.08661199
v -0.02363315 0.23912062 0.08747619
v -0.02283519 0.23918852 0.08818850
v -0.02994015 0.25566062 0.08863319
v -0.03380582 0.25999230 0.08692272
v -0.03678234 0.25532120 0.08577263
v -0.03303783 0.25167093 0.08768899
v -0.02530387 0.23770100 0.07932502
v -0.02501435 0.23931146 0.07971393
v -0.02392697 0.23928717 0.08360247
v -0.02425935 0.23864099 0.08322120
v -0.02514103 0.23513541 0.07954120
v -0.02413556 0.23734859 0.08286060
v -0.02688106 0.23695400 0.07689816
v -0.02632694 0.23947598 0.07714951
v -0.03550756 0.23286898 0.08373504
v -0.03169858 0.23494290 0.08558628
v -0.03277596 0.23820400 0.08606663
v -0.03650527 0.23762971 0.08418747
v -0.02669993 0.26763707 0.08753353
v -0.03053668 0.26382285 0.08734834
v -0.02718995 0.25952595 0.08869465
v -0.02340111 0.26381317 0.08862206
v -0.01953929 0.26865017 0.08924471
v -0.02261438 0.27159563 0.08775726
v -0.01808451 0.27652952 0.09254784
v -0.01854495 0.27268988 0.09392291
v -0.01795155 0.27177769 0.09730040
v -0.01833252 0.27409577 0.09595632
v -0.01592465 0.26771417 0.09576129
v -0.01848491 0.27035117 0.09252725
v -0.01175384 0.26664546 0.09617949
v -0.01147319 0.26734975 0.09709222
v -0.01603873 0.26714119 0.09431620
v -0.01629053 0.26632795 0.09257110
v -0.01209549 0.26590213 0.09513555
v -0.01075743 0.26823851 0.09789336
v -0.01365597 0.26812488 0.09808471
v -0.01532579 0.27006263 0.09959947
v -0.00443133 0.26879218 0.10643018
v -0.00570050 0.27013987 0.10839631
v -0.00970320 0.30069497 0.08980502
v -0.01281845 0.29718903 0.08714201
v -0.00976038 0.29800516 0.09222465
v -0.01270498 0.29485250 0.08946513
v -0.01447387 0.27220798 0.10326348
v -0.01618110 0.27430779 0.10158402
v -0.01200111 0.27347609 0.10697702
v -0.01317877 0.27629545 0.10634288
v -0.00378809 0.31640783 0.08812326
v -0.00215374 0.26544279 0.10229801
v -0.00242062 0.26469713 0.10185582
v -0.00182478 0.26643667 0.10418345
v -0.02130185 0.38340831 -0.11873903
v -0.02194188 0.39651451 -0.10557531
v -0.02224380 0.41250187 -0.07935773
v -0.02016709 0.41743103 -0.06549764
v -0.00588518 0.24801119 0.10412778
v -0.00553454 0.25087458 0.10396629
v -0.01318860 0.24303536 0.08728702
v -0.00753031 0.24331638 0.08888178
v -0.00713410 0.24153754 0.09353803
v -0.01257777 0.24140759 0.09217702
v -0.01670334 0.24120128 0.09001105
v -0.01765684 0.24264611 0.08521345
v -0.01357604 0.24426310 0.08467592
v -0.00769140 0.24460323 0.08613062
v -0.01210986 0.24050254 0.09663802
v -0.00675553 0.24081054 0.09885799
v -0.00662653 0.24267751 0.10158246
v -0.01218287 0.24210075 0.09886469
v -0.01913264 0.26176977 0.09137744
v -0.01468335 0.26243472 0.09383183
v -0.01026795 0.26264161 0.09729050
v -0.00681352 0.26250705 0.09989502
v -0.00614375 0.26455495 0.10006697
v -0.00882912 0.26520678 0.09781759
v -0.00588239 0.26540351 0.10037239
v -0.00854241 0.26601329 0.09835789
v -0.00841383 0.26683432 0.09886327
v -0.00892837 0.26816282 0.09904904
v -0.00700829 0.26802406 0.10032333
v -0.00746815 0.26917651 0.09987295
v -0.00581207 0.26627877 0.10061001
v -0.00419547 0.29227468 0.10512541
v -0.00393616 0.29595774 0.10205043
v -0.01038710 0.25248766 0.10170601
v -0.00528033 0.25308147 0.10301760
v -0.00448837 0.25714245 0.10187013
v -0.00907770 0.25708163 0.10047980
v -0.01388146 0.25623879 0.09810311
v -0.01564580 0.25056717 0.09913599
v -0.00276826 0.26390636 0.10156520
v -0.01075365 0.25006825 0.10220058
v -0.01110082 0.24733166 0.10211653
v -0.01611498 0.24800788 0.09940866
v -0.01631752 0.24556917 0.09909866
v -0.02055423 0.24785571 0.09593127
v -0.01947192 0.25418514 0.09521122
v -0.02541621 0.25194755 0.09177039
v -0.02456703 0.24491312 0.09263826
v -0.03267866 0.24149077 0.08701497
v -0.02745774 0.23877136 0.08794616
v -0.02760080 0.24016158 0.08845910
v -0.02728861 0.24144898 0.08942476
v -0.03177803 0.24478991 0.08820093
v -0.03628128 0.24238564 0.08529550
v -0.03512899 0.24716465 0.08652446
v -0.02969127 0.24821205 0.08966767
v -0.02651552 0.24296421 0.09064093
v -0.02609730 0.23978554 0.08882564
v -0.02502518 0.23946248 0.08874092
v -0.02587008 0.24058062 0.08966563
v -0.02479959 0.23990400 0.08944771
v -0.02528785 0.24136722 0.09076923
v -0.02432975 0.24031959 0.09035559
v -0.02333643 0.24105167 0.09176279
v -0.02403078 0.24265169 0.09241393
v -0.02277270 0.23938178 0.08742712
v -0.02175722 0.23949289 0.08850760
v -0.02189151 0.23953524 0.08978938
v -0.02284904 0.23936640 0.08859757
v -0.02342615 0.23926666 0.08676669
v -0.02338533 0.23926818 0.08792987
v -0.02338501 0.23985018 0.08435851
v -0.02235912 0.24013211 0.08516183
v -0.02398014 0.23906460 0.08608239
v -0.02398647 0.23915383 0.08708444
v -0.02401691 0.23919520 0.08838581
v -0.02393163 0.23946790 0.08882200
v -0.02344620 0.23968822 0.08958262
v -0.02253601 0.24000585 0.09076234
v -0.01627968 0.24338731 0.09800209
v -0.02005440 0.24340709 0.09565721
v -0.01969654 0.24159437 0.09433936
v -0.01609909 0.24117203 0.09601669
v -0.01924423 0.24029705 0.09281155
v -0.01826471 0.24373123 0.08278355
v -0.01579842 0.24013406 0.09418663
v -0.02140334 0.24164471 0.08274470
v -0.02241028 0.24265736 0.08025749
v -0.02032352 0.24060227 0.08704981
v -0.02444016 0.24044453 0.08061523
v -0.02337201 0.24065387 0.08113667
v -0.02540173 0.24128841 0.07815722
v -0.02413799 0.24186322 0.07907809
v -0.01909721 0.23966029 0.09101115
v -0.02043987 0.24541642 0.09607638
v -0.01155597 0.24470006 0.10090382
v -0.00620127 0.24540240 0.10315509
v -0.00487947 0.28452322 0.11194719
v -0.00459990 0.28870159 0.10836175
v -0.02329375 0.23900905 0.08888739
v -0.01025630 0.16117734 0.03450111
v -0.02655660 0.23746350 0.08798540
v -0.02452969 0.23276572 0.07972972
v -0.02328839 0.23634198 0.08330880
v -0.03237281 0.22821414 0.08437224
v -0.02768346 0.22393100 0.08707172
v -0.02541176 0.22807206 0.08889687
v -0.02919972 0.23147693 0.08634149
v -0.02236054 0.23410410 0.09153493
v -0.02499558 0.23593467 0.08919298
v -0.02364666 0.23718618 0.08997876
v -0.02115811 0.23614736 0.09231168
v -0.02020688 0.23775178 0.09277968
v -0.02260107 0.23820069 0.09020245
v -0.01822138 0.23959701 0.09140295
v -0.01373057 0.24008447 0.09424742
v -0.01326189 0.23631550 0.08956046
v -0.01804781 0.23589978 0.08712359
v -0.02208135 0.23597859 0.08453747
v -0.02154419 0.23928961 0.08830779
v -0.01882101 0.23960927 0.09221066
v -0.02173300 0.23926891 0.08925010
v -0.01420497 0.24015374 0.09542151
v -0.02089855 0.16412148 0.03007198
v -0.02205121 0.23897579 0.09000009
v -0.01932230 0.23913322 0.09252216
v -0.01498548 0.23930812 0.09612370
v -0.01604176 0.23735473 0.09663101
v -0.01699847 0.23504867 0.09669331
v -0.01788850 0.23220877 0.09576683
v -0.01998026 0.22499076 0.09261663
v -0.02135737 0.21985598 0.09127576
v -0.01377524 0.22318183 0.09582493
v -0.01471562 0.21802156 0.09523599
v -0.01261947 0.23088807 0.09951958
v -0.01213537 0.23447178 0.10093741
v -0.01131780 0.23721668 0.10043522
v -0.01057108 0.23943906 0.09940751
v -0.00333301 0.26219627 0.10129905
v -0.00569411 0.26793748 0.10166891
v -0.00453341 0.26810342 0.10397063
v -0.00791557 0.27161443 0.10920732
v -0.00175646 0.26723063 0.10642867
v -0.01049790 0.27331358 0.10870231
v -0.00879323 0.27276218 0.11015401
v -0.00951106 0.27456409 0.11097039
v -0.01075734 0.27525112 0.10967212
v -0.00724388 0.27213925 0.11140702
v -0.00853533 0.27436528 0.11197598
v -0.00296280 0.27110255 0.11316344
v -0.00381672 0.27480817 0.11499654
v -0.00473760 0.28073674 0.11431945
v -0.00419945 0.27718550 0.11529414
v -0.00985575 0.27637303 0.11133126
v -0.01126809 0.27830517 0.10942742
v -0.01150972 0.28142101 0.10695358
v -0.01381875 0.27910596 0.10359114
v -0.01092045 0.42286769 -0.01833978
v -0.00980415 0.24054202 0.09837826
v -0.00888056 0.24047102 0.09649214
v -0.01325278 0.22583283 0.08315164
v -0.01320126 0.23035949 0.08543341
v -0.00832761 0.23026200 0.08696137
v -0.00834892 0.22594835 0.08482043
v -0.00486777 0.24055178 0.09736037
v -0.00464495 0.23657490 0.09215396
v -0.00847095 0.23658039 0.09137718
v -0.00514064 0.24074218 0.09965149
v -0.00566950 0.23951086 0.10104772
v -0.00625626 0.23722796 0.10248305
v -0.00447090 0.23014502 0.08772033
v -0.00458740 0.22568673 0.08554898
v -0.02284283 0.23129897 0.08086871
v -0.02350513 0.22747812 0.07892384
v -0.01818881 0.23025955 0.08342365
v -0.01863564 0.22630680 0.08135280
v -0.00800923 0.21760429 0.09819396
v -0.00728179 0.22267510 0.09805402
v -0.00665286 0.23389609 0.10290267
v -0.00682393 0.22991027 0.10142525
v -0.02240190 0.40559071 -0.09283427
v -0.06489225 0.36775932 0.02446553
v -0.06321881 0.36058709 0.03358771
v -0.05631558 0.36840597 0.04049702
v -0.05801088 0.37417796 0.03212919
v -0.06533594 0.37552074 0.01519622
v -0.05854645 0.38090247 0.02341146
v -0.04055960 0.41314149 -0.03909270
v -0.04113950 0.41277325 -0.02411349
v -0.02233795 0.42031530 -0.01977704
v -0.03554260 0.41396430 -0.05429655
v -0.04750867 0.40478745 -0.06405973
v -0.04987604 0.40697068 -0.04312894
v -0.04988196 0.40698144 -0.02690947
v -0.02617976 0.20397589 -0.07026391
v -0.05030478 0.33095071 -0.10919729
v -0.04860627 0.40629452 -0.01244434
v -0.04058415 0.41129050 -0.00954376
v -0.04024163 0.40862092 0.00370915
v -0.04737812 0.40435916 -0.00009240
v -0.02225093 0.41850767 -0.00429836
v -0.01086250 0.42089805 -0.00206994
v -0.01870066 0.29244536 -0.11795431
v -0.00380952 0.29943952 0.09911344
v -0.04648224 0.24113490 -0.05333050
v -0.05746735 0.23910832 -0.03532177
v -0.05687847 0.18620861 -0.01147561
v -0.07116307 0.26145467 -0.01761123
v -0.07079711 0.26219794 -0.01857502
v -0.06038995 0.22332944 -0.01555891
v -0.06225106 0.23728617 -0.01723605
v -0.03719969 0.24217317 -0.06566305
v -0.08024484 0.27309826 -0.02957934
v -0.08083450 0.27700278 -0.03124976
v -0.08151479 0.27200761 -0.02920656
v -0.08223314 0.27608812 -0.03107878
v -0.08223496 0.28043741 -0.03220655
v -0.08214828 0.27009284 -0.02827222
v -0.07916205 0.30937138 -0.02209120
v -0.08048876 0.31080651 -0.02111751
v -0.07088045 0.25952038 -0.01283231
v -0.07063252 0.26025409 -0.01465579
v -0.07017317 0.25983322 -0.01358895
v -0.07001930 0.25928026 -0.01220123
v -0.07067847 0.25856611 -0.01107718
v -0.06995579 0.25869238 -0.01089492
v -0.08181353 0.32564080 -0.01586322
v -0.06839581 0.25929409 -0.01465038
v -0.07007673 0.26169536 -0.01778798
v -0.07020605 0.26083714 -0.01610171
v -0.06946064 0.26000556 -0.01445065
v -0.06933165 0.25874010 -0.01216593
v -0.06936933 0.25779197 -0.01021534
v -0.07022759 0.25726628 -0.00976011
v -0.08244739 0.26880378 -0.02857274
v -0.07534605 0.25818878 -0.01591172
v -0.07929529 0.30167794 -0.02815970
v -0.07931145 0.29992688 -0.02953336
v -0.08157890 0.30138612 -0.03109322
v -0.08147562 0.30359694 -0.02971959
v -0.05933593 0.27772799 -0.07335706
v -0.06083488 0.28891355 -0.08054916
v -0.01307060 0.20734724 -0.07498369
v -0.01281326 0.22072096 -0.07539299
v -0.07564639 0.32208934 -0.06721559
v -0.07927974 0.30332518 -0.02669306
v -0.08153171 0.30535910 -0.02823228
v -0.08104855 0.28130654 -0.03224484
v -0.07837375 0.30282539 -0.02681453
v -0.07844998 0.30118144 -0.02821508
v -0.08260929 0.30687243 -0.02977118
v -0.08268114 0.30470222 -0.03143860
v -0.08265438 0.30220506 -0.03290473
v -0.07842466 0.29936251 -0.02951365
v -0.07901236 0.30822670 -0.02969792
v -0.08108983 0.35286289 -0.04337104
v -0.07901590 0.34655428 -0.05819696
v -0.07662357 0.36954758 -0.04768393
v -0.07470662 0.36401054 -0.06373850
v -0.06921218 0.35760292 -0.08082913
v -0.07353947 0.33894584 -0.07512761
v -0.07885403 0.30935511 -0.02357588
v -0.08124644 0.31170142 -0.02159952
v -0.06522947 0.38156506 0.00626449
v -0.07045670 0.37618089 -0.00110799
v -0.05841803 0.38662174 0.01527012
v -0.05775017 0.39165005 0.00751163
v -0.06388774 0.38733596 -0.00177460
v -0.07144193 0.38005754 -0.01386821
v -0.08289690 0.34419999 -0.02689296
v -0.08064669 0.35879323 -0.02848903
v -0.07817193 0.36337048 -0.01435866
v -0.07552608 0.37507990 -0.03165403
v -0.06663641 0.38933235 -0.02156538
v -0.07016458 0.38522580 -0.03636958
v -0.05957156 0.39815435 -0.02618059
v -0.06165698 0.39595863 -0.04126561
v -0.06110389 0.39326715 -0.05808559
v -0.07118797 0.38091975 -0.05178017
v -0.06168328 0.39280814 -0.00895014
v -0.05578702 0.39627850 0.00114697
v -0.05661351 0.39945832 -0.01302220
v -0.05336528 0.40025350 -0.00395147
v -0.07602625 0.36539173 -0.00681306
v -0.06547866 0.25233930 -0.00858830
v -0.06740777 0.25176907 -0.00310377
v -0.07148679 0.26315987 0.00399975
v -0.07057858 0.28931728 0.03816285
v -0.07047635 0.30229324 0.03469851
v -0.07331917 0.29407591 0.02441366
v -0.07222813 0.27866411 0.02726550
v -0.06912082 0.31638914 0.03182084
v -0.07248756 0.30873016 0.02167762
v -0.07242424 0.32335258 0.01822254
v -0.06877904 0.33140954 0.02978797
v -0.05965990 0.35192323 -0.09759510
v -0.06241608 0.33530447 -0.09524068
v -0.06363182 0.32254019 -0.09166207
v -0.04971863 0.34900862 0.06168031
v -0.02184256 0.37500852 -0.12782134
v -0.04882395 0.37310207 0.04805139
v -0.05188115 0.37268329 -0.09909891
v -0.03921691 0.37876341 -0.10835989
v -0.06954427 0.37555128 -0.06743698
v -0.06524695 0.36968476 -0.08191109
v -0.05646469 0.36287096 -0.09829997
v -0.06277001 0.30659011 -0.08764753
v -0.04832802 0.40079367 0.00838248
v -0.05805320 0.31350386 0.05825555
v -0.05742120 0.30893248 0.05764058
v -0.05803503 0.31837881 0.05955685
v -0.05582519 0.30412114 0.05957342
v -0.01655140 0.29407805 0.08512004
v -0.01599069 0.29193059 0.08711986
v -0.01573273 0.28931496 0.08923008
v -0.01947704 0.28931797 0.08519414
v -0.01893494 0.28616539 0.08719067
v -0.01220160 0.28944355 0.09438644
v -0.01260598 0.29221761 0.09182911
v -0.01510689 0.28661615 0.09131449
v -0.01473131 0.28324717 0.09334118
v -0.01228596 0.28620076 0.09690195
v -0.01904104 0.27026588 0.09038414
v -0.02016000 0.27528989 0.08850421
v -0.01758016 0.27963611 0.09030250
v -0.02288141 0.28330758 0.08606447
v -0.02177096 0.27964932 0.08750143
v -0.01824912 0.28320289 0.08884384
v -0.02392897 0.28688601 0.08402114
v -0.01585057 0.27959886 0.09596703
v -0.01683972 0.27635404 0.09915394
v -0.01302307 0.28259867 0.10023850
v -0.01103181 0.28473547 0.10342699
v -0.01029323 0.28849283 0.10011338
v -0.02025416 0.29170293 0.08337808
v -0.02515088 0.28961775 0.08240237
v -0.02542130 0.27609128 0.08711994
v -0.03005050 0.27266315 0.08692396
v -0.02763644 0.28080234 0.08544029
v -0.03207124 0.27797893 0.08517052
v -0.02872792 0.28472993 0.08350158
v -0.03341489 0.28214917 0.08306167
v -0.03429048 0.26896182 0.08658060
v -0.03787951 0.26482761 0.08562146
v -0.04114755 0.25964454 0.08400822
v -0.04094750 0.27026400 0.08364981
v -0.04476760 0.26467887 0.08181407
v -0.04293510 0.27564308 0.08130009
v -0.04747023 0.27059317 0.07927485
v -0.03686598 0.27447554 0.08468164
v -0.03848821 0.27908471 0.08232930
v -0.03453943 0.28613600 0.08096435
v -0.02995054 0.28810877 0.08164185
v -0.04392010 0.28732014 0.07691470
v -0.04386391 0.28157449 0.07903448
v -0.03926232 0.28395838 0.08006844
v -0.03969011 0.28868443 0.07809687
v -0.04903363 0.27776816 0.07675579
v -0.04862504 0.28568503 0.07500316
v -0.04764243 0.29084921 0.07342207
v -0.03342621 0.29733929 0.07769071
v -0.02845857 0.29793420 0.07841685
v -0.03711888 0.29709113 0.07655299
v -0.04351297 0.29152519 0.07543030
v -0.03994796 0.29219022 0.07686882
v -0.05155013 0.29902714 0.06618565
v -0.04927668 0.29800400 0.06885424
v -0.04352079 0.29710445 0.07362812
v -0.04057762 0.29701692 0.07524953
v -0.04657448 0.29745129 0.07146458
v -0.02380282 0.29960692 0.07833649
v -0.01905936 0.30153880 0.07810927
v -0.05612074 0.22578011 -0.03177696
v -0.00989183 0.29202637 0.09756195
v -0.00982952 0.29505351 0.09490108
v -0.01532171 0.31911319 0.07976398
v -0.01326808 0.31584510 0.07870517
v -0.00695960 0.31632400 0.08544470
v -0.01951824 0.32348847 0.08210786
v -0.01568608 0.30390403 0.07795349
v -0.01366107 0.30636382 0.07784220
v -0.01248755 0.30914202 0.07782646
v -0.01223516 0.31246501 0.07811838
v -0.03091974 0.33926407 0.08152952
v -0.02739452 0.33237231 0.08402997
v -0.06002305 0.35383868 0.04389431
v -0.06365576 0.34490907 0.04070570
v -0.05210535 0.33364859 0.06614659
v -0.05526121 0.32894719 0.06364264
v -0.05728754 0.32364917 0.06142192
v -0.06516642 0.33280593 0.03902352
v -0.06622963 0.31984669 0.03955580
v -0.06732886 0.30770907 0.04141425
v -0.05033630 0.38585776 0.03217042
v -0.05010584 0.39156872 0.02437375
v -0.04993951 0.37957835 0.04012065
v -0.04031061 0.40505964 0.01418019
v -0.04067074 0.40092072 0.02362168
v -0.04944050 0.39657560 0.01646098
v -0.04136179 0.39583695 0.03196527
v -0.04174591 0.38994402 0.03959531
v -0.04124663 0.38353923 0.04745360
v -0.04028712 0.37666422 0.05511093
v -0.03849056 0.36811090 0.06331655
v -0.04505227 0.22742042 -0.04939842
v -0.00797313 0.28008243 0.09648696
v -0.00726392 0.28025490 0.09721667
v -0.00687469 0.27970305 0.09591857
v -0.00616522 0.27984586 0.09662287
v -0.00593108 0.27845767 0.09620231
v -0.00711933 0.27108890 0.09892794
v -0.00562533 0.27296567 0.09758314
v -0.00527160 0.27644134 0.09641770
v -0.07062739 0.25625071 0.00219844
v -0.05600244 0.19084597 -0.02597172
v -0.05225386 0.19520840 -0.03855441
v 0.05599992 0.19085070 -0.02597171
v 0.05225016 0.19521305 -0.03855458
v 0.02115799 0.15799552 0.02822939
v 0.03241520 0.16198970 0.02226385
v 0.03346537 0.15400335 0.02095168
v 0.02194374 0.15041912 0.02654921
v 0.05830394 0.17303021 -0.03040505
v 0.05673296 0.18116939 -0.02560499
v 0.05357942 0.18603733 -0.04061902
v 0.05633636 0.17777623 -0.04582663
v 0.04695008 0.18908553 -0.05393929
v 0.05026586 0.18018974 -0.05912489
v 0.03985316 0.18066779 -0.06919625
v 0.03761251 0.19112922 -0.06428185
v 0.02616315 0.19116794 -0.07214822
v 0.02824508 0.17988098 -0.07614327
v 0.04340626 0.16689368 0.01366164
v 0.05207724 0.17208654 0.00198247
v 0.05188649 0.16274741 0.00163823
v 0.04337008 0.15873055 0.01288473
v 0.05664210 0.17741899 -0.01133547
v 0.05747961 0.16819555 -0.01359886
v 0.01464655 0.18070076 -0.08044516
v 0.01326825 0.19364817 -0.07618160
v 0.02427641 0.13248569 0.02515888
v 0.01184965 0.13015752 0.02768902
v 0.01145879 0.13925634 0.02798066
v 0.02340602 0.14143129 0.02529008
v 0.05506434 0.13277519 0.00507158
v 0.06958138 0.14023222 -0.00994787
v 0.07564539 0.13189878 -0.00478928
v 0.06045222 0.12353230 0.01015592
v 0.07097801 0.10230722 0.02877818
v 0.09471781 0.11108813 0.01216568
v 0.09210846 0.08993009 0.03257421
v 0.07257093 0.08431879 0.04050013
v 0.09039398 0.07148319 0.04850512
v 0.07274766 0.06688824 0.05338261
v 0.08566093 0.02051929 0.08692767
v 0.06879478 0.01934519 0.09110585
v 0.07007889 0.03525174 0.07908384
v 0.08708917 0.03681592 0.07466160
v 0.10055942 -0.07872335 0.11739356
v 0.08692466 -0.07419847 0.12366980
v 0.09467421 -0.05780371 0.12493893
v 0.10694589 -0.06006383 0.12033269
v 0.15291239 0.04305285 0.04470824
v 0.15434949 0.06163936 0.03598878
v 0.16622722 0.05007380 0.03540593
v 0.16312891 0.03129552 0.04161820
v 0.10981249 0.14469005 -0.03784450
v 0.10442802 0.13121402 -0.01359312
v 0.09335867 0.13511847 -0.01904178
v 0.09855677 0.14789097 -0.04049312
v 0.15199403 -0.04695911 0.06693367
v 0.14732189 -0.06002304 0.07601343
v 0.14347200 -0.04953653 0.08435120
v 0.14685479 -0.03691721 0.07657816
v 0.11959304 -0.15578057 0.06945638
v 0.10483517 -0.15694676 0.08710047
v 0.10481943 -0.13745891 0.08586848
v 0.11886150 -0.13632610 0.06919830
v 0.15334120 -0.11505085 0.00059437
v 0.15397020 -0.11574707 -0.02628318
v 0.15113309 -0.13121317 -0.02650573
v 0.15086176 -0.13154960 0.00022840
v 0.11496098 0.02020830 0.07646987
v 0.10114016 0.02080208 0.08189848
v 0.10297566 0.03735742 0.06996195
v 0.11723559 0.03720105 0.06509180
v 0.33488533 0.06025657 -0.00598789
v 0.33680534 0.04272705 -0.00472569
v 0.31246799 0.04622720 -0.00330925
v 0.31048998 0.06368386 -0.00472034
v 0.15287742 -0.22486709 0.01200040
v 0.15216054 -0.22099607 -0.01412785
v 0.15556988 -0.23895754 -0.01213885
v 0.15522051 -0.24327205 0.01459314
v 0.19045764 0.11230501 0.00528772
v 0.19124073 0.12996855 -0.01565395
v 0.20240311 0.12503301 -0.01478770
v 0.20330998 0.10605418 0.00421723
v 0.14685860 0.01217168 0.05984396
v 0.15023296 0.02727940 0.05270793
v 0.15874995 0.01693059 0.04728596
v 0.15475446 0.00412450 0.05296167
v 0.16298555 -0.08604573 -0.03041034
v 0.16304339 -0.08471950 -0.00735819
v 0.16631731 -0.06814101 -0.01311601
v 0.16673712 -0.06966604 -0.03387998
v 0.15908875 -0.10072147 -0.00268030
v 0.15900108 -0.10192053 -0.02788186
v 0.13774717 0.01661652 0.06542753
v 0.12714158 0.01884911 0.07097325
v 0.12958142 0.03645205 0.06049860
v 0.14012210 0.03445127 0.05644500
v 0.09394369 -0.09451037 0.10985637
v 0.07792208 -0.08898259 0.11817973
v 0.14819896 -0.24842030 0.04037917
v 0.13596129 -0.25397855 0.06292244
v 0.13585871 -0.23423032 0.06042550
v 0.14722699 -0.22940995 0.03771903
v 0.08830613 -0.12025493 0.09692474
v 0.08933363 -0.10687268 0.10124238
v 0.10452785 -0.10821863 0.09122423
v 0.10349552 -0.12089019 0.08482338
v 0.12000499 -0.25890377 0.08230829
v 0.10231701 -0.26355043 0.10015325
v 0.10223720 -0.24214807 0.09715141
v 0.12009285 -0.23865388 0.07980907
v 0.08868638 0.05388148 0.06224598
v 0.07163782 0.05080697 0.06654574
v 0.12385087 -0.07913667 0.10130014
v 0.11304358 -0.07991714 0.10986891
v 0.11842591 -0.06101443 0.11322220
v 0.12782855 -0.06093150 0.10460362
v 0.17091170 0.01621532 0.03429273
v 0.18016367 0.03392878 0.02897279
v 0.18069419 0.01042082 0.01598156
v 0.17221202 0.00092222 0.02164660
v 0.15857515 -0.25608298 -0.01018398
v 0.15749523 -0.26096690 0.01673019
v 0.12072992 -0.27937031 0.08415993
v 0.10284475 -0.28493115 0.10193987
v 0.19656695 -0.00904427 -0.03764463
v 0.20546854 -0.00117467 -0.04146808
v 0.20768163 -0.00394092 -0.05380255
v 0.19964719 -0.01088438 -0.05138952
v 0.05411234 -0.05518516 0.12791613
v 0.06959591 -0.04594475 0.12806869
v 0.07551377 -0.06324477 0.12809119
v 0.06288404 -0.07626522 0.12506488
v 0.12025458 -0.09517298 0.09209292
v 0.11804458 -0.10720693 0.08098137
v 0.10800320 -0.09607663 0.10114595
v 0.03800876 -0.06534430 0.12389588
v 0.04831921 -0.09146964 0.11815682
v 0.05353354 0.04699855 0.07048173
v 0.05228472 0.03244586 0.08257182
v 0.05392932 0.06266369 0.05907393
v 0.03508392 0.05867233 0.06407470
v 0.03389273 0.07469636 0.05348289
v 0.05278254 0.07884931 0.04793705
v 0.03165428 0.09091506 0.04477742
v 0.05034511 0.09555663 0.03850396
v 0.03918691 0.12633176 0.01700607
v 0.04292769 0.11764891 0.02206621
v 0.16460355 0.00432187 0.03891144
v 0.16020215 -0.00664461 0.04364576
v 0.13700481 -0.27342984 0.06472609
v 0.11635085 0.07154302 -0.12743205
v 0.11319578 0.05403146 -0.13237792
v 0.13055013 0.05728768 -0.12378368
v 0.13348594 0.07431441 -0.11884766
v 0.11959235 0.14530191 -0.03621113
v 0.11734017 0.13232937 -0.01125758
v 0.17345434 -0.00726256 -0.09425754
v 0.18452680 -0.00218507 -0.09045853
v 0.18354820 0.00610001 -0.09467474
v 0.17144164 0.00187509 -0.09904114
v 0.20952846 0.00593432 -0.07865276
v 0.20955856 -0.00013553 -0.07256665
v 0.22770612 0.00674441 -0.07566634
v 0.22665630 0.01331427 -0.08243266
v 0.14957099 -0.23528667 -0.03687507
v 0.14521888 -0.21747801 -0.03893899
v 0.12945631 -0.10217733 -0.09370056
v 0.00000089 0.17179048 -0.08773288
v -0.00000026 0.18335399 -0.08204843
v 0.14119661 -0.10964460 -0.07350475
v 0.14845605 -0.09375448 -0.07279938
v 0.13838865 -0.08579077 -0.09129572
v 0.01760951 0.04539870 -0.12960066
v 0.01743321 0.02944808 -0.13148713
v 0.03628429 0.03341975 -0.13596553
v 0.03642377 0.04944621 -0.13368705
v 0.07750346 0.07804544 -0.13310064
v 0.07889947 0.09370261 -0.12809058
v 0.05620129 0.08602605 -0.12950236
v 0.05590367 0.07108890 -0.13353808
v 0.09660695 0.06697599 -0.13409340
v 0.09409553 0.04930583 -0.13835560
v 0.16520652 -0.06809221 -0.05345225
v 0.15984601 -0.08343204 -0.05188280
v 0.17695318 -0.03680016 -0.04344848
v 0.17650156 -0.03618499 -0.05918332
v 0.17289761 -0.04467247 -0.05765449
v 0.17378342 -0.04504705 -0.04088812
v 0.08985781 0.15278929 -0.04399084
v 0.08659990 0.15810160 -0.06481601
v 0.09722093 0.15428877 -0.06295475
v 0.05121894 0.13629381 -0.10580620
v 0.05134657 0.12967572 -0.11021025
v 0.06471806 0.13539360 -0.10562614
v 0.06134688 0.14085983 -0.10143629
v 0.03977503 -0.03608192 -0.13957949
v 0.01911992 -0.03625609 -0.13740456
v 0.01963207 -0.05813257 -0.13503703
v 0.04173671 -0.05939496 -0.13674012
v 0.18670961 -0.01495335 -0.07972106
v 0.17748931 -0.02135145 -0.08163710
v 0.17970613 -0.02629611 -0.07244506
v 0.18763256 -0.01991969 -0.07183660
v 0.16993642 -0.04154757 -0.07162499
v 0.17414813 -0.03314967 -0.07211687
v 0.17085046 -0.02811894 -0.08269775
v 0.16551571 -0.03619029 -0.08362658
v 0.14679621 -0.07067443 -0.08807107
v 0.15460740 -0.07769532 -0.07104455
v 0.16142283 -0.06341892 -0.07076047
v 0.15527356 -0.05710019 -0.08652569
v 0.01823427 -0.12959769 -0.11871651
v 0.03724127 -0.13241751 -0.12110294
v 0.03840624 -0.10844743 -0.12675117
v 0.01849533 -0.10661761 -0.12587965
v 0.21910483 0.01720569 -0.02068272
v 0.21890169 0.02563942 -0.00702839
v 0.23289508 0.02586163 -0.01054596
v 0.23595479 0.01727561 -0.02481412
v 0.24163167 0.04894496 -0.09988996
v 0.23118940 0.04315409 -0.09899117
v 0.23289648 0.03601711 -0.09727883
v 0.24303448 0.04236951 -0.09904718
v 0.25904486 0.00824174 -0.04072613
v 0.25408164 0.01546420 -0.02756977
v 0.27501926 0.01308189 -0.02986734
v 0.27916059 0.00595214 -0.04368131
v 0.13107440 0.14439295 -0.06422023
v 0.13024475 0.14544292 -0.03515087
v 0.12117802 0.14801167 -0.06344476
v 0.26193881 0.00225330 -0.06478888
v 0.26077521 0.00550962 -0.07573193
v 0.24391903 0.00437826 -0.07125033
v 0.24462621 0.00276178 -0.06061604
v 0.30928662 0.08014728 -0.01461332
v 0.33346725 0.07675072 -0.01561160
v 0.30282995 0.00202755 -0.05865866
v 0.30373800 0.00390272 -0.07139566
v 0.28251094 0.00253769 -0.06848625
v 0.28223255 0.00180503 -0.05647198
v 0.12147341 -0.11820892 -0.09336501
v 0.13496219 -0.12506524 -0.07393256
v 0.12195838 -0.23055652 -0.07611917
v 0.13786562 -0.23249009 -0.05864183
v 0.13244495 -0.21390447 -0.06071156
v 0.11666383 -0.21120946 -0.07804214
v 0.15273859 -0.25265285 -0.03558872
v 0.12533933 -0.24928018 -0.07456177
v 0.14112441 -0.25037381 -0.05723379
v 0.06879608 0.16549382 -0.06035627
v 0.05700891 0.16581450 -0.07563900
v 0.06579060 0.16002345 -0.07943390
v 0.07690492 0.16162714 -0.06505103
v 0.17737228 -0.36604038 -0.03872332
v 0.17743929 -0.39449054 -0.04370786
v 0.18375553 -0.39640111 -0.01285099
v 0.18160957 -0.36917815 -0.00810458
v 0.03557414 0.15001723 -0.09728190
v 0.05156244 0.15599273 -0.08910166
v 0.04285100 0.16236943 -0.08524692
v 0.02986997 0.15821461 -0.09228448
v 0.17850946 -0.34417397 -0.00706420
v 0.17523271 -0.33929616 -0.03631257
v 0.08035738 0.15661532 -0.04400560
v 0.07119922 0.16037044 -0.04030688
v 0.07700317 0.14833552 -0.02601388
v 0.06833535 0.15287869 -0.02305390
v 0.06095723 0.14656505 -0.00689560
v 0.18378367 -0.40332311 0.01690122
v 0.17968200 -0.37682754 0.01921494
v 0.05524036 0.17259449 -0.06581773
v 0.04331859 0.17163764 -0.07623333
v 0.02844882 0.16906269 -0.08434734
v 0.01293759 0.16871281 -0.08816286
v 0.15669037 -0.26973727 -0.03514977
v 0.16152856 -0.27337992 -0.00885060
v 0.12265363 -0.50134397 -0.11444420
v 0.09502994 -0.50447267 -0.12303792
v 0.09259824 -0.51867032 -0.11254431
v 0.12498180 -0.51738644 -0.10406866
v 0.02696328 -0.49162954 -0.12553045
v 0.02326875 -0.50486755 -0.10915358
v 0.05779401 -0.51412189 -0.11354169
v 0.06246743 -0.50084984 -0.12665521
v 0.06366670 -0.37049863 -0.14735252
v 0.06424256 -0.34810829 -0.13936387
v 0.03438083 -0.34849089 -0.14071667
v 0.03360782 -0.37097198 -0.14799066
v 0.13034104 -0.26685739 -0.07593161
v 0.14573243 -0.26766023 -0.05777983
v 0.15913716 -0.27847958 0.01827087
v 0.18817469 -0.53584802 -0.01438734
v 0.18237701 -0.57133597 -0.01673847
v 0.17897488 -0.57801878 0.02173096
v 0.18307987 -0.54219878 0.02645249
v 0.14859188 -0.56520802 -0.07684810
v 0.15338843 -0.53591561 -0.08006075
v 0.12164743 -0.53826064 -0.09703386
v 0.11729573 -0.56344140 -0.09222079
v 0.08408312 -0.28997588 0.11815327
v 0.10262164 -0.30585265 0.10117543
v 0.08344609 -0.31175482 0.11666363
v 0.02386582 -0.30072913 0.14298321
v 0.04572158 -0.29775131 0.13879801
v 0.04295856 -0.32002106 0.13682987
v 0.02176158 -0.32279795 0.14073777
v 0.02659562 -0.43476456 0.11268497
v 0.01210049 -0.43461788 0.11463761
v 0.01443627 -0.41186345 0.11884606
v 0.03162540 -0.41068313 0.11673644
v 0.17038016 -0.38535702 0.04526468
v 0.15335543 -0.39367017 0.06725035
v 0.14904200 -0.37153348 0.06599230
v 0.16515705 -0.36258546 0.04481671
v 0.02040928 -0.51486367 -0.08899112
v 0.05167526 -0.52542835 -0.09764137
v 0.16327424 -0.58344287 0.05764442
v 0.16520330 -0.54751509 0.06266844
v 0.13594642 -0.58786732 0.08330365
v 0.10277815 -0.58726126 0.09381256
v 0.10539187 -0.55585486 0.09721925
v 0.13841321 -0.55309004 0.08670050
v 0.02821511 -0.50702143 0.08188036
v 0.01230439 -0.52121073 0.05709421
v 0.01111169 -0.51624733 0.06327131
v 0.02364577 -0.49654028 0.08929981
v 0.02922604 -0.47700983 -0.13716674
v 0.06273137 -0.48428103 -0.13778473
v 0.06209895 -0.46529561 -0.14596061
v 0.03002527 -0.46013069 -0.14547040
v 0.10685203 -0.24886952 -0.08706067
v 0.11174883 -0.26726121 -0.08970451
v 0.08734868 -0.24872406 -0.09518553
v 0.10370165 -0.22911035 -0.08845968
v 0.08394506 -0.22807565 -0.09593777
v 0.08508137 -0.09956109 -0.12046067
v 0.10459679 -0.10986641 -0.10893025
v 0.11343732 -0.09315885 -0.11053167
v 0.09444509 -0.08053347 -0.12323266
v 0.05555402 0.03860036 -0.13943122
v 0.05573976 0.05523560 -0.13695958
v 0.08055922 -0.55589205 -0.09712189
v 0.04094584 -0.54005527 -0.08564534
v 0.04854427 -0.57891661 -0.08599614
v 0.08317762 -0.58585894 -0.09349594
v 0.16520049 -0.59850359 -0.05183607
v 0.17194772 -0.56633604 -0.05144512
v 0.14390971 -0.59509522 -0.07542798
v 0.17584945 -0.60488856 -0.01878709
v 0.17404217 -0.61190337 0.01905631
v 0.13227022 -0.62094945 0.07972749
v 0.09926708 -0.61931562 0.08893504
v 0.02009594 -0.57955921 0.05277557
v 0.04122783 -0.58282578 0.07291903
v 0.03885576 -0.60875249 0.06502266
v 0.01925629 -0.60291922 0.04294813
v 0.06712059 -0.43978107 0.10443953
v 0.10223944 -0.41967237 0.09540882
v 0.10462490 -0.44404027 0.09593253
v 0.07504626 -0.46373820 0.10048375
v 0.02914733 -0.27797246 0.14265096
v 0.04694547 -0.27434272 0.13868719
v 0.06479006 -0.29435807 0.13089436
v 0.06496836 -0.27090058 0.13055894
v 0.08384509 -0.26746520 0.11707187
v 0.04688259 -0.17851336 0.13225640
v 0.06859390 -0.17860669 0.12186808
v 0.06633213 -0.20077589 0.12497143
v 0.04522491 -0.20136689 0.13540062
v 0.04868633 -0.15552399 0.12794752
v 0.07071292 -0.15607217 0.11816649
v 0.04857898 -0.11251854 0.11365532
v 0.07075759 -0.10224223 0.11061724
v 0.07003646 -0.11709803 0.10691234
v 0.03504607 0.04290194 0.07439423
v 0.03441279 0.02795269 0.08481836
v 0.17549834 -0.41060886 0.04488936
v 0.01327313 -0.54762095 -0.05769455
v 0.00259928 -0.55786306 -0.02829375
v 0.00622684 -0.58378714 -0.03809509
v 0.02097439 -0.57870007 -0.06564084
v 0.17495191 -0.35301217 0.02021948
v 0.14976035 -0.26704857 0.04235501
v 0.15058170 -0.28511965 0.04337570
v 0.14350219 -0.13097338 0.02701073
v 0.14543739 -0.11071287 0.03225482
v 0.08370084 -0.04059272 0.12542169
v 0.08488359 -0.05357666 0.12722607
v 0.17807046 -0.53276956 -0.05145865
v 0.12165893 -0.68084568 0.06927688
v 0.08947631 -0.67967659 0.07589798
v 0.09497612 -0.65013868 0.08281289
v 0.12720229 -0.65192121 0.07481224
v 0.01014681 -0.62459528 0.00751754
v 0.01973215 -0.62974632 0.03259475
v 0.02172120 -0.65846568 0.02274772
v 0.01444583 -0.65377325 -0.00246571
v 0.01844730 -0.68333334 -0.01030663
v 0.02324782 -0.68889123 0.01540302
v 0.02374492 -0.71771955 0.00605098
v 0.02070020 -0.71220642 -0.01826428
v 0.15839389 -0.61854631 0.05427834
v 0.16112481 -0.67386144 0.01659619
v 0.14749599 -0.67925447 0.04739482
v 0.15307978 -0.64999360 0.05099982
v 0.16730255 -0.64397937 0.01796246
v 0.11610477 -0.59184611 -0.08943456
v 0.00729470 -0.59773338 0.01829561
v 0.00651944 -0.57583052 0.02917293
v 0.02117458 -0.64753139 -0.05203372
v 0.03661376 -0.64594817 -0.07430191
v 0.02867778 -0.61349332 -0.07073414
v 0.01317488 -0.61561018 -0.04568595
v 0.14052603 -0.65297526 -0.07225817
v 0.15696681 -0.65833366 -0.04841414
v 0.16080116 -0.62902099 -0.04976660
v 0.14210691 -0.62435865 -0.07365202
v 0.16337737 -0.66580987 -0.01727352
v 0.16940475 -0.63607931 -0.01742972
v 0.14972591 -0.73097920 0.01394089
v 0.13435887 -0.73563766 0.04070064
v 0.14123599 -0.70793617 0.04408341
v 0.15530777 -0.70286202 0.01515085
v 0.15389997 -0.72273356 -0.01812377
v 0.15838949 -0.69435883 -0.01773446
v 0.15378281 -0.68652409 -0.04752343
v 0.15047316 -0.71466309 -0.04613381
v 0.13641393 -0.70826536 -0.06773473
v 0.13879311 -0.68060589 -0.07041725
v 0.11728822 -0.67715704 -0.08587368
v 0.11727088 -0.70417601 -0.08298423
v 0.09234193 -0.67494380 -0.09177359
v 0.06633808 -0.67429113 -0.08799369
v 0.07136612 -0.70136869 -0.08653862
v 0.09507806 -0.70199895 -0.08880918
v 0.03338394 -0.70498157 -0.06159301
v 0.04970095 -0.70266068 -0.07778118
v 0.04358233 -0.67529666 -0.07628881
v 0.02806222 -0.67725295 -0.05682877
v 0.05316428 -0.81242228 -0.07784287
v 0.07155184 -0.80972540 -0.08136395
v 0.06551345 -0.78207904 -0.08125804
v 0.04636963 -0.78462452 -0.07585049
v 0.08892980 -0.80766571 -0.08617333
v 0.10754663 -0.80769080 -0.08598340
v 0.10264250 -0.78095031 -0.08353914
v 0.08438803 -0.78110105 -0.08326154
v 0.13328959 -0.78738105 -0.06076777
v 0.11985736 -0.78268415 -0.07670362
v 0.12447672 -0.80944258 -0.07824037
v 0.13650326 -0.81402069 -0.06175444
v 0.14788863 -0.82027483 -0.04184719
v 0.14719507 -0.79404676 -0.04197887
v 0.14556432 -0.82705420 -0.01893193
v 0.14848191 -0.80154783 -0.01860726
v 0.13464266 -0.80844003 0.00771666
v 0.13275276 -0.83280867 0.00643507
v 0.02913832 -0.82683486 -0.03082424
v 0.02903377 -0.82063967 -0.05142974
v 0.02330522 -0.79330575 -0.04456903
v 0.02582528 -0.79972732 -0.02421152
v 0.05161525 -0.80933142 0.01724774
v 0.06902942 -0.81205100 0.04011951
v 0.06794363 -0.83737159 0.02918721
v 0.05304023 -0.83549696 0.00593490
v 0.15067010 -0.74946916 -0.01847087
v 0.14439493 -0.75791460 0.01244363
v 0.13398637 -0.73510671 -0.06474382
v 0.14785098 -0.74166560 -0.04444866
v 0.03770275 -0.73151475 -0.06660102
v 0.05519405 -0.72899711 -0.07924632
v 0.02387769 -0.74562705 -0.00405190
v 0.02123224 -0.73978031 -0.02695350
v 0.10285883 -0.76282501 0.05364237
v 0.12783004 -0.76220953 0.03829147
v 0.12272920 -0.78794134 0.03634889
v 0.09869273 -0.78888142 0.05127457
v 0.14890125 -0.77591342 -0.01873196
v 0.14669240 -0.76785922 -0.04308794
v 0.13267864 -0.76119244 -0.06211923
v 0.11786374 -0.75672245 -0.07748591
v 0.09971509 -0.75485563 -0.08366999
v 0.08038542 -0.75447154 -0.08314381
v 0.06033214 -0.75527138 -0.08043592
v 0.04180765 -0.75763386 -0.07151774
v 0.02196390 -0.76658785 -0.03606454
v 0.02499888 -0.77288818 -0.01478322
v 0.09491470 -0.81400687 0.04706659
v 0.12005407 -0.81261110 0.03277516
v 0.11962868 -0.83594382 0.02752284
v 0.09265488 -0.83709228 0.03732435
v 0.09223264 -0.85879892 0.02628176
v 0.07062329 -0.85858589 0.01764870
v 0.09439033 -0.83572125 -0.08934642
v 0.11200795 -0.83544713 -0.08759497
v 0.12816124 -0.83721256 -0.07947990
v 0.14932519 -0.84606087 -0.04370344
v 0.14345044 -0.85336745 -0.01735033
v 0.13014005 -0.85858887 0.00564456
v 0.11533096 -0.85777342 0.02170938
v 0.04388791 -0.87562317 -0.05791778
v 0.03746607 -0.84735423 -0.05422947
v 0.03619200 -0.85178852 -0.03561204
v 0.04310991 -0.87964791 -0.03930171
v 0.06336254 -0.86958551 -0.08519559
v 0.07974468 -0.86641496 -0.09495753
v 0.07693707 -0.83771044 -0.08355858
v 0.06135599 -0.84118497 -0.07649042
v 0.09877360 -0.86457992 -0.09831949
v 0.11788502 -0.86429513 -0.09439960
v 0.13528492 -0.86495900 -0.08533065
v 0.14204015 -0.84034204 -0.06486613
v 0.14845523 -0.86792940 -0.06852529
v 0.15094838 -0.87393373 -0.04406651
v 0.14389762 -0.88120693 -0.01274261
v 0.12556253 -0.91707373 0.00525285
v 0.12225978 -0.88704538 0.00741058
v 0.14709364 -0.91086805 -0.01291903
v 0.10013311 -1.01577270 -0.00716288
v 0.12507775 -1.01333177 -0.00729009
v 0.12158255 -1.04813731 -0.01354647
v 0.09954207 -1.05082405 -0.01313258
v 0.04591890 -0.90887308 -0.04332723
v 0.04511686 -0.90642375 -0.06456111
v 0.06312943 -0.90064192 -0.09507080
v 0.08161341 -0.89729851 -0.10478616
v 0.16014403 -0.93474764 -0.04798152
v 0.15617815 -0.90353352 -0.04374207
v 0.15388153 -0.89760530 -0.07099485
v 0.15716718 -0.92959380 -0.07543757
v 0.04548584 -1.00731623 -0.05489644
v 0.04497901 -1.00545037 -0.07580797
v 0.04217260 -0.97169942 -0.07420038
v 0.04300465 -0.97366589 -0.05135461
v 0.06175644 -0.93352157 -0.10173222
v 0.06172436 -0.96723229 -0.10582964
v 0.08033607 -0.96414626 -0.11558564
v 0.08065127 -0.93017375 -0.11195078
v 0.15626062 -1.00422466 -0.05372861
v 0.16023777 -0.96836591 -0.05139912
v 0.15784088 -0.96420556 -0.07827918
v 0.15442286 -1.00102496 -0.07929479
v 0.15039125 -0.94133890 -0.01757448
v 0.14993075 -0.97363532 -0.02246998
v 0.12791432 -0.97961408 -0.00251954
v 0.12676705 -0.94719636 0.00244975
v 0.10067669 -0.98149282 -0.00162288
v 0.09886070 -0.94923991 0.00252999
v -0.00000090 -0.51103091 0.07063085
v -0.00000140 -0.52141273 0.04768028
v -0.00000140 -0.52095282 0.02944492
v 0.05833001 -1.07938600 -0.07456572
v 0.05206599 -1.04153109 -0.07519031
v 0.05175932 -1.04440486 -0.05602112
v 0.05845218 -1.08291674 -0.05748984
v 0.08283049 -1.00003600 -0.11445782
v 0.06459372 -1.00183964 -0.10591368
v 0.06959217 -1.03865337 -0.10161087
v 0.08574682 -1.03744102 -0.10956269
v 0.14387752 -1.08157182 -0.05685142
v 0.15051574 -1.04209268 -0.05546579
v 0.14837348 -1.03999329 -0.07883222
v 0.14089367 -1.07938945 -0.07850184
v 0.11872027 -1.08613396 -0.02032714
v 0.14226639 -1.04466867 -0.02932750
v 0.13704371 -1.08389080 -0.03465114
v 0.11410383 -1.12384832 -0.02405322
v 0.09648681 -1.12589419 -0.02319506
v 0.09824172 -1.08825731 -0.01929141
v 0.06419003 -1.11925876 -0.05815182
v 0.06257446 -1.11650038 -0.07372674
v 0.08613591 -1.11166167 -0.10244519
v 0.08706289 -1.07504296 -0.10507303
v 0.07250904 -1.07661939 -0.09759774
v 0.07309625 -1.11360621 -0.09503421
v 0.12056188 -1.07739747 -0.10274262
v 0.10395267 -1.07548130 -0.10687204
v 0.10220485 -1.11178136 -0.10384578
v 0.11741944 -1.11386132 -0.09920279
v 0.13329226 -1.11526549 -0.07705194
v 0.13310543 -1.07832527 -0.09317046
v 0.12684070 -1.11462152 -0.09001800
v 0.13708548 -1.11712193 -0.05697209
v 0.13135764 -1.12066376 -0.03644470
v 0.00370585 -0.52348250 -0.03248709
v 0.00053242 -0.53473294 -0.00329213
v 0.00200352 -0.54238081 -0.01572827
v 0.00945801 -0.52887636 -0.04485714
v 0.03804105 -0.63681364 0.05723351
v 0.03682955 -0.66688520 0.04815133
v 0.03491607 -0.72460043 0.02992930
v 0.03652736 -0.69670051 0.03995295
v 0.03503611 -0.75219077 0.01873232
v 0.03582282 -0.77936012 0.00737101
v 0.03632304 -0.80618972 -0.00401890
v 0.03853505 -0.83194143 -0.01294795
v 0.04431764 -0.85719395 -0.01775977
v 0.05045434 -0.88430822 -0.01930392
v 0.05461240 -0.94256800 -0.02639907
v 0.04422653 -0.94068152 -0.04743648
v 0.05466159 -0.91228789 -0.02283981
v 0.05588080 -1.01036537 -0.03259586
v 0.05407681 -0.97555691 -0.02942166
v 0.06068994 -1.04822469 -0.03641384
v 0.06622509 -1.08669841 -0.04066456
v 0.07153763 -1.12260723 -0.04272584
v 0.07563251 -0.53121525 0.09645237
v 0.04721262 -0.53776538 0.08543441
v 0.05012053 -0.51954162 0.09018280
v 0.07763021 -0.50749260 0.09816512
v 0.00605674 -0.52409464 0.03778451
v 0.00238980 -0.52287149 0.02151822
v 0.00274885 -0.52078921 0.02652358
v 0.00613764 -0.52116561 0.04305226
v 0.13930459 -0.78325331 0.01041132
v 0.11716213 -0.73070228 -0.07970659
v 0.09739459 -0.72850585 -0.08550593
v 0.07609548 -0.72785336 -0.08460736
v -0.00000108 -0.51684296 0.01262462
v 0.05153294 -0.75773585 0.04069161
v 0.07471433 -0.76113749 0.05412892
v 0.07129886 -0.78708804 0.04792740
v 0.04945597 -0.78448564 0.03083649
v 0.09585606 -0.92192769 0.00514422
v 0.07457470 -0.94660193 -0.00966578
v 0.07250667 -0.91755813 -0.00532268
v 0.09454925 -0.89713687 0.00971388
v 0.12415957 -0.89387643 -0.10255793
v 0.14189821 -0.89445597 -0.09114520
v 0.12660758 -0.92572016 -0.11019854
v 0.10323238 -0.89462721 -0.10687795
v 0.10381209 -0.92722327 -0.11489093
v 0.05723711 -0.70425940 0.05932717
v 0.08405069 -0.70795697 0.06826192
v 0.07927952 -0.73494411 0.06050484
v 0.05397967 -0.73105311 0.04990639
v 0.12626688 -0.19597878 -0.06315368
v 0.11117405 -0.19231491 -0.08005394
v 0.14169477 -0.08379854 0.07288165
v 0.14294618 -0.09604916 0.05572105
v 0.13102551 -0.10362107 0.06877110
v 0.13131443 -0.09157708 0.08252807
v 0.14961399 -0.07293230 0.06398123
v 0.15156926 -0.08490267 0.04630215
v 0.15525663 -0.05977035 0.05499468
v 0.00000275 0.12005820 -0.10992480
v 0.00000257 0.13213019 -0.10602277
v 0.15754580 -0.07152035 0.03790453
v 0.17312595 -0.00949206 0.00531558
v 0.17983980 -0.00260662 -0.00095423
v 0.04948023 -0.13324535 0.12193766
v 0.02534190 -0.13383609 0.12656890
v 0.02514260 -0.11367653 0.11866960
v 0.06340728 -0.31656775 0.12904730
v 0.04366235 -0.43673044 0.10943316
v 0.05140401 -0.40911976 0.11275837
v 0.07472837 -0.40491864 0.10604721
v 0.00783009 -0.49941301 0.08564367
v 0.05915818 -0.11274625 -0.12364833
v 0.05730079 -0.13669524 -0.11906254
v 0.03657708 0.06490836 -0.13068010
v 0.01763078 0.06068699 -0.12713383
v 0.03597589 0.09267008 -0.12372080
v 0.03523725 0.10492885 -0.11990718
v 0.01715639 0.10029044 -0.11809862
v 0.00000214 -0.18005212 0.13841906
v 0.00000185 -0.20215045 0.14151192
v 0.01755143 0.08806930 -0.12141392
v 0.01858511 0.14792183 -0.10003977
v 0.00000375 -0.11579735 0.11954384
v 0.00000365 -0.13602208 0.12700158
v 0.01567635 0.15860133 -0.09452806
v 0.00167594 -0.52614313 0.01656120
v 0.00013053 -0.52010280 -0.00608947
v 0.00039950 -0.51915312 0.00368479
v 0.02234740 -0.55941296 0.06143485
v 0.00781713 -0.55840808 0.03911268
v 0.00976438 -0.54525900 0.04712621
v 0.02488741 -0.54328126 0.06854911
v 0.18485621 -0.50627297 0.03212510
v 0.19135889 -0.49944556 -0.00814261
v 0.08695498 -0.53444010 -0.10299916
v 0.34981975 0.00578533 -0.07359903
v 0.35071307 0.01438898 -0.08404616
v 0.32686365 0.01267128 -0.08386233
v 0.32626545 0.00484146 -0.07283568
v 0.06302097 -0.03527049 -0.13965556
v 0.07099480 -0.06234898 -0.13353339
v 0.08472156 0.14235191 -0.02406309
v 0.15126042 0.14249253 -0.03066033
v 0.14864194 0.13287619 -0.00537340
v 0.13914078 0.13406153 -0.00855350
v 0.14069629 0.14427711 -0.03347844
v -0.00000070 -0.51191938 -0.00296667
v 0.14862749 0.09285624 -0.10491902
v 0.14955857 0.10989626 -0.09464398
v 0.13837475 0.11009571 -0.10135390
v 0.13626550 0.09186563 -0.11193418
v 0.03206865 -0.39485034 -0.15261091
v 0.06224083 -0.39456511 -0.15274990
v 0.03891397 -0.20202354 -0.10360827
v 0.05956528 -0.20481941 -0.10317168
v 0.05710566 -0.18313091 -0.10817491
v -0.00000031 -0.50745553 -0.05631004
v -0.00000011 -0.50279641 -0.06715076
v 0.03720732 -0.17960611 -0.10908545
v 0.09413193 -0.04901641 -0.13121054
v 0.10917665 -0.06510422 -0.12081847
v 0.03302424 -0.01916199 0.11457010
v 0.05034612 -0.01490016 0.11508781
v 0.05120594 -0.03346710 0.12369271
v 0.03409121 -0.03978323 0.12206149
v 0.29235178 0.04063585 -0.09783792
v 0.27281031 0.02977343 -0.09616517
v 0.27844164 0.01701994 -0.08952791
v 0.30019176 0.02165637 -0.09209348
v 0.18067536 -0.49316391 -0.05258904
v 0.15515366 -0.50921762 -0.08625472
v 0.14024028 -0.16436830 -0.04966572
v 0.12783876 -0.16044238 -0.07280438
v 0.12469640 -0.17880040 -0.06761958
v 0.13775304 -0.18261212 -0.04562577
v 0.14924586 -0.11390200 -0.05094858
v 0.14508873 -0.12927060 -0.05136284
v 0.15503471 -0.09929162 -0.05142434
v 0.20039549 -0.00985658 -0.06288676
v 0.20890772 -0.00394836 -0.06441609
v 0.20043162 -0.00602109 -0.07131471
v 0.04398444 -0.55871826 0.07993864
v 0.05005781 -0.48632509 0.09701549
v 0.04372322 -0.47184506 0.10195347
v 0.00136171 -0.51736063 0.01018412
v 0.06149332 0.15941520 -0.01871693
v 0.05546496 0.15436639 -0.00312847
v 0.24340996 0.00521822 -0.04919008
v 0.26177666 0.00357175 -0.05317034
v 0.18625736 -0.01986362 -0.03338974
v 0.18860137 -0.02306597 -0.04864693
v 0.18160160 -0.03003642 -0.04606799
v 0.17959003 -0.02667116 -0.02929676
v 0.18884605 -0.02271793 -0.06152312
v 0.18144351 -0.02955558 -0.06061639
v 0.13144815 0.05488102 0.04944417
v 0.13289677 0.07283581 0.03762101
v 0.14374621 0.06882817 0.03619380
v 0.14243767 0.05100535 0.04662023
v 0.11909061 0.05534435 0.05308499
v 0.10480073 0.05500003 0.05742711
v 0.10662478 0.07350779 0.04365871
v 0.12094829 0.07398859 0.04009914
v 0.06664346 0.11597291 0.01944723
v 0.08322942 0.12437726 0.00250833
v 0.04711845 0.10883286 0.03056885
v 0.02947786 0.10400396 0.03790142
v 0.01924348 0.13603775 -0.10560606
v 0.01800723 0.12343480 -0.11048317
v 0.03621199 0.12760031 -0.11065999
v 0.03913580 0.13918513 -0.10428384
v 0.04872961 0.14296919 0.00667298
v 0.03684641 0.13615298 0.01673090
v 0.02505970 0.12272334 0.02648056
v 0.30933738 0.09049307 -0.02877392
v 0.33285791 0.08638096 -0.02881370
v 0.06262279 0.17063402 -0.05156698
v 0.06402944 0.16525576 -0.03520694
v 0.30955455 0.09548442 -0.04571189
v 0.33353660 0.09084436 -0.04536423
v 0.12892248 0.13343641 -0.01008646
v 0.13720740 0.11430301 0.01014244
v 0.12675814 0.11340602 0.00986343
v 0.04539995 0.15125626 0.00991513
v 0.03523414 0.14502375 0.01868013
v 0.19024198 -0.46337983 0.00195468
v 0.18341871 -0.47064936 0.03762681
v 0.14542651 -0.21048377 0.03444160
v 0.14970610 -0.20672676 0.00900205
v 0.02377832 -0.17911655 0.13754873
v 0.02268467 -0.20237786 0.14083551
v 0.01075164 0.14825530 0.02991894
v 0.04500121 -0.24996510 0.13808216
v 0.02262663 -0.25434816 0.14203797
v 0.02243513 -0.22725612 0.14214382
v 0.04448701 -0.22514565 0.13734224
v 0.01334458 -0.29204103 0.14391176
v 0.01471033 -0.27981633 0.14306487
v 0.01043407 -0.45398232 0.11091889
v 0.02166429 -0.45471495 0.10955815
v 0.23390856 0.07695971 0.00495834
v 0.23067050 0.09673509 -0.00228817
v 0.24711406 0.09318606 -0.00652926
v 0.24968165 0.07454280 0.00162730
v 0.06463408 -0.24687912 0.12905343
v 0.08402771 -0.24456191 0.11444733
v 0.16841716 -0.01833029 0.00994380
v 0.16676410 -0.00866763 0.02626320
v 0.02427112 -0.09432755 0.11800082
v 0.06785020 -0.02828755 0.12273791
v 0.06748620 -0.01179044 0.11380785
v 0.08373743 -0.00992677 0.11040113
v 0.08346257 -0.02510309 0.11958250
v 0.00115465 -0.51558870 0.00028806
v 0.22390723 0.07361985 -0.09879886
v 0.23511291 0.07821658 -0.09708498
v 0.23163730 0.08816488 -0.09340156
v 0.22064176 0.08492652 -0.09547476
v 0.00123264 -0.55321908 0.01302462
v 0.00155090 -0.56871462 0.00171140
v 0.01669593 -0.51986265 -0.06737684
v 0.00474257 -0.51461011 -0.05203066
v 0.06619298 -0.61486286 0.08258185
v 0.06997709 -0.58504164 0.08902991
v 0.06311154 -0.64510620 0.07504231
v 0.06017447 -0.67509919 0.06744622
v 0.05834522 -0.85967338 -0.00088859
v 0.06881078 -0.88783175 0.00057109
v 0.07605265 -0.97916448 -0.01400632
v -0.00000035 -0.50243664 -0.08424206
v 0.07727863 -1.01375520 -0.01855627
v 0.07908498 -1.05043101 -0.02344176
v 0.08064461 -1.08890557 -0.02823547
v 0.08244597 -1.12532532 -0.03052596
v 0.33532992 0.08824186 -0.06224179
v 0.31040189 0.09326511 -0.06417517
v 0.31381610 0.08280964 -0.07936320
v 0.33908907 0.07977951 -0.07649317
v 0.30041510 0.00479396 -0.04544735
v 0.29711878 0.01162977 -0.03162560
v 0.31927177 0.00899301 -0.03266158
v 0.32172698 0.00343127 -0.04660759
v 0.34452379 0.00106138 -0.04768150
v 0.34735402 0.00094719 -0.06118805
v 0.32409602 0.00187953 -0.06024191
v 0.34933841 0.02711228 -0.09154973
v 0.34718826 0.04126947 -0.09448425
v 0.32173491 0.04122514 -0.09621967
v 0.32519680 0.02441700 -0.09204764
v 0.34197661 0.06807604 -0.08713295
v 0.31766957 0.06927619 -0.08977296
v 0.31995746 0.05530178 -0.09523463
v 0.34480181 0.05453992 -0.09308831
v 0.33846411 0.02697421 -0.01053474
v 0.34025827 0.01442677 -0.02061011
v 0.31671372 0.01830081 -0.01988266
v 0.31452274 0.03076947 -0.00931393
v 0.22885080 0.11485805 -0.01729642
v 0.24545285 0.10881254 -0.02061512
v 0.19150163 0.02053150 0.00530082
v 0.19215187 0.03451077 0.01801012
v 0.20516007 0.03733595 0.01058260
v 0.19993135 0.02232526 -0.00248856
v 0.28590471 0.08392080 -0.01263228
v 0.26512831 0.08868215 -0.00969242
v 0.26430336 0.10172089 -0.02410022
v 0.28616080 0.09511749 -0.02692903
v 0.29120165 0.03359197 -0.00789487
v -0.00000066 -0.50828809 -0.04407505
v 0.29392669 0.02142682 -0.01867522
v 0.27111942 0.02323383 -0.01632451
v 0.26907820 0.03561544 -0.00522758
v 0.30338660 0.01069539 -0.08275810
v 0.28118095 0.00793502 -0.07986948
v 0.23549210 0.05718601 0.00723997
v 0.25125760 0.05475201 0.00351651
v 0.16323212 -0.01907692 0.03070126
v 0.17197190 -0.04217150 -0.02216905
v 0.17510930 -0.03359636 -0.02556419
v 0.13299756 -0.07606027 0.09285806
v 0.13510537 -0.05996174 0.09632159
v 0.16038319 -0.07991187 0.01635636
v 0.16409540 -0.06397822 0.00898913
v 0.14073181 -0.07002730 0.08454809
v 0.13999437 -0.05919662 0.08938284
v 0.08938842 -0.13692021 0.10066756
v 0.02686852 0.11391687 0.03121980
v 0.26692778 0.07094824 -0.00097196
v 0.26788133 0.05189625 0.00036762
v 0.24063981 0.01792115 -0.08807454
v 0.24209100 0.01017700 -0.08045611
v 0.25889286 0.01335033 -0.08555643
v -0.00000107 -0.49403143 -0.10031890
v -0.00000064 -0.48203763 -0.11636110
v 0.25596839 0.02337803 -0.09281889
v 0.12844172 -0.02700613 -0.12122715
v 0.11258676 -0.03772681 -0.12693594
v 0.12426180 -0.05122733 -0.11644841
v 0.13771586 -0.03910118 -0.11145312
v 0.23067403 0.10462306 -0.08211111
v 0.23416565 0.11112506 -0.07270458
v 0.21928887 0.11461660 -0.07278609
v 0.21802835 0.10578101 -0.08324535
v 0.23857348 0.11621844 -0.05853226
v 0.24322912 0.11674926 -0.03997067
v 0.22598022 0.12358441 -0.03814173
v 0.22177909 0.12174164 -0.05795706
v 0.17671935 -0.42277414 -0.05146574
v 0.18536212 -0.42589971 -0.02071618
v 0.13726574 -0.29259565 0.06492523
v 0.12067717 -0.29951268 0.08384997
v 0.10222480 -0.39386451 0.09577356
v 0.02783684 -0.51813626 0.07849178
v 0.01120550 -0.52773649 0.05443159
v 0.00350655 -0.59124470 -0.00922481
v 0.18755269 -0.43078902 0.01058035
v 0.00853267 -0.61984187 -0.01863745
v 0.01461480 -0.65014440 -0.02710131
v 0.06126431 -0.64568412 -0.08860035
v 0.08939968 -0.64716339 -0.09329057
v 0.08639441 -0.61756361 -0.09356045
v 0.05534971 -0.61431885 -0.08778668
v 0.11694407 -0.64960247 -0.08763582
v 0.11655007 -0.62113786 -0.08851801
v 0.10874257 -0.73590457 0.05741081
v 0.10335933 -0.96203202 -0.11850076
v 0.12497568 -0.99879867 -0.11180454
v 0.12643203 -0.96067643 -0.11357045
v 0.10400216 -0.99905890 -0.11667547
v 0.14535233 -0.96139008 -0.09961654
v 0.14482267 -0.92631131 -0.09685234
v 0.14665037 -1.00804865 -0.02548140
v 0.10477106 -1.03711259 -0.11178189
v 0.12331811 -1.03805220 -0.10701907
v 0.13876420 -1.03857374 -0.09585655
v 0.14310126 -0.99902654 -0.09874418
v 0.00199562 -0.54271710 0.02297730
v 0.16538179 -0.51253068 0.06644829
v 0.16340080 -0.48022935 0.06969883
v 0.10695624 -0.46992388 0.09752095
v 0.07778673 -0.48530799 0.09922994
v 0.10276423 -0.22122061 0.09422003
v 0.12033367 -0.21862680 0.07694472
v 0.12003311 -0.17657420 0.07119959
v 0.13377409 -0.17406376 0.05148457
v 0.13430095 -0.19454448 0.05420808
v 0.12025010 -0.19792277 0.07399291
v 0.14826575 -0.16941287 0.00291665
v 0.14723954 -0.16714135 -0.02411885
v 0.14596738 -0.18564273 -0.02067266
v 0.14785536 -0.18829088 0.00573062
v 0.14790784 -0.20323299 -0.01718329
v 0.13970968 -0.20007482 -0.04183653
v 0.07577160 -0.16495065 -0.10806404
v 0.09365231 -0.16958342 -0.09835498
v 0.09519082 -0.14852755 -0.10426185
v 0.07678805 -0.14232436 -0.11324985
v 0.03312515 -0.46049127 0.10658721
v 0.00460541 -0.52904457 0.03464036
v 0.07324895 -0.55690503 0.09365683
v 0.10724149 -0.52517617 0.09908281
v 0.13868959 -0.51985598 0.08923986
v 0.24021365 0.01033973 -0.03739760
v 0.16400252 -0.01293393 -0.09814125
v 0.16125573 -0.00276999 -0.10361169
v 0.25801602 0.10899478 -0.06086621
v 0.26273173 0.10931720 -0.04290418
v 0.25036761 0.03704202 -0.00135867
v 0.21643700 0.10066025 0.00188546
v 0.21934494 0.07878812 0.00940185
v 0.20479538 0.08177684 0.01486977
v 0.13025002 -0.40528011 0.08314468
v 0.15823390 -0.41927537 0.06918555
v 0.13338983 -0.43046427 0.08575450
v 0.00170699 -0.51382637 -0.03763672
v 0.05166219 -0.50237966 0.09370293
v 0.01949889 -0.67993355 -0.03411861
v 0.02307338 -0.70817327 -0.04112488
v 0.02568945 -0.73508823 -0.04830125
v 0.02801120 -0.76175195 -0.05553628
v 0.03120028 -0.78836012 -0.06267521
v 0.03786746 -0.81532776 -0.06786925
v 0.04688649 -0.84355950 -0.06819987
v 0.05114021 -0.87242329 -0.07335354
v 0.04317155 -0.93847662 -0.07003276
v 0.04923936 -0.93602574 -0.08763491
v 0.05077959 -0.90331328 -0.08143160
v 0.04880045 -0.96980596 -0.09171004
v 0.05200711 -1.00380170 -0.09233397
v 0.05837811 -1.03991497 -0.08969461
v 0.06587197 -1.11441946 -0.08552182
v 0.06347000 -1.07738042 -0.08728387
v 0.00063337 -0.51353574 -0.01172878
v 0.00085355 -0.51358950 -0.02409403
v 0.11407012 0.11171487 0.00988013
v 0.17625561 -0.01885251 -0.01207219
v 0.18245490 -0.01294953 -0.01742621
v 0.23423906 0.03842555 0.00249101
v 0.29480556 0.06924823 -0.09206201
v 0.29034245 0.08497520 -0.08296773
v 0.24997123 0.02461099 -0.01346975
v 0.19759271 0.01096622 -0.01543769
v 0.19027139 0.00746284 -0.00801469
v 0.53471243 0.07446088 -0.04308224
v 0.53244716 0.07837480 -0.05641273
v 0.55323571 0.07506400 -0.05462100
v 0.55484140 0.07032122 -0.04241138
v 0.53611779 0.06482667 -0.03291899
v 0.55571431 0.06061640 -0.03363715
v 0.53641546 0.00356234 -0.05085829
v 0.53581864 0.01242887 -0.03914300
v 0.55587858 0.01293039 -0.04337274
v 0.55646592 0.00520553 -0.05515594
v 0.57515395 0.04519601 -0.03044749
v 0.57491213 0.03335819 -0.03219087
v 0.55556977 0.03544888 -0.02957934
v 0.55594838 0.04848509 -0.02902661
v 0.53404266 0.00511826 -0.08067192
v 0.53137058 0.01450223 -0.09140564
v 0.51164168 0.01039134 -0.08893380
v 0.51462066 0.00128707 -0.07677505
v 0.45465979 0.00900968 -0.02864945
v 0.45657691 -0.00141055 -0.03950788
v 0.44045413 0.00055816 -0.03290871
v 0.43822226 0.01217167 -0.02335398
v 0.49357978 0.08218446 -0.04378193
v 0.48998031 0.08326486 -0.05886507
v 0.51118749 0.08108849 -0.05788046
v 0.51417518 0.07823860 -0.04350057
v 0.49530950 0.04412628 -0.02139579
v 0.49443644 0.02827145 -0.02404513
v 0.47301638 0.03187739 -0.02164534
v 0.47335654 0.04817649 -0.02013297
v 0.47203177 0.08588956 -0.04497109
v 0.46895534 0.08394279 -0.05974165
v 0.53595519 0.03805518 -0.02642444
v 0.53544199 0.02431129 -0.03101215
v 0.51519305 0.02581358 -0.02708909
v 0.51606047 0.04080563 -0.02349105
v 0.57316321 0.01270532 -0.08390155
v 0.57116753 0.02208805 -0.09192933
v 0.55129802 0.01851245 -0.09220797
v 0.55370259 0.00902895 -0.08293558
v 0.57491130 0.02289204 -0.03823365
v 0.57541132 0.01378389 -0.04710217
v 0.55532950 0.02347032 -0.03492689
v 0.57072747 0.06752613 -0.07831661
v 0.57216233 0.07176579 -0.06575464
v 0.55094773 0.07401180 -0.06844559
v 0.54909819 0.06835391 -0.08164157
v 0.49520832 0.00330022 -0.04036649
v 0.49446419 0.01418753 -0.03022778
v 0.51536942 0.01267876 -0.03451221
v 0.51594114 0.00301114 -0.04586313
v 0.49520734 0.07357033 -0.03113911
v 0.51597226 0.06895035 -0.03202161
v 0.52775359 0.06853357 -0.08434521
v 0.52947897 0.07599293 -0.07082342
v 0.50819796 0.07681806 -0.07236616
v 0.50610793 0.06767462 -0.08615857
v 0.48486754 0.05129459 -0.09515300
v 0.48604205 0.03473693 -0.09636764
v 0.50634497 0.03885240 -0.09731442
v 0.50553524 0.05451851 -0.09477645
v 0.47443563 0.00560068 -0.03462230
v 0.47568280 -0.00293336 -0.04754627
v 0.49489117 -0.00179952 -0.07146289
v 0.49193245 0.00637135 -0.08509455
v 0.47266906 0.00239233 -0.07963953
v 0.47538674 -0.00439448 -0.06437291
v 0.43458393 0.07128248 -0.02272993
v 0.43412340 0.08314358 -0.03329486
v 0.45182833 0.08207827 -0.03216976
v 0.45241845 0.06904022 -0.02217375
v 0.45052209 0.08755809 -0.04659867
v 0.43085641 0.08798339 -0.04905450
v 0.40278041 0.07891618 -0.06697151
v 0.40323493 0.06767227 -0.07592975
v 0.41397983 0.06759979 -0.07398363
v 0.41485623 0.07993323 -0.06511203
v 0.44617018 0.04151462 -0.09585722
v 0.44726458 0.02367871 -0.09271845
v 0.46628115 0.02953221 -0.09486255
v 0.46495810 0.04701519 -0.09583484
v 0.43560696 0.00298685 -0.08069952
v 0.44038323 -0.00574247 -0.06665919
v 0.45501587 -0.00196167 -0.07315817
v 0.45061603 0.00865174 -0.08551387
v 0.38730621 -0.00081877 -0.06436726
v 0.38636193 -0.00365565 -0.05052679
v 0.40127054 -0.00576164 -0.05147485
v 0.40209731 -0.00201331 -0.06571199
v 0.38214549 0.00864961 -0.02253284
v 0.38078636 0.02130898 -0.01343845
v 0.39556602 0.01922191 -0.01418056
v 0.39700359 0.00645497 -0.02295943
v 0.37884766 0.07987300 -0.02774863
v 0.37756330 0.08534024 -0.04427735
v 0.39042899 0.08605406 -0.04147388
v 0.39208877 0.07818279 -0.02591076
v 0.43097359 0.03681344 -0.09493830
v 0.42949694 0.01733218 -0.09036446
v 0.41135013 0.00466562 -0.02460773
v 0.40933669 0.01708454 -0.01570021
v 0.42328462 0.01475483 -0.01872942
v 0.42560273 0.00253123 -0.02785119
v 0.00000147 0.05845200 -0.12449041
v 0.00000192 0.07225725 -0.12202254
v 0.40521058 0.04754695 -0.01452432
v 0.40567011 0.06175665 -0.01687673
v 0.41900849 0.05934072 -0.01803549
v 0.42004618 0.04352007 -0.01644304
v 0.40469837 0.07664862 -0.02438465
v 0.40329248 0.08574312 -0.03772406
v 0.41745892 0.08481265 -0.03527135
v 0.41874468 0.07418589 -0.02334699
v 0.41312912 0.04481781 -0.08864215
v 0.41516408 0.03209512 -0.09264202
v 0.00000112 -0.30667725 0.14299260
v 0.00000120 -0.29336241 0.14274615
v 0.42184466 0.03504545 -0.09390555
v 0.42006442 0.04792132 -0.08923114
v 0.42459282 -0.00010707 -0.07430638
v 0.42775041 -0.00733422 -0.05992683
v 0.00000083 -0.30415222 -0.12141321
v 0.00000098 -0.28602362 -0.11160100
v 0.43451586 0.04034354 -0.01944658
v 0.43692774 0.02537352 -0.01891582
v 0.42163804 0.02898352 -0.01532108
v 0.41587210 0.08726043 -0.05108376
v 0.38823569 0.00621725 -0.07568251
v 0.38850912 0.01482772 -0.08528071
v 0.37267572 0.01514704 -0.08465295
v 0.37246031 0.00649722 -0.07478086
v 0.37116137 0.00054454 -0.06293832
v 0.36914626 -0.00095826 -0.04932884
v 0.36380702 0.01153051 -0.02155551
v 0.36192647 0.02393462 -0.01204412
v 0.36047104 0.03998160 -0.00720034
v 0.35860223 0.05745004 -0.00856973
v 0.37819323 0.05512929 -0.01184437
v 0.37958160 0.03758527 -0.00970332
v 0.35712925 0.08718748 -0.04496777
v 0.35653007 0.08305099 -0.02849949
v 0.35952684 0.08411201 -0.06076110
v 0.37800255 0.08322765 -0.05870357
v 0.41346335 -0.00452747 -0.03800248
v 0.00000044 -0.38895258 0.12485777
v 0.00000030 -0.41306272 0.11955161
v 0.39935535 -0.00253042 -0.03595151
v 0.52658027 0.05676159 -0.09374476
v 0.52695030 0.04222979 -0.09713906
v 0.54791397 0.04468811 -0.09580619
v 0.54802376 0.05802988 -0.09135831
v 0.56952333 0.03401223 -0.09480739
v 0.54914224 0.03107519 -0.09625313
v 0.53646344 0.05219593 -0.02707100
v 0.51655918 0.05587474 -0.02504768
v 0.57480615 0.05686034 -0.03391212
v 0.43411899 0.05587387 -0.01946700
v 0.45157480 0.05222489 -0.01990685
v 0.40409079 0.05562242 -0.08305759
v 0.39286163 0.06730854 -0.07822099
v 0.39482161 0.05534251 -0.08552064
v 0.44576469 0.05865052 -0.08824623
v 0.44653982 0.07183070 -0.07353009
v 0.42741594 0.06591953 -0.07520147
v 0.43003565 0.05295503 -0.08888777
v 0.40845659 0.02955445 -0.09114610
v 0.40609565 0.04308710 -0.08874933
v 0.39723307 0.04203475 -0.08980343
v 0.39930925 0.02801316 -0.09073634
v 0.39275637 0.06476422 -0.01662147
v 0.37842500 0.06866182 -0.01706142
v 0.38111383 0.06673453 -0.08064803
v 0.37960017 0.07598785 -0.07059633
v 0.36332190 0.07644373 -0.07381456
v 0.36507076 0.06670704 -0.08405559
v 0.39160761 0.07724353 -0.06849522
v 0.38315615 0.05505353 -0.08787178
v 0.36716706 0.05494203 -0.09061295
v 0.35713056 0.07251453 -0.01596787
v 0.38711801 0.02746244 -0.09088589
v 0.38537380 0.04162987 -0.09124055
v 0.36925757 0.04152886 -0.09288360
v 0.37124124 0.02738103 -0.09119775
v 0.52871144 0.02772673 -0.09644777
v 0.50846815 0.02386785 -0.09535857
v 0.44208953 -0.00720770 -0.04890483
v 0.45735192 -0.00679392 -0.05629917
v 0.42784113 -0.00621551 -0.04245240
v 0.53604251 0.00075822 -0.06593336
v 0.55563843 0.00386779 -0.06961019
v 0.49594638 -0.00313220 -0.05482186
v 0.51612538 -0.00168057 -0.06096023
v 0.48511282 0.06593966 -0.08719199
v 0.41279230 0.00678089 -0.07957549
v 0.41454589 -0.00174554 -0.06869713
v 0.42065465 0.00958829 -0.08428788
v 0.36573207 0.00296345 -0.03440211
v 0.38448715 -0.00033481 -0.03532287
v 0.42183056 0.02359789 -0.09288984
v 0.34238762 0.00605576 -0.03352970
v 0.42882061 0.08115750 -0.06342425
v 0.40258044 0.08619926 -0.05343818
v 0.39056361 0.08448047 -0.05611080
v 0.57346570 0.07187447 -0.05272900
v 0.49588081 0.05987585 -0.02343319
v 0.45165440 0.03620993 -0.02040440
v 0.45296052 0.02164066 -0.02258363
v 0.41053116 0.01666252 -0.08801141
v 0.40122333 0.01512525 -0.08610081
v 0.40202019 0.00605939 -0.07679035
v 0.39218909 0.05194137 -0.01345882
v 0.39417195 0.03487820 -0.01105394
v 0.57487279 0.00731565 -0.07196486
v 0.40772018 0.03195293 -0.01256429
v 0.44846320 0.08303297 -0.06123266
v 0.01748452 0.07473066 -0.12437626
v 0.15465058 -0.09495025 0.02354197
v 0.11737172 -0.11933841 0.07125267
v 0.13112961 -0.11629871 0.05477602
v 0.16829965 -0.03599448 -0.00313434
v 0.17158811 -0.02614762 -0.00768721
v 0.19225307 -0.00307562 -0.02275412
v 0.20071672 0.00279685 -0.02835784
v 0.16131331 -0.05712539 0.02931410
v 0.01262912 -0.26703519 0.14141433
v 0.04993016 -0.26941314 -0.10497915
v 0.02554364 -0.26910517 -0.10448948
v 0.02827908 -0.28748932 -0.11269767
v 0.05436255 -0.28811097 -0.11184323
v 0.03115575 -0.30676123 -0.12221671
v 0.16521084 -0.33992350 -0.06472655
v 0.16079150 -0.31821054 -0.06238362
v 0.14551000 -0.32005182 -0.08591244
v 0.14948729 -0.34293175 -0.09004586
v 0.16559376 -0.30175883 -0.03530062
v 0.15534686 -0.30018046 -0.06046885
v 0.17063059 -0.31885460 -0.03529533
v 0.17374048 -0.32355341 -0.00705047
v 0.16881256 -0.30574414 -0.00756985
v 0.17002395 -0.33180475 0.01983385
v 0.16513200 -0.31258380 0.01936137
v 0.16038442 -0.34135699 0.04407059
v 0.14513102 -0.35068449 0.06520809
v 0.12747565 -0.38175535 0.08252015
v 0.10237268 -0.36902454 0.09679098
v 0.12491693 -0.35995072 0.08259999
v 0.05593845 -0.38254419 0.11687272
v 0.07864975 -0.37715435 0.10854682
v 0.01660109 -0.38773766 0.12438030
v 0.03543852 -0.38578391 0.12183996
v 0.10932991 0.09248985 0.02823342
v 0.10087565 0.14574429 -0.08430790
v 0.11002649 0.15053543 -0.06244570
v 0.08729678 0.15102242 -0.08297836
v 0.11975896 0.08936401 -0.12059360
v 0.12287655 0.10824919 -0.11053796
v 0.10255020 0.10180160 -0.12105852
v 0.09993819 0.08445669 -0.12840536
v 0.07636329 0.14289559 -0.09688553
v 0.06958420 0.14516188 -0.09593129
v 0.08636349 0.13701355 -0.10048898
v 0.05312803 0.12116087 -0.11524679
v 0.07093646 0.12808645 -0.11081666
v 0.15198337 0.13880777 -0.05772027
v 0.15107462 0.12627903 -0.07981556
v 0.16039898 0.12508197 -0.07469758
v 0.16297500 0.13775875 -0.05328065
v 0.14740036 0.07582953 -0.11171122
v 0.14543632 0.05949961 -0.11583943
v 0.15684770 0.06169748 -0.11032369
v 0.15776323 0.07755664 -0.10647740
v 0.18964474 0.13438171 -0.04018147
v 0.18656510 0.12738644 -0.06186318
v 0.19635923 0.12738270 -0.05941294
v 0.20004028 0.13195536 -0.03829842
v 0.15807708 0.09396867 -0.09986027
v 0.08454494 -0.02945976 -0.13796976
v 0.12042993 -0.01371610 -0.12862280
v 0.10363261 -0.02141371 -0.13400167
v 0.15853322 0.00831302 -0.10793255
v 0.14793128 0.00299553 -0.11361641
v 0.15141328 -0.00932332 -0.10875660
v 0.18049547 0.01596029 -0.09936836
v 0.16917580 0.01250966 -0.10332033
v 0.20666993 0.05836891 0.01794774
v 0.19276243 0.05934293 0.02462162
v 0.19100273 0.08608307 0.01814652
v 0.19622074 0.01067849 -0.08711633
v 0.20687680 0.01672813 -0.08656175
v 0.20491019 0.02193144 -0.08972996
v 0.19344608 0.01609034 -0.09061258
v 0.14116840 0.14107554 -0.06161496
v 0.18517001 0.11451019 -0.07731176
v 0.18355377 0.10207362 -0.08807058
v 0.19390544 0.10489182 -0.08633769
v 0.19566359 0.11624157 -0.07499813
v 0.18553044 0.08718380 -0.09626644
v 0.18646267 0.07240655 -0.10094827
v 0.19774461 0.07696392 -0.09899007
v 0.19618548 0.09098709 -0.09428462
v 0.20409136 0.02873428 -0.09335607
v 0.19041468 0.02297875 -0.09413437
v 0.21490893 0.11996461 -0.01526522
v 0.17136271 0.13825694 -0.02219513
v 0.16748670 0.12519477 0.00211029
v 0.15790389 0.12992728 -0.00143247
v 0.16183469 0.14069937 -0.02670921
v 0.22457051 0.00458267 -0.04559733
v 0.22087130 0.00943351 -0.03346599
v 0.22686774 0.00149385 -0.05701441
v 0.19985016 0.00038855 -0.07830305
v 0.22787076 0.00215053 -0.06715830
v 0.21934184 0.03873515 0.00591636
v 0.22083065 0.05769189 0.01122975
v 0.16460203 0.10087348 0.01736022
v 0.15478560 0.10750096 0.01474780
v 0.21191609 0.12841943 -0.03756713
v 0.20806181 0.12537420 -0.05823532
v 0.22329091 0.02371475 -0.09092735
v 0.23525433 0.03046439 -0.09555139
v 0.22104558 0.02859961 -0.09371624
v 0.18568809 -0.00879919 -0.08588662
v 0.19842139 0.00605282 -0.08316383
v 0.17231904 0.13766405 -0.04848262
v 0.20577069 0.11650736 -0.07353145
v 0.20542267 0.10538407 -0.08539290
v 0.17587236 0.08329529 -0.09900946
v 0.17472649 0.09854315 -0.09129988
v 0.16637003 0.09588583 -0.09528549
v 0.16681302 0.08014039 -0.10245433
v 0.20925102 0.08177840 -0.09769839
v 0.21208782 0.06785637 -0.10023381
v 0.17640792 0.06802052 -0.10326235
v 0.16677968 0.06443110 -0.10638875
v 0.21920832 0.03557369 -0.09657933
v 0.14616555 0.11224297 0.01182270
v 0.14478303 0.08967092 0.02436018
v 0.13497530 0.09261834 0.02448668
v 0.16503754 0.07499352 0.02781815
v 0.15389487 0.08348212 0.02585467
v 0.17893985 0.06494641 0.02812287
v 0.12379871 0.09288086 0.02599848
v 0.41789311 0.02002818 -0.09092940
v 0.24661352 0.03765812 -0.09819613
v 0.23845662 0.02542175 -0.09300955
v 0.25129467 0.03168459 -0.09649167
v 0.29583427 0.05602580 -0.09615838
v 0.41243479 0.05622257 -0.08145795
v 0.41934624 0.05640873 -0.08162878
v 0.46494675 0.06288664 -0.08773583
v 0.48687282 0.07690433 -0.07341228
v 0.46649814 0.07534336 -0.07357483
v 0.47392753 0.07836998 -0.03080499
v 0.47410673 0.06462000 -0.02211437
v 0.47340906 0.01750011 -0.02638376
v 0.46887916 0.01437026 -0.08978181
v 0.61347789 0.06051410 -0.03685722
v 0.61341727 0.06706699 -0.04687821
v 0.63353437 0.06467504 -0.04384034
v 0.63328820 0.05696580 -0.03492769
v 0.65174502 0.04336078 -0.03042677
v 0.63287067 0.04663236 -0.03124358
v 0.65286428 0.05398041 -0.03220420
v 0.65050197 0.03380678 -0.03334803
v 0.63219231 0.03673847 -0.03306793
v 0.64962870 0.02643505 -0.04007021
v 0.64948571 0.02073723 -0.04824788
v 0.63182312 0.02171243 -0.04626674
v 0.63175184 0.02820117 -0.03855649
v 0.63221627 0.01739604 -0.05558958
v 0.63232261 0.01546324 -0.06581803
v 0.61356258 0.01251538 -0.06373878
v 0.61336696 0.01624283 -0.05300177
v 0.64969027 0.02621154 -0.08361392
v 0.64932799 0.03461455 -0.08683237
v 0.63054669 0.03216884 -0.08836235
v 0.63115209 0.02296576 -0.08444163
v 0.61067307 0.05077783 -0.08744272
v 0.61033356 0.03975398 -0.09040253
v 0.63064855 0.04269553 -0.08810502
v 0.63088763 0.05315398 -0.08505967
v 0.64978737 0.05545742 -0.08394550
v 0.65061742 0.06241201 -0.07576585
v 0.63185525 0.06079672 -0.07801573
v 0.57439226 0.06648587 -0.04144270
v 0.59388584 0.06356776 -0.03933325
v 0.59410256 0.05358261 -0.03288480
v 0.59377235 0.03132261 -0.03468807
v 0.59388751 0.04209161 -0.03172504
v 0.61307871 0.03924202 -0.03224322
v 0.61290079 0.02952310 -0.03648165
v 0.57558072 0.00758278 -0.05880792
v 0.59430909 0.01497948 -0.05040973
v 0.59464788 0.01011488 -0.06148586
v 0.61305869 0.02202714 -0.04373926
v 0.59392864 0.02235786 -0.04135785
v 0.61296409 0.01356424 -0.07508886
v 0.63183415 0.01719089 -0.07618481
v 0.61328512 0.06823450 -0.05883975
v 0.61265481 0.06566794 -0.07062531
v 0.63294005 0.06516436 -0.06725504
v 0.63351297 0.06712816 -0.05545105
v 0.59407705 0.01061482 -0.07348301
v 0.59206963 0.06657828 -0.07435977
v 0.59293300 0.06993012 -0.06232829
v 0.61170977 0.05988221 -0.08082850
v 0.59110218 0.05914195 -0.08431565
v 0.65278649 0.06615458 -0.05247213
v 0.65337652 0.06251004 -0.04080502
v 0.59345651 0.06939659 -0.04991979
v 0.61194807 0.01932479 -0.08465801
v 0.61082155 0.02880253 -0.08998263
v 0.59111941 0.02547596 -0.09101161
v 0.59267068 0.01607284 -0.08429593
v 0.56881869 0.04670045 -0.09341169
v 0.58993798 0.03683367 -0.09258130
v 0.58995008 0.04854888 -0.09036823
v 0.64949119 0.04484724 -0.08688106
v 0.56981528 0.05852118 -0.08806160
v 0.73127586 0.01219977 -0.03890727
v 0.74052209 0.01554964 -0.03804645
v 0.73496825 0.01824621 -0.04497011
v 0.72492832 0.01719756 -0.04421321
v 0.70584208 -0.00393499 -0.02917579
v 0.71778905 -0.00870046 -0.02427357
v 0.72388113 -0.00789911 -0.03258421
v 0.71330112 -0.00197075 -0.03836322
v 0.73680496 0.00777270 -0.03396674
v 0.74481744 0.01403171 -0.03210505
v 0.75267655 0.01992102 -0.03012204
v 0.74393332 0.01417844 -0.02790461
v 0.75264472 0.02554819 -0.02575298
v 0.74739987 0.03616844 -0.02460442
v 0.76022547 0.03951602 -0.02844016
v 0.76074117 0.03020561 -0.02613814
v 0.74056065 0.05091096 -0.04908263
v 0.73740828 0.05110482 -0.06055740
v 0.75334108 0.04977713 -0.06183201
v 0.75588441 0.04854261 -0.05015433
v 0.74388409 0.04440198 -0.08095958
v 0.74967712 0.04675281 -0.07116218
v 0.73373973 0.04909783 -0.06934304
v 0.72924626 0.04672964 -0.07796752
v 0.72007895 0.02018262 -0.05171308
v 0.73030353 0.01985411 -0.05260492
v 0.72842330 0.01956245 -0.05873314
v 0.71775413 0.01966210 -0.05850647
v 0.74333161 0.02015661 -0.02346653
v 0.74454933 0.00567340 -0.02390164
v 0.74380565 0.00846776 -0.02037896
v 0.73826826 0.02247629 -0.01945188
v 0.68145174 0.01373492 -0.06191717
v 0.69220948 0.01155701 -0.06470971
v 0.69285667 0.01013132 -0.07238793
v 0.68076789 0.01244205 -0.07060515
v 0.68087357 0.01340285 -0.04089958
v 0.67611259 0.02287812 -0.03030074
v 0.68362242 0.01762461 -0.02551838
v 0.68737751 0.00717967 -0.03673569
v 0.69286591 0.01023794 -0.02187502
v 0.70320290 0.00287430 -0.01923332
v 0.69613194 0.00122506 -0.03312660
v 0.71634048 -0.00277103 -0.01628356
v 0.68806994 0.01336731 -0.08485898
v 0.67949295 0.01667015 -0.08164963
v 0.79331940 0.00670987 -0.03882983
v 0.79426283 0.00803727 -0.03322122
v 0.79664648 0.00553548 -0.03384450
v 0.79577625 0.00451458 -0.03943652
v 0.68073291 0.04292971 -0.08798258
v 0.67952859 0.03318157 -0.08965978
v 0.68634075 0.03320854 -0.09145950
v 0.68798071 0.04280851 -0.08811167
v 0.69520283 0.03316085 -0.09430082
v 0.69730395 0.04294026 -0.08891055
v 0.80203211 0.01416540 -0.02946777
v 0.80574244 0.01719636 -0.03171041
v 0.80867493 0.01147348 -0.03173108
v 0.80451179 0.00925219 -0.02984874
v 0.74492365 0.01822208 -0.04460697
v 0.74971759 0.01697528 -0.03685843
v 0.75838906 0.01827373 -0.03493025
v 0.76565760 0.01938996 -0.03346826
v 0.76661903 0.01738404 -0.03964672
v 0.75659424 0.01783391 -0.04373552
v 0.74178410 0.01960161 -0.05579220
v 0.75309998 0.01846707 -0.05613539
v 0.74840790 0.01886251 -0.06330442
v 0.73759067 0.01939388 -0.06313673
v 0.74187815 0.01458260 -0.08245832
v 0.73346525 0.01376606 -0.08139119
v 0.73384506 0.01597828 -0.07539319
v 0.74398404 0.01654077 -0.07581211
v 0.77118319 0.01791540 -0.07601059
v 0.76240242 0.01759973 -0.07589433
v 0.76419789 0.01832022 -0.07064668
v 0.77254879 0.01847056 -0.07091951
v 0.67346084 0.04429756 -0.08790049
v 0.67265886 0.03423502 -0.08873834
v 0.73873103 0.02698147 -0.10724247
v 0.74414796 0.03560853 -0.10212420
v 0.73364484 0.03683832 -0.09811364
v 0.72816604 0.02950281 -0.10317238
v 0.69092840 0.05058824 -0.08122703
v 0.68310875 0.05161062 -0.08167534
v 0.80884880 0.01896825 -0.03654430
v 0.81115496 0.01302910 -0.03674302
v 0.70386654 0.01702834 -0.01379721
v 0.71820843 0.00669407 -0.01115215
v 0.69239253 0.02607501 -0.01847522
v 0.67724562 0.03611414 -0.02627715
v 0.68452299 0.03189021 -0.02312633
v 0.76128024 0.01775706 -0.04869546
v 0.73866844 0.01959649 -0.05140187
v 0.72661936 0.01867435 -0.06347521
v 0.71741188 0.01021205 -0.08285563
v 0.72431064 0.01088141 -0.08542433
v 0.72155756 0.01052669 -0.09267676
v 0.71354425 0.01054934 -0.09241887
v 0.73571819 0.01345837 -0.10119365
v 0.73566645 0.01870919 -0.10658975
v 0.72651941 0.01985400 -0.10404665
v 0.72807837 0.01346701 -0.09977280
v 0.74290162 0.00920082 -0.01497479
v 0.73336065 0.02108961 -0.01421076
v 0.67920125 0.02369206 -0.08761340
v 0.68628711 0.02256269 -0.09093787
v 0.67211765 0.02614050 -0.08528293
v 0.69317561 0.01161482 -0.05343702
v 0.70599449 0.01720546 -0.05706830
v 0.70470816 0.01595727 -0.06202826
v 0.69199026 0.01251952 -0.05931516
v 0.71529162 0.01166417 -0.04507801
v 0.70423049 0.00365808 -0.04293188
v 0.72278327 0.00565357 -0.04066072
v 0.68109888 0.01435784 -0.05324361
v 0.67263031 0.01801282 -0.05070024
v 0.67260790 0.01744490 -0.06045862
v 0.67220825 0.01731073 -0.07037768
v 0.67225200 0.02063026 -0.07960638
v 0.66329652 0.01966402 -0.04941918
v 0.66372579 0.01848799 -0.05902113
v 0.66378075 0.01905661 -0.06919441
v 0.66378474 0.02192464 -0.07792090
v 0.67460823 0.05396099 -0.08210370
v 0.66406524 0.05564922 -0.08318472
v 0.66350877 0.04498957 -0.08760186
v 0.67329711 0.02014872 -0.04068685
v 0.66391617 0.02397710 -0.04058875
v 0.66553205 0.03029132 -0.03200275
v 0.66714525 0.04099210 -0.02904280
v 0.74033087 -0.00869778 -0.02735344
v 0.73570490 -0.00525793 -0.03101210
v 0.73054665 -0.01048827 -0.02718557
v 0.73671424 -0.01307914 -0.02257007
v 0.76683861 0.02394331 -0.02878772
v 0.75973165 0.02324683 -0.02899998
v 0.76900852 0.03087594 -0.02732714
v 0.70161420 0.00948951 -0.07817390
v 0.69720531 0.01200257 -0.08871706
v 0.76882041 0.01750036 -0.04504617
v 0.78418863 0.02460808 -0.02838863
v 0.78796327 0.02979317 -0.03068824
v 0.79993153 0.02247879 -0.03141146
v 0.79624480 0.01838928 -0.02895489
v 0.78039813 0.01501194 -0.04389421
v 0.78432274 0.01857686 -0.04798819
v 0.77785325 0.01999259 -0.04870714
v 0.77453542 0.01737925 -0.04395032
v 0.76657325 0.01560590 -0.08219931
v 0.75905293 0.01563255 -0.08215302
v 0.77088863 0.04553423 -0.03880526
v 0.75779992 0.04765204 -0.03732694
v 0.77075899 0.04224220 -0.05112410
v 0.75362229 0.01700822 -0.07598846
v 0.74574608 0.01797649 -0.06991177
v 0.75536990 0.01790856 -0.07050490
v 0.76831716 0.01901960 -0.05486534
v 0.76110035 0.01825345 -0.05609277
v 0.76452643 0.01804277 -0.05121664
v 0.77027303 0.01861181 -0.04955896
v 0.71658784 0.03142253 -0.10010648
v 0.71510810 0.01899837 -0.10139608
v 0.79771876 0.01072615 -0.02989958
v 0.80009449 0.00714564 -0.03066957
v 0.66345376 0.03467419 -0.08721687
v 0.66381317 0.02696713 -0.08383816
v 0.73515564 0.01806069 -0.06915323
v 0.74344087 0.04781026 -0.03597111
v 0.72482866 0.01709585 -0.06854749
v 0.76627427 0.02112347 -0.09213182
v 0.76910764 0.02741086 -0.09112773
v 0.76123190 0.03204346 -0.09100330
v 0.75951123 0.02335563 -0.09423254
v 0.79535413 0.00812382 -0.04387724
v 0.79951572 0.01116741 -0.04709695
v 0.79437393 0.01459765 -0.04716909
v 0.79083467 0.01078022 -0.04386192
v 0.77866346 0.01540950 -0.03339831
v 0.77865231 0.01383340 -0.03881378
v 0.77214366 0.01689084 -0.03899677
v 0.77162999 0.01847550 -0.03346220
v 0.77322888 0.02280058 -0.02957956
v 0.78082383 0.01976585 -0.02971233
v 0.79054117 0.03080955 -0.04402218
v 0.78885216 0.02486125 -0.04832970
v 0.79926664 0.01940569 -0.04791236
v 0.80268300 0.02325711 -0.04331417
v 0.71547264 0.04969293 -0.07558519
v 0.71194375 0.04637768 -0.08398390
v 0.72533900 0.04333666 -0.08686768
v 0.73903304 0.04047753 -0.09015838
v 0.75163859 0.03631220 -0.09271721
v 0.75742334 0.04241810 -0.08356745
v 0.72123730 0.03921689 -0.09379553
v 0.77884603 0.03523453 -0.05530583
v 0.77872533 0.02911772 -0.05364684
v 0.78059846 0.03516713 -0.04691642
v 0.72297311 0.01444077 -0.07564429
v 0.79230630 0.01418325 -0.02958653
v 0.68915343 0.05442399 -0.03594868
v 0.68926615 0.05991272 -0.04870899
v 0.69944453 0.05788869 -0.04926515
v 0.69819462 0.05137476 -0.03372905
v 0.78918934 0.00916743 -0.03865688
v 0.78934199 0.01028207 -0.03311174
v 0.76528615 0.01570246 -0.09179197
v 0.75917006 0.01428066 -0.09313214
v 0.75756443 0.01429890 -0.08840786
v 0.76494431 0.01466237 -0.08755270
v 0.70865810 0.04202825 -0.09072971
v 0.75103664 0.03080963 -0.10511015
v 0.74628842 0.02072331 -0.10947669
v 0.69377542 0.05539433 -0.07169472
v 0.70022368 0.04903511 -0.08195318
v 0.70335358 0.05283350 -0.07335693
v 0.76575845 0.04127323 -0.07225283
v 0.71934587 0.05178203 -0.06773610
v 0.70648080 0.05462439 -0.06559807
v 0.69593960 0.05765333 -0.06252042
v 0.68723613 0.06016353 -0.06119791
v 0.68545276 0.05758012 -0.07115567
v 0.80852509 0.01768625 -0.04333694
v 0.80262232 0.02458599 -0.03643939
v 0.67604357 0.05994560 -0.07127792
v 0.66478616 0.06207854 -0.07336168
v 0.67785382 0.06238011 -0.06089949
v 0.66628903 0.06416199 -0.06253485
v 0.70971888 0.05577450 -0.05675370
v 0.71206164 0.05482567 -0.04619566
v 0.72264749 0.05320093 -0.05920885
v 0.72612727 0.05272783 -0.04851219
v 0.76807642 0.04733721 -0.06246693
v 0.80292463 0.00691307 -0.04735996
v 0.80777252 -0.00018662 -0.04801136
v 0.81201267 0.00106597 -0.04664812
v 0.80770916 0.00877249 -0.04679467
v 0.80437577 0.01438439 -0.04725251
v 0.81082165 0.01154977 -0.04319401
v 0.72903109 0.04860164 -0.03418911
v 0.77533990 0.02018994 -0.05413881
v 0.71279734 0.04671720 -0.02866491
v 0.73465645 0.03887998 -0.02177950
v 0.72407264 0.03536832 -0.01691589
v 0.69493240 0.04033542 -0.02155752
v 0.70628840 0.03252549 -0.01492909
v 0.67936146 0.04755839 -0.02918079
v 0.68698227 0.04453377 -0.02670772
v 0.66861755 0.05092521 -0.03093970
v 0.71919107 0.02100208 -0.01045615
v 0.79922640 -0.00061864 -0.03543566
v 0.79893994 -0.00111455 -0.04128378
v 0.66895968 0.05976171 -0.03858787
v 0.68058485 0.05662259 -0.03703924
v 0.73049945 -0.00056441 -0.03581789
v 0.71476018 0.01631269 -0.06753004
v 0.71323001 0.01334387 -0.07308492
v 0.71018201 0.00979559 -0.08071224
v 0.70585430 0.01104943 -0.09146009
v 0.66785455 0.06460488 -0.05037424
v 0.65002239 0.01822785 -0.05772607
v 0.65016568 0.01827944 -0.06780986
v 0.65171742 0.06514654 -0.06465846
v 0.80282211 0.00062382 -0.03177623
v 0.77702981 0.02248678 -0.07337860
v 0.77645540 0.02289647 -0.07573779
v 0.72664338 -0.01060575 -0.02011451
v 0.73441678 -0.01235200 -0.01630612
v 0.72631508 -0.00561941 -0.01301675
v 0.72880465 0.00214280 -0.00893262
v 0.73813981 -0.00177109 -0.00863221
v 0.73556948 -0.00845113 -0.01167089
v 0.70423192 0.01393599 -0.06631073
v 0.70377237 0.01180398 -0.07153121
v 0.70434093 0.02075755 -0.09882243
v 0.70538908 0.03296905 -0.09724685
v 0.77613395 0.02874571 -0.02824920
v 0.77088356 0.03854910 -0.03035181
v 0.77860647 0.03456943 -0.03123048
v 0.78962201 0.03300747 -0.03673220
v 0.78179973 0.02648342 -0.04972304
v 0.77916420 0.02440721 -0.05282103
v 0.69754463 0.00832448 -0.04800633
v 0.70953298 0.01605858 -0.05086640
v 0.73961449 0.00339051 -0.03039046
v 0.74292856 -0.00062288 -0.02793640
v 0.75752366 0.01837319 -0.06325120
v 0.77804852 0.03568599 -0.06999312
v 0.77839619 0.04033513 -0.06254064
v 0.76581728 0.01901965 -0.06293755
v 0.81198514 0.00263578 -0.03243786
v 0.80730653 0.00137490 -0.03078640
v 0.78001392 0.03889745 -0.03787524
v 0.75076759 0.01522813 -0.08260132
v 0.77338398 0.03338255 -0.07658973
v 0.77865028 0.02906153 -0.07296054
v 0.74137026 0.01637321 -0.10680892
v 0.67992896 0.06198530 -0.04878943
v 0.80174541 -0.00090343 -0.04631211
v 0.79800701 0.00502443 -0.04486837
v 0.81424451 0.00287187 -0.04311457
v 0.81417632 0.00398886 -0.03746013
v 0.69478452 0.02180417 -0.09514371
v 0.71613520 0.01824044 -0.06318978
v 0.64995128 0.02077947 -0.07694007
v 0.74072146 0.00546227 -0.00975060
v 0.73072106 0.01166100 -0.01001969
v 0.77250385 0.01918896 -0.06264852
v 0.75601357 0.02849197 -0.09850994
v 0.77455837 0.03238553 -0.08634487
v 0.77838397 0.03072631 -0.07985767
v 0.76647049 0.03742212 -0.08493093
v 0.77945757 0.02580854 -0.07738370
v 0.81683517 -0.00449854 -0.04341006
v 0.81675553 -0.00363243 -0.03793648
v 0.81409967 -0.00471652 -0.03289402
v 0.80909801 -0.00473452 -0.03157383
v 0.80456400 -0.00469166 -0.03293400
v 0.81424862 -0.00570375 -0.04691137
v 0.80998498 -0.00634927 -0.04825643
v 0.80398017 -0.00574976 -0.04682090
v 0.81465435 -0.01150775 -0.04737775
v 0.81781983 -0.01204902 -0.04381922
v 0.81656146 -0.01575381 -0.03573970
v 0.81637073 -0.01982731 -0.03574808
v 0.81378424 -0.01867920 -0.03348133
v 0.81508017 -0.01256096 -0.03357641
v 0.81351578 -0.02394438 -0.03473000
v 0.81661952 -0.02460462 -0.03651305
v 0.81805062 -0.01443696 -0.03855149
v 0.81853610 -0.01948202 -0.03937723
v 0.81833148 -0.02417362 -0.04398495
v 0.81888187 -0.02469653 -0.04015920
v 0.81788927 -0.01916313 -0.04326428
v 0.81804502 -0.01512790 -0.04203822
v 0.81803882 -0.01038682 -0.03811291
v 0.81872696 -0.02899253 -0.04066852
v 0.81574333 -0.03048366 -0.04135775
v 0.81413198 -0.02826899 -0.03699996
v 0.81691110 -0.02793103 -0.03739740
v 0.80982959 -0.01072615 -0.03230250
v 0.81008250 -0.01764834 -0.03346104
v 0.81008303 -0.02342170 -0.03535942
v 0.81087732 -0.02778614 -0.03797742
v 0.80735332 -0.02324349 -0.03737678
v 0.80657125 -0.01758498 -0.03528957
v 0.80845088 -0.02667683 -0.03985677
v 0.80588770 -0.02332079 -0.04029170
v 0.80421615 -0.01796824 -0.03875561
v 0.80271339 -0.00988823 -0.03725599
v 0.80553889 -0.00977236 -0.03374577
v 0.80726397 -0.02570593 -0.04135788
v 0.81274599 -0.02968782 -0.04236225
v 0.81695306 -0.01788419 -0.04613373
v 0.81671900 -0.02354246 -0.04656678
v 0.81453454 -0.01769227 -0.04804979
v 0.81441855 -0.02323061 -0.04802626
v 0.81869709 -0.02778310 -0.04410470
v 0.81661582 -0.02838379 -0.04566824
v 0.80103862 -0.00505477 -0.03661103
v 0.80114448 -0.00533676 -0.04241287
v 0.80255580 -0.01006079 -0.04284848
v 0.80400813 -0.01797223 -0.04387439
v 0.80556417 -0.01050133 -0.04706436
v 0.81071222 -0.01146072 -0.04855110
v 0.81126589 -0.01793772 -0.04869971
v 0.80721694 -0.01760530 -0.04778355
v 0.80832928 -0.02313060 -0.04723567
v 0.81125915 -0.02323610 -0.04828082
v 0.80623245 -0.02343482 -0.04406791
v 0.81098843 -0.02682513 -0.04668412
v 0.81384993 -0.02788532 -0.04654210
v 0.80906880 -0.02576071 -0.04620090
v 0.80809188 -0.02615660 -0.04379256
v 0.80999529 -0.02803159 -0.04329647
v 0.79854727 0.00844628 -0.06636716
v 0.79988539 0.01008636 -0.06164811
v 0.80251551 0.00430644 -0.06198415
v 0.80065519 0.00274867 -0.06695001
v 0.80738497 0.01631927 -0.05914693
v 0.81167698 0.02021977 -0.06204168
v 0.81466365 0.01227516 -0.06215164
v 0.80996221 0.00875348 -0.05946122
v 0.81286621 0.02222332 -0.06914176
v 0.81565088 0.01424068 -0.06904655
v 0.78751314 0.02567899 -0.05579247
v 0.78932637 0.03128144 -0.05778686
v 0.80449039 0.02598014 -0.06050784
v 0.80106765 0.02120483 -0.05783568
v 0.78131562 0.01701480 -0.06986369
v 0.78373837 0.01986733 -0.07377792
v 0.80302399 0.01281780 -0.05941446
v 0.80562681 0.00616205 -0.05977137
v 0.79860187 0.00862902 -0.07127450
v 0.80112386 0.01037163 -0.07548770
v 0.79582828 0.01558077 -0.07467417
v 0.79365325 0.01282233 -0.07079744
v 0.78260624 0.01775968 -0.05732344
v 0.78127205 0.01664761 -0.06359356
v 0.78518736 0.02135360 -0.05542769
v 0.78922307 0.03179109 -0.07124281
v 0.78720069 0.02595389 -0.07460067
v 0.79970574 0.01994175 -0.07649783
v 0.80348128 0.02496937 -0.07413992
v 0.79750782 0.01740164 -0.05821302
v 0.79339743 0.01228893 -0.06530941
v 0.79475290 0.01390755 -0.06027729
v 0.80986071 0.01786888 -0.07543233
v 0.80480593 0.02834105 -0.06728809
v 0.80372393 0.00372756 -0.07614291
v 0.80712330 -0.00459158 -0.07651431
v 0.81161928 -0.00268883 -0.07668929
v 0.80814636 0.00586426 -0.07694046
v 0.80517733 0.01320672 -0.07677494
v 0.81263804 0.00976694 -0.07515620
v 0.80499780 -0.00484866 -0.06308932
v 0.80314779 -0.00573719 -0.06829983
v 0.80840647 -0.00364381 -0.06052540
v 0.79012746 0.03511328 -0.06405859
v 0.81738091 0.00067598 -0.06288423
v 0.81259024 -0.00185370 -0.06048546
v 0.80341876 -0.00573421 -0.07329720
v 0.80067927 0.00272757 -0.07206661
v 0.81569701 -0.00018859 -0.07466413
v 0.81825495 0.00224847 -0.06894249
v 0.81740266 -0.00836879 -0.07459407
v 0.82007527 -0.00701880 -0.06944354
v 0.81911415 -0.00806111 -0.06378395
v 0.81409073 -0.00874615 -0.06128678
v 0.80979937 -0.00911385 -0.06152856
v 0.81359398 -0.00996083 -0.07662178
v 0.80931360 -0.01069957 -0.07656787
v 0.80538774 -0.01075560 -0.07367472
v 0.81312317 -0.01713312 -0.07648815
v 0.81723553 -0.01728594 -0.07468529
v 0.81814170 -0.02451158 -0.06578876
v 0.81795102 -0.02990043 -0.06553656
v 0.81554312 -0.02904701 -0.06331232
v 0.81681138 -0.02308631 -0.06304251
v 0.81893277 -0.02048421 -0.06646322
v 0.81871057 -0.01697296 -0.06429186
v 0.81908834 -0.02003962 -0.06974010
v 0.81904578 -0.02486843 -0.06989011
v 0.81693763 -0.03057939 -0.07334991
v 0.81908244 -0.03103846 -0.06984732
v 0.81680465 -0.02489316 -0.07299609
v 0.81752110 -0.02069402 -0.07254760
v 0.81498516 -0.03430152 -0.06512250
v 0.81767374 -0.03407818 -0.06589024
v 0.82030237 -0.01534301 -0.06988244
v 0.81426179 -0.01476651 -0.06177960
v 0.81339568 -0.02199006 -0.06166825
v 0.81223333 -0.02859724 -0.06271555
v 0.81164366 -0.03368163 -0.06522776
v 0.80892873 -0.02826047 -0.06344701
v 0.80930644 -0.02174401 -0.06215201
v 0.80908573 -0.03238958 -0.06604837
v 0.80641025 -0.02819085 -0.06585558
v 0.80564225 -0.02186424 -0.06471087
v 0.80649799 -0.01385635 -0.06467150
v 0.80996495 -0.01391876 -0.06202228
v 0.80752146 -0.03116262 -0.06704786
v 0.81548232 -0.03731030 -0.06924087
v 0.81203783 -0.03614640 -0.06920063
v 0.81897247 -0.03643405 -0.06950322
v 0.81481189 -0.02420133 -0.07446286
v 0.81439513 -0.03027821 -0.07422577
v 0.81243819 -0.02412325 -0.07598013
v 0.81217796 -0.03031021 -0.07522015
v 0.81721860 -0.03495723 -0.07303053
v 0.81486464 -0.03535414 -0.07334353
v 0.80659497 -0.00971025 -0.06416196
v 0.80476964 -0.01034015 -0.06891606
v 0.80454248 -0.01426607 -0.06934851
v 0.80415344 -0.02220511 -0.06960128
v 0.80549240 -0.01490891 -0.07397452
v 0.80919492 -0.01637882 -0.07638077
v 0.80927277 -0.02337641 -0.07593936
v 0.80582535 -0.02263516 -0.07394440
v 0.80683815 -0.02845287 -0.07335079
v 0.80965197 -0.02944052 -0.07489343
v 0.80541337 -0.02827299 -0.06972758
v 0.80972159 -0.03332275 -0.07292441
v 0.81220323 -0.03481227 -0.07333623
v 0.80774009 -0.03160763 -0.07222284
v 0.80732310 -0.03182065 -0.06954195
v 0.80940372 -0.03421283 -0.06931071
v 0.78617090 0.00374436 -0.08658157
v 0.78955257 0.00566286 -0.08289337
v 0.79042113 0.00134182 -0.08245598
v 0.78646845 -0.00052357 -0.08623017
v 0.79721743 0.01074785 -0.08300541
v 0.79938698 0.01361626 -0.08591415
v 0.80043590 0.00575781 -0.08608437
v 0.79842365 0.00415385 -0.08311424
v 0.79902422 0.01432520 -0.09223142
v 0.80014187 0.00559026 -0.09121481
v 0.78379554 0.02186009 -0.07928349
v 0.78494859 0.02630368 -0.08202995
v 0.79488939 0.01974556 -0.08453944
v 0.79318357 0.01594836 -0.08148216
v 0.79340386 0.00797212 -0.08194467
v 0.79482585 0.00260305 -0.08189020
v 0.78482687 0.00287229 -0.09100939
v 0.78588510 0.00359386 -0.09456579
v 0.78163576 0.00823027 -0.09386316
v 0.78091532 0.00718576 -0.09038779
v 0.77299505 0.01322821 -0.08365692
v 0.77636528 0.01510856 -0.07969231
v 0.78025162 0.01812536 -0.07858431
v 0.77846289 0.02341834 -0.09338547
v 0.77439803 0.01799297 -0.09389446
v 0.78495228 0.01175764 -0.09650922
v 0.78983206 0.01712683 -0.09607413
v 0.78952527 0.01234323 -0.08091217
v 0.78218997 0.00696778 -0.08543313
v 0.78549933 0.00937986 -0.08177927
v 0.79465342 0.01045769 -0.09680818
v 0.79325080 0.02081707 -0.09058311
v 0.78660607 -0.00069875 -0.09493545
v 0.78997386 -0.00973082 -0.09422520
v 0.79422784 -0.00917572 -0.09534910
v 0.79122591 0.00082129 -0.09687205
v 0.78933609 0.00641793 -0.09717578
v 0.79627329 0.00364053 -0.09576871
v 0.79140097 -0.00704622 -0.08183473
v 0.78802013 -0.00826842 -0.08574867
v 0.79594922 -0.00642258 -0.08130100
v 0.78296781 0.02747333 -0.08809377
v 0.77152175 0.01343843 -0.09222542
v 0.80244285 -0.00555754 -0.08501151
v 0.79966605 -0.00595117 -0.08230162
v 0.78728306 -0.00922400 -0.09071520
v 0.78513008 -0.00113821 -0.09101178
v 0.79905379 -0.00733489 -0.09417394
v 0.80249703 -0.00523579 -0.08995767
v 0.80025196 -0.01518321 -0.09297842
v 0.80365592 -0.01371950 -0.08870569
v 0.80365425 -0.01366585 -0.08367723
v 0.80028397 -0.01295388 -0.08126828
v 0.79654360 -0.01235199 -0.08063540
v 0.79505730 -0.01607591 -0.09373114
v 0.79143751 -0.01561260 -0.09251982
v 0.78896421 -0.01385862 -0.08968329
v 0.79443210 -0.02084076 -0.09254095
v 0.79917616 -0.02181041 -0.09076741
v 0.80075967 -0.02744132 -0.08135888
v 0.80033600 -0.03237462 -0.08009949
v 0.79938233 -0.03148454 -0.07822207
v 0.80055779 -0.02630371 -0.07948846
v 0.80202270 -0.02393019 -0.08292073
v 0.80268502 -0.02086806 -0.08222377
v 0.80188125 -0.02384835 -0.08607668
v 0.80106974 -0.02838171 -0.08510754
v 0.79736274 -0.03282523 -0.08694243
v 0.80048513 -0.03332001 -0.08386117
v 0.79792064 -0.02797830 -0.08810702
v 0.79971904 -0.02440286 -0.08873734
v 0.79868174 -0.03590876 -0.07835636
v 0.80002999 -0.03583652 -0.07976592
v 0.80286384 -0.02016622 -0.08706638
v 0.80001515 -0.01860452 -0.07970002
v 0.79841995 -0.02470821 -0.07789695
v 0.79706752 -0.03032100 -0.07687610
v 0.79573452 -0.03466201 -0.07755572
v 0.79403597 -0.02901173 -0.07707047
v 0.79504180 -0.02341950 -0.07779583
v 0.79306471 -0.03287429 -0.07787743
v 0.79133254 -0.02827585 -0.07843563
v 0.79159218 -0.02268648 -0.07898265
v 0.79265386 -0.01635021 -0.08078569
v 0.79631948 -0.01718259 -0.07945144
v 0.79146057 -0.03134382 -0.07882208
v 0.79746956 -0.03822935 -0.08183590
v 0.79406494 -0.03700787 -0.08132067
v 0.79989475 -0.03744441 -0.08279160
v 0.79590267 -0.02726948 -0.08993986
v 0.79507017 -0.03245211 -0.08818403
v 0.79286152 -0.02645481 -0.09042215
v 0.79249561 -0.03182471 -0.08838665
v 0.79771060 -0.03621721 -0.08579475
v 0.79577792 -0.03632188 -0.08603519
v 0.79265320 -0.01204109 -0.08195922
v 0.78959799 -0.01253206 -0.08540341
v 0.78980511 -0.01629257 -0.08402088
v 0.78866798 -0.02294093 -0.08224955
v 0.78893590 -0.01742172 -0.08818811
v 0.79081756 -0.01998687 -0.09087113
v 0.78995621 -0.02564949 -0.08902320
v 0.78801644 -0.02418876 -0.08629528
v 0.78844845 -0.02932352 -0.08503124
v 0.79004323 -0.03068578 -0.08726555
v 0.78893387 -0.02861387 -0.08128527
v 0.79070061 -0.03393024 -0.08469290
v 0.79293543 -0.03563845 -0.08563724
v 0.78937835 -0.03221083 -0.08368498
v 0.79014033 -0.03222597 -0.08095416
v 0.79162377 -0.03468227 -0.08093247
v 0.77152044 0.01301858 -0.08827506
v 0.76460135 0.00005949 -0.10620147
v 0.76786208 0.00131807 -0.10357186
v 0.76800948 -0.00209939 -0.10387772
v 0.76458555 -0.00273758 -0.10637563
v 0.77511096 0.00578910 -0.10489434
v 0.77666074 0.00738543 -0.10874456
v 0.77684748 0.00076753 -0.10900643
v 0.77550769 -0.00020474 -0.10518816
v 0.77450615 0.00717014 -0.11411083
v 0.77471697 0.00080585 -0.11381090
v 0.76340169 0.01786435 -0.09875628
v 0.76265538 0.02185115 -0.10211004
v 0.77278447 0.01336533 -0.10671434
v 0.77172518 0.01096055 -0.10288975
v 0.75312340 0.00581479 -0.10537910
v 0.75221717 0.00775722 -0.10963048
v 0.74649835 0.01177171 -0.10704714
v 0.74569684 0.01095082 -0.10241577
v 0.77165484 0.00369751 -0.10312286
v 0.77197766 -0.00127351 -0.10367516
v 0.76243776 -0.00055718 -0.10950044
v 0.76190424 -0.00051397 -0.11332014
v 0.75990462 0.00284061 -0.11290121
v 0.76030147 0.00201055 -0.10856697
v 0.75783294 0.00895163 -0.09801775
v 0.75573957 0.00597516 -0.10164984
v 0.74817228 0.00996809 -0.09783168
v 0.75300747 0.01173246 -0.09478191
v 0.76116365 0.01252234 -0.09801497
v 0.75510633 0.01675472 -0.11270057
v 0.75292915 0.01147813 -0.11227049
v 0.76169342 0.00587600 -0.11581671
v 0.76613694 0.00983322 -0.11599858
v 0.76933849 0.00739363 -0.10203606
v 0.76223618 0.00315654 -0.10484082
v 0.76612622 0.00426012 -0.10256851
v 0.76929474 0.00411391 -0.11671954
v 0.77043152 0.01391274 -0.11212251
v 0.76187932 -0.00396919 -0.11373210
v 0.76279491 -0.01038939 -0.11363420
v 0.76553094 -0.01052552 -0.11598364
v 0.76485801 -0.00318271 -0.11674497
v 0.76456130 0.00104401 -0.11628065
v 0.76966655 -0.00163734 -0.11688954
v 0.76868021 -0.00855917 -0.10356057
v 0.76488328 -0.00865352 -0.10612309
v 0.77246284 -0.00839239 -0.10352716
v 0.75941080 0.02277955 -0.10787749
v 0.77736640 -0.00818515 -0.10858443
v 0.77572638 -0.00842428 -0.10509312
v 0.76281297 -0.00948864 -0.10976669
v 0.76239920 -0.00358063 -0.10980240
v 0.77001208 -0.00985026 -0.11610666
v 0.77507472 -0.00823224 -0.11311284
v 0.77042449 -0.01641923 -0.11512184
v 0.77601945 -0.01490450 -0.11263931
v 0.77780318 -0.01409256 -0.10800570
v 0.77620798 -0.01312000 -0.10472336
v 0.77319098 -0.01245916 -0.10331246
v 0.76564014 -0.01636130 -0.11471072
v 0.76353097 -0.01534498 -0.11227763
v 0.76391000 -0.01375312 -0.10903230
v 0.76607364 -0.02093863 -0.11288142
v 0.77085042 -0.02175421 -0.11322615
v 0.77700675 -0.02471220 -0.10549569
v 0.77727652 -0.02818078 -0.10397220
v 0.77687687 -0.02762711 -0.10213241
v 0.77731121 -0.02349550 -0.10370329
v 0.77705634 -0.02175236 -0.10756510
v 0.77748179 -0.01913702 -0.10692510
v 0.77551293 -0.02196610 -0.11031741
v 0.77594447 -0.02580696 -0.10867637
v 0.77247506 -0.03066522 -0.10906059
v 0.77639091 -0.02981484 -0.10730356
v 0.77235627 -0.02691036 -0.11099026
v 0.77291954 -0.02361232 -0.11184451
v 0.77651465 -0.03154558 -0.10176253
v 0.77741885 -0.03118455 -0.10346836
v 0.77550983 -0.01922816 -0.11136264
v 0.77632809 -0.01719058 -0.10398066
v 0.77622914 -0.02245080 -0.10190287
v 0.77561259 -0.02754956 -0.10027692
v 0.77432561 -0.03151983 -0.10043707
v 0.77329421 -0.02651465 -0.09977850
v 0.77383149 -0.02125692 -0.10107785
v 0.77222264 -0.03014815 -0.10017210
v 0.77082896 -0.02566832 -0.10025412
v 0.77065468 -0.02046204 -0.10128149
v 0.77008569 -0.01531243 -0.10271972
v 0.77363133 -0.01593375 -0.10268423
v 0.77082503 -0.02872384 -0.10029057
v 0.77450550 -0.03416312 -0.10406649
v 0.77224064 -0.03343511 -0.10255957
v 0.77631617 -0.03321046 -0.10603955
v 0.76964873 -0.02672058 -0.11142543
v 0.76998842 -0.03107649 -0.10903645
v 0.76679146 -0.02570361 -0.11071062
v 0.76786971 -0.03041822 -0.10781473
v 0.77335578 -0.03316152 -0.10773057
v 0.77166009 -0.03382564 -0.10667804
v 0.76939899 -0.01222646 -0.10325965
v 0.76586902 -0.01260245 -0.10560134
v 0.76649177 -0.01587242 -0.10461342
v 0.76722431 -0.02077264 -0.10282478
v 0.76421571 -0.01734370 -0.10770816
v 0.76395392 -0.01924580 -0.11072400
v 0.76503932 -0.02440518 -0.10861510
v 0.76489896 -0.02254468 -0.10566577
v 0.76654959 -0.02741003 -0.10374600
v 0.76665634 -0.02909017 -0.10594204
v 0.76821160 -0.02601254 -0.10155404
v 0.76879728 -0.03150666 -0.10359794
v 0.76984179 -0.03308570 -0.10497791
v 0.76823926 -0.02988386 -0.10266602
v 0.76949447 -0.02953881 -0.10135093
v 0.77061951 -0.03172863 -0.10169154
v 0.74807841 0.01430729 -0.10959327
v 0.75326866 0.00199082 -0.01988748
v 0.75291651 0.00238461 -0.01478742
v 0.74677628 -0.01327153 -0.02523275
v 0.74999607 -0.00689089 -0.02627505
v 0.74430060 -0.01743552 -0.02026072
v 0.74557763 -0.01335383 -0.00988826
v 0.74420691 -0.01662073 -0.01445259
v 0.75230598 -0.00144569 -0.02374686
v 0.75140858 -0.00011757 -0.01001510
v 0.74813378 -0.00696961 -0.00770010
v 0.76031512 -0.00730941 -0.00757670
v 0.75724804 -0.01388895 -0.00632721
v 0.75342619 -0.02046542 -0.00934789
v 0.75106740 -0.02197744 -0.01480569
v 0.74976903 -0.02101666 -0.02035601
v 0.76087815 -0.00249809 -0.01288405
v 0.76024896 -0.00184898 -0.01813982
v 0.75786376 -0.00466008 -0.02268128
v 0.76883942 -0.00823129 -0.01119509
v 0.77151662 -0.01501001 -0.00726417
v 0.76993805 -0.02927669 -0.00937971
v 0.77402258 -0.03149386 -0.00919816
v 0.77228415 -0.03252523 -0.01323429
v 0.76722091 -0.03044027 -0.01291892
v 0.76774579 -0.02664012 -0.00921369
v 0.76315832 -0.02650025 -0.01112103
v 0.77364123 -0.02532355 -0.00609002
v 0.77040273 -0.02297677 -0.00697690
v 0.77340728 -0.01953824 -0.00632161
v 0.77701139 -0.02038036 -0.00603920
v 0.77766174 -0.02815931 -0.00548914
v 0.78106910 -0.03000617 -0.00706998
v 0.77773774 -0.03257124 -0.00922203
v 0.77755201 -0.03267815 -0.01247817
v 0.76707447 -0.02061328 -0.00684947
v 0.75761867 -0.02656229 -0.01632231
v 0.76457000 -0.03015643 -0.01742727
v 0.00000313 0.09805383 -0.11646743
v 0.00000348 0.10954946 -0.11346628
v 0.77137685 -0.03177493 -0.01763237
v 0.77736139 -0.03101356 -0.01654449
v 0.77135122 -0.02849007 -0.02154627
v 0.76383865 -0.02746681 -0.02242795
v 0.77661425 -0.02762507 -0.01958326
v 0.77238607 -0.02442487 -0.02331716
v 0.76537424 -0.02237656 -0.02515605
v 0.75587624 -0.01862169 -0.02511317
v 0.75515926 -0.02407103 -0.02164063
v 0.77602434 -0.02514982 -0.02136639
v 0.78271687 -0.02975322 -0.01071027
v 0.78185582 -0.02737527 -0.01465228
v 0.77748221 -0.01652994 -0.00843850
v 0.78170604 -0.01956781 -0.00880224
v 0.78054440 -0.02288303 -0.00586233
v 0.77646768 -0.01286674 -0.01194239
v 0.78139496 -0.01727445 -0.01263398
v 0.78281564 -0.02584292 -0.00630116
v 0.78397954 -0.02404692 -0.00926292
v 0.75117898 -0.01644471 -0.02486208
v 0.75447977 -0.01008504 -0.02538441
v 0.75928676 -0.01214883 -0.02482542
v 0.76807892 -0.01628697 -0.02394420
v 0.76372170 -0.00729797 -0.02168491
v 0.76708734 -0.00565846 -0.01616934
v 0.77492523 -0.01123908 -0.01635265
v 0.77178830 -0.01226210 -0.02093035
v 0.77713597 -0.01705217 -0.01978871
v 0.77970994 -0.01637949 -0.01662055
v 0.77456903 -0.02012869 -0.02206060
v 0.78126830 -0.02087523 -0.01684746
v 0.78330785 -0.02219912 -0.01342270
v 0.77913523 -0.02022438 -0.01886615
v 0.77790618 -0.02264471 -0.01996571
v 0.77997983 -0.02478178 -0.01786050
v 0.74129182 0.01264662 -0.10180905
v 0.74396676 0.01159544 -0.09607551
v 0.73781341 0.01232789 -0.09525995
v 0.73009169 0.01109393 -0.09410898
v 0.72113341 0.01293122 -0.09829002
v 0.73218942 0.01179911 -0.08754162
v 0.74026483 0.01294741 -0.08906778
v 0.74913299 0.01285902 -0.08996247
v 0.72696626 0.01278361 -0.08065348
v 0.01662509 0.07136074 0.05709900
v 0.01712835 0.05462690 0.06750944
v 0.28900161 0.04931514 -0.00204571
v 0.28708953 0.06697562 -0.00315761
v 0.28518721 0.10173865 -0.04488263
v 0.28147656 0.10001363 -0.06717853
v 0.06498843 -0.22328605 0.12732412
v 0.10972263 -0.17450038 -0.08507591
v 0.11233318 -0.15497783 -0.09130097
v 0.03667070 -0.15642218 -0.11540062
v 0.05645370 -0.16056091 -0.11397688
v 0.14373432 -0.19130538 0.03131920
v 0.14364810 -0.17157798 0.02866600
v 0.10356593 -0.20017137 0.09156215
v 0.10440755 -0.17841849 0.08906435
v 0.13517605 -0.21472163 0.05740286
v 0.08029769 -0.20671703 -0.09869811
v 0.09908360 -0.20902508 -0.09064919
v 0.09461841 -0.18904319 -0.09300780
v 0.07665808 -0.18603748 -0.10242432
v 0.01782355 -0.15276173 -0.11168617
v 0.01794392 -0.17572543 -0.10455943
v 0.14999257 -0.15000157 0.00108249
v 0.14950746 -0.14853193 -0.02613573
v 0.13105477 -0.14191064 -0.07486307
v 0.11587489 -0.13564824 -0.09340498
v 0.09839158 -0.12791884 -0.10672553
v 0.07933683 -0.12000678 -0.11655094
v 0.08926909 -0.15685782 0.10387675
v 0.07115093 -0.13516766 0.11292438
v 0.14403111 -0.15138026 0.02727290
v 0.02496984 -0.15610147 0.13280474
v 0.06326868 -0.08860398 -0.12873930
v 0.04009316 -0.08392937 -0.13209194
v 0.14280710 -0.14604312 -0.05176215
v 0.03306420 0.01414744 0.09562053
v 0.05117413 0.01734357 0.09389582
v 0.05055955 0.00160909 0.10485668
v 0.03268779 -0.00242266 0.10550668
v 0.06790876 0.00381374 0.10288164
v 0.08452560 0.00496185 0.09910379
v 0.09971256 0.00515663 0.09396882
v 0.13501018 0.00067271 0.07520826
v 0.12484436 0.00298191 0.08176332
v 0.15148401 -0.00812524 0.05967066
v 0.14397071 -0.00251020 0.06795036
v 0.15754777 -0.01871083 0.04966070
v 0.16096541 -0.03129882 0.03683858
v 0.16541067 -0.02962465 0.01463723
v 0.16357088 -0.04341803 0.02156872
v 0.15870109 -0.04542233 0.04537234
v 0.15518218 -0.03246472 0.05772575
v 0.14932348 -0.02242411 0.06799746
v 0.01977595 -0.07108889 0.12034243
v 0.01706890 -0.04624899 0.11875537
v 0.01522968 0.08720652 0.04772222
v 0.48821375 0.01953809 -0.09306791
v 0.61355406 0.05037684 -0.03154032
v 0.01699569 0.11162977 -0.11466666
v 0.03538715 0.11587632 -0.11618669
v 0.09689640 0.12932858 -0.10543206
v 0.11197613 0.13970067 -0.08732685
v 0.07616898 0.11964626 -0.11625423
v 0.05510641 0.11109605 -0.12046199
v 0.13207021 -0.13369405 0.05013515
v 0.03650483 0.07930297 -0.12728359
v 0.05641102 0.09947166 -0.12518403
v 0.07851235 0.10807332 -0.12216979
v 0.10171655 0.11841530 -0.11202143
v 0.12437260 0.12970242 -0.09298871
v 0.14015768 0.12795277 -0.08530154
v 0.15857744 0.10999546 -0.08942223
v 0.17488897 0.11326027 -0.08070522
v 0.17734946 0.12684776 -0.06557046
v 0.16897108 0.12556089 -0.06994991
v 0.16630025 0.11119977 -0.08464556
v 0.24942692 0.10632317 -0.07486344
v 0.27232116 0.08533115 -0.08799335
v 0.26409051 0.09759958 -0.07992586
v 0.27614614 0.07038546 -0.09443998
v 0.27717009 0.05915090 -0.09756770
v 0.27342239 0.04799232 -0.09895417
v 0.26343524 0.03879285 -0.09859449
v 0.22534758 0.01940688 -0.08806962
v 0.20905200 0.01256941 -0.08368638
v 0.17553429 -0.01492793 -0.08851560
v 0.16748928 -0.02130429 -0.09130397
v 0.14736548 -0.04941714 -0.09985812
v 0.13606693 -0.06223757 -0.10298043
v 0.00000262 0.14615104 -0.10107479
v 0.12478162 -0.07701140 -0.10748386
v -0.00000060 -0.05678482 -0.13294835
v -0.00000018 -0.03569804 -0.13538043
v 0.00000005 -0.12663376 -0.11361370
v -0.00000102 -0.10533236 -0.12342165
v 0.12224751 -0.30249035 -0.09848543
v 0.11728045 -0.28505021 -0.09302990
v 0.09723284 -0.28650817 -0.10358321
v 0.00000056 -0.26837268 -0.10257794
v 0.00000024 -0.24765350 -0.09375332
v 0.00000073 -0.19637272 -0.09328835
v 0.00000083 -0.17242865 -0.09792026
v 0.10249181 -0.30459610 -0.10983587
v 0.04601160 -0.24847496 -0.10014596
v 0.00000119 -0.00262467 -0.13465956
v 0.00000086 0.01061963 -0.12954050
v 0.00000113 0.02736183 -0.12835371
v 0.02317159 -0.24824040 -0.09797972
v 0.16063064 -0.28593913 -0.03508209
v 0.16436104 -0.28963587 -0.00813033
v 0.13522065 -0.28389648 -0.07801189
v 0.15013196 -0.28418621 -0.05878505
v 0.16095778 -0.29521307 0.01882849
v 0.10201844 -0.32639268 0.09944712
v 0.08207589 -0.33269438 0.11403623
v 0.04048700 -0.34097046 0.13279416
v 0.01990791 -0.34331059 0.13645004
v 0.15197636 -0.30271426 0.04337606
v 0.06127967 -0.33758819 0.12540500
v 0.13821173 -0.31105158 0.06438315
v 0.12083831 -0.31911945 0.08284933
v 0.06723905 -0.24868985 -0.09934997
v 0.07141073 -0.26869220 -0.10357973
v 0.00000514 0.13724193 0.02836345
v 0.00000502 0.12809020 0.02752469
v 0.09178502 -0.26808020 -0.09888063
v 0.05766717 -0.01400976 -0.14243884
v 0.03718431 -0.01570755 -0.14140053
v 0.07828957 -0.01051414 -0.14167951
v 0.09429403 0.01250513 -0.14058551
v 0.09724510 -0.00487858 -0.13843691
v 0.11504764 0.00163572 -0.13312979
v 0.00000470 0.14652002 0.03077266
v 0.00000428 0.06948862 0.05873813
v 0.00000405 0.05208743 0.06874655
v 0.11223467 0.01864858 -0.13521641
v 0.00000263 -0.04977230 0.11710643
v 0.00000315 -0.07448922 0.11884166
v 0.00000457 0.08561929 0.04876003
v 0.00000301 -0.09693540 0.11748051
v 0.14331000 0.02915451 -0.11859760
v 0.14489126 0.01551820 -0.11707548
v 0.15635389 0.02006687 -0.11089399
v 0.15528847 0.03282699 -0.11236998
v 0.17790151 0.02720429 -0.10196018
v 0.16708401 0.02352341 -0.10626376
v 0.18898878 0.03209088 -0.09721045
v 0.20310970 0.03761989 -0.09696706
v 0.19909307 0.06342384 -0.10097969
v 0.18709993 0.05766024 -0.10237352
v 0.14352965 0.04400275 -0.11807462
v 0.12862484 0.04052981 -0.12678899
v 0.03617069 0.01661044 -0.13759042
v 0.01771962 0.01272946 -0.13314489
v 0.16624008 -0.04968755 0.00250186
v 0.16874561 -0.05441306 -0.01817053
v 0.16997069 -0.05638704 -0.03768105
v 0.16810389 -0.05506147 -0.05501020
v 0.16605978 -0.05169586 -0.07115927
v 0.16098419 -0.04591615 -0.08496760
v 0.16071564 -0.02912648 -0.09389780
v 0.15447380 -0.03817994 -0.09671939
v -0.00000014 -0.46927491 -0.12931001
v 0.15588476 -0.02009451 -0.10229977
v 0.14777464 -0.02891167 -0.10656784
v 0.13531436 -0.00511508 -0.12104444
v 0.14120275 -0.01791298 -0.11465565
v 0.13094158 0.00920859 -0.12546612
v 0.12862614 0.02456209 -0.12743311
v 0.11147533 0.03620528 -0.13515882
v 0.09333967 0.03083223 -0.14074439
v 0.07557078 0.06151255 -0.13744555
v 0.07478909 0.04397016 -0.14075135
v 0.07451270 0.02562062 -0.14286177
v 0.07509761 0.00772571 -0.14321244
v 0.07428664 0.15371910 -0.08490895
v 0.05666825 0.14767760 -0.09619670
v 0.25575340 0.04418734 -0.09936310
v 0.26109213 0.05148267 -0.09957733
v 0.00000037 -0.41902319 -0.14996509
v 0.00000073 -0.39569220 -0.15064098
v 0.25146770 0.05219541 -0.09993640
v 0.25042987 0.04684073 -0.09971157
v 0.26265466 0.06025692 -0.09895265
v 0.26142591 0.07148840 -0.09694260
v 0.24980807 0.07042831 -0.09837002
v 0.25100642 0.05950835 -0.09994043
v 0.25794417 0.08402384 -0.09230198
v 0.24620752 0.08187251 -0.09522145
v 0.25136751 0.09464777 -0.08702131
v 0.24206151 0.10169125 -0.08328576
v 0.23793629 0.09751443 -0.08768898
v 0.24183980 0.09143704 -0.09123284
v 0.20743494 0.09392139 -0.09261878
v 0.21895561 0.09619898 -0.09045089
v 0.22998050 0.09716994 -0.08850753
v 0.21743530 0.04440216 -0.09876638
v 0.22965439 0.05220378 -0.10012765
v 0.24036610 0.05759426 -0.10041254
v 0.23843583 0.06804648 -0.09953515
v 0.22740884 0.06245377 -0.10019732
v 0.00000018 -0.43964779 -0.14526512
v 0.21504186 0.05522334 -0.10017848
v 0.05528143 0.00443578 -0.14328267
v 0.03622792 0.00076978 -0.14035644
v 0.00000020 -0.45546618 0.11119978
v 0.00000003 -0.47176385 0.10532183
v 0.17638940 0.03917431 -0.10345428
v 0.00000014 -0.48628071 0.09651529
v -0.00000009 -0.49954000 0.08502987
v 0.16644493 0.03612167 -0.10781697
v 0.18734689 0.04340950 -0.10008670
v 0.20104201 0.04930099 -0.09972210
v 0.17650045 0.05335473 -0.10439120
v 0.16636379 0.04982623 -0.10780884
v 0.15549132 0.04686193 -0.11213836
v 0.05521588 0.02102717 -0.14138786
v 0.01795714 -0.00183041 -0.13687368
v 0.00000075 -0.34806830 -0.14073417
v 0.00000083 -0.32550204 -0.13186321
v 0.00000058 -0.36581245 0.13074420
v 0.00000439 0.15410060 0.03333825
v -0.00000123 0.19571330 -0.07770198
v 0.00000535 0.11785076 0.02839778
v 0.00000521 0.10799670 0.03370886
v -0.00000046 -0.51087797 -0.01714204
v 0.00000492 0.09742752 0.04152335
v -0.00000049 -0.51040053 -0.02987108
v 0.00000063 -0.14883426 -0.10499208
v 0.17638774 0.09343075 0.01907750
v 0.17814901 0.11907669 0.00469500
v 0.18096788 0.13426432 -0.01805891
v 0.18036786 0.13609973 -0.04382001
v 0.41477469 -0.00691228 -0.05442557
v 0.01888565 -0.19897079 -0.09937592
v 0.02073161 -0.22306575 -0.09667077
v 0.04195987 -0.22509712 -0.09983103
v 0.01907152 -0.08201337 -0.13121936
v 0.01814668 -0.01660378 -0.13917533
v 0.11065082 -0.02545293 0.10992100
v 0.09790473 -0.02470095 0.11536289
v 0.09857623 -0.00964392 0.10552046
v 0.11164127 -0.01043700 0.09972389
v 0.13143797 -0.02800332 0.09454735
v 0.12201324 -0.02662012 0.10257742
v 0.12314359 -0.01183639 0.09263808
v 0.13314950 -0.01385446 0.08507702
v 0.13977024 -0.03104258 0.08581104
v 0.14175183 -0.01698697 0.07697984
v 0.12066919 -0.04273495 0.11034737
v 0.10957292 -0.04184159 0.11749922
v 0.09705704 -0.04085286 0.12248291
v 0.13744280 -0.04533672 0.09316394
v 0.12986408 -0.04364710 0.10196349
v 0.01026081 0.15555817 0.03226299
v 0.01280923 0.11080051 0.03380803
v 0.01202138 0.12053990 0.02909426
v 0.01599867 -0.02528227 0.11312521
v 0.01574746 0.00933724 0.09660077
v 0.01651438 0.02111135 0.08550219
v 0.01692670 0.03706720 0.07653383
v 0.01427150 0.09993888 0.04034131
v 0.01565869 -0.00739964 0.10533682
v 0.16581982 -0.47468257 -0.07871113
v 0.14742562 -0.49163356 -0.09892070
v 0.15375620 -0.46480688 -0.09633980
v 0.13957801 -0.47748092 -0.11005582
v 0.16592114 -0.39471096 -0.07158929
v 0.16456449 -0.42118001 -0.07793666
v 0.16661692 -0.36689350 -0.06756178
v 0.11955871 -0.48500648 -0.12323409
v 0.09407812 -0.48746368 -0.13259822
v 0.09217775 -0.46762249 -0.14040300
v 0.15113877 -0.36905548 -0.09287639
v 0.15104674 -0.39588979 -0.09633303
v 0.16133311 -0.44543967 -0.08605361
v 0.14830054 -0.44410408 -0.10420406
v 0.14597178 -0.45897773 -0.10635430
v 0.11668710 -0.46703264 -0.13002320
v 0.13483874 -0.46401972 -0.11709508
v 0.03417065 -0.32707402 -0.13183054
v 0.06292566 -0.32728240 -0.13011397
v 0.05903972 -0.30741146 -0.12077216
v 0.12721536 -0.32211125 -0.10398088
v 0.14048019 -0.30080679 -0.08178902
v 0.13363226 -0.44606918 -0.11983350
v 0.11493690 -0.44617784 -0.13433902
v 0.09017902 -0.44513139 -0.14575459
v 0.09008658 -0.37050301 -0.14088678
v 0.08928040 -0.39473069 -0.14617829
v 0.11268533 -0.39635193 -0.13443676
v 0.11318983 -0.37085339 -0.12949884
v 0.13116761 -0.34498385 -0.10937111
v 0.13314222 -0.37055790 -0.11357666
v 0.08941582 -0.34725142 -0.13360400
v 0.11142392 -0.34623370 -0.12354958
v 0.10751733 -0.32398686 -0.11670122
v 0.13345331 -0.39729553 -0.11755082
v 0.06035827 -0.41943428 -0.15470356
v 0.08890834 -0.42070118 -0.14813228
v 0.03051618 -0.41835055 -0.15363374
v 0.08632775 -0.32567790 -0.12524536
v 0.08192451 -0.30610085 -0.11661223
v 0.07639754 -0.28730571 -0.10927364
v 0.06309448 -0.22696795 -0.09938096
v 0.11540756 -0.70890474 0.06326462
v 0.00059478 -0.52990472 0.00875102
v 0.00078228 -0.52174348 -0.01767764
v 0.17945187 -0.43931514 0.04296439
v 0.18575867 -0.45729050 -0.03281923
v 0.17430115 -0.45003986 -0.06246339
v 0.02700710 -0.52994275 0.07428321
v 0.01089724 -0.53553045 0.05207206
v 0.16177623 -0.44841808 0.07060596
v 0.10793835 -0.49668288 0.09903463
v 0.00276749 -0.53484511 0.03036974
v 0.15009435 -0.42151177 -0.10041405
v 0.13362317 -0.42329705 -0.11966348
v 0.11349927 -0.42237806 -0.13590600
v 0.06085425 -0.44327724 -0.15203755
v 0.03010182 -0.44052848 -0.15109400
v 0.02150365 -0.47758472 0.10155690
v 0.01742476 -0.46721265 0.10628131
v 0.00913514 -0.46974590 0.10580038
v 0.00948308 -0.48437202 0.09793022
v 0.10163333 -0.34708217 0.09759065
v 0.08028131 -0.35389629 0.11076281
v 0.03800964 -0.36241481 0.12713176
v 0.01831998 -0.36456841 0.13030589
v 0.15556219 -0.32149187 0.04346862
v 0.05869158 -0.35902435 0.12088683
v 0.14119740 -0.33058801 0.06431258
v 0.12216838 -0.33934784 0.08230387
v 0.06892163 -1.15129673 -0.05612399
v 0.06938381 -1.18041968 -0.05206758
v 0.07025360 -1.17851961 -0.06775961
v 0.06721668 -1.14912117 -0.07158304
v 0.08431997 -1.14443696 -0.10040674
v 0.07238024 -1.14665592 -0.09233125
v 0.09950460 -1.14408803 -0.10209847
v 0.09653178 -1.17429292 -0.10129963
v 0.10775344 -1.17489326 -0.09404285
v 0.11294708 -1.14532173 -0.09664515
v 0.12110332 -1.14613247 -0.08699165
v 0.12498879 -1.17682302 -0.05555206
v 0.13053945 -1.14856398 -0.05600817
v 0.12701799 -1.14684641 -0.07495993
v 0.12296063 -1.17628133 -0.07362612
v 0.12459885 -1.15258539 -0.03613966
v 0.11913496 -1.17999113 -0.03580530
v 0.10916386 -1.15604317 -0.02474678
v 0.07419526 -1.15438688 -0.04034533
v 0.07266784 -1.18257999 -0.03505899
v 0.08261115 -1.17464828 -0.09986365
v 0.07315706 -1.17668033 -0.08969314
v 0.06746374 -1.14820647 -0.08238915
v 0.07166924 -1.17747748 -0.07878146
v 0.06818809 -1.20832837 -0.06346387
v 0.06155382 -1.20873964 -0.04724066
v 0.08103868 -1.20416546 -0.10017742
v 0.07522627 -1.20596480 -0.08697940
v 0.10355783 -1.20392597 -0.09205128
v 0.09383034 -1.20331776 -0.10289174
v 0.12339070 -1.20471871 -0.07304646
v 0.11608871 -1.17552137 -0.08427732
v 0.11370721 -1.20426846 -0.08244679
v 0.12430368 -1.20459545 -0.05555951
v 0.11832702 -1.20641363 -0.03226015
v 0.06769998 -1.20881033 -0.02825390
v 0.07198362 -1.20759392 -0.07543612
v 0.12032142 -1.29255056 0.12657426
v 0.12480124 -1.29256976 0.12561227
v 0.12631303 -1.29698515 0.12630931
v 0.11943165 -1.29775608 0.12775299
v 0.07575782 -1.28837574 0.13899022
v 0.08449722 -1.28667390 0.14101069
v 0.08660132 -1.29582572 0.13915823
v 0.07464281 -1.29825878 0.13699941
v 0.11065256 -1.30111837 0.13333288
v 0.10570669 -1.30100930 0.13384809
v 0.10470925 -1.29721749 0.13758002
v 0.11266226 -1.29720616 0.13667683
v 0.15186925 -1.29845273 0.09128705
v 0.14770257 -1.29871178 0.09280605
v 0.14762996 -1.29414964 0.09524626
v 0.15294015 -1.29467702 0.09252900
v 0.13851105 -1.30132258 0.10945468
v 0.13462979 -1.30187404 0.11096225
v 0.13429224 -1.29743266 0.11387463
v 0.14025228 -1.29785872 0.11132584
v 0.08710789 -1.28281868 0.11661210
v 0.08684728 -1.28347719 0.13125959
v 0.07387093 -1.28630555 0.12889278
v 0.07231307 -1.28185153 0.11408202
v 0.06700843 -1.29558539 0.12511228
v 0.07471270 -1.30116248 0.12251718
v 0.07320956 -1.30179739 0.10782348
v 0.06559458 -1.29332578 0.10894858
v 0.08747071 -1.30133116 0.12479284
v 0.08714376 -1.30115962 0.11130098
v 0.09425604 -1.29238033 0.11572640
v 0.09613341 -1.29244912 0.13035616
v 0.11398574 -1.29244566 0.11606208
v 0.11720315 -1.29474509 0.12825479
v 0.11102618 -1.28882468 0.12953055
v 0.10885013 -1.28473318 0.11700515
v 0.10284365 -1.28909385 0.13078837
v 0.09788406 -1.28532279 0.11879438
v 0.09449972 -1.29503536 0.11786637
v 0.09701234 -1.29594183 0.13111161
v 0.10249004 -1.30135465 0.12723419
v 0.09938396 -1.30054688 0.11420082
v 0.10874464 -1.29959261 0.11353030
v 0.11167555 -1.30124521 0.12593766
v 0.11837460 -1.29100251 0.12070925
v 0.11593244 -1.28641808 0.11135052
v 0.12635262 -1.28532183 0.10896567
v 0.12586620 -1.29050267 0.11966758
v 0.11785979 -1.30054653 0.10871104
v 0.11268544 -1.29588842 0.11146565
v 0.11420304 -1.29813671 0.12102249
v 0.11946363 -1.30195415 0.11912839
v 0.12693861 -1.30179715 0.11828530
v 0.12718143 -1.29954755 0.10727769
v 0.13117394 -1.29235268 0.10876837
v 0.13096859 -1.29592419 0.11933772
v 0.14100422 -1.29071391 0.10549906
v 0.14249508 -1.28524673 0.09555802
v 0.14600097 -1.29242539 0.09451488
v 0.14384833 -1.29671872 0.10421037
v 0.13443395 -1.28594232 0.09931947
v 0.13515291 -1.28995156 0.10739472
v 0.13398631 -1.29973650 0.09763525
v 0.13138510 -1.29234898 0.10121305
v 0.13053666 -1.29479301 0.10811560
v 0.13300872 -1.30173957 0.10566293
v 0.14027756 -1.30199564 0.10385528
v 0.14205660 -1.29977560 0.09397362
v 0.15679504 -1.29349017 0.08557390
v 0.15500960 -1.28767538 0.08714625
v 0.15614961 -1.28500772 0.07832401
v 0.15763834 -1.29213679 0.07535958
v 0.14931926 -1.28465867 0.08327276
v 0.14880775 -1.28735662 0.08962715
v 0.14709878 -1.29826558 0.08154088
v 0.14691696 -1.29075825 0.08472953
v 0.14516385 -1.29246759 0.08983302
v 0.14622818 -1.29916346 0.08783331
v 0.15298563 -1.29943919 0.08562329
v 0.15345638 -1.29783106 0.07702740
v 0.07230228 -1.27848792 0.09948117
v 0.09103099 -1.28206110 0.10238773
v 0.07744795 -1.30066478 0.13207068
v 0.06585442 -1.29196870 0.09410487
v 0.08450681 -1.30050635 0.13322543
v 0.09129617 -1.30087352 0.09840567
v 0.07400046 -1.30076623 0.09296643
v 0.09328191 -1.29271793 0.10893024
v 0.11073884 -1.29192257 0.13612418
v 0.11154261 -1.29323912 0.10636128
v 0.11151254 -1.30056143 0.09673422
v 0.10595287 -1.29191732 0.13665926
v 0.11012503 -1.28204846 0.10024033
v 0.12833752 -1.28290093 0.09112819
v 0.12133922 -1.30144095 0.12497163
v 0.12535203 -1.30108857 0.12453051
v 0.13027588 -1.30034900 0.08971756
v 0.13148105 -1.29120767 0.09923565
v 0.13959393 -1.29341543 0.11096704
v 0.14699122 -1.29053307 0.08488141
v 0.14487758 -1.29961288 0.07820732
v 0.13604677 -1.29294610 0.11202437
v 0.14495800 -1.28182352 0.07922308
v 0.15195049 -1.29104745 0.09157602
v 0.15438063 -1.29900146 0.06610453
v 0.15955330 -1.29116952 0.06291087
v 0.14915751 -1.29029238 0.09347321
v 0.15661447 -1.28232491 0.06755657
v 0.08250630 -1.15702212 -0.02849355
v 0.08106576 -1.18378675 -0.02344991
v 0.09429641 -1.15804696 -0.02298227
v 0.10580387 -1.18295646 -0.02304811
v 0.09264287 -1.18459284 -0.01932258
v 0.07838535 -1.20861173 -0.01465883
v 0.10487936 -1.20897663 -0.01748576
v 0.09194368 -1.20859361 -0.01146544
v 0.12525798 -1.22598398 -0.07540384
v 0.12878823 -1.22703457 -0.05761999
v 0.11340869 -1.22546780 -0.08568462
v 0.09270214 -1.22542739 -0.10661149
v 0.10366399 -1.22543395 -0.09682050
v 0.07679369 -1.22778833 -0.00395224
v 0.06645671 -1.23022294 -0.02173382
v 0.09251641 -1.22602797 0.00139258
v 0.10773990 -1.22711730 -0.00671838
v 0.06796679 -1.27346098 0.08261737
v 0.06810427 -1.27215660 0.06140499
v 0.08332287 -1.26171422 0.06465988
v 0.08733884 -1.27109742 0.08397131
v 0.10274412 -1.26201463 0.06094102
v 0.10608455 -1.27351606 0.08025290
v 0.12005308 -1.26598990 0.05282115
v 0.12387735 -1.27527058 0.07228290
v 0.13600999 -1.26986718 0.04321726
v 0.14068183 -1.27652311 0.06205495
v 0.14982265 -1.27628934 0.03319804
v 0.15473434 -1.27959371 0.05239514
v 0.15788014 -1.28652060 0.02768411
v 0.16152644 -1.28937018 0.04733745
v 0.06187667 -1.29051268 0.07687988
v 0.06370075 -1.28830433 0.05560411
v 0.07281238 -1.30260038 0.07392574
v 0.07405501 -1.30192900 0.05276528
v 0.09082297 -1.30296910 0.07292436
v 0.09094185 -1.30287695 0.05098886
v 0.15388452 -1.29907024 0.02942217
v 0.15543577 -1.30066252 0.04985829
v 0.11013582 -1.30206323 0.06857033
v 0.10954721 -1.30130172 0.04648728
v 0.12784077 -1.30303228 0.06232633
v 0.12680700 -1.30213559 0.04032529
v 0.14293951 -1.30311966 0.05557171
v 0.14172269 -1.30245471 0.03406285
v 0.07892638 -1.25427175 0.04152482
v 0.09882980 -1.24896443 0.04019739
v 0.00000223 0.16041949 -0.09453245
v 0.00000242 0.08551156 -0.11937883
v 0.11556486 -1.25372064 0.03098813
v 0.13047795 -1.26109195 0.02008745
v 0.14289944 -1.27149045 0.00999295
v 0.15236720 -1.28238881 0.00491559
v 0.12901865 -1.24880743 -0.00831984
v 0.13719089 -1.26818919 -0.01650739
v 0.14452648 -1.28092396 -0.01874710
v 0.13311268 -1.26579106 -0.04294052
v 0.13792177 -1.27922440 -0.04318167
v 0.00000034 -0.45624074 -0.13815221
v 0.00000175 0.04357660 -0.12628308
v 0.12374877 -1.26504481 -0.08570378
v 0.00000095 -0.37169915 -0.14706925
v 0.00000379 0.03275098 0.07661442
v 0.00000393 0.01699110 0.08554689
v 0.00000351 0.00700914 0.09762121
v 0.00000345 -0.01019093 0.10533693
v 0.00000121 -0.27999851 0.14103937
v 0.00000132 -0.26567471 0.13816877
v 0.00000041 -0.22114278 -0.09093209
v 0.00000076 -0.32495910 0.14096193
v 0.00000144 -0.24934945 0.14133812
v -0.00000116 -0.08041596 -0.12920557
v 0.00000284 -0.02845854 0.11231149
v 0.00000052 -0.34476170 0.13680165
v 0.00000061 -0.01687080 -0.13746412
v 0.00000133 -0.22560403 0.14279889
v 0.00000032 -0.43580034 0.11514109
v 0.00000278 -0.15765418 0.13337851
v -0.02114942 0.15799415 0.02822985
v -0.03240746 0.16198717 0.02226461
v -0.03345678 0.15400079 0.02095261
v -0.02193441 0.15041730 0.02654967
v -0.05830188 0.17302537 -0.03040398
v -0.05673310 0.18116413 -0.02560407
v -0.05358164 0.18603228 -0.04061836
v -0.05633620 0.17777164 -0.04582561
v -0.04695163 0.18908113 -0.05393876
v -0.05026428 0.18018565 -0.05912317
v -0.03985254 0.18066445 -0.06919519
v -0.03761365 0.19112560 -0.06428177
v -0.02616504 0.19116503 -0.07214837
v -0.02824563 0.17987835 -0.07614295
v -0.04339973 0.16689025 0.01366307
v -0.05207219 0.17208198 0.00198443
v -0.05188040 0.16274326 0.00164076
v -0.04336283 0.15872721 0.01288653
v -0.05663904 0.17741440 -0.01133350
v -0.05747449 0.16819103 -0.01359692
v -0.01464853 0.18069868 -0.08044485
v -0.01327148 0.19364627 -0.07618185
v -0.02426633 0.13248432 0.02515896
v -0.01183897 0.13015673 0.02768845
v -0.01144822 0.13925533 0.02798038
v -0.02339580 0.14142948 0.02529017
v -0.05505491 0.13277295 0.00507180
v -0.06957280 0.14022994 -0.00994725
v -0.07563689 0.13189736 -0.00478797
v -0.06044303 0.12353127 0.01015630
v -0.07096948 0.10230818 0.02877775
v -0.09471106 0.11108779 0.01216717
v -0.09210049 0.08992979 0.03257387
v -0.07256203 0.08431928 0.04049760
v -0.09038541 0.07148373 0.04850304
v -0.07273883 0.06688838 0.05337816
v -0.08565395 0.02052115 0.08692162
v -0.06878786 0.01934674 0.09109978
v -0.07007087 0.03525308 0.07907824
v -0.08708092 0.03681763 0.07465646
v -0.10055473 -0.07871962 0.11738654
v -0.08692014 -0.07419471 0.12366211
v -0.09466927 -0.05780011 0.12493076
v -0.10694086 -0.06006055 0.12032492
v -0.15290916 0.04304961 0.04470674
v -0.15434803 0.06163428 0.03598827
v -0.16622736 0.05006991 0.03540413
v -0.16312626 0.03129368 0.04161518
v -0.10980558 0.14468953 -0.03783889
v -0.10442112 0.13121338 -0.01358865
v -0.09335245 0.13511737 -0.01903802
v -0.09855116 0.14789042 -0.04048794
v -0.15199234 -0.04695576 0.06692858
v -0.14731990 -0.06002025 0.07600851
v -0.14346945 -0.04953367 0.08434544
v -0.14685228 -0.03691399 0.07657226
v -0.11958933 -0.15577798 0.06945091
v -0.10482996 -0.15694468 0.08709422
v -0.10481320 -0.13745736 0.08586271
v -0.11885677 -0.13632387 0.06919324
v -0.15334453 -0.11504608 0.00059091
v -0.15398088 -0.11574400 -0.02628819
v -0.15114310 -0.13121015 -0.02650987
v -0.15086634 -0.13154550 0.00022551
v -0.11495417 0.02021062 0.07646474
v -0.10113286 0.02080429 0.08189306
v -0.10296774 0.03735930 0.06995775
v -0.11722828 0.03720238 0.06508830
v -0.33488268 0.06025339 -0.00598467
v -0.33680174 0.04272353 -0.00472177
v -0.31246442 0.04622536 -0.00330649
v -0.31048724 0.06368164 -0.00471805
v -0.15287821 -0.22486299 0.01199394
v -0.15216240 -0.22099146 -0.01413439
v -0.15557148 -0.23895362 -0.01214458
v -0.15522043 -0.24326849 0.01458699
v -0.19045933 0.11230358 0.00528492
v -0.19124287 0.12996650 -0.01565622
v -0.20240423 0.12503195 -0.01479020
v -0.20331001 0.10605371 0.00421569
v -0.14685336 0.01217290 0.05983943
v -0.15022850 0.02727850 0.05270517
v -0.15874590 0.01693102 0.04728189
v -0.15474994 0.00412658 0.05295644
v -0.16299513 -0.08604227 -0.03041529
v -0.16304696 -0.08471493 -0.00736249
v -0.16631965 -0.06813613 -0.01312100
v -0.16674462 -0.06966174 -0.03388540
v -0.15909137 -0.10071690 -0.00268409
v -0.15901072 -0.10191777 -0.02788630
v -0.13774113 0.01661796 0.06542330
v -0.12713504 0.01885095 0.07096878
v -0.12957476 0.03645207 0.06049595
v -0.14011632 0.03445023 0.05644270
v -0.09393875 -0.09450716 0.10985065
v -0.07791732 -0.08897903 0.11817303
v -0.14819850 -0.24841677 0.04037246
v -0.13596050 -0.25397578 0.06291568
v -0.13585822 -0.23422699 0.06041878
v -0.14722693 -0.22940622 0.03771230
v -0.08829983 -0.12025419 0.09692019
v -0.08932842 -0.10687080 0.10123779
v -0.10452322 -0.10821752 0.09122017
v -0.10348941 -0.12088916 0.08481874
v -0.12000410 -0.25890189 0.08230156
v -0.10231586 -0.26354921 0.10014736
v -0.10223673 -0.24214634 0.09714660
v -0.12009245 -0.23865122 0.07980317
v -0.08867762 0.05388284 0.06224191
v -0.07162925 0.05080801 0.06654070
v -0.12384667 -0.07913381 0.10129452
v -0.11303902 -0.07991373 0.10986256
v -0.11842076 -0.06101157 0.11321503
v -0.12782356 -0.06092868 0.10459749
v -0.17090899 0.01621583 0.03428860
v -0.18016389 0.03392760 0.02896976
v -0.18069275 0.01042212 0.01597727
v -0.17220940 0.00092503 0.02164147
v -0.15857552 -0.25607911 -0.01018871
v -0.15749446 -0.26096296 0.01672504
v -0.12072915 -0.27936915 0.08415313
v -0.10284364 -0.28493044 0.10193361
v -0.19656871 -0.00904097 -0.03764737
v -0.20547040 -0.00117096 -0.04146994
v -0.20768376 -0.00393692 -0.05380471
v -0.19964965 -0.01088067 -0.05139273
v -0.05410931 -0.05518359 0.12790896
v -0.06959298 -0.04594296 0.12806050
v -0.07551052 -0.06324212 0.12808296
v -0.06288085 -0.07626263 0.12505724
v -0.12025072 -0.09517094 0.09208748
v -0.11804144 -0.10720609 0.08097730
v -0.10799900 -0.09607431 0.10114031
v -0.03800532 -0.06534312 0.12389018
v -0.04831496 -0.09146776 0.11815280
v -0.05352551 0.04699910 0.07047639
v -0.05227720 0.03244716 0.08256651
v -0.05392070 0.06266390 0.05906987
v -0.03507533 0.05867295 0.06407145
v -0.03388368 0.07469707 0.05348073
v -0.05277356 0.07885009 0.04793406
v -0.03164420 0.09091546 0.04477567
v -0.05033518 0.09555728 0.03850237
v -0.03917691 0.12633018 0.01700622
v -0.04291774 0.11764856 0.02206655
v -0.16459976 0.00432418 0.03890623
v -0.16019885 -0.00664125 0.04363985
v -0.13700370 -0.27342778 0.06471892
v -0.11634704 0.07154611 -0.12743169
v -0.11319233 0.05403506 -0.13237800
v -0.13054791 0.05729017 -0.12378540
v -0.13348407 0.07431564 -0.11884877
v -0.11958729 0.14530137 -0.03620541
v -0.11733571 0.13232706 -0.01125295
v -0.17345740 -0.00725929 -0.09426553
v -0.18452898 -0.00218244 -0.09046696
v -0.18354999 0.00610179 -0.09468351
v -0.17144349 0.00187727 -0.09904963
v -0.20953016 0.00593856 -0.07865705
v -0.20955998 -0.00013147 -0.07256968
v -0.22770616 0.00674809 -0.07566947
v -0.22665720 0.01331833 -0.08243676
v -0.14957207 -0.23528250 -0.03687962
v -0.14521933 -0.21747309 -0.03894446
v -0.12946552 -0.10217497 -0.09370514
v -0.14120653 -0.10964197 -0.07350934
v -0.14846626 -0.09375157 -0.07280390
v -0.13839927 -0.08578870 -0.09130042
v -0.01760674 0.04539995 -0.12960203
v -0.01743116 0.02944914 -0.13148907
v -0.03628246 0.03342198 -0.13596654
v -0.03642163 0.04944832 -0.13368692
v -0.07749838 0.07804907 -0.13309775
v -0.07889367 0.09370610 -0.12808688
v -0.05619658 0.08602936 -0.12949888
v -0.05590003 0.07109211 -0.13353588
v -0.09660239 0.06698008 -0.13409175
v -0.09409296 0.04931010 -0.13835469
v -0.16521667 -0.06808874 -0.05345839
v -0.15985765 -0.08342870 -0.05188855
v -0.17695858 -0.03679570 -0.04345378
v -0.17650820 -0.03617989 -0.05918863
v -0.17290623 -0.04466854 -0.05766052
v -0.17378977 -0.04504289 -0.04089393
v -0.08984995 0.15278989 -0.04398657
v -0.08659205 0.15810186 -0.06481110
v -0.09721315 0.15428922 -0.06294847
v -0.05121068 0.13629523 -0.10580333
v -0.05133691 0.12967759 -0.11020660
v -0.06470990 0.13539529 -0.10562178
v -0.06133853 0.14086115 -0.10143247
v -0.03977656 -0.03608016 -0.13958202
v -0.01912080 -0.03625551 -0.13740686
v -0.01963416 -0.05813232 -0.13503990
v -0.04173967 -0.05939368 -0.13674349
v -0.18671425 -0.01494873 -0.07972739
v -0.17749447 -0.02134691 -0.08164346
v -0.17971188 -0.02629120 -0.07245095
v -0.18763764 -0.01991467 -0.07184228
v -0.16994482 -0.04154340 -0.07163107
v -0.17415532 -0.03314536 -0.07212292
v -0.17085665 -0.02811447 -0.08270375
v -0.16552301 -0.03618587 -0.08363263
v -0.14680663 -0.07067160 -0.08807585
v -0.15461858 -0.07769223 -0.07105018
v -0.16143420 -0.06341615 -0.07076655
v -0.15528455 -0.05709797 -0.08653223
v -0.01823382 -0.12959737 -0.11872005
v -0.03724219 -0.13241649 -0.12110829
v -0.03840832 -0.10844635 -0.12675518
v -0.01849671 -0.10661700 -0.12588236
v -0.21910484 0.01720843 -0.02068334
v -0.21890026 0.02564114 -0.00702841
v -0.23289298 0.02586352 -0.01054603
v -0.23595352 0.01727818 -0.02481479
v -0.24163403 0.04894917 -0.09989393
v -0.23119181 0.04315810 -0.09899579
v -0.23289871 0.03602099 -0.09728333
v -0.24303660 0.04237335 -0.09905084
v -0.25904259 0.00824399 -0.04072678
v -0.25407928 0.01546698 -0.02757050
v -0.27501568 0.01308417 -0.02986752
v -0.27915785 0.00595339 -0.04368166
v -0.13107142 0.14439055 -0.06421453
v -0.13024196 0.14543997 -0.03514559
v -0.12117295 0.14801049 -0.06343822
v -0.26193595 0.00225481 -0.06479016
v -0.26077300 0.00551094 -0.07573433
v -0.24391779 0.00438092 -0.07125319
v -0.24462482 0.00276420 -0.06061768
v -0.30928531 0.08014423 -0.01461108
v -0.33346573 0.07674708 -0.01560898
v -0.30282706 0.00202799 -0.05865745
v -0.30373576 0.00390236 -0.07139432
v -0.28250805 0.00254008 -0.06848571
v -0.28222945 0.00180653 -0.05647174
v -0.12148351 -0.11820611 -0.09337151
v -0.13497294 -0.12506208 -0.07393856
v -0.12195831 -0.23055232 -0.07612297
v -0.13786557 -0.23248541 -0.05864540
v -0.13244455 -0.21389960 -0.06071599
v -0.11666373 -0.21120504 -0.07804701
v -0.15273766 -0.25264940 -0.03559157
v -0.12533802 -0.24927551 -0.07456318
v -0.14112264 -0.25036919 -0.05723534
v -0.06878778 0.16549374 -0.06035313
v -0.05700162 0.16581400 -0.07563683
v -0.06578384 0.16002351 -0.07943119
v -0.07689799 0.16162640 -0.06504747
v -0.17737670 -0.36603603 -0.03873009
v -0.17744416 -0.39448592 -0.04371333
v -0.18376288 -0.39639652 -0.01285678
v -0.18161330 -0.36917368 -0.00811207
v -0.03556803 0.15001801 -0.09728135
v -0.05155644 0.15599324 -0.08910044
v -0.04284605 0.16236867 -0.08524589
v -0.02986662 0.15821408 -0.09228441
v -0.17851278 -0.34417015 -0.00707190
v -0.17523630 -0.33929250 -0.03631839
v -0.08035088 0.15661585 -0.04400244
v -0.07119577 0.16036816 -0.04030504
v -0.07699525 0.14833400 -0.02601183
v -0.06832773 0.15287568 -0.02305268
v -0.06094883 0.14656167 -0.00689502
v -0.18378824 -0.40331906 0.01689575
v -0.17968500 -0.37682402 0.01920765
v -0.05523608 0.17259243 -0.06581542
v -0.04331528 0.17163537 -0.07623173
v -0.02844593 0.16906095 -0.08434603
v -0.01293666 0.16871148 -0.08816236
v -0.15669039 -0.26973337 -0.03515204
v -0.16152923 -0.27337602 -0.00885447
v -0.12265693 -0.50134230 -0.11444877
v -0.09503349 -0.50447208 -0.12304325
v -0.09260245 -0.51867068 -0.11254955
v -0.12498648 -0.51738590 -0.10407327
v -0.02696521 -0.49162790 -0.12553206
v -0.02327034 -0.50486618 -0.10915547
v -0.05779604 -0.51412231 -0.11354629
v -0.06247007 -0.50084871 -0.12665996
v -0.06366602 -0.37049633 -0.14735372
v -0.06424112 -0.34810573 -0.13936520
v -0.03437902 -0.34848937 -0.14071804
v -0.03360687 -0.37097040 -0.14799185
v -0.13033983 -0.26685324 -0.07593279
v -0.14573152 -0.26765612 -0.05778155
v -0.15913619 -0.27847597 0.01826576
v -0.18818064 -0.53584445 -0.01438708
v -0.18238242 -0.57133341 -0.01673774
v -0.17897707 -0.57801503 0.02173097
v -0.18308167 -0.54219490 0.02645197
v -0.14859745 -0.56520706 -0.07684889
v -0.15339315 -0.53591448 -0.08006189
v -0.12165264 -0.53826177 -0.09703732
v -0.11730116 -0.56344259 -0.09222268
v -0.08408133 -0.28997526 0.11814716
v -0.10262121 -0.30585238 0.10116863
v -0.08344509 -0.31175420 0.11665697
v -0.02386419 -0.30072930 0.14298074
v -0.04571944 -0.29775083 0.13879356
v -0.04295724 -0.32002059 0.13682474
v -0.02176050 -0.32279789 0.14073434
v -0.02659575 -0.43476245 0.11268028
v -0.01210005 -0.43461663 0.11463398
v -0.01443600 -0.41186202 0.11884219
v -0.03162536 -0.41068086 0.11673087
v -0.17038375 -0.38535303 0.04525820
v -0.15335792 -0.39366692 0.06724388
v -0.14904457 -0.37153074 0.06598438
v -0.16515955 -0.36258227 0.04480900
v -0.02041185 -0.51486230 -0.08899210
v -0.05167632 -0.52542979 -0.09764703
v -0.16327429 -0.58343983 0.05764537
v -0.16520295 -0.54751176 0.06266798
v -0.13594440 -0.58786350 0.08330308
v -0.10277417 -0.58725822 0.09381086
v -0.10538707 -0.55585170 0.09721746
v -0.13840966 -0.55308783 0.08669924
v -0.02821505 -0.50701714 0.08187559
v -0.01230562 -0.52120751 0.05709170
v -0.01111443 -0.51624388 0.06326848
v -0.02364733 -0.49653697 0.08929466
v -0.02922732 -0.47700790 -0.13716759
v -0.06273320 -0.48427910 -0.13778910
v -0.06210017 -0.46529382 -0.14596358
v -0.03002552 -0.46012932 -0.14547147
v -0.10685176 -0.24886625 -0.08706260
v -0.11174802 -0.26725775 -0.08970545
v -0.08734828 -0.24872118 -0.09518744
v -0.10370127 -0.22910683 -0.08846433
v -0.08394564 -0.22807205 -0.09594227
v -0.08508869 -0.09955933 -0.12046638
v -0.10460586 -0.10986419 -0.10893692
v -0.11344570 -0.09315693 -0.11053747
v -0.09445195 -0.08053156 -0.12323820
v -0.05555169 0.03860377 -0.13943161
v -0.05573687 0.05523897 -0.13695885
v -0.08056287 -0.55589461 -0.09712581
v -0.04094680 -0.54006046 -0.08565022
v -0.04854915 -0.57891947 -0.08599801
v -0.08318306 -0.58586001 -0.09349716
v -0.16520528 -0.59850204 -0.05183487
v -0.17195320 -0.56633413 -0.05144430
v -0.14391501 -0.59509438 -0.07542679
v -0.17585480 -0.60488659 -0.01878507
v -0.17404473 -0.61190057 0.01905717
v -0.13226962 -0.62094587 0.07972681
v -0.09926407 -0.61931342 0.08893329
v -0.02009284 -0.57955945 0.05277415
v -0.04122385 -0.58282584 0.07291806
v -0.03885205 -0.60875237 0.06502168
v -0.01925393 -0.60291940 0.04294666
v -0.06712031 -0.43977889 0.10443407
v -0.10223862 -0.41967025 0.09540272
v -0.10462324 -0.44403732 0.09592797
v -0.07504479 -0.46373406 0.10047759
v -0.02914444 -0.27797261 0.14264923
v -0.04694260 -0.27434245 0.13868369
v -0.06478758 -0.29435736 0.13088864
v -0.06496573 -0.27089998 0.13055395
v -0.08384307 -0.26746437 0.11706630
v -0.04687722 -0.17851257 0.13225313
v -0.06858844 -0.17860565 0.12186349
v -0.06632806 -0.20077512 0.12496697
v -0.04522080 -0.20136635 0.13539715
v -0.04867965 -0.15552317 0.12794416
v -0.07070599 -0.15607108 0.11816117
v -0.04857308 -0.11251753 0.11365335
v -0.07075304 -0.10224015 0.11061230
v -0.07003046 -0.11709683 0.10690825
v -0.03503830 0.04290259 0.07439015
v -0.03440549 0.02795371 0.08481424
v -0.17550217 -0.41060477 0.04488491
v -0.01327450 -0.54762506 -0.05769846
v -0.00259899 -0.55786514 -0.02829662
v -0.00622876 -0.58379042 -0.03809781
v -0.02097729 -0.57870412 -0.06564328
v -0.17495400 -0.35300851 0.02021225
v -0.14975938 -0.26704547 0.04234844
v -0.15058021 -0.28511697 0.04336934
v -0.14350326 -0.13096939 0.02700792
v -0.14543785 -0.11070841 0.03225161
v -0.08369670 -0.04058975 0.12541324
v -0.08487959 -0.05357338 0.12721758
v -0.17807578 -0.53276718 -0.05145786
v -0.12165873 -0.68084258 0.06927628
v -0.08947350 -0.67967391 0.07589662
v -0.09497319 -0.65013570 0.08281130
v -0.12720111 -0.65191877 0.07481164
v -0.01014871 -0.62459612 0.00751542
v -0.01973113 -0.62974691 0.03259285
v -0.02172210 -0.65846694 0.02274569
v -0.01444907 -0.65377420 -0.00246825
v -0.01845147 -0.68333453 -0.01030871
v -0.02325117 -0.68889171 0.01540096
v -0.02374849 -0.71772116 0.00604943
v -0.02070584 -0.71220815 -0.01826626
v -0.15839462 -0.61854303 0.05428017
v -0.16112973 -0.67385912 0.01659860
v -0.14749852 -0.67925149 0.04739643
v -0.15308076 -0.64999056 0.05100122
v -0.16730626 -0.64397657 0.01796429
v -0.11611056 -0.59184682 -0.08943437
v -0.00729401 -0.59773475 0.01829409
v -0.00651684 -0.57583129 0.02917146
v -0.02117866 -0.64753413 -0.05203596
v -0.03661894 -0.64595056 -0.07430314
v -0.02868194 -0.61349642 -0.07073633
v -0.01317764 -0.61561352 -0.04568877
v -0.14053114 -0.65297478 -0.07225487
v -0.15697159 -0.65833193 -0.04841020
v -0.16080539 -0.62901962 -0.04976355
v -0.14211218 -0.62435800 -0.07364960
v -0.16338289 -0.66580808 -0.01727033
v -0.16940919 -0.63607758 -0.01742695
v -0.14973199 -0.73097819 0.01394383
v -0.13436133 -0.73563677 0.04070229
v -0.14123873 -0.70793337 0.04408465
v -0.15531333 -0.70286041 0.01515358
v -0.15390691 -0.72273225 -0.01811985
v -0.15839556 -0.69435734 -0.01773110
v -0.15378708 -0.68652296 -0.04751934
v -0.15047787 -0.71466208 -0.04612932
v -0.13641924 -0.70826459 -0.06773025
v -0.13879840 -0.68060493 -0.07041338
v -0.11729471 -0.67715669 -0.08587091
v -0.11727722 -0.70417571 -0.08298084
v -0.09234852 -0.67494434 -0.09177172
v -0.06634490 -0.67429149 -0.08799304
v -0.07137314 -0.70136923 -0.08653692
v -0.09508497 -0.70199895 -0.08880670
v -0.03338890 -0.70498282 -0.06159426
v -0.04970710 -0.70266151 -0.07778092
v -0.04358776 -0.67529768 -0.07628947
v -0.02806656 -0.67725474 -0.05683049
v -0.05317100 -0.81242108 -0.07784035
v -0.07155856 -0.80972415 -0.08136032
v -0.06552038 -0.78207833 -0.08125490
v -0.04637633 -0.78462398 -0.07584885
v -0.08893610 -0.80766511 -0.08616854
v -0.10755208 -0.80768985 -0.08597639
v -0.10264916 -0.78094977 -0.08353416
v -0.08439457 -0.78110093 -0.08325753
v -0.13329519 -0.78738117 -0.06076201
v -0.11986344 -0.78268391 -0.07669831
v -0.12448168 -0.80944240 -0.07823300
v -0.13650909 -0.81402159 -0.06174757
v -0.14789307 -0.82027578 -0.04183912
v -0.14720035 -0.79404742 -0.04197228
v -0.14557229 -0.82705545 -0.01892588
v -0.14849092 -0.80154908 -0.01860162
v -0.13464913 -0.80844104 0.00772075
v -0.13275899 -0.83281046 0.00643957
v -0.02914532 -0.82683343 -0.03082375
v -0.02904032 -0.82063895 -0.05142869
v -0.02331103 -0.79330468 -0.04456955
v -0.02583182 -0.79972732 -0.02421172
v -0.05161958 -0.80933237 0.01724788
v -0.06903032 -0.81205231 0.04012093
v -0.06794517 -0.83737332 0.02918923
v -0.05304430 -0.83549714 0.00593575
v -0.15067725 -0.74946904 -0.01846658
v -0.14440078 -0.75791377 0.01244667
v -0.13399178 -0.73510605 -0.06473938
v -0.14785571 -0.74166477 -0.04444393
v -0.03770837 -0.73151529 -0.06660108
v -0.05520019 -0.72899735 -0.07924464
v -0.02388204 -0.74562824 -0.00405270
v -0.02123786 -0.73978108 -0.02695495
v -0.10285998 -0.76282424 0.05364292
v -0.12783284 -0.76220816 0.03829308
v -0.12273295 -0.78794098 0.03635093
v -0.09869472 -0.78888160 0.05127511
v -0.14890915 -0.77591377 -0.01872668
v -0.14669754 -0.76785934 -0.04308262
v -0.13268466 -0.76119232 -0.06211413
v -0.11787020 -0.75672215 -0.07748123
v -0.09972189 -0.75485533 -0.08366589
v -0.08039238 -0.75447160 -0.08314009
v -0.06033875 -0.75527114 -0.08043346
v -0.04181413 -0.75763381 -0.07151672
v -0.02197004 -0.76658762 -0.03606599
v -0.02500424 -0.77288818 -0.01478361
v -0.09491585 -0.81400818 0.04706719
v -0.12005799 -0.81261271 0.03277750
v -0.11963265 -0.83594602 0.02752605
v -0.09265606 -0.83709365 0.03732549
v -0.09223421 -0.85880065 0.02628420
v -0.07062636 -0.85858756 0.01765067
v -0.09439518 -0.83571929 -0.08934181
v -0.11201266 -0.83544630 -0.08758806
v -0.12816513 -0.83721268 -0.07947275
v -0.14933266 -0.84606242 -0.04369452
v -0.14345871 -0.85336864 -0.01734471
v -0.13014437 -0.85858953 0.00564846
v -0.11533321 -0.85777491 0.02171221
v -0.04389264 -0.87562066 -0.05791836
v -0.03747089 -0.84735227 -0.05422878
v -0.03619947 -0.85178697 -0.03561247
v -0.04311772 -0.87964636 -0.03930180
v -0.06336631 -0.86958301 -0.08519417
v -0.07974830 -0.86641198 -0.09495480
v -0.07694255 -0.83770865 -0.08355555
v -0.06136023 -0.84118158 -0.07648855
v -0.09877778 -0.86457849 -0.09831426
v -0.11788938 -0.86429447 -0.09439248
v -0.13528857 -0.86495918 -0.08532300
v -0.14204282 -0.84034282 -0.06485800
v -0.14845811 -0.86793041 -0.06851798
v -0.15095752 -0.87393457 -0.04405919
v -0.14390396 -0.88120759 -0.01273805
v -0.12556681 -0.91707444 0.00525665
v -0.12226417 -0.88704580 0.00741424
v -0.14709954 -0.91086882 -0.01291581
v -0.10013359 -1.01577270 -0.00716134
v -0.12508027 -1.01333225 -0.00728920
v -0.12158415 -1.04813755 -0.01354652
v -0.09954192 -1.05082357 -0.01313237
v -0.04592622 -0.90887105 -0.04332734
v -0.04512093 -0.90642059 -0.06456299
v -0.06313227 -0.90063936 -0.09507008
v -0.08161642 -0.89729601 -0.10478364
v -0.16015038 -0.93474847 -0.04797639
v -0.15618578 -0.90353400 -0.04373635
v -0.15388472 -0.89760625 -0.07098882
v -0.15717001 -0.92959452 -0.07543250
v -0.04549104 -1.00731361 -0.05489787
v -0.04498153 -1.00544727 -0.07581139
v -0.04217591 -0.97169632 -0.07420386
v -0.04301080 -0.97366345 -0.05135581
v -0.06175932 -0.93351907 -0.10173285
v -0.06172609 -0.96722937 -0.10583051
v -0.08033904 -0.96414357 -0.11558484
v -0.08065492 -0.93017191 -0.11194876
v -0.15626557 -1.00422549 -0.05372618
v -0.16024348 -0.96836668 -0.05139524
v -0.15784350 -0.96420580 -0.07827515
v -0.15442559 -1.00102484 -0.07929211
v -0.15039675 -0.94133943 -0.01757202
v -0.14993565 -0.97363591 -0.02246848
v -0.12791806 -0.97961473 -0.00251757
v -0.12677103 -0.94719708 0.00245228
v -0.10067805 -0.98149323 -0.00162014
v -0.09886242 -0.94924039 0.00253319
v -0.05833044 -1.07938385 -0.07456911
v -0.05206725 -1.04152870 -0.07519351
v -0.05176339 -1.04440224 -0.05602336
v -0.05845549 -1.08291423 -0.05749276
v -0.08283264 -1.00003374 -0.11445764
v -0.06459588 -1.00183642 -0.10591500
v -0.06959272 -1.03865099 -0.10161181
v -0.08574762 -1.03743923 -0.10956298
v -0.14388005 -1.08157253 -0.05685047
v -0.15051971 -1.04209316 -0.05546428
v -0.14837509 -1.03999317 -0.07883123
v -0.14089425 -1.07938969 -0.07850228
v -0.11872073 -1.08613408 -0.02032840
v -0.14226897 -1.04466903 -0.02932784
v -0.13704534 -1.08389139 -0.03465218
v -0.11410211 -1.12384808 -0.02405535
v -0.09648364 -1.12589312 -0.02319549
v -0.09824041 -1.08825660 -0.01929265
v -0.06419071 -1.11925697 -0.05815497
v -0.06257388 -1.11649871 -0.07373038
v -0.08613420 -1.11166084 -0.10244778
v -0.08706217 -1.07504153 -0.10507461
v -0.07250803 -1.07661796 -0.09759980
v -0.07309417 -1.11360490 -0.09503685
v -0.12056221 -1.07739711 -0.10274398
v -0.10395293 -1.07548046 -0.10687349
v -0.10220394 -1.11178124 -0.10384864
v -0.11741873 -1.11386132 -0.09920528
v -0.13329129 -1.11526585 -0.07705323
v -0.13310643 -1.07832539 -0.09317160
v -0.12684026 -1.11462164 -0.09002006
v -0.13708550 -1.11712241 -0.05697201
v -0.13135844 -1.12066436 -0.03644662
v -0.00370719 -0.52348214 -0.03248650
v -0.00053191 -0.53473300 -0.00329191
v -0.00200251 -0.54238164 -0.01572950
v -0.00945625 -0.52887768 -0.04485976
v -0.03803848 -0.63681310 0.05723209
v -0.03682816 -0.66688430 0.04814952
v -0.03491694 -0.72460067 0.02992868
v -0.03652756 -0.69669974 0.03995159
v -0.03503978 -0.75219214 0.01873144
v -0.03582821 -0.77936184 0.00737038
v -0.03632797 -0.80619067 -0.00401842
v -0.03853994 -0.83194155 -0.01294677
v -0.04432250 -0.85719323 -0.01775923
v -0.05045944 -0.88430768 -0.01930342
v -0.05461618 -0.94256687 -0.02639948
v -0.04423265 -0.94067961 -0.04743721
v -0.05466608 -0.91228718 -0.02283957
v -0.05588312 -1.01036382 -0.03259728
v -0.05407958 -0.97555566 -0.02942222
v -0.06069173 -1.04822314 -0.03641593
v -0.06622645 -1.08669639 -0.04066770
v -0.07153577 -1.12260580 -0.04272771
v -0.07562789 -0.53121245 0.09645113
v -0.04720787 -0.53776336 0.08543384
v -0.05011654 -0.51953816 0.09018036
v -0.07762643 -0.50748897 0.09816274
v -0.00605804 -0.52409244 0.03778335
v -0.00239121 -0.52286977 0.02151827
v -0.00275155 -0.52078825 0.02652318
v -0.00614068 -0.52116293 0.04305064
v -0.13930950 -0.78325313 0.01041475
v -0.11716846 -0.73070145 -0.07970223
v -0.09740156 -0.72850567 -0.08550287
v -0.07610225 -0.72785336 -0.08460459
v -0.05153400 -0.75773668 0.04069232
v -0.07471445 -0.76113784 0.05412942
v -0.07130042 -0.78708917 0.04792822
v -0.04945815 -0.78448713 0.03083700
v -0.09585794 -0.92192835 0.00514736
v -0.07457739 -0.94660163 -0.00966448
v -0.07250924 -0.91755831 -0.00532067
v -0.09455096 -0.89713782 0.00971710
v -0.12416276 -0.89387625 -0.10255075
v -0.14190125 -0.89445645 -0.09113850
v -0.12661086 -0.92572010 -0.11019253
v -0.10323679 -0.89462519 -0.10687280
v -0.10381497 -0.92722148 -0.11488599
v -0.05723602 -0.70425838 0.05932689
v -0.08404914 -0.70795542 0.06826164
v -0.07927857 -0.73494333 0.06050473
v -0.05398007 -0.73105305 0.04990636
v -0.12626715 -0.19597486 -0.06315891
v -0.11117456 -0.19231117 -0.08005914
v -0.14169304 -0.08379637 0.07287747
v -0.14294547 -0.09604684 0.05571749
v -0.13102265 -0.10361937 0.06876794
v -0.13131082 -0.09157453 0.08252434
v -0.14961310 -0.07292992 0.06397710
v -0.15156986 -0.08490009 0.04629836
v -0.15525639 -0.05976758 0.05499029
v -0.15754668 -0.07151735 0.03790031
v -0.17312500 -0.00948911 0.00531022
v -0.17983982 -0.00260444 -0.00095867
v -0.04947301 -0.13324444 0.12193428
v -0.02533440 -0.13383542 0.12656780
v -0.02513566 -0.11367594 0.11866918
v -0.06340545 -0.31656715 0.12904066
v -0.04366244 -0.43672800 0.10942692
v -0.05140335 -0.40911677 0.11275098
v -0.07472738 -0.40491566 0.10603953
v -0.00783119 -0.49941111 0.08564237
v -0.05916174 -0.11274465 -0.12365346
v -0.05730324 -0.13669355 -0.11906922
v -0.03657356 0.06491117 -0.13067906
v -0.01762797 0.06068894 -0.12713426
v -0.03596946 0.09267250 -0.12371803
v -0.03522971 0.10493121 -0.11990431
v -0.01715040 0.10029185 -0.11809770
v -0.01754644 0.08807093 -0.12141266
v -0.01857961 0.14792196 -0.10003981
v -0.01567176 0.15860119 -0.09452757
v -0.00167616 -0.52614182 0.01656151
v -0.00013135 -0.52010179 -0.00608855
v -0.00040036 -0.51915222 0.00368504
v -0.02234303 -0.55941302 0.06143417
v -0.00781411 -0.55840844 0.03911217
v -0.00976191 -0.54525769 0.04712563
v -0.02488330 -0.54327923 0.06854860
v -0.18485697 -0.50626886 0.03212390
v -0.19136439 -0.49944186 -0.00814393
v -0.08695843 -0.53444141 -0.10300440
v -0.34981886 0.00578468 -0.07359658
v -0.35071319 0.01438814 -0.08404332
v -0.32686275 0.01267159 -0.08386009
v -0.32626361 0.00484062 -0.07283358
v -0.06302357 -0.03526780 -0.13965802
v -0.07099951 -0.06234713 -0.13353737
v -0.08471348 0.14235149 -0.02406032
v -0.15125944 0.14248781 -0.03065590
v -0.14864035 0.13287012 -0.00537068
v -0.13913946 0.13405538 -0.00855018
v -0.14069511 0.14427300 -0.03347372
v -0.14862719 0.09285598 -0.10491996
v -0.14955871 0.10989599 -0.09464426
v -0.13837309 0.11009683 -0.10135307
v -0.13626359 0.09186693 -0.11193439
v -0.03206754 -0.39484921 -0.15261203
v -0.06224078 -0.39456239 -0.15275133
v -0.03891163 -0.20202319 -0.10361183
v -0.05956333 -0.20481792 -0.10317729
v -0.05710594 -0.18312916 -0.10818143
v -0.03720673 -0.17960544 -0.10909080
v -0.09413771 -0.04901372 -0.13121532
v -0.10918491 -0.06510220 -0.12082433
v -0.03301966 -0.01916144 0.11456486
v -0.05034153 -0.01489852 0.11508127
v -0.05120302 -0.03346622 0.12368584
v -0.03408729 -0.03978228 0.12205607
v -0.29235303 0.04063823 -0.09783749
v -0.27281103 0.02977592 -0.09616654
v -0.27844018 0.01702286 -0.08952893
v -0.30019188 0.02165779 -0.09209267
v -0.18068017 -0.49315953 -0.05258862
v -0.15515772 -0.50921506 -0.08625641
v -0.14024629 -0.16436462 -0.04967074
v -0.12784484 -0.16043888 -0.07281039
v -0.12470093 -0.17879717 -0.06762622
v -0.13775763 -0.18260884 -0.04563168
v -0.14925720 -0.11389817 -0.05095377
v -0.14509965 -0.12926821 -0.05136773
v -0.15504594 -0.09928831 -0.05142931
v -0.20039856 -0.00985209 -0.06289063
v -0.20890944 -0.00394417 -0.06441876
v -0.20043485 -0.00601615 -0.07131921
v -0.04397981 -0.55871713 0.07993766
v -0.05005740 -0.48632041 0.09700887
v -0.04372363 -0.47184160 0.10194710
v -0.00136350 -0.51735967 0.01018404
v -0.06148657 0.15941127 -0.01871515
v -0.05545750 0.15436253 -0.00312671
v -0.24340908 0.00522096 -0.04919109
v -0.26177457 0.00357370 -0.05317097
v -0.18625957 -0.01986026 -0.03339383
v -0.18860513 -0.02306193 -0.04865147
v -0.18160574 -0.03003226 -0.04607316
v -0.17959233 -0.02666752 -0.02930154
v -0.18885076 -0.02271335 -0.06152797
v -0.18144940 -0.02955092 -0.06062197
v -0.13144237 0.05487840 0.04944305
v -0.13289230 0.07283153 0.03762105
v -0.14374286 0.06882300 0.03619367
v -0.14243327 0.05100182 0.04661925
v -0.11908364 0.05534358 0.05308311
v -0.10479254 0.05500043 0.05742424
v -0.10661759 0.07350700 0.04365798
v -0.12094270 0.07398616 0.04009912
v -0.06663509 0.11597347 0.01944843
v -0.08322227 0.12437729 0.00251109
v -0.04710878 0.10883360 0.03056883
v -0.02946755 0.10400435 0.03790095
v -0.01923431 0.13603793 -0.10560508
v -0.01800028 0.12343586 -0.11048201
v -0.03620852 0.12760185 -0.11065853
v -0.03912899 0.13918658 -0.10428253
v -0.04872084 0.14296606 0.00667364
v -0.03683695 0.13615054 0.01673117
v -0.02504894 0.12272246 0.02648083
v -0.30933726 0.09048967 -0.02877190
v -0.33285803 0.08637726 -0.02881142
v -0.06261804 0.17063139 -0.05156437
v -0.06402408 0.16525215 -0.03520491
v -0.30955562 0.09548191 -0.04571154
v -0.33353701 0.09084072 -0.04536334
v -0.12892020 0.13343218 -0.01008247
v -0.13720512 0.11429734 0.01014496
v -0.12675449 0.11340263 0.00986693
v -0.04539181 0.15125303 0.00991689
v -0.03522483 0.14502130 0.01868108
v -0.19024639 -0.46337560 0.00195203
v -0.18341967 -0.47064459 0.03762423
v -0.14542744 -0.21047981 0.03443534
v -0.14970776 -0.20672268 0.00899568
v -0.02377330 -0.17911607 0.13754772
v -0.02268098 -0.20237744 0.14083467
v -0.01074194 0.14825432 0.02991921
v -0.04499823 -0.24996437 0.13807957
v -0.02262379 -0.25434810 0.14203814
v -0.02243189 -0.22725594 0.14214370
v -0.04448390 -0.22514509 0.13733903
v -0.01334224 -0.29204130 0.14390996
v -0.01470783 -0.27981642 0.14306389
v -0.01043421 -0.45398089 0.11091446
v -0.02166460 -0.45471311 0.10955273
v -0.23390687 0.07695930 0.00495844
v -0.23066932 0.09673394 -0.00228835
v -0.24711302 0.09318449 -0.00652875
v -0.24967960 0.07454202 0.00162827
v -0.06463128 -0.24687806 0.12904905
v -0.08402572 -0.24456073 0.11444228
v -0.16841680 -0.01832608 0.00993798
v -0.16676185 -0.00866387 0.02625742
v -0.02426571 -0.09432662 0.11800002
v -0.06784568 -0.02828526 0.12273031
v -0.06748161 -0.01178886 0.11380081
v -0.08373226 -0.00992466 0.11039402
v -0.08345833 -0.02510085 0.11957501
v -0.00115560 -0.51558816 0.00028810
v -0.22390962 0.07362422 -0.09880327
v -0.23511547 0.07822131 -0.09708852
v -0.23163968 0.08816942 -0.09340496
v -0.22064409 0.08493060 -0.09547880
v -0.00123042 -0.55321985 0.01302435
v -0.00155045 -0.56871593 0.00170987
v -0.01669517 -0.51986301 -0.06738134
v -0.00474431 -0.51460940 -0.05203066
v -0.06618793 -0.61486197 0.08258083
v -0.06997219 -0.58504033 0.08902869
v -0.06310739 -0.64510548 0.07504076
v -0.06017170 -0.67509896 0.06744505
v -0.05834919 -0.85967368 -0.00088697
v -0.06881315 -0.88783222 0.00057354
v -0.07605495 -0.97916406 -0.01400543
v -0.07728041 -1.01375437 -0.01855668
v -0.07908619 -1.05042970 -0.02344348
v -0.08064415 -1.08890414 -0.02823807
v -0.08244216 -1.12532437 -0.03052660
v -0.33533129 0.08824176 -0.06224148
v -0.31040382 0.09326621 -0.06417610
v -0.31381828 0.08281197 -0.07936345
v -0.33909085 0.07977967 -0.07649273
v -0.30041182 0.00479484 -0.04544610
v -0.29711512 0.01163094 -0.03162466
v -0.31926778 0.00899195 -0.03265904
v -0.32172376 0.00343051 -0.04660502
v -0.34452102 0.00105916 -0.04767758
v -0.34735194 0.00094503 -0.06118422
v -0.32409388 0.00187825 -0.06023952
v -0.34933922 0.02711209 -0.09154749
v -0.34718949 0.04126999 -0.09448273
v -0.32173640 0.04122603 -0.09621802
v -0.32519734 0.02441756 -0.09204507
v -0.34197825 0.06807699 -0.08713291
v -0.31767190 0.06927910 -0.08977388
v -0.31995949 0.05530445 -0.09523485
v -0.34480333 0.05454081 -0.09308790
v -0.33846012 0.02697017 -0.01053047
v -0.34025458 0.01442353 -0.02060605
v -0.31670913 0.01829916 -0.01987976
v -0.31451848 0.03076798 -0.00931088
v -0.22885069 0.11485715 -0.01729759
v -0.24545281 0.10881045 -0.02061658
v -0.19150257 0.02053333 0.00529875
v -0.19215256 0.03451183 0.01800821
v -0.20516005 0.03733740 0.01058234
v -0.19993195 0.02232743 -0.00248896
v -0.28590360 0.08391891 -0.01263062
v -0.26512751 0.08868060 -0.00969138
v -0.26430362 0.10171910 -0.02409986
v -0.28616109 0.09511482 -0.02692772
v -0.29119858 0.03359189 -0.00789345
v -0.29392311 0.02142780 -0.01867448
v -0.27111584 0.02323574 -0.01632396
v -0.26907453 0.03561582 -0.00522587
v -0.30338529 0.01069748 -0.08275703
v -0.28117919 0.00793762 -0.07986941
v -0.23548973 0.05718610 0.00724140
v -0.25125510 0.05475236 0.00351747
v -0.16323015 -0.01907227 0.03069505
v -0.17197461 -0.04216645 -0.02217449
v -0.17511220 -0.03359187 -0.02556914
v -0.13299416 -0.07605778 0.09285188
v -0.13510138 -0.05995911 0.09631553
v -0.16038471 -0.07990781 0.01635181
v -0.16409655 -0.06397390 0.00898440
v -0.14072922 -0.07002485 0.08454241
v -0.13999116 -0.05919395 0.08937721
v -0.08938152 -0.13691890 0.10066167
v -0.02685791 0.11391664 0.03121967
v -0.26692560 0.07094652 -0.00097126
v -0.26787797 0.05189499 0.00036909
v -0.24064012 0.01792442 -0.08807851
v -0.24209079 0.01018004 -0.08045931
v -0.25889194 0.01335240 -0.08555941
v -0.25596872 0.02338074 -0.09282194
v -0.12844704 -0.02700355 -0.12123226
v -0.11259239 -0.03772300 -0.12693991
v -0.12426998 -0.05122450 -0.11645316
v -0.13772406 -0.03909903 -0.11145890
v -0.23067626 0.10462628 -0.08211388
v -0.23416851 0.11112974 -0.07270809
v -0.21929114 0.11462055 -0.07279007
v -0.21803056 0.10578330 -0.08324821
v -0.23857549 0.11622325 -0.05853488
v -0.24322914 0.11674978 -0.03997239
v -0.22598088 0.12358545 -0.03814493
v -0.22178154 0.12174659 -0.05796154
v -0.17672247 -0.42276978 -0.05146923
v -0.18536744 -0.42589533 -0.02072059
v -0.13726458 -0.29259402 0.06491805
v -0.12067646 -0.29951218 0.08384263
v -0.10222535 -0.39386177 0.09576616
v -0.02783492 -0.51813245 0.07848924
v -0.01120473 -0.52773368 0.05443032
v -0.00350880 -0.59124649 -0.00922716
v -0.18755703 -0.43078461 0.01057542
v -0.00853563 -0.61984396 -0.01864024
v -0.01461842 -0.65014619 -0.02710393
v -0.06127053 -0.64568573 -0.08860045
v -0.08940588 -0.64716417 -0.09328946
v -0.08640029 -0.61756533 -0.09356020
v -0.05535529 -0.61432153 -0.08778792
v -0.11695028 -0.64960253 -0.08763353
v -0.11655564 -0.62113869 -0.08851650
v -0.10874169 -0.73590451 0.05741093
v -0.10336218 -0.96203035 -0.11849771
v -0.12497861 -0.99879783 -0.11180301
v -0.12643540 -0.96067560 -0.11356672
v -0.10400485 -0.99905741 -0.11667423
v -0.14535525 -0.96138960 -0.09961330
v -0.14482605 -0.92631143 -0.09684732
v -0.14665391 -1.00804925 -0.02548103
v -0.10477280 -1.03711140 -0.11178182
v -0.12332025 -1.03805137 -0.10701891
v -0.13876620 -1.03857338 -0.09585578
v -0.14310427 -0.99902618 -0.09874216
v -0.00199332 -0.54271662 0.02297752
v -0.16538104 -0.51252776 0.06644706
v -0.16340031 -0.48022664 0.06969698
v -0.10695346 -0.46992114 0.09751813
v -0.07778381 -0.48530436 0.09922691
v -0.10276388 -0.22121876 0.09421574
v -0.12033367 -0.21862413 0.07693938
v -0.12003112 -0.17657132 0.07119408
v -0.13377361 -0.17406021 0.05147976
v -0.13430096 -0.19454105 0.05420256
v -0.12024943 -0.19791999 0.07398769
v -0.14826888 -0.16940896 0.00291198
v -0.14724571 -0.16713759 -0.02412381
v -0.14597209 -0.18563919 -0.02067854
v -0.14785829 -0.18828653 0.00572477
v -0.14790973 -0.20322827 -0.01718915
v -0.13971002 -0.20007098 -0.04184197
v -0.07577422 -0.16494831 -0.10807168
v -0.09365621 -0.16958040 -0.09836307
v -0.09519611 -0.14852479 -0.10426955
v -0.07679207 -0.14232215 -0.11325737
v -0.03312558 -0.46048906 0.10658138
v -0.00460499 -0.52904254 0.03464049
v -0.07324371 -0.55690354 0.09365597
v -0.10723730 -0.52517360 0.09908082
v -0.13868682 -0.51985323 0.08923817
v -0.24021277 0.01034218 -0.03739813
v -0.16400653 -0.01292999 -0.09814810
v -0.16125822 -0.00276658 -0.10361858
v -0.25801897 0.10899743 -0.06086944
v -0.26273364 0.10931589 -0.04290663
v -0.25036412 0.03704214 -0.00135774
v -0.21643631 0.10065971 0.00188440
v -0.21934359 0.07878822 0.00940183
v -0.20479484 0.08177729 0.01486907
v -0.13025120 -0.40527773 0.08313893
v -0.15823586 -0.41927227 0.06918128
v -0.13338949 -0.43046230 0.08575068
v -0.00170880 -0.51382589 -0.03763656
v -0.05165962 -0.50237536 0.09369875
v -0.01950257 -0.67993522 -0.03412050
v -0.02307725 -0.70817477 -0.04112659
v -0.02569434 -0.73508883 -0.04830236
v -0.02801681 -0.76175153 -0.05553620
v -0.03120572 -0.78835899 -0.06267433
v -0.03787326 -0.81532598 -0.06786708
v -0.04689176 -0.84355730 -0.06819762
v -0.05114352 -0.87242037 -0.07335322
v -0.04317604 -0.93847382 -0.07003567
v -0.04924102 -0.93602306 -0.08763664
v -0.05078209 -0.90331078 -0.08143266
v -0.04880086 -0.96980333 -0.09171232
v -0.05200857 -1.00379884 -0.09233572
v -0.05837812 -1.03991270 -0.08969627
v -0.06586909 -1.11441934 -0.08552434
v -0.06346847 -1.07737887 -0.08728587
v -0.00063422 -0.51353508 -0.01172797
v -0.00085486 -0.51358914 -0.02409331
v -0.11406496 0.11171214 0.00988302
v -0.17625667 -0.01884908 -0.01207689
v -0.18245614 -0.01294656 -0.01743008
v -0.23423631 0.03842692 0.00249181
v -0.29480720 0.06925271 -0.09206448
v -0.29034367 0.08497925 -0.08296937
v -0.24996838 0.02461294 -0.01346965
v -0.19759378 0.01096910 -0.01543853
v -0.19027287 0.00746558 -0.00801716
v -0.53471065 0.07445942 -0.04308373
v -0.53244519 0.07837316 -0.05641616
v -0.55323386 0.07506225 -0.05462392
v -0.55483973 0.07032001 -0.04241266
v -0.53611660 0.06482581 -0.03291864
v -0.55571288 0.06061558 -0.03363687
v -0.53641653 0.00355836 -0.05085384
v -0.53581917 0.01242541 -0.03913846
v -0.55587870 0.01292796 -0.04336901
v -0.55646652 0.00520251 -0.05515256
v -0.57515281 0.04519475 -0.03044488
v -0.57491148 0.03335643 -0.03218689
v -0.55556929 0.03544662 -0.02957546
v -0.55594730 0.04848366 -0.02902441
v -0.53404325 0.00511662 -0.08066924
v -0.53137094 0.01450027 -0.09140462
v -0.51164228 0.01038889 -0.08893199
v -0.51462197 0.00128448 -0.07677137
v -0.45466110 0.00900429 -0.02864396
v -0.45657784 -0.00141646 -0.03950182
v -0.44045499 0.00055167 -0.03290202
v -0.43822294 0.01216525 -0.02334747
v -0.49357837 0.08218194 -0.04378385
v -0.48997927 0.08326328 -0.05886807
v -0.51118523 0.08108681 -0.05788433
v -0.51417345 0.07823662 -0.04350252
v -0.49530974 0.04412363 -0.02139271
v -0.49443737 0.02826806 -0.02404075
v -0.47301689 0.03187355 -0.02164078
v -0.47335511 0.04817463 -0.02013078
v -0.47202763 0.08588779 -0.04497410
v -0.46895397 0.08394177 -0.05974470
v -0.53595507 0.03805278 -0.02642050
v -0.53544217 0.02430854 -0.03100789
v -0.51519364 0.02581048 -0.02708474
v -0.51606041 0.04080314 -0.02348769
v -0.57316339 0.01270465 -0.08390003
v -0.57116753 0.02208738 -0.09192950
v -0.55129844 0.01851119 -0.09220724
v -0.55370337 0.00902776 -0.08293338
v -0.57491070 0.02289035 -0.03822993
v -0.57541126 0.01378190 -0.04709855
v -0.55532944 0.02346776 -0.03492269
v -0.57072586 0.06752835 -0.07832074
v -0.57216072 0.07176599 -0.06575789
v -0.55094570 0.07401239 -0.06844959
v -0.54909635 0.06835544 -0.08164559
v -0.49520975 0.00329524 -0.04036090
v -0.49446523 0.01418295 -0.03022234
v -0.51537019 0.01267481 -0.03450717
v -0.51594216 0.00300713 -0.04585836
v -0.49520540 0.07356888 -0.03113896
v -0.51597148 0.06894873 -0.03202128
v -0.52775276 0.06853396 -0.08434866
v -0.52947640 0.07599425 -0.07082793
v -0.50819618 0.07681850 -0.07236996
v -0.50610638 0.06767405 -0.08616119
v -0.48486704 0.05129266 -0.09515396
v -0.48604199 0.03473468 -0.09636664
v -0.50634426 0.03885095 -0.09731459
v -0.50553429 0.05451715 -0.09477791
v -0.47443706 0.00559526 -0.03461678
v -0.47568420 -0.00293900 -0.04754066
v -0.49489260 -0.00180283 -0.07145832
v -0.49193320 0.00636857 -0.08509196
v -0.47267005 0.00238876 -0.07963543
v -0.47538781 -0.00439852 -0.06436739
v -0.43457761 0.07128183 -0.02273019
v -0.43411925 0.08314127 -0.03329578
v -0.45182616 0.08207605 -0.03217045
v -0.45241764 0.06903746 -0.02217183
v -0.45052058 0.08755500 -0.04660072
v -0.43085331 0.08798029 -0.04905769
v -0.40277946 0.07891297 -0.06697212
v -0.40323535 0.06766891 -0.07592978
v -0.41397989 0.06759616 -0.07398452
v -0.41485551 0.07992981 -0.06511388
v -0.44617096 0.04151094 -0.09585594
v -0.44726568 0.02367525 -0.09271468
v -0.46628174 0.02952939 -0.09486017
v -0.46495798 0.04701259 -0.09583469
v -0.43560848 0.00298210 -0.08069418
v -0.44038492 -0.00574783 -0.06665262
v -0.45501745 -0.00196603 -0.07315274
v -0.45061755 0.00864734 -0.08550933
v -0.38730580 -0.00082223 -0.06436061
v -0.38636076 -0.00365887 -0.05051978
v -0.40127042 -0.00576473 -0.05146748
v -0.40209824 -0.00201701 -0.06570487
v -0.38214329 0.00864482 -0.02252695
v -0.38078430 0.02130385 -0.01343269
v -0.39556462 0.01921553 -0.01417326
v -0.39700240 0.00644954 -0.02295270
v -0.37884668 0.07986782 -0.02774801
v -0.37756336 0.08533650 -0.04427812
v -0.39042762 0.08605012 -0.04147538
v -0.39208674 0.07817715 -0.02591101
v -0.43097493 0.03680922 -0.09493615
v -0.42949843 0.01732842 -0.09036052
v -0.41134959 0.00465963 -0.02460076
v -0.40933514 0.01707820 -0.01569297
v -0.42328483 0.01474828 -0.01872335
v -0.42560303 0.00252393 -0.02784410
v -0.40520772 0.04754143 -0.01452133
v -0.40566620 0.06175170 -0.01687605
v -0.41900626 0.05933590 -0.01803420
v -0.42004579 0.04351358 -0.01643834
v -0.40469593 0.07664323 -0.02438489
v -0.40329045 0.08573826 -0.03772546
v -0.41745663 0.08480712 -0.03527344
v -0.41874167 0.07418114 -0.02334770
v -0.41313058 0.04481262 -0.08863921
v -0.41516605 0.03208976 -0.09263840
v -0.42184642 0.03504030 -0.09390277
v -0.42006606 0.04791524 -0.08922797
v -0.42459422 -0.00011231 -0.07430089
v -0.42775142 -0.00733961 -0.05991982
v -0.43451670 0.04033810 -0.01944315
v -0.43692821 0.02536788 -0.01891035
v -0.42163956 0.02897650 -0.01531496
v -0.41587001 0.08725642 -0.05108708
v -0.38823631 0.00621367 -0.07567702
v -0.38851023 0.01482425 -0.08527581
v -0.37267631 0.01514429 -0.08464909
v -0.37246034 0.00649450 -0.07477627
v -0.37115991 0.00054258 -0.06293352
v -0.36914462 -0.00096059 -0.04932352
v -0.36380407 0.01152577 -0.02155048
v -0.36192381 0.02392987 -0.01203940
v -0.36046830 0.03997620 -0.00719564
v -0.35859963 0.05744486 -0.00856573
v -0.37819096 0.05512349 -0.01184043
v -0.37957919 0.03757992 -0.00969806
v -0.35712963 0.08718507 -0.04496787
v -0.35652989 0.08304696 -0.02849773
v -0.35952783 0.08411171 -0.06076146
v -0.37800300 0.08322625 -0.05870422
v -0.41346267 -0.00453379 -0.03799478
v -0.39935425 -0.00253526 -0.03594442
v -0.52657908 0.05676141 -0.09374670
v -0.52694929 0.04222948 -0.09714001
v -0.54791284 0.04468849 -0.09580787
v -0.54802239 0.05803056 -0.09136086
v -0.56952286 0.03401227 -0.09480879
v -0.54914206 0.03107464 -0.09625358
v -0.53646260 0.05219449 -0.02706918
v -0.51655853 0.05587326 -0.02504624
v -0.57480532 0.05685963 -0.03391035
v -0.43411815 0.05586951 -0.01946608
v -0.45157424 0.05222181 -0.01990487
v -0.40409219 0.05561889 -0.08305673
v -0.39286286 0.06730607 -0.07822055
v -0.39482352 0.05533989 -0.08551941
v -0.44576469 0.05864649 -0.08824535
v -0.44653738 0.07182820 -0.07353047
v -0.42741618 0.06591501 -0.07520119
v -0.43003651 0.05295001 -0.08888560
v -0.40845847 0.02954946 -0.09114173
v -0.40609723 0.04308265 -0.08874646
v -0.39723510 0.04203120 -0.08980025
v -0.39931101 0.02800927 -0.09073146
v -0.39275390 0.06475823 -0.01662048
v -0.37842342 0.06865648 -0.01705953
v -0.38111526 0.06673235 -0.08064709
v -0.37960118 0.07598586 -0.07059603
v -0.36332345 0.07644280 -0.07381398
v -0.36507234 0.06670604 -0.08405497
v -0.39160776 0.07724078 -0.06849520
v -0.38315824 0.05505139 -0.08787028
v -0.36716905 0.05494100 -0.09061155
v -0.35712907 0.07250994 -0.01596529
v -0.38711968 0.02745986 -0.09088133
v -0.38537565 0.04162733 -0.09123732
v -0.36925936 0.04152757 -0.09288072
v -0.37124240 0.02737940 -0.09119412
v -0.52871132 0.02772550 -0.09644733
v -0.50846839 0.02386594 -0.09535743
v -0.44209126 -0.00721414 -0.04889799
v -0.45735380 -0.00679991 -0.05629238
v -0.42784217 -0.00622225 -0.04244482
v -0.53604376 0.00075511 -0.06592949
v -0.55563933 0.00386545 -0.06960714
v -0.49594796 -0.00313700 -0.05481659
v -0.51612693 -0.00168480 -0.06095520
v -0.48511198 0.06593788 -0.08719391
v -0.41279417 0.00677526 -0.07957039
v -0.41454732 -0.00175054 -0.06869030
v -0.42065647 0.00958307 -0.08428358
v -0.36572918 0.00296051 -0.03439740
v -0.38448498 -0.00033972 -0.03531618
v -0.42183247 0.02359275 -0.09288729
v -0.34238416 0.00605352 -0.03352613
v -0.42881727 0.08115608 -0.06342716
v -0.40257847 0.08619577 -0.05343942
v -0.39056292 0.08447749 -0.05611183
v -0.57346439 0.07187280 -0.05273090
v -0.49588042 0.05987397 -0.02343163
v -0.45165619 0.03620505 -0.02039989
v -0.45296207 0.02163519 -0.02257831
v -0.41053280 0.01665742 -0.08800738
v -0.40122473 0.01512166 -0.08609580
v -0.40202132 0.00605559 -0.07678454
v -0.39218715 0.05193527 -0.01345487
v -0.39417031 0.03487210 -0.01104792
v -0.57487339 0.00731401 -0.07196190
v -0.40771878 0.03194586 -0.01255798
v -0.44846067 0.08303320 -0.06123602
v -0.01748005 0.07473232 -0.12437619
v -0.15465149 -0.09494600 0.02353799
v -0.11736701 -0.11933636 0.07124823
v -0.13112688 -0.11629567 0.05477249
v -0.16830228 -0.03598901 -0.00314090
v -0.17158985 -0.02614259 -0.00769332
v -0.19225372 -0.00307200 -0.02275671
v -0.20071752 0.00280041 -0.02835871
v -0.16131411 -0.05712186 0.02930875
v -0.01262554 -0.26703507 0.14141516
v -0.04992884 -0.26941165 -0.10498032
v -0.02554128 -0.26910317 -0.10449100
v -0.02827665 -0.28748819 -0.11269923
v -0.05436086 -0.28810975 -0.11184385
v -0.03115298 -0.30675986 -0.12221784
v -0.16521275 -0.33991909 -0.06473178
v -0.16079205 -0.31820649 -0.06238753
v -0.14550918 -0.32004794 -0.08591563
v -0.14948829 -0.34292755 -0.09005115
v -0.16559440 -0.30175492 -0.03530440
v -0.15534618 -0.30017707 -0.06047173
v -0.17063287 -0.31885052 -0.03530048
v -0.17374256 -0.32354945 -0.00705738
v -0.16881408 -0.30573997 -0.00757575
v -0.17002527 -0.33180141 0.01982642
v -0.16513273 -0.31258044 0.01935468
v -0.16038600 -0.34135401 0.04406267
v -0.14513268 -0.35068241 0.06519972
v -0.12747650 -0.38175279 0.08251213
v -0.10237189 -0.36902225 0.09678227
v -0.12491749 -0.35994878 0.08259139
v -0.05593719 -0.38254172 0.11686455
v -0.07864845 -0.37715164 0.10853827
v -0.01660033 -0.38773620 0.12437519
v -0.03543759 -0.38578194 0.12183306
v -0.10932393 0.09248811 0.02823457
v -0.10086969 0.14574459 -0.08430180
v -0.11001908 0.15053481 -0.06243896
v -0.08729083 0.15102273 -0.08297367
v -0.11975539 0.08936638 -0.12059231
v -0.12287283 0.10825076 -0.11053568
v -0.10254626 0.10180493 -0.12105487
v -0.09993461 0.08445986 -0.12840261
v -0.07635649 0.14289634 -0.09688096
v -0.06957681 0.14516252 -0.09592783
v -0.08635620 0.13701506 -0.10048326
v -0.05312375 0.12116272 -0.11524334
v -0.07092607 0.12808894 -0.11081129
v -0.15198237 0.13880347 -0.05771723
v -0.15107393 0.12627722 -0.07981449
v -0.16039906 0.12508090 -0.07469698
v -0.16297455 0.13775609 -0.05327846
v -0.14739968 0.07582904 -0.11171348
v -0.14543542 0.05949951 -0.11584288
v -0.15684763 0.06169639 -0.11032865
v -0.15776321 0.07755559 -0.10648073
v -0.18964866 0.13438073 -0.04018478
v -0.18656877 0.12738642 -0.06186654
v -0.19636275 0.12738462 -0.05941761
v -0.20004335 0.13195539 -0.03830297
v -0.15807772 0.09396753 -0.09986218
v -0.08454815 -0.02945608 -0.13797289
v -0.12043355 -0.01371204 -0.12862770
v -0.10363615 -0.02141004 -0.13400567
v -0.15853482 0.00831582 -0.10793939
v -0.14793354 0.00299886 -0.11362208
v -0.15141669 -0.00931951 -0.10876314
v -0.18049718 0.01596129 -0.09937743
v -0.16917688 0.01251107 -0.10332927
v -0.20667017 0.05836883 0.01794537
v -0.19276400 0.05934257 0.02461985
v -0.19100486 0.08608218 0.01814546
v -0.19622363 0.01068039 -0.08712434
v -0.20687923 0.01673140 -0.08656754
v -0.20491309 0.02193421 -0.08973637
v -0.19344927 0.01609178 -0.09062147
v -0.14116724 0.14107177 -0.06161104
v -0.18517329 0.11450876 -0.07731465
v -0.18355721 0.10207265 -0.08807392
v -0.19390824 0.10489236 -0.08634059
v -0.19566710 0.11624137 -0.07500172
v -0.18553333 0.08718316 -0.09627099
v -0.18646605 0.07240678 -0.10095477
v -0.19774781 0.07696541 -0.09899599
v -0.19618820 0.09098812 -0.09428909
v -0.20409420 0.02873644 -0.09336323
v -0.19041808 0.02298000 -0.09414408
v -0.21491028 0.11996353 -0.01526743
v -0.17136383 0.13825074 -0.02219315
v -0.16748798 0.12518863 0.00211049
v -0.15790398 0.12992063 -0.00143074
v -0.16183305 0.14069378 -0.02670504
v -0.22457135 0.00458670 -0.04559856
v -0.22087096 0.00943696 -0.03346653
v -0.22686876 0.00149806 -0.05701604
v -0.19985349 0.00039291 -0.07830847
v -0.22787215 0.00215473 -0.06716091
v -0.21934003 0.03873717 0.00591680
v -0.22082908 0.05769301 0.01123004
v -0.16460386 0.10086787 0.01735970
v -0.15478534 0.10749434 0.01474850
v -0.21191798 0.12842040 -0.03757183
v -0.20806479 0.12537801 -0.05824051
v -0.22329286 0.02371861 -0.09093249
v -0.23525645 0.03046796 -0.09555561
v -0.22104816 0.02860316 -0.09372149
v -0.18569113 -0.00879628 -0.08589390
v -0.19842428 0.00605534 -0.08317024
v -0.17232101 0.13766274 -0.04848150
v -0.20577510 0.11650901 -0.07353739
v -0.20542505 0.10538562 -0.08539630
v -0.17587508 0.08329450 -0.09901375
v -0.17472917 0.09854229 -0.09130326
v -0.16637230 0.09588507 -0.09528866
v -0.16681513 0.08013900 -0.10245855
v -0.20925409 0.08177987 -0.09770355
v -0.21209049 0.06785947 -0.10023969
v -0.17641084 0.06801932 -0.10326872
v -0.16678138 0.06442916 -0.10639413
v -0.21921112 0.03557741 -0.09658481
v -0.14616406 0.11223663 0.01182425
v -0.14478078 0.08966488 0.02436086
v -0.13497244 0.09261267 0.02448835
v -0.16503917 0.07498951 0.02781807
v -0.15389404 0.08347691 0.02585467
v -0.17894210 0.06494421 0.02812210
v -0.12379428 0.09287765 0.02600033
v -0.41789538 0.02002250 -0.09092569
v -0.24661532 0.03766240 -0.09819976
v -0.23845755 0.02542547 -0.09301361
v -0.25129560 0.03168850 -0.09649483
v -0.29583612 0.05602835 -0.09615877
v -0.41243631 0.05621750 -0.08145641
v -0.41934732 0.05640315 -0.08162636
v -0.46494621 0.06288371 -0.08773646
v -0.48687053 0.07690432 -0.07341568
v -0.46649703 0.07534158 -0.07357667
v -0.47392502 0.07836840 -0.03080520
v -0.47410443 0.06461891 -0.02211327
v -0.47341010 0.01749503 -0.02637817
v -0.46887958 0.01436714 -0.08977899
v -0.61347622 0.06051418 -0.03685597
v -0.61341572 0.06706656 -0.04687851
v -0.63353258 0.06467502 -0.04384002
v -0.63328624 0.05696577 -0.03492556
v -0.65174323 0.04335942 -0.03042208
v -0.63286877 0.04663165 -0.03123932
v -0.65286201 0.05397920 -0.03220119
v -0.65050071 0.03380566 -0.03334352
v -0.63219106 0.03673770 -0.03306358
v -0.64962775 0.02643449 -0.04006661
v -0.64948487 0.02073633 -0.04824464
v -0.63182229 0.02171162 -0.04626311
v -0.63175088 0.02820052 -0.03855247
v -0.63221568 0.01739484 -0.05558661
v -0.63232213 0.01546236 -0.06581582
v -0.61356246 0.01251397 -0.06373632
v -0.61336654 0.01624156 -0.05299848
v -0.64968997 0.02621160 -0.08361409
v -0.64932764 0.03461519 -0.08683378
v -0.63054627 0.03216963 -0.08836395
v -0.63115168 0.02296660 -0.08444146
v -0.61067301 0.05077958 -0.08744563
v -0.61033332 0.03975503 -0.09040492
v -0.63064760 0.04269727 -0.08810778
v -0.63088715 0.05315642 -0.08506281
v -0.64978653 0.05545970 -0.08394870
v -0.65061641 0.06241442 -0.07576916
v -0.63185412 0.06080023 -0.07801923
v -0.57439107 0.06648497 -0.04144273
v -0.59388459 0.06356768 -0.03933252
v -0.59410155 0.05358255 -0.03288236
v -0.59377152 0.03132152 -0.03468405
v -0.59388644 0.04209097 -0.03172161
v -0.61307746 0.03924138 -0.03223928
v -0.61289996 0.02952220 -0.03647745
v -0.57558161 0.00758020 -0.05880447
v -0.59430891 0.01497788 -0.05040627
v -0.59464812 0.01011286 -0.06148315
v -0.61305797 0.02202623 -0.04373544
v -0.59392816 0.02235655 -0.04135393
v -0.61296362 0.01356453 -0.07508723
v -0.63183361 0.01719160 -0.07618332
v -0.61328340 0.06823494 -0.05884192
v -0.61265320 0.06567071 -0.07062865
v -0.63293856 0.06516757 -0.06725837
v -0.63351148 0.06712891 -0.05545288
v -0.59407723 0.01061396 -0.07348063
v -0.59206814 0.06658071 -0.07436373
v -0.59293127 0.06993026 -0.06233112
v -0.61170846 0.05988479 -0.08083209
v -0.59110117 0.05914377 -0.08431930
v -0.65278476 0.06615352 -0.05247350
v -0.65337473 0.06250897 -0.04080411
v -0.59345490 0.06939530 -0.04992091
v -0.61194760 0.01932564 -0.08465741
v -0.61082125 0.02880326 -0.08998349
v -0.59111905 0.02547625 -0.09101230
v -0.59267068 0.01607296 -0.08429495
v -0.56881744 0.04670123 -0.09341436
v -0.58993727 0.03683460 -0.09258336
v -0.58994907 0.04855039 -0.09037118
v -0.64948958 0.04484909 -0.08688331
v -0.56981474 0.05852238 -0.08806477
v -0.73127544 0.01220054 -0.03890549
v -0.74052191 0.01555126 -0.03804466
v -0.73496783 0.01824736 -0.04496856
v -0.72492772 0.01719803 -0.04421104
v -0.70583928 -0.00393815 -0.02917497
v -0.71778619 -0.00870332 -0.02427253
v -0.72387952 -0.00790178 -0.03258513
v -0.71329945 -0.00197283 -0.03836264
v -0.73680401 0.00777385 -0.03396486
v -0.74481696 0.01403318 -0.03210311
v -0.75267649 0.01992184 -0.03011988
v -0.74393219 0.01417896 -0.02790278
v -0.75264436 0.02554815 -0.02575019
v -0.74739867 0.03616796 -0.02460285
v -0.76022518 0.03951646 -0.02843809
v -0.76074135 0.03020570 -0.02613505
v -0.74056000 0.05091089 -0.04908266
v -0.73740792 0.05110608 -0.06055853
v -0.75334102 0.04977963 -0.06183316
v -0.75588405 0.04854299 -0.05015390
v -0.74388552 0.04440713 -0.08096255
v -0.74967784 0.04675761 -0.07116460
v -0.73374009 0.04910119 -0.06934509
v -0.72924709 0.04673367 -0.07796999
v -0.72007835 0.02018254 -0.05171137
v -0.73030317 0.01985442 -0.05260374
v -0.72842324 0.01956194 -0.05873245
v -0.71775401 0.01966103 -0.05850538
v -0.74332994 0.02015626 -0.02346499
v -0.74454796 0.00567389 -0.02390109
v -0.74380332 0.00846718 -0.02037847
v -0.73826593 0.02247502 -0.01945049
v -0.68145120 0.01373300 -0.06191682
v -0.69220966 0.01155481 -0.06471013
v -0.69285679 0.01012839 -0.07238881
v -0.68076789 0.01244006 -0.07060549
v -0.68087173 0.01340139 -0.04089730
v -0.67611033 0.02287554 -0.03029674
v -0.68361884 0.01762196 -0.02551461
v -0.68737513 0.00717796 -0.03673334
v -0.69286191 0.01023415 -0.02187188
v -0.70319861 0.00286933 -0.01923129
v -0.69612950 0.00122213 -0.03312527
v -0.71633613 -0.00277557 -0.01628193
v -0.68807000 0.01336623 -0.08486003
v -0.67949325 0.01666944 -0.08165050
v -0.79332227 0.00671178 -0.03882767
v -0.79426205 0.00803709 -0.03321867
v -0.79664701 0.00553644 -0.03384175
v -0.79576904 0.00450873 -0.03943687
v -0.68073243 0.04293221 -0.08798359
v -0.67952847 0.03318291 -0.08966014
v -0.68634117 0.03320966 -0.09145886
v -0.68798065 0.04281057 -0.08811226
v -0.69520301 0.03316221 -0.09430017
v -0.69730419 0.04294226 -0.08891127
v -0.80203104 0.01416630 -0.02946533
v -0.80574107 0.01719761 -0.03170895
v -0.80867398 0.01147133 -0.03172940
v -0.80451679 0.00926942 -0.02984317
v -0.74492335 0.01822369 -0.04460592
v -0.74971735 0.01697699 -0.03685712
v -0.75838923 0.01827505 -0.03492865
v -0.76565784 0.01939131 -0.03346649
v -0.76661927 0.01738612 -0.03964625
v -0.75659436 0.01783558 -0.04373488
v -0.74178404 0.01960226 -0.05579174
v -0.75310004 0.01846837 -0.05613566
v -0.74840814 0.01886283 -0.06330513
v -0.73759097 0.01939307 -0.06313694
v -0.74188006 0.01458125 -0.08246047
v -0.73346716 0.01376394 -0.08139308
v -0.73384643 0.01597597 -0.07539430
v -0.74398530 0.01653984 -0.07581379
v -0.77118343 0.01791660 -0.07601295
v -0.76240289 0.01760059 -0.07589680
v -0.76419818 0.01832153 -0.07064859
v -0.77254879 0.01847158 -0.07092167
v -0.67346019 0.04430037 -0.08790241
v -0.67265797 0.03423698 -0.08873958
v -0.73873353 0.02698442 -0.10724450
v -0.74415028 0.03561331 -0.10212680
v -0.73364681 0.03684272 -0.09811600
v -0.72816825 0.02950551 -0.10317388
v -0.69092816 0.05059060 -0.08122860
v -0.68310851 0.05161334 -0.08167754
v -0.80884689 0.01897478 -0.03654323
v -0.81115425 0.01303864 -0.03674134
v -0.70386225 0.01702356 -0.01379476
v -0.71820378 0.00668995 -0.01115054
v -0.69238830 0.02607065 -0.01847148
v -0.67724282 0.03611019 -0.02627184
v -0.68451881 0.03188633 -0.02312167
v -0.76128036 0.01775901 -0.04869540
v -0.73866802 0.01959743 -0.05140070
v -0.72661990 0.01867248 -0.06347495
v -0.71741295 0.01020891 -0.08285733
v -0.72431242 0.01087897 -0.08542674
v -0.72155905 0.01052483 -0.09267912
v -0.71354502 0.01054739 -0.09242077
v -0.73572004 0.01345850 -0.10119701
v -0.73566830 0.01871014 -0.10659309
v -0.72652131 0.01985513 -0.10404923
v -0.72808015 0.01346692 -0.09977611
v -0.74289870 0.00919927 -0.01497403
v -0.73335755 0.02108737 -0.01420972
v -0.67920011 0.02369257 -0.08761458
v -0.68628645 0.02256285 -0.09093859
v -0.67211753 0.02614109 -0.08528408
v -0.69317555 0.01161455 -0.05343583
v -0.70599437 0.01720482 -0.05706693
v -0.70470858 0.01595548 -0.06202758
v -0.69199049 0.01251831 -0.05931474
v -0.71529067 0.01166392 -0.04507596
v -0.70422906 0.00365686 -0.04293027
v -0.72278243 0.00565283 -0.04065947
v -0.68109828 0.01435609 -0.05324252
v -0.67262942 0.01801083 -0.05069849
v -0.67260748 0.01744331 -0.06045771
v -0.67220783 0.01730948 -0.07037765
v -0.67225158 0.02063072 -0.07960701
v -0.66329581 0.01966292 -0.04941571
v -0.66372514 0.01848692 -0.05901789
v -0.66378009 0.01905598 -0.06919157
v -0.66378450 0.02192428 -0.07791915
v -0.67460811 0.05396450 -0.08210681
v -0.66406423 0.05565188 -0.08318830
v -0.66350794 0.04499051 -0.08760332
v -0.67329550 0.02014695 -0.04068438
v -0.66391522 0.02397631 -0.04058521
v -0.66553044 0.03029048 -0.03199847
v -0.66714352 0.04098949 -0.02903854
v -0.74033087 -0.00869714 -0.02735212
v -0.73570400 -0.00525887 -0.03101107
v -0.73054558 -0.01048975 -0.02718449
v -0.73671448 -0.01307935 -0.02256913
v -0.76683867 0.02394388 -0.02878532
v -0.75973183 0.02324712 -0.02899682
v -0.76900834 0.03087663 -0.02732551
v -0.70161384 0.00948602 -0.07817510
v -0.69720501 0.01200141 -0.08871803
v -0.76882076 0.01750223 -0.04504671
v -0.78418821 0.02460837 -0.02838728
v -0.78796470 0.02978924 -0.03068785
v -0.79993069 0.02247950 -0.03141064
v -0.79624397 0.01838970 -0.02895296
v -0.78039831 0.01501161 -0.04389539
v -0.78432292 0.01857671 -0.04798983
v -0.77785367 0.01999338 -0.04870868
v -0.77453583 0.01738000 -0.04395163
v -0.76657355 0.01560639 -0.08220205
v -0.75905377 0.01563286 -0.08215594
v -0.77088809 0.04553389 -0.03880477
v -0.75779933 0.04765257 -0.03732559
v -0.77075845 0.04224272 -0.05112379
v -0.75362319 0.01700839 -0.07599071
v -0.74574673 0.01797603 -0.06991294
v -0.75537050 0.01790916 -0.07050657
v -0.76831728 0.01902146 -0.05486617
v -0.76110041 0.01825528 -0.05609346
v -0.76452667 0.01804472 -0.05121703
v -0.77027363 0.01861322 -0.04955974
v -0.71658915 0.03142454 -0.10010770
v -0.71510917 0.01899875 -0.10139786
v -0.79771781 0.01072681 -0.02989633
v -0.80009228 0.00714386 -0.03066654
v -0.66345298 0.03467425 -0.08721732
v -0.66381270 0.02696663 -0.08383785
v -0.73515642 0.01805890 -0.06915388
v -0.74343979 0.04781007 -0.03597029
v -0.72482955 0.01709302 -0.06854762
v -0.76627570 0.02112502 -0.09213469
v -0.76910925 0.02741355 -0.09113066
v -0.76123381 0.03204674 -0.09100689
v -0.75951314 0.02335748 -0.09423535
v -0.79534864 0.00811893 -0.04387897
v -0.79952109 0.01117551 -0.04709526
v -0.79437476 0.01459908 -0.04716961
v -0.79083174 0.01077592 -0.04386360
v -0.77866364 0.01541030 -0.03339764
v -0.77865267 0.01383394 -0.03881411
v -0.77214420 0.01689194 -0.03899739
v -0.77162999 0.01847671 -0.03346181
v -0.77322853 0.02280113 -0.02957872
v -0.78082371 0.01976588 -0.02971063
v -0.79054028 0.03080997 -0.04402375
v -0.78885186 0.02485859 -0.04833193
v -0.79926705 0.01941144 -0.04791271
v -0.80268162 0.02326182 -0.04331429
v -0.71547300 0.04969583 -0.07558706
v -0.71194416 0.04638094 -0.08398589
v -0.72534007 0.04334069 -0.08687019
v -0.73903477 0.04048303 -0.09016139
v -0.75164115 0.03631762 -0.09272089
v -0.75742483 0.04242242 -0.08357056
v -0.72123837 0.03922043 -0.09379788
v -0.77884579 0.03523594 -0.05530506
v -0.77872533 0.02911882 -0.05364637
v -0.78059810 0.03516757 -0.04691718
v -0.72297466 0.01443743 -0.07564492
v -0.79230595 0.01418328 -0.02958402
v -0.68915111 0.05441919 -0.03594647
v -0.68926454 0.05990782 -0.04870792
v -0.69944233 0.05788482 -0.04926418
v -0.69819188 0.05137087 -0.03372738
v -0.78919363 0.00917223 -0.03865493
v -0.78934222 0.01028231 -0.03311025
v -0.76528692 0.01570290 -0.09179458
v -0.75917143 0.01428126 -0.09313504
v -0.75756574 0.01429906 -0.08841101
v -0.76494491 0.01466224 -0.08755556
v -0.70865852 0.04203083 -0.09073145
v -0.75103903 0.03081238 -0.10511199
v -0.74629033 0.02072470 -0.10947772
v -0.69377434 0.05539609 -0.07169605
v -0.70022339 0.04903791 -0.08195469
v -0.70335311 0.05283596 -0.07335836
v -0.76575917 0.04127721 -0.07225535
v -0.71934563 0.05178386 -0.06773741
v -0.70648044 0.05462486 -0.06559888
v -0.69593865 0.05765208 -0.06252066
v -0.68723494 0.06016164 -0.06119831
v -0.68545246 0.05758160 -0.07115763
v -0.80852354 0.01769024 -0.04333658
v -0.80262113 0.02458751 -0.03643928
v -0.67604309 0.05994822 -0.07128066
v -0.66478461 0.06208166 -0.07336578
v -0.67785317 0.06237852 -0.06090016
v -0.66628778 0.06416167 -0.06253758
v -0.70971739 0.05577257 -0.05675379
v -0.71205962 0.05482294 -0.04619478
v -0.72264659 0.05320041 -0.05920947
v -0.72612602 0.05272627 -0.04851205
v -0.76807612 0.04733964 -0.06246736
v -0.80292690 0.00691581 -0.04735966
v -0.80780178 -0.00013608 -0.04800345
v -0.81206012 0.00119209 -0.04663340
v -0.80775136 0.00890148 -0.04677875
v -0.80437839 0.01439738 -0.04725110
v -0.81081641 0.01150686 -0.04319748
v -0.72902966 0.04860059 -0.03418795
v -0.77534002 0.02019148 -0.05413953
v -0.71279472 0.04671444 -0.02866318
v -0.73465455 0.03887819 -0.02177828
v -0.72407013 0.03536590 -0.01691442
v -0.69492841 0.04033126 -0.02155459
v -0.70628494 0.03252130 -0.01492707
v -0.67935890 0.04755399 -0.02917675
v -0.68697882 0.04452942 -0.02670409
v -0.66861522 0.05092131 -0.03093774
v -0.71918738 0.02099830 -0.01045494
v -0.79920959 -0.00063616 -0.03543700
v -0.79893017 -0.00112396 -0.04128439
v -0.66895729 0.05975886 -0.03858681
v -0.68058270 0.05661824 -0.03703637
v -0.73049867 -0.00056507 -0.03581716
v -0.71476090 0.01630971 -0.06752979
v -0.71323061 0.01334048 -0.07308540
v -0.71018231 0.00979191 -0.08071350
v -0.70585406 0.01104761 -0.09146123
v -0.66785246 0.06460181 -0.05037522
v -0.65002143 0.01822673 -0.05772322
v -0.65016466 0.01827906 -0.06780773
v -0.65171582 0.06514794 -0.06466158
v -0.80282074 0.00062293 -0.03177263
v -0.77702999 0.02248812 -0.07338100
v -0.77645564 0.02289811 -0.07574038
v -0.72664118 -0.01060846 -0.02011321
v -0.73441607 -0.01235304 -0.01630412
v -0.72631168 -0.00562304 -0.01301411
v -0.72880137 0.00213879 -0.00893089
v -0.73813778 -0.00177323 -0.00862965
v -0.73556769 -0.00845277 -0.01166752
v -0.70423216 0.01393351 -0.06631064
v -0.70377254 0.01180059 -0.07153181
v -0.70434141 0.02075764 -0.09882324
v -0.70538962 0.03297099 -0.09724736
v -0.77613348 0.02874593 -0.02824873
v -0.77088279 0.03854921 -0.03035161
v -0.77860558 0.03456976 -0.03123083
v -0.78962082 0.03300828 -0.03673284
v -0.78179961 0.02648406 -0.04972458
v -0.77916425 0.02440822 -0.05282125
v -0.69754344 0.00832441 -0.04800428
v -0.70953202 0.01605875 -0.05086407
v -0.73961341 0.00339088 -0.03038871
v -0.74292779 -0.00062216 -0.02793537
v -0.75752378 0.01837436 -0.06325233
v -0.77804893 0.03568883 -0.06999535
v -0.77839625 0.04033729 -0.06254087
v -0.76581728 0.01902129 -0.06293879
v -0.81198639 0.00264227 -0.03243413
v -0.80730760 0.00137889 -0.03078173
v -0.78001261 0.03889765 -0.03787647
v -0.75076914 0.01522795 -0.08260409
v -0.77338451 0.03338495 -0.07659248
v -0.77865082 0.02906346 -0.07296330
v -0.74137199 0.01637399 -0.10681137
v -0.67992699 0.06198115 -0.04878823
v -0.80173481 -0.00091547 -0.04631389
v -0.79799771 0.00501567 -0.04487046
v -0.81425506 0.00291371 -0.04310954
v -0.81417263 0.00397080 -0.03745955
v -0.69478476 0.02180364 -0.09514421
v -0.71613592 0.01823815 -0.06318915
v -0.64995050 0.02077973 -0.07693881
v -0.74071866 0.00546019 -0.00974926
v -0.73071718 0.01165812 -0.01001841
v -0.77250373 0.01919030 -0.06264999
v -0.75601608 0.02849497 -0.09851234
v -0.77455944 0.03238860 -0.08634758
v -0.77838451 0.03072914 -0.07986055
v -0.76647156 0.03742523 -0.08493400
v -0.77945769 0.02581075 -0.07738640
v -0.81684870 -0.00445849 -0.04340497
v -0.81677234 -0.00357676 -0.03792872
v -0.81409788 -0.00472105 -0.03289122
v -0.80909550 -0.00473726 -0.03156978
v -0.80453539 -0.00473028 -0.03293671
v -0.81427157 -0.00565213 -0.04690510
v -0.81001407 -0.00630093 -0.04824979
v -0.80394000 -0.00579655 -0.04682898
v -0.81468797 -0.01144075 -0.04737074
v -0.81783766 -0.01200658 -0.04381434
v -0.81658101 -0.01571244 -0.03573309
v -0.81639630 -0.01977855 -0.03574048
v -0.81380248 -0.01864761 -0.03347482
v -0.81509376 -0.01253200 -0.03357045
v -0.81355119 -0.02388895 -0.03472126
v -0.81666309 -0.02452803 -0.03650307
v -0.81807745 -0.01437360 -0.03854347
v -0.81857878 -0.01939183 -0.03936677
v -0.81833208 -0.02417374 -0.04398213
v -0.81888252 -0.02469599 -0.04015592
v -0.81794739 -0.01904416 -0.04325167
v -0.81807762 -0.01505345 -0.04202960
v -0.81805271 -0.01035094 -0.03810772
v -0.81872731 -0.02899194 -0.04066487
v -0.81574368 -0.03048295 -0.04135419
v -0.81413251 -0.02826786 -0.03699637
v -0.81691164 -0.02793002 -0.03739378
v -0.80982780 -0.01072806 -0.03229925
v -0.81010807 -0.01761025 -0.03345311
v -0.81012601 -0.02336305 -0.03534966
v -0.81095612 -0.02768070 -0.03796377
v -0.80741608 -0.02316731 -0.03736557
v -0.80656081 -0.01759684 -0.03528795
v -0.80854660 -0.02655965 -0.03984168
v -0.80597627 -0.02322048 -0.04027797
v -0.80419052 -0.01799476 -0.03875746
v -0.80269670 -0.00990480 -0.03725710
v -0.80552876 -0.00978374 -0.03374445
v -0.80736971 -0.02558178 -0.04134206
v -0.81262797 -0.02985191 -0.04237416
v -0.81695354 -0.01788443 -0.04613227
v -0.81672633 -0.02353048 -0.04656349
v -0.81459755 -0.01758146 -0.04803817
v -0.81440663 -0.02325070 -0.04802641
v -0.81881058 -0.02757829 -0.04408504
v -0.81675404 -0.02815723 -0.04564631
v -0.80102885 -0.00506449 -0.03661052
v -0.80112278 -0.00535774 -0.04241584
v -0.80250955 -0.01010650 -0.04285603
v -0.80394959 -0.01803237 -0.04388173
v -0.80550808 -0.01056790 -0.04707476
v -0.81067789 -0.01151621 -0.04855812
v -0.81133986 -0.01782757 -0.04868731
v -0.80716258 -0.01767147 -0.04779126
v -0.80844790 -0.02298427 -0.04721818
v -0.81137896 -0.02306902 -0.04826253
v -0.80634326 -0.02330887 -0.04405164
v -0.81114292 -0.02661920 -0.04666170
v -0.81400728 -0.02765286 -0.04651859
v -0.80921030 -0.02558428 -0.04618048
v -0.80822170 -0.02600062 -0.04377373
v -0.81012744 -0.02786291 -0.04327707
v -0.79854691 0.00844741 -0.06636842
v -0.79988563 0.01008779 -0.06164825
v -0.80251527 0.00430763 -0.06198448
v -0.80064321 0.00273997 -0.06694973
v -0.80738556 0.01632088 -0.05914642
v -0.81167758 0.02022144 -0.06204249
v -0.81466430 0.01228243 -0.06215206
v -0.80996245 0.00875461 -0.05946039
v -0.81286687 0.02222529 -0.06914398
v -0.81565082 0.01424307 -0.06904916
v -0.78751320 0.02568004 -0.05579119
v -0.78932667 0.03128245 -0.05778595
v -0.80449069 0.02598161 -0.06050819
v -0.80106801 0.02120638 -0.05783454
v -0.78131521 0.01701510 -0.06986582
v -0.78373849 0.01986843 -0.07378019
v -0.80302447 0.01281941 -0.05941338
v -0.80562675 0.00616342 -0.05977045
v -0.79862231 0.00865388 -0.07127891
v -0.80113780 0.01039630 -0.07549165
v -0.79584205 0.01561129 -0.07467689
v -0.79366606 0.01284185 -0.07080071
v -0.78260601 0.01776063 -0.05732423
v -0.78127164 0.01664802 -0.06359491
v -0.78518724 0.02135450 -0.05542735
v -0.78922349 0.03179333 -0.07124533
v -0.78720099 0.02595544 -0.07460319
v -0.79971272 0.01997834 -0.07649927
v -0.80348188 0.02497208 -0.07414272
v -0.79750633 0.01739901 -0.05821232
v -0.79339027 0.01228154 -0.06531033
v -0.79474932 0.01390445 -0.06027772
v -0.80986321 0.01789489 -0.07543387
v -0.80480623 0.02834284 -0.06728984
v -0.80371070 0.00371200 -0.07614503
v -0.80708277 -0.00464678 -0.07651401
v -0.81160796 -0.00270909 -0.07669235
v -0.80815452 0.00588357 -0.07694424
v -0.80518484 0.01323062 -0.07677811
v -0.81263942 0.00977522 -0.07515958
v -0.80496502 -0.00488198 -0.06308608
v -0.80309868 -0.00578451 -0.06829529
v -0.80840445 -0.00364536 -0.06052466
v -0.79012769 0.03511462 -0.06405953
v -0.81738406 0.00068617 -0.06288492
v -0.81259072 -0.00185233 -0.06048466
v -0.80334663 -0.00580961 -0.07329108
v -0.80064571 0.00269759 -0.07206479
v -0.81569403 -0.00019538 -0.07466771
v -0.81825566 0.00225264 -0.06894496
v -0.81736863 -0.00845212 -0.07459675
v -0.82006919 -0.00703591 -0.06944599
v -0.81910682 -0.00808156 -0.06378423
v -0.81407201 -0.00877851 -0.06128441
v -0.80976260 -0.00916094 -0.06152474
v -0.81353867 -0.01006287 -0.07662169
v -0.80921739 -0.01083535 -0.07656181
v -0.80527669 -0.01087749 -0.07366411
v -0.81300277 -0.01732910 -0.07647853
v -0.81715775 -0.01744223 -0.07468140
v -0.81812763 -0.02453673 -0.06578833
v -0.81792557 -0.02994221 -0.06553465
v -0.81552094 -0.02908021 -0.06330946
v -0.81680596 -0.02309692 -0.06304185
v -0.81891823 -0.02051353 -0.06646307
v -0.81870544 -0.01698577 -0.06429164
v -0.81905627 -0.02010518 -0.06973918
v -0.81900549 -0.02494341 -0.06988719
v -0.81683844 -0.03074181 -0.07333849
v -0.81903267 -0.03112411 -0.06984285
v -0.81672966 -0.02502316 -0.07298957
v -0.81746238 -0.02080584 -0.07254410
v -0.81493092 -0.03437674 -0.06511533
v -0.81763256 -0.03414160 -0.06588593
v -0.82028121 -0.01539463 -0.06988333
v -0.81425029 -0.01478606 -0.06177662
v -0.81338507 -0.02200609 -0.06166521
v -0.81219780 -0.02864277 -0.06270978
v -0.81157255 -0.03376913 -0.06521708
v -0.80886763 -0.02832836 -0.06343724
v -0.80926478 -0.02179158 -0.06214471
v -0.80898082 -0.03250831 -0.06603207
v -0.80627072 -0.02833444 -0.06583352
v -0.80552417 -0.02198017 -0.06469284
v -0.80639964 -0.01395756 -0.06465904
v -0.80992037 -0.01397347 -0.06201556
v -0.80737203 -0.03132439 -0.06702428
v -0.81528896 -0.03758901 -0.06921189
v -0.81189817 -0.03632474 -0.06917948
v -0.81882364 -0.03667909 -0.06948291
v -0.81469619 -0.02438897 -0.07445113
v -0.81424099 -0.03050977 -0.07420625
v -0.81228614 -0.02434772 -0.07596283
v -0.81199151 -0.03056854 -0.07519484
v -0.81710374 -0.03513855 -0.07301563
v -0.81472135 -0.03556252 -0.07332365
v -0.80653381 -0.00977623 -0.06415566
v -0.80470234 -0.01040822 -0.06890934
v -0.80437589 -0.01442814 -0.06932780
v -0.80392784 -0.02242184 -0.06956778
v -0.80531281 -0.01510209 -0.07395403
v -0.80904102 -0.01658434 -0.07636541
v -0.80905503 -0.02365649 -0.07591151
v -0.80555749 -0.02292514 -0.07390675
v -0.80655420 -0.02877027 -0.07330798
v -0.80939460 -0.02976501 -0.07485631
v -0.80513102 -0.02856290 -0.06968330
v -0.80938768 -0.03373450 -0.07287265
v -0.81188560 -0.03523886 -0.07328780
v -0.80739927 -0.03199756 -0.07216953
v -0.80705023 -0.03212148 -0.06949857
v -0.80914652 -0.03451693 -0.06926991
v -0.78617048 0.00374573 -0.08658437
v -0.78955203 0.00566435 -0.08289558
v -0.79041910 0.00134254 -0.08245721
v -0.78644478 -0.00054550 -0.08622289
v -0.79721737 0.01075006 -0.08300664
v -0.79938805 0.01361859 -0.08591570
v -0.80043685 0.00576401 -0.08608603
v -0.79842299 0.00415534 -0.08311477
v -0.79902625 0.01432788 -0.09223387
v -0.80014062 0.00556779 -0.09121345
v -0.78379565 0.02186230 -0.07928605
v -0.78494900 0.02630645 -0.08203278
v -0.79488981 0.01974842 -0.08454229
v -0.79318380 0.01595104 -0.08148471
v -0.79340345 0.00797391 -0.08194606
v -0.79482436 0.00260437 -0.08189079
v -0.78482592 0.00287288 -0.09101243
v -0.78588456 0.00359446 -0.09456946
v -0.78163558 0.00823063 -0.09386656
v -0.78091431 0.00718585 -0.09039078
v -0.77299428 0.01322857 -0.08365940
v -0.77636486 0.01510978 -0.07969467
v -0.78025132 0.01812705 -0.07858670
v -0.77846420 0.02342084 -0.09338840
v -0.77439910 0.01799461 -0.09389740
v -0.78495342 0.01175916 -0.09651273
v -0.78983343 0.01712954 -0.09607785
v -0.78952503 0.01234531 -0.08091474
v -0.78218919 0.00696877 -0.08543599
v -0.78549874 0.00938156 -0.08178206
v -0.79465544 0.01045984 -0.09681162
v -0.79325181 0.02082014 -0.09058647
v -0.78652954 -0.00080061 -0.09490360
v -0.78986818 -0.00988019 -0.09417880
v -0.79426080 -0.00911230 -0.09536794
v -0.79118919 0.00073767 -0.09685481
v -0.78933728 0.00641912 -0.09717955
v -0.79626298 0.00358707 -0.09576231
v -0.79136765 -0.00708318 -0.08182147
v -0.78795666 -0.00833374 -0.08572316
v -0.79593623 -0.00643957 -0.08129540
v -0.78296888 0.02747643 -0.08809689
v -0.77152175 0.01343867 -0.09222870
v -0.80244267 -0.00555617 -0.08501163
v -0.79966259 -0.00595421 -0.08230016
v -0.78720820 -0.00930655 -0.09068510
v -0.78506297 -0.00120682 -0.09098600
v -0.79907107 -0.00728834 -0.09418535
v -0.80249184 -0.00525671 -0.08995448
v -0.80022871 -0.01524037 -0.09296593
v -0.80365026 -0.01373684 -0.08870196
v -0.80365229 -0.01366895 -0.08367559
v -0.80026054 -0.01299244 -0.08125663
v -0.79650581 -0.01240259 -0.08061847
v -0.79502332 -0.01613569 -0.09371534
v -0.79128098 -0.01582444 -0.09244859
v -0.78882390 -0.01401567 -0.08962375
v -0.79423916 -0.02114648 -0.09244478
v -0.79917043 -0.02182418 -0.09076324
v -0.80072868 -0.02749342 -0.08134061
v -0.80036169 -0.03233075 -0.08011052
v -0.79938304 -0.03148049 -0.07822031
v -0.80054653 -0.02632004 -0.07948086
v -0.80200350 -0.02396667 -0.08290878
v -0.80268615 -0.02086455 -0.08222300
v -0.80189025 -0.02383101 -0.08607969
v -0.80102932 -0.02845788 -0.08508345
v -0.79747814 -0.03263903 -0.08700073
v -0.80046225 -0.03335953 -0.08384603
v -0.79796612 -0.02790105 -0.08812955
v -0.79973060 -0.02438307 -0.08874208
v -0.79873037 -0.03583443 -0.07837889
v -0.80008680 -0.03574473 -0.07979280
v -0.80286407 -0.02016765 -0.08706489
v -0.80001545 -0.01860058 -0.07969972
v -0.79842037 -0.02470428 -0.07789621
v -0.79706955 -0.03031474 -0.07687575
v -0.79576826 -0.03461516 -0.07757071
v -0.79403800 -0.02900606 -0.07707074
v -0.79504192 -0.02341574 -0.07779586
v -0.79306525 -0.03287107 -0.07787645
v -0.79133266 -0.02827293 -0.07843557
v -0.79159182 -0.02268350 -0.07898319
v -0.79265231 -0.01634812 -0.08078629
v -0.79632074 -0.01717722 -0.07945237
v -0.79146081 -0.03134102 -0.07882160
v -0.79734498 -0.03841215 -0.08176771
v -0.79403520 -0.03704518 -0.08130324
v -0.79989702 -0.03744012 -0.08278924
v -0.79592568 -0.02723402 -0.08995083
v -0.79509616 -0.03241390 -0.08819556
v -0.79283720 -0.02649039 -0.09040985
v -0.79250515 -0.03181219 -0.08839032
v -0.79773611 -0.03617740 -0.08580491
v -0.79577261 -0.03633034 -0.08602965
v -0.79258645 -0.01211846 -0.08193073
v -0.78949523 -0.01264131 -0.08536053
v -0.78965092 -0.01644897 -0.08395401
v -0.78852355 -0.02308202 -0.08218426
v -0.78872162 -0.01765013 -0.08809373
v -0.79077631 -0.02003968 -0.09085324
v -0.78999501 -0.02560097 -0.08904302
v -0.78805417 -0.02414650 -0.08631471
v -0.78855896 -0.02920091 -0.08508459
v -0.79013491 -0.03057408 -0.08731005
v -0.78893358 -0.02861160 -0.08128545
v -0.79070181 -0.03392810 -0.08469239
v -0.79293805 -0.03563511 -0.08563671
v -0.78937870 -0.03220880 -0.08368468
v -0.79014057 -0.03222364 -0.08095369
v -0.79162425 -0.03467995 -0.08093134
v -0.77151972 0.01301822 -0.08827781
v -0.76459980 0.00005847 -0.10620230
v -0.76786226 0.00131917 -0.10357359
v -0.76800984 -0.00209725 -0.10388079
v -0.76457918 -0.00274462 -0.10637233
v -0.77511209 0.00579041 -0.10489526
v -0.77666271 0.00738674 -0.10874477
v -0.77685058 0.00079465 -0.10901606
v -0.77550948 -0.00019765 -0.10519201
v -0.77450854 0.00717157 -0.11411068
v -0.77471870 0.00082690 -0.11381665
v -0.76340258 0.01786658 -0.09875739
v -0.76265717 0.02185360 -0.10211082
v -0.77278614 0.01336744 -0.10671404
v -0.77172559 0.01096267 -0.10289016
v -0.75312263 0.00581446 -0.10538049
v -0.75221670 0.00775748 -0.10963148
v -0.74649906 0.01177193 -0.10704856
v -0.74569744 0.01095039 -0.10241807
v -0.77165544 0.00369883 -0.10312444
v -0.77197874 -0.00127000 -0.10367844
v -0.76243711 -0.00055689 -0.10950235
v -0.76190394 -0.00051385 -0.11332163
v -0.75990391 0.00284120 -0.11290231
v -0.76030022 0.00201112 -0.10856822
v -0.75783312 0.00895151 -0.09801964
v -0.75573891 0.00597516 -0.10165122
v -0.74817306 0.00996749 -0.09783421
v -0.75300884 0.01173242 -0.09478478
v -0.76116413 0.01252338 -0.09801674
v -0.75510812 0.01675656 -0.11269955
v -0.75293005 0.01147965 -0.11227085
v -0.76169401 0.00587717 -0.11581679
v -0.76613891 0.00983515 -0.11599757
v -0.76933819 0.00739551 -0.10203704
v -0.76223505 0.00315765 -0.10484210
v -0.76612532 0.00426117 -0.10256961
v -0.76929653 0.00411490 -0.11671865
v -0.77043372 0.01391509 -0.11212164
v -0.76187682 -0.00397199 -0.11373201
v -0.76276851 -0.01042759 -0.11360878
v -0.76551521 -0.01055771 -0.11596471
v -0.76486099 -0.00317544 -0.11674953
v -0.76456237 0.00104475 -0.11628118
v -0.76967114 -0.00161457 -0.11689806
v -0.76867932 -0.00855732 -0.10356310
v -0.76488477 -0.00864917 -0.10612825
v -0.77246225 -0.00839078 -0.10352883
v -0.75941283 0.02278194 -0.10787745
v -0.77736950 -0.00817466 -0.10858837
v -0.77572656 -0.00842214 -0.10509428
v -0.76280588 -0.00949562 -0.10976315
v -0.76237977 -0.00360459 -0.10978606
v -0.77002931 -0.00979811 -0.11613104
v -0.77508223 -0.00820225 -0.11312467
v -0.77043843 -0.01638758 -0.11513728
v -0.77603108 -0.01487005 -0.11265367
v -0.77780831 -0.01407909 -0.10801095
v -0.77620828 -0.01311737 -0.10472399
v -0.77319044 -0.01245666 -0.10331398
v -0.76561224 -0.01641053 -0.11467901
v -0.76349300 -0.01539797 -0.11223948
v -0.76388395 -0.01378405 -0.10900906
v -0.76605004 -0.02098030 -0.11285329
v -0.77084005 -0.02178115 -0.11321011
v -0.77701104 -0.02470607 -0.10549676
v -0.77727926 -0.02817780 -0.10397103
v -0.77687943 -0.02762401 -0.10213146
v -0.77731431 -0.02349144 -0.10370350
v -0.77706444 -0.02173650 -0.10757175
v -0.77749038 -0.01911867 -0.10693291
v -0.77552938 -0.02192879 -0.11033434
v -0.77596390 -0.02576661 -0.10869506
v -0.77247345 -0.03067136 -0.10905415
v -0.77640247 -0.02979445 -0.10731190
v -0.77237082 -0.02688336 -0.11100352
v -0.77291787 -0.02362049 -0.11183828
v -0.77651715 -0.03154230 -0.10176089
v -0.77742183 -0.03118157 -0.10346666
v -0.77551651 -0.01921481 -0.11136746
v -0.77632946 -0.01718843 -0.10398093
v -0.77623087 -0.02244788 -0.10190266
v -0.77561450 -0.02754635 -0.10027581
v -0.77432764 -0.03151655 -0.10043561
v -0.77329552 -0.02651149 -0.09977800
v -0.77383256 -0.02125430 -0.10107797
v -0.77222407 -0.03014493 -0.10017097
v -0.77082998 -0.02566546 -0.10025412
v -0.77065527 -0.02045965 -0.10128191
v -0.77008468 -0.01531172 -0.10272011
v -0.77363157 -0.01593184 -0.10268492
v -0.77082622 -0.02872086 -0.10029006
v -0.77450824 -0.03416002 -0.10406458
v -0.77224290 -0.03343207 -0.10255814
v -0.77631921 -0.03320777 -0.10603756
v -0.76966202 -0.02669811 -0.11143649
v -0.76996779 -0.03111434 -0.10900965
v -0.76678967 -0.02570784 -0.11070618
v -0.76783246 -0.03047729 -0.10777155
v -0.77335727 -0.03316182 -0.10772711
v -0.77165544 -0.03383559 -0.10666838
v -0.76939720 -0.01222575 -0.10326082
v -0.76586211 -0.01260847 -0.10559765
v -0.76647466 -0.01589137 -0.10459825
v -0.76721621 -0.02078050 -0.10281715
v -0.76416081 -0.01741022 -0.10765386
v -0.76389885 -0.01932168 -0.11066669
v -0.76500213 -0.02445650 -0.10857546
v -0.76485693 -0.02259469 -0.10562328
v -0.76653838 -0.02742279 -0.10373372
v -0.76662648 -0.02913129 -0.10590896
v -0.76821280 -0.02600926 -0.10155475
v -0.76879764 -0.03150612 -0.10359555
v -0.76983976 -0.03308982 -0.10497198
v -0.76823997 -0.02988201 -0.10266486
v -0.76949573 -0.02953607 -0.10135037
v -0.77062130 -0.03172576 -0.10169053
v -0.74807966 0.01430830 -0.10959411
v -0.75326723 0.00199199 -0.01988792
v -0.75291479 0.00238495 -0.01478747
v -0.74680829 -0.01337762 -0.02536671
v -0.74999619 -0.00688937 -0.02627499
v -0.74430257 -0.01743516 -0.02026159
v -0.74557984 -0.01335959 -0.00989051
v -0.74420780 -0.01661982 -0.01445127
v -0.75231493 -0.00147949 -0.02378668
v -0.75140673 -0.00011822 -0.01001416
v -0.74813306 -0.00697035 -0.00769784
v -0.76031077 -0.00729863 -0.00756729
v -0.75724804 -0.01388843 -0.00632446
v -0.75342715 -0.02046502 -0.00934479
v -0.75106913 -0.02197611 -0.01480427
v -0.74977100 -0.02101592 -0.02035643
v -0.76087731 -0.00249648 -0.01288402
v -0.76026970 -0.00190639 -0.01820296
v -0.75789392 -0.00475329 -0.02280337
v -0.76883787 -0.00822388 -0.01119140
v -0.77150178 -0.01496259 -0.00722808
v -0.76993918 -0.02927470 -0.00937736
v -0.77402431 -0.03149207 -0.00919548
v -0.77228642 -0.03252397 -0.01323342
v -0.76722264 -0.03043807 -0.01291701
v -0.76774669 -0.02663819 -0.00921148
v -0.76315951 -0.02649867 -0.01111874
v -0.77364165 -0.02531944 -0.00608635
v -0.77040339 -0.02297433 -0.00697520
v -0.77340168 -0.01951548 -0.00630400
v -0.77700907 -0.02036617 -0.00602895
v -0.77766347 -0.02815685 -0.00548667
v -0.78110600 -0.03013541 -0.00719014
v -0.77774668 -0.03259665 -0.00924736
v -0.77758700 -0.03282863 -0.01264450
v -0.76707053 -0.02059690 -0.00683457
v -0.75762004 -0.02656101 -0.01632094
v -0.76457179 -0.03015393 -0.01742563
v -0.77138114 -0.03178484 -0.01764742
v -0.77740014 -0.03120434 -0.01677790
v -0.77137226 -0.02862194 -0.02173945
v -0.76384103 -0.02747306 -0.02244046
v -0.77665645 -0.02785058 -0.01988059
v -0.77238762 -0.02442190 -0.02331740
v -0.76537496 -0.02237464 -0.02515668
v -0.75587112 -0.01858630 -0.02504891
v -0.75515902 -0.02406342 -0.02162912
v -0.77602649 -0.02514642 -0.02136600
v -0.78279626 -0.03007177 -0.01103255
v -0.78191763 -0.02763931 -0.01494372
v -0.77748013 -0.01651626 -0.00842938
v -0.78173929 -0.01966801 -0.00888973
v -0.78054821 -0.02288751 -0.00586689
v -0.77647787 -0.01288971 -0.01196572
v -0.78143507 -0.01740081 -0.01275465
v -0.78286278 -0.02599845 -0.00643638
v -0.78405219 -0.02429944 -0.00949427
v -0.75118035 -0.01644360 -0.02486233
v -0.75449431 -0.01013196 -0.02545564
v -0.75930601 -0.01223174 -0.02497056
v -0.76811385 -0.01647203 -0.02423143
v -0.76374364 -0.00736758 -0.02178383
v -0.76712435 -0.00575602 -0.01627195
v -0.77495825 -0.01133672 -0.01645681
v -0.77183157 -0.01242250 -0.02113789
v -0.77718765 -0.01725892 -0.02004495
v -0.77976459 -0.01657062 -0.01682818
v -0.77461302 -0.02035038 -0.02236736
v -0.78132772 -0.02110988 -0.01711190
v -0.78336924 -0.02242438 -0.01365086
v -0.77919197 -0.02046273 -0.01915601
v -0.77795690 -0.02288400 -0.02027395
v -0.78003371 -0.02502511 -0.01815352
v -0.74129367 0.01264664 -0.10181203
v -0.74396861 0.01159516 -0.09607882
v -0.73781550 0.01232714 -0.09526317
v -0.73009354 0.01109265 -0.09411196
v -0.72113502 0.01293102 -0.09829263
v -0.73219150 0.01179729 -0.08754424
v -0.74026698 0.01294643 -0.08907082
v -0.74913496 0.01285870 -0.08996578
v -0.72696811 0.01278088 -0.08065514
v -0.01661624 0.07136040 0.05709837
v -0.01712007 0.05462677 0.06750789
v -0.28899890 0.04931256 -0.00204398
v -0.28708717 0.06697343 -0.00315612
v -0.28518870 0.10173662 -0.04488282
v -0.28147966 0.10001507 -0.06717946
v -0.06498500 -0.22328518 0.12731917
v -0.10972685 -0.17449762 -0.08508348
v -0.11233911 -0.15497489 -0.09130808
v -0.03667040 -0.15642135 -0.11540626
v -0.05645479 -0.16055919 -0.11398342
v -0.14373572 -0.19130147 0.03131410
v -0.14364907 -0.17157426 0.02866197
v -0.10356437 -0.20016971 0.09155766
v -0.10440426 -0.17841652 0.08905874
v -0.13517618 -0.21471837 0.05739702
v -0.08029774 -0.20671450 -0.09870359
v -0.09908391 -0.20902112 -0.09065408
v -0.09461892 -0.18904024 -0.09301320
v -0.07665877 -0.18603505 -0.10243035
v -0.01782221 -0.15276162 -0.11168993
v -0.01794286 -0.17572562 -0.10456253
v -0.14999630 -0.14999776 0.00107937
v -0.14951514 -0.14852846 -0.02613957
v -0.13106324 -0.14190800 -0.07486905
v -0.11588281 -0.13564606 -0.09341238
v -0.09839837 -0.12791727 -0.10673326
v -0.07934191 -0.12000532 -0.11655791
v -0.08926264 -0.15685642 0.10387040
v -0.07114370 -0.13516700 0.11291935
v -0.14403199 -0.15137653 0.02726972
v -0.02496345 -0.15610106 0.13280387
v -0.06327357 -0.08860272 -0.12874383
v -0.04009575 -0.08392850 -0.13209584
v -0.14281562 -0.14604013 -0.05176681
v -0.03305807 0.01414850 0.09561598
v -0.05116750 0.01734494 0.09389018
v -0.05055419 0.00161044 0.10485066
v -0.03268284 -0.00242205 0.10550202
v -0.06790295 0.00381549 0.10287503
v -0.08451954 0.00496391 0.09909697
v -0.09970645 0.00515915 0.09396227
v -0.13500397 0.00067543 0.07520335
v -0.12483831 0.00298463 0.08175737
v -0.15148018 -0.00812199 0.05966458
v -0.14396581 -0.00250740 0.06794447
v -0.15754534 -0.01870675 0.04965439
v -0.16096477 -0.03129452 0.03683227
v -0.16541110 -0.02961991 0.01463090
v -0.16357166 -0.04341377 0.02156265
v -0.15870075 -0.04541870 0.04536693
v -0.15518057 -0.03246083 0.05771954
v -0.14932062 -0.02242046 0.06799139
v -0.01977141 -0.07108903 0.12034015
v -0.01706502 -0.04624894 0.11875245
v -0.01522080 0.08720655 0.04772150
v -0.48821405 0.01953558 -0.09306610
v -0.61355239 0.05037634 -0.03153749
v -0.01698884 0.11163181 -0.11466566
v -0.03537980 0.11587831 -0.11618404
v -0.09688911 0.12933016 -0.10542649
v -0.11197077 0.13970102 -0.08732041
v -0.07616326 0.11964939 -0.11624946
v -0.05510060 0.11109884 -0.12045749
v -0.13206798 -0.13369134 0.05013125
v -0.03650117 0.07930583 -0.12728108
v -0.05640623 0.09947464 -0.12518005
v -0.07850379 0.10807694 -0.12216533
v -0.10170875 0.11841819 -0.11201695
v -0.12436865 0.12970325 -0.09298435
v -0.14015640 0.12795171 -0.08529925
v -0.15857740 0.10999499 -0.08942293
v -0.17489128 0.11325780 -0.08070672
v -0.17735352 0.12684621 -0.06557245
v -0.16897313 0.12555970 -0.06995016
v -0.16630237 0.11119837 -0.08464666
v -0.24942946 0.10632733 -0.07486673
v -0.27232453 0.08533366 -0.08799478
v -0.26409334 0.09760263 -0.07992734
v -0.27614868 0.07038824 -0.09444157
v -0.27717194 0.05915552 -0.09757000
v -0.27342409 0.04799668 -0.09895623
v -0.26343653 0.03879626 -0.09859675
v -0.22534885 0.01941091 -0.08807439
v -0.20905398 0.01257324 -0.08369139
v -0.17553802 -0.01492384 -0.08852302
v -0.16749427 -0.02129979 -0.09131079
v -0.14737613 -0.04941630 -0.09986447
v -0.13607801 -0.06223650 -0.10298619
v -0.12479141 -0.07700931 -0.10748947
v -0.12224620 -0.30248669 -0.09848725
v -0.11727910 -0.28504729 -0.09303110
v -0.09723186 -0.28650528 -0.10358372
v -0.10249060 -0.30459267 -0.10983685
v -0.04601052 -0.24847279 -0.10014682
v -0.02316884 -0.24823844 -0.09798024
v -0.16063042 -0.28593495 -0.03508471
v -0.16436148 -0.28963163 -0.00813485
v -0.13521947 -0.28389257 -0.07801284
v -0.15013061 -0.28418264 -0.05878669
v -0.16095689 -0.29520938 0.01882267
v -0.10201821 -0.32639199 0.09943925
v -0.08207534 -0.33269313 0.11402870
v -0.04048609 -0.34096941 0.13278873
v -0.01990700 -0.34330994 0.13644595
v -0.15197590 -0.30271202 0.04336935
v -0.06127884 -0.33758679 0.12539791
v -0.13821147 -0.31105065 0.06437542
v -0.12083827 -0.31911904 0.08284104
v -0.06723799 -0.24868806 -0.09935185
v -0.07140946 -0.26869029 -0.10358039
v -0.09178382 -0.26807746 -0.09888136
v -0.05766785 -0.01400724 -0.14244007
v -0.03718457 -0.01570526 -0.14140227
v -0.07829072 -0.01051085 -0.14168112
v -0.09429368 0.01250952 -0.14058723
v -0.09724722 -0.00487401 -0.13843930
v -0.11504924 0.00163997 -0.13313295
v -0.11223480 0.01865301 -0.13521889
v -0.14330998 0.02915676 -0.11860250
v -0.14489219 0.01552132 -0.11708055
v -0.15635474 0.02006882 -0.11090089
v -0.15528883 0.03282741 -0.11237691
v -0.17790397 0.02720461 -0.10196998
v -0.16708529 0.02352398 -0.10627225
v -0.18899240 0.03209212 -0.09722035
v -0.20311269 0.03762246 -0.09697387
v -0.19909577 0.06342614 -0.10098641
v -0.18710324 0.05766084 -0.10238199
v -0.14352886 0.04400361 -0.11807930
v -0.12862277 0.04053275 -0.12679094
v -0.03616962 0.01661286 -0.13759156
v -0.01771827 0.01273166 -0.13314688
v -0.16624226 -0.04968277 0.00249593
v -0.16874894 -0.05440843 -0.01817685
v -0.16997790 -0.05638293 -0.03768747
v -0.16811234 -0.05505674 -0.05501582
v -0.16607070 -0.05169278 -0.07116603
v -0.16099384 -0.04591287 -0.08497397
v -0.16072235 -0.02912193 -0.09390463
v -0.15448239 -0.03817658 -0.09672590
v -0.15588987 -0.02009030 -0.10230613
v -0.14778125 -0.02890851 -0.10657390
v -0.13531728 -0.00511120 -0.12104907
v -0.14120764 -0.01790955 -0.11466108
v -0.13094281 0.00921247 -0.12546989
v -0.12862538 0.02456554 -0.12743619
v -0.11147353 0.03620956 -0.13516009
v -0.09333885 0.03083685 -0.14074506
v -0.07556859 0.06151659 -0.13744383
v -0.07478859 0.04397448 -0.14075077
v -0.07451170 0.02562402 -0.14286210
v -0.07509689 0.00772897 -0.14321417
v -0.07428019 0.15371984 -0.08490549
v -0.05666187 0.14767915 -0.09619473
v -0.25575584 0.04419085 -0.09936580
v -0.26109460 0.05148618 -0.09957987
v -0.25147054 0.05219923 -0.09993947
v -0.25043258 0.04684441 -0.09971466
v -0.26265731 0.06026147 -0.09895627
v -0.26142848 0.07149208 -0.09694542
v -0.24981062 0.07043379 -0.09837425
v -0.25100926 0.05951227 -0.09994432
v -0.25794685 0.08402763 -0.09230465
v -0.24621028 0.08187641 -0.09522478
v -0.25136998 0.09465174 -0.08702411
v -0.24206385 0.10169533 -0.08328906
v -0.23793860 0.09751780 -0.08769224
v -0.24184227 0.09144060 -0.09123586
v -0.20743783 0.09392281 -0.09262294
v -0.21895829 0.09620132 -0.09045518
v -0.22998312 0.09717301 -0.08851147
v -0.21743795 0.04440568 -0.09877189
v -0.22965707 0.05220791 -0.10013230
v -0.24036896 0.05759927 -0.10041735
v -0.23843871 0.06805173 -0.09954017
v -0.22741133 0.06245816 -0.10020196
v -0.21504453 0.05522681 -0.10018433
v -0.05528120 0.00443918 -0.14328428
v -0.03622727 0.00077255 -0.14035788
v -0.17639229 0.03917376 -0.10346391
v -0.16644645 0.03612120 -0.10782519
v -0.18735024 0.04341032 -0.10009620
v -0.20104501 0.04930345 -0.09972945
v -0.17650330 0.05335447 -0.10439961
v -0.16636528 0.04982538 -0.10781620
v -0.15549143 0.04686169 -0.11214464
v -0.05521383 0.02103017 -0.14138906
v -0.01795563 -0.00182788 -0.13687566
v -0.17639095 0.09342739 0.01907537
v -0.17815270 0.11907182 0.00469285
v -0.18097147 0.13425954 -0.01805953
v -0.18037225 0.13609785 -0.04382128
v -0.41477484 -0.00691716 -0.05441769
v -0.01888354 -0.19896939 -0.09937719
v -0.02072910 -0.22306444 -0.09667089
v -0.04195712 -0.22509509 -0.09983280
v -0.01907383 -0.08201298 -0.13122219
v -0.01814591 -0.01660171 -0.13917664
v -0.11064573 -0.02545045 0.10991416
v -0.09790004 -0.02469860 0.11535528
v -0.09857098 -0.00964158 0.10551336
v -0.11163589 -0.01043459 0.09971719
v -0.13143370 -0.02800046 0.09454073
v -0.12200857 -0.02661727 0.10257073
v -0.12313863 -0.01183358 0.09263130
v -0.13314463 -0.01385140 0.08507068
v -0.13976648 -0.03103950 0.08580504
v -0.14174759 -0.01698362 0.07697371
v -0.12066397 -0.04273247 0.11034057
v -0.10956808 -0.04183915 0.11749171
v -0.09705293 -0.04085011 0.12247483
v -0.13743840 -0.04533393 0.09315841
v -0.12985903 -0.04364435 0.10195747
v -0.01025207 0.15555766 0.03226329
v -0.01279858 0.11080062 0.03380828
v -0.01201057 0.12053955 0.02909434
v -0.01599380 -0.02528228 0.11312260
v -0.01574074 0.00933742 0.09659823
v -0.01650750 0.02111143 0.08549936
v -0.01691931 0.03706718 0.07653122
v -0.01426176 0.09993875 0.04034121
v -0.01565313 -0.00739907 0.10533486
v -0.16582090 -0.47467896 -0.07871377
v -0.14742836 -0.49163109 -0.09892343
v -0.15375827 -0.46480343 -0.09634278
v -0.13958028 -0.47747785 -0.11005893
v -0.16592358 -0.39470685 -0.07159487
v -0.16456698 -0.42117617 -0.07794101
v -0.16661938 -0.36688903 -0.06756756
v -0.11956143 -0.48500434 -0.12323876
v -0.09408058 -0.48746186 -0.13260308
v -0.09217931 -0.46761996 -0.14040761
v -0.15114002 -0.36905065 -0.09288163
v -0.15104806 -0.39588526 -0.09633838
v -0.16133426 -0.44543561 -0.08605717
v -0.14830184 -0.44410023 -0.10420787
v -0.14597331 -0.45897415 -0.10635808
v -0.11668992 -0.46702957 -0.13002749
v -0.13484059 -0.46401644 -0.11709885
v -0.03416902 -0.32707226 -0.13183156
v -0.06292447 -0.32727957 -0.13011453
v -0.05903770 -0.30740976 -0.12077304
v -0.12721436 -0.32210711 -0.10398226
v -0.14047933 -0.30080304 -0.08179057
v -0.13363361 -0.44606522 -0.11983743
v -0.11493875 -0.44617394 -0.13434307
v -0.09018105 -0.44512850 -0.14575812
v -0.09008639 -0.37049970 -0.14088887
v -0.08928086 -0.39472708 -0.14618085
v -0.11268605 -0.39634758 -0.13443992
v -0.11319025 -0.37084901 -0.12950237
v -0.13116819 -0.34497881 -0.10937489
v -0.13314301 -0.37055266 -0.11358111
v -0.08941510 -0.34724775 -0.13360573
v -0.11142384 -0.34622923 -0.12355247
v -0.10751612 -0.32398316 -0.11670231
v -0.13345399 -0.39729068 -0.11755513
v -0.06035846 -0.41943228 -0.15470587
v -0.08890840 -0.42069870 -0.14813551
v -0.03051543 -0.41835010 -0.15363458
v -0.08632642 -0.32567480 -0.12524590
v -0.08192294 -0.30609828 -0.11661270
v -0.07639635 -0.28730333 -0.10927390
v -0.06309376 -0.22696549 -0.09938426
v -0.11540708 -0.70890349 0.06326414
v -0.00059454 -0.52990419 0.00875164
v -0.00078320 -0.52174300 -0.01767702
v -0.17945284 -0.43931073 0.04296080
v -0.18576296 -0.45728722 -0.03282171
v -0.17430417 -0.45003611 -0.06246581
v -0.02700377 -0.52993983 0.07428145
v -0.01089525 -0.53552866 0.05207133
v -0.16177619 -0.44841596 0.07060322
v -0.10793442 -0.49667943 0.09903264
v -0.00276628 -0.53484428 0.03036949
v -0.15009573 -0.42150730 -0.10041951
v -0.13362487 -0.42329225 -0.11966747
v -0.11350030 -0.42237425 -0.13590929
v -0.06085446 -0.44327515 -0.15203977
v -0.03010159 -0.44052705 -0.15109462
v -0.02150408 -0.47758257 0.10155205
v -0.01742515 -0.46721095 0.10627655
v -0.00913509 -0.46974456 0.10579720
v -0.00948344 -0.48437086 0.09792810
v -0.10163351 -0.34708098 0.09758210
v -0.08028067 -0.35389444 0.11075415
v -0.03800890 -0.36241269 0.12712543
v -0.01831944 -0.36456671 0.13030100
v -0.15556286 -0.32148963 0.04346165
v -0.05869074 -0.35902223 0.12087888
v -0.14119864 -0.33058652 0.06430478
v -0.12216923 -0.33934686 0.08229568
v -0.06892272 -1.15129530 -0.05612731
v -0.06938535 -1.18041837 -0.05207120
v -0.07025647 -1.17851865 -0.06776419
v -0.06721915 -1.14911985 -0.07158760
v -0.08431666 -1.14443660 -0.10040987
v -0.07237605 -1.14665580 -0.09233487
v -0.09950212 -1.14408815 -0.10210175
v -0.09652773 -1.17429388 -0.10130329
v -0.10774978 -1.17489469 -0.09404679
v -0.11294483 -1.14532232 -0.09664876
v -0.12110105 -1.14613318 -0.08699463
v -0.12498599 -1.17682326 -0.05555304
v -0.13053721 -1.14856434 -0.05600921
v -0.12701480 -1.14684677 -0.07496197
v -0.12295492 -1.17628229 -0.07362843
v -0.12459940 -1.15258574 -0.03614291
v -0.11913664 -1.17999113 -0.03580805
v -0.10916118 -1.15604210 -0.02475096
v -0.07419422 -1.15438473 -0.04034686
v -0.07266679 -1.18257773 -0.03506135
v -0.08260603 -1.17464900 -0.09986784
v -0.07315183 -1.17668009 -0.08969793
v -0.06745885 -1.14820623 -0.08239274
v -0.07166959 -1.17747688 -0.07878652
v -0.06818942 -1.20832682 -0.06346796
v -0.06155274 -1.20873725 -0.04724455
v -0.08103202 -1.20416665 -0.10018282
v -0.07522206 -1.20596552 -0.08698476
v -0.10355275 -1.20392764 -0.09205455
v -0.09382427 -1.20331979 -0.10289499
v -0.12338383 -1.20472026 -0.07304891
v -0.11608440 -1.17552257 -0.08428049
v -0.11370253 -1.20427024 -0.08245038
v -0.12430369 -1.20459557 -0.05555926
v -0.11832913 -1.20641220 -0.03226222
v -0.06769791 -1.20880747 -0.02825714
v -0.07198612 -1.20759225 -0.07544016
v -0.12032241 -1.29254878 0.12657185
v -0.12480244 -1.29256797 0.12560987
v -0.12631442 -1.29698312 0.12630697
v -0.11943272 -1.29775405 0.12775058
v -0.07575433 -1.28837061 0.13898616
v -0.08449461 -1.28666937 0.14100611
v -0.08659893 -1.29582107 0.13915396
v -0.07463889 -1.29825425 0.13699585
v -0.11065386 -1.30111611 0.13332966
v -0.10570774 -1.30100703 0.13384475
v -0.10471030 -1.29721534 0.13757622
v -0.11266360 -1.29720426 0.13667327
v -0.15187229 -1.29845190 0.09128727
v -0.14770526 -1.29871082 0.09280600
v -0.14763278 -1.29414868 0.09524647
v -0.15294234 -1.29467654 0.09252863
v -0.13851433 -1.30132079 0.10945400
v -0.13463311 -1.30187249 0.11096156
v -0.13429518 -1.29743111 0.11387383
v -0.14025579 -1.29785645 0.11132538
v -0.08710713 -1.28281391 0.11660958
v -0.08684589 -1.28347194 0.13125651
v -0.07386805 -1.28630149 0.12888980
v -0.07231093 -1.28184676 0.11407954
v -0.06700429 -1.29558194 0.12510948
v -0.07470988 -1.30115950 0.12251440
v -0.07320743 -1.30179417 0.10782097
v -0.06559254 -1.29332185 0.10894611
v -0.08746933 -1.30132782 0.12479033
v -0.08714277 -1.30115640 0.11129847
v -0.09425592 -1.29237640 0.11572388
v -0.09613325 -1.29244494 0.13035385
v -0.11398781 -1.29244280 0.11605938
v -0.11720514 -1.29474318 0.12825169
v -0.11102770 -1.28882229 0.12952726
v -0.10885169 -1.28472972 0.11700231
v -0.10284500 -1.28909123 0.13078491
v -0.09788515 -1.28531921 0.11879160
v -0.09450072 -1.29503238 0.11786312
v -0.09701323 -1.29593933 0.13110825
v -0.10249102 -1.30135202 0.12723124
v -0.09938464 -1.30054426 0.11419804
v -0.10874578 -1.29959011 0.11352763
v -0.11167724 -1.30124295 0.12593485
v -0.11837573 -1.29100060 0.12070677
v -0.11593374 -1.28641570 0.11134814
v -0.12635455 -1.28531981 0.10896372
v -0.12586729 -1.29050124 0.11966516
v -0.11786145 -1.30054426 0.10870902
v -0.11268683 -1.29588580 0.11146319
v -0.11420394 -1.29813492 0.12101992
v -0.11946482 -1.30195200 0.11912614
v -0.12694015 -1.30179524 0.11828330
v -0.12718375 -1.29954541 0.10727619
v -0.13117641 -1.29235065 0.10876673
v -0.13096988 -1.29592288 0.11933549
v -0.14100698 -1.29071236 0.10549795
v -0.14249863 -1.28524411 0.09555738
v -0.14600551 -1.29242325 0.09451488
v -0.14385194 -1.29671729 0.10420960
v -0.13443691 -1.28593993 0.09931844
v -0.13515498 -1.28995037 0.10739334
v -0.13398974 -1.29973435 0.09763463
v -0.13138813 -1.29234707 0.10121197
v -0.13053972 -1.29479146 0.10811463
v -0.13301224 -1.30173755 0.10566238
v -0.14028148 -1.30199337 0.10385492
v -0.14206032 -1.29977381 0.09397343
v -0.15679815 -1.29348958 0.08557409
v -0.15501258 -1.28767467 0.08714632
v -0.15615259 -1.28500688 0.07832364
v -0.15764025 -1.29213667 0.07535920
v -0.14932224 -1.28465724 0.08327243
v -0.14881063 -1.28735566 0.08962694
v -0.14710183 -1.29826462 0.08154067
v -0.14692022 -1.29075706 0.08472936
v -0.14516731 -1.29246628 0.08983310
v -0.14623111 -1.29916286 0.08783326
v -0.15298925 -1.29943800 0.08562357
v -0.15345918 -1.29783046 0.07702725
v -0.07230078 -1.27848256 0.09947918
v -0.09103139 -1.28205693 0.10238560
v -0.07744499 -1.30066109 0.13206749
v -0.06585291 -1.29196393 0.09410307
v -0.08450478 -1.30050242 0.13322224
v -0.09129633 -1.30087018 0.09840325
v -0.07399940 -1.30076253 0.09296452
v -0.09328236 -1.29271448 0.10892756
v -0.11074023 -1.29192078 0.13612039
v -0.11154433 -1.29323637 0.10635887
v -0.11151395 -1.30055904 0.09673220
v -0.10595442 -1.29191518 0.13665542
v -0.11012691 -1.28204489 0.10023815
v -0.12834066 -1.28289747 0.09112720
v -0.12134045 -1.30143881 0.12496938
v -0.12535346 -1.30108643 0.12452833
v -0.13027881 -1.30034685 0.08971665
v -0.13148367 -1.29120541 0.09923439
v -0.13959645 -1.29341388 0.11096597
v -0.14699483 -1.29053116 0.08488101
v -0.14488085 -1.29961157 0.07820713
v -0.13604967 -1.29294431 0.11202352
v -0.14496149 -1.28182077 0.07922297
v -0.15195294 -1.29104698 0.09157559
v -0.15438272 -1.29900098 0.06610425
v -0.15955476 -1.29116917 0.06291062
v -0.14916004 -1.29029179 0.09347295
v -0.15661666 -1.28232408 0.06755617
v -0.08250229 -1.15702045 -0.02849387
v -0.08106253 -1.18378353 -0.02345133
v -0.09429269 -1.15804529 -0.02298392
v -0.10580146 -1.18295538 -0.02305359
v -0.09263948 -1.18459094 -0.01932627
v -0.07838316 -1.20860767 -0.01466126
v -0.10487849 -1.20897448 -0.01749028
v -0.09194218 -1.20859122 -0.01146978
v -0.12525322 -1.22598577 -0.07540722
v -0.12878625 -1.22703457 -0.05761946
v -0.11340433 -1.22546875 -0.08568804
v -0.09269676 -1.22542870 -0.10661466
v -0.10365881 -1.22543514 -0.09682304
v -0.07679281 -1.22778320 -0.00395401
v -0.06645723 -1.23021865 -0.02173628
v -0.09251659 -1.22602558 0.00138898
v -0.10774239 -1.22711420 -0.00672095
v -0.06796575 -1.27345514 0.08261570
v -0.06810447 -1.27215087 0.06140414
v -0.08332308 -1.26170897 0.06465840
v -0.08733880 -1.27109325 0.08396904
v -0.10274565 -1.26201129 0.06093934
v -0.10608612 -1.27351296 0.08025077
v -0.12005569 -1.26598549 0.05282070
v -0.12387980 -1.27526689 0.07228182
v -0.13601267 -1.26986337 0.04321746
v -0.14068444 -1.27651989 0.06205473
v -0.14982314 -1.27628946 0.03319789
v -0.15473565 -1.27959299 0.05239487
v -0.15788096 -1.28652191 0.02768365
v -0.16152783 -1.28937054 0.04733715
v -0.06187626 -1.29050767 0.07687879
v -0.06370182 -1.28829908 0.05560382
v -0.07281218 -1.30259609 0.07392462
v -0.07405605 -1.30192471 0.05276496
v -0.09082379 -1.30296588 0.07292273
v -0.09094320 -1.30287361 0.05098810
v -0.15388590 -1.29907107 0.02942176
v -0.15543737 -1.30066240 0.04985794
v -0.11013772 -1.30206072 0.06856889
v -0.10954892 -1.30129921 0.04648653
v -0.12784298 -1.30303061 0.06232535
v -0.12680882 -1.30213439 0.04032476
v -0.14294170 -1.30311882 0.05557113
v -0.14172429 -1.30245459 0.03406246
v -0.07892663 -1.25426602 0.04152425
v -0.09883174 -1.24896109 0.04019581
v -0.11556792 -1.25371623 0.03098780
v -0.13048010 -1.26108873 0.02008781
v -0.14289723 -1.27149189 0.00999272
v -0.15236638 -1.28239095 0.00491493
v -0.12901935 -1.24880517 -0.00831931
v -0.13718644 -1.26819146 -0.01650759
v -0.14452420 -1.28092659 -0.01874767
v -0.13310660 -1.26579320 -0.04294100
v -0.13791688 -1.27922773 -0.04318205
v -0.12374196 -1.26504862 -0.08570454
v -0.12917094 -1.27970576 -0.08782908
v -0.13365987 -1.27785802 -0.06745962
v -0.12819207 -1.26466644 -0.06675079
v -0.12852162 -1.24800026 -0.03753554
v -0.12571843 -1.24655211 -0.06210139
v -0.12035151 -1.24533439 -0.08017143
v -0.12288150 -1.28036070 -0.10174482
v -0.11846969 -1.26508427 -0.09981116
v -0.11017964 -1.26426053 -0.11231512
v -0.11234381 -1.28024054 -0.11219864
v -0.09271538 -1.26525557 -0.11958449
v -0.09455816 -1.28199577 -0.11758275
v -0.07662635 -1.26824701 -0.10979798
v -0.07771799 -1.28410864 -0.10895520
v -0.10596319 -1.24442852 -0.10398903
v -0.11309576 -1.24550450 -0.09236744
v -0.09292262 -1.24450886 -0.11219531
v -0.07869495 -1.24688208 -0.10427575
v -0.07393032 -1.24857497 -0.08630579
v -0.07079671 -1.26996851 -0.08902603
v -0.06941914 -1.28513992 -0.09042192
v -0.06940132 -1.27050817 0.03647916
v -0.06897490 -1.28409874 0.03143948
v -0.11266337 -1.23933136 0.01090809
v -0.09482124 -1.23688710 0.01937337
v -0.07527097 -1.24500632 0.01238921
v -0.06703880 -1.26746142 0.00920554
v -0.07121002 -1.28250551 0.00448530
v -0.07124907 -1.28243589 -0.01993920
v -0.06522319 -1.26894844 -0.01716090
v -0.07738306 -1.29503834 0.02800485
v -0.08036050 -1.28960967 0.00163660
v -0.07977748 -1.28925455 -0.02244925
v -0.06909120 -1.28346133 -0.04175003
v -0.06501006 -1.26995122 -0.03963888
v -0.06841516 -1.28400302 -0.05952821
v -0.06746056 -1.26963735 -0.05806101
v -0.06917163 -1.26967990 -0.07293462
v -0.06804638 -1.28460550 -0.07444373
v -0.06802341 -1.24992073 -0.05896064
v -0.07083759 -1.24893200 -0.07221258
v -0.06521931 -1.25078619 -0.03993598
v -0.06578819 -1.24921095 -0.01611511
v -0.14955211 -1.29508877 0.00568190
v -0.14359322 -1.29161382 -0.01812216
v -0.13642587 -1.28896117 -0.04184662
v -0.13114846 -1.28950167 -0.06566051
v -0.12507096 -1.29112446 -0.08476771
v -0.11863486 -1.29172349 -0.09671136
v -0.09529987 -1.29164398 -0.10918787
v -0.10953313 -1.29156160 -0.10602714
v -0.08279395 -1.29277110 -0.10358007
v -0.07703946 -1.29472148 -0.08887607
v -0.07513730 -1.29559648 -0.07517583
v -0.07679254 -1.29203320 -0.04414345
v -0.07504729 -1.29463470 -0.06121378
v -0.05994338 -1.23144579 -0.04342047
v -0.06495822 -1.23036718 -0.06129096
v -0.07027897 -1.22919130 -0.07340132
v -0.07986355 -1.22657263 -0.10061504
v -0.07488596 -1.22804534 -0.08509671
v -0.09176698 -1.29872763 0.02511133
v -0.10922309 -1.29826784 0.02050551
v -0.12547921 -1.29885387 0.01478553
v -0.13899553 -1.29887009 0.00964122
v -0.13477963 -1.29568172 -0.01510483
v -0.12266926 -1.29608178 -0.01131940
v -0.10735109 -1.29626524 -0.00662353
v -0.09210211 -1.29380572 -0.00165331
v -0.12859179 -1.29399574 -0.03868214
v -0.11799987 -1.29528511 -0.03501641
v -0.10358736 -1.29580319 -0.03149549
v -0.09046896 -1.29406273 -0.02605771
v -0.08686649 -1.29682517 -0.04791743
v -0.09830403 -1.29752040 -0.05356008
v -0.11186741 -1.29637372 -0.05672567
v -0.12181845 -1.29448557 -0.06136732
v -0.11603899 -1.29492950 -0.07911208
v -0.10647573 -1.29635799 -0.07378443
v -0.09434783 -1.29756427 -0.07022209
v -0.08480668 -1.29775119 -0.06499719
v -0.11113872 -1.29500508 -0.08939180
v -0.09647846 -1.29501271 -0.10073866
v -0.10515585 -1.29491818 -0.09704486
v -0.08817825 -1.29599988 -0.09783091
v -0.08511194 -1.29706228 -0.08749196
v -0.08435805 -1.29771447 -0.07671570
v -0.09306797 -1.29714847 -0.07982071
v -0.09231839 -1.29664338 -0.08760279
v -0.10321559 -1.29596996 -0.08349828
v -0.10022976 -1.29564583 -0.09065995
v -0.09225104 -1.29608953 -0.09374148
v -0.09653982 -1.29552305 -0.09514503
v -0.12023211 -1.22975087 -0.02841721
v -0.09337904 -0.87680811 0.01570535
v -0.07865337 -0.87393308 0.01080326
v -0.11008419 -0.87459689 0.01623285
v -0.13605782 -0.45796186 0.08903254
v -0.08483733 -0.22236760 0.11171078
v -0.08802437 -0.17880207 0.10653075
v -0.08609870 -0.20069931 0.10910083
v -0.13759701 -0.48841640 0.09035780
v -0.13323529 -0.15368509 0.05014310
v -0.11313556 0.00445631 0.08820571
v 0.12917760 -1.27970016 -0.08782832
v 0.13366753 -1.27785397 -0.06745940
v 0.12820008 -1.26466370 -0.06675044
v -0.00713887 0.27842119 0.09538009
v -0.06964169 0.25417563 0.02457693
v -0.06878236 0.24616724 0.01758098
v -0.06548234 0.23481403 0.02500839
v -0.06678037 0.24368785 0.03283105
v -0.06048701 0.22423640 0.03332476
v -0.06353654 0.23470777 0.03938994
v -0.05462820 0.21561342 0.04288046
v -0.05907749 0.22631353 0.04705991
v -0.04964202 0.21014142 0.05327182
v -0.05435160 0.22065961 0.05586636
v -0.03459451 0.20576762 0.07602647
v -0.03285716 0.20021029 0.07217254
v -0.02593787 0.19734974 0.08002087
v -0.02650199 0.20177540 0.08426809
v -0.01831051 0.19503778 0.08700519
v -0.01879888 0.19930814 0.09107956
v -0.00987718 0.19399452 0.09109321
v -0.00985938 0.19802698 0.09537929
v 0.00000269 0.19380730 0.09289993
v 0.00000279 0.19797923 0.09718247
v 0.00000245 0.20811100 0.10022409
v -0.00901714 0.20801760 0.09898359
v -0.00956610 0.20297356 0.09801425
v 0.00000262 0.20259118 0.09936724
v -0.01683610 0.20883840 0.09505784
v -0.01819955 0.20371963 0.09359527
v -0.02374207 0.21133728 0.08969875
v -0.02562927 0.20639357 0.08736198
v -0.03210925 0.21571958 0.08287101
v -0.03413880 0.21060964 0.07957072
v -0.03871018 0.22120698 0.07871134
v -0.04179555 0.21799469 0.07397283
v -0.00899248 0.19067663 0.08460603
v 0.00000254 0.19049498 0.08719072
v -0.01673600 0.19163845 0.08083388
v -0.02375893 0.19337866 0.07499957
v -0.02948124 0.19529687 0.06800387
v -0.04288933 0.20622668 0.06333335
v -0.03606118 0.19798069 0.05932957
v -0.04390951 0.20311634 0.05033730
v -0.04960584 0.20848915 0.03906649
v -0.05682838 0.21756838 0.02804665
v -0.06348439 0.22899581 0.01789885
v -0.06717218 0.24166414 0.00986290
v -0.07036711 0.25435236 0.01161431
v -0.01583582 0.21334583 0.09525995
v -0.00854533 0.21277413 0.09882562
v -0.02227898 0.21526171 0.09074572
v -0.02969015 0.21977927 0.08528420
v -0.03544289 0.22475816 0.08205003
v -0.04049346 0.23694463 0.08143277
v -0.03915840 0.23056623 0.08104333
v -0.03904976 0.24968675 0.08422229
v -0.04025408 0.24336927 0.08266997
v -0.04763170 0.25721249 0.07894193
v -0.04921380 0.24812576 0.07564927
v -0.04475010 0.24509667 0.07944402
v -0.04349898 0.25292617 0.08174676
v -0.05135317 0.26323831 0.07565222
v -0.05349706 0.25292823 0.07135648
v -0.00814722 0.18836428 0.07863555
v 0.00000243 0.18796308 0.07997986
v -0.01487265 0.18904668 0.07515069
v -0.02068433 0.18984652 0.06943811
v -0.02505229 0.19072944 0.06241322
v -0.02976712 0.19234632 0.05432300
v -0.03587793 0.19513115 0.04528020
v -0.04336169 0.20043901 0.03477198
v -0.05225951 0.20990811 0.02283665
v -0.06104742 0.22406611 0.01152161
v -0.06520969 0.23732561 0.00372455
v -0.02139728 0.18521608 0.04742407
v -0.01749130 0.18529603 0.05462967
v -0.01420481 0.18549570 0.06081777
v -0.01117001 0.18553767 0.06576644
v -0.00650229 0.18446600 0.06508365
v 0.00000297 0.18417890 0.06453417
v -0.00574405 0.18214729 0.05613407
v 0.00000358 0.18206318 0.05647812
v -0.00802468 0.18017095 0.05050055
v 0.00000416 0.17929913 0.05068423
v -0.00993900 0.17776695 0.04595938
v 0.00000216 0.17548911 0.04546392
v -0.04318963 0.22852787 0.07723255
v -0.04727010 0.22772956 0.07218893
v -0.04928558 0.23811036 0.07305264
v -0.05393674 0.24147815 0.06760463
v -0.05204663 0.22902955 0.06583579
v -0.04481727 0.23671129 0.07774092
v -0.05759548 0.23314740 0.05795330
v -0.05862487 0.24657205 0.06140776
v -0.05760205 0.25914502 0.06669784
v -0.06205909 0.25245321 0.05588204
v -0.06173404 0.23939812 0.05037223
v -0.06126283 0.26398700 0.06152320
v -0.06415179 0.26849532 0.05664045
v -0.06447586 0.25773412 0.05094858
v -0.06446029 0.24611115 0.04511131
v -0.04606985 0.21540762 0.06673678
v -0.06666640 0.25278711 0.03928503
v -0.06632682 0.27309558 0.05163956
v -0.06652527 0.26330793 0.04543542
v -0.06843671 0.27909005 0.04545882
v -0.06912546 0.26970592 0.03728620
v -0.06933301 0.26117399 0.03028532
v -0.07179917 0.26297700 0.01527258
v 0.00000212 0.21288025 0.10016350
v 0.12852588 -1.24799955 -0.03753580
v 0.12572595 -1.24654973 -0.06210065
v 0.12035742 -1.24533129 -0.08016925
v 0.12288670 -1.28035414 -0.10174330
v 0.11847587 -1.26507902 -0.09981003
v 0.11018531 -1.26425564 -0.11231367
v 0.11234853 -1.28023446 -0.11219672
v 0.09272169 -1.26525235 -0.11958209
v 0.09456329 -1.28199172 -0.11758300
v 0.07663338 -1.26824498 -0.10979428
v 0.07772406 -1.28410542 -0.10895390
v 0.10596896 -1.24442530 -0.10398750
v 0.11310071 -1.24550164 -0.09236483
v 0.09292804 -1.24450672 -0.11219169
v 0.07870086 -1.24688125 -0.10427070
v 0.07392810 -1.24857473 -0.08630205
v 0.07079494 -1.26996696 -0.08902333
v 0.06942156 -1.28513801 -0.09042065
v 0.06940042 -1.27051306 0.03647964
v 0.06897385 -1.28410304 0.03143952
v 0.11266032 -1.23933518 0.01090918
v 0.09482047 -1.23689032 0.01937523
v 0.07527132 -1.24501145 0.01239023
v 0.06703785 -1.26746559 0.00920611
v 0.07120910 -1.28250825 0.00448522
v 0.07124845 -1.28243732 -0.01993960
v 0.06522183 -1.26895130 -0.01716038
v 0.07738208 -1.29504132 0.02800484
v 0.08035961 -1.28961134 0.00163627
v 0.07977722 -1.28925490 -0.02244994
v 0.06909030 -1.28346169 -0.04175044
v 0.06500757 -1.26995313 -0.03963852
v 0.06841398 -1.28400278 -0.05952817
v 0.06745714 -1.26963830 -0.05806026
v 0.06916891 -1.26967990 -0.07293296
v 0.06804579 -1.28460455 -0.07444292
v 0.06801956 -1.24992287 -0.05895847
v 0.07083465 -1.24893284 -0.07220970
v 0.06521562 -1.25078952 -0.03993418
v 0.06578617 -1.24921525 -0.01611351
v 0.14955187 -1.29508722 0.00568225
v 0.14359434 -1.29161143 -0.01812186
v 0.13642894 -1.28895795 -0.04184628
v 0.13115446 -1.28949761 -0.06566045
v 0.12507670 -1.29111969 -0.08476736
v 0.11863998 -1.29171801 -0.09671058
v 0.09530433 -1.29163980 -0.10918786
v 0.10953791 -1.29155612 -0.10602632
v 0.08279812 -1.29276764 -0.10357969
v 0.07704262 -1.29471910 -0.08887603
v 0.07513874 -1.29559433 -0.07517604
v 0.07679290 -1.29203200 -0.04414428
v 0.07504818 -1.29463327 -0.06121426
v 0.05994408 -1.23144996 -0.04341760
v 0.06495902 -1.23036873 -0.06128657
v 0.07027727 -1.22919178 -0.07339762
v 0.07986992 -1.22657204 -0.10060951
v 0.07488842 -1.22804523 -0.08509191
v 0.09176583 -1.29872978 0.02511134
v 0.10922176 -1.29826880 0.02050562
v 0.12547798 -1.29885387 0.01478567
v 0.13899474 -1.29886925 0.00964142
v 0.13478006 -1.29567969 -0.01510469
v 0.12266918 -1.29608047 -0.01131944
v 0.10735070 -1.29626453 -0.00662382
v 0.09210135 -1.29380620 -0.00165368
v 0.12859358 -1.29399264 -0.03868200
v 0.11800102 -1.29528260 -0.03501653
v 0.10358831 -1.29580104 -0.03149601
v 0.09046927 -1.29406130 -0.02605850
v 0.08686762 -1.29682255 -0.04791836
v 0.09830596 -1.29751754 -0.05356072
v 0.11186971 -1.29637039 -0.05672596
v 0.12182216 -1.29448199 -0.06136731
v 0.11604370 -1.29492545 -0.07911204
v 0.10647920 -1.29635441 -0.07378466
v 0.09435081 -1.29756176 -0.07022256
v 0.08480853 -1.29774857 -0.06499786
v 0.11114343 -1.29500043 -0.08939164
v 0.09648297 -1.29500830 -0.10073859
v 0.10516074 -1.29491341 -0.09704457
v 0.08818268 -1.29599619 -0.09783090
v 0.08511567 -1.29705894 -0.08749221
v 0.08436091 -1.29771173 -0.07671611
v 0.09307155 -1.29714525 -0.07982111
v 0.09232255 -1.29663968 -0.08760305
v 0.10322006 -1.29596639 -0.08349837
v -0.06511493 0.25423485 -0.01419944
v -0.02258134 0.25648120 0.09180972
v -0.01724455 0.25866196 0.09443548
v 0.10023431 -1.29564190 -0.09065999
v 0.09225550 -1.29608572 -0.09374155
v -0.01203561 0.25948459 0.09769310
v -0.00790361 0.25985745 0.10012873
v -0.00383016 0.25964522 0.10156379
v 0.09654455 -1.29551911 -0.09514504
v 0.12022939 -1.22975326 -0.02841705
v 0.09337760 -0.87680709 0.01570241
v 0.07865150 -0.87393200 0.01080014
v 0.00000381 0.16540991 0.03931733
v 0.00000021 0.33194423 0.08819420
v 0.00000300 0.17156245 0.04286431
v 0.00000136 0.22565521 0.08586071
v -0.00000136 0.42181081 -0.00048458
v 0.00000183 0.21774623 0.09993298
v 0.00000110 0.23047861 0.08815784
v 0.00000112 0.28937280 0.10999106
v 0.00000148 0.22255747 0.09900361
v 0.00000129 0.23346551 0.10355677
v 0.00000098 0.23937039 0.10145552
v -0.00000050 0.37027076 0.07543238
v 0.00000118 0.23686801 0.10308660
v 0.00000025 0.26192868 0.10148004
v 0.00000131 0.28531522 0.11350284
v 0.00000087 0.24082862 0.09989700
v -0.00000253 0.24289854 -0.08210792
v 0.00000137 0.22992177 0.10218453
v 0.00000095 0.23697257 0.09256506
v 0.00000084 0.24063094 0.09785225
v 0.00000077 0.24454854 0.08655655
v 0.00000032 0.25923198 0.10155059
v 0.00000109 0.30695987 0.09481580
v -0.00000243 0.27774045 -0.11241836
v 0.00000112 0.30388495 0.09747685
v -0.00000072 0.39629155 0.05483192
v -0.00000046 0.38071203 0.06875744
v 0.00000108 0.29338208 0.10646566
v -0.00000545 0.33863667 -0.14361413
v -0.00000652 0.35989794 -0.14783314
v -0.00000013 0.35241240 0.08259290
v -0.00000219 0.41917494 -0.06878512
v 0.00000146 0.28137079 0.11597627
v 0.00000022 0.26682982 0.10653476
v -0.00000108 0.41439682 0.02674831
v -0.00000310 0.30695403 -0.12678103
v -0.00000203 0.40743539 -0.09748841
v 0.00000100 0.24246272 0.10227732
v -0.00000126 0.41865653 0.01372888
v 0.00000099 0.24069723 0.09932889
v 0.00000076 0.27062428 0.11376608
v -0.00000339 0.29128376 -0.11994514
v -0.00000318 0.31985039 -0.13303316
v 0.00000054 0.25269836 0.10285141
v 0.00000038 0.25665596 0.10168225
v -0.00000214 0.41449681 -0.08362313
v 0.00000010 0.33880490 0.08699168
v 0.00000073 0.25031343 0.10413348
v 0.00000106 0.31631550 0.08925445
v 0.00000096 0.24746349 0.10473218
v 0.00000433 0.15972167 0.03599517
v -0.00000223 0.38667002 -0.12519705
v 0.00000100 0.24482028 0.10371789
v 0.00000091 0.24180059 0.09418976
v 0.00000109 0.29722121 0.10308946
v 0.00000084 0.24308294 0.08961140
v -0.00000033 0.36028811 0.07958810
v 0.00000016 0.26444900 0.10238364
v 0.00000016 0.26512200 0.10294727
v 0.00000117 0.31305072 0.09044518
v -0.00000056 0.38877532 0.06195800
v 0.00000087 0.31949869 0.08877757
v 0.00000021 0.26367351 0.10190631
v -0.00000398 0.37848002 -0.13770238
v -0.00000204 0.42336050 -0.04957549
v -0.00000186 0.42443398 -0.03568590
v 0.00000112 0.30986559 0.09231053
v 0.00000112 0.30083123 0.10006426
v -0.00000253 0.23494448 -0.07911394
v 0.00000116 0.27432951 0.11617150
v 0.00000139 0.27741501 0.11678262
v -0.00000091 0.40907952 0.03797310
v -0.00000258 0.26855329 -0.10491499
v -0.00000150 0.42399108 -0.01717434
v -0.00000083 0.40300488 0.04712681
v -0.00000271 0.25268906 -0.09030325
v -0.00000319 0.26143053 -0.09893579
v 0.00000055 0.26924711 0.11214018
v 0.00000058 0.32324800 0.08858948
v 0.00000034 0.26775289 0.10909986
v -0.00000181 0.39873093 -0.11076455
v 0.00000018 0.26596740 0.10436822
v 0.11008228 -0.87459612 0.01623051
v 0.13606007 -0.45796442 0.08903605
v 0.08484033 -0.22236887 0.11171552
v 0.08802942 -0.17880346 0.10653605
v 0.08610205 -0.20070046 0.10910491
v 0.13760012 -0.48841962 0.09036028
v 0.13323702 -0.15368830 0.05014741
v 0.11314216 0.00445343 0.08821204
v 0.00713867 0.27842131 0.09538086
v 0.06964050 0.25417906 0.02458118
v 0.06877972 0.24617139 0.01758521
v 0.06548085 0.23481812 0.02501203
v 0.06678015 0.24369135 0.03283492
v 0.06048661 0.22424060 0.03332766
v 0.06353698 0.23471117 0.03939331
v 0.05462924 0.21561788 0.04288276
v 0.05907837 0.22631685 0.04706288
v -0.00457729 0.27041730 0.11131226
v -0.00353881 0.26885468 0.10887235
v 0.04964432 0.21014506 0.05327383
v 0.05435358 0.22066273 0.05586895
v -0.01689221 0.30815044 0.07522251
v -0.00871427 0.26772016 0.09904209
v -0.00721229 0.29075480 0.10291858
v -0.01540198 0.30813310 0.07562313
v 0.03459807 0.20577034 0.07602810
v 0.03286107 0.20021348 0.07217359
v 0.02594184 0.19735238 0.08002185
v 0.02650626 0.20177749 0.08426944
v -0.01107414 0.26795405 0.09771228
v 0.01831522 0.19503941 0.08700607
v 0.01880378 0.19930936 0.09108073
v 0.00988217 0.19399521 0.09109377
v 0.00986466 0.19802728 0.09538032
v -0.00673413 0.29776010 0.09721112
v -0.00871396 0.30681008 0.08437078
v 0.00902179 0.20801803 0.09898517
v 0.00957131 0.20297384 0.09801561
v -0.00686541 0.29427874 0.10019173
v -0.01664780 0.27066672 0.09829865
v -0.01486496 0.26799834 0.09703499
v -0.00711671 0.27684668 0.11340310
v -0.00800098 0.27973807 0.11212037
v 0.01684042 0.20883934 0.09505937
v -0.00800166 0.27339256 0.11181393
v -0.00515196 0.27166617 0.11233798
v 0.01820430 0.20372070 0.09359644
v -0.01868585 0.30820498 0.07579197
v -0.02944531 0.30982840 0.06962800
v -0.00635210 0.27470592 0.11342489
v -0.00333937 0.27257314 0.11414821
v -0.02209303 0.30928642 0.07353437
v -0.01799151 0.30816671 0.07557888
v -0.01261046 0.27498254 0.10686158
v -0.00716241 0.30568841 0.08848117
v 0.02374607 0.21133868 0.08970044
v 0.02563362 0.20639530 0.08736354
v 0.03211265 0.21572152 0.08287314
v 0.03414255 0.21061189 0.07957269
v -0.01533207 0.27333838 0.10258961
v 0.03871296 0.22120894 0.07871401
v 0.04179840 0.21799713 0.07397526
v 0.00899769 0.19067763 0.08460631
v -0.01963283 0.30843604 0.07575294
v -0.02025690 0.30869171 0.07555839
v -0.00791966 0.28685522 0.10610889
v 0.01674090 0.19164051 0.08083428
v 0.02376332 0.19338174 0.07500013
v 0.02948494 0.19530043 0.06800454
v 0.04289272 0.20622984 0.06333503
v -0.02461887 0.30955222 0.07369880
v -0.00316774 0.26727763 0.10407575
v -0.01070044 0.27433574 0.10924913
v -0.00923927 0.27380699 0.11071046
v -0.00376850 0.26678306 0.10209534
v 0.03606509 0.19798465 0.05933037
v 0.04391184 0.20312083 0.05033858
v -0.01295450 0.30774501 0.07789352
v 0.04960709 0.20849423 0.03906818
v -0.00680084 0.30339989 0.09203200
v -0.00668494 0.30066401 0.09495341
v 0.05682810 0.21757306 0.02804899
v 0.06348233 0.22900020 0.01790195
v -0.00310351 0.26800415 0.10643408
v 0.06716800 0.24166872 0.00986714
v 0.07036459 0.25435635 0.01161884
v 0.01583992 0.21334672 0.09526168
v 0.00854962 0.21277468 0.09882724
v 0.02228277 0.21526308 0.09074757
v -0.00827553 0.28318864 0.10962166
v 0.02969329 0.21978106 0.08528632
v 0.03544565 0.22475985 0.08205289
v 0.04049518 0.23694630 0.08143590
v -0.00629494 0.26739076 0.10053151
v 0.03916069 0.23056790 0.08104654
v 0.03905078 0.24968813 0.08422554
v 0.04025538 0.24337082 0.08267302
v 0.04763251 0.25721428 0.07894581
v 0.04921483 0.24812773 0.07565279
v 0.04475132 0.24509838 0.07944740
v 0.00000102 0.27228948 0.11509264
v -0.00569207 0.27299613 0.11299165
v 0.04350000 0.25292772 0.08175044
v 0.05135366 0.26324025 0.07565626
v 0.05349777 0.25293040 0.07136016
v 0.00815222 0.18836556 0.07863569
v -0.03087116 0.32390204 0.07965694
v -0.03106008 0.32099727 0.07855326
v 0.01487742 0.18904880 0.07515091
v 0.02068938 0.18984939 0.06943844
v 0.02505738 0.19073266 0.06241355
v 0.02977176 0.19235004 0.05432329
v 0.03588181 0.19513571 0.04528069
v 0.04336449 0.20044379 0.03477280
v -0.02319727 0.32763204 0.08332910
v -0.00468772 0.32762265 0.08786047
v -0.00994835 0.32786331 0.08690827
v 0.05226123 0.20991220 0.02283798
v -0.03161748 0.31666186 0.07761788
v -0.03193567 0.31448749 0.07626712
v -0.03099219 0.31867075 0.07720469
v -0.03200097 0.31486857 0.07784142
v -0.03198433 0.31573182 0.07822023
v 0.06104557 0.22407098 0.01152419
v -0.03079747 0.31791320 0.07635696
v 0.06520555 0.23733060 0.00372795
v -0.03093498 0.31773236 0.07635756
v 0.02140406 0.18521881 0.04742425
v -0.02856108 0.32674694 0.08107640
v 0.01749764 0.18529829 0.05462983
v 0.01421074 0.18549763 0.06081796
v -0.03116208 0.31738165 0.07681041
v -0.03214180 0.31402960 0.07444637
v 0.01117583 0.18553932 0.06576670
v -0.03299273 0.31210330 0.06995650
v 0.00650820 0.18446706 0.06508370
v 0.00000035 0.32747257 0.08840700
v -0.02191261 0.33950710 0.08480521
v -0.05298300 0.33809036 0.06211013
v 0.00575129 0.18214810 0.05613413
v -0.05611627 0.33230275 0.05979114
v 0.00803256 0.18017209 0.05050064
v -0.05031287 0.29449335 0.06973664
v -0.05297040 0.29576391 0.06672961
v -0.01900150 0.33280841 0.08634248
v 0.00994748 0.17776802 0.04595973
v 0.04319165 0.22852989 0.07723545
v 0.04727189 0.22773191 0.07219161
v 0.04928688 0.23811254 0.07305580
v 0.05393768 0.24148054 0.06760784
v -0.02756933 0.36038306 0.07390081
v -0.03202749 0.40869784 0.01858631
v -0.02580175 0.35282141 0.07806793
v -0.04064830 0.34452984 0.07261883
v 0.05204836 0.22903210 0.06583870
v -0.03224246 0.40421900 0.02876102
v 0.04481884 0.23671319 0.07774400
v 0.05759661 0.23315033 0.05795636
v 0.05862548 0.24657476 0.06141131
v 0.05760244 0.25914747 0.06670173
v 0.06205935 0.25245622 0.05588584
v -0.04818393 0.34288111 0.06617528
v 0.06173465 0.23940125 0.05037567
v -0.05771333 0.30167994 0.05836864
v -0.00662797 0.34557602 0.08485305
v -0.05917174 0.30736807 0.05555062
v 0.06126308 0.26398975 0.06152732
v -0.01496674 0.34581670 0.08407260
v -0.02800074 0.41775244 -0.04856821
v 0.06415186 0.26849818 0.05664470
v 0.06447597 0.25773722 0.05095264
v 0.06446061 0.24611434 0.04511514
v 0.04607309 0.21541031 0.06673926
v -0.01361182 0.32350057 0.08444317
v 0.06666640 0.25279030 0.03928914
v -0.04031538 0.29489890 0.07590351
v -0.04343469 0.29458937 0.07442997
v 0.06632654 0.27309847 0.05164376
v -0.03190177 0.41724449 -0.03660014
v -0.05668996 0.29907322 0.06086921
v -0.03100400 0.37907395 0.06096821
v -0.00970345 0.31610543 0.08232973
v -0.01125055 0.31944382 0.08261808
v -0.03171964 0.38644761 0.05337251
v 0.06652506 0.26331097 0.04543970
v 0.06843565 0.27909309 0.04546289
v 0.06912467 0.26970905 0.03729038
v -0.03216410 0.39319828 0.04578658
v 0.06933242 0.26117715 0.03028947
v 0.07179752 0.26298064 0.01527685
v -0.03218656 0.41235176 0.00683617
v -0.02294420 0.29787019 0.07883650
v 0.06511185 0.25423947 -0.01419551
v 0.02258164 0.25648174 0.09181181
v 0.01724471 0.25866228 0.09443706
v -0.05837281 0.32580271 0.05785460
v -0.05947714 0.31918165 0.05639806
v -0.03258324 0.41680300 -0.02184822
v -0.03274559 0.29565695 0.07817096
v -0.05966253 0.31314510 0.05549958
v -0.01594172 0.41982278 -0.05688987
v 0.01203587 0.25948486 0.09769449
v -0.05524002 0.29710114 0.06373687
v 0.00790423 0.25985771 0.10013013
v 0.00383081 0.25964534 0.10156479
v -0.03289472 0.34552059 0.07763256
v -0.03667602 0.29514053 0.07710831
v -0.00928247 0.31268939 0.08181846
v -0.01818104 0.30001134 0.07899229
v -0.01468622 0.30283067 0.07939613
v -0.03226382 0.39903748 0.03772587
v -0.01199587 0.30557287 0.08023433
v -0.00977382 0.30914223 0.08132005
v -0.02776527 0.29640684 0.07890759
v -0.02949665 0.36964479 0.06853625
v -0.03227825 0.41514730 -0.00687062
v -0.04686096 0.29446051 0.07237753
v -0.00000210 0.42112404 -0.05998319
v 0.00000001 0.34527025 0.08506974
v -0.01068627 0.30726552 0.08095000
v -0.01624084 0.32792160 0.08547700
v -0.02405540 0.34587619 0.08183606
v 0.00000145 0.22644618 0.10017034
v -0.02784288 0.24521680 0.09048504
v -0.02920019 0.24286048 0.08903175
v -0.02866209 0.23646033 0.08705686
v -0.02037876 0.25087431 0.09561934
v -0.02491741 0.24789448 0.09263955
v -0.01882438 0.22886758 0.09426326
v -0.02975560 0.24073724 0.08794001
v -0.01312842 0.22736384 0.09772648
v -0.02965089 0.23856257 0.08719237
v -0.00700127 0.22659653 0.09953543
v 0.00000044 0.25477201 0.10230486
v -0.00975880 0.25493470 0.10111330
v -0.00484144 0.25520909 0.10246219
v -0.01498876 0.25344393 0.09862287
v -0.02670303 0.23402324 0.08798207
v -0.02376990 0.23145217 0.09022973
v 0.00457847 0.27041739 0.11131268
v 0.00353962 0.26885489 0.10887264
v 0.01689111 0.30815086 0.07522602
v 0.00871439 0.26772037 0.09904287
v 0.00721311 0.29075506 0.10291919
v 0.01540077 0.30813345 0.07562612
v 0.01107422 0.26795435 0.09771318
v 0.00673487 0.29776037 0.09721193
v 0.00871316 0.30681017 0.08437209
v 0.00686639 0.29427907 0.10019246
v 0.01664774 0.27066705 0.09829956
v 0.01486493 0.26799864 0.09703593
v 0.00711844 0.27684718 0.11340359
v 0.00800257 0.27973861 0.11212093
v 0.00800291 0.27339298 0.11181444
v 0.00515339 0.27166629 0.11233844
v 0.01868489 0.30820543 0.07579611
v 0.02944416 0.30982900 0.06963227
v 0.00635384 0.27470627 0.11342537
v 0.00334131 0.27257314 0.11414864
v 0.02209215 0.30928686 0.07353888
v 0.01799047 0.30816710 0.07558277
v 0.01261076 0.27498293 0.10686218
v 0.00716232 0.30568844 0.08848225
v 0.01533218 0.27333865 0.10259030
v 0.01963187 0.30843648 0.07575724
v 0.02025601 0.30869216 0.07556279
v 0.00792027 0.28685549 0.10610949
v 0.02461788 0.30955273 0.07370321
v 0.00316799 0.26727799 0.10407592
v 0.01070102 0.27433622 0.10924969
v 0.00924015 0.27380747 0.11071099
v 0.00376865 0.26678342 0.10209563
v 0.01295313 0.30774510 0.07789554
v 0.00680150 0.30340013 0.09203299
v 0.00668606 0.30066434 0.09495426
v 0.00310398 0.26800454 0.10643429
v 0.00827671 0.28318912 0.10962220
v 0.00629507 0.26739109 0.10053208
v 0.00569372 0.27299634 0.11299218
v 0.03087078 0.32390332 0.07966053
v 0.03105953 0.32099837 0.07855722
v 0.02319728 0.32763344 0.08333217
v 0.00468826 0.32762307 0.08786118
v 0.00994862 0.32786405 0.08690975
v 0.03161662 0.31666267 0.07762221
v 0.03193468 0.31448811 0.07627146
v 0.03099154 0.31867173 0.07720913
v 0.03200005 0.31486917 0.07784580
v 0.03198347 0.31573245 0.07822456
v 0.03079673 0.31791410 0.07636143
v 0.03093418 0.31773326 0.07636210
v 0.02856087 0.32674846 0.08107977
v 0.03116122 0.31738257 0.07681492
v 0.03214077 0.31403032 0.07445059
v 0.03299159 0.31210405 0.06996066
v 0.02191296 0.33950827 0.08480874
v 0.05298220 0.33809248 0.06211320
v 0.05611480 0.33230484 0.05979389
v 0.05031305 0.29449520 0.06974138
v 0.05297051 0.29576594 0.06673417
v 0.01900188 0.33280945 0.08634577
v 0.02756918 0.36038464 0.07390333
v 0.03202492 0.40869924 0.01858675
v 0.02580176 0.35282269 0.07807051
v 0.04064778 0.34453154 0.07262179
v 0.03224024 0.40422055 0.02876182
v 0.04818351 0.34288302 0.06617823
v 0.05771382 0.30168214 0.05837312
v 0.00662804 0.34557647 0.08485448
v 0.05917192 0.30737031 0.05555492
v 0.01496694 0.34581751 0.08407524
v 0.02799677 0.41775352 -0.04856776
v 0.01361179 0.32350159 0.08444499
v 0.04031536 0.29490015 0.07590817
v 0.04343469 0.29459080 0.07443459
v 0.03189824 0.41724616 -0.03659976
v 0.05669025 0.29907551 0.06087358
v 0.03100306 0.37907574 0.06097037
v 0.00970325 0.31610638 0.08233082
v 0.01125032 0.31944484 0.08261933
v 0.03171838 0.38644937 0.05337435
v 0.03216264 0.39320001 0.04578838
v 0.03218350 0.41235253 0.00683639
v 0.02294353 0.29787076 0.07883979
v 0.05837095 0.32580474 0.05785741
v 0.05947578 0.31918356 0.05640102
v 0.03257978 0.41680419 -0.02184795
v 0.03274532 0.29565769 0.07817499
v 0.05966191 0.31314728 0.05550323
v 0.01593754 0.41982344 -0.05688945
v 0.05524015 0.29710329 0.06374135
v 0.03289447 0.34552199 0.07763542
v 0.03667586 0.29514158 0.07711271
v 0.00928158 0.31269005 0.08181936
v 0.01818024 0.30001175 0.07899519
v 0.01468520 0.30283082 0.07939865
v 0.03226194 0.39903888 0.03772713
v 0.01199471 0.30557287 0.08023632
v 0.00977259 0.30914256 0.08132114
v 0.02776458 0.29640752 0.07891104
v 0.02949603 0.36964661 0.06853814
v 0.03227487 0.41514808 -0.00687044
v 0.04686104 0.29446211 0.07238218
v 0.01068506 0.30726558 0.08095156
v 0.01624102 0.32792261 0.08547954
v 0.02405556 0.34587738 0.08183885
v 0.02784400 0.24521771 0.09048714
v 0.02920150 0.24286148 0.08903399
v 0.02866391 0.23646149 0.08705948
v 0.02037973 0.25087467 0.09562100
v 0.02491843 0.24789509 0.09264135
v 0.01882615 0.22886869 0.09426416
v 0.02975704 0.24073830 0.08794233
v 0.01313091 0.22736467 0.09772772
v 0.02965259 0.23856369 0.08719498
v 0.00700400 0.22659682 0.09953689
v 0.00975976 0.25493500 0.10111481
v 0.00484230 0.25520945 0.10246334
v 0.01498957 0.25344422 0.09862435
v 0.02670483 0.23402452 0.08798414
v 0.02377151 0.23145345 0.09023101
v 0.03321435 0.31024590 0.06456468
v -0.03321578 0.31024516 0.06456064
v 0.03148203 0.31060275 0.07750323
v 0.02992899 0.31057614 0.07701129
v 0.02850252 0.31053868 0.07622871
v 0.02731184 0.31049415 0.07522603
v 0.03151306 0.31091696 0.07749184
v 0.02998753 0.31119367 0.07698867
v 0.02858749 0.31143451 0.07619630
v 0.02742008 0.31162366 0.07518479
v 0.03160331 0.31122065 0.07748186
v 0.03016691 0.31178656 0.07696808
v 0.02884758 0.31229630 0.07616699
v 0.02774699 0.31270963 0.07514853
v 0.03175189 0.31149927 0.07747297
v 0.03045878 0.31233475 0.07695185
v 0.02927122 0.31309164 0.07614332
v 0.02828131 0.31371251 0.07511827
v 0.03195357 0.31174406 0.07746665
v 0.03085319 0.31281519 0.07693966
v 0.02984314 0.31378987 0.07612535
v 0.02900184 0.31459370 0.07509600
v 0.03219808 0.31194651 0.07746263
v 0.03133306 0.31321090 0.07693177
v 0.03054077 0.31436425 0.07611368
v 0.02988246 0.31531736 0.07508147
v 0.03247776 0.31209680 0.07746121
v 0.03188236 0.31350583 0.07692885
v 0.03133780 0.31479236 0.07610967
v 0.03088724 0.31585750 0.07507636
v 0.03278224 0.31219056 0.07746250
v 0.03247817 0.31368959 0.07693101
v 0.03220341 0.31505859 0.07611293
v 0.03197816 0.31619230 0.07507986
v 0.03309863 0.31222284 0.07746541
v 0.03309911 0.31375328 0.07693770
v 0.03310471 0.31515121 0.07612284
v 0.03311468 0.31631035 0.07509309
v 0.03341470 0.31219387 0.07747176
v 0.03372082 0.31369588 0.07694936
v 0.03400676 0.31506786 0.07613972
v 0.03425186 0.31620455 0.07511383
v 0.03372058 0.31210306 0.07747946
v 0.03431796 0.31351936 0.07696510
v 0.03487457 0.31481132 0.07616219
v 0.03534546 0.31588155 0.07514234
v 0.03400153 0.31195638 0.07748923
v 0.03486966 0.31322989 0.07698406
v 0.03567539 0.31439197 0.07618969
v 0.03635528 0.31535244 0.07517763
v 0.03424773 0.31175661 0.07750013
v 0.03535327 0.31283939 0.07700586
v 0.03637787 0.31382495 0.07622176
v 0.03724258 0.31463808 0.07521762
v 0.03445149 0.31151417 0.07751258
v 0.03575139 0.31236318 0.07702997
v 0.03695552 0.31313321 0.07625631
v 0.03797055 0.31376430 0.07526118
v 0.03460227 0.31123644 0.07752534
v 0.03604789 0.31181818 0.07705463
v 0.03738625 0.31234223 0.07629237
v 0.03851364 0.31276688 0.07530676
v 0.03469659 0.31093428 0.07753813
v 0.03623269 0.31122696 0.07707975
v 0.03765373 0.31148317 0.07632871
v 0.03885004 0.31168446 0.07535277
v 0.03472855 0.31062037 0.07754987
v 0.03629601 0.31061065 0.07710434
v 0.03774686 0.31058848 0.07636396
v 0.03896911 0.31055605 0.07539771
v 0.03469955 0.31030536 0.07756105
v 0.03623827 0.30999205 0.07712538
v 0.03766216 0.30969217 0.07639518
v 0.03886072 0.30942708 0.07543658
v 0.03460778 0.31000206 0.07757030
v 0.03605869 0.30939949 0.07714400
v 0.03740209 0.30883014 0.07642254
v 0.03853428 0.30833992 0.07547156
v 0.03445937 0.30972275 0.07757822
v 0.03576694 0.30885106 0.07715945
v 0.03697833 0.30803460 0.07644515
v 0.03799913 0.30733731 0.07549966
v 0.03425778 0.30947819 0.07758441
v 0.03537294 0.30837116 0.07717091
v 0.03640682 0.30733660 0.07646154
v 0.03727882 0.30645582 0.07552129
v 0.03401332 0.30927622 0.07758743
v 0.03489303 0.30797541 0.07717768
v 0.03570908 0.30676249 0.07647234
v 0.03639809 0.30573210 0.07553428
v 0.03373372 0.30912569 0.07758933
v 0.03434372 0.30768001 0.07718083
v 0.03491173 0.30633432 0.07647645
v 0.03539304 0.30519217 0.07553948
v 0.03342896 0.30903214 0.07758817
v 0.03374825 0.30749652 0.07717902
v 0.03404665 0.30606794 0.07647348
v 0.03430243 0.30485728 0.07553565
v 0.03311301 0.30899963 0.07758445
v 0.03312720 0.30743262 0.07717245
v 0.03314512 0.30597508 0.07646389
v 0.03316569 0.30473903 0.07552346
v 0.03279673 0.30902860 0.07757886
v 0.03250565 0.30748969 0.07716078
v 0.03224340 0.30605802 0.07644749
v 0.03202852 0.30484498 0.07550279
v 0.03249110 0.30911896 0.07757114
v 0.03190859 0.30766666 0.07714581
v 0.03137515 0.30631483 0.07642543
v 0.03093498 0.30516744 0.07547454
v 0.03221010 0.30926558 0.07756211
v 0.03135637 0.30795541 0.07712746
v 0.03057454 0.30673409 0.07639819
v 0.02992507 0.30569685 0.07544012
v 0.03196372 0.30946532 0.07755116
v 0.03087282 0.30834588 0.07710602
v 0.02987169 0.30730063 0.07636698
v 0.02903797 0.30641049 0.07540110
v 0.03175993 0.30970797 0.07753939
v 0.03047440 0.30882242 0.07708289
v 0.02929396 0.30799267 0.07633343
v 0.02830961 0.30728427 0.07535857
v 0.03310338 0.31061652 0.07768371
v 0.03160939 0.30998728 0.07752703
v 0.03017754 0.30936721 0.07705887
v 0.02886300 0.30878341 0.07629836
v 0.02776602 0.30828148 0.07531396
v 0.03151572 0.31028911 0.07751537
v 0.02999331 0.30995986 0.07703477
v 0.02859544 0.30964416 0.07626367
v 0.02743015 0.30936614 0.07526963
v 0.02614990 0.31045491 0.07436211
v 0.02435434 0.31038916 0.07290020
v 0.02283180 0.31030765 0.07100192
v 0.02171260 0.31021771 0.06884554
v 0.02104004 0.31012300 0.06651222
v 0.02083776 0.31002730 0.06409431
v 0.02111552 0.30993462 0.06168361
v 0.02186088 0.30984792 0.05937290
v 0.02304676 0.30977055 0.05724981
v 0.02462731 0.30970618 0.05539767
v 0.02654069 0.30965605 0.05388603
v 0.02871560 0.30962333 0.05277405
v 0.03106592 0.30960852 0.05210488
v 0.02627863 0.31181234 0.07431285
v 0.02451633 0.31209847 0.07283864
v 0.02302274 0.31231815 0.07092945
v 0.02192391 0.31245103 0.06876519
v 0.02126390 0.31249410 0.06642706
v 0.02106712 0.31244498 0.06400749
v 0.02133943 0.31230527 0.06159853
v 0.02207202 0.31208155 0.05929292
v 0.02323710 0.31178117 0.05717740
v 0.02478929 0.31141508 0.05533601
v 0.02666856 0.31099948 0.05383781
v 0.02880195 0.31054872 0.05274097
v 0.03111047 0.31008020 0.05208819
v 0.02667230 0.31311885 0.07426937
v 0.02501103 0.31374517 0.07278422
v 0.02360467 0.31425321 0.07086567
v 0.02257105 0.31460133 0.06869325
v 0.02195022 0.31477788 0.06635217
v 0.02176593 0.31477320 0.06393103
v 0.02202513 0.31458914 0.06152355
v 0.02271893 0.31423157 0.05922188
v 0.02381917 0.31371629 0.05711410
v 0.02528352 0.31306171 0.05528226
v 0.02705652 0.31229210 0.05379539
v 0.02907034 0.31143928 0.05271143
v 0.03124711 0.31053409 0.05207336
v 0.02731349 0.31432435 0.07423364
v 0.02581953 0.31526357 0.07273884
v 0.02455550 0.31603906 0.07081290
v 0.02362766 0.31658563 0.06863498
v 0.02307166 0.31688344 0.06629023
v 0.02290936 0.31692022 0.06386779
v 0.02314699 0.31669462 0.06146157
v 0.02377503 0.31621632 0.05916367
v 0.02476927 0.31550181 0.05706146
v 0.02609125 0.31458053 0.05523793
v 0.02769139 0.31348601 0.05376012
v 0.02950756 0.31226057 0.05268781
v 0.03146958 0.31095323 0.05206092
v 0.02817998 0.31538287 0.07420640
v 0.02691093 0.31659597 0.07270484
v 0.02583831 0.31760627 0.07077324
v 0.02505322 0.31832734 0.06859106
v 0.02458555 0.31873220 0.06624346
v 0.02445280 0.31880549 0.06382059
v 0.02466056 0.31854373 0.06141514
v 0.02520040 0.31795761 0.05911991
v 0.02605175 0.31706971 0.05702216
v 0.02718288 0.31591329 0.05520447
v 0.02854859 0.31453335 0.05373401
v 0.03009757 0.31298277 0.05266964
v 0.03177086 0.31132063 0.05205168
v 0.02923749 0.31625298 0.07418971
v 0.02824266 0.31769276 0.07268397
v 0.02740425 0.31889501 0.07074843
v 0.02679327 0.31975988 0.06856333
v 0.02643275 0.32025346 0.06621413
v 0.02633586 0.32035649 0.06379054
v 0.02650784 0.32006469 0.06138557
v 0.02694022 0.31939015 0.05909250
v 0.02761772 0.31835845 0.05699766
v 0.02851388 0.31700972 0.05518330
v 0.02959462 0.31539422 0.05371729
v 0.03081917 0.31357569 0.05265825
v 0.03213778 0.31162363 0.05204617
v 0.03044555 0.31690121 0.07418291
v 0.02976438 0.31850982 0.07267570
v 0.02919334 0.31985641 0.07073912
v 0.02878124 0.32082802 0.06855284
v 0.02854221 0.32138747 0.06620354
v 0.02848779 0.32151249 0.06377935
v 0.02861675 0.32119909 0.06137510
v 0.02892784 0.32045850 0.05908217
v 0.02940632 0.31931973 0.05698834
v 0.03003529 0.31782690 0.05517520
v 0.03079063 0.31603673 0.05371138
v 0.03164197 0.31401822 0.05265379
v 0.03255736 0.31184849 0.05204373
v 0.03175723 0.31730431 0.07418701
v 0.03141767 0.31901672 0.07268132
v 0.03113663 0.32045329 0.07074559
v 0.03094057 0.32149118 0.06856031
v 0.03083492 0.32209092 0.06621113
v 0.03082441 0.32222921 0.06378750
v 0.03090960 0.32190287 0.06138289
v 0.03108704 0.32112151 0.05908981
v 0.03134956 0.31991646 0.05699493
v 0.03168831 0.31833398 0.05518121
v 0.03208828 0.31643480 0.05371576
v 0.03253608 0.31429335 0.05265677
v 0.03301378 0.31198841 0.05204536
v 0.03312306 0.31744510 0.07420266
v 0.03313741 0.31919438 0.07270081
v 0.03315939 0.32066193 0.07076807
v 0.03318740 0.32172298 0.06858519
v 0.03322015 0.32233641 0.06623770
v 0.03325655 0.32248041 0.06381423
v 0.03329503 0.32214823 0.06140921
v 0.03333383 0.32135358 0.05911456
v 0.03337196 0.32012549 0.05701747
v 0.03340778 0.31851140 0.05520025
v 0.03343990 0.31657487 0.05373095
v 0.03346679 0.31438920 0.05266729
v 0.03348796 0.31203753 0.05205044
v 0.03449006 0.31731889 0.07422766
v 0.03485836 0.31903541 0.07273224
v 0.03518397 0.32047471 0.07080530
v 0.03543620 0.32151517 0.06862660
v 0.03560774 0.32211673 0.06628160
v 0.03569099 0.32225570 0.06385939
v 0.03568232 0.32192811 0.06145333
v 0.03558253 0.32114595 0.05915633
v 0.03539632 0.31993827 0.05705471
v 0.03512872 0.31835243 0.05523179
v 0.03479239 0.31644970 0.05375588
v 0.03439891 0.31430310 0.05268431
v 0.03396318 0.31199381 0.05205918
v 0.03580540 0.31693009 0.07426202
v 0.03651597 0.31854641 0.07277525
v 0.03713246 0.31989902 0.07085624
v 0.03760136 0.32087547 0.06868294
v 0.03790655 0.32143816 0.06634147
v 0.03803474 0.32156414 0.06392039
v 0.03798107 0.32124951 0.06151349
v 0.03774755 0.32050607 0.05921235
v 0.03734430 0.31936276 0.05710553
v 0.03678610 0.31786332 0.05527506
v 0.03609382 0.31606537 0.05378984
v 0.03529559 0.31403774 0.05270777
v 0.03442023 0.31185859 0.05207126
v 0.03701903 0.31629506 0.07430431
v 0.03804502 0.31774545 0.07282849
v 0.03892982 0.31895739 0.07091849
v 0.03959869 0.31982899 0.06875226
v 0.04002553 0.32032645 0.06641476
v 0.04019552 0.32043102 0.06399543
v 0.04009980 0.32013810 0.06158643
v 0.03974467 0.31945902 0.05928152
v 0.03914166 0.31842080 0.05716761
v 0.03831486 0.31706241 0.05532803
v 0.03729512 0.31543627 0.05383100
v 0.03612230 0.31360477 0.05273635
v 0.03484240 0.31163794 0.05208616
v 0.03808422 0.31543580 0.07435235
v 0.03938616 0.31666341 0.07288902
v 0.04050720 0.31768543 0.07098956
v 0.04135149 0.31841537 0.06883144
v 0.04188662 0.31882560 0.06649875
v 0.04209257 0.31890044 0.06408130
v 0.04196077 0.31863719 0.06167058
v 0.04149722 0.31804574 0.05936065
v 0.04071870 0.31714883 0.05723869
v 0.03965566 0.31598026 0.05538842
v 0.03834880 0.31458619 0.05387851
v 0.03684862 0.31301916 0.05276916
v 0.03521141 0.31133902 0.05210270
v 0.03895992 0.31438708 0.07440501
v 0.04048984 0.31534231 0.07295528
v 0.04180414 0.31613159 0.07106722
v 0.04279251 0.31668925 0.06891771
v 0.04341683 0.31699264 0.06659070
v 0.04365290 0.31703210 0.06417442
v 0.04349120 0.31680417 0.06176221
v 0.04293795 0.31631950 0.05944658
v 0.04201501 0.31559512 0.05731621
v 0.04075883 0.31465915 0.05545446
v 0.03921527 0.31354806 0.05393022
v 0.03744552 0.31230336 0.05280500
v 0.03551625 0.31097507 0.05212065
v 0.03961169 0.31318855 0.07445950
v 0.04131173 0.31383264 0.07302430
v 0.04277053 0.31435651 0.07114869
v 0.04386684 0.31471643 0.06900808
v 0.04455725 0.31489941 0.06668609
v 0.04481533 0.31489635 0.06427169
v 0.04463141 0.31471112 0.06185749
v 0.04401171 0.31434640 0.05953656
v 0.04298157 0.31381968 0.05739702
v 0.04158032 0.31314945 0.05552308
v 0.03986106 0.31236118 0.05398416
v 0.03788957 0.31148669 0.05284161
v 0.03574272 0.31055817 0.05213990
v 0.04001716 0.31188661 0.07451488
v 0.04182194 0.31219125 0.07309442
v 0.04337044 0.31242740 0.07122993
v 0.04453346 0.31257287 0.06909995
v 0.04526416 0.31262362 0.06678175
v 0.04553485 0.31257728 0.06436910
v 0.04533781 0.31243509 0.06195315
v 0.04467776 0.31220302 0.05962665
v 0.04358038 0.31189096 0.05747798
v 0.04208891 0.31150824 0.05559162
v 0.04026040 0.31107315 0.05403852
v 0.03816582 0.31059924 0.05287921
v 0.03588310 0.31010565 0.05215862
v 0.04015912 0.31052947 0.07456972
v 0.04200019 0.31048304 0.07316212
v 0.04358040 0.31041783 0.07130984
v 0.04476526 0.31034079 0.06918695
v 0.04550933 0.31025529 0.06687447
v 0.04578599 0.31016174 0.06446274
v 0.04558223 0.31006646 0.06204505
v 0.04490876 0.30997229 0.05971332
v 0.04378927 0.30988249 0.05755620
v 0.04226618 0.30980119 0.05565817
v 0.04040008 0.30973122 0.05409075
v 0.03826184 0.30967468 0.05291490
v 0.03593240 0.30963463 0.05217696
v 0.04003022 0.30917326 0.07461739
v 0.04183820 0.30877486 0.07322324
v 0.04338956 0.30840850 0.07138140
v 0.04455397 0.30810851 0.06926697
v 0.04528546 0.30788386 0.06695934
v 0.04555618 0.30774468 0.06454968
v 0.04535852 0.30769560 0.06213008
v 0.04469731 0.30773902 0.05979351
v 0.04359825 0.30787227 0.05762817
v 0.04210421 0.30809197 0.05571960
v 0.04027244 0.30838749 0.05413898
v 0.03817432 0.30874926 0.05294836
v 0.03588757 0.30916324 0.05219383
v 0.03963585 0.30786693 0.07465920
v 0.04134211 0.30712852 0.07327604
v 0.04280612 0.30647373 0.07144389
v 0.04390623 0.30595842 0.06933683
v 0.04459863 0.30560085 0.06703407
v 0.04485748 0.30541679 0.06462601
v 0.04467250 0.30541235 0.06220521
v 0.04405098 0.30558866 0.05986413
v 0.04301694 0.30593723 0.05769192
v 0.04160964 0.30644569 0.05577336
v 0.03988415 0.30709517 0.05418166
v 0.03790597 0.30785856 0.05297742
v 0.03575091 0.30870870 0.05220873
v 0.03899434 0.30666178 0.07469316
v 0.04053318 0.30561045 0.07331927
v 0.04185495 0.30468872 0.07149547
v 0.04284965 0.30397421 0.06939435
v 0.04347679 0.30349550 0.06709544
v 0.04371393 0.30326971 0.06468897
v 0.04355080 0.30330697 0.06226699
v 0.04299475 0.30360466 0.05992247
v 0.04206621 0.30415162 0.05774417
v 0.04080213 0.30492693 0.05581789
v 0.03924926 0.30590111 0.05421668
v 0.03746873 0.30703717 0.05300172
v 0.03552846 0.30828938 0.05222106
v 0.03812776 0.30560356 0.07471923
v 0.03944091 0.30427748 0.07335181
v 0.04057204 0.30312127 0.07153393
v 0.04142347 0.30223286 0.06943777
v 0.04196298 0.30164686 0.06714126
v 0.04217067 0.30138463 0.06473621
v 0.04203724 0.30145794 0.06231276
v 0.04156911 0.30186269 0.05996587
v 0.04078371 0.30258402 0.05778357
v 0.03971102 0.30359417 0.05585174
v 0.03839225 0.30485380 0.05424288
v 0.03687871 0.30631495 0.05301978
v 0.03522689 0.30792245 0.05223035
v 0.03707020 0.30473346 0.07473582
v 0.03810930 0.30318126 0.07337252
v 0.03900585 0.30183232 0.07155827
v 0.03968338 0.30080038 0.06946456
v 0.04011531 0.30012545 0.06717003
v 0.04028756 0.29983392 0.06476566
v 0.04018983 0.29993659 0.06234203
v 0.03982910 0.30043051 0.05999333
v 0.03921741 0.30129528 0.05780828
v 0.03837950 0.30249757 0.05587230
v 0.03734602 0.30399257 0.05425937
v 0.03615700 0.30572203 0.05303116
v 0.03486023 0.30761978 0.05223635
v 0.03350271 0.30961189 0.05190273
v 0.03586223 0.30408528 0.07474107
v 0.03658766 0.30236420 0.07337976
v 0.03721666 0.30087113 0.07156757
v 0.03769476 0.29973179 0.06947451
v 0.03800629 0.29899082 0.06718089
v 0.03813591 0.29867736 0.06477617
v 0.03808059 0.29880238 0.06235259
v 0.03784099 0.29936188 0.06000332
v 0.03742912 0.30033374 0.05781733
v 0.03685831 0.30168018 0.05588014
v 0.03615035 0.30335030 0.05426505
v 0.03533452 0.30528009 0.05303522
v 0.03444037 0.30739436 0.05223841
v 0.03455042 0.30368182 0.07473683
v 0.03493416 0.30185723 0.07337388
v 0.03527357 0.30027434 0.07156045
v 0.03553584 0.29906869 0.06946682
v 0.03571357 0.29828715 0.06717242
v 0.03579860 0.29796061 0.06476769
v 0.03578816 0.29809856 0.06234477
v 0.03568206 0.29869851 0.05999545
v 0.03548606 0.29973668 0.05781031
v 0.03520475 0.30117336 0.05587443
v 0.03485268 0.30295223 0.05426057
v 0.03443990 0.30500463 0.05303221
v 0.03398424 0.30725437 0.05223631
v 0.03318467 0.30354074 0.07472219
v 0.03321490 0.30167919 0.07335529
v 0.03325079 0.30006501 0.07153808
v 0.03328917 0.29883668 0.06944168
v 0.03332805 0.29804152 0.06714588
v 0.03336655 0.29770830 0.06474105
v 0.03340248 0.29785302 0.06231777
v 0.03343538 0.29846659 0.05997083
v 0.03346347 0.29952785 0.05778805
v 0.03348530 0.30099547 0.05585518
v 0.03350107 0.30281207 0.05424545
v 0.03350919 0.30490941 0.05302200
v 0.03350975 0.30720523 0.05223143
v 0.03181763 0.30366710 0.07469679
v 0.03149404 0.30183825 0.07332347
v 0.03122622 0.30025187 0.07150091
v 0.03104038 0.29904410 0.06940044
v 0.03094073 0.29826131 0.06710210
v 0.03093212 0.29793403 0.06469636
v 0.03101524 0.29807270 0.06227432
v 0.03118698 0.29867426 0.05992930
v 0.03143933 0.29971516 0.05775075
v 0.03176435 0.30115461 0.05582343
v 0.03214823 0.30293757 0.05422084
v 0.03257708 0.30499455 0.05300475
v 0.03303486 0.30724910 0.05222253
v 0.03050245 0.30405584 0.07466310
v 0.02983589 0.30232719 0.07328071
v 0.02927796 0.30082777 0.07145078
v 0.02887526 0.29968396 0.06934437
v 0.02864189 0.29894003 0.06704283
v 0.02858965 0.29862565 0.06463519
v 0.02871665 0.29875180 0.06221462
v 0.02902197 0.29931423 0.05987296
v 0.02949088 0.30029091 0.05770032
v 0.03010718 0.30164376 0.05578068
v 0.03084731 0.30332160 0.05418654
v 0.03168089 0.30526021 0.05298130
v 0.03257751 0.30738431 0.05221075
v 0.02928861 0.30469048 0.07462224
v 0.02830746 0.30312818 0.07322875
v 0.02748047 0.30176967 0.07138912
v 0.02687772 0.30073106 0.06927580
v 0.02652242 0.30005163 0.06696963
v 0.02642713 0.29975864 0.06456108
v 0.02659755 0.29986364 0.06214136
v 0.02702474 0.30036122 0.05980429
v 0.02769381 0.30123255 0.05763796
v 0.02857876 0.30244499 0.05572781
v 0.02964573 0.30395120 0.05414566
v 0.03085388 0.30569291 0.05295307
v 0.03215564 0.30760467 0.05219625
v 0.02822315 0.30554935 0.07457475
v 0.02696596 0.30420992 0.07316860
v 0.02590277 0.30304119 0.07131816
v 0.02512505 0.30214423 0.06919720
v 0.02466181 0.30155295 0.06688614
v 0.02453058 0.30128947 0.06447578
v 0.02473689 0.30136424 0.06205746
v 0.02527230 0.30177489 0.05972538
v 0.02611650 0.30250466 0.05756680
v 0.02723763 0.30352682 0.05566756
v 0.02859184 0.30480078 0.05409797
v 0.03012736 0.30627868 0.05292029
v 0.03178633 0.30790406 0.05217976
v 0.02734740 0.30659822 0.07452299
v 0.02586259 0.30553070 0.07310341
v 0.02460629 0.30459484 0.07124139
v 0.02368407 0.30387077 0.06911161
v 0.02313151 0.30338579 0.06679503
v 0.02297035 0.30315757 0.06438271
v 0.02320711 0.30319726 0.06196669
v 0.02383152 0.30350071 0.05963949
v 0.02482022 0.30405834 0.05748950
v 0.02613477 0.30484796 0.05560149
v 0.02772538 0.30583900 0.05404636
v 0.02953099 0.30699432 0.05288450
v 0.03148153 0.30826786 0.05216132
v 0.02669549 0.30779675 0.07446892
v 0.02504069 0.30704048 0.07303534
v 0.02363971 0.30637056 0.07116073
v 0.02260989 0.30584335 0.06902195
v 0.02199128 0.30547890 0.06669997
v 0.02180808 0.30529320 0.06428551
v 0.02206678 0.30529028 0.06187142
v 0.02275755 0.30547369 0.05954959
v 0.02385390 0.30583370 0.05740915
v 0.02531334 0.30635765 0.05553293
v 0.02708012 0.30702585 0.05399255
v 0.02908648 0.30781096 0.05284702
v 0.03125535 0.30868444 0.05214236
v 0.02629038 0.30909902 0.07441468
v 0.02453156 0.30868199 0.07296618
v 0.02304069 0.30829933 0.07107997
v 0.02194404 0.30798662 0.06893224
v 0.02128491 0.30775446 0.06660455
v 0.02108878 0.30761251 0.06418820
v 0.02136023 0.30756637 0.06177574
v 0.02209214 0.30761731 0.05945966
v 0.02325494 0.30776298 0.05732793
v 0.02480447 0.30799881 0.05546436
v 0.02668048 0.30831394 0.05393826
v 0.02881018 0.30869874 0.05281030
v 0.03111466 0.30913699 0.05212335
v -0.03472895 0.31061968 0.07754941
v -0.03629642 0.31060991 0.07710395
v -0.03774730 0.31058773 0.07636362
v -0.03896957 0.31055528 0.07539741
v -0.03469700 0.31093356 0.07753769
v -0.03623313 0.31122625 0.07707939
v -0.03765420 0.31148246 0.07632842
v -0.03885054 0.31168374 0.07535251
v -0.03460269 0.31123576 0.07752490
v -0.03604835 0.31181750 0.07705428
v -0.03738675 0.31234154 0.07629209
v -0.03851419 0.31276625 0.07530654
v -0.03445193 0.31151348 0.07751215
v -0.03575187 0.31236255 0.07702963
v -0.03695606 0.31313258 0.07625607
v -0.03797114 0.31376368 0.07526098
v -0.03424817 0.31175593 0.07749970
v -0.03535377 0.31283876 0.07700553
v -0.03637843 0.31382436 0.07622150
v -0.03724320 0.31463751 0.07521742
v -0.03400197 0.31195575 0.07748878
v -0.03487017 0.31322929 0.07698370
v -0.03567597 0.31439140 0.07618942
v -0.03635592 0.31535193 0.07517742
v -0.03372103 0.31210244 0.07747900
v -0.03431848 0.31351879 0.07696474
v -0.03487516 0.31481078 0.07616190
v -0.03534612 0.31588107 0.07514210
v -0.03341516 0.31219324 0.07747129
v -0.03372135 0.31369534 0.07694897
v -0.03400736 0.31506735 0.07613938
v -0.03425254 0.31620413 0.07511354
v -0.03309909 0.31222221 0.07746493
v -0.03309964 0.31375274 0.07693728
v -0.03310531 0.31515074 0.07612247
v -0.03311536 0.31630999 0.07509275
v -0.03278269 0.31219000 0.07746200
v -0.03247870 0.31368908 0.07693055
v -0.03220402 0.31505817 0.07611250
v -0.03197883 0.31619197 0.07507944
v -0.03247821 0.31209624 0.07746069
v -0.03188288 0.31350535 0.07692835
v -0.03133839 0.31479195 0.07610918
v -0.03088790 0.31585720 0.07507586
v -0.03219853 0.31194589 0.07746208
v -0.03133357 0.31321040 0.07693122
v -0.03054135 0.31436387 0.07611313
v -0.02988309 0.31531706 0.07508089
v -0.03195401 0.31174350 0.07746609
v -0.03085368 0.31281471 0.07693905
v -0.02984369 0.31378946 0.07612474
v -0.02900245 0.31459340 0.07509534
v -0.03175233 0.31149870 0.07747237
v -0.03045926 0.31233427 0.07695121
v -0.02927174 0.31309125 0.07614262
v -0.02828189 0.31371224 0.07511752
v -0.03160373 0.31122005 0.07748123
v -0.03016737 0.31178606 0.07696740
v -0.02884808 0.31229591 0.07616624
v -0.02774753 0.31270933 0.07514770
v -0.03151347 0.31091636 0.07749119
v -0.02998796 0.31119317 0.07698795
v -0.02858796 0.31143409 0.07619549
v -0.02742058 0.31162333 0.07518388
v -0.03148242 0.31060213 0.07750257
v -0.02992940 0.31057560 0.07701053
v -0.02850295 0.31053826 0.07622784
v -0.02731230 0.31049380 0.07522506
v -0.03151611 0.31028849 0.07751470
v -0.02999369 0.30995932 0.07703397
v -0.02859583 0.30964369 0.07626276
v -0.02743056 0.30936575 0.07526862
v -0.03160977 0.30998665 0.07752635
v -0.03017790 0.30936661 0.07705807
v -0.02886336 0.30878291 0.07629742
v -0.02776638 0.30828103 0.07531291
v -0.03176029 0.30970734 0.07753871
v -0.03047474 0.30882183 0.07708208
v -0.02929429 0.30799210 0.07633248
v -0.02830994 0.30728379 0.07535750
v -0.03196407 0.30946469 0.07755047
v -0.03087314 0.30834526 0.07710520
v -0.02987199 0.30730003 0.07636602
v -0.02903826 0.30640996 0.07540002
v -0.03221044 0.30926493 0.07756142
v -0.03135667 0.30795479 0.07712664
v -0.03057482 0.30673349 0.07639724
v -0.02992534 0.30569625 0.07543906
v -0.03249143 0.30911830 0.07757047
v -0.03190888 0.30766594 0.07714500
v -0.03137542 0.30631417 0.07642451
v -0.03093522 0.30516678 0.07547350
v -0.03279706 0.30902791 0.07757820
v -0.03250594 0.30748895 0.07716000
v -0.03224365 0.30605730 0.07644661
v -0.03202875 0.30484426 0.07550181
v -0.03311334 0.30899891 0.07758380
v -0.03312748 0.30743188 0.07717171
v -0.03314536 0.30597433 0.07646304
v -0.03316592 0.30473831 0.07552253
v -0.03342929 0.30903143 0.07758754
v -0.03374854 0.30749577 0.07717831
v -0.03404690 0.30606717 0.07647270
v -0.03430266 0.30485654 0.07553478
v -0.03373406 0.30912495 0.07758871
v -0.03434402 0.30767927 0.07718018
v -0.03491200 0.30633354 0.07647573
v -0.03539329 0.30519143 0.07553869
v -0.03401367 0.30927551 0.07758685
v -0.03489334 0.30797461 0.07717706
v -0.03570936 0.30676168 0.07647169
v -0.03639836 0.30573133 0.07553358
v -0.03425813 0.30947748 0.07758385
v -0.03537326 0.30837035 0.07717035
v -0.03640712 0.30733579 0.07646094
v -0.03727911 0.30645502 0.07552068
v -0.03445974 0.30972201 0.07757769
v -0.03576728 0.30885032 0.07715893
v -0.03697867 0.30803382 0.07644463
v -0.03799946 0.30733654 0.07549913
v -0.03310378 0.31061587 0.07768314
v -0.03460816 0.31000131 0.07756979
v -0.03605906 0.30939871 0.07714352
v -0.03740246 0.30882934 0.07642210
v -0.03853465 0.30833912 0.07547111
v -0.03469994 0.31030461 0.07756057
v -0.03623866 0.30999130 0.07712495
v -0.03766256 0.30969140 0.07639479
v -0.03886115 0.30942631 0.07543623
v -0.04015961 0.31052873 0.07456945
v -0.04200072 0.31048229 0.07316191
v -0.04358097 0.31041715 0.07130964
v -0.04476589 0.31034014 0.06918675
v -0.04551003 0.31025475 0.06687424
v -0.04578675 0.31016129 0.06446245
v -0.04558306 0.31006616 0.06204466
v -0.04490966 0.30997211 0.05971282
v -0.04379023 0.30988246 0.05755556
v -0.04226718 0.30980128 0.05565739
v -0.04040112 0.30973145 0.05408982
v -0.03826292 0.30967504 0.05291381
v -0.03593350 0.30963507 0.05217572
v -0.04001769 0.31188589 0.07451466
v -0.04182253 0.31219059 0.07309428
v -0.04337110 0.31242678 0.07122983
v -0.04453418 0.31257233 0.06909985
v -0.04526496 0.31262314 0.06678163
v -0.04553571 0.31257689 0.06436892
v -0.04533873 0.31243485 0.06195286
v -0.04467875 0.31220290 0.05962624
v -0.04358141 0.31189096 0.05747744
v -0.04208999 0.31150842 0.05559092
v -0.04026150 0.31107342 0.05403765
v -0.03816694 0.31059963 0.05287816
v -0.03588421 0.31010613 0.05215740
v -0.03961227 0.31318793 0.07445933
v -0.04131239 0.31383201 0.07302421
v -0.04277126 0.31435597 0.07114865
v -0.04386764 0.31471592 0.06900806
v -0.04455813 0.31489903 0.06668604
v -0.04481628 0.31489605 0.06427158
v -0.04463243 0.31471097 0.06185728
v -0.04401278 0.31434637 0.05953622
v -0.04298268 0.31381980 0.05739654
v -0.04158146 0.31314966 0.05552242
v -0.03986222 0.31236151 0.05398333
v -0.03789072 0.31148711 0.05284058
v -0.03574385 0.31055865 0.05213869
v -0.03896055 0.31438649 0.07440486
v -0.04049056 0.31534177 0.07295523
v -0.04180494 0.31613111 0.07106721
v -0.04279339 0.31668890 0.06891772
v -0.04341779 0.31699237 0.06659069
v -0.04365394 0.31703195 0.06417435
v -0.04349229 0.31680411 0.06176204
v -0.04293909 0.31631958 0.05944629
v -0.04201619 0.31559530 0.05731576
v -0.04076002 0.31465945 0.05545384
v -0.03921647 0.31354845 0.05392941
v -0.03744670 0.31230384 0.05280399
v -0.03551739 0.31097561 0.05211945
v -0.03808489 0.31543526 0.07435221
v -0.03938692 0.31666297 0.07288896
v -0.04050805 0.31768504 0.07098956
v -0.04135243 0.31841508 0.06883145
v -0.04188765 0.31882542 0.06649874
v -0.04209368 0.31890038 0.06408124
v -0.04196193 0.31863722 0.06167042
v -0.04149843 0.31804588 0.05936036
v -0.04071994 0.31714910 0.05723825
v -0.03965691 0.31598061 0.05538780
v -0.03835003 0.31458667 0.05387770
v -0.03684983 0.31301966 0.05276816
v -0.03521257 0.31133956 0.05210150
v -0.03701973 0.31629458 0.07430414
v -0.03804582 0.31774509 0.07282841
v -0.03893073 0.31895709 0.07091846
v -0.03959969 0.31982881 0.06875225
v -0.04002662 0.32032639 0.06641473
v -0.04019669 0.32043108 0.06399534
v -0.04010103 0.32013828 0.06158625
v -0.03974593 0.31945929 0.05928122
v -0.03914294 0.31842119 0.05716715
v -0.03831615 0.31706285 0.05532740
v -0.03729638 0.31543678 0.05383018
v -0.03612353 0.31360531 0.05273534
v -0.03484358 0.31163850 0.05208496
v -0.03580613 0.31692967 0.07426181
v -0.03651680 0.31854612 0.07277513
v -0.03713340 0.31989884 0.07085617
v -0.03760241 0.32087538 0.06868288
v -0.03790768 0.32143822 0.06634139
v -0.03803594 0.32156429 0.06392023
v -0.03798234 0.32124981 0.06151325
v -0.03774885 0.32050642 0.05921198
v -0.03734562 0.31936324 0.05710502
v -0.03678742 0.31786382 0.05527439
v -0.03609512 0.31606591 0.05378898
v -0.03529684 0.31403834 0.05270674
v -0.03442141 0.31185916 0.05207004
v -0.03449081 0.31731853 0.07422742
v -0.03485922 0.31903517 0.07273205
v -0.03518493 0.32047459 0.07080514
v -0.03543726 0.32151517 0.06862646
v -0.03560890 0.32211688 0.06628142
v -0.03569222 0.32225597 0.06385914
v -0.03568361 0.32192847 0.06145300
v -0.03558385 0.32114640 0.05915588
v -0.03539766 0.31993884 0.05705412
v -0.03513005 0.31835300 0.05523104
v -0.03479369 0.31645033 0.05375497
v -0.03440016 0.31430376 0.05268323
v -0.03396437 0.31199443 0.05205796
v -0.03312381 0.31744480 0.07420235
v -0.03313828 0.31919420 0.07270053
v -0.03316035 0.32066187 0.07076782
v -0.03318847 0.32172307 0.06858492
v -0.03322132 0.32233664 0.06623740
v -0.03325778 0.32248074 0.06381386
v -0.03329632 0.32214868 0.06140875
v -0.03333516 0.32135415 0.05911399
v -0.03337331 0.32012612 0.05701678
v -0.03340912 0.31851205 0.05519942
v -0.03344121 0.31657556 0.05372997
v -0.03346805 0.31438985 0.05266617
v -0.03348915 0.31203815 0.05204918
v -0.03175797 0.31730407 0.07418661
v -0.03141852 0.31901661 0.07268094
v -0.03113759 0.32045329 0.07074522
v -0.03094164 0.32149133 0.06855991
v -0.03083608 0.32209122 0.06621069
v -0.03082564 0.32222965 0.06378698
v -0.03091089 0.32190341 0.06138229
v -0.03108836 0.32112211 0.05908910
v -0.03135090 0.31991711 0.05699412
v -0.03168964 0.31833470 0.05518027
v -0.03208958 0.31643552 0.05371471
v -0.03253734 0.31429404 0.05265559
v -0.03301496 0.31198904 0.05204407
v -0.03044628 0.31690097 0.07418241
v -0.02976521 0.31850973 0.07267521
v -0.02919427 0.31985646 0.07073861
v -0.02878227 0.32082826 0.06855228
v -0.02854333 0.32138783 0.06620293
v -0.02848899 0.32151297 0.06377866
v -0.02861800 0.32119969 0.06137434
v -0.02892914 0.32045913 0.05908131
v -0.02940764 0.31932047 0.05698739
v -0.03003660 0.31782764 0.05517415
v -0.03079191 0.31603748 0.05371023
v -0.03164321 0.31401893 0.05265256
v -0.03255854 0.31184915 0.05204241
v -0.02923819 0.31625280 0.07418912
v -0.02824346 0.31769273 0.07268336
v -0.02740515 0.31889510 0.07074777
v -0.02679426 0.31976014 0.06856260
v -0.02643383 0.32025385 0.06621334
v -0.02633701 0.32035699 0.06378969
v -0.02650906 0.32006532 0.06138463
v -0.02694147 0.31939086 0.05909148
v -0.02761899 0.31835923 0.05699656
v -0.02851516 0.31701049 0.05518212
v -0.02959589 0.31539500 0.05371605
v -0.03082040 0.31357643 0.05265694
v -0.03213895 0.31162429 0.05204482
v -0.02818065 0.31538266 0.07420571
v -0.02691169 0.31659597 0.07270410
v -0.02583916 0.31760639 0.07077242
v -0.02505416 0.31832761 0.06859016
v -0.02458657 0.31873262 0.06624250
v -0.02445390 0.31880602 0.06381955
v -0.02466171 0.31854439 0.06141403
v -0.02520160 0.31795833 0.05911873
v -0.02605298 0.31707048 0.05702091
v -0.02718412 0.31591406 0.05520317
v -0.02854982 0.31453413 0.05373266
v -0.03009878 0.31298348 0.05266827
v -0.03177202 0.31132132 0.05205029
v -0.02731411 0.31432417 0.07423285
v -0.02582023 0.31526354 0.07273797
v -0.02455628 0.31603917 0.07081193
v -0.02362852 0.31658587 0.06863393
v -0.02307261 0.31688386 0.06628909
v -0.02291038 0.31692076 0.06386657
v -0.02314807 0.31669527 0.06146027
v -0.02377616 0.31621704 0.05916231
v -0.02477044 0.31550255 0.05706006
v -0.02609244 0.31458130 0.05523650
v -0.02769258 0.31348678 0.05375867
v -0.02950874 0.31226128 0.05268637
v -0.03147073 0.31095389 0.05205949
v -0.02667288 0.31311864 0.07426848
v -0.02501167 0.31374511 0.07278323
v -0.02360538 0.31425333 0.07086457
v -0.02257184 0.31460160 0.06869204
v -0.02195108 0.31477830 0.06635087
v -0.02176687 0.31477374 0.06392963
v -0.02202613 0.31458977 0.06152208
v -0.02271998 0.31423229 0.05922037
v -0.02382026 0.31371707 0.05711256
v -0.02528465 0.31306246 0.05528071
v -0.02705766 0.31229287 0.05379385
v -0.02907149 0.31143999 0.05270993
v -0.03124824 0.31053475 0.05207190
v -0.02627916 0.31181210 0.07431187
v -0.02451691 0.31209838 0.07283754
v -0.02302338 0.31231821 0.07092822
v -0.02192461 0.31245124 0.06876384
v -0.02126468 0.31249443 0.06642560
v -0.02106796 0.31244543 0.06400594
v -0.02134034 0.31230581 0.06159692
v -0.02207299 0.31208217 0.05929127
v -0.02323812 0.31178188 0.05717573
v -0.02479035 0.31141582 0.05533434
v -0.02666965 0.31100020 0.05383619
v -0.02880306 0.31054941 0.05273940
v -0.03111158 0.31008083 0.05208670
v -0.02615037 0.31045461 0.07436105
v -0.02435485 0.31038901 0.07289899
v -0.02283236 0.31030768 0.07100057
v -0.02171322 0.31021786 0.06884407
v -0.02104072 0.31012326 0.06651063
v -0.02083850 0.31002769 0.06409263
v -0.02111634 0.30993512 0.06168187
v -0.02186177 0.30984852 0.05937112
v -0.02304770 0.30977121 0.05724803
v -0.02462831 0.30970684 0.05539591
v -0.02654173 0.30965674 0.05388433
v -0.02871668 0.30962402 0.05277243
v -0.03106701 0.30960912 0.05210336
v -0.02629081 0.30909872 0.07441356
v -0.02453201 0.30868179 0.07296490
v -0.02304117 0.30829927 0.07107852
v -0.02194457 0.30798671 0.06893066
v -0.02128550 0.30775467 0.06660285
v -0.02108944 0.30761281 0.06418642
v -0.02136096 0.30756679 0.06177389
v -0.02209294 0.30761784 0.05945778
v -0.02325580 0.30776358 0.05732605
v -0.02480540 0.30799946 0.05546253
v -0.02668147 0.30831459 0.05393650
v -0.02881121 0.30869940 0.05280863
v -0.03111574 0.30913758 0.05212182
v -0.02669587 0.30779633 0.07446776
v -0.02504108 0.30704021 0.07303401
v -0.02364011 0.30637038 0.07115923
v -0.02261034 0.30584335 0.06902030
v -0.02199178 0.30547899 0.06669819
v -0.02180864 0.30529341 0.06428364
v -0.02206742 0.30529061 0.06186949
v -0.02275826 0.30547410 0.05954764
v -0.02385469 0.30583420 0.05740721
v -0.02531420 0.30635819 0.05553104
v -0.02708106 0.30702645 0.05399075
v -0.02908748 0.30781156 0.05284533
v -0.03125641 0.30868500 0.05214081
v -0.02734772 0.30659780 0.07452180
v -0.02586292 0.30553037 0.07310205
v -0.02460663 0.30459461 0.07123984
v -0.02368445 0.30387062 0.06910991
v -0.02313193 0.30338576 0.06679321
v -0.02297083 0.30315769 0.06438080
v -0.02320766 0.30319750 0.06196472
v -0.02383216 0.30350104 0.05963750
v -0.02482093 0.30405876 0.05748752
v -0.02613558 0.30484843 0.05559957
v -0.02772627 0.30583957 0.05404452
v -0.02953195 0.30699489 0.05288279
v -0.03148257 0.30826843 0.05215976
v -0.02822344 0.30554888 0.07457356
v -0.02696623 0.30420947 0.07316723
v -0.02590305 0.30304086 0.07131662
v -0.02512536 0.30214399 0.06919550
v -0.02466216 0.30155286 0.06688432
v -0.02453099 0.30128947 0.06447387
v -0.02473737 0.30136436 0.06205548
v -0.02527287 0.30177513 0.05972338
v -0.02611716 0.30250496 0.05756481
v -0.02723838 0.30352724 0.05566563
v -0.02859269 0.30480126 0.05409613
v -0.03012830 0.30627921 0.05291858
v -0.03178736 0.30790463 0.05217820
v -0.02928886 0.30468991 0.07462107
v -0.02830769 0.30312771 0.07322741
v -0.02748071 0.30176923 0.07138760
v -0.02687797 0.30073074 0.06927413
v -0.02652272 0.30005142 0.06696782
v -0.02642748 0.29975855 0.06455919
v -0.02659798 0.29986367 0.06213941
v -0.02702525 0.30036134 0.05980232
v -0.02769442 0.30123278 0.05763600
v -0.02857947 0.30244532 0.05572590
v -0.02964655 0.30395162 0.05414384
v -0.03085480 0.30569339 0.05295137
v -0.03215666 0.30760521 0.05219470
v -0.03350381 0.30961242 0.05190134
v -0.03050268 0.30405524 0.07466197
v -0.02983609 0.30232662 0.07327940
v -0.02927815 0.30082726 0.07144931
v -0.02887548 0.29968351 0.06934275
v -0.02864214 0.29893970 0.06704109
v -0.02858996 0.29862544 0.06463335
v -0.02871704 0.29875171 0.06221273
v -0.02902244 0.29931426 0.05987104
v -0.02949145 0.30029103 0.05769841
v -0.03010786 0.30164400 0.05577881
v -0.03084810 0.30332193 0.05418476
v -0.03168179 0.30526066 0.05297963
v -0.03257852 0.30738482 0.05220921
v -0.03181785 0.30366644 0.07469571
v -0.03149422 0.30183759 0.07332223
v -0.03122640 0.30025128 0.07149951
v -0.03104057 0.29904360 0.06939891
v -0.03094096 0.29826090 0.06710045
v -0.03093240 0.29793373 0.06469464
v -0.03101560 0.29807252 0.06227252
v -0.03118743 0.29867417 0.05992748
v -0.03143988 0.29971522 0.05774892
v -0.03176501 0.30115479 0.05582164
v -0.03214901 0.30293784 0.05421910
v -0.03257798 0.30499497 0.05300311
v -0.03303586 0.30724958 0.05222100
v -0.03318487 0.30354005 0.07472117
v -0.03321508 0.30167851 0.07335414
v -0.03325095 0.30006436 0.07153679
v -0.03328935 0.29883605 0.06944027
v -0.03332827 0.29804099 0.06714435
v -0.03336683 0.29770789 0.06473944
v -0.03340283 0.29785275 0.06231610
v -0.03343582 0.29846644 0.05996912
v -0.03346403 0.29952785 0.05778632
v -0.03348596 0.30099556 0.05585347
v -0.03350184 0.30281234 0.05424379
v -0.03351008 0.30490980 0.05302040
v -0.03351075 0.30720571 0.05222993
v -0.03455064 0.30368105 0.07473589
v -0.03493435 0.30185646 0.07337283
v -0.03527375 0.30027363 0.07155929
v -0.03553603 0.29906800 0.06946553
v -0.03571379 0.29828656 0.06717104
v -0.03579889 0.29796013 0.06476622
v -0.03578852 0.29809824 0.06234324
v -0.03568251 0.29869831 0.05999387
v -0.03548662 0.29973659 0.05780871
v -0.03520542 0.30117342 0.05587282
v -0.03485347 0.30295247 0.05425899
v -0.03444079 0.30500495 0.05303067
v -0.03398525 0.30725485 0.05223484
v -0.03586246 0.30408451 0.07474023
v -0.03658787 0.30236340 0.07337883
v -0.03721686 0.30087039 0.07156654
v -0.03769498 0.29973108 0.06947339
v -0.03800654 0.29899019 0.06717966
v -0.03813623 0.29867682 0.06477488
v -0.03808098 0.29880196 0.06235122
v -0.03784147 0.29936162 0.06000189
v -0.03742970 0.30033359 0.05781586
v -0.03685899 0.30168018 0.05587865
v -0.03615114 0.30335048 0.05426355
v -0.03533543 0.30528045 0.05303375
v -0.03444137 0.30739480 0.05223697
v -0.03707046 0.30473265 0.07473508
v -0.03810954 0.30318043 0.07337172
v -0.03900608 0.30183148 0.07155740
v -0.03968364 0.30079964 0.06946360
v -0.04011561 0.30012476 0.06716899
v -0.04028793 0.29983336 0.06476454
v -0.04019027 0.29993615 0.06234083
v -0.03982962 0.30043021 0.05999207
v -0.03921803 0.30129510 0.05780696
v -0.03838022 0.30249757 0.05587094
v -0.03734685 0.30399272 0.05425798
v -0.03615792 0.30572233 0.05302975
v -0.03486125 0.30762023 0.05223494
v -0.03812805 0.30560273 0.07471859
v -0.03944119 0.30427662 0.07335113
v -0.04057233 0.30312046 0.07153321
v -0.04142379 0.30223212 0.06943698
v -0.04196334 0.30164614 0.06714040
v -0.04217109 0.30138406 0.06473526
v -0.04203773 0.30145749 0.06231174
v -0.04156969 0.30186239 0.05996478
v -0.04078438 0.30258384 0.05778240
v -0.03971178 0.30359417 0.05585050
v -0.03839310 0.30485395 0.05424159
v -0.03687966 0.30631521 0.05301844
v -0.03522791 0.30792290 0.05222898
v -0.03899467 0.30666095 0.07469262
v -0.04053351 0.30560961 0.07331873
v -0.04185530 0.30468792 0.07149488
v -0.04285003 0.30397344 0.06939372
v -0.04347722 0.30349481 0.06709476
v -0.04371443 0.30326912 0.06468821
v -0.04355137 0.30330652 0.06226615
v -0.04299540 0.30360433 0.05992154
v -0.04206694 0.30415148 0.05774315
v -0.04080295 0.30492690 0.05581678
v -0.03925016 0.30590126 0.05421548
v -0.03746971 0.30703744 0.05300045
v -0.03552951 0.30828986 0.05221973
v -0.03963623 0.30786610 0.07465876
v -0.04134250 0.30712771 0.07327561
v -0.04280654 0.30647296 0.07144345
v -0.04390669 0.30595770 0.06933637
v -0.04459915 0.30560017 0.06703355
v -0.04485806 0.30541623 0.06462542
v -0.04467315 0.30541191 0.06220454
v -0.04405171 0.30558833 0.05986336
v -0.04301775 0.30593708 0.05769105
v -0.04161052 0.30644569 0.05577237
v -0.03988510 0.30709532 0.05418056
v -0.03790699 0.30785885 0.05297622
v -0.03575196 0.30870914 0.05220743
v -0.04003065 0.30917248 0.07461704
v -0.04183865 0.30877408 0.07322293
v -0.04339005 0.30840775 0.07138110
v -0.04455452 0.30810782 0.06926665
v -0.04528606 0.30788323 0.06695898
v -0.04555685 0.30774418 0.06454924
v -0.04535927 0.30769521 0.06212956
v -0.04469812 0.30773878 0.05979288
v -0.04359912 0.30787215 0.05762742
v -0.04210515 0.30809203 0.05571873
v -0.04027344 0.30838767 0.05413797
v -0.03817536 0.30874959 0.05294722
v -0.03588865 0.30916369 0.05219256
f 4 2 1
f 8 6 5
f 13 15 14
f 17 19 18
f 32 30 29
f 36 34 33
f 37 39 38
f 21 23 20
f 25 27 24
f 41 43 42
f 48 46 45
f 52 50 49
f 53 55 54
f 60 58 57
f 29 62 61
f 66 64 63
f 67 6 68
f 72 70 69
f 76 74 73
f 77 79 78
f 81 83 82
f 59 86 85
f 88 90 89
f 96 94 93
f 100 98 97
f 101 103 102
f 106 34 87
f 108 115 107
f 117 36 118
f 124 126 125
f 131 129 128
f 132 134 133
f 142 140 139
f 148 60 147
f 144 127 124
f 149 151 150
f 156 154 153
f 159 158 157
f 116 164 105
f 171 169 168
f 174 173 172
f 179 181 180
f 186 188 187
f 194 196 195
f 199 139 198
f 206 208 207
f 213 211 210
f 202 214 201
f 96 216 54
f 92 43 44
f 97 246 100
f 250 229 228
f 252 58 253
f 258 256 255
f 260 229 259
f 110 112 113
f 114 263 109
f 265 267 266
f 56 270 269
f 274 249 250
f 185 63 64
f 280 278 276
f 285 283 157
f 288 211 212
f 141 92 46
f 289 175 176
f 148 105 106
f 312 170 171
f 238 42 43
f 318 160 317
f 310 308 307
f 241 325 324
f 160 240 317
f 47 307 308
f 108 315 164
f 345 86 119
f 348 350 349
f 356 358 357
f 355 353 352
f 363 32 362
f 149 150 176
f 364 253 365
f 366 368 367
f 183 371 63
f 163 161 160
f 209 101 208
f 378 165 166
f 379 381 380
f 383 3 4
f 284 386 385
f 387 389 388
f 391 229 249
f 73 397 396
f 405 407 406
f 203 411 410
f 414 413 412
f 1 357 4
f 277 131 275
f 254 57 58
f 358 415 351
f 417 386 408
f 401 192 420
f 419 127 143
f 421 182 422
f 103 302 409
f 428 368 174
f 380 359 356
f 62 266 323
f 140 431 430
f 357 351 348
f 356 379 380
f 415 403 434
f 437 436 435
f 438 440 439
f 188 450 449
f 452 454 453
f 265 181 421
f 224 64 225
f 237 213 427
f 275 128 458
f 281 460 459
f 50 79 461
f 73 282 281
f 468 466 465
f 390 352 359
f 482 484 483
f 489 487 486
f 493 495 494
f 472 470 469
f 502 500 499
f 220 222 223
f 512 143 66
f 518 511 80
f 513 230 286
f 205 31 244
f 189 451 188
f 163 532 8
f 533 225 251
f 446 447 412
f 335 540 334
f 544 546 545
f 329 291 292
f 199 262 238
f 385 416 550
f 532 191 247
f 363 118 243
f 236 237 250
f 578 580 579
f 573 571 570
f 561 562 272
f 241 259 240
f 590 592 591
f 545 595 594
f 503 155 504
f 606 624 623
f 478 480 479
f 646 648 647
f 590 689 684
f 564 651 650
f 728 184 727
f 714 716 715
f 692 575 693
f 541 581 578
f 346 248 400
f 161 230 160
f 128 94 95
f 698 704 703
f 574 576 575
f 290 401 328
f 630 725 726
f 733 735 734
f 755 496 493
f 759 481 760
f 757 762 761
f 764 466 467
f 768 9260 9261
f 759 488 489
f 492 475 771
f 474 769 473
f 773 465 772
f 771 486 483
f 484 775 491
f 774 489 486
f 495 764 756
f 495 761 494
f 137 784 136
f 325 797 547
f 165 51 52
f 369 29 370
f 730 568 569
f 90 301 89
f 243 516 242
f 800 806 805
f 817 808 816
f 816 823 822
f 306 447 807
f 815 809 808
f 829 828 825
f 726 501 502
f 274 424 423
f 879 881 880
f 884 879 885
f 219 217 211
f 906 904 897
f 455 205 542
f 898 830 829
f 903 880 881
f 906 897 898
f 377 519 165
f 923 948 946
f 946 951 950
f 8963 739 8961
f 900 886 880
f 225 65 144
f 182 442 422
f 809 947 824
f 954 962 961
f 927 965 966
f 885 880 886
f 925 966 967
f 343 341 340
f 965 971 968
f 968 970 969
f 972 969 973
f 963 981 978
f 336 338 339
f 992 827 828
f 810 996 959
f 1007 1002 1008
f 1012 827 1009
f 1011 1007 1008
f 294 292 291
f 907 920 919
f 1017 1019 1018
f 1020 1022 1021
f 1035 1020 1044
f 1061 1047 1046
f 1063 1046 1062
f 1044 1021 1045
f 1102 1097 1109
f 1116 1118 1117
f 1016 1014 1013
f 881 904 903
f 816 1127 817
f 1094 949 1097
f 514 167 515
f 146 81 82
f 1133 1130 1129
f 1102 1126 822
f 822 1116 816
f 1145 1148 1136
f 1076 1151 1069
f 1148 1086 1087
f 1109 1114 1136
f 1154 1156 1155
f 1153 967 1156
f 8815 463 9166
f 1144 1152 1151
f 1156 1163 1162
f 1164 1169 1165
f 1145 1176 1147
f 1114 1154 1171
f 1183 1164 1177
f 1184 1177 1185
f 1069 1062 1064
f 1023 1194 1022
f 1162 1170 1169
f 1195 1185 1191
f 1183 1176 1155
f 1201 1152 1196
f 1061 1201 1202
f 9277 843 9288
f 1203 1195 1034
f 1202 1184 1195
f 1218 1203 1217
f 1060 1202 1203
f 1225 1217 1219
f 671 694 670
f 1219 1024 1035
f 1217 1034 1024
f 1226 1015 1227
f 1243 1234 1233
f 1231 1229 1228
f 847 1233 843
f 843 1244 878
f 1233 1245 1244
f 1923 233 216
f 2100 499 500
f 9366 2135 9352
f 61 323 505
f 210 217 457
f 1299 1309 1300
f 9315 1231 9314
f 1066 1321 1322
f 1322 1228 1229
f 1060 1321 1047
f 1325 1323 1310
f 1244 1332 1330
f 1290 1242 1288
f 1337 1339 1338
f 1330 1340 1339
f 1341 1245 1294
f 1342 1332 1341
f 1343 1341 1344
f 1344 1294 1293
f 9309 1345 1346
f 1347 1342 1343
f 9308 1295 1345
f 1349 1348 1347
f 9313 1347 9305
f 9305 1343 9309
f 906 829 1353
f 905 1353 1354
f 865 1355 1357
f 1355 829 825
f 1357 825 826
f 1356 1353 1355
f 9286 1338 9285
f 866 1356 865
f 1358 1354 1356
f 9280 1337 9286
f 838 1012 841
f 1363 1338 1339
f 1368 1339 1340
f 1348 1340 1342
f 1371 9276 9281
f 524 526 523
f 528 530 527
f 1372 1369 1371
f 535 537 538
f 1367 1348 1350
f 1370 1359 1369
f 1369 9285 9276
f 1373 903 904
f 555 557 558
f 1374 910 1373
f 1373 905 1375
f 1374 1375 1376
f 1375 1354 1370
f 1378 908 1377
f 376 651 1387
f 1388 973 969
f 586 588 585
f 1390 1388 1391
f 1391 969 970
f 597 599 596
f 600 602 603
f 1392 970 979
f 608 610 607
f 612 523 611
f 614 616 613
f 617 25 24
f 620 622 619
f 1397 1391 1392
f 1398 1392 1399
f 1400 920 1378
f 1402 1165 1169
f 636 638 635
f 930 1402 929
f 641 643 644
f 929 1169 1170
f 1404 1403 1402
f 1411 1365 1406
f 1412 1415 1414
f 652 654 655
f 609 657 658
f 659 661 662
f 558 586 585
f 665 667 664
f 1413 1406 1412
f 1418 9262 9265
f 1417 1371 1416
f 1416 9281 9262
f 1419 1416 1418
f 1386 1374 1420
f 677 679 676
f 1385 1420 1421
f 1420 1376 1422
f 685 687 688
f 1421 1422 1423
f 528 691 658
f 1422 1372 1417
f 1018 747 1425
f 699 701 702
f 1424 579 1017
f 9115 1767 9112
f 700 711 712
f 1093 9206 1571
f 717 530 719
f 721 723 720
f 704 8987 8998
f 19 1426 1430
f 1429 1427 1426
f 1658 8986 8988
f 1439 1434 1438
f 1437 1435 1434
f 1426 1433 1432
f 1442 1432 1440
f 742 744 745
f 1432 1441 1440
f 751 753 750
f 1438 1403 1405
f 1446 1444 1443
f 1447 1446 1443
f 9312 1443 9300
f 1415 1445 1446
f 1414 1446 1448
f 2173 469 470
f 777 779 686
f 780 782 783
f 1676 1806 1675
f 9311 1349 9313
f 789 791 788
f 745 793 742
f 652 795 653
f 1455 1457 1456
f 1454 1350 1452
f 610 802 801
f 9283 698 703
f 1352 1045 1351
f 1015 1459 1460
f 811 813 814
f 2118 9269 2117
f 819 821 818
f 1466 1194 1190
f 1467 1465 1466
f 1182 1468 1467
f 832 833 831
f 835 837 834
f 1467 1190 1182
f 1469 1444 1445
f 840 712 690
f 1453 1469 1454
f 599 845 846
f 1226 9301 9307
f 851 853 850
f 855 856 854
f 858 860 857
f 861 863 864
f 1014 9307 9310
f 867 868 869
f 870 872 873
f 874 876 877
f 1310 1471 1309
f 1476 1427 1475
f 1461 1475 1460
f 887 889 890
f 788 892 891
f 894 896 893
f 1460 1227 1015
f 901 524 612
f 1465 1477 1464
f 1865 8944 1864
f 911 913 914
f 916 918 915
f 1850 8951 1851
f 921 895 894
f 1479 1436 1478
f 926 667 601
f 1481 563 1480
f 269 84 1482
f 931 933 916
f 934 614 869
f 936 688 937
f 938 662 939
f 1484 122 123
f 941 835 834
f 320 509 510
f 1849 8949 1850
f 84 1484 83
f 1487 1488 539
f 1757 8946 8953
f 365 1491 364
f 461 80 511
f 117 362 1496
f 1494 541 1495
f 926 957 958
f 1477 1433 1476
f 1709 1585 1700
f 119 1496 345
f 271 504 156
f 511 189 186
f 345 1492 365
f 255 344 254
f 57 299 132
f 1501 268 1500
f 267 1499 145
f 974 976 977
f 1678 1693 1676
f 9298 1807 9292
f 557 663 558
f 983 984 985
f 1443 9301 9300
f 421 268 265
f 989 991 988
f 1490 418 1504
f 279 309 310
f 997 676 679
f 998 999 875
f 1504 38 1505
f 1506 1507 1486
f 360 1508 1506
f 1506 207 360
f 939 1006 938
f 270 1483 269
f 66 546 512
f 1010 793 935
f 367 437 1509
f 244 363 243
f 1670 8978 1669
f 209 1510 226
f 235 1512 1511
f 1511 234 235
f 388 426 425
f 427 250 237
f 161 521 231
f 100 45 44
f 1025 608 1027
f 1029 1031 1028
f 939 1033 1032
f 41 594 99
f 1036 783 1037
f 702 1038 1039
f 1040 1042 1043
f 362 369 1493
f 187 477 186
f 70 539 198
f 1511 1521 234
f 1049 603 1048
f 613 869 614
f 860 1051 857
f 1005 1053 1006
f 753 1056 1054
f 1057 1059 1055
f 293 1522 292
f 288 1521 1522
f 292 1523 329
f 331 1508 1524
f 306 453 305
f 100 41 99
f 462 78 79
f 330 1524 462
f 635 1068 636
f 1485 1526 1528
f 206 1528 1510
f 1070 1072 831
f 942 1073 1074
f 916 1075 917
f 440 1530 439
f 157 1514 285
f 1529 5 1530
f 371 546 63
f 790 663 791
f 1077 857 1078
f 1403 1435 1165
f 1080 1082 1079
f 531 1529 440
f 21 1084 1085
f 272 1531 561
f 137 396 397
f 690 802 691
f 335 9011 581
f 1090 1029 1091
f 1092 794 1042
f 1533 137 138
f 661 1095 1096
f 69 445 72
f 1099 1101 1098
f 38 1536 1505
f 1104 1106 1103
f 852 1108 853
f 1377 909 1386
f 291 411 294
f 316 516 33
f 539 1533 534
f 1505 316 313
f 1110 1112 1113
f 1539 460 264
f 522 1537 1539
f 834 1120 1119
f 1122 1124 1121
f 612 1041 901
f 935 615 614
f 276 130 131
f 1686 8966 1685
f 193 1541 273
f 231 1540 287
f 556 982 557
f 365 85 345
f 190 318 1541
f 1810 9018 8972
f 9376 8956 9243
f 1132 985 1131
f 208 102 132
f 1134 662 661
f 1491 80 77
f 429 1542 147
f 1137 915 918
f 172 428 174
f 1139 1141 1142
f 549 54 55
f 1517 1518 296
f 976 1146 938
f 834 984 941
f 1543 286 115
f 1544 239 513
f 133 1544 1542
f 506 257 258
f 420 328 401
f 1158 1160 1157
f 587 1103 588
f 1513 1514 151
f 607 1027 608
f 304 1545 303
f 364 77 506
f 69 198 139
f 1006 976 938
f 700 1112 701
f 9329 8969 9239
f 1166 657 656
f 1167 858 1077
f 1300 8968 1299
f 1172 1174 1175
f 218 200 217
f 1179 1181 1178
f 372 97 98
f 89 227 88
f 1186 1188 1189
f 172 1517 1549
f 1482 81 1498
f 1090 1193 1030
f 394 353 1551
f 526 1198 1197
f 811 858 812
f 1199 1026 1025
f 606 697 696
f 1204 1206 743
f 1207 523 526
f 1209 867 613
f 914 685 936
f 1478 1441 1477
f 1029 1161 1091
f 1211 1213 1214
f 9310 1451 9311
f 844 1216 845
f 423 273 274
f 1220 1222 1083
f 22 1224 23
f 882 897 881
f 1519 173 387
f 1189 1232 1178
f 349 550 416
f 1071 1236 1072
f 1237 1239 745
f 1221 1189 1240
f 1510 1512 333
f 939 1241 1005
f 1556 5 67
f 1553 394 1551
f 404 67 347
f 1247 1249 1246
f 142 238 92
f 1251 635 1250
f 850 1253 851
f 1254 1077 1255
f 57 133 429
f 443 552 551
f 1187 1175 1188
f 1256 831 833
f 432 382 383
f 741 747 746
f 434 351 415
f 349 383 348
f 251 1481 1480
f 395 352 353
f 1518 1550 1551
f 1558 378 340
f 109 314 315
f 285 1513 407
f 395 393 392
f 202 410 1558
f 417 405 432
f 1246 1258 1247
f 3 297 2
f 1259 1261 1262
f 403 347 284
f 955 953 952
f 462 51 330
f 1096 687 1263
f 429 60 57
f 896 1265 932
f 1267 1268 1266
f 423 327 420
f 37 180 40
f 20 1187 1186
f 1256 1071 1070
f 155 156 504
f 1188 1269 1232
f 1236 1271 1262
f 1272 535 621
f 565 463 464
f 1273 745 1239
f 876 1255 1274
f 316 164 315
f 437 503 1509
f 194 1495 197
f 1275 864 863
f 624 631 630
f 1277 1137 1278
f 569 567 566
f 1481 125 366
f 324 547 326
f 1279 1107 1280
f 1525 329 1523
f 1281 1137 918
f 171 1553 1552
f 1488 396 1533
f 1557 1562 1559
f 1282 1206 1205
f 1053 1278 1281
f 778 607 1283
f 713 9010 9013
f 251 144 124
f 4 348 383
f 709 707 706
f 728 45 246
f 261 1563 544
f 789 1287 790
f 74 263 282
f 403 385 434
f 1178 1240 1189
f 1223 1289 1224
f 158 150 151
f 1220 1186 1221
f 296 354 433
f 784 1538 1566
f 1181 1291 1222
f 1269 1257 1246
f 1566 438 399
f 136 1566 1564
f 1563 169 1565
f 107 109 108
f 1297 1298 1296
f 1464 1476 1461
f 1520 507 508
f 1301 1303 1304
f 1306 1308 1305
f 175 1532 272
f 1532 200 201
f 1311 1312 1313
f 872 1315 1316
f 1317 1318 1319
f 9288 878 9280
f 1305 864 1276
f 1040 863 1320
f 1564 399 169
f 592 1575 591
f 591 1088 689
f 1581 1583 1582
f 1196 1147 1176
f 710 583 713
f 285 408 386
f 953 961 963
f 1594 1589 1593
f 1585 1587 1586
f 1592 1590 1589
f 9337 944 9351
f 1600 1598 1597
f 1604 1602 1601
f 1399 979 980
f 1589 1596 1595
f 1610 1608 1607
f 298 361 360
f 551 276 277
f 1627 9266 9271
f 859 818 860
f 1078 1328 1329
f 1555 1530 1556
f 572 680 681
f 772 776 774
f 977 918 917
f 404 392 393
f 1054 750 753
f 1644 1643 1642
f 932 1082 933
f 1067 1334 1068
f 1540 264 114
f 597 643 1336
f 471 762 470
f 1642 9283 9294
f 1644 9294 9295
f 923 950 927
f 96 548 95
f 520 522 521
f 445 443 442
f 849 848 842
f 480 755 493
f 1646 481 1639
f 311 1567 170
f 464 8941 8939
f 8941 1361 8939
f 234 236 235
f 190 192 191
f 153 152 149
f 231 286 230
f 1552 1551 1550
f 760 1648 488
f 9284 1649 9282
f 828 826 825
f 52 166 165
f 1663 1661 1660
f 287 115 286
f 668 670 669
f 634 640 639
f 553 559 554
f 118 33 516
f 492 491 490
f 8996 1651 8997
f 582 584 583
f 384 392 415
f 1381 1383 1380
f 1562 435 436
f 952 951 947
f 8973 583 584
f 1660 1667 1666
f 1394 1396 1393
f 1660 1664 1663
f 1671 1669 1668
f 1624 1673 1672
f 1407 1409 1410
f 1677 1675 1674
f 1613 1677 1625
f 1679 1676 1677
f 1626 9263 9266
f 534 198 539
f 176 150 159
f 803 734 800
f 400 191 192
f 65 143 144
f 8970 1656 8984
f 402 157 283
f 629 627 626
f 461 49 50
f 758 495 756
f 796 786 785
f 406 1513 1560
f 342 166 167
f 1694 1658 1695
f 1692 1694 1696
f 9001 1652 8996
f 9373 1703 9375
f 326 302 90
f 9368 1702 1706
f 9371 1698 1701
f 1699 9379 9370
f 1557 1560 1561
f 1127 1117 1128
f 400 289 346
f 1706 1707 1708
f 1707 1599 1600
f 1709 1708 1588
f 1714 1711 1713
f 9371 1709 1700
f 1704 1577 1703
f 1716 1713 1715
f 1559 1549 297
f 1722 1720 1719
f 1335 596 1489
f 410 377 378
f 973 1163 972
f 168 399 398
f 1571 1089 1093
f 1572 682 1571
f 749 647 754
f 1730 1723 1729
f 1594 1729 1592
f 1729 1591 1592
f 1731 1730 1583
f 1384 1377 1379
f 1732 1712 1714
f 1724 1731 1732
f 1712 1731 1580
f 1722 1732 1733
f 1721 1733 1734
f 1734 1716 1717
f 1735 1736 1697
f 1733 1714 1716
f 1663 1741 1668
f 1742 1740 1743
f 1738 1737 1735
f 1665 1666 1740
f 1665 1744 1664
f 1725 1746 1745
f 1591 1745 1590
f 1590 1747 1596
f 1745 1748 1747
f 1659 8982 8986
f 5650 8989 5617
f 1185 1182 1190
f 1664 1749 1741
f 1741 1739 1738
f 1746 1743 1748
f 1726 1742 1746
f 1153 924 925
f 1115 1153 1154
f 1654 9019 1655
f 1896 8993 1686
f 1720 1744 1726
f 1721 1749 1720
f 1750 1701 1698
f 1697 1750 1696
f 1151 1063 1062
f 1751 1670 1671
f 1695 1752 1751
f 961 986 981
f 1770 1768 1767
f 1766 1593 1765
f 1731 1579 1580
f 1579 1774 1578
f 9380 1771 9381
f 1764 9380 9369
f 1777 1775 1774
f 9214 1699 1700
f 1004 1128 1003
f 1774 1771 1772
f 987 1399 980
f 1578 1772 1764
f 1783 1781 1778
f 1597 1770 1767
f 639 9347 9336
f 9380 1769 1770
f 1793 1789 1788
f 9381 1798 1769
f 8952 9225 1806
f 1802 9376 9374
f 1788 1794 1793
f 1793 1795 1776
f 9225 1675 1806
f 1584 1783 1789
f 1771 9372 9381
f 1801 1798 1800
f 1768 1798 1799
f 1775 1797 1771
f 508 515 1520
f 1796 1802 1797
f 1800 9372 9374
f 1794 1804 1795
f 8976 1752 8991
f 485 1807 775
f 9261 1640 768
f 9289 1810 1653
f 485 1640 1808
f 1690 9222 9224
f 487 1648 1811
f 9291 1816 9274
f 9290 1648 9282
f 9291 1811 9290
f 1812 487 1811
f 1641 767 768
f 465 755 776
f 767 9275 9260
f 9274 9278 9299
f 1809 1815 767
f 9289 1651 9292
f 675 8985 8940
f 1814 1822 1821
f 1821 9273 9272
f 1824 1649 1825
f 1827 1850 1805
f 1668 1662 1663
f 1779 1848 1828
f 1790 1805 1794
f 1833 1853 1852
f 8965 693 575
f 1614 1616 1617
f 1852 8942 8945
f 1620 1622 1623
f 1855 1574 1861
f 1847 8945 8957
f 1766 1855 1782
f 1629 1631 1628
f 1633 1634 1632
f 1635 1637 1638
f 1848 1852 1847
f 1855 1863 1862
f 1803 1867 1802
f 1862 1831 1832
f 1782 1862 1781
f 9374 1865 1800
f 1873 1870 1869
f 1874 799 804
f 2045 9349 2044
f 1219 1295 1225
f 1615 1396 1395
f 9336 1877 1876
f 645 9238 9003
f 1345 1035 1346
f 634 9336 9332
f 15 1327 14
f 9362 1878 1893
f 1894 605 1893
f 8950 627 693
f 9004 645 9003
f 340 454 1558
f 1897 195 1898
f 1889 1877 1890
f 1901 129 1900
f 196 754 232
f 1705 9373 9368
f 340 166 343
f 1570 563 561
f 1904 194 1897
f 1781 1832 1780
f 1905 55 1906
f 1000 995 996
f 986 920 987
f 1191 1190 1194
f 2094 2075 2093
f 1920 1919 1915
f 453 1912 1911
f 1915 1918 1916
f 9334 2106 9353
f 1655 8975 1868
f 1916 1926 1925
f 704 9005 703
f 278 1925 1900
f 9009 1818 1820
f 1097 1115 1114
f 1927 727 1923
f 9030 9106 9210
f 1920 307 1929
f 1929 48 728
f 503 1497 1509
f 1902 787 796
f 1816 9272 9278
f 1925 1923 1924
f 1535 1568 1534
f 254 258 255
f 1509 366 367
f 119 35 36
f 219 293 294
f 141 47 431
f 542 244 245
f 1940 430 431
f 1779 1827 1790
f 1701 9367 9371
f 1661 8959 1667
f 270 754 647
f 197 749 196
f 1727 1212 1211
f 53 232 754
f 1465 1479 1478
f 1284 9306 1293
f 1951 412 413
f 168 1554 1553
f 1486 206 207
f 506 78 361
f 994 1007 993
f 951 963 964
f 1013 9313 1351
f 9278 1820 1818
f 1498 1954 1482
f 299 543 132
f 1754 1756 1753
f 1681 1683 1682
f 1696 1695 1697
f 13 738 737
f 473 475 474
f 482 768 1640
f 204 30 205
f 1761 820 819
f 611 1125 612
f 1501 1908 1909
f 1074 711 699
f 1960 82 83
f 120 1960 123
f 35 87 34
f 1773 1025 1031
f 1965 1569 1535
f 494 471 479
f 1966 1969 1968
f 446 1971 1967
f 174 125 126
f 1580 1578 1577
f 1785 1787 1784
f 1972 304 305
f 1254 875 999
f 1973 342 514
f 321 1973 509
f 1910 275 1907
f 509 514 508
f 1486 1527 1485
f 1974 804 1975
f 1977 1974 1978
f 1980 1966 1981
f 379 2 295
f 1718 1710 1701
f 884 992 883
f 1680 1678 1679
f 902 525 524
f 344 256 299
f 135 137 136
f 236 228 333
f 448 1967 1966
f 589 604 584
f 910 908 907
f 1981 1968 1987
f 1982 1987 1979
f 1988 1987 1989
f 1990 1989 1991
f 1991 1993 1992
f 322 320 319
f 992 830 883
f 1144 1086 1143
f 1995 1978 1994
f 1133 1118 1126
f 1997 1994 1996
f 870 1335 1489
f 805 1982 1998
f 727 2000 1999
f 1996 1988 1990
f 1994 1979 1988
f 1829 792 1273
f 1830 941 983
f 798 800 799
f 729 731 730
f 2011 2023 2022
f 1834 846 1159
f 402 284 347
f 2022 2024 2025
f 1838 989 988
f 810 952 809
f 1823 1840 644
f 1430 1432 1431
f 1215 1841 1079
f 149 176 177
f 1316 873 872
f 2112 1384 2106
f 1842 1844 1845
f 1159 845 1160
f 837 1846 1120
f 1971 2030 2027
f 517 370 189
f 858 833 812
f 1471 2027 1888
f 8995 626 627
f 2174 770 490
f 935 1854 1010
f 1613 1611 1618
f 1231 1225 1295
f 1856 891 892
f 1300 748 741
f 1150 1858 1859
f 1643 696 1642
f 1215 1264 1216
f 1320 902 901
f 1956 1944 1960
f 2031 669 1474
f 2034 1310 1299
f 1879 1656 1657
f 40 242 39
f 1992 2039 1456
f 888 957 889
f 1882 1996 1990
f 1078 1255 1077
f 1871 1192 1090
f 294 218 219
f 1323 2026 1471
f 123 83 1484
f 1324 2041 1323
f 384 359 352
f 1324 2038 2036
f 1883 1885 1829
f 287 114 107
f 1096 1134 661
f 915 931 916
f 806 1981 1982
f 8977 584 604
f 1425 2042 1018
f 1018 1948 1017
f 9006 740 8963
f 1948 649 646
f 1881 1990 1991
f 1900 130 278
f 992 994 993
f 923 925 924
f 9330 2047 9328
f 1643 625 606
f 2050 2051 2049
f 2045 1404 2047
f 9328 945 9337
f 1139 1079 1841
f 1037 892 982
f 2055 2057 2056
f 1198 718 717
f 1619 1612 1611
f 2058 1606 2059
f 2059 1607 2058
f 2058 1624 1605
f 71 179 37
f 405 1557 382
f 976 1006 977
f 322 1972 1911
f 2061 2063 2062
f 2066 2067 1825
f 2052 2064 2051
f 1609 2066 1647
f 1515 152 1516
f 1009 993 1007
f 1644 9267 2118
f 279 1916 278
f 1285 9314 1284
f 1647 1825 1649
f 2056 2067 2065
f 319 1953 1952
f 667 1913 1914
f 2070 625 2048
f 2052 2055 2063
f 2038 1655 1458
f 1606 2073 2072
f 1235 1270 1236
f 2072 2075 2074
f 2059 2072 2062
f 2074 2077 2076
f 1601 2078 2073
f 2049 1643 1645
f 1000 1001 994
f 1089 684 689
f 1931 1306 1930
f 1462 1021 1022
f 1932 1934 1935
f 875 1846 998
f 1936 1937 1938
f 44 46 92
f 1534 1956 120
f 1541 317 391
f 2081 2084 2083
f 146 1959 300
f 1360 1942 1361
f 985 1032 1033
f 1995 1892 2043
f 2079 2082 2081
f 2095 2076 2077
f 2081 2078 2079
f 2055 2054 2053
f 501 2095 500
f 2097 2099 2098
f 2098 2094 2083
f 2140 9345 9318
f 2141 9346 9345
f 2051 2048 2049
f 592 2101 1576
f 2071 2076 2096
f 2102 2098 2101
f 593 2102 592
f 1019 746 747
f 1950 12 1327
f 725 2096 501
f 1385 2104 1379
f 1379 2106 1384
f 2107 2100 2097
f 9360 502 9348
f 9348 499 9353
f 940 2109 944
f 928 1170 973
f 9320 684 9351
f 1962 1964 1961
f 9330 573 9349
f 2039 1968 1969
f 1389 2110 2109
f 1398 2113 1397
f 9209 9205 9195
f 9363 2107 2103
f 949 924 1115
f 260 324 326
f 1390 2113 2110
f 2070 2064 2071
f 9319 2103 593
f 2105 1421 2114
f 2114 1423 2115
f 9344 2115 9355
f 9360 2114 9344
f 554 1902 553
f 972 967 966
f 1765 1573 1574
f 1984 1986 1983
f 2053 2069 2057
f 9017 724 714
f 1625 1674 1673
f 9333 2119 2122
f 9355 2123 9356
f 56 1906 55
f 626 9331 629
f 2001 2003 2004
f 9364 2127 9359
f 2006 2008 2009
f 2127 1412 2128
f 2014 2016 2017
f 2018 2020 2021
f 1495 1947 197
f 1379 1386 1385
f 9266 1680 1618
f 2029 1884 2028
f 9354 2120 9339
f 629 9366 9324
f 682 943 1089
f 724 2121 716
f 1757 9273 9297
f 765 9296 9261
f 9303 715 9304
f 706 9322 9324
f 981 987 980
f 1457 1656 1880
f 2017 2032 2033
f 1458 1868 1457
f 1776 1792 1793
f 1959 1946 1958
f 9115 9177 9113
f 9365 2122 9302
f 1093 689 1088
f 966 968 972
f 9304 9333 9365
f 2172 2170 2171
f 670 2137 669
f 9213 1903 233
f 1429 28 1449
f 964 978 971
f 9293 1413 2127
f 1473 669 2137
f 9286 1359 1358
f 2138 1870 2137
f 1872 2137 1870
f 715 9340 9333
f 1881 1992 1880
f 9295 739 740
f 1837 8957 8958
f 253 59 85
f 1808 9292 1807
f 1647 9270 1609
f 9317 671 668
f 2112 9335 2111
f 1405 2044 1438
f 9281 1364 1366
f 273 391 249
f 576 8964 8999
f 9327 668 2031
f 1430 2140 2139
f 2136 9312 28
f 1430 18 19
f 9345 570 695
f 1442 2046 2141
f 1431 2141 2140
f 9321 9302 2136
f 9260 1817 766
f 9318 695 671
f 2142 798 2138
f 571 2142 694
f 9271 1618 1611
f 2143 2025 2142
f 694 2138 670
f 681 2144 572
f 2144 2022 2143
f 328 457 290
f 1572 2011 2144
f 630 9355 624
f 2085 2087 2088
f 2090 2092 2089
f 572 2143 571
f 1875 2153 2149
f 1873 2149 2154
f 2103 2097 2102
f 2157 2155 2156
f 2128 1414 2120
f 9326 589 582
f 9324 628 629
f 2149 2158 2159
f 2159 9357 9342
f 698 9354 705
f 9275 9279 1817
f 2158 9326 9357
f 1438 2046 1439
f 2035 2160 2161
f 2161 9341 9338
f 9323 605 589
f 9325 18 9327
f 370 61 451
f 649 413 648
f 2153 2156 2158
f 1428 1449 1450
f 1490 73 1488
f 9342 710 633
f 2155 9343 9323
f 1456 1880 1992
f 2125 2087 2124
f 2160 9342 9341
f 300 505 323
f 1064 1046 1065
f 2043 1891 2155
f 2129 2004 2003
f 2131 2133 2134
f 9300 1450 1449
f 1998 804 805
f 9331 9316 9366
f 474 490 770
f 1164 1182 1177
f 707 9361 9322
f 708 2162 707
f 2162 9338 9361
f 548 1905 458
f 1145 1114 1171
f 705 1650 704
f 2043 1977 1995
f 737 554 559
f 1034 1191 1023
f 458 1907 275
f 195 232 233
f 2040 1969 1970
f 2145 2147 2148
f 2054 2049 1645
f 9284 1639 9270
f 9 11 10
f 252 506 258
f 472 479 471
f 1865 9243 8947
f 900 910 907
f 1941 2151 1942
f 1921 1927 1919
f 2163 1898 2116
f 271 153 178
f 1904 12 9
f 282 264 460
f 1872 2154 2035
f 1326 1897 2163
f 628 693 627
f 1724 1719 1723
f 1549 436 172
f 1582 1730 1729
f 1921 1929 1928
f 9007 10 11
f 2152 1950 1949
f 475 774 771
f 769 2171 473
f 2171 476 473
f 476 772 475
f 1791 464 1760
f 2166 2168 2169
f 595 372 98
f 483 1641 482
f 762 2173 470
f 771 484 492
f 486 1809 483
f 297 1517 296
f 763 2174 762
f 776 759 489
f 184 2176 2000
f 412 303 414
f 2005 185 224
f 9263 1682 9298
f 2164 756 764
f 1472 2161 2162
f 950 964 965
f 2177 2179 2180
f 227 1510 333
f 764 467 2164
f 2182 2184 2181
f 2186 2018 2185
f 1985 2181 1986
f 214 729 1531
f 1545 1546 1569
f 865 842 866
f 849 1357 1362
f 452 1558 454
f 559 3188 737
f 16 737 3188
f 560 498 374
f 3193 3195 3194
f 3200 3198 3199
f 3211 3213 3212
f 3215 3217 3216
f 2187 2002 2001
f 3233 3235 3234
f 3223 3222 3224
f 3229 3231 3230
f 3245 3247 3246
f 2169 2189 2190
f 2192 2085 2191
f 2193 2195 2196
f 2198 2200 2197
f 1998 1979 1975
f 9116 9120 9123
f 3253 3255 3254
f 2116 1903 1902
f 1859 2009 1150
f 9356 2126 9358
f 1135 1087 1130
f 2201 2015 2014
f 1149 110 1858
f 3261 3263 3262
f 3269 3271 3270
f 3265 3267 3266
f 3229 3284 3283
f 3289 3291 3290
f 3299 3301 3300
f 3307 3264 3308
f 3293 3295 3294
f 3297 3224 3298
f 3319 3291 3320
f 3322 3318 3315
f 3314 3312 3311
f 3285 3287 3286
f 3332 3218 3215
f 3329 3330 3328
f 3324 3227 3298
f 3298 3326 3324
f 2203 2205 2206
f 579 1895 1019
f 1755 2208 1756
f 3337 3339 3338
f 9343 1893 605
f 1211 2150 1727
f 868 2210 2209
f 3347 3349 3348
f 944 930 940
f 2130 2202 2201
f 233 1898 195
f 665 750 666
f 1167 999 618
f 2211 2213 2214
f 2215 2217 2218
f 9319 590 9320
f 2220 220 2219
f 823 948 1094
f 3375 3377 3376
f 3393 3391 3390
f 3353 3357 3356
f 3363 3365 3364
f 3402 3404 3403
f 266 455 265
f 9334 2107 9335
f 2221 8963 8961
f 2223 2225 2226
f 2207 2124 2208
f 3293 3336 3286
f 673 9321 9316
f 817 996 815
f 2227 2146 2145
f 1947 646 749
f 9352 17 9325
f 2229 1638 1381
f 1679 1618 1680
f 1637 2232 2230
f 2233 1617 1616
f 2231 2236 2237
f 3406 3408 3407
f 1381 2238 1382
f 9038 2242 9039
f 3414 3341 3415
f 1630 2233 1631
f 1681 472 469
f 1408 2243 2244
f 3423 3425 3424
f 3433 3263 3307
f 3434 3430 3435
f 3440 3442 3441
f 3444 3446 3445
f 3436 3450 3439
f 3442 3456 3455
f 1637 2238 1638
f 3445 3437 3438
f 3448 3440 3449
f 1409 1634 2245
f 1380 2247 2246
f 1628 2245 1621
f 3463 3465 3464
f 3308 3462 3307
f 2249 1622 1633
f 1632 1408 2244
f 2248 1631 2250
f 3478 3480 3479
f 3509 3511 3510
f 2235 1637 1636
f 3505 3507 3506
f 3457 3199 3198
f 631 2071 725
f 515 52 49
f 782 2251 1251
f 2253 2255 2252
f 397 459 784
f 1456 2040 1455
f 2040 2036 1455
f 3434 3518 3517
f 1401 2111 1398
f 2041 1970 2026
f 3367 3338 3368
f 1535 414 1965
f 1586 2080 2079
f 2256 1132 1886
f 3528 3530 3529
f 3519 3520 3517
f 3537 3506 3538
f 3543 3545 3544
f 1700 9370 9371
f 3486 3550 3549
f 3455 3497 3563
f 3558 3559 3323
f 3456 3500 3497
f 3572 3252 3249
f 3308 3285 3569
f 3316 3574 3573
f 3575 3479 3533
f 3576 3578 3577
f 3580 3582 3581
f 3584 3586 3585
f 3505 3588 3503
f 3589 3591 3590
f 3600 3602 3601
f 3542 3595 3594
f 3604 3592 3589
f 3611 3613 3612
f 3622 3624 3623
f 3618 3620 3619
f 3626 3628 3627
f 3644 3646 3645
f 3634 3636 3635
f 3638 3641 3640
f 9267 1686 9269
f 1263 1886 1096
f 3613 3654 3614
f 598 844 599
f 2257 2259 2260
f 2258 2262 2259
f 2259 2263 2216
f 2260 2216 2215
f 1967 1970 1969
f 2212 1963 2213
f 922 2218 2217
f 1312 1101 2264
f 1307 1286 789
f 1548 1546 1972
f 2266 2268 2265
f 2265 2270 2269
f 2272 2269 2271
f 2273 2265 2272
f 2275 2277 2274
f 2278 2277 2279
f 2284 9069 9091
f 2287 2286 2281
f 2288 2283 2287
f 2290 9091 9072
f 2291 2293 2294
f 2295 2294 2279
f 2296 2291 2295
f 2297 2292 2291
f 2294 2299 2300
f 2279 2300 2278
f 2298 2302 2292
f 2292 2303 2293
f 2293 2304 2299
f 2304 2306 2299
f 2306 2300 2299
f 2308 2310 2307
f 2302 2310 2303
f 2301 2307 2302
f 2312 2307 2311
f 2313 2315 2316
f 2318 2320 2317
f 9200 2322 2323
f 2324 2273 2326
f 2313 2326 2327
f 2328 2313 2316
f 2329 2324 2328
f 2331 2333 2330
f 2330 2267 2266
f 2325 2266 2273
f 2329 2330 2325
f 2333 2335 2267
f 2336 2333 2332
f 2338 2332 2337
f 2331 2337 2332
f 2329 2339 2331
f 2328 2340 2329
f 2316 2341 2328
f 2342 2315 2343
f 2344 2346 2347
f 2341 2347 2340
f 2342 2344 2341
f 2348 2345 2344
f 2350 2352 2353
f 2339 2353 2337
f 2340 2350 2339
f 2347 2351 2350
f 2337 2354 2338
f 2353 2355 2354
f 2356 2276 2357
f 2356 2358 2359
f 2356 2296 2295
f 2279 2356 2295
f 2360 2270 2268
f 2267 2360 2268
f 2362 2364 2365
f 2362 2361 2358
f 2366 2358 2357
f 2366 2363 2362
f 2357 2368 2366
f 2366 2369 2367
f 2276 2370 2368
f 2368 2282 2369
f 2372 2374 2371
f 2375 2377 2007
f 2378 2380 2381
f 2382 2381 2383
f 2384 2378 2382
f 2385 2379 2378
f 2388 2390 2387
f 2387 2392 2391
f 2393 2387 2391
f 2394 2388 2387
f 2186 2402 2400
f 2403 2327 2326
f 2272 2326 2273
f 2271 2403 2272
f 2405 2404 2403
f 2404 2408 2327
f 2409 2411 2412
f 2409 2271 2269
f 2413 2269 2270
f 2413 2410 2409
f 2417 2416 2418
f 2417 2406 2405
f 2412 2405 2271
f 2411 2417 2412
f 2406 2407 2404
f 9013 632 713
f 2420 2397 2421
f 2420 2423 2422
f 2424 2422 2419
f 2424 2398 2420
f 2425 2392 2426
f 2421 2426 2423
f 2397 2425 2421
f 2396 2391 2425
f 2427 2315 2314
f 2427 2408 2428
f 2430 2428 2429
f 2343 2427 2430
f 2432 2430 2431
f 2431 2429 2433
f 2435 2433 2434
f 2436 2431 2435
f 2428 2407 2437
f 2422 2407 2419
f 2438 2422 2423
f 2429 2437 2438
f 2440 2433 2439
f 2441 2433 2429
f 2442 2439 2441
f 2443 2440 2439
f 2445 2444 2443
f 2447 2443 2442
f 2383 2445 2447
f 2381 2446 2445
f 2448 2423 2426
f 2449 2426 2392
f 2441 2449 2442
f 2441 2438 2448
f 2449 2390 2450
f 2450 2389 2451
f 2447 2451 2383
f 2442 2450 2447
f 2451 2453 2452
f 2452 2455 2454
f 2382 2454 2384
f 2383 2452 2382
f 2456 2373 2372
f 2459 2461 2458
f 2463 2465 2462
f 2462 2285 2284
f 2466 2284 2290
f 2467 2462 2466
f 2461 9155 9153
f 2468 2470 2471
f 2472 2471 2473
f 2474 9153 9140
f 2475 2477 2478
f 2458 2453 2479
f 2479 2389 2388
f 2395 2479 2388
f 2480 2458 2479
f 2481 2483 2478
f 2484 2485 221
f 2471 2464 2463
f 2473 2463 2467
f 2487 2466 2486
f 2486 2290 2488
f 2490 2488 2489
f 2491 2486 2490
f 2492 2467 2487
f 2493 2487 2491
f 2494 2492 2493
f 2495 2473 2492
f 9142 2474 9140
f 9143 2496 9142
f 2498 2493 2499
f 2500 2499 2501
f 9152 2498 2500
f 9139 2494 2498
f 2306 2278 2300
f 2305 2504 2306
f 2504 2507 2506
f 2506 2288 2508
f 2274 2508 2275
f 2278 2506 2274
f 9085 2489 2488
f 9072 2488 2290
f 2507 2289 2288
f 2505 2509 2507
f 2508 2287 2511
f 2511 2281 2280
f 2370 2280 2282
f 2275 2511 2370
f 2512 2489 2513
f 2514 2513 2515
f 2517 2514 2516
f 2517 2490 2512
f 2499 2491 2517
f 2499 2516 2501
f 2510 2519 2518
f 2518 2521 2520
f 9068 2520 9073
f 9084 2518 9068
f 2522 2303 2310
f 2523 2310 2309
f 2305 2522 2524
f 2524 2523 2525
f 2519 2525 2521
f 2505 2524 2519
f 2308 2527 2526
f 2526 2529 2528
f 2531 2528 2530
f 2309 2526 2531
f 1214 2151 1211
f 2419 2418 2424
f 2533 2349 2317
f 2534 2317 2320
f 2535 2533 2534
f 2536 2345 2533
f 2537 2346 2536
f 2538 2536 2535
f 2539 2537 2538
f 2540 2351 2537
f 2312 2541 2527
f 2527 2542 2529
f 2543 2434 2544
f 2545 2544 2546
f 2319 2543 2545
f 2318 2435 2543
f 2514 2548 2547
f 2547 2550 2549
f 2552 2549 2551
f 2552 2514 2547
f 2520 2554 2553
f 2553 2556 2555
f 9042 2555 9045
f 9073 2553 9042
f 2523 2531 2557
f 2557 2530 2558
f 2525 2557 2559
f 2559 2558 2560
f 2554 2560 2556
f 2521 2559 2554
f 2561 2007 2006
f 2376 2225 2377
f 2564 2566 2563
f 2563 338 2567
f 2569 2567 2568
f 2570 2563 2569
f 2572 2574 2571
f 2571 2576 2575
f 2544 2575 2546
f 2544 2572 2571
f 2578 2569 2577
f 2579 2569 2568
f 2574 2579 2576
f 2573 2577 2574
f 2581 2583 2580
f 2584 2583 2585
f 9149 2580 2584
f 9128 2580 9127
f 2582 2552 2583
f 2583 2551 2585
f 2500 2589 2588
f 2590 2589 2591
f 9145 2588 2590
f 9147 2500 2588
f 2501 2591 2589
f 2592 2594 2595
f 2386 2503 2502
f 2596 2386 2374
f 2596 2373 2597
f 2599 2597 2598
f 2599 2379 2596
f 2600 2380 2599
f 2600 2598 2601
f 2603 2601 2602
f 2603 2446 2600
f 2604 2602 2605
f 2440 2605 2434
f 2444 2604 2440
f 2606 2581 2607
f 2606 2590 2591
f 2591 2582 2606
f 9128 2456 9141
f 9141 2372 9145
f 2478 2608 2481
f 2609 2611 2199
f 2564 2613 2612
f 2612 2598 2597
f 2457 2597 2373
f 2565 2612 2457
f 2614 2570 2578
f 2615 2578 2573
f 2602 2614 2615
f 2601 2613 2614
f 2572 2605 2616
f 2616 2602 2615
f 2573 2616 2615
f 1459 1045 1021
f 1265 1079 1082
f 1612 1609 1611
f 2067 2069 2068
f 1135 1136 1148
f 1938 2618 2617
f 95 458 128
f 2058 1608 1612
f 1454 1445 1367
f 655 1048 2619
f 722 2621 723
f 3665 3634 3666
f 1131 1033 1134
f 562 366 1497
f 1723 1725 1591
f 1786 1122 1787
f 267 323 266
f 1325 1654 2038
f 1468 1435 1479
f 658 529 528
f 8 247 7
f 382 1559 3
f 3631 3680 3630
f 788 1307 789
f 940 929 928
f 911 2623 912
f 2621 655 654
f 2624 2625 2626
f 998 27 26
f 635 2626 2625
f 2627 644 1840
f 2628 1840 2629
f 1200 2627 2628
f 1199 641 2627
f 1520 49 477
f 1452 1349 1451
f 2630 1859 1858
f 644 1335 1823
f 3683 3699 3698
f 1197 717 2632
f 2632 719 1166
f 2628 1166 1200
f 2629 2632 2628
f 1762 1050 821
f 1823 873 1839
f 2634 794 652
f 1028 1027 1161
f 1042 2635 1043
f 93 1901 1924
f 2036 1458 1455
f 1527 1525 1526
f 877 1274 1277
f 134 797 1544
f 1328 931 1329
f 607 1091 1161
f 1043 2637 2636
f 2636 2639 2638
f 1275 2638 1276
f 1275 1043 2636
f 1272 2626 2640
f 2640 638 637
f 1110 2640 637
f 536 2640 2641
f 1472 1474 1473
f 2042 1951 649
f 3668 3633 3669
f 1058 1105 1059
f 2642 2643 2644
f 1192 2644 1193
f 912 2642 1192
f 9350 8970 9238
f 1049 2620 2621
f 616 1885 613
f 1331 666 750
f 990 1198 525
f 1911 321 322
f 1298 1205 2645
f 76 1504 75
f 1502 421 422
f 610 658 691
f 1146 659 938
f 2646 914 936
f 1280 1238 1279
f 975 2647 2648
f 2647 975 974
f 1453 1452 1451
f 1514 158 151
f 835 1843 1842
f 1271 1173 1289
f 2649 813 2650
f 1893 1826 1894
f 1050 1937 1051
f 2651 814 813
f 1006 1281 977
f 2653 2654 2655
f 1001 1003 1002
f 585 679 558
f 2624 621 620
f 555 2028 556
f 1207 1197 2629
f 1626 478 472
f 3729 3731 3730
f 3746 3748 3747
f 3770 3750 3753
f 426 419 1567
f 1030 1773 1031
f 9350 634 9332
f 534 138 262
f 1125 1042 1041
f 333 88 227
f 569 561 730
f 3691 3693 3692
f 1489 871 870
f 1857 620 891
f 1673 9222 9215
f 622 864 1308
f 2647 974 2657
f 619 891 620
f 261 545 262
f 393 1556 404
f 2658 2647 2657
f 1075 2657 917
f 1081 2658 1075
f 1080 2659 2658
f 2644 1141 2660
f 2660 1140 1336
f 642 1336 643
f 1193 2660 642
f 679 555 558
f 3762 3764 3763
f 1503 1500 1502
f 1318 1101 1100
f 2661 1139 1142
f 2661 2663 2662
f 2662 2659 2661
f 2662 2622 2664
f 2664 911 2646
f 2648 2646 1146
f 2648 2662 2664
f 3586 3779 3777
f 2083 2093 2081
f 1442 1437 1439
f 3732 3733 3731
f 519 330 51
f 1885 1209 613
f 799 805 804
f 1946 1952 1953
f 1302 1253 1252
f 3741 3757 3756
f 3660 3662 3661
f 566 224 533
f 1389 928 1388
f 683 681 680
f 836 1842 2665
f 2665 1845 1303
f 2666 1303 1302
f 24 2665 2666
f 831 2650 832
f 1845 1304 1303
f 2010 2012 2011
f 1051 2667 2668
f 1522 1511 1523
f 531 441 522
f 782 1251 1250
f 1250 2625 2669
f 2669 1857 1856
f 783 1856 1037
f 782 2669 783
f 720 2671 721
f 1055 1930 1056
f 1333 1251 2251
f 619 1308 1307
f 652 2619 2634
f 521 1539 1540
f 1838 537 2672
f 2672 536 2641
f 1113 2641 1110
f 1113 1838 2672
f 1016 1351 1045
f 9349 570 9346
f 226 104 101
f 9008 9279 1818
f 1036 1884 1883
f 2674 1304 2673
f 2673 1844 2675
f 1334 2675 1039
f 1333 2673 1334
f 2676 1039 2675
f 1843 2675 1844
f 942 2676 1843
f 1074 702 2676
f 811 859 858
f 752 1055 753
f 1200 656 1026
f 1120 874 2677
f 2677 877 1052
f 1241 1052 1005
f 1119 2677 1241
f 1560 151 1515
f 1208 611 523
f 215 736 214
f 1460 1462 1461
f 3717 3719 3718
f 1208 1839 873
f 854 1282 1297
f 3682 3696 3681
f 72 182 179
f 544 1565 512
f 217 456 457
f 3673 3781 3780
f 2047 930 945
f 1204 1937 2633
f 913 686 685
f 3705 3707 3706
f 840 1113 1112
f 1531 730 561
f 2678 1283 801
f 601 1914 602
f 1537 459 460
f 1819 8953 8971
f 991 862 538
f 2679 1073 1830
f 3776 3581 3582
f 2680 983 2256
f 779 2256 1263
f 778 2680 779
f 2678 1830 2680
f 180 245 40
f 1886 1131 1134
f 3766 3767 3749
f 1138 1274 1255
f 3777 3585 3586
f 1841 1140 1139
f 75 314 74
f 193 420 192
f 2681 1099 1098
f 3658 3587 3659
f 170 1565 169
f 349 417 432
f 1121 2684 2683
f 547 409 302
f 123 121 120
f 2643 1142 1141
f 1542 513 1543
f 899 907 919
f 1210 676 867
f 791 982 892
f 24 837 836
f 893 932 931
f 1860 863 862
f 535 862 861
f 3640 3683 3638
f 832 813 812
f 2650 813 832
f 1569 1547 1568
f 181 542 180
f 660 937 688
f 2013 568 2012
f 3781 3644 3782
f 887 2631 2630
f 1524 361 78
f 520 162 1529
f 2653 854 2685
f 1238 2655 2686
f 718 527 530
f 1492 518 1491
f 792 615 793
f 599 1835 596
f 290 456 175
f 312 1552 425
f 1248 1179 1249
f 153 177 178
f 1240 1222 1221
f 1257 1235 1071
f 1291 1083 1222
f 1052 1277 1053
f 743 2618 1204
f 444 430 443
f 23 1172 1187
f 2687 1180 1179
f 102 409 134
f 1283 610 801
f 373 650 651
f 1180 1084 1291
f 855 2655 1237
f 1173 1917 1174
f 2689 853 2688
f 2688 1108 1279
f 2686 1279 1238
f 2687 2688 2686
f 2691 1252 2690
f 2690 850 2689
f 1248 2689 2687
f 1248 2691 2690
f 2692 24 2666
f 2691 2666 1302
f 1247 2692 2691
f 1258 617 2692
f 394 1555 393
f 2693 1259 1223
f 1072 1262 1261
f 1257 1168 1258
f 398 1555 1554
f 871 1314 872
f 1178 1249 1179
f 1224 1173 1172
f 1010 2618 742
f 1175 1292 1269
f 2654 2686 2655
f 2694 1216 1264
f 71 1487 70
f 701 1111 1038
f 1072 2649 2650
f 1085 22 21
f 895 1264 896
f 1601 1605 1604
f 1259 1271 1289
f 21 1220 1083
f 988 538 537
f 3533 3535 3532
f 598 1336 1140
f 820 1762 821
f 1050 818 821
f 1298 1761 2652
f 1168 618 617
f 3629 3670 3628
f 858 1256 833
f 39 516 1536
f 2652 819 814
f 313 315 314
f 2026 1971 2027
f 2656 596 1835
f 814 818 811
f 2696 813 2649
f 1260 2649 1261
f 2693 2696 1260
f 2697 2651 2696
f 381 390 380
f 9270 1611 1609
f 1475 1428 1227
f 1292 1917 1235
f 1551 354 1518
f 1526 1523 1511
f 1593 1595 1573
f 1232 1246 1249
f 2695 1223 22
f 2698 1296 2697
f 2698 2693 2695
f 2685 2695 1085
f 2685 1297 2698
f 562 271 272
f 2652 1296 1298
f 1365 1364 1363
f 1958 1953 1957
f 585 2210 997
f 1561 1515 435
f 975 1146 976
f 347 68 346
f 1038 636 1068
f 2700 780 2699
f 2699 1036 1883
f 2701 1883 1829
f 851 2699 2701
f 2674 2251 2702
f 2702 781 2700
f 1253 2700 851
f 1301 2702 1253
f 1519 388 1550
f 1273 1280 2703
f 2703 1107 852
f 2701 852 851
f 1829 2703 2701
f 91 326 90
f 1784 2656 1785
f 2683 2705 2704
f 604 8943 8977
f 1669 8992 1662
f 2062 2060 2059
f 621 861 622
f 2023 732 2024
f 686 1263 687
f 857 2668 1328
f 883 882 879
f 3648 3650 3649
f 637 1111 1110
f 2668 893 1328
f 3692 3711 3691
f 2667 894 2668
f 1039 1068 1334
f 313 1504 1505
f 1911 305 453
f 1936 1964 2212
f 2707 2401 2183
f 2708 2183 2182
f 738 2116 554
f 3785 3709 3786
f 2349 2432 2436
f 2711 2020 2019
f 2400 2019 2186
f 2714 2716 2713
f 2717 2719 2720
f 2721 2723 2724
f 2726 2728 2725
f 2725 2730 2729
f 2731 2729 2709
f 2732 2725 2731
f 2734 2736 2733
f 2738 2740 2737
f 2737 2741 2742
f 2744 2746 2743
f 2745 2748 2747
f 2749 2747 2751
f 2753 2751 2752
f 2250 2246 2248
f 3417 3419 3418
f 2754 1614 2755
f 9050 2755 9061
f 9060 2747 9061
f 1617 2755 1614
f 2242 1620 2757
f 3429 3431 3430
f 2191 2760 2759
f 2761 2760 2762
f 9100 2761 9101
f 9075 2759 9100
f 3209 3354 3355
f 1395 2236 2235
f 1395 1636 1615
f 3741 3790 3740
f 1616 2229 2233
f 3410 3412 3411
f 1617 2763 2756
f 2756 9080 9060
f 2765 2234 1630
f 2766 9080 9074
f 3202 3458 3459
f 1516 435 1515
f 2768 8996 8997
f 1495 578 1424
f 2135 28 17
f 8970 2773 2774
f 1690 9378 9377
f 2778 2780 2777
f 2777 2781 2782
f 2784 2777 2783
f 8999 575 576
f 1494 9 540
f 8973 2015 9010
f 451 505 450
f 2786 2788 2785
f 2779 2785 2780
f 2789 2741 2740
f 2790 2752 2789
f 2792 2794 2791
f 2793 2796 2794
f 2796 2750 2749
f 2794 2749 2753
f 2798 1396 2754
f 9043 2754 9050
f 2798 2800 1393
f 9043 2799 2798
f 2797 2795 2801
f 2791 2753 2790
f 216 232 54
f 9256 2807 9255
f 9257 2804 9255
f 2769 9001 8996
f 183 184 97
f 2811 2775 2776
f 2804 2776 2805
f 2809 2811 2804
f 2812 2813 2814
f 9257 2816 9247
f 9248 2815 9247
f 9250 2820 2821
f 9245 2819 9250
f 2824 2735 2819
f 2823 2824 2819
f 2825 2826 2724
f 9245 2827 9244
f 9248 2826 9244
f 2713 2829 2828
f 2828 2831 2830
f 2822 2828 2830
f 2821 2713 2828
f 2832 2822 2830
f 2833 2830 2831
f 2834 2832 2833
f 2835 2827 2832
f 2837 2839 2836
f 2836 2841 2840
f 2842 2840 2727
f 2843 2836 2842
f 2840 2845 2844
f 2718 2845 2719
f 2730 2844 2718
f 2727 2844 2728
f 2846 2719 2845
f 2846 2841 2847
f 2829 2847 2831
f 2829 2716 2846
f 2847 2839 2848
f 2848 2838 2849
f 2833 2849 2834
f 2831 2848 2833
f 2850 2851 2852
f 2853 2852 2854
f 2783 2782 2855
f 2785 2853 2856
f 2780 2856 2781
f 2857 2855 2782
f 2859 2782 2781
f 2861 2842 2860
f 2860 2727 2726
f 2862 2726 2732
f 2863 2860 2862
f 2861 2858 2857
f 2843 2857 2859
f 2856 2854 2864
f 2781 2864 2859
f 2837 2859 2864
f 2838 2864 2854
f 2852 2834 2849
f 2854 2849 2838
f 2865 2818 2835
f 2851 2835 2834
f 2813 2815 2865
f 2814 2865 2851
f 2866 2814 2850
f 2788 2850 2853
f 2866 2787 2867
f 2812 2867 2775
f 1892 1890 1891
f 2720 2846 2870
f 298 256 257
f 2872 2713 2820
f 9246 2735 2734
f 2729 2874 2873
f 2846 2715 2870
f 2876 2878 2875
f 2733 2878 2734
f 9258 2879 2880
f 9258 2872 9246
f 2882 2884 2881
f 2881 2715 2714
f 2880 2714 2872
f 2879 2881 2880
f 2885 2887 2888
f 2888 2890 2885
f 2885 2892 2891
f 2893 2885 2891
f 1942 2532 2894
f 2895 2720 2870
f 2884 2870 2715
f 2883 2895 2884
f 2896 2892 2895
f 2889 2717 2890
f 2890 2720 2892
f 2897 2891 2896
f 2898 2896 2883
f 2899 2883 2882
f 2900 2882 2879
f 9249 2879 9259
f 2876 2901 2877
f 2901 2904 2903
f 1785 1835 1834
f 2905 2899 2900
f 2907 2897 2898
f 9249 2903 9251
f 632 577 633
f 8976 2867 2787
f 434 550 350
f 2768 9092 9095
f 2910 1623 2249
f 2241 2758 2242
f 9092 2913 9104
f 1623 2757 1620
f 9039 2757 9104
f 2229 1380 2250
f 2765 1629 2914
f 2915 1629 2912
f 9094 2914 2915
f 9093 2765 2914
f 2919 9094 9065
f 2918 2912 2241
f 9066 2241 9038
f 9070 9065 9122
f 8985 2180 8940
f 8965 2188 8950
f 3694 3627 3693
f 9157 714 9303
f 2925 2917 2924
f 2924 2916 2919
f 9062 2919 9070
f 9063 2924 9062
f 2926 2766 2925
f 9110 2925 9063
f 1715 1705 1710
f 785 498 796
f 1387 565 1791
f 374 1899 560
f 9017 2206 9000
f 2929 2886 2893
f 2932 2934 2931
f 1905 1908 1907
f 2930 2936 2937
f 2938 2930 2929
f 1493 517 518
f 1603 1586 1602
f 2939 2929 2908
f 2940 2908 2907
f 9117 1600 9113
f 2886 2937 2887
f 2906 2898 2899
f 2908 2893 2897
f 2942 2933 2941
f 2941 2937 2936
f 8945 2936 8957
f 8942 2941 8945
f 2943 2710 2873
f 2943 2874 2889
f 2945 2889 2888
f 2946 2943 2945
f 2932 2888 2887
f 2931 2945 2932
f 727 1929 728
f 2903 2947 2948
f 545 42 262
f 1480 533 251
f 2907 2949 2940
f 2906 2950 2949
f 1558 215 202
f 9251 2948 9253
f 2054 1644 2118
f 9157 2203 9017
f 1828 1849 1827
f 2953 2955 2952
f 2952 2957 2956
f 2956 2258 2952
f 2953 2258 2257
f 2454 2474 2496
f 9199 2959 9218
f 9199 2131 9189
f 2961 2963 2958
f 2958 2964 2959
f 222 2485 2965
f 2477 2966 2608
f 2631 2006 1859
f 2384 2496 2497
f 2967 2959 2964
f 2968 2970 2969
f 9211 2971 9236
f 9236 2960 9218
f 2972 2033 2032
f 2007 2973 2008
f 9004 2134 2133
f 1836 1832 1831
f 8950 2090 8995
f 955 959 956
f 672 674 673
f 633 713 632
f 2024 733 803
f 2025 803 798
f 425 1550 388
f 2975 888 887
f 1319 1157 2694
f 1212 2977 1213
f 889 2228 2227
f 1978 1975 1979
f 1138 1329 915
f 751 2979 2978
f 1619 1625 1624
f 2252 1728 1727
f 1157 845 1216
f 2706 1938 2617
f 2980 2254 2981
f 2982 887 2630
f 802 711 2679
f 678 2029 2028
f 527 690 528
f 1839 2629 1840
f 2983 602 1914
f 2983 1913 1331
f 2985 1331 1054
f 2986 2983 2985
f 2987 2635 2634
f 2985 2639 2986
f 2990 1318 2989
f 2991 2993 2994
f 2995 2994 2996
f 1106 2991 2995
f 1058 2992 2991
f 1415 1365 1367
f 1317 2217 2997
f 1932 2255 2980
f 926 2999 664
f 3001 2992 3000
f 3000 1057 2978
f 2999 2978 2979
f 2998 3000 2999
f 3002 2209 3003
f 3002 2996 2994
f 2993 3002 2994
f 3001 2998 3002
f 1103 2995 3004
f 3004 2996 3003
f 2209 3004 3003
f 588 3004 2210
f 295 433 381
f 2638 2988 3005
f 3005 1056 1930
f 1305 1930 1306
f 1276 3005 1305
f 1987 1993 1989
f 2633 1761 2645
f 1423 1417 1419
f 9005 739 703
f 2671 2704 2705
f 1473 2035 1472
f 922 2694 895
f 1401 1378 1384
f 556 1884 1037
f 842 9277 9288
f 1854 2617 1010
f 933 1081 1075
f 1440 1436 1437
f 529 719 530
f 1031 1027 1028
f 777 912 1871
f 2645 1204 2633
f 441 1538 1537
f 3771 3773 3772
f 790 587 586
f 2065 1610 1607
f 1860 990 902
f 60 87 59
f 1424 1948 1947
f 332 1507 331
f 261 138 135
f 187 449 507
f 1719 1726 1725
f 1931 1059 3006
f 3006 1105 1104
f 1287 1104 587
f 1286 3006 1287
f 3007 3009 3010
f 3009 653 795
f 618 26 25
f 2029 1210 1209
f 957 600 2228
f 1049 2228 600
f 2631 3011 2561
f 890 2227 3011
f 3011 2145 3012
f 2561 3012 2375
f 1026 609 608
f 2706 1961 1964
f 3013 2485 3014
f 2148 1267 3015
f 3015 1266 1311
f 2997 1101 1317
f 642 1773 1193
f 186 461 511
f 1041 1320 901
f 1121 3017 1122
f 2984 2987 3018
f 3018 2634 2619
f 1048 3018 2619
f 603 2984 3018
f 2679 801 802
f 2062 2074 2061
f 2061 2076 2064
f 414 1545 1965
f 3016 2683 3019
f 3019 2704 2670
f 3020 2670 720
f 3007 3019 3020
f 1871 1091 777
f 3021 1122 3017
f 3022 3017 3010
f 1314 3022 1315
f 1784 3021 1314
f 1316 1763 611
f 3023 3010 3009
f 3023 795 1092
f 1763 1092 1125
f 1315 3023 1763
f 3016 3010 3017
f 752 2978 1057
f 2986 2637 2987
f 3024 653 3008
f 3020 3008 3007
f 720 3024 3020
f 723 654 3024
f 2681 1268 3025
f 2671 1268 721
f 2705 3025 2671
f 1313 3027 1311
f 3026 3029 3027
f 3027 3030 3031
f 1311 3031 3015
f 2012 731 2023
f 917 974 977
f 3742 3744 3743
f 743 856 744
f 1888 2030 1425
f 2682 2684 3032
f 3032 1124 2989
f 1100 2989 1318
f 1099 3032 1100
f 1123 2989 1124
f 3033 1159 1158
f 2990 1158 1319
f 1123 3033 2990
f 1786 1834 3033
f 1054 2988 2985
f 2979 664 2999
f 2623 2663 2643
f 1095 688 687
f 3034 2261 2956
f 3036 2956 2957
f 3037 3034 3036
f 3038 3035 3034
f 3040 3026 1313
f 2263 3041 3040
f 3042 3043 3041
f 3041 3028 3026
f 3044 3043 3039
f 3046 3045 3044
f 3047 3049 3045
f 3043 3049 3028
f 3038 3051 3050
f 3050 3053 3052
f 3052 3044 3050
f 3039 3050 3044
f 3054 3039 3042
f 3042 2262 3054
f 2261 3054 2262
f 2216 2997 2217
f 2212 2667 1936
f 3056 2209 3055
f 934 1961 1854
f 2013 9209 567
f 3058 3060 3061
f 3059 3063 3060
f 3060 2213 1963
f 3061 1963 1962
f 3063 2214 2213
f 3062 3064 3063
f 3065 2260 3064
f 3064 2215 2214
f 3066 3031 3030
f 2608 3067 3066
f 2966 3068 3067
f 3031 3068 3015
f 2455 2461 2474
f 2476 2226 2477
f 8995 2089 8969
f 8970 9221 9238
f 433 355 381
f 2115 1419 2123
f 8953 2922 8971
f 9221 2131 2134
f 3069 2167 2166
f 2971 2928 2960
f 2961 2773 2962
f 3070 2478 2483
f 2610 3071 2954
f 2502 2374 2386
f 3072 2595 3073
f 2964 3052 2967
f 3048 3074 3049
f 2593 3075 3074
f 3075 3029 3074
f 3074 3028 3049
f 3072 3075 2592
f 3076 2482 2481
f 2481 3066 3076
f 3076 3030 3075
f 2967 3053 2970
f 2482 3073 2483
f 479 493 494
f 706 9325 709
f 9005 2221 8961
f 2013 9206 9207
f 8977 2016 8973
f 9006 2222 2974
f 1171 1155 1176
f 3782 3689 3783
f 2586 2565 2587
f 2982 113 2484
f 2562 3077 3068
f 2376 3012 3077
f 3012 2148 3077
f 3077 3015 3068
f 2963 3046 2964
f 3051 2970 3053
f 1683 491 775
f 9302 1447 9312
f 1986 9186 9220
f 3079 2546 2575
f 3081 2575 2576
f 1983 9220 9217
f 3082 2319 2545
f 3080 2545 2546
f 9186 3082 3080
f 9184 2323 3082
f 1309 1888 748
f 3073 2772 2771
f 2760 3084 2762
f 2760 2088 3083
f 3085 3086 3087
f 3089 3090 3088
f 3089 3084 3085
f 3092 3090 3091
f 3093 2744 2743
f 2751 2748 3093
f 3093 2752 2751
f 2742 3093 3094
f 3094 2743 3095
f 3096 3098 3087
f 3099 3087 3086
f 3097 3095 3098
f 3100 2746 3101
f 3101 3102 3100
f 2764 2927 3101
f 2745 3101 2746
f 3102 3091 3100
f 3100 3095 2743
f 2869 9044 9086
f 3102 3104 3092
f 9110 2869 9086
f 2927 3103 3102
f 3098 3091 3090
f 3087 3090 3085
f 2088 3105 3083
f 3083 3086 3084
f 2483 2771 3070
f 2401 2185 2321
f 3099 3105 3106
f 2125 3106 3105
f 3108 2742 3107
f 3107 3094 3097
f 3110 3107 3109
f 3109 3097 3096
f 3111 3096 3099
f 3112 3109 3111
f 3113 2737 3108
f 3115 2722 3114
f 3117 3114 3116
f 3119 3116 3118
f 3118 3120 3121
f 3116 3113 3120
f 3122 3111 3123
f 3122 1755 1754
f 3124 3126 3127
f 3125 3121 3126
f 3128 3118 3125
f 3129 3125 3124
f 2020 3128 3129
f 9305 1346 1352
f 1065 1047 1066
f 1814 9282 1649
f 2021 3129 3130
f 3111 3106 3123
f 3123 2207 1755
f 2377 2224 2973
f 3014 113 112
f 1756 9234 9219
f 3131 2530 2528
f 3133 2528 2529
f 1753 9219 9227
f 3134 3127 3135
f 2327 2314 2313
f 2436 2317 2349
f 2018 9163 9164
f 2534 3137 2535
f 2320 3136 2534
f 2185 9164 9223
f 3138 2542 2539
f 3134 9196 9197
f 9237 3134 9197
f 3140 2539 2538
f 2535 3140 2538
f 9163 3130 9237
f 2558 3132 3141
f 9234 3141 3132
f 2560 3141 3142
f 9212 3142 3141
f 958 2976 2981
f 1933 2980 3143
f 3714 3729 3713
f 2399 2418 2416
f 2348 2343 2432
f 2322 2319 2323
f 2718 2874 2730
f 2709 2873 2710
f 2894 1361 1942
f 3788 3720 3717
f 346 176 347
f 1876 1882 1881
f 2802 9059 9044
f 3104 3088 3092
f 2974 9101 9055
f 3089 2761 2762
f 3088 3145 3089
f 2803 9055 9059
f 9322 692 628
f 2123 1418 2126
f 1365 1368 1367
f 3346 3344 3343
f 1581 1782 1783
f 9013 2129 8964
f 8999 2002 8965
f 3146 2551 3147
f 9203 3147 9202
f 9194 3146 9203
f 3149 2585 3146
f 3196 3197 3195
f 9056 2191 9075
f 3142 2556 2560
f 9229 3150 3142
f 9098 2550 9045
f 3150 2555 2556
f 9230 3151 3150
f 9240 3152 9098
f 3153 2551 2549
f 3152 2549 2550
f 9233 3153 3152
f 9228 3147 3153
f 3148 2206 2205
f 2183 2321 2184
f 2132 2928 2133
f 3299 3321 3319
f 9136 2204 2203
f 9171 2197 9173
f 2594 2773 2951
f 2595 2951 2772
f 1870 799 1869
f 3257 3259 3258
f 9165 2178 9158
f 9158 9188 9242
f 336 9226 9174
f 339 3154 336
f 9241 3149 9194
f 9135 2584 3149
f 2963 3048 3047
f 9174 337 336
f 339 2566 2586
f 3156 2168 2167
f 2610 2167 2611
f 2954 3156 2610
f 3157 2953 2257
f 9159 2169 9161
f 2567 3159 2568
f 337 2567 338
f 9182 2166 9159
f 9216 1983 9217
f 2579 3081 2576
f 2568 3160 2579
f 9161 2190 9216
f 3065 3162 3161
f 3161 1984 2189
f 3157 2189 2168
f 2257 3161 3157
f 734 1922 806
f 3059 2708 3163
f 3163 2182 1985
f 3162 1985 1984
f 3062 3163 3162
f 3203 3205 3204
f 3806 3808 3807
f 2122 1448 1447
f 9269 1685 9264
f 139 444 69
f 1570 566 533
f 2957 3165 3036
f 2955 3164 2957
f 1912 341 1973
f 3130 3124 3134
f 1548 319 1547
f 1949 1327 1887
f 2969 3078 3167
f 3167 3169 3168
f 9176 2017 9172
f 9172 2033 9211
f 3168 3165 3170
f 3170 3164 3171
f 9231 3171 9208
f 9176 3170 9231
f 3171 3166 3172
f 3172 3071 3173
f 9204 3173 9201
f 9208 3172 9204
f 3169 3036 3165
f 2593 2962 2594
f 3173 2609 3174
f 3174 2199 2198
f 9235 2198 9171
f 9201 3174 9235
f 2190 1984 1983
f 2196 2767 3148
f 3326 3328 3327
f 2119 1414 1448
f 1464 1466 1465
f 2199 3069 2200
f 2457 2587 2565
f 2226 2562 2966
f 481 1627 1639
f 333 235 236
f 3078 3037 3169
f 3040 2997 2263
f 3351 3262 3263
f 2219 1933 2220
f 2385 2497 2503
f 221 3175 2484
f 2220 3143 3175
f 3175 2976 2975
f 2484 2975 2982
f 2954 3166 2955
f 2630 110 2982
f 1547 1952 1955
f 2091 2188 2187
f 9185 2178 2177
f 1918 1927 1926
f 9007 111 8955
f 3398 3400 3399
f 955 960 954
f 2037 112 9007
f 3143 2981 2976
f 2218 2214 2215
f 672 9239 8985
f 2152 3014 2037
f 1147 1143 1145
f 2248 1409 2245
f 1615 1635 1616
f 1410 2246 2247
f 3486 3487 3310
f 3468 3502 3501
f 3451 3452 3450
f 3177 1383 1382
f 2238 3176 1382
f 3176 2230 3178
f 1410 3179 1407
f 3179 2243 1407
f 1633 2800 2249
f 3816 3817 3814
f 1621 2758 2912
f 3642 3662 3675
f 3422 3260 3257
f 1622 2245 1634
f 2236 3181 3182
f 3793 3795 3794
f 3493 3495 3494
f 2237 3182 3183
f 3513 3515 3514
f 2250 2233 2229
f 3654 3667 3802
f 2912 1628 1621
f 3819 3821 3820
f 3432 3823 3431
f 135 1564 1563
f 1567 512 1565
f 1085 2653 2685
f 3184 868 3056
f 869 3057 934
f 3389 3387 3386
f 1266 1098 1312
f 1267 722 721
f 937 2646 936
f 2146 722 2147
f 2211 921 2667
f 1957 507 449
f 1313 2264 3040
f 1496 1493 1492
f 2681 2705 2682
f 2887 2933 2932
f 1687 1659 1694
f 145 1498 81
f 1317 1319 2694
f 3831 3830 3834
f 37 418 71
f 1935 3185 2977
f 104 301 103
f 2101 2083 2084
f 543 360 207
f 1934 3186 3185
f 234 212 237
f 9297 1822 1824
f 3825 3827 3826
f 1976 1874 1974
f 223 2219 220
f 9107 9057 9064
f 468 773 2165
f 3673 3659 3672
f 1935 1728 1932
f 3490 3840 3549
f 3362 3848 3847
f 3862 3864 3863
f 3465 3484 3868
f 3893 3525 3874
f 3352 3430 3431
f 3869 3871 3870
f 3529 3567 3564
f 3420 3922 3921
f 3304 3236 3303
f 3929 3931 3930
f 3324 3327 3561
f 3219 3939 3331
f 3220 3937 3219
f 3450 3376 3439
f 3942 3833 3941
f 3215 3454 3945
f 3946 3215 3945
f 3422 3948 3421
f 3950 3198 3196
f 3205 3957 3920
f 3261 3961 3288
f 3852 3964 3963
f 3214 3946 3958
f 3965 3214 3192
f 3797 3799 3798
f 3988 3990 3989
f 3777 3806 3822
f 3855 3447 3444
f 3737 3800 3736
f 3949 3952 3948
f 3651 3783 4000
f 4001 3787 3812
f 4019 4021 4020
f 4027 4029 4028
f 3258 4030 4027
f 4033 4035 4034
f 3424 4047 4046
f 3242 4058 4057
f 3970 3547 3971
f 3829 4057 3825
f 3333 3947 4060
f 4063 4065 4064
f 4073 4075 4074
f 3568 3443 3448
f 3981 3335 4050
f 3540 3862 3539
f 4078 4031 4032
f 3565 4088 3993
f 3442 4089 4082
f 4092 4094 4093
f 4093 4097 4096
f 3619 3623 3624
f 3660 3821 3807
f 3809 3649 3808
f 3610 3655 3613
f 3656 3623 3657
f 3621 3804 3620
f 3503 3481 3504
f 3436 3438 3437
f 3356 3427 3353
f 3628 3669 3633
f 3734 4002 3733
f 3276 3370 3369
f 3763 4107 3762
f 4006 3754 3755
f 3747 3752 3746
f 3863 4110 3992
f 3994 4003 3501
f 3653 3664 3652
f 3296 4115 3295
f 4117 4119 4118
f 3249 3251 3250
f 4127 4129 4128
f 3478 3903 3867
f 3410 3921 3922
f 3977 4038 3976
f 3216 3453 3454
f 3967 3548 3966
f 4140 4032 4039
f 3509 4149 3916
f 4151 3659 3587
f 4153 3656 3671
f 4153 3646 3672
f 4156 3645 4155
f 4139 4078 4140
f 3743 4163 4162
f 3861 3987 4166
f 3468 4067 3467
f 3306 3980 3835
f 4172 4010 4024
f 4169 3836 3835
f 4187 4189 4188
f 4213 4215 4214
f 4220 4222 4221
f 4225 4211 4204
f 4230 4232 4231
f 4240 4242 4241
f 3606 3608 3607
f 4250 4252 4251
f 4258 4260 4259
f 4077 4079 4078
f 4276 4278 4277
f 4308 4263 4309
f 4017 3872 3869
f 3196 3951 3950
f 4316 4270 4271
f 3870 4307 3869
f 4324 4326 4325
f 4333 4247 4244
f 4338 4340 4339
f 4348 4350 4349
f 4283 4289 4286
f 4356 4358 4357
f 4359 4020 4358
f 4362 4196 4197
f 4320 4279 4276
f 4370 4296 4371
f 4377 4303 4249
f 4231 4201 4178
f 4203 4331 4381
f 4037 4039 4038
f 4371 4386 4370
f 4387 4347 4314
f 3309 3294 3310
f 4099 3724 3818
f 4355 3257 4313
f 3630 3693 3627
f 4277 4302 4390
f 4350 4319 4349
f 4353 4351 4348
f 3637 3639 3638
f 4394 3827 3320
f 3311 4399 4398
f 3755 4005 4006
f 4363 4259 4260
f 3454 3919 3920
f 3446 3459 3458
f 4298 4404 4406
f 3749 3769 3766
f 3791 3756 3792
f 3643 3684 3640
f 3845 3399 3400
f 4313 3258 4312
f 4411 4408 4412
f 3843 4423 3842
f 4214 4329 4328
f 4431 4433 4432
f 3918 3798 3799
f 3927 3388 3389
f 4453 3874 3873
f 4138 4457 4456
f 3346 4459 3345
f 4100 4108 4107
f 3974 3976 3975
f 3665 3652 3664
f 3773 3993 3992
f 3945 3920 3957
f 4144 4462 4461
f 4464 4466 4465
f 3268 4479 3267
f 4484 4136 4485
f 3348 4487 3347
f 3313 3912 3913
f 3803 3617 3802
f 4086 3510 4087
f 4034 3305 4033
f 3403 4171 4489
f 4481 4492 4491
f 4177 4179 4178
f 4398 3923 3311
f 4451 4494 4450
f 4501 4076 4502
f 4509 4506 4503
f 3304 4462 4517
f 4485 3312 4484
f 3419 3349 4064
f 4356 4385 4305
f 4026 4358 4020
f 4354 4357 4358
f 3599 4091 4090
f 4341 4254 4274
f 4251 4524 4335
f 3482 3484 3483
f 3843 3544 4085
f 4295 4274 4294
f 4381 4206 4203
f 4204 4531 4225
f 4533 4535 4534
f 4542 4544 4543
f 4546 4548 4547
f 4573 4547 4548
f 4575 4577 4576
f 4221 4580 4220
f 4587 4589 4588
f 4328 4589 4214
f 4187 4563 4332
f 4595 4593 4591
f 4597 4604 4596
f 4609 4611 4610
f 4620 4622 4621
f 4612 4614 4613
f 4636 4600 4637
f 4649 4650 4648
f 4652 4654 4653
f 4662 4664 4663
f 4666 4668 4667
f 4637 4685 4684
f 4627 4700 4626
f 4684 4636 4637
f 4663 4661 4662
f 4699 4697 4696
f 4647 4703 4702
f 4709 4603 4710
f 4724 4726 4725
f 4742 4744 4743
f 3311 3924 3314
f 4698 4758 4679
f 4749 4609 4610
f 4342 4344 4343
f 4797 4799 4798
f 4490 3974 4143
f 4019 4306 3870
f 4512 4514 4513
f 3991 4508 4507
f 4692 4694 4693
f 4680 4818 4810
f 4821 4824 4823
f 4367 4243 4240
f 4833 4831 4830
f 4837 4757 4754
f 4332 4562 4561
f 4683 4819 4682
f 4845 4850 4849
f 4751 4752 4669
f 4854 4695 4692
f 4858 4718 4857
f 4822 4859 4824
f 4674 4647 4675
f 4771 4773 4772
f 4726 4537 4540
f 4714 4719 4715
f 4633 4688 4687
f 4616 4618 4617
f 4686 4842 4841
f 4869 4708 4629
f 3502 3528 3529
f 4777 4737 4745
f 4734 4779 4873
f 4883 4663 4664
f 4375 4274 4275
f 4290 4335 4524
f 4799 4826 4825
f 4816 4812 4810
f 4778 4732 4659
f 4158 4160 4159
f 4195 4197 4196
f 3860 4166 4167
f 3758 3763 3764
f 3694 4157 4156
f 4249 4391 4377
f 3467 3469 3468
f 4209 4211 4210
f 4142 4144 4143
f 3615 3617 3616
f 3479 3536 3535
f 4883 4672 4886
f 4802 4642 4643
f 3698 3638 3683
f 4105 3726 3730
f 4848 4896 4895
f 4878 4744 4837
f 4610 4748 4749
f 4036 4489 4035
f 4355 4314 4347
f 4171 4049 4048
f 3875 3216 3217
f 4868 4863 4864
f 4623 4691 4622
f 3629 4155 4154
f 4654 4898 4683
f 4012 4014 4013
f 4902 4866 4867
f 4768 4908 4906
f 4370 4385 4384
f 4888 4914 4913
f 3546 3917 3916
f 4932 4931 4919
f 3625 4151 4150
f 3804 3670 3657
f 3816 4103 4101
f 4911 4887 4912
f 4928 4927 4929
f 4925 4927 4921
f 3655 3666 3654
f 4932 4910 4911
f 4937 4912 4913
f 4939 4942 4941
f 4228 4530 4381
f 4946 4942 4947
f 4938 4923 4937
f 4942 4937 4947
f 4951 4930 4928
f 4955 4928 4954
f 4748 4615 4749
f 4914 4847 4956
f 4824 4584 4856
f 4940 4941 4943
f 4916 4960 4917
f 4909 4891 4862
f 4971 4968 4949
f 4966 4948 4944
f 4962 4953 4965
f 4940 4924 4939
f 4831 4917 4895
f 4935 4925 4924
f 4275 4261 4258
f 4679 4791 4678
f 4016 4373 4376
f 4668 4766 4795
f 4539 4727 4845
f 4929 4936 4933
f 4607 4882 4881
f 4775 4801 4802
f 4801 4742 4774
f 4732 4611 4733
f 4985 4983 4982
f 4534 4562 4533
f 4847 4645 4848
f 4788 4619 4616
f 4787 4678 4791
f 4657 4605 4597
f 4994 4878 4837
f 5006 5008 5007
f 5001 4973 4988
f 4814 4619 4785
f 5014 4974 5012
f 5003 4972 4973
f 5019 5007 5018
f 5024 5017 5025
f 5036 5035 5032
f 4990 4975 4972
f 5045 5034 5044
f 5048 5034 5035
f 5025 5014 5026
f 5046 5043 5031
f 5051 5055 5054
f 5044 5060 5059
f 5011 5021 5020
f 5013 5068 5012
f 5028 5072 5029
f 5077 5064 5065
f 5065 5079 5077
f 5083 5080 5060
f 5063 5080 5065
f 5054 5071 5078
f 4602 4711 4851
f 5058 5083 5053
f 4982 4792 4793
f 5041 5045 5061
f 3909 3278 3250
f 3471 3473 3472
f 5002 4994 4995
f 5060 5067 5059
f 4892 4862 4891
f 4891 4884 4892
f 4996 5003 5001
f 4997 5005 5000
f 4813 4614 4829
f 4618 4827 4613
f 5089 5093 5092
f 3303 3305 3304
f 5100 5102 5101
f 5107 5109 5108
f 5110 5092 5114
f 4610 4734 4874
f 5112 5100 5084
f 5088 5090 5089
f 5119 5117 5116
f 5092 5096 5089
f 3826 3829 3825
f 5108 5102 5126
f 5100 5087 5084
f 5118 5133 5138
f 3783 3690 3784
f 4444 4446 4445
f 5151 5150 5152
f 4790 4617 4813
f 4332 4190 4187
f 3266 4451 4448
f 3211 3332 3946
f 4741 4760 4652
f 4775 4777 4776
f 4764 4691 4766
f 4489 4048 4490
f 4466 4511 4497
f 4518 3930 4514
f 4786 4791 4807
f 4980 4984 4977
f 5144 5150 5143
f 5159 5148 5158
f 5121 5120 5114
f 5169 5162 5165
f 5016 4979 5017
f 5123 5179 5122
f 5181 5140 5183
f 5175 5184 5141
f 4575 4586 4534
f 4984 4976 4977
f 4596 4598 4597
f 5182 5183 5186
f 4785 4787 4786
f 5137 5122 5179
f 5167 5180 5181
f 4835 4898 4897
f 4687 4726 4633
f 4176 4170 4398
f 4760 4655 4652
f 4681 4649 4646
f 5121 5132 5131
f 5171 5178 5170
f 5174 5191 5176
f 5169 5194 5164
f 4909 5095 4907
f 5105 5112 5113
f 4767 5126 4803
f 5201 5205 5204
f 5219 5217 5216
f 5229 5200 5209
f 5234 5236 5235
f 4069 4071 4070
f 4724 4717 4713
f 5108 4768 5107
f 5103 5126 5102
f 5227 5211 5226
f 5015 4884 4885
f 4997 4892 4884
f 5197 5215 5214
f 5241 5247 5246
f 5013 5019 5018
f 5205 5232 5204
f 4969 4971 4970
f 5239 5249 5248
f 4808 5225 4809
f 5216 5199 5196
f 5253 5242 5254
f 5235 5255 5256
f 5135 5157 5134
f 5264 5267 5266
f 5245 5215 5242
f 5260 5269 5267
f 5264 5274 5265
f 5154 5173 5142
f 5287 5278 5288
f 5256 5300 5257
f 5173 5176 5175
f 4631 4629 4628
f 4781 4783 4782
f 5309 5311 5310
f 5155 5144 5145
f 4826 4827 4825
f 5291 5308 5293
f 5310 5281 5286
f 5311 5308 5288
f 4036 4176 4175
f 4641 4704 4702
f 5220 4804 5223
f 4770 5207 4905
f 5188 5175 5176
f 5180 5129 5140
f 4626 5314 5313
f 4731 5315 5317
f 5222 5210 5221
f 4728 5316 5315
f 5230 5216 5196
f 5297 5240 5241
f 5204 5208 5201
f 5318 4864 5319
f 5273 5287 5289
f 5221 5219 5230
f 4700 5321 5314
f 5313 5328 5329
f 5157 5154 5142
f 5275 5263 5265
f 5324 5318 5325
f 5323 5331 5328
f 5343 5345 5344
f 5306 5286 5282
f 5278 5311 5288
f 4882 5320 5316
f 5109 5114 5120
f 5123 5130 5129
f 5299 5284 5298
f 5240 5199 5241
f 5229 5197 5214
f 5305 5292 5293
f 5233 5225 5243
f 5192 5194 5193
f 5104 4670 4746
f 5146 5160 5145
f 5337 5347 5338
f 5347 5341 5332
f 5353 5335 5352
f 5349 5354 5352
f 5355 5357 5354
f 5358 5360 5359
f 5355 5348 5360
f 5342 5365 5364
f 5345 5362 5344
f 5332 5367 5331
f 5372 5315 5316
f 5370 5366 5369
f 5361 5354 5357
f 5364 5368 5367
f 5369 5362 5370
f 5316 5330 5372
f 5373 5371 5372
f 5341 5364 5332
f 5374 5359 5373
f 5329 5375 5330
f 5377 5379 5378
f 5377 5331 5367
f 5380 5367 5368
f 5363 5370 5362
f 5357 5374 5381
f 5381 5361 5357
f 4814 4825 4827
f 4825 4816 4799
f 4806 4747 4805
f 5119 5131 5118
f 4696 4893 5387
f 4696 5390 4699
f 5213 5388 5387
f 5393 5388 5394
f 5380 5384 5379
f 5213 4893 5212
f 4813 4908 4790
f 5390 4693 4694
f 5294 5287 5295
f 5184 5186 5183
f 5285 5253 5254
f 4769 4790 4908
f 5327 5359 5360
f 4598 4690 4656
f 4608 4733 4611
f 4627 4609 4839
f 4596 4851 4711
f 4900 4706 4707
f 4668 5395 4667
f 4863 4639 4601
f 5392 4666 4667
f 4872 4651 4807
f 4807 4758 4872
f 5348 5325 5326
f 5176 5190 5188
f 5046 5022 5023
f 4853 4869 4870
f 5346 5363 5362
f 4709 4620 4599
f 4672 4904 4886
f 4680 4651 4649
f 4841 4688 4686
f 4823 4818 4821
f 4729 4602 4851
f 4881 4851 4604
f 5360 5326 5327
f 4852 4707 4869
f 4890 4669 4666
f 5392 5389 5393
f 5189 5186 5187
f 4881 4605 4607
f 5343 5369 5366
f 4607 4625 4882
f 5056 5052 5057
f 4850 4798 4894
f 3260 5398 3259
f 4855 4899 4871
f 5339 5366 5342
f 4789 4808 4677
f 5400 3948 3952
f 3872 4046 3871
f 4018 3424 3872
f 4025 4172 4024
f 4011 4024 4010
f 4065 3900 3901
f 3413 4013 3412
f 5056 5069 5070
f 5055 5070 5071
f 4062 5399 4061
f 5269 5294 5268
f 4685 4903 4846
f 5254 5240 5296
f 4606 4658 4733
f 4729 4882 4728
f 4030 4043 4029
f 4664 4753 4883
f 3575 3904 3903
f 3413 3922 3426
f 4949 4955 4934
f 4947 4913 4914
f 4849 4894 4856
f 4143 3975 4142
f 4912 4932 4911
f 3774 3995 3994
f 3956 3342 4168
f 4871 4758 4759
f 4270 4272 4271
f 4039 5400 4140
f 3555 5402 3554
f 5403 3906 3907
f 3908 3823 3907
f 4124 5408 5407
f 3901 4046 4047
f 4120 5410 5409
f 4124 4125 4123
f 5420 5404 5421
f 5424 5425 3557
f 3400 5428 3845
f 5432 5435 3226
f 4941 4945 4944
f 4935 4949 4934
f 3895 3897 3896
f 5426 4121 5418
f 5430 3906 5420
f 4045 5398 4062
f 5395 5392 4667
f 4846 4701 4840
f 4880 4710 4879
f 4624 4608 4609
f 4656 4662 4661
f 5305 5309 5304
f 5220 5222 5221
f 4230 4327 4324
f 5030 5028 5027
f 5213 5211 5210
f 5440 3269 5441
f 4396 3980 5444
f 5447 3244 3241
f 3328 5451 5396
f 4208 4248 4207
f 4599 4621 4598
f 4528 4391 4208
f 4529 4199 4207
f 4526 4339 4528
f 4256 5452 4532
f 4532 4241 4242
f 3834 5446 3831
f 5443 5444 4050
f 4530 4334 4206
f 4754 4904 4837
f 4229 4381 4331
f 4205 4383 4531
f 4892 4987 4861
f 4039 3976 4038
f 4738 4796 4741
f 4833 4897 4832
f 4232 4200 4201
f 4194 4241 4193
f 4889 4750 4748
f 4194 4365 4368
f 4531 4195 4238
f 5043 5062 5031
f 4182 4561 4180
f 5446 3241 3831
f 5237 5248 5236
f 4206 4382 4205
f 5210 5218 5219
f 3426 3417 3425
f 4216 4192 4215
f 4219 4184 4185
f 4180 4380 4179
f 4327 4591 4326
f 4223 4231 4222
f 4215 4360 4329
f 4186 4218 4185
f 4190 4209 4189
f 4223 4595 4327
f 4326 4328 4329
f 4366 4568 4186
f 4570 4549 4569
f 4579 4548 4570
f 4563 4533 4562
f 4583 4220 4580
f 4586 4561 4562
f 4239 4363 4243
f 4572 4567 4564
f 4536 4585 4535
f 4538 4566 4541
f 4536 5453 4538
f 3573 3983 3316
f 5427 3552 3556
f 4553 4588 4552
f 4593 4555 4592
f 4368 4183 4227
f 4361 4235 4236
f 4233 4527 4232
f 4233 4324 4237
f 4212 4330 4331
f 4237 4325 4236
f 4193 5452 4361
f 4983 4885 4792
f 5002 4986 4993
f 5074 5076 5075
f 4698 5391 4759
f 5391 5390 4694
f 4871 4650 4872
f 4546 4543 4544
f 4553 4901 4574
f 4552 4555 4556
f 5223 4805 5394
f 5386 5383 5363
f 5317 5371 5327
f 3240 4429 3377
f 5384 5381 5379
f 3938 3218 3937
f 3942 5455 5454
f 5361 5386 5356
f 4542 4541 4545
f 3910 5420 3428
f 3939 4060 3940
f 3851 5351 5454
f 3838 3556 3837
f 4547 4857 4546
f 5442 4050 3335
f 3385 5428 5429
f 4257 4235 4256
f 5312 4893 4809
f 4212 4204 4211
f 3854 5461 4392
f 4226 4210 4211
f 4202 4178 4201
f 3316 3897 3315
f 5464 4432 4433
f 5465 3883 4432
f 4472 4449 4450
f 4501 4450 4494
f 4074 4080 4077
f 5473 5401 4173
f 4173 5475 5473
f 3432 3520 5413
f 3462 5504 3461
f 4075 4494 4080
f 5482 3387 3392
f 5468 5470 5469
f 3427 5422 3523
f 4498 4487 3386
f 5403 5414 4128
f 3382 5522 3873
f 3492 5511 3491
f 3429 3517 3520
f 3873 5524 4453
f 5480 3350 3347
f 3477 5505 3462
f 4507 5544 4475
f 4396 5551 4051
f 3374 5553 3373
f 3373 5554 3390
f 5479 4063 3350
f 3390 5555 3393
f 5531 5566 5565
f 3368 5567 3367
f 5556 5560 5559
f 3393 5557 5556
f 4433 5463 5464
f 5464 5458 5456
f 4435 4439 3380
f 4055 3277 3274
f 3273 3911 3370
f 3395 3358 3394
f 5486 4071 5484
f 5526 4453 5524
f 5525 5569 5566
f 5568 3527 5567
f 3527 3847 3366
f 3365 3849 5462
f 5462 3850 5459
f 4435 5571 4430
f 3378 3943 3944
f 5573 5577 5574
f 4438 3943 3379
f 5477 5579 5476
f 5582 5580 5579
f 5583 5581 5584
f 5586 5588 5587
f 4074 5586 4073
f 5583 5474 5473
f 4507 5590 3991
f 5573 4522 4520
f 3989 5596 3988
f 5594 3407 5593
f 4436 5572 5571
f 5591 3991 5590
f 4507 4476 5589
f 3990 5587 5588
f 5578 3406 5577
f 5595 5584 5581
f 5484 3358 5486
f 4441 5467 3882
f 5472 4077 4139
f 5522 5570 5524
f 5486 3353 3524
f 5481 3386 3387
f 3475 5492 3518
f 5476 3899 5477
f 5540 5606 5603
f 5542 5603 5607
f 5608 5542 5607
f 5608 5545 5544
f 5607 5609 5545
f 5599 5548 5612
f 5598 5543 5608
f 5595 5593 5596
f 5588 3989 3990
f 5626 3266 5627
f 5627 4448 5628
f 5469 4469 5468
f 4515 5625 4491
f 4503 4474 4509
f 4481 5627 4480
f 4500 5469 5470
f 3414 5466 5465
f 5594 5581 5582
f 3376 4430 5571
f 3444 3941 3855
f 5572 3444 3445
f 4273 4287 4272
f 4345 4357 4344
f 4386 4305 4385
f 4517 4463 5625
f 4352 4319 4379
f 4352 4251 4336
f 4268 4390 4388
f 4264 4320 4323
f 4346 4282 4283
f 4337 4343 4344
f 4289 4245 4288
f 4303 4287 4288
f 4343 4291 4342
f 4284 4244 4289
f 4375 4291 4294
f 4379 4271 4272
f 4337 4348 4336
f 4524 4295 4290
f 4364 4197 4279
f 4285 4390 4302
f 5206 5208 5207
f 4297 4371 4296
f 4346 4286 4273
f 4285 4333 4284
f 3571 4395 5460
f 5341 5339 5342
f 5346 5334 5335
f 5269 5273 5289
f 4510 5609 5610
f 4509 5545 5609
f 4445 5611 5546
f 5566 5568 3368
f 5349 5338 5348
f 5489 3401 3398
f 5565 3368 3338
f 5496 5417 5630
f 5523 3383 5634
f 5325 5347 5324
f 5523 5599 5522
f 5429 3401 5633
f 3887 5631 5630
f 5634 5600 5523
f 5276 5279 5277
f 5298 5257 5300
f 5087 5085 5084
f 3361 5612 5548
f 5041 5066 5040
f 5487 3383 3384
f 5101 5130 5100
f 5299 5300 5303
f 5333 5335 5334
f 5302 5304 5303
f 5234 5216 5217
f 5301 5255 5258
f 4868 5322 4867
f 5281 5277 5279
f 5323 5322 5324
f 5298 5296 5297
f 4885 4750 4792
f 5231 5196 5197
f 4625 5313 5320
f 5111 5085 5098
f 5600 5549 5548
f 5531 5563 5527
f 5165 5182 5189
f 5283 5285 5284
f 4269 4277 4268
f 5610 5603 5606
f 5127 5091 5128
f 4907 5125 4906
f 5277 5272 5262
f 5596 5592 5598
f 5212 5226 5211
f 5273 5262 5272
f 5302 5258 5292
f 5635 5645 5640
f 4250 4379 4378
f 4485 3405 3402
f 4354 4023 4351
f 4265 4304 4386
f 4388 4282 4387
f 4345 4384 4385
f 4362 4297 4259
f 4836 4612 4828
f 4360 4236 4325
f 4369 4237 4234
f 5647 3986 3573
f 5650 3192 3189
f 5337 5336 5333
f 4467 4477 4466
f 4253 4340 4252
f 4429 5457 4428
f 3997 3915 3540
f 5535 3839 3982
f 5538 4460 4456
f 3439 5571 3438
f 5570 5526 5524
f 3438 5572 3445
f 4440 3879 3876
f 3440 4407 3449
f 3886 5695 5694
f 5534 5396 5451
f 5685 3471 5684
f 4278 4301 4302
f 5628 4449 5469
f 3579 3538 3578
f 4480 5628 4500
f 4402 5517 5518
f 4279 4198 4278
f 3603 3532 3602
f 3580 4088 4090
f 4095 3531 4094
f 5248 5251 5250
f 3778 3999 3776
f 4617 4613 4614
f 4375 4372 4519
f 3411 4136 3410
f 5094 5111 5097
f 3602 3535 3605
f 4023 4350 4351
f 4349 4336 4348
f 3605 3536 3592
f 4469 4471 4470
f 4094 3593 4097
f 4248 4245 4246
f 3519 5518 5517
f 5254 5284 5285
f 4852 4795 4766
f 4265 5629 4264
f 5632 5503 5631
f 3604 3612 3601
f 5549 5502 3360
f 3653 3607 3661
f 4780 4873 4779
f 4988 4979 4976
f 4491 5626 4481
f 4837 4995 4994
f 4615 4765 4749
f 5468 4470 4504
f 3514 3467 3513
f 5491 4409 5679
f 4093 3619 4092
f 4364 5629 4297
f 3488 5509 3487
f 5606 5611 5610
f 4210 4189 4209
f 4600 4602 4601
f 5242 5198 5240
f 5073 5075 5072
f 5651 3940 4060
f 3996 3775 3998
f 5200 5202 5201
f 5525 5527 5526
f 3364 4434 3363
f 3775 3542 3581
f 3941 5485 3855
f 3731 4105 3730
f 4997 4999 4998
f 4508 5608 5544
f 4101 3818 3816
f 3728 4103 3727
f 4591 4592 4328
f 4539 4538 4537
f 4550 4552 4551
f 4541 4567 4545
f 4389 4570 4568
f 4582 4580 4576
f 4976 4978 4977
f 4705 4707 4706
f 4797 4843 4844
f 3713 3730 3726
f 4675 4702 4704
f 4977 4981 4980
f 4810 4817 4816
f 4786 4812 4785
f 4715 4628 4714
f 4978 5021 4981
f 5010 5006 4991
f 3722 4162 4161
f 4558 4560 4559
f 4568 4569 4218
f 4584 4535 4585
f 4641 4715 4716
f 5026 5012 5068
f 4776 4745 4742
f 4714 4712 4713
f 4982 5001 4985
f 4576 4560 4582
f 4564 4566 4565
f 5069 5018 5029
f 5057 5048 5047
f 4810 4811 4680
f 3710 3786 3709
f 4991 4999 5010
f 5011 5010 5004
f 5008 5022 5027
f 5066 5063 5040
f 5047 5024 5025
f 5050 5051 5053
f 5023 5016 5024
f 5045 5059 5061
f 5047 5026 5057
f 3711 3724 3721
f 5048 5037 5047
f 5042 5063 5062
f 5058 5051 5054
f 5036 5046 5037
f 3715 3700 3714
f 5235 5257 5246
f 3732 3704 3702
f 5030 5062 5064
f 5020 5023 5022
f 5263 5261 5260
f 5049 5044 5034
f 5236 5250 5255
f 5031 5027 5022
f 5043 5039 5042
f 5320 5329 5330
f 5049 5052 5051
f 5326 5317 5327
f 3264 3288 3285
f 5264 5263 5260
f 4998 4992 4987
f 5009 5020 5008
f 5036 5039 5038
f 5032 5034 5033
f 4355 3949 3422
f 4269 4374 4323
f 4253 4378 4303
f 4525 4252 4340
f 3960 4111 3866
f 4372 4258 4296
f 5681 5673 5675
f 4378 4272 4287
f 4270 4346 4273
f 3244 5644 5643
f 4899 4648 4650
f 3734 3702 3810
f 4138 3343 4137
f 4192 4361 4360
f 3813 3812 3810
f 3817 3696 3814
f 5668 5682 5674
f 5690 5687 5684
f 5499 5700 5517
f 3999 3820 3577
f 3745 4102 4106
f 5684 3472 5690
f 5702 3860 5703
f 5712 5693 5670
f 3249 4393 3572
f 5695 5715 5694
f 5694 5716 5696
f 5719 5601 5602
f 4918 4950 4952
f 4774 4743 4773
f 3844 5605 3735
f 5505 4411 5504
f 3583 3585 3582
f 3710 4157 4160
f 5513 4417 5508
f 5704 4146 5709
f 4141 4062 4049
f 5669 5688 4410
f 3898 5653 5450
f 5718 3972 5719
f 5684 5686 5685
f 3917 5717 3512
f 3463 5662 5660
f 5492 5680 5491
f 4931 4950 4919
f 5665 3441 5663
f 3788 3740 3790
f 3501 3529 3994
f 3569 3477 3308
f 5516 5727 5515
f 3564 3566 3565
f 3892 5406 3889
f 3962 5407 3961
f 4126 4123 4125
f 4116 3287 5411
f 3892 5630 5417
f 3824 5413 5414
f 4408 5680 4412
f 3969 3978 5402
f 4408 3449 4407
f 4414 3449 4413
f 3962 3262 4125
f 4425 5616 4321
f 4418 5727 4419
f 5716 5575 5696
f 5719 5717 5718
f 5698 5692 5697
f 3880 4166 3987
f 5652 5520 5619
f 5621 4167 4166
f 5679 4410 5688
f 3210 3355 5618
f 5622 5451 5657
f 5416 5497 5624
f 5729 5731 5730
f 5733 3761 3758
f 5735 5737 5736
f 5750 5751 5734
f 5744 5740 5741
f 5744 3753 5746
f 5753 5730 5731
f 5757 5736 5737
f 5731 5765 5753
f 5774 5776 5775
f 5790 5792 5791
f 5796 5787 5797
f 5817 5819 5818
f 5828 5830 5829
f 3725 3751 3747
f 4874 4873 4875
f 4700 4903 4902
f 4740 4876 4739
f 3199 3201 3200
f 4100 4099 4101
f 3749 4108 3748
f 3695 3712 3692
f 3378 3380 3379
f 5504 4412 5507
f 4405 5518 5699
f 5838 5835 5836
f 4705 4712 4708
f 5832 5828 5833
f 5697 5678 5698
f 3791 4005 3790
f 5848 5794 5850
f 3714 3701 3704
f 3995 4042 3890
f 3329 3224 3222
f 4005 3705 4004
f 4551 4763 4550
f 5855 5808 5856
f 5851 5792 5852
f 5803 5858 5847
f 5844 5840 5845
f 5762 5743 5740
f 5808 5806 5807
f 4012 3426 3423
f 5558 3467 4067
f 4550 4720 4901
f 4950 4953 4952
f 3885 5694 5696
f 5705 4081 4082
f 5508 4415 5505
f 3745 3760 3744
f 5507 5680 5506
f 3592 3588 3591
f 3895 5658 5653
f 5613 5501 5549
f 3834 4393 4055
f 5527 4455 5526
f 5775 5809 5774
f 5766 5813 5810
f 5858 5812 5859
f 5855 5811 5858
f 5863 5819 5862
f 5826 5863 5829
f 5862 5833 5828
f 5870 5837 5845
f 5782 5831 5832
f 5868 5836 5873
f 5778 5843 5844
f 5866 5845 5840
f 5785 5867 5784
f 5790 5789 5793
f 5796 5794 5795
f 5821 5819 5820
f 5657 5620 5622
f 5793 5852 5792
f 5855 5801 5798
f 5853 5786 5796
f 5804 5802 5803
f 5827 5864 5822
f 5767 5821 5813
f 5854 5776 5777
f 5860 5818 5861
f 5782 5825 5785
f 5781 5844 5834
f 5810 5815 5816
f 5867 5830 5784
f 5809 5798 5799
f 5828 5863 5862
f 5865 5838 5868
f 5801 5802 5800
f 4086 3795 4149
f 5779 5842 5843
f 5827 5829 5830
f 5839 5869 5835
f 5814 5855 5856
f 5711 3859 5702
f 4958 4917 4960
f 5861 5821 5768
f 5863 5812 5820
f 5865 5823 5824
f 5873 5837 5871
f 5872 5842 5780
f 4089 3563 5704
f 3812 3785 3811
f 5770 5787 5788
f 5789 5847 5846
f 5793 5846 5849
f 4145 4146 3498
f 5848 5790 5791
f 3953 4009 3952
f 5748 5874 5747
f 4624 4626 4625
f 4665 4752 4664
f 4775 4779 4778
f 4746 4671 4747
f 4637 4601 4639
f 4828 4613 4827
f 4704 4762 4675
f 4843 4727 4687
f 4543 4725 4542
f 4731 4863 4730
f 4723 4558 4722
f 4842 4840 4838
f 4717 4857 4718
f 4865 4867 4866
f 5841 5866 5840
f 4725 4540 4542
f 4798 4816 4817
f 4632 4634 4633
f 4720 4715 4719
f 4642 4644 4643
f 3754 5874 5876
f 4860 4644 4847
f 4674 4722 4721
f 4808 4676 4677
f 4721 4822 4821
f 5876 5877 5746
f 4836 4840 4839
f 4658 4660 4659
f 4826 4800 4838
f 4877 4743 4744
f 4948 4971 4943
f 4875 4876 4889
f 4954 4934 4955
f 5773 5788 5790
f 5825 5833 5824
f 5834 5836 5835
f 5834 5845 5837
f 3359 3361 3360
f 5732 3756 3757
f 3394 3396 3395
f 3766 5741 5742
f 5774 5799 5777
f 5805 5857 5802
f 5813 5820 5812
f 3969 3964 3968
f 5667 5674 5666
f 5729 3792 3756
f 3770 5741 3769
f 4741 4739 4738
f 4689 4660 4661
f 5772 5787 5771
f 5735 3758 3764
f 5850 5773 5848
f 5617 3965 5650
f 5799 5854 5777
f 5875 5764 5879
f 5840 5842 5841
f 5861 5769 5860
f 5807 5853 5851
f 5869 5834 5835
f 3765 5739 5738
f 5882 5761 5759
f 5881 5887 5889
f 5895 5898 5897
f 5907 5906 5908
f 5909 5908 5910
f 4234 4526 4369
f 3912 3389 3914
f 5934 8730 8729
f 8730 5930 5931
f 4920 4922 4921
f 8845 8853 8851
f 4141 3404 4174
f 3733 3706 3731
f 8849 8848 8850
f 4234 4236 4235
f 8863 5919 8862
f 3733 4004 3705
f 5908 8859 8867
f 8865 8871 8870
f 8859 8863 8864
f 5927 5925 5928
f 5911 5904 5912
f 8878 8866 8879
f 5635 5637 5636
f 5745 5746 5877
f 3552 3554 3553
f 8857 8890 8875
f 5924 8860 5923
f 3553 3556 3552
f 5919 8861 8862
f 8869 8870 8891
f 8873 8878 8876
f 8856 8875 8874
f 8862 5889 5887
f 8846 8844 8843
f 8864 8866 8865
f 8729 8883 8884
f 8848 8887 8886
f 8878 5888 8893
f 8896 8855 8897
f 8853 8896 5885
f 8841 5882 5883
f 3489 3491 3490
f 8867 8864 8868
f 5910 8867 8898
f 5914 8898 8899
f 5916 8899 8900
f 5889 8860 5890
f 8876 8893 8894
f 5918 8900 8901
f 4424 5726 4423
f 8904 8900 8899
f 8909 8904 8905
f 8908 8903 8904
f 8869 8905 8868
f 3632 3667 3635
f 3687 3689 3688
f 3636 3681 3631
f 3664 3639 3665
f 4304 4306 4305
f 8909 8891 8910
f 3681 3695 3680
f 3758 3760 3759
f 3684 3700 3683
f 3721 3723 3722
f 3941 3943 3942
f 3738 3740 3739
f 3687 3709 3690
f 3238 3938 3220
f 4249 4288 4245
f 4499 3344 4464
f 4240 4368 4367
f 3453 3951 3919
f 4401 3547 3967
f 3950 3451 3436
f 3702 3701 3703
f 3725 3727 3726
f 3194 3208 3193
f 4034 4461 4462
f 3914 3913 3912
f 3483 3533 3482
f 3191 3957 3206
f 4292 3970 4293
f 3909 3428 3356
f 3959 3866 3867
f 4017 4309 4016
f 4316 4008 3953
f 4448 4450 4449
f 4414 4417 4416
f 3435 3351 3433
f 4413 4415 4414
f 3899 3901 3900
f 3780 3648 3809
f 3474 3886 3885
f 3958 3192 3214
f 3221 3935 4427
f 3905 3907 3906
f 3913 4486 3313
f 4420 4421 4085
f 3881 3883 3882
f 4004 3790 4005
f 4271 4318 4316
f 4259 4296 4258
f 3501 4066 3468
f 5897 5900 5899
f 5901 5904 5903
f 8854 8856 8855
f 3789 3786 3720
f 3651 3781 3782
f 5924 5901 5925
f 8870 8873 8872
f 8876 8874 8873
f 5912 5918 5911
f 3805 3799 3737
f 3369 3395 3396
f 3923 3925 3924
f 3916 3512 3509
f 3641 3801 3642
f 4276 4323 4320
f 4181 4331 4330
f 4428 3377 4429
f 3495 4321 4322
f 4436 3380 3381
f 4430 4437 4435
f 3945 3958 3946
f 4065 4047 3418
f 4495 3408 4496
f 8913 8915 8914
f 8911 8917 8916
f 8889 8923 8890
f 8919 8931 8921
f 8884 8918 8885
f 8922 8931 8925
f 5852 5909 5851
f 5866 5915 5917
f 8926 8914 8915
f 8914 8883 8913
f 8886 8921 8888
f 5846 5894 5891
f 5873 5900 5868
f 8893 5764 5754
f 8894 5754 5753
f 5890 5927 8936
f 5885 5755 5758
f 5871 5902 5873
f 5763 5883 5762
f 5880 8936 5763
f 4175 4398 4399
f 4274 4255 4275
f 8883 5931 8882
f 8868 8898 8867
f 3289 3247 3292
f 3858 5485 5921
f 8850 8886 8888
f 4116 5409 4115
f 3889 4127 5415
f 3678 8938 8937
f 8857 8888 8889
f 3979 3294 3295
f 4126 3431 3823
f 3651 3679 3650
f 3460 5921 3354
f 4084 3310 3487
f 8905 8899 8898
f 3561 5397 5656
f 3213 5528 5519
f 4191 4193 4192
f 5449 5532 5533
f 4142 4031 4479
f 4060 5652 5651
f 4480 4482 4481
f 5519 3212 3213
f 5657 3330 3940
f 4473 4475 4474
f 3514 5668 5667
f 5663 5669 5665
f 8881 5926 8880
f 5734 5749 5750
f 4788 4677 4678
f 3997 3538 3506
f 3551 3310 3294
f 3577 3998 3999
f 4893 4676 4809
f 4753 4671 4672
f 8729 8885 8843
f 3813 9021 8937
f 8938 3813 8937
f 8882 5929 8881
f 4098 3820 3821
f 3399 5416 3398
f 5494 5503 4403
f 5880 5878 5881
f 4986 4861 4987
f 4999 5004 5010
f 4985 4988 4976
f 5816 5766 5810
f 4372 4384 4519
f 5688 5692 5679
f 8903 8901 8900
f 8879 5887 5888
f 8902 8880 8901
f 5919 5895 5920
f 4519 4342 4291
f 8847 8854 8853
f 5925 5903 5926
f 4021 4523 4025
f 5678 5676 4406
f 4424 4085 4421
f 5701 3577 3820
f 5928 5926 5929
f 5000 4980 5004
f 9022 3545 4113
f 9024 5409 5410
f 4008 4010 4009
f 3931 4516 4513
f 3822 3807 3821
f 8851 8844 8845
f 5728 5509 5721
f 9025 4115 5409
f 5209 5201 5208
f 4820 4653 4682
f 3988 5598 4508
f 3370 3357 3395
f 5639 5641 5640
f 5592 4477 5543
f 3378 5572 3381
f 5625 3265 5626
f 5594 5577 3406
f 3302 5645 3301
f 3274 3278 3273
f 5207 5233 5243
f 5071 5072 5075
f 4815 4785 4812
f 4796 4643 4760
f 3243 5643 5648
f 5301 5303 5300
f 5431 5655 5654
f 5251 5244 5252
f 3353 3523 3524
f 4174 3405 3411
f 3546 4113 3545
f 4002 3788 4004
f 4196 4238 4195
f 3232 5647 3231
f 4373 4266 4310
f 4867 5321 4902
f 5648 4058 3243
f 4455 3893 4453
f 5593 4511 5592
f 5275 5252 5253
f 5252 5274 5251
f 4092 3624 3597
f 3723 3743 3722
f 4780 4802 4796
f 4059 3560 5425
f 4317 4347 4270
f 5188 5192 5187
f 5570 5612 5569
f 3385 5633 3384
f 3526 5569 5612
f 3576 3608 3590
f 3581 3594 3580
f 5239 5238 5232
f 5081 5083 5082
f 4369 4528 4527
f 4325 4329 4360
f 3569 3286 3336
f 9022 4112 5709
f 3661 3801 3653
f 5074 5030 5064
f 5064 5063 5065
f 3563 3498 4146
f 3961 4119 5411
f 4854 4870 4735
f 5018 5028 5029
f 5007 5027 5028
f 5040 5039 5041
f 3240 3875 3239
f 5070 5029 5072
f 3504 3866 4111
f 3537 3591 3588
f 5033 5039 5032
f 4710 4635 4879
f 5017 4989 5014
f 5024 5046 5023
f 4991 5019 4990
f 4587 4574 4573
f 4996 4793 4878
f 5066 5059 5067
f 5221 5231 5220
f 5068 5057 5026
f 3675 3643 3642
f 3663 3675 3662
f 4722 4559 4822
f 3579 3590 3591
f 3686 3677 3678
f 4422 3499 4419
f 5142 5138 5133
f 5078 5075 5076
f 3609 3590 3608
f 3288 5411 3287
f 5424 5410 3246
f 5152 5156 5172
f 3960 5709 4112
f 4946 4957 4958
f 3867 5705 3959
f 9026 4113 5710
f 5192 5189 5187
f 5161 5194 5171
f 3637 3682 3636
f 4392 3847 3848
f 3796 4149 3795
f 4104 3727 4103
f 3594 3993 4088
f 3796 4134 5710
f 3687 4156 4157
f 3760 4164 4165
f 4464 3345 4467
f 3485 3868 3484
f 3846 5423 4130
f 3409 4496 3408
f 3767 3765 3762
f 3711 4159 4160
f 3797 4087 3510
f 4072 5562 5560
f 4502 5590 5589
f 5408 9027 4118
f 5683 5714 5682
f 5702 4110 5711
f 5623 4148 4167
f 5428 3525 3522
f 3668 3802 3667
f 4000 8938 3679
f 4221 4179 4380
f 4267 4388 4315
f 3721 4161 4159
f 3903 5706 5705
f 3583 4090 4091
f 3894 3524 3525
f 4635 4636 4634
f 4173 4009 4010
f 4890 5393 5394
f 5290 5293 5292
f 5339 5337 5333
f 5458 4438 4439
f 3251 5430 3910
f 3252 5419 3251
f 3428 5421 3427
f 3571 5418 3252
f 4583 4554 4593
f 4239 4224 4238
f 3322 5450 5449
f 5309 5306 5304
f 4109 3748 4108
f 5707 3794 3795
f 5139 5183 5140
f 5271 5290 5259
f 5280 5282 5279
f 5110 5125 5115
f 5319 4731 5317
f 5334 5339 5333
f 5423 3523 5422
f 5376 5378 5375
f 4721 4646 4674
f 3719 4159 4161
f 4853 4692 4795
f 5373 5330 5375
f 4428 5456 4437
f 5376 5328 5331
f 3337 4434 4431
f 4692 5395 4795
f 5475 4523 5476
f 5478 4068 4522
f 5421 4129 5422
f 5374 5375 5378
f 5283 5306 5282
f 5246 5234 5235
f 5154 5150 5153
f 4458 5561 4457
f 5163 5158 5168
f 5381 5378 5379
f 3397 5484 5483
f 4457 5563 5537
f 5147 5150 5149
f 4474 5544 5545
f 5325 5319 5326
f 5223 5388 5222
f 5517 3521 3519
f 4499 3347 4487
f 5404 4128 4129
f 3476 5506 3475
f 4084 5515 4083
f 3900 5477 3899
f 5536 5547 5546
f 5491 5493 5492
f 5474 4139 5401
f 4063 4522 4068
f 4459 5541 5540
f 5548 3360 3361
f 5444 5550 4396
f 3888 5415 5412
f 5546 3339 4445
f 5536 5538 5537
f 3570 5508 3477
f 4471 5589 4476
f 4280 3359 5933
f 5499 4403 5503
f 5189 5169 5165
f 5543 4478 5542
f 4051 5552 3374
f 3461 5507 3476
f 4629 4870 4869
f 5106 4909 4862
f 5286 5279 5282
f 5462 3364 3365
f 3491 5514 3840
f 5224 5231 5229
f 4478 5540 5542
f 4099 3742 3723
f 4803 4805 4804
f 4130 5422 4129
f 4470 4476 4473
f 4924 4921 4922
f 4920 4927 4926
f 4993 4987 4992
f 4887 4913 4912
f 3894 4070 4071
f 5472 5585 5586
f 3508 4134 3507
f 3603 4096 4097
f 3772 3992 4110
f 5712 5671 5672
f 3739 4162 4163
f 5683 3515 5715
f 5480 4495 5479
f 5698 5493 5498
f 3578 3996 3998
f 3645 4154 4155
f 5660 3466 3463
f 4135 5710 4134
f 5587 4073 5586
f 5687 5693 5686
f 3584 4091 4150
f 5585 5584 5588
f 4128 5415 4127
f 4257 4338 4526
f 4222 4178 4179
f 4366 4191 4216
f 5098 5091 5088
f 5761 5737 5760
f 5760 5738 5739
f 8852 5934 8844
f 8874 8855 8856
f 8895 8855 8877
f 5884 8842 8852
f 4557 4582 4560
f 8890 8917 8892
f 8918 8930 8920
f 8924 8915 8916
f 4182 4330 4190
f 3864 5711 4110
f 3574 3230 3231
f 3342 3415 3341
f 3488 3549 3840
f 4317 3953 3949
f 3672 4152 4153
f 5708 3865 5707
f 9021 3685 3686
f 3621 3616 3617
f 5728 4419 5727
f 4311 4028 4310
f 4131 3543 3841
f 4426 3842 4423
f 4518 4168 4427
f 5457 5464 5456
f 5425 3558 3837
f 5458 4437 5456
f 3416 5465 5457
f 5638 5437 5637
f 3985 5636 5637
f 5646 5636 5647
f 9023 3554 5402
f 5722 5514 5726
f 3256 3934 3255
f 4164 5734 5751
f 8885 8920 8887
f 3282 3929 3281
f 3292 3320 3291
f 3232 3300 3301
f 3303 3271 3334
f 3562 5432 3325
f 3392 3388 3391
f 3854 5350 3851
f 5463 5459 5458
f 5935 3885 5576
f 3879 3954 3878
f 3928 3391 3388
f 4137 4458 4138
f 5454 3850 3851
f 3548 3549 3550
f 4443 5470 4442
f 4452 4506 4447
f 4468 3415 3879
f 4443 3876 4483
f 3234 4515 4516
f 5434 3896 5433
f 5448 5441 5644
f 5447 5443 5442
f 4442 5471 5467
f 5550 3275 5551
f 5578 4520 3409
f 3464 5666 3463
f 4701 4839 4840
f 3259 4041 4030
f 4015 3423 4018
f 3558 3982 3839
f 4856 4823 4824
f 4741 4653 4740
f 3759 4106 3763
f 3560 3290 3559
f 9024 3557 3553
f 5438 3280 5439
f 3321 3290 3291
f 5557 4072 5560
f 5553 3396 5554
f 4045 4174 4044
f 4539 4849 4585
f 3536 3503 3588
f 5478 5574 5477
f 3800 3510 3511
f 4755 4886 4754
f 5561 5527 5563
f 5752 5732 5751
f 5752 5756 5765
f 3518 5493 5521
f 3767 4107 4108
f 3534 4097 3593
f 4395 3826 3827
f 3926 3371 3925
f 4446 5610 5611
f 4050 3980 3981
f 8887 8843 8885
f 5649 5640 5645
f 4643 4761 4760
f 3709 3784 3690
f 4778 4660 4777
f 5649 4054 5648
f 5646 3301 5645
f 3250 3910 3909
f 5884 5757 5761
f 5655 5936 5937
f 4224 4226 4225
f 4043 3412 4013
f 4286 4288 4287
f 4267 4310 4266
f 4493 4080 4494
f 3325 3226 3227
f 3925 3372 3928
f 4312 4314 4313
f 3996 3540 3541
f 8908 8912 8907
f 4023 4025 4024
f 3995 3891 3994
f 5482 5559 4137
f 4486 3921 4484
f 4300 4302 4301
f 5438 5644 5441
f 3233 3282 3270
f 3225 3227 3226
f 5446 5445 5443
f 5554 3397 5555
f 4834 4830 4772
f 4064 3350 4063
f 3596 3598 3597
f 5639 5648 5643
f 5434 5654 5658
f 4895 4830 4831
f 3674 3676 3675
f 3551 3978 3550
f 3835 3305 3306
f 3813 3702 3703
f 3691 4160 4157
f 4109 4101 4103
f 4565 4188 4564
f 3490 3547 3489
f 3672 3647 3673
f 8906 8912 8913
f 3810 3811 3734
f 4051 4397 4396
f 3566 4090 4088
f 5580 5476 5579
f 4456 5537 5538
f 5539 5546 5611
f 8844 8729 8843
f 8872 8874 8875
f 4383 4198 4195
f 4931 4927 4930
f 5529 5397 5396
f 5314 5323 5328
f 5347 5323 5324
f 4711 4599 4596
f 5387 5389 4696
f 5259 5292 5258
f 5195 4803 5126
f 5195 4746 4806
f 4639 4866 4685
f 4821 4681 4721
f 3421 5399 3260
f 4730 4601 4602
f 4807 4811 4786
f 4040 3421 3948
f 4844 4800 4797
f 3936 3929 3930
f 4894 4817 4823
f 5365 5383 5368
f 4657 4661 4658
f 5224 4770 4804
f 5368 5382 5380
f 5336 5352 5335
f 5353 5386 5363
f 4070 4454 4069
f 5396 3327 3328
f 5225 5312 4809
f 5384 5386 5385
f 5391 4695 4759
f 4735 4870 4630
f 4407 4409 4408
f 4623 4880 4706
f 5356 5352 5354
f 4578 4859 4577
f 3239 3217 3938
f 3937 3333 3939
f 4578 4534 4535
f 5467 4505 4452
f 4836 4826 4838
f 4422 5721 4421
f 3392 5556 5482
f 5564 5565 5547
f 3807 3663 3660
f 5922 4392 4281
f 3680 3692 3693
f 3630 3632 3631
f 4416 5725 4418
f 4033 3836 4176
f 3238 4168 3342
f 3466 3483 3484
f 3678 3650 3679
f 3677 3649 3650
f 3340 4431 3884
f 3562 5656 5655
f 5658 5938 5939
f 3642 3640 3641
f 3306 3334 3981
f 3256 3280 3281
f 8910 8892 8917
f 5868 5898 5859
f 8924 8922 8925
f 8935 8925 8931
f 8882 8913 8883
f 8925 8926 8924
f 8840 8936 5927
f 5852 5905 5907
f 5136 5124 5137
f 4243 4260 4242
f 5238 5228 5232
f 5642 5643 5644
f 3924 3928 3927
f 5412 5700 3888
f 3750 3751 3707
f 3746 3770 3769
f 3859 3861 3860
f 3972 3493 3494
f 5923 8861 5920
f 4945 4958 4959
f 3296 3286 3287
f 3824 3907 3823
f 3671 4154 4153
f 4137 5481 5482
f 3614 3802 3617
f 3283 3559 3290
f 4936 4934 4933
f 5511 5726 5514
f 4170 3926 3923
f 3572 3830 3826
f 3459 3858 3460
f 3496 4425 3495
f 3457 3436 3437
f 3984 3986 3985
f 3914 3386 4487
f 5512 5723 5511
f 4500 4483 4480
f 4501 4471 4472
f 4503 4505 4504
f 4143 4461 4490
f 3331 3222 3219
f 4016 4018 4017
f 3998 3776 3999
f 4114 5710 4113
f 4405 4406 4404
f 5602 5720 5719
f 4767 4804 4770
f 4929 4954 4928
f 4410 5665 5669
f 3888 5632 3887
f 4048 3977 3974
f 3947 3212 5652
f 5676 3472 3473
f 5782 5784 5783
f 4315 4311 4267
f 5699 5521 5493
f 5864 5825 5822
f 5826 5822 5823
f 5775 5805 5806
f 3236 3270 3271
f 5823 5859 5826
f 4957 4895 4917
f 8868 8865 8869
f 4281 3848 4280
f 4940 4971 4949
f 4013 4029 4043
f 3685 3701 3684
f 4339 4377 4391
f 8891 8872 8892
f 3753 3755 3754
f 4427 3220 3221
f 3809 3779 3780
f 3568 4418 3500
f 3880 3918 3805
f 3543 3842 3841
f 4646 4648 4647
f 4656 4597 4598
f 4781 4820 4784
f 4972 4974 4973
f 5101 5109 5120
f 5095 5115 5125
f 5090 5132 5093
f 5131 5134 5133
f 5134 5127 5135
f 5117 5140 5129
f 3539 3863 3595
f 4006 3792 4007
f 5128 5099 5124
f 5097 5089 5096
f 5274 5271 5259
f 4571 4569 4549
f 4225 4238 4224
f 5156 5170 5172
f 4538 4540 4537
f 4622 4665 4662
f 4981 5004 4980
f 5012 4975 5013
f 5148 5149 5157
f 5157 5133 5134
f 5161 5145 5160
f 4261 4242 4260
f 5294 5291 5268
f 4255 4532 4261
f 5274 5250 5251
f 4246 4207 4248
f 3314 3927 3912
f 4670 4672 4671
f 4995 4673 4986
f 4638 4603 4600
f 4341 4525 4340
f 5163 5165 5162
f 4834 4784 4819
f 4784 4682 4819
f 4844 4687 4688
f 5280 5275 5285
f 4217 4564 4188
f 4554 4556 4555
f 4551 4556 4594
f 4549 4544 4571
f 5141 5173 5175
f 4653 4683 4682
f 4973 4989 4988
f 4984 5015 4983
f 5177 5170 5178
f 5166 5181 5182
f 5141 5139 5138
f 5178 5151 5177
f 5244 5203 5245
f 5252 5245 5253
f 4479 4079 4493
f 4402 4404 4403
f 3500 4419 3499
f 5856 5909 5913
f 4488 3348 3349
f 8851 5885 5886
f 3607 5701 4098
f 3508 3503 3504
f 5847 5896 5894
f 4374 4309 4263
f 3380 4438 3379
f 9025 3553 3554
f 5718 4131 3973
f 3300 3283 3321
f 5551 3276 5552
f 5552 3369 5553
f 5555 5483 5557
f 5859 5896 5858
f 4133 3794 3915
f 3606 3652 3610
f 4900 4766 4691
f 4616 4789 4788
f 3738 4164 3757
f 4774 4642 4801
f 4399 3402 4175
f 5853 5795 5851
f 3936 4427 3935
f 3418 4064 4065
f 5510 3840 5514
f 3270 3279 3269
f 3274 4056 4055
f 4359 4305 4306
f 4135 3504 4111
f 3610 3609 3606
f 3837 3557 5425
f 5940 4401 5941
f 5853 5803 5847
f 5725 5515 5727
f 3246 4117 3245
f 5713 5672 5681
f 4918 4916 4915
f 4148 3771 5703
f 5106 5113 5111
f 4147 5709 4146
f 5152 5177 5151
f 9026 4111 4112
f 5104 5103 5112
f 3531 3485 3593
f 3713 3715 3714
f 3699 3815 3697
f 4467 4459 4478
f 4703 4736 4640
f 5405 3846 5406
f 3555 3963 3964
f 4120 5411 4119
f 4217 4185 4218
f 3279 5441 3269
f 4944 4959 4966
f 4353 4344 4357
f 3815 3716 4104
f 3374 4052 4051
f 4491 4516 4515
f 5865 5833 5866
f 5819 5856 5862
f 5807 5856 5808
f 3933 3281 3929
f 3208 3920 3919
f 8907 8902 8903
f 5288 5295 5287
f 3728 3747 3748
f 3309 4083 3336
f 5119 5101 5120
f 3811 3789 4002
f 3595 3992 3993
f 4106 4100 4107
f 5696 5576 3885
f 3708 3750 3707
f 3744 4165 4163
f 5905 5892 5906
f 3403 4175 3402
f 4133 3506 3507
f 4147 3544 3545
f 3561 3325 3324
f 3237 3239 3238
f 4877 4793 4794
f 3241 3243 3242
f 3597 3625 3596
f 3279 3281 3280
f 3371 3373 3372
f 3599 3567 3598
f 3975 4032 4031
f 3277 3250 3278
f 3774 3565 3773
f 3658 3780 3779
f 4961 4963 4960
f 3600 3616 4096
f 4228 4202 4199
f 4011 4318 4350
f 4307 4262 4308
f 4838 4841 4842
f 4782 4773 4743
f 4914 4946 4947
f 4839 4765 4836
f 4771 4645 4642
f 4962 4964 4963
f 4966 4963 4964
f 3601 3615 3600
f 5878 5879 5881
f 5890 5881 5889
f 3720 4158 3719
f 4755 4689 4663
f 3740 3718 3739
f 5695 5686 5714
f 5740 5742 5741
f 5733 5736 5749
f 5755 5750 5749
f 5745 5762 5740
f 5798 5800 5799
f 4706 4879 4705
f 5651 5619 5620
f 5850 5797 5772
f 5804 5806 5805
f 4087 5707 4086
f 5915 5914 5916
f 5703 4167 4148
f 5893 5896 5895
f 5892 5919 8858
f 5706 5664 4081
f 5786 5788 5787
f 3973 3841 3493
f 4831 4915 4916
f 5906 8858 8859
f 4965 4969 4964
f 4684 4846 4842
f 3589 3611 3604
f 3596 4150 4091
f 5877 5763 5745
f 4121 4123 4122
f 3469 3868 3502
f 3204 3208 3207
f 3716 3726 3727
f 5460 5426 3571
f 3465 3470 3464
f 5738 3764 3765
f 4887 4655 4888
f 4203 4205 4204
f 3959 4082 4089
f 5758 5886 5885
f 5781 5872 5780
f 4675 4723 4674
f 3757 5751 5732
f 3334 3272 3335
f 8880 5903 5911
f 5615 3473 5614
f 5759 5760 5743
f 8845 8848 8847
f 5778 5780 5779
f 8857 8849 8850
f 4132 3798 3859
f 5839 5841 5842
f 560 3187 559
f 5747 4007 3792
f 5928 8840 5927
f 5766 5768 5767
f 4848 4956 4847
f 4953 4967 4965
f 4832 4910 4915
f 5879 5888 5887
f 3598 3530 4095
f 5747 5730 5748
f 5754 5748 5730
f 5810 5812 5811
f 5758 5749 5736
f 4315 4387 4314
f 5917 5916 5918
f 5913 5910 5914
f 5930 8841 8840
f 4951 4968 4953
f 3209 3201 3202
f 4059 3246 3247
f 8731 8842 8841
f 3776 3585 3778
f 5770 5772 5771
f 5891 5893 5892
f 9028 5641 5439
f 5814 5816 5815
f 5662 5673 5661
f 3522 3524 3523
f 5630 5942 5496
f 5791 5795 5794
f 5746 3754 5876
f 5928 5931 5930
f 5743 5739 5742
f 5876 5875 5878
f 3678 9021 3686
f 4200 4207 4199
f 4114 3916 4149
f 3601 3605 3604
f 3818 3712 3817
f 3315 3317 3316
f 5899 5902 5901
f 8840 5883 8936
f 5562 5559 5560
f 4416 3448 4414
f 3189 3191 3190
f 4751 4747 4671
f 4181 4180 4177
f 3832 5454 5351
f 3362 3526 3361
f 5678 5699 5698
f 3497 3499 3498
f 448 807 447
f 647 122 270
f 5690 5677 5697
f 4183 4185 4184
f 1833 1780 1832
f 5920 5897 5923
f 510 508 507
f 4401 5944 5941
f 5656 5530 5936
f 3970 5940 4293
f 5653 5939 5946
f 5450 5946 5532
f 3384 5945 5487
f 4403 4299 5494
f 5944 3968 5949
f 3963 5951 3852
f 5614 3474 5935
f 5427 3857 5951
f 3210 1887 3201
f 1887 3200 3201
f 15 3197 3200
f 16 3195 3197
f 3195 3187 3194
f 3194 1899 3207
f 3207 375 3204
f 387 126 127
f 3189 1760 5650
f 9029 757 758
f 763 2172 2175
f 9035 9032 9033
f 9033 9031 9030
f 9046 9048 9047
f 8751 9054 8752
f 9078 9077 9079
f 9083 9051 9053
f 9088 9047 9048
f 9099 9040 9097
f 9102 9036 9099
f 9105 9032 9103
f 9105 9106 9031
f 1801 9108 9107
f 9103 9034 9102
f 9096 9047 9089
f 1767 9111 9112
f 1597 9113 1600
f 1708 9117 9116
f 9123 9119 9118
f 9118 9125 9124
f 1588 9116 1587
f 2080 9118 2082
f 2082 9124 2084
f 9126 9087 9083
f 9129 9088 9087
f 5512 5943 5947
f 5634 5488 5948
f 5724 5947 5616
f 9134 9097 9133
f 9144 9102 9138
f 9133 9096 9132
f 786 9144 785
f 9146 9103 9144
f 785 9138 497
f 497 9134 650
f 650 9133 564
f 9148 9133 9132
f 8756 9057 8753
f 9154 9130 9129
f 9151 9131 9130
f 9097 9090 9096
f 1799 9111 1768
f 5949 3964 3853
f 9160 8809 8811
f 8813 9160 8811
f 9166 564 9148
f 9067 9054 9052
f 9162 9148 9150
f 9087 9048 9051
f 9081 9079 9082
f 9049 9051 9048
f 9082 9167 9081
f 9079 9049 9046
f 9169 9175 9170
f 9167 9112 9081
f 9168 9177 9167
f 9120 9113 9177
f 9120 9169 9119
f 9119 9170 9125
f 9179 9125 9170
f 9180 9124 9125
f 9178 9170 9175
f 1576 2084 9124
f 9179 9183 9181
f 3203 1387 3190
f 3190 1791 3189
f 5618 1949 3210
f 317 259 391
f 2000 9105 9146
f 9053 9052 9054
f 9041 9036 9037
f 9029 756 2170
f 9037 9034 9035
f 9130 9089 9088
f 3204 376 3203
f 1801 9109 1799
f 9181 9180 9179
f 1575 9190 1088
f 9187 1576 9180
f 1776 1796 1775
f 1293 1290 1284
f 1326 1327 12
f 1294 1234 1290
f 878 1330 1337
f 5633 5490 5945
f 5933 3360 5502
f 5613 5948 5500
f 5604 3844 5720
f 3972 5950 5601
f 3494 4322 5950
f 4406 5615 4298
f 3492 4292 5943
f 5631 5495 5942
f 497 374 498
f 122 413 121
f 5624 3398 5416
f 9151 9156 9160
f 9058 8752 9054
f 9160 9150 9151
f 8815 9162 8813
f 9156 8794 8809
f 439 399 438
f 1512 1526 1511
f 1668 1738 1671
f 839 1362 838
f 1362 826 1012
f 3425 3418 4047
f 4905 5243 4808
f 4621 4662 4690
f 5582 5574 5577
f 4754 4756 4755
f 3902 4021 4022
f 9295 1896 9267
f 2053 2118 2117
f 9340 2120 2119
f 696 9268 9283
f 4922 4939 4924
f 4365 4186 4183
f 5105 4862 4670
f 5228 5226 5225
f 4781 4877 4794
f 5218 5238 5217
f 4990 4992 4991
f 4335 4336 4251
f 4993 4972 5002
f 4794 4792 4750
f 5886 8852 8851
f 5405 5417 5416
f 4669 4764 4668
f 4676 4698 4679
f 1826 639 640
f 9192 9181 9183
f 5232 5233 5204
f 5418 4122 5419
f 956 886 960
f 5720 3512 5717
f 4728 4730 4729
f 8879 8863 8862
f 1980 1922 807
f 4969 4966 4964
f 33 105 164
f 9028 3254 5437
f 3837 3839 3838
f 4382 4301 4383
f 3908 4122 4123
f 4290 4294 4291
f 4400 4055 4056
f 3219 3221 3220
f 8894 8877 8876
f 4640 4735 4630
f 4389 4216 4213
f 3267 4493 4451
f 3268 4463 4144
f 5097 5098 5088
f 5094 5096 5095
f 5654 5937 5938
f 4089 3960 3959
f 5159 5162 5160
f 5202 5249 5205
f 5412 5414 5413
f 5715 3516 5716
f 5723 4423 5726
f 4263 4323 4374
f 3994 3564 3774
f 1343 9308 9309
f 3470 5667 3464
f 5659 5671 5706
f 3319 4053 3299
f 9359 2128 9354
f 1766 1582 1594
f 14 2163 738
f 595 99 594
f 5703 3772 5702
f 5206 5229 5209
f 3437 3458 3457
f 5516 3487 5509
f 5122 5087 5123
f 3223 3934 3935
f 3979 5402 3978
f 3828 3320 3827
f 5663 4081 5664
f 4035 4490 4461
f 4426 5724 4425
f 3881 4447 4444
f 5407 4118 4119
f 5691 5689 5687
f 5661 5672 5671
f 5911 8901 8880
f 3902 3871 4046
f 5541 5539 5606
f 4069 5561 5562
f 3248 3292 3247
f 1346 1044 1352
f 748 1425 747
f 3297 3255 3934
f 5445 4056 5550
f 5783 5830 5831
f 4310 4376 4373
f 5857 5800 5802
f 3882 4452 3881
f 3193 3919 3951
f 3190 3206 3203
f 4266 4268 4267
f 4488 3420 4486
f 3331 3940 3330
f 4282 4284 4283
f 4606 4607 4605
f 4628 4708 4712
f 4659 4733 4658
f 4615 4829 4614
f 4718 4713 4717
f 5722 4421 5721
f 3307 3461 3433
f 4686 4634 4636
f 3966 3550 3978
f 4738 4875 4873
f 3416 3237 3341
f 4527 4208 4200
f 5093 5114 5092
f 5124 5086 5122
f 5117 5138 5139
f 4631 4640 4630
f 5166 5168 5167
f 5185 5187 5186
f 5194 5191 5171
f 3245 4118 9027
f 5214 5203 5200
f 3230 3318 3284
f 5237 5217 5238
f 5250 5258 5255
f 5113 5084 5085
f 5270 5269 5268
f 4906 5107 4768
f 5271 5267 5270
f 5276 5262 5263
f 5153 5174 5173
f 5290 5268 5291
f 5306 5303 5304
f 5147 5146 5143
f 4585 4856 4584
f 3226 5436 3225
f 4473 4504 4470
f 5765 8897 8895
f 4529 4247 4530
f 8923 8916 8917
f 5713 5682 5714
f 3315 3898 3322
f 5564 5537 5563
f 4468 4441 5466
f 3738 4163 4165
f 4577 4559 4560
f 5567 3366 3363
f 3587 4150 4151
f 5471 4504 4505
f 5860 5816 5817
f 3516 5558 5932
f 5436 5637 5437
f 5050 5083 5060
f 5547 3338 3339
f 9023 3295 4115
f 5708 4132 5711
f 4104 3814 3815
f 3718 4161 4162
f 5498 5679 5692
f 3884 4432 3883
f 3955 3877 3878
f 4049 4061 3977
f 8892 8875 8890
f 4572 4218 4569
f 4440 4442 4441
f 4497 3407 3408
f 4632 4633 4724
f 8906 8881 8902
f 5664 5670 5663
f 3751 3706 3707
f 3511 3736 3800
f 5129 5116 5117
f 5086 5098 5085
f 5135 5128 5136
f 5143 5145 5144
f 5168 5136 5137
f 5297 5246 5257
f 5164 5160 5162
f 5155 5171 5170
f 5137 5167 5168
f 5293 5307 5305
f 5513 4083 5515
f 4053 3825 4057
f 3228 3298 3227
f 3631 3635 3636
f 5689 5670 5693
f 5759 5883 5882
f 3793 3507 4134
f 4906 4891 4907
f 4719 4901 4720
f 3597 4095 4092
f 3352 4125 3262
f 9064 9058 9067
f 9076 9067 9077
f 9083 8794 9126
f 9131 9096 9089
f 9138 9099 9134
f 9154 9126 9156
f 9077 9052 9049
f 9053 8766 9083
f 9191 9187 9181
f 9082 9046 9193
f 9193 9168 9082
f 1284 1288 1285
f 9150 9132 9131
f 3841 3496 3493
f 3570 3336 4083
f 4027 4312 3258
f 4889 4781 4794
f 4041 4044 4043
f 4885 4813 4829
f 5419 3905 5430
f 4367 4227 4224
f 1778 1780 1779
f 1792 1584 1789
f 4308 3869 4307
f 4594 4762 4551
f 4767 4769 4768
f 5461 3366 3847
f 4763 4716 4720
f 4919 4915 4910
f 4300 4334 4333
f 5196 5198 5197
f 5158 5135 5136
f 5431 5433 5432
f 4545 4571 4544
f 4557 4594 4556
f 695 571 694
f 4156 3626 3694
f 4861 4670 4862
f 5681 5674 5682
f 5473 5580 5583
f 3622 4152 4151
f 5647 3574 3231
f 3674 3808 3649
f 4420 3498 3499
f 5675 5666 5674
f 3253 5439 3280
f 5870 5917 5912
f 8887 8919 8886
f 5862 5913 5915
f 3534 3485 3482
f 3313 4484 3312
f 9090 9046 9047
f 4871 4695 4855
f 3778 3822 3819
f 4889 4874 4875
f 4000 3784 4001
f 4897 4911 4910
f 3856 3838 3839
f 4772 4896 4771
f 4015 4376 4014
f 3433 3476 3435
f 4053 3302 3299
f 3367 3363 4434
f 3242 3831 3241
f 3441 4082 4081
f 4735 4855 4854
f 4756 4737 4689
f 3382 3384 3383
f 3698 3697 3682
f 4676 4678 4677
f 4948 4941 4944
f 4890 4805 4747
f 4757 4745 4737
f 4581 4380 4586
f 5716 5932 5597
f 4923 4926 4932
f 5077 5081 5076
f 5078 5058 5054
f 4009 5400 3952
f 5081 5078 5076
f 3930 4513 4514
f 4014 4028 4029
f 4025 4020 4021
f 3618 4096 3616
f 4581 4576 4580
f 4219 4188 4189
f 5440 3335 3272
f 5449 3323 3322
f 4229 4177 4202
f 4590 4214 4589
f 4227 4184 4226
f 4574 4858 4547
f 4565 5453 4563
f 4592 4588 4589
f 4590 4573 4579
f 3517 5521 3519
f 3845 3522 5423
f 4444 3884 3881
f 3982 5533 5535
f 4465 4497 4495
f 4520 4521 4496
f 4076 5591 5590
f 3635 3666 3634
f 3343 4498 5481
f 4022 3870 3871
f 3661 4098 3660
f 5691 5697 5692
f 3768 5742 5739
f 4514 3956 4518
f 3697 3814 3696
f 4394 5460 4395
f 4054 4057 4058
f 3284 3323 3559
f 4052 4169 4397
f 4447 4510 4446
f 4456 3346 4138
f 4483 3877 4482
f 4482 4512 4492
f 4492 4513 4516
f 5642 5439 5641
f 5448 5442 5440
f 5466 3882 3883
f 3340 4445 3339
f 8908 8910 8911
f 4397 3835 3980
f 5413 3521 5412
f 3234 3932 3233
f 5753 8895 8894
f 8896 5756 5755
f 8921 8889 8888
f 8915 8911 8916
f 3933 3935 3934
f 3620 3657 3623
f 3966 3968 3967
f 4905 4769 4770
f 3225 5437 3254
f 5433 3984 5435
f 5714 5693 5713
f 5435 3985 5436
f 3954 3955 3878
f 4713 4632 4724
f 4879 4632 4705
f 3983 3896 3897
f 9027 3248 3245
f 5871 5912 5904
f 5849 5891 5905
f 4702 4640 4641
f 4213 4579 4389
f 3644 3688 3689
f 9193 9040 9041
f 8920 8935 8919
f 5406 4130 4127
f 4140 5401 4139
f 5659 3904 5660
f 4772 4783 4834
f 4244 4246 4245
f 4061 4037 4038
f 3669 3803 3668
f 3459 3209 3202
f 4072 5484 4071
f 4835 4834 4819
f 5660 5661 5659
f 4262 4264 4263
f 3633 3627 3628
f 3685 3676 3686
f 4517 3235 3304
f 4145 4085 3544
f 5455 5459 3850
f 5638 5640 5641
f 3228 3254 3255
f 4044 3411 3412
f 3614 3612 3613
f 3273 3275 3274
f 4952 4961 4918
f 4959 4960 4963
f 4888 4761 4860
f 4254 4256 4255
f 4199 4201 4200
f 4499 4465 5480
f 5479 4496 4521
f 5952 5954 5955
f 5956 5958 5959
f 5959 5960 5961
f 5962 5964 5965
f 5966 5968 5969
f 5967 5971 5968
f 5963 5961 5960
f 5972 5964 5973
f 5974 5976 5977
f 5978 5980 5981
f 5982 5984 5985
f 5986 5985 5984
f 5988 5990 5991
f 5992 5994 5995
f 5996 5998 5999
f 6000 6002 6003
f 6004 6006 6007
f 6008 6010 6011
f 6012 6014 6015
f 6016 6018 6019
f 6020 6022 6023
f 6024 6026 6027
f 6028 6030 6031
f 6032 6034 6035
f 6036 6038 6039
f 6040 6013 6012
f 6042 6044 6045
f 5992 6047 5993
f 6048 6050 6051
f 6052 6054 6055
f 6056 6058 6059
f 6060 5987 5986
f 6062 6064 6065
f 6066 6068 6069
f 6070 6027 6026
f 6072 6057 6056
f 6075 6077 6074
f 6078 6080 6081
f 6082 6054 6084
f 6085 6081 6086
f 6087 5990 6088
f 6061 6089 5987
f 6089 6091 6092
f 6092 6093 6094
f 6095 5981 6096
f 6062 6084 6063
f 6097 6035 6034
f 6056 6099 6072
f 6100 6102 6103
f 6001 6104 6105
f 6107 6109 6106
f 6110 6112 6113
f 6114 6025 6115
f 6116 6118 6119
f 6120 6122 6123
f 6124 6126 6127
f 6128 6101 6100
f 6039 6131 6036
f 6132 6134 6135
f 6136 6138 6003
f 6139 6141 6142
f 6143 6145 6146
f 6148 6150 6147
f 6152 6154 6151
f 6155 6157 6158
f 6159 6161 6162
f 6163 6165 6166
f 6167 6169 6170
f 6171 6173 6174
f 6175 6104 6177
f 6178 6180 6181
f 6023 6183 6020
f 6184 6186 6187
f 6117 6188 6189
f 6190 6192 6193
f 6194 6026 6114
f 6195 6191 6190
f 6197 6199 6200
f 6201 6203 6204
f 6205 6207 6208
f 6209 6201 6204
f 6197 6211 6212
f 6212 6213 6214
f 5979 6214 6213
f 6203 6217 6204
f 6206 6198 6207
f 6218 5962 6219
f 5965 6219 5962
f 5972 3354 6221
f 6070 6222 6223
f 6224 6226 6227
f 6228 6230 6231
f 6232 6234 6235
f 6196 6236 6237
f 6071 6223 6238
f 6239 6241 6242
f 6243 6245 6246
f 6247 6248 6249
f 6250 6252 6253
f 6254 6256 6257
f 6258 6260 6261
f 6229 6263 6230
f 6264 6242 6241
f 6266 6268 6269
f 6270 6272 6273
f 6274 6276 6277
f 6195 6279 6236
f 6280 6281 6282
f 6283 6285 6286
f 6123 6287 6288
f 6289 6291 6292
f 6293 6243 6295
f 6240 6297 6241
f 6298 6267 6266
f 6300 6302 6303
f 6304 6306 6307
f 6251 6308 6309
f 6247 6311 6312
f 6313 6315 6316
f 6314 6317 6318
f 6319 6320 6321
f 6322 6088 6323
f 6216 6258 6217
f 6325 6327 6328
f 6217 6261 6329
f 6330 6238 6331
f 6071 6048 6027
f 6015 6333 6012
f 6079 6335 6080
f 6336 6240 6239
f 6294 6296 6240
f 6337 6339 6340
f 6341 6343 6344
f 6345 6347 6348
f 6266 6349 6298
f 6350 6352 6353
f 6295 6246 6354
f 6303 6356 6300
f 6357 6359 6360
f 6361 6363 6364
f 6365 6353 6366
f 6367 6369 6370
f 6371 6370 6372
f 6372 6374 6371
f 6375 6373 6376
f 6376 6378 6375
f 6379 6381 6382
f 6383 6385 6386
f 6387 6389 6390
f 6391 6393 6394
f 6395 6397 6398
f 6398 6400 6395
f 6399 6402 6400
f 6403 6401 6404
f 6405 6407 6408
f 6409 6411 6412
f 6367 6413 6414
f 6374 6415 6416
f 6417 6384 6383
f 6419 6348 6347
f 6421 6423 6424
f 6425 6400 6402
f 6426 6395 6400
f 6393 6428 6429
f 6429 6394 6393
f 6390 6431 6432
f 6433 6408 6407
f 6435 6437 6438
f 6439 6411 6438
f 6392 6441 6442
f 6397 6442 6443
f 6401 6444 6445
f 6446 6437 6404
f 6448 6450 6451
f 6452 6454 6455
f 6442 6456 6457
f 6443 6457 6458
f 6444 6460 6461
f 6445 6461 6462
f 6463 6462 6465
f 6446 6462 6464
f 6466 6468 6469
f 6448 6470 6471
f 6453 6472 6473
f 6474 6476 6477
f 6478 6480 6481
f 6482 6484 6485
f 6486 6488 6489
f 6490 6492 6493
f 6493 6494 6495
f 6496 6498 6499
f 6500 6502 6503
f 6504 6506 6507
f 6508 6509 6510
f 6511 6513 6508
f 6499 6515 6496
f 6516 6518 6519
f 6520 6522 6523
f 6524 6525 6526
f 6507 6527 6504
f 6504 6528 6510
f 6528 6508 6510
f 6529 6531 6532
f 6342 6534 6343
f 6535 6346 6536
f 6347 6537 6419
f 6434 6539 6408
f 6539 6405 6408
f 6541 6451 6450
f 6543 6470 6545
f 6546 6481 6547
f 6499 6548 6549
f 6549 6514 6499
f 6551 6553 6554
f 6555 6557 6558
f 6403 6423 6559
f 6426 6413 6416
f 6415 6428 6427
f 6430 6561 6562
f 6434 6420 6419
f 6563 6565 6566
f 6404 6445 6446
f 6459 6399 6398
f 6455 6388 6387
f 6405 6449 6406
f 6540 6450 6405
f 6567 6568 6569
f 6570 6463 6567
f 6475 6490 6465
f 6458 6571 6572
f 6573 6574 6575
f 6576 6578 6579
f 6193 6580 6581
f 6582 6584 6585
f 6583 6586 6587
f 6588 6587 6586
f 6590 6068 6591
f 6592 6594 6319
f 6251 6595 6252
f 6304 6597 6598
f 6272 6599 6273
f 3737 6558 6557
f 6600 6160 6601
f 6123 6603 6120
f 6604 6606 6607
f 6608 6208 6609
f 5972 6220 5965
f 6610 6612 6556
f 6613 6615 6616
f 6242 6618 6239
f 6226 6245 6227
f 6620 6622 6623
f 6624 6146 6625
f 6626 6211 6136
f 6627 6629 6630
f 6631 6633 6634
f 6235 6636 6232
f 6637 6639 6640
f 6641 6286 6642
f 6643 6645 6646
f 6647 6649 6650
f 6244 6294 6336
f 6336 6652 6244
f 6194 6237 6222
f 6196 6114 6191
f 6115 6191 6114
f 6653 6655 6656
f 6657 6189 6658
f 6117 6659 6118
f 6130 6156 6131
f 6133 6151 6134
f 6661 6662 6660
f 6663 6616 6552
f 6664 6273 6665
f 6418 6432 6431
f 6290 6328 6291
f 6666 6556 6612
f 6557 3805 3737
f 5971 6668 5968
f 6181 6670 6178
f 6671 6673 6674
f 6676 6672 6675
f 6675 6149 6676
f 6067 5999 5998
f 6677 6679 6680
f 6681 6683 6684
f 6087 6090 6089
f 5983 6685 6686
f 5982 6687 6685
f 6094 6688 6687
f 6211 6137 6136
f 6689 6691 6692
f 6690 3833 3832
f 6001 6686 6002
f 5978 6215 5979
f 6694 5978 6095
f 5974 6095 6695
f 6183 6696 6697
f 6698 5961 6218
f 5959 6699 5956
f 6697 6700 6701
f 6702 6703 6704
f 5968 6705 5969
f 6706 5955 5954
f 6707 6617 6708
f 6024 6709 6710
f 6402 6559 6425
f 3852 6712 3853
f 3856 6593 3857
f 5977 6694 5974
f 6713 5977 5976
f 6714 6716 6717
f 6718 6308 6250
f 6720 6254 6721
f 6722 6724 6725
f 6312 6726 6727
f 6069 6728 6729
f 6319 6730 6086
f 6731 6644 6732
f 6732 6734 6731
f 6046 6320 6047
f 3880 6666 6735
f 6736 6738 6739
f 6531 6741 6326
f 6300 6614 6613
f 6742 6325 6290
f 6743 3891 3890
f 6744 6301 6745
f 6746 6534 6533
f 6536 6579 6535
f 6535 6563 6537
f 6566 6537 6563
f 6538 6409 6539
f 6412 6539 6409
f 6412 6541 6540
f 6748 6542 6541
f 6749 6545 6542
f 6568 6547 6543
f 6751 6548 6546
f 6753 6550 6549
f 6755 6757 6758
f 6759 6761 6762
f 6763 6765 6762
f 6764 6623 6765
f 6766 6768 6769
f 6770 6772 6773
f 6774 6776 6777
f 6021 6777 6022
f 6723 6779 6724
f 6780 6782 6783
f 6784 6786 6787
f 6788 6790 6791
f 6185 6793 6186
f 6794 6725 6795
f 6729 6098 6097
f 6135 6798 6132
f 6799 6065 6800
f 6037 6802 6038
f 6005 6588 6586
f 6005 6804 6006
f 6052 6010 6805
f 6586 6803 6005
f 6092 5987 6089
f 6094 5985 6092
f 6096 6695 6095
f 6082 6799 6585
f 6657 6041 6659
f 6013 6658 6014
f 6795 6807 6808
f 6809 6811 6812
f 6813 6815 6816
f 6817 6819 6820
f 6821 6823 6824
f 6329 6204 6217
f 6202 6826 6203
f 6072 6827 6828
f 6598 6305 6304
f 6301 6613 6663
f 6830 6271 6270
f 6822 6778 6823
f 6326 6832 6327
f 6203 6833 6216
f 6027 6051 6024
f 6360 6835 6357
f 6836 6838 6839
f 6837 6841 6838
f 6362 6366 6363
f 6380 6384 6381
f 6421 6578 6842
f 6566 6410 6409
f 6394 6388 6391
f 6414 6368 6367
f 6371 6416 6413
f 6561 6378 6382
f 6382 6562 6561
f 6381 6418 6562
f 6389 6430 6431
f 6391 6454 6441
f 6441 6453 6456
f 6456 6473 6574
f 6495 6750 6568
f 6843 6485 6484
f 6844 6843 6846
f 6573 6847 6848
f 6849 6487 6486
f 6513 6752 6469
f 6517 6850 6503
f 6521 6851 6850
f 6844 6852 6853
f 6505 6510 6509
f 6753 6512 6754
f 6516 6521 6517
f 6614 6854 6615
f 6742 4003 3891
f 6708 6855 6856
f 6307 6857 6858
f 6307 6665 6304
f 6414 6425 6559
f 6416 6427 6426
f 6562 6431 6430
f 6419 6538 6434
f 6358 6839 6359
f 6059 6859 6860
f 6861 6863 6864
f 6865 6867 6868
f 6115 6869 6870
f 6871 6873 6874
f 6721 6596 6875
f 6876 6556 6555
f 6877 6552 6551
f 6551 6268 6877
f 6879 6265 6269
f 6239 6651 6336
f 6230 6619 6226
f 6171 6669 6880
f 6106 6882 6881
f 6883 6822 6821
f 6759 6187 6174
f 6725 6785 6807
f 6885 6808 6791
f 6886 6888 6031
f 6701 6756 6755
f 6884 6779 6822
f 6715 6309 6308
f 6889 6890 6891
f 6743 4042 6892
f 6270 6893 6830
f 6386 6895 6383
f 6895 6420 6896
f 6897 6417 6896
f 6897 6407 6898
f 6390 6899 6387
f 6900 6406 6449
f 6455 6901 6452
f 6902 6904 6471
f 6482 6905 6483
f 6501 6907 6502
f 6496 6908 6909
f 6532 6326 6325
f 6532 6743 6529
f 6612 6735 6666
f 6611 6910 6612
f 6626 5979 6213
f 6704 6105 6702
f 6913 6591 6914
f 6915 6795 6885
f 6229 4067 4066
f 6263 6289 6619
f 6745 6663 6877
f 6916 6757 6917
f 6885 6165 6915
f 6920 6783 6919
f 6921 6923 6924
f 6925 6924 6926
f 6927 6929 6930
f 6931 6933 6934
f 6935 6937 6938
f 6939 6941 6942
f 6943 6945 6946
f 6947 6949 6950
f 6944 6951 6952
f 6953 6955 6956
f 6957 6959 6960
f 6961 6929 6963
f 6964 6966 6967
f 6968 6970 6971
f 6969 6955 6970
f 6972 6946 6973
f 6974 6976 6977
f 6978 6980 6981
f 6940 6982 6983
f 6984 6986 6987
f 6988 6990 6991
f 6992 6989 6993
f 6994 6996 6997
f 6998 7000 7001
f 7002 7004 7005
f 7006 7008 7009
f 7010 7012 7013
f 7014 7016 7017
f 7018 6999 6998
f 7020 7022 7023
f 7024 7026 7027
f 7028 7030 7031
f 7032 7034 7035
f 7003 7036 7037
f 7038 7040 7027
f 6993 7030 7041
f 7042 7044 7045
f 7046 7007 7006
f 7011 7048 7049
f 7050 7052 7053
f 7054 7014 7055
f 7015 7056 7057
f 6621 7045 7044
f 7049 6775 6774
f 7051 6021 6020
f 7055 6701 7054
f 7054 6755 7056
f 6764 7047 7046
f 7020 7059 7013
f 7060 7062 7063
f 6958 7065 6959
f 6925 7067 6973
f 7068 6934 6926
f 7069 6991 7070
f 7071 7072 7073
f 7074 7076 7077
f 7078 7080 7081
f 7014 7082 7083
f 7084 7086 7087
f 7025 7031 7026
f 7085 7072 7088
f 7089 7087 7090
f 7055 7083 7091
f 7090 6770 6773
f 7092 7094 7095
f 7091 6697 7055
f 6770 7086 6758
f 7095 6767 6766
f 7096 6980 7097
f 7098 6940 7099
f 7058 7023 7100
f 7101 6930 7102
f 6974 7063 6967
f 7103 6971 7104
f 7105 6981 6977
f 7106 7036 7108
f 7109 7010 7110
f 7111 7018 7034
f 7098 7037 7100
f 7048 7112 6775
f 7113 7041 6997
f 6994 7115 7088
f 6965 6923 6966
f 6975 6945 6976
f 7061 7065 7062
f 6954 6933 6963
f 6763 7109 7047
f 7046 6620 6764
f 6947 7067 6956
f 6758 7056 6755
f 7118 7039 7038
f 7038 7070 7118
f 7106 7121 7122
f 7123 7053 7052
f 7123 7083 7082
f 7045 7006 7042
f 7107 7122 7009
f 7091 7052 7051
f 7091 6020 6183
f 6936 7097 6937
f 7125 6960 7102
f 6774 7050 7049
f 7119 6942 7039
f 7019 7005 6999
f 7011 7124 7012
f 7021 7040 7022
f 7114 7016 7115
f 7053 7049 7050
f 7086 7057 7056
f 6993 7127 6992
f 7075 7113 7076
f 4281 6603 7128
f 6012 7129 6040
f 7130 6584 7131
f 6797 7133 6798
f 6074 7135 6075
f 6789 6173 6790
f 6760 6776 6761
f 7136 6801 6589
f 6914 6674 6913
f 7007 7059 7008
f 7099 7003 7098
f 6984 7104 6938
f 7110 7047 7109
f 6333 6587 7129
f 5956 6667 5971
f 5957 5971 5970
f 7137 6308 6719
f 4292 6718 6250
f 6693 6668 6215
f 6215 6667 6214
f 6214 6699 6212
f 6698 6212 6699
f 6219 6198 6218
f 6207 6220 6208
f 6220 6609 6208
f 6262 4066 4003
f 7138 7140 7141
f 4298 7140 4299
f 7143 7145 7146
f 7147 7144 7149
f 7149 7151 7147
f 7150 7153 7151
f 6329 7154 7152
f 6261 7155 7154
f 7156 7157 7158
f 6598 7159 7160
f 6257 7161 7162
f 6256 4321 7161
f 6693 6706 6705
f 5954 6705 6706
f 5953 5969 5954
f 7163 5983 6912
f 7164 6138 7166
f 7167 7169 7170
f 6141 7172 6142
f 7166 7173 7164
f 6141 7174 7175
f 7176 7178 7179
f 7180 7182 7183
f 7184 7186 7187
f 6631 7183 7188
f 6218 6197 6698
f 6625 7189 6624
f 6814 7190 7191
f 6882 7193 7194
f 7195 6109 6108
f 6888 7198 7199
f 7200 7202 7203
f 7176 6630 7204
f 6029 7187 6030
f 7205 7207 7208
f 7209 7211 7212
f 7203 7213 7214
f 6886 6778 6723
f 6031 7215 6886
f 7216 7218 7219
f 7220 6880 6669
f 6076 7220 7222
f 6074 6672 6671
f 6147 6662 7223
f 7223 6111 6110
f 6810 6113 6112
f 6920 6914 6591
f 6077 6675 6672
f 6660 6076 6661
f 7222 6669 6181
f 7224 6181 6180
f 6660 6150 6675
f 7225 6794 6915
f 6783 7225 6164
f 6781 6068 6067
f 7217 7228 7218
f 6031 7199 6028
f 6887 6723 6722
f 6164 6915 6165
f 6780 6591 6068
f 7134 6671 6914
f 7229 6824 6823
f 7187 7230 7229
f 7226 6722 6794
f 7231 6169 7233
f 7201 7233 7202
f 6107 7235 7200
f 7215 6823 6778
f 6030 7229 7215
f 7236 7219 7179
f 7237 6820 6819
f 7237 7207 7238
f 7239 7241 7242
f 6739 7244 6736
f 7245 7242 7246
f 7233 6168 7247
f 7247 7202 7233
f 7195 7203 7214
f 7248 7250 6703
f 7227 7252 7228
f 7253 5998 7251
f 6067 7198 6781
f 6781 7197 6782
f 5984 6683 5986
f 7254 6678 6684
f 6679 7252 5997
f 6887 7197 6888
f 6782 7226 7225
f 7135 6163 7221
f 7221 6075 7135
f 6661 7222 7224
f 7224 6111 6661
f 6180 6112 7224
f 6179 6810 6180
f 6811 6793 6649
f 6650 6622 6769
f 6766 7044 7095
f 7095 7043 7092
f 7092 7121 7081
f 7078 7255 7033
f 7256 7257 7258
f 6768 7259 6647
f 6773 7094 7090
f 7090 7093 7089
f 7089 7080 7073
f 7071 7032 7260
f 7077 6998 7074
f 6995 7260 6996
f 7077 7261 7035
f 7035 7018 7077
f 7108 7111 7255
f 6978 7262 7001
f 7105 7264 7262
f 7263 6952 7264
f 6990 6951 7265
f 6972 7266 7265
f 7117 6950 7266
f 6948 7267 6949
f 6969 6982 7267
f 7103 6987 6983
f 7005 6986 7268
f 6999 7268 7000
f 7269 7271 7272
f 7274 7275 7273
f 7274 7276 7277
f 7278 7280 7281
f 7282 7284 7285
f 7286 7288 7289
f 7290 7292 7293
f 7294 7296 7293
f 7068 7298 7299
f 7300 7302 7303
f 7304 7305 7306
f 7307 7305 7308
f 7309 7283 7310
f 7311 7313 7314
f 7125 7306 7315
f 7285 7280 7282
f 7277 7303 7302
f 6965 7316 7317
f 7318 7316 7319
f 7320 7271 7314
f 7312 7296 7313
f 7270 7298 7322
f 7311 7322 7317
f 6961 7300 7308
f 7323 7325 7326
f 7327 7328 7329
f 7064 7325 7328
f 7287 7292 7288
f 6931 7299 7301
f 7331 7329 7319
f 7332 7334 7335
f 7336 7338 7339
f 7340 7333 7332
f 7342 7343 7344
f 7345 7347 7344
f 7348 7350 7351
f 7352 7354 7355
f 7356 7358 7359
f 7360 7362 7363
f 7365 7367 7364
f 7368 7370 7371
f 7372 7336 7374
f 7373 7337 7336
f 7367 7376 7377
f 7378 7380 7381
f 7382 7384 7385
f 7386 7385 7384
f 7388 7390 7391
f 7392 7333 7393
f 7394 7396 7397
f 7398 7400 7401
f 7402 7404 7405
f 7406 7408 7409
f 7410 7383 7382
f 7412 7414 7415
f 7385 7417 7382
f 7389 7419 7390
f 7373 7421 7375
f 7420 7372 7422
f 7369 7424 7370
f 7399 7397 7425
f 7393 7341 7342
f 7398 7357 7426
f 7358 7401 7427
f 7428 7430 7431
f 7433 7435 7432
f 7363 7436 7437
f 7383 7439 7384
f 7411 7438 7383
f 7441 7443 7444
f 7445 7339 7447
f 7374 7339 7446
f 7444 7364 7448
f 7448 7450 7449
f 7364 7451 7450
f 7451 7377 7452
f 7449 7454 7453
f 7455 7450 7451
f 7456 7451 7452
f 7410 7458 7459
f 7460 7462 7369
f 7423 7462 7463
f 7464 7466 7467
f 7468 7347 7470
f 7376 7471 7472
f 7425 7396 7473
f 7475 7477 7474
f 7478 7480 7481
f 7482 7407 7406
f 7484 7351 7486
f 7487 7488 7489
f 7490 7492 7493
f 7412 7434 7433
f 7494 7434 7415
f 7496 7391 7497
f 7440 7498 7499
f 7401 7488 7500
f 7485 7345 7501
f 7500 7427 7401
f 7395 7469 7468
f 7503 7505 7506
f 7507 7509 7510
f 7511 7513 7514
f 7511 7515 7516
f 7517 7519 7520
f 7521 7523 7355
f 7352 7525 7526
f 7415 7527 7494
f 7528 7530 7486
f 7404 7502 7500
f 7477 7496 7532
f 7512 7481 7513
f 7405 7500 7488
f 7533 7535 7536
f 7378 7510 7537
f 7532 7379 7538
f 7539 7541 7542
f 7524 7355 7523
f 7351 7501 7348
f 7414 7523 7527
f 7522 7527 7523
f 7544 7412 7545
f 7546 7547 7548
f 7526 7353 7352
f 7550 7355 7354
f 7521 7551 7548
f 7552 7548 7551
f 7546 7553 7554
f 7522 7548 7547
f 7418 7520 7555
f 7416 7554 7417
f 7457 7558 7458
f 7557 7560 7558
f 7535 7561 7562
f 7562 7563 7564
f 7564 7349 7348
f 7351 7565 7486
f 7567 7569 7566
f 7570 7520 7519
f 7419 7555 7571
f 7572 7348 7501
f 7389 7556 7418
f 7573 7493 7480
f 7552 7534 7553
f 7562 7536 7535
f 7572 7576 7574
f 7422 7578 7420
f 7423 7580 7424
f 7579 7463 7581
f 7578 7576 7582
f 7583 7381 7380
f 7586 7581 7585
f 7533 7579 7586
f 7447 7338 7587
f 7588 7531 7589
f 7590 7431 7591
f 7321 7592 7585
f 7275 7463 7273
f 7461 7276 7462
f 7279 7461 7453
f 7453 7593 7279
f 7594 7454 7455
f 7330 7498 7459
f 7459 7294 7330
f 7558 7595 7295
f 7560 7320 7595
f 7275 7585 7581
f 7462 7273 7463
f 7596 7380 7497
f 7597 7406 7409
f 7467 7599 7600
f 7601 7603 7604
f 7605 7444 7443
f 7365 7606 7366
f 7607 7494 7608
f 7513 7473 7396
f 7396 7514 7513
f 7514 7468 7515
f 7470 7515 7468
f 7610 7609 7470
f 7612 7476 7475
f 7613 7529 7614
f 7442 7615 7616
f 7343 7617 7618
f 7574 7577 7536
f 7619 7399 7491
f 7518 7509 7519
f 7491 7425 7492
f 7549 7621 7565
f 7491 7622 7619
f 7377 7440 7452
f 7379 7497 7380
f 7453 7460 7449
f 7411 7459 7498
f 7623 7391 7390
f 7625 7610 7484
f 7487 7483 7626
f 7619 7408 7489
f 7627 7620 7549
f 7538 7378 7537
f 7389 7477 7476
f 7629 7412 7433
f 7489 7407 7487
f 7628 7598 7597
f 7413 7524 7414
f 7592 7559 7630
f 7584 7632 7381
f 7569 7633 7571
f 7570 7566 7569
f 7631 7566 7632
f 7508 7519 7509
f 7614 7480 7613
f 7346 7470 7347
f 7572 7562 7564
f 7571 7634 7419
f 7346 7484 7610
f 7607 7431 7495
f 7585 7630 7586
f 7624 7497 7391
f 7635 7384 7439
f 7636 7502 7588
f 7323 7310 7289
f 7420 7582 7421
f 7637 7455 7456
f 7287 7499 7498
f 7458 7295 7294
f 7439 7472 7635
f 7599 7604 7600
f 7359 7427 7636
f 7436 7639 7437
f 7490 7640 7622
f 7481 7493 7473
f 7641 7505 7525
f 7642 7627 7644
f 7492 7473 7493
f 7517 7625 7530
f 7625 7486 7530
f 7634 7390 7419
f 7474 7532 7516
f 7448 7441 7444
f 7368 7449 7460
f 7615 7368 7371
f 7638 7602 7639
f 7575 7501 7345
f 7571 7570 7569
f 7400 7489 7488
f 7508 7632 7566
f 7503 7540 7539
f 6957 7315 7326
f 7376 7438 7377
f 7507 7381 7632
f 7499 7452 7440
f 7286 7456 7499
f 7504 7644 7505
f 7368 7460 7369
f 7645 7627 7643
f 7647 7633 7646
f 7647 7623 7634
f 7649 7623 7648
f 7650 7624 7649
f 7646 7568 7651
f 7651 7567 7652
f 7653 7567 7631
f 7651 7655 7646
f 7656 7658 7659
f 7660 7657 7661
f 7663 7656 7662
f 7664 7663 7666
f 7667 7663 7662
f 7667 7668 7655
f 7663 7661 7657
f 7670 7672 7669
f 7661 7671 7660
f 7659 7662 7656
f 7648 7668 7659
f 7648 7673 7649
f 7659 7674 7673
f 7658 7675 7674
f 7668 7646 7655
f 7660 7676 7675
f 7675 7678 7674
f 7677 7676 7679
f 7677 7681 7678
f 7682 7678 7681
f 7677 7684 7680
f 7673 7678 7683
f 7683 7649 7673
f 7685 7671 7670
f 7667 7686 7666
f 7666 7687 7664
f 7654 7686 7655
f 7689 7686 7688
f 7664 7691 7690
f 7650 7583 7596
f 7693 7631 7584
f 7584 7692 7693
f 7693 7682 7694
f 7694 7681 7695
f 7694 7653 7693
f 7650 7682 7692
f 7696 7652 7653
f 7654 7652 7697
f 7688 7697 7698
f 7699 7697 7696
f 7700 7698 7699
f 7695 7696 7694
f 7699 7702 7700
f 7689 7698 7701
f 7689 7703 7704
f 7705 7707 7703
f 7701 7705 7703
f 7704 7707 7685
f 7685 7691 7704
f 7687 7704 7691
f 7680 7695 7681
f 7684 7702 7680
f 7702 7705 7700
f 7684 7707 7706
f 7676 7707 7679
f 7665 7672 7661
f 7670 7690 7691
f 7665 7690 7669
f 7611 7474 7609
f 7510 7479 7478
f 7511 7537 7512
f 7516 7538 7511
f 7517 7613 7518
f 7537 7478 7512
f 7611 7612 7475
f 7613 7479 7518
f 7556 7517 7520
f 7516 7609 7474
f 7708 7710 7711
f 7712 7714 7715
f 7713 7717 7714
f 7719 7721 7718
f 7722 7597 7409
f 7724 7715 7725
f 7726 7728 7729
f 7731 7573 7730
f 7730 7614 7732
f 7733 7735 7736
f 7721 7724 7737
f 7731 7409 7640
f 7708 7729 7738
f 7737 7709 7739
f 7716 7736 7740
f 7742 7744 7745
f 7740 7735 7746
f 7717 7740 7747
f 7716 7720 7741
f 7748 7711 7710
f 7750 7710 7725
f 7720 7751 7741
f 7734 7728 7735
f 7709 7725 7710
f 7752 7715 7714
f 7739 7708 7738
f 7720 7712 7721
f 7749 7755 7711
f 7745 7756 7747
f 7746 7742 7745
f 7743 7755 7754
f 7727 7735 7728
f 7747 7757 7717
f 7753 7725 7715
f 7751 7620 7733
f 7757 7714 7717
f 7718 7737 7732
f 7747 7746 7745
f 7727 7755 7742
f 7726 7711 7755
f 7759 7756 7758
f 7759 7752 7757
f 7760 7753 7752
f 7761 7750 7753
f 7758 7744 7763
f 7763 7743 7764
f 7754 7764 7743
f 7763 7767 7758
f 7768 7770 7771
f 7772 7771 7773
f 7775 7772 7774
f 7776 7775 7778
f 7779 7775 7774
f 7775 7769 7768
f 7770 7781 7780
f 7782 7772 7773
f 7760 7782 7773
f 7760 7783 7761
f 7773 7784 7783
f 7770 7784 7771
f 7779 7782 7767
f 7782 7758 7767
f 7785 7780 7786
f 7785 7788 7784
f 7787 7786 7789
f 7787 7791 7788
f 7792 7788 7791
f 7787 7794 7790
f 7793 7784 7788
f 7762 7783 7793
f 7796 7780 7795
f 7795 7781 7797
f 7779 7798 7778
f 7799 7778 7798
f 7766 7798 7767
f 7800 7799 7798
f 7802 7799 7803
f 7795 7802 7803
f 7762 7748 7750
f 7805 7754 7749
f 7749 7804 7805
f 7805 7792 7806
f 7806 7791 7807
f 7806 7765 7805
f 7793 7804 7762
f 7808 7764 7765
f 7766 7764 7809
f 7766 7810 7800
f 7811 7809 7808
f 7812 7810 7811
f 7807 7808 7806
f 7811 7814 7812
f 7813 7800 7810
f 7801 7815 7816
f 7817 7819 7815
f 7813 7817 7815
f 7816 7819 7796
f 7796 7803 7816
f 7799 7816 7803
f 7790 7807 7791
f 7794 7814 7790
f 7814 7817 7812
f 7794 7819 7818
f 7786 7819 7789
f 7777 7781 7769
f 7777 7802 7797
f 7528 7718 7529
f 7729 7723 7722
f 7738 7730 7739
f 7732 7739 7730
f 7733 7628 7734
f 7722 7738 7729
f 7621 7719 7528
f 7628 7723 7734
f 7733 7741 7751
f 7732 7529 7718
f 7486 7621 7528
f 7549 7350 7353
f 7353 7349 7354
f 7354 7563 7550
f 7821 7823 7820
f 7824 7826 7827
f 7825 7829 7826
f 7830 7832 7833
f 7834 7827 7835
f 7836 7838 7839
f 7840 7406 7841
f 7841 7598 7842
f 7843 7845 7846
f 7833 7834 7847
f 7848 7836 7839
f 7847 7821 7849
f 7828 7846 7850
f 7853 7855 7852
f 7850 7845 7856
f 7829 7850 7857
f 7828 7832 7851
f 7858 7823 7822
f 7860 7822 7835
f 7831 7851 7832
f 7844 7838 7845
f 7834 7822 7821
f 7863 7827 7826
f 7849 7820 7848
f 7825 7833 7832
f 7859 7866 7823
f 7855 7867 7857
f 7837 7855 7856
f 7865 7852 7866
f 7837 7845 7838
f 7857 7868 7829
f 7864 7835 7827
f 7843 7642 7504
f 7868 7826 7829
f 7830 7847 7842
f 7857 7856 7855
f 7837 7866 7852
f 7836 7823 7866
f 7870 7867 7869
f 7870 7863 7868
f 7871 7864 7863
f 7872 7860 7864
f 7869 7854 7874
f 7874 7853 7875
f 7876 7853 7865
f 7874 7878 7869
f 7879 7881 7882
f 7883 7882 7884
f 7886 7883 7885
f 7887 7886 7889
f 7890 7886 7885
f 7886 7880 7879
f 7891 7880 7892
f 7884 7885 7883
f 7871 7893 7884
f 7871 7894 7872
f 7884 7895 7894
f 7882 7896 7895
f 7890 7893 7878
f 7893 7869 7878
f 7881 7897 7896
f 7898 7895 7896
f 7900 7896 7897
f 7901 7899 7898
f 7904 7902 7903
f 7898 7905 7901
f 7894 7899 7904
f 7904 7872 7894
f 7907 7891 7906
f 7906 7892 7908
f 7890 7909 7889
f 7910 7889 7909
f 7877 7909 7878
f 7912 7909 7911
f 7887 7914 7913
f 7906 7913 7914
f 7873 7858 7860
f 7916 7865 7859
f 7859 7915 7916
f 7916 7903 7917
f 7917 7902 7918
f 7917 7876 7916
f 7873 7903 7915
f 7919 7875 7876
f 7877 7875 7920
f 7911 7920 7921
f 7922 7920 7919
f 7923 7921 7922
f 7918 7919 7917
f 7922 7925 7923
f 7924 7911 7921
f 7912 7926 7927
f 7928 7930 7926
f 7924 7928 7926
f 7927 7930 7907
f 7907 7914 7927
f 7910 7927 7914
f 7901 7918 7902
f 7905 7925 7901
f 7925 7928 7923
f 7905 7930 7929
f 7897 7930 7900
f 7888 7892 7880
f 7888 7913 7908
f 7645 7831 7830
f 7839 7862 7931
f 7841 7848 7840
f 7842 7849 7841
f 7504 7844 7843
f 7839 7840 7848
f 7643 7861 7831
f 7503 7862 7844
f 7846 7861 7843
f 7842 7645 7830
f 7932 7934 7935
f 7936 7938 7939
f 7937 7941 7938
f 7942 7944 7945
f 7947 7949 7946
f 7950 7939 7951
f 7953 7955 7952
f 7956 7958 7959
f 7956 7540 7960
f 7962 7964 7961
f 7936 7965 7945
f 7946 7958 7957
f 7966 7952 7955
f 7965 7933 7967
f 7968 7969 7964
f 7970 7972 7973
f 7974 7964 7963
f 7941 7968 7975
f 7940 7944 7969
f 7976 7935 7934
f 7978 7934 7951
f 7943 7969 7944
f 7947 7963 7962
f 7933 7951 7934
f 7980 7939 7938
f 7967 7932 7966
f 7937 7945 7944
f 7977 7983 7935
f 7973 7984 7975
f 7953 7973 7974
f 7982 7970 7983
f 7974 7954 7953
f 7975 7985 7941
f 7981 7951 7939
f 7961 7544 7545
f 7985 7938 7941
f 7942 7965 7960
f 7975 7974 7973
f 7952 7970 7953
f 7952 7935 7983
f 7987 7984 7986
f 7987 7980 7985
f 7988 7981 7980
f 7989 7978 7981
f 7986 7972 7991
f 7991 7971 7992
f 7993 7971 7982
f 7986 7994 7995
f 7997 7999 7996
f 8000 7999 8001
f 8003 8000 8002
f 8005 8006 8004
f 8007 8003 8002
f 7996 8005 7997
f 7998 8009 8008
f 8010 8000 8001
f 7988 8010 8001
f 7988 8011 7989
f 8011 7999 8012
f 7998 8012 7999
f 8007 8010 7995
f 8010 7986 7995
f 8013 8008 8014
f 8015 8012 8013
f 8017 8013 8014
f 8018 8016 8015
f 8021 8019 8020
f 8015 8022 8018
f 8011 8016 8021
f 8021 7989 8011
f 8023 8014 8008
f 8023 8009 8025
f 8007 8026 8006
f 8026 8004 8006
f 8028 7995 7994
f 8029 8026 8028
f 8030 8027 8031
f 8023 8030 8031
f 7990 7976 7978
f 8033 7982 7977
f 7976 8033 7977
f 8034 8032 8020
f 8035 8020 8019
f 8034 7993 8033
f 7990 8020 8032
f 8036 7992 7993
f 7991 8037 7994
f 7994 8038 8028
f 8039 8037 8036
f 8040 8038 8039
f 8035 8036 8034
f 8039 8042 8040
f 8041 8028 8038
f 8029 8043 8044
f 8045 8047 8043
f 8041 8045 8043
f 8044 8047 8024
f 8024 8031 8044
f 8027 8044 8031
f 8042 8019 8018
f 8022 8042 8018
f 8042 8045 8040
f 8017 8046 8022
f 8014 8047 8017
f 8005 8009 7997
f 8005 8030 8025
f 7506 7943 7942
f 7954 7946 7955
f 7967 7957 7956
f 7960 7967 7956
f 7948 7962 8048
f 7955 7957 7966
f 7641 7979 7943
f 7969 7961 7964
f 7960 7506 7942
f 7362 8050 7436
f 8052 7464 8051
f 8051 7467 8053
f 8054 7600 7604
f 8056 7618 8052
f 7436 8057 7638
f 8049 7361 8056
f 8057 7603 7638
f 8055 7467 7600
f 8058 7604 7603
f 8059 8058 8057
f 8060 8054 8058
f 8061 8055 8054
f 8062 8053 8055
f 8059 8050 8064
f 8064 8049 8065
f 8056 8065 8049
f 8059 8067 8068
f 8069 8071 8072
f 8073 8072 8074
f 8075 8073 8076
f 8077 8075 8076
f 8075 8070 8069
f 8079 8081 8070
f 8082 8070 8081
f 8083 8073 8074
f 8061 8083 8074
f 8061 8084 8062
f 8074 8085 8084
f 8072 8086 8085
f 8077 8083 8068
f 8083 8059 8068
f 8071 8087 8086
f 8088 8085 8086
f 8090 8086 8087
f 8091 8089 8088
f 8094 8092 8093
f 8088 8095 8091
f 8084 8089 8094
f 8094 8062 8084
f 8097 8082 8096
f 8096 8081 8080
f 8077 8098 8078
f 8099 8078 8098
f 8101 8068 8067
f 8102 8098 8101
f 8100 8104 8103
f 8096 8103 8104
f 8075 8100 8079
f 8079 8103 8080
f 8105 8053 8063
f 8066 8052 8106
f 8051 8106 8052
f 8107 8105 8093
f 8108 8093 8092
f 8107 8066 8106
f 8063 8093 8105
f 8109 8065 8066
f 8064 8110 8067
f 8067 8111 8101
f 8112 8110 8109
f 8113 8111 8112
f 8108 8109 8107
f 8112 8115 8113
f 8114 8101 8111
f 8102 8116 8117
f 8118 8120 8116
f 8114 8118 8116
f 8117 8120 8097
f 8097 8104 8117
f 8099 8117 8104
f 8091 8108 8092
f 8095 8115 8091
f 8115 8118 8113
f 8095 8120 8119
f 8087 8120 8090
f 7550 7561 7551
f 7552 7561 7535
f 7931 7539 7542
f 7640 7408 7622
f 7549 7644 7627
f 7525 7544 7641
f 7931 7482 7840
f 7483 7542 7541
f 7626 7405 7487
f 7629 7432 8121
f 7629 7949 7948
f 8122 7949 8121
f 8123 8121 7432
f 8124 7432 7435
f 7434 8125 7435
f 8125 8124 7435
f 8124 7429 8126
f 8123 8126 8127
f 8122 8127 8128
f 7541 7959 8128
f 7404 8129 7531
f 8125 7431 7430
f 7526 7505 7644
f 7626 7541 8128
f 7959 8122 8128
f 7961 8048 7962
f 7629 8048 7545
f 8127 7626 8128
f 7402 8126 7403
f 8129 8126 7429
f 7428 8129 7429
f 7589 7428 7590
f 7471 7366 7606
f 7334 7426 7357
f 7335 7357 7356
f 7616 7446 7445
f 7392 7398 7426
f 7393 7397 7392
f 7342 7394 7393
f 7344 7469 7342
f 7343 7361 7360
f 7360 7344 7343
f 7363 7345 7360
f 7437 7575 7363
f 7582 7437 7639
f 7421 7639 7602
f 7375 7602 7601
f 7599 7375 7601
f 7465 7618 7617
f 7332 7587 7340
f 7447 7335 7445
f 7445 7356 7616
f 7359 7616 7356
f 7636 7442 7359
f 7588 7443 7636
f 7589 7605 7588
f 7590 7606 7589
f 7471 7591 7472
f 7446 7371 7374
f 7371 7372 7374
f 7422 7370 7424
f 7577 7424 7580
f 7536 7580 7533
f 7591 7635 7472
f 7607 7386 7635
f 7543 7494 7527
f 7547 7543 7522
f 7608 7387 7386
f 7387 7416 7385
f 7457 7382 7417
f 7557 7417 7554
f 7559 7554 7553
f 7630 7553 7534
f 7534 7586 7630
f 7466 7337 7599
f 7465 7338 7466
f 7617 7587 7465
f 7341 7617 7343
f 8130 6090 8131
f 6023 8132 8133
f 6182 8133 6784
f 6623 6792 6185
f 6787 6182 6784
f 8134 6696 6787
f 6917 6756 8135
f 6762 7112 6763
f 6762 6184 6759
f 6765 6185 6184
f 6650 6768 6647
f 6772 6916 7259
f 6777 6789 6788
f 6022 6788 8132
f 6756 8134 8135
f 6758 6771 6770
f 6761 6775 7112
f 6769 6621 6766
f 6772 6767 6773
f 6174 6760 6759
f 6187 6178 6670
f 6811 6648 6812
f 6786 6724 6779
f 6791 6918 6885
f 6186 6179 6178
f 6808 8133 8132
f 6884 8135 8134
f 6174 6670 6171
f 6807 6784 8133
f 6791 8132 6788
f 6786 8134 6787
f 6790 6172 6918
f 6649 6792 6650
f 6316 8136 6717
f 8137 6654 8138
f 8139 6601 6160
f 6656 6580 6870
f 6868 8142 6865
f 6316 6711 6313
f 6864 8144 6861
f 6864 8145 6860
f 6868 6869 6710
f 6656 6866 6653
f 8146 8148 8149
f 8139 8151 6640
f 8152 6866 6865
f 8154 8138 6654
f 6874 8156 8157
f 8158 8159 6805
f 8160 6865 8142
f 8161 6313 6711
f 6161 8162 8163
f 8164 6654 6653
f 8153 6653 6866
f 8165 8167 8168
f 8166 8169 8167
f 5989 8170 8169
f 5988 8171 8170
f 8172 6043 6042
f 8174 6032 6035
f 8174 6098 8176
f 8176 6796 8177
f 8177 8178 8179
f 7132 6728 7133
f 6589 8180 7136
f 8180 6004 8181
f 8181 6007 8182
f 6334 6731 6734
f 6079 6645 6731
f 6078 6646 6645
f 6085 8184 6646
f 6091 8185 6093
f 6086 8183 6085
f 6950 7118 7070
f 6952 6992 7127
f 6983 6968 7103
f 6987 7004 7099
f 7001 6979 6978
f 7001 7074 6998
f 7262 7075 7074
f 7264 7127 7075
f 7265 6943 6972
f 7265 6991 6990
f 7266 7070 6991
f 6949 7119 7118
f 7267 6939 7119
f 6983 7099 6940
f 7268 6985 8186
f 7000 8186 6979
f 6938 6985 6984
f 6946 6922 6921
f 6956 6948 6947
f 6971 6928 6927
f 6970 6954 6928
f 6973 6921 6925
f 6977 7263 7105
f 6981 7061 7060
f 6973 7117 6972
f 7097 6979 8186
f 7104 6927 7101
f 6977 7060 6974
f 6976 6944 7263
f 6956 7066 6953
f 6937 8186 6985
f 6938 7101 6935
f 6924 7116 7297
f 6926 7297 7068
f 6930 6962 7304
f 6934 6953 7066
f 6960 6936 6935
f 6963 6928 6954
f 6967 6975 6974
f 7063 7327 7331
f 6959 7096 6936
f 6926 7066 6925
f 7102 7304 7125
f 6967 7331 6964
f 6966 6922 6975
f 7062 7064 7327
f 6963 6932 6961
f 7102 6935 7101
f 7299 7269 8187
f 7301 6932 6931
f 7306 7285 7284
f 7308 6962 6961
f 7315 7284 7309
f 7317 7312 7311
f 7319 6964 7331
f 7322 7297 7116
f 7317 7116 6965
f 7308 7303 7307
f 7326 6958 6957
f 7329 7291 7290
f 7328 7324 7291
f 7301 8187 7302
f 7319 7290 7318
f 7326 7309 7323
f 7272 7321 7275
f 7272 8187 7269
f 7274 7302 8187
f 7281 7307 7303
f 7283 7593 7594
f 7289 7324 7323
f 7293 7330 7294
f 7293 7318 7290
f 7310 7594 7637
f 7314 7595 7320
f 7282 7279 7593
f 7278 7277 7276
f 7314 7270 7311
f 7313 7295 7595
f 7288 7291 7324
f 7289 7637 7286
f 6003 6626 6136
f 6003 7165 6000
f 6690 8189 6691
f 6686 5981 5980
f 6685 6096 5981
f 6687 6806 6096
f 6002 5980 6626
f 6606 5351 5350
f 7164 8190 8191
f 8192 7174 8193
f 6015 8153 8152
f 6189 8155 8154
f 8157 6284 6283
f 6332 8152 8160
f 6593 6317 8161
f 6658 8154 8164
f 6014 8164 8153
f 6332 7131 6333
f 6805 6321 6052
f 6146 8162 6625
f 6607 8195 6604
f 8196 6125 8197
f 8198 7168 8199
f 8199 6633 8200
f 7177 8201 7178
f 8202 8204 8205
f 7208 7185 7205
f 7237 7186 7208
f 6819 7230 7237
f 6818 6824 6819
f 8206 6821 6818
f 8207 8135 8208
f 6917 8209 6916
f 8209 7259 6916
f 8210 6647 7259
f 6812 8212 7258
f 6809 7258 7257
f 6809 8213 6113
f 6113 8214 6110
f 7235 6110 8214
f 7223 7234 6147
f 6147 8215 6148
f 6148 8216 6153
f 8218 6158 8217
f 8219 6116 6119
f 6284 6116 6285
f 6188 8156 8155
f 8155 6873 8138
f 8138 6872 8137
f 8137 8148 6581
f 6193 6281 6190
f 6190 6278 6195
f 8220 8222 8223
f 8224 7139 7138
f 6223 8226 8227
f 6237 8228 8229
f 6238 8227 8230
f 6249 8231 8232
f 6253 8233 8234
f 6236 8221 8228
f 6331 8230 8235
f 6252 8236 8233
f 6222 8229 8226
f 6828 8237 8238
f 6280 8240 8241
f 8208 6883 8206
f 6648 8211 8212
f 6143 8242 8243
f 6624 8244 8242
f 8245 8247 8248
f 8249 8251 8252
f 7195 8254 7196
f 7214 8253 7195
f 8256 7214 7213
f 7243 8257 7244
f 7210 8257 7211
f 8259 6102 8260
f 8261 6121 8262
f 8178 8263 8179
f 7132 8264 8263
f 6797 8265 8264
f 6135 8266 8265
f 6134 8267 8266
f 6151 8268 8267
f 6154 8270 8268
f 8269 8272 8270
f 7194 8273 8274
f 7193 8275 8273
f 8249 8260 8276
f 8248 8278 8245
f 6129 8279 8280
f 7169 8197 6125
f 8198 8192 8197
f 7171 7175 7173
f 6589 7129 6587
f 6801 6040 7129
f 6037 6041 6040
f 6036 6659 6041
f 6131 6118 6659
f 6156 6119 6118
f 8218 6119 6155
f 8219 6815 6642
f 7191 6641 6814
f 8246 7189 7191
f 8245 8281 8282
f 8280 6288 6287
f 6125 7170 7169
f 6288 6602 6123
f 6126 6604 8195
f 8196 6605 6604
f 7174 6691 8189
f 6691 6139 6692
f 7171 8283 7172
f 7172 8284 6142
f 6139 8284 6692
f 8285 8287 8288
f 8211 8289 8286
f 8290 8292 8289
f 8293 8291 8290
f 8293 8208 8295
f 8296 8298 8295
f 6818 8296 8206
f 8285 7258 8212
f 7243 7212 7211
f 7243 8300 8299
f 8301 6739 6738
f 8302 7213 7247
f 8303 7247 6168
f 8304 6168 6167
f 6738 8297 8301
f 8288 6167 6170
f 8304 8291 8305
f 8305 8294 6737
f 6737 8306 8305
f 6736 8307 8306
f 8243 8308 8309
f 8242 8282 8308
f 8247 7191 7190
f 7196 8251 7192
f 8253 8311 8254
f 8255 8310 8253
f 8313 8255 8256
f 7244 8313 8307
f 8313 8258 8312
f 8312 8314 8310
f 8315 8310 8314
f 8311 8316 8252
f 8282 8317 8308
f 8308 8261 8309
f 8309 8262 8318
f 8248 8275 8276
f 8282 8246 8245
f 8307 8256 8302
f 8306 8302 8303
f 8305 8303 8304
f 8298 6737 8294
f 8287 8304 6167
f 7253 7199 7198
f 8319 6028 7199
f 8320 6029 6028
f 8321 7184 6029
f 8322 7185 7184
f 8203 7205 7185
f 8202 7206 7205
f 7239 7210 7209
f 7251 8319 7253
f 7227 8320 8319
f 7217 8321 8320
f 7216 8322 8321
f 7236 8203 8322
f 6175 8200 7204
f 7165 8191 6177
f 6137 7166 6138
f 6200 8283 6137
f 6199 8284 8283
f 8284 6205 6692
f 6205 6689 6692
f 6689 5485 3833
f 7009 8323 7107
f 7013 7021 7020
f 7017 7029 7028
f 7013 7110 7010
f 7073 7084 7089
f 7081 7093 7092
f 7082 7028 7025
f 7088 6995 6994
f 7088 7057 7085
f 7122 7043 7042
f 7124 7024 7126
f 7082 7024 7123
f 7009 7042 7006
f 7012 7126 7021
f 7115 7015 7057
f 7008 7058 8323
f 7081 7120 7078
f 7073 7079 7071
f 6997 7076 7113
f 7023 6942 6941
f 7027 7069 7038
f 7031 6989 6988
f 7079 7033 7032
f 7037 7107 8323
f 7027 7126 7024
f 7041 7029 7114
f 7026 6988 7069
f 7100 6941 7098
f 7108 7002 7019
f 7100 8323 7058
f 6997 7114 6994
f 7022 7039 6942
f 7111 7033 7255
f 7035 7260 7032
f 7261 6996 7260
f 7108 7120 7106
f 7245 8258 7210
f 7246 8314 7245
f 7181 8316 7182
f 8277 6129 8278
f 8278 8280 8281
f 6287 8281 8280
f 6122 8317 6287
f 5487 6144 5488
f 5489 6162 5490
f 6637 8325 8326
f 8326 8225 8224
f 5494 8225 5495
f 6160 8150 8139
f 5496 8151 5497
f 8163 6162 6161
f 6146 8327 8163
f 8243 6144 6143
f 8328 8309 8318
f 8318 5501 5500
f 8262 5502 5501
f 8329 8331 8332
f 8333 8335 8336
f 8338 6007 8337
f 8329 8339 8340
f 8341 6734 8330
f 6006 8337 6007
f 8342 6804 6800
f 6065 8339 8343
f 5995 8341 8340
f 6918 6166 6165
f 7221 6166 6880
f 6172 6880 6166
f 8344 5955 6713
f 5519 5975 5520
f 6806 8346 6695
f 6646 8347 6643
f 8165 8349 6323
f 6322 8131 6090
f 8345 6688 8351
f 6695 5975 5974
f 5976 5528 6713
f 5529 8131 5530
f 6643 8352 8168
f 8183 5532 8184
f 5534 8130 5529
f 6730 5533 8183
f 8351 6093 8185
f 5535 6594 3856
f 8353 6652 6651
f 8354 8355 8356
f 8357 6825 6202
f 8359 6202 6201
f 6224 8356 8360
f 6275 8362 6276
f 6201 7143 8359
f 7146 8359 7143
f 8357 8363 8364
f 8355 8366 8367
f 8361 8368 8362
f 8356 8367 8369
f 8370 8372 7142
f 8220 7145 8374
f 6275 6228 6231
f 5558 6228 6274
f 8375 8367 8366
f 8362 8376 8377
f 8378 8380 8381
f 8363 8382 8383
f 8384 8381 8385
f 8382 8386 8385
f 8383 8364 8363
f 6226 6231 6230
f 6231 8361 6275
f 6636 8389 8379
f 6635 8388 6636
f 8390 5576 5575
f 8379 6232 6636
f 8378 6233 6232
f 8384 8371 6233
f 8372 8393 7141
f 7138 8239 8224
f 8224 8394 8326
f 8146 8394 6282
f 6638 8326 8394
f 6340 6299 6298
f 6747 6577 6576
f 6344 6346 6345
f 6342 6355 6303
f 6353 6349 6297
f 6337 6369 8395
f 6360 6328 6327
f 6358 6386 6385
f 6364 6293 6295
f 6362 6376 6373
f 6366 6297 6296
f 6350 6372 6370
f 6533 6303 6302
f 6534 6346 6343
f 6744 6533 6302
f 6536 6747 6576
f 6357 6894 6386
f 6341 6832 6355
f 6839 6292 6291
f 6837 6380 6379
f 6838 6354 6292
f 6361 6377 6376
f 6363 6296 6293
f 6365 6373 6372
f 6359 6291 6328
f 6836 6385 6380
f 6481 6902 6544
f 6484 6501 6500
f 6477 6487 6474
f 6849 6492 6491
f 6494 6467 6466
f 6547 6544 6543
f 6750 6546 6547
f 6494 6751 6750
f 6843 6500 6846
f 6845 6575 6843
f 6489 6847 6853
f 6474 6491 6490
f 6483 6906 6501
f 6493 6465 6490
f 6471 6544 6902
f 6472 6485 6473
f 6476 6461 6460
f 6470 6542 6545
f 6570 6569 6749
f 6495 6463 6493
f 6475 6462 6461
f 6572 6477 6476
f 6574 6457 6456
f 6569 6543 6545
f 6575 6473 6485
f 6471 6901 6448
f 6469 6508 6513
f 6498 6479 6478
f 6503 6518 6517
f 6489 6505 6486
f 6467 6509 6468
f 6546 6498 6478
f 6549 6752 6753
f 6752 6466 6469
f 6503 6846 6500
f 6850 6844 6846
f 6507 6852 6525
f 6486 6509 6849
f 6502 6909 6518
f 6858 6664 6307
f 8396 6611 6610
f 6833 6324 6216
f 8399 6825 8400
f 6831 8401 8402
f 6707 6826 8399
f 8398 6890 6324
f 6858 8404 6554
f 8405 6610 6876
f 6830 6553 8401
f 8397 6911 6611
f 8400 8358 8365
f 8358 8364 8406
f 8406 8387 8407
f 8389 8380 8379
f 8389 8409 8377
f 8388 8410 8409
f 5575 8410 8390
f 6665 8411 6875
f 8412 6720 6721
f 8413 5601 6720
f 8411 8413 8412
f 6262 6290 6263
f 5602 8414 5604
f 6599 3735 5605
f 7141 7142 8372
f 8393 8241 8240
f 8227 7147 7151
f 8229 8374 7148
f 8230 7151 7153
f 8232 8415 8416
f 8234 8417 8418
f 8221 8374 8228
f 8235 7153 8419
f 8233 8420 8417
f 8226 7148 7147
f 8238 8421 8422
f 7141 8240 7138
f 6581 6655 8137
f 6640 8140 8139
f 6710 8141 6868
f 6717 6712 6316
f 6860 8143 6864
f 6870 6867 6656
f 6717 6726 6714
f 6870 6192 6115
f 6860 6050 6059
f 6710 6025 6024
f 6639 6871 8140
f 6640 8324 6637
f 6581 8147 6193
f 5615 6234 8370
f 7144 8374 7145
f 7144 6210 7149
f 7150 6210 6209
f 7152 6209 6329
f 7152 8419 7153
f 7154 8421 8419
f 7158 8415 8422
f 7160 8420 8416
f 7162 8418 8417
f 7161 5616 8418
f 8370 6233 8371
f 8373 7146 7145
f 8392 8386 8223
f 8391 8372 8371
f 5617 6713 5528
f 5973 3355 5972
f 8345 5619 8346
f 3880 6910 5621
f 8351 5620 8345
f 8346 5520 5975
f 5621 6911 5623
f 5622 8185 5534
f 8150 5497 8151
f 8423 8425 8426
f 8427 6519 8428
f 8429 8431 8432
f 6523 8433 6526
f 8434 8436 8437
f 8438 8434 8439
f 8438 6511 6528
f 8441 8424 8423
f 8427 8430 8429
f 8444 8445 8446
f 8447 8424 8448
f 8449 8444 8450
f 8451 8430 8452
f 8453 8454 8455
f 8456 8437 8453
f 8439 8456 8457
f 8448 8442 8458
f 8452 8443 8449
f 8425 8459 8446
f 8460 8462 8463
f 8464 8466 8467
f 8468 8470 8471
f 8472 8474 8475
f 8476 8478 8479
f 8480 8482 8483
f 8484 8486 8487
f 8485 8489 8486
f 8490 8481 8480
f 8492 8494 8495
f 8495 8496 8497
f 8498 8500 8501
f 8502 8500 8503
f 8504 8506 8507
f 8508 8510 8511
f 8513 8511 8512
f 8507 8514 8515
f 8516 8518 8519
f 8520 8516 8521
f 8522 8524 8525
f 8526 8522 8525
f 8528 8530 8531
f 8532 8529 8533
f 8534 8536 8537
f 8538 8534 8537
f 8464 8481 8465
f 8483 8541 8480
f 8542 8484 8467
f 8487 8540 8483
f 8488 8542 8544
f 8545 8486 8489
f 8481 8466 8465
f 8547 8489 8490
f 8548 8493 8471
f 8549 8502 8492
f 8551 8494 8548
f 8497 8552 8495
f 8469 8499 8470
f 8547 8497 8498
f 8469 8503 8500
f 8501 8550 8545
f 8460 8507 8461
f 8552 8506 8505
f 8554 8510 8463
f 8549 8505 8509
f 8554 8512 8511
f 8513 8550 8508
f 8461 8515 8462
f 8557 8513 8514
f 8558 8519 8479
f 8559 8527 8518
f 8521 8558 8561
f 8553 8517 8520
f 8477 8524 8478
f 8520 8557 8553
f 8476 8525 8477
f 8527 8556 8522
f 8563 8528 8475
f 8564 8531 8565
f 8533 8563 8566
f 8562 8530 8532
f 8473 8536 8474
f 8559 8532 8535
f 8472 8537 8473
f 8560 8539 8564
f 8463 8555 8554
f 8544 8467 8466
f 8470 8548 8471
f 8475 8566 8563
f 8479 8561 8558
f 8484 8483 8482
f 8490 8488 8491
f 8503 8492 8502
f 8498 8496 8499
f 8504 8509 8505
f 8515 8513 8512
f 8519 8527 8526
f 8521 8523 8520
f 8528 8539 8538
f 8533 8535 8532
f 8467 8482 8464
f 8487 8546 8543
f 8544 8491 8488
f 8480 8547 8490
f 8493 8468 8471
f 8495 8549 8492
f 8551 8499 8496
f 8501 8547 8498
f 8460 8510 8504
f 8508 8549 8509
f 8555 8515 8512
f 8506 8557 8514
f 8519 8476 8479
f 8517 8559 8518
f 8561 8524 8521
f 8522 8557 8523
f 8475 8538 8472
f 8567 8531 8530
f 8566 8536 8533
f 8560 8535 8534
f 8442 8568 8569
f 6512 8568 6754
f 8570 8571 8572
f 8426 6514 8423
f 8428 8443 8427
f 6522 8432 6523
f 8437 8433 8454
f 6524 8435 6527
f 6528 8435 8438
f 8423 6550 8441
f 8429 6516 8427
f 6515 8445 6908
f 8441 6754 8568
f 8570 8569 8568
f 8440 6512 6511
f 8569 8458 8442
f 8574 8572 8571
f 8572 8573 8569
f 8453 8577 8456
f 8576 8455 8578
f 8452 8580 8451
f 8573 8582 8458
f 8575 8581 8573
f 8584 8575 8574
f 8571 8457 8574
f 8439 8440 8438
f 8585 8587 8588
f 8587 8590 8588
f 8589 8592 8590
f 8591 8594 8592
f 8593 8596 8594
f 8595 8598 8596
f 8599 8586 8585
f 8601 8600 8599
f 8603 8602 8601
f 8605 8598 8597
f 8607 8604 8603
f 8609 8608 8607
f 8611 8610 8609
f 8606 8612 8611
f 8613 8589 8587
f 8614 8591 8589
f 8615 8593 8591
f 8616 8595 8593
f 8617 8597 8595
f 8619 8617 8616
f 8620 8618 8617
f 8620 8623 8621
f 8624 8626 8627
f 8626 8622 8627
f 8620 8628 8622
f 8622 8629 8627
f 8627 8630 8624
f 8632 8634 8631
f 8636 8633 8635
f 8637 8636 8635
f 8639 8632 8640
f 8633 8641 8635
f 8635 8642 8637
f 8642 8644 8637
f 8645 8637 8644
f 8586 8613 8587
f 8600 8646 8586
f 8616 8648 8619
f 8615 8649 8648
f 8613 8649 8614
f 8651 8613 8646
f 8647 8651 8646
f 8652 8654 8651
f 8602 8647 8600
f 8655 8652 8647
f 8656 8653 8652
f 8653 8659 8654
f 8658 8661 8659
f 8644 8663 8645
f 8664 8662 8665
f 8661 8666 8659
f 8666 8654 8659
f 8667 8651 8654
f 8668 8597 8618
f 8669 8618 8621
f 8670 8621 8623
f 8671 8623 8626
f 8671 8625 8672
f 8625 8673 8672
f 8636 8675 8634
f 8638 8674 8636
f 8645 8676 8638
f 8645 8678 8677
f 8679 8660 8658
f 8657 8658 8653
f 8583 8648 8649
f 8650 8583 8649
f 8667 8581 8650
f 8666 8582 8667
f 8664 8681 8666
f 8682 8665 8683
f 8684 8643 8642
f 8684 8641 8579
f 8639 8579 8641
f 8580 8640 8578
f 8629 8576 8630
f 8604 8655 8602
f 8608 8686 8604
f 8610 8687 8608
f 8612 8688 8610
f 8605 8689 8612
f 8690 8668 8669
f 8691 8689 8690
f 8692 8688 8691
f 8693 8687 8692
f 8656 8686 8693
f 8694 8669 8670
f 8695 8690 8694
f 8696 8691 8695
f 8697 8692 8696
f 8657 8693 8697
f 8697 8679 8657
f 8696 8698 8697
f 8696 8700 8699
f 8694 8700 8695
f 8670 8701 8694
f 8702 8671 8672
f 8701 8703 8700
f 8703 8699 8700
f 8699 8705 8698
f 8698 8680 8679
f 8672 8706 8702
f 8675 8707 8708
f 8674 8709 8707
f 8709 8677 8710
f 8677 8711 8710
f 8712 8710 8711
f 8702 8714 8703
f 8713 8714 8715
f 8707 8716 8717
f 8717 8713 8715
f 8710 8716 8709
f 8708 8717 8715
f 8546 8599 8543
f 8546 8603 8601
f 8550 8603 8545
f 8556 8607 8550
f 8560 8609 8556
f 8564 8611 8560
f 8565 8606 8564
f 8565 8596 8598
f 8567 8594 8596
f 8562 8592 8594
f 8553 8590 8592
f 8590 8541 8588
f 8540 8588 8541
f 8543 8585 8540
f 8684 8450 8685
f 8579 8449 8684
f 8682 8448 8681
f 8447 8683 8459
f 8681 8458 8582
f 8628 8619 8718
f 8584 8619 8648
f 8628 8577 8629
f 8457 8577 8718
f 8574 8718 8584
f 7134 6919 7135
f 6164 6919 6783
f 5485 6609 5921
f 3832 8188 6690
f 5921 6221 3354
f 5922 7128 6607
f 6439 8720 6440
f 8720 6570 6749
f 6570 8721 6464
f 6439 8721 8719
f 6727 6057 6312
f 6312 6073 6247
f 6828 6073 6072
f 6877 6267 6745
f 6745 6299 6744
f 6891 6305 6889
f 6338 6746 6339
f 6438 6410 6435
f 6412 6440 6748
f 6564 6424 6565
f 6842 6577 8395
f 6889 6829 7156
f 6579 6564 6563
f 6435 6565 6424
f 8722 6306 6891
f 8723 6058 6727
f 6269 6878 6879
f 7160 6829 6598
f 8724 8143 8725
f 8238 6248 6828
f 6339 6744 6299
f 8395 6338 6337
f 6879 8404 8726
f 8422 8231 8238
f 8725 6859 8723
f 8416 7157 7160
f 6059 6049 6056
f 6330 6049 6048
f 7156 6259 6889
f 6269 6264 6266
f 6297 6264 6241
f 6340 6351 6337
f 6368 8395 6369
f 6422 6559 6423
f 6436 6404 6437
f 6447 6438 6437
f 6424 6436 6435
f 6331 6099 6330
f 6422 6842 6368
f 8722 6856 8726
f 8141 6862 8142
f 6265 6617 6242
f 6324 6259 6258
f 7158 6260 7156
f 6709 6863 8141
f 8235 6827 6331
f 6298 6352 6340
f 6370 6351 6350
f 6891 8403 8722
f 8419 8237 8235
f 6051 8145 6709
f 8422 7155 7158
f 8721 6446 6464
f 6748 8720 6749
f 8727 6011 8194
f 8158 8144 8724
f 6009 6861 8144
f 6008 6862 6861
f 8142 8727 8160
f 6554 6893 6858
f 6833 6708 8398
f 6708 8403 8398
f 5623 6892 4042
f 8406 8365 8358
f 8407 8366 8406
f 8377 8408 8389
f 8397 6530 6529
f 6651 8400 8353
f 8402 6616 6615
f 6618 8399 6651
f 6554 6878 6551
f 8396 6854 6530
f 8401 6552 6616
f 6892 6529 6743
f 8353 8365 8355
f 8377 6276 8362
f 8409 6277 6276
f 8410 5932 6277
f 8726 6857 8722
f 8726 6855 6879
f 7234 6106 8215
f 8279 6127 6288
f 8354 6227 6652
f 6246 6619 6289
f 8239 6282 8394
f 8162 6286 6625
f 6292 6246 6289
f 6382 6377 6379
f 6392 6396 6393
f 6396 6427 6428
f 6398 6443 6459
f 6459 6458 6460
f 6525 6523 6526
f 6558 6271 6555
f 6429 6560 6561
f 6460 6572 6476
f 6272 3736 3735
f 7128 6602 8195
f 6227 6244 6652
f 7180 6634 6103
f 6642 6285 8219
f 6356 6740 6614
f 6816 8218 8217
f 6820 8301 6817
f 6355 6741 6356
f 6344 6834 6341
f 6364 6840 6361
f 6375 6560 6415
f 6848 6488 6477
f 6853 6506 6489
f 6530 6740 6531
f 8140 6874 6601
f 6555 6831 6876
f 8215 6881 8216
f 6348 6894 6345
f 6383 6896 6417
f 6433 6896 6420
f 6432 6898 6390
f 6406 6898 6407
f 6900 6387 6899
f 6900 6448 6901
f 6472 6903 6482
f 6480 6903 6902
f 6497 6906 6479
f 6908 6518 6909
f 4280 6120 6603
f 6100 7170 6128
f 6632 7188 8201
f 7235 7201 7200
f 7206 7212 7207
f 8213 7232 7231
f 8214 7231 7201
f 6108 7200 7203
f 7238 8300 6820
f 7207 8299 7238
f 8205 7240 8202
f 6170 7232 7256
f 6638 8149 6639
f 6601 8157 6600
f 6600 6283 8162
f 8392 8222 8393
f 6278 8241 6279
f 6816 8274 6813
f 6642 6814 6641
f 6128 6124 8279
f 8195 6127 6126
f 8212 8286 8285
f 8292 8286 8289
f 8290 8210 8209
f 8207 8290 8209
f 8294 8295 8298
f 8206 8295 8208
f 6817 8297 8296
f 8288 7256 8285
f 7209 7240 7239
f 6225 8360 8361
f 8369 8360 8356
f 8375 8368 8369
f 8381 8387 8383
f 8385 8383 8382
f 8385 8391 8384
f 8147 6282 6281
f 6345 6835 6344
f 6327 6834 6360
f 6295 6841 6364
f 6379 6840 6837
f 6853 6845 6844
f 6479 6905 6480
f 6848 6571 6573
f 6452 6904 6472
f 6525 6851 6520
f 6496 6907 6497
f 8402 6876 6831
f 8408 8387 8380
f 6279 8222 8221
f 6872 8149 8148
f 8223 8373 8220
f 6526 8436 6524
f 8446 8426 8425
f 8455 8431 8451
f 8446 8450 8444
f 8454 8432 8431
f 6908 8428 6519
f 8578 8451 8580
f 8632 8625 8624
f 8640 8624 8630
f 8660 8662 8661
f 8662 8643 8665
f 8675 8631 8634
f 8680 8663 8660
f 8683 8643 8685
f 8578 8630 8576
f 8673 8708 8706
f 8678 8705 8711
f 8711 8704 8712
f 8706 8715 8714
f 8703 8712 8704
f 8459 8685 8450
f 8407 8376 8375
f 6615 8405 8402
f 5993 6335 5994
f 6060 6018 5991
f 5993 6081 6080
f 6105 6176 6702
f 6177 6000 7165
f 6309 6310 6251
f 8725 6314 8724
f 8724 6318 8158
f 6321 6053 6052
f 6249 6310 6247
f 6596 6257 6597
f 8188 6605 8189
f 5986 6682 6060
f 6714 6311 6309
f 6047 6086 6081
f 6875 6304 6665
f 6001 6912 5983
f 7162 6597 6257
f 7254 6912 6704
f 6684 7163 7254
f 8723 6315 8725
f 6592 6318 6317
f 8332 8171 8728
f 6607 5350 5922
f 8191 8198 8199
f 8197 8193 8196
f 8159 6319 6321
f 8232 6595 6249
f 8192 7173 7175
f 8189 8193 7174
f 6177 8199 6175
f 6733 8330 6734
f 8340 8330 8329
f 8341 6335 6334
f 8412 6875 8411
f 8414 6273 6599
f 8416 8236 8232
f 6727 8136 8723
f 8417 7159 7162
f 6277 5558 6274
f 5935 6635 6235
f 5991 6061 6060
f 6019 6682 6681
f 5999 6033 5996
f 6045 6677 6680
f 6055 6083 7130
f 5995 6063 5992
f 6084 6053 6046
f 6088 5989 8166
f 6063 6046 5992
f 6066 6034 5999
f 6103 7181 7180
f 6673 6133 6132
f 6149 6153 6152
f 6323 8166 8165
f 6585 6083 6082
f 6630 6702 6176
f 6634 7168 7167
f 6676 6152 6133
f 6703 6628 7248
f 6796 6728 8178
f 6069 6097 6066
f 6132 6674 6673
f 6803 6800 6804
f 6011 6055 7130
f 6799 6582 6585
f 7194 6881 6882
f 7131 6583 6333
f 6798 6913 6674
f 7179 8204 7236
f 7183 7246 7242
f 7188 7242 7241
f 6109 7192 6882
f 7204 6176 6175
f 7219 6628 6627
f 7218 7248 6628
f 7179 6627 7176
f 7250 6704 6703
f 7228 7249 7248
f 6678 7249 6679
f 5997 7251 5998
f 8168 6644 6643
f 8167 6732 6644
f 8169 6733 6732
f 8170 8331 6733
f 8336 8173 8172
f 8182 8175 8174
f 8182 8176 8181
f 8181 8177 8180
f 8180 8179 7136
f 7133 6590 6913
f 7130 8194 6011
f 8200 6632 7177
f 7178 8205 8204
f 8269 6153 8216
f 8254 8252 8251
f 8260 6101 8277
f 8179 6802 7136
f 8263 6038 6802
f 8264 6039 6038
f 8265 6130 6039
f 8266 6157 6130
f 8267 6158 6157
f 8268 8217 6158
f 8270 6816 8217
f 6813 8273 7190
f 8273 8247 7190
f 8276 8277 8248
f 7192 8250 7193
f 8252 8259 8249
f 8276 8250 8249
f 7204 7177 7176
f 7182 8315 7246
f 8343 8334 8333
f 8333 8342 8343
f 8343 6800 6065
f 8340 6064 5995
f 6323 8350 6322
f 8168 8348 8165
f 8349 5936 8350
f 8352 5938 8348
f 6103 7167 6100
f 8271 8216 6881
f 8201 7241 8205
f 8274 8271 7194
f 5991 6017 5988
f 8728 6017 6016
f 5997 6680 6679
f 5996 6045 6680
f 6033 6042 6045
f 6042 8175 8172
f 8172 8338 8336
f 8336 8337 8333
f 6684 6677 6681
f 6681 6044 6019
f 6019 6043 6016
f 6016 8173 8728
f 8728 8335 8332
f 8332 8334 8329
f 8194 8160 8727
f 6805 6009 8158
f 5940 7137 6719
f 8324 5942 8325
f 8325 5495 8225
f 6253 4292 6250
f 7137 5944 6715
f 8348 5937 8349
f 8350 5530 8131
f 5624 6159 5489
f 6718 5940 6719
f 8327 5490 6162
f 8347 5939 8352
f 5933 6121 6120
f 8184 5946 8347
f 7142 5615 8370
f 6145 5945 8327
f 8234 5943 6253
f 8328 5488 6144
f 8318 5948 8328
f 7139 4299 7140
f 8418 5947 8234
f 5604 6599 5605
f 5949 6712 6716
f 5944 6716 6715
f 6720 5950 6255
f 6255 4322 6256
f 5614 6235 6234
f 6711 5951 8161
f 8161 3857 6593
f 5973 2965 3013
f 2965 5963 222
f 222 5960 223
f 223 5958 3186
f 5958 3185 3186
f 5957 2977 3185
f 5970 1213 2977
f 5967 1214 1213
f 2532 5966 5953
f 2894 5953 5952
f 2871 5952 8344
f 5510 5721 5509
f 5822 5824 5823
f 3511 3844 3735
f 3887 3889 3888
f 3876 3878 3877
f 3356 3911 3909
f 3372 3390 3391
f 3849 3851 3850
f 3481 3867 3866
f 3873 3385 3382
f 3875 3450 3452
f 3915 3865 3862
f 3657 3671 3656
f 5618 3013 2152
f 1997 1889 1892
f 1237 744 855
f 1535 120 121
f 1531 201 214
f 1119 1032 984
f 946 824 947
f 163 5 162
f 9041 9175 9193
f 1155 1162 1164
f 427 327 424
f 553 796 498
f 8732 2231 2237
f 8732 2230 2232
f 2237 3180 8732
f 8734 8736 8733
f 8735 8738 8736
f 8737 8740 8738
f 8739 8742 8740
f 8743 8745 8746
f 8746 8747 8748
f 8749 8748 8747
f 8751 8750 8749
f 8754 8756 8753
f 8757 8755 8754
f 8759 8758 8757
f 8761 8760 8759
f 8763 8762 8761
f 8766 8749 8765
f 8765 8747 8767
f 8767 8745 8768
f 8768 8744 8769
f 8744 8771 8769
f 8770 8772 8771
f 8741 8773 8772
f 8739 8774 8773
f 8737 8775 8774
f 8735 8776 8775
f 8776 8777 3184
f 2904 8779 2947
f 8780 2904 2902
f 8781 2902 2876
f 2875 8781 2876
f 8783 2733 2736
f 2825 8786 2824
f 8788 8790 8787
f 8792 8787 8791
f 2724 8785 2825
f 8787 3115 3117
f 8791 3117 3119
f 8794 8765 8793
f 8793 8767 8795
f 8795 8768 8796
f 8796 8769 8797
f 8797 8771 8798
f 8771 8799 8798
f 8772 8800 8799
f 8773 8801 8800
f 8774 8802 8801
f 8775 8803 8802
f 8776 3056 8803
f 8802 2253 2252
f 8801 2252 1727
f 8800 1727 2150
f 8799 2150 1941
f 8804 8799 1941
f 8805 8798 8804
f 8806 8797 8805
f 8807 8796 8806
f 8793 8807 8808
f 8794 8808 8809
f 8810 8809 8808
f 8808 8806 8810
f 8810 8805 8812
f 8813 8810 8812
f 8812 8804 8814
f 8815 8812 8814
f 8814 1941 1360
f 8755 8752 8756
f 8758 8750 8755
f 8760 8748 8758
f 8762 8746 8760
f 8816 8764 8763
f 8818 8820 8817
f 8816 8782 8784
f 8821 8817 8816
f 8789 8783 8786
f 8818 8789 8788
f 8819 8788 8792
f 8822 8819 8823
f 8823 8792 8824
f 8824 8791 2712
f 2712 3119 3128
f 8826 8823 8825
f 8825 8824 8827
f 8827 2712 2711
f 8828 2711 2400
f 8829 8827 8828
f 8830 8825 8829
f 8743 8764 8831
f 8817 8831 8764
f 8770 8743 8831
f 8741 8831 8742
f 8820 8742 8831
f 8740 8822 8826
f 8738 8826 8830
f 8736 8830 8832
f 8833 2400 2402
f 8834 8828 8833
f 8832 8829 8834
f 8835 2402 2707
f 3058 2707 2708
f 3061 8835 3058
f 8836 8833 8835
f 8733 8832 8837
f 8837 8834 8836
f 8777 8733 8838
f 8838 8837 1962
f 8837 3061 1962
f 1961 8838 1962
f 3057 8777 8838
f 8779 8753 8839
f 8778 8754 8779
f 8780 8757 8778
f 8781 8759 8780
f 8782 8761 8781
f 8821 8784 8783
f 8785 8789 8786
f 2723 8790 8785
f 2875 8784 8782
f 2736 8786 8783
f 2947 8839 8944
f 8815 1360 8941
f 1900 1924 1901
f 1736 1718 1750
f 1955 1943 1956
f 1671 1735 1751
f 1696 1698 1692
f 1800 1864 1801
f 2063 2056 2060
f 1737 1717 1736
f 1751 1697 1695
f 943 9351 684
f 9108 8753 9057
f 1577 1764 1703
f 9369 1599 9375
f 1945 82 1944
f 68 7 248
f 147 1543 148
f 1109 1133 1102
f 1503 1907 1908
f 1499 1909 1498
f 452 735 215
f 1824 9287 9297
f 1825 2068 1824
f 1463 1022 1194
f 841 1009 1011
f 1568 1955 1534
f 1926 1927 1923
f 1910 1502 1939
f 1939 422 442
f 309 1940 308
f 1804 1866 1803
f 269 1954 56
f 2065 2060 2056
f 9264 1758 9287
f 280 552 1940
f 1875 1869 1874
f 1739 1734 1737
f 5923 5899 5924
f 1778 1790 1788
f 310 1915 279
f 1909 1906 1954
f 1789 1778 1788
f 978 980 979
f 1584 1731 1583
f 425 311 312
f 148 115 116
f 2044 9346 2046
f 277 1939 551
f 1943 1945 1944
f 1461 1463 1464
f 2253 3056 3055
f 2981 8927 958
f 2209 8927 3055
f 2254 3055 8927
f 2998 958 8927
f 2826 2721 2724
f 8928 2721 2817
f 2816 8928 2817
f 2334 2296 2335
f 2298 2334 2336
f 2301 2336 2338
f 2311 2338 2354
f 2312 2354 2355
f 2359 2361 2360
f 2335 2359 2360
f 2414 2365 2364
f 2413 2361 2365
f 2355 2540 2541
f 2541 2539 2542
f 2722 2739 2738
f 3114 2738 3113
f 3110 3121 3120
f 3108 3120 3113
f 3122 3127 3126
f 3112 3126 3121
f 3127 1753 3135
f 3139 2529 2542
f 9196 3133 3139
f 8928 2740 2739
f 8929 2789 8928
f 228 91 88
f 245 243 242
f 248 247 191
f 2 296 295
f 145 300 267
f 327 210 328
f 329 331 330
f 250 228 236
f 239 240 230
f 373 375 374
f 178 176 175
f 1218 1228 1321
f 9314 1295 9306
f 808 824 823
f 9310 1013 1014
f 9265 1411 1413
f 2154 2159 2160
f 9297 1758 1757
f 306 1922 452
f 2157 1976 1977
f 708 2031 1474
f 1450 1227 1428
f 1672 1605 1624
f 1813 1821 1816
f 1717 1715 1718
f 176 402 347
f 1710 9368 9367
f 1712 1577 1711
f 1705 1711 1704
f 3435 3475 3434
f 971 979 970
f 822 1094 1102
f 2909 2793 2792
f 2810 2795 2793
f 2799 2249 2800
f 9114 2910 2799
f 2769 2801 2795
f 3177 3178 3179
f 3178 3180 3179
f 3181 1393 2800
f 3181 1632 3182
f 3182 2244 3183
f 3183 2243 3180
f 8932 2790 8929
f 2808 8929 2816
f 2239 9016 2240
f 1149 9015 9014
f 1150 9011 9015
f 2202 9010 2015
f 2921 9009 2923
f 9012 2133 2928
f 1777 1759 1792
f 1201 1183 1184
f 9005 2195 2194
f 8997 2770 2768
f 9379 1687 1692
f 1516 154 503
f 8993 2974 2803
f 8994 2779 2778
f 2771 9019 8990
f 3070 8990 9002
f 8991 2775 2867
f 1376 1370 1372
f 2767 9000 2206
f 2195 8987 2767
f 2775 8986 2776
f 8344 8989 2871
f 9256 8983 2806
f 2776 8982 2805
f 2240 8979 2920
f 2920 9121 9071
f 8992 2786 2779
f 1805 1851 1804
f 8978 2787 2786
f 2951 8984 8975
f 2772 8975 9019
f 2973 8974 8980
f 2224 8981 8974
f 1957 320 510
f 306 304 303
f 2770 8972 2913
f 2913 9018 2239
f 2923 8971 2922
f 308 431 47
f 207 132 543
f 1879 1881 1880
f 9185 8969 2089
f 2475 9002 8968
f 2476 8968 8967
f 2223 8967 8981
f 8966 2803 2802
f 2037 11 1950
f 1959 450 505
f 2003 8964 2129
f 9 334 540
f 2009 8962 9011
f 2008 8980 8962
f 9329 673 9331
f 8959 2778 2784
f 2935 8957 2936
f 111 9014 8955
f 3238 3341 3237
f 8954 2935 2938
f 683 9337 943
f 8952 2810 2909
f 736 732 729
f 1795 1803 1796
f 8949 2938 2939
f 8951 2939 2940
f 2950 8948 2949
f 2940 8948 8951
f 9253 8956 2950
f 2868 8946 2869
f 2869 8966 2802
f 1024 1023 1020
f 8944 2948 2947
f 551 442 443
f 2972 9012 2928
f 2032 8943 2972
f 216 1924 1923
f 3532 3482 3533
f 203 201 200
f 3539 3541 3540
f 1828 1847 1837
f 1958 449 450
f 272 178 175
f 2871 8939 1361
f 9071 9008 2921
f 2801 9095 9114
f 2005 9106 2176
f 960 899 962
f 9109 9064 9076
f 9232 9098 3151
f 3151 9045 2555
f 2193 9075 2194
f 9059 3145 3144
f 9055 2761 3145
f 9044 3144 3104
f 2926 9086 3103
f 9086 3104 3103
f 9207 9198 9205
f 566 9210 2005
f 8839 1864 8944
f 1602 2079 2078
f 2868 9063 2922
f 2922 9062 2923
f 2923 9070 2921
f 9122 2918 9066
f 9071 9066 2920
f 2921 9122 9071
f 2920 9038 2240
f 9065 2915 2918
f 2917 9074 9093
f 2916 9093 9094
f 2239 9104 2913
f 2911 9104 2757
f 9095 2911 2910
f 2797 9114 9043
f 2797 9050 2750
f 9074 2763 2765
f 9060 2764 2745
f 2194 9100 2221
f 2221 9101 2222
f 2756 9061 2755
f 2750 9061 2747
f 9121 1817 9279
f 9215 1691 1699
f 2515 9042 2548
f 2548 9045 2550
f 2513 9084 9068
f 2513 9073 2515
f 2509 9072 2289
f 2510 9085 2509
f 2289 9091 2283
f 2283 9069 2286
f 2240 9039 2239
f 9111 9076 9078
f 716 9339 9340
f 727 9213 1923
f 2165 2170 2164
f 9112 9078 9081
f 9195 9030 9209
f 2175 769 770
f 2100 2095 2099
f 9210 9209 9030
f 640 9012 1826
f 1653 8997 1651
f 1895 8974 746
f 746 8981 741
f 1653 8972 9020
f 9214 1604 1672
f 2093 2073 2078
f 959 995 884
f 962 919 986
f 1400 1398 1399
f 1000 1127 1004
f 956 884 885
f 1662 8994 1661
f 2034 8990 1654
f 9378 8983 9254
f 8979 766 1817
f 9016 765 766
f 334 9015 335
f 1868 8984 1656
f 1684 1652 1678
f 1682 775 1807
f 1585 9214 1700
f 9215 1672 1673
f 2173 490 491
f 1658 8991 1752
f 9000 1650 724
f 1571 2010 1572
f 1587 9123 2080
f 2099 2077 2094
f 787 1999 786
f 2000 786 1999
f 3155 9149 9135
f 9165 9135 9241
f 2180 9137 9136
f 8940 9136 9157
f 1684 9292 1651
f 1760 8939 8989
f 2607 9145 2590
f 2581 9141 2607
f 2371 9152 9147
f 2371 9145 2372
f 2587 9127 2586
f 2586 9149 339
f 2497 9139 2503
f 2502 9139 9152
f 2494 9142 2495
f 9142 2472 2495
f 9140 2468 2472
f 9153 2469 2468
f 726 9344 630
f 581 8962 580
f 10 9014 334
f 1837 8954 1849
f 741 8967 1300
f 1299 9002 2034
f 1851 8948 1866
f 8971 1820 1819
f 580 8980 1895
f 1758 8966 8946
f 1693 8952 1806
f 8948 1867 1866
f 1894 9012 8943
f 2126 9265 9293
f 9358 9293 9364
f 2113 9319 2110
f 2179 9241 9137
f 624 9356 623
f 2192 9240 9232
f 2177 9239 9185
f 1364 9285 1338
f 9310 1470 1453
f 3135 9227 9196
f 2069 9287 2068
f 1351 9305 1352
f 2108 9353 499
f 2089 9188 9185
f 9280 1358 866
f 2001 9235 2187
f 2187 9171 2091
f 2130 9204 2004
f 2004 9201 2001
f 2014 9231 2201
f 2201 9208 2130
f 3167 9211 2969
f 3168 9172 3167
f 3159 9216 3160
f 3160 9217 3081
f 9182 3158 337
f 3158 9161 3159
f 2200 9182 9174
f 9137 9194 2204
f 9174 2197 2200
f 9242 2092 9173
f 9226 9173 2197
f 3154 9242 9226
f 3155 9158 3154
f 2091 9173 2092
f 2196 9202 9228
f 2193 9228 9233
f 9056 9233 9240
f 2086 9232 9230
f 2087 9230 9229
f 2204 9203 2205
f 2205 9202 3148
f 9361 574 692
f 2124 9229 9212
f 2208 9212 9234
f 9163 3140 3137
f 9237 3138 3140
f 9197 3139 3138
f 9223 3136 2322
f 9164 3137 3136
f 9227 3131 3133
f 9219 3132 3131
f 1813 9290 1814
f 1293 9308 1344
f 2184 9200 9184
f 2181 9184 9186
f 9217 3079 3081
f 9220 3080 3079
f 709 9327 2031
f 2774 9189 9221
f 9238 2134 9003
f 9261 766 765
f 2968 9218 2959
f 2969 9236 2968
f 2958 9189 2961
f 2132 9218 2960
f 2321 9223 9200
f 9312 1449 28
f 9357 582 710
f 9338 577 574
f 9299 1818 9279
f 705 9339 2121
f 9268 9359 698
f 2111 9363 2113
f 9262 1366 1411
f 1812 9274 1815
f 675 9304 674
f 8940 9303 675
f 2110 9320 2109
f 2104 9353 2106
f 2109 9351 944
f 9294 703 739
f 1680 9298 1684
f 1639 9271 9270
f 623 9358 697
f 2139 9318 9317
f 1808 9296 9289
f 9272 1819 1820
f 9324 9352 706
f 1646 9282 1648
f 9341 633 577
f 2139 9327 18
f 2156 9323 9326
f 674 9365 9321
f 2117 9264 2069
f 1815 9299 9275
f 9307 1444 1470
f 697 9364 9268
f 866 9288 9280
f 9316 2136 2135
f 9037 9178 9041
f 9035 9183 9037
f 9205 9190 9191
f 9192 9033 9195
f 1088 9198 1093
f 9191 9195 9205
f 2791 8933 2792
f 8932 2807 8933
f 2792 8934 2909
f 8933 2806 8934
f 8952 8934 8960
f 8960 2806 8983
f 2948 9243 9253
f 2105 9348 2104
f 8982 9256 2805
f 680 9328 683
f 1891 9362 9343
f 2905 9253 2950
f 2900 9251 2905
f 2901 9259 2877
f 2734 9258 9246
f 2877 9258 2878
f 2820 9246 2872
f 2818 9244 2827
f 2823 9244 2826
f 2822 9250 2821
f 2819 9252 9250
f 2817 9247 2816
f 2809 9247 2815
f 2808 9255 2807
f 2805 9255 2804
f 1702 9375 1599
f 9374 1797 1802
f 9367 1706 1709
f 9370 1692 1698
f 1657 9332 1879
f 1890 9347 9362
f 9224 1674 1675
f 1689 9224 9225
f 9378 8982 1688
f 8960 1689 9225
f 9369 1703 1764
f 1598 9380 1770
f 9332 1876 1879
f 1691 9377 9379
f 9377 1688 1687
f 1117 1118 9382
f 1066 1322 9382
f 1243 847 9382
f 9277 848 9382
f 1128 1117 9382
f 1129 1130 9382
f 841 1011 9382
f 1230 9315 9382
f 1242 1243 9382
f 1322 1229 9382
f 1064 1065 9382
f 1003 1128 9382
f 1229 1230 9382
f 9315 1285 9382
f 1285 1288 9382
f 848 839 9382
f 847 9277 9382
f 1118 1129 9382
f 1065 1066 9382
f 1087 1086 9382
f 1008 1002 9382
f 1011 1008 9382
f 1002 1003 9382
f 1076 1069 9382
f 838 841 9382
f 839 838 9382
f 1288 1242 9382
f 1130 1087 9382
f 1086 1076 9382
f 1069 1064 9382
f 2410 2414 9383
f 2411 2410 9383
f 9069 2285 9383
f 2394 2393 9383
f 2393 2396 9383
f 2281 2286 9383
f 2282 2280 9383
f 2398 2399 9383
f 2465 2464 9383
f 2396 2397 9383
f 2470 2469 9383
f 2399 2416 9383
f 2480 2395 9383
f 2459 2480 9383
f 2369 2282 9383
f 2460 2459 9383
f 2415 2411 9383
f 2416 2415 9383
f 2364 2363 9383
f 2286 9069 9383
f 2464 2470 9383
f 2469 9155 9383
f 2285 2465 9383
f 2414 2364 9383
f 2395 2394 9383
f 2363 2367 9383
f 2397 2398 9383
f 2280 2281 9383
f 9155 2460 9383
f 2367 2369 9383
f 9386 9389 9390
f 9386 9391 9387
f 9384 9389 9385
f 9390 9395 9391
f 9389 9392 9393
f 9389 9394 9390
f 9394 9399 9395
f 9393 9396 9397
f 9394 9397 9398
f 9399 9402 9403
f 9396 9401 9397
f 9397 9402 9398
f 9402 9407 9403
f 9401 9404 9405
f 9402 9405 9406
f 9407 9410 9411
f 9405 9408 9409
f 9405 9410 9406
f 9411 9414 9415
f 9409 9412 9413
f 9410 9413 9414
f 9414 9419 9415
f 9412 9417 9413
f 9413 9418 9414
f 9418 9423 9419
f 9417 9420 9421
f 9418 9421 9422
f 9422 9427 9423
f 9420 9425 9421
f 9421 9426 9422
f 9426 9431 9427
f 9425 9428 9429
f 9426 9429 9430
f 9431 9434 9435
f 9428 9433 9429
f 9429 9434 9430
f 9434 9439 9435
f 9433 9436 9437
f 9434 9437 9438
f 9439 9442 9443
f 9436 9441 9437
f 9437 9442 9438
f 9443 9446 9447
f 9441 9444 9445
f 9442 9445 9446
f 9447 9450 9451
f 9444 9449 9445
f 9445 9450 9446
f 9450 9455 9451
f 9449 9452 9453
f 9450 9453 9454
f 9454 9459 9455
f 9452 9457 9453
f 9453 9458 9454
f 9458 9463 9459
f 9457 9460 9461
f 9458 9461 9462
f 9463 9466 9467
f 9460 9465 9461
f 9461 9466 9462
f 9466 9471 9467
f 9465 9468 9469
f 9466 9469 9470
f 9471 9474 9475
f 9468 9473 9469
f 9469 9474 9470
f 9475 9478 9479
f 9473 9476 9477
f 9474 9477 9478
f 9479 9482 9483
f 9476 9481 9477
f 9477 9482 9478
f 9483 9486 9487
f 9481 9484 9485
f 9482 9485 9486
f 9486 9491 9487
f 9484 9489 9485
f 9485 9490 9486
f 9490 9495 9491
f 9489 9492 9493
f 9490 9493 9494
f 9495 9498 9499
f 9492 9497 9493
f 9493 9498 9494
f 9498 9503 9499
f 9497 9500 9501
f 9498 9501 9502
f 9503 9507 9508
f 9500 9506 9501
f 9501 9507 9502
f 9508 9511 9512
f 9505 9510 9506
f 9507 9510 9511
f 9384 9504 9388
f 9388 9504 9392
f 9392 9504 9396
f 9396 9504 9400
f 9400 9504 9404
f 9404 9504 9408
f 9408 9504 9412
f 9412 9504 9416
f 9416 9504 9420
f 9420 9504 9424
f 9424 9504 9428
f 9428 9504 9432
f 9432 9504 9436
f 9436 9504 9440
f 9440 9504 9444
f 9444 9504 9448
f 9448 9504 9452
f 9452 9504 9456
f 9456 9504 9460
f 9460 9504 9464
f 9464 9504 9468
f 9468 9504 9472
f 9472 9504 9476
f 9476 9504 9480
f 9480 9504 9484
f 9484 9504 9488
f 9488 9504 9492
f 9492 9504 9496
f 9496 9504 9500
f 9500 9504 9505
f 9505 9504 9509
f 9512 9386 9387
f 9510 9384 9385
f 9510 9386 9511
f 9509 9504 9384
f 9521 9533 9534
f 9518 9532 9519
f 9517 9529 9530
f 9515 9527 9528
f 9523 9537 9524
f 9521 9535 9522
f 9519 9533 9520
f 9518 9530 9531
f 9515 9529 9516
f 9513 9527 9514
f 9524 9538 9525
f 9523 9535 9536
f 9528 9542 9529
f 9526 9540 9527
f 9538 9550 9551
f 9535 9549 9536
f 9534 9546 9547
f 9531 9545 9532
f 9530 9542 9543
f 9528 9540 9541
f 9537 9549 9550
f 9534 9548 9535
f 9532 9546 9533
f 9531 9543 9544
f 9541 9555 9542
f 9540 9552 9553
f 9550 9564 9551
f 9548 9562 9549
f 9547 9559 9560
f 9544 9558 9545
f 9542 9556 9543
f 9541 9553 9554
f 9549 9563 9550
f 9547 9561 9548
f 9546 9558 9559
f 9544 9556 9557
f 9555 9567 9568
f 9552 9566 9553
f 9564 9576 9577
f 9562 9574 9575
f 9559 9573 9560
f 9557 9571 9558
f 9555 9569 9556
f 9553 9567 9554
f 9562 9576 9563
f 9561 9573 9574
f 9559 9571 9572
f 9557 9569 9570
f 9567 9581 9568
f 9566 9578 9579
f 9576 9590 9577
f 9575 9587 9588
f 9572 9586 9573
f 9571 9583 9584
f 9569 9581 9582
f 9566 9580 9567
f 9576 9588 9589
f 9574 9586 9587
f 9571 9585 9572
f 9569 9583 9570
f 9581 9593 9594
f 9578 9592 9579
f 9590 9602 9603
f 9588 9600 9601
f 9585 9599 9586
f 9583 9597 9584
f 9582 9594 9595
f 9579 9593 9580
f 9589 9601 9602
f 9587 9599 9600
f 9584 9598 9585
f 9583 9595 9596
f 9594 9606 9607
f 9592 9604 9605
f 9602 9616 9603
f 9601 9613 9614
f 9598 9612 9599
f 9596 9610 9597
f 9594 9608 9595
f 9592 9606 9593
f 9601 9615 9602
f 9600 9612 9613
f 9598 9610 9611
f 9596 9608 9609
f 9607 9619 9620
f 9605 9617 9618
f 9615 9629 9616
f 9613 9627 9614
f 9611 9625 9612
f 9610 9622 9623
f 9607 9621 9608
f 9605 9619 9606
f 9615 9627 9628
f 9613 9625 9626
f 9611 9623 9624
f 9608 9622 9609
f 9619 9633 9620
f 9617 9631 9618
f 9628 9642 9629
f 9627 9639 9640
f 9625 9637 9638
f 9622 9636 9623
f 9621 9633 9634
f 9619 9631 9632
f 9627 9641 9628
f 9625 9639 9626
f 9623 9637 9624
f 9622 9634 9635
f 9632 9646 9633
f 9630 9644 9631
f 9642 9654 9655
f 9639 9653 9640
f 9638 9650 9651
f 9635 9649 9636
f 9634 9646 9647
f 9632 9644 9645
f 9641 9653 9654
f 9638 9652 9639
f 9636 9650 9637
f 9635 9647 9648
f 9645 9659 9646
f 9644 9656 9657
f 9654 9668 9655
f 9652 9666 9653
f 9651 9663 9664
f 9648 9662 9649
f 9646 9660 9647
f 9645 9657 9658
f 9653 9667 9654
f 9651 9665 9652
f 9650 9662 9663
f 9648 9660 9661
f 9659 9671 9672
f 9656 9670 9657
f 9668 9680 9681
f 9665 9679 9666
f 9663 9677 9664
f 9661 9675 9662
f 9659 9673 9660
f 9657 9671 9658
f 9666 9680 9667
f 9665 9677 9678
f 9663 9675 9676
f 9661 9673 9674
f 9671 9685 9672
f 9670 9682 9683
f 9680 9694 9681
f 9678 9692 9679
f 9677 9689 9690
f 9675 9687 9688
f 9673 9685 9686
f 9670 9684 9671
f 9680 9692 9693
f 9678 9690 9691
f 9675 9689 9676
f 9673 9687 9674
f 9685 9697 9698
f 9682 9696 9683
f 9694 9706 9707
f 9692 9704 9705
f 9689 9703 9690
f 9687 9701 9688
f 9686 9698 9699
f 9683 9697 9684
f 9693 9705 9706
f 9691 9703 9704
f 9688 9702 9689
f 9687 9699 9700
f 9698 9710 9711
f 9696 9708 9709
f 9706 9720 9707
f 9705 9717 9718
f 9702 9716 9703
f 9700 9714 9701
f 9698 9712 9699
f 9696 9710 9697
f 9705 9719 9706
f 9704 9716 9717
f 9702 9714 9715
f 9700 9712 9713
f 9711 9723 9724
f 9709 9721 9722
f 9719 9733 9720
f 9717 9731 9718
f 9715 9729 9716
f 9714 9726 9727
f 9711 9725 9712
f 9709 9723 9710
f 9718 9732 9719
f 9717 9729 9730
f 9715 9727 9728
f 9712 9726 9713
f 9723 9737 9724
f 9721 9735 9722
f 9733 9745 9746
f 9731 9743 9744
f 9729 9741 9742
f 9726 9740 9727
f 9725 9737 9738
f 9723 9735 9736
f 9732 9744 9745
f 9729 9743 9730
f 9727 9741 9728
f 9726 9738 9739
f 9736 9750 9737
f 9734 9748 9735
f 9746 9758 9759
f 9743 9757 9744
f 9742 9754 9755
f 9739 9753 9740
f 9738 9750 9751
f 9736 9748 9749
f 9745 9757 9758
f 9742 9756 9743
f 9740 9754 9741
f 9739 9751 9752
f 9749 9763 9750
f 9748 9760 9761
f 9758 9772 9759
f 9756 9770 9757
f 9755 9767 9768
f 9752 9766 9753
f 9750 9764 9751
f 9749 9761 9762
f 9757 9771 9758
f 9756 9768 9769
f 9754 9766 9767
f 9752 9764 9765
f 9762 9776 9763
f 9760 9774 9761
f 9772 9784 9785
f 9770 9782 9783
f 9768 9780 9781
f 9765 9779 9766
f 9763 9777 9764
f 9762 9774 9775
f 9770 9784 9771
f 9768 9782 9769
f 9767 9779 9780
f 9764 9778 9765
f 9775 9789 9776
f 9774 9786 9787
f 9784 9798 9785
f 9782 9796 9783
f 9781 9793 9794
f 9779 9791 9792
f 9777 9789 9790
f 9774 9788 9775
f 9784 9796 9797
f 9782 9794 9795
f 9779 9793 9780
f 9777 9791 9778
f 9789 9802 9803
f 9786 9801 9787
f 9798 9811 9812
f 9796 9809 9810
f 9793 9808 9794
f 9792 9805 9806
f 9790 9803 9804
f 9787 9802 9788
f 9797 9810 9811
f 9795 9808 9809
f 9792 9807 9793
f 9790 9805 9791
f 9803 9815 9816
f 9801 9813 9814
f 9811 9825 9812
f 9810 9822 9823
f 9807 9821 9808
f 9806 9818 9819
f 9803 9817 9804
f 9801 9815 9802
f 9810 9824 9811
f 9809 9821 9822
f 9807 9819 9820
f 9804 9818 9805
f 9816 9828 9829
f 9814 9826 9827
f 9825 9837 9838
f 9822 9836 9823
f 9820 9834 9821
f 9819 9831 9832
f 9816 9830 9817
f 9814 9828 9815
f 9824 9836 9837
f 9822 9834 9835
f 9820 9832 9833
f 9817 9831 9818
f 9828 9842 9829
f 9826 9840 9827
f 9837 9851 9838
f 9836 9848 9849
f 9834 9846 9847
f 9831 9845 9832
f 9830 9842 9843
f 9828 9840 9841
f 9836 9850 9837
f 9834 9848 9835
f 9832 9846 9833
f 9831 9843 9844
f 9841 9855 9842
f 9839 9853 9840
f 9851 9863 9864
f 9848 9862 9849
f 9847 9859 9860
f 9845 9857 9858
f 9843 9855 9856
f 9841 9853 9854
f 9850 9862 9863
f 9847 9861 9848
f 9845 9859 9846
f 9843 9857 9844
f 9854 9868 9855
f 9853 9865 9866
f 9863 9877 9864
f 9861 9875 9862
f 9860 9872 9873
f 9858 9870 9871
f 9855 9869 9856
f 9854 9866 9867
f 9862 9876 9863
f 9860 9874 9861
f 9859 9871 9872
f 9856 9870 9857
f 9868 9880 9881
f 9865 9879 9866
f 9877 9889 9890
f 9875 9887 9888
f 9873 9885 9886
f 9870 9884 9871
f 9868 9882 9869
f 9867 9879 9880
f 9875 9889 9876
f 9873 9887 9874
f 9872 9884 9885
f 9870 9882 9883
f 9880 9894 9881
f 9878 9892 9879
f 9889 9903 9890
f 9887 9901 9888
f 9886 9898 9899
f 9884 9896 9897
f 9882 9894 9895
f 9879 9893 9880
f 9889 9901 9902
f 9887 9899 9900
f 9884 9898 9885
f 9882 9896 9883
f 9894 9906 9907
f 9891 9905 9892
f 9903 9915 9916
f 9901 9913 9914
f 9898 9912 9899
f 9896 9910 9897
f 9895 9907 9908
f 9892 9906 9893
f 9902 9914 9915
f 9899 9913 9900
f 9897 9911 9898
f 9896 9908 9909
f 9907 9919 9920
f 9905 9917 9918
f 9915 9929 9916
f 9914 9926 9927
f 9911 9925 9912
f 9909 9923 9910
f 9907 9921 9908
f 9905 9919 9906
f 9914 9928 9915
f 9913 9925 9926
f 9911 9923 9924
f 9909 9921 9922
f 9799 9525 9538
f 9799 9538 9551
f 9799 9551 9564
f 9799 9564 9577
f 9799 9577 9590
f 9799 9590 9603
f 9799 9603 9616
f 9799 9616 9629
f 9799 9629 9642
f 9799 9642 9655
f 9799 9655 9668
f 9799 9668 9681
f 9799 9681 9694
f 9799 9694 9707
f 9799 9707 9720
f 9799 9720 9733
f 9799 9733 9746
f 9799 9746 9759
f 9799 9759 9772
f 9799 9772 9785
f 9799 9785 9798
f 9799 9798 9812
f 9799 9812 9825
f 9799 9825 9838
f 9799 9838 9851
f 9799 9851 9864
f 9799 9864 9877
f 9799 9877 9890
f 9799 9890 9903
f 9799 9903 9916
f 9799 9916 9929
f 9920 9515 9516
f 9918 9513 9514
f 9929 9524 9525
f 9926 9523 9927
f 9924 9521 9925
f 9923 9518 9519
f 9920 9517 9921
f 9918 9515 9919
f 9799 9929 9525
f 9928 9523 9524
f 9926 9521 9522
f 9924 9519 9520
f 9921 9518 9922
f 9387 9917 9512
f 9917 9508 9512
f 9904 9503 9508
f 9891 9499 9503
f 9499 9865 9495
f 9495 9852 9491
f 9491 9839 9487
f 9839 9483 9487
f 9483 9813 9479
f 9813 9475 9479
f 9800 9471 9475
f 9786 9467 9471
f 9467 9760 9463
f 9463 9747 9459
f 9459 9734 9455
f 9734 9451 9455
f 9451 9708 9447
f 9708 9443 9447
f 9695 9439 9443
f 9682 9435 9439
f 9435 9656 9431
f 9431 9643 9427
f 9427 9630 9423
f 9630 9419 9423
f 9419 9604 9415
f 9604 9411 9415
f 9591 9407 9411
f 9578 9403 9407
f 9403 9552 9399
f 9399 9539 9395
f 9395 9526 9391
f 9526 9387 9391
f 9932 9935 9936
f 9932 9937 9933
f 9931 9934 9935
f 9936 9941 9937
f 9934 9939 9935
f 9935 9940 9936
f 9940 9945 9941
f 9939 9942 9943
f 9940 9943 9944
f 9945 9948 9949
f 9942 9947 9943
f 9943 9948 9944
f 9948 9953 9949
f 9947 9950 9951
f 9948 9951 9952
f 9953 9956 9957
f 9950 9955 9951
f 9951 9956 9952
f 9957 9960 9961
f 9955 9958 9959
f 9956 9959 9960
f 9961 9964 9965
f 9958 9963 9959
f 9959 9964 9960
f 9965 9968 9969
f 9963 9966 9967
f 9964 9967 9968
f 9968 9973 9969
f 9966 9971 9967
f 9967 9972 9968
f 9972 9977 9973
f 9970 9975 9971
f 9972 9975 9976
f 9977 9980 9981
f 9974 9979 9975
f 9975 9980 9976
f 9980 9985 9981
f 9979 9982 9983
f 9980 9983 9984
f 9985 9988 9989
f 9982 9987 9983
f 9983 9988 9984
f 9989 9992 9993
f 9986 9991 9987
f 9988 9991 9992
f 9993 9996 9997
f 9991 9994 9995
f 9991 9996 9992
f 9996 10001 9997
f 9994 9999 9995
f 9996 9999 10000
f 10000 10005 10001
f 9999 10002 10003
f 9999 10004 10000
f 10004 10009 10005
f 10003 10006 10007
f 10004 10007 10008
f 10009 10012 10013
f 10006 10011 10007
f 10007 10012 10008
f 10012 10017 10013
f 10011 10014 10015
f 10012 10015 10016
f 10017 10020 10021
f 10014 10019 10015
f 10015 10020 10016
f 10021 10024 10025
f 10019 10022 10023
f 10020 10023 10024
f 10024 10029 10025
f 10022 10027 10023
f 10023 10028 10024
f 10028 10033 10029
f 10027 10030 10031
f 10028 10031 10032
f 10032 10037 10033
f 10030 10035 10031
f 10031 10036 10032
f 10036 10041 10037
f 10035 10038 10039
f 10036 10039 10040
f 10041 10044 10045
f 10038 10043 10039
f 10039 10044 10040
f 10044 10049 10045
f 10043 10046 10047
f 10044 10047 10048
f 10049 10053 10054
f 10046 10052 10047
f 10047 10053 10048
f 10054 10057 10058
f 10052 10055 10056
f 10053 10056 10057
f 9930 10050 9934
f 9934 10050 9938
f 9938 10050 9942
f 9942 10050 9946
f 9946 10050 9950
f 9950 10050 9954
f 9954 10050 9958
f 9958 10050 9962
f 9962 10050 9966
f 9966 10050 9970
f 9970 10050 9974
f 9974 10050 9978
f 9978 10050 9982
f 9982 10050 9986
f 9986 10050 9990
f 9990 10050 9994
f 9994 10050 9998
f 9998 10050 10002
f 10002 10050 10006
f 10006 10050 10010
f 10010 10050 10014
f 10014 10050 10018
f 10018 10050 10022
f 10022 10050 10026
f 10026 10050 10030
f 10030 10050 10034
f 10034 10050 10038
f 10038 10050 10042
f 10042 10050 10046
f 10046 10050 10051
f 10051 10050 10055
f 10058 9932 9933
f 10055 9931 10056
f 10056 9932 10057
f 10055 10050 9930
f 10067 10079 10080
f 10064 10078 10065
f 10063 10075 10076
f 10061 10073 10074
f 10070 10082 10083
f 10067 10081 10068
f 10065 10079 10066
f 10064 10076 10077
f 10061 10075 10062
f 10059 10073 10060
f 10071 10083 10084
f 10069 10081 10082
f 10074 10088 10075
f 10072 10086 10073
f 10084 10096 10097
f 10081 10095 10082
f 10080 10092 10093
f 10078 10090 10091
f 10076 10088 10089
f 10074 10086 10087
f 10083 10095 10096
f 10080 10094 10081
f 10078 10092 10079
f 10076 10090 10077
f 10087 10101 10088
f 10086 10098 10099
f 10096 10110 10097
f 10094 10108 10095
f 10093 10105 10106
f 10091 10103 10104
f 10088 10102 10089
f 10087 10099 10100
f 10095 10109 10096
f 10094 10106 10107
f 10092 10104 10105
f 10089 10103 10090
f 10100 10114 10101
f 10098 10112 10099
f 10110 10122 10123
f 10108 10120 10121
f 10105 10119 10106
f 10103 10117 10104
f 10101 10115 10102
f 10100 10112 10113
f 10108 10122 10109
f 10106 10120 10107
f 10105 10117 10118
f 10103 10115 10116
f 10113 10127 10114
f 10112 10124 10125
f 10122 10136 10123
f 10120 10134 10121
f 10119 10131 10132
f 10117 10129 10130
f 10115 10127 10128
f 10113 10125 10126
f 10122 10134 10135
f 10119 10133 10120
f 10117 10131 10118
f 10115 10129 10116
f 10127 10139 10140
f 10124 10138 10125
f 10136 10148 10149
f 10134 10146 10147
f 10131 10145 10132
f 10130 10142 10143
f 10128 10140 10141
f 10125 10139 10126
f 10135 10147 10148
f 10133 10145 10146
f 10130 10144 10131
f 10128 10142 10129
f 10140 10152 10153
f 10138 10150 10151
f 10148 10162 10149
f 10147 10159 10160
f 10144 10158 10145
f 10143 10155 10156
f 10140 10154 10141
f 10138 10152 10139
f 10147 10161 10148
f 10146 10158 10159
f 10144 10156 10157
f 10141 10155 10142
f 10153 10165 10166
f 10151 10163 10164
f 10162 10174 10175
f 10159 10173 10160
f 10157 10171 10158
f 10156 10168 10169
f 10153 10167 10154
f 10151 10165 10152
f 10161 10173 10174
f 10159 10171 10172
f 10157 10169 10170
f 10154 10168 10155
f 10165 10179 10166
f 10163 10177 10164
f 10175 10187 10188
f 10173 10185 10186
f 10171 10183 10184
f 10168 10182 10169
f 10167 10179 10180
f 10165 10177 10178
f 10173 10187 10174
f 10171 10185 10172
f 10169 10183 10170
f 10168 10180 10181
f 10178 10192 10179
f 10176 10190 10177
f 10188 10200 10201
f 10185 10199 10186
f 10184 10196 10197
f 10182 10194 10195
f 10180 10192 10193
f 10178 10190 10191
f 10187 10199 10200
f 10184 10198 10185
f 10182 10196 10183
f 10180 10194 10181
f 10191 10205 10192
f 10190 10202 10203
f 10200 10214 10201
f 10198 10212 10199
f 10197 10209 10210
f 10195 10207 10208
f 10192 10206 10193
f 10191 10203 10204
f 10199 10213 10200
f 10197 10211 10198
f 10196 10208 10209
f 10193 10207 10194
f 10205 10217 10218
f 10202 10216 10203
f 10214 10226 10227
f 10211 10225 10212
f 10210 10222 10223
f 10207 10221 10208
f 10205 10219 10206
f 10204 10216 10217
f 10212 10226 10213
f 10210 10224 10211
f 10209 10221 10222
f 10207 10219 10220
f 10217 10231 10218
f 10216 10228 10229
f 10226 10240 10227
f 10224 10238 10225
f 10223 10235 10236
f 10221 10233 10234
f 10219 10231 10232
f 10217 10229 10230
f 10226 10238 10239
f 10223 10237 10224
f 10221 10235 10222
f 10219 10233 10220
f 10231 10243 10244
f 10228 10242 10229
f 10240 10252 10253
f 10238 10250 10251
f 10235 10249 10236
f 10234 10246 10247
f 10232 10244 10245
f 10229 10243 10230
f 10239 10251 10252
f 10237 10249 10250
f 10234 10248 10235
f 10232 10246 10233
f 10244 10256 10257
f 10242 10254 10255
f 10252 10266 10253
f 10251 10263 10264
f 10248 10262 10249
f 10247 10259 10260
f 10244 10258 10245
f 10242 10256 10243
f 10251 10265 10252
f 10250 10262 10263
f 10248 10260 10261
f 10245 10259 10246
f 10257 10269 10270
f 10255 10267 10268
f 10266 10278 10279
f 10263 10277 10264
f 10261 10275 10262
f 10260 10272 10273
f 10257 10271 10258
f 10255 10269 10256
f 10265 10277 10278
f 10263 10275 10276
f 10261 10273 10274
f 10258 10272 10259
f 10269 10283 10270
f 10267 10281 10268
f 10278 10292 10279
f 10277 10289 10290
f 10275 10287 10288
f 10272 10286 10273
f 10271 10283 10284
f 10269 10281 10282
f 10277 10291 10278
f 10275 10289 10276
f 10273 10287 10274
f 10272 10284 10285
f 10282 10296 10283
f 10280 10294 10281
f 10292 10304 10305
f 10289 10303 10290
f 10288 10300 10301
f 10286 10298 10299
f 10284 10296 10297
f 10282 10294 10295
f 10291 10303 10304
f 10288 10302 10289
f 10286 10300 10287
f 10284 10298 10285
f 10295 10309 10296
f 10294 10306 10307
f 10304 10318 10305
f 10302 10316 10303
f 10301 10313 10314
f 10299 10311 10312
f 10296 10310 10297
f 10295 10307 10308
f 10303 10317 10304
f 10301 10315 10302
f 10300 10312 10313
f 10297 10311 10298
f 10309 10321 10322
f 10307 10319 10320
f 10318 10330 10331
f 10316 10328 10329
f 10314 10326 10327
f 10311 10325 10312
f 10309 10323 10310
f 10308 10320 10321
f 10316 10330 10317
f 10314 10328 10315
f 10313 10325 10326
f 10311 10323 10324
f 10321 10335 10322
f 10320 10332 10333
f 10330 10344 10331
f 10329 10341 10342
f 10326 10340 10327
f 10325 10337 10338
f 10323 10335 10336
f 10320 10334 10321
f 10330 10342 10343
f 10328 10340 10341
f 10325 10339 10326
f 10323 10337 10324
f 10335 10348 10349
f 10332 10347 10333
f 10344 10357 10358
f 10342 10355 10356
f 10339 10354 10340
f 10337 10352 10338
f 10336 10349 10350
f 10333 10348 10334
f 10343 10356 10357
f 10341 10354 10355
f 10338 10353 10339
f 10337 10350 10351
f 10349 10361 10362
f 10347 10359 10360
f 10357 10371 10358
f 10356 10368 10369
f 10353 10367 10354
f 10351 10365 10352
f 10349 10363 10350
f 10347 10361 10348
f 10356 10370 10357
f 10355 10367 10368
f 10353 10365 10366
f 10351 10363 10364
f 10362 10374 10375
f 10360 10372 10373
f 10371 10383 10384
f 10368 10382 10369
f 10366 10380 10367
f 10365 10377 10378
f 10362 10376 10363
f 10360 10374 10361
f 10370 10382 10383
f 10368 10380 10381
f 10366 10378 10379
f 10363 10377 10364
f 10374 10388 10375
f 10372 10386 10373
f 10383 10397 10384
f 10382 10394 10395
f 10380 10392 10393
f 10377 10391 10378
f 10376 10388 10389
f 10374 10386 10387
f 10382 10396 10383
f 10380 10394 10381
f 10378 10392 10379
f 10377 10389 10390
f 10387 10401 10388
f 10385 10399 10386
f 10397 10409 10410
f 10394 10408 10395
f 10393 10405 10406
f 10390 10404 10391
f 10389 10401 10402
f 10387 10399 10400
f 10396 10408 10409
f 10393 10407 10394
f 10391 10405 10392
f 10390 10402 10403
f 10400 10414 10401
f 10399 10411 10412
f 10409 10423 10410
f 10407 10421 10408
f 10406 10418 10419
f 10403 10417 10404
f 10401 10415 10402
f 10400 10412 10413
f 10408 10422 10409
f 10406 10420 10407
f 10405 10417 10418
f 10403 10415 10416
f 10414 10426 10427
f 10411 10425 10412
f 10423 10435 10436
f 10420 10434 10421
f 10418 10432 10419
f 10416 10430 10417
f 10414 10428 10415
f 10412 10426 10413
f 10421 10435 10422
f 10419 10433 10420
f 10418 10430 10431
f 10416 10428 10429
f 10427 10439 10440
f 10425 10437 10438
f 10435 10449 10436
f 10433 10447 10434
f 10431 10445 10432
f 10430 10442 10443
f 10428 10440 10441
f 10425 10439 10426
f 10435 10447 10448
f 10433 10445 10446
f 10430 10444 10431
f 10428 10442 10429
f 10440 10452 10453
f 10437 10451 10438
f 10449 10461 10462
f 10447 10459 10460
f 10444 10458 10445
f 10443 10455 10456
f 10441 10453 10454
f 10438 10452 10439
f 10448 10460 10461
f 10446 10458 10459
f 10443 10457 10444
f 10441 10455 10442
f 10453 10465 10466
f 10451 10463 10464
f 10461 10475 10462
f 10460 10472 10473
f 10457 10471 10458
f 10456 10468 10469
f 10453 10467 10454
f 10451 10465 10452
f 10460 10474 10461
f 10459 10471 10472
f 10457 10469 10470
f 10454 10468 10455
f 10345 10071 10084
f 10345 10084 10097
f 10345 10097 10110
f 10345 10110 10123
f 10345 10123 10136
f 10345 10136 10149
f 10345 10149 10162
f 10345 10162 10175
f 10345 10175 10188
f 10345 10188 10201
f 10345 10201 10214
f 10345 10214 10227
f 10345 10227 10240
f 10345 10240 10253
f 10345 10253 10266
f 10345 10266 10279
f 10345 10279 10292
f 10345 10292 10305
f 10345 10305 10318
f 10345 10318 10331
f 10345 10331 10344
f 10345 10344 10358
f 10345 10358 10371
f 10345 10371 10384
f 10345 10384 10397
f 10345 10397 10410
f 10345 10410 10423
f 10345 10423 10436
f 10345 10436 10449
f 10345 10449 10462
f 10345 10462 10475
f 10466 10061 10062
f 10464 10059 10060
f 10474 10071 10475
f 10472 10069 10473
f 10470 10067 10471
f 10469 10064 10065
f 10466 10063 10467
f 10464 10061 10465
f 10345 10475 10071
f 10473 10070 10474
f 10472 10067 10068
f 10470 10065 10066
f 10467 10064 10468
f 9933 10463 10058
f 10463 10054 10058
f 10450 10049 10054
f 10437 10045 10049
f 10045 10411 10041
f 10041 10398 10037
f 10037 10385 10033
f 10385 10029 10033
f 10029 10359 10025
f 10359 10021 10025
f 10346 10017 10021
f 10332 10013 10017
f 10013 10306 10009
f 10009 10293 10005
f 10005 10280 10001
f 10280 9997 10001
f 9997 10254 9993
f 10254 9989 9993
f 10241 9985 9989
f 10228 9981 9985
f 9981 10202 9977
f 9977 10189 9973
f 9973 10176 9969
f 10176 9965 9969
f 9965 10150 9961
f 10150 9957 9961
f 10137 9953 9957
f 10124 9949 9953
f 9949 10098 9945
f 9945 10085 9941
f 9941 10072 9937
f 10072 9933 9937
f 4 3 2
f 8 7 6
f 13 16 15
f 17 28 19
f 32 31 30
f 36 35 34
f 37 40 39
f 21 22 23
f 25 26 27
f 41 44 43
f 48 47 46
f 52 51 50
f 53 56 55
f 60 59 58
f 29 30 62
f 66 65 64
f 67 5 6
f 72 71 70
f 76 75 74
f 77 80 79
f 81 84 83
f 59 87 86
f 88 91 90
f 96 95 94
f 100 99 98
f 101 104 103
f 106 105 34
f 108 116 115
f 117 119 36
f 124 127 126
f 131 130 129
f 132 102 134
f 142 141 140
f 148 106 60
f 144 143 127
f 149 152 151
f 156 155 154
f 159 150 158
f 116 108 164
f 171 170 169
f 174 126 173
f 179 182 181
f 186 189 188
f 194 197 196
f 199 142 139
f 206 209 208
f 213 212 211
f 202 215 214
f 96 93 216
f 92 238 43
f 97 184 246
f 250 249 229
f 252 254 58
f 258 257 256
f 260 91 229
f 110 111 112
f 114 264 263
f 265 268 267
f 56 53 270
f 274 273 249
f 185 183 63
f 280 279 278
f 285 284 283
f 288 219 211
f 141 142 92
f 289 290 175
f 148 116 105
f 312 311 170
f 238 262 42
f 318 163 160
f 310 309 308
f 241 239 325
f 160 230 240
f 47 48 307
f 108 109 315
f 345 85 86
f 348 351 350
f 356 359 358
f 355 354 353
f 363 31 32
f 364 252 253
f 366 125 368
f 183 372 371
f 163 162 161
f 209 226 101
f 378 377 165
f 379 295 381
f 383 382 3
f 284 285 386
f 387 127 389
f 391 259 229
f 73 281 397
f 405 408 407
f 203 218 411
f 414 121 413
f 1 356 357
f 277 276 131
f 254 344 57
f 358 384 415
f 417 416 386
f 401 400 192
f 419 389 127
f 421 181 182
f 103 301 302
f 428 367 368
f 380 390 359
f 62 204 266
f 140 141 431
f 357 358 351
f 356 1 379
f 415 392 403
f 437 428 436
f 438 441 440
f 188 451 450
f 265 455 181
f 224 185 64
f 237 212 213
f 275 131 128
f 281 282 460
f 50 462 79
f 73 74 282
f 468 467 466
f 390 355 352
f 482 485 484
f 489 488 487
f 493 496 495
f 472 471 470
f 502 501 500
f 220 221 222
f 512 419 143
f 518 517 511
f 513 239 230
f 205 30 31
f 189 370 451
f 163 318 532
f 533 224 225
f 446 448 447
f 335 541 540
f 544 512 546
f 329 519 291
f 199 534 262
f 385 386 416
f 532 190 191
f 363 117 118
f 578 581 580
f 573 572 571
f 561 563 562
f 241 260 259
f 590 593 592
f 545 546 595
f 503 154 155
f 606 625 624
f 478 481 480
f 646 649 648
f 590 591 689
f 564 565 651
f 728 246 184
f 714 724 716
f 692 574 575
f 541 335 581
f 346 68 248
f 161 231 230
f 128 129 94
f 698 705 704
f 574 577 576
f 290 289 401
f 630 631 725
f 733 736 735
f 755 466 496
f 759 480 481
f 757 763 762
f 764 496 466
f 768 767 9260
f 759 760 488
f 492 474 475
f 474 770 769
f 773 468 465
f 771 774 486
f 484 485 775
f 774 776 489
f 495 496 764
f 495 757 761
f 137 397 784
f 325 239 797
f 165 519 51
f 369 32 29
f 730 731 568
f 90 302 301
f 243 118 516
f 800 734 806
f 817 815 808
f 816 808 823
f 306 303 447
f 815 810 809
f 829 830 828
f 726 725 501
f 274 427 424
f 879 882 881
f 884 883 879
f 219 218 217
f 906 905 904
f 455 204 205
f 898 882 830
f 903 900 880
f 377 291 519
f 923 949 948
f 946 947 951
f 8963 740 739
f 900 899 886
f 225 64 65
f 182 445 442
f 809 952 947
f 954 960 962
f 927 950 965
f 885 879 880
f 925 927 966
f 343 342 341
f 965 964 971
f 968 971 970
f 972 968 969
f 963 961 981
f 336 337 338
f 992 993 827
f 810 815 996
f 1007 1001 1002
f 1012 826 827
f 1011 1009 1007
f 294 293 292
f 907 908 920
f 1017 579 1019
f 1020 1023 1022
f 1035 1024 1020
f 1061 1060 1047
f 1063 1061 1046
f 1044 1020 1021
f 1102 1094 1097
f 1116 1126 1118
f 1016 1015 1014
f 881 897 904
f 816 1116 1127
f 1094 948 949
f 514 342 167
f 146 145 81
f 1133 1135 1130
f 1102 1133 1126
f 822 1126 1116
f 1145 1143 1148
f 1076 1144 1151
f 1148 1143 1086
f 1109 1097 1114
f 1154 1153 1156
f 1153 925 967
f 8815 8941 463
f 1144 1147 1152
f 1156 967 1163
f 1164 1162 1169
f 1145 1171 1176
f 1114 1115 1154
f 1183 1155 1164
f 1184 1183 1177
f 1069 1151 1062
f 1023 1191 1194
f 1162 1163 1170
f 1195 1184 1185
f 1183 1196 1176
f 1201 1063 1152
f 1061 1063 1201
f 9277 847 843
f 1203 1202 1195
f 1202 1201 1184
f 1218 1060 1203
f 1060 1061 1202
f 1225 1218 1217
f 671 695 694
f 1219 1217 1024
f 1217 1203 1034
f 1226 1014 1015
f 1243 1242 1234
f 1231 1230 1229
f 847 1243 1233
f 843 1233 1244
f 1233 1234 1245
f 1923 9213 233
f 2100 2108 499
f 9366 9316 2135
f 61 62 323
f 210 211 217
f 1299 1310 1309
f 9315 1230 1231
f 1066 1047 1321
f 1322 1321 1228
f 1060 1218 1321
f 1325 1324 1323
f 1244 1245 1332
f 1290 1234 1242
f 1337 1330 1339
f 1330 1332 1340
f 1341 1332 1245
f 1342 1340 1332
f 1343 1342 1341
f 1344 1341 1294
f 9309 9308 1345
f 1347 1348 1342
f 9308 9306 1295
f 1349 1350 1348
f 9313 1349 1347
f 9305 1347 1343
f 906 898 829
f 905 906 1353
f 865 1356 1355
f 1355 1353 829
f 1357 1355 825
f 1356 1354 1353
f 9286 1337 1338
f 866 1358 1356
f 1358 1359 1354
f 9280 878 1337
f 838 1362 1012
f 1363 1364 1338
f 1368 1363 1339
f 1348 1368 1340
f 1371 1369 9276
f 524 525 526
f 528 529 530
f 1372 1370 1369
f 535 536 537
f 1367 1368 1348
f 1370 1354 1359
f 1369 1359 9285
f 1373 910 903
f 555 556 557
f 1374 909 910
f 1373 904 905
f 1374 1373 1375
f 1375 905 1354
f 1378 920 908
f 376 373 651
f 1388 928 973
f 586 587 588
f 1390 1389 1388
f 1391 1388 969
f 597 598 599
f 600 601 602
f 1392 1391 970
f 608 609 610
f 612 524 523
f 614 615 616
f 617 618 25
f 620 621 622
f 1397 1390 1391
f 1398 1397 1392
f 1400 987 920
f 1402 1403 1165
f 636 637 638
f 930 1404 1402
f 641 642 643
f 929 1402 1169
f 1404 1405 1403
f 1411 1366 1365
f 1412 1406 1415
f 652 653 654
f 609 656 657
f 659 660 661
f 558 663 586
f 665 666 667
f 1413 1411 1406
f 1418 1416 9262
f 1417 1372 1371
f 1416 1371 9281
f 1419 1417 1416
f 1386 909 1374
f 677 678 679
f 1385 1386 1420
f 1420 1374 1376
f 685 686 687
f 1421 1420 1422
f 528 690 691
f 1422 1376 1372
f 1018 1019 747
f 699 700 701
f 1424 578 579
f 9115 1597 1767
f 700 699 711
f 1093 9198 9206
f 717 718 530
f 721 722 723
f 704 1650 8987
f 19 1429 1426
f 1429 1428 1427
f 1658 1659 8986
f 1439 1437 1434
f 1437 1436 1435
f 1426 1427 1433
f 1442 1431 1432
f 742 743 744
f 1432 1433 1441
f 751 752 753
f 1438 1434 1403
f 1446 1445 1444
f 1447 1448 1446
f 9312 1447 1443
f 1415 1367 1445
f 1414 1415 1446
f 2173 1683 469
f 777 778 779
f 780 781 782
f 1676 1693 1806
f 9311 1451 1349
f 789 790 791
f 745 792 793
f 652 794 795
f 1455 1458 1457
f 1454 1367 1350
f 610 691 802
f 9283 9268 698
f 1352 1044 1045
f 1015 1016 1459
f 811 812 813
f 2118 9267 9269
f 819 820 821
f 1466 1463 1194
f 1467 1468 1465
f 1182 1165 1468
f 832 812 833
f 835 836 837
f 1467 1466 1190
f 1469 1470 1444
f 840 700 712
f 1453 1470 1469
f 599 844 845
f 1226 1450 9301
f 851 852 853
f 855 744 856
f 858 859 860
f 861 862 863
f 1014 1226 9307
f 867 676 868
f 870 871 872
f 874 875 876
f 1310 1323 1471
f 1476 1433 1427
f 1461 1476 1475
f 887 888 889
f 788 791 892
f 894 895 896
f 1460 1475 1227
f 901 902 524
f 1465 1478 1477
f 1865 8947 8944
f 911 912 913
f 916 917 918
f 1850 8949 8951
f 921 922 895
f 1479 1435 1436
f 926 664 667
f 1481 562 563
f 269 1483 84
f 931 932 933
f 934 935 614
f 936 685 688
f 938 659 662
f 1484 270 122
f 941 942 835
f 320 321 509
f 1849 8954 8949
f 84 1483 1484
f 1487 1490 1488
f 1757 1758 8946
f 365 1492 1491
f 461 79 80
f 117 363 362
f 1494 540 541
f 926 601 957
f 1477 1441 1433
f 1709 1588 1585
f 119 117 1496
f 271 1497 504
f 511 517 189
f 345 1496 1492
f 57 344 299
f 1501 1499 268
f 267 268 1499
f 974 975 976
f 1678 1652 1693
f 9298 1682 1807
f 557 982 663
f 983 941 984
f 1443 1444 9301
f 421 1500 268
f 989 990 991
f 1490 1487 418
f 279 280 309
f 997 868 676
f 998 26 999
f 1504 418 38
f 1506 1508 1507
f 360 361 1508
f 1506 1486 207
f 939 1005 1006
f 270 1484 1483
f 66 63 546
f 1010 742 793
f 367 428 437
f 244 31 363
f 1670 8976 8978
f 209 206 1510
f 388 389 426
f 427 274 250
f 161 520 521
f 100 246 45
f 1025 1026 608
f 1029 1030 1031
f 939 662 1033
f 41 42 594
f 1036 780 783
f 702 701 1038
f 1040 1041 1042
f 362 32 369
f 187 1520 477
f 70 1487 539
f 1049 600 603
f 613 867 869
f 860 1050 1051
f 1005 1052 1053
f 753 1055 1056
f 1057 1058 1059
f 293 288 1522
f 288 212 1521
f 292 1522 1523
f 331 1507 1508
f 306 452 453
f 100 44 41
f 462 1524 78
f 330 331 1524
f 635 1067 1068
f 1485 1527 1526
f 206 1485 1528
f 1070 1071 1072
f 942 941 1073
f 916 933 1075
f 440 1529 1530
f 157 158 1514
f 1529 162 5
f 371 595 546
f 790 586 663
f 1077 858 857
f 1403 1434 1435
f 1080 1081 1082
f 531 520 1529
f 21 1083 1084
f 272 1532 1531
f 690 712 802
f 335 9015 9011
f 1090 1030 1029
f 1092 795 794
f 1533 396 137
f 661 660 1095
f 69 444 445
f 1099 1100 1101
f 38 39 1536
f 1104 1105 1106
f 852 1107 1108
f 1377 908 909
f 291 377 411
f 316 1536 516
f 539 1488 1533
f 1505 1536 316
f 1110 1111 1112
f 1539 1537 460
f 522 441 1537
f 834 837 1120
f 1122 1123 1124
f 612 1125 1041
f 935 793 615
f 276 278 130
f 1686 8993 8966
f 193 190 1541
f 231 521 1540
f 556 1037 982
f 365 253 85
f 190 532 318
f 1810 765 9018
f 9376 1867 8956
f 1132 983 985
f 208 101 102
f 1134 1033 662
f 1491 518 80
f 429 133 1542
f 1137 1138 915
f 172 436 428
f 1139 1140 1141
f 549 96 54
f 1517 1519 1518
f 834 1119 984
f 1543 513 286
f 1544 797 239
f 133 134 1544
f 506 361 257
f 420 327 328
f 1158 1159 1160
f 587 1104 1103
f 607 1161 1027
f 304 1546 1545
f 364 1491 77
f 69 70 198
f 700 840 1112
f 9329 626 8969
f 1166 719 657
f 1167 1168 858
f 1300 8967 8968
f 1172 1173 1174
f 218 203 200
f 1179 1180 1181
f 372 183 97
f 89 104 227
f 1186 1187 1188
f 172 173 1517
f 1482 84 81
f 1090 1192 1193
f 394 395 353
f 526 525 1198
f 1199 1200 1026
f 606 623 697
f 1204 1205 1206
f 1207 1208 523
f 1209 1210 867
f 914 913 685
f 1478 1436 1441
f 1029 1028 1161
f 1211 1212 1213
f 9310 1453 1451
f 844 1215 1216
f 423 193 273
f 1220 1221 1222
f 22 1223 1224
f 882 898 897
f 1519 1517 173
f 1189 1188 1232
f 349 350 550
f 1071 1235 1236
f 1237 1238 1239
f 1221 1186 1189
f 1510 1528 1512
f 939 1032 1241
f 1556 1530 5
f 1553 1554 394
f 404 1556 67
f 1247 1248 1249
f 142 199 238
f 1251 1067 635
f 850 1252 1253
f 1254 1167 1077
f 57 132 133
f 443 430 552
f 1187 1172 1175
f 1256 1070 831
f 432 405 382
f 741 748 747
f 434 350 351
f 349 432 383
f 251 124 1481
f 395 384 352
f 1518 1519 1550
f 1558 410 378
f 109 263 314
f 285 1514 1513
f 395 394 393
f 202 203 410
f 417 408 405
f 1246 1257 1258
f 3 1559 297
f 1259 1260 1261
f 403 404 347
f 955 954 953
f 462 50 51
f 1096 1095 687
f 429 147 60
f 896 1264 1265
f 1267 721 1268
f 423 424 327
f 37 179 180
f 20 23 1187
f 1256 1168 1071
f 1188 1175 1269
f 1236 1270 1271
f 1272 536 535
f 565 564 463
f 1273 792 745
f 876 1254 1255
f 316 33 164
f 437 1516 503
f 194 1494 1495
f 1275 1276 864
f 624 625 631
f 1277 1274 1137
f 569 568 567
f 1481 124 125
f 324 325 547
f 1279 1108 1107
f 1525 332 329
f 1281 1278 1137
f 171 168 1553
f 1488 73 396
f 1557 1561 1562
f 1282 856 1206
f 1053 1277 1278
f 778 777 607
f 713 583 9010
f 251 225 144
f 4 357 348
f 709 708 707
f 728 48 45
f 261 135 1563
f 789 1286 1287
f 74 314 263
f 403 284 385
f 1178 1181 1240
f 1223 1259 1289
f 1220 20 1186
f 296 1518 354
f 784 459 1538
f 1181 1180 1291
f 1269 1292 1257
f 1566 1538 438
f 136 784 1566
f 1563 1564 169
f 107 114 109
f 1297 1282 1298
f 1464 1477 1476
f 1520 187 507
f 1301 1302 1303
f 1306 1307 1308
f 175 456 1532
f 1532 456 200
f 1311 1266 1312
f 872 1314 1315
f 9288 843 878
f 1305 1308 864
f 1040 1275 863
f 1564 1566 399
f 592 1576 1575
f 591 1575 1088
f 1581 1584 1583
f 1196 1152 1147
f 710 582 583
f 285 407 408
f 953 954 961
f 1594 1592 1589
f 1585 1588 1587
f 1592 1591 1590
f 9337 945 944
f 1600 1599 1598
f 1604 1603 1602
f 1399 1392 979
f 1589 1590 1596
f 1610 1609 1608
f 298 257 361
f 551 552 276
f 1627 1626 9266
f 859 811 818
f 1078 857 1328
f 1555 439 1530
f 572 573 680
f 772 465 776
f 977 1281 918
f 404 403 392
f 1054 1331 750
f 1644 1645 1643
f 932 1265 1082
f 1067 1333 1334
f 1540 1539 264
f 597 1335 643
f 471 761 762
f 1642 696 9283
f 1644 1642 9294
f 923 946 950
f 96 549 548
f 520 531 522
f 445 444 443
f 849 839 848
f 480 759 755
f 1646 760 481
f 311 426 1567
f 464 463 8941
f 8941 1360 1361
f 234 237 236
f 190 193 192
f 153 154 152
f 231 287 286
f 1552 1553 1551
f 760 1646 1648
f 9284 1647 1649
f 828 827 826
f 52 167 166
f 1663 1662 1661
f 287 107 115
f 668 671 670
f 634 645 640
f 553 560 559
f 118 36 33
f 492 484 491
f 8996 1652 1651
f 582 589 584
f 384 395 392
f 1381 1382 1383
f 1562 1561 435
f 952 953 951
f 8973 9010 583
f 1660 1661 1667
f 1394 1395 1396
f 1660 1665 1664
f 1671 1670 1669
f 1624 1625 1673
f 1407 1408 1409
f 1677 1676 1675
f 1613 1679 1677
f 1679 1678 1676
f 1626 1681 9263
f 534 199 198
f 803 733 734
f 400 248 191
f 65 66 143
f 8970 1657 1656
f 402 159 157
f 629 628 627
f 461 477 49
f 758 757 495
f 796 787 786
f 406 407 1513
f 342 343 166
f 1694 1659 1658
f 1692 1687 1694
f 9001 1693 1652
f 9373 1704 1703
f 326 547 302
f 9368 9373 1702
f 9371 9370 1698
f 1699 1691 9379
f 1557 406 1560
f 1127 1116 1117
f 400 401 289
f 1706 1702 1707
f 1707 1702 1599
f 1709 1706 1708
f 1714 1712 1711
f 9371 9367 1709
f 1704 1711 1577
f 1716 1714 1713
f 1559 1562 1549
f 1722 1721 1720
f 1335 597 596
f 410 411 377
f 973 1170 1163
f 168 169 399
f 1571 682 1089
f 1572 681 682
f 749 646 647
f 1730 1724 1723
f 1594 1582 1729
f 1729 1723 1591
f 1384 1378 1377
f 1732 1731 1712
f 1724 1730 1731
f 1722 1724 1732
f 1721 1722 1733
f 1734 1733 1716
f 1735 1737 1736
f 1733 1732 1714
f 1663 1664 1741
f 1742 1665 1740
f 1738 1739 1737
f 1665 1660 1666
f 1665 1742 1744
f 1725 1726 1746
f 1591 1725 1745
f 1590 1745 1747
f 1745 1746 1748
f 1659 1688 8982
f 5650 1760 8989
f 1185 1177 1182
f 1664 1744 1749
f 1741 1749 1739
f 1746 1742 1743
f 1726 1744 1742
f 1115 924 1153
f 1654 8990 9019
f 1896 9006 8993
f 1720 1749 1744
f 1721 1739 1749
f 1750 1718 1701
f 1697 1736 1750
f 1151 1152 1063
f 1751 1752 1670
f 1695 1658 1752
f 961 962 986
f 1770 1769 1768
f 1766 1594 1593
f 1731 1759 1579
f 1579 1777 1774
f 9380 1772 1771
f 1764 1772 9380
f 1777 1776 1775
f 9214 9215 1699
f 1004 1127 1128
f 1774 1775 1771
f 987 1400 1399
f 1578 1774 1772
f 1783 1782 1781
f 1597 1598 1770
f 639 1878 9347
f 9380 9381 1769
f 1793 1792 1789
f 9381 9372 1798
f 8952 8960 9225
f 1802 1867 9376
f 1788 1790 1794
f 1793 1794 1795
f 9225 9224 1675
f 1584 1581 1783
f 1771 1797 9372
f 1801 1799 1798
f 1768 1769 1798
f 1775 1796 1797
f 508 514 515
f 1796 1803 1802
f 1800 1798 9372
f 1794 1805 1804
f 8976 1670 1752
f 485 1808 1807
f 9261 9296 1640
f 9289 9296 1810
f 485 482 1640
f 1690 1691 9222
f 487 488 1648
f 9291 1813 1816
f 9290 1811 1648
f 9291 1812 1811
f 1812 1809 487
f 1641 1809 767
f 465 466 755
f 767 1815 9275
f 9274 1816 9278
f 1809 1812 1815
f 9289 1653 1651
f 675 672 8985
f 1814 1649 1822
f 1821 1822 9273
f 1824 1822 1649
f 1827 1849 1850
f 1668 1669 1662
f 1779 1780 1848
f 1790 1827 1805
f 1833 1836 1853
f 8965 8950 693
f 1614 1615 1616
f 1852 1853 8942
f 1620 1621 1622
f 1855 1765 1574
f 1847 1852 8945
f 1766 1765 1855
f 1629 1630 1631
f 1633 1622 1634
f 1635 1636 1637
f 1848 1833 1852
f 1855 1861 1863
f 1803 1866 1867
f 1862 1863 1831
f 1782 1855 1862
f 9374 9376 1865
f 1873 1872 1870
f 1874 1869 799
f 2045 9330 9349
f 1219 1345 1295
f 1615 1614 1396
f 9336 9347 1877
f 645 9350 9238
f 1345 1219 1035
f 634 639 9336
f 15 1887 1327
f 9362 9347 1878
f 1894 604 605
f 8950 8995 627
f 9004 640 645
f 340 341 454
f 1897 194 195
f 1889 1882 1877
f 1901 94 129
f 196 749 754
f 1705 1704 9373
f 340 378 166
f 1570 1480 563
f 1904 1494 194
f 1781 1862 1832
f 1905 549 55
f 1000 994 995
f 986 919 920
f 1191 1185 1190
f 2094 2077 2075
f 1920 1921 1919
f 453 454 1912
f 1915 1919 1918
f 9334 2112 2106
f 1655 9019 8975
f 1916 1918 1926
f 704 8998 9005
f 278 1916 1925
f 9009 9008 1818
f 1097 949 1115
f 1927 1928 727
f 9030 9031 9106
f 1920 310 307
f 1929 307 48
f 503 504 1497
f 1902 1903 787
f 1816 1821 9272
f 1925 1926 1923
f 1535 1569 1568
f 254 252 258
f 1509 1497 366
f 119 86 35
f 219 288 293
f 141 46 47
f 542 205 244
f 1940 552 430
f 1779 1828 1827
f 1701 1710 9367
f 1661 8994 8959
f 270 53 754
f 197 1947 749
f 1727 1728 1212
f 53 54 232
f 1465 1468 1479
f 1284 9314 9306
f 1951 446 412
f 168 398 1554
f 1486 1485 206
f 506 77 78
f 994 1001 1007
f 951 953 963
f 1013 9311 9313
f 9278 9272 1820
f 1498 1909 1954
f 299 298 543
f 1754 1755 1756
f 1681 469 1683
f 1696 1694 1695
f 13 14 738
f 473 476 475
f 482 1641 768
f 204 62 30
f 1761 1762 820
f 611 1763 1125
f 1501 1503 1908
f 1074 1073 711
f 1960 1944 82
f 120 1956 1960
f 35 86 87
f 1773 1199 1025
f 1965 1545 1569
f 494 761 471
f 1966 1967 1969
f 446 1951 1971
f 174 368 125
f 1580 1579 1578
f 1785 1786 1787
f 1972 1546 304
f 1254 876 875
f 1973 341 342
f 321 1912 1973
f 1910 277 275
f 509 1973 514
f 1486 1507 1527
f 1974 1874 804
f 1977 1976 1974
f 1980 448 1966
f 379 1 2
f 1718 1715 1710
f 884 995 992
f 1680 1684 1678
f 902 990 525
f 344 255 256
f 135 138 137
f 448 446 1967
f 589 605 604
f 910 909 908
f 1981 1966 1968
f 1982 1981 1987
f 1988 1979 1987
f 1990 1988 1989
f 1991 1989 1993
f 322 321 320
f 992 828 830
f 1144 1076 1086
f 1995 1977 1978
f 1133 1129 1118
f 1997 1995 1994
f 870 1823 1335
f 805 806 1982
f 727 184 2000
f 1996 1994 1988
f 1994 1978 1979
f 1829 616 792
f 1830 1073 941
f 798 803 800
f 729 732 731
f 2011 2012 2023
f 1834 1835 846
f 402 283 284
f 2022 2023 2024
f 1838 718 989
f 810 955 952
f 1823 1839 1840
f 1430 1426 1432
f 1215 844 1841
f 1316 1208 873
f 2112 1401 1384
f 1842 1843 1844
f 1159 846 845
f 837 27 1846
f 1971 1951 2030
f 517 369 370
f 1471 2026 2027
f 8995 8969 626
f 2174 2175 770
f 935 934 1854
f 1613 1619 1611
f 1231 1228 1225
f 1856 1857 891
f 1300 1309 748
f 1150 1149 1858
f 1643 606 696
f 1215 1265 1264
f 1320 1860 902
f 1956 1943 1944
f 2031 668 669
f 2034 1325 1310
f 1879 1880 1656
f 40 245 242
f 1992 1993 2039
f 888 958 957
f 1882 1889 1996
f 1078 1138 1255
f 1871 912 1192
f 294 411 218
f 1323 2041 2026
f 123 1960 83
f 1324 2036 2041
f 384 358 359
f 1324 1325 2038
f 1883 1884 1885
f 287 1540 114
f 1096 1886 1134
f 915 1329 931
f 806 1980 1981
f 8977 8973 584
f 1425 2030 2042
f 1018 2042 1948
f 9006 1896 740
f 1948 2042 649
f 1881 1882 1990
f 1900 129 130
f 992 995 994
f 923 927 925
f 9330 2045 2047
f 1643 2048 625
f 2050 2052 2051
f 2045 1405 1404
f 9328 2047 945
f 1139 1080 1079
f 1037 1856 892
f 2055 2053 2057
f 1198 989 718
f 1619 2058 1612
f 2058 1605 1606
f 2059 2060 1607
f 2058 1619 1624
f 71 72 179
f 405 406 1557
f 322 1548 1972
f 2061 2052 2063
f 2066 2065 2067
f 2052 2061 2064
f 1609 1610 2066
f 1515 151 152
f 1009 827 993
f 1644 9295 9267
f 279 1915 1916
f 1285 9315 9314
f 1647 2066 1825
f 2056 2057 2067
f 319 320 1953
f 667 666 1913
f 2070 631 625
f 2052 2050 2055
f 2038 1654 1655
f 1606 1601 2073
f 1235 1917 1270
f 2072 2073 2075
f 2059 1606 2072
f 2074 2075 2077
f 1601 1602 2078
f 2049 2048 1643
f 1000 1004 1001
f 1089 943 684
f 1931 1286 1306
f 1462 1459 1021
f 1932 1933 1934
f 875 874 1846
f 1936 1051 1937
f 44 45 46
f 1534 1955 1956
f 1541 318 317
f 2081 2082 2084
f 146 1945 1959
f 1360 1941 1942
f 985 984 1032
f 1995 1997 1892
f 2079 2080 2082
f 2095 2096 2076
f 2081 2093 2078
f 2055 2050 2054
f 501 2096 2095
f 2097 2100 2099
f 2098 2099 2094
f 2140 2141 9345
f 2141 2046 9346
f 2051 2070 2048
f 592 2102 2101
f 2071 2064 2076
f 2102 2097 2098
f 593 2103 2102
f 1019 1895 746
f 1950 11 12
f 725 2071 2096
f 1385 2105 2104
f 1379 2104 2106
f 2107 2108 2100
f 9360 726 502
f 9348 502 499
f 940 1389 2109
f 928 929 1170
f 9320 590 684
f 1962 1963 1964
f 9330 680 573
f 2039 1993 1968
f 1389 1390 2110
f 1398 2111 2113
f 9209 9207 9205
f 9363 9335 2107
f 949 923 924
f 260 241 324
f 1390 1397 2113
f 2070 2051 2064
f 9319 9363 2103
f 2105 1385 1421
f 2114 1421 1423
f 9344 2114 2115
f 9360 2105 2114
f 554 2116 1902
f 972 1163 967
f 1765 1593 1573
f 1984 1985 1986
f 2053 2117 2069
f 9017 9000 724
f 1625 1677 1674
f 9333 9340 2119
f 9355 2115 2123
f 56 1954 1906
f 626 9329 9331
f 2001 2002 2003
f 9364 9293 2127
f 2006 2007 2008
f 2127 1413 1412
f 2014 2015 2016
f 2018 2019 2020
f 1495 1424 1947
f 1379 1377 1386
f 9266 9263 1680
f 2029 1885 1884
f 9354 2128 2120
f 629 9331 9366
f 682 683 943
f 724 1650 2121
f 1757 1819 9273
f 765 1810 9296
f 9303 714 715
f 706 707 9322
f 981 986 987
f 1457 1868 1656
f 2017 2016 2032
f 1458 1655 1868
f 1776 1777 1792
f 1959 1945 1946
f 9115 9167 9177
f 9365 9333 2122
f 1093 1089 689
f 966 965 968
f 9304 715 9333
f 2172 9029 2170
f 670 2138 2137
f 9213 787 1903
f 1429 19 28
f 964 963 978
f 9293 9265 1413
f 1473 1474 669
f 9286 9285 1359
f 2138 798 1870
f 1872 1473 2137
f 715 716 9340
f 1881 1991 1992
f 9295 9294 739
f 1837 1847 8957
f 253 58 59
f 1808 9289 9292
f 1647 9284 9270
f 9317 9318 671
f 2112 9334 9335
f 1405 2045 2044
f 9281 9276 1364
f 273 1541 391
f 576 632 8964
f 9327 9317 668
f 1430 1431 2140
f 2136 9302 9312
f 1430 2139 18
f 9345 9346 570
f 1442 1439 2046
f 1431 1442 2141
f 9321 9365 9302
f 9260 9275 1817
f 9318 9345 695
f 2142 2025 798
f 571 2143 2142
f 9271 9266 1618
f 2143 2022 2025
f 694 2142 2138
f 681 1572 2144
f 2144 2011 2022
f 328 210 457
f 1572 2010 2011
f 630 9344 9355
f 2085 2086 2087
f 2090 2091 2092
f 572 2144 2143
f 1875 1976 2153
f 1873 1875 2149
f 2103 2107 2097
f 2157 2043 2155
f 2128 1412 1414
f 9326 9323 589
f 9324 9322 628
f 2149 2153 2158
f 2159 2158 9357
f 698 9359 9354
f 9275 9299 9279
f 2158 2156 9326
f 1438 2044 2046
f 2035 2154 2160
f 2161 2160 9341
f 9323 9343 605
f 9325 17 18
f 370 29 61
f 649 1951 413
f 2153 2157 2156
f 1428 1429 1449
f 1490 76 73
f 9342 9357 710
f 2155 1891 9343
f 1456 1457 1880
f 2125 2088 2087
f 2160 2159 9342
f 300 1959 505
f 1064 1062 1046
f 2043 1892 1891
f 2129 2130 2004
f 2131 2132 2133
f 9300 9301 1450
f 1998 1975 804
f 9331 673 9316
f 474 492 490
f 1164 1165 1182
f 707 2162 9361
f 708 1472 2162
f 2162 2161 9338
f 548 549 1905
f 1145 1136 1114
f 705 2121 1650
f 2043 2157 1977
f 737 738 554
f 1034 1195 1191
f 458 1905 1907
f 195 196 232
f 2040 2039 1969
f 2145 2146 2147
f 2054 2050 2049
f 9284 1646 1639
f 9 12 11
f 252 364 506
f 472 478 479
f 1865 9376 9243
f 900 903 910
f 1941 2150 2151
f 1921 1928 1927
f 2163 1897 1898
f 271 156 153
f 1904 1326 12
f 282 263 264
f 1872 1873 2154
f 1326 1904 1897
f 628 692 693
f 1724 1722 1719
f 1549 1562 436
f 1582 1583 1730
f 1921 1920 1929
f 9007 8955 10
f 2152 2037 1950
f 475 772 774
f 769 2172 2171
f 2171 2165 476
f 476 773 772
f 1791 565 464
f 2166 2167 2168
f 595 371 372
f 483 1809 1641
f 762 2174 2173
f 771 483 484
f 486 487 1809
f 297 1549 1517
f 763 2175 2174
f 776 755 759
f 184 185 2176
f 412 447 303
f 2005 2176 185
f 9263 1681 1682
f 2164 2170 756
f 1472 2035 2161
f 950 951 964
f 2177 2178 2179
f 227 226 1510
f 2182 2183 2184
f 2186 2019 2018
f 1985 2182 2181
f 214 736 729
f 865 849 842
f 849 865 1357
f 559 3187 3188
f 16 13 737
f 560 553 498
f 3193 3196 3195
f 3200 3197 3198
f 3211 3214 3213
f 3215 3218 3217
f 2187 2188 2002
f 3233 3236 3235
f 3223 3221 3222
f 3229 3232 3231
f 3245 3248 3247
f 2169 2168 2189
f 2192 2086 2085
f 2193 2194 2195
f 2198 2199 2200
f 1998 1982 1979
f 9116 9117 9120
f 3253 3256 3255
f 2116 1898 1903
f 1859 2006 2009
f 9356 2123 2126
f 1135 1148 1087
f 2201 2202 2015
f 1149 111 110
f 3261 3264 3263
f 3269 3272 3271
f 3265 3268 3267
f 3229 3230 3284
f 3289 3292 3291
f 3299 3302 3301
f 3307 3263 3264
f 3293 3296 3295
f 3297 3223 3224
f 3319 3321 3291
f 3322 3323 3318
f 3314 3313 3312
f 3285 3288 3287
f 3332 3333 3218
f 3329 3331 3330
f 3324 3325 3227
f 3298 3224 3326
f 2203 2204 2205
f 579 580 1895
f 1755 2207 2208
f 3337 3340 3339
f 9343 9362 1893
f 1211 2151 2150
f 868 997 2210
f 3347 3350 3349
f 944 945 930
f 2130 2129 2202
f 233 1903 1898
f 665 751 750
f 1167 1254 999
f 2211 2212 2213
f 2215 2216 2217
f 9319 593 590
f 2220 221 220
f 823 824 948
f 3375 3240 3377
f 3393 3392 3391
f 3353 3358 3357
f 3363 3366 3365
f 3402 3405 3404
f 266 204 455
f 9334 2108 2107
f 2221 2222 8963
f 2223 2224 2225
f 2207 2125 2124
f 3293 3309 3336
f 673 674 9321
f 817 1000 996
f 2227 2228 2146
f 1947 1948 646
f 9352 2135 17
f 2229 1635 1638
f 1679 1613 1618
f 1637 2231 2232
f 2233 2234 1617
f 2231 2235 2236
f 3406 3409 3408
f 1381 1638 2238
f 9038 2241 2242
f 3414 3416 3341
f 1630 2234 2233
f 1681 1626 472
f 1408 1407 2243
f 3423 3426 3425
f 3433 3351 3263
f 3434 3429 3430
f 3440 3443 3442
f 3444 3447 3446
f 3436 3451 3450
f 3442 3443 3456
f 1637 2230 2238
f 3445 3446 3437
f 3448 3443 3440
f 1409 1408 1634
f 1380 1383 2247
f 1628 2248 2245
f 3463 3466 3465
f 3308 3477 3462
f 2249 1623 1622
f 1632 1634 1408
f 2248 1628 1631
f 3478 3481 3480
f 3509 3512 3511
f 2235 2231 1637
f 3505 3508 3507
f 3457 3458 3199
f 631 2070 2071
f 515 167 52
f 782 781 2251
f 2253 2254 2255
f 397 281 459
f 1456 2039 2040
f 2040 2041 2036
f 3434 3475 3518
f 1401 2112 2111
f 2041 2040 1970
f 3367 3337 3338
f 1535 121 414
f 1586 1587 2080
f 2256 983 1132
f 3528 3531 3530
f 3519 3521 3520
f 3537 3505 3506
f 3543 3546 3545
f 1700 1699 9370
f 3486 3551 3550
f 3455 3456 3497
f 3558 3560 3559
f 3456 3568 3500
f 3572 3571 3252
f 3308 3264 3285
f 3316 3317 3574
f 3575 3478 3479
f 3576 3579 3578
f 3580 3583 3582
f 3584 3587 3586
f 3505 3537 3588
f 3589 3592 3591
f 3600 3603 3602
f 3542 3539 3595
f 3604 3605 3592
f 3611 3610 3613
f 3622 3625 3624
f 3618 3621 3620
f 3626 3629 3628
f 3644 3647 3646
f 3634 3637 3636
f 3638 3639 3641
f 9267 1896 1686
f 1263 2256 1886
f 3613 3655 3654
f 598 1841 844
f 2257 2258 2259
f 2258 2261 2262
f 2259 2262 2263
f 2260 2259 2216
f 1967 1971 1970
f 2212 1964 1963
f 922 921 2218
f 1312 1098 1101
f 1307 1306 1286
f 1548 1569 1546
f 2266 2267 2268
f 2265 2268 2270
f 2272 2265 2269
f 2273 2266 2265
f 2275 2276 2277
f 2278 2274 2277
f 2284 2285 9069
f 2287 2283 2286
f 2288 2289 2283
f 2290 2284 9091
f 2291 2292 2293
f 2295 2291 2294
f 2296 2297 2291
f 2297 2298 2292
f 2294 2293 2299
f 2279 2294 2300
f 2298 2301 2302
f 2292 2302 2303
f 2293 2303 2304
f 2304 2305 2306
f 2308 2309 2310
f 2302 2307 2310
f 2301 2311 2307
f 2312 2308 2307
f 2313 2314 2315
f 2318 2319 2320
f 9200 9223 2322
f 2324 2325 2273
f 2313 2324 2326
f 2328 2324 2313
f 2329 2325 2324
f 2331 2332 2333
f 2330 2333 2267
f 2325 2330 2266
f 2329 2331 2330
f 2333 2334 2335
f 2336 2334 2333
f 2338 2336 2332
f 2331 2339 2337
f 2329 2340 2339
f 2328 2341 2340
f 2316 2342 2341
f 2342 2316 2315
f 2344 2345 2346
f 2341 2344 2347
f 2342 2348 2344
f 2348 2349 2345
f 2350 2351 2352
f 2339 2350 2353
f 2340 2347 2350
f 2347 2346 2351
f 2337 2353 2354
f 2353 2352 2355
f 2356 2277 2276
f 2356 2357 2358
f 2356 2359 2296
f 2279 2277 2356
f 2360 2361 2270
f 2267 2335 2360
f 2362 2363 2364
f 2362 2365 2361
f 2366 2362 2358
f 2366 2367 2363
f 2357 2276 2368
f 2366 2368 2369
f 2276 2275 2370
f 2368 2370 2282
f 2372 2373 2374
f 2375 2376 2377
f 2378 2379 2380
f 2382 2378 2381
f 2384 2385 2378
f 2385 2386 2379
f 2388 2389 2390
f 2387 2390 2392
f 2393 2394 2387
f 2394 2395 2388
f 2186 2401 2402
f 2403 2404 2327
f 2272 2403 2326
f 2271 2405 2403
f 2405 2406 2404
f 2404 2407 2408
f 2409 2410 2411
f 2409 2412 2271
f 2413 2409 2269
f 2413 2414 2410
f 2417 2415 2416
f 2417 2418 2406
f 2412 2417 2405
f 2411 2415 2417
f 2406 2419 2407
f 9013 8964 632
f 2420 2398 2397
f 2420 2421 2423
f 2424 2420 2422
f 2424 2399 2398
f 2425 2391 2392
f 2421 2425 2426
f 2397 2396 2425
f 2396 2393 2391
f 2427 2314 2408
f 2430 2427 2428
f 2343 2315 2427
f 2432 2343 2430
f 2431 2430 2429
f 2435 2431 2433
f 2436 2432 2431
f 2428 2408 2407
f 2422 2437 2407
f 2438 2437 2422
f 2429 2428 2437
f 2440 2434 2433
f 2441 2439 2433
f 2442 2443 2439
f 2443 2444 2440
f 2445 2446 2444
f 2447 2445 2443
f 2383 2381 2445
f 2381 2380 2446
f 2448 2438 2423
f 2449 2448 2426
f 2441 2448 2449
f 2441 2429 2438
f 2449 2392 2390
f 2450 2390 2389
f 2447 2450 2451
f 2442 2449 2450
f 2451 2389 2453
f 2452 2453 2455
f 2382 2452 2454
f 2383 2451 2452
f 2456 2457 2373
f 2459 2460 2461
f 2463 2464 2465
f 2462 2465 2285
f 2466 2462 2284
f 2467 2463 2462
f 2461 2460 9155
f 2468 2469 2470
f 2472 2468 2471
f 2474 2461 9153
f 2475 2476 2477
f 2458 2455 2453
f 2479 2453 2389
f 2395 2480 2479
f 2480 2459 2458
f 2481 2482 2483
f 2484 113 2485
f 2471 2470 2464
f 2473 2471 2463
f 2487 2467 2466
f 2486 2466 2290
f 2490 2486 2488
f 2491 2487 2486
f 2492 2473 2467
f 2493 2492 2487
f 2494 2495 2492
f 2495 2472 2473
f 9142 2496 2474
f 9143 2497 2496
f 2498 2494 2493
f 2500 2498 2499
f 9152 9139 2498
f 9139 9143 2494
f 2306 2504 2278
f 2305 2505 2504
f 2504 2505 2507
f 2506 2507 2288
f 2274 2506 2508
f 2278 2504 2506
f 9085 9084 2489
f 9072 9085 2488
f 2507 2509 2289
f 2505 2510 2509
f 2508 2288 2287
f 2511 2287 2281
f 2370 2511 2280
f 2275 2508 2511
f 2512 2490 2489
f 2514 2512 2513
f 2517 2512 2514
f 2517 2491 2490
f 2499 2493 2491
f 2499 2517 2516
f 2510 2505 2519
f 2518 2519 2521
f 9068 2518 2520
f 9084 2510 2518
f 2522 2304 2303
f 2523 2522 2310
f 2305 2304 2522
f 2524 2522 2523
f 2519 2524 2525
f 2505 2305 2524
f 2308 2312 2527
f 2526 2527 2529
f 2531 2526 2528
f 2309 2308 2526
f 1214 2532 2151
f 2419 2406 2418
f 2533 2345 2349
f 2534 2533 2317
f 2535 2536 2533
f 2536 2346 2345
f 2537 2351 2346
f 2538 2537 2536
f 2539 2540 2537
f 2540 2352 2351
f 2312 2355 2541
f 2527 2541 2542
f 2543 2435 2434
f 2545 2543 2544
f 2319 2318 2543
f 2318 2436 2435
f 2514 2515 2548
f 2547 2548 2550
f 2552 2547 2549
f 2552 2516 2514
f 2520 2521 2554
f 2553 2554 2556
f 9042 2553 2555
f 9073 2520 2553
f 2523 2309 2531
f 2557 2531 2530
f 2525 2523 2557
f 2559 2557 2558
f 2554 2559 2560
f 2521 2525 2559
f 2561 2375 2007
f 2376 2562 2225
f 2564 2565 2566
f 2563 2566 338
f 2569 2563 2567
f 2570 2564 2563
f 2572 2573 2574
f 2571 2574 2576
f 2544 2571 2575
f 2544 2434 2572
f 2578 2570 2569
f 2579 2577 2569
f 2574 2577 2579
f 2573 2578 2577
f 2581 2582 2583
f 2584 2580 2583
f 9149 9127 2580
f 9128 2581 2580
f 2582 2516 2552
f 2583 2552 2551
f 2500 2501 2589
f 2590 2588 2589
f 9145 9147 2588
f 9147 9152 2500
f 2501 2516 2591
f 2592 2593 2594
f 2386 2385 2503
f 2596 2379 2386
f 2596 2374 2373
f 2599 2596 2597
f 2599 2380 2379
f 2600 2446 2380
f 2600 2599 2598
f 2603 2600 2601
f 2603 2444 2446
f 2604 2603 2602
f 2440 2604 2605
f 2444 2603 2604
f 2606 2582 2581
f 2606 2607 2590
f 2591 2516 2582
f 9128 2587 2456
f 9141 2456 2372
f 2478 2477 2608
f 2609 2610 2611
f 2564 2570 2613
f 2612 2613 2598
f 2457 2612 2597
f 2565 2564 2612
f 2614 2613 2570
f 2615 2614 2578
f 2602 2601 2614
f 2601 2598 2613
f 2572 2434 2605
f 2616 2605 2602
f 2573 2572 2616
f 1459 1016 1045
f 1265 1215 1079
f 1612 1608 1609
f 2067 2057 2069
f 1135 1109 1136
f 1938 1937 2618
f 95 548 458
f 2058 1607 1608
f 1454 1469 1445
f 655 2620 1048
f 722 1049 2621
f 3665 3639 3634
f 1131 985 1033
f 562 1481 366
f 1723 1719 1725
f 1786 1123 1122
f 267 300 323
f 1325 2034 1654
f 1468 1165 1435
f 658 657 529
f 8 532 247
f 382 1557 1559
f 3631 3681 3680
f 788 619 1307
f 940 930 929
f 911 2622 2623
f 2621 2620 655
f 2624 1857 2625
f 998 1846 27
f 635 638 2626
f 2627 641 644
f 2628 2627 1840
f 1200 1199 2627
f 1199 1773 641
f 1520 515 49
f 1452 1350 1349
f 2630 2631 1859
f 644 643 1335
f 3683 3700 3699
f 1197 1198 717
f 2632 717 719
f 2628 2632 1166
f 2629 1197 2632
f 1762 2633 1050
f 1823 870 873
f 2634 2635 794
f 1042 794 2635
f 93 94 1901
f 2036 2038 1458
f 1527 332 1525
f 877 876 1274
f 134 409 797
f 1328 893 931
f 607 777 1091
f 1043 2635 2637
f 2636 2637 2639
f 1275 2636 2638
f 1275 1040 1043
f 1272 2624 2626
f 2640 2626 638
f 1110 2641 2640
f 536 1272 2640
f 1472 708 1474
f 2042 2030 1951
f 3668 3632 3633
f 1058 1106 1105
f 2642 2623 2643
f 1192 2642 2644
f 912 2623 2642
f 9350 1657 8970
f 1049 1048 2620
f 616 1829 1885
f 1331 1913 666
f 990 989 1198
f 1911 1912 321
f 1298 1282 1205
f 76 1490 1504
f 1502 1500 421
f 610 609 658
f 1146 937 659
f 2646 911 914
f 1280 1239 1238
f 1453 1454 1452
f 835 942 1843
f 1271 1270 1173
f 1893 1878 1826
f 1050 2633 1937
f 2651 2652 814
f 1006 1053 1281
f 2653 1084 2654
f 1001 1004 1003
f 585 997 679
f 2624 1272 621
f 555 678 2028
f 1207 526 1197
f 1626 1627 478
f 3729 3732 3731
f 3746 3749 3748
f 3770 3752 3750
f 426 389 419
f 1030 1193 1773
f 9350 645 634
f 534 1533 138
f 1125 1092 1042
f 333 228 88
f 569 1570 561
f 3691 3694 3693
f 1489 2656 871
f 1857 2624 620
f 1673 1674 9222
f 622 861 864
f 619 788 891
f 261 544 545
f 393 1555 1556
f 2658 2659 2647
f 1075 2658 2657
f 1081 1080 2658
f 1080 1139 2659
f 2644 2643 1141
f 2660 1141 1140
f 642 2660 1336
f 1193 2644 2660
f 679 678 555
f 3762 3765 3764
f 1503 1501 1500
f 1318 1317 1101
f 2661 2659 1139
f 2661 1142 2663
f 2662 2647 2659
f 2662 2663 2622
f 2664 2622 911
f 2648 2664 2646
f 2648 2647 2662
f 3586 3658 3779
f 2083 2094 2093
f 1442 1440 1437
f 3732 3734 3733
f 519 329 330
f 1885 2029 1209
f 799 800 805
f 1946 1943 1952
f 1302 1301 1253
f 3741 3738 3757
f 3660 3663 3662
f 566 2005 224
f 1389 940 928
f 683 682 681
f 836 835 1842
f 2665 1842 1845
f 2666 2665 1303
f 24 836 2665
f 831 1072 2650
f 1845 1844 1304
f 2010 2013 2012
f 1051 1936 2667
f 1522 1521 1511
f 531 440 441
f 1250 635 2625
f 2669 2625 1857
f 783 2669 1856
f 782 1250 2669
f 720 2670 2671
f 1055 1931 1930
f 1333 1067 1251
f 619 622 1308
f 652 655 2619
f 521 522 1539
f 1838 988 537
f 2672 537 536
f 1113 2672 2641
f 1113 527 1838
f 1016 1013 1351
f 9349 573 570
f 226 227 104
f 9008 9121 9279
f 1036 1037 1884
f 2674 1301 1304
f 2673 1304 1844
f 1334 2673 2675
f 1333 2674 2673
f 2676 702 1039
f 1843 2676 2675
f 942 1074 2676
f 1074 699 702
f 752 1057 1055
f 1200 1166 656
f 1120 1846 874
f 2677 874 877
f 1241 2677 1052
f 1119 1120 2677
f 1560 1513 151
f 1208 1316 611
f 215 735 736
f 1460 1459 1462
f 3717 3720 3719
f 1208 1207 1839
f 854 856 1282
f 3682 3697 3696
f 72 445 182
f 544 1563 1565
f 217 200 456
f 3673 3647 3781
f 2047 1404 930
f 1204 2618 1937
f 913 777 686
f 3705 3708 3707
f 840 527 1113
f 1531 729 730
f 2678 778 1283
f 601 667 1914
f 1537 1538 459
f 1819 1757 8953
f 991 1860 862
f 2679 711 1073
f 3776 3775 3581
f 2680 1830 983
f 779 2680 2256
f 778 2678 2680
f 2678 2679 1830
f 180 542 245
f 1886 1132 1131
f 3766 3768 3767
f 1138 1137 1274
f 3777 3778 3585
f 1841 598 1140
f 75 313 314
f 193 423 420
f 2681 2682 1099
f 3658 3586 3587
f 170 1567 1565
f 349 416 417
f 1121 1124 2684
f 547 797 409
f 123 122 121
f 2643 2663 1142
f 1542 1544 513
f 899 900 907
f 1210 677 676
f 791 663 982
f 24 27 837
f 893 896 932
f 1860 1320 863
f 535 538 862
f 3640 3684 3683
f 1569 1548 1547
f 181 455 542
f 660 659 937
f 2013 567 568
f 3781 3647 3644
f 887 890 2631
f 1524 1508 361
f 520 161 162
f 2653 855 854
f 1238 1237 2655
f 718 1838 527
f 1492 1493 518
f 792 616 615
f 599 846 1835
f 290 457 456
f 312 171 1552
f 1248 2687 1179
f 153 149 177
f 1240 1181 1222
f 1257 1292 1235
f 1291 1084 1083
f 1052 877 1277
f 743 742 2618
f 444 140 430
f 23 1224 1172
f 2687 2654 1180
f 102 103 409
f 1283 607 610
f 373 497 650
f 1180 2654 1084
f 855 2653 2655
f 1173 1270 1917
f 2689 850 853
f 2688 853 1108
f 2686 2688 1279
f 2687 2689 2688
f 2691 1302 1252
f 2690 1252 850
f 1248 2690 2689
f 1248 1247 2691
f 2692 617 24
f 2691 2692 2666
f 1247 1258 2692
f 1258 1168 617
f 394 1554 1555
f 2693 1260 1259
f 1072 1236 1262
f 1257 1071 1168
f 398 439 1555
f 871 1784 1314
f 1178 1232 1249
f 1224 1289 1173
f 1010 2617 2618
f 1175 1174 1292
f 2654 2687 2686
f 2694 1157 1216
f 71 418 1487
f 701 1112 1111
f 1072 1261 2649
f 1085 2695 22
f 895 2694 1264
f 1601 1606 1605
f 1259 1262 1271
f 21 20 1220
f 988 991 538
f 3533 3479 3535
f 598 597 1336
f 1050 860 818
f 1298 2645 1761
f 1168 1167 618
f 3629 3671 3670
f 858 1168 1256
f 39 242 516
f 2652 1761 819
f 313 316 315
f 2026 1970 1971
f 2656 1489 596
f 814 819 818
f 2696 2651 813
f 1260 2696 2649
f 2693 2697 2696
f 2697 1296 2651
f 381 355 390
f 9270 9271 1611
f 1475 1427 1428
f 1292 1174 1917
f 1551 353 354
f 1526 1525 1523
f 1593 1589 1595
f 1232 1269 1246
f 2695 2693 1223
f 2698 1297 1296
f 2698 2697 2693
f 2685 2698 2695
f 2685 854 1297
f 562 1497 271
f 2652 2651 1296
f 1365 1366 1364
f 1958 1946 1953
f 585 588 2210
f 1561 1560 1515
f 975 2648 1146
f 347 67 68
f 1038 1111 636
f 2700 781 780
f 2699 780 1036
f 2701 2699 1883
f 851 2700 2699
f 2674 1333 2251
f 2702 2251 781
f 1253 2702 2700
f 1301 2674 2702
f 1519 387 388
f 1273 1239 1280
f 2703 1280 1107
f 2701 2703 852
f 1829 1273 2703
f 91 260 326
f 1784 871 2656
f 2683 2684 2705
f 604 1894 8943
f 1669 8978 8992
f 2062 2063 2060
f 621 535 861
f 2023 731 732
f 686 779 1263
f 857 1051 2668
f 883 830 882
f 3648 3651 3650
f 637 636 1111
f 2668 894 893
f 3692 3712 3711
f 2667 921 894
f 1039 1038 1068
f 313 75 1504
f 1911 1972 305
f 1936 2706 1964
f 2707 2402 2401
f 2708 2707 2183
f 738 2163 2116
f 3785 3787 3709
f 2349 2348 2432
f 2711 2712 2020
f 2400 2711 2019
f 2714 2715 2716
f 2717 2718 2719
f 2721 2722 2723
f 2726 2727 2728
f 2725 2728 2730
f 2731 2725 2729
f 2732 2726 2725
f 2734 2735 2736
f 2738 2739 2740
f 2737 2740 2741
f 2744 2745 2746
f 2745 2744 2748
f 2749 2750 2747
f 2753 2749 2751
f 2250 1380 2246
f 3417 3420 3419
f 2754 1396 1614
f 9050 2754 2755
f 9060 2745 2747
f 1617 2756 2755
f 2242 2758 1620
f 3429 3432 3431
f 2191 2085 2760
f 2761 2759 2760
f 9100 2759 2761
f 9075 2191 2759
f 3209 3460 3354
f 1395 1394 2236
f 1395 2235 1636
f 3741 3791 3790
f 1616 1635 2229
f 3410 3413 3412
f 1617 2234 2763
f 2756 2763 9080
f 2765 2763 2234
f 2766 2764 9080
f 3202 3199 3458
f 1516 437 435
f 2768 2769 8996
f 1495 541 578
f 2135 2136 28
f 8970 8984 2773
f 1690 1689 9378
f 2778 2779 2780
f 2777 2780 2781
f 2784 2778 2777
f 8999 8965 575
f 1494 1904 9
f 8973 2016 2015
f 451 61 505
f 2786 2787 2788
f 2779 2786 2785
f 2789 2752 2741
f 2790 2753 2752
f 2792 2793 2794
f 2793 2795 2796
f 2796 2797 2750
f 2794 2796 2749
f 2798 1393 1396
f 9043 2798 2754
f 2798 2799 2800
f 9043 9114 2799
f 2797 2796 2795
f 2791 2794 2753
f 216 233 232
f 9256 2806 2807
f 9257 2809 2804
f 2769 2810 9001
f 183 185 184
f 2811 2812 2775
f 2804 2811 2776
f 2809 2813 2811
f 2812 2811 2813
f 9257 2808 2816
f 9248 2818 2815
f 9250 9252 2820
f 9245 2823 2819
f 2824 2736 2735
f 2823 2825 2824
f 2825 2823 2826
f 9245 2822 2827
f 9248 2817 2826
f 2713 2716 2829
f 2828 2829 2831
f 2822 2821 2828
f 2821 2820 2713
f 2832 2827 2822
f 2833 2832 2830
f 2834 2835 2832
f 2835 2818 2827
f 2837 2838 2839
f 2836 2839 2841
f 2842 2836 2840
f 2843 2837 2836
f 2840 2841 2845
f 2718 2844 2845
f 2730 2728 2844
f 2727 2840 2844
f 2846 2845 2841
f 2829 2846 2847
f 2847 2841 2839
f 2848 2839 2838
f 2833 2848 2849
f 2831 2847 2848
f 2850 2814 2851
f 2853 2850 2852
f 2783 2777 2782
f 2785 2788 2853
f 2780 2785 2856
f 2857 2858 2855
f 2859 2857 2782
f 2861 2843 2842
f 2860 2842 2727
f 2862 2860 2726
f 2863 2861 2860
f 2861 2863 2858
f 2843 2861 2857
f 2856 2853 2854
f 2781 2856 2864
f 2837 2843 2859
f 2838 2837 2864
f 2852 2851 2834
f 2854 2852 2849
f 2865 2815 2818
f 2851 2865 2835
f 2813 2809 2815
f 2814 2813 2865
f 2866 2812 2814
f 2788 2866 2850
f 2866 2788 2787
f 2812 2866 2867
f 1892 1889 1890
f 2720 2719 2846
f 298 299 256
f 2872 2714 2713
f 9246 9252 2735
f 2729 2730 2874
f 2846 2716 2715
f 2876 2877 2878
f 2733 2875 2878
f 9258 9259 2879
f 9258 2880 2872
f 2882 2883 2884
f 2881 2884 2715
f 2880 2881 2714
f 2879 2882 2881
f 2885 2886 2887
f 2888 2889 2890
f 2885 2890 2892
f 2893 2886 2885
f 1942 2151 2532
f 2895 2892 2720
f 2884 2895 2870
f 2883 2896 2895
f 2896 2891 2892
f 2889 2874 2717
f 2890 2717 2720
f 2897 2893 2891
f 2898 2897 2896
f 2899 2898 2883
f 2900 2899 2882
f 9249 2900 2879
f 2876 2902 2901
f 2901 2902 2904
f 1785 2656 1835
f 2905 2906 2899
f 2907 2908 2897
f 9249 2901 2903
f 632 576 577
f 8976 8991 2867
f 434 385 550
f 2768 2770 9092
f 2910 2911 1623
f 2241 2912 2758
f 9092 2770 2913
f 1623 2911 2757
f 9039 2242 2757
f 2229 1381 1380
f 2765 1630 1629
f 2915 2914 1629
f 9094 9093 2914
f 9093 9074 2765
f 2919 2916 9094
f 2918 2915 2912
f 9066 2918 2241
f 9070 2919 9065
f 8985 2177 2180
f 8965 2002 2188
f 3694 3626 3627
f 9157 9017 714
f 2925 2766 2917
f 2924 2917 2916
f 9062 2924 2919
f 9063 2925 2924
f 2926 2927 2766
f 9110 2926 2925
f 1715 1713 1705
f 785 497 498
f 1387 651 565
f 374 375 1899
f 9017 2203 2206
f 2929 2930 2886
f 2932 2933 2934
f 1905 1906 1908
f 2930 2935 2936
f 2938 2935 2930
f 1493 369 517
f 1603 1585 1586
f 2939 2938 2929
f 2940 2939 2908
f 9117 1707 1600
f 2886 2930 2937
f 2906 2907 2898
f 2908 2929 2893
f 2942 2934 2933
f 2941 2933 2937
f 8945 2941 2936
f 8942 2942 2941
f 2943 2944 2710
f 2943 2873 2874
f 2945 2943 2889
f 2946 2944 2943
f 2932 2945 2888
f 2931 2946 2945
f 727 1928 1929
f 2903 2904 2947
f 545 594 42
f 1480 1570 533
f 2907 2906 2949
f 2906 2905 2950
f 1558 452 215
f 9251 2903 2948
f 2054 1645 1644
f 9157 9136 2203
f 1828 1837 1849
f 2953 2954 2955
f 2952 2955 2957
f 2956 2261 2258
f 2953 2952 2258
f 2454 2455 2474
f 9199 2958 2959
f 9199 2132 2131
f 2961 2962 2963
f 2958 2963 2964
f 222 221 2485
f 2477 2226 2966
f 2631 2561 2006
f 2384 2454 2496
f 2967 2968 2959
f 2968 2967 2970
f 9211 2033 2971
f 9236 2971 2960
f 2972 2971 2033
f 2007 2377 2973
f 9004 9003 2134
f 1836 1833 1832
f 8950 2188 2090
f 955 810 959
f 672 675 674
f 633 710 713
f 2024 732 733
f 2025 2024 803
f 425 1552 1550
f 2975 2976 888
f 1319 1158 1157
f 1212 1935 2977
f 889 957 2228
f 1978 1974 1975
f 1138 1078 1329
f 751 665 2979
f 1619 1613 1625
f 2252 2255 1728
f 1157 1160 845
f 2706 1936 1938
f 2980 2255 2254
f 2982 2975 887
f 802 712 711
f 678 677 2029
f 527 840 690
f 1839 1207 2629
f 2983 2984 602
f 2983 1914 1913
f 2985 2983 1331
f 2986 2984 2983
f 2987 2637 2635
f 2985 2988 2639
f 2990 1319 1318
f 2991 2992 2993
f 2995 2991 2994
f 1106 1058 2991
f 1058 1057 2992
f 1415 1406 1365
f 1317 922 2217
f 1932 1728 2255
f 926 2998 2999
f 3001 2993 2992
f 3000 2992 1057
f 2999 3000 2978
f 2998 3001 3000
f 3002 2998 2209
f 3002 3003 2996
f 2993 3001 3002
f 1103 1106 2995
f 3004 2995 2996
f 2209 2210 3004
f 588 1103 3004
f 295 296 433
f 2638 2639 2988
f 3005 2988 1056
f 1305 3005 1930
f 1276 2638 3005
f 1987 1968 1993
f 2633 1762 1761
f 1423 1422 1417
f 9005 8961 739
f 2671 2670 2704
f 1473 1872 2035
f 922 1317 2694
f 1401 1400 1378
f 556 2028 1884
f 842 848 9277
f 1854 2706 2617
f 933 1082 1081
f 1440 1441 1436
f 529 657 719
f 1031 1025 1027
f 777 913 912
f 2645 1205 1204
f 441 438 1538
f 3771 3774 3773
f 790 1287 587
f 2065 2066 1610
f 1860 991 990
f 60 106 87
f 1424 1017 1948
f 332 1527 1507
f 261 262 138
f 187 188 449
f 1719 1720 1726
f 1931 1055 1059
f 3006 1059 1105
f 1287 3006 1104
f 1286 1931 3006
f 3007 3008 3009
f 3009 3008 653
f 618 999 26
f 2029 677 1210
f 957 601 600
f 1049 2146 2228
f 2631 890 3011
f 890 889 2227
f 3011 2227 2145
f 2561 3011 3012
f 1026 656 609
f 2706 1854 1961
f 3013 2965 2485
f 2148 2147 1267
f 3015 1267 1266
f 2997 2264 1101
f 642 641 1773
f 186 477 461
f 1041 1040 1320
f 1121 3016 3017
f 2984 2986 2987
f 3018 2987 2634
f 1048 603 3018
f 603 602 2984
f 2679 2678 801
f 2062 2072 2074
f 2061 2074 2076
f 414 303 1545
f 3016 1121 2683
f 3019 2683 2704
f 3020 3019 2670
f 3007 3016 3019
f 1871 1090 1091
f 3021 1787 1122
f 3022 3021 3017
f 1314 3021 3022
f 1784 1787 3021
f 1316 1315 1763
f 3023 3022 3010
f 3023 3009 795
f 1763 3023 1092
f 1315 3022 3023
f 3016 3007 3010
f 752 751 2978
f 2986 2639 2637
f 3024 654 653
f 3020 3024 3008
f 720 723 3024
f 723 2621 654
f 2681 1098 1268
f 2671 3025 1268
f 2705 2681 3025
f 1313 3026 3027
f 3026 3028 3029
f 3027 3029 3030
f 1311 3027 3031
f 2012 568 731
f 917 2657 974
f 3742 3745 3744
f 743 1206 856
f 1888 2027 2030
f 2682 2705 2684
f 3032 2684 1124
f 1100 3032 2989
f 1099 2682 3032
f 1123 2990 2989
f 3033 1834 1159
f 2990 3033 1158
f 1123 1786 3033
f 1786 1785 1834
f 1054 1056 2988
f 2979 665 664
f 2623 2622 2663
f 1095 660 688
f 3034 3035 2261
f 3036 3034 2956
f 3037 3038 3034
f 3038 3039 3035
f 3040 3041 3026
f 2263 3042 3041
f 3042 3039 3043
f 3041 3043 3028
f 3044 3045 3043
f 3046 3047 3045
f 3047 3048 3049
f 3043 3045 3049
f 3038 3037 3051
f 3050 3051 3053
f 3052 3046 3044
f 3039 3038 3050
f 3054 3035 3039
f 3042 2263 2262
f 2261 3035 3054
f 2216 2263 2997
f 2212 2211 2667
f 3056 868 2209
f 934 3057 1961
f 2013 9207 9209
f 3058 3059 3060
f 3059 3062 3063
f 3060 3063 2213
f 3061 3060 1963
f 3063 3064 2214
f 3062 3065 3064
f 3065 2257 2260
f 3064 2260 2215
f 3066 3067 3031
f 2608 2966 3067
f 2966 2562 3068
f 3031 3067 3068
f 2455 2458 2461
f 2476 2223 2226
f 8995 2090 2089
f 8970 2774 9221
f 433 354 355
f 2115 1423 1419
f 8953 2868 2922
f 9221 9189 2131
f 3069 2611 2167
f 2971 2972 2928
f 2961 2774 2773
f 3070 2475 2478
f 2610 2609 3071
f 2502 2371 2374
f 3072 2592 2595
f 2964 3046 3052
f 3048 2593 3074
f 2593 2592 3075
f 3075 3030 3029
f 3074 3029 3028
f 3072 3076 3075
f 3076 3072 2482
f 2481 2608 3066
f 3076 3066 3030
f 2967 3052 3053
f 2482 3072 3073
f 479 480 493
f 706 9352 9325
f 9005 2194 2221
f 2013 2010 9206
f 8977 2032 2016
f 9006 8963 2222
f 1171 1154 1155
f 3782 3644 3689
f 2586 2566 2565
f 2982 110 113
f 2562 2376 3077
f 2376 2375 3012
f 3012 2145 2148
f 3077 2148 3015
f 2963 3047 3046
f 3051 3078 2970
f 1683 2173 491
f 9302 2122 1447
f 1986 2181 9186
f 3079 3080 2546
f 3081 3079 2575
f 1983 1986 9220
f 3082 2323 2319
f 3080 3082 2545
f 9186 9184 3082
f 9184 9200 2323
f 1309 1471 1888
f 3073 2595 2772
f 2760 3083 3084
f 2760 2085 2088
f 3085 3084 3086
f 3089 3085 3090
f 3089 2762 3084
f 3092 3088 3090
f 3093 2748 2744
f 2751 2747 2748
f 3093 2741 2752
f 2742 2741 3093
f 3094 3093 2743
f 3096 3097 3098
f 3099 3096 3087
f 3097 3094 3095
f 3100 2743 2746
f 3101 2927 3102
f 2764 2766 2927
f 2745 2764 3101
f 3102 3092 3091
f 3100 3091 3095
f 2869 2802 9044
f 3102 3103 3104
f 9110 2868 2869
f 2927 2926 3103
f 3098 3095 3091
f 3087 3098 3090
f 2088 2125 3105
f 3083 3105 3086
f 2483 3073 2771
f 2401 2186 2185
f 3099 3086 3105
f 2125 2207 3106
f 3108 2737 2742
f 3107 2742 3094
f 3110 3108 3107
f 3109 3107 3097
f 3111 3109 3096
f 3112 3110 3109
f 3113 2738 2737
f 3115 2723 2722
f 3117 3115 3114
f 3119 3117 3116
f 3118 3116 3120
f 3116 3114 3113
f 3122 3112 3111
f 3122 3123 1755
f 3124 3125 3126
f 3125 3118 3121
f 3128 3119 3118
f 3129 3128 3125
f 2020 2712 3128
f 9305 9309 1346
f 1065 1046 1047
f 1814 9290 9282
f 2021 2020 3129
f 3111 3099 3106
f 3123 3106 2207
f 2377 2225 2224
f 3014 2485 113
f 1756 2208 9234
f 3131 3132 2530
f 3133 3131 2528
f 1753 1756 9219
f 3134 3124 3127
f 2327 2408 2314
f 2436 2318 2317
f 2018 2021 9163
f 2534 3136 3137
f 2320 2322 3136
f 2185 2018 9164
f 3138 3139 2542
f 3134 3135 9196
f 9237 3130 3134
f 3140 3138 2539
f 2535 3137 3140
f 9163 2021 3130
f 2558 2530 3132
f 9234 9212 3141
f 2560 2558 3141
f 9212 9229 3142
f 958 888 2976
f 1933 1932 2980
f 3714 3704 3729
f 2399 2424 2418
f 2348 2342 2343
f 2322 2320 2319
f 2718 2717 2874
f 2709 2729 2873
f 2894 2871 1361
f 3788 3789 3720
f 346 289 176
f 1876 1877 1882
f 2802 2803 9059
f 3104 3144 3088
f 2974 2222 9101
f 3089 3145 2761
f 3088 3144 3145
f 2803 2974 9055
f 9322 9361 692
f 2123 1419 1418
f 1365 1363 1368
f 3346 3345 3344
f 1581 1766 1782
f 9013 2202 2129
f 8999 2003 2002
f 3146 2585 2551
f 9203 3146 3147
f 9194 3149 3146
f 3149 2584 2585
f 3196 3198 3197
f 9056 2192 2191
f 3142 3150 2556
f 9229 9230 3150
f 9098 3152 2550
f 3150 3151 2555
f 9230 9232 3151
f 9240 9233 3152
f 3153 3147 2551
f 3152 3153 2549
f 9233 9228 3153
f 9228 9202 3147
f 3148 2767 2206
f 2183 2401 2321
f 2132 2960 2928
f 3299 3300 3321
f 9136 9137 2204
f 9171 2198 2197
f 2594 2962 2773
f 2595 2594 2951
f 1870 798 799
f 3257 3260 3259
f 9165 2179 2178
f 9158 2178 9188
f 336 3154 9226
f 339 3155 3154
f 9241 9135 3149
f 9135 9149 2584
f 2963 2962 3048
f 9174 9182 337
f 339 338 2566
f 3156 3157 2168
f 2610 3156 2167
f 2954 2953 3156
f 3157 3156 2953
f 9159 2166 2169
f 2567 3158 3159
f 337 3158 2567
f 9182 3069 2166
f 9216 2190 1983
f 2579 3160 3081
f 2568 3159 3160
f 9161 2169 2190
f 3065 3062 3162
f 3161 3162 1984
f 3157 3161 2189
f 2257 3065 3161
f 734 735 1922
f 3059 3058 2708
f 3163 2708 2182
f 3162 3163 1985
f 3062 3059 3163
f 3203 3206 3205
f 3806 3809 3808
f 2122 2119 1448
f 9269 1686 1685
f 139 140 444
f 1570 569 566
f 2957 3164 3165
f 2955 3166 3164
f 1912 454 341
f 3130 3129 3124
f 1548 322 319
f 1949 1950 1327
f 2969 2970 3078
f 3167 3078 3169
f 9176 2014 2017
f 9172 2017 2033
f 3168 3169 3165
f 3170 3165 3164
f 9231 3170 3171
f 9176 3168 3170
f 3171 3164 3166
f 3172 3166 3071
f 9204 3172 3173
f 9208 3171 3172
f 3169 3037 3036
f 2593 3048 2962
f 3173 3071 2609
f 3174 2609 2199
f 9235 3174 2198
f 9201 3173 3174
f 2190 2189 1984
f 2196 2195 2767
f 3326 3329 3328
f 2119 2120 1414
f 1464 1463 1466
f 2199 2611 3069
f 2457 2456 2587
f 2226 2225 2562
f 481 478 1627
f 333 1512 235
f 3078 3051 3037
f 3040 2264 2997
f 3351 3352 3262
f 2219 1934 1933
f 2385 2384 2497
f 221 2220 3175
f 2220 1933 3143
f 3175 3143 2976
f 2484 3175 2975
f 2954 3071 3166
f 2630 1858 110
f 1547 319 1952
f 2091 2090 2188
f 9185 9188 2178
f 1918 1919 1927
f 9007 112 111
f 3398 3401 3400
f 955 956 960
f 2037 3014 112
f 3143 2980 2981
f 2218 2211 2214
f 672 9329 9239
f 2152 3013 3014
f 1147 1144 1143
f 2248 2246 1409
f 1615 1636 1635
f 1410 1409 2246
f 3486 3488 3487
f 3468 3469 3502
f 3451 3453 3452
f 1382 3176 3177
f 3177 1410 2247
f 2247 1383 3177
f 3176 2238 2230
f 1410 3177 3179
f 3179 3180 2243
f 1633 3181 2800
f 3816 3818 3817
f 1621 1620 2758
f 3642 3801 3662
f 3422 3421 3260
f 1622 1621 2245
f 2236 1394 3181
f 3793 3796 3795
f 3493 3496 3495
f 2237 2236 3182
f 3513 3516 3515
f 2250 1631 2233
f 3654 3666 3667
f 2912 1629 1628
f 3819 3822 3821
f 3432 3824 3823
f 135 136 1564
f 1567 419 512
f 1085 1084 2653
f 3184 869 868
f 869 3184 3057
f 3389 3388 3387
f 1266 1268 1098
f 1267 2147 722
f 937 1146 2646
f 2146 1049 722
f 2211 2218 921
f 1957 510 507
f 1313 1312 2264
f 1496 362 1493
f 2887 2937 2933
f 1687 1688 1659
f 145 1499 1498
f 3831 3829 3830
f 37 38 418
f 1935 1934 3185
f 104 89 301
f 2101 2098 2083
f 543 298 360
f 1934 2219 3186
f 234 1521 212
f 9297 9273 1822
f 3825 3828 3827
f 1976 1875 1874
f 223 3186 2219
f 9107 9108 9057
f 2165 2164 467
f 467 468 2165
f 773 476 2165
f 3673 3658 3659
f 1935 1212 1728
f 3490 3491 3840
f 3362 3359 3848
f 3862 3865 3864
f 3465 3466 3484
f 3893 3894 3525
f 3352 3351 3430
f 3869 3872 3871
f 3529 3530 3567
f 3420 3417 3922
f 3304 3235 3236
f 3929 3932 3931
f 3324 3326 3327
f 3219 3937 3939
f 3220 3938 3937
f 3450 3375 3376
f 3942 3832 3833
f 3215 3216 3454
f 3946 3332 3215
f 3422 3949 3948
f 3950 3457 3198
f 3205 3206 3957
f 3261 3962 3961
f 3852 3853 3964
f 3214 3211 3946
f 3965 3213 3214
f 3797 3800 3799
f 3988 3991 3990
f 3777 3779 3806
f 3855 3858 3447
f 3737 3799 3800
f 3949 3953 3952
f 3651 3782 3783
f 4001 3784 3787
f 4019 4022 4021
f 4027 4030 4029
f 3258 3259 4030
f 4033 4036 4035
f 3424 3425 4047
f 3242 3243 4058
f 3970 3489 3547
f 3829 3242 4057
f 3333 3332 3947
f 4063 4068 4065
f 4073 4076 4075
f 3568 3456 3443
f 3981 3334 3335
f 3540 3915 3862
f 4078 4079 4031
f 3565 3566 4088
f 3442 3455 4089
f 4092 4095 4094
f 4093 4094 4097
f 3619 3620 3623
f 3660 4098 3821
f 3809 3648 3649
f 3610 3652 3655
f 3656 3622 3623
f 3621 3803 3804
f 3503 3480 3481
f 3436 3439 3438
f 3356 3428 3427
f 3628 3670 3669
f 3734 3811 4002
f 3276 3273 3370
f 3763 4106 4107
f 4006 4007 3754
f 3747 3751 3752
f 3863 3864 4110
f 3994 3891 4003
f 3653 3801 3664
f 3296 4116 4115
f 4117 4120 4119
f 3249 3252 3251
f 4127 4130 4129
f 3478 3575 3903
f 3410 4136 3921
f 3977 4061 4038
f 3216 3452 3453
f 3967 3547 3548
f 4140 4078 4032
f 3509 4086 4149
f 4151 4152 3659
f 4153 4152 3656
f 4153 4154 3646
f 4156 3688 3645
f 4139 4077 4078
f 3743 3744 4163
f 3861 3918 3987
f 3468 4066 4067
f 3306 3981 3980
f 4172 4173 4010
f 4169 4170 3836
f 4187 4190 4189
f 4213 4216 4215
f 4220 4223 4222
f 4225 4226 4211
f 4230 4233 4232
f 4240 4243 4242
f 3606 3609 3608
f 4250 4253 4252
f 4258 4261 4260
f 4077 4080 4079
f 4276 4279 4278
f 4308 4262 4263
f 4017 4018 3872
f 3196 3193 3951
f 4316 4317 4270
f 3870 4306 4307
f 4324 4327 4326
f 4333 4334 4247
f 4338 4341 4340
f 4348 4351 4350
f 4283 4284 4289
f 4356 4359 4358
f 4359 4019 4020
f 4362 4363 4196
f 4320 4364 4279
f 4370 4372 4296
f 4377 4253 4303
f 4231 4232 4201
f 4203 4212 4331
f 4037 4040 4039
f 4371 4265 4386
f 4387 4346 4347
f 3309 3293 3294
f 4099 3723 3724
f 4355 3422 3257
f 3630 3680 3693
f 4277 4278 4302
f 4350 4318 4319
f 4353 4354 4351
f 3637 3634 3639
f 4394 4395 3827
f 3311 3312 4399
f 3755 3708 4005
f 4363 4362 4259
f 3454 3453 3919
f 3446 3447 3459
f 4298 4299 4404
f 3749 3746 3769
f 3791 3741 3756
f 3643 3685 3684
f 3845 3846 3399
f 4313 3257 3258
f 4411 4413 4408
f 3843 4424 4423
f 4214 4215 4329
f 4431 4434 4433
f 3918 3861 3798
f 3927 3928 3388
f 4453 3893 3874
f 4138 4458 4457
f 3346 4460 4459
f 4100 4109 4108
f 3974 3977 3976
f 3665 3655 3652
f 3773 3565 3993
f 3945 3454 3920
f 4144 4463 4462
f 4464 4467 4466
f 3268 4142 4479
f 4484 3921 4136
f 3348 3914 4487
f 3313 3314 3912
f 3803 3621 3617
f 4086 3509 3510
f 4034 3304 3305
f 3403 3404 4171
f 4481 4482 4492
f 4177 4180 4179
f 4398 4170 3923
f 4451 4493 4494
f 4501 4075 4076
f 4509 4510 4506
f 3304 4034 4462
f 4485 4399 3312
f 3419 4488 3349
f 4356 4345 4385
f 4026 4354 4358
f 4354 4353 4357
f 3599 3596 4091
f 4341 4338 4254
f 4251 4252 4524
f 3482 3485 3484
f 3843 3543 3544
f 4295 4341 4274
f 4381 4530 4206
f 4204 4205 4531
f 4533 4536 4535
f 4542 4545 4544
f 4546 4549 4548
f 4573 4574 4547
f 4575 4578 4577
f 4221 4581 4580
f 4587 4590 4589
f 4328 4592 4589
f 4187 4565 4563
f 4595 4583 4593
f 4597 4605 4604
f 4609 4608 4611
f 4620 4623 4622
f 4612 4615 4614
f 4636 4638 4600
f 4649 4651 4650
f 4652 4655 4654
f 4662 4665 4664
f 4666 4669 4668
f 4637 4639 4685
f 4627 4701 4700
f 4684 4686 4636
f 4663 4689 4661
f 4699 4698 4697
f 4647 4648 4703
f 4709 4711 4603
f 4724 4633 4726
f 4742 4745 4744
f 3311 3923 3924
f 4698 4759 4758
f 4749 4765 4609
f 4342 4345 4344
f 4797 4800 4799
f 4490 4048 3974
f 4019 4359 4306
f 4512 3955 4514
f 3991 3988 4508
f 4692 4695 4694
f 4680 4681 4818
f 4821 4822 4824
f 4367 4239 4243
f 4833 4832 4831
f 4837 4744 4757
f 4332 4563 4562
f 4683 4835 4819
f 4845 4843 4850
f 4751 4753 4752
f 4854 4855 4695
f 4858 4719 4718
f 4822 4559 4859
f 4674 4646 4647
f 4771 4774 4773
f 4726 4727 4537
f 4714 4718 4719
f 4633 4634 4688
f 4616 4619 4618
f 4686 4684 4842
f 4869 4707 4708
f 3502 3868 3528
f 4777 4660 4737
f 4734 4732 4779
f 4883 4755 4663
f 4375 4294 4274
f 4290 4343 4335
f 4816 4815 4812
f 4778 4779 4732
f 4158 3710 4160
f 4195 4198 4197
f 3860 3861 4166
f 3758 3759 3763
f 3694 3691 4157
f 4249 4248 4391
f 3467 3470 3469
f 4209 4212 4211
f 4142 3268 4144
f 3615 3614 3617
f 3479 3480 3536
f 4883 4753 4672
f 4802 4801 4642
f 3698 3637 3638
f 4105 3725 3726
f 4848 4645 4896
f 4878 4877 4744
f 4610 4874 4748
f 4036 3403 4489
f 4355 4313 4314
f 4171 4141 4049
f 3875 3452 3216
f 4868 4865 4863
f 4623 4900 4691
f 3629 3626 4155
f 4654 4887 4898
f 4012 4015 4014
f 4902 4903 4866
f 4768 4769 4908
f 4370 4386 4385
f 4888 4860 4914
f 3546 3543 3917
f 4932 4926 4931
f 3625 3622 4151
f 3804 3669 3670
f 3816 4104 4103
f 4911 4898 4887
f 4928 4930 4927
f 4925 4929 4927
f 3655 3665 3666
f 4932 4919 4910
f 4937 4923 4912
f 4939 4938 4942
f 4228 4529 4530
f 4946 4945 4942
f 4938 4922 4923
f 4942 4938 4937
f 4951 4950 4930
f 4955 4951 4928
f 4748 4750 4615
f 4914 4860 4847
f 4824 4859 4584
f 4940 4939 4941
f 4916 4961 4960
f 4909 4907 4891
f 4971 4967 4968
f 4966 4970 4948
f 4962 4952 4953
f 4940 4935 4924
f 4831 4916 4917
f 4935 4936 4925
f 4275 4255 4261
f 4679 4758 4791
f 4016 4309 4373
f 4668 4764 4766
f 4539 4537 4727
f 4929 4925 4936
f 4775 4776 4801
f 4801 4776 4742
f 4732 4734 4611
f 4985 4984 4983
f 4534 4586 4562
f 4847 4644 4645
f 4788 4787 4619
f 4787 4788 4678
f 4657 4606 4605
f 4994 4996 4878
f 5006 5009 5008
f 5001 5003 4973
f 4814 4618 4619
f 5014 4989 4974
f 5003 5002 4972
f 5019 5006 5007
f 5024 5016 5017
f 5036 5037 5035
f 4990 5019 4975
f 5045 5033 5034
f 5048 5049 5034
f 5025 5017 5014
f 5046 5038 5043
f 5051 5052 5055
f 5044 5050 5060
f 5011 4981 5021
f 5013 5069 5068
f 5028 5073 5072
f 5077 5074 5064
f 5065 5080 5079
f 5083 5079 5080
f 5063 5067 5080
f 5054 5055 5071
f 4602 4603 4711
f 5058 5082 5083
f 4982 4983 4792
f 5041 5033 5045
f 3909 3911 3278
f 3471 3474 3473
f 5002 5003 4994
f 5060 5080 5067
f 4892 4861 4862
f 4891 4813 4884
f 4996 4994 5003
f 4997 5015 5005
f 4813 4617 4614
f 4618 4814 4827
f 5089 5090 5093
f 3303 3306 3305
f 5100 5103 5102
f 5107 5110 5109
f 5110 5115 5092
f 4610 4611 4734
f 5112 5103 5100
f 5088 5091 5090
f 5119 5118 5117
f 5092 5115 5096
f 3826 3830 3829
f 5108 5109 5102
f 5100 5130 5087
f 5118 5131 5133
f 3783 3689 3690
f 4444 4447 4446
f 5151 5153 5150
f 4790 4616 4617
f 4332 4182 4190
f 3266 3267 4451
f 3211 3947 3332
f 4741 4796 4760
f 4775 4778 4777
f 4764 4665 4691
f 4489 4171 4048
f 4466 4477 4511
f 4518 3936 3930
f 4786 4787 4791
f 4980 5005 4984
f 5144 5152 5150
f 5159 5146 5148
f 5121 5119 5120
f 5169 5164 5162
f 5016 4978 4979
f 5123 5180 5179
f 5181 5180 5140
f 5175 5185 5184
f 4575 4581 4586
f 4984 4985 4976
f 4596 4599 4598
f 5182 5181 5183
f 4785 4619 4787
f 5137 5124 5122
f 5167 5179 5180
f 4835 4683 4898
f 4687 4727 4726
f 4176 3836 4170
f 4760 4761 4655
f 4681 4680 4649
f 5121 5093 5132
f 5171 5191 5178
f 5174 5178 5191
f 5169 5193 5194
f 4909 5094 5095
f 5105 5104 5112
f 4767 5108 5126
f 5201 5202 5205
f 5219 5218 5217
f 5229 5214 5200
f 5234 5237 5236
f 4069 4072 4071
f 4724 4725 4717
f 5108 4767 4768
f 5103 5195 5126
f 5227 5218 5211
f 5015 4997 4884
f 4997 4998 4892
f 5197 5198 5215
f 5241 5199 5247
f 5013 4975 5019
f 5205 5239 5232
f 4969 4967 4971
f 5239 5205 5249
f 4808 5243 5225
f 5216 5247 5199
f 5253 5245 5242
f 5235 5236 5255
f 5135 5148 5157
f 5264 5260 5267
f 5245 5203 5215
f 5260 5261 5269
f 5264 5266 5274
f 5154 5153 5173
f 5287 5272 5278
f 5256 5301 5300
f 5173 5174 5176
f 4631 4630 4629
f 4781 4784 4783
f 5309 5307 5311
f 5155 5156 5144
f 4826 4828 4827
f 5291 5295 5308
f 5310 5311 5281
f 5311 5307 5308
f 4036 4033 4176
f 4641 4716 4704
f 5220 5224 4804
f 4770 5206 5207
f 5188 5185 5175
f 5180 5123 5129
f 4626 4700 5314
f 4731 4728 5315
f 5222 5213 5210
f 4728 4882 5316
f 5230 5219 5216
f 5297 5296 5240
f 5204 5233 5208
f 5318 4868 4864
f 5273 5272 5287
f 5221 5210 5219
f 4700 4902 5321
f 5313 5314 5328
f 5157 5149 5154
f 5275 5276 5263
f 5324 5322 5318
f 5323 5332 5331
f 5343 5334 5345
f 5306 5310 5286
f 5278 5281 5311
f 4882 4625 5320
f 5109 5110 5114
f 5123 5087 5130
f 5299 5283 5284
f 5240 5198 5199
f 5229 5231 5197
f 5305 5302 5292
f 5233 5228 5225
f 5192 5190 5194
f 5104 5105 4670
f 5146 5159 5160
f 5337 5340 5347
f 5347 5340 5341
f 5353 5346 5335
f 5349 5355 5354
f 5355 5358 5357
f 5358 5355 5360
f 5355 5349 5348
f 5342 5366 5365
f 5345 5346 5362
f 5332 5364 5367
f 5372 5371 5315
f 5370 5365 5366
f 5361 5356 5354
f 5364 5365 5368
f 5369 5344 5362
f 5316 5320 5330
f 5373 5359 5371
f 5341 5342 5364
f 5374 5358 5359
f 5329 5376 5375
f 5377 5380 5379
f 5377 5376 5331
f 5380 5377 5367
f 5363 5383 5370
f 5357 5358 5374
f 5381 5385 5361
f 4814 4815 4825
f 4825 4815 4816
f 4806 4746 4747
f 5119 5121 5131
f 4696 4697 4893
f 4696 5389 5390
f 5213 5222 5388
f 5393 5389 5388
f 5380 5382 5384
f 5213 5387 4893
f 4813 4891 4908
f 5390 5392 4693
f 5294 5289 5287
f 5184 5185 5186
f 5285 5275 5253
f 4769 4789 4790
f 5327 5371 5359
f 4598 4621 4690
f 4608 4606 4733
f 4627 4624 4609
f 4596 4604 4851
f 4900 4623 4706
f 4668 4795 5395
f 4863 4865 4639
f 5392 5393 4666
f 4872 4650 4651
f 4807 4791 4758
f 5348 5338 5325
f 5176 5191 5190
f 5046 5031 5022
f 4853 4852 4869
f 5346 5353 5363
f 4709 4880 4620
f 4672 4673 4904
f 4680 4811 4651
f 4841 4844 4688
f 4823 4817 4818
f 4729 4730 4602
f 4881 4729 4851
f 5360 5348 5326
f 4852 4900 4707
f 4890 4751 4669
f 5392 5390 5389
f 5189 5182 5186
f 4881 4604 4605
f 5343 5344 5369
f 4607 4624 4625
f 5056 5055 5052
f 4850 4797 4798
f 3260 5399 5398
f 4855 4736 4899
f 5339 5343 5366
f 4789 4905 4808
f 5400 4040 3948
f 3872 3424 4046
f 4018 3423 3424
f 4025 4523 4172
f 4011 4023 4024
f 4065 4068 3900
f 3413 4012 4013
f 5056 5068 5069
f 5055 5056 5070
f 4062 5398 5399
f 5269 5289 5294
f 4685 4866 4903
f 5254 5242 5240
f 4606 4657 4658
f 4729 4881 4882
f 4030 4041 4043
f 4664 4752 4753
f 3575 3483 3904
f 3413 3410 3922
f 4949 4968 4955
f 4947 4937 4913
f 4849 4850 4894
f 4143 3974 3975
f 4912 4923 4932
f 3774 3771 3995
f 3956 3954 3342
f 4871 4872 4758
f 4270 4273 4272
f 4039 4040 5400
f 3555 3969 5402
f 5403 5404 3906
f 3908 4126 3823
f 4124 4121 5408
f 3901 3902 4046
f 4120 4117 5410
f 4124 3962 4125
f 5420 3906 5404
f 5424 4059 5425
f 3400 5429 5428
f 5432 5433 5435
f 4941 4942 4945
f 4935 4940 4949
f 3895 3898 3897
f 5426 5408 4121
f 5430 3905 3906
f 4045 4041 5398
f 5395 4693 5392
f 4846 4903 4701
f 4880 4709 4710
f 4624 4607 4608
f 4656 4690 4662
f 5305 5307 5309
f 5220 5223 5222
f 4230 4223 4327
f 5030 5073 5028
f 5213 5212 5211
f 5440 3272 3269
f 4396 4397 3980
f 5447 5448 3244
f 3328 3330 5451
f 4208 4391 4248
f 4599 4620 4621
f 4528 4339 4391
f 4529 4228 4199
f 4526 4338 4339
f 4256 4235 5452
f 4532 5452 4241
f 3834 4400 5446
f 5443 5445 5444
f 4530 4247 4334
f 4754 4886 4904
f 4229 4228 4381
f 4205 4382 4383
f 4892 4998 4987
f 4039 4032 3976
f 4738 4780 4796
f 4833 4835 4897
f 4232 4527 4200
f 4194 4240 4241
f 4889 4794 4750
f 4194 4191 4365
f 4531 4383 4195
f 5043 5042 5062
f 4182 4332 4561
f 5446 5447 3241
f 5237 5239 5248
f 4206 4334 4382
f 5210 5211 5218
f 3426 3922 3417
f 4216 4191 4192
f 4219 4210 4184
f 4180 4561 4380
f 4327 4595 4591
f 4223 4230 4231
f 4215 4192 4360
f 4186 4568 4218
f 4190 4330 4209
f 4223 4220 4595
f 4326 4591 4328
f 4366 4389 4568
f 4570 4548 4549
f 4579 4573 4548
f 4563 5453 4533
f 4583 4595 4220
f 4586 4380 4561
f 4239 4196 4363
f 4572 4571 4567
f 4536 4539 4585
f 4538 5453 4566
f 4536 4533 5453
f 3573 3986 3983
f 5427 3963 3552
f 4553 4587 4588
f 4593 4554 4555
f 4368 4365 4183
f 4361 5452 4235
f 4233 4369 4527
f 4233 4230 4324
f 4212 4209 4330
f 4237 4324 4325
f 4193 4241 5452
f 4983 5015 4885
f 5002 4995 4986
f 5074 5077 5076
f 4698 4699 5391
f 5391 4699 5390
f 4871 4899 4650
f 4546 4857 4543
f 4553 4550 4901
f 4552 4588 4555
f 5223 4804 4805
f 5386 5382 5383
f 5317 5315 5371
f 3240 3237 4429
f 5384 5385 5381
f 3938 3217 3218
f 3942 3943 5455
f 5361 5385 5386
f 4542 4540 4541
f 3910 5430 5420
f 3939 3333 4060
f 3851 5350 5351
f 3838 5427 3556
f 4547 4858 4857
f 5442 5443 4050
f 3385 3874 5428
f 4257 4234 4235
f 5312 5212 4893
f 4212 4203 4204
f 3854 3849 5461
f 4226 4184 4210
f 4202 4177 4178
f 3316 3983 3897
f 5464 5465 4432
f 5465 5466 3883
f 4472 4469 4449
f 4501 4472 4450
f 4074 4075 4080
f 5473 5474 5401
f 4173 4172 5475
f 3432 3429 3520
f 3462 5505 5504
f 4075 4501 4494
f 5482 5481 3387
f 5468 5471 5470
f 3427 5421 5422
f 4498 4499 4487
f 5403 3824 5414
f 3382 5523 5522
f 3492 5512 5511
f 3429 3434 3517
f 3873 5522 5524
f 5480 5479 3350
f 3477 5508 5505
f 4507 4508 5544
f 4396 5550 5551
f 3374 5552 5553
f 3373 5553 5554
f 5479 4521 4063
f 3390 5554 5555
f 5531 5525 5566
f 3368 5568 5567
f 5556 5557 5560
f 3393 5555 5557
f 4433 3364 5463
f 5464 5463 5458
f 4435 4437 4439
f 4055 4393 3277
f 3273 3278 3911
f 3395 3357 3358
f 5486 3894 4071
f 5526 4455 4453
f 5525 5570 5569
f 5568 3526 3527
f 3527 3362 3847
f 3365 5461 3849
f 5462 3849 3850
f 4435 4436 5571
f 3378 3379 3943
f 5573 5578 5577
f 4438 5455 3943
f 5477 5574 5579
f 5582 5581 5580
f 5583 5580 5581
f 5586 5585 5588
f 4074 5472 5586
f 5583 5585 5474
f 4507 5589 5590
f 5573 5478 4522
f 3989 5595 5596
f 5594 3406 3407
f 4436 3381 5572
f 5591 3990 3991
f 4507 4475 4476
f 3990 5591 5587
f 5578 3409 3406
f 5595 3989 5584
f 5484 3394 3358
f 4441 4442 5467
f 5472 4074 4077
f 5522 5599 5570
f 5486 3358 3353
f 5481 4498 3386
f 3475 5506 5492
f 5476 4523 3899
f 5540 5541 5606
f 5542 5540 5603
f 5608 5543 5542
f 5608 5607 5545
f 5607 5603 5609
f 5599 5600 5548
f 5598 5592 5543
f 5595 5594 5593
f 5588 5584 3989
f 5626 3265 3266
f 5627 3266 4448
f 5469 4449 4469
f 4515 4517 5625
f 4503 4473 4474
f 4481 5626 5627
f 4500 5628 5469
f 3414 4468 5466
f 5594 5595 5581
f 3376 3377 4430
f 3444 3944 3941
f 5572 3944 3444
f 4273 4286 4287
f 4345 4356 4357
f 4386 4304 4305
f 4517 4462 4463
f 4352 4349 4319
f 4352 4250 4251
f 4268 4277 4390
f 4264 5629 4320
f 4346 4387 4282
f 4337 4335 4343
f 4289 4244 4245
f 4303 4378 4287
f 4343 4290 4291
f 4284 4333 4244
f 4375 4519 4291
f 4379 4319 4271
f 4337 4353 4348
f 4524 4525 4295
f 4364 4362 4197
f 4285 4282 4390
f 5206 5209 5208
f 4297 5629 4371
f 4346 4283 4286
f 4285 4300 4333
f 3571 3572 4395
f 5341 5340 5339
f 5346 5345 5334
f 5269 5261 5273
f 4510 4509 5609
f 4509 4474 5545
f 4445 4446 5611
f 5566 5569 5568
f 5349 5336 5338
f 5489 5490 3401
f 5565 5566 3368
f 5496 5497 5417
f 5523 3382 3383
f 5325 5338 5347
f 5523 5600 5599
f 5429 3400 3401
f 3887 5632 5631
f 5634 5613 5600
f 5276 5280 5279
f 5298 5297 5257
f 5087 5086 5085
f 3361 3526 5612
f 5041 5061 5066
f 5487 5488 3383
f 5101 5116 5130
f 5299 5298 5300
f 5333 5336 5335
f 5302 5305 5304
f 5234 5247 5216
f 5301 5256 5255
f 4868 5318 5322
f 5281 5278 5277
f 5323 5321 5322
f 5298 5284 5296
f 4885 4829 4750
f 5231 5230 5196
f 4625 4626 5313
f 5111 5113 5085
f 5600 5613 5549
f 5531 5564 5563
f 5165 5166 5182
f 5283 5280 5285
f 4269 4276 4277
f 5610 5609 5603
f 5127 5090 5091
f 4907 5095 5125
f 5277 5278 5272
f 5596 5593 5592
f 5212 5312 5226
f 5273 5261 5262
f 5302 5301 5258
f 5635 5646 5645
f 4250 4352 4379
f 4485 4136 3405
f 4354 4026 4023
f 4265 4262 4304
f 4388 4390 4282
f 4345 4342 4384
f 4362 4364 4297
f 4836 4765 4612
f 4360 4361 4236
f 4369 4233 4237
f 5647 5636 3986
f 5650 3965 3192
f 5337 5338 5336
f 4467 4478 4477
f 4253 4377 4340
f 4429 3416 5457
f 3997 4133 3915
f 5535 3856 3839
f 5538 5541 4460
f 3439 3376 5571
f 5570 5525 5526
f 3438 5571 5572
f 4440 4468 3879
f 3440 5665 4407
f 3886 5685 5695
f 5534 5529 5396
f 5685 3886 3471
f 4278 4198 4301
f 5628 4448 4449
f 3579 3537 3538
f 4480 5627 5628
f 4402 5499 5517
f 4279 4197 4198
f 3603 3534 3532
f 3580 3594 4088
f 4095 3530 3531
f 5248 5249 5251
f 3778 3819 3999
f 4617 4618 4613
f 4375 4275 4372
f 3411 3405 4136
f 5094 5106 5111
f 3602 3532 3535
f 4023 4011 4350
f 4349 4352 4336
f 3605 3535 3536
f 4469 4472 4471
f 4094 3531 3593
f 4248 4249 4245
f 3519 5521 5518
f 5254 5296 5284
f 4852 4853 4795
f 4265 4371 5629
f 5632 5499 5503
f 3604 3611 3612
f 5549 5501 5502
f 3653 3606 3607
f 4780 4738 4873
f 4988 4989 4979
f 4491 5625 5626
f 4837 4904 4995
f 4615 4612 4765
f 5468 4469 4470
f 3514 3470 3467
f 5491 5680 4409
f 4093 3618 3619
f 4364 4320 5629
f 3488 5510 5509
f 5606 5539 5611
f 4210 4219 4189
f 4600 4603 4602
f 5242 5215 5198
f 5073 5074 5075
f 5651 5657 3940
f 3996 3541 3775
f 5200 5203 5202
f 5525 5531 5527
f 3364 4433 4434
f 3775 3541 3542
f 3941 3833 5485
f 3731 3706 4105
f 4997 5000 4999
f 4508 5598 5608
f 4101 4099 3818
f 3728 4109 4103
f 4591 4593 4592
f 4539 4536 4538
f 4550 4553 4552
f 4541 4566 4567
f 4389 4579 4570
f 4582 4583 4580
f 4976 4979 4978
f 4705 4708 4707
f 4797 4850 4843
f 3713 3729 3730
f 4675 4647 4702
f 4977 4978 4981
f 4810 4818 4817
f 4786 4811 4812
f 4715 4631 4628
f 4978 5016 5021
f 5010 5009 5006
f 3722 3743 4162
f 4558 4557 4560
f 4568 4570 4569
f 4584 4578 4535
f 4641 4631 4715
f 5026 5014 5012
f 4776 4777 4745
f 4714 4628 4712
f 4982 4996 5001
f 4576 4577 4560
f 4564 4567 4566
f 5069 5013 5018
f 5057 5052 5048
f 4810 4812 4811
f 3710 4158 3786
f 4991 4992 4999
f 5011 5009 5010
f 5008 5020 5022
f 5066 5067 5063
f 5047 5037 5024
f 5050 5049 5051
f 5023 5021 5016
f 5045 5044 5059
f 5047 5025 5026
f 3711 3712 3724
f 5048 5035 5037
f 5042 5040 5063
f 5058 5053 5051
f 5036 5038 5046
f 3715 3699 3700
f 5235 5256 5257
f 3732 3729 3704
f 5030 5031 5062
f 5020 5021 5023
f 5263 5262 5261
f 5049 5050 5044
f 5236 5248 5250
f 5031 5030 5027
f 5043 5038 5039
f 5320 5313 5329
f 5049 5048 5052
f 5326 5319 5317
f 3264 3261 3288
f 5264 5265 5263
f 4998 4999 4992
f 5009 5011 5020
f 5036 5032 5039
f 5032 5035 5034
f 4355 4317 3949
f 4269 4266 4374
f 4253 4250 4378
f 4525 4524 4252
f 3960 4112 4111
f 4372 4275 4258
f 5681 5672 5673
f 4378 4379 4272
f 4270 4347 4346
f 3244 5448 5644
f 4899 4703 4648
f 3734 3732 3702
f 4138 3346 3343
f 4192 4193 4361
f 3813 4001 3812
f 3817 3695 3696
f 5668 5683 5682
f 5690 5691 5687
f 5499 5632 5700
f 3999 3819 3820
f 3745 3742 4102
f 5684 3471 3472
f 5702 3859 3860
f 5712 5713 5693
f 3249 3277 4393
f 5695 5683 5715
f 5694 5715 5716
f 5719 3972 5601
f 4918 4919 4950
f 4774 4742 4743
f 5505 4415 4411
f 3583 3584 3585
f 3710 3687 4157
f 5513 5725 4417
f 5704 3563 4146
f 4141 4045 4062
f 5669 5689 5688
f 3898 3895 5653
f 5718 3973 3972
f 5684 5687 5686
f 3917 4131 5717
f 3463 5666 5662
f 5492 5506 5680
f 4931 4930 4950
f 5665 3440 3441
f 3788 3717 3740
f 3501 3502 3529
f 3569 3570 3477
f 5516 5728 5727
f 3564 3567 3566
f 3892 5405 5406
f 3962 4124 5407
f 4126 3908 4123
f 4116 3296 3287
f 3892 3887 5630
f 3824 3432 5413
f 4408 4409 5680
f 3969 3966 3978
f 4408 4413 3449
f 4414 3448 3449
f 3962 3261 3262
f 4425 5724 5616
f 4418 5725 5727
f 5716 5597 5575
f 5719 5720 5717
f 5698 5498 5692
f 3880 5621 4166
f 5652 3212 5520
f 5621 5623 4167
f 5679 4409 4410
f 3210 3209 3355
f 5622 5534 5451
f 5416 5417 5497
f 5729 5732 5731
f 5733 5734 3761
f 5735 5738 5737
f 5750 5752 5751
f 5744 5745 5740
f 5744 3770 3753
f 5753 5754 5730
f 5757 5758 5736
f 5731 5752 5765
f 5774 5777 5776
f 5790 5793 5792
f 5796 5786 5787
f 5817 5814 5819
f 5828 5831 5830
f 3725 4105 3751
f 4874 4734 4873
f 4700 4701 4903
f 4740 4820 4876
f 3199 3202 3201
f 4100 4102 4099
f 3749 3767 4108
f 3695 3817 3712
f 3378 3381 3380
f 5504 4411 4412
f 4405 4402 5518
f 5838 5839 5835
f 4705 4632 4712
f 5832 5831 5828
f 5697 5677 5678
f 3791 4006 4005
f 5848 5791 5794
f 3714 3700 3701
f 3995 4148 4042
f 3329 3326 3224
f 4005 3708 3705
f 4551 4762 4763
f 5855 5798 5808
f 5851 5795 5792
f 5803 5801 5858
f 5844 5843 5840
f 5762 5759 5743
f 5808 5809 5806
f 4012 3413 3426
f 5558 3513 3467
f 4550 4763 4720
f 4950 4951 4953
f 3885 3886 5694
f 5705 5706 4081
f 5508 4417 4415
f 3745 3759 3760
f 5507 4412 5680
f 3592 3536 3588
f 3895 5434 5658
f 5613 5500 5501
f 3834 3830 4393
f 5527 4454 4455
f 5775 5806 5809
f 5766 5767 5813
f 5858 5811 5812
f 5855 5815 5811
f 5863 5820 5819
f 5826 5859 5863
f 5862 5866 5833
f 5870 5871 5837
f 5782 5783 5831
f 5868 5838 5836
f 5778 5779 5843
f 5866 5870 5845
f 5785 5864 5867
f 5790 5788 5789
f 5796 5797 5794
f 5821 5818 5819
f 5657 5651 5620
f 5793 5849 5852
f 5855 5858 5801
f 5853 5847 5786
f 5804 5805 5802
f 5827 5867 5864
f 5767 5768 5821
f 5854 5857 5776
f 5860 5817 5818
f 5782 5832 5825
f 5781 5778 5844
f 5810 5811 5815
f 5867 5827 5830
f 5809 5808 5798
f 5828 5829 5863
f 5865 5841 5838
f 5801 5803 5802
f 4086 5707 3795
f 5779 5780 5842
f 5827 5826 5829
f 5839 5872 5869
f 5814 5815 5855
f 5711 4132 3859
f 4958 4957 4917
f 5861 5818 5821
f 5863 5859 5812
f 5865 5868 5823
f 5873 5836 5837
f 5872 5839 5842
f 4089 3455 3563
f 3812 3787 3785
f 5770 5771 5787
f 5789 5786 5847
f 5793 5789 5846
f 4145 4147 4146
f 5848 5773 5790
f 3953 4008 4009
f 5748 5875 5874
f 4624 4627 4626
f 4665 4764 4752
f 4775 4780 4779
f 4746 4670 4671
f 4637 4600 4601
f 4828 4612 4613
f 4704 4763 4762
f 4843 4845 4727
f 4543 4717 4725
f 4731 4864 4863
f 4723 4594 4558
f 4842 4846 4840
f 4717 4543 4857
f 4865 4868 4867
f 5841 5865 5866
f 4725 4726 4540
f 4798 4799 4816
f 4632 4635 4634
f 4720 4716 4715
f 4642 4645 4644
f 3754 4007 5874
f 4860 4761 4644
f 4674 4723 4722
f 4808 4809 4676
f 4721 4722 4822
f 5876 5878 5877
f 4836 4838 4840
f 4658 4661 4660
f 4826 4799 4800
f 4877 4782 4743
f 4948 4970 4971
f 4875 4739 4876
f 4954 4933 4934
f 5773 5770 5788
f 5825 5832 5833
f 5834 5837 5836
f 5834 5844 5845
f 3359 3362 3361
f 5732 5729 3756
f 3394 3397 3396
f 3766 3769 5741
f 5774 5809 5799
f 5805 5776 5857
f 5813 5821 5820
f 3969 3555 3964
f 5667 5668 5674
f 5729 5747 3792
f 3770 5744 5741
f 4741 4740 4739
f 4689 4737 4660
f 5772 5797 5787
f 5735 5733 3758
f 5850 5772 5773
f 5617 5528 3965
f 5799 5800 5854
f 5875 5748 5764
f 5840 5843 5842
f 5861 5768 5769
f 5807 5804 5853
f 5869 5781 5834
f 3765 3768 5739
f 5882 5884 5761
f 5881 5879 5887
f 5895 5896 5898
f 5907 5905 5906
f 5909 5907 5908
f 4234 4257 4526
f 3912 3927 3389
f 5934 8731 8730
f 8730 8731 5930
f 4920 4923 4922
f 8845 8847 8853
f 4141 4171 3404
f 3733 3705 3706
f 8849 8847 8848
f 4234 4237 4236
f 8863 8858 5919
f 3733 4002 4004
f 5908 5906 8859
f 8865 8866 8871
f 8859 8858 8863
f 5927 5924 5925
f 5911 5903 5904
f 8878 8871 8866
f 5635 5638 5637
f 5745 5744 5746
f 3552 3555 3554
f 8857 8889 8890
f 5924 5927 8860
f 3553 3557 3556
f 5919 5920 8861
f 8869 8865 8870
f 8873 8871 8878
f 8856 8857 8875
f 8862 8861 5889
f 8846 8845 8844
f 8864 8863 8866
f 8729 8730 8883
f 8848 8846 8887
f 8878 8879 5888
f 8896 8854 8855
f 8853 8854 8896
f 8841 8842 5882
f 3489 3492 3491
f 8867 8859 8864
f 5910 5908 8867
f 5914 5910 8898
f 5916 5914 8899
f 5889 8861 8860
f 8876 8878 8893
f 5918 5916 8900
f 4424 5722 5726
f 8904 8903 8900
f 8909 8908 8904
f 8908 8907 8903
f 8869 8909 8905
f 3632 3668 3667
f 3687 3690 3689
f 3636 3682 3681
f 3664 3641 3639
f 4304 4307 4306
f 8909 8869 8891
f 3681 3696 3695
f 3758 3761 3760
f 3684 3701 3700
f 3721 3724 3723
f 3941 3944 3943
f 3738 3741 3740
f 3687 3710 3709
f 3238 3239 3938
f 4249 4303 4288
f 4499 4498 3344
f 4240 4194 4368
f 3453 3451 3951
f 4401 3971 3547
f 3950 3951 3451
f 3702 3704 3701
f 3725 3728 3727
f 3194 3207 3208
f 4034 4035 4461
f 3914 3348 3913
f 3483 3575 3533
f 3191 3958 3957
f 4292 3489 3970
f 3909 3910 3428
f 3959 3960 3866
f 4017 4308 4309
f 4316 4318 4008
f 4448 4451 4450
f 4414 4415 4417
f 3435 3430 3351
f 4413 4411 4415
f 3899 3902 3901
f 3780 3781 3648
f 3474 3471 3886
f 3958 3191 3192
f 3221 3223 3935
f 3905 3908 3907
f 3913 4488 4486
f 4420 4422 4421
f 3881 3884 3883
f 4004 3788 3790
f 4271 4319 4318
f 4259 4297 4296
f 3501 4003 4066
f 5897 5898 5900
f 5901 5902 5904
f 8854 8849 8856
f 3789 3785 3786
f 3651 3648 3781
f 5924 5899 5901
f 8870 8871 8873
f 8876 8877 8874
f 5912 5917 5918
f 3805 3918 3799
f 3369 3370 3395
f 3923 3926 3925
f 3916 3917 3512
f 3641 3664 3801
f 4276 4269 4323
f 4181 4229 4331
f 4428 4430 3377
f 3495 4425 4321
f 4436 4435 3380
f 4430 4428 4437
f 3945 3957 3958
f 4065 3901 4047
f 4495 4497 3408
f 8913 8912 8915
f 8911 8910 8917
f 8889 8922 8923
f 8919 8935 8931
f 8884 8914 8918
f 8922 8921 8931
f 5852 5907 5909
f 5866 5862 5915
f 8926 8918 8914
f 8914 8884 8883
f 8886 8919 8921
f 5846 5847 5894
f 5873 5902 5900
f 8893 5888 5764
f 8894 8893 5754
f 5890 8860 5927
f 5885 8896 5755
f 5871 5904 5902
f 5763 8936 5883
f 5880 5890 8936
f 4175 4176 4398
f 4274 4254 4255
f 8883 8730 5931
f 8868 8905 8898
f 3289 4059 3247
f 3858 3855 5485
f 8850 8848 8886
f 4116 4120 5409
f 3889 5406 4127
f 3678 3679 8938
f 8857 8850 8888
f 3979 3551 3294
f 4126 3352 3431
f 3651 4000 3679
f 3460 3858 5921
f 4084 3309 3310
f 8905 8904 8899
f 3561 3327 5397
f 3213 3965 5528
f 4191 4194 4193
f 5449 5450 5532
f 4142 3975 4031
f 4060 3947 5652
f 4480 4483 4482
f 5519 5520 3212
f 5657 5451 3330
f 4473 4476 4475
f 3514 3515 5668
f 5663 5670 5669
f 8881 5929 5926
f 5734 5733 5749
f 4788 4789 4677
f 3997 3996 3538
f 3551 3486 3310
f 3577 3578 3998
f 4893 4697 4676
f 4753 4751 4671
f 8729 8884 8885
f 3813 3703 9021
f 8938 4001 3813
f 8882 5931 5929
f 4098 5701 3820
f 3399 5405 5416
f 5494 5495 5503
f 5880 5877 5878
f 4986 4673 4861
f 4999 5000 5004
f 4985 5001 4988
f 5816 5769 5766
f 4372 4370 4384
f 5688 5691 5692
f 8903 8902 8901
f 8879 8862 5887
f 8902 8881 8880
f 5919 5893 5895
f 4519 4384 4342
f 8847 8849 8854
f 5925 5901 5903
f 4021 3899 4523
f 5678 5677 5676
f 4424 3843 4085
f 5701 3576 3577
f 5928 5925 5926
f 5000 5005 4980
f 9022 4147 3545
f 9024 9025 5409
f 4008 4011 4010
f 3931 3234 4516
f 3822 3806 3807
f 8851 8852 8844
f 5728 5516 5509
f 9025 9023 4115
f 5209 5200 5201
f 4820 4740 4653
f 3988 5596 5598
f 3370 3911 3357
f 5639 5642 5641
f 5592 4511 4477
f 3378 3944 5572
f 5625 4463 3265
f 5594 5582 5577
f 3302 5649 5645
f 3274 3277 3278
f 5207 5208 5233
f 5071 5070 5072
f 4815 4814 4785
f 4796 4802 4643
f 3243 3244 5643
f 5301 5302 5303
f 5431 3562 5655
f 5251 5249 5244
f 3353 3427 3523
f 4174 3404 3405
f 3546 4114 4113
f 4002 3789 3788
f 4196 4239 4238
f 3232 5646 5647
f 4373 4374 4266
f 4867 5322 5321
f 5648 4054 4058
f 4455 4070 3893
f 5593 3407 4511
f 5275 5265 5252
f 5252 5265 5274
f 4092 3619 3624
f 3723 3742 3743
f 4780 4775 4802
f 4059 3289 3560
f 4317 4355 4347
f 5188 5190 5192
f 5570 5599 5612
f 3385 5429 5633
f 3526 5568 5569
f 3576 5701 3608
f 3581 3542 3594
f 5239 5237 5238
f 5081 5079 5083
f 4369 4526 4528
f 4325 4326 4329
f 3569 3285 3286
f 9022 9026 4112
f 3661 3662 3801
f 5074 5073 5030
f 5064 5062 5063
f 3563 3497 3498
f 3961 5407 4119
f 4854 4853 4870
f 5018 5007 5028
f 5007 5008 5027
f 5040 5042 5039
f 3240 3375 3875
f 5070 5069 5029
f 3504 3481 3866
f 3537 3579 3591
f 5033 5041 5039
f 4710 4638 4635
f 5017 4979 4989
f 5024 5037 5046
f 4991 5006 5019
f 4587 4553 4574
f 4996 4982 4793
f 5066 5061 5059
f 5221 5230 5231
f 5068 5056 5057
f 3675 3676 3643
f 3663 3674 3675
f 4722 4558 4559
f 3579 3576 3590
f 3686 3676 3677
f 4422 4420 3499
f 5142 5141 5138
f 5078 5071 5075
f 3609 3589 3590
f 3288 3961 5411
f 5424 9024 5410
f 5152 5144 5156
f 3960 5704 5709
f 4946 4956 4957
f 3867 3903 5705
f 9026 9022 4113
f 5192 5193 5189
f 5161 5164 5194
f 3637 3698 3682
f 4392 5461 3847
f 3796 4114 4149
f 4104 3716 3727
f 3594 3595 3993
f 3796 3793 4134
f 3687 3688 4156
f 3760 3761 4164
f 4464 3344 3345
f 3485 3528 3868
f 3846 3845 5423
f 3409 4520 4496
f 3767 3768 3765
f 3711 3721 4159
f 3797 4132 4087
f 4072 4069 5562
f 4502 4076 5590
f 5408 5426 9027
f 5683 5695 5714
f 5702 3772 4110
f 5623 4042 4148
f 5428 3874 3525
f 3668 3803 3802
f 4000 4001 8938
f 4221 4222 4179
f 4267 4268 4388
f 3721 3722 4161
f 3903 5659 5706
f 3583 3580 4090
f 3894 5486 3524
f 4635 4638 4636
f 4173 5401 4009
f 4890 4666 5393
f 5290 5291 5293
f 5339 5340 5337
f 5458 5459 4438
f 3251 5419 5430
f 3252 5418 5419
f 3428 5420 5421
f 3571 5426 5418
f 4583 4582 4554
f 4239 4367 4224
f 3322 3898 5450
f 5309 5310 5306
f 4109 3728 3748
f 5707 3865 3794
f 5139 5184 5183
f 5271 5270 5290
f 5280 5283 5282
f 5110 5107 5125
f 5319 4864 4731
f 5334 5343 5339
f 5423 3522 3523
f 5376 5377 5378
f 4721 4681 4646
f 3719 4158 4159
f 4853 4854 4692
f 5373 5372 5330
f 4428 5457 5456
f 5376 5329 5328
f 3337 3367 4434
f 4692 4693 5395
f 5475 4172 4523
f 5478 3900 4068
f 5421 5404 4129
f 5374 5373 5375
f 5283 5299 5306
f 5246 5247 5234
f 5154 5149 5150
f 4458 5562 5561
f 5163 5159 5158
f 5381 5374 5378
f 3397 3394 5484
f 4457 5561 5563
f 5147 5143 5150
f 4474 4475 5544
f 5325 5318 5319
f 5223 5394 5388
f 5517 5700 3521
f 4499 5480 3347
f 5404 5403 4128
f 3476 5507 5506
f 4084 5516 5515
f 3900 5478 5477
f 5536 5564 5547
f 5491 5498 5493
f 5474 5472 4139
f 4063 4521 4522
f 4459 4460 5541
f 5548 5549 3360
f 5444 5445 5550
f 3888 3889 5415
f 5546 5547 3339
f 5536 5539 5538
f 3570 5513 5508
f 4471 4502 5589
f 4280 3848 3359
f 5499 4402 4403
f 5189 5193 5169
f 5543 4477 4478
f 4051 5551 5552
f 3461 5504 5507
f 4629 4630 4870
f 5106 5094 4909
f 5286 5281 5279
f 5462 5463 3364
f 3491 5511 5514
f 5224 5220 5231
f 4478 4459 5540
f 4099 4102 3742
f 4803 4806 4805
f 4130 5423 5422
f 4470 4471 4476
f 4924 4925 4921
f 4920 4921 4927
f 4993 4986 4987
f 4887 4888 4913
f 3894 3893 4070
f 5472 5474 5585
f 3508 4135 4134
f 3603 3600 4096
f 3772 3773 3992
f 5712 5664 5671
f 3739 3718 4162
f 5683 5668 3515
f 5480 4465 4495
f 5698 5699 5493
f 3578 3538 3996
f 3645 3646 4154
f 5660 3904 3466
f 4135 9026 5710
f 5587 5591 4073
f 5687 5689 5693
f 3584 3583 4091
f 5585 5583 5584
f 4128 5414 5415
f 4257 4254 4338
f 4222 4231 4178
f 4366 4365 4191
f 5098 5099 5091
f 5761 5757 5737
f 5760 5737 5738
f 8852 8842 5934
f 8874 8877 8855
f 8895 8897 8855
f 5884 5882 8842
f 4557 4554 4582
f 8890 8923 8917
f 8918 8926 8930
f 8924 8926 8915
f 4182 4181 4330
f 3864 5708 5711
f 3574 3317 3230
f 3342 3954 3415
f 3488 3486 3549
f 4317 4316 3953
f 3672 3659 4152
f 5708 3864 3865
f 9021 3703 3685
f 3621 3618 3616
f 5728 4422 4419
f 4311 4027 4028
f 4131 3917 3543
f 4426 3496 3842
f 4518 3956 4168
f 5457 5465 5464
f 5425 3560 3558
f 5458 4439 4437
f 3416 3414 5465
f 5638 9028 5437
f 3985 3986 5636
f 5646 5635 5636
f 9023 9025 3554
f 5722 5510 5514
f 3256 3933 3934
f 4164 3761 5734
f 8885 8918 8920
f 3282 3932 3929
f 3292 4394 3320
f 3232 3229 3300
f 3303 3236 3271
f 3562 5431 5432
f 3392 3387 3388
f 3854 5922 5350
f 5463 5462 5459
f 5935 3474 3885
f 3879 3415 3954
f 3928 3372 3391
f 4137 5559 4458
f 5454 5455 3850
f 3548 3490 3549
f 4443 4500 5470
f 4452 4505 4506
f 4468 3414 3415
f 4443 4440 3876
f 3234 3235 4515
f 5434 3895 3896
f 5448 5440 5441
f 5447 5446 5443
f 4442 5470 5471
f 5550 4056 3275
f 5578 5573 4520
f 3464 5667 5666
f 4701 4627 4839
f 3259 5398 4041
f 4015 4012 3423
f 3558 3323 3982
f 4856 4894 4823
f 4741 4652 4653
f 3759 3745 4106
f 3560 3289 3290
f 9024 5424 3557
f 5438 3279 3280
f 3321 3283 3290
f 5557 5483 4072
f 5553 3369 3396
f 4045 4141 4174
f 4539 4845 4849
f 3536 3480 3503
f 5478 5573 5574
f 3800 3797 3510
f 4755 4883 4886
f 5561 4454 5527
f 5752 5731 5732
f 5752 5750 5756
f 3518 5492 5493
f 3767 3762 4107
f 3534 3603 4097
f 4395 3572 3826
f 3926 4052 3371
f 4446 4510 5610
f 4050 5444 3980
f 8887 8846 8843
f 5649 5639 5640
f 4643 4644 4761
f 3709 3787 3784
f 4778 4659 4660
f 5649 3302 4054
f 5646 3232 3301
f 3250 3251 3910
f 5884 5886 5757
f 5655 5656 5936
f 4224 4227 4226
f 4043 4044 3412
f 4286 4289 4288
f 4267 4311 4310
f 4493 4079 4080
f 3325 5432 3226
f 3925 3371 3372
f 4312 4315 4314
f 3996 3997 3540
f 8908 8911 8912
f 4023 4026 4025
f 3995 3890 3891
f 5482 5556 5559
f 4486 3420 3921
f 4300 4285 4302
f 5438 5642 5644
f 3233 3932 3282
f 3225 3228 3227
f 5446 4400 5445
f 5554 3396 3397
f 4834 4833 4830
f 4064 3349 3350
f 3596 3599 3598
f 5639 5649 5648
f 5434 5431 5654
f 4895 4896 4830
f 3674 3677 3676
f 3551 3979 3978
f 3835 3836 3305
f 3813 3810 3702
f 3691 3711 4160
f 4109 4100 4101
f 4565 4187 4188
f 3490 3548 3547
f 3672 3646 3647
f 8906 8907 8912
f 3810 3812 3811
f 4051 4052 4397
f 3566 3599 4090
f 5580 5475 5476
f 4456 4457 5537
f 5539 5536 5546
f 8844 5934 8729
f 8872 8873 8874
f 4383 4301 4198
f 4931 4926 4927
f 5529 5530 5397
f 5314 5321 5323
f 5347 5332 5323
f 4711 4709 4599
f 5387 5388 5389
f 5259 5290 5292
f 5195 4806 4803
f 5195 5104 4746
f 4639 4865 4866
f 4821 4818 4681
f 3421 4037 5399
f 4730 4863 4601
f 4807 4651 4811
f 4040 4037 3421
f 4844 4841 4800
f 3936 3933 3929
f 4894 4798 4817
f 5365 5370 5383
f 4657 4656 4661
f 5224 5206 4770
f 5368 5383 5382
f 5336 5349 5352
f 5353 5356 5386
f 4070 4455 4454
f 5396 5397 3327
f 5225 5226 5312
f 5384 5382 5386
f 5391 4694 4695
f 4407 4410 4409
f 4623 4620 4880
f 5356 5353 5352
f 4578 4584 4859
f 3239 3875 3217
f 3937 3218 3333
f 4578 4575 4534
f 5467 5471 4505
f 4836 4828 4826
f 4422 5728 5721
f 3392 3393 5556
f 5564 5531 5565
f 3807 3808 3663
f 5922 3854 4392
f 3680 3695 3692
f 3630 3633 3632
f 4416 4417 5725
f 4033 3305 3836
f 3238 3220 4168
f 3466 3904 3483
f 3678 3677 3650
f 3677 3674 3649
f 3340 3337 4431
f 3562 3561 5656
f 5658 5654 5938
f 3642 3643 3640
f 3306 3303 3334
f 3256 3253 3280
f 8910 8891 8892
f 5868 5900 5898
f 8924 8923 8922
f 8935 8930 8925
f 8882 8906 8913
f 8925 8930 8926
f 5852 5849 5905
f 5136 5128 5124
f 4243 4363 4260
f 5238 5227 5228
f 5642 5639 5643
f 3924 3925 3928
f 5412 3521 5700
f 3750 3752 3751
f 3746 3752 3770
f 3859 3798 3861
f 3972 3973 3493
f 5923 8860 8861
f 4945 4946 4958
f 3296 3293 3286
f 3824 5403 3907
f 3671 3629 4154
f 4137 3343 5481
f 3614 3654 3802
f 3283 3284 3559
f 4936 4935 4934
f 5511 5723 5726
f 4170 4169 3926
f 3572 4393 3830
f 3459 3447 3858
f 3496 4426 4425
f 3457 3950 3436
f 3984 3983 3986
f 3914 3389 3386
f 5512 5724 5723
f 4500 4443 4483
f 4501 4502 4471
f 4503 4506 4505
f 4143 4144 4461
f 3331 3329 3222
f 4016 4015 4018
f 3998 3775 3776
f 4114 3796 5710
f 4405 5678 4406
f 5602 5604 5720
f 4767 4803 4804
f 4929 4933 4954
f 4410 4407 5665
f 3888 5700 5632
f 4048 4049 3977
f 3947 3211 3212
f 5676 5677 3472
f 5782 5785 5784
f 4315 4312 4311
f 5699 5518 5521
f 5864 5785 5825
f 5826 5827 5822
f 5775 5776 5805
f 3236 3233 3270
f 5823 5868 5859
f 4957 4848 4895
f 8868 8864 8865
f 4281 4392 3848
f 4940 4943 4971
f 4013 4014 4029
f 3685 3703 3701
f 4339 4340 4377
f 8891 8870 8872
f 3753 3750 3755
f 4427 4168 3220
f 3809 3806 3779
f 3568 4416 4418
f 3880 3987 3918
f 3543 3843 3842
f 4646 4649 4648
f 4656 4657 4597
f 4781 4876 4820
f 4972 4975 4974
f 5101 5102 5109
f 5095 5096 5115
f 5090 5127 5132
f 5131 5132 5134
f 5134 5132 5127
f 5117 5139 5140
f 3539 3862 3863
f 4006 3791 3792
f 5128 5091 5099
f 5097 5088 5089
f 5274 5266 5271
f 4571 4572 4569
f 4225 4531 4238
f 5156 5155 5170
f 4538 4541 4540
f 4622 4691 4665
f 4981 5011 5004
f 5012 4974 4975
f 5148 5147 5149
f 5157 5142 5133
f 5161 5155 5145
f 4261 4532 4242
f 5294 5295 5291
f 4255 4256 4532
f 5274 5259 5250
f 4246 4529 4207
f 3314 3924 3927
f 4670 4673 4672
f 4995 4904 4673
f 4638 4710 4603
f 4341 4295 4525
f 5163 5166 5165
f 4834 4783 4784
f 4784 4820 4682
f 4844 4843 4687
f 5280 5276 5275
f 4217 4572 4564
f 4554 4557 4556
f 4551 4552 4556
f 4549 4546 4544
f 5141 5142 5173
f 4653 4654 4683
f 4973 4974 4989
f 4984 5005 5015
f 5177 5172 5170
f 5166 5167 5181
f 5141 5184 5139
f 5178 5174 5151
f 5244 5202 5203
f 5252 5244 5245
f 4479 4031 4079
f 4402 4405 4404
f 3500 4418 4419
f 5856 5851 5909
f 4488 3913 3348
f 8851 8853 5885
f 3607 3608 5701
f 3508 3505 3503
f 5847 5858 5896
f 4374 4373 4309
f 3380 4439 4438
f 9025 9024 3553
f 5718 5717 4131
f 3300 3229 3283
f 5551 3275 3276
f 5552 3276 3369
f 5555 3397 5483
f 5859 5898 5896
f 4133 3793 3794
f 3606 3653 3652
f 4900 4852 4766
f 4616 4790 4789
f 3738 4165 4164
f 4774 4771 4642
f 4399 4485 3402
f 5853 5796 5795
f 3936 4518 4427
f 3418 3419 4064
f 5510 3488 3840
f 3270 3282 3279
f 3274 3275 4056
f 4359 4356 4305
f 4135 3508 3504
f 3610 3611 3609
f 3837 3556 3557
f 5940 3971 4401
f 5853 5804 5803
f 5725 5513 5515
f 3246 5410 4117
f 5713 5712 5672
f 4918 4961 4916
f 4148 3995 3771
f 5106 5105 5113
f 4147 9022 5709
f 5152 5172 5177
f 9026 4135 4111
f 5104 5195 5103
f 3531 3528 3485
f 3713 3716 3715
f 3699 3715 3815
f 4467 3345 4459
f 4703 4899 4736
f 5405 3399 3846
f 3555 3552 3963
f 4120 4116 5411
f 4217 4219 4185
f 3279 5438 5441
f 4944 4945 4959
f 4353 4337 4344
f 3815 3715 3716
f 3374 3371 4052
f 4491 4492 4516
f 5865 5824 5833
f 5819 5814 5856
f 5807 5851 5856
f 3933 3256 3281
f 3208 3205 3920
f 8907 8906 8902
f 5288 5308 5295
f 3728 3725 3747
f 3309 4084 4083
f 5119 5116 5101
f 3811 3785 3789
f 3595 3863 3992
f 4106 4102 4100
f 5696 5575 5576
f 3708 3755 3750
f 3744 3760 4165
f 5905 5891 5892
f 3403 4036 4175
f 4133 3997 3506
f 4147 4145 3544
f 3561 3562 3325
f 3237 3240 3239
f 4877 4878 4793
f 3241 3244 3243
f 3597 3624 3625
f 3279 3282 3281
f 3371 3374 3373
f 3599 3566 3567
f 3975 3976 4032
f 3277 3249 3250
f 3774 3564 3565
f 3658 3673 3780
f 4961 4962 4963
f 3600 3615 3616
f 4228 4229 4202
f 4011 4008 4318
f 4307 4304 4262
f 4838 4800 4841
f 4782 4783 4773
f 4914 4956 4946
f 4839 4609 4765
f 4771 4896 4645
f 4962 4965 4964
f 4966 4959 4963
f 3601 3612 3615
f 5878 5875 5879
f 5890 5880 5881
f 3720 3786 4158
f 4755 4756 4689
f 3740 3717 3718
f 5695 5685 5686
f 5740 5743 5742
f 5733 5735 5736
f 5755 5756 5750
f 5745 5763 5762
f 5798 5801 5800
f 4706 4880 4879
f 5651 5652 5619
f 5850 5794 5797
f 5804 5807 5806
f 4087 5708 5707
f 5915 5913 5914
f 5703 3860 4167
f 5893 5894 5896
f 5892 5893 5919
f 5706 5671 5664
f 5786 5789 5788
f 3973 4131 3841
f 4831 4832 4915
f 5906 5892 8858
f 4965 4967 4969
f 4684 4685 4846
f 3589 3609 3611
f 3596 3625 4150
f 5877 5880 5763
f 4121 4124 4123
f 3469 3465 3868
f 3204 3205 3208
f 3716 3713 3726
f 5460 9027 5426
f 3465 3469 3470
f 5738 5735 3764
f 4887 4654 4655
f 4203 4206 4205
f 3959 5705 4082
f 5758 5757 5886
f 5781 5869 5872
f 4675 4762 4723
f 3757 4164 5751
f 3334 3271 3272
f 8880 5926 5903
f 5615 5676 3473
f 5759 5761 5760
f 8845 8846 8848
f 5778 5781 5780
f 8857 8856 8849
f 4132 3797 3798
f 5839 5838 5841
f 560 1899 3187
f 5747 5874 4007
f 5928 5930 8840
f 5766 5769 5768
f 4848 4957 4956
f 4953 4968 4967
f 4832 4897 4910
f 5879 5764 5888
f 3598 3567 3530
f 5747 5729 5730
f 5754 5764 5748
f 5810 5813 5812
f 5758 5755 5749
f 4315 4388 4387
f 5917 5915 5916
f 5913 5909 5910
f 5930 8731 8841
f 4951 4955 4968
f 3209 3210 3201
f 4059 5424 3246
f 8731 5934 8842
f 3776 3582 3585
f 5770 5773 5772
f 5891 5894 5893
f 9028 5638 5641
f 5814 5817 5816
f 5662 5675 5673
f 3522 3525 3524
f 5630 5631 5942
f 5791 5792 5795
f 5746 3753 3754
f 5928 5929 5931
f 5743 5760 5739
f 5876 5874 5875
f 3678 8937 9021
f 4200 4208 4207
f 4114 3546 3916
f 3601 3602 3605
f 3818 3724 3712
f 3315 3318 3317
f 5899 5900 5902
f 8840 8841 5883
f 5562 4458 5559
f 4416 3568 3448
f 3189 3192 3191
f 4751 4890 4747
f 4181 4182 4180
f 3832 3942 5454
f 3362 3527 3526
f 5678 4405 5699
f 3497 3500 3499
f 448 1980 807
f 647 648 122
f 5690 3472 5677
f 4183 4186 4185
f 1833 1848 1780
f 5920 5895 5897
f 510 509 508
f 4401 3967 5944
f 5656 5397 5530
f 3970 3971 5940
f 5653 5658 5939
f 5450 5653 5946
f 3384 5633 5945
f 4403 4404 4299
f 5944 3967 3968
f 3963 5427 5951
f 5614 3473 3474
f 5427 3838 3857
f 3210 1949 1887
f 1887 15 3200
f 15 16 3197
f 16 3188 3195
f 3195 3188 3187
f 3194 3187 1899
f 3207 1899 375
f 387 173 126
f 3189 1791 1760
f 9029 763 757
f 763 9029 2172
f 9035 9034 9032
f 9033 9032 9031
f 9046 9049 9048
f 8751 9053 9054
f 9078 9076 9077
f 9083 9087 9051
f 9088 9089 9047
f 9099 9036 9040
f 9102 9034 9036
f 9105 9031 9032
f 9105 2176 9106
f 1801 1864 9108
f 9103 9032 9034
f 9096 9090 9047
f 1767 1768 9111
f 1597 9115 9113
f 1708 1707 9117
f 9123 9120 9119
f 9118 9119 9125
f 1588 1708 9116
f 2080 9123 9118
f 2082 9118 9124
f 9126 9129 9087
f 9129 9130 9088
f 5512 3492 5943
f 5634 3383 5488
f 5724 5512 5947
f 9134 9099 9097
f 9144 9103 9102
f 9133 9097 9096
f 786 9146 9144
f 9146 9105 9103
f 785 9144 9138
f 497 9138 9134
f 650 9134 9133
f 9148 564 9133
f 8756 9058 9057
f 9154 9151 9130
f 9151 9150 9131
f 9097 9040 9090
f 1799 9109 9111
f 5949 3968 3964
f 9160 9156 8809
f 8813 9162 9160
f 9166 463 564
f 9067 9058 9054
f 9162 9166 9148
f 9087 9088 9048
f 9081 9078 9079
f 9049 9052 9051
f 9082 9168 9167
f 9079 9077 9049
f 9169 9168 9175
f 9167 9115 9112
f 9168 9169 9177
f 9120 9117 9113
f 9120 9177 9169
f 9119 9169 9170
f 9179 9180 9125
f 9180 1576 9124
f 9178 9179 9170
f 1576 2101 2084
f 9179 9178 9183
f 3203 376 1387
f 3190 1387 1791
f 5618 2152 1949
f 317 240 259
f 2000 2176 9105
f 9053 9051 9052
f 9041 9040 9036
f 9029 758 756
f 9037 9036 9034
f 9130 9131 9089
f 3204 375 376
f 1801 9107 9109
f 9181 9187 9180
f 1575 9187 9190
f 9187 1575 1576
f 1776 1795 1796
f 1293 1294 1290
f 1326 14 1327
f 1294 1245 1234
f 878 1244 1330
f 5633 3401 5490
f 5933 3359 3360
f 5613 5634 5948
f 5604 5605 3844
f 3972 3494 5950
f 3494 3495 4322
f 4406 5676 5615
f 3492 3489 4292
f 5631 5503 5495
f 497 373 374
f 122 648 413
f 5624 5489 3398
f 9151 9154 9156
f 9058 8756 8752
f 9160 9162 9150
f 8815 9166 9162
f 9156 9126 8794
f 439 398 399
f 1512 1528 1526
f 1668 1741 1738
f 839 849 1362
f 1362 1357 826
f 3425 3417 3418
f 4905 5207 5243
f 4621 4622 4662
f 5582 5579 5574
f 4754 4757 4756
f 3902 3899 4021
f 9295 740 1896
f 2053 2054 2118
f 9340 9339 2120
f 696 697 9268
f 4922 4938 4939
f 4365 4366 4186
f 5105 5106 4862
f 5228 5227 5226
f 4781 4782 4877
f 5218 5227 5238
f 4990 4993 4992
f 4335 4337 4336
f 4993 4990 4972
f 4794 4793 4792
f 5886 5884 8852
f 5405 3892 5417
f 4669 4752 4764
f 4676 4697 4698
f 1826 1878 639
f 9192 9191 9181
f 5232 5228 5233
f 5418 4121 4122
f 956 885 886
f 5720 3844 3512
f 4728 4731 4730
f 8879 8866 8863
f 1980 806 1922
f 4969 4970 4966
f 33 34 105
f 9028 3253 3254
f 3837 3558 3839
f 4382 4300 4301
f 3908 3905 4122
f 4290 4295 4294
f 4400 3834 4055
f 3219 3222 3221
f 8894 8895 8877
f 4640 4736 4735
f 4389 4366 4216
f 3267 4479 4493
f 3268 3265 4463
f 5097 5111 5098
f 5094 5097 5096
f 5654 5655 5937
f 4089 5704 3960
f 5159 5163 5162
f 5202 5244 5249
f 5412 5415 5414
f 5715 3515 3516
f 5723 4426 4423
f 4263 4264 4323
f 3994 3529 3564
f 1343 1344 9308
f 3470 3514 5667
f 5659 5661 5671
f 3319 3828 4053
f 9359 2127 2128
f 1766 1581 1582
f 14 1326 2163
f 595 98 99
f 5703 3771 3772
f 5206 5224 5229
f 3437 3446 3458
f 5516 4084 3487
f 5122 5086 5087
f 3223 3297 3934
f 3979 9023 5402
f 3828 3319 3320
f 5663 3441 4081
f 4035 4489 4490
f 4426 5723 5724
f 3881 4452 4447
f 5407 5408 4118
f 5691 5688 5689
f 5661 5673 5672
f 5911 5918 8901
f 3902 4022 3871
f 5541 5538 5539
f 4069 4454 5561
f 3248 4394 3292
f 1346 1035 1044
f 748 1888 1425
f 3297 3228 3255
f 5445 4400 4056
f 5783 5784 5830
f 4310 4028 4376
f 5857 5854 5800
f 3882 5467 4452
f 3193 3208 3919
f 3190 3191 3206
f 4266 4269 4268
f 4488 3419 3420
f 3331 3939 3940
f 4282 4285 4284
f 4606 4608 4607
f 4628 4629 4708
f 4659 4732 4733
f 4615 4750 4829
f 4718 4714 4713
f 5722 4424 4421
f 3307 3462 3461
f 4686 4688 4634
f 3966 3548 3550
f 4738 4739 4875
f 3416 4429 3237
f 4527 4528 4208
f 5093 5121 5114
f 5124 5099 5086
f 5117 5118 5138
f 4631 4641 4640
f 5166 5163 5168
f 5185 5188 5187
f 5194 5190 5191
f 3245 4117 4118
f 5214 5215 5203
f 3230 3317 3318
f 5237 5234 5217
f 5250 5259 5258
f 5113 5112 5084
f 5270 5267 5269
f 4906 5125 5107
f 5271 5266 5267
f 5276 5277 5262
f 5153 5151 5174
f 5290 5270 5268
f 5306 5299 5303
f 5147 5148 5146
f 4585 4849 4856
f 3226 5435 5436
f 4473 4503 4504
f 5765 5756 8897
f 4529 4246 4247
f 8923 8924 8916
f 5713 5681 5682
f 3315 3897 3898
f 5564 5536 5537
f 4468 4440 4441
f 3738 3739 4163
f 4577 4859 4559
f 5567 3527 3366
f 3587 3584 4150
f 5471 5468 4504
f 5860 5769 5816
f 3516 3513 5558
f 5436 3985 5637
f 5050 5053 5083
f 5547 5565 3338
f 9023 3979 3295
f 5708 4087 4132
f 4104 3816 3814
f 3718 3719 4161
f 5498 5491 5679
f 3884 4431 4432
f 3955 4512 3877
f 4049 4062 4061
f 8892 8872 8875
f 4572 4217 4218
f 4440 4443 4442
f 4497 4511 3407
f 8906 8882 8881
f 5664 5712 5670
f 3751 4105 3706
f 3511 3735 3736
f 5129 5130 5116
f 5086 5099 5098
f 5135 5127 5128
f 5143 5146 5145
f 5168 5158 5136
f 5297 5241 5246
f 5164 5161 5160
f 5155 5161 5171
f 5137 5179 5167
f 5293 5308 5307
f 5513 3570 4083
f 4053 3828 3825
f 3228 3297 3298
f 3631 3632 3635
f 5689 5669 5670
f 5759 5762 5883
f 3793 4133 3507
f 4906 4908 4891
f 4719 4858 4901
f 3597 3598 4095
f 3352 4126 4125
f 9064 9057 9058
f 9076 9064 9067
f 9083 8766 8794
f 9131 9132 9096
f 9138 9102 9099
f 9154 9129 9126
f 9077 9067 9052
f 9053 8751 8766
f 9191 9190 9187
f 9082 9079 9046
f 9193 9175 9168
f 1284 1290 1288
f 9150 9148 9132
f 3841 3842 3496
f 3570 3569 3336
f 4027 4311 4312
f 4889 4876 4781
f 4041 4045 4044
f 4885 4884 4813
f 5419 4122 3905
f 4367 4368 4227
f 1778 1781 1780
f 1792 1759 1584
f 4308 4017 3869
f 4594 4723 4762
f 4767 4770 4769
f 5461 3365 3366
f 4763 4704 4716
f 4919 4918 4915
f 4300 4382 4334
f 5196 5199 5198
f 5158 5148 5135
f 5431 5434 5433
f 4545 4567 4571
f 4557 4558 4594
f 695 570 571
f 4156 4155 3626
f 4861 4673 4670
f 5681 5675 5674
f 5473 5475 5580
f 3622 3656 4152
f 5647 3573 3574
f 3674 3663 3808
f 4420 4145 3498
f 5675 5662 5666
f 3253 9028 5439
f 5870 5866 5917
f 8887 8920 8919
f 5862 5856 5913
f 3534 3593 3485
f 3313 4486 4484
f 9090 9193 9046
f 4871 4759 4695
f 3778 3777 3822
f 4889 4748 4874
f 4000 3783 3784
f 4897 4898 4911
f 3856 3857 3838
f 4772 4830 4896
f 4015 4016 4376
f 3433 3461 3476
f 4053 4054 3302
f 3367 5567 3363
f 3242 3829 3831
f 3441 3442 4082
f 4735 4736 4855
f 4756 4757 4737
f 3382 3385 3384
f 3698 3699 3697
f 4676 4679 4678
f 4948 4943 4941
f 4890 5394 4805
f 4757 4744 4745
f 4581 4221 4380
f 5716 3516 5932
f 4923 4920 4926
f 5077 5079 5081
f 5078 5082 5058
f 4009 5401 5400
f 5081 5082 5078
f 3930 3931 4513
f 4014 4376 4028
f 4025 4026 4020
f 3618 4093 4096
f 4581 4575 4576
f 4219 4217 4188
f 5440 5442 3335
f 5449 3982 3323
f 4229 4181 4177
f 4590 4213 4214
f 4227 4183 4184
f 4574 4901 4858
f 4565 4566 5453
f 4592 4555 4588
f 4590 4587 4573
f 3517 3518 5521
f 3845 5428 3522
f 4444 3340 3884
f 3982 5449 5533
f 4465 4466 4497
f 4520 4522 4521
f 4076 4073 5591
f 3635 3667 3666
f 3343 3344 4498
f 4022 4019 3870
f 3661 3607 4098
f 5691 5690 5697
f 3768 3766 5742
f 4514 3955 3956
f 3697 3815 3814
f 4394 3248 5460
f 4054 4053 4057
f 3284 3318 3323
f 4052 3926 4169
f 4447 4506 4510
f 4456 4460 3346
f 4483 3876 3877
f 4482 3877 4512
f 4492 4512 4513
f 5642 5438 5439
f 5448 5447 5442
f 5466 4441 3882
f 3340 4444 4445
f 8908 8909 8910
f 4397 4169 3835
f 5413 3520 3521
f 3234 3931 3932
f 5753 5765 8895
f 8896 8897 5756
f 8921 8922 8889
f 8915 8912 8911
f 3933 3936 3935
f 3620 3804 3657
f 3966 3969 3968
f 4905 4789 4769
f 3225 5436 5437
f 5433 3896 3984
f 5714 5686 5693
f 5435 3984 3985
f 3954 3956 3955
f 4713 4712 4632
f 4879 4635 4632
f 3983 3984 3896
f 9027 5460 3248
f 5871 5870 5912
f 5849 5846 5891
f 4702 4703 4640
f 4213 4590 4579
f 3644 3645 3688
f 9193 9090 9040
f 8920 8930 8935
f 5406 3846 4130
f 4140 5400 5401
f 5659 3903 3904
f 4772 4773 4783
f 4244 4247 4246
f 4061 5399 4037
f 3669 3804 3803
f 3459 3460 3209
f 4072 5483 5484
f 4835 4833 4834
f 5660 5662 5661
f 4262 4265 4264
f 3633 3630 3627
f 3685 3643 3676
f 4517 4515 3235
f 4145 4420 4085
f 5455 4438 5459
f 5638 5635 5640
f 3228 3225 3254
f 4044 4174 3411
f 3614 3615 3612
f 3273 3276 3275
f 4952 4962 4961
f 4959 4958 4960
f 4888 4655 4761
f 4254 4257 4256
f 4199 4202 4201
f 4499 4464 4465
f 5479 4495 4496
f 5952 5953 5954
f 5956 5957 5958
f 5959 5958 5960
f 5962 5963 5964
f 5966 5967 5968
f 5967 5970 5971
f 5963 5962 5961
f 5972 5965 5964
f 5974 5975 5976
f 5978 5979 5980
f 5982 5983 5984
f 5986 5987 5985
f 5988 5989 5990
f 5992 5993 5994
f 5996 5997 5998
f 6000 6001 6002
f 6004 6005 6006
f 6008 6009 6010
f 6012 6013 6014
f 6016 6017 6018
f 6020 6021 6022
f 6024 6025 6026
f 6028 6029 6030
f 6032 6033 6034
f 6036 6037 6038
f 6040 6041 6013
f 6042 6043 6044
f 5992 6046 6047
f 6048 6049 6050
f 6052 6053 6054
f 6056 6057 6058
f 6060 6061 5987
f 6062 6063 6064
f 6066 6067 6068
f 6070 6071 6027
f 6072 6073 6057
f 6075 6076 6077
f 6078 6079 6080
f 6082 6083 6054
f 6085 6078 6081
f 6087 6061 5990
f 6061 6087 6089
f 6089 6090 6091
f 6092 6091 6093
f 6095 5978 5981
f 6062 6082 6084
f 6097 6098 6035
f 6056 6049 6099
f 6100 6101 6102
f 6001 6000 6104
f 6107 6108 6109
f 6110 6111 6112
f 6114 6026 6025
f 6116 6117 6118
f 6120 6121 6122
f 6124 6125 6126
f 6128 6129 6101
f 6039 6130 6131
f 6132 6133 6134
f 6136 6137 6138
f 6139 6140 6141
f 6143 6144 6145
f 6148 6149 6150
f 6152 6153 6154
f 6155 6156 6157
f 6159 6160 6161
f 6163 6164 6165
f 6167 6168 6169
f 6171 6172 6173
f 6175 6176 6104
f 6178 6179 6180
f 6023 6182 6183
f 6184 6185 6186
f 6117 6116 6188
f 6190 6191 6192
f 6194 6070 6026
f 6195 6196 6191
f 6197 6198 6199
f 6201 6202 6203
f 6205 6206 6207
f 6209 6210 6201
f 6197 6200 6211
f 6212 6211 6213
f 5979 6215 6214
f 6203 6216 6217
f 6206 6199 6198
f 6218 5961 5962
f 5965 6220 6219
f 5972 3355 3354
f 6070 6194 6222
f 6224 6225 6226
f 6228 6229 6230
f 6232 6233 6234
f 6196 6195 6236
f 6071 6070 6223
f 6239 6240 6241
f 6243 6244 6245
f 6247 6073 6248
f 6250 6251 6252
f 6254 6255 6256
f 6258 6259 6260
f 6229 6262 6263
f 6264 6265 6242
f 6266 6267 6268
f 6270 6271 6272
f 6274 6275 6276
f 6195 6278 6279
f 6280 6278 6281
f 6283 6284 6285
f 6123 6122 6287
f 6289 6290 6291
f 6293 6294 6243
f 6240 6296 6297
f 6298 6299 6267
f 6300 6301 6302
f 6304 6305 6306
f 6251 6250 6308
f 6247 6310 6311
f 6313 6314 6315
f 6314 6313 6317
f 6319 6086 6320
f 6322 6087 6088
f 6216 6324 6258
f 6325 6326 6327
f 6217 6258 6261
f 6330 6071 6238
f 6071 6330 6048
f 6015 6332 6333
f 6079 6334 6335
f 6336 6294 6240
f 6294 6293 6296
f 6337 6338 6339
f 6341 6342 6343
f 6345 6346 6347
f 6266 6264 6349
f 6350 6351 6352
f 6295 6243 6246
f 6303 6355 6356
f 6357 6358 6359
f 6361 6362 6363
f 6365 6350 6353
f 6367 6368 6369
f 6371 6367 6370
f 6372 6373 6374
f 6375 6374 6373
f 6376 6377 6378
f 6379 6380 6381
f 6383 6384 6385
f 6387 6388 6389
f 6391 6392 6393
f 6395 6396 6397
f 6398 6399 6400
f 6399 6401 6402
f 6403 6402 6401
f 6405 6406 6407
f 6409 6410 6411
f 6367 6371 6413
f 6374 6375 6415
f 6417 6418 6384
f 6419 6420 6348
f 6421 6422 6423
f 6425 6426 6400
f 6426 6427 6395
f 6393 6396 6428
f 6429 6430 6394
f 6390 6389 6431
f 6433 6434 6408
f 6435 6436 6437
f 6439 6440 6411
f 6392 6391 6441
f 6397 6392 6442
f 6401 6399 6444
f 6446 6447 6437
f 6448 6449 6450
f 6452 6453 6454
f 6442 6441 6456
f 6443 6442 6457
f 6444 6459 6460
f 6445 6444 6461
f 6463 6464 6462
f 6446 6445 6462
f 6466 6467 6468
f 6448 6451 6470
f 6453 6452 6472
f 6474 6475 6476
f 6478 6479 6480
f 6482 6483 6484
f 6486 6487 6488
f 6490 6491 6492
f 6493 6492 6494
f 6496 6497 6498
f 6500 6501 6502
f 6504 6505 6506
f 6508 6468 6509
f 6511 6512 6513
f 6499 6514 6515
f 6516 6517 6518
f 6520 6521 6522
f 6524 6507 6525
f 6507 6524 6527
f 6504 6527 6528
f 6528 6511 6508
f 6529 6530 6531
f 6342 6533 6534
f 6535 6347 6346
f 6347 6535 6537
f 6434 6538 6539
f 6539 6540 6405
f 6541 6542 6451
f 6543 6544 6470
f 6546 6478 6481
f 6499 6498 6548
f 6549 6550 6514
f 6551 6552 6553
f 6555 6556 6557
f 6403 6436 6423
f 6426 6425 6413
f 6415 6560 6428
f 6430 6429 6561
f 6434 6433 6420
f 6563 6564 6565
f 6404 6401 6445
f 6459 6444 6399
f 6455 6454 6388
f 6405 6450 6449
f 6540 6541 6450
f 6567 6495 6568
f 6570 6464 6463
f 6475 6474 6490
f 6458 6457 6571
f 6573 6571 6574
f 6576 6577 6578
f 6193 6192 6580
f 6582 6583 6584
f 6583 6582 6586
f 6588 6589 6587
f 6590 6069 6068
f 6592 6593 6594
f 6251 6310 6595
f 6304 6596 6597
f 6272 3735 6599
f 3737 3736 6558
f 6600 6161 6160
f 6123 6602 6603
f 6604 6605 6606
f 6608 6205 6208
f 5972 6221 6220
f 6610 6611 6612
f 6613 6614 6615
f 6242 6617 6618
f 6226 6619 6245
f 6620 6621 6622
f 6624 6143 6146
f 6626 6213 6211
f 6627 6628 6629
f 6631 6632 6633
f 6235 6635 6636
f 6637 6638 6639
f 6641 6625 6286
f 6643 6644 6645
f 6647 6648 6649
f 6244 6243 6294
f 6336 6651 6652
f 6194 6196 6237
f 6196 6194 6114
f 6115 6192 6191
f 6653 6654 6655
f 6657 6117 6189
f 6117 6657 6659
f 6130 6157 6156
f 6133 6152 6151
f 6661 6111 6662
f 6663 6613 6616
f 6664 6270 6273
f 6418 6417 6432
f 6290 6325 6328
f 6666 6557 6556
f 6557 6666 3805
f 5971 6667 6668
f 6181 6669 6670
f 6671 6672 6673
f 6676 6673 6672
f 6675 6150 6149
f 6067 6066 5999
f 6677 6678 6679
f 6681 6682 6683
f 6087 6322 6090
f 5983 5982 6685
f 5982 6094 6687
f 6094 6093 6688
f 6211 6200 6137
f 6689 6690 6691
f 6690 6689 3833
f 6001 5983 6686
f 5978 6693 6215
f 6694 6693 5978
f 5974 6694 6095
f 6183 6182 6696
f 6698 5959 5961
f 5959 6698 6699
f 6697 6696 6700
f 6702 6629 6703
f 5968 6668 6705
f 6706 5977 5955
f 6707 6618 6617
f 6024 6051 6709
f 6402 6403 6559
f 3852 6711 6712
f 3856 6594 6593
f 5977 6706 6694
f 6713 5955 5977
f 6714 6715 6716
f 6718 6719 6308
f 6720 6255 6254
f 6722 6723 6724
f 6312 6311 6726
f 6069 6590 6728
f 6319 6594 6730
f 6731 6645 6644
f 6732 6733 6734
f 6046 6053 6320
f 3880 3805 6666
f 6736 6737 6738
f 6531 6740 6741
f 6300 6356 6614
f 6742 6532 6325
f 6743 6742 3891
f 6744 6302 6301
f 6746 6747 6534
f 6536 6576 6579
f 6535 6579 6563
f 6566 6538 6537
f 6538 6566 6409
f 6412 6540 6539
f 6412 6748 6541
f 6748 6749 6542
f 6749 6569 6545
f 6568 6750 6547
f 6751 6752 6548
f 6753 6754 6550
f 6755 6756 6757
f 6759 6760 6761
f 6763 6764 6765
f 6764 6620 6623
f 6766 6767 6768
f 6770 6771 6772
f 6774 6775 6776
f 6021 6774 6777
f 6723 6778 6779
f 6780 6781 6782
f 6784 6785 6786
f 6788 6789 6790
f 6185 6792 6793
f 6794 6722 6725
f 6729 6796 6098
f 6135 6797 6798
f 6799 6062 6065
f 6037 6801 6802
f 6005 6004 6588
f 6005 6803 6804
f 6052 6055 6010
f 6586 6582 6803
f 6092 5985 5987
f 6094 5982 5985
f 6096 6806 6695
f 6082 6062 6799
f 6657 6013 6041
f 6013 6657 6658
f 6795 6725 6807
f 6809 6810 6811
f 6813 6814 6815
f 6817 6818 6819
f 6821 6822 6823
f 6329 6209 6204
f 6202 6825 6826
f 6072 6099 6827
f 6598 6829 6305
f 6301 6300 6613
f 6830 6831 6271
f 6822 6779 6778
f 6326 6741 6832
f 6203 6826 6833
f 6027 6048 6051
f 6360 6834 6835
f 6836 6837 6838
f 6837 6840 6841
f 6362 6365 6366
f 6380 6385 6384
f 6421 6564 6578
f 6566 6565 6410
f 6394 6389 6388
f 6414 6422 6368
f 6371 6374 6416
f 6561 6560 6378
f 6382 6381 6562
f 6381 6384 6418
f 6389 6394 6430
f 6391 6388 6454
f 6441 6454 6453
f 6456 6453 6473
f 6495 6494 6750
f 6843 6575 6485
f 6844 6845 6843
f 6573 6845 6847
f 6849 6491 6487
f 6513 6753 6752
f 6517 6521 6850
f 6521 6520 6851
f 6844 6851 6852
f 6505 6504 6510
f 6753 6513 6512
f 6516 6522 6521
f 6614 6740 6854
f 6742 6262 4003
f 6708 6617 6855
f 6307 6306 6857
f 6307 6664 6665
f 6414 6413 6425
f 6416 6415 6427
f 6562 6418 6431
f 6419 6537 6538
f 6358 6836 6839
f 6059 6058 6859
f 6861 6862 6863
f 6865 6866 6867
f 6115 6025 6869
f 6871 6872 6873
f 6721 6254 6596
f 6876 6610 6556
f 6877 6663 6552
f 6551 6878 6268
f 6879 6855 6265
f 6239 6618 6651
f 6230 6263 6619
f 6171 6670 6669
f 6106 6109 6882
f 6883 6884 6822
f 6759 6184 6187
f 6725 6724 6785
f 6885 6795 6808
f 6886 6887 6888
f 6701 6700 6756
f 6884 6786 6779
f 6715 6714 6309
f 6889 6259 6890
f 6743 3890 4042
f 6270 6664 6893
f 6386 6894 6895
f 6895 6348 6420
f 6897 6432 6417
f 6897 6433 6407
f 6390 6898 6899
f 6900 6899 6406
f 6455 6900 6901
f 6902 6903 6904
f 6482 6903 6905
f 6501 6906 6907
f 6496 6515 6908
f 6532 6531 6326
f 6532 6742 6743
f 6612 6910 6735
f 6611 6911 6910
f 6626 5980 5979
f 6704 6912 6105
f 6913 6590 6591
f 6915 6794 6795
f 6229 6228 4067
f 6263 6290 6289
f 6745 6301 6663
f 6916 6771 6757
f 6885 6918 6165
f 6920 6780 6783
f 6921 6922 6923
f 6925 6921 6924
f 6927 6928 6929
f 6931 6932 6933
f 6935 6936 6937
f 6939 6940 6941
f 6943 6944 6945
f 6947 6948 6949
f 6944 6943 6951
f 6953 6954 6955
f 6957 6958 6959
f 6961 6962 6929
f 6964 6965 6966
f 6968 6969 6970
f 6969 6948 6955
f 6972 6943 6946
f 6974 6975 6976
f 6978 6979 6980
f 6940 6939 6982
f 6984 6985 6986
f 6988 6989 6990
f 6992 6990 6989
f 6994 6995 6996
f 6998 6999 7000
f 7002 7003 7004
f 7006 7007 7008
f 7010 7011 7012
f 7014 7015 7016
f 7018 7019 6999
f 7020 7021 7022
f 7024 7025 7026
f 7028 7029 7030
f 7032 7033 7034
f 7003 7002 7036
f 7038 7039 7040
f 6993 6989 7030
f 7042 7043 7044
f 7046 7047 7007
f 7011 7010 7048
f 7050 7051 7052
f 7054 7015 7014
f 7015 7054 7056
f 6621 6620 7045
f 7049 7048 6775
f 7051 7050 6021
f 7055 6697 6701
f 7054 6701 6755
f 6764 6763 7047
f 7020 7058 7059
f 7060 7061 7062
f 6958 7064 7065
f 6925 7066 7067
f 7068 6931 6934
f 7069 6988 6991
f 7071 6995 7072
f 7074 7075 7076
f 7078 7079 7080
f 7014 7017 7082
f 7084 7085 7086
f 7025 7028 7031
f 7085 7084 7072
f 7089 7084 7087
f 7055 7014 7083
f 7090 7087 6770
f 7092 7093 7094
f 7091 6183 6697
f 6770 7087 7086
f 7095 7094 6767
f 7096 7061 6980
f 7098 6941 6940
f 7058 7020 7023
f 7101 6927 6930
f 6974 7060 7063
f 7103 6968 6971
f 7105 6978 6981
f 7106 7107 7036
f 7109 7048 7010
f 7111 7019 7018
f 7098 7003 7037
f 7048 7109 7112
f 7113 6993 7041
f 6994 7114 7115
f 6965 7116 6923
f 6975 6922 6945
f 7061 7096 7065
f 6954 6953 6933
f 6763 7112 7109
f 7046 7045 6620
f 6947 7117 7067
f 6758 7086 7056
f 7118 7119 7039
f 7038 7069 7070
f 7106 7120 7121
f 7123 7124 7053
f 7123 7052 7083
f 7045 7046 7006
f 7107 7106 7122
f 7091 7083 7052
f 7091 7051 6020
f 6936 7096 7097
f 7125 6957 6960
f 6774 6021 7050
f 7119 6939 6942
f 7019 7002 7005
f 7011 7053 7124
f 7021 7126 7040
f 7114 7029 7016
f 7053 7011 7049
f 7086 7085 7057
f 6993 7113 7127
f 7075 7127 7113
f 4281 4280 6603
f 6012 6333 7129
f 7130 6083 6584
f 6797 7132 7133
f 6074 7134 7135
f 6789 6760 6173
f 6760 6789 6776
f 7136 6802 6801
f 6914 6671 6674
f 7007 7110 7059
f 7099 7004 7003
f 6984 7103 7104
f 7110 7007 7047
f 6333 6583 6587
f 5956 6699 6667
f 5957 5956 5971
f 7137 6715 6308
f 4292 4293 6718
f 6693 6705 6668
f 6215 6668 6667
f 6214 6667 6699
f 6698 6197 6212
f 6219 6207 6198
f 6207 6219 6220
f 6220 6221 6609
f 6262 6229 4066
f 7138 7139 7140
f 4298 7142 7140
f 7143 7144 7145
f 7147 7148 7144
f 7149 7150 7151
f 7150 7152 7153
f 6329 6261 7154
f 6261 6260 7155
f 7156 6829 7157
f 6598 6597 7159
f 6257 6256 7161
f 6256 4322 4321
f 6693 6694 6706
f 5954 5969 6705
f 5953 5966 5969
f 7163 5984 5983
f 7164 7165 6138
f 7167 7168 7169
f 6141 7171 7172
f 7166 7171 7173
f 6141 6140 7174
f 7176 7177 7178
f 7180 7181 7182
f 7184 7185 7186
f 6631 7180 7183
f 6218 6198 6197
f 6625 6641 7189
f 6814 6813 7190
f 6882 7192 7193
f 7195 7196 6109
f 6888 7197 7198
f 7200 7201 7202
f 7176 6627 6630
f 6029 7184 7187
f 7205 7206 7207
f 7209 7210 7211
f 7203 7202 7213
f 6886 7215 6778
f 6031 6030 7215
f 7216 7217 7218
f 7220 7221 6880
f 6076 6075 7220
f 6074 6077 6672
f 6147 6150 6662
f 7223 6662 6111
f 6810 6809 6113
f 6920 7134 6914
f 6077 6660 6675
f 6660 6077 6076
f 7222 7220 6669
f 7224 7222 6181
f 6660 6662 6150
f 7225 7226 6794
f 6783 6782 7225
f 6781 6780 6068
f 7217 7227 7228
f 6031 6888 7199
f 6887 6886 6723
f 6164 7225 6915
f 6780 6920 6591
f 7134 6074 6671
f 7229 7230 6824
f 7187 7186 7230
f 7226 6887 6722
f 7231 7232 6169
f 7201 7231 7233
f 6107 7234 7235
f 7215 7229 6823
f 6030 7187 7229
f 7236 7216 7219
f 7237 7238 6820
f 7237 7208 7207
f 7239 7240 7241
f 6739 7243 7244
f 7245 7239 7242
f 7233 6169 6168
f 7247 7213 7202
f 7195 6108 7203
f 7248 7249 7250
f 7227 7251 7252
f 7253 6067 5998
f 6067 7253 7198
f 6781 7198 7197
f 5984 7163 6683
f 7254 7250 6678
f 6679 7249 7252
f 6887 7226 7197
f 6782 7197 7226
f 7135 6919 6163
f 7221 7220 6075
f 6661 6076 7222
f 7224 6112 6111
f 6180 6810 6112
f 6179 6811 6810
f 6811 6179 6793
f 6650 6792 6622
f 6766 6621 7044
f 7095 7044 7043
f 7092 7043 7121
f 7078 7120 7255
f 7256 7232 7257
f 6768 6772 7259
f 6773 6767 7094
f 7090 7094 7093
f 7089 7093 7080
f 7071 7079 7032
f 7077 7018 6998
f 6995 7071 7260
f 7077 7076 7261
f 7035 7034 7018
f 7108 7019 7111
f 6978 7105 7262
f 7105 7263 7264
f 7263 6944 6952
f 6990 6992 6951
f 6972 7117 7266
f 7117 6947 6950
f 6948 6969 7267
f 6969 6968 6982
f 7103 6984 6987
f 7005 7004 6986
f 6999 7005 7268
f 7269 7270 7271
f 7274 7272 7275
f 7274 7273 7276
f 7278 7279 7280
f 7282 7283 7284
f 7286 7287 7288
f 7290 7291 7292
f 7294 7295 7296
f 7068 7297 7298
f 7300 7301 7302
f 7304 6962 7305
f 7307 7285 7305
f 7309 7284 7283
f 7311 7312 7313
f 7125 7304 7306
f 7285 7307 7280
f 7277 7281 7303
f 6965 6964 7316
f 7318 7312 7316
f 7320 7321 7271
f 7312 7318 7296
f 7270 7269 7298
f 7311 7270 7322
f 6961 6932 7300
f 7323 7324 7325
f 7327 7064 7328
f 7064 6958 7325
f 7287 7330 7292
f 6931 7068 7299
f 7331 7327 7329
f 7332 7333 7334
f 7336 7337 7338
f 7340 7341 7333
f 7342 7341 7343
f 7345 7346 7347
f 7348 7349 7350
f 7352 7353 7354
f 7356 7357 7358
f 7360 7361 7362
f 7365 7366 7367
f 7368 7369 7370
f 7372 7373 7336
f 7373 7375 7337
f 7367 7366 7376
f 7378 7379 7380
f 7382 7383 7384
f 7386 7387 7385
f 7388 7389 7390
f 7392 7334 7333
f 7394 7395 7396
f 7398 7399 7400
f 7402 7403 7404
f 7406 7407 7408
f 7410 7411 7383
f 7412 7413 7414
f 7385 7416 7417
f 7389 7418 7419
f 7373 7420 7421
f 7420 7373 7372
f 7369 7423 7424
f 7399 7398 7397
f 7393 7333 7341
f 7398 7358 7357
f 7358 7398 7401
f 7428 7429 7430
f 7433 7434 7435
f 7363 7362 7436
f 7383 7438 7439
f 7411 7440 7438
f 7441 7442 7443
f 7445 7446 7339
f 7374 7336 7339
f 7444 7365 7364
f 7448 7364 7450
f 7364 7367 7451
f 7451 7367 7377
f 7449 7450 7454
f 7455 7454 7450
f 7456 7455 7451
f 7410 7457 7458
f 7460 7461 7462
f 7423 7369 7462
f 7464 7465 7466
f 7468 7469 7347
f 7376 7366 7471
f 7425 7397 7396
f 7475 7476 7477
f 7478 7479 7480
f 7482 7483 7407
f 7484 7485 7351
f 7487 7405 7488
f 7490 7491 7492
f 7412 7415 7434
f 7494 7495 7434
f 7496 7388 7391
f 7440 7411 7498
f 7401 7400 7488
f 7485 7346 7345
f 7500 7502 7427
f 7395 7394 7469
f 7503 7504 7505
f 7507 7508 7509
f 7511 7512 7513
f 7511 7514 7515
f 7517 7518 7519
f 7521 7522 7523
f 7352 7524 7525
f 7415 7414 7527
f 7528 7529 7530
f 7404 7531 7502
f 7477 7388 7496
f 7512 7478 7481
f 7405 7404 7500
f 7533 7534 7535
f 7378 7507 7510
f 7532 7496 7379
f 7539 7540 7541
f 7524 7352 7355
f 7351 7485 7501
f 7414 7524 7523
f 7522 7543 7527
f 7544 7413 7412
f 7546 7416 7547
f 7526 7549 7353
f 7550 7521 7355
f 7521 7550 7551
f 7552 7546 7548
f 7546 7552 7553
f 7522 7521 7548
f 7418 7556 7520
f 7416 7546 7554
f 7457 7557 7558
f 7557 7559 7560
f 7562 7561 7563
f 7564 7563 7349
f 7351 7350 7565
f 7567 7568 7569
f 7570 7555 7520
f 7419 7418 7555
f 7572 7564 7348
f 7389 7476 7556
f 7573 7490 7493
f 7552 7535 7534
f 7562 7574 7536
f 7572 7575 7576
f 7422 7577 7578
f 7423 7579 7580
f 7579 7423 7463
f 7578 7574 7576
f 7583 7584 7381
f 7586 7579 7581
f 7533 7580 7579
f 7447 7339 7338
f 7588 7502 7531
f 7590 7428 7431
f 7321 7320 7592
f 7275 7581 7463
f 7461 7278 7276
f 7279 7278 7461
f 7453 7454 7593
f 7594 7593 7454
f 7330 7287 7498
f 7459 7458 7294
f 7558 7560 7595
f 7560 7592 7320
f 7275 7321 7585
f 7462 7276 7273
f 7596 7583 7380
f 7597 7598 7406
f 7467 7466 7599
f 7601 7602 7603
f 7605 7365 7444
f 7365 7605 7606
f 7607 7495 7494
f 7513 7481 7473
f 7396 7395 7514
f 7514 7395 7468
f 7470 7609 7515
f 7610 7611 7609
f 7612 7556 7476
f 7613 7530 7529
f 7442 7441 7615
f 7574 7578 7577
f 7619 7400 7399
f 7518 7479 7509
f 7491 7399 7425
f 7549 7620 7621
f 7491 7490 7622
f 7377 7438 7440
f 7379 7496 7497
f 7453 7461 7460
f 7411 7410 7459
f 7623 7624 7391
f 7625 7611 7610
f 7487 7407 7483
f 7619 7622 7408
f 7627 7628 7620
f 7538 7379 7378
f 7389 7388 7477
f 7629 7545 7412
f 7489 7408 7407
f 7628 7627 7598
f 7413 7525 7524
f 7592 7560 7559
f 7584 7631 7632
f 7569 7568 7633
f 7570 7508 7566
f 7631 7567 7566
f 7508 7570 7519
f 7614 7573 7480
f 7346 7610 7470
f 7572 7574 7562
f 7571 7633 7634
f 7346 7485 7484
f 7607 7591 7431
f 7585 7592 7630
f 7624 7596 7497
f 7635 7386 7384
f 7636 7427 7502
f 7323 7309 7310
f 7420 7578 7582
f 7637 7594 7455
f 7287 7286 7499
f 7458 7558 7295
f 7439 7376 7472
f 7599 7601 7604
f 7359 7358 7427
f 7436 7638 7639
f 7490 7573 7640
f 7481 7480 7493
f 7641 7506 7505
f 7642 7643 7627
f 7492 7425 7473
f 7517 7612 7625
f 7625 7484 7486
f 7634 7623 7390
f 7474 7477 7532
f 7448 7368 7441
f 7368 7448 7449
f 7615 7441 7368
f 7638 7603 7602
f 7575 7572 7501
f 7571 7555 7570
f 7400 7619 7489
f 7508 7507 7632
f 7503 7506 7540
f 6957 7125 7315
f 7376 7439 7438
f 7507 7378 7381
f 7499 7456 7452
f 7286 7637 7456
f 7504 7642 7644
f 7645 7598 7627
f 7647 7634 7633
f 7647 7648 7623
f 7649 7624 7623
f 7650 7596 7624
f 7646 7633 7568
f 7651 7568 7567
f 7653 7652 7567
f 7651 7654 7655
f 7656 7657 7658
f 7660 7658 7657
f 7663 7657 7656
f 7664 7665 7663
f 7667 7666 7663
f 7667 7662 7668
f 7663 7665 7661
f 7670 7671 7672
f 7661 7672 7671
f 7659 7668 7662
f 7648 7647 7668
f 7648 7659 7673
f 7659 7658 7674
f 7658 7660 7675
f 7668 7647 7646
f 7660 7671 7676
f 7675 7677 7678
f 7677 7675 7676
f 7677 7680 7681
f 7682 7683 7678
f 7677 7679 7684
f 7673 7674 7678
f 7683 7650 7649
f 7685 7676 7671
f 7667 7655 7686
f 7666 7686 7687
f 7654 7688 7686
f 7689 7687 7686
f 7664 7687 7691
f 7650 7692 7583
f 7693 7653 7631
f 7584 7583 7692
f 7693 7692 7682
f 7694 7682 7681
f 7694 7696 7653
f 7650 7683 7682
f 7696 7697 7652
f 7654 7651 7652
f 7688 7654 7697
f 7699 7698 7697
f 7700 7701 7698
f 7695 7699 7696
f 7699 7695 7702
f 7689 7688 7698
f 7689 7701 7703
f 7705 7706 7707
f 7701 7700 7705
f 7704 7703 7707
f 7685 7670 7691
f 7687 7689 7704
f 7680 7702 7695
f 7684 7706 7702
f 7702 7706 7705
f 7684 7679 7707
f 7676 7685 7707
f 7665 7669 7672
f 7670 7669 7690
f 7665 7664 7690
f 7611 7475 7474
f 7510 7509 7479
f 7511 7538 7537
f 7516 7532 7538
f 7517 7530 7613
f 7537 7510 7478
f 7611 7625 7612
f 7613 7480 7479
f 7556 7612 7517
f 7516 7515 7609
f 7708 7709 7710
f 7712 7713 7714
f 7713 7716 7717
f 7719 7720 7721
f 7722 7723 7597
f 7724 7712 7715
f 7726 7727 7728
f 7731 7640 7573
f 7730 7573 7614
f 7733 7734 7735
f 7721 7712 7724
f 7731 7722 7409
f 7708 7726 7729
f 7737 7724 7709
f 7716 7741 7736
f 7742 7743 7744
f 7740 7736 7735
f 7717 7716 7740
f 7716 7713 7720
f 7748 7749 7711
f 7750 7748 7710
f 7720 7719 7751
f 7734 7723 7728
f 7709 7724 7725
f 7752 7753 7715
f 7739 7709 7708
f 7720 7713 7712
f 7749 7754 7755
f 7745 7744 7756
f 7746 7727 7742
f 7743 7742 7755
f 7727 7746 7735
f 7747 7756 7757
f 7753 7750 7725
f 7751 7621 7620
f 7757 7752 7714
f 7718 7721 7737
f 7747 7740 7746
f 7727 7726 7755
f 7726 7708 7711
f 7759 7757 7756
f 7759 7760 7752
f 7760 7761 7753
f 7761 7762 7750
f 7758 7756 7744
f 7763 7744 7743
f 7754 7765 7764
f 7763 7766 7767
f 7768 7769 7770
f 7772 7768 7771
f 7775 7768 7772
f 7776 7777 7775
f 7779 7778 7775
f 7775 7777 7769
f 7770 7769 7781
f 7782 7774 7772
f 7760 7759 7782
f 7760 7773 7783
f 7773 7771 7784
f 7770 7785 7784
f 7779 7774 7782
f 7782 7759 7758
f 7785 7770 7780
f 7785 7787 7788
f 7787 7785 7786
f 7787 7790 7791
f 7792 7793 7788
f 7787 7789 7794
f 7793 7783 7784
f 7762 7761 7783
f 7796 7786 7780
f 7795 7780 7781
f 7779 7767 7798
f 7799 7776 7778
f 7766 7800 7798
f 7800 7801 7799
f 7802 7776 7799
f 7795 7797 7802
f 7762 7804 7748
f 7805 7765 7754
f 7749 7748 7804
f 7805 7804 7792
f 7806 7792 7791
f 7806 7808 7765
f 7793 7792 7804
f 7808 7809 7764
f 7766 7763 7764
f 7766 7809 7810
f 7811 7810 7809
f 7812 7813 7810
f 7807 7811 7808
f 7811 7807 7814
f 7813 7801 7800
f 7801 7813 7815
f 7817 7818 7819
f 7813 7812 7817
f 7816 7815 7819
f 7796 7795 7803
f 7799 7801 7816
f 7790 7814 7807
f 7794 7818 7814
f 7814 7818 7817
f 7794 7789 7819
f 7786 7796 7819
f 7777 7797 7781
f 7777 7776 7802
f 7528 7719 7718
f 7729 7728 7723
f 7738 7731 7730
f 7732 7737 7739
f 7733 7620 7628
f 7722 7731 7738
f 7621 7751 7719
f 7628 7597 7723
f 7733 7736 7741
f 7732 7614 7529
f 7486 7565 7621
f 7549 7565 7350
f 7353 7350 7349
f 7354 7349 7563
f 7821 7822 7823
f 7824 7825 7826
f 7825 7828 7829
f 7830 7831 7832
f 7834 7824 7827
f 7836 7837 7838
f 7840 7482 7406
f 7841 7406 7598
f 7843 7844 7845
f 7833 7824 7834
f 7848 7820 7836
f 7847 7834 7821
f 7828 7851 7846
f 7853 7854 7855
f 7850 7846 7845
f 7829 7828 7850
f 7828 7825 7832
f 7858 7859 7823
f 7860 7858 7822
f 7831 7861 7851
f 7844 7862 7838
f 7834 7835 7822
f 7863 7864 7827
f 7849 7821 7820
f 7825 7824 7833
f 7859 7865 7866
f 7855 7854 7867
f 7837 7852 7855
f 7865 7853 7852
f 7837 7856 7845
f 7857 7867 7868
f 7864 7860 7835
f 7843 7861 7642
f 7868 7863 7826
f 7830 7833 7847
f 7857 7850 7856
f 7837 7836 7866
f 7836 7820 7823
f 7870 7868 7867
f 7870 7871 7863
f 7871 7872 7864
f 7872 7873 7860
f 7869 7867 7854
f 7874 7854 7853
f 7876 7875 7853
f 7874 7877 7878
f 7879 7880 7881
f 7883 7879 7882
f 7886 7879 7883
f 7887 7888 7886
f 7890 7889 7886
f 7886 7888 7880
f 7891 7881 7880
f 7884 7893 7885
f 7871 7870 7893
f 7871 7884 7894
f 7884 7882 7895
f 7882 7881 7896
f 7890 7885 7893
f 7893 7870 7869
f 7881 7891 7897
f 7898 7899 7895
f 7900 7898 7896
f 7901 7902 7899
f 7904 7899 7902
f 7898 7900 7905
f 7894 7895 7899
f 7904 7873 7872
f 7907 7897 7891
f 7906 7891 7892
f 7890 7878 7909
f 7910 7887 7889
f 7877 7911 7909
f 7912 7910 7909
f 7887 7910 7914
f 7906 7908 7913
f 7873 7915 7858
f 7916 7876 7865
f 7859 7858 7915
f 7916 7915 7903
f 7917 7903 7902
f 7917 7919 7876
f 7873 7904 7903
f 7919 7920 7875
f 7877 7874 7875
f 7911 7877 7920
f 7922 7921 7920
f 7923 7924 7921
f 7918 7922 7919
f 7922 7918 7925
f 7924 7912 7911
f 7912 7924 7926
f 7928 7929 7930
f 7924 7923 7928
f 7927 7926 7930
f 7907 7906 7914
f 7910 7912 7927
f 7901 7925 7918
f 7905 7929 7925
f 7925 7929 7928
f 7905 7900 7930
f 7897 7907 7930
f 7888 7908 7892
f 7888 7887 7913
f 7645 7643 7831
f 7839 7838 7862
f 7841 7849 7848
f 7842 7847 7849
f 7504 7503 7844
f 7839 7931 7840
f 7643 7642 7861
f 7503 7539 7862
f 7846 7851 7861
f 7842 7598 7645
f 7932 7933 7934
f 7936 7937 7938
f 7937 7940 7941
f 7942 7943 7944
f 7947 7948 7949
f 7950 7936 7939
f 7953 7954 7955
f 7956 7957 7958
f 7956 7959 7540
f 7962 7963 7964
f 7936 7950 7965
f 7946 7949 7958
f 7966 7932 7952
f 7965 7950 7933
f 7968 7940 7969
f 7970 7971 7972
f 7974 7968 7964
f 7941 7940 7968
f 7940 7937 7944
f 7976 7977 7935
f 7978 7976 7934
f 7943 7979 7969
f 7947 7954 7963
f 7933 7950 7951
f 7980 7981 7939
f 7967 7933 7932
f 7937 7936 7945
f 7977 7982 7983
f 7973 7972 7984
f 7953 7970 7973
f 7982 7971 7970
f 7974 7963 7954
f 7975 7984 7985
f 7981 7978 7951
f 7961 7979 7544
f 7985 7980 7938
f 7942 7945 7965
f 7975 7968 7974
f 7952 7983 7970
f 7952 7932 7935
f 7987 7985 7984
f 7987 7988 7980
f 7988 7989 7981
f 7989 7990 7978
f 7986 7984 7972
f 7991 7972 7971
f 7993 7992 7971
f 7986 7991 7994
f 7997 7998 7999
f 8000 7996 7999
f 8003 7996 8000
f 8005 8003 8006
f 8007 8006 8003
f 7996 8003 8005
f 7998 7997 8009
f 8010 8002 8000
f 7988 7987 8010
f 7988 8001 8011
f 8011 8001 7999
f 7998 8013 8012
f 8007 8002 8010
f 8010 7987 7986
f 8013 7998 8008
f 8015 8016 8012
f 8017 8015 8013
f 8018 8019 8016
f 8021 8016 8019
f 8015 8017 8022
f 8011 8012 8016
f 8021 7990 7989
f 8023 8024 8014
f 8023 8008 8009
f 8007 7995 8026
f 8026 8027 8004
f 8028 8026 7995
f 8029 8027 8026
f 8030 8004 8027
f 8023 8025 8030
f 7990 8032 7976
f 8033 7993 7982
f 7976 8032 8033
f 8034 8033 8032
f 8035 8034 8020
f 8034 8036 7993
f 7990 8021 8020
f 8036 8037 7992
f 7991 7992 8037
f 7994 8037 8038
f 8039 8038 8037
f 8040 8041 8038
f 8035 8039 8036
f 8039 8035 8042
f 8041 8029 8028
f 8029 8041 8043
f 8045 8046 8047
f 8041 8040 8045
f 8044 8043 8047
f 8024 8023 8031
f 8027 8029 8044
f 8042 8035 8019
f 8022 8046 8042
f 8042 8046 8045
f 8017 8047 8046
f 8014 8024 8047
f 8005 8025 8009
f 8005 8004 8030
f 7506 7641 7943
f 7954 7947 7946
f 7967 7966 7957
f 7960 7965 7967
f 7948 7947 7962
f 7955 7946 7957
f 7641 7544 7979
f 7969 7979 7961
f 7960 7540 7506
f 7362 8049 8050
f 8052 7618 7464
f 8051 7464 7467
f 8054 8055 7600
f 8056 7361 7618
f 7436 8050 8057
f 8049 7362 7361
f 8057 8058 7603
f 8055 8053 7467
f 8058 8054 7604
f 8059 8060 8058
f 8060 8061 8054
f 8061 8062 8055
f 8062 8063 8053
f 8059 8057 8050
f 8064 8050 8049
f 8056 8066 8065
f 8059 8064 8067
f 8069 8070 8071
f 8073 8069 8072
f 8075 8069 8073
f 8077 8078 8075
f 8075 8079 8070
f 8079 8080 8081
f 8082 8071 8070
f 8083 8076 8073
f 8061 8060 8083
f 8061 8074 8084
f 8074 8072 8085
f 8072 8071 8086
f 8077 8076 8083
f 8083 8060 8059
f 8071 8082 8087
f 8088 8089 8085
f 8090 8088 8086
f 8091 8092 8089
f 8094 8089 8092
f 8088 8090 8095
f 8084 8085 8089
f 8094 8063 8062
f 8097 8087 8082
f 8096 8082 8081
f 8077 8068 8098
f 8099 8100 8078
f 8101 8098 8068
f 8102 8099 8098
f 8100 8099 8104
f 8096 8080 8103
f 8075 8078 8100
f 8079 8100 8103
f 8105 8051 8053
f 8066 8056 8052
f 8051 8105 8106
f 8107 8106 8105
f 8108 8107 8093
f 8107 8109 8066
f 8063 8094 8093
f 8109 8110 8065
f 8064 8065 8110
f 8067 8110 8111
f 8112 8111 8110
f 8113 8114 8111
f 8108 8112 8109
f 8112 8108 8115
f 8114 8102 8101
f 8102 8114 8116
f 8118 8119 8120
f 8114 8113 8118
f 8117 8116 8120
f 8097 8096 8104
f 8099 8102 8117
f 8091 8115 8108
f 8095 8119 8115
f 8115 8119 8118
f 8095 8090 8120
f 8087 8097 8120
f 7550 7563 7561
f 7552 7551 7561
f 7931 7862 7539
f 7640 7409 7408
f 7549 7526 7644
f 7525 7413 7544
f 7931 7542 7482
f 7483 7482 7542
f 7626 7402 7405
f 7629 7433 7432
f 7629 8121 7949
f 8122 7958 7949
f 8123 8122 8121
f 8124 8123 7432
f 7434 7495 8125
f 8125 7430 8124
f 8124 7430 7429
f 8123 8124 8126
f 8122 8123 8127
f 7541 7540 7959
f 7404 7403 8129
f 8125 7495 7431
f 7526 7525 7505
f 7626 7483 7541
f 7959 7958 8122
f 7961 7545 8048
f 7629 7948 8048
f 8127 7402 7626
f 7402 8127 8126
f 8129 7403 8126
f 7428 7531 8129
f 7589 7531 7428
f 7334 7392 7426
f 7335 7334 7357
f 7616 7615 7446
f 7392 7397 7398
f 7393 7394 7397
f 7342 7469 7394
f 7344 7347 7469
f 7343 7618 7361
f 7360 7345 7344
f 7363 7575 7345
f 7437 7576 7575
f 7582 7576 7437
f 7421 7582 7639
f 7375 7421 7602
f 7599 7337 7375
f 7465 7464 7618
f 7332 7447 7587
f 7447 7332 7335
f 7445 7335 7356
f 7359 7442 7616
f 7636 7443 7442
f 7588 7605 7443
f 7589 7606 7605
f 7590 7471 7606
f 7471 7590 7591
f 7446 7615 7371
f 7371 7370 7372
f 7422 7372 7370
f 7577 7422 7424
f 7536 7577 7580
f 7591 7607 7635
f 7607 7608 7386
f 7543 7608 7494
f 7547 7387 7543
f 7608 7543 7387
f 7387 7547 7416
f 7457 7410 7382
f 7557 7457 7417
f 7559 7557 7554
f 7630 7559 7553
f 7534 7533 7586
f 7466 7338 7337
f 7465 7587 7338
f 7617 7340 7587
f 7341 7340 7617
f 8130 6091 6090
f 6023 6022 8132
f 6182 6023 8133
f 6623 6622 6792
f 6787 6696 6182
f 8134 6700 6696
f 6917 6757 6756
f 6762 6761 7112
f 6762 6765 6184
f 6765 6623 6185
f 6650 6769 6768
f 6772 6771 6916
f 6777 6776 6789
f 6022 6777 6788
f 6756 6700 8134
f 6758 6757 6771
f 6761 6776 6775
f 6769 6622 6621
f 6772 6768 6767
f 6174 6173 6760
f 6187 6186 6178
f 6811 6649 6648
f 6786 6785 6724
f 6791 6790 6918
f 6186 6793 6179
f 6808 6807 8133
f 6884 6883 8135
f 6174 6187 6670
f 6807 6785 6784
f 6791 6808 8132
f 6786 6884 8134
f 6790 6173 6172
f 6649 6793 6792
f 6316 6315 8136
f 8137 6655 6654
f 8139 8140 6601
f 6656 6655 6580
f 6868 8141 8142
f 6316 6712 6711
f 6864 8143 8144
f 6864 6863 8145
f 6868 6867 6869
f 6656 6867 6866
f 8146 8147 8148
f 8139 8150 8151
f 8152 8153 6866
f 8154 8155 8138
f 6874 6873 8156
f 8158 6318 8159
f 8160 8152 6865
f 8161 6317 6313
f 6161 6600 8162
f 8164 8154 6654
f 8153 8164 6653
f 8165 8166 8167
f 8166 5989 8169
f 5989 5988 8170
f 5988 6017 8171
f 8172 8173 6043
f 8174 8175 6032
f 8174 6035 6098
f 8176 6098 6796
f 8177 6796 8178
f 7132 8178 6728
f 6589 6588 8180
f 8180 6588 6004
f 8181 6004 6007
f 6334 6079 6731
f 6079 6078 6645
f 6078 6085 6646
f 6085 8183 8184
f 6091 8130 8185
f 6086 6730 8183
f 6950 6949 7118
f 6952 6951 6992
f 6983 6982 6968
f 6987 6986 7004
f 7001 7000 6979
f 7001 7262 7074
f 7262 7264 7075
f 7264 6952 7127
f 7265 6951 6943
f 7265 7266 6991
f 7266 6950 7070
f 6949 7267 7119
f 7267 6982 6939
f 6983 6987 7099
f 7268 6986 6985
f 7000 7268 8186
f 6938 6937 6985
f 6946 6945 6922
f 6956 6955 6948
f 6971 6970 6928
f 6970 6955 6954
f 6973 6946 6921
f 6977 6976 7263
f 6981 6980 7061
f 6973 7067 7117
f 7097 6980 6979
f 7104 6971 6927
f 6977 6981 7060
f 6976 6945 6944
f 6956 7067 7066
f 6937 7097 8186
f 6938 7104 7101
f 6924 6923 7116
f 6926 6924 7297
f 6930 6929 6962
f 6934 6933 6953
f 6960 6959 6936
f 6963 6929 6928
f 6967 6966 6975
f 7063 7062 7327
f 6959 7065 7096
f 6926 6934 7066
f 7102 6930 7304
f 6967 7063 7331
f 6966 6923 6922
f 7062 7065 7064
f 6963 6933 6932
f 7102 6960 6935
f 7299 7298 7269
f 7301 7300 6932
f 7306 7305 7285
f 7308 7305 6962
f 7315 7306 7284
f 7317 7316 7312
f 7319 7316 6964
f 7322 7298 7297
f 7317 7322 7116
f 7308 7300 7303
f 7326 7325 6958
f 7329 7328 7291
f 7328 7325 7324
f 7301 7299 8187
f 7319 7329 7290
f 7326 7315 7309
f 7272 7271 7321
f 7272 7274 8187
f 7274 7277 7302
f 7281 7280 7307
f 7283 7282 7593
f 7289 7288 7324
f 7293 7292 7330
f 7293 7296 7318
f 7310 7283 7594
f 7314 7313 7595
f 7282 7280 7279
f 7278 7281 7277
f 7314 7271 7270
f 7313 7296 7295
f 7288 7292 7291
f 7289 7310 7637
f 6003 6002 6626
f 6003 6138 7165
f 6690 8188 8189
f 6686 6685 5981
f 6685 6687 6096
f 6687 6688 6806
f 6002 6686 5980
f 6606 8188 5351
f 7164 7173 8190
f 8192 7175 7174
f 6015 6014 8153
f 6189 6188 8155
f 8157 8156 6284
f 6332 6015 8152
f 6593 6592 6317
f 6658 6189 8154
f 6014 6658 8164
f 6332 8194 7131
f 6805 8159 6321
f 6146 8163 8162
f 6607 7128 8195
f 8196 6126 6125
f 8198 7169 7168
f 8199 7168 6633
f 7177 6632 8201
f 8202 8203 8204
f 7208 7186 7185
f 7237 7230 7186
f 6819 6824 7230
f 6818 6821 6824
f 8206 6883 6821
f 8207 6917 8135
f 6917 8207 8209
f 8209 8210 7259
f 8210 8211 6647
f 6812 6648 8212
f 6809 6812 7258
f 6809 7257 8213
f 6113 8213 8214
f 7235 7223 6110
f 7223 7235 7234
f 6147 7234 8215
f 6148 8215 8216
f 8218 6155 6158
f 8219 6285 6116
f 6284 6188 6116
f 6188 6284 8156
f 8155 8156 6873
f 8138 6873 6872
f 8137 6872 8148
f 6193 8147 6281
f 6190 6281 6278
f 8220 8221 8222
f 8224 8225 7139
f 6223 6222 8226
f 6237 6236 8228
f 6238 6223 8227
f 6249 6248 8231
f 6253 6252 8233
f 6236 6279 8221
f 6331 6238 8230
f 6252 6595 8236
f 6222 6237 8229
f 6828 6827 8237
f 6280 8239 8240
f 8208 8135 6883
f 6648 6647 8211
f 6143 6624 8242
f 6624 7189 8244
f 8245 8246 8247
f 8249 8250 8251
f 7195 8253 8254
f 7214 8255 8253
f 8256 8255 7214
f 7243 7211 8257
f 7210 8258 8257
f 8259 7181 6102
f 8261 6122 6121
f 8178 7132 8263
f 7132 6797 8264
f 6797 6135 8265
f 6135 6134 8266
f 6134 6151 8267
f 6151 6154 8268
f 6154 8269 8270
f 8269 8271 8272
f 7194 7193 8273
f 7193 8250 8275
f 8249 8259 8260
f 8248 8277 8278
f 6129 6128 8279
f 7169 8198 8197
f 8198 8190 8192
f 7171 6141 7175
f 6589 6801 7129
f 6801 6037 6040
f 6037 6036 6041
f 6036 6131 6659
f 6131 6156 6118
f 6156 6155 6119
f 8218 8219 6119
f 8219 8218 6815
f 7191 7189 6641
f 8246 8244 7189
f 8245 8278 8281
f 8280 8279 6288
f 6125 6124 7170
f 6288 6127 6602
f 6126 8196 6604
f 8196 8193 6605
f 7174 6140 6691
f 6691 6140 6139
f 7171 7166 8283
f 7172 8283 8284
f 6139 6142 8284
f 8285 8286 8287
f 8211 8210 8289
f 8290 8291 8292
f 8293 8294 8291
f 8293 8207 8208
f 8296 8297 8298
f 6818 6817 8296
f 8285 7256 7258
f 7243 8299 7212
f 7243 6739 8300
f 8301 8300 6739
f 8302 8256 7213
f 8303 8302 7247
f 8304 8303 6168
f 6738 8298 8297
f 8288 8287 6167
f 8304 8292 8291
f 8305 8291 8294
f 6737 6736 8306
f 6736 7244 8307
f 8243 8242 8308
f 8242 8244 8282
f 8247 8246 7191
f 7196 8254 8251
f 8253 8310 8311
f 8255 8312 8310
f 8313 8312 8255
f 7244 8257 8313
f 8313 8257 8258
f 8312 8258 8314
f 8315 8311 8310
f 8311 8315 8316
f 8282 8281 8317
f 8308 8317 8261
f 8309 8261 8262
f 8248 8247 8275
f 8282 8244 8246
f 8307 8313 8256
f 8306 8307 8302
f 8305 8306 8303
f 8298 6738 6737
f 8287 8292 8304
f 7253 8319 7199
f 8319 8320 6028
f 8320 8321 6029
f 8321 8322 7184
f 8322 8203 7185
f 8203 8202 7205
f 8202 7240 7206
f 7239 7245 7210
f 7251 7227 8319
f 7227 7217 8320
f 7217 7216 8321
f 7216 7236 8322
f 7236 8204 8203
f 6175 8199 8200
f 7165 7164 8191
f 6137 8283 7166
f 6200 6199 8283
f 6199 6206 8284
f 8284 6206 6205
f 6205 6608 6689
f 6689 6608 5485
f 7009 7008 8323
f 7013 7012 7021
f 7017 7016 7029
f 7013 7059 7110
f 7073 7072 7084
f 7081 7080 7093
f 7082 7017 7028
f 7088 7072 6995
f 7088 7115 7057
f 7122 7121 7043
f 7124 7123 7024
f 7082 7025 7024
f 7009 7122 7042
f 7012 7124 7126
f 7115 7016 7015
f 7008 7059 7058
f 7081 7121 7120
f 7073 7080 7079
f 6997 6996 7076
f 7023 7022 6942
f 7027 7026 7069
f 7031 7030 6989
f 7079 7078 7033
f 7037 7036 7107
f 7027 7040 7126
f 7041 7030 7029
f 7026 7031 6988
f 7100 7023 6941
f 7108 7036 7002
f 7100 7037 8323
f 6997 7041 7114
f 7022 7040 7039
f 7111 7034 7033
f 7035 7261 7260
f 7261 7076 6996
f 7108 7255 7120
f 7245 8314 8258
f 7246 8315 8314
f 7181 8259 8316
f 8277 6101 6129
f 8278 6129 8280
f 6287 8317 8281
f 6122 8261 8317
f 5487 6145 6144
f 5489 6159 6162
f 6637 8324 8325
f 8326 8325 8225
f 5494 7139 8225
f 6160 6159 8150
f 5496 8324 8151
f 8163 8327 6162
f 6146 6145 8327
f 8243 8328 6144
f 8328 8243 8309
f 8318 8262 5501
f 8262 6121 5502
f 8329 8330 8331
f 8333 8334 8335
f 8338 8182 6007
f 8329 8334 8339
f 8341 6334 6734
f 6006 8342 8337
f 8342 6006 6804
f 6065 6064 8339
f 5995 5994 8341
f 6918 6172 6166
f 7221 6163 6166
f 6172 6171 6880
f 8344 5952 5955
f 5519 5976 5975
f 6806 8345 8346
f 6646 8184 8347
f 8165 8348 8349
f 6322 8350 8131
f 8345 6806 6688
f 6695 8346 5975
f 5976 5519 5528
f 5529 8130 8131
f 6643 8347 8352
f 8183 5533 5532
f 5534 8185 8130
f 6730 5535 5533
f 8351 6688 6093
f 5535 6730 6594
f 8353 8354 6652
f 8354 8353 8355
f 8357 8358 6825
f 8359 8357 6202
f 6224 8354 8356
f 6275 8361 8362
f 6201 6210 7143
f 7146 8363 8359
f 8357 8359 8363
f 8355 8365 8366
f 8361 8360 8368
f 8356 8355 8367
f 8370 8371 8372
f 8220 8373 7145
f 6275 6274 6228
f 5558 4067 6228
f 8375 8369 8367
f 8362 8368 8376
f 8378 8379 8380
f 8363 7146 8382
f 8384 8378 8381
f 8382 8373 8386
f 8383 8387 8364
f 6226 6225 6231
f 6231 6225 8361
f 6636 8388 8389
f 6635 8390 8388
f 8390 6635 5576
f 8379 8378 6232
f 8378 8384 6233
f 8384 8391 8371
f 8372 8392 8393
f 7138 8240 8239
f 8224 8239 8394
f 8146 6638 8394
f 6638 6637 8326
f 6340 6339 6299
f 6747 6338 6577
f 6344 6343 6346
f 6342 6341 6355
f 6353 6352 6349
f 6337 6351 6369
f 6360 6359 6328
f 6358 6357 6386
f 6364 6363 6293
f 6362 6361 6376
f 6366 6353 6297
f 6350 6365 6372
f 6533 6342 6303
f 6534 6536 6346
f 6744 6746 6533
f 6536 6534 6747
f 6357 6835 6894
f 6341 6834 6832
f 6839 6838 6292
f 6837 6836 6380
f 6838 6841 6354
f 6361 6840 6377
f 6363 6366 6296
f 6365 6362 6373
f 6359 6839 6291
f 6836 6358 6385
f 6481 6480 6902
f 6484 6483 6501
f 6477 6488 6487
f 6849 6467 6492
f 6494 6492 6467
f 6547 6481 6544
f 6750 6751 6546
f 6494 6466 6751
f 6843 6484 6500
f 6845 6573 6575
f 6489 6488 6847
f 6474 6487 6491
f 6483 6905 6906
f 6493 6463 6465
f 6471 6470 6544
f 6472 6482 6485
f 6476 6475 6461
f 6470 6451 6542
f 6570 6567 6569
f 6495 6567 6463
f 6475 6465 6462
f 6572 6848 6477
f 6574 6571 6457
f 6569 6568 6543
f 6575 6574 6473
f 6471 6904 6901
f 6469 6468 6508
f 6498 6497 6479
f 6503 6502 6518
f 6489 6506 6505
f 6467 6849 6509
f 6546 6548 6498
f 6549 6548 6752
f 6752 6751 6466
f 6503 6850 6846
f 6850 6851 6844
f 6507 6506 6852
f 6486 6505 6509
f 6502 6907 6909
f 6858 6893 6664
f 8396 8397 6611
f 6833 8398 6324
f 8399 6826 6825
f 6831 6830 8401
f 6707 6833 6826
f 8398 8403 6890
f 6858 6857 8404
f 8405 8396 6610
f 6830 6893 6553
f 8397 6892 6911
f 8400 6825 8358
f 8358 8357 8364
f 8406 8364 8387
f 8389 8408 8380
f 8389 8388 8409
f 8388 8390 8410
f 5575 5597 8410
f 6665 6273 8411
f 8412 8413 6720
f 8413 5602 5601
f 8411 8414 8413
f 6262 6742 6290
f 5602 8413 8414
f 7141 7140 7142
f 8393 8222 8241
f 8227 8226 7147
f 8229 8228 8374
f 8230 8227 7151
f 8232 8231 8415
f 8234 8233 8417
f 8221 8220 8374
f 8235 8230 7153
f 8233 8236 8420
f 8226 8229 7148
f 8238 8237 8421
f 7141 8393 8240
f 6581 6580 6655
f 6640 6639 8140
f 6710 6709 8141
f 6717 6716 6712
f 6860 6859 8143
f 6870 6869 6867
f 6717 8136 6726
f 6870 6580 6192
f 6860 8145 6050
f 6710 6869 6025
f 6639 8149 6871
f 6640 8151 8324
f 6581 8148 8147
f 5615 5614 6234
f 7144 7148 8374
f 7144 7143 6210
f 7150 7149 6210
f 7152 7150 6209
f 7152 7154 8419
f 7154 7155 8421
f 7158 7157 8415
f 7160 7159 8420
f 7162 7161 8418
f 7161 4321 5616
f 8370 6234 6233
f 8373 8382 7146
f 8392 8391 8386
f 8391 8392 8372
f 5617 8344 6713
f 5973 5618 3355
f 8345 5620 5619
f 3880 6735 6910
f 8351 5622 5620
f 8346 5619 5520
f 5621 6910 6911
f 5622 8351 8185
f 8150 5624 5497
f 8423 8424 8425
f 8427 6516 6519
f 8429 8430 8431
f 6523 8432 8433
f 8434 8435 8436
f 8438 8435 8434
f 8438 8440 6511
f 8441 8442 8424
f 8427 8443 8430
f 8444 8428 8445
f 8447 8425 8424
f 8449 8443 8444
f 8451 8431 8430
f 8453 8437 8454
f 8456 8434 8437
f 8439 8434 8456
f 8448 8424 8442
f 8452 8430 8443
f 8425 8447 8459
f 8460 8461 8462
f 8464 8465 8466
f 8468 8469 8470
f 8472 8473 8474
f 8476 8477 8478
f 8480 8481 8482
f 8484 8485 8486
f 8485 8488 8489
f 8490 8491 8481
f 8492 8493 8494
f 8495 8494 8496
f 8498 8499 8500
f 8502 8501 8500
f 8504 8505 8506
f 8508 8509 8510
f 8513 8508 8511
f 8507 8506 8514
f 8516 8517 8518
f 8520 8517 8516
f 8522 8523 8524
f 8526 8527 8522
f 8528 8529 8530
f 8532 8530 8529
f 8534 8535 8536
f 8538 8539 8534
f 8464 8482 8481
f 8483 8540 8541
f 8542 8485 8484
f 8487 8543 8540
f 8488 8485 8542
f 8545 8546 8486
f 8481 8491 8466
f 8547 8545 8489
f 8548 8494 8493
f 8549 8550 8502
f 8551 8496 8494
f 8497 8541 8552
f 8469 8500 8499
f 8547 8541 8497
f 8469 8468 8503
f 8501 8502 8550
f 8460 8504 8507
f 8552 8553 8506
f 8554 8511 8510
f 8549 8552 8505
f 8554 8555 8512
f 8513 8556 8550
f 8461 8507 8515
f 8557 8556 8513
f 8558 8516 8519
f 8559 8560 8527
f 8521 8516 8558
f 8553 8562 8517
f 8477 8525 8524
f 8520 8523 8557
f 8476 8526 8525
f 8527 8560 8556
f 8563 8529 8528
f 8564 8539 8531
f 8533 8529 8563
f 8562 8567 8530
f 8473 8537 8536
f 8559 8562 8532
f 8472 8538 8537
f 8560 8534 8539
f 8463 8462 8555
f 8544 8542 8467
f 8470 8551 8548
f 8475 8474 8566
f 8479 8478 8561
f 8484 8487 8483
f 8490 8489 8488
f 8503 8493 8492
f 8498 8497 8496
f 8504 8510 8509
f 8515 8514 8513
f 8519 8518 8527
f 8521 8524 8523
f 8528 8531 8539
f 8533 8536 8535
f 8467 8484 8482
f 8487 8486 8546
f 8544 8466 8491
f 8480 8541 8547
f 8493 8503 8468
f 8495 8552 8549
f 8551 8470 8499
f 8501 8545 8547
f 8460 8463 8510
f 8508 8550 8549
f 8555 8462 8515
f 8506 8553 8557
f 8519 8526 8476
f 8517 8562 8559
f 8561 8478 8524
f 8522 8556 8557
f 8475 8528 8538
f 8567 8565 8531
f 8566 8474 8536
f 8560 8559 8535
f 8442 8441 8568
f 6512 8570 8568
f 8570 8440 8571
f 8426 6515 6514
f 8428 8444 8443
f 6522 8429 8432
f 8437 8436 8433
f 6524 8436 8435
f 6528 6527 8435
f 8423 6514 6550
f 8429 6522 6516
f 6515 8426 8445
f 8441 6550 6754
f 8570 8572 8569
f 8440 8570 6512
f 8569 8573 8458
f 8574 8575 8572
f 8572 8575 8573
f 8453 8576 8577
f 8576 8453 8455
f 8452 8579 8580
f 8573 8581 8582
f 8575 8583 8581
f 8584 8583 8575
f 8571 8439 8457
f 8439 8571 8440
f 8585 8586 8587
f 8587 8589 8590
f 8589 8591 8592
f 8591 8593 8594
f 8593 8595 8596
f 8595 8597 8598
f 8599 8600 8586
f 8601 8602 8600
f 8603 8604 8602
f 8605 8606 8598
f 8607 8608 8604
f 8609 8610 8608
f 8611 8612 8610
f 8606 8605 8612
f 8613 8614 8589
f 8614 8615 8591
f 8615 8616 8593
f 8616 8617 8595
f 8617 8618 8597
f 8619 8620 8617
f 8620 8621 8618
f 8620 8622 8623
f 8624 8625 8626
f 8626 8623 8622
f 8620 8619 8628
f 8622 8628 8629
f 8627 8629 8630
f 8632 8633 8634
f 8636 8634 8633
f 8637 8638 8636
f 8639 8633 8632
f 8633 8639 8641
f 8635 8641 8642
f 8642 8643 8644
f 8645 8638 8637
f 8586 8646 8613
f 8600 8647 8646
f 8616 8615 8648
f 8615 8614 8649
f 8613 8650 8649
f 8651 8650 8613
f 8647 8652 8651
f 8652 8653 8654
f 8602 8655 8647
f 8655 8656 8652
f 8656 8657 8653
f 8653 8658 8659
f 8658 8660 8661
f 8644 8662 8663
f 8664 8661 8662
f 8661 8664 8666
f 8666 8667 8654
f 8667 8650 8651
f 8668 8605 8597
f 8669 8668 8618
f 8670 8669 8621
f 8671 8670 8623
f 8671 8626 8625
f 8625 8631 8673
f 8636 8674 8675
f 8638 8676 8674
f 8645 8677 8676
f 8645 8663 8678
f 8679 8680 8660
f 8657 8679 8658
f 8583 8584 8648
f 8650 8581 8583
f 8667 8582 8581
f 8666 8681 8582
f 8664 8682 8681
f 8682 8664 8665
f 8684 8685 8643
f 8684 8642 8641
f 8639 8580 8579
f 8580 8639 8640
f 8629 8577 8576
f 8604 8686 8655
f 8608 8687 8686
f 8610 8688 8687
f 8612 8689 8688
f 8605 8668 8689
f 8690 8689 8668
f 8691 8688 8689
f 8692 8687 8688
f 8693 8686 8687
f 8656 8655 8686
f 8694 8690 8669
f 8695 8691 8690
f 8696 8692 8691
f 8697 8693 8692
f 8657 8656 8693
f 8697 8698 8679
f 8696 8699 8698
f 8696 8695 8700
f 8694 8701 8700
f 8670 8671 8701
f 8702 8701 8671
f 8701 8702 8703
f 8703 8704 8699
f 8699 8704 8705
f 8698 8705 8680
f 8672 8673 8706
f 8675 8674 8707
f 8674 8676 8709
f 8709 8676 8677
f 8677 8678 8711
f 8712 8713 8710
f 8702 8706 8714
f 8713 8712 8714
f 8707 8709 8716
f 8717 8716 8713
f 8710 8713 8716
f 8708 8707 8717
f 8546 8601 8599
f 8546 8545 8603
f 8550 8607 8603
f 8556 8609 8607
f 8560 8611 8609
f 8564 8606 8611
f 8565 8598 8606
f 8565 8567 8596
f 8567 8562 8594
f 8562 8553 8592
f 8553 8552 8590
f 8590 8552 8541
f 8540 8585 8588
f 8543 8599 8585
f 8684 8449 8450
f 8579 8452 8449
f 8682 8447 8448
f 8447 8682 8683
f 8681 8448 8458
f 8584 8718 8619
f 8628 8718 8577
f 8457 8456 8577
f 8574 8457 8718
f 7134 6920 6919
f 6164 6163 6919
f 5485 6608 6609
f 3832 5351 8188
f 5921 6609 6221
f 5922 4281 7128
f 6439 8719 8720
f 8720 8719 6570
f 6570 8719 8721
f 6439 6447 8721
f 6727 6058 6057
f 6312 6057 6073
f 6828 6248 6073
f 6877 6268 6267
f 6745 6267 6299
f 6891 6306 6305
f 6338 6747 6746
f 6438 6411 6410
f 6412 6411 6440
f 6564 6421 6424
f 6842 6578 6577
f 6889 6305 6829
f 6579 6578 6564
f 6435 6410 6565
f 8722 6857 6306
f 8723 6859 6058
f 6269 6268 6878
f 7160 7157 6829
f 8724 8144 8143
f 8238 8231 6248
f 6339 6746 6744
f 8395 6577 6338
f 6879 6878 8404
f 8422 8415 8231
f 8725 8143 6859
f 8416 8415 7157
f 6059 6050 6049
f 6330 6099 6049
f 7156 6260 6259
f 6269 6265 6264
f 6297 6349 6264
f 6340 6352 6351
f 6368 6842 8395
f 6422 6414 6559
f 6436 6403 6404
f 6447 6439 6438
f 6424 6423 6436
f 6331 6827 6099
f 6422 6421 6842
f 8722 8403 6856
f 8141 6863 6862
f 6265 6855 6617
f 6324 6890 6259
f 7158 7155 6260
f 6709 8145 6863
f 8235 8237 6827
f 6298 6349 6352
f 6370 6369 6351
f 6891 6890 8403
f 8419 8421 8237
f 6051 6050 8145
f 8422 8421 7155
f 8721 6447 6446
f 6748 6440 8720
f 8727 6008 6011
f 8158 6009 8144
f 6009 6008 6861
f 6008 8727 6862
f 8142 6862 8727
f 6554 6553 6893
f 6833 6707 6708
f 6708 6856 8403
f 5623 6911 6892
f 8406 8366 8365
f 8407 8375 8366
f 8377 8376 8408
f 8397 8396 6530
f 6651 8399 8400
f 8402 8401 6616
f 6618 6707 8399
f 6554 8404 6878
f 8396 8405 6854
f 8401 6553 6552
f 6892 8397 6529
f 8353 8400 8365
f 8377 8409 6276
f 8409 8410 6277
f 8410 5597 5932
f 8726 8404 6857
f 8726 6856 6855
f 7234 6107 6106
f 8279 6124 6127
f 8354 6224 6227
f 6246 6245 6619
f 8239 6280 6282
f 8162 6283 6286
f 6292 6354 6246
f 6382 6378 6377
f 6392 6397 6396
f 6396 6395 6427
f 6398 6397 6443
f 6459 6443 6458
f 6525 6520 6523
f 6558 6272 6271
f 6429 6428 6560
f 6460 6458 6572
f 6272 6558 3736
f 7128 6603 6602
f 6227 6245 6244
f 7180 6631 6634
f 6642 6286 6285
f 6356 6741 6740
f 6816 6815 8218
f 6820 8300 8301
f 6355 6832 6741
f 6344 6835 6834
f 6364 6841 6840
f 6375 6378 6560
f 6848 6847 6488
f 6853 6852 6506
f 6530 6854 6740
f 8140 6871 6874
f 6555 6271 6831
f 8215 6106 6881
f 6348 6895 6894
f 6383 6895 6896
f 6433 6897 6896
f 6432 6897 6898
f 6406 6899 6898
f 6900 6455 6387
f 6900 6449 6448
f 6472 6904 6903
f 6480 6905 6903
f 6497 6907 6906
f 6908 6519 6518
f 4280 5933 6120
f 6100 7167 7170
f 6632 6631 7188
f 7235 8214 7201
f 7206 7209 7212
f 8213 7257 7232
f 8214 8213 7231
f 6108 6107 7200
f 7238 8299 8300
f 7207 7212 8299
f 8205 7241 7240
f 6170 6169 7232
f 6638 8146 8149
f 6601 6874 8157
f 6600 8157 6283
f 8392 8223 8222
f 6278 6280 8241
f 6816 8272 8274
f 6642 6815 6814
f 6128 7170 6124
f 8195 6602 6127
f 8212 8211 8286
f 8292 8287 8286
f 8290 8289 8210
f 8207 8293 8290
f 8294 8293 8295
f 8206 8296 8295
f 6817 8301 8297
f 8288 6170 7256
f 7209 7206 7240
f 6225 6224 8360
f 8369 8368 8360
f 8375 8376 8368
f 8381 8380 8387
f 8385 8381 8383
f 8385 8386 8391
f 8147 8146 6282
f 6345 6894 6835
f 6327 6832 6834
f 6295 6354 6841
f 6379 6377 6840
f 6853 6847 6845
f 6479 6906 6905
f 6848 6572 6571
f 6452 6901 6904
f 6525 6852 6851
f 6496 6909 6907
f 8402 8405 6876
f 8408 8407 8387
f 6279 8241 8222
f 6872 6871 8149
f 8223 8386 8373
f 6526 8433 8436
f 8446 8445 8426
f 8455 8454 8431
f 8446 8459 8450
f 8454 8433 8432
f 6908 8445 8428
f 8578 8455 8451
f 8632 8631 8625
f 8640 8632 8624
f 8660 8663 8662
f 8662 8644 8643
f 8675 8673 8631
f 8680 8678 8663
f 8683 8665 8643
f 8578 8640 8630
f 8673 8675 8708
f 8678 8680 8705
f 8711 8705 8704
f 8706 8708 8715
f 8703 8714 8712
f 8459 8683 8685
f 8407 8408 8376
f 6615 6854 8405
f 5993 6080 6335
f 6060 6682 6018
f 5993 6047 6081
f 6105 6104 6176
f 6177 6104 6000
f 6309 6311 6310
f 8725 6315 6314
f 8724 6314 6318
f 6321 6320 6053
f 6249 6595 6310
f 6596 6254 6257
f 8188 6606 6605
f 5986 6683 6682
f 6714 6726 6311
f 6047 6320 6086
f 6875 6596 6304
f 6001 6105 6912
f 7162 7159 6597
f 7254 7163 6912
f 6684 6683 7163
f 8723 8136 6315
f 6592 8159 6318
f 8332 8331 8171
f 6607 6606 5350
f 8191 8190 8198
f 8197 8192 8193
f 8159 6592 6319
f 8232 8236 6595
f 8192 8190 7173
f 8189 6605 8193
f 6177 8191 8199
f 6733 8331 8330
f 8340 8341 8330
f 8341 5994 6335
f 8412 6721 6875
f 8414 8411 6273
f 8416 8420 8236
f 6727 6726 8136
f 8417 8420 7159
f 6277 5932 5558
f 5935 5576 6635
f 5991 5990 6061
f 6019 6018 6682
f 5999 6034 6033
f 6045 6044 6677
f 6055 6054 6083
f 5995 6064 6063
f 6084 6054 6053
f 6088 5990 5989
f 6063 6084 6046
f 6066 6097 6034
f 6103 6102 7181
f 6673 6676 6133
f 6149 6148 6153
f 6323 6088 8166
f 6585 6584 6083
f 6630 6629 6702
f 6634 6633 7168
f 6676 6149 6152
f 6703 6629 6628
f 6796 6729 6728
f 6069 6729 6097
f 6132 6798 6674
f 6803 6799 6800
f 6011 6010 6055
f 6799 6803 6582
f 7194 8271 6881
f 7131 6584 6583
f 6798 7133 6913
f 7179 7178 8204
f 7183 7182 7246
f 7188 7183 7242
f 6109 7196 7192
f 7204 6630 6176
f 7219 7218 6628
f 7218 7228 7248
f 7179 7219 6627
f 7250 7254 6704
f 7228 7252 7249
f 6678 7250 7249
f 5997 7252 7251
f 8168 8167 6644
f 8167 8169 6732
f 8169 8170 6733
f 8170 8171 8331
f 8336 8335 8173
f 8182 8338 8175
f 8182 8174 8176
f 8181 8176 8177
f 8180 8177 8179
f 7133 6728 6590
f 7130 7131 8194
f 8200 6633 6632
f 7178 8201 8205
f 8269 6154 6153
f 8254 8311 8252
f 8260 6102 6101
f 8179 8263 6802
f 8263 8264 6038
f 8264 8265 6039
f 8265 8266 6130
f 8266 8267 6157
f 8267 8268 6158
f 8268 8270 8217
f 8270 8272 6816
f 6813 8274 8273
f 8273 8275 8247
f 8276 8260 8277
f 7192 8251 8250
f 8252 8316 8259
f 8276 8275 8250
f 7204 8200 7177
f 7182 8316 8315
f 8343 8339 8334
f 8333 8337 8342
f 8343 8342 6800
f 8340 8339 6064
f 6323 8349 8350
f 8168 8352 8348
f 8349 5937 5936
f 8352 5939 5938
f 6103 6634 7167
f 8271 8269 8216
f 8201 7188 7241
f 8274 8272 8271
f 5991 6018 6017
f 8728 8171 6017
f 5997 5996 6680
f 5996 6033 6045
f 6033 6032 6042
f 6042 6032 8175
f 8172 8175 8338
f 8336 8338 8337
f 6684 6678 6677
f 6681 6677 6044
f 6019 6044 6043
f 6016 6043 8173
f 8728 8173 8335
f 8332 8335 8334
f 8194 6332 8160
f 6805 6010 6009
f 5940 5941 7137
f 8324 5496 5942
f 8325 5942 5495
f 6253 5943 4292
f 7137 5941 5944
f 8348 5938 5937
f 8350 5936 5530
f 5624 8150 6159
f 6718 4293 5940
f 8327 5945 5490
f 8347 5946 5939
f 5933 5502 6121
f 8184 5532 5946
f 7142 4298 5615
f 6145 5487 5945
f 8234 5947 5943
f 8328 5948 5488
f 8318 5500 5948
f 7139 5494 4299
f 8418 5616 5947
f 5604 8414 6599
f 5949 3853 6712
f 5944 5949 6716
f 6720 5601 5950
f 6255 5950 4322
f 5614 5935 6235
f 6711 3852 5951
f 8161 5951 3857
f 5973 5964 2965
f 2965 5964 5963
f 222 5963 5960
f 223 5960 5958
f 5958 5957 3185
f 5957 5970 2977
f 5970 5967 1213
f 5967 5966 1214
f 2532 1214 5966
f 2894 2532 5953
f 2871 2894 5952
f 5510 5722 5721
f 5822 5825 5824
f 3511 3512 3844
f 3887 3892 3889
f 3876 3879 3878
f 3356 3357 3911
f 3372 3373 3390
f 3849 3854 3851
f 3481 3478 3867
f 3873 3874 3385
f 3875 3375 3450
f 3915 3794 3865
f 3657 3670 3671
f 5618 5973 3013
f 1997 1996 1889
f 1237 745 744
f 1535 1534 120
f 1531 1532 201
f 1119 1241 1032
f 946 948 824
f 163 8 5
f 9041 9178 9175
f 1155 1156 1162
f 427 213 327
f 553 1902 796
f 8732 2232 2231
f 8732 3178 2230
f 2237 3183 3180
f 8734 8735 8736
f 8735 8737 8738
f 8737 8739 8740
f 8739 8741 8742
f 8743 8744 8745
f 8746 8745 8747
f 8749 8750 8748
f 8751 8752 8750
f 8754 8755 8756
f 8757 8758 8755
f 8759 8760 8758
f 8761 8762 8760
f 8763 8764 8762
f 8766 8751 8749
f 8765 8749 8747
f 8767 8747 8745
f 8768 8745 8744
f 8744 8770 8771
f 8770 8741 8772
f 8741 8739 8773
f 8739 8737 8774
f 8737 8735 8775
f 8735 8734 8776
f 8776 8734 8777
f 2904 8778 8779
f 8780 8778 2904
f 8781 8780 2902
f 2875 8782 8781
f 8783 8784 2733
f 2825 8785 8786
f 8788 8789 8790
f 8792 8788 8787
f 2724 2723 8785
f 8787 8790 3115
f 8791 8787 3117
f 8794 8766 8765
f 8793 8765 8767
f 8795 8767 8768
f 8796 8768 8769
f 8797 8769 8771
f 8771 8772 8799
f 8772 8773 8800
f 8773 8774 8801
f 8774 8775 8802
f 8775 8776 8803
f 8776 3184 3056
f 8802 8803 2253
f 8801 8802 2252
f 8800 8801 1727
f 8799 8800 2150
f 8804 8798 8799
f 8805 8797 8798
f 8806 8796 8797
f 8807 8795 8796
f 8793 8795 8807
f 8794 8793 8808
f 8810 8811 8809
f 8808 8807 8806
f 8810 8806 8805
f 8813 8811 8810
f 8812 8805 8804
f 8815 8813 8812
f 8814 8804 1941
f 8755 8750 8752
f 8758 8748 8750
f 8760 8746 8748
f 8762 8743 8746
f 8816 8817 8764
f 8818 8819 8820
f 8816 8763 8782
f 8821 8818 8817
f 8789 8821 8783
f 8818 8821 8789
f 8819 8818 8788
f 8822 8820 8819
f 8823 8819 8792
f 8824 8792 8791
f 2712 8791 3119
f 8826 8822 8823
f 8825 8823 8824
f 8827 8824 2712
f 8828 8827 2711
f 8829 8825 8827
f 8830 8826 8825
f 8743 8762 8764
f 8817 8820 8831
f 8770 8744 8743
f 8741 8770 8831
f 8820 8822 8742
f 8740 8742 8822
f 8738 8740 8826
f 8736 8738 8830
f 8833 8828 2400
f 8834 8829 8828
f 8832 8830 8829
f 8835 8833 2402
f 3058 8835 2707
f 3061 8836 8835
f 8836 8834 8833
f 8733 8736 8832
f 8837 8832 8834
f 8777 8734 8733
f 8838 8733 8837
f 8837 8836 3061
f 1961 3057 8838
f 3057 3184 8777
f 8779 8754 8753
f 8778 8757 8754
f 8780 8759 8757
f 8781 8761 8759
f 8782 8763 8761
f 8821 8816 8784
f 8785 8790 8789
f 2723 3115 8790
f 2875 2733 8784
f 2736 2824 8786
f 2947 8779 8839
f 8815 8814 1360
f 1900 1925 1924
f 1736 1717 1718
f 1955 1952 1943
f 1671 1738 1735
f 1696 1750 1698
f 1800 1865 1864
f 2063 2055 2056
f 1737 1734 1717
f 1751 1735 1697
f 943 9337 9351
f 9108 8839 8753
f 1577 1578 1764
f 9369 1598 1599
f 1945 146 82
f 68 6 7
f 147 1542 1543
f 1109 1135 1133
f 1503 1910 1907
f 1499 1501 1909
f 452 1922 735
f 1824 2068 9287
f 1825 2067 2068
f 1463 1462 1022
f 841 1012 1009
f 1568 1547 1955
f 1910 1503 1502
f 1939 1502 422
f 309 280 1940
f 1804 1851 1866
f 269 1482 1954
f 2065 1607 2060
f 9264 1685 1758
f 280 276 552
f 1875 1873 1869
f 1739 1721 1734
f 5923 5897 5899
f 1778 1779 1790
f 310 1920 1915
f 1909 1908 1906
f 1789 1783 1778
f 978 981 980
f 1584 1759 1731
f 425 426 311
f 148 1543 115
f 2044 9349 9346
f 277 1910 1939
f 1943 1946 1945
f 1461 1462 1463
f 2253 8803 3056
f 2981 2254 8927
f 2209 2998 8927
f 2254 2253 3055
f 2998 926 958
f 2826 2817 2721
f 8928 2739 2721
f 2816 8929 8928
f 2334 2297 2296
f 2298 2297 2334
f 2301 2298 2336
f 2311 2301 2338
f 2312 2311 2354
f 2359 2358 2361
f 2335 2296 2359
f 2414 2413 2365
f 2413 2270 2361
f 2355 2352 2540
f 2541 2540 2539
f 2722 2721 2739
f 3114 2722 2738
f 3110 3112 3121
f 3108 3110 3120
f 3122 1754 3127
f 3112 3122 3126
f 3127 1754 1753
f 3139 3133 2529
f 9196 9227 3133
f 8928 2789 2740
f 8929 2790 2789
f 228 229 91
f 245 244 243
f 248 7 247
f 2 297 296
f 145 146 300
f 327 213 210
f 329 332 331
f 239 241 240
f 373 376 375
f 178 177 176
f 1218 1225 1228
f 9314 1231 1295
f 808 809 824
f 9310 9311 1013
f 9265 9262 1411
f 2154 2149 2159
f 9297 9287 1758
f 306 807 1922
f 2157 2153 1976
f 708 709 2031
f 1450 1226 1227
f 1672 1604 1605
f 1813 1814 1821
f 1717 1716 1715
f 176 159 402
f 1710 1705 9368
f 1712 1580 1577
f 1705 1713 1711
f 3435 3476 3475
f 971 978 979
f 822 823 1094
f 2909 2810 2793
f 2810 2769 2795
f 2799 2910 2249
f 9114 9095 2910
f 2769 2768 2801
f 3177 3176 3178
f 3178 8732 3180
f 3181 1394 1393
f 3181 1633 1632
f 3182 1632 2244
f 3183 2244 2243
f 8932 2791 2790
f 2808 8932 8929
f 2239 9018 9016
f 1149 1150 9015
f 1150 2009 9011
f 2202 9013 9010
f 2921 9008 9009
f 9012 9004 2133
f 1777 1579 1759
f 1201 1196 1183
f 9005 8998 2195
f 8997 9020 2770
f 9379 9377 1687
f 1516 152 154
f 8993 9006 2974
f 8994 8992 2779
f 2771 2772 9019
f 3070 2771 8990
f 8991 8988 2775
f 1376 1375 1370
f 2767 8987 9000
f 2195 8998 8987
f 2775 8988 8986
f 8344 5617 8989
f 9256 9254 8983
f 2776 8986 8982
f 2240 9016 8979
f 2920 8979 9121
f 8992 8978 2786
f 1805 1850 1851
f 8978 8976 2787
f 2951 2773 8984
f 2772 2951 8975
f 2973 2224 8974
f 2224 2223 8981
f 1957 1953 320
f 306 305 304
f 2770 9020 8972
f 2913 8972 9018
f 2923 9009 8971
f 308 1940 431
f 207 208 132
f 1879 1876 1881
f 9185 9239 8969
f 2475 3070 9002
f 2476 2475 8968
f 2223 2476 8967
f 8966 8993 2803
f 2037 9007 11
f 1959 1958 450
f 2003 8999 8964
f 9 10 334
f 2009 2008 8962
f 2008 2973 8980
f 9329 672 673
f 8959 8994 2778
f 2935 8958 8957
f 111 1149 9014
f 3238 3342 3341
f 8954 8958 2935
f 683 9328 9337
f 8952 9001 2810
f 736 733 732
f 1795 1804 1803
f 8949 8954 2938
f 8951 8949 2939
f 2950 8956 8948
f 2940 2949 8948
f 9253 9243 8956
f 2868 8953 8946
f 2869 8946 8966
f 1024 1034 1023
f 8944 8947 2948
f 551 1939 442
f 2972 8943 9012
f 2032 8977 8943
f 216 93 1924
f 3532 3534 3482
f 203 202 201
f 3539 3542 3541
f 1828 1848 1847
f 1958 1957 449
f 272 271 178
f 2871 8989 8939
f 9071 9121 9008
f 2801 2768 9095
f 2005 9210 9106
f 960 886 899
f 9109 9107 9064
f 9232 9240 9098
f 3151 9098 9045
f 2193 9056 9075
f 9059 9055 3145
f 9055 9101 2761
f 9044 9059 3144
f 2926 9110 9086
f 9086 9044 3104
f 9207 9206 9198
f 566 567 9210
f 8839 9108 1864
f 1602 1586 2079
f 2868 9110 9063
f 2922 9063 9062
f 2923 9062 9070
f 9122 9065 2918
f 9071 9122 9066
f 2921 9070 9122
f 2920 9066 9038
f 9065 9094 2915
f 2917 2766 9074
f 2916 2917 9093
f 2239 9039 9104
f 2911 9092 9104
f 9095 9092 2911
f 2797 2801 9114
f 2797 9043 9050
f 9074 9080 2763
f 9060 9080 2764
f 2194 9075 9100
f 2221 9100 9101
f 2756 9060 9061
f 2750 9050 9061
f 9121 8979 1817
f 9215 9222 1691
f 2515 9073 9042
f 2548 9042 9045
f 2513 2489 9084
f 2513 9068 9073
f 2509 9085 9072
f 2510 9084 9085
f 2289 9072 9091
f 2283 9091 9069
f 2240 9038 9039
f 9111 9109 9076
f 716 2121 9339
f 727 1999 9213
f 2165 2171 2170
f 9112 9111 9078
f 9195 9033 9030
f 2175 2172 769
f 2100 500 2095
f 9210 567 9209
f 640 9004 9012
f 1653 9020 8997
f 1895 8980 8974
f 746 8974 8981
f 1653 1810 8972
f 9214 1603 1604
f 2093 2075 2073
f 959 996 995
f 962 899 919
f 1400 1401 1398
f 1000 817 1127
f 956 959 884
f 1662 8992 8994
f 2034 9002 8990
f 9378 1689 8983
f 8979 9016 766
f 9016 9018 765
f 334 9014 9015
f 1868 8975 8984
f 1684 1651 1652
f 1682 1683 775
f 1585 1603 9214
f 9215 9214 1672
f 2173 2174 490
f 1658 8988 8991
f 9000 8987 1650
f 1571 9206 2010
f 1587 9116 9123
f 2099 2095 2077
f 787 9213 1999
f 2000 9146 786
f 3155 339 9149
f 9165 3155 9135
f 2180 2179 9137
f 8940 2180 9136
f 1684 9298 9292
f 1760 464 8939
f 2607 9141 9145
f 2581 9128 9141
f 2371 2502 9152
f 2371 9147 9145
f 2587 9128 9127
f 2586 9127 9149
f 2497 9143 9139
f 2502 2503 9139
f 2494 9143 9142
f 9142 9140 2472
f 9140 9153 2468
f 9153 9155 2469
f 726 9360 9344
f 581 9011 8962
f 10 8955 9014
f 1837 8958 8954
f 741 8981 8967
f 1299 8968 9002
f 1851 8951 8948
f 8971 9009 1820
f 580 8962 8980
f 1758 1685 8966
f 1693 9001 8952
f 8948 8956 1867
f 1894 1826 9012
f 2126 1418 9265
f 9358 2126 9293
f 2113 9363 9319
f 2179 9165 9241
f 624 9355 9356
f 2192 9056 9240
f 2177 8985 9239
f 1364 9276 9285
f 9310 9307 1470
f 3135 1753 9227
f 2069 9264 9287
f 1351 9313 9305
f 2108 9334 9353
f 2089 2092 9188
f 9280 9286 1358
f 2001 9201 9235
f 2187 9235 9171
f 2130 9208 9204
f 2004 9204 9201
f 2014 9176 9231
f 2201 9231 9208
f 3167 9172 9211
f 3168 9176 9172
f 3159 9161 9216
f 3160 9216 9217
f 9182 9159 3158
f 3158 9159 9161
f 2200 3069 9182
f 9137 9241 9194
f 9174 9226 2197
f 9242 9188 2092
f 9226 9242 9173
f 3154 9158 9242
f 3155 9165 9158
f 2091 9171 9173
f 2196 3148 9202
f 2193 2196 9228
f 9056 2193 9233
f 2086 2192 9232
f 2087 2086 9230
f 2204 9194 9203
f 2205 9203 9202
f 9361 9338 574
f 2124 2087 9229
f 2208 2124 9212
f 9163 9237 3140
f 9237 9197 3138
f 9197 9196 3139
f 9223 9164 3136
f 9164 9163 3137
f 9227 9219 3131
f 9219 9234 3132
f 1813 9291 9290
f 1293 9306 9308
f 2184 2321 9200
f 2181 2184 9184
f 9217 9220 3079
f 9220 9186 3080
f 709 9325 9327
f 2774 2961 9189
f 9238 9221 2134
f 9261 9260 766
f 2968 9236 9218
f 2969 9211 9236
f 2958 9199 9189
f 2132 9199 9218
f 2321 2185 9223
f 9312 9300 1449
f 9357 9326 582
f 9338 9341 577
f 9299 9278 1818
f 705 9354 9339
f 9268 9364 9359
f 2111 9335 9363
f 9262 9281 1366
f 1812 9291 9274
f 675 9303 9304
f 8940 9157 9303
f 2110 9319 9320
f 2104 9348 9353
f 2109 9320 9351
f 9294 9283 703
f 1680 9263 9298
f 1639 1627 9271
f 623 9356 9358
f 2139 2140 9318
f 1808 1640 9296
f 9272 9273 1819
f 9324 9366 9352
f 1646 9284 9282
f 9341 9342 633
f 2139 9317 9327
f 2156 2155 9323
f 674 9304 9365
f 2117 9269 9264
f 1815 9274 9299
f 9307 9301 1444
f 697 9358 9364
f 866 842 9288
f 9316 9321 2136
f 9037 9183 9178
f 9035 9192 9183
f 9205 9198 9190
f 9192 9035 9033
f 1088 9190 9198
f 9191 9192 9195
f 2791 8932 8933
f 8932 2808 2807
f 2792 8933 8934
f 8933 2807 2806
f 8952 2909 8934
f 8960 8934 2806
f 2948 8947 9243
f 2105 9360 9348
f 8982 9254 9256
f 680 9330 9328
f 1891 1890 9362
f 2905 9251 9253
f 2900 9249 9251
f 2901 9249 9259
f 2734 2878 9258
f 2877 9259 9258
f 2820 9252 9246
f 2818 9248 9244
f 2823 9245 9244
f 2822 9245 9250
f 2819 2735 9252
f 2817 9248 9247
f 2809 9257 9247
f 2808 9257 9255
f 2805 9256 9255
f 1702 9373 9375
f 9374 9372 1797
f 9367 9368 1706
f 9370 9379 1692
f 1657 9350 9332
f 1890 1877 9347
f 9224 9222 1674
f 1689 1690 9224
f 9378 9254 8982
f 8960 8983 1689
f 9369 9375 1703
f 1598 9369 9380
f 9332 9336 1876
f 1691 1690 9377
f 9377 9378 1688
f 9386 9385 9389
f 9386 9390 9391
f 9384 9388 9389
f 9390 9394 9395
f 9389 9388 9392
f 9389 9393 9394
f 9394 9398 9399
f 9393 9392 9396
f 9394 9393 9397
f 9399 9398 9402
f 9396 9400 9401
f 9397 9401 9402
f 9402 9406 9407
f 9401 9400 9404
f 9402 9401 9405
f 9407 9406 9410
f 9405 9404 9408
f 9405 9409 9410
f 9411 9410 9414
f 9409 9408 9412
f 9410 9409 9413
f 9414 9418 9419
f 9412 9416 9417
f 9413 9417 9418
f 9418 9422 9423
f 9417 9416 9420
f 9418 9417 9421
f 9422 9426 9427
f 9420 9424 9425
f 9421 9425 9426
f 9426 9430 9431
f 9425 9424 9428
f 9426 9425 9429
f 9431 9430 9434
f 9428 9432 9433
f 9429 9433 9434
f 9434 9438 9439
f 9433 9432 9436
f 9434 9433 9437
f 9439 9438 9442
f 9436 9440 9441
f 9437 9441 9442
f 9443 9442 9446
f 9441 9440 9444
f 9442 9441 9445
f 9447 9446 9450
f 9444 9448 9449
f 9445 9449 9450
f 9450 9454 9455
f 9449 9448 9452
f 9450 9449 9453
f 9454 9458 9459
f 9452 9456 9457
f 9453 9457 9458
f 9458 9462 9463
f 9457 9456 9460
f 9458 9457 9461
f 9463 9462 9466
f 9460 9464 9465
f 9461 9465 9466
f 9466 9470 9471
f 9465 9464 9468
f 9466 9465 9469
f 9471 9470 9474
f 9468 9472 9473
f 9469 9473 9474
f 9475 9474 9478
f 9473 9472 9476
f 9474 9473 9477
f 9479 9478 9482
f 9476 9480 9481
f 9477 9481 9482
f 9483 9482 9486
f 9481 9480 9484
f 9482 9481 9485
f 9486 9490 9491
f 9484 9488 9489
f 9485 9489 9490
f 9490 9494 9495
f 9489 9488 9492
f 9490 9489 9493
f 9495 9494 9498
f 9492 9496 9497
f 9493 9497 9498
f 9498 9502 9503
f 9497 9496 9500
f 9498 9497 9501
f 9503 9502 9507
f 9500 9505 9506
f 9501 9506 9507
f 9508 9507 9511
f 9505 9509 9510
f 9507 9506 9510
f 9512 9511 9386
f 9510 9509 9384
f 9510 9385 9386
f 9521 9520 9533
f 9518 9531 9532
f 9517 9516 9529
f 9515 9514 9527
f 9523 9536 9537
f 9521 9534 9535
f 9519 9532 9533
f 9518 9517 9530
f 9515 9528 9529
f 9513 9526 9527
f 9524 9537 9538
f 9523 9522 9535
f 9528 9541 9542
f 9526 9539 9540
f 9538 9537 9550
f 9535 9548 9549
f 9534 9533 9546
f 9531 9544 9545
f 9530 9529 9542
f 9528 9527 9540
f 9537 9536 9549
f 9534 9547 9548
f 9532 9545 9546
f 9531 9530 9543
f 9541 9554 9555
f 9540 9539 9552
f 9550 9563 9564
f 9548 9561 9562
f 9547 9546 9559
f 9544 9557 9558
f 9542 9555 9556
f 9541 9540 9553
f 9549 9562 9563
f 9547 9560 9561
f 9546 9545 9558
f 9544 9543 9556
f 9555 9554 9567
f 9552 9565 9566
f 9564 9563 9576
f 9562 9561 9574
f 9559 9572 9573
f 9557 9570 9571
f 9555 9568 9569
f 9553 9566 9567
f 9562 9575 9576
f 9561 9560 9573
f 9559 9558 9571
f 9557 9556 9569
f 9567 9580 9581
f 9566 9565 9578
f 9576 9589 9590
f 9575 9574 9587
f 9572 9585 9586
f 9571 9570 9583
f 9569 9568 9581
f 9566 9579 9580
f 9576 9575 9588
f 9574 9573 9586
f 9571 9584 9585
f 9569 9582 9583
f 9581 9580 9593
f 9578 9591 9592
f 9590 9589 9602
f 9588 9587 9600
f 9585 9598 9599
f 9583 9596 9597
f 9582 9581 9594
f 9579 9592 9593
f 9589 9588 9601
f 9587 9586 9599
f 9584 9597 9598
f 9583 9582 9595
f 9594 9593 9606
f 9592 9591 9604
f 9602 9615 9616
f 9601 9600 9613
f 9598 9611 9612
f 9596 9609 9610
f 9594 9607 9608
f 9592 9605 9606
f 9601 9614 9615
f 9600 9599 9612
f 9598 9597 9610
f 9596 9595 9608
f 9607 9606 9619
f 9605 9604 9617
f 9615 9628 9629
f 9613 9626 9627
f 9611 9624 9625
f 9610 9609 9622
f 9607 9620 9621
f 9605 9618 9619
f 9615 9614 9627
f 9613 9612 9625
f 9611 9610 9623
f 9608 9621 9622
f 9619 9632 9633
f 9617 9630 9631
f 9628 9641 9642
f 9627 9626 9639
f 9625 9624 9637
f 9622 9635 9636
f 9621 9620 9633
f 9619 9618 9631
f 9627 9640 9641
f 9625 9638 9639
f 9623 9636 9637
f 9622 9621 9634
f 9632 9645 9646
f 9630 9643 9644
f 9642 9641 9654
f 9639 9652 9653
f 9638 9637 9650
f 9635 9648 9649
f 9634 9633 9646
f 9632 9631 9644
f 9641 9640 9653
f 9638 9651 9652
f 9636 9649 9650
f 9635 9634 9647
f 9645 9658 9659
f 9644 9643 9656
f 9654 9667 9668
f 9652 9665 9666
f 9651 9650 9663
f 9648 9661 9662
f 9646 9659 9660
f 9645 9644 9657
f 9653 9666 9667
f 9651 9664 9665
f 9650 9649 9662
f 9648 9647 9660
f 9659 9658 9671
f 9656 9669 9670
f 9668 9667 9680
f 9665 9678 9679
f 9663 9676 9677
f 9661 9674 9675
f 9659 9672 9673
f 9657 9670 9671
f 9666 9679 9680
f 9665 9664 9677
f 9663 9662 9675
f 9661 9660 9673
f 9671 9684 9685
f 9670 9669 9682
f 9680 9693 9694
f 9678 9691 9692
f 9677 9676 9689
f 9675 9674 9687
f 9673 9672 9685
f 9670 9683 9684
f 9680 9679 9692
f 9678 9677 9690
f 9675 9688 9689
f 9673 9686 9687
f 9685 9684 9697
f 9682 9695 9696
f 9694 9693 9706
f 9692 9691 9704
f 9689 9702 9703
f 9687 9700 9701
f 9686 9685 9698
f 9683 9696 9697
f 9693 9692 9705
f 9691 9690 9703
f 9688 9701 9702
f 9687 9686 9699
f 9698 9697 9710
f 9696 9695 9708
f 9706 9719 9720
f 9705 9704 9717
f 9702 9715 9716
f 9700 9713 9714
f 9698 9711 9712
f 9696 9709 9710
f 9705 9718 9719
f 9704 9703 9716
f 9702 9701 9714
f 9700 9699 9712
f 9711 9710 9723
f 9709 9708 9721
f 9719 9732 9733
f 9717 9730 9731
f 9715 9728 9729
f 9714 9713 9726
f 9711 9724 9725
f 9709 9722 9723
f 9718 9731 9732
f 9717 9716 9729
f 9715 9714 9727
f 9712 9725 9726
f 9723 9736 9737
f 9721 9734 9735
f 9733 9732 9745
f 9731 9730 9743
f 9729 9728 9741
f 9726 9739 9740
f 9725 9724 9737
f 9723 9722 9735
f 9732 9731 9744
f 9729 9742 9743
f 9727 9740 9741
f 9726 9725 9738
f 9736 9749 9750
f 9734 9747 9748
f 9746 9745 9758
f 9743 9756 9757
f 9742 9741 9754
f 9739 9752 9753
f 9738 9737 9750
f 9736 9735 9748
f 9745 9744 9757
f 9742 9755 9756
f 9740 9753 9754
f 9739 9738 9751
f 9749 9762 9763
f 9748 9747 9760
f 9758 9771 9772
f 9756 9769 9770
f 9755 9754 9767
f 9752 9765 9766
f 9750 9763 9764
f 9749 9748 9761
f 9757 9770 9771
f 9756 9755 9768
f 9754 9753 9766
f 9752 9751 9764
f 9762 9775 9776
f 9760 9773 9774
f 9772 9771 9784
f 9770 9769 9782
f 9768 9767 9780
f 9765 9778 9779
f 9763 9776 9777
f 9762 9761 9774
f 9770 9783 9784
f 9768 9781 9782
f 9767 9766 9779
f 9764 9777 9778
f 9775 9788 9789
f 9774 9773 9786
f 9784 9797 9798
f 9782 9795 9796
f 9781 9780 9793
f 9779 9778 9791
f 9777 9776 9789
f 9774 9787 9788
f 9784 9783 9796
f 9782 9781 9794
f 9779 9792 9793
f 9777 9790 9791
f 9789 9788 9802
f 9786 9800 9801
f 9798 9797 9811
f 9796 9795 9809
f 9793 9807 9808
f 9792 9791 9805
f 9790 9789 9803
f 9787 9801 9802
f 9797 9796 9810
f 9795 9794 9808
f 9792 9806 9807
f 9790 9804 9805
f 9803 9802 9815
f 9801 9800 9813
f 9811 9824 9825
f 9810 9809 9822
f 9807 9820 9821
f 9806 9805 9818
f 9803 9816 9817
f 9801 9814 9815
f 9810 9823 9824
f 9809 9808 9821
f 9807 9806 9819
f 9804 9817 9818
f 9816 9815 9828
f 9814 9813 9826
f 9825 9824 9837
f 9822 9835 9836
f 9820 9833 9834
f 9819 9818 9831
f 9816 9829 9830
f 9814 9827 9828
f 9824 9823 9836
f 9822 9821 9834
f 9820 9819 9832
f 9817 9830 9831
f 9828 9841 9842
f 9826 9839 9840
f 9837 9850 9851
f 9836 9835 9848
f 9834 9833 9846
f 9831 9844 9845
f 9830 9829 9842
f 9828 9827 9840
f 9836 9849 9850
f 9834 9847 9848
f 9832 9845 9846
f 9831 9830 9843
f 9841 9854 9855
f 9839 9852 9853
f 9851 9850 9863
f 9848 9861 9862
f 9847 9846 9859
f 9845 9844 9857
f 9843 9842 9855
f 9841 9840 9853
f 9850 9849 9862
f 9847 9860 9861
f 9845 9858 9859
f 9843 9856 9857
f 9854 9867 9868
f 9853 9852 9865
f 9863 9876 9877
f 9861 9874 9875
f 9860 9859 9872
f 9858 9857 9870
f 9855 9868 9869
f 9854 9853 9866
f 9862 9875 9876
f 9860 9873 9874
f 9859 9858 9871
f 9856 9869 9870
f 9868 9867 9880
f 9865 9878 9879
f 9877 9876 9889
f 9875 9874 9887
f 9873 9872 9885
f 9870 9883 9884
f 9868 9881 9882
f 9867 9866 9879
f 9875 9888 9889
f 9873 9886 9887
f 9872 9871 9884
f 9870 9869 9882
f 9880 9893 9894
f 9878 9891 9892
f 9889 9902 9903
f 9887 9900 9901
f 9886 9885 9898
f 9884 9883 9896
f 9882 9881 9894
f 9879 9892 9893
f 9889 9888 9901
f 9887 9886 9899
f 9884 9897 9898
f 9882 9895 9896
f 9894 9893 9906
f 9891 9904 9905
f 9903 9902 9915
f 9901 9900 9913
f 9898 9911 9912
f 9896 9909 9910
f 9895 9894 9907
f 9892 9905 9906
f 9902 9901 9914
f 9899 9912 9913
f 9897 9910 9911
f 9896 9895 9908
f 9907 9906 9919
f 9905 9904 9917
f 9915 9928 9929
f 9914 9913 9926
f 9911 9924 9925
f 9909 9922 9923
f 9907 9920 9921
f 9905 9918 9919
f 9914 9927 9928
f 9913 9912 9925
f 9911 9910 9923
f 9909 9908 9921
f 9920 9919 9515
f 9918 9917 9513
f 9929 9928 9524
f 9926 9522 9523
f 9924 9520 9521
f 9923 9922 9518
f 9920 9516 9517
f 9918 9514 9515
f 9928 9927 9523
f 9926 9925 9521
f 9924 9923 9519
f 9921 9517 9518
f 9387 9513 9917
f 9917 9904 9508
f 9904 9891 9503
f 9891 9878 9499
f 9499 9878 9865
f 9495 9865 9852
f 9491 9852 9839
f 9839 9826 9483
f 9483 9826 9813
f 9813 9800 9475
f 9800 9786 9471
f 9786 9773 9467
f 9467 9773 9760
f 9463 9760 9747
f 9459 9747 9734
f 9734 9721 9451
f 9451 9721 9708
f 9708 9695 9443
f 9695 9682 9439
f 9682 9669 9435
f 9435 9669 9656
f 9431 9656 9643
f 9427 9643 9630
f 9630 9617 9419
f 9419 9617 9604
f 9604 9591 9411
f 9591 9578 9407
f 9578 9565 9403
f 9403 9565 9552
f 9399 9552 9539
f 9395 9539 9526
f 9526 9513 9387
f 9932 9931 9935
f 9932 9936 9937
f 9931 9930 9934
f 9936 9940 9941
f 9934 9938 9939
f 9935 9939 9940
f 9940 9944 9945
f 9939 9938 9942
f 9940 9939 9943
f 9945 9944 9948
f 9942 9946 9947
f 9943 9947 9948
f 9948 9952 9953
f 9947 9946 9950
f 9948 9947 9951
f 9953 9952 9956
f 9950 9954 9955
f 9951 9955 9956
f 9957 9956 9960
f 9955 9954 9958
f 9956 9955 9959
f 9961 9960 9964
f 9958 9962 9963
f 9959 9963 9964
f 9965 9964 9968
f 9963 9962 9966
f 9964 9963 9967
f 9968 9972 9973
f 9966 9970 9971
f 9967 9971 9972
f 9972 9976 9977
f 9970 9974 9975
f 9972 9971 9975
f 9977 9976 9980
f 9974 9978 9979
f 9975 9979 9980
f 9980 9984 9985
f 9979 9978 9982
f 9980 9979 9983
f 9985 9984 9988
f 9982 9986 9987
f 9983 9987 9988
f 9989 9988 9992
f 9986 9990 9991
f 9988 9987 9991
f 9993 9992 9996
f 9991 9990 9994
f 9991 9995 9996
f 9996 10000 10001
f 9994 9998 9999
f 9996 9995 9999
f 10000 10004 10005
f 9999 9998 10002
f 9999 10003 10004
f 10004 10008 10009
f 10003 10002 10006
f 10004 10003 10007
f 10009 10008 10012
f 10006 10010 10011
f 10007 10011 10012
f 10012 10016 10017
f 10011 10010 10014
f 10012 10011 10015
f 10017 10016 10020
f 10014 10018 10019
f 10015 10019 10020
f 10021 10020 10024
f 10019 10018 10022
f 10020 10019 10023
f 10024 10028 10029
f 10022 10026 10027
f 10023 10027 10028
f 10028 10032 10033
f 10027 10026 10030
f 10028 10027 10031
f 10032 10036 10037
f 10030 10034 10035
f 10031 10035 10036
f 10036 10040 10041
f 10035 10034 10038
f 10036 10035 10039
f 10041 10040 10044
f 10038 10042 10043
f 10039 10043 10044
f 10044 10048 10049
f 10043 10042 10046
f 10044 10043 10047
f 10049 10048 10053
f 10046 10051 10052
f 10047 10052 10053
f 10054 10053 10057
f 10052 10051 10055
f 10053 10052 10056
f 10058 10057 9932
f 10055 9930 9931
f 10056 9931 9932
f 10067 10066 10079
f 10064 10077 10078
f 10063 10062 10075
f 10061 10060 10073
f 10070 10069 10082
f 10067 10080 10081
f 10065 10078 10079
f 10064 10063 10076
f 10061 10074 10075
f 10059 10072 10073
f 10071 10070 10083
f 10069 10068 10081
f 10074 10087 10088
f 10072 10085 10086
f 10084 10083 10096
f 10081 10094 10095
f 10080 10079 10092
f 10078 10077 10090
f 10076 10075 10088
f 10074 10073 10086
f 10083 10082 10095
f 10080 10093 10094
f 10078 10091 10092
f 10076 10089 10090
f 10087 10100 10101
f 10086 10085 10098
f 10096 10109 10110
f 10094 10107 10108
f 10093 10092 10105
f 10091 10090 10103
f 10088 10101 10102
f 10087 10086 10099
f 10095 10108 10109
f 10094 10093 10106
f 10092 10091 10104
f 10089 10102 10103
f 10100 10113 10114
f 10098 10111 10112
f 10110 10109 10122
f 10108 10107 10120
f 10105 10118 10119
f 10103 10116 10117
f 10101 10114 10115
f 10100 10099 10112
f 10108 10121 10122
f 10106 10119 10120
f 10105 10104 10117
f 10103 10102 10115
f 10113 10126 10127
f 10112 10111 10124
f 10122 10135 10136
f 10120 10133 10134
f 10119 10118 10131
f 10117 10116 10129
f 10115 10114 10127
f 10113 10112 10125
f 10122 10121 10134
f 10119 10132 10133
f 10117 10130 10131
f 10115 10128 10129
f 10127 10126 10139
f 10124 10137 10138
f 10136 10135 10148
f 10134 10133 10146
f 10131 10144 10145
f 10130 10129 10142
f 10128 10127 10140
f 10125 10138 10139
f 10135 10134 10147
f 10133 10132 10145
f 10130 10143 10144
f 10128 10141 10142
f 10140 10139 10152
f 10138 10137 10150
f 10148 10161 10162
f 10147 10146 10159
f 10144 10157 10158
f 10143 10142 10155
f 10140 10153 10154
f 10138 10151 10152
f 10147 10160 10161
f 10146 10145 10158
f 10144 10143 10156
f 10141 10154 10155
f 10153 10152 10165
f 10151 10150 10163
f 10162 10161 10174
f 10159 10172 10173
f 10157 10170 10171
f 10156 10155 10168
f 10153 10166 10167
f 10151 10164 10165
f 10161 10160 10173
f 10159 10158 10171
f 10157 10156 10169
f 10154 10167 10168
f 10165 10178 10179
f 10163 10176 10177
f 10175 10174 10187
f 10173 10172 10185
f 10171 10170 10183
f 10168 10181 10182
f 10167 10166 10179
f 10165 10164 10177
f 10173 10186 10187
f 10171 10184 10185
f 10169 10182 10183
f 10168 10167 10180
f 10178 10191 10192
f 10176 10189 10190
f 10188 10187 10200
f 10185 10198 10199
f 10184 10183 10196
f 10182 10181 10194
f 10180 10179 10192
f 10178 10177 10190
f 10187 10186 10199
f 10184 10197 10198
f 10182 10195 10196
f 10180 10193 10194
f 10191 10204 10205
f 10190 10189 10202
f 10200 10213 10214
f 10198 10211 10212
f 10197 10196 10209
f 10195 10194 10207
f 10192 10205 10206
f 10191 10190 10203
f 10199 10212 10213
f 10197 10210 10211
f 10196 10195 10208
f 10193 10206 10207
f 10205 10204 10217
f 10202 10215 10216
f 10214 10213 10226
f 10211 10224 10225
f 10210 10209 10222
f 10207 10220 10221
f 10205 10218 10219
f 10204 10203 10216
f 10212 10225 10226
f 10210 10223 10224
f 10209 10208 10221
f 10207 10206 10219
f 10217 10230 10231
f 10216 10215 10228
f 10226 10239 10240
f 10224 10237 10238
f 10223 10222 10235
f 10221 10220 10233
f 10219 10218 10231
f 10217 10216 10229
f 10226 10225 10238
f 10223 10236 10237
f 10221 10234 10235
f 10219 10232 10233
f 10231 10230 10243
f 10228 10241 10242
f 10240 10239 10252
f 10238 10237 10250
f 10235 10248 10249
f 10234 10233 10246
f 10232 10231 10244
f 10229 10242 10243
f 10239 10238 10251
f 10237 10236 10249
f 10234 10247 10248
f 10232 10245 10246
f 10244 10243 10256
f 10242 10241 10254
f 10252 10265 10266
f 10251 10250 10263
f 10248 10261 10262
f 10247 10246 10259
f 10244 10257 10258
f 10242 10255 10256
f 10251 10264 10265
f 10250 10249 10262
f 10248 10247 10260
f 10245 10258 10259
f 10257 10256 10269
f 10255 10254 10267
f 10266 10265 10278
f 10263 10276 10277
f 10261 10274 10275
f 10260 10259 10272
f 10257 10270 10271
f 10255 10268 10269
f 10265 10264 10277
f 10263 10262 10275
f 10261 10260 10273
f 10258 10271 10272
f 10269 10282 10283
f 10267 10280 10281
f 10278 10291 10292
f 10277 10276 10289
f 10275 10274 10287
f 10272 10285 10286
f 10271 10270 10283
f 10269 10268 10281
f 10277 10290 10291
f 10275 10288 10289
f 10273 10286 10287
f 10272 10271 10284
f 10282 10295 10296
f 10280 10293 10294
f 10292 10291 10304
f 10289 10302 10303
f 10288 10287 10300
f 10286 10285 10298
f 10284 10283 10296
f 10282 10281 10294
f 10291 10290 10303
f 10288 10301 10302
f 10286 10299 10300
f 10284 10297 10298
f 10295 10308 10309
f 10294 10293 10306
f 10304 10317 10318
f 10302 10315 10316
f 10301 10300 10313
f 10299 10298 10311
f 10296 10309 10310
f 10295 10294 10307
f 10303 10316 10317
f 10301 10314 10315
f 10300 10299 10312
f 10297 10310 10311
f 10309 10308 10321
f 10307 10306 10319
f 10318 10317 10330
f 10316 10315 10328
f 10314 10313 10326
f 10311 10324 10325
f 10309 10322 10323
f 10308 10307 10320
f 10316 10329 10330
f 10314 10327 10328
f 10313 10312 10325
f 10311 10310 10323
f 10321 10334 10335
f 10320 10319 10332
f 10330 10343 10344
f 10329 10328 10341
f 10326 10339 10340
f 10325 10324 10337
f 10323 10322 10335
f 10320 10333 10334
f 10330 10329 10342
f 10328 10327 10340
f 10325 10338 10339
f 10323 10336 10337
f 10335 10334 10348
f 10332 10346 10347
f 10344 10343 10357
f 10342 10341 10355
f 10339 10353 10354
f 10337 10351 10352
f 10336 10335 10349
f 10333 10347 10348
f 10343 10342 10356
f 10341 10340 10354
f 10338 10352 10353
f 10337 10336 10350
f 10349 10348 10361
f 10347 10346 10359
f 10357 10370 10371
f 10356 10355 10368
f 10353 10366 10367
f 10351 10364 10365
f 10349 10362 10363
f 10347 10360 10361
f 10356 10369 10370
f 10355 10354 10367
f 10353 10352 10365
f 10351 10350 10363
f 10362 10361 10374
f 10360 10359 10372
f 10371 10370 10383
f 10368 10381 10382
f 10366 10379 10380
f 10365 10364 10377
f 10362 10375 10376
f 10360 10373 10374
f 10370 10369 10382
f 10368 10367 10380
f 10366 10365 10378
f 10363 10376 10377
f 10374 10387 10388
f 10372 10385 10386
f 10383 10396 10397
f 10382 10381 10394
f 10380 10379 10392
f 10377 10390 10391
f 10376 10375 10388
f 10374 10373 10386
f 10382 10395 10396
f 10380 10393 10394
f 10378 10391 10392
f 10377 10376 10389
f 10387 10400 10401
f 10385 10398 10399
f 10397 10396 10409
f 10394 10407 10408
f 10393 10392 10405
f 10390 10403 10404
f 10389 10388 10401
f 10387 10386 10399
f 10396 10395 10408
f 10393 10406 10407
f 10391 10404 10405
f 10390 10389 10402
f 10400 10413 10414
f 10399 10398 10411
f 10409 10422 10423
f 10407 10420 10421
f 10406 10405 10418
f 10403 10416 10417
f 10401 10414 10415
f 10400 10399 10412
f 10408 10421 10422
f 10406 10419 10420
f 10405 10404 10417
f 10403 10402 10415
f 10414 10413 10426
f 10411 10424 10425
f 10423 10422 10435
f 10420 10433 10434
f 10418 10431 10432
f 10416 10429 10430
f 10414 10427 10428
f 10412 10425 10426
f 10421 10434 10435
f 10419 10432 10433
f 10418 10417 10430
f 10416 10415 10428
f 10427 10426 10439
f 10425 10424 10437
f 10435 10448 10449
f 10433 10446 10447
f 10431 10444 10445
f 10430 10429 10442
f 10428 10427 10440
f 10425 10438 10439
f 10435 10434 10447
f 10433 10432 10445
f 10430 10443 10444
f 10428 10441 10442
f 10440 10439 10452
f 10437 10450 10451
f 10449 10448 10461
f 10447 10446 10459
f 10444 10457 10458
f 10443 10442 10455
f 10441 10440 10453
f 10438 10451 10452
f 10448 10447 10460
f 10446 10445 10458
f 10443 10456 10457
f 10441 10454 10455
f 10453 10452 10465
f 10451 10450 10463
f 10461 10474 10475
f 10460 10459 10472
f 10457 10470 10471
f 10456 10455 10468
f 10453 10466 10467
f 10451 10464 10465
f 10460 10473 10474
f 10459 10458 10471
f 10457 10456 10469
f 10454 10467 10468
f 10466 10465 10061
f 10464 10463 10059
f 10474 10070 10071
f 10472 10068 10069
f 10470 10066 10067
f 10469 10468 10064
f 10466 10062 10063
f 10464 10060 10061
f 10473 10069 10070
f 10472 10471 10067
f 10470 10469 10065
f 10467 10063 10064
f 9933 10059 10463
f 10463 10450 10054
f 10450 10437 10049
f 10437 10424 10045
f 10045 10424 10411
f 10041 10411 10398
f 10037 10398 10385
f 10385 10372 10029
f 10029 10372 10359
f 10359 10346 10021
f 10346 10332 10017
f 10332 10319 10013
f 10013 10319 10306
f 10009 10306 10293
f 10005 10293 10280
f 10280 10267 9997
f 9997 10267 10254
f 10254 10241 9989
f 10241 10228 9985
f 10228 10215 9981
f 9981 10215 10202
f 9977 10202 10189
f 9973 10189 10176
f 10176 10163 9965
f 9965 10163 10150
f 10150 10137 9957
f 10137 10124 9953
f 10124 10111 9949
f 9949 10111 10098
f 9945 10098 10085
f 9941 10085 10072
f 10072 10059 9933

